timestamp,bufferLevel,qualityIndex,bitrateKbps,resolution,liveLatency,predictedKbps,rebuffer
2025-12-20T02:44:44.458Z,0,3,1500,768x432,0.7,,
2025-12-20T02:44:44.462Z,0,3,1500,768x432,0.7,,rebuffer happen
2025-12-20T02:44:44.506Z,0.1,3,1500,768x432,0.699449,,rebuffer happen
2025-12-20T02:44:44.764Z,0.243,3,1500,768x432,0.851275,,
2025-12-20T02:44:44.831Z,0.262,2,1000,640x360,0.784027,,
2025-12-20T02:44:45.040Z,0.502,2,1000,640x360,0.816841,,
2025-12-20T02:44:45.110Z,0.496,3,1500,768x432,0.882777,,
2025-12-20T02:44:45.415Z,0.81,3,1500,768x432,1.0321609999999999,,
2025-12-20T02:44:45.652Z,1.19,3,1500,768x432,1.1124589999999999,,
2025-12-20T02:44:45.982Z,1.475,3,1500,768x432,1.290133,,
2025-12-20T02:44:46.424Z,1.709,3,1500,768x432,1.4314650000000002,,
2025-12-20T02:44:46.930Z,1.904,3,1500,768x432,1.617532,,
2025-12-20T02:44:48.031Z,1.572,3,1500,768x432,1.8605369999999994,,
2025-12-20T02:44:48.386Z,1.752,3,1500,768x432,1.9395330000000004,,
2025-12-20T02:44:48.923Z,1.73,3,1500,768x432,1.9298979999999997,,
2025-12-20T02:44:49.428Z,1.744,3,1500,768x432,1.9318309999999999,,
2025-12-20T02:44:49.892Z,1.775,3,1500,768x432,1.9811759999999996,,
2025-12-20T02:44:50.447Z,1.731,3,1500,768x432,1.9315550000000004,,
2025-12-20T02:44:51.002Z,1.678,3,1500,768x432,1.970777,,
2025-12-20T02:44:51.594Z,1.591,3,1500,768x432,1.970605,,
2025-12-20T02:44:52.163Z,1.484,3,1500,768x432,2.0016869999999995,,
2025-12-20T02:44:52.722Z,1.449,3,1500,768x432,1.9475170000000004,,
2025-12-20T02:44:53.263Z,1.418,3,1500,768x432,2.0047580000000007,,
2025-12-20T02:44:53.813Z,1.337,3,1500,768x432,1.955846000000001,,
2025-12-20T02:44:54.368Z,1.317,3,1500,768x432,2.005293,,
2025-12-20T02:44:54.931Z,1.246,3,1500,768x432,1.9452230000000004,,
2025-12-20T02:44:55.501Z,1.184,3,1500,768x432,1.9704840000000008,,
2025-12-20T02:44:56.053Z,1.116,3,1500,768x432,1.911695,,
2025-12-20T02:44:56.635Z,1.04,3,1500,768x432,1.9292010000000008,,
2025-12-20T02:44:57.206Z,0.973,3,1500,768x432,1.9613990000000001,,
2025-12-20T02:44:57.747Z,0.897,3,1500,768x432,1.9156739999999992,,
2025-12-20T02:44:58.303Z,0.876,3,1500,768x432,1.9683159999999997,,
2025-12-20T02:44:58.895Z,0.765,3,1500,768x432,1.9842269999999989,,
2025-12-20T02:44:59.469Z,0.702,3,1500,768x432,1.9994139999999998,,
2025-12-20T02:44:59.997Z,0.688,3,1500,768x432,1.9735220000000009,,
2025-12-20T02:45:00.066Z,0.685,2,1000,640x360,1.9039839999999995,,
2025-12-20T02:45:00.458Z,0.705,2,1000,640x360,1.9138339999999996,,
2025-12-20T02:45:00.537Z,0.719,3,1500,768x432,1.9279480000000007,,
2025-12-20T02:45:01.134Z,0.546,3,1500,768x432,1.9336659999999988,,
2025-12-20T02:45:01.207Z,0.482,2,1000,640x360,1.9608199999999982,,
2025-12-20T02:45:01.703Z,0.456,2,1000,640x360,1.960614999999997,,
2025-12-20T02:45:01.782Z,0.417,1,600,480x270,1.9786339999999996,,
2025-12-20T02:45:02.040Z,0.634,1,600,480x270,1.9428639999999966,,
2025-12-20T02:45:02.112Z,0.644,3,1500,768x432,1.967058999999999,,
2025-12-20T02:45:02.813Z,0.35,3,1500,768x432,1.954257000000002,,
2025-12-20T02:45:02.882Z,0.335,2,1000,640x360,1.9817009999999975,,
2025-12-20T02:45:02.883Z,0.293,2,1000,640x360,1.9810959999999973,,rebuffer happen
2025-12-20T02:45:03.367Z,0.314,2,1000,640x360,2.0169430000000013,,
2025-12-20T02:45:03.436Z,0.323,1,600,480x270,1.947057000000001,,
2025-12-20T02:45:03.437Z,0.253,1,600,480x270,1.946351,,rebuffer happen
2025-12-20T02:45:03.738Z,0.439,1,600,480x270,1.9433289999999985,,
2025-12-20T02:45:03.812Z,0.449,0,200,320x180,1.9708049999999986,,
2025-12-20T02:45:03.930Z,0.748,0,200,320x180,1.9505680000000005,,
2025-12-20T02:45:04.002Z,0.761,3,1500,768x432,1.9827040000000018,,
2025-12-20T02:45:04.739Z,0.458,3,1500,768x432,1.9253269999999993,,
2025-12-20T02:45:04.818Z,0.434,2,1000,640x360,1.9422609999999985,,
2025-12-20T02:45:04.916Z,0.261,2,1000,640x360,1.9573680000000024,,rebuffer happen
2025-12-20T02:45:05.181Z,0.296,2,1000,640x360,1.9859309999999972,,rebuffer happen
2025-12-20T02:45:05.311Z,0.367,2,1000,640x360,1.9679660000000005,,
2025-12-20T02:45:05.379Z,0.325,1,600,480x270,1.9855789999999978,,
2025-12-20T02:45:05.380Z,0.297,1,600,480x270,1.9849149999999973,,rebuffer happen
2025-12-20T02:45:05.704Z,0.461,1,600,480x270,1.961349000000002,,
2025-12-20T02:45:05.785Z,0.471,0,200,320x180,1.991340000000001,,
2025-12-20T02:45:05.868Z,0.72,0,200,320x180,2.0025000000000013,,
2025-12-20T02:45:05.942Z,0.809,3,1500,768x432,1.9360999999999997,,
2025-12-20T02:45:06.541Z,0.639,3,1500,768x432,1.9239779999999982,,
2025-12-20T02:45:06.608Z,0.636,2,1000,640x360,1.9609780000000008,,
2025-12-20T02:45:07.006Z,0.676,2,1000,640x360,1.9768310000000007,,
2025-12-20T02:45:07.076Z,0.654,3,1500,768x432,2.002274,,
2025-12-20T02:45:07.420Z,0.295,3,1500,768x432,1.9617259999999987,,rebuffer happen
2025-12-20T02:45:07.822Z,0.387,3,1500,768x432,1.9528250000000007,,
2025-12-20T02:45:07.898Z,0.312,2,1000,640x360,1.9681159999999984,,
2025-12-20T02:45:07.899Z,0.28,2,1000,640x360,1.9675169999999973,,rebuffer happen
2025-12-20T02:45:08.302Z,0.297,2,1000,640x360,1.9848420000000004,,rebuffer happen
2025-12-20T02:45:08.363Z,0.322,2,1000,640x360,2.024363000000001,,
2025-12-20T02:45:08.446Z,0.335,1,600,480x270,1.9394090000000013,,
2025-12-20T02:45:08.447Z,0.25,1,600,480x270,1.9386730000000014,,rebuffer happen
2025-12-20T02:45:08.673Z,0.505,1,600,480x270,2.014519,,
2025-12-20T02:45:08.746Z,0.517,2,1000,640x360,1.9403229999999994,,
2025-12-20T02:45:08.895Z,0.296,2,1000,640x360,1.9965469999999996,,rebuffer happen
2025-12-20T02:45:09.167Z,0.52,2,1000,640x360,2.0144930000000016,,
2025-12-20T02:45:09.244Z,0.522,1,600,480x270,1.9366550000000018,,
2025-12-20T02:45:09.560Z,0.605,1,600,480x270,1.9216479999999976,,
2025-12-20T02:45:09.633Z,0.628,2,1000,640x360,1.9438510000000022,,
2025-12-20T02:45:10.264Z,0.434,2,1000,640x360,2.0152909999999977,,
2025-12-20T02:45:10.347Z,0.425,1,600,480x270,1.9291589999999985,,
2025-12-20T02:45:10.426Z,0.259,1,600,480x270,1.9492539999999998,,rebuffer happen
2025-12-20T02:45:10.659Z,0.511,1,600,480x270,1.916122999999999,,
2025-12-20T02:45:10.734Z,0.524,2,1000,640x360,1.9491650000000007,,
2025-12-20T02:45:11.060Z,0.625,2,1000,640x360,1.9386899999999976,,
2025-12-20T02:45:11.396Z,0.768,2,1000,640x360,1.9835480000000025,,
2025-12-20T02:45:11.756Z,0.922,2,1000,640x360,1.9150500000000008,,
2025-12-20T02:45:12.620Z,0.791,2,1000,640x360,1.9533459999999998,,
2025-12-20T02:45:12.695Z,0.555,1,600,480x270,1.9744419999999998,,
2025-12-20T02:45:12.997Z,0.643,1,600,480x270,1.9670239999999986,,
2025-12-20T02:45:13.074Z,0.678,2,1000,640x360,1.9897130000000018,,
2025-12-20T02:45:13.501Z,0.661,2,1000,640x360,1.9619159999999987,,
2025-12-20T02:45:13.932Z,0.734,2,1000,640x360,1.9474270000000011,,
2025-12-20T02:45:14.361Z,0.804,2,1000,640x360,1.905343000000002,,
2025-12-20T02:45:14.664Z,0.991,2,1000,640x360,2.0013679999999994,,
2025-12-20T02:45:14.741Z,1.011,3,1500,768x432,1.9231949999999998,,
2025-12-20T02:45:15.125Z,1.053,3,1500,768x432,1.9529369999999986,,
2025-12-20T02:45:15.504Z,1.166,3,1500,768x432,1.9636169999999993,,
2025-12-20T02:45:15.893Z,1.277,3,1500,768x432,1.974574999999998,,
2025-12-20T02:45:16.280Z,1.4,3,1500,768x432,1.9999180000000045,,
2025-12-20T02:45:16.660Z,1.51,3,1500,768x432,1.9073949999999975,,
2025-12-20T02:45:17.047Z,1.625,3,1500,768x432,1.917196999999998,,
2025-12-20T02:45:17.434Z,1.737,3,1500,768x432,1.9370569999999994,,
2025-12-20T02:45:17.816Z,1.849,3,1500,768x432,1.9462460000000021,,
2025-12-20T02:45:18.202Z,1.949,3,1500,768x432,1.963162000000004,,
2025-12-20T02:45:18.449Z,2.203,3,1500,768x432,1.9154300000000006,,
2025-12-20T02:45:18.920Z,2.237,3,1500,768x432,1.9496359999999981,,
2025-12-20T02:45:19.414Z,2.236,3,1500,768x432,1.9532370000000014,,
2025-12-20T02:45:19.915Z,2.241,3,1500,768x432,1.9503519999999952,,
2025-12-20T02:45:20.409Z,2.273,3,1500,768x432,1.9676199999999966,,
2025-12-20T02:45:20.601Z,2.09,2,1000,640x360,1.9785290000000018,,
2025-12-20T02:45:20.679Z,2.078,3,1500,768x432,1.9925700000000006,,
2025-12-20T02:45:20.903Z,2.27,3,1500,768x432,1.9630180000000053,,
2025-12-20T02:45:20.993Z,2.274,2,1000,640x360,1.9866050000000044,,
2025-12-20T02:45:21.072Z,2.194,3,1500,768x432,1.91554,,
2025-12-20T02:45:21.231Z,1.978,2,1000,640x360,1.9616219999999984,,
2025-12-20T02:45:21.397Z,2.271,2,1000,640x360,1.9852920000000012,,
2025-12-20T02:45:21.467Z,2.293,3,1500,768x432,1.9128860000000003,,
2025-12-20T02:45:21.627Z,2.102,2,1000,640x360,1.9490869999999987,,
2025-12-20T02:45:21.707Z,2.036,3,1500,768x432,1.9766770000000022,,
2025-12-20T02:45:21.939Z,2.224,3,1500,768x432,1.9351780000000005,,
2025-12-20T02:45:22.103Z,2.245,2,1000,640x360,1.9806450000000027,,
2025-12-20T02:45:22.179Z,2.079,3,1500,768x432,1.996183000000002,,
2025-12-20T02:45:22.469Z,2.19,3,1500,768x432,1.9948149999999956,,
2025-12-20T02:45:22.581Z,2.207,2,1000,640x360,1.9889769999999984,,
2025-12-20T02:45:22.659Z,2.094,3,1500,768x432,1.9096199999999968,,
2025-12-20T02:45:22.964Z,2.195,3,1500,768x432,2.0077909999999974,,
2025-12-20T02:45:23.064Z,2.162,2,1000,640x360,2.006509000000001,,
2025-12-20T02:45:23.143Z,2.117,3,1500,768x432,1.9265250000000052,,
2025-12-20T02:45:23.500Z,2.16,3,1500,768x432,1.964862999999994,,
2025-12-20T02:45:23.594Z,2.17,2,1000,640x360,1.9740520000000004,,
2025-12-20T02:45:23.672Z,2.081,3,1500,768x432,1.8944290000000024,,
2025-12-20T02:45:23.922Z,2.238,3,1500,768x432,1.950212999999998,,
2025-12-20T02:45:24.067Z,2.151,2,1000,640x360,1.9115830000000003,,
2025-12-20T02:45:24.146Z,2.086,3,1500,768x432,1.9363049999999973,,
2025-12-20T02:45:24.431Z,2.231,3,1500,768x432,1.9459380000000053,,
2025-12-20T02:45:24.574Z,2.219,2,1000,640x360,1.9940640000000016,,
2025-12-20T02:45:24.652Z,2.105,3,1500,768x432,1.913655999999996,,
2025-12-20T02:45:24.998Z,2.165,3,1500,768x432,1.9824589999999986,,
2025-12-20T02:45:25.199Z,2.011,2,1000,640x360,1.992438,,
2025-12-20T02:45:25.273Z,1.996,3,1500,768x432,1.9157830000000047,,
2025-12-20T02:45:25.601Z,2.065,3,1500,768x432,1.9700360000000003,,
2025-12-20T02:45:26.049Z,2.111,3,1500,768x432,1.919831000000002,,
2025-12-20T02:45:26.557Z,2.118,3,1500,768x432,1.9088299999999947,,
2025-12-20T02:45:26.632Z,2.118,2,1000,640x360,1.9415499999999994,,
2025-12-20T02:45:26.709Z,1.976,3,1500,768x432,1.9557029999999997,,
2025-12-20T02:45:27.063Z,2.102,3,1500,768x432,2.007095999999997,,
2025-12-20T02:45:27.576Z,2.086,3,1500,768x432,1.9905469999999994,,
2025-12-20T02:45:28.057Z,2.112,3,1500,768x432,1.9206439999999958,,
2025-12-20T02:45:28.565Z,2.094,3,1500,768x432,2.0039170000000013,,
2025-12-20T02:45:28.644Z,2.113,2,1000,640x360,1.923732000000001,,
2025-12-20T02:45:28.722Z,2.033,3,1500,768x432,1.9417240000000007,,
2025-12-20T02:45:29.064Z,2.109,3,1500,768x432,2.0199520000000035,,
2025-12-20T02:45:29.546Z,2.139,3,1500,768x432,1.9282459999999944,,
2025-12-20T02:45:30.040Z,2.136,3,1500,768x432,1.926491999999996,,
2025-12-20T02:45:30.540Z,2.117,3,1500,768x432,1.9274109999999993,,
2025-12-20T02:45:31.034Z,2.129,3,1500,768x432,1.935728999999995,,
2025-12-20T02:45:31.268Z,1.971,2,1000,640x360,1.9007209999999972,,
2025-12-20T02:45:31.493Z,2.161,2,1000,640x360,1.9777899999999988,,
2025-12-20T02:45:31.566Z,2.184,3,1500,768x432,1.904316999999999,,
2025-12-20T02:45:32.037Z,2.152,3,1500,768x432,1.9406019999999984,,
2025-12-20T02:45:32.532Z,2.129,3,1500,768x432,1.9354239999999976,,
2025-12-20T02:45:33.019Z,2.153,3,1500,768x432,1.9632900000000006,,
2025-12-20T02:45:33.523Z,2.142,3,1500,768x432,1.9476829999999978,,
2025-12-20T02:45:34.025Z,2.136,3,1500,768x432,1.9411539999999974,,
2025-12-20T02:45:34.513Z,2.142,3,1500,768x432,1.9565600000000032,,
2025-12-20T02:45:35.071Z,2.091,3,1500,768x432,1.997914999999999,,
2025-12-20T02:45:35.248Z,1.985,2,1000,640x360,1.9173260000000028,,
2025-12-20T02:45:35.464Z,2.188,2,1000,640x360,2.0000789999999995,,
2025-12-20T02:45:35.544Z,2.21,3,1500,768x432,1.9189879999999988,,
2025-12-20T02:45:36.112Z,2.053,3,1500,768x432,1.9628860000000046,,
2025-12-20T02:45:36.510Z,2.154,3,1500,768x432,1.9600070000000045,,
2025-12-20T02:45:37.018Z,2.15,3,1500,768x432,1.9614979999999989,,
2025-12-20T02:45:37.532Z,2.13,3,1500,768x432,1.9446480000000008,,
2025-12-20T02:45:38.001Z,2.167,3,1500,768x432,1.9771359999999945,,
2025-12-20T02:45:38.516Z,2.153,3,1500,768x432,1.9648910000000015,,
2025-12-20T02:45:39.035Z,2.13,3,1500,768x432,1.9398959999999974,,
2025-12-20T02:45:39.531Z,2.123,3,1500,768x432,1.9339279999999945,,
2025-12-20T02:45:39.630Z,2.11,2,1000,640x360,1.9380250000000032,,
2025-12-20T02:45:39.711Z,2.045,3,1500,768x432,1.9542470000000023,,
2025-12-20T02:45:40.019Z,2.14,3,1500,768x432,1.9528469999999984,,
2025-12-20T02:45:40.417Z,2.238,3,1500,768x432,1.9486190000000008,,
2025-12-20T02:45:40.907Z,2.272,3,1500,768x432,1.960526999999999,,
2025-12-20T02:45:41.403Z,2.268,3,1500,768x432,1.9666569999999979,,
2025-12-20T02:45:41.911Z,2.267,3,1500,768x432,1.953961999999997,,
2025-12-20T02:45:42.528Z,2.137,3,1500,768x432,1.944420000000001,,
2025-12-20T02:45:42.617Z,2.155,2,1000,640x360,1.9627380000000016,,
2025-12-20T02:45:42.699Z,2.045,3,1500,768x432,1.974260000000001,,
2025-12-20T02:45:43.023Z,2.138,3,1500,768x432,1.9445559999999986,,
2025-12-20T02:45:43.524Z,2.122,3,1500,768x432,1.9452039999999968,,
2025-12-20T02:45:44.024Z,2.135,3,1500,768x432,1.9387410000000003,,
2025-12-20T02:45:44.402Z,2.272,3,1500,768x432,1.9623040000000032,,
2025-12-20T02:45:44.965Z,2.19,3,1500,768x432,2.005679999999998,,
2025-12-20T02:45:45.494Z,2.164,3,1500,768x432,1.9744540000000015,,
2025-12-20T02:45:46.000Z,2.165,3,1500,768x432,1.974807999999996,,
2025-12-20T02:45:46.117Z,2.099,2,1000,640x360,1.9601930000000038,,
2025-12-20T02:45:46.198Z,2.07,3,1500,768x432,1.9838499999999968,,
2025-12-20T02:45:46.516Z,2.15,3,1500,768x432,1.9555099999999968,,
2025-12-20T02:45:47.021Z,2.146,3,1500,768x432,1.941589999999998,,
2025-12-20T02:45:47.553Z,2.116,3,1500,768x432,1.9133619999999993,,
2025-12-20T02:45:48.013Z,2.183,3,1500,768x432,1.956626,,
2025-12-20T02:45:48.576Z,2.078,3,1500,768x432,1.9879490000000075,,
2025-12-20T02:45:49.241Z,1.935,3,1500,768x432,1.9230639999999966,,
2025-12-20T02:45:49.604Z,2.054,3,1500,768x432,1.9608920000000083,,
2025-12-20T02:45:50.070Z,2.086,3,1500,768x432,2.0058800000000048,,
2025-12-20T02:45:50.557Z,2.1,3,1500,768x432,1.9094829999999945,,
2025-12-20T02:45:51.107Z,2.055,3,1500,768x432,1.9558880000000016,,
2025-12-20T02:45:51.574Z,2.09,3,1500,768x432,1.9892029999999892,,
2025-12-20T02:45:52.148Z,2.038,3,1500,768x432,1.923193000000012,,
2025-12-20T02:45:52.540Z,2.115,3,1500,768x432,1.9246699999999919,,
2025-12-20T02:45:53.058Z,2.107,3,1500,768x432,1.9086759999999998,,
2025-12-20T02:45:53.561Z,2.103,3,1500,768x432,1.9059300000000121,,
2025-12-20T02:45:53.692Z,2.074,2,1000,640x360,1.98536,,
2025-12-20T02:45:53.767Z,1.98,3,1500,768x432,1.9106100000000055,,
2025-12-20T02:45:54.133Z,2.037,3,1500,768x432,1.9409710000000047,,
2025-12-20T02:45:54.579Z,2.086,3,1500,768x432,1.9903970000000015,,
2025-12-20T02:45:55.089Z,2.09,3,1500,768x432,1.989457999999999,,
2025-12-20T02:45:55.573Z,2.089,3,1500,768x432,1.9999580000000066,,
2025-12-20T02:45:55.998Z,2.161,3,1500,768x432,1.9711399999999912,,
2025-12-20T02:45:56.533Z,2.128,3,1500,768x432,1.93257100000001,,
2025-12-20T02:45:57.072Z,2.098,3,1500,768x432,2.001992999999999,,
2025-12-20T02:45:57.585Z,2.078,3,1500,768x432,1.984887999999998,,
2025-12-20T02:45:57.969Z,2.187,3,1500,768x432,2.0060689999999965,,
2025-12-20T02:45:58.481Z,2.167,3,1500,768x432,1.9868689999999987,,
2025-12-20T02:45:58.620Z,2.099,2,1000,640x360,1.942610000000002,,
2025-12-20T02:45:58.698Z,2.028,3,1500,768x432,1.9667910000000006,,
2025-12-20T02:45:59.077Z,2.089,3,1500,768x432,1.9997079999999983,,
2025-12-20T02:45:59.811Z,1.879,3,1500,768x432,1.951824000000002,,
2025-12-20T02:46:00.156Z,2.007,3,1500,768x432,1.9093489999999917,,
2025-12-20T02:46:00.597Z,2.057,3,1500,768x432,1.9754720000000106,,
2025-12-20T02:46:01.114Z,2.042,3,1500,768x432,1.9656380000000127,,
2025-12-20T02:46:01.705Z,1.944,3,1500,768x432,1.9577210000000065,,
2025-12-20T02:46:01.958Z,2.196,3,1500,768x432,1.9059489999999926,,
2025-12-20T02:46:02.588Z,2.078,3,1500,768x432,1.9736400000000032,,
2025-12-20T02:46:03.179Z,2.001,3,1500,768x432,1.9986729999999966,,
2025-12-20T02:46:03.664Z,2.024,3,1500,768x432,2.001165999999998,,
2025-12-20T02:46:04.091Z,2.074,3,1500,768x432,1.973005999999998,,
2025-12-20T02:46:04.590Z,2.075,3,1500,768x432,1.9761939999999925,,
2025-12-20T02:46:05.107Z,2.065,3,1500,768x432,1.9679220000000015,,
2025-12-20T02:46:05.601Z,2.065,3,1500,768x432,1.9647290000000055,,
2025-12-20T02:46:05.748Z,2.074,2,1000,640x360,1.9144600000000054,,
2025-12-20T02:46:06.014Z,2.151,2,1000,640x360,1.965910000000008,,
2025-12-20T02:46:06.095Z,2.173,3,1500,768x432,1.9823720000000122,,
2025-12-20T02:46:06.540Z,2.107,3,1500,768x432,1.9353299999999933,,
2025-12-20T02:46:07.047Z,2.119,3,1500,768x432,1.9205230000000029,,
2025-12-20T02:46:07.538Z,2.123,3,1500,768x432,1.9262190000000032,,
2025-12-20T02:46:08.044Z,2.118,3,1500,768x432,1.9364269999999948,,
2025-12-20T02:46:08.450Z,2.209,3,1500,768x432,1.918426999999994,,
2025-12-20T02:46:08.996Z,2.166,3,1500,768x432,1.9758110000000073,,
2025-12-20T02:46:09.483Z,2.17,3,1500,768x432,1.9805980000000005,,
2025-12-20T02:46:09.973Z,2.19,3,1500,768x432,2.005147000000008,,
2025-12-20T02:46:10.493Z,2.17,3,1500,768x432,1.9734419999999915,,
2025-12-20T02:46:11.004Z,2.158,3,1500,768x432,1.9744579999999985,,
2025-12-20T02:46:11.505Z,2.167,3,1500,768x432,1.9652849999999944,,
2025-12-20T02:46:12.002Z,2.157,3,1500,768x432,1.9690949999999958,,
2025-12-20T02:46:12.538Z,2.123,3,1500,768x432,1.9279070000000047,,
2025-12-20T02:46:13.202Z,1.962,3,1500,768x432,1.9670050000000003,,
2025-12-20T02:46:13.673Z,1.981,3,1500,768x432,1.9997929999999968,,
2025-12-20T02:46:14.110Z,2.054,3,1500,768x432,1.961262000000005,,
2025-12-20T02:46:14.628Z,2.029,3,1500,768x432,1.941406999999998,,
2025-12-20T02:46:15.161Z,2.021,3,1500,768x432,1.9266250000000014,,
2025-12-20T02:46:15.641Z,2.022,3,1500,768x432,1.9247660000000053,,
2025-12-20T02:46:16.151Z,2.023,3,1500,768x432,1.9222740000000016,,
2025-12-20T02:46:16.527Z,2.119,3,1500,768x432,1.937211000000005,,
2025-12-20T02:46:16.981Z,2.173,3,1500,768x432,1.993512999999993,,
2025-12-20T02:46:17.532Z,2.125,3,1500,768x432,1.933881999999997,,
2025-12-20T02:46:18.093Z,2.078,3,1500,768x432,1.984138999999999,,
2025-12-20T02:46:18.191Z,2.09,2,1000,640x360,1.980868000000001,,
2025-12-20T02:46:18.268Z,1.955,3,1500,768x432,1.9027729999999963,,
2025-12-20T02:46:18.555Z,2.108,3,1500,768x432,1.914910000000006,,
2025-12-20T02:46:19.024Z,2.137,3,1500,768x432,1.958286000000001,,
2025-12-20T02:46:19.610Z,2.051,3,1500,768x432,1.9617250000000013,,
2025-12-20T02:46:19.968Z,2.182,3,1500,768x432,1.998950999999991,,
2025-12-20T02:46:20.553Z,2.105,3,1500,768x432,1.9092219999999998,,
2025-12-20T02:46:21.016Z,2.139,3,1500,768x432,1.948520000000002,,
2025-12-20T02:46:21.545Z,2.103,3,1500,768x432,1.9228510000000085,,
2025-12-20T02:46:22.115Z,2.044,3,1500,768x432,1.9579499999999967,,
2025-12-20T02:46:22.555Z,2.094,3,1500,768x432,1.911319000000006,,
2025-12-20T02:46:23.048Z,2.116,3,1500,768x432,1.9305619999999948,,
2025-12-20T02:46:23.573Z,2.083,3,1500,768x432,1.994300999999993,,
2025-12-20T02:46:23.638Z,2.105,2,1000,640x360,1.9272169999999988,,
2025-12-20T02:46:23.716Z,2.037,3,1500,768x432,1.958677999999992,,
2025-12-20T02:46:24.113Z,2.066,3,1500,768x432,1.9690050000000099,,
2025-12-20T02:46:24.617Z,2.047,3,1500,768x432,1.951338000000007,,
2025-12-20T02:46:25.119Z,2.055,3,1500,768x432,1.943086000000008,,
2025-12-20T02:46:25.604Z,2.059,3,1500,768x432,1.966110999999998,,
2025-12-20T02:46:26.089Z,2.09,3,1500,768x432,1.979200999999989,,
2025-12-20T02:46:26.611Z,2.046,3,1500,768x432,1.955635000000001,,
2025-12-20T02:46:27.101Z,2.064,3,1500,768x432,1.9721830000000011,,
2025-12-20T02:46:27.631Z,2.026,3,1500,768x432,1.9401510000000002,,
2025-12-20T02:46:28.216Z,1.965,3,1500,768x432,1.9650689999999997,,
2025-12-20T02:46:28.599Z,2.062,3,1500,768x432,1.9689850000000035,,
2025-12-20T02:46:29.094Z,2.065,3,1500,768x432,1.9684080000000108,,
2025-12-20T02:46:29.590Z,2.063,3,1500,768x432,1.97185300000001,,
2025-12-20T02:46:30.194Z,1.989,3,1500,768x432,1.9731960000000015,,
2025-12-20T02:46:30.613Z,2.048,3,1500,768x432,1.9520299999999935,,
2025-12-20T02:46:31.099Z,2.071,3,1500,768x432,1.9781059999999968,,
2025-12-20T02:46:31.171Z,2.085,2,1000,640x360,1.905144000000007,,
2025-12-20T02:46:31.250Z,2.011,3,1500,768x432,1.929105000000007,,
2025-12-20T02:46:31.647Z,2.021,3,1500,768x432,1.919070000000005,,
2025-12-20T02:46:32.076Z,2.092,3,1500,768x432,2.0009040000000056,,
2025-12-20T02:46:32.410Z,2.264,3,1500,768x432,1.9602760000000075,,
2025-12-20T02:46:33.032Z,2.142,3,1500,768x432,1.9518170000000055,,
2025-12-20T02:46:33.561Z,2.115,3,1500,768x432,1.9140699999999953,,
2025-12-20T02:46:34.318Z,1.858,3,1500,768x432,1.9492219999999918,,
2025-12-20T02:46:34.939Z,1.746,3,1500,768x432,1.9299840000000046,,
2025-12-20T02:46:35.571Z,1.605,3,1500,768x432,1.9955870000000004,,
2025-12-20T02:46:36.204Z,1.484,3,1500,768x432,1.9779630000000026,,
2025-12-20T02:46:37.017Z,1.178,3,1500,768x432,1.9611539999999934,,
2025-12-20T02:46:37.742Z,0.949,3,1500,768x432,1.928640999999999,,
2025-12-20T02:46:38.467Z,0.709,3,1500,768x432,2.002571000000003,,
2025-12-20T02:46:39.086Z,0.581,3,1500,768x432,1.9815010000000086,,
2025-12-20T02:46:39.151Z,0.593,2,1000,640x360,1.9159380000000112,,
2025-12-20T02:46:39.719Z,0.433,2,1000,640x360,1.945494999999994,,
2025-12-20T02:46:39.791Z,0.41,1,600,480x270,1.9729690000000062,,
2025-12-20T02:46:40.072Z,0.605,1,600,480x270,2.0152889999999957,,
2025-12-20T02:46:40.149Z,0.617,3,1500,768x432,1.937021999999999,,
2025-12-20T02:46:40.812Z,0.349,3,1500,768x432,1.9511990000000026,,
2025-12-20T02:46:40.884Z,0.349,2,1000,640x360,1.9899429999999967,,
2025-12-20T02:46:40.885Z,0.29,2,1000,640x360,1.9892980000000051,,rebuffer happen
2025-12-20T02:46:41.417Z,0.255,2,1000,640x360,1.9713809999999938,,
2025-12-20T02:46:41.495Z,0.278,1,600,480x270,1.9911740000000009,,
2025-12-20T02:46:41.648Z,0.523,1,600,480x270,1.933402000000001,,
2025-12-20T02:46:41.713Z,0.546,3,1500,768x432,1.9674289999999957,,
2025-12-20T02:46:42.047Z,0.627,3,1500,768x432,1.936442999999997,,
2025-12-20T02:46:42.122Z,0.641,2,1000,640x360,1.9558000000000106,,
2025-12-20T02:46:42.386Z,0.776,2,1000,640x360,1.9820069999999959,,
2025-12-20T02:46:42.464Z,0.77,3,1500,768x432,1.9019849999999963,,
2025-12-20T02:46:42.774Z,0.885,3,1500,768x432,1.9875849999999957,,
2025-12-20T02:46:43.089Z,1.089,3,1500,768x432,1.9786560000000009,,
2025-12-20T02:46:43.410Z,1.253,3,1500,768x432,1.961211999999989,,
2025-12-20T02:46:43.719Z,1.431,3,1500,768x432,1.9497599999999977,,
2025-12-20T02:46:44.039Z,1.636,3,1500,768x432,1.9399190000000033,,
2025-12-20T02:46:44.363Z,1.801,3,1500,768x432,2.0078909999999865,,
2025-12-20T02:46:44.681Z,1.996,3,1500,768x432,1.9843790000000041,,
2025-12-20T02:46:45.250Z,1.938,3,1500,768x432,1.928717000000006,,
2025-12-20T02:46:45.842Z,1.809,3,1500,768x432,1.9313590000000005,,
2025-12-20T02:46:46.654Z,1.507,3,1500,768x432,1.9086160000000092,,
2025-12-20T02:46:47.188Z,1.506,3,1500,768x432,1.9849049999999977,,
2025-12-20T02:46:47.749Z,1.412,3,1500,768x432,1.9182789999999983,,
2025-12-20T02:46:48.457Z,1.237,3,1500,768x432,1.9110279999999875,,
2025-12-20T02:46:48.990Z,1.189,3,1500,768x432,1.9846390000000014,,
2025-12-20T02:46:49.523Z,1.156,3,1500,768x432,1.953958,,
2025-12-20T02:46:50.297Z,0.906,3,1500,768x432,1.990542000000005,,
2025-12-20T02:46:50.370Z,0.898,2,1000,640x360,1.915430999999998,,
2025-12-20T02:46:50.792Z,0.889,2,1000,640x360,1.9782129999999967,,
2025-12-20T02:46:51.119Z,1.044,2,1000,640x360,1.9627129999999937,,
2025-12-20T02:46:51.351Z,1.307,2,1000,640x360,1.9193130000000025,,
2025-12-20T02:46:51.618Z,1.544,2,1000,640x360,1.949421000000001,,
2025-12-20T02:46:51.693Z,1.54,3,1500,768x432,1.969216000000003,,
2025-12-20T02:46:52.115Z,1.547,3,1500,768x432,1.962114000000014,,
2025-12-20T02:46:52.421Z,1.741,3,1500,768x432,1.9450899999999933,,
2025-12-20T02:46:52.742Z,1.922,3,1500,768x432,1.9216490000000022,,
2025-12-20T02:46:53.068Z,2.101,3,1500,768x432,2.0170850000000087,,
2025-12-20T02:46:53.534Z,2.13,3,1500,768x432,1.9343610000000098,,
2025-12-20T02:46:54.253Z,1.935,3,1500,768x432,1.9326089999999851,,
2025-12-20T02:46:54.881Z,1.798,3,1500,768x432,1.9894449999999892,,
2025-12-20T02:46:55.731Z,1.437,3,1500,768x432,1.9378289999999936,,
2025-12-20T02:46:56.291Z,1.39,3,1500,768x432,1.982894999999985,,
2025-12-20T02:46:56.864Z,1.32,3,1500,768x432,2.0005979999999965,,
2025-12-20T02:46:57.400Z,1.277,3,1500,768x432,1.979015000000004,,
2025-12-20T02:46:57.972Z,1.211,3,1500,768x432,2.004156999999992,,
2025-12-20T02:46:58.493Z,1.177,3,1500,768x432,1.9868879999999933,,
2025-12-20T02:46:59.065Z,1.096,3,1500,768x432,2.0001589999999965,,
2025-12-20T02:46:59.474Z,1.183,3,1500,768x432,1.993885000000006,,
2025-12-20T02:46:59.748Z,1.406,3,1500,768x432,1.918610000000001,,
2025-12-20T02:47:00.020Z,1.645,3,1500,768x432,1.9521200000000078,,
2025-12-20T02:47:00.279Z,1.879,3,1500,768x432,1.9912869999999998,,
2025-12-20T02:47:00.542Z,2.113,3,1500,768x432,1.9272579999999948,,
2025-12-20T02:47:00.957Z,2.2,3,1500,768x432,1.9204499999999882,,
2025-12-20T02:47:01.482Z,2.176,3,1500,768x432,1.9865839999999935,,
2025-12-20T02:47:02.082Z,2.091,3,1500,768x432,2.0080619999999954,,
2025-12-20T02:47:02.586Z,2.079,3,1500,768x432,1.9895570000000191,,
2025-12-20T02:47:03.122Z,2.067,3,1500,768x432,1.9659699999999987,,
2025-12-20T02:47:03.591Z,2.068,3,1500,768x432,1.984581999999989,,
2025-12-20T02:47:04.111Z,2.061,3,1500,768x432,1.9591990000000123,,
2025-12-20T02:47:04.596Z,2.063,3,1500,768x432,1.967694000000023,,
2025-12-20T02:47:05.078Z,2.083,3,1500,768x432,1.9970869999999934,,
2025-12-20T02:47:05.596Z,2.067,3,1500,768x432,1.971749999999986,,
2025-12-20T02:47:06.144Z,2.042,3,1500,768x432,1.9387539999999888,,
2025-12-20T02:47:06.637Z,2.026,3,1500,768x432,1.9345480000000066,,
2025-12-20T02:47:07.131Z,2.049,3,1500,768x432,1.9611930000000086,,
2025-12-20T02:47:07.631Z,2.039,3,1500,768x432,1.944578000000007,,
2025-12-20T02:47:08.149Z,2.025,3,1500,768x432,1.9259529999999927,,
2025-12-20T02:47:08.630Z,2.045,3,1500,768x432,1.9424319999999966,,
2025-12-20T02:47:09.103Z,2.063,3,1500,768x432,1.9679840000000013,,
2025-12-20T02:47:09.559Z,2.095,3,1500,768x432,1.9063869999999952,,
2025-12-20T02:47:10.044Z,2.125,3,1500,768x432,1.9365020000000186,,
2025-12-20T02:47:10.584Z,2.074,3,1500,768x432,1.9839609999999936,,
2025-12-20T02:47:11.088Z,2.095,3,1500,768x432,1.9977260000000001,,
2025-12-20T02:47:11.588Z,2.085,3,1500,768x432,1.9837190000000078,,
2025-12-20T02:47:12.070Z,2.106,3,1500,768x432,2.001659999999987,,
2025-12-20T02:47:12.571Z,2.093,3,1500,768x432,2.000458999999978,,
2025-12-20T02:47:13.044Z,2.12,3,1500,768x432,1.924775000000011,,
2025-12-20T02:47:13.557Z,2.096,3,1500,768x432,1.9066200000000038,,
2025-12-20T02:47:14.047Z,2.124,3,1500,768x432,1.932580999999999,,
2025-12-20T02:47:14.608Z,2.071,3,1500,768x432,1.9633990000000097,,
2025-12-20T02:47:15.035Z,2.145,3,1500,768x432,1.9461829999999907,,
2025-12-20T02:47:15.526Z,2.134,3,1500,768x432,1.948997999999989,,
2025-12-20T02:47:16.033Z,2.119,3,1500,768x432,1.9329989999999952,,
2025-12-20T02:47:16.573Z,2.071,3,1500,768x432,1.9882589999999993,,
2025-12-20T02:47:16.752Z,1.998,2,1000,640x360,1.909862000000004,,
2025-12-20T02:47:16.991Z,2.16,2,1000,640x360,1.984850999999992,,
2025-12-20T02:47:17.060Z,2.189,3,1500,768x432,1.9151179999999783,,
2025-12-20T02:47:17.512Z,2.142,3,1500,768x432,1.9542059999999992,,
2025-12-20T02:47:17.982Z,2.18,3,1500,768x432,1.9934790000000078,,
2025-12-20T02:47:18.487Z,2.174,3,1500,768x432,1.9837809999999934,,
2025-12-20T02:47:19.066Z,2.105,3,1500,768x432,2.0204689999999914,,
2025-12-20T02:47:19.557Z,2.106,3,1500,768x432,1.912241000000023,,
2025-12-20T02:47:20.188Z,1.974,3,1500,768x432,1.9749669999999924,,
2025-12-20T02:47:20.641Z,2.019,3,1500,768x432,1.920548999999994,,
2025-12-20T02:47:21.159Z,2.016,3,1500,768x432,1.9087930000000028,,
2025-12-20T02:47:21.719Z,1.948,3,1500,768x432,1.9484239999999886,,
2025-12-20T02:47:22.197Z,1.983,3,1500,768x432,1.9746820000000014,,
2025-12-20T02:47:22.647Z,2.009,3,1500,768x432,1.920345999999995,,
2025-12-20T02:47:23.113Z,2.065,3,1500,768x432,1.9654999999999916,,
2025-12-20T02:47:23.650Z,2.01,3,1500,768x432,1.9181639999999902,,
2025-12-20T02:47:23.761Z,2.028,2,1000,640x360,1.9034149999999954,,
2025-12-20T02:47:24.224Z,1.947,2,1000,640x360,1.9633029999999962,,
2025-12-20T02:47:24.292Z,1.973,3,1500,768x432,1.9934650000000147,,
2025-12-20T02:47:24.691Z,1.974,3,1500,768x432,1.9855680000000007,,
2025-12-20T02:47:25.121Z,2.06,3,1500,768x432,1.952337,,
2025-12-20T02:47:25.726Z,1.932,3,1500,768x432,1.9363189999999975,,
2025-12-20T02:47:26.239Z,1.92,3,1500,768x432,1.9275740000000212,,
2025-12-20T02:47:26.619Z,2.038,3,1500,768x432,1.955849999999998,,
2025-12-20T02:47:27.157Z,2.001,3,1500,768x432,1.914652000000018,,
2025-12-20T02:47:27.656Z,2.003,3,1500,768x432,1.9124109999999916,,
2025-12-20T02:47:28.210Z,1.971,3,1500,768x432,1.9799039999999763,,
2025-12-20T02:47:28.725Z,1.939,3,1500,768x432,1.9402819999999963,,
2025-12-20T02:47:29.314Z,1.854,3,1500,768x432,1.9520310000000052,,
2025-12-20T02:47:29.694Z,1.971,3,1500,768x432,1.9723559999999907,,
2025-12-20T02:47:30.105Z,2.062,3,1500,768x432,1.9640380000000164,,
2025-12-20T02:47:30.589Z,2.087,3,1500,768x432,1.9803270000000168,,
2025-12-20T02:47:31.043Z,2.118,3,1500,768x432,1.9254640000000052,,
2025-12-20T02:47:31.661Z,1.999,3,1500,768x432,1.912823000000003,,
2025-12-20T02:47:32.151Z,2.037,3,1500,768x432,1.924853000000013,,
2025-12-20T02:47:32.601Z,2.071,3,1500,768x432,1.9691749999999786,,
2025-12-20T02:47:33.022Z,2.131,3,1500,768x432,1.950051000000002,,
2025-12-20T02:47:33.535Z,2.122,3,1500,768x432,1.9278030000000115,,
2025-12-20T02:47:34.094Z,2.08,3,1500,768x432,1.981285000000014,,
2025-12-20T02:47:34.505Z,2.15,3,1500,768x432,1.9609370000000013,,
2025-12-20T02:47:34.931Z,2.244,3,1500,768x432,1.9369059999999934,,
2025-12-20T02:47:35.595Z,2.067,3,1500,768x432,1.9682880000000011,,
2025-12-20T02:47:36.355Z,1.798,3,1500,768x432,1.9181449999999813,,
2025-12-20T02:47:36.779Z,1.888,3,1500,768x432,1.9867650000000197,,
2025-12-20T02:47:37.204Z,1.978,3,1500,768x432,1.975857000000019,,
2025-12-20T02:47:37.664Z,2.007,3,1500,768x432,2.0041020000000174,,
2025-12-20T02:47:38.115Z,2.07,3,1500,768x432,1.9584769999999878,,
2025-12-20T02:47:38.642Z,2.015,3,1500,768x432,1.9241529999999898,,
2025-12-20T02:47:39.073Z,2.094,3,1500,768x432,2.005106000000012,,
2025-12-20T02:47:39.672Z,1.993,3,1500,768x432,1.9908910000000049,,
2025-12-20T02:47:40.188Z,1.98,3,1500,768x432,1.981252000000012,,
2025-12-20T02:47:40.712Z,1.952,3,1500,768x432,1.950806,,
2025-12-20T02:47:41.261Z,1.896,3,1500,768x432,1.9081040000000087,,
2025-12-20T02:47:41.818Z,1.862,3,1500,768x432,1.9458809999999858,,
2025-12-20T02:47:42.358Z,1.809,3,1500,768x432,1.9119779999999764,,
2025-12-20T02:47:42.891Z,1.765,3,1500,768x432,1.9856900000000053,,
2025-12-20T02:47:43.442Z,1.734,3,1500,768x432,1.925768000000005,,
2025-12-20T02:47:43.954Z,1.729,3,1500,768x432,1.925421,,
2025-12-20T02:47:44.481Z,1.697,3,1500,768x432,1.9853009999999927,,
2025-12-20T02:47:45.010Z,1.671,3,1500,768x432,1.9690009999999916,,
2025-12-20T02:47:45.488Z,1.691,3,1500,768x432,1.9915560000000028,,
2025-12-20T02:47:45.961Z,1.719,3,1500,768x432,1.90655000000001,,
2025-12-20T02:47:46.387Z,1.775,3,1500,768x432,1.979961000000003,,
2025-12-20T02:47:46.764Z,1.888,3,1500,768x432,1.9990960000000086,,
2025-12-20T02:47:47.176Z,1.992,3,1500,768x432,1.9973739999999793,,
2025-12-20T02:47:47.632Z,2.025,3,1500,768x432,1.94040099999998,,
2025-12-20T02:47:48.172Z,1.993,3,1500,768x432,1.9980060000000037,,
2025-12-20T02:47:48.826Z,1.822,3,1500,768x432,1.9376290000000154,,
2025-12-20T02:47:49.236Z,1.942,3,1500,768x432,1.9364850000000047,,
2025-12-20T02:47:49.589Z,2.077,3,1500,768x432,1.9822860000000162,,
2025-12-20T02:47:50.063Z,2.1,3,1500,768x432,2.000064000000009,,
2025-12-20T02:47:50.573Z,2.107,3,1500,768x432,1.9903280000000052,,
2025-12-20T02:47:51.057Z,2.113,3,1500,768x432,1.9140589999999804,,
2025-12-20T02:47:51.495Z,2.166,3,1500,768x432,1.9767949999999814,,
2025-12-20T02:47:52.001Z,2.16,3,1500,768x432,1.9683899999999994,,
2025-12-20T02:47:52.266Z,1.922,2,1000,640x360,1.998439999999988,,
2025-12-20T02:47:52.472Z,2.183,2,1000,640x360,1.9966349999999977,,
2025-12-20T02:47:52.548Z,2.14,3,1500,768x432,1.920753000000019,,
2025-12-20T02:47:53.008Z,2.157,3,1500,768x432,1.9660800000000052,,
2025-12-20T02:47:53.487Z,2.165,3,1500,768x432,1.9783250000000123,,
2025-12-20T02:47:54.029Z,2.139,3,1500,768x432,1.9488780000000077,,
2025-12-20T02:47:54.472Z,2.183,3,1500,768x432,2.0023459999999886,,
2025-12-20T02:47:54.988Z,2.178,3,1500,768x432,1.980858000000012,,
2025-12-20T02:47:55.459Z,2.186,3,1500,768x432,1.9071580000000097,,
2025-12-20T02:47:55.777Z,1.941,2,1000,640x360,1.9865900000000067,,
2025-12-20T02:47:55.971Z,2.189,2,1000,640x360,2.000302000000005,,
2025-12-20T02:47:56.055Z,2.199,3,1500,768x432,1.9174519999999973,,
2025-12-20T02:47:56.484Z,2.176,3,1500,768x432,1.9840269999999975,,
2025-12-20T02:47:56.994Z,2.245,3,1500,768x432,1.9753309999999829,,
2025-12-20T02:47:57.621Z,2.055,3,1500,768x432,1.9463409999999897,,
2025-12-20T02:47:58.009Z,2.164,3,1500,768x432,1.9699389999999823,,
2025-12-20T02:47:58.511Z,2.142,3,1500,768x432,1.9602909999999838,,
2025-12-20T02:47:59.030Z,2.12,3,1500,768x432,1.939360999999991,,
2025-12-20T02:47:59.522Z,2.141,3,1500,768x432,1.9423679999999877,,
2025-12-20T02:47:59.960Z,2.201,3,1500,768x432,1.9119939999999929,,
2025-12-20T02:48:00.536Z,2.121,3,1500,768x432,1.930768999999998,,
2025-12-20T02:48:00.908Z,2.247,3,1500,768x432,1.954971999999998,,
2025-12-20T02:48:01.001Z,2.267,2,1000,640x360,1.9745470000000012,,
2025-12-20T02:48:01.079Z,2.14,3,1500,768x432,1.9885930000000087,,
2025-12-20T02:48:01.416Z,2.258,3,1500,768x432,1.9468669999999975,,
2025-12-20T02:48:01.905Z,2.277,3,1500,768x432,1.9639510000000087,,
2025-12-20T02:48:02.400Z,2.28,3,1500,768x432,1.9706429999999955,,
2025-12-20T02:48:02.911Z,2.245,3,1500,768x432,1.9563739999999825,,
2025-12-20T02:48:03.443Z,2.218,3,1500,768x432,1.927297999999979,,
2025-12-20T02:48:03.669Z,2.232,2,1000,640x360,1.8949929999999995,,
2025-12-20T02:48:03.743Z,1.984,3,1500,768x432,1.9264100000000042,,
2025-12-20T02:48:03.998Z,2.193,3,1500,768x432,1.974066999999991,,
2025-12-20T02:48:04.442Z,2.236,3,1500,768x432,1.9305369999999868,,
2025-12-20T02:48:04.901Z,2.253,3,1500,768x432,1.9636310000000208,,
2025-12-20T02:48:05.414Z,2.283,3,1500,768x432,1.9598290000000134,,
2025-12-20T02:48:05.972Z,2.267,3,1500,768x432,1.9961239999999805,,
2025-12-20T02:48:06.437Z,2.225,3,1500,768x432,1.9292839999999956,,
2025-12-20T02:48:06.701Z,2.047,2,1000,640x360,1.9624660000000063,,
2025-12-20T02:48:06.780Z,1.973,3,1500,768x432,1.9874419999999873,,
2025-12-20T02:48:07.038Z,2.112,3,1500,768x432,1.9293550000000153,,
2025-12-20T02:48:07.401Z,2.259,3,1500,768x432,1.9626899999999807,,
2025-12-20T02:48:08.036Z,2.13,3,1500,768x432,1.936142999999987,,
2025-12-20T02:48:08.441Z,2.216,3,1500,768x432,1.9283259999999984,,
2025-12-20T02:48:08.925Z,2.235,3,1500,768x432,1.9485809999999901,,
2025-12-20T02:48:09.406Z,2.258,3,1500,768x432,1.9627179999999953,,
2025-12-20T02:48:09.790Z,2.144,2,1000,640x360,1.9728990000000124,,
2025-12-20T02:48:09.895Z,2.255,2,1000,640x360,1.971398999999991,,
2025-12-20T02:48:09.963Z,2.282,3,1500,768x432,1.9104600000000005,,
2025-12-20T02:48:10.403Z,2.296,3,1500,768x432,1.9749750000000006,,
2025-12-20T02:48:10.900Z,2.277,3,1500,768x432,1.96652499999999,,
2025-12-20T02:48:11.397Z,2.275,3,1500,768x432,1.9654839999999751,,
2025-12-20T02:48:11.901Z,2.273,3,1500,768x432,1.970895999999982,,
2025-12-20T02:48:12.406Z,2.265,3,1500,768x432,1.9595850000000041,,
2025-12-20T02:48:12.495Z,2.208,2,1000,640x360,1.975088999999997,,
2025-12-20T02:48:12.573Z,2.18,3,1500,768x432,1.8959580000000074,,
2025-12-20T02:48:12.900Z,2.275,3,1500,768x432,1.9686000000000092,,
2025-12-20T02:48:13.409Z,2.281,3,1500,768x432,1.9634400000000198,,
2025-12-20T02:48:13.964Z,2.198,3,1500,768x432,2.009814999999975,,
2025-12-20T02:48:14.456Z,2.211,3,1500,768x432,1.9179220000000043,,
2025-12-20T02:48:14.907Z,2.251,3,1500,768x432,1.9596369999999865,,
2025-12-20T02:48:15.246Z,2.063,2,1000,640x360,1.9219829999999831,,
2025-12-20T02:48:15.401Z,2.252,2,1000,640x360,1.9624359999999967,,
2025-12-20T02:48:15.487Z,2.274,3,1500,768x432,1.9763300000000186,,
2025-12-20T02:48:15.900Z,2.278,3,1500,768x432,1.9689020000000141,,
2025-12-20T02:48:16.405Z,2.249,3,1500,768x432,1.9588739999999802,,
2025-12-20T02:48:16.902Z,2.251,3,1500,768x432,1.9635689999999784,,
2025-12-20T02:48:17.410Z,2.284,3,1500,768x432,1.9573899999999753,,
2025-12-20T02:48:17.912Z,2.283,3,1500,768x432,1.9551170000000013,,
2025-12-20T02:48:18.003Z,2.267,2,1000,640x360,1.9871449999999982,,
2025-12-20T02:48:18.080Z,2.155,3,1500,768x432,2.005246999999997,,
2025-12-20T02:48:18.409Z,2.281,3,1500,768x432,1.9625059999999905,,
2025-12-20T02:48:18.902Z,2.277,3,1500,768x432,1.9649299999999812,,
2025-12-20T02:48:19.402Z,2.291,3,1500,768x432,1.9787830000000213,,
2025-12-20T02:48:19.908Z,2.248,3,1500,768x432,1.9616670000000056,,
2025-12-20T02:48:20.448Z,2.206,3,1500,768x432,1.927455999999978,,
2025-12-20T02:48:20.946Z,2.235,3,1500,768x432,1.9272760000000062,,
2025-12-20T02:48:21.399Z,2.263,3,1500,768x432,1.969414999999998,,
2025-12-20T02:48:21.902Z,2.277,3,1500,768x432,1.9630289999999775,,
2025-12-20T02:48:22.395Z,2.286,3,1500,768x432,1.9759650000000022,,
2025-12-20T02:48:22.899Z,2.277,3,1500,768x432,1.9666159999999877,,
2025-12-20T02:48:23.403Z,2.292,3,1500,768x432,1.9712439999999845,,
2025-12-20T02:48:23.762Z,2.068,2,1000,640x360,1.906236000000007,,
2025-12-20T02:48:23.890Z,2.265,2,1000,640x360,1.9886239999999873,,
2025-12-20T02:48:23.964Z,2.27,3,1500,768x432,1.9146479999999997,,
2025-12-20T02:48:24.413Z,2.272,3,1500,768x432,1.9544880000000262,,
2025-12-20T02:48:24.913Z,2.275,3,1500,768x432,1.9548289999999895,,
2025-12-20T02:48:25.404Z,2.28,3,1500,768x432,1.9608130000000017,,
2025-12-20T02:48:25.902Z,2.268,3,1500,768x432,1.9640619999999842,,
2025-12-20T02:48:26.229Z,2.118,2,1000,640x360,1.9492390000000057,,
2025-12-20T02:48:26.398Z,2.28,2,1000,640x360,1.9783639999999991,,
2025-12-20T02:48:26.477Z,2.247,3,1500,768x432,1.9921909999999912,,
2025-12-20T02:48:26.907Z,2.271,3,1500,768x432,1.9682820000000163,,
2025-12-20T02:48:27.404Z,2.286,3,1500,768x432,1.974948000000012,,
2025-12-20T02:48:27.899Z,2.254,3,1500,768x432,1.9678440000000137,,
2025-12-20T02:48:28.445Z,2.238,3,1500,768x432,1.919271000000009,,
2025-12-20T02:48:28.902Z,2.278,3,1500,768x432,1.9669609999999977,,
2025-12-20T02:48:29.069Z,2.206,2,1000,640x360,1.9036279999999977,,
2025-12-20T02:48:29.147Z,2.111,3,1500,768x432,1.9274070000000165,,
2025-12-20T02:48:29.401Z,2.252,3,1500,768x432,1.9659189999999853,,
2025-12-20T02:48:29.898Z,2.272,3,1500,768x432,1.967613,,
2025-12-20T02:48:30.407Z,2.277,3,1500,768x432,1.9669119999999793,,
2025-12-20T02:48:30.955Z,2.272,3,1500,768x432,1.9168569999999931,,
2025-12-20T02:48:31.405Z,2.28,3,1500,768x432,1.968921999999992,,
2025-12-20T02:48:31.904Z,2.255,3,1500,768x432,1.9642309999999839,,
2025-12-20T02:48:32.031Z,2.275,2,1000,640x360,1.9588369999999884,,
2025-12-20T02:48:32.108Z,2.16,3,1500,768x432,1.9832490000000007,,
2025-12-20T02:48:32.458Z,2.276,3,1500,768x432,1.9226290000000006,,
2025-12-20T02:48:32.904Z,2.284,3,1500,768x432,1.9726170000000138,,
2025-12-20T02:48:33.406Z,2.284,3,1500,768x432,1.9607329999999763,,
2025-12-20T02:48:33.902Z,2.276,3,1500,768x432,1.963548000000003,,
2025-12-20T02:48:34.407Z,2.266,3,1500,768x432,1.959208999999987,,
2025-12-20T02:48:34.900Z,2.277,3,1500,768x432,1.9664699999999868,,
2025-12-20T02:48:35.399Z,2.291,3,1500,768x432,1.9770800000000008,,
2025-12-20T02:48:35.900Z,2.276,3,1500,768x432,1.9689580000000149,,
2025-12-20T02:48:36.415Z,2.287,3,1500,768x432,1.9619629999999972,,
2025-12-20T02:48:36.901Z,2.277,3,1500,768x432,1.9655539999999974,,
2025-12-20T02:48:37.422Z,2.232,3,1500,768x432,1.9428880000000106,,
2025-12-20T02:48:37.954Z,2.253,3,1500,768x432,1.9198800000000062,,
2025-12-20T02:48:38.126Z,2.224,2,1000,640x360,1.9492669999999919,,
2025-12-20T02:48:38.203Z,2.055,3,1500,768x432,1.9792720000000088,,
2025-12-20T02:48:38.409Z,2.28,3,1500,768x432,1.9592849999999942,,
2025-12-20T02:48:38.903Z,2.28,3,1500,768x432,1.9670360000000073,,
2025-12-20T02:48:39.402Z,2.252,3,1500,768x432,1.971931000000012,,
2025-12-20T02:48:39.919Z,2.274,3,1500,768x432,1.9483559999999898,,
2025-12-20T02:48:40.440Z,2.274,3,1500,768x432,1.9342319999999802,,
2025-12-20T02:48:40.930Z,2.239,3,1500,768x432,1.9375689999999963,,
2025-12-20T02:48:41.120Z,2.248,2,1000,640x360,1.958845999999994,,
2025-12-20T02:48:41.198Z,2.033,3,1500,768x432,1.976559999999978,,
2025-12-20T02:48:41.397Z,2.277,3,1500,768x432,1.9697120000000155,,
2025-12-20T02:48:41.903Z,2.274,3,1500,768x432,1.9650430000000085,,
2025-12-20T02:48:42.396Z,2.282,3,1500,768x432,1.9671780000000183,,
2025-12-20T02:48:42.920Z,2.282,3,1500,768x432,1.9491199999999935,,
2025-12-20T02:48:43.402Z,2.279,3,1500,768x432,1.9664009999999905,,
2025-12-20T02:48:43.697Z,2.142,2,1000,640x360,1.9744300000000123,,
2025-12-20T02:48:43.779Z,1.96,3,1500,768x432,1.985227000000009,,
2025-12-20T02:48:43.939Z,2.219,3,1500,768x432,1.9315339999999992,,
2025-12-20T02:48:44.397Z,2.289,3,1500,768x432,1.9768860000000075,,
2025-12-20T02:48:44.899Z,2.277,3,1500,768x432,1.969491000000005,,
2025-12-20T02:48:45.400Z,2.263,3,1500,768x432,1.9668839999999932,,
2025-12-20T02:48:45.899Z,2.259,3,1500,768x432,1.970136000000025,,
2025-12-20T02:48:46.260Z,1.927,2,1000,640x360,1.903396000000015,,
2025-12-20T02:48:46.401Z,2.258,2,1000,640x360,1.9614550000000008,,
2025-12-20T02:48:46.482Z,2.205,3,1500,768x432,1.986801999999983,,
2025-12-20T02:48:46.898Z,2.265,3,1500,768x432,1.9687619999999981,,
2025-12-20T02:48:47.402Z,2.284,3,1500,768x432,1.9648210000000006,,
2025-12-20T02:48:47.897Z,2.276,3,1500,768x432,1.9697730000000035,,
2025-12-20T02:48:48.400Z,2.284,3,1500,768x432,1.9753019999999992,,
2025-12-20T02:48:48.957Z,2.236,3,1500,768x432,1.9154839999999922,,
2025-12-20T02:48:49.061Z,2.226,2,1000,640x360,1.9242779999999868,,
2025-12-20T02:48:49.138Z,2.086,3,1500,768x432,1.9485260000000153,,
2025-12-20T02:48:49.514Z,2.15,3,1500,768x432,1.9700599999999895,,
2025-12-20T02:48:50.009Z,2.183,3,1500,768x432,1.9590949999999907,,
2025-12-20T02:48:50.397Z,2.279,3,1500,768x432,1.9690439999999967,,
2025-12-20T02:48:50.898Z,2.275,3,1500,768x432,1.9697570000000155,,
2025-12-20T02:48:51.410Z,2.247,3,1500,768x432,1.9564440000000047,,
2025-12-20T02:48:51.911Z,2.273,3,1500,768x432,1.9608149999999966,,
2025-12-20T02:48:52.404Z,2.257,3,1500,768x432,1.9662349999999833,,
2025-12-20T02:48:52.900Z,2.277,3,1500,768x432,1.9666759999999783,,
2025-12-20T02:48:53.420Z,2.251,3,1500,768x432,1.959005999999988,,
2025-12-20T02:48:53.917Z,2.246,3,1500,768x432,1.9549429999999859,,
2025-12-20T02:48:54.480Z,2.174,3,1500,768x432,1.9851600000000076,,
2025-12-20T02:48:54.929Z,2.222,3,1500,768x432,1.93650599999998,,
2025-12-20T02:48:55.457Z,2.204,3,1500,768x432,1.912869999999998,,
2025-12-20T02:48:56.024Z,2.163,3,1500,768x432,1.9517709999999795,,
2025-12-20T02:48:56.207Z,2.163,2,1000,640x360,1.966116999999997,,
2025-12-20T02:48:56.394Z,2.278,2,1000,640x360,1.9750629999999774,,
2025-12-20T02:48:56.472Z,2.286,3,1500,768x432,1.895278999999988,,
2025-12-20T02:48:56.924Z,2.234,3,1500,768x432,1.9456069999999954,,
2025-12-20T02:48:57.454Z,2.211,3,1500,768x432,1.9205049999999915,,
2025-12-20T02:48:57.923Z,2.237,3,1500,768x432,1.9481289999999944,,
2025-12-20T02:48:58.412Z,2.242,3,1500,768x432,1.9542700000000082,,
2025-12-20T02:48:58.940Z,2.242,3,1500,768x432,1.9305499999999824,,
2025-12-20T02:48:59.168Z,2.24,2,1000,640x360,1.9023959999999818,,
2025-12-20T02:48:59.245Z,1.946,3,1500,768x432,1.929003999999992,,
2025-12-20T02:48:59.480Z,2.168,3,1500,768x432,1.9891790000000071,,
2025-12-20T02:48:59.913Z,2.266,3,1500,768x432,1.9539609999999925,,
2025-12-20T02:49:00.486Z,2.176,3,1500,768x432,1.9803549999999746,,
2025-12-20T02:49:00.962Z,2.206,3,1500,768x432,2.0097390000000246,,
2025-12-20T02:49:01.444Z,2.219,3,1500,768x432,1.9268269999999745,,
2025-12-20T02:49:01.959Z,2.193,3,1500,768x432,1.9020120000000134,,
2025-12-20T02:49:02.424Z,2.25,3,1500,768x432,1.9388020000000097,,
2025-12-20T02:49:02.534Z,2.199,2,1000,640x360,1.939284999999984,,
2025-12-20T02:49:02.612Z,2.139,3,1500,768x432,1.9559779999999591,,
2025-12-20T02:49:02.905Z,2.271,3,1500,768x432,1.9650649999999814,,
2025-12-20T02:49:03.399Z,2.283,3,1500,768x432,1.9712979999999902,,
2025-12-20T02:49:03.899Z,2.276,3,1500,768x432,1.9703219999999533,,
2025-12-20T02:49:04.392Z,2.277,3,1500,768x432,1.974585999999988,,
2025-12-20T02:49:04.934Z,2.221,3,1500,768x432,1.9378869999999893,,
2025-12-20T02:49:05.159Z,2.131,2,1000,640x360,1.9113889999999856,,
2025-12-20T02:49:05.237Z,2.023,3,1500,768x432,1.9335810000000038,,
2025-12-20T02:49:05.401Z,2.275,3,1500,768x432,1.9662030000000073,,
2025-12-20T02:49:05.898Z,2.281,3,1500,768x432,1.9687990000000468,,
2025-12-20T02:49:06.399Z,2.273,3,1500,768x432,1.9784709999999563,,
2025-12-20T02:49:06.907Z,2.273,3,1500,768x432,1.9618659999999863,,
2025-12-20T02:49:07.422Z,2.232,3,1500,768x432,1.9545999999999708,,
2025-12-20T02:49:07.896Z,2.276,3,1500,768x432,1.9707300000000032,,
2025-12-20T02:49:08.106Z,2.212,2,1000,640x360,1.965011000000004,,
2025-12-20T02:49:08.182Z,2.076,3,1500,768x432,1.9964730000000372,,
2025-12-20T02:49:08.397Z,2.274,3,1500,768x432,1.9684740000000147,,
2025-12-20T02:49:08.900Z,2.272,3,1500,768x432,1.9722229999999854,,
2025-12-20T02:49:09.400Z,2.277,3,1500,768x432,1.9688960000000293,,
2025-12-20T02:49:09.901Z,2.272,3,1500,768x432,1.9665399999999522,,
2025-12-20T02:49:10.397Z,2.263,3,1500,768x432,1.9724919999999884,,
2025-12-20T02:49:10.910Z,2.249,3,1500,768x432,1.9590789999999743,,
2025-12-20T02:49:11.026Z,2.267,2,1000,640x360,1.9437899999999786,,
2025-12-20T02:49:11.104Z,2.15,3,1500,768x432,1.9751779999999712,,
2025-12-20T02:49:11.400Z,2.275,3,1500,768x432,1.9631739999999809,,
2025-12-20T02:49:11.905Z,2.273,3,1500,768x432,1.966319999999996,,
2025-12-20T02:49:12.418Z,2.237,3,1500,768x432,1.9519730000000095,,
2025-12-20T02:49:12.897Z,2.277,3,1500,768x432,1.9705210000000193,,
2025-12-20T02:49:13.399Z,2.277,3,1500,768x432,1.9673939999999561,,
2025-12-20T02:49:13.627Z,2.059,2,1000,640x360,1.9432370000000105,,
2025-12-20T02:49:13.705Z,2.046,3,1500,768x432,1.968435999999997,,
2025-12-20T02:49:13.894Z,2.271,3,1500,768x432,1.972377999999992,,
2025-12-20T02:49:14.396Z,2.283,3,1500,768x432,1.9714170000000308,,
2025-12-20T02:49:14.899Z,2.259,3,1500,768x432,1.9668649999999843,,
2025-12-20T02:49:15.401Z,2.272,3,1500,768x432,1.9665180000000078,,
2025-12-20T02:49:15.900Z,2.27,3,1500,768x432,1.9666240000000244,,
2025-12-20T02:49:16.224Z,1.967,2,1000,640x360,1.9439989999999625,,
2025-12-20T02:49:16.393Z,2.284,2,1000,640x360,1.9758689999999888,,
2025-12-20T02:49:16.473Z,2.284,3,1500,768x432,1.895132999999987,,
2025-12-20T02:49:16.906Z,2.279,3,1500,768x432,1.9591739999999618,,
2025-12-20T02:49:17.401Z,2.286,3,1500,768x432,1.9661869999999908,,
2025-12-20T02:49:17.897Z,2.275,3,1500,768x432,1.9707939999999553,,
2025-12-20T02:49:18.400Z,2.256,3,1500,768x432,1.9640979999999786,,
2025-12-20T02:49:18.900Z,2.274,3,1500,768x432,1.9690429999999992,,
2025-12-20T02:49:18.995Z,2.276,2,1000,640x360,1.986099999999965,,
2025-12-20T02:49:19.075Z,2.175,3,1500,768x432,2.001421999999991,,
2025-12-20T02:49:19.403Z,2.255,3,1500,768x432,1.9740259999999807,,
2025-12-20T02:49:19.903Z,2.269,3,1500,768x432,1.961736999999971,,
2025-12-20T02:49:20.402Z,2.279,3,1500,768x432,1.963832000000025,,
2025-12-20T02:49:20.908Z,2.273,3,1500,768x432,1.9581139999999664,,
2025-12-20T02:49:21.400Z,2.267,3,1500,768x432,1.967839999999967,,
2025-12-20T02:49:21.899Z,2.262,3,1500,768x432,1.9667060000000447,,
2025-12-20T02:49:22.407Z,2.271,3,1500,768x432,1.9561390000000074,,
2025-12-20T02:49:22.904Z,2.264,3,1500,768x432,1.965473999999972,,
2025-12-20T02:49:23.407Z,2.251,3,1500,768x432,1.9610720000000015,,
2025-12-20T02:49:23.926Z,2.234,3,1500,768x432,1.9399070000000052,,
2025-12-20T02:49:24.395Z,2.279,3,1500,768x432,1.9705880000000207,,
2025-12-20T02:49:24.924Z,2.259,3,1500,768x432,1.9537930000000188,,
2025-12-20T02:49:25.025Z,2.206,2,1000,640x360,1.9505480000000261,,
2025-12-20T02:49:25.102Z,2.16,3,1500,768x432,1.9822409999999877,,
2025-12-20T02:49:25.410Z,2.251,3,1500,768x432,1.9577019999999834,,
2025-12-20T02:49:25.966Z,2.191,3,1500,768x432,1.9960209999999847,,
2025-12-20T02:49:26.452Z,2.199,3,1500,768x432,1.9158909999999878,,
2025-12-20T02:49:26.948Z,2.208,3,1500,768x432,1.9291000000000054,,
2025-12-20T02:49:27.429Z,2.227,3,1500,768x432,1.939839999999947,,
2025-12-20T02:49:27.933Z,2.217,3,1500,768x432,1.9379710000000046,,
2025-12-20T02:49:28.421Z,2.236,3,1500,768x432,1.9424940000000106,,
2025-12-20T02:49:28.914Z,2.245,3,1500,768x432,1.9541120000000092,,
2025-12-20T02:49:29.397Z,2.26,3,1500,768x432,1.9802889999999707,,
2025-12-20T02:49:29.898Z,2.279,3,1500,768x432,1.967174,,
2025-12-20T02:49:29.966Z,2.279,2,1000,640x360,2.005896000000007,,
2025-12-20T02:49:30.050Z,2.156,3,1500,768x432,1.9280019999999922,,
2025-12-20T02:49:30.399Z,2.287,3,1500,768x432,1.9736800000000017,,
2025-12-20T02:49:30.898Z,2.278,3,1500,768x432,1.9690939999999841,,
2025-12-20T02:49:31.413Z,2.268,3,1500,768x432,1.9505340000000047,,
2025-12-20T02:49:31.900Z,2.275,3,1500,768x432,1.9696220000000153,,
2025-12-20T02:49:32.406Z,2.263,3,1500,768x432,1.9569619999999759,,
2025-12-20T02:49:32.911Z,2.268,3,1500,768x432,1.9571880000000306,,
2025-12-20T02:49:32.991Z,2.221,2,1000,640x360,1.9828620000000114,,
2025-12-20T02:49:33.068Z,2.127,3,1500,768x432,1.9053980000000479,,
2025-12-20T02:49:33.398Z,2.281,3,1500,768x432,1.9709209999999757,,
2025-12-20T02:49:33.903Z,2.274,3,1500,768x432,1.9660840000000235,,
2025-12-20T02:49:34.402Z,2.289,3,1500,768x432,1.9812140000000227,,
2025-12-20T02:49:34.901Z,2.269,3,1500,768x432,1.961872000000028,,
2025-12-20T02:49:35.402Z,2.276,3,1500,768x432,1.9632349999999974,,
2025-12-20T02:49:35.897Z,2.258,3,1500,768x432,1.974691000000007,,
2025-12-20T02:49:36.399Z,2.277,3,1500,768x432,1.9680869999999686,,
2025-12-20T02:49:36.549Z,2.264,2,1000,640x360,1.9166210000000206,,
2025-12-20T02:49:36.626Z,2.126,3,1500,768x432,1.9433260000000132,,
2025-12-20T02:49:36.899Z,2.283,3,1500,768x432,1.9682280000000105,,
2025-12-20T02:49:37.401Z,2.28,3,1500,768x432,1.966887999999983,,
2025-12-20T02:49:37.904Z,2.281,3,1500,768x432,1.9702260000000251,,
2025-12-20T02:49:38.430Z,2.27,3,1500,768x432,1.939625000000035,,
2025-12-20T02:49:38.906Z,2.275,3,1500,768x432,1.963361999999961,,
2025-12-20T02:49:39.178Z,2.025,2,1000,640x360,2.0055490000000304,,
2025-12-20T02:49:39.255Z,2.013,3,1500,768x432,1.9265270000000214,,
2025-12-20T02:49:39.401Z,2.263,3,1500,768x432,1.9713690000000383,,
2025-12-20T02:49:39.899Z,2.26,3,1500,768x432,1.9673709999999573,,
2025-12-20T02:49:40.403Z,2.247,3,1500,768x432,1.9591609999999946,,
2025-12-20T02:49:40.906Z,2.278,3,1500,768x432,1.9597769999999741,,
2025-12-20T02:49:41.409Z,2.246,3,1500,768x432,1.955237000000011,,
2025-12-20T02:49:41.944Z,2.238,3,1500,768x432,1.9308899999999767,,
2025-12-20T02:49:42.400Z,2.249,3,1500,768x432,1.972627999999986,,
2025-12-20T02:49:42.517Z,2.28,2,1000,640x360,1.9625389999999925,,
2025-12-20T02:49:42.596Z,2.16,3,1500,768x432,1.975621999999987,,
2025-12-20T02:49:42.903Z,2.269,3,1500,768x432,1.9635099999999852,,
2025-12-20T02:49:43.501Z,2.175,3,1500,768x432,1.9703939999999989,,
2025-12-20T02:49:43.897Z,2.27,3,1500,768x432,1.9692829999999617,,
2025-12-20T02:49:44.417Z,2.251,3,1500,768x432,1.963974999999948,,
2025-12-20T02:49:44.915Z,2.242,3,1500,768x432,1.9591269999999668,,
2025-12-20T02:49:45.217Z,2.006,2,1000,640x360,1.9660220000000095,,
2025-12-20T02:49:45.625Z,2.037,2,1000,640x360,1.940889000000027,,
2025-12-20T02:49:45.702Z,2.024,3,1500,768x432,1.965153999999984,,
2025-12-20T02:49:46.371Z,1.813,3,1500,768x432,2.0040860000000293,,
2025-12-20T02:49:46.950Z,1.734,3,1500,768x432,1.9323420000000056,,
2025-12-20T02:49:47.453Z,1.726,3,1500,768x432,1.9262000000000512,,
2025-12-20T02:49:47.724Z,1.872,3,1500,768x432,1.9466699999999832,,
2025-12-20T02:49:47.896Z,2.274,3,1500,768x432,1.9783759999999688,,
2025-12-20T02:49:49.089Z,1.593,3,1500,768x432,1.9820310000000063,,
2025-12-20T02:49:49.719Z,1.45,3,1500,768x432,1.9511349999999652,,
2025-12-20T02:49:50.321Z,1.374,3,1500,768x432,1.9473219999999856,,
2025-12-20T02:49:50.918Z,1.27,3,1500,768x432,1.9575110000000109,,
2025-12-20T02:49:51.507Z,1.179,3,1500,768x432,1.9635940000000005,,
2025-12-20T02:49:52.113Z,1.058,3,1500,768x432,1.9597520000000372,,
2025-12-20T02:49:52.731Z,0.956,3,1500,768x432,1.9340199999999754,,
2025-12-20T02:49:53.348Z,0.803,3,1500,768x432,1.9146450000000073,,
2025-12-20T02:49:53.968Z,0.701,3,1500,768x432,2.0053060000000187,,
2025-12-20T02:49:54.575Z,0.605,3,1500,768x432,1.9987870000000498,,
2025-12-20T02:49:54.649Z,0.6,2,1000,640x360,1.9244810000000143,,
2025-12-20T02:49:55.069Z,0.604,2,1000,640x360,2.013528000000008,,
2025-12-20T02:49:55.145Z,0.618,3,1500,768x432,1.935487999999964,,
2025-12-20T02:49:55.621Z,0.542,3,1500,768x432,1.9482479999999782,,
2025-12-20T02:49:55.701Z,0.556,2,1000,640x360,1.974154999999996,,
2025-12-20T02:49:56.066Z,0.591,2,1000,640x360,1.9986979999999903,,
2025-12-20T02:49:56.146Z,0.606,3,1500,768x432,1.9189969999999903,,
2025-12-20T02:49:56.418Z,0.29,3,1500,768x432,1.9531880000000115,,rebuffer happen
2025-12-20T02:49:56.717Z,0.443,3,1500,768x432,1.9557590000000005,,
2025-12-20T02:49:56.794Z,0.456,2,1000,640x360,1.9735310000000368,,
2025-12-20T02:49:56.950Z,0.226,2,1000,640x360,1.9259020000000078,,rebuffer happen
2025-12-20T02:49:57.214Z,0.447,2,1000,640x360,1.9575249999999755,,
2025-12-20T02:49:57.279Z,0.461,1,600,480x270,1.98851099999996,,
2025-12-20T02:49:57.397Z,0.278,1,600,480x270,1.9646930000000111,,rebuffer happen
2025-12-20T02:49:57.558Z,0.612,1,600,480x270,1.913481000000047,,
2025-12-20T02:49:57.637Z,0.616,3,1500,768x432,1.9266190000000165,,
2025-12-20T02:49:58.191Z,0.255,3,1500,768x432,1.9759859999999776,,rebuffer happen
2025-12-20T02:49:58.426Z,0.248,3,1500,768x432,1.9420319999999833,,
2025-12-20T02:49:58.499Z,0.221,2,1000,640x360,1.9763100000000122,,
2025-12-20T02:49:58.672Z,0.484,2,1000,640x360,1.992845999999986,,
2025-12-20T02:49:58.736Z,0.452,1,600,480x270,1.9288500000000113,,
2025-12-20T02:49:58.860Z,0.787,1,600,480x270,1.904800000000023,,
2025-12-20T02:49:58.940Z,0.817,3,1500,768x432,1.9329470000000128,,
2025-12-20T02:49:59.211Z,0.947,3,1500,768x432,1.9636659999999893,,
2025-12-20T02:49:59.474Z,1.174,3,1500,768x432,1.9966890000000035,,
2025-12-20T02:49:59.743Z,1.411,3,1500,768x432,1.9204809999999952,,
2025-12-20T02:50:00.016Z,1.655,3,1500,768x432,1.9631899999999973,,
2025-12-20T02:50:00.286Z,1.883,3,1500,768x432,1.9910019999999804,,
2025-12-20T02:50:00.649Z,2.002,3,1500,768x432,1.9185339999999655,,
2025-12-20T02:50:01.021Z,2.143,3,1500,768x432,1.944947999999954,,
2025-12-20T02:50:01.495Z,2.164,3,1500,768x432,1.9684710000000223,,
2025-12-20T02:50:01.999Z,2.155,3,1500,768x432,1.9703559999999811,,
2025-12-20T02:50:02.486Z,2.17,3,1500,768x432,1.9797780000000103,,
2025-12-20T02:50:02.922Z,2.24,3,1500,768x432,1.9483069999999998,,
2025-12-20T02:50:03.496Z,2.167,3,1500,768x432,1.969695999999999,,
2025-12-20T02:50:04.001Z,2.169,3,1500,768x432,1.9767100000000255,,
2025-12-20T02:50:04.460Z,2.203,3,1500,768x432,1.9099199999999996,,
2025-12-20T02:50:04.934Z,2.257,3,1500,768x432,1.9363710000000083,,
2025-12-20T02:50:05.538Z,2.13,3,1500,768x432,1.9381690000000162,,
2025-12-20T02:50:05.990Z,2.171,3,1500,768x432,1.9777429999999754,,
2025-12-20T02:50:06.492Z,2.164,3,1500,768x432,1.9708180000000084,,
2025-12-20T02:50:06.966Z,2.192,3,1500,768x432,2.0059689999999932,,
2025-12-20T02:50:07.438Z,2.214,3,1500,768x432,1.9293440000000146,,
2025-12-20T02:50:07.901Z,2.267,3,1500,768x432,1.9657569999999964,,
2025-12-20T02:50:08.604Z,2.059,3,1500,768x432,1.9618839999999977,,
2025-12-20T02:50:08.945Z,2.218,3,1500,768x432,1.9256129999999985,,
2025-12-20T02:50:09.433Z,2.234,3,1500,768x432,1.9476600000000417,,
2025-12-20T02:50:09.999Z,2.154,3,1500,768x432,1.969062000000008,,
2025-12-20T02:50:10.398Z,2.266,3,1500,768x432,1.9662640000000238,,
2025-12-20T02:50:10.897Z,2.276,3,1500,768x432,1.969430999999986,,
2025-12-20T02:50:11.408Z,2.27,3,1500,768x432,1.9583700000000022,,
2025-12-20T02:50:11.901Z,2.276,3,1500,768x432,1.9633549999999786,,
2025-12-20T02:50:12.231Z,2.134,2,1000,640x360,1.9511810000000196,,
2025-12-20T02:50:12.391Z,2.287,2,1000,640x360,1.991960000000006,,
2025-12-20T02:50:12.466Z,2.271,3,1500,768x432,1.9149980000000255,,
2025-12-20T02:50:12.902Z,2.277,3,1500,768x432,1.966224000000011,,
2025-12-20T02:50:13.401Z,2.285,3,1500,768x432,1.9724630000000047,,
2025-12-20T02:50:13.910Z,2.243,3,1500,768x432,1.952855999999997,,
2025-12-20T02:50:14.414Z,2.239,3,1500,768x432,1.9496619999999893,,
2025-12-20T02:50:14.971Z,2.186,3,1500,768x432,2.001419999999996,,
2025-12-20T02:50:15.083Z,2.208,2,1000,640x360,1.990205000000003,,
2025-12-20T02:50:15.157Z,2.095,3,1500,768x432,1.915674000000024,,
2025-12-20T02:50:15.452Z,2.205,3,1500,768x432,1.9130949999999984,,
2025-12-20T02:50:15.961Z,2.204,3,1500,768x432,1.9109929999999622,,
2025-12-20T02:50:16.413Z,2.249,3,1500,768x432,1.954591999999991,,
2025-12-20T02:50:16.912Z,2.244,3,1500,768x432,1.9574820000000273,,
2025-12-20T02:50:17.407Z,2.254,3,1500,768x432,1.9695580000000064,,
2025-12-20T02:50:17.931Z,2.231,3,1500,768x432,1.9399660000000267,,
2025-12-20T02:50:18.136Z,2.079,2,1000,640x360,1.955116999999973,,
2025-12-20T02:50:18.214Z,2.04,3,1500,768x432,1.979631999999981,,
2025-12-20T02:50:18.404Z,2.266,3,1500,768x432,1.979124000000013,,
2025-12-20T02:50:18.898Z,2.265,3,1500,768x432,1.974612000000036,,
2025-12-20T02:50:19.436Z,2.245,3,1500,768x432,1.9316479999999956,,
2025-12-20T02:50:19.901Z,2.275,3,1500,768x432,1.9645620000000008,,
2025-12-20T02:50:20.397Z,2.28,3,1500,768x432,1.9703600000000279,,
2025-12-20T02:50:20.900Z,2.272,3,1500,768x432,1.9661739999999668,,
2025-12-20T02:50:21.400Z,2.283,3,1500,768x432,1.9782600000000343,,
2025-12-20T02:50:21.905Z,2.25,3,1500,768x432,1.9621799999999894,,
2025-12-20T02:50:22.423Z,2.244,3,1500,768x432,1.9554540000000316,,
2025-12-20T02:50:22.894Z,2.286,3,1500,768x432,1.9741639999999734,,
2025-12-20T02:50:23.410Z,2.245,3,1500,768x432,1.9591819999999984,,
2025-12-20T02:50:23.891Z,2.261,3,1500,768x432,1.972325000000012,,
2025-12-20T02:50:24.457Z,2.281,3,1500,768x432,1.9067620000000147,,
2025-12-20T02:50:25.426Z,1.765,3,1500,768x432,1.9472939999999994,,
2025-12-20T02:50:25.972Z,1.7,3,1500,768x432,2.0037249999999744,,
2025-12-20T02:50:26.429Z,1.726,3,1500,768x432,1.946138000000019,,
2025-12-20T02:50:27.011Z,1.672,3,1500,768x432,1.9637330000000475,,
2025-12-20T02:50:27.511Z,1.639,3,1500,768x432,1.960787000000039,,
2025-12-20T02:50:28.011Z,1.675,3,1500,768x432,1.9639269999999556,,
2025-12-20T02:50:28.551Z,1.607,3,1500,768x432,1.921447999999998,,
2025-12-20T02:50:29.008Z,1.647,3,1500,768x432,1.9695560000000114,,
2025-12-20T02:50:29.424Z,1.727,3,1500,768x432,1.94237099999998,,
2025-12-20T02:50:29.815Z,1.839,3,1500,768x432,1.948442,,
2025-12-20T02:50:30.233Z,1.957,3,1500,768x432,1.9480100000000107,,
2025-12-20T02:50:30.627Z,2.033,3,1500,768x432,1.94523700000002,,
2025-12-20T02:50:31.087Z,2.093,3,1500,768x432,1.9770030000000247,,
2025-12-20T02:50:31.242Z,2.011,2,1000,640x360,1.9225079999999934,,
2025-12-20T02:50:31.541Z,2.118,2,1000,640x360,1.921974999999975,,
2025-12-20T02:50:31.618Z,2.132,3,1500,768x432,1.9527499999999804,,
2025-12-20T02:50:32.125Z,2.042,3,1500,768x432,1.9381890000000226,,
2025-12-20T02:50:32.602Z,2.062,3,1500,768x432,1.9607310000000098,,
2025-12-20T02:50:33.096Z,2.076,3,1500,768x432,1.9754920000000311,,
2025-12-20T02:50:33.586Z,2.079,3,1500,768x432,1.9797759999999585,,
2025-12-20T02:50:34.091Z,2.088,3,1500,768x432,1.9860269999999787,,
2025-12-20T02:50:34.614Z,2.052,3,1500,768x432,1.9552780000000212,,
2025-12-20T02:50:35.033Z,2.14,3,1500,768x432,1.9540339999999787,,
2025-12-20T02:50:35.541Z,2.123,3,1500,768x432,1.933554000000015,,
2025-12-20T02:50:36.065Z,2.098,3,1500,768x432,2.0058579999999893,,
2025-12-20T02:50:36.587Z,2.075,3,1500,768x432,1.978317000000004,,
2025-12-20T02:50:36.751Z,1.967,2,1000,640x360,1.9130670000000123,,
2025-12-20T02:50:37.019Z,2.144,2,1000,640x360,1.9475929999999835,,
2025-12-20T02:50:37.097Z,2.16,3,1500,768x432,1.9760570000000257,,
2025-12-20T02:50:37.602Z,2.063,3,1500,768x432,1.967581999999993,,
2025-12-20T02:50:38.101Z,2.075,3,1500,768x432,1.9777899999999704,,
2025-12-20T02:50:38.584Z,2.074,3,1500,768x432,1.9912249999999858,,
2025-12-20T02:50:39.079Z,2.103,3,1500,768x432,2.0105250000000296,,
2025-12-20T02:50:39.593Z,2.078,3,1500,768x432,1.9858619999999974,,
2025-12-20T02:50:40.021Z,2.136,3,1500,768x432,1.9491639999999961,,
2025-12-20T02:50:40.564Z,2.101,3,1500,768x432,1.9994580000000042,,
2025-12-20T02:50:41.133Z,2.033,3,1500,768x432,1.934412000000009,,
2025-12-20T02:50:41.591Z,2.071,3,1500,768x432,1.977597000000003,,
2025-12-20T02:50:42.041Z,2.115,3,1500,768x432,1.9334830000000238,,
2025-12-20T02:50:42.260Z,2.142,2,1000,640x360,1.9100819999999885,,
2025-12-20T02:50:42.513Z,2.142,2,1000,640x360,1.9514859999999885,,
2025-12-20T02:50:42.583Z,2.122,3,1500,768x432,1.9918390000000272,,
2025-12-20T02:50:43.046Z,2.124,3,1500,768x432,1.9422680000000128,,
2025-12-20T02:50:43.652Z,2.018,3,1500,768x432,1.918736000000024,,
2025-12-20T02:50:44.007Z,2.157,3,1500,768x432,1.9622299999999768,,
2025-12-20T02:50:44.478Z,2.174,3,1500,768x432,1.9908609999999953,,
2025-12-20T02:50:44.958Z,2.205,3,1500,768x432,1.9113249999999766,,
2025-12-20T02:50:45.533Z,2.128,3,1500,768x432,1.932643999999982,,
2025-12-20T02:50:46.056Z,2.108,3,1500,768x432,1.9133739999999761,,
2025-12-20T02:50:46.522Z,2.139,3,1500,768x432,1.9467609999999809,,
2025-12-20T02:50:46.675Z,2.029,2,1000,640x360,1.9878079999999727,,
2025-12-20T02:50:46.755Z,1.999,3,1500,768x432,1.9066559999999981,,
2025-12-20T02:50:47.061Z,2.11,3,1500,768x432,1.912885000000017,,
2025-12-20T02:50:47.514Z,2.151,3,1500,768x432,1.9585629999999696,,
2025-12-20T02:50:48.010Z,2.161,3,1500,768x432,1.9674120000000244,,
2025-12-20T02:50:48.516Z,2.153,3,1500,768x432,1.9567920000000072,,
2025-12-20T02:50:49.006Z,2.181,3,1500,768x432,1.9665520000000356,,
2025-12-20T02:50:49.449Z,2.215,3,1500,768x432,1.9161489999999617,,
2025-12-20T02:50:49.926Z,2.227,3,1500,768x432,1.941709000000003,,
2025-12-20T02:50:50.237Z,2.197,2,1000,640x360,1.9465840000000298,,
2025-12-20T02:50:50.407Z,2.243,2,1000,640x360,1.9595710000000395,,
2025-12-20T02:50:50.487Z,2.272,3,1500,768x432,1.9917939999999703,,
2025-12-20T02:50:50.955Z,2.228,3,1500,768x432,1.9158089999999675,,
2025-12-20T02:50:51.462Z,2.197,3,1500,768x432,2.0027350000000297,,
2025-12-20T02:50:51.989Z,2.192,3,1500,768x432,1.9851700000000392,,
2025-12-20T02:50:52.496Z,2.167,3,1500,768x432,1.9729669999999828,,
2025-12-20T02:50:53.034Z,2.131,3,1500,768x432,1.9331770000000006,,
2025-12-20T02:50:53.500Z,2.159,3,1500,768x432,1.9699880000000007,,
2025-12-20T02:50:53.680Z,2.175,2,1000,640x360,1.9894840000000045,,
2025-12-20T02:50:53.760Z,1.968,3,1500,768x432,1.9088840000000005,,
2025-12-20T02:50:54.031Z,2.135,3,1500,768x432,1.942604000000017,,
2025-12-20T02:50:54.468Z,2.182,3,1500,768x432,1.999687999999992,,
2025-12-20T02:50:54.974Z,2.187,3,1500,768x432,1.9959409999999593,,
2025-12-20T02:50:55.467Z,2.188,3,1500,768x432,1.9986650000000168,,
2025-12-20T02:50:55.972Z,2.194,3,1500,768x432,2.0037680000000364,,
2025-12-20T02:50:56.470Z,2.189,3,1500,768x432,1.9999320000000012,,
2025-12-20T02:50:56.956Z,2.196,3,1500,768x432,1.9127750000000106,,
2025-12-20T02:50:57.084Z,2.105,2,1000,640x360,1.9906579999999963,,
2025-12-20T02:50:57.163Z,2.092,3,1500,768x432,1.9115720000000351,,
2025-12-20T02:50:57.454Z,2.201,3,1500,768x432,1.9096969999999942,,
2025-12-20T02:50:57.978Z,2.178,3,1500,768x432,1.9962920000000395,,
2025-12-20T02:50:58.495Z,2.153,3,1500,768x432,1.9727960000000166,,
2025-12-20T02:50:59.010Z,2.139,3,1500,768x432,1.953250999999966,,
2025-12-20T02:50:59.547Z,2.118,3,1500,768x432,1.914482000000021,,
2025-12-20T02:50:59.949Z,2.205,3,1500,768x432,1.920925000000011,,
2025-12-20T02:51:00.455Z,2.204,3,1500,768x432,1.9100300000000061,,
2025-12-20T02:51:00.621Z,2.222,2,1000,640x360,1.9431360000000382,,
2025-12-20T02:51:00.698Z,2.003,3,1500,768x432,1.9747059999999692,,
2025-12-20T02:51:00.982Z,2.17,3,1500,768x432,1.9878160000000094,,
2025-12-20T02:51:01.417Z,2.265,3,1500,768x432,1.945019000000002,,
2025-12-20T02:51:01.956Z,2.172,3,1500,768x432,1.917654999999968,,
2025-12-20T02:51:02.454Z,2.204,3,1500,768x432,1.9158779999999638,,
2025-12-20T02:51:02.971Z,2.213,3,1500,768x432,2.00148200000001,,
2025-12-20T02:51:03.613Z,2.05,3,1500,768x432,1.950710000000015,,
2025-12-20T02:51:03.988Z,2.177,3,1500,768x432,1.9848210000000108,,
2025-12-20T02:51:04.106Z,2.1,2,1000,640x360,1.960267999999985,,
2025-12-20T02:51:04.184Z,2.072,3,1500,768x432,1.9916489999999953,,
2025-12-20T02:51:04.462Z,2.193,3,1500,768x432,2.0016520000000355,,
2025-12-20T02:51:04.968Z,2.197,3,1500,768x432,2.0081759999999917,,
2025-12-20T02:51:05.453Z,2.206,3,1500,768x432,1.9140600000000063,,
2025-12-20T02:51:05.999Z,2.173,3,1500,768x432,1.9706390000000056,,
2025-12-20T02:51:06.488Z,2.166,3,1500,768x432,1.9782780000000457,,
2025-12-20T02:51:06.922Z,2.236,3,1500,768x432,1.9517630000000281,,
2025-12-20T02:51:07.225Z,2.037,2,1000,640x360,1.946884999999952,,
2025-12-20T02:51:07.412Z,2.247,2,1000,640x360,1.959152999999958,,
2025-12-20T02:51:07.488Z,2.268,3,1500,768x432,1.9939600000000155,,
2025-12-20T02:51:07.926Z,2.222,3,1500,768x432,1.9390939999999546,,
2025-12-20T02:51:08.466Z,2.186,3,1500,768x432,1.9956520000000069,,
2025-12-20T02:51:08.994Z,2.169,3,1500,768x432,1.9749340000000188,,
2025-12-20T02:51:09.513Z,2.163,3,1500,768x432,1.9523609999999962,,
2025-12-20T02:51:09.940Z,2.212,3,1500,768x432,1.9294550000000186,,
2025-12-20T02:51:10.442Z,2.208,3,1500,768x432,1.9210939999999823,,
2025-12-20T02:51:10.544Z,2.232,2,1000,640x360,1.9182690000000093,,
2025-12-20T02:51:10.621Z,2.129,3,1500,768x432,1.9418210000000045,,
2025-12-20T02:51:10.930Z,2.251,3,1500,768x432,1.9387259999999742,,
2025-12-20T02:51:11.455Z,2.195,3,1500,768x432,1.9176899999999932,,
2025-12-20T02:51:11.988Z,2.168,3,1500,768x432,1.9887810000000172,,
2025-12-20T02:51:12.457Z,2.2,3,1500,768x432,1.9177460000000224,,
2025-12-20T02:51:12.992Z,2.16,3,1500,768x432,1.980922000000021,,
2025-12-20T02:51:13.535Z,2.129,3,1500,768x432,1.9327690000000075,,
2025-12-20T02:51:13.753Z,2.047,2,1000,640x360,1.9104770000000144,,
2025-12-20T02:51:13.962Z,2.189,2,1000,640x360,2.002504999999985,,
2025-12-20T02:51:14.031Z,2.203,3,1500,768x432,1.9333540000000085,,
2025-12-20T02:51:14.465Z,2.188,3,1500,768x432,2.0011279999999942,,
2025-12-20T02:51:14.942Z,2.213,3,1500,768x432,1.9315650000000346,,
2025-12-20T02:51:15.469Z,2.18,3,1500,768x432,1.9991340000000264,,
2025-12-20T02:51:15.954Z,2.203,3,1500,768x432,1.9192239999999856,,
2025-12-20T02:51:16.465Z,2.194,3,1500,768x432,2.0030269999999746,,
2025-12-20T02:51:16.959Z,2.201,3,1500,768x432,1.913564000000008,,
2025-12-20T02:51:17.113Z,2.11,2,1000,640x360,1.9789390000000253,,
2025-12-20T02:51:17.191Z,2.082,3,1500,768x432,1.9926040000000285,,
2025-12-20T02:51:17.472Z,2.188,3,1500,768x432,2.00389100000001,,
2025-12-20T02:51:17.968Z,2.189,3,1500,768x432,1.9996240000000398,,
2025-12-20T02:51:18.502Z,2.161,3,1500,768x432,1.9617170000000215,,
2025-12-20T02:51:18.974Z,2.207,3,1500,768x432,1.9986260000000016,,
2025-12-20T02:51:19.441Z,2.214,3,1500,768x432,1.9234149999999772,,
2025-12-20T02:51:19.930Z,2.227,3,1500,768x432,1.9379920000000084,,
2025-12-20T02:51:20.571Z,2.084,3,1500,768x432,1.9952490000000012,,
2025-12-20T02:51:20.976Z,2.191,3,1500,768x432,2.003542999999979,,
2025-12-20T02:51:21.473Z,2.198,3,1500,768x432,1.9988930000000096,,
2025-12-20T02:51:21.961Z,2.186,3,1500,768x432,1.9059100000000058,,
2025-12-20T02:51:22.466Z,2.165,3,1500,768x432,2.000381999999945,,
2025-12-20T02:51:22.893Z,2.276,3,1500,768x432,1.9729299999999625,,
2025-12-20T02:51:23.416Z,2.241,3,1500,768x432,1.9502840000000106,,
2025-12-20T02:51:23.940Z,2.221,3,1500,768x432,1.9325189999999566,,
2025-12-20T02:51:24.484Z,2.195,3,1500,768x432,1.9839829999999665,,
2025-12-20T02:51:24.932Z,2.225,3,1500,768x432,1.9406430000000228,,
2025-12-20T02:51:25.457Z,2.226,3,1500,768x432,1.916924999999992,,
2025-12-20T02:51:25.954Z,2.207,3,1500,768x432,1.9209819999999809,,
2025-12-20T02:51:26.456Z,2.219,3,1500,768x432,1.9236989999999992,,
2025-12-20T02:51:27.132Z,2.028,3,1500,768x432,1.9394530000000145,,
2025-12-20T02:51:27.217Z,1.991,2,1000,640x360,1.9635149999999726,,
2025-12-20T02:51:27.449Z,2.281,2,1000,640x360,1.9165539999999623,,
2025-12-20T02:51:27.526Z,2.208,3,1500,768x432,1.9454039999999964,,
2025-12-20T02:51:27.933Z,2.224,3,1500,768x432,1.9337279999999737,,
2025-12-20T02:51:28.404Z,2.274,3,1500,768x432,1.963280999999995,,
2025-12-20T02:51:28.921Z,2.236,3,1500,768x432,1.9458720000000085,,
2025-12-20T02:51:29.456Z,2.239,3,1500,768x432,1.9197730000000206,,
2025-12-20T02:51:29.976Z,2.195,3,1500,768x432,2.001390000000015,,
2025-12-20T02:51:30.135Z,2.079,2,1000,640x360,1.966871000000026,,
2025-12-20T02:51:30.211Z,2.046,3,1500,768x432,1.975279999999998,,
2025-12-20T02:51:30.508Z,2.168,3,1500,768x432,1.9732339999999908,,
2025-12-20T02:51:30.978Z,2.183,3,1500,768x432,1.996375999999998,,
2025-12-20T02:51:31.451Z,2.236,3,1500,768x432,1.9178420000000074,,
2025-12-20T02:51:32.056Z,2.112,3,1500,768x432,1.91389300000003,,
2025-12-20T02:51:32.542Z,2.117,3,1500,768x432,1.9275610000000256,,
2025-12-20T02:51:33.004Z,2.128,3,1500,768x432,1.9731800000000135,,
2025-12-20T02:51:33.464Z,2.202,3,1500,768x432,2.00861900000001,,
2025-12-20T02:51:33.976Z,2.183,3,1500,768x432,1.999242000000038,,
2025-12-20T02:51:34.468Z,2.189,3,1500,768x432,2.009990000000016,,
2025-12-20T02:51:34.962Z,2.201,3,1500,768x432,2.0061150000000225,,
2025-12-20T02:51:35.478Z,2.179,3,1500,768x432,1.9862870000000044,,
2025-12-20T02:51:35.966Z,2.185,3,1500,768x432,2.002632999999946,,
2025-12-20T02:51:36.413Z,2.239,3,1500,768x432,1.9518320000000244,,
2025-12-20T02:51:36.898Z,2.271,3,1500,768x432,1.9756970000000251,,
2025-12-20T02:51:37.423Z,2.239,3,1500,768x432,1.9459980000000314,,
2025-12-20T02:51:37.934Z,2.227,3,1500,768x432,1.937232999999992,,
2025-12-20T02:51:38.547Z,2.111,3,1500,768x432,1.9225749999999948,,
2025-12-20T02:51:39.066Z,2.094,3,1500,768x432,1.9997450000000185,,
2025-12-20T02:51:39.484Z,2.173,3,1500,768x432,1.978238000000033,,
2025-12-20T02:51:39.661Z,2.168,2,1000,640x360,1.9036849999999959,,
2025-12-20T02:51:39.742Z,1.992,3,1500,768x432,1.9188359999999989,,
2025-12-20T02:51:40.007Z,2.15,3,1500,768x432,1.9541189999999915,,
2025-12-20T02:51:40.490Z,2.162,3,1500,768x432,1.9716720000000123,,
2025-12-20T02:51:40.955Z,2.206,3,1500,768x432,1.922001000000023,,
2025-12-20T02:51:41.457Z,2.195,3,1500,768x432,1.9135929999999917,,
2025-12-20T02:51:41.945Z,2.211,3,1500,768x432,1.927246000000025,,
2025-12-20T02:51:42.436Z,2.225,3,1500,768x432,1.9346530000000257,,
2025-12-20T02:51:42.770Z,1.934,2,1000,640x360,1.9930760000000305,,
2025-12-20T02:51:42.933Z,2.222,2,1000,640x360,1.9395890000000122,,
2025-12-20T02:51:43.002Z,2.247,3,1500,768x432,1.9878330000000233,,
2025-12-20T02:51:43.483Z,2.181,3,1500,768x432,1.9904500000000098,,
2025-12-20T02:51:44.003Z,2.169,3,1500,768x432,1.9712840000000256,,
2025-12-20T02:51:44.500Z,2.156,3,1500,768x432,1.9681550000000243,,
2025-12-20T02:51:45.022Z,2.135,3,1500,768x432,1.9430680000000393,,
2025-12-20T02:51:45.499Z,2.158,3,1500,768x432,1.966261999999972,,
2025-12-20T02:51:45.956Z,2.209,3,1500,768x432,1.9218030000000113,,
2025-12-20T02:51:46.405Z,2.252,3,1500,768x432,1.9636370000000056,,
2025-12-20T02:51:46.504Z,2.274,2,1000,640x360,1.977657000000022,,
2025-12-20T02:51:46.582Z,2.174,3,1500,768x432,1.9909430000000157,,
2025-12-20T02:51:47.000Z,2.244,3,1500,768x432,1.9877309999999966,,
2025-12-20T02:51:47.451Z,2.211,3,1500,768x432,1.9217919999999822,,
2025-12-20T02:51:48.043Z,2.189,3,1500,768x432,1.9278390000000059,,
2025-12-20T02:51:48.527Z,2.134,3,1500,768x432,1.9410179999999855,,
2025-12-20T02:51:48.947Z,2.215,3,1500,768x432,1.9221760000000359,,
2025-12-20T02:51:49.455Z,2.235,3,1500,768x432,1.9146489999999972,,
2025-12-20T02:51:49.751Z,2.108,2,1000,640x360,1.9120449999999778,,
2025-12-20T02:51:49.958Z,2.196,2,1000,640x360,1.9111689999999726,,
2025-12-20T02:51:50.034Z,2.221,3,1500,768x432,1.9454860000000167,,
2025-12-20T02:51:50.467Z,2.22,3,1500,768x432,2.0018289999999865,,
2025-12-20T02:51:50.958Z,2.203,3,1500,768x432,1.9141780000000495,,
2025-12-20T02:51:51.467Z,2.196,3,1500,768x432,2.001109999999983,,
2025-12-20T02:51:51.957Z,2.198,3,1500,768x432,1.9111429999999814,,
2025-12-20T02:51:52.448Z,2.203,3,1500,768x432,1.9204939999999624,,
2025-12-20T02:51:52.894Z,2.275,3,1500,768x432,1.973023000000012,,
2025-12-20T02:51:53.089Z,2.225,2,1000,640x360,1.9821109999999749,,
2025-12-20T02:51:53.167Z,2.093,3,1500,768x432,1.9027799999999502,,
2025-12-20T02:51:53.415Z,2.243,3,1500,768x432,1.9532029999999736,,
2025-12-20T02:51:53.928Z,2.227,3,1500,768x432,1.9364080000000286,,
2025-12-20T02:51:54.595Z,2.069,3,1500,768x432,1.9700390000000425,,
2025-12-20T02:51:55.000Z,2.169,3,1500,768x432,1.9712410000000204,,
2025-12-20T02:51:55.482Z,2.17,3,1500,768x432,1.98229299999997,,
2025-12-20T02:51:55.904Z,2.25,3,1500,768x432,1.9632869999999798,,
2025-12-20T02:51:56.401Z,2.245,3,1500,768x432,1.9641769999999497,,
2025-12-20T02:51:56.638Z,2.262,2,1000,640x360,1.9267060000000242,,
2025-12-20T02:51:56.716Z,1.999,3,1500,768x432,1.955645000000004,,
2025-12-20T02:51:56.939Z,2.22,3,1500,768x432,1.932249000000013,,
2025-12-20T02:51:57.458Z,2.198,3,1500,768x432,1.9075030000000197,,
2025-12-20T02:51:57.926Z,2.235,3,1500,768x432,1.9431690000000117,,
2025-12-20T02:51:58.509Z,2.153,3,1500,768x432,1.962684999999965,,
2025-12-20T02:51:59.098Z,2.065,3,1500,768x432,1.9737410000000182,,
2025-12-20T02:51:59.468Z,2.191,3,1500,768x432,2.0014229999999884,,
2025-12-20T02:51:59.957Z,2.215,3,1500,768x432,1.916716000000008,,
2025-12-20T02:52:00.169Z,2.042,2,1000,640x360,1.902749999999969,,
2025-12-20T02:52:00.246Z,2.014,3,1500,768x432,1.9327359999999771,,
2025-12-20T02:52:00.522Z,2.14,3,1500,768x432,1.9485890000000268,,
2025-12-20T02:52:00.950Z,2.218,3,1500,768x432,1.9189670000000092,,
2025-12-20T02:52:01.468Z,2.187,3,1500,768x432,1.99591700000002,,
2025-12-20T02:52:01.932Z,2.259,3,1500,768x432,1.9380879999999934,,
2025-12-20T02:52:02.385Z,2.28,3,1500,768x432,1.9877089999999953,,
2025-12-20T02:52:02.901Z,2.254,3,1500,768x432,1.9672540000000254,,
2025-12-20T02:52:03.502Z,2.25,3,1500,768x432,1.9674980000000346,,
2025-12-20T02:52:03.571Z,2.179,2,1000,640x360,1.8975389999999948,,
2025-12-20T02:52:03.649Z,2.091,3,1500,768x432,1.926603,,
2025-12-20T02:52:04.027Z,2.142,3,1500,768x432,1.9414539999999647,,
2025-12-20T02:52:04.435Z,2.224,3,1500,768x432,1.936587999999972,,
2025-12-20T02:52:04.929Z,2.228,3,1500,768x432,1.9399699999999598,,
2025-12-20T02:52:05.415Z,2.238,3,1500,768x432,1.949608000000012,,
2025-12-20T02:52:05.939Z,2.22,3,1500,768x432,1.9326679999999783,,
2025-12-20T02:52:06.455Z,2.205,3,1500,768x432,1.9136559999999463,,
2025-12-20T02:52:06.550Z,2.17,2,1000,640x360,1.9162129999999706,,
2025-12-20T02:52:06.627Z,2.126,3,1500,768x432,1.9452730000000429,,
2025-12-20T02:52:06.949Z,2.21,3,1500,768x432,1.922664999999995,,
2025-12-20T02:52:07.439Z,2.244,3,1500,768x432,1.9376700000000255,,
2025-12-20T02:52:07.968Z,2.192,3,1500,768x432,2.0009689999999978,,
2025-12-20T02:52:08.463Z,2.162,3,1500,768x432,2.0018180000000143,,
2025-12-20T02:52:09.015Z,2.134,3,1500,768x432,1.9508430000000203,,
2025-12-20T02:52:09.442Z,2.209,3,1500,768x432,1.923971999999992,,
2025-12-20T02:52:09.689Z,2.233,2,1000,640x360,1.988379000000009,,
2025-12-20T02:52:09.769Z,1.984,3,1500,768x432,1.9081840000000057,,
2025-12-20T02:52:10.064Z,2.097,3,1500,768x432,2.0061039999999934,,
2025-12-20T02:52:10.610Z,2.053,3,1500,768x432,1.958471999999972,,
2025-12-20T02:52:10.957Z,2.209,3,1500,768x432,1.9161940000000186,,
2025-12-20T02:52:11.552Z,2.186,3,1500,768x432,1.9159459999999626,,
2025-12-20T02:52:11.925Z,2.243,3,1500,768x432,1.9426020000000221,,
2025-12-20T02:52:12.517Z,2.155,3,1500,768x432,1.9550290000000246,,
2025-12-20T02:52:13.047Z,2.124,3,1500,768x432,1.9177270000000135,,
2025-12-20T02:52:13.456Z,2.217,3,1500,768x432,1.9074570000000222,,
2025-12-20T02:52:13.688Z,1.999,2,1000,640x360,1.9741399999999771,,
2025-12-20T02:52:13.768Z,1.985,3,1500,768x432,1.8936519999999746,,
2025-12-20T02:52:13.975Z,2.189,3,1500,768x432,2.0015370000000416,,
2025-12-20T02:52:14.460Z,2.188,3,1500,768x432,1.9094259999999963,,
2025-12-20T02:52:14.986Z,2.195,3,1500,768x432,1.9873529999999846,,
2025-12-20T02:52:15.491Z,2.163,3,1500,768x432,1.9759180000000356,,
2025-12-20T02:52:16.018Z,2.148,3,1500,768x432,1.958342000000016,,
2025-12-20T02:52:16.530Z,2.13,3,1500,768x432,1.9391179999999508,,
2025-12-20T02:52:17.012Z,2.134,3,1500,768x432,1.9554660000000013,,
2025-12-20T02:52:17.216Z,2.044,2,1000,640x360,1.9589579999999955,,
2025-12-20T02:52:17.403Z,2.25,2,1000,640x360,1.9643319999999562,,
2025-12-20T02:52:17.479Z,2.271,3,1500,768x432,1.9887630000000058,,
2025-12-20T02:52:17.971Z,2.184,3,1500,768x432,1.9979250000000093,,
2025-12-20T02:52:18.479Z,2.176,3,1500,768x432,1.984770000000026,,
2025-12-20T02:52:18.976Z,2.182,3,1500,768x432,1.9981600000000412,,
2025-12-20T02:52:19.486Z,2.167,3,1500,768x432,1.983731999999975,,
2025-12-20T02:52:20.008Z,2.181,3,1500,768x432,1.9716900000000237,,
2025-12-20T02:52:20.441Z,2.218,3,1500,768x432,1.9347430000000259,,
2025-12-20T02:52:20.580Z,2.21,2,1000,640x360,1.9939259999999877,,
2025-12-20T02:52:20.658Z,2.099,3,1500,768x432,1.914135999999985,,
2025-12-20T02:52:20.966Z,2.2,3,1500,768x432,2.007109000000014,,
2025-12-20T02:52:21.459Z,2.21,3,1500,768x432,1.918249000000003,,
2025-12-20T02:52:21.949Z,2.213,3,1500,768x432,1.9249389999999948,,
2025-12-20T02:52:22.447Z,2.202,3,1500,768x432,1.9215199999999868,,
2025-12-20T02:52:22.978Z,2.194,3,1500,768x432,1.9943850000000225,,
2025-12-20T02:52:23.476Z,2.171,3,1500,768x432,1.9905089999999745,,
2025-12-20T02:52:23.677Z,2.174,2,1000,640x360,1.9891939999999977,,
2025-12-20T02:52:23.755Z,1.967,3,1500,768x432,1.9097109999999589,,
2025-12-20T02:52:24.016Z,2.146,3,1500,768x432,1.9611869999999954,,
2025-12-20T02:52:24.480Z,2.182,3,1500,768x432,1.99398199999996,,
2025-12-20T02:52:25.078Z,2.109,3,1500,768x432,2.0097130000000334,,
2025-12-20T02:52:25.482Z,2.188,3,1500,768x432,1.9959139999999707,,
2025-12-20T02:52:25.958Z,2.2,3,1500,768x432,1.9082809999999881,,
2025-12-20T02:52:26.474Z,2.184,3,1500,768x432,1.992877999999962,,
2025-12-20T02:52:26.947Z,2.205,3,1500,768x432,1.9247609999999895,,
2025-12-20T02:52:27.165Z,2.222,2,1000,640x360,1.903065999999967,,
2025-12-20T02:52:27.243Z,1.946,3,1500,768x432,1.926934000000017,,
2025-12-20T02:52:27.490Z,2.163,3,1500,768x432,1.973382000000015,,
2025-12-20T02:52:27.953Z,2.207,3,1500,768x432,1.9168070000000057,,
2025-12-20T02:52:28.437Z,2.218,3,1500,768x432,1.9322899999999663,,
2025-12-20T02:52:28.946Z,2.118,3,1500,768x432,1.9245270000000119,,
2025-12-20T02:52:29.429Z,2.288,3,1500,768x432,1.950870000000009,,
2025-12-20T02:52:30.090Z,2.07,3,1500,768x432,1.975859000000014,,
2025-12-20T02:52:30.522Z,2.138,3,1500,768x432,1.9415639999999712,,
2025-12-20T02:52:30.692Z,1.994,2,1000,640x360,1.9730500000000006,,
2025-12-20T02:52:30.770Z,1.981,3,1500,768x432,1.8942470000000071,,
2025-12-20T02:52:31.024Z,2.136,3,1500,768x432,1.946743999999967,,
2025-12-20T02:52:31.479Z,2.169,3,1500,768x432,1.9901040000000307,,
2025-12-20T02:52:31.974Z,2.195,3,1500,768x432,2.000425000000007,,
2025-12-20T02:52:32.469Z,2.191,3,1500,768x432,1.998455999999976,,
2025-12-20T02:52:32.970Z,2.195,3,1500,768x432,2.0017990000000054,,
2025-12-20T02:52:33.469Z,2.193,3,1500,768x432,2.0027469999999994,,
2025-12-20T02:52:33.971Z,2.182,3,1500,768x432,1.9956789999999955,,
2025-12-20T02:52:34.117Z,2.203,2,1000,640x360,1.9579049999999825,,
2025-12-20T02:52:34.196Z,2.037,3,1500,768x432,1.9735200000000077,,
2025-12-20T02:52:34.473Z,2.175,3,1500,768x432,1.9937589999999545,,
2025-12-20T02:52:34.948Z,2.21,3,1500,768x432,1.9151880000000006,,
2025-12-20T02:52:35.474Z,2.183,3,1500,768x432,1.990885999999989,,
2025-12-20T02:52:35.978Z,2.183,3,1500,768x432,1.9915790000000015,,
2025-12-20T02:52:36.478Z,2.176,3,1500,768x432,1.9929970000000026,,
2025-12-20T02:52:36.986Z,2.182,3,1500,768x432,1.9905640000000062,,
2025-12-20T02:52:37.280Z,2.136,2,1000,640x360,1.9985730000000217,,
2025-12-20T02:52:37.477Z,2.184,2,1000,640x360,1.992574999999988,,
2025-12-20T02:52:37.545Z,2.203,3,1500,768x432,1.9231560000000059,,
2025-12-20T02:52:37.990Z,2.176,3,1500,768x432,1.9926530000000184,,
2025-12-20T02:52:38.480Z,2.181,3,1500,768x432,1.9948570000000245,,
2025-12-20T02:52:38.976Z,2.186,3,1500,768x432,1.9942360000000008,,
2025-12-20T02:52:39.496Z,2.151,3,1500,768x432,1.9681740000000332,,
2025-12-20T02:52:39.883Z,2.27,3,1500,768x432,1.9835640000000012,,
2025-12-20T02:52:40.460Z,2.193,3,1500,768x432,1.9017979999999852,,
2025-12-20T02:52:40.587Z,2.168,2,1000,640x360,1.9874409999999898,,
2025-12-20T02:52:40.665Z,2.053,3,1500,768x432,1.9100910000000226,,
2025-12-20T02:52:41.155Z,2.028,3,1500,768x432,1.9183780000000183,,
2025-12-20T02:52:41.491Z,2.17,3,1500,768x432,1.9794829999999592,,
2025-12-20T02:52:41.959Z,2.201,3,1500,768x432,1.9140760000000228,,
2025-12-20T02:52:42.484Z,2.179,3,1500,768x432,1.9904709999999568,,
2025-12-20T02:52:42.987Z,2.175,3,1500,768x432,1.9831009999999765,,
2025-12-20T02:52:43.478Z,2.173,3,1500,768x432,1.988332000000014,,
2025-12-20T02:52:43.983Z,2.179,3,1500,768x432,1.9915469999999686,,
2025-12-20T02:52:44.255Z,1.958,2,1000,640x360,1.9169760000000338,,
2025-12-20T02:52:44.445Z,2.212,2,1000,640x360,1.9245619999999803,,
2025-12-20T02:52:44.520Z,2.185,3,1500,768x432,1.9458490000000097,,
2025-12-20T02:52:45.011Z,2.153,3,1500,768x432,1.9601170000000252,,
2025-12-20T02:52:45.484Z,2.167,3,1500,768x432,1.9849060000000236,,
2025-12-20T02:52:45.921Z,2.238,3,1500,768x432,1.9467290000000048,,
2025-12-20T02:52:46.487Z,2.177,3,1500,768x432,1.9806100000000129,,
2025-12-20T02:52:46.989Z,2.17,3,1500,768x432,1.9766970000000015,,
2025-12-20T02:52:47.478Z,2.171,3,1500,768x432,1.9850040000000035,,
2025-12-20T02:52:47.702Z,1.984,2,1000,640x360,1.9721160000000282,,
2025-12-20T02:52:47.780Z,1.971,3,1500,768x432,1.9865629999999896,,
2025-12-20T02:52:48.027Z,2.133,3,1500,768x432,1.9406359999999836,,
2025-12-20T02:52:48.497Z,2.179,3,1500,768x432,1.9679009999999835,,
2025-12-20T02:52:48.934Z,2.242,3,1500,768x432,1.931336999999985,,
2025-12-20T02:52:49.466Z,2.209,3,1500,768x432,1.998217000000011,,
2025-12-20T02:52:49.978Z,2.189,3,1500,768x432,1.9940339999999992,,
2025-12-20T02:52:50.433Z,2.227,3,1500,768x432,1.9331359999999904,,
2025-12-20T02:52:50.945Z,2.218,3,1500,768x432,1.9304270000000088,,
2025-12-20T02:52:51.053Z,2.149,2,1000,640x360,1.93040400000001,,
2025-12-20T02:52:51.134Z,2.137,3,1500,768x432,1.9544099999999958,,
2025-12-20T02:52:51.453Z,2.211,3,1500,768x432,1.9209680000000162,,
2025-12-20T02:52:52.099Z,2.081,3,1500,768x432,1.97259600000001,,
2025-12-20T02:52:52.506Z,2.153,3,1500,768x432,1.9581760000000372,,
2025-12-20T02:52:52.979Z,2.187,3,1500,768x432,1.9966980000000376,,
2025-12-20T02:52:53.478Z,2.184,3,1500,768x432,1.9891890000000103,,
2025-12-20T02:52:53.974Z,2.183,3,1500,768x432,1.9998800000000188,,
2025-12-20T02:52:54.512Z,2.138,3,1500,768x432,1.9533760000000484,,
2025-12-20T02:52:54.955Z,2.21,3,1500,768x432,1.918440999999973,,
2025-12-20T02:52:55.462Z,2.196,3,1500,768x432,1.9061039999999707,,
2025-12-20T02:52:55.979Z,2.17,3,1500,768x432,1.9876720000000319,,
2025-12-20T02:52:56.455Z,2.2,3,1500,768x432,1.9084669999999733,,
2025-12-20T02:52:56.939Z,2.27,3,1500,768x432,1.9347759999999994,,
2025-12-20T02:52:57.415Z,2.246,3,1500,768x432,1.9553919999999607,,
2025-12-20T02:52:58.019Z,2.121,3,1500,768x432,1.9434320000000298,,
2025-12-20T02:52:58.419Z,2.256,3,1500,768x432,1.9423469999999838,,
2025-12-20T02:52:58.794Z,2.089,2,1000,640x360,1.9702629999999886,,
2025-12-20T02:52:59.007Z,2.149,2,1000,640x360,1.9673270000000116,,
2025-12-20T02:52:59.078Z,2.174,3,1500,768x432,1.9957169999999564,,
2025-12-20T02:52:59.531Z,2.146,3,1500,768x432,1.9333179999999857,,
2025-12-20T02:53:00.099Z,2.082,3,1500,768x432,1.970739999999978,,
2025-12-20T02:53:00.602Z,2.078,3,1500,768x432,1.960973000000024,,
2025-12-20T02:53:00.994Z,2.174,3,1500,768x432,1.9775700000000143,,
2025-12-20T02:53:01.459Z,2.218,3,1500,768x432,1.9057559999999967,,
2025-12-20T02:53:02.025Z,2.137,3,1500,768x432,1.955048999999974,,
2025-12-20T02:53:02.444Z,2.216,3,1500,768x432,1.9293590000000336,,
2025-12-20T02:53:02.927Z,2.228,3,1500,768x432,1.938853999999992,,
2025-12-20T02:53:03.461Z,2.193,3,1500,768x432,1.9032750000000078,,
2025-12-20T02:53:03.653Z,2.051,2,1000,640x360,1.9122910000000388,,
2025-12-20T02:53:03.728Z,2.021,3,1500,768x432,1.9417829999999867,,
2025-12-20T02:53:04.060Z,2.098,3,1500,768x432,1.9045189999999934,,
2025-12-20T02:53:04.499Z,2.157,3,1500,768x432,1.964065000000005,,
2025-12-20T02:53:05.023Z,2.14,3,1500,768x432,2.029016000000013,,
2025-12-20T02:53:05.416Z,2.221,3,1500,768x432,2.0027300000000423,,
2025-12-20T02:53:05.907Z,2.201,3,1500,768x432,1.9892570000000092,,
2025-12-20T02:53:06.430Z,2.175,3,1500,768x432,1.9511989999999741,,
2025-12-20T02:53:06.931Z,2.161,3,1500,768x432,1.9431809999999814,,
2025-12-20T02:53:07.426Z,2.159,3,1500,768x432,1.946169999999995,,
2025-12-20T02:53:07.615Z,1.988,2,1000,640x360,1.955691999999999,,
2025-12-20T02:53:07.689Z,1.97,3,1500,768x432,1.9710600000000227,,
2025-12-20T02:53:07.968Z,2.1,3,1500,768x432,1.9924530000000118,,
2025-12-20T02:53:08.405Z,2.158,3,1500,768x432,1.9556630000000155,,
2025-12-20T02:53:08.908Z,2.172,3,1500,768x432,1.962428999999986,,
2025-12-20T02:53:09.399Z,2.173,3,1500,768x432,1.9683899999999994,,
2025-12-20T02:53:09.951Z,2.191,3,1500,768x432,1.920471999999961,,
2025-12-20T02:53:10.399Z,2.187,3,1500,768x432,1.9752300000000105,,
2025-12-20T02:53:10.906Z,2.17,3,1500,768x432,1.9617299999999886,,
2025-12-20T02:53:11.136Z,2.051,2,1000,640x360,1.9543110000000183,,
2025-12-20T02:53:11.395Z,2.205,2,1000,640x360,1.9818149999999832,,
2025-12-20T02:53:11.471Z,2.2,3,1500,768x432,1.903665999999987,,
2025-12-20T02:53:11.898Z,2.176,3,1500,768x432,1.9745639999999867,,
2025-12-20T02:53:12.418Z,2.161,3,1500,768x432,1.9454749999999876,,
2025-12-20T02:53:12.899Z,2.179,3,1500,768x432,1.9660030000000006,,
2025-12-20T02:53:13.460Z,2.136,3,1500,768x432,1.9024289999999837,,
2025-12-20T02:53:13.897Z,2.173,3,1500,768x432,1.9688940000000343,,
2025-12-20T02:53:14.401Z,2.2,3,1500,768x432,1.9681459999999902,,
2025-12-20T02:53:14.902Z,2.178,3,1500,768x432,1.9646789999999896,,
2025-12-20T02:53:15.116Z,2.068,2,1000,640x360,1.9741999999999962,,
2025-12-20T02:53:15.182Z,1.965,3,1500,768x432,2.0006140000000414,,
2025-12-20T02:53:15.464Z,2.111,3,1500,768x432,2.0084550000000263,,
2025-12-20T02:53:15.926Z,2.17,3,1500,768x432,1.942965000000072,,
2025-12-20T02:53:16.416Z,2.191,3,1500,768x432,1.96356899999995,,
2025-12-20T02:53:16.897Z,2.161,3,1500,768x432,1.9721959999999967,,
2025-12-20T02:53:17.396Z,2.173,3,1500,768x432,1.9681860000000029,,
2025-12-20T02:53:17.895Z,2.174,3,1500,768x432,1.9762060000000474,,
2025-12-20T02:53:18.399Z,2.186,3,1500,768x432,1.9671610000000328,,
2025-12-20T02:53:18.895Z,2.179,3,1500,768x432,1.9738709999999173,,
2025-12-20T02:53:19.392Z,2.2,3,1500,768x432,1.9799430000000484,,
2025-12-20T02:53:19.894Z,2.183,3,1500,768x432,1.9742109999999684,,
2025-12-20T02:53:20.009Z,2.194,2,1000,640x360,1.9693359999999984,,
2025-12-20T02:53:20.085Z,2.091,3,1500,768x432,2.011532999999986,,
2025-12-20T02:53:20.395Z,2.208,3,1500,768x432,1.9910630000000538,,
2025-12-20T02:53:20.898Z,2.174,3,1500,768x432,1.9685180000000173,,
2025-12-20T02:53:21.399Z,2.194,3,1500,768x432,1.9699990000000298,,
2025-12-20T02:53:21.904Z,2.181,3,1500,768x432,1.9634469999999737,,
2025-12-20T02:53:22.398Z,2.191,3,1500,768x432,1.9701229999999441,,
2025-12-20T02:53:22.905Z,2.187,3,1500,768x432,1.964574999999968,,
2025-12-20T02:53:23.403Z,2.164,3,1500,768x432,1.9650879999999233,,
2025-12-20T02:53:23.888Z,2.19,3,1500,768x432,1.9903150000000096,,
2025-12-20T02:53:24.398Z,2.192,3,1500,768x432,1.9773099999999886,,
2025-12-20T02:53:24.612Z,1.993,2,1000,640x360,1.9619169999999713,,
2025-12-20T02:53:24.688Z,1.978,3,1500,768x432,1.9901060000000825,,
2025-12-20T02:53:25.478Z,1.619,3,1500,768x432,1.9877289999999448,,
2025-12-20T02:53:26.185Z,1.427,3,1500,768x432,1.9923279999999295,,
2025-12-20T02:53:26.876Z,1.218,3,1500,768x432,1.9923670000000584,,
2025-12-20T02:53:27.601Z,1.011,3,1500,768x432,1.9649639999998953,,
2025-12-20T02:53:28.370Z,0.739,3,1500,768x432,2.0112459999999146,,
2025-12-20T02:53:29.117Z,0.503,3,1500,768x432,1.956395999999927,,
2025-12-20T02:53:29.196Z,0.469,2,1000,640x360,1.9744129999999132,,
2025-12-20T02:53:29.338Z,0.281,2,1000,640x360,1.9247659999999769,,rebuffer happen
2025-12-20T02:53:29.695Z,0.378,2,1000,640x360,1.977139999999963,,
2025-12-20T02:53:29.776Z,0.389,1,600,480x270,1.9877649999999676,,
2025-12-20T02:53:29.872Z,0.28,1,600,480x270,1.9999400000000378,,rebuffer happen
2025-12-20T02:53:30.073Z,0.503,1,600,480x270,1.9941049999999905,,
2025-12-20T02:53:30.153Z,0.515,3,1500,768x432,1.913925000000063,,
2025-12-20T02:53:30.363Z,0.291,3,1500,768x432,2.0018539999999803,,rebuffer happen
2025-12-20T02:53:30.520Z,0.3,3,1500,768x432,1.9493310000000292,,rebuffer happen
2025-12-20T02:53:30.587Z,0.299,3,1500,768x432,1.976541999999995,,rebuffer happen
2025-12-20T02:53:30.861Z,0.246,3,1500,768x432,1.901079999999979,,
2025-12-20T02:53:30.928Z,0.224,2,1000,640x360,1.9403100000000677,,
2025-12-20T02:53:31.070Z,0.028,2,1000,640x360,2.0115339999999833,,rebuffer happen
2025-12-20T02:53:31.396Z,0.241,2,1000,640x360,2.019273999999996,,
2025-12-20T02:53:31.480Z,0.186,1,600,480x270,2.03440999999998,,
2025-12-20T02:53:31.723Z,0.392,1,600,480x270,1.9936609999999746,,
2025-12-20T02:53:31.791Z,0.414,0,200,320x180,2.026247999999896,,
2025-12-20T02:53:31.861Z,0.748,0,200,320x180,1.9550349999999526,,
2025-12-20T02:53:31.935Z,0.774,3,1500,768x432,1.9736820000000534,,
2025-12-20T02:53:32.336Z,0.766,3,1500,768x432,1.953649999999925,,
2025-12-20T02:53:32.758Z,0.842,3,1500,768x432,1.914427000000046,,
2025-12-20T02:53:33.153Z,0.927,3,1500,768x432,1.924299000000019,,
2025-12-20T02:53:33.424Z,1.155,3,1500,768x432,1.9506250000000591,,
2025-12-20T02:53:33.705Z,1.365,3,1500,768x432,1.9586659999999938,,
2025-12-20T02:53:33.992Z,1.576,3,1500,768x432,1.9816769999999906,,
2025-12-20T02:53:34.280Z,1.797,3,1500,768x432,1.9904020000000173,,
2025-12-20T02:53:34.568Z,2.006,3,1500,768x432,2.003101000000015,,
2025-12-20T02:53:34.907Z,2.193,3,1500,768x432,1.961259000000041,,
2025-12-20T02:53:35.397Z,2.19,3,1500,768x432,1.9749610000000075,,
2025-12-20T02:53:35.902Z,2.169,3,1500,768x432,1.970077999999944,,
2025-12-20T02:53:36.403Z,2.191,3,1500,768x432,1.9764810000000352,,
2025-12-20T02:53:36.905Z,2.186,3,1500,768x432,1.9646549999999934,,
2025-12-20T02:53:37.407Z,2.178,3,1500,768x432,1.9582189999999855,,
2025-12-20T02:53:37.921Z,2.178,3,1500,768x432,1.9527930000000424,,
2025-12-20T02:53:38.145Z,2.12,2,1000,640x360,1.9262370000000146,,
2025-12-20T02:53:38.418Z,2.163,2,1000,640x360,1.954091999999946,,
2025-12-20T02:53:38.490Z,2.17,3,1500,768x432,1.975840000000062,,
2025-12-20T02:53:38.900Z,2.182,3,1500,768x432,1.96688800000004,,
2025-12-20T02:53:39.406Z,2.173,3,1500,768x432,1.9651989999999842,,
2025-12-20T02:53:39.920Z,2.167,3,1500,768x432,1.9590630000000147,,
2025-12-20T02:53:40.416Z,2.194,3,1500,768x432,1.9605900000000247,,
2025-12-20T02:53:40.950Z,2.142,3,1500,768x432,1.922245000000089,,
2025-12-20T02:53:41.437Z,2.129,3,1500,768x432,1.9299869999999828,,
2025-12-20T02:53:41.902Z,2.186,3,1500,768x432,1.9646420000000262,,
2025-12-20T02:53:42.106Z,2.134,2,1000,640x360,1.9603180000000293,,
2025-12-20T02:53:42.184Z,1.983,3,1500,768x432,1.990994999999998,,
2025-12-20T02:53:42.461Z,2.187,3,1500,768x432,1.9067329999999174,,
2025-12-20T02:53:42.920Z,2.18,3,1500,768x432,1.9504929999999376,,
2025-12-20T02:53:43.408Z,2.172,3,1500,768x432,1.9618669999999838,,
2025-12-20T02:53:43.911Z,2.178,3,1500,768x432,1.9617620000000215,,
2025-12-20T02:53:44.412Z,2.175,3,1500,768x432,1.9675550000000612,,
2025-12-20T02:53:44.912Z,2.163,3,1500,768x432,1.9545170000000098,,
2025-12-20T02:53:45.407Z,2.163,3,1500,768x432,1.9598839999999882,,
2025-12-20T02:53:45.915Z,2.156,3,1500,768x432,1.9525219999999308,,
2025-12-20T02:53:46.027Z,2.146,2,1000,640x360,1.9431520000000546,,
2025-12-20T02:53:46.106Z,2.058,3,1500,768x432,1.9586679999999888,,
2025-12-20T02:53:46.398Z,2.169,3,1500,768x432,1.9672049999999217,,
2025-12-20T02:53:46.909Z,2.161,3,1500,768x432,1.9592999999999847,,
2025-12-20T02:53:47.412Z,2.166,3,1500,768x432,1.9606240000000525,,
2025-12-20T02:53:47.906Z,2.164,3,1500,768x432,1.9669699999999466,,
2025-12-20T02:53:48.398Z,2.167,3,1500,768x432,1.977312999999981,,
2025-12-20T02:53:48.895Z,2.188,3,1500,768x432,1.9708269999999857,,
2025-12-20T02:53:49.401Z,2.158,3,1500,768x432,1.9637729999999465,,
2025-12-20T02:53:49.623Z,2.11,2,1000,640x360,1.9409950000000435,,
2025-12-20T02:53:49.890Z,2.2,2,1000,640x360,1.97505799999999,,
2025-12-20T02:53:49.968Z,2.167,3,1500,768x432,1.9006070000000364,,
2025-12-20T02:53:50.399Z,2.188,3,1500,768x432,1.9671879999999646,,
2025-12-20T02:53:50.895Z,2.193,3,1500,768x432,1.9794749999999794,,
2025-12-20T02:53:51.396Z,2.194,3,1500,768x432,1.9770869999999832,,
2025-12-20T02:53:51.893Z,2.186,3,1500,768x432,1.9757199999999102,,
2025-12-20T02:53:52.403Z,2.194,3,1500,768x432,1.9660499999999956,,
2025-12-20T02:53:52.899Z,2.19,3,1500,768x432,1.9651349999999184,,
2025-12-20T02:53:53.398Z,2.178,3,1500,768x432,1.9766979999999421,,
2025-12-20T02:53:53.510Z,2.155,2,1000,640x360,1.9622180000000071,,
2025-12-20T02:53:53.590Z,2.084,3,1500,768x432,1.98016999999993,,
2025-12-20T02:53:53.899Z,2.191,3,1500,768x432,1.970230000000015,,
2025-12-20T02:53:54.401Z,2.192,3,1500,768x432,1.9655589999999847,,
2025-12-20T02:53:54.941Z,2.131,3,1500,768x432,1.921611999999982,,
2025-12-20T02:53:55.433Z,2.138,3,1500,768x432,1.9349650000000338,,
2025-12-20T02:53:55.939Z,2.133,3,1500,768x432,1.9316200000000663,,
2025-12-20T02:53:56.426Z,2.139,3,1500,768x432,1.9405080000000225,,
2025-12-20T02:53:56.939Z,2.154,3,1500,768x432,1.9315780000000586,,
2025-12-20T02:53:57.444Z,2.131,3,1500,768x432,1.9347719999999526,,
2025-12-20T02:53:57.538Z,2.149,2,1000,640x360,1.932262000000037,,
2025-12-20T02:53:57.618Z,2.053,3,1500,768x432,1.961449000000016,,
2025-12-20T02:53:57.935Z,2.135,3,1500,768x432,1.9311680000000706,,
2025-12-20T02:53:58.431Z,2.128,3,1500,768x432,1.9329820000000382,,
2025-12-20T02:53:58.928Z,2.141,3,1500,768x432,1.9417549999999437,,
2025-12-20T02:53:59.421Z,2.149,3,1500,768x432,1.9463630000000194,,
2025-12-20T02:53:59.958Z,2.143,3,1500,768x432,1.9203189999999495,,
2025-12-20T02:54:00.430Z,2.157,3,1500,768x432,1.936965999999984,,
2025-12-20T02:54:00.941Z,2.131,3,1500,768x432,1.9287229999999909,,
2025-12-20T02:54:01.432Z,2.141,3,1500,768x432,1.9445439999999508,,
2025-12-20T02:54:01.633Z,1.967,2,1000,640x360,1.9457780000000184,,
2025-12-20T02:54:01.894Z,2.171,2,1000,640x360,1.9812180000000126,,
2025-12-20T02:54:01.962Z,2.193,3,1500,768x432,1.9131640000000516,,
2025-12-20T02:54:02.443Z,2.131,3,1500,768x432,1.9263600000000451,,
2025-12-20T02:54:02.919Z,2.152,3,1500,768x432,1.9510440000000244,,
2025-12-20T02:54:03.425Z,2.143,3,1500,768x432,1.9428950000000214,,
2025-12-20T02:54:03.916Z,2.153,3,1500,768x432,1.9505719999999656,,
2025-12-20T02:54:04.429Z,2.149,3,1500,768x432,1.941767000000027,,
2025-12-20T02:54:04.936Z,2.136,3,1500,768x432,1.9376699999999119,,
2025-12-20T02:54:05.420Z,2.146,3,1500,768x432,1.946452000000022,,
2025-12-20T02:54:05.560Z,2.169,2,1000,640x360,1.9071420000000217,,
2025-12-20T02:54:05.641Z,1.976,3,1500,768x432,1.9224930000000313,,
2025-12-20T02:54:05.940Z,2.127,3,1500,768x432,1.9214040000000523,,
2025-12-20T02:54:06.421Z,2.144,3,1500,768x432,1.9430119999999533,,
2025-12-20T02:54:06.924Z,2.152,3,1500,768x432,1.9456670000000713,,
2025-12-20T02:54:07.408Z,2.16,3,1500,768x432,1.9607270000000199,,
2025-12-20T02:54:07.933Z,2.144,3,1500,768x432,1.9359920000000557,,
2025-12-20T02:54:08.449Z,2.124,3,1500,768x432,1.9188390000000481,,
2025-12-20T02:54:08.953Z,2.115,3,1500,768x432,1.9157500000000027,,
2025-12-20T02:54:09.440Z,2.124,3,1500,768x432,1.9253800000000183,,
2025-12-20T02:54:09.597Z,2,2,1000,640x360,1.9738630000000512,,
2025-12-20T02:54:09.677Z,1.952,3,1500,768x432,1.9852610000000368,,
2025-12-20T02:54:10.002Z,2.074,3,1500,768x432,1.9746529999999893,,
2025-12-20T02:54:10.443Z,2.129,3,1500,768x432,1.925436999999988,,
2025-12-20T02:54:10.946Z,2.12,3,1500,768x432,1.9234989999999925,,
2025-12-20T02:54:11.462Z,2.103,3,1500,768x432,1.9020629999999983,,
2025-12-20T02:54:11.963Z,2.118,3,1500,768x432,2.0098690000000943,,
2025-12-20T02:54:12.462Z,2.11,3,1500,768x432,2.004426999999964,,
2025-12-20T02:54:12.965Z,2.101,3,1500,768x432,1.9993670000000066,,
2025-12-20T02:54:13.459Z,2.108,3,1500,768x432,1.904674,,
2025-12-20T02:54:13.952Z,2.148,3,1500,768x432,1.9235049999999774,,
2025-12-20T02:54:14.191Z,1.995,2,1000,640x360,1.978281999999922,,
2025-12-20T02:54:14.408Z,2.16,2,1000,640x360,1.9603640000000269,,
2025-12-20T02:54:14.474Z,2.18,3,1500,768x432,1.8933099999999286,,
2025-12-20T02:54:14.968Z,2.101,3,1500,768x432,1.9965400000000955,,
2025-12-20T02:54:15.616Z,1.968,3,1500,768x432,1.9578730000000633,,
2025-12-20T02:54:16.199Z,1.895,3,1500,768x432,1.9693929999999682,,
2025-12-20T02:54:16.812Z,1.793,3,1500,768x432,1.9519540000000006,,
2025-12-20T02:54:17.439Z,1.672,3,1500,768x432,1.93773699999997,,
2025-12-20T02:54:18.045Z,1.537,3,1500,768x432,1.9257189999999582,,
2025-12-20T02:54:18.600Z,1.487,3,1500,768x432,1.9623309999999492,,
2025-12-20T02:54:19.132Z,1.447,3,1500,768x432,1.9415070000000014,,
2025-12-20T02:54:19.686Z,1.401,3,1500,768x432,1.9811829999999873,,
2025-12-20T02:54:20.342Z,1.249,3,1500,768x432,1.9361239999999498,,
2025-12-20T02:54:21.085Z,1.041,3,1500,768x432,1.9970439999999599,,
2025-12-20T02:54:21.903Z,0.661,3,1500,768x432,1.9621590000000424,,
2025-12-20T02:54:21.968Z,0.684,2,1000,640x360,1.8973809999999958,,
2025-12-20T02:54:22.594Z,0.494,2,1000,640x360,1.9684409999999843,,
2025-12-20T02:54:22.664Z,0.473,1,600,480x270,1.9983839999999873,,
2025-12-20T02:54:23.041Z,0.548,1,600,480x270,1.9283339999999498,,
2025-12-20T02:54:23.107Z,0.546,3,1500,768x432,1.9564450000000306,,
2025-12-20T02:54:23.619Z,0.3,3,1500,768x432,1.9432799999999588,,rebuffer happen
2025-12-20T02:54:23.855Z,0.244,3,1500,768x432,1.9212330000000293,,
2025-12-20T02:54:23.931Z,0.23,2,1000,640x360,1.948082999999997,,
2025-12-20T02:54:24.064Z,0.031,2,1000,640x360,2.0093349999999646,,rebuffer happen
2025-12-20T02:54:24.431Z,0.198,2,1000,640x360,2.009478999999942,,
2025-12-20T02:54:24.504Z,0.198,1,600,480x270,2.0334909999999127,,
2025-12-20T02:54:24.630Z,0.131,1,600,480x270,2.016841999999997,,rebuffer happen
2025-12-20T02:54:24.814Z,0.355,1,600,480x270,2.0451170000000047,,
2025-12-20T02:54:24.878Z,0.363,0,200,320x180,2.075963999999999,,
2025-12-20T02:54:24.879Z,0.293,0,200,320x180,2.0753180000000384,,rebuffer happen
2025-12-20T02:54:25.006Z,0.627,0,200,320x180,2.0593619999999646,,
2025-12-20T02:54:25.081Z,0.668,3,1500,768x432,2.078279000000066,,
2025-12-20T02:54:25.694Z,0.297,3,1500,768x432,2.0134919999999283,,rebuffer happen
2025-12-20T02:54:25.765Z,0.29,3,1500,768x432,2.0331840000000057,,rebuffer happen
2025-12-20T02:54:25.859Z,0.273,3,1500,768x432,1.9341970000000401,,
2025-12-20T02:54:25.943Z,0.248,2,1000,640x360,1.957153000000062,,
2025-12-20T02:54:26.098Z,0.019,2,1000,640x360,1.9982909999999947,,rebuffer happen
2025-12-20T02:54:26.522Z,0.195,2,1000,640x360,2.0272220000000516,,
2025-12-20T02:54:26.602Z,0.08,1,600,480x270,2.0483840000000555,,
2025-12-20T02:54:26.649Z,0.022,1,600,480x270,2.0021679999999833,,rebuffer happen
2025-12-20T02:54:26.925Z,0.348,1,600,480x270,2.1463430000000017,,
2025-12-20T02:54:26.992Z,0.317,0,200,320x180,2.161599000000024,,
2025-12-20T02:54:26.993Z,0.282,0,200,320x180,2.160773000000063,,rebuffer happen
2025-12-20T02:54:27.119Z,0.621,0,200,320x180,2.113083000000074,,
2025-12-20T02:54:27.195Z,0.546,2,1000,640x360,2.1093700000000126,,
2025-12-20T02:54:27.707Z,0.45,2,1000,640x360,2.035113000000024,,
2025-12-20T02:54:27.781Z,0.448,1,600,480x270,2.051603,,
2025-12-20T02:54:28.040Z,0.579,1,600,480x270,1.992738999999915,,
2025-12-20T02:54:28.111Z,0.607,2,1000,640x360,2.012512000000015,,
2025-12-20T02:54:28.496Z,0.624,2,1000,640x360,2.01137499999993,,
2025-12-20T02:54:28.565Z,0.607,1,600,480x270,1.9384779999999182,,
2025-12-20T02:54:28.795Z,0.789,1,600,480x270,1.9819119999999657,,
2025-12-20T02:54:28.876Z,0.804,2,1000,640x360,2.0043949999999313,,
2025-12-20T02:54:29.254Z,0.848,2,1000,640x360,1.944859000000065,,
2025-12-20T02:54:29.627Z,0.954,2,1000,640x360,1.9463729999999941,,
2025-12-20T02:54:30.005Z,1.092,2,1000,640x360,1.9874599999999418,,
2025-12-20T02:54:30.384Z,1.209,2,1000,640x360,2.000528000000031,,
2025-12-20T02:54:30.762Z,1.327,2,1000,640x360,2.0093630000000076,,
2025-12-20T02:54:31.141Z,1.445,2,1000,640x360,1.9311660000000757,,
2025-12-20T02:54:31.522Z,1.559,2,1000,640x360,1.9424779999999373,,
2025-12-20T02:54:31.882Z,1.693,2,1000,640x360,1.987406999999962,,
2025-12-20T02:54:32.263Z,1.821,2,1000,640x360,2.0055919999999787,,
2025-12-20T02:54:32.332Z,1.827,3,1500,768x432,1.936140000000023,,
2025-12-20T02:54:32.905Z,1.683,3,1500,768x432,1.962831000000051,,
2025-12-20T02:54:33.477Z,1.599,3,1500,768x432,1.9915609999999333,,
2025-12-20T02:54:34.067Z,1.538,3,1500,768x432,2.0210519999999406,,
2025-12-20T02:54:34.675Z,1.411,3,1500,768x432,1.995616000000041,,
2025-12-20T02:54:35.262Z,1.31,3,1500,768x432,2.002122999999983,,
2025-12-20T02:54:35.835Z,1.253,3,1500,768x432,1.928666000000021,,
2025-12-20T02:54:36.430Z,1.162,3,1500,768x432,1.9356410000000324,,
2025-12-20T02:54:37.016Z,1.059,3,1500,768x432,1.960623000000055,,
2025-12-20T02:54:37.605Z,0.968,3,1500,768x432,1.9641090000000077,,
2025-12-20T02:54:38.178Z,0.918,3,1500,768x432,2.00219299999992,,
2025-12-20T02:54:38.769Z,0.822,3,1500,768x432,2.0032879999999977,,
2025-12-20T02:54:39.364Z,0.71,3,1500,768x432,2.0000800000000254,,
2025-12-20T02:54:40.093Z,0.496,3,1500,768x432,1.9775720000000092,,
2025-12-20T02:54:40.172Z,0.496,2,1000,640x360,1.898046000000022,,
2025-12-20T02:54:40.302Z,0.286,2,1000,640x360,1.9701339999999163,,rebuffer happen
2025-12-20T02:54:40.664Z,0.389,2,1000,640x360,1.9996830000000045,,
2025-12-20T02:54:40.739Z,0.358,1,600,480x270,1.9243400000000292,,
2025-12-20T02:54:40.875Z,0.278,1,600,480x270,1.9964860000000044,,rebuffer happen
2025-12-20T02:54:41.029Z,0.569,1,600,480x270,1.9472330000000966,,
2025-12-20T02:54:41.104Z,0.569,3,1500,768x432,1.9839789999999766,,
2025-12-20T02:54:41.394Z,0.298,3,1500,768x432,1.9743989999999485,,rebuffer happen
2025-12-20T02:54:41.592Z,0.297,3,1500,768x432,1.9786719999999605,,rebuffer happen
2025-12-20T02:54:41.655Z,0.3,3,1500,768x432,1.9148659999999609,,rebuffer happen
2025-12-20T02:54:41.798Z,0.268,3,1500,768x432,1.9650960000000168,,
2025-12-20T02:54:41.881Z,0.287,2,1000,640x360,1.990050999999994,,
2025-12-20T02:54:42.384Z,0.211,2,1000,640x360,2.0117850000000317,,
2025-12-20T02:54:42.468Z,0.221,1,600,480x270,1.9276389999999992,,
2025-12-20T02:54:42.578Z,0.027,1,600,480x270,2.008803999999941,,rebuffer happen
2025-12-20T02:54:42.779Z,0.397,1,600,480x270,2.099262000000067,,
2025-12-20T02:54:42.847Z,0.358,0,200,320x180,2.0354950000000827,,
2025-12-20T02:54:42.959Z,0.743,0,200,320x180,2.019896000000017,,
2025-12-20T02:54:43.036Z,0.743,3,1500,768x432,2.066775000000007,,
2025-12-20T02:54:43.794Z,0.356,3,1500,768x432,2.0185809999999265,,
2025-12-20T02:54:43.870Z,0.339,2,1000,640x360,1.9383960000000116,,
2025-12-20T02:54:43.871Z,0.259,2,1000,640x360,2.0437279999999873,,rebuffer happen
2025-12-20T02:54:44.373Z,0.271,2,1000,640x360,2.0470470000000205,,
2025-12-20T02:54:44.451Z,0.207,1,600,480x270,1.9684300000000121,,
2025-12-20T02:54:44.763Z,0.347,1,600,480x270,2.0462660000000596,,
2025-12-20T02:54:44.830Z,0.369,0,200,320x180,1.978837999999996,,
2025-12-20T02:54:44.937Z,0.647,0,200,320x180,1.9803730000000996,,
2025-12-20T02:54:45.004Z,0.683,3,1500,768x432,2.0136479999999892,,
2025-12-20T02:54:45.739Z,0.338,3,1500,768x432,1.9434539999999743,,
2025-12-20T02:54:45.806Z,0.338,2,1000,640x360,1.969109000000003,,
2025-12-20T02:54:45.807Z,0.291,2,1000,640x360,1.9682080000000042,,rebuffer happen
2025-12-20T02:54:46.285Z,0.329,2,1000,640x360,2.0134309999999687,,
2025-12-20T02:54:46.360Z,0.329,1,600,480x270,1.935879,,
2025-12-20T02:54:46.360Z,0.251,1,600,480x270,1.9350979999999254,,rebuffer happen
2025-12-20T02:54:46.661Z,0.436,1,600,480x270,1.9270800000000463,,
2025-12-20T02:54:46.732Z,0.446,0,200,320x180,1.9523900000000367,,
2025-12-20T02:54:46.829Z,0.713,0,200,320x180,1.95575400000007,,
2025-12-20T02:54:46.903Z,0.779,3,1500,768x432,1.9852400000000898,,
2025-12-20T02:54:47.466Z,0.646,3,1500,768x432,2.022589000000039,,
2025-12-20T02:54:47.542Z,0.642,2,1000,640x360,1.9421310000000176,,
2025-12-20T02:54:47.906Z,0.685,2,1000,640x360,1.969342000000097,,
2025-12-20T02:54:47.979Z,0.665,3,1500,768x432,1.9964220000000523,,
2025-12-20T02:54:48.549Z,0.532,3,1500,768x432,1.9159799999999905,,
2025-12-20T02:54:48.617Z,0.538,2,1000,640x360,1.9499929999999495,,
2025-12-20T02:54:48.986Z,0.595,2,1000,640x360,1.9812079999999241,,
2025-12-20T02:54:49.058Z,0.575,3,1500,768x432,1.9092879999999468,,
2025-12-20T02:54:49.530Z,0.556,3,1500,768x432,1.9375299999999243,,
2025-12-20T02:54:49.603Z,0.556,2,1000,640x360,1.965237000000002,,
2025-12-20T02:54:49.940Z,0.634,2,1000,640x360,1.9289509999999837,,
2025-12-20T02:54:50.020Z,0.592,3,1500,768x432,1.9577030000000377,,
2025-12-20T02:54:50.497Z,0.575,3,1500,768x432,1.974980999999957,,
2025-12-20T02:54:50.566Z,0.553,2,1000,640x360,1.9050969999999552,,
2025-12-20T02:54:50.887Z,0.679,2,1000,640x360,1.9783009999999877,,
2025-12-20T02:54:50.953Z,0.7,3,1500,768x432,1.9193720000000667,,
2025-12-20T02:54:51.332Z,0.752,3,1500,768x432,1.9469649999999774,,
2025-12-20T02:54:51.697Z,0.882,3,1500,768x432,1.9807000000000698,,
2025-12-20T02:54:52.053Z,1.023,3,1500,768x432,1.9170100000000048,,
2025-12-20T02:54:52.406Z,1.158,3,1500,768x432,1.9550689999999804,,
2025-12-20T02:54:52.788Z,1.294,3,1500,768x432,1.9800290000000587,,
2025-12-20T02:54:53.235Z,1.352,3,1500,768x432,1.9406589999999824,,
2025-12-20T02:54:53.639Z,1.442,3,1500,768x432,1.929322999999954,,
2025-12-20T02:54:53.996Z,1.591,3,1500,768x432,1.9830520000000433,,
2025-12-20T02:54:54.168Z,1.842,3,1500,768x432,2.003276000000028,,
2025-12-20T02:54:54.400Z,2.186,3,1500,768x432,1.97935300000006,,
2025-12-20T02:54:54.911Z,2.197,3,1500,768x432,1.9565939999999955,,
2025-12-20T02:54:55.389Z,2.214,3,1500,768x432,1.9917920000000322,,
2025-12-20T02:54:55.942Z,2.129,3,1500,768x432,1.930174000000079,,
2025-12-20T02:54:56.391Z,2.175,3,1500,768x432,1.9745490000000245,,
2025-12-20T02:54:56.890Z,2.2,3,1500,768x432,1.9894689999999855,,
2025-12-20T02:54:57.427Z,2.14,3,1500,768x432,1.9373510000000351,,
2025-12-20T02:54:57.896Z,2.165,3,1500,768x432,1.9690830000000688,,
2025-12-20T02:54:58.402Z,2.185,3,1500,768x432,1.9778029999999944,,
2025-12-20T02:54:58.926Z,2.185,3,1500,768x432,1.9455019999999195,,
2025-12-20T02:54:59.438Z,2.186,3,1500,768x432,1.935404999999946,,
2025-12-20T02:54:59.932Z,2.137,3,1500,768x432,1.9424749999999449,,
2025-12-20T02:55:00.429Z,2.186,3,1500,768x432,1.9396980000000212,,
2025-12-20T02:55:00.943Z,2.188,3,1500,768x432,1.927673000000027,,
2025-12-20T02:55:01.437Z,2.128,3,1500,768x432,1.9271039999999857,,
2025-12-20T02:55:01.896Z,2.181,3,1500,768x432,1.9684730000000172,,
2025-12-20T02:55:02.584Z,2.014,3,1500,768x432,1.979665999999952,,
2025-12-20T02:55:02.948Z,2.151,3,1500,768x432,1.924515999999926,,
2025-12-20T02:55:03.461Z,2.112,3,1500,768x432,1.9100919999999633,,
2025-12-20T02:55:03.961Z,2.119,3,1500,768x432,1.9047840000000633,,
2025-12-20T02:55:04.710Z,1.886,3,1500,768x432,1.953922999999918,,
2025-12-20T02:55:05.378Z,1.695,3,1500,768x432,1.9850930000000062,,
2025-12-20T02:55:06.057Z,1.556,3,1500,768x432,1.9251590000000078,,
2025-12-20T02:55:06.733Z,1.374,3,1500,768x432,1.9294770000000199,,
2025-12-20T02:55:07.410Z,1.204,3,1500,768x432,1.969797000000085,,
2025-12-20T02:55:07.966Z,1.131,3,1500,768x432,2.0000589999999647,,
2025-12-20T02:55:08.553Z,1.045,3,1500,768x432,1.9092429999999467,,
2025-12-20T02:55:09.182Z,0.913,3,1500,768x432,1.9880980000000363,,
2025-12-20T02:55:09.863Z,0.793,3,1500,768x432,1.9989930000000413,,
2025-12-20T02:55:09.945Z,0.659,2,1000,640x360,1.9246669999999995,,
2025-12-20T02:55:10.447Z,0.636,2,1000,640x360,1.922138000000018,,
2025-12-20T02:55:10.984Z,0.618,2,1000,640x360,1.9904360000000452,,
2025-12-20T02:55:11.470Z,0.606,2,1000,640x360,1.9978380000000016,,
2025-12-20T02:55:11.766Z,0.807,2,1000,640x360,2.000662000000034,,
2025-12-20T02:55:11.835Z,0.801,3,1500,768x432,1.9306760000000622,,
2025-12-20T02:55:12.274Z,0.825,3,1500,768x432,2.0073340000000144,,
2025-12-20T02:55:12.700Z,0.889,3,1500,768x432,1.9703160000000253,,
2025-12-20T02:55:13.129Z,0.936,3,1500,768x432,1.9326790000000074,,
2025-12-20T02:55:13.575Z,1.017,3,1500,768x432,1.9870799999999917,,
2025-12-20T02:55:14.015Z,1.077,3,1500,768x432,1.9557969999999614,,
2025-12-20T02:55:14.444Z,1.111,3,1500,768x432,1.9254750000000058,,
2025-12-20T02:55:14.885Z,1.192,3,1500,768x432,1.9781760000000759,,
2025-12-20T02:55:15.319Z,1.274,3,1500,768x432,1.9540020000000595,,
2025-12-20T02:55:15.801Z,1.281,3,1500,768x432,1.9675519999999551,,
2025-12-20T02:55:16.274Z,1.321,3,1500,768x432,2.0015399999999772,,
2025-12-20T02:55:16.783Z,1.3,3,1500,768x432,1.9856409999999869,,
2025-12-20T02:55:17.253Z,1.34,3,1500,768x432,1.923640999999975,,
2025-12-20T02:55:17.724Z,1.357,3,1500,768x432,1.9413530000000492,,
2025-12-20T02:55:18.213Z,1.378,3,1500,768x432,1.9644700000000057,,
2025-12-20T02:55:18.514Z,1.572,3,1500,768x432,1.9486949999999297,,
2025-12-20T02:55:18.861Z,1.327,3,1500,768x432,1.909762999999998,,
2025-12-20T02:55:20.026Z,0.175,3,1500,768x432,1.9545160000000124,,rebuffer happen
2025-12-20T02:55:20.176Z,0.022,3,1500,768x432,2.0025359999999637,,rebuffer happen
2025-12-20T02:55:20.981Z,0.022,3,1500,768x432,2.798535999999899,,