timestamp,bufferLevel,qualityIndex,bitrateKbps,resolution,liveLatency,predictedKbps,rebuffer
2025-12-20T08:50:29.948Z,0,2,1000,640x360,1.7945,,
2025-12-20T08:50:29.952Z,0,2,1000,640x360,1.7945,,rebuffer happen
2025-12-20T08:50:29.976Z,0.1,2,1000,640x360,1.793801,,rebuffer happen
2025-12-20T08:50:30.251Z,0.234,2,1000,640x360,1.5664410000000002,,
2025-12-20T08:50:30.321Z,0.247,3,1500,768x432,1.599125,,
2025-12-20T08:50:30.497Z,0.022,3,1500,768x432,1.647567,,rebuffer happen
2025-12-20T08:50:30.694Z,0.022,3,1500,768x432,1.8425669999999998,,
2025-12-20T08:50:30.960Z,0.298,3,1500,768x432,1.923588,,rebuffer happen
2025-12-20T08:50:31.111Z,0.241,3,1500,768x432,1.871495,,
2025-12-20T08:50:31.192Z,0.652,2,1000,640x360,1.900051,,
2025-12-20T08:50:31.445Z,0.817,2,1000,640x360,1.851276,,
2025-12-20T08:50:31.744Z,1.032,2,1000,640x360,1.8809459999999998,,
2025-12-20T08:50:31.970Z,1.252,2,1000,640x360,1.968818,,
2025-12-20T08:50:32.204Z,1.601,2,1000,640x360,1.946776,,
2025-12-20T08:50:33.042Z,1.296,2,1000,640x360,1.9090150000000001,,
2025-12-20T08:50:33.429Z,1.404,2,1000,640x360,1.9453780000000003,,
2025-12-20T08:50:33.499Z,1.374,3,1500,768x432,1.9680829999999996,,
2025-12-20T08:50:34.206Z,0.629,3,1500,768x432,1.9615959999999997,,
2025-12-20T08:50:34.275Z,1.128,2,1000,640x360,1.9869709999999996,,
2025-12-20T08:50:34.691Z,1.172,2,1000,640x360,1.9835159999999998,,
2025-12-20T08:50:34.770Z,1.102,3,1500,768x432,2.0002070000000005,,
2025-12-20T08:50:35.356Z,0.566,3,1500,768x432,2.0047689999999996,,
2025-12-20T08:50:35.432Z,0.984,2,1000,640x360,1.9362249999999994,,
2025-12-20T08:50:35.777Z,1.074,2,1000,640x360,1.9983110000000002,,
2025-12-20T08:50:35.855Z,1.051,3,1500,768x432,1.9177310000000007,,
2025-12-20T08:50:36.376Z,0.506,3,1500,768x432,1.9820350000000007,,
2025-12-20T08:50:36.444Z,0.963,2,1000,640x360,1.9136140000000008,,
2025-12-20T08:50:36.804Z,1.014,2,1000,640x360,1.9505619999999997,,
2025-12-20T08:50:36.884Z,0.965,3,1500,768x432,1.9736870000000009,,
2025-12-20T08:50:37.399Z,0.446,3,1500,768x432,1.9689969999999999,,
2025-12-20T08:50:37.479Z,0.892,2,1000,640x360,1.9829950000000007,,
2025-12-20T08:50:37.834Z,0.989,2,1000,640x360,1.9234109999999989,,
2025-12-20T08:50:37.904Z,1.004,3,1500,768x432,1.9593540000000003,,
2025-12-20T08:50:38.398Z,0.643,3,1500,768x432,1.9626059999999992,,
2025-12-20T08:50:38.900Z,0.61,3,1500,768x432,1.9654129999999999,,
2025-12-20T08:50:38.966Z,0.94,2,1000,640x360,1.9937140000000007,,
2025-12-20T08:50:39.386Z,0.957,2,1000,640x360,1.9862000000000002,,
2025-12-20T08:50:39.453Z,0.957,3,1500,768x432,1.9256400000000014,,
2025-12-20T08:50:40.050Z,0.292,3,1500,768x432,1.9186329999999998,,rebuffer happen
2025-12-20T08:50:40.162Z,0.292,3,1500,768x432,2.0045839999999995,,
2025-12-20T08:50:40.229Z,0.676,2,1000,640x360,1.9358439999999995,,
2025-12-20T08:50:40.702Z,0.646,2,1000,640x360,1.9542470000000005,,
2025-12-20T08:50:41.200Z,0.646,2,1000,640x360,1.9548769999999998,,
2025-12-20T08:50:41.270Z,0.634,3,1500,768x432,1.9889219999999987,,
2025-12-20T08:50:41.650Z,0.19,3,1500,768x432,1.9111150000000006,,rebuffer happen
2025-12-20T08:50:41.806Z,0.033,3,1500,768x432,1.9567130000000006,,rebuffer happen
2025-12-20T08:50:42.010Z,0.033,3,1500,768x432,2.1537129999999998,,
2025-12-20T08:50:42.081Z,0.486,2,1000,640x360,2.189806000000001,,
2025-12-20T08:50:42.543Z,0.41,2,1000,640x360,2.0407279999999997,,
2025-12-20T08:50:42.706Z,0.264,2,1000,640x360,2.057245,,rebuffer happen
2025-12-20T08:50:43.031Z,0.369,2,1000,640x360,1.982766999999999,,
2025-12-20T08:50:43.128Z,0.258,2,1000,640x360,1.9772040000000004,,rebuffer happen
2025-12-20T08:50:43.528Z,0.342,2,1000,640x360,1.9764540000000004,,
2025-12-20T08:50:43.595Z,0.351,3,1500,768x432,1.9973170000000007,,
2025-12-20T08:50:43.596Z,0.279,3,1500,768x432,1.9965070000000011,,rebuffer happen
2025-12-20T08:50:43.857Z,0.018,3,1500,768x432,2.036975,,rebuffer happen
2025-12-20T08:50:44.335Z,0.018,3,1500,768x432,2.440975,,
2025-12-20T08:50:44.411Z,0.488,2,1000,640x360,2.4623839999999984,,
2025-12-20T08:50:44.595Z,0.243,2,1000,640x360,2.397308999999998,,rebuffer happen
2025-12-20T08:50:44.885Z,0.374,2,1000,640x360,2.3918029999999995,,
2025-12-20T08:50:44.957Z,0.337,3,1500,768x432,2.3029979999999988,,
2025-12-20T08:50:44.958Z,0.273,3,1500,768x432,2.3958309999999994,,rebuffer happen
2025-12-20T08:50:45.175Z,0.025,3,1500,768x432,2.3499490000000023,,rebuffer happen
2025-12-20T08:50:45.628Z,0.025,3,1500,768x432,2.7489489999999996,,
2025-12-20T08:50:45.702Z,0.525,2,1000,640x360,2.790223000000001,,
2025-12-20T08:50:45.886Z,0.269,2,1000,640x360,2.728712999999999,,rebuffer happen
2025-12-20T08:50:46.198Z,0.314,2,1000,640x360,2.6336090000000016,,
2025-12-20T08:50:46.251Z,0.237,2,1000,640x360,2.556249000000001,,rebuffer happen
2025-12-20T08:50:46.702Z,0.271,2,1000,640x360,2.605231,,
2025-12-20T08:50:47.260Z,0.025,2,1000,640x360,2.6449309999999997,,rebuffer happen
2025-12-20T08:50:47.642Z,0.1,2,1000,640x360,2.7805719999999994,,
2025-12-20T08:50:47.677Z,0.026,2,1000,640x360,2.8516009999999987,,rebuffer happen
2025-12-20T08:50:47.894Z,0.02,2,1000,640x360,2.9706100000000006,,rebuffer happen
2025-12-20T08:50:47.944Z,0.017,2,1000,640x360,2.934901,,rebuffer happen
2025-12-20T08:50:48.144Z,0.023,2,1000,640x360,3.0138599999999975,,rebuffer happen
2025-12-20T08:50:48.177Z,0.03,2,1000,640x360,3.0816460000000028,,rebuffer happen
2025-12-20T08:50:48.277Z,0.023,2,1000,640x360,3.1180800000000026,,rebuffer happen
2025-12-20T08:50:48.328Z,0.023,2,1000,640x360,3.0855120000000014,,rebuffer happen
2025-12-20T08:50:48.427Z,0.022,2,1000,640x360,3.144313999999998,,rebuffer happen
2025-12-20T08:50:48.477Z,0.017,2,1000,640x360,3.213662000000003,,rebuffer happen
2025-12-20T08:50:48.511Z,0.026,2,1000,640x360,3.189065000000003,,rebuffer happen
2025-12-20T08:50:48.532Z,0.026,2,1000,640x360,3.189065000000003,,
2025-12-20T08:50:48.578Z,0.019,1,600,480x270,3.2421749999999996,,rebuffer happen
2025-12-20T08:50:48.615Z,0.019,1,600,480x270,3.2421749999999996,,
2025-12-20T08:50:49.210Z,0.173,1,600,480x270,3.51042,,
2025-12-20T08:50:49.378Z,0.02,1,600,480x270,3.551608999999999,,rebuffer happen
2025-12-20T08:50:49.545Z,0.025,1,600,480x270,3.584249,,rebuffer happen
2025-12-20T08:50:49.861Z,0.198,1,600,480x270,3.711034999999999,,
2025-12-20T08:50:50.029Z,0.017,1,600,480x270,3.6398019999999995,,rebuffer happen
2025-12-20T08:50:50.145Z,0.025,1,600,480x270,3.719355,,rebuffer happen
2025-12-20T08:50:50.212Z,0.017,1,600,480x270,3.7746340000000025,,rebuffer happen
2025-12-20T08:50:50.502Z,0.185,1,600,480x270,3.8077620000000003,,
2025-12-20T08:50:50.576Z,0.187,3,1500,768x432,3.842252000000002,,
2025-12-20T08:50:50.662Z,0.028,3,1500,768x432,3.8523410000000027,,rebuffer happen
2025-12-20T08:50:52.111Z,0.028,3,1500,768x432,5.251341,,
2025-12-20T08:50:52.181Z,0.528,0,200,320x180,5.290857000000003,,
2025-12-20T08:50:52.390Z,0.676,0,200,320x180,5.226482000000001,,
2025-12-20T08:50:52.462Z,0.705,1,600,480x270,5.118987000000001,,
2025-12-20T08:50:52.673Z,0.283,1,600,480x270,5.100460999999999,,rebuffer happen
2025-12-20T08:50:53.032Z,0.296,1,600,480x270,4.991900000000001,,rebuffer happen
2025-12-20T08:50:53.082Z,0.307,1,600,480x270,5.010690999999998,,
2025-12-20T08:50:53.082Z,0.292,1,600,480x270,5.009861999999998,,rebuffer happen
2025-12-20T08:50:53.160Z,0.292,0,200,320x180,4.893840999999998,,
2025-12-20T08:50:53.377Z,0.315,0,200,320x180,4.911090999999999,,
2025-12-20T08:50:53.455Z,0.372,2,1000,640x360,4.804283999999999,,
2025-12-20T08:50:53.456Z,0.283,2,1000,640x360,4.904199000000002,,rebuffer happen
2025-12-20T08:50:53.649Z,0.028,2,1000,640x360,4.760766999999998,,rebuffer happen
2025-12-20T08:50:54.116Z,0.018,2,1000,640x360,4.8459150000000015,,rebuffer happen
2025-12-20T08:50:54.171Z,0.085,2,1000,640x360,4.896483,,
2025-12-20T08:50:54.232Z,0.021,1,600,480x270,4.841736000000001,,rebuffer happen
2025-12-20T08:50:54.244Z,0.021,1,600,480x270,4.841736000000001,,
2025-12-20T08:50:54.694Z,0.259,1,600,480x270,5.098762999999998,,
2025-12-20T08:50:54.933Z,0.029,1,600,480x270,5.046699,,rebuffer happen
2025-12-20T08:50:55.267Z,0.232,1,600,480x270,5.1661719999999995,,
2025-12-20T08:50:55.500Z,0.026,1,600,480x270,5.152901,,rebuffer happen
2025-12-20T08:50:55.567Z,0.022,1,600,480x270,5.206343999999998,,rebuffer happen
2025-12-20T08:50:55.935Z,0.145,1,600,480x270,5.181484000000001,,
2025-12-20T08:50:56.067Z,0.022,1,600,480x270,5.242836999999998,,rebuffer happen
2025-12-20T08:50:56.234Z,0.02,1,600,480x270,5.314783000000002,,rebuffer happen
2025-12-20T08:50:56.530Z,0.228,1,600,480x270,5.343991000000003,,
2025-12-20T08:50:56.734Z,0.017,1,600,480x270,5.345396999999998,,rebuffer happen
2025-12-20T08:50:57.071Z,0.306,1,600,480x270,5.513676999999998,,
2025-12-20T08:50:57.072Z,0.292,1,600,480x270,5.513075000000001,,rebuffer happen
2025-12-20T08:50:57.144Z,0.292,0,200,320x180,5.441348999999999,,
2025-12-20T08:50:57.357Z,0.484,0,200,320x180,5.527676,,
2025-12-20T08:50:57.608Z,0.64,0,200,320x180,5.355181000000002,,
2025-12-20T08:50:57.866Z,0.752,0,200,320x180,5.264932999999999,,
2025-12-20T08:50:58.073Z,0.855,0,200,320x180,5.161502000000002,,
2025-12-20T08:50:58.150Z,0.935,1,600,480x270,5.046182000000002,,
2025-12-20T08:50:58.600Z,0.642,1,600,480x270,4.891363000000002,,
2025-12-20T08:50:58.684Z,0.663,3,1500,768x432,4.857537000000001,,
2025-12-20T08:50:58.858Z,0.276,3,1500,768x432,4.800101999999999,,rebuffer happen
2025-12-20T08:50:59.020Z,0.035,3,1500,768x432,4.666491000000001,,rebuffer happen
2025-12-20T08:50:59.875Z,0.035,3,1500,768x432,5.553491000000001,,
2025-12-20T08:50:59.957Z,0.521,0,200,320x180,5.450642000000002,,
2025-12-20T08:51:00.144Z,0.658,0,200,320x180,5.371745000000001,,
2025-12-20T08:51:00.524Z,0.828,0,200,320x180,5.2252019999999995,,
2025-12-20T08:51:00.827Z,0.654,0,200,320x180,5.078736999999997,,
2025-12-20T08:51:01.060Z,0.837,0,200,320x180,5.021891999999998,,
2025-12-20T08:51:01.263Z,1,0,200,320x180,4.9174270000000035,,
2025-12-20T08:51:01.488Z,1.183,0,200,320x180,4.801821999999998,,
2025-12-20T08:51:01.562Z,1.182,1,600,480x270,4.689599999999999,,
2025-12-20T08:51:02.107Z,0.756,1,600,480x270,4.480137999999997,,
2025-12-20T08:51:02.182Z,0.754,0,200,320x180,4.461648,,
2025-12-20T08:51:02.375Z,0.852,0,200,320x180,4.4173079999999985,,
2025-12-20T08:51:02.447Z,0.898,2,1000,640x360,4.3529269999999975,,
2025-12-20T08:51:02.968Z,0.287,2,1000,640x360,4.172446999999998,,rebuffer happen
2025-12-20T08:51:03.241Z,0.265,2,1000,640x360,4.079215000000001,,
2025-12-20T08:51:03.786Z,0.246,2,1000,640x360,4.170358999999998,,
2025-12-20T08:51:04.333Z,0.165,2,1000,640x360,4.117780999999997,,
2025-12-20T08:51:04.508Z,0.024,2,1000,640x360,4.148398,,rebuffer happen
2025-12-20T08:51:04.883Z,0.175,2,1000,640x360,4.187086999999998,,
2025-12-20T08:51:05.024Z,0.028,2,1000,640x360,4.1552229999999994,,rebuffer happen
2025-12-20T08:51:05.439Z,0.195,2,1000,640x360,4.220393999999999,,
2025-12-20T08:51:05.608Z,0.021,2,1000,640x360,4.239682999999999,,rebuffer happen
2025-12-20T08:51:05.997Z,0.169,2,1000,640x360,4.283362000000004,,
2025-12-20T08:51:06.142Z,0.019,2,1000,640x360,4.243851999999997,,rebuffer happen
2025-12-20T08:51:06.554Z,0.201,2,1000,640x360,4.416119999999999,,
2025-12-20T08:51:06.626Z,0.196,3,1500,768x432,4.343571999999995,,
2025-12-20T08:51:06.726Z,0.025,3,1500,768x432,4.344549999999998,,rebuffer happen
2025-12-20T08:51:07.450Z,0.025,3,1500,768x432,5.049549999999996,,
2025-12-20T08:51:07.517Z,0.525,2,1000,640x360,5.094376000000004,,
2025-12-20T08:51:07.724Z,0.228,2,1000,640x360,4.988299999999995,,rebuffer happen
2025-12-20T08:51:08.080Z,0.271,2,1000,640x360,4.993579999999994,,
2025-12-20T08:51:08.631Z,0.205,2,1000,640x360,4.954569999999997,,
2025-12-20T08:51:08.828Z,0.03,2,1000,640x360,4.948607000000003,,rebuffer happen
2025-12-20T08:51:09.198Z,0.206,2,1000,640x360,5.0125949999999975,,
2025-12-20T08:51:09.276Z,0.188,3,1500,768x432,5.042317000000004,,
2025-12-20T08:51:09.361Z,0.033,3,1500,768x432,5.056705000000001,,rebuffer happen
2025-12-20T08:51:10.312Z,0.033,3,1500,768x432,5.957705000000004,,
2025-12-20T08:51:10.381Z,0.533,1,600,480x270,5.996699999999997,,
2025-12-20T08:51:10.547Z,0.28,1,600,480x270,5.865328999999996,,rebuffer happen
2025-12-20T08:51:10.675Z,0.289,1,600,480x270,5.886423000000001,,rebuffer happen
2025-12-20T08:51:10.832Z,0.326,1,600,480x270,5.744542000000003,,
2025-12-20T08:51:10.945Z,0.15,1,600,480x270,5.667850999999999,,rebuffer happen
2025-12-20T08:51:11.270Z,0.216,1,600,480x270,5.638427,,
2025-12-20T08:51:11.349Z,0.215,2,1000,640x360,5.564791,,
2025-12-20T08:51:11.480Z,0.025,2,1000,640x360,5.650357999999997,,rebuffer happen
2025-12-20T08:51:12.085Z,0.108,2,1000,640x360,5.7938449999999975,,
2025-12-20T08:51:12.130Z,0.03,3,1500,768x432,5.748643999999999,,rebuffer happen
2025-12-20T08:51:12.159Z,0.03,3,1500,768x432,5.748643999999999,,
2025-12-20T08:51:13.260Z,0.03,3,1500,768x432,6.9556439999999995,,
2025-12-20T08:51:13.335Z,0.482,1,600,480x270,6.888772000000003,,
2025-12-20T08:51:13.456Z,0.282,1,600,480x270,6.903884999999995,,rebuffer happen
2025-12-20T08:51:13.832Z,0.026,1,600,480x270,6.720857000000002,,rebuffer happen
2025-12-20T08:51:14.016Z,0.138,1,600,480x270,6.762530999999996,,
2025-12-20T08:51:14.132Z,0.024,1,600,480x270,6.751795000000001,,rebuffer happen
2025-12-20T08:51:14.821Z,0.126,1,600,480x270,7.014462999999999,,
2025-12-20T08:51:14.882Z,0.032,1,600,480x270,7.062995000000001,,rebuffer happen
2025-12-20T08:51:15.416Z,0.025,1,600,480x270,7.283549000000001,,rebuffer happen
2025-12-20T08:51:15.619Z,0.122,1,600,480x270,7.362759000000004,,
2025-12-20T08:51:15.733Z,0.021,1,600,480x270,7.347680999999994,,rebuffer happen
2025-12-20T08:51:16.100Z,0.023,1,600,480x270,7.573765999999999,,rebuffer happen
2025-12-20T08:51:16.330Z,0.16,1,600,480x270,7.560704000000001,,
2025-12-20T08:51:16.450Z,0.023,1,600,480x270,7.541547999999999,,rebuffer happen
2025-12-20T08:51:17.072Z,0.147,1,600,480x270,7.870652,,
2025-12-20T08:51:17.161Z,0.15,0,200,320x180,7.781895999999996,,
2025-12-20T08:51:17.201Z,0.022,0,200,320x180,7.8491439999999955,,rebuffer happen
2025-12-20T08:51:17.251Z,0.025,0,200,320x180,7.818307999999995,,rebuffer happen
2025-12-20T08:51:17.410Z,0.286,0,200,320x180,7.878489999999999,,
2025-12-20T08:51:17.487Z,0.359,2,1000,640x360,7.915562999999999,,
2025-12-20T08:51:17.488Z,0.29,2,1000,640x360,7.914777000000001,,rebuffer happen
2025-12-20T08:51:17.752Z,0.028,2,1000,640x360,7.847019000000003,,rebuffer happen
2025-12-20T08:51:18.385Z,0.03,2,1000,640x360,8.250125000000004,,rebuffer happen
2025-12-20T08:51:18.436Z,0.03,2,1000,640x360,8.216183000000001,,rebuffer happen
2025-12-20T08:51:18.502Z,0.02,2,1000,640x360,8.271419000000002,,rebuffer happen
2025-12-20T08:51:18.552Z,0.018,2,1000,640x360,8.235537999999998,,rebuffer happen
2025-12-20T08:51:18.602Z,0.023,2,1000,640x360,8.307382000000004,,rebuffer happen
2025-12-20T08:51:18.669Z,0.019,2,1000,640x360,8.369890999999996,,rebuffer happen
2025-12-20T08:51:18.713Z,0.019,2,1000,640x360,8.369890999999996,,
2025-12-20T08:51:18.752Z,0.018,1,600,480x270,8.435356999999996,,rebuffer happen
2025-12-20T08:51:18.804Z,0.018,1,600,480x270,8.435356999999996,,
2025-12-20T08:51:19.542Z,0.086,1,600,480x270,8.767047000000005,,
2025-12-20T08:51:19.611Z,0.147,0,200,320x180,8.796886999999998,,
2025-12-20T08:51:19.670Z,0.02,0,200,320x180,8.838628,,rebuffer happen
2025-12-20T08:51:19.861Z,0.329,0,200,320x180,8.880346000000003,,
2025-12-20T08:51:19.928Z,0.253,0,200,320x180,8.780236000000002,,rebuffer happen
2025-12-20T08:51:20.134Z,0.422,0,200,320x180,8.664612000000005,,
2025-12-20T08:51:20.414Z,0.547,0,200,320x180,8.607596999999998,,
2025-12-20T08:51:20.494Z,0.542,1,600,480x270,8.629773,,
2025-12-20T08:51:20.733Z,0.14,1,600,480x270,8.459846999999996,,rebuffer happen
2025-12-20T08:51:20.804Z,0.034,1,600,480x270,8.453013000000006,,rebuffer happen
2025-12-20T08:51:21.216Z,0.176,1,600,480x270,8.478707999999997,,
2025-12-20T08:51:21.355Z,0.018,1,600,480x270,8.538041,,rebuffer happen
2025-12-20T08:51:21.905Z,0.027,1,600,480x270,8.713735,,rebuffer happen
2025-12-20T08:51:22.001Z,0.108,1,600,480x270,8.731147999999997,,
2025-12-20T08:51:22.088Z,0.026,1,600,480x270,8.748661999999996,,rebuffer happen
2025-12-20T08:51:22.740Z,0.15,1,600,480x270,8.979581000000003,,
2025-12-20T08:51:22.818Z,0.16,0,200,320x180,9.008415,,
2025-12-20T08:51:22.872Z,0.029,0,200,320x180,9.048621000000004,,rebuffer happen
2025-12-20T08:51:23.062Z,0.368,0,200,320x180,9.111967,,
2025-12-20T08:51:23.135Z,0.284,0,200,320x180,9.00271,,rebuffer happen
2025-12-20T08:51:23.336Z,0.459,0,200,320x180,8.922705,,
2025-12-20T08:51:23.411Z,0.447,1,600,480x270,8.955183000000005,,
2025-12-20T08:51:23.667Z,0.039,1,600,480x270,8.87191,,rebuffer happen
2025-12-20T08:51:23.673Z,0.031,1,600,480x270,8.863251999999996,,rebuffer happen
2025-12-20T08:51:24.163Z,0.113,1,600,480x270,8.934190999999998,,
2025-12-20T08:51:24.241Z,0.087,0,200,320x180,8.856185999999994,,
2025-12-20T08:51:24.257Z,0.023,0,200,320x180,8.945346,,rebuffer happen
2025-12-20T08:51:24.487Z,0.31,0,200,320x180,9.020831000000001,,
2025-12-20T08:51:24.763Z,0.424,0,200,320x180,8.910347000000002,,
2025-12-20T08:51:25.048Z,0.53,0,200,320x180,8.683929,,
2025-12-20T08:51:25.322Z,0.617,0,200,320x180,8.588678999999999,,
2025-12-20T08:51:25.591Z,0.663,0,200,320x180,8.478848999999997,,
2025-12-20T08:51:25.869Z,0.803,0,200,320x180,8.370652999999997,,
2025-12-20T08:51:26.149Z,0.897,0,200,320x180,8.150596,,
2025-12-20T08:51:26.428Z,1.016,0,200,320x180,8.034756999999999,,
2025-12-20T08:51:26.719Z,1.121,0,200,320x180,7.894902999999999,,
2025-12-20T08:51:26.978Z,1.089,0,200,320x180,7.808141999999997,,
2025-12-20T08:51:27.290Z,1.165,0,200,320x180,7.639007999999997,,
2025-12-20T08:51:27.546Z,1.36,0,200,320x180,7.504615999999999,,
2025-12-20T08:51:27.833Z,1.421,0,200,320x180,7.361754999999995,,
2025-12-20T08:51:28.108Z,1.465,0,200,320x180,7.256464000000001,,
2025-12-20T08:51:28.383Z,1.628,0,200,320x180,7.190814000000003,,
2025-12-20T08:51:28.452Z,1.67,1,600,480x270,7.128636,,
2025-12-20T08:51:29.179Z,1.082,1,600,480x270,6.8611059999999995,,
2025-12-20T08:51:29.256Z,1.001,0,200,320x180,6.744996999999998,,
2025-12-20T08:51:29.530Z,1.021,0,200,320x180,6.634152999999998,,
2025-12-20T08:51:29.804Z,1.111,0,200,320x180,6.525942000000001,,
2025-12-20T08:51:29.968Z,1.336,0,200,320x180,6.464212000000003,,
2025-12-20T08:51:30.044Z,1.346,1,600,480x270,6.350092000000004,,
2025-12-20T08:51:30.412Z,1.249,1,600,480x270,6.24633,,
2025-12-20T08:51:30.492Z,1.224,2,1000,640x360,6.223143,,
2025-12-20T08:51:31.011Z,0.812,2,1000,640x360,5.944497999999996,,
2025-12-20T08:51:31.076Z,0.825,1,600,480x270,5.957287999999998,,
2025-12-20T08:51:31.376Z,0.778,1,600,480x270,5.848307999999996,,
2025-12-20T08:51:31.453Z,0.754,2,1000,640x360,5.733812,,
2025-12-20T08:51:31.814Z,0.664,2,1000,640x360,5.590062000000003,,
2025-12-20T08:51:32.192Z,0.594,2,1000,640x360,5.427025999999998,,
2025-12-20T08:51:32.574Z,0.621,2,1000,640x360,5.345907000000004,,
2025-12-20T08:51:32.969Z,0.527,2,1000,640x360,5.158929000000008,,
2025-12-20T08:51:33.339Z,0.494,2,1000,640x360,4.9284430000000015,,
2025-12-20T08:51:33.412Z,0.504,3,1500,768x432,4.957902999999995,,
2025-12-20T08:51:33.731Z,0.034,3,1500,768x432,4.853690999999998,,rebuffer happen
2025-12-20T08:51:33.732Z,0.034,3,1500,768x432,4.853690999999998,,rebuffer happen
2025-12-20T08:51:33.751Z,0.034,3,1500,768x432,4.853690999999998,,
2025-12-20T08:51:33.835Z,0.534,1,600,480x270,4.890004000000005,,
2025-12-20T08:51:34.001Z,0.702,1,600,480x270,4.881089000000003,,
2025-12-20T08:51:34.169Z,0.952,1,600,480x270,4.8262419999999935,,
2025-12-20T08:51:34.245Z,1.004,2,1000,640x360,4.712906999999994,,
2025-12-20T08:51:34.606Z,0.979,2,1000,640x360,4.704846000000003,,
2025-12-20T08:51:35.050Z,0.855,2,1000,640x360,4.438015,,
2025-12-20T08:51:35.403Z,0.78,2,1000,640x360,4.324871000000002,,
2025-12-20T08:51:35.774Z,0.723,2,1000,640x360,4.162015000000004,,
2025-12-20T08:51:36.143Z,0.693,2,1000,640x360,3.919587,,
2025-12-20T08:51:36.221Z,0.688,3,1500,768x432,3.8975379999999973,,
2025-12-20T08:51:36.474Z,0.244,3,1500,768x432,3.8681820000000045,,rebuffer happen
2025-12-20T08:51:36.617Z,0.03,3,1500,768x432,3.762383,,rebuffer happen
2025-12-20T08:51:36.784Z,0.03,3,1500,768x432,3.951383000000007,,
2025-12-20T08:51:36.862Z,0.495,1,600,480x270,3.872047000000009,,
2025-12-20T08:51:37.076Z,0.262,1,600,480x270,3.8484200000000044,,rebuffer happen
2025-12-20T08:51:37.145Z,0.292,1,600,480x270,3.745352000000011,,rebuffer happen
2025-12-20T08:51:37.231Z,0.389,1,600,480x270,3.7232659999999953,,
2025-12-20T08:51:37.297Z,0.395,3,1500,768x432,3.7176489999999944,,
2025-12-20T08:51:37.298Z,0.297,3,1500,768x432,3.716650999999999,,rebuffer happen
2025-12-20T08:51:37.585Z,0.022,3,1500,768x432,3.751300999999998,,rebuffer happen
2025-12-20T08:51:37.866Z,0.022,3,1500,768x432,4.043301,,
2025-12-20T08:51:37.936Z,0.522,2,1000,640x360,3.987999000000002,,
2025-12-20T08:51:38.099Z,0.256,2,1000,640x360,3.9522929999999974,,rebuffer happen
2025-12-20T08:51:38.316Z,0.479,2,1000,640x360,3.912126999999998,,
2025-12-20T08:51:38.688Z,0.427,2,1000,640x360,3.7510910000000024,,
2025-12-20T08:51:38.851Z,0.222,2,1000,640x360,3.610510000000005,,rebuffer happen
2025-12-20T08:51:39.101Z,0.374,2,1000,640x360,3.5859009999999927,,
2025-12-20T08:51:39.177Z,0.255,2,1000,640x360,3.5805090000000064,,rebuffer happen
2025-12-20T08:51:39.483Z,0.354,2,1000,640x360,3.466296,,
2025-12-20T08:51:39.630Z,0.159,2,1000,640x360,3.3451510000000013,,rebuffer happen
2025-12-20T08:51:39.939Z,0.259,2,1000,640x360,3.2940980000000053,,
2025-12-20T08:51:40.021Z,0.239,3,1500,768x432,3.318772999999993,,
2025-12-20T08:51:40.153Z,0.061,3,1500,768x432,3.379762999999997,,rebuffer happen
2025-12-20T08:51:40.535Z,0.061,3,1500,768x432,3.680762999999999,,
2025-12-20T08:51:40.613Z,0.561,2,1000,640x360,3.718519999999998,,
2025-12-20T08:51:40.986Z,0.469,2,1000,640x360,3.5946870000000075,,
2025-12-20T08:51:41.347Z,0.452,2,1000,640x360,3.3802709999999934,,
2025-12-20T08:51:41.423Z,0.462,3,1500,768x432,3.4250869999999907,,
2025-12-20T08:51:41.535Z,0.256,3,1500,768x432,3.3749460000000084,,rebuffer happen
2025-12-20T08:51:41.688Z,0.027,3,1500,768x432,3.3472459999999984,,rebuffer happen
2025-12-20T08:51:41.973Z,0.027,3,1500,768x432,3.6482460000000003,,
2025-12-20T08:51:42.048Z,0.527,1,600,480x270,3.5868310000000037,,
2025-12-20T08:51:42.251Z,0.748,1,600,480x270,3.5823199999999957,,
2025-12-20T08:51:42.325Z,0.733,2,1000,640x360,3.5797969999999992,,
2025-12-20T08:51:42.615Z,0.812,2,1000,640x360,3.5360359999999957,,
2025-12-20T08:51:42.684Z,0.775,3,1500,768x432,3.5334629999999976,,
2025-12-20T08:51:43.004Z,0.233,3,1500,768x432,3.351362000000009,,rebuffer happen
2025-12-20T08:51:43.108Z,0.232,3,1500,768x432,3.3495810000000006,,
2025-12-20T08:51:43.448Z,0.364,3,1500,768x432,3.2658250000000066,,
2025-12-20T08:51:43.515Z,0.736,2,1000,640x360,3.2583370000000116,,
2025-12-20T08:51:43.805Z,0.702,2,1000,640x360,3.1200759999999974,,
2025-12-20T08:51:43.872Z,0.701,3,1500,768x432,3.1278130000000033,,
2025-12-20T08:51:44.083Z,0.285,3,1500,768x432,3.014904999999999,,rebuffer happen
2025-12-20T08:51:44.240Z,0.05,3,1500,768x432,2.871801999999988,,rebuffer happen
2025-12-20T08:51:44.384Z,0.05,3,1500,768x432,3.068801999999991,,
2025-12-20T08:51:44.757Z,0.036,3,1500,768x432,2.953768999999994,,rebuffer happen
2025-12-20T08:51:44.758Z,0.036,3,1500,768x432,2.953768999999994,,rebuffer happen
2025-12-20T08:51:44.909Z,0.036,3,1500,768x432,3.0567690000000027,,
2025-12-20T08:51:44.979Z,0.536,2,1000,640x360,3.091571000000002,,
2025-12-20T08:51:45.224Z,0.621,2,1000,640x360,2.956102999999999,,
2025-12-20T08:51:45.294Z,0.533,3,1500,768x432,2.9604169999999925,,
2025-12-20T08:51:45.550Z,0.29,3,1500,768x432,2.907983999999999,,rebuffer happen
2025-12-20T08:51:45.673Z,0.29,3,1500,768x432,2.924869000000001,,
2025-12-20T08:51:45.746Z,0.605,2,1000,640x360,2.815360999999996,,
2025-12-20T08:51:46.016Z,0.581,2,1000,640x360,2.7251340000000113,,
2025-12-20T08:51:46.414Z,0.538,2,1000,640x360,2.5573380000000014,,
2025-12-20T08:51:46.494Z,0.533,3,1500,768x432,2.549233000000001,,
2025-12-20T08:51:46.618Z,0.236,3,1500,768x432,2.459865999999991,,rebuffer happen
2025-12-20T08:51:46.826Z,0.029,3,1500,768x432,2.4534639999999968,,rebuffer happen
2025-12-20T08:51:46.910Z,0.029,3,1500,768x432,2.547463999999991,,
2025-12-20T08:51:47.276Z,0.039,3,1500,768x432,2.458543999999989,,rebuffer happen
2025-12-20T08:51:47.276Z,0.039,3,1500,768x432,2.458543999999989,,rebuffer happen
2025-12-20T08:51:47.406Z,0.039,3,1500,768x432,2.561543999999998,,
2025-12-20T08:51:47.698Z,0.19,3,1500,768x432,2.5094899999999996,,rebuffer happen
2025-12-20T08:51:47.810Z,0.028,3,1500,768x432,2.453493999999992,,rebuffer happen
2025-12-20T08:51:47.925Z,0.028,3,1500,768x432,2.5474940000000004,,
2025-12-20T08:51:47.991Z,0.528,2,1000,640x360,2.587826000000007,,
2025-12-20T08:51:48.420Z,0.377,2,1000,640x360,2.428391000000005,,
2025-12-20T08:51:48.661Z,0.558,2,1000,640x360,2.374875000000003,,
2025-12-20T08:51:49.021Z,0.56,2,1000,640x360,2.1928370000000115,,
2025-12-20T08:51:49.439Z,0.57,2,1000,640x360,2.092646000000002,,
2025-12-20T08:51:49.514Z,0.497,3,1500,768x432,2.103873000000007,,
2025-12-20T08:51:49.876Z,0.058,3,1500,768x432,2.0845040000000097,,rebuffer happen
2025-12-20T08:51:49.911Z,0.019,3,1500,768x432,2.045515000000009,,rebuffer happen
2025-12-20T08:51:50.138Z,0.019,3,1500,768x432,2.2455149999999975,,
2025-12-20T08:51:50.217Z,0.491,2,1000,640x360,2.2604589999999973,,
2025-12-20T08:51:50.536Z,0.577,2,1000,640x360,2.1983029999999957,,
2025-12-20T08:51:50.872Z,0.646,2,1000,640x360,2.176255999999995,,
2025-12-20T08:51:50.949Z,0.648,3,1500,768x432,2.078586999999999,,
2025-12-20T08:51:51.238Z,0.206,3,1500,768x432,2.0284230000000036,,rebuffer happen
2025-12-20T08:51:51.429Z,0.02,3,1500,768x432,2.0440030000000036,,rebuffer happen
2025-12-20T08:51:51.545Z,0.02,3,1500,768x432,2.1390030000000024,,
2025-12-20T08:51:51.617Z,0.52,2,1000,640x360,2.1832430000000045,,
2025-12-20T08:51:52.128Z,0.359,2,1000,640x360,2.0796809999999937,,
2025-12-20T08:51:52.236Z,0.223,2,1000,640x360,2.0475699999999932,,rebuffer happen
2025-12-20T08:51:52.596Z,0.299,2,1000,640x360,2.0978860000000026,,rebuffer happen
2025-12-20T08:51:52.655Z,0.311,2,1000,640x360,2.1274719999999974,,
2025-12-20T08:51:52.754Z,0.208,2,1000,640x360,2.1280629999999974,,rebuffer happen
2025-12-20T08:51:53.133Z,0.291,2,1000,640x360,2.0525269999999978,,rebuffer happen
2025-12-20T08:51:53.158Z,0.28,2,1000,640x360,2.1227580000000046,,
2025-12-20T08:51:53.687Z,0.304,2,1000,640x360,2.119778999999994,,
2025-12-20T08:51:53.688Z,0.291,2,1000,640x360,2.1195459999999997,,rebuffer happen
2025-12-20T08:51:53.759Z,0.291,3,1500,768x432,2.0483700000000056,,
2025-12-20T08:51:53.948Z,0.031,3,1500,768x432,2.0515980000000127,,rebuffer happen
2025-12-20T08:51:54.516Z,0.031,3,1500,768x432,2.661598000000012,,
2025-12-20T08:51:54.585Z,0.531,2,1000,640x360,2.7008940000000052,,
2025-12-20T08:51:54.874Z,0.284,2,1000,640x360,2.574712000000005,,rebuffer happen
2025-12-20T08:51:55.014Z,0.279,2,1000,640x360,2.497821000000002,,rebuffer happen
2025-12-20T08:51:55.111Z,0.243,2,1000,640x360,2.467143000000007,,
2025-12-20T08:51:55.184Z,0.239,3,1500,768x432,2.4571140000000042,,
2025-12-20T08:51:55.249Z,0.041,3,1500,768x432,2.3633760000000024,,rebuffer happen
2025-12-20T08:51:55.752Z,0.041,3,1500,768x432,2.8653759999999977,,
2025-12-20T08:51:55.825Z,0.521,2,1000,640x360,2.875439,,
2025-12-20T08:51:56.090Z,0.296,2,1000,640x360,2.7801119999999884,,rebuffer happen
2025-12-20T08:51:56.278Z,0.284,2,1000,640x360,2.7015069999999923,,
2025-12-20T08:51:56.353Z,0.252,1,600,480x270,2.618945999999994,,
2025-12-20T08:51:56.566Z,0.287,1,600,480x270,2.7125370000000117,,rebuffer happen
2025-12-20T08:51:56.642Z,0.375,1,600,480x270,2.599389000000002,,
2025-12-20T08:51:56.747Z,0.254,1,600,480x270,2.5402210000000025,,rebuffer happen
2025-12-20T08:51:56.924Z,0.477,1,600,480x270,2.517187000000007,,
2025-12-20T08:51:57.227Z,0.541,1,600,480x270,2.3757439999999974,,
2025-12-20T08:51:57.556Z,0.618,1,600,480x270,2.3567350000000005,,
2025-12-20T08:51:57.844Z,0.745,1,600,480x270,2.178019000000006,,
2025-12-20T08:51:58.139Z,0.865,1,600,480x270,2.097717000000003,,
2025-12-20T08:51:58.476Z,0.998,1,600,480x270,2.1275559999999984,,
2025-12-20T08:51:58.550Z,1.001,2,1000,640x360,2.0402309999999915,,
2025-12-20T08:51:59.083Z,0.811,2,1000,640x360,2.027084000000002,,
2025-12-20T08:51:59.158Z,0.809,3,1500,768x432,1.945291999999995,,
2025-12-20T08:51:59.760Z,0.094,3,1500,768x432,2.0195639999999884,,rebuffer happen
2025-12-20T08:51:59.819Z,0.033,3,1500,768x432,1.9592239999999919,,rebuffer happen
2025-12-20T08:51:59.902Z,0.033,3,1500,768x432,2.0522239999999954,,
2025-12-20T08:51:59.976Z,0.495,2,1000,640x360,2.0933740000000114,,
2025-12-20T08:52:00.259Z,0.199,2,1000,640x360,2.0905730000000062,,rebuffer happen
2025-12-20T08:52:00.485Z,0.416,2,1000,640x360,2.042703000000003,,
2025-12-20T08:52:00.624Z,0.271,2,1000,640x360,1.9966310000000078,,rebuffer happen
2025-12-20T08:52:01.039Z,0.376,2,1000,640x360,1.9723219999999912,,
2025-12-20T08:52:01.150Z,0.233,2,1000,640x360,1.9548439999999943,,rebuffer happen
2025-12-20T08:52:01.573Z,0.309,2,1000,640x360,2.040374,,
2025-12-20T08:52:01.658Z,0.32,3,1500,768x432,1.9557210000000111,,
2025-12-20T08:52:01.659Z,0.235,3,1500,768x432,2.0587810000000104,,rebuffer happen
2025-12-20T08:52:01.871Z,0.023,3,1500,768x432,2.045546999999999,,rebuffer happen
2025-12-20T08:52:02.359Z,0.023,3,1500,768x432,2.5415469999999942,,
2025-12-20T08:52:02.429Z,0.498,2,1000,640x360,2.4671220000000034,,
2025-12-20T08:52:02.584Z,0.226,2,1000,640x360,2.444733999999997,,rebuffer happen
2025-12-20T08:52:02.925Z,0.285,2,1000,640x360,2.3706829999999997,,rebuffer happen
2025-12-20T08:52:02.946Z,0.289,2,1000,640x360,2.341420999999997,,rebuffer happen
2025-12-20T08:52:02.979Z,0.289,2,1000,640x360,2.4046080000000103,,
2025-12-20T08:52:03.461Z,0.196,2,1000,640x360,2.3350810000000024,,
2025-12-20T08:52:03.535Z,0.209,3,1500,768x432,2.260773999999998,,
2025-12-20T08:52:03.639Z,0.031,3,1500,768x432,2.248932999999994,,rebuffer happen
2025-12-20T08:52:04.138Z,0.031,3,1500,768x432,2.748932999999994,,
2025-12-20T08:52:04.209Z,0.513,2,1000,640x360,2.770822999999993,,
2025-12-20T08:52:04.383Z,0.24,2,1000,640x360,2.757977000000011,,rebuffer happen
2025-12-20T08:52:04.645Z,0.286,2,1000,640x360,2.5728399999999993,,rebuffer happen
2025-12-20T08:52:04.750Z,0.202,2,1000,640x360,2.550184999999999,,
2025-12-20T08:52:05.260Z,0.197,2,1000,640x360,2.632068000000004,,
2025-12-20T08:52:05.342Z,0.214,3,1500,768x432,2.5552610000000016,,
2025-12-20T08:52:05.474Z,0.018,3,1500,768x432,2.638528000000008,,rebuffer happen
2025-12-20T08:52:05.759Z,0.018,3,1500,768x432,2.9415280000000052,,
2025-12-20T08:52:06.004Z,0.2,3,1500,768x432,2.820239000000001,,rebuffer happen
2025-12-20T08:52:06.108Z,0.045,3,1500,768x432,2.76287099999999,,rebuffer happen
2025-12-20T08:52:06.227Z,0.045,3,1500,768x432,2.8688709999999986,,
2025-12-20T08:52:06.294Z,0.545,2,1000,640x360,2.903355000000005,,
2025-12-20T08:52:06.651Z,0.488,2,1000,640x360,2.7241089999999986,,
2025-12-20T08:52:06.896Z,0.633,2,1000,640x360,2.656751,,
2025-12-20T08:52:06.965Z,0.597,3,1500,768x432,2.651539999999997,,
2025-12-20T08:52:07.171Z,0.231,3,1500,768x432,2.551097999999996,,rebuffer happen
2025-12-20T08:52:07.326Z,0.026,3,1500,768x432,2.444755999999998,,rebuffer happen
2025-12-20T08:52:07.405Z,0.026,3,1500,768x432,2.5487559999999974,,
2025-12-20T08:52:07.654Z,0.272,3,1500,768x432,2.5910709999999995,,rebuffer happen
2025-12-20T08:52:07.803Z,0.272,3,1500,768x432,2.474396999999996,,
2025-12-20T08:52:07.882Z,0.48,2,1000,640x360,2.45984,,
2025-12-20T08:52:08.200Z,0.479,2,1000,640x360,2.3113679999999874,,
2025-12-20T08:52:08.274Z,0.492,3,1500,768x432,2.3171940000000006,,
2025-12-20T08:52:08.383Z,0.281,3,1500,768x432,2.2990640000000013,,rebuffer happen
2025-12-20T08:52:08.643Z,0.021,3,1500,768x432,2.250292999999999,,rebuffer happen
2025-12-20T08:52:08.796Z,0.021,3,1500,768x432,2.4382930000000016,,
2025-12-20T08:52:09.103Z,0.15,3,1500,768x432,2.3766490000000005,,rebuffer happen
2025-12-20T08:52:09.194Z,0.033,3,1500,768x432,2.3564599999999984,,rebuffer happen
2025-12-20T08:52:09.244Z,0.033,3,1500,768x432,2.3564599999999984,,
2025-12-20T08:52:09.677Z,0.035,3,1500,768x432,2.354073999999997,,rebuffer happen
2025-12-20T08:52:09.678Z,0.035,3,1500,768x432,2.354073999999997,,rebuffer happen
2025-12-20T08:52:09.682Z,0.035,3,1500,768x432,2.354073999999997,,
2025-12-20T08:52:09.763Z,0.535,2,1000,640x360,2.3911820000000006,,
2025-12-20T08:52:10.076Z,0.561,2,1000,640x360,2.285486000000006,,
2025-12-20T08:52:10.154Z,0.565,3,1500,768x432,2.179439000000002,,
2025-12-20T08:52:10.479Z,0.109,3,1500,768x432,2.227400000000003,,rebuffer happen
2025-12-20T08:52:10.545Z,0.024,3,1500,768x432,2.142885000000007,,rebuffer happen
2025-12-20T08:52:10.645Z,0.024,3,1500,768x432,2.2478849999999966,,
2025-12-20T08:52:10.716Z,0.524,2,1000,640x360,2.2858699999999885,,
2025-12-20T08:52:11.076Z,0.567,2,1000,640x360,2.2522499999999894,,
2025-12-20T08:52:11.155Z,0.522,3,1500,768x432,2.1502729999999985,,
2025-12-20T08:52:11.271Z,0.272,3,1500,768x432,2.1948559999999873,,rebuffer happen
2025-12-20T08:52:11.513Z,0.028,3,1500,768x432,2.1500780000000077,,rebuffer happen
2025-12-20T08:52:11.662Z,0.028,3,1500,768x432,2.355078000000006,,
2025-12-20T08:52:11.988Z,0.144,3,1500,768x432,2.2652319999999975,,rebuffer happen
2025-12-20T08:52:12.096Z,0.021,3,1500,768x432,2.239205999999996,,rebuffer happen
2025-12-20T08:52:12.236Z,0.021,3,1500,768x432,2.347206,,
2025-12-20T08:52:12.313Z,0.521,2,1000,640x360,2.372300999999993,,
2025-12-20T08:52:12.679Z,0.461,2,1000,640x360,2.2813110000000023,,
2025-12-20T08:52:13.047Z,0.484,2,1000,640x360,2.102198999999999,,
2025-12-20T08:52:13.405Z,0.564,2,1000,640x360,2.1024460000000005,,
2025-12-20T08:52:13.480Z,0.547,3,1500,768x432,2.1263139999999936,,
2025-12-20T08:52:13.687Z,0.25,3,1500,768x432,2.069688999999997,,rebuffer happen
2025-12-20T08:52:13.864Z,0.058,3,1500,768x432,2.079560999999998,,rebuffer happen
2025-12-20T08:52:14.040Z,0.058,3,1500,768x432,2.1765610000000066,,
2025-12-20T08:52:14.121Z,0.558,2,1000,640x360,2.2182169999999957,,
2025-12-20T08:52:14.567Z,0.48,2,1000,640x360,2.1868999999999943,,
2025-12-20T08:52:14.648Z,0.461,3,1500,768x432,2.087181000000001,,
2025-12-20T08:52:14.882Z,0.08,3,1500,768x432,2.1008950000000084,,rebuffer happen
2025-12-20T08:52:14.932Z,0.024,3,1500,768x432,2.0442870000000113,,rebuffer happen
2025-12-20T08:52:15.148Z,0.024,3,1500,768x432,2.244287,,
2025-12-20T08:52:15.222Z,0.49,2,1000,640x360,2.275651999999994,,
2025-12-20T08:52:15.569Z,0.545,2,1000,640x360,2.273428999999993,,
2025-12-20T08:52:15.933Z,0.585,2,1000,640x360,2.1105730000000023,,
2025-12-20T08:52:16.000Z,0.519,3,1500,768x432,2.1281759999999963,,
2025-12-20T08:52:16.257Z,0.194,3,1500,768x432,2.116521999999989,,rebuffer happen
2025-12-20T08:52:16.416Z,0.031,3,1500,768x432,2.0511089999999967,,rebuffer happen
2025-12-20T08:52:16.648Z,0.031,3,1500,768x432,2.25210899999999,,
2025-12-20T08:52:16.718Z,0.507,2,1000,640x360,2.281144999999995,,
2025-12-20T08:52:17.087Z,0.447,2,1000,640x360,2.1971910000000037,,
2025-12-20T08:52:17.153Z,0.469,3,1500,768x432,2.1146269999999987,,
2025-12-20T08:52:17.415Z,0.102,3,1500,768x432,2.123926999999995,,rebuffer happen
2025-12-20T08:52:17.467Z,0.039,3,1500,768x432,2.1624510000000043,,rebuffer happen
2025-12-20T08:52:17.488Z,0.039,3,1500,768x432,2.1624510000000043,,
2025-12-20T08:52:17.739Z,0.335,3,1500,768x432,2.133713,,
2025-12-20T08:52:17.976Z,0.777,3,1500,768x432,2.134568999999999,,
2025-12-20T08:52:18.103Z,0.997,3,1500,768x432,2.087239999999994,,
2025-12-20T08:52:18.304Z,1.189,3,1500,768x432,2.0568480000000022,,
2025-12-20T08:52:19.027Z,1.121,3,1500,768x432,1.983316000000002,,
2025-12-20T08:52:19.278Z,1.155,3,1500,768x432,2.013217999999995,,
2025-12-20T08:52:20.055Z,0.885,3,1500,768x432,2.008566000000002,,
2025-12-20T08:52:20.341Z,1.037,3,1500,768x432,1.9178810000000084,,
2025-12-20T08:52:20.627Z,1.461,3,1500,768x432,1.9288139999999885,,
2025-12-20T08:52:21.494Z,0.899,3,1500,768x432,1.9717729999999989,,
2025-12-20T08:52:21.822Z,1.096,3,1500,768x432,1.9365899999999954,,
2025-12-20T08:52:22.652Z,0.848,3,1500,768x432,1.923398000000006,,
2025-12-20T08:52:22.803Z,1.079,3,1500,768x432,1.962564999999998,,
2025-12-20T08:52:23.518Z,1.023,3,1500,768x432,1.9374130000000065,,
2025-12-20T08:52:23.675Z,1.27,3,1500,768x432,1.982652999999999,,
2025-12-20T08:52:24.333Z,1.238,3,1500,768x432,1.9275230000000079,,
2025-12-20T08:52:25.017Z,0.941,3,1500,768x432,1.9372280000000046,,
2025-12-20T08:52:25.166Z,1.173,3,1500,768x432,1.9872429999999923,,
2025-12-20T08:52:25.857Z,1.15,3,1500,768x432,2.003637999999995,,
2025-12-20T08:52:26.057Z,1.379,3,1500,768x432,1.997197,,
2025-12-20T08:52:26.733Z,1.363,3,1500,768x432,1.9326420000000013,,
2025-12-20T08:52:27.425Z,1.049,3,1500,768x432,1.9405319999999904,,
2025-12-20T08:52:27.598Z,1.309,3,1500,768x432,1.9804180000000002,,
2025-12-20T08:52:28.268Z,1.258,3,1500,768x432,1.9900939999999991,,
2025-12-20T08:52:28.949Z,0.957,3,1500,768x432,1.9084789999999998,,
2025-12-20T08:52:29.122Z,1.254,3,1500,768x432,1.9336430000000036,,
2025-12-20T08:52:29.764Z,1.164,3,1500,768x432,1.9951429999999988,,
2025-12-20T08:52:30.407Z,1.128,3,1500,768x432,1.9571870000000047,,
2025-12-20T08:52:30.534Z,1.379,3,1500,768x432,1.9363389999999896,,
2025-12-20T08:52:31.213Z,1.327,3,1500,768x432,1.9409629999999964,,
2025-12-20T08:52:31.843Z,1.052,3,1500,768x432,1.9257240000000024,,
2025-12-20T08:52:31.963Z,1.506,3,1500,768x432,2.0009330000000034,,
2025-12-20T08:52:32.621Z,1.242,3,1500,768x432,1.940142999999992,,
2025-12-20T08:52:33.238Z,1.195,3,1500,768x432,1.9131690000000106,,
2025-12-20T08:52:33.855Z,1.181,3,1500,768x432,2.003696000000005,,
2025-12-20T08:52:34.017Z,1.414,3,1500,768x432,1.9373539999999991,,
2025-12-20T08:52:34.664Z,1.393,3,1500,768x432,1.9991229999999973,,
2025-12-20T08:52:35.322Z,1.079,3,1500,768x432,1.9353049999999996,,
2025-12-20T08:52:35.964Z,1.064,3,1500,768x432,2.000712000000007,,
2025-12-20T08:52:36.120Z,1.292,3,1500,768x432,1.938715000000002,,
2025-12-20T08:52:36.796Z,1.249,3,1500,768x432,1.9600389999999948,,
2025-12-20T08:52:37.422Z,0.963,3,1500,768x432,1.9369180000000057,,
2025-12-20T08:52:37.554Z,1.4,3,1500,768x432,2.0057370000000105,,
2025-12-20T08:52:38.189Z,1.158,3,1500,768x432,1.966823000000005,,
2025-12-20T08:52:38.832Z,1.126,3,1500,768x432,1.9291889999999796,,
2025-12-20T08:52:39.494Z,1.083,3,1500,768x432,1.9790090000000191,,
2025-12-20T08:52:39.655Z,1.223,3,1500,768x432,2.0139680000000055,,
2025-12-20T08:52:40.362Z,1.031,3,1500,768x432,1.9909710000000018,,
2025-12-20T08:52:40.511Z,1.471,3,1500,768x432,1.9411680000000047,,
2025-12-20T08:52:41.200Z,1.237,3,1500,768x432,1.9538129999999967,,
2025-12-20T08:52:41.888Z,1.203,3,1500,768x432,1.96933199999998,,
2025-12-20T08:52:42.080Z,1.431,3,1500,768x432,1.9737269999999967,,
2025-12-20T08:52:42.762Z,1.149,3,1500,768x432,2.0024820000000148,,
2025-12-20T08:52:43.454Z,1.102,3,1500,768x432,2.0145339999999976,,
2025-12-20T08:52:43.625Z,1.366,3,1500,768x432,1.9473029999999767,,
2025-12-20T08:52:44.327Z,1.048,3,1500,768x432,1.930802,,
2025-12-20T08:52:45.045Z,1.009,3,1500,768x432,1.9076829999999916,,
2025-12-20T08:52:45.237Z,1.236,3,1500,768x432,1.916325999999998,,
2025-12-20T08:52:45.933Z,0.957,3,1500,768x432,1.9244669999999928,,
2025-12-20T08:52:46.122Z,1.401,3,1500,768x432,1.9303989999999942,,
2025-12-20T08:52:46.845Z,1.167,3,1500,768x432,1.9140549999999905,,
2025-12-20T08:52:47.052Z,1.397,3,1500,768x432,1.9030150000000106,,
2025-12-20T08:52:47.753Z,1.108,3,1500,768x432,2.0107750000000237,,
2025-12-20T08:52:48.469Z,1.057,3,1500,768x432,2.002756000000005,,
2025-12-20T08:52:48.655Z,1.321,3,1500,768x432,2.0171239999999955,,
2025-12-20T08:52:49.362Z,1.005,3,1500,768x432,1.9984919999999988,,
2025-12-20T08:52:49.548Z,1.394,3,1500,768x432,1.9074099999999987,,
2025-12-20T08:52:50.245Z,1.156,3,1500,768x432,1.9083789999999965,,
2025-12-20T08:52:50.938Z,0.911,3,1500,768x432,1.9181719999999984,,
2025-12-20T08:52:51.137Z,1.399,3,1500,768x432,1.9173090000000172,,
2025-12-20T08:52:51.842Z,1.122,3,1500,768x432,1.9209769999999935,,
2025-12-20T08:52:52.035Z,1.352,3,1500,768x432,1.9219140000000152,,
2025-12-20T08:52:52.736Z,1.306,3,1500,768x432,1.9185369999999864,,
2025-12-20T08:52:53.435Z,1.017,3,1500,768x432,1.923784000000012,,
2025-12-20T08:52:53.619Z,1.252,3,1500,768x432,1.9350750000000119,,
2025-12-20T08:52:54.310Z,1.216,3,1500,768x432,1.9465399999999988,,
2025-12-20T08:52:54.996Z,0.923,3,1500,768x432,1.957757000000015,,
2025-12-20T08:52:55.171Z,1.339,3,1500,768x432,1.9836420000000032,,
2025-12-20T08:52:55.866Z,1.137,3,1500,768x432,1.9959829999999954,,
2025-12-20T08:52:56.066Z,1.367,3,1500,768x432,1.9889880000000062,,
2025-12-20T08:52:56.805Z,1.064,3,1500,768x432,1.9479399999999885,,
2025-12-20T08:52:57.523Z,1.028,3,1500,768x432,1.9513259999999946,,
2025-12-20T08:52:57.741Z,1.115,3,1500,768x432,1.9357250000000192,,
2025-12-20T08:52:58.442Z,0.984,3,1500,768x432,1.9241499999999974,,
2025-12-20T08:52:58.670Z,1.214,3,1500,768x432,1.9914799999999957,,
2025-12-20T08:52:59.395Z,1.17,3,1500,768x432,1.9640850000000114,,
2025-12-20T08:52:59.654Z,1.291,3,1500,768x432,2.0065999999999917,,
2025-12-20T08:53:00.376Z,1.061,3,1500,768x432,1.9833140000000071,,
2025-12-20T08:53:00.582Z,1.364,3,1500,768x432,1.9897559999999999,,
2025-12-20T08:53:01.309Z,1.05,3,1500,768x432,1.9458339999999907,,
2025-12-20T08:53:02.065Z,1.018,3,1500,768x432,1.992888999999991,,
2025-12-20T08:53:02.325Z,1.254,3,1500,768x432,1.9308639999999855,,
2025-12-20T08:53:03.046Z,0.957,3,1500,768x432,1.906819000000013,,
2025-12-20T08:53:03.247Z,1.175,3,1500,768x432,1.9078980000000172,,
2025-12-20T08:53:03.957Z,0.891,3,1500,768x432,1.9983660000000043,,
2025-12-20T08:53:04.211Z,1.128,3,1500,768x432,1.9426520000000096,,
2025-12-20T08:53:04.974Z,1.102,3,1500,768x432,1.9849980000000187,,
2025-12-20T08:53:05.259Z,1.336,3,1500,768x432,2.000243999999981,,
2025-12-20T08:53:06.019Z,1.028,3,1500,768x432,1.9382009999999923,,
2025-12-20T08:53:06.282Z,1.269,3,1500,768x432,1.9730950000000007,,
2025-12-20T08:53:07.111Z,0.974,3,1500,768x432,1.9447490000000016,,
2025-12-20T08:53:07.410Z,0.95,3,1500,768x432,1.9525680000000136,,
2025-12-20T08:53:07.681Z,1.181,3,1500,768x432,1.9779159999999933,,
2025-12-20T08:53:08.439Z,1.138,3,1500,768x432,1.9316080000000113,,
2025-12-20T08:53:08.721Z,1.277,3,1500,768x432,1.9415579999999864,,
2025-12-20T08:53:09.585Z,0.835,3,1500,768x432,1.987556000000012,,
2025-12-20T08:53:09.813Z,1.06,3,1500,768x432,1.9529460000000256,,
2025-12-20T08:53:10.541Z,1.019,3,1500,768x432,1.9170399999999859,,
2025-12-20T08:53:10.829Z,1.092,3,1500,768x432,1.9249269999999967,,
2025-12-20T08:53:11.615Z,0.963,3,1500,768x432,1.9437330000000088,,
2025-12-20T08:53:11.830Z,1.015,3,1500,768x432,1.9254049999999836,,
2025-12-20T08:53:12.599Z,0.906,3,1500,768x432,1.9692389999999875,,
2025-12-20T08:53:12.848Z,1.135,3,1500,768x432,1.914619000000016,,
2025-12-20T08:53:13.157Z,1.364,3,1500,768x432,2.0007470000000183,,
2025-12-20T08:53:14.025Z,1.076,3,1500,768x432,1.939032999999995,,
2025-12-20T08:53:14.507Z,0.987,3,1500,768x432,1.952224000000001,,
2025-12-20T08:53:14.819Z,1.126,3,1500,768x432,1.9381229999999903,,
2025-12-20T08:53:15.649Z,0.709,3,1500,768x432,1.9127269999999896,,
2025-12-20T08:53:15.963Z,0.934,3,1500,768x432,1.990823000000006,,
2025-12-20T08:53:16.240Z,1.166,3,1500,768x432,1.9136239999999987,,
2025-12-20T08:53:17.127Z,0.873,3,1500,768x432,1.9294160000000034,,
2025-12-20T08:53:17.492Z,0.861,3,1500,768x432,1.9868199999999945,,
2025-12-20T08:53:17.882Z,1.091,3,1500,768x432,1.982606000000004,,
2025-12-20T08:53:18.192Z,1.317,3,1500,768x432,1.9627079999999921,,
2025-12-20T08:53:19.022Z,1.012,3,1500,768x432,1.9309640000000172,,
2025-12-20T08:53:19.405Z,0.991,3,1500,768x432,1.9509419999999977,,
2025-12-20T08:53:19.701Z,1.223,3,1500,768x432,1.9594940000000065,,
2025-12-20T08:53:20.661Z,0.93,3,1500,768x432,2.0065600000000074,,
2025-12-20T08:53:20.742Z,1.16,2,1000,640x360,1.9248540000000105,,
2025-12-20T08:53:21.135Z,1.189,2,1000,640x360,1.9197810000000004,,
2025-12-20T08:53:21.906Z,1.035,2,1000,640x360,1.9535199999999975,,
2025-12-20T08:53:21.982Z,0.869,3,1500,768x432,1.9794489999999882,,
2025-12-20T08:53:22.675Z,0.3,3,1500,768x432,1.9790459999999825,,
2025-12-20T08:53:22.753Z,0.644,2,1000,640x360,1.901334999999989,,
2025-12-20T08:53:23.235Z,0.61,2,1000,640x360,1.928668999999985,,
2025-12-20T08:53:23.303Z,0.598,3,1500,768x432,1.955348999999984,,
2025-12-20T08:53:23.605Z,0.232,3,1500,768x432,1.9536919999999895,,rebuffer happen
2025-12-20T08:53:23.806Z,0.031,3,1500,768x432,1.9574210000000107,,rebuffer happen
2025-12-20T08:53:24.030Z,0.031,3,1500,768x432,2.150421000000023,,
2025-12-20T08:53:24.097Z,0.502,2,1000,640x360,2.189130000000006,,
2025-12-20T08:53:24.513Z,0.459,2,1000,640x360,2.0927449999999794,,
2025-12-20T08:53:24.966Z,0.448,2,1000,640x360,2.0668409999999824,,
2025-12-20T08:53:25.034Z,0.445,3,1500,768x432,1.9909289999999942,,
2025-12-20T08:53:25.128Z,0.266,3,1500,768x432,1.9834610000000055,,rebuffer happen
2025-12-20T08:53:25.373Z,0.022,3,1500,768x432,2.0500749999999925,,rebuffer happen
2025-12-20T08:53:25.554Z,0.022,3,1500,768x432,2.241074999999995,,
2025-12-20T08:53:25.627Z,0.517,2,1000,640x360,2.162169000000006,,
2025-12-20T08:53:25.826Z,0.222,2,1000,640x360,2.1103180000000066,,rebuffer happen
2025-12-20T08:53:25.929Z,0.3,2,1000,640x360,2.0843069999999955,,rebuffer happen
2025-12-20T08:53:26.064Z,0.398,2,1000,640x360,2.1254880000000185,,
2025-12-20T08:53:26.146Z,0.405,3,1500,768x432,2.027686000000017,,
2025-12-20T08:53:26.160Z,0.292,3,1500,768x432,2.116343999999998,,rebuffer happen
2025-12-20T08:53:26.424Z,0.022,3,1500,768x432,2.0407240000000115,,rebuffer happen
2025-12-20T08:53:26.849Z,0.022,3,1500,768x432,2.4397240000000124,,
2025-12-20T08:53:26.928Z,0.522,2,1000,640x360,2.4784039999999834,,
2025-12-20T08:53:27.192Z,0.12,2,1000,640x360,2.417338000000001,,rebuffer happen
2025-12-20T08:53:27.397Z,0.377,2,1000,640x360,2.3827540000000056,,
2025-12-20T08:53:27.473Z,0.259,2,1000,640x360,2.384848000000005,,rebuffer happen
2025-12-20T08:53:27.659Z,0.003,2,1000,640x360,2.3270880000000034,,rebuffer happen
2025-12-20T08:53:27.936Z,0.247,2,1000,640x360,2.284639999999996,,
2025-12-20T08:53:28.015Z,0.258,3,1500,768x432,2.2989220000000046,,
2025-12-20T08:53:28.175Z,0.02,3,1500,768x432,2.348962,,rebuffer happen
2025-12-20T08:53:28.795Z,0.02,3,1500,768x432,2.9449619999999754,,
2025-12-20T08:53:28.863Z,0.52,2,1000,640x360,2.983772000000016,,
2025-12-20T08:53:29.087Z,0.266,2,1000,640x360,2.917827999999986,,rebuffer happen
2025-12-20T08:53:29.346Z,0.392,2,1000,640x360,2.830164999999994,,
2025-12-20T08:53:29.411Z,0.405,3,1500,768x432,2.8659370000000024,,
2025-12-20T08:53:29.504Z,0.263,3,1500,768x432,2.8860799999999927,,rebuffer happen
2025-12-20T08:53:29.727Z,0.032,3,1500,768x432,2.8499869999999987,,rebuffer happen
2025-12-20T08:53:30.167Z,0.032,3,1500,768x432,3.3579870000000085,,
2025-12-20T08:53:30.251Z,0.476,2,1000,640x360,3.2823290000000043,,
2025-12-20T08:53:30.454Z,0.278,2,1000,640x360,3.3638500000000136,,rebuffer happen
2025-12-20T08:53:30.599Z,0.275,2,1000,640x360,3.3022119999999973,,rebuffer happen
2025-12-20T08:53:30.784Z,0.311,2,1000,640x360,3.214472999999998,,
2025-12-20T08:53:30.785Z,0.296,2,1000,640x360,3.2135900000000106,,rebuffer happen
2025-12-20T08:53:30.862Z,0.295,1,600,480x270,3.0985880000000066,,
2025-12-20T08:53:30.978Z,0.084,1,600,480x270,3.136719999999997,,rebuffer happen
2025-12-20T08:53:31.170Z,0.336,1,600,480x270,3.177741999999995,,
2025-12-20T08:53:31.236Z,0.349,3,1500,768x432,3.118629999999996,,
2025-12-20T08:53:31.237Z,0.29,3,1500,768x432,3.117999999999995,,rebuffer happen
2025-12-20T08:53:31.512Z,0.017,3,1500,768x432,3.1360730000000103,,rebuffer happen
2025-12-20T08:53:31.984Z,0.017,3,1500,768x432,3.6350730000000055,,
2025-12-20T08:53:32.068Z,0.474,2,1000,640x360,3.6525959999999884,,
2025-12-20T08:53:32.207Z,0.259,2,1000,640x360,3.554265000000015,,rebuffer happen
2025-12-20T08:53:32.567Z,0.283,2,1000,640x360,3.5341650000000016,,rebuffer happen
2025-12-20T08:53:32.582Z,0.283,2,1000,640x360,3.5111540000000048,,
2025-12-20T08:53:32.746Z,0.049,2,1000,640x360,3.3716560000000015,,rebuffer happen
2025-12-20T08:53:33.003Z,0.269,2,1000,640x360,3.461008000000021,,rebuffer happen
2025-12-20T08:53:33.047Z,0.301,2,1000,640x360,3.395443,,
2025-12-20T08:53:33.047Z,0.269,2,1000,640x360,3.395038999999997,,rebuffer happen
2025-12-20T08:53:33.508Z,0.279,2,1000,640x360,3.418869000000001,,
2025-12-20T08:53:33.583Z,0.257,3,1500,768x432,3.437375999999972,,
2025-12-20T08:53:33.780Z,0.019,3,1500,768x432,3.442616000000015,,rebuffer happen
2025-12-20T08:53:34.248Z,0.019,3,1500,768x432,3.8486159999999927,,
2025-12-20T08:53:34.320Z,0.472,2,1000,640x360,3.8779460000000086,,
2025-12-20T08:53:34.477Z,0.287,2,1000,640x360,3.8409409999999866,,rebuffer happen
2025-12-20T08:53:34.560Z,0.295,2,1000,640x360,3.820321000000007,,rebuffer happen
2025-12-20T08:53:34.726Z,0.362,2,1000,640x360,3.665089999999992,,
2025-12-20T08:53:34.841Z,0.174,2,1000,640x360,3.5940269999999828,,rebuffer happen
2025-12-20T08:53:35.166Z,0.293,2,1000,640x360,3.6235869999999863,,
2025-12-20T08:53:35.294Z,0.176,2,1000,640x360,3.601076999999975,,rebuffer happen
2025-12-20T08:53:35.441Z,0.469,2,1000,640x360,3.5129180000000133,,
2025-12-20T08:53:35.516Z,0.494,3,1500,768x432,3.5403169999999875,,
2025-12-20T08:53:35.660Z,0.26,3,1500,768x432,3.58314900000002,,rebuffer happen
2025-12-20T08:53:35.799Z,0.26,3,1500,768x432,3.468925000000013,,
2025-12-20T08:53:36.019Z,0.221,3,1500,768x432,3.342967999999985,,rebuffer happen
2025-12-20T08:53:36.149Z,0.027,3,1500,768x432,3.25009,,rebuffer happen
2025-12-20T08:53:36.176Z,0.027,3,1500,768x432,3.345089999999999,,
2025-12-20T08:53:36.413Z,0.296,3,1500,768x432,3.3194799999999987,,rebuffer happen
2025-12-20T08:53:36.451Z,0.296,3,1500,768x432,3.2609350000000177,,
2025-12-20T08:53:36.688Z,0.402,3,1500,768x432,3.2013919999999985,,
2025-12-20T08:53:36.925Z,0.8,3,1500,768x432,3.047319999999985,,
2025-12-20T08:53:37.160Z,0.764,3,1500,768x432,2.995426000000009,,
2025-12-20T08:53:37.386Z,1.098,3,1500,768x432,2.904896000000008,,
2025-12-20T08:53:37.620Z,1.3,3,1500,768x432,2.8058230000000037,,
2025-12-20T08:53:37.854Z,1.286,3,1500,768x432,2.7526700000000233,,
2025-12-20T08:53:38.096Z,1.504,3,1500,768x432,2.5976069999999822,,
2025-12-20T08:53:38.340Z,1.615,3,1500,768x432,2.4623929999999916,,
2025-12-20T08:53:38.564Z,1.867,3,1500,768x432,2.5441669999999874,,
2025-12-20T08:53:39.343Z,1.265,3,1500,768x432,2.1718099999999936,,
2025-12-20T08:53:39.566Z,1.752,3,1500,768x432,2.187349999999981,,
2025-12-20T08:53:40.310Z,1.294,3,1500,768x432,2.0215980000000116,,
2025-12-20T08:53:41.042Z,0.943,3,1500,768x432,1.940573999999998,,
2025-12-20T08:53:41.288Z,1.161,3,1500,768x432,1.985759999999999,,
2025-12-20T08:53:42.022Z,0.859,3,1500,768x432,1.9412100000000123,,
2025-12-20T08:53:42.189Z,1.323,3,1500,768x432,1.9722089999999923,,
2025-12-20T08:53:42.987Z,1.069,3,1500,768x432,1.982955000000004,,
2025-12-20T08:53:43.200Z,1.29,3,1500,768x432,1.9601380000000006,,
2025-12-20T08:53:43.913Z,0.991,3,1500,768x432,1.9421850000000234,,
2025-12-20T08:53:44.147Z,1.221,3,1500,768x432,1.905840000000012,,
2025-12-20T08:53:44.897Z,1.195,3,1500,768x432,1.9587630000000047,,
2025-12-20T08:53:45.170Z,1.219,3,1500,768x432,1.9821249999999964,,
2025-12-20T08:53:46.045Z,0.867,3,1500,768x432,1.9165209999999888,,
2025-12-20T08:53:46.270Z,1.094,3,1500,768x432,1.9865819999999985,,
2025-12-20T08:53:47.012Z,1.078,3,1500,768x432,1.9507029999999759,,
2025-12-20T08:53:47.219Z,1.305,3,1500,768x432,1.9414359999999817,,
2025-12-20T08:53:47.961Z,0.999,3,1500,768x432,1.992387000000008,,
2025-12-20T08:53:48.207Z,1.236,3,1500,768x432,1.949557000000027,,
2025-12-20T08:53:48.979Z,0.942,3,1500,768x432,1.979264999999998,,
2025-12-20T08:53:49.309Z,1.171,3,1500,768x432,1.946548000000007,,
2025-12-20T08:53:50.019Z,0.88,3,1500,768x432,1.9415309999999977,,
2025-12-20T08:53:50.226Z,1.112,3,1500,768x432,1.933101999999991,,
2025-12-20T08:53:50.894Z,1.088,3,1500,768x432,1.9726080000000081,,
2025-12-20T08:53:51.108Z,1.318,3,1500,768x432,1.9536960000000079,,
2025-12-20T08:53:51.848Z,1.032,3,1500,768x432,1.9203640000000064,,
2025-12-20T08:53:52.119Z,1.258,3,1500,768x432,1.9445670000000064,,
2025-12-20T08:53:52.807Z,1.216,3,1500,768x432,1.9524409999999932,,
2025-12-20T08:53:53.649Z,0.934,3,1500,768x432,1.9120279999999923,,
2025-12-20T08:53:53.888Z,1.038,3,1500,768x432,1.9701579999999979,,
2025-12-20T08:53:54.116Z,1.397,3,1500,768x432,1.9398020000000145,,
2025-12-20T08:53:54.888Z,1.104,3,1500,768x432,1.977923000000004,,
2025-12-20T08:53:55.098Z,1.338,3,1500,768x432,1.9593360000000075,,
2025-12-20T08:53:55.821Z,1.051,3,1500,768x432,1.9469209999999748,,
2025-12-20T08:53:56.560Z,0.998,3,1500,768x432,1.9981280000000083,,
2025-12-20T08:53:56.786Z,1.113,3,1500,768x432,1.9748950000000036,,
2025-12-20T08:53:57.516Z,0.947,3,1500,768x432,1.945617999999996,,
2025-12-20T08:53:57.758Z,1.179,3,1500,768x432,2.0005999999999915,,
2025-12-20T08:53:58.438Z,1.136,3,1500,768x432,1.9269890000000203,,
2025-12-20T08:53:58.620Z,1.297,3,1500,768x432,1.94464099999999,,
2025-12-20T08:53:59.430Z,1.077,3,1500,768x432,1.9381389999999783,,
2025-12-20T08:53:59.717Z,1.225,3,1500,768x432,1.9520189999999786,,
2025-12-20T08:54:00.461Z,1.02,3,1500,768x432,1.9951340000000073,,
2025-12-20T08:54:00.711Z,1.13,3,1500,768x432,1.9431979999999953,,
2025-12-20T08:54:01.385Z,0.964,3,1500,768x432,1.9773569999999836,,
2025-12-20T08:54:01.626Z,1.416,3,1500,768x432,1.93291099999999,,
2025-12-20T08:54:02.437Z,1.159,3,1500,768x432,1.9280760000000043,,
2025-12-20T08:54:02.682Z,1.342,3,1500,768x432,1.9806999999999846,,
2025-12-20T08:54:03.421Z,1.092,3,1500,768x432,1.947008000000011,,
2025-12-20T08:54:03.663Z,1.254,3,1500,768x432,2.008463000000006,,
2025-12-20T08:54:04.423Z,1.031,3,1500,768x432,1.9479570000000024,,
2025-12-20T08:54:04.657Z,1.296,3,1500,768x432,2.0236150000000066,,
2025-12-20T08:54:05.401Z,0.985,3,1500,768x432,1.9666979999999796,,
2025-12-20T08:54:05.659Z,1.213,3,1500,768x432,2.0008969999999806,,
2025-12-20T08:54:06.389Z,1.172,3,1500,768x432,1.974049000000008,,
2025-12-20T08:54:06.624Z,1.371,3,1500,768x432,1.9420609999999954,,
2025-12-20T08:54:07.351Z,1.111,3,1500,768x432,1.9099510000000066,,
2025-12-20T08:54:07.541Z,1.364,3,1500,768x432,1.9273210000000063,,
2025-12-20T08:54:08.248Z,1.32,3,1500,768x432,1.9085790000000031,,
2025-12-20T08:54:08.985Z,1.034,3,1500,768x432,1.9804180000000144,,
2025-12-20T08:54:09.351Z,0.992,3,1500,768x432,1.9143980000000056,,
2025-12-20T08:54:09.568Z,1.477,3,1500,768x432,1.9911209999999926,,
2025-12-20T08:54:10.361Z,1.191,3,1500,768x432,1.9956240000000207,,
2025-12-20T08:54:10.592Z,1.398,3,1500,768x432,1.9711049999999943,,
2025-12-20T08:54:11.401Z,1.126,3,1500,768x432,1.9652890000000127,,
2025-12-20T08:54:11.686Z,1.331,3,1500,768x432,1.983193,,
2025-12-20T08:54:12.438Z,1.062,3,1500,768x432,1.9282039999999938,,
2025-12-20T08:54:12.679Z,1.239,3,1500,768x432,1.993376999999981,,
2025-12-20T08:54:13.429Z,1.003,3,1500,768x432,1.9279060000000072,,
2025-12-20T08:54:13.705Z,1.143,3,1500,768x432,1.9552509999999756,,
2025-12-20T08:54:14.385Z,1.199,3,1500,768x432,1.9759339999999952,,
2025-12-20T08:54:14.691Z,1.178,3,1500,768x432,1.9661009999999806,,
2025-12-20T08:54:15.442Z,1.133,3,1500,768x432,1.9257130000000018,,
2025-12-20T08:54:15.657Z,1.345,3,1500,768x432,2.010883000000007,,
2025-12-20T08:54:16.426Z,1.081,3,1500,768x432,1.938761999999997,,
2025-12-20T08:54:16.689Z,1.27,3,1500,768x432,1.9829750000000104,,
2025-12-20T08:54:17.470Z,1.016,3,1500,768x432,1.9868560000000173,,
2025-12-20T08:54:17.693Z,1.161,3,1500,768x432,1.9678399999999954,,
2025-12-20T08:54:18.438Z,0.961,3,1500,768x432,1.9257479999999987,,
2025-12-20T08:54:18.643Z,1.403,3,1500,768x432,1.9190899999999829,,
2025-12-20T08:54:19.368Z,1.158,3,1500,768x432,1.991016000000002,,
2025-12-20T08:54:19.615Z,1.358,3,1500,768x432,1.9520929999999908,,
2025-12-20T08:54:20.296Z,1.097,3,1500,768x432,1.956265000000002,,
2025-12-20T08:54:20.997Z,1.076,3,1500,768x432,1.966571999999985,,
2025-12-20T08:54:21.216Z,1.306,3,1500,768x432,1.937880999999976,,
2025-12-20T08:54:21.947Z,1.004,3,1500,768x432,1.907383999999979,,
2025-12-20T08:54:22.177Z,1.231,3,1500,768x432,1.9772609999999986,,
2025-12-20T08:54:23.007Z,0.943,3,1500,768x432,1.9468870000000038,,
2025-12-20T08:54:23.313Z,1.176,3,1500,768x432,1.941710999999998,,
2025-12-20T08:54:24.066Z,0.883,3,1500,768x432,1.9942409999999882,,
2025-12-20T08:54:24.323Z,1.111,3,1500,768x432,1.9306840000000136,,
2025-12-20T08:54:25.056Z,0.821,3,1500,768x432,2.004271999999986,,
2025-12-20T08:54:25.290Z,1.05,3,1500,768x432,1.963565999999986,,
2025-12-20T08:54:26.050Z,1.033,3,1500,768x432,1.910899999999998,,
2025-12-20T08:54:26.243Z,1.261,3,1500,768x432,1.919002000000006,,
2025-12-20T08:54:26.914Z,0.956,3,1500,768x432,1.9429769999999849,,
2025-12-20T08:54:27.131Z,1.265,3,1500,768x432,1.9237610000000132,,
2025-12-20T08:54:27.885Z,1.164,3,1500,768x432,1.975812000000019,,
2025-12-20T08:54:28.104Z,1.393,3,1500,768x432,1.9494569999999953,,
2025-12-20T08:54:28.859Z,1.104,3,1500,768x432,2.0011010000000056,,
2025-12-20T08:54:29.107Z,1.336,3,1500,768x432,1.953564,,
2025-12-20T08:54:29.842Z,1.051,3,1500,768x432,1.926591000000002,,
2025-12-20T08:54:30.071Z,1.276,3,1500,768x432,1.990762999999987,,
2025-12-20T08:54:30.841Z,1.238,3,1500,768x432,1.9167070000000024,,
2025-12-20T08:54:31.076Z,1.285,3,1500,768x432,1.9785129999999924,,
2025-12-20T08:54:31.828Z,1.178,3,1500,768x432,1.92940999999999,,
2025-12-20T08:54:32.608Z,0.893,3,1500,768x432,1.962444000000005,,
2025-12-20T08:54:32.853Z,1.122,3,1500,768x432,2.0078040000000215,,
2025-12-20T08:54:33.099Z,1.35,3,1500,768x432,1.9590180000000146,,
2025-12-20T08:54:33.832Z,1.062,3,1500,768x432,1.9370329999999853,,
2025-12-20T08:54:34.562Z,1.015,3,1500,768x432,1.9931310000000053,,
2025-12-20T08:54:34.820Z,1.126,3,1500,768x432,1.9361690000000067,,
2025-12-20T08:54:35.589Z,0.964,3,1500,768x432,1.9722679999999855,,
2025-12-20T08:54:35.786Z,1.052,3,1500,768x432,1.969411000000008,,
2025-12-20T08:54:36.510Z,0.905,3,1500,768x432,1.9537009999999952,,
2025-12-20T08:54:36.766Z,1.136,3,1500,768x432,1.9958039999999926,,
2025-12-20T08:54:37.469Z,1.091,3,1500,768x432,2.0032259999999837,,
2025-12-20T08:54:37.694Z,1.237,3,1500,768x432,1.9753770000000088,,
2025-12-20T08:54:38.392Z,1.033,3,1500,768x432,1.96293399999999,,
2025-12-20T08:54:38.604Z,1.266,3,1500,768x432,1.9514700000000005,,
2025-12-20T08:54:39.304Z,1.227,3,1500,768x432,1.954435000000018,,
2025-12-20T08:54:40.085Z,0.88,3,1500,768x432,1.968847000000011,,
2025-12-20T08:54:40.307Z,1.16,3,1500,768x432,1.9481659999999863,,
2025-12-20T08:54:41.068Z,0.878,3,1500,768x432,1.9881359999999972,,
2025-12-20T08:54:41.368Z,1.063,3,1500,768x432,1.9916010000000028,,
2025-12-20T08:54:41.643Z,1.219,3,1500,768x432,1.9263620000000117,,
2025-12-20T08:54:42.361Z,1.046,3,1500,768x432,2.0033770000000004,,
2025-12-20T08:54:42.578Z,1.287,3,1500,768x432,1.9794840000000136,,
2025-12-20T08:54:43.284Z,1.25,3,1500,768x432,1.9664700000000153,,
2025-12-20T08:54:43.982Z,0.954,3,1500,768x432,1.975248999999991,,
2025-12-20T08:54:44.205Z,1.171,3,1500,768x432,1.946772999999979,,
2025-12-20T08:54:44.940Z,1.155,3,1500,768x432,1.919290999999987,,
2025-12-20T08:54:45.131Z,1.397,3,1500,768x432,1.9222570000000303,,
2025-12-20T08:54:45.935Z,1.107,3,1500,768x432,1.930685000000011,,
2025-12-20T08:54:46.196Z,1.337,3,1500,768x432,1.9596469999999897,,
2025-12-20T08:54:46.950Z,1.035,3,1500,768x432,1.9073440000000232,,
2025-12-20T08:54:47.207Z,1.269,3,1500,768x432,1.9449839999999767,,
2025-12-20T08:54:47.948Z,0.971,3,1500,768x432,1.9077530000000138,,
2025-12-20T08:54:48.181Z,1.175,3,1500,768x432,1.9714989999999943,,
2025-12-20T08:54:48.918Z,1.166,3,1500,768x432,1.9423980000000256,,
2025-12-20T08:54:49.059Z,1.412,3,1500,768x432,2.000708999999972,,
2025-12-20T08:54:49.770Z,1.119,3,1500,768x432,1.9953009999999836,,
2025-12-20T08:54:50.658Z,0.836,3,1500,768x432,2.0142720000000054,,
2025-12-20T08:54:50.897Z,1.064,3,1500,768x432,1.968276000000003,,
2025-12-20T08:54:51.153Z,1.273,3,1500,768x432,2.00454400000001,,
2025-12-20T08:54:51.892Z,0.987,3,1500,768x432,1.9647299999999746,,
2025-12-20T08:54:52.112Z,1.442,3,1500,768x432,1.9420959999999923,,
2025-12-20T08:54:52.914Z,0.923,3,1500,768x432,1.9441919999999868,,
2025-12-20T08:54:53.151Z,1.422,3,1500,768x432,1.905446999999981,,
2025-12-20T08:54:53.907Z,1.138,3,1500,768x432,1.953002999999967,,
2025-12-20T08:54:54.156Z,1.362,3,1500,768x432,1.9999189999999771,,
2025-12-20T08:54:54.851Z,1.065,3,1500,768x432,1.906803000000025,,
2025-12-20T08:54:55.034Z,1.301,3,1500,768x432,1.9204369999999926,,
2025-12-20T08:54:55.739Z,1.291,3,1500,768x432,1.934123999999997,,
2025-12-20T08:54:56.535Z,0.983,3,1500,768x432,1.9332879999999477,,
2025-12-20T08:54:56.827Z,1.215,3,1500,768x432,1.9326960000000213,,
2025-12-20T08:54:57.562Z,0.917,3,1500,768x432,2.003161000000034,,
2025-12-20T08:54:57.875Z,1.147,3,1500,768x432,1.982418999999993,,
2025-12-20T08:54:58.080Z,1.347,3,1500,768x432,1.9741070000000036,,
2025-12-20T08:54:58.809Z,1.078,3,1500,768x432,1.9517850000000294,,
2025-12-20T08:54:59.571Z,0.808,3,1500,768x432,2.0104029999999966,,
2025-12-20T08:54:59.807Z,1.063,3,1500,768x432,1.9643590000000017,,
2025-12-20T08:55:00.534Z,0.997,3,1500,768x432,1.926129000000003,,
2025-12-20T08:55:00.727Z,1.227,3,1500,768x432,1.9333429999999794,,
2025-12-20T08:55:01.437Z,0.934,3,1500,768x432,1.9262300000000323,,
2025-12-20T08:55:01.666Z,1.226,3,1500,768x432,1.9913930000000164,,
2025-12-20T08:55:02.431Z,1.126,3,1500,768x432,1.933289000000002,,
2025-12-20T08:55:02.681Z,1.375,3,1500,768x432,1.9836280000000102,,
2025-12-20T08:55:03.449Z,1.065,3,1500,768x432,1.9253559999999652,,
2025-12-20T08:55:03.759Z,1.323,3,1500,768x432,2.013328999999999,,
2025-12-20T08:55:04.520Z,1.005,3,1500,768x432,1.9425880000000006,,
2025-12-20T08:55:04.759Z,1.241,3,1500,768x432,1.997870999999975,,
2025-12-20T08:55:05.504Z,0.945,3,1500,768x432,1.9587319999999977,,
2025-12-20T08:55:05.753Z,1.178,3,1500,768x432,2.004092000000014,,
2025-12-20T08:55:06.500Z,0.894,3,1500,768x432,1.9706020000000422,,
2025-12-20T08:55:06.747Z,1.123,3,1500,768x432,1.9199769999999603,,
2025-12-20T08:55:07.494Z,1.068,3,1500,768x432,1.98107600000003,,
2025-12-20T08:55:07.720Z,1.337,3,1500,768x432,1.9538670000000025,,
2025-12-20T08:55:08.475Z,1.015,3,1500,768x432,1.979093999999975,,
2025-12-20T08:55:08.734Z,1.255,3,1500,768x432,1.9205800000000295,,
2025-12-20T08:55:09.490Z,0.963,3,1500,768x432,1.971149999999966,,
2025-12-20T08:55:09.704Z,1.195,3,1500,768x432,1.9617130000000316,,
2025-12-20T08:55:10.396Z,1.018,3,1500,768x432,1.9597200000000043,,
2025-12-20T08:55:10.615Z,1.394,3,1500,768x432,1.9379640000000222,,
2025-12-20T08:55:11.407Z,1.096,3,1500,768x432,1.955426999999986,,
2025-12-20T08:55:11.669Z,1.349,3,1500,768x432,2.002791000000002,,
2025-12-20T08:55:12.431Z,1.036,3,1500,768x432,1.922709999999995,,
2025-12-20T08:55:12.671Z,1.269,3,1500,768x432,1.9817160000000058,,
2025-12-20T08:55:13.412Z,0.977,3,1500,768x432,1.950775999999962,,
2025-12-20T08:55:13.640Z,1.21,3,1500,768x432,1.9170530000000099,,
2025-12-20T08:55:14.423Z,1.164,3,1500,768x432,1.9444470000000251,,
2025-12-20T08:55:14.655Z,1.421,3,1500,768x432,2.0078399999999874,,
2025-12-20T08:55:15.332Z,1.097,3,1500,768x432,1.9288549999999987,,
2025-12-20T08:55:16.022Z,1.062,3,1500,768x432,1.93286599999999,,
2025-12-20T08:55:16.254Z,1.153,3,1500,768x432,1.998301999999967,,
2025-12-20T08:55:16.985Z,0.999,3,1500,768x432,1.9705589999999802,,
2025-12-20T08:55:17.236Z,1.235,3,1500,768x432,1.9227109999999925,,
2025-12-20T08:55:18.004Z,0.942,3,1500,768x432,1.9560829999999783,,
2025-12-20T08:55:18.373Z,1.002,3,1500,768x432,1.9819430000000011,,
2025-12-20T08:55:18.615Z,1.408,3,1500,768x432,1.9391940000000432,,
2025-12-20T08:55:19.395Z,1.113,3,1500,768x432,1.968435999999997,,
2025-12-20T08:55:19.664Z,1.356,3,1500,768x432,1.9991059999999834,,
2025-12-20T08:55:20.443Z,1.049,3,1500,768x432,1.9278140000000121,,
2025-12-20T08:55:20.721Z,1.301,3,1500,768x432,1.9471550000000093,,
2025-12-20T08:55:21.494Z,0.987,3,1500,768x432,1.9628689999999551,,
2025-12-20T08:55:21.737Z,1.225,3,1500,768x432,1.9174889999999891,,
2025-12-20T08:55:22.528Z,0.934,3,1500,768x432,1.938637999999969,,
2025-12-20T08:55:22.796Z,1.165,3,1500,768x432,1.9675649999999791,,
2025-12-20T08:55:23.578Z,0.862,3,1500,768x432,1.9895740000000046,,
2025-12-20T08:55:23.885Z,1.077,3,1500,768x432,1.979647,,
2025-12-20T08:55:24.172Z,1.206,3,1500,768x432,1.9825889999999617,,
2025-12-20T08:55:24.952Z,1.024,3,1500,768x432,2.0084959999999796,,
2025-12-20T08:55:25.293Z,1.11,3,1500,768x432,1.962408000000039,,
2025-12-20T08:55:26.069Z,0.954,3,1500,768x432,1.9853169999999523,,
2025-12-20T08:55:26.278Z,1.183,3,1500,768x432,1.977190999999948,,
2025-12-20T08:55:27.109Z,0.896,3,1500,768x432,1.9465700000000083,,
2025-12-20T08:55:27.493Z,0.868,3,1500,768x432,1.968258999999989,,
2025-12-20T08:55:27.791Z,1.085,3,1500,768x432,1.9662120000000414,,
2025-12-20T08:55:28.575Z,0.818,3,1500,768x432,1.9986999999999853,,
2025-12-20T08:55:29.052Z,1.012,3,1500,768x432,1.9159329999999954,,
2025-12-20T08:55:29.326Z,1.142,3,1500,768x432,1.9341340000000287,,
2025-12-20T08:55:30.165Z,0.701,3,1500,768x432,1.9879000000000246,,
2025-12-20T08:55:30.496Z,0.947,3,1500,768x432,1.9637689999999566,,
2025-12-20T08:55:30.847Z,1.18,3,1500,768x432,1.9079040000000305,,
2025-12-20T08:55:31.194Z,1.141,3,1500,768x432,1.9613399999999501,,
2025-12-20T08:55:31.995Z,0.845,3,1500,768x432,1.9590910000000008,,
2025-12-20T08:55:32.224Z,1.25,3,1500,768x432,1.928336999999999,,
2025-12-20T08:55:32.852Z,1.052,3,1500,768x432,1.9110689999999977,,
2025-12-20T08:55:32.878Z,1.488,3,1500,768x432,1.9803300000000377,,
2025-12-20T08:55:32.945Z,1.961,1,600,480x270,1.9124189999999999,,
2025-12-20T08:55:33.185Z,2.12,1,600,480x270,1.9711980000000153,,
2025-12-20T08:55:33.261Z,2.149,3,1500,768x432,1.8942650000000185,,
2025-12-20T08:55:34.522Z,0.964,3,1500,768x432,1.9411999999999807,,
2025-12-20T08:55:34.753Z,1.195,3,1500,768x432,2.0035570000000007,,
2025-12-20T08:55:35.478Z,0.908,3,1500,768x432,1.987230000000011,,
2025-12-20T08:55:35.704Z,1.368,3,1500,768x432,1.9603939999999511,,
2025-12-20T08:55:36.436Z,1.097,3,1500,768x432,1.9299899999999752,,
2025-12-20T08:55:36.675Z,1.35,3,1500,768x432,1.9964749999999754,,
2025-12-20T08:55:37.437Z,1.03,3,1500,768x432,1.9194120000000225,,
2025-12-20T08:55:37.685Z,1.268,3,1500,768x432,1.973670000000027,,
2025-12-20T08:55:38.437Z,0.977,3,1500,768x432,1.9271119999999655,,
2025-12-20T08:55:38.686Z,1.211,3,1500,768x432,1.9742420000000038,,
2025-12-20T08:55:39.382Z,1.163,3,1500,768x432,1.9823749999999905,,
2025-12-20T08:55:39.582Z,1.417,3,1500,768x432,1.9808810000000108,,
2025-12-20T08:55:40.316Z,1.111,3,1500,768x432,1.9370870000000195,,
2025-12-20T08:55:41.078Z,0.817,3,1500,768x432,1.9793990000000008,,
2025-12-20T08:55:41.389Z,1.043,3,1500,768x432,1.9721800000000371,,
2025-12-20T08:55:41.700Z,1.295,3,1500,768x432,1.9687020000000075,,
2025-12-20T08:55:42.429Z,0.989,3,1500,768x432,1.9327139999999758,,
2025-12-20T08:55:42.659Z,1.224,3,1500,768x432,1.9985720000000242,,
2025-12-20T08:55:43.392Z,1.184,3,1500,768x432,1.969365000000039,,
2025-12-20T08:55:43.614Z,1.435,3,1500,768x432,1.9482789999999568,,
2025-12-20T08:55:44.337Z,1.125,3,1500,768x432,1.9243260000000078,,
2025-12-20T08:55:44.560Z,1.366,3,1500,768x432,1.9957079999999792,,
2025-12-20T08:55:45.303Z,1.062,3,1500,768x432,1.9486970000000383,,
2025-12-20T08:55:46.103Z,0.767,3,1500,768x432,1.95350499999995,,
2025-12-20T08:55:46.368Z,1.004,3,1500,768x432,1.9885610000000042,,
2025-12-20T08:55:46.608Z,1.24,3,1500,768x432,1.9493730000000369,,
2025-12-20T08:55:47.360Z,1.204,3,1500,768x432,1.9993839999999636,,
2025-12-20T08:55:47.597Z,1.255,3,1500,768x432,1.964866000000029,,
2025-12-20T08:55:48.279Z,1.139,3,1500,768x432,1.9761980000000108,,
2025-12-20T08:55:49.030Z,0.85,3,1500,768x432,1.929979000000003,,
2025-12-20T08:55:49.275Z,1.076,3,1500,768x432,1.9773069999999962,,
2025-12-20T08:55:49.985Z,0.883,3,1500,768x432,1.9737460000000056,,
2025-12-20T08:55:50.185Z,1.191,3,1500,768x432,1.9685989999999833,,
2025-12-20T08:55:50.993Z,0.985,3,1500,768x432,1.9608149999999682,,
2025-12-20T08:55:51.254Z,1.109,3,1500,768x432,1.9997619999999756,,
2025-12-20T08:55:52.016Z,0.926,3,1500,768x432,1.9435419999999795,,
2025-12-20T08:55:52.252Z,1.154,3,1500,768x432,1.9008720000000494,,
2025-12-20T08:55:52.978Z,0.862,3,1500,768x432,1.9786419999999794,,
2025-12-20T08:55:53.140Z,1.3,3,1500,768x432,1.9127920000000245,,
2025-12-20T08:55:54.005Z,1.067,3,1500,768x432,1.9550259999999753,,
2025-12-20T08:55:54.221Z,1.221,3,1500,768x432,1.934644999999989,,
2025-12-20T08:55:54.932Z,1,3,1500,768x432,1.925094999999999,,
2025-12-20T08:55:55.197Z,1.139,3,1500,768x432,1.9587209999999686,,
2025-12-20T08:55:55.930Z,0.939,3,1500,768x432,1.924634000000026,,
2025-12-20T08:55:56.144Z,1.405,3,1500,768x432,1.908311000000026,,
2025-12-20T08:55:56.851Z,1.153,3,1500,768x432,1.9114659999999617,,
2025-12-20T08:55:57.110Z,1.33,3,1500,768x432,1.9457840000000033,,
2025-12-20T08:55:57.839Z,1.08,3,1500,768x432,1.9208090000000198,,
2025-12-20T08:55:58.056Z,1.315,3,1500,768x432,1.997030000000052,,
2025-12-20T08:55:58.781Z,1.298,3,1500,768x432,1.9936559999999872,,
2025-12-20T08:55:59.484Z,0.992,3,1500,768x432,1.976079000000027,,
2025-12-20T08:55:59.684Z,1.224,3,1500,768x432,1.9781670000000418,,
2025-12-20T08:56:00.448Z,0.932,3,1500,768x432,1.9178400000000124,,
2025-12-20T08:56:00.680Z,1.164,3,1500,768x432,1.9787220000000048,,
2025-12-20T08:56:01.424Z,1.124,3,1500,768x432,1.9407050000000368,,
2025-12-20T08:56:01.620Z,1.377,3,1500,768x432,1.9459209999999985,,
2025-12-20T08:56:02.319Z,1.049,3,1500,768x432,1.9363749999999982,,
2025-12-20T08:56:03.020Z,1.023,3,1500,768x432,1.9419409999999857,,
2025-12-20T08:56:03.236Z,1.174,3,1500,768x432,1.919115999999974,,
2025-12-20T08:56:03.972Z,0.957,3,1500,768x432,1.9817429999999945,,
2025-12-20T08:56:04.189Z,1.19,3,1500,768x432,1.9632399999999848,,
2025-12-20T08:56:04.978Z,0.897,3,1500,768x432,1.9796860000000152,,
2025-12-20T08:56:05.178Z,1.359,3,1500,768x432,1.981298000000038,,
2025-12-20T08:56:05.903Z,1.095,3,1500,768x432,1.9529860000000099,,
2025-12-20T08:56:06.128Z,1.28,3,1500,768x432,1.9264249999999947,,
2025-12-20T08:56:06.843Z,1.036,3,1500,768x432,1.913661999999988,,
2025-12-20T08:56:07.059Z,1.495,3,1500,768x432,1.9977590000000305,,
2025-12-20T08:56:07.806Z,1.236,3,1500,768x432,1.9516029999999773,,
2025-12-20T08:56:08.527Z,0.949,3,1500,768x432,1.9349809999999934,,
2025-12-20T08:56:08.746Z,1.177,3,1500,768x432,1.9171320000000378,,
2025-12-20T08:56:09.448Z,1.132,3,1500,768x432,1.9225059999999985,,
2025-12-20T08:56:09.665Z,1.385,3,1500,768x432,2.001825999999994,,
2025-12-20T08:56:10.497Z,1.08,3,1500,768x432,1.977893999999992,,
2025-12-20T08:56:10.753Z,1.338,3,1500,768x432,2.0149979999999914,,
2025-12-20T08:56:11.481Z,1.019,3,1500,768x432,1.9777450000000272,,
2025-12-20T08:56:11.749Z,1.254,3,1500,768x432,1.9095350000000053,,
2025-12-20T08:56:12.503Z,0.961,3,1500,768x432,1.9563440000000014,,
2025-12-20T08:56:12.739Z,1.196,3,1500,768x432,1.919052000000022,,
2025-12-20T08:56:13.501Z,0.906,3,1500,768x432,1.964983000000018,,
2025-12-20T08:56:13.713Z,1.137,3,1500,768x432,1.9535250000000133,,
2025-12-20T08:56:14.449Z,1.097,3,1500,768x432,1.9199950000000285,,
2025-12-20T08:56:14.675Z,1.351,3,1500,768x432,1.9955169999999498,,
2025-12-20T08:56:15.427Z,1.029,3,1500,768x432,1.925341000000003,,
2025-12-20T08:56:15.657Z,1.266,3,1500,768x432,1.995100999999977,,
2025-12-20T08:56:16.393Z,0.977,3,1500,768x432,1.9693239999999719,,
2025-12-20T08:56:16.655Z,1.205,3,1500,768x432,2.003030000000024,,
2025-12-20T08:56:17.416Z,1.163,3,1500,768x432,1.9512289999999552,,
2025-12-20T08:56:17.655Z,1.419,3,1500,768x432,2.007150000000024,,
2025-12-20T08:56:18.411Z,1.11,3,1500,768x432,1.9525189999999952,,
2025-12-20T08:56:18.647Z,1.36,3,1500,768x432,1.9243889999999624,,
2025-12-20T08:56:19.404Z,1.047,3,1500,768x432,1.9590539999999805,,
2025-12-20T08:56:19.662Z,1.3,3,1500,768x432,2.0060920000000237,,
2025-12-20T08:56:20.387Z,0.994,3,1500,768x432,1.9730329999999867,,
2025-12-20T08:56:20.607Z,1.273,3,1500,768x432,1.9493940000000407,,
2025-12-20T08:56:21.358Z,1.19,3,1500,768x432,2.0035269999999628,,
2025-12-20T08:56:21.616Z,1.43,3,1500,768x432,1.9456309999999917,,
2025-12-20T08:56:22.401Z,1.128,3,1500,768x432,1.9623410000000376,,
2025-12-20T08:56:22.667Z,1.38,3,1500,768x432,2.00528700000001,,
2025-12-20T08:56:23.437Z,1.06,3,1500,768x432,1.9327519999999936,,
2025-12-20T08:56:23.691Z,1.314,3,1500,768x432,1.975342000000012,,
2025-12-20T08:56:24.454Z,1.006,3,1500,768x432,2.0022519999999986,,
2025-12-20T08:56:24.716Z,1.24,3,1500,768x432,1.937960999999973,,
2025-12-20T08:56:25.445Z,0.948,3,1500,768x432,1.916405999999995,,
2025-12-20T08:56:25.675Z,1.181,3,1500,768x432,1.9847850000000449,,
2025-12-20T08:56:26.450Z,1.137,3,1500,768x432,1.9195520000000101,,
2025-12-20T08:56:26.688Z,1.385,3,1500,768x432,1.9771520000000464,,
2025-12-20T08:56:27.410Z,1.082,3,1500,768x432,1.9556769999999801,,
2025-12-20T08:56:27.628Z,1.327,3,1500,768x432,1.9415030000000115,,
2025-12-20T08:56:28.359Z,1.002,3,1500,768x432,1.9992010000000278,,
2025-12-20T08:56:28.682Z,1.237,3,1500,768x432,1.9720049999999674,,
2025-12-20T08:56:29.414Z,0.948,3,1500,768x432,1.9511079999999765,,
2025-12-20T08:56:29.625Z,1.428,3,1500,768x432,1.937814000000003,,
2025-12-20T08:56:30.325Z,1.14,3,1500,768x432,1.9287390000000073,,
2025-12-20T08:56:31.118Z,0.843,3,1500,768x432,1.9380429999999933,,
2025-12-20T08:56:31.420Z,1.079,3,1500,768x432,1.9474329999999895,,
2025-12-20T08:56:31.692Z,1.33,3,1500,768x432,1.972122000000013,,
2025-12-20T08:56:32.458Z,1.019,3,1500,768x432,1.995446999999956,,
2025-12-20T08:56:32.723Z,1.252,3,1500,768x432,1.930182000000002,,
2025-12-20T08:56:33.489Z,0.964,3,1500,768x432,1.9711970000000179,,
2025-12-20T08:56:33.760Z,1.196,3,1500,768x432,2.0016089999999735,,
2025-12-20T08:56:34.526Z,0.903,3,1500,768x432,1.9390369999999848,,
2025-12-20T08:56:34.769Z,1.132,3,1500,768x432,1.9955600000000118,,
2025-12-20T08:56:35.498Z,1.083,3,1500,768x432,1.975779999999986,,
2025-12-20T08:56:35.731Z,1.342,3,1500,768x432,1.9401520000000119,,
2025-12-20T08:56:36.456Z,1.033,3,1500,768x432,2.0003710000000297,,
2025-12-20T08:56:36.689Z,1.269,3,1500,768x432,1.9656140000000164,,
2025-12-20T08:56:37.444Z,0.974,3,1500,768x432,1.9153279999999882,,
2025-12-20T08:56:37.702Z,1.208,3,1500,768x432,1.9537500000000136,,
2025-12-20T08:56:38.504Z,0.92,3,1500,768x432,1.960649999999987,,
2025-12-20T08:56:38.777Z,1.117,3,1500,768x432,1.9821210000000065,,
2025-12-20T08:56:39.491Z,0.864,3,1500,768x432,1.9809410000000298,,
2025-12-20T08:56:39.688Z,1.36,3,1500,768x432,1.9785870000000045,,
2025-12-20T08:56:40.387Z,1.034,3,1500,768x432,1.9652269999999703,,
2025-12-20T08:56:40.588Z,1.268,3,1500,768x432,1.9656570000000215,,
2025-12-20T08:56:41.303Z,1.233,3,1500,768x432,1.953058999999996,,
2025-12-20T08:56:42.003Z,0.943,3,1500,768x432,1.9516709999999762,,
2025-12-20T08:56:42.190Z,1.174,3,1500,768x432,1.9641579999999976,,
2025-12-20T08:56:42.887Z,1.134,3,1500,768x432,1.9677489999999693,,
2025-12-20T08:56:43.088Z,1.25,3,1500,768x432,1.9682189999999764,,
2025-12-20T08:56:43.812Z,1.09,3,1500,768x432,1.9481690000000071,,
2025-12-20T08:56:44.552Z,0.782,3,1500,768x432,1.899425000000008,,
2025-12-20T08:56:44.801Z,1.281,3,1500,768x432,1.9556830000000218,,
2025-12-20T08:56:45.486Z,0.989,3,1500,768x432,1.975533999999982,,
2025-12-20T08:56:45.674Z,1.194,3,1500,768x432,1.9816069999999968,,
2025-12-20T08:56:46.385Z,1.182,3,1500,768x432,1.9749479999999835,,
2025-12-20T08:56:46.585Z,1.434,3,1500,768x432,1.981681999999978,,
2025-12-20T08:56:47.303Z,1.127,3,1500,768x432,1.951360999999963,,
2025-12-20T08:56:48.055Z,0.834,3,1500,768x432,2.0035550000000057,,
2025-12-20T08:56:48.304Z,1.06,3,1500,768x432,1.9496300000000133,,
2025-12-20T08:56:49.188Z,0.777,3,1500,768x432,1.9702139999999986,,
2025-12-20T08:56:49.444Z,1.004,3,1500,768x432,1.9165100000000166,,
2025-12-20T08:56:49.679Z,1.194,3,1500,768x432,1.978176000000019,,
2025-12-20T08:56:50.432Z,0.949,3,1500,768x432,1.9308520000000158,,
2025-12-20T08:56:50.659Z,1.41,3,1500,768x432,2.004139000000009,,
2025-12-20T08:56:51.425Z,1.142,3,1500,768x432,1.9439179999999965,,
2025-12-20T08:56:51.684Z,1.376,3,1500,768x432,1.9802589999999896,,
2025-12-20T08:56:52.398Z,1.081,3,1500,768x432,1.9622229999999945,,
2025-12-20T08:56:52.626Z,1.287,3,1500,768x432,1.9443580000000225,,
2025-12-20T08:56:53.342Z,1.02,3,1500,768x432,1.9162589999999682,,
2025-12-20T08:56:53.588Z,1.249,3,1500,768x432,1.9654470000000401,,
2025-12-20T08:56:54.370Z,1.218,3,1500,768x432,1.9908029999999712,,
2025-12-20T08:56:54.669Z,1.192,3,1500,768x432,1.990064000000018,,
2025-12-20T08:56:55.416Z,1.149,3,1500,768x432,1.9481739999999945,,
2025-12-20T08:56:55.644Z,1.391,3,1500,768x432,1.9220320000000015,,
2025-12-20T08:56:56.377Z,1.091,3,1500,768x432,1.9844249999999874,,
2025-12-20T08:56:56.636Z,1.303,3,1500,768x432,1.9346209999999928,,
2025-12-20T08:56:57.421Z,1.034,3,1500,768x432,1.945245,,
2025-12-20T08:56:57.636Z,1.292,3,1500,768x432,1.9441549999999665,,
2025-12-20T08:56:58.378Z,0.984,3,1500,768x432,1.988738000000012,,
2025-12-20T08:56:58.653Z,1.215,3,1500,768x432,2.007822000000033,,
2025-12-20T08:56:59.406Z,1.171,3,1500,768x432,1.955664000000013,,
2025-12-20T08:56:59.629Z,1.388,3,1500,768x432,1.9310970000000225,,
2025-12-20T08:57:00.329Z,1.111,3,1500,768x432,1.925927999999999,,
2025-12-20T08:57:01.063Z,0.817,3,1500,768x432,1.998974999999973,,
2025-12-20T08:57:01.282Z,1.06,3,1500,768x432,1.971964000000014,,
2025-12-20T08:57:02.017Z,1.033,3,1500,768x432,1.94720099999995,,
2025-12-20T08:57:02.245Z,1.262,3,1500,768x432,1.9169519999999807,,
2025-12-20T08:57:03.006Z,0.96,3,1500,768x432,1.9535579999999868,,
2025-12-20T08:57:03.261Z,1.19,3,1500,768x432,1.9931029999999623,,
2025-12-20T08:57:04.056Z,0.891,3,1500,768x432,2.00176799999997,,
2025-12-20T08:57:04.319Z,1.128,3,1500,768x432,1.9376229999999737,,
2025-12-20T08:57:05.035Z,0.834,3,1500,768x432,1.925897999999961,,
2025-12-20T08:57:05.236Z,1.304,3,1500,768x432,1.9202899999999659,,
2025-12-20T08:57:06.084Z,0.773,3,1500,768x432,1.9796159999999645,,
2025-12-20T08:57:06.352Z,1.007,3,1500,768x432,1.9091510000000085,,
2025-12-20T08:57:06.601Z,1.24,3,1500,768x432,1.9552439999999933,,
2025-12-20T08:57:07.353Z,1.205,3,1500,768x432,2.0053700000000276,,
2025-12-20T08:57:07.598Z,1.387,3,1500,768x432,1.963735999999983,,
2025-12-20T08:57:08.233Z,1.143,3,1500,768x432,1.9267620000000534,,
2025-12-20T08:57:08.956Z,1.119,3,1500,768x432,2.004907000000003,,
2025-12-20T08:57:09.203Z,1.352,3,1500,768x432,1.9509710000000382,,
2025-12-20T08:57:10.015Z,0.89,3,1500,768x432,1.9492369999999823,,
2025-12-20T08:57:10.265Z,1.292,3,1500,768x432,1.9922429999999736,,
2025-12-20T08:57:11.046Z,0.982,3,1500,768x432,1.9097300000000246,,
2025-12-20T08:57:11.323Z,1.206,3,1500,768x432,1.9319889999999873,,
2025-12-20T08:57:12.107Z,0.922,3,1500,768x432,1.9490339999999833,,
2025-12-20T08:57:12.575Z,0.903,3,1500,768x432,1.9912759999999707,,
2025-12-20T08:57:12.845Z,1.134,3,1500,768x432,1.9187000000000012,,
2025-12-20T08:57:13.093Z,1.367,3,1500,768x432,1.9636509999999703,,
2025-12-20T08:57:13.796Z,1.077,3,1500,768x432,1.9700809999999933,,
2025-12-20T08:57:14.543Z,1.028,3,1500,768x432,1.9137660000000096,,
2025-12-20T08:57:14.811Z,1.092,3,1500,768x432,1.9425889999999981,,
2025-12-20T08:57:15.606Z,0.971,3,1500,768x432,1.9525840000000017,,
2025-12-20T08:57:15.931Z,0.942,3,1500,768x432,1.92359799999997,,
2025-12-20T08:57:16.224Z,1.139,3,1500,768x432,1.9311720000000037,,
2025-12-20T08:57:16.982Z,0.875,3,1500,768x432,1.976130000000012,,
2025-12-20T08:57:17.357Z,1.05,3,1500,768x432,2.0005919999999833,,
2025-12-20T08:57:17.716Z,1.202,3,1500,768x432,1.949485999999979,,
2025-12-20T08:57:18.535Z,1.044,3,1500,768x432,1.9411420000000135,,
2025-12-20T08:57:18.812Z,1.11,3,1500,768x432,1.9576170000000275,,
2025-12-20T08:57:19.608Z,0.998,3,1500,768x432,1.9552189999999996,,
2025-12-20T08:57:19.888Z,0.96,3,1500,768x432,1.973370999999986,,
2025-12-20T08:57:20.149Z,1.189,3,1500,768x432,1.9076780000000326,,
2025-12-20T08:57:20.910Z,1.166,3,1500,768x432,1.9518840000000068,,
2025-12-20T08:57:21.146Z,1.395,3,1500,768x432,1.9135109999999713,,
2025-12-20T08:57:21.901Z,1.097,3,1500,768x432,1.9561629999999468,,
2025-12-20T08:57:22.062Z,1.298,3,1500,768x432,1.9896760000000313,,
2025-12-20T08:57:22.771Z,1.295,3,1500,768x432,1.9878289999999765,,
2025-12-20T08:57:23.490Z,1.001,3,1500,768x432,1.963107999999977,,
2025-12-20T08:57:23.796Z,1.236,3,1500,768x432,1.9566389999999956,,
2025-12-20T08:57:24.625Z,0.95,3,1500,768x432,1.934094000000016,,
2025-12-20T08:57:24.876Z,1.179,3,1500,768x432,1.9811430000000314,,
2025-12-20T08:57:25.118Z,1.397,3,1500,768x432,1.9366219999999998,,
2025-12-20T08:57:25.885Z,1.123,3,1500,768x432,1.9814779999999814,,
2025-12-20T08:57:26.113Z,1.321,3,1500,768x432,1.9485280000000103,,
2025-12-20T08:57:26.860Z,1.051,3,1500,768x432,1.9956760000000031,,
2025-12-20T08:57:27.087Z,1.281,3,1500,768x432,1.9675769999999488,,
2025-12-20T08:57:27.806Z,1.241,3,1500,768x432,1.9501269999999522,,
2025-12-20T08:57:28.540Z,0.963,3,1500,768x432,1.9207159999999703,,
2025-12-20T08:57:28.797Z,1.195,3,1500,768x432,1.9604060000000345,,
2025-12-20T08:57:29.571Z,0.906,3,1500,768x432,1.9926060000000234,,
2025-12-20T08:57:29.848Z,1.137,3,1500,768x432,1.9154990000000112,,
2025-12-20T08:57:30.108Z,1.317,3,1500,768x432,1.9458020000000147,,
2025-12-20T08:57:30.850Z,1.068,3,1500,768x432,1.9048500000000104,,
2025-12-20T08:57:31.056Z,1.3,3,1500,768x432,1.9975789999999733,,
2025-12-20T08:57:31.781Z,1.264,3,1500,768x432,1.9724810000000161,,
2025-12-20T08:57:32.477Z,0.974,3,1500,768x432,1.9830630000000156,,
2025-12-20T08:57:32.681Z,1.211,3,1500,768x432,1.976428999999996,,
2025-12-20T08:57:33.469Z,0.92,3,1500,768x432,1.9967149999999947,,
2025-12-20T08:57:33.731Z,1.15,3,1500,768x432,1.9309089999999856,,
2025-12-20T08:57:34.419Z,1.112,3,1500,768x432,1.9481519999999932,,
2025-12-20T08:57:34.601Z,1.363,3,1500,768x432,1.969699999999989,,
2025-12-20T08:57:35.348Z,1.046,3,1500,768x432,1.9107319999999959,,
2025-12-20T08:57:35.544Z,1.437,3,1500,768x432,1.9216440000000148,,
2025-12-20T08:57:36.262Z,1.252,3,1500,768x432,1.9913080000000036,,
2025-12-20T08:57:36.992Z,0.954,3,1500,768x432,1.9616469999999708,,
2025-12-20T08:57:37.206Z,1.128,3,1500,768x432,1.9465420000000222,,
2025-12-20T08:57:37.917Z,1.158,3,1500,768x432,1.943132999999989,,
2025-12-20T08:57:38.063Z,1.398,3,1500,768x432,1.9919660000000476,,
2025-12-20T08:57:38.750Z,1.103,3,1500,768x432,1.917712999999992,,
2025-12-20T08:57:39.438Z,1.065,3,1500,768x432,1.9291939999999954,,
2025-12-20T08:57:39.765Z,1.099,3,1500,768x432,2.0039189999999962,,
2025-12-20T08:57:40.526Z,1.008,3,1500,768x432,1.9343299999999886,,
2025-12-20T08:57:40.783Z,1.239,3,1500,768x432,1.974566999999979,,
2025-12-20T08:57:41.474Z,0.949,3,1500,768x432,1.984673999999984,,
2025-12-20T08:57:41.714Z,1.18,3,1500,768x432,1.9433089999999993,,
2025-12-20T08:57:42.434Z,1.127,3,1500,768x432,1.9319929999999772,,
2025-12-20T08:57:42.672Z,1.376,3,1500,768x432,1.9938440000000242,,
2025-12-20T08:57:43.390Z,1.061,3,1500,768x432,1.9772760000000176,,
2025-12-20T08:57:43.685Z,1.304,3,1500,768x432,1.9782160000000317,,
2025-12-20T08:57:44.577Z,1.007,3,1500,768x432,1.978874000000019,,
2025-12-20T08:57:44.830Z,1.24,3,1500,768x432,1.9268749999999955,,
2025-12-20T08:57:45.577Z,0.943,3,1500,768x432,1.9844489999999837,,
2025-12-20T08:57:45.846Z,1.177,3,1500,768x432,1.911311000000012,,
2025-12-20T08:57:46.072Z,1.374,3,1500,768x432,1.985416999999984,,
2025-12-20T08:57:46.807Z,1.122,3,1500,768x432,1.9527140000000145,,
2025-12-20T08:57:47.495Z,1.073,3,1500,768x432,1.9750900000000229,,
2025-12-20T08:57:47.643Z,1.336,3,1500,768x432,1.925849000000028,,
2025-12-20T08:57:48.319Z,1.018,3,1500,768x432,1.9411099999999806,,
2025-12-20T08:57:49.091Z,0.985,3,1500,768x432,1.9663659999999936,,
2025-12-20T08:57:49.377Z,1.128,3,1500,768x432,1.9858580000000075,,
2025-12-20T08:57:49.582Z,1.274,3,1500,768x432,1.9787789999999745,,
2025-12-20T08:57:50.281Z,1.156,3,1500,768x432,1.970123000000001,,
2025-12-20T08:57:50.980Z,0.86,3,1500,768x432,1.9736560000000054,,
2025-12-20T08:57:51.182Z,1.295,3,1500,768x432,1.9760919999999942,,
2025-12-20T08:57:51.897Z,1.072,3,1500,768x432,1.960281000000009,,
2025-12-20T08:57:52.096Z,1.303,3,1500,768x432,1.957550000000026,,
2025-12-20T08:57:52.799Z,1.255,3,1500,768x432,1.9540660000000116,,
2025-12-20T08:57:53.520Z,0.974,3,1500,768x432,1.94010099999997,,
2025-12-20T08:57:53.730Z,1.205,3,1500,768x432,1.9304520000000025,,
2025-12-20T08:57:54.489Z,0.92,3,1500,768x432,1.9802309999999466,,
2025-12-20T08:57:54.678Z,1.18,3,1500,768x432,1.9860560000000191,,
2025-12-20T08:57:55.425Z,1.112,3,1500,768x432,1.9407509999999775,,
2025-12-20T08:57:55.795Z,1.093,3,1500,768x432,1.9690939999999841,,
2025-12-20T08:57:56.532Z,1.048,3,1500,768x432,1.9467440000000238,,
2025-12-20T08:57:56.792Z,1.308,3,1500,768x432,1.9810429999999997,,
2025-12-20T08:57:57.498Z,0.991,3,1500,768x432,1.9659599999999955,,
2025-12-20T08:57:57.786Z,1.225,3,1500,768x432,1.970912999999996,,
2025-12-20T08:57:58.557Z,0.935,3,1500,768x432,2.0041140000000155,,
2025-12-20T08:57:58.719Z,1.162,3,1500,768x432,1.9452850000000126,,
2025-12-20T08:57:59.422Z,1.116,3,1500,768x432,1.9467179999999757,,
2025-12-20T08:57:59.656Z,1.377,3,1500,768x432,2.013093999999967,,
2025-12-20T08:58:00.419Z,1.062,3,1500,768x432,1.946691000000044,,
2025-12-20T08:58:00.677Z,1.305,3,1500,768x432,1.9854740000000106,,
2025-12-20T08:58:01.534Z,1.004,3,1500,768x432,1.9270999999999958,,
2025-12-20T08:58:01.902Z,0.967,3,1500,768x432,1.9571320000000014,,
2025-12-20T08:58:02.246Z,1.203,3,1500,768x432,1.9059439999999768,,
2025-12-20T08:58:03.060Z,0.912,3,1500,768x432,1.9976010000000315,,
2025-12-20T08:58:03.366Z,1.002,3,1500,768x432,1.9910280000000284,,
2025-12-20T08:58:03.675Z,1.379,3,1500,768x432,1.9866520000000492,,
2025-12-20T08:58:04.495Z,1.074,3,1500,768x432,1.9766469999999572,,
2025-12-20T08:58:04.815Z,1.064,3,1500,768x432,1.953756999999996,,
2025-12-20T08:58:05.662Z,0.753,3,1500,768x432,1.990901000000008,,
2025-12-20T08:58:05.919Z,0.988,3,1500,768x432,1.9341980000000376,,
2025-12-20T08:58:06.211Z,1.124,3,1500,768x432,1.944157999999959,,
2025-12-20T08:58:07.005Z,0.905,3,1500,768x432,1.9510400000000345,,
2025-12-20T08:58:07.280Z,1.134,3,1500,768x432,1.9709640000000377,,
2025-12-20T08:58:08.002Z,0.847,3,1500,768x432,1.9503949999999577,,
2025-12-20T08:58:08.241Z,1.316,3,1500,768x432,1.915112000000022,,
2025-12-20T08:58:09.000Z,1.051,3,1500,768x432,1.9582490000000234,,
2025-12-20T08:58:09.241Z,1.239,3,1500,768x432,1.9112090000000421,,
2025-12-20T08:58:10.005Z,0.879,3,1500,768x432,1.949608000000012,,
2025-12-20T08:58:10.353Z,1.156,3,1500,768x432,2.004141000000004,,
2025-12-20T08:58:10.606Z,1.307,3,1500,768x432,1.9529939999999897,,
2025-12-20T08:58:11.347Z,1.157,3,1500,768x432,1.9118330000000014,,
2025-12-20T08:58:11.594Z,1.404,3,1500,768x432,1.9749410000000012,,
2025-12-20T08:58:12.332Z,1.094,3,1500,768x432,1.9259470000000078,,
2025-12-20T08:58:13.068Z,0.796,3,1500,768x432,1.9851850000000013,,
2025-12-20T08:58:13.274Z,1.252,3,1500,768x432,1.976399000000015,,
2025-12-20T08:58:13.980Z,1.002,3,1500,768x432,1.9766419999999698,,
2025-12-20T08:58:14.150Z,1.233,3,1500,768x432,1.9049110000000269,,
2025-12-20T08:58:14.687Z,1.206,3,1500,768x432,1.9800240000000144,,
2025-12-20T08:58:14.753Z,1.651,2,1000,640x360,1.9127260000000206,,
2025-12-20T08:58:15.006Z,1.805,2,1000,640x360,1.9479779999999778,,
2025-12-20T08:58:15.084Z,1.829,3,1500,768x432,1.9725609999999847,,
2025-12-20T08:58:15.808Z,1.148,3,1500,768x432,1.9547959999999875,,
2025-12-20T08:58:16.524Z,0.866,3,1500,768x432,1.9496750000000134,,
2025-12-20T08:58:16.727Z,1.154,3,1500,768x432,1.9406450000000177,,
2025-12-20T08:58:17.437Z,1.05,3,1500,768x432,1.9310409999999933,,
2025-12-20T08:58:17.642Z,1.305,3,1500,768x432,1.9363089999999943,,
2025-12-20T08:58:18.344Z,1.261,3,1500,768x432,1.9184339999999906,,
2025-12-20T08:58:18.546Z,1.35,3,1500,768x432,1.9153140000000235,,
2025-12-20T08:58:19.277Z,1.189,3,1500,768x432,1.9740810000000124,,
2025-12-20T08:58:19.982Z,0.878,3,1500,768x432,1.9730930000000058,,
2025-12-20T08:58:20.166Z,1.354,3,1500,768x432,1.987199999999973,,
2025-12-20T08:58:20.870Z,1.098,3,1500,768x432,1.9837380000000167,,
2025-12-20T08:58:21.073Z,1.284,3,1500,768x432,1.9802540000000022,,
2025-12-20T08:58:21.794Z,1.302,3,1500,768x432,1.9632030000000213,,
2025-12-20T08:58:22.506Z,1.005,3,1500,768x432,1.9486880000000042,,
2025-12-20T08:58:22.706Z,1.235,3,1500,768x432,1.9474830000000338,,
2025-12-20T08:58:23.421Z,0.948,3,1500,768x432,1.9431670000000167,,
2025-12-20T08:58:23.619Z,1.256,3,1500,768x432,1.9451370000000452,,
2025-12-20T08:58:24.324Z,1.144,3,1500,768x432,1.9317990000000123,,
2025-12-20T08:58:25.040Z,0.852,3,1500,768x432,1.9156699999999773,,
2025-12-20T08:58:25.171Z,1.297,3,1500,768x432,1.9837290000000394,,
2025-12-20T08:58:25.866Z,1.048,3,1500,768x432,1.9917090000000144,,
2025-12-20T08:58:26.189Z,1.223,3,1500,768x432,1.9640810000000215,,
2025-12-20T08:58:26.897Z,0.992,3,1500,768x432,1.9629699999999843,,
2025-12-20T08:58:27.081Z,1.443,3,1500,768x432,1.9743140000000494,,
2025-12-20T08:58:27.787Z,1.189,3,1500,768x432,1.96791300000001,,
2025-12-20T08:58:28.504Z,0.903,3,1500,768x432,1.9643570000000068,,
2025-12-20T08:58:28.701Z,1.211,3,1500,768x432,1.960877000000039,,
2025-12-20T08:58:29.405Z,1.095,3,1500,768x432,1.9573330000000055,,
2025-12-20T08:58:29.605Z,1.349,3,1500,768x432,1.9644370000000322,,
2025-12-20T08:58:30.330Z,1.033,3,1500,768x432,1.9225470000000087,,
2025-12-20T08:58:31.045Z,1.002,3,1500,768x432,1.911170000000027,,
2025-12-20T08:58:31.211Z,1.19,3,1500,768x432,1.9405199999999923,,
2025-12-20T08:58:31.939Z,0.943,3,1500,768x432,1.9183700000000385,,
2025-12-20T08:58:32.149Z,1.397,3,1500,768x432,1.9056769999999688,,
2025-12-20T08:58:32.857Z,1.149,3,1500,768x432,2.005865999999969,,
2025-12-20T08:58:33.045Z,1.365,3,1500,768x432,1.911175999999955,,
2025-12-20T08:58:33.771Z,1.082,3,1500,768x432,1.9847460000000297,,
2025-12-20T08:58:34.451Z,1.047,3,1500,768x432,1.919954999999959,,
2025-12-20T08:58:34.654Z,1.308,3,1500,768x432,2.0200849999999946,,
2025-12-20T08:58:35.381Z,0.993,3,1500,768x432,1.9826780000000213,,
2025-12-20T08:58:35.566Z,1.334,3,1500,768x432,1.9947440000000256,,
2025-12-20T08:58:36.269Z,1.192,3,1500,768x432,1.9857569999999782,,
2025-12-20T08:58:36.978Z,0.896,3,1500,768x432,1.9796680000000038,,
2025-12-20T08:58:37.296Z,1.124,3,1500,768x432,1.9584990000000175,,
2025-12-20T08:58:38.053Z,0.832,3,1500,768x432,1.9997070000000008,,
2025-12-20T08:58:38.270Z,1.064,3,1500,768x432,1.9837229999999977,,
2025-12-20T08:58:38.995Z,1.04,3,1500,768x432,1.9633220000000051,,
2025-12-20T08:58:39.210Z,1.177,3,1500,768x432,1.9430770000000166,,
2025-12-20T08:58:39.978Z,0.882,3,1500,768x432,1.9748019999999542,,
2025-12-20T08:58:40.210Z,1.205,3,1500,768x432,1.9409390000000144,,
2025-12-20T08:58:40.953Z,0.91,3,1500,768x432,2.0032999999999674,,
2025-12-20T08:58:41.203Z,1.141,3,1500,768x432,1.950162999999975,,
2025-12-20T08:58:41.934Z,1.111,3,1500,768x432,1.9268509999999992,,
2025-12-20T08:58:42.086Z,1.282,3,1500,768x432,1.967616000000021,,
2025-12-20T08:58:42.788Z,1.053,3,1500,768x432,1.9760899999999992,,
2025-12-20T08:58:43.524Z,1.016,3,1500,768x432,1.9543049999999766,,
2025-12-20T08:58:43.712Z,1.277,3,1500,768x432,1.9680309999999963,,
2025-12-20T08:58:44.516Z,0.969,3,1500,768x432,1.9542569999999841,,
2025-12-20T08:58:44.790Z,1.197,3,1500,768x432,1.9707380000000398,,
2025-12-20T08:58:45.546Z,0.9,3,1500,768x432,1.9168709999999578,,
2025-12-20T08:58:45.806Z,1.131,3,1500,768x432,1.9575949999999693,,
2025-12-20T08:58:46.568Z,0.845,3,1500,768x432,2.005168000000026,,
2025-12-20T08:58:46.782Z,1.074,3,1500,768x432,1.9838960000000156,,
2025-12-20T08:58:47.557Z,1.029,3,1500,768x432,2.0220039999999813,,
2025-12-20T08:58:47.767Z,1.29,3,1500,768x432,2.0050190000000043,,
2025-12-20T08:58:48.461Z,0.982,3,1500,768x432,2.004022999999961,,
2025-12-20T08:58:48.682Z,1.213,3,1500,768x432,1.985102999999981,,
2025-12-20T08:58:49.483Z,0.915,3,1500,768x432,1.984220999999991,,
2025-12-20T08:58:49.733Z,1.151,3,1500,768x432,1.926593999999966,,
2025-12-20T08:58:50.475Z,1.325,3,1500,768x432,2.0432370000000333,,
2025-12-20T08:58:50.697Z,1.575,3,1500,768x432,1.9980600000000095,,
2025-12-20T08:58:50.911Z,1.857,3,1500,768x432,1.973608000000013,,
2025-12-20T08:58:51.142Z,2.132,3,1500,768x432,1.9337170000000015,,
2025-12-20T08:58:51.874Z,1.867,3,1500,768x432,1.9837759999999776,,
2025-12-20T08:58:52.156Z,2.084,3,1500,768x432,1.9946390000000065,,
2025-12-20T08:58:52.887Z,1.844,3,1500,768x432,1.9690560000000232,,
2025-12-20T08:58:53.133Z,2.123,3,1500,768x432,1.9238339999999994,,
2025-12-20T08:58:53.865Z,1.878,3,1500,768x432,1.9979170000000295,,
2025-12-20T08:58:54.089Z,2.153,3,1500,768x432,1.9707470000000171,,
2025-12-20T08:58:54.820Z,1.917,3,1500,768x432,1.9376159999999913,,
2025-12-20T08:58:55.110Z,2.15,3,1500,768x432,1.949512000000027,,
2025-12-20T08:58:55.856Z,1.906,3,1500,768x432,2.0036650000000122,,
2025-12-20T08:58:56.092Z,2.149,3,1500,768x432,1.963700000000017,,
2025-12-20T08:58:56.825Z,1.913,3,1500,768x432,1.9346409999999992,,
2025-12-20T08:58:57.092Z,2.172,3,1500,768x432,1.9603309999999965,,
2025-12-20T08:58:57.823Z,1.919,3,1500,768x432,1.9373009999999908,,
2025-12-20T08:58:58.114Z,2.154,3,1500,768x432,1.9403590000000008,,
2025-12-20T08:58:58.851Z,1.887,3,1500,768x432,1.9056570000000193,,
2025-12-20T08:58:59.083Z,2.155,3,1500,768x432,1.9690980000000309,,
2025-12-20T08:58:59.843Z,1.901,3,1500,768x432,1.9171719999999937,,
2025-12-20T08:59:00.095Z,2.146,3,1500,768x432,1.964999999999975,,
2025-12-20T08:59:00.846Z,1.911,3,1500,768x432,1.9058559999999716,,
2025-12-20T08:59:01.117Z,2.147,3,1500,768x432,1.9354970000000549,,
2025-12-20T08:59:01.875Z,1.866,3,1500,768x432,1.9823149999999714,,
2025-12-20T08:59:02.120Z,2.118,3,1500,768x432,1.9397989999999936,,
2025-12-20T08:59:02.872Z,1.866,3,1500,768x432,1.9823480000000018,,
2025-12-20T08:59:03.107Z,2.127,3,1500,768x432,1.9449939999999515,,
2025-12-20T08:59:03.860Z,1.883,3,1500,768x432,1.997047000000066,,
2025-12-20T08:59:04.107Z,2.162,3,1500,768x432,1.950462000000016,,
2025-12-20T08:59:04.863Z,1.893,3,1500,768x432,1.9880679999999984,,
2025-12-20T08:59:05.105Z,2.125,3,1500,768x432,1.9478189999999813,,
2025-12-20T08:59:05.888Z,1.852,3,1500,768x432,1.966211000000044,,
2025-12-20T08:59:06.169Z,2.062,3,1500,768x432,1.983041999999955,,
2025-12-20T08:59:06.946Z,1.798,3,1500,768x432,1.909719999999993,,
2025-12-20T08:59:07.216Z,2.022,3,1500,768x432,1.939657000000011,,
2025-12-20T08:59:08.004Z,1.742,3,1500,768x432,1.9573239999999714,,
2025-12-20T08:59:08.298Z,1.944,3,1500,768x432,1.9546510000000126,,
2025-12-20T08:59:08.590Z,2.146,3,1500,768x432,1.9707579999999325,,
2025-12-20T08:59:09.358Z,1.885,3,1500,768x432,2.0051069999999527,,
2025-12-20T08:59:09.647Z,2.096,3,1500,768x432,1.9082219999999097,,
2025-12-20T08:59:10.423Z,1.828,3,1500,768x432,1.945381999999995,,
2025-12-20T08:59:10.686Z,2.061,3,1500,768x432,1.9750179999999773,,
2025-12-20T08:59:11.474Z,1.777,3,1500,768x432,1.9895980000000009,,
2025-12-20T08:59:11.762Z,1.972,3,1500,768x432,1.991863999999964,,
2025-12-20T08:59:12.536Z,1.721,3,1500,768x432,1.929503000000068,,
2025-12-20T08:59:12.810Z,1.938,3,1500,768x432,1.9512139999999363,,
2025-12-20T08:59:13.086Z,2.143,3,1500,768x432,1.9704140000000052,,
2025-12-20T08:59:13.864Z,1.878,3,1500,768x432,1.9937640000000556,,
2025-12-20T08:59:14.131Z,2.107,3,1500,768x432,1.9284000000000106,,
2025-12-20T08:59:14.912Z,1.836,3,1500,768x432,1.9480780000000095,,
2025-12-20T08:59:15.188Z,2.052,3,1500,768x432,1.9649769999999762,,
2025-12-20T08:59:15.973Z,1.769,3,1500,768x432,1.9831179999999904,,
2025-12-20T08:59:16.270Z,1.974,3,1500,768x432,1.982721999999967,,
2025-12-20T08:59:17.071Z,1.673,3,1500,768x432,1.985447000000022,,
2025-12-20T08:59:17.347Z,1.899,3,1500,768x432,1.9103619999999637,,
2025-12-20T08:59:17.616Z,2.113,3,1500,768x432,1.9422609999999167,,
2025-12-20T08:59:18.414Z,1.824,3,1500,768x432,1.947856999999999,,
2025-12-20T08:59:18.709Z,2.041,3,1500,768x432,1.9502969999999777,,
2025-12-20T08:59:19.521Z,1.727,3,1500,768x432,1.9354560000000447,,
2025-12-20T08:59:19.802Z,1.937,3,1500,768x432,1.9566149999999425,,
2025-12-20T08:59:20.114Z,2.142,3,1500,768x432,1.939094999999952,,
2025-12-20T08:59:20.914Z,1.832,3,1500,768x432,1.9493559999999661,,
2025-12-20T08:59:21.227Z,2.015,3,1500,768x432,1.9252619999999752,,
2025-12-20T08:59:22.099Z,1.65,3,1500,768x432,1.9558849999999666,,
2025-12-20T08:59:22.455Z,1.812,3,1500,768x432,2.007182000000057,,
2025-12-20T08:59:22.802Z,1.947,3,1500,768x432,1.964917000000014,,
2025-12-20T08:59:23.148Z,2.097,3,1500,768x432,1.9121539999999868,,
2025-12-20T08:59:24.005Z,1.744,3,1500,768x432,1.9534039999999777,,
2025-12-20T08:59:24.349Z,1.903,3,1500,768x432,1.908725000000004,,
2025-12-20T08:59:24.699Z,2.055,3,1500,768x432,1.9610159999999723,,
2025-12-20T08:59:25.550Z,1.697,3,1500,768x432,1.9057920000000195,,
2025-12-20T08:59:25.917Z,1.839,3,1500,768x432,1.9388609999999744,,
2025-12-20T08:59:26.270Z,1.979,3,1500,768x432,1.9838629999999284,,
2025-12-20T08:59:27.133Z,1.613,3,1500,768x432,1.9286009999999578,,
2025-12-20T08:59:27.475Z,1.782,3,1500,768x432,1.9967539999998962,,
2025-12-20T08:59:27.813Z,1.935,3,1500,768x432,1.9530539999999519,,
2025-12-20T08:59:28.152Z,2.096,3,1500,768x432,1.9060140000000274,,
2025-12-20T08:59:28.999Z,1.739,3,1500,768x432,1.9543529999999691,,
2025-12-20T08:59:29.333Z,1.908,3,1500,768x432,1.9210919999999305,,
2025-12-20T08:59:29.622Z,2.113,3,1500,768x432,1.9336279999999988,,
2025-12-20T08:59:30.323Z,1.915,3,1500,768x432,1.935149000000024,,
2025-12-20T08:59:30.587Z,2.178,3,1500,768x432,1.9752579999999398,,
2025-12-20T08:59:31.267Z,1.966,3,1500,768x432,1.9879130000000487,,
2025-12-20T08:59:31.965Z,1.769,3,1500,768x432,1.9927549999999883,,
2025-12-20T08:59:32.150Z,2.086,3,1500,768x432,1.9045680000000402,,
2025-12-20T08:59:32.854Z,1.903,3,1500,768x432,1.999353000000042,,
2025-12-20T08:59:33.083Z,2.172,3,1500,768x432,1.9691380000000436,,
2025-12-20T08:59:33.783Z,1.974,3,1500,768x432,1.9721329999999853,,
2025-12-20T08:59:34.471Z,1.763,3,1500,768x432,1.9879829999999856,,
2025-12-20T08:59:34.654Z,2.081,3,1500,768x432,2.0036270000000513,,
2025-12-20T08:59:35.354Z,1.882,3,1500,768x432,2.0056769999999915,,
2025-12-20T08:59:35.586Z,2.163,3,1500,768x432,1.9782780000000457,,
2025-12-20T08:59:36.292Z,1.937,3,1500,768x432,1.9616079999999556,,
2025-12-20T08:59:36.591Z,2.189,3,1500,768x432,1.977888999999891,,
2025-12-20T08:59:37.288Z,1.968,3,1500,768x432,1.9652929999999742,,
2025-12-20T08:59:37.991Z,1.741,3,1500,768x432,1.968164999999999,,
2025-12-20T08:59:38.181Z,2.047,3,1500,768x432,1.972266999999988,,
2025-12-20T08:59:38.898Z,1.84,3,1500,768x432,1.9563600000000179,,
2025-12-20T08:59:39.104Z,2.131,3,1500,768x432,1.9522670000000062,,
2025-12-20T08:59:39.828Z,1.915,3,1500,768x432,1.934374000000048,,
2025-12-20T08:59:40.088Z,2.179,3,1500,768x432,1.9814949999999953,,
2025-12-20T08:59:40.813Z,1.944,3,1500,768x432,1.9441659999999956,,
2025-12-20T08:59:41.096Z,2.169,3,1500,768x432,1.9564269999999624,,
2025-12-20T08:59:41.816Z,1.914,3,1500,768x432,1.9378529999999046,,
2025-12-20T08:59:42.086Z,2.171,3,1500,768x432,1.9657589999999345,,
2025-12-20T08:59:42.808Z,1.931,3,1500,768x432,1.9523000000000366,,
2025-12-20T08:59:43.089Z,2.175,3,1500,768x432,1.9664559999999938,,
2025-12-20T08:59:43.811Z,1.926,3,1500,768x432,1.9469440000000304,,
2025-12-20T08:59:44.082Z,2.174,3,1500,768x432,1.98604899999998,,
2025-12-20T08:59:44.808Z,1.939,3,1500,768x432,1.9588370000000168,,
2025-12-20T08:59:45.086Z,2.177,3,1500,768x432,1.978958999999918,,
2025-12-20T08:59:45.818Z,1.922,3,1500,768x432,1.9379350000000386,,
2025-12-20T08:59:46.084Z,2.143,3,1500,768x432,1.971051999999986,,
2025-12-20T08:59:46.813Z,1.946,3,1500,768x432,1.9417150000000447,,
2025-12-20T08:59:47.085Z,2.166,3,1500,768x432,1.9683509999999842,,
2025-12-20T08:59:47.842Z,1.898,3,1500,768x432,1.9219720000000962,,
2025-12-20T08:59:48.093Z,2.143,3,1500,768x432,1.9609820000000582,,
2025-12-20T08:59:48.847Z,1.886,3,1500,768x432,1.9076180000000704,,
2025-12-20T08:59:49.101Z,2.137,3,1500,768x432,1.9512699999999086,,
2025-12-20T08:59:49.861Z,1.899,3,1500,768x432,1.9987550000000738,,
2025-12-20T08:59:50.114Z,2.123,3,1500,768x432,1.9442360000000463,,
2025-12-20T08:59:50.872Z,1.862,3,1500,768x432,1.980858000000012,,
2025-12-20T08:59:51.123Z,2.114,3,1500,768x432,1.933595000000082,,
2025-12-20T08:59:51.874Z,1.865,3,1500,768x432,1.9851359999998976,,
2025-12-20T08:59:52.114Z,2.122,3,1500,768x432,1.944056000000046,,
2025-12-20T08:59:52.813Z,1.919,3,1500,768x432,1.9397639999999683,,
2025-12-20T08:59:53.088Z,2.173,3,1500,768x432,1.964375999999902,,
2025-12-20T08:59:53.793Z,1.948,3,1500,768x432,1.9651420000000144,,
2025-12-20T08:59:54.084Z,2.157,3,1500,768x432,1.9706879999999956,,
2025-12-20T08:59:54.783Z,1.946,3,1500,768x432,1.9711879999999837,,
2025-12-20T08:59:55.475Z,1.789,3,1500,768x432,1.988301999999976,,
2025-12-20T08:59:55.674Z,2.065,3,1500,768x432,1.984034999999949,,
2025-12-20T08:59:56.395Z,1.861,3,1500,768x432,1.9598210000000336,,
2025-12-20T08:59:56.610Z,2.13,3,1500,768x432,1.9442960000000085,,
2025-12-20T08:59:57.334Z,1.903,3,1500,768x432,1.9274480000000267,,
2025-12-20T08:59:57.582Z,2.182,3,1500,768x432,1.9897250000000213,,
2025-12-20T08:59:58.300Z,1.94,3,1500,768x432,1.955697999999984,,
2025-12-20T08:59:58.588Z,2.179,3,1500,768x432,1.9685479999999416,,
2025-12-20T08:59:59.304Z,1.932,3,1500,768x432,1.951328999999987,,
2025-12-20T08:59:59.585Z,2.156,3,1500,768x432,1.9866409999999632,,
2025-12-20T09:00:00.308Z,1.95,3,1500,768x432,1.951819999999998,,
2025-12-20T09:00:00.589Z,2.176,3,1500,768x432,1.9810149999999567,,
2025-12-20T09:00:01.325Z,1.911,3,1500,768x432,1.9307609999999613,,
2025-12-20T09:00:01.586Z,2.177,3,1500,768x432,1.9733260000000428,,
2025-12-20T09:00:02.325Z,1.906,3,1500,768x432,1.9305590000000166,,
2025-12-20T09:00:02.587Z,2.166,3,1500,768x432,1.971328000000085,,
2025-12-20T09:00:03.306Z,1.93,3,1500,768x432,1.9475009999999884,,
2025-12-20T09:00:03.588Z,2.163,3,1500,768x432,1.984201999999982,,
2025-12-20T09:00:04.351Z,1.882,3,1500,768x432,1.9014459999999644,,
2025-12-20T09:00:04.623Z,2.117,3,1500,768x432,1.9308419999999842,,
2025-12-20T09:00:05.368Z,1.881,3,1500,768x432,1.9955119999999624,,
2025-12-20T09:00:05.654Z,2.167,3,1500,768x432,2.0065920000000688,,
2025-12-20T09:00:06.389Z,1.85,3,1500,768x432,1.964668999999958,,
2025-12-20T09:00:06.615Z,2.123,3,1500,768x432,1.9381850000000895,,
2025-12-20T09:00:07.340Z,1.898,3,1500,768x432,1.9165449999999282,,
2025-12-20T09:00:07.582Z,2.179,3,1500,768x432,1.9770369999999957,,
2025-12-20T09:00:08.313Z,1.923,3,1500,768x432,1.9415239999999585,,
2025-12-20T09:00:08.583Z,2.187,3,1500,768x432,1.9825160000000324,,
2025-12-20T09:00:09.320Z,1.938,3,1500,768x432,1.9368630000000167,,
2025-12-20T09:00:09.584Z,2.177,3,1500,768x432,1.9754900000000362,,
2025-12-20T09:00:10.323Z,1.915,3,1500,768x432,1.931675999999925,,
2025-12-20T09:00:10.593Z,2.149,3,1500,768x432,1.9630170000000362,,
2025-12-20T09:00:11.335Z,1.905,3,1500,768x432,1.9277340000001004,,
2025-12-20T09:00:11.589Z,2.17,3,1500,768x432,1.973047000000065,,
2025-12-20T09:00:12.326Z,1.906,3,1500,768x432,1.9288010000000213,,
2025-12-20T09:00:12.584Z,2.185,3,1500,768x432,1.991484000000014,,
2025-12-20T09:00:13.327Z,1.905,3,1500,768x432,1.931400999999937,,
2025-12-20T09:00:13.581Z,2.166,3,1500,768x432,1.9733770000000277,,
2025-12-20T09:00:14.308Z,1.926,3,1500,768x432,1.9476210000000265,,
2025-12-20T09:00:14.583Z,2.176,3,1500,768x432,1.9797039999999697,,
2025-12-20T09:00:15.263Z,1.97,3,1500,768x432,1.9889689999999973,,
2025-12-20T09:00:15.953Z,1.782,3,1500,768x432,2.000355000000013,,
2025-12-20T09:00:16.127Z,2.106,3,1500,768x432,1.9278799999999592,,
2025-12-20T09:00:16.809Z,1.953,3,1500,768x432,1.9524509999999964,,
2025-12-20T09:00:17.091Z,2.174,3,1500,768x432,1.9642089999999826,,
2025-12-20T09:00:17.785Z,1.955,3,1500,768x432,1.9781749999999647,,
2025-12-20T09:00:18.476Z,1.758,3,1500,768x432,1.982479000000012,,
2025-12-20T09:00:18.660Z,2.078,3,1500,768x432,1.997887999999989,,
2025-12-20T09:00:19.350Z,1.885,3,1500,768x432,1.9058379999999033,,
2025-12-20T09:00:19.586Z,2.18,3,1500,768x432,1.9781520000000228,,
2025-12-20T09:00:20.276Z,1.981,3,1500,768x432,1.9797929999999724,,
2025-12-20T09:00:20.971Z,1.765,3,1500,768x432,1.986537999999996,,
2025-12-20T09:00:21.156Z,2.076,3,1500,768x432,1.9985510000000204,,
2025-12-20T09:00:21.846Z,1.898,3,1500,768x432,1.9150210000000243,,
2025-12-20T09:00:22.092Z,2.172,3,1500,768x432,1.964146000000028,,
2025-12-20T09:00:22.776Z,1.963,3,1500,768x432,1.9868360000000393,,
2025-12-20T09:00:23.464Z,1.767,3,1500,768x432,1.99249599999996,,
2025-12-20T09:00:23.654Z,2.08,3,1500,768x432,2.001981999999998,,
2025-12-20T09:00:24.347Z,1.89,3,1500,768x432,1.9087429999999586,,
2025-12-20T09:00:24.589Z,2.182,3,1500,768x432,1.9746659999999565,,
2025-12-20T09:00:25.276Z,1.955,3,1500,768x432,1.9784890000000814,,
2025-12-20T09:00:25.955Z,1.775,3,1500,768x432,2.0006210000000237,,
2025-12-20T09:00:26.135Z,2.097,3,1500,768x432,1.9198370000000295,,
2025-12-20T09:00:26.819Z,1.922,3,1500,768x432,1.942250999999942,,
2025-12-20T09:00:27.086Z,2.151,3,1500,768x432,1.9695649999999887,,
2025-12-20T09:00:27.764Z,1.965,3,1500,768x432,1.9913909999999078,,
2025-12-20T09:00:28.452Z,1.786,3,1500,768x432,2.0088700000000017,,
2025-12-20T09:00:28.630Z,2.134,3,1500,768x432,1.9289119999999684,,
2025-12-20T09:00:29.301Z,1.929,3,1500,768x432,1.9513129999999137,,
2025-12-20T09:00:29.591Z,2.179,3,1500,768x432,1.9791420000000244,,
2025-12-20T09:00:30.274Z,1.954,3,1500,768x432,1.9768629999999803,,
2025-12-20T09:00:30.960Z,1.777,3,1500,768x432,2.000540000000001,,
2025-12-20T09:00:31.133Z,2.103,3,1500,768x432,1.9246950000000425,,
2025-12-20T09:00:31.822Z,1.908,3,1500,768x432,1.93587100000002,,
2025-12-20T09:00:32.084Z,2.174,3,1500,768x432,1.9705840000000308,,
2025-12-20T09:00:32.756Z,1.977,3,1500,768x432,2.004801000000043,,
2025-12-20T09:00:33.445Z,1.787,3,1500,768x432,1.915275999999949,,
2025-12-20T09:00:33.619Z,2.119,3,1500,768x432,1.9385409999999865,,
2025-12-20T09:00:34.305Z,1.929,3,1500,768x432,1.9508970000000545,,
2025-12-20T09:00:34.580Z,2.189,3,1500,768x432,1.9865300000000161,,
2025-12-20T09:00:35.257Z,1.977,3,1500,768x432,1.9989630000000034,,
2025-12-20T09:00:35.933Z,1.801,3,1500,768x432,1.918504999999982,,
2025-12-20T09:00:36.105Z,2.124,3,1500,768x432,1.9468879999999444,,
2025-12-20T09:00:36.778Z,1.955,3,1500,768x432,1.9812570000000278,,
2025-12-20T09:00:37.451Z,1.786,3,1500,768x432,1.9062790000000405,,
2025-12-20T09:00:37.604Z,2.131,3,1500,768x432,1.9538720000000467,,
2025-12-20T09:00:38.244Z,1.985,3,1500,768x432,1.9084419999999227,,
2025-12-20T09:00:38.825Z,1.78,3,1500,768x432,1.9420769999999266,,
2025-12-20T09:00:39.127Z,2.164,3,1500,768x432,1.928572000000031,,
2025-12-20T09:00:39.690Z,2.059,3,1500,768x432,1.9827609999999822,,
2025-12-20T09:00:40.293Z,1.909,3,1500,768x432,1.969257999999968,,
2025-12-20T09:00:40.632Z,2.117,3,1500,768x432,1.93621399999995,,
2025-12-20T09:00:41.243Z,1.953,3,1500,768x432,1.9188459999999168,,
2025-12-20T09:00:41.842Z,1.888,3,1500,768x432,1.913925000000063,,
2025-12-20T09:00:42.076Z,2.159,3,1500,768x432,1.9786860000000388,,
2025-12-20T09:00:42.694Z,2.043,3,1500,768x432,1.967241999999942,,
2025-12-20T09:00:43.269Z,1.859,3,1500,768x432,1.982438000000002,,
2025-12-20T09:00:43.846Z,1.659,3,1500,768x432,1.9235630000000583,,
2025-12-20T09:00:44.114Z,2.159,3,1500,768x432,1.9463100000000395,,
2025-12-20T09:00:44.688Z,1.776,3,1500,768x432,1.9679970000000822,,
2025-12-20T09:00:45.272Z,1.656,3,1500,768x432,1.9833230000000412,,
2025-12-20T09:00:45.856Z,1.673,3,1500,768x432,2.000130000000013,,
2025-12-20T09:00:46.075Z,2.058,3,1500,768x432,1.978527999999983,,
2025-12-20T09:00:46.605Z,2.004,3,1500,768x432,1.9663860000000568,,
2025-12-20T09:00:46.684Z,2.159,2,1000,640x360,1.9811470000000782,,
2025-12-20T09:00:47.080Z,2.178,2,1000,640x360,1.9837630000000672,,
2025-12-20T09:00:47.151Z,2.118,3,1500,768x432,1.911833999999999,,
2025-12-20T09:00:47.588Z,2.192,3,1500,768x432,1.9950579999999718,,
2025-12-20T09:00:48.083Z,2.167,3,1500,768x432,1.9839030000000548,,
2025-12-20T09:00:48.593Z,2.144,3,1500,768x432,1.9684979999999541,,
2025-12-20T09:00:49.088Z,2.175,3,1500,768x432,1.9767160000000104,,
2025-12-20T09:00:49.586Z,2.192,3,1500,768x432,1.9791289999999435,,
2025-12-20T09:00:50.085Z,2.173,3,1500,768x432,1.9808289999999715,,
2025-12-20T09:00:50.577Z,2.182,3,1500,768x432,1.9890520000000151,,
2025-12-20T09:00:51.083Z,2.18,3,1500,768x432,1.975781999999981,,
2025-12-20T09:00:51.588Z,2.189,3,1500,768x432,1.9803549999999177,,
2025-12-20T09:00:52.082Z,2.179,3,1500,768x432,1.9762610000000222,,
2025-12-20T09:00:52.584Z,2.181,3,1500,768x432,1.9910120000000688,,
2025-12-20T09:00:53.217Z,2.069,3,1500,768x432,1.940197000000012,,
2025-12-20T09:00:53.580Z,2.182,3,1500,768x432,1.992809999999963,,
2025-12-20T09:00:54.089Z,2.174,3,1500,768x432,1.9752920000000813,,
2025-12-20T09:00:54.581Z,2.175,3,1500,768x432,1.986022999999932,,
2025-12-20T09:00:55.084Z,2.171,3,1500,768x432,1.9686799999999494,,
2025-12-20T09:00:55.588Z,2.184,3,1500,768x432,1.9886390000000347,,
2025-12-20T09:00:56.078Z,2.183,3,1500,768x432,1.9772010000000364,,
2025-12-20T09:00:56.580Z,2.175,3,1500,768x432,2.0000230000000556,,
2025-12-20T09:00:57.084Z,2.181,3,1500,768x432,1.9829120000000557,,
2025-12-20T09:00:57.575Z,2.161,3,1500,768x432,1.993567999999982,,
2025-12-20T09:00:58.080Z,2.176,3,1500,768x432,1.9845840000000408,,
2025-12-20T09:00:58.580Z,2.192,3,1500,768x432,1.9899640000001,,
2025-12-20T09:00:59.087Z,2.178,3,1500,768x432,1.9765090000000782,,
2025-12-20T09:00:59.590Z,2.176,3,1500,768x432,1.9738670000000411,,
2025-12-20T09:01:00.087Z,2.171,3,1500,768x432,1.9653189999999086,,
2025-12-20T09:01:00.576Z,2.199,3,1500,768x432,2.0004599999999755,,
2025-12-20T09:01:01.084Z,2.156,3,1500,768x432,1.9813230000000885,,
2025-12-20T09:01:01.587Z,2.184,3,1500,768x432,1.968052000000057,,
2025-12-20T09:01:02.087Z,2.178,3,1500,768x432,1.975430000000074,,
2025-12-20T09:01:02.463Z,2.196,3,1500,768x432,2.0082889999999907,,
2025-12-20T09:01:03.490Z,1.308,3,1500,768x432,1.986654000000044,,
2025-12-20T09:01:03.568Z,1.379,0,200,320x180,1.9991710000000467,,
2025-12-20T09:01:04.795Z,0.078,0,200,320x180,1.982199000000037,,rebuffer happen
2025-12-20T09:01:04.851Z,0.018,0,200,320x180,1.922820999999999,,rebuffer happen
2025-12-20T09:01:05.659Z,0.018,0,200,320x180,2.814820999999938,,