timestamp,bufferLevel,qualityIndex,bitrateKbps,resolution,liveLatency,predictedKbps,rebuffer
2025-12-20T12:48:59.318Z,0,2,1000,640x360,0.877,,
2025-12-20T12:48:59.324Z,0,2,1000,640x360,0.877,,rebuffer happen
2025-12-20T12:48:59.451Z,0.067,2,1000,640x360,1.071439,,rebuffer happen
2025-12-20T12:48:59.733Z,0.24,2,1000,640x360,1.1063509999999999,,
2025-12-20T12:48:59.811Z,0.23,3,1500,768x432,1.0314549999999998,,
2025-12-20T12:48:59.938Z,0.032,3,1500,768x432,1.1059620000000001,,rebuffer happen
2025-12-20T12:49:00.116Z,0.032,3,1500,768x432,1.201962,,
2025-12-20T12:49:00.452Z,0.403,3,1500,768x432,1.4105809999999999,,
2025-12-20T12:49:00.525Z,0.825,2,1000,640x360,1.461236,,
2025-12-20T12:49:00.731Z,1.144,2,1000,640x360,1.550461,,
2025-12-20T12:49:00.804Z,1.176,3,1500,768x432,1.499396,,
2025-12-20T12:49:01.604Z,0.611,3,1500,768x432,1.7190330000000003,,
2025-12-20T12:49:01.839Z,0.914,3,1500,768x432,1.836611,,
2025-12-20T12:49:02.580Z,0.96,3,1500,768x432,1.9035459999999995,,
2025-12-20T12:49:03.436Z,0.457,3,1500,768x432,1.9897199999999997,,
2025-12-20T12:49:03.509Z,0.91,2,1000,640x360,1.916947,,
2025-12-20T12:49:03.811Z,1.103,2,1000,640x360,1.9143640000000004,,
2025-12-20T12:49:03.883Z,1.043,3,1500,768x432,1.946732,,
2025-12-20T12:49:04.444Z,0.687,3,1500,768x432,1.98278,,
2025-12-20T12:49:04.979Z,0.396,3,1500,768x432,1.973833,,
2025-12-20T12:49:05.058Z,0.843,2,1000,640x360,1.9908229999999998,,
2025-12-20T12:49:05.391Z,0.981,2,1000,640x360,1.9485600000000005,,
2025-12-20T12:49:05.465Z,0.972,3,1500,768x432,1.9682630000000003,,
2025-12-20T12:49:05.964Z,0.587,3,1500,768x432,1.9904639999999993,,
2025-12-20T12:49:06.461Z,0.564,3,1500,768x432,1.9769450000000006,,
2025-12-20T12:49:06.532Z,0.897,2,1000,640x360,1.903372000000001,,
2025-12-20T12:49:06.872Z,0.993,2,1000,640x360,1.9645589999999995,,
2025-12-20T12:49:06.951Z,0.995,3,1500,768x432,1.997180000000001,,
2025-12-20T12:49:07.440Z,0.495,3,1500,768x432,1.987578000000001,,
2025-12-20T12:49:07.938Z,0.465,3,1500,768x432,2.0022279999999997,,
2025-12-20T12:49:08.008Z,0.926,2,1000,640x360,1.9317909999999996,,
2025-12-20T12:49:08.325Z,1.025,2,1000,640x360,2.0043749999999996,,
2025-12-20T12:49:08.397Z,1.035,3,1500,768x432,1.9321349999999988,,
2025-12-20T12:49:08.879Z,0.665,3,1500,768x432,1.9547150000000002,,
2025-12-20T12:49:08.954Z,0.985,2,1000,640x360,1.988931000000001,,
2025-12-20T12:49:09.287Z,1.07,2,1000,640x360,1.9478810000000006,,
2025-12-20T12:49:09.359Z,1.034,3,1500,768x432,1.980808999999999,,
2025-12-20T12:49:09.845Z,0.602,3,1500,768x432,1.9908029999999997,,
2025-12-20T12:49:09.921Z,1.015,2,1000,640x360,1.9230289999999997,,
2025-12-20T12:49:10.251Z,1.12,2,1000,640x360,1.9997309999999988,,
2025-12-20T12:49:10.325Z,1.074,3,1500,768x432,1.924123999999999,,
2025-12-20T12:49:10.808Z,0.814,3,1500,768x432,1.9207260000000002,,
2025-12-20T12:49:10.888Z,1.032,2,1000,640x360,1.94829,,
2025-12-20T12:49:11.225Z,1.123,2,1000,640x360,2.0021439999999995,,
2025-12-20T12:49:11.296Z,1.134,3,1500,768x432,1.9311679999999996,,
2025-12-20T12:49:11.793Z,0.742,3,1500,768x432,1.9308820000000004,,
2025-12-20T12:49:11.863Z,1.062,2,1000,640x360,1.9785949999999985,,
2025-12-20T12:49:12.190Z,1.153,2,1000,640x360,1.9446589999999997,,
2025-12-20T12:49:12.268Z,1.17,3,1500,768x432,1.959835,,
2025-12-20T12:49:12.759Z,0.679,3,1500,768x432,1.9680990000000005,,
2025-12-20T12:49:13.265Z,0.648,3,1500,768x432,1.9768880000000006,,
2025-12-20T12:49:13.341Z,1.099,2,1000,640x360,1.996035000000001,,
2025-12-20T12:49:13.661Z,1.186,2,1000,640x360,1.9636630000000004,,
2025-12-20T12:49:13.729Z,1.195,3,1500,768x432,1.894426000000001,,
2025-12-20T12:49:14.190Z,0.793,3,1500,768x432,1.9528499999999998,,
2025-12-20T12:49:14.654Z,0.827,3,1500,768x432,1.9870010000000011,,
2025-12-20T12:49:15.078Z,0.792,3,1500,768x432,1.9536189999999998,,
2025-12-20T12:49:15.561Z,1.015,3,1500,768x432,1.9711409999999976,,
2025-12-20T12:49:15.927Z,0.936,3,1500,768x432,2.006032000000001,,
2025-12-20T12:49:16.311Z,1.073,3,1500,768x432,1.9175050000000002,,
2025-12-20T12:49:17.208Z,0.674,3,1500,768x432,1.9241540000000015,,
2025-12-20T12:49:17.608Z,0.902,3,1500,768x432,1.9281989999999993,,
2025-12-20T12:49:18.007Z,0.887,3,1500,768x432,1.9404580000000031,,
2025-12-20T12:49:18.391Z,1.117,3,1500,768x432,1.9522590000000015,,
2025-12-20T12:49:18.778Z,1.334,3,1500,768x432,1.9470589999999994,,
2025-12-20T12:49:19.663Z,0.774,3,1500,768x432,1.9647059999999996,,
2025-12-20T12:49:19.927Z,1.008,3,1500,768x432,2.0068480000000015,,
2025-12-20T12:49:20.242Z,1.241,3,1500,768x432,1.9870519999999985,,
2025-12-20T12:49:21.115Z,0.95,3,1500,768x432,1.918645999999999,,
2025-12-20T12:49:21.533Z,0.919,3,1500,768x432,1.9968520000000005,,
2025-12-20T12:49:21.966Z,1.134,3,1500,768x432,1.9762900000000023,,
2025-12-20T12:49:22.413Z,1.129,3,1500,768x432,1.9326919999999994,,
2025-12-20T12:49:22.861Z,1.08,3,1500,768x432,1.9633269999999996,,
2025-12-20T12:49:23.421Z,1.054,3,1500,768x432,1.9085210000000004,,
2025-12-20T12:49:24.035Z,1.023,3,1500,768x432,1.9981579999999965,,
2025-12-20T12:49:24.480Z,0.995,3,1500,768x432,1.947647,,
2025-12-20T12:49:24.816Z,1.228,3,1500,768x432,1.9111709999999995,,
2025-12-20T12:49:25.687Z,0.924,3,1500,768x432,1.9411549999999984,,
2025-12-20T12:49:26.133Z,0.916,3,1500,768x432,2.0052989999999973,,
2025-12-20T12:49:26.879Z,0.601,3,1500,768x432,1.959375999999999,,
2025-12-20T12:49:27.356Z,0.588,3,1500,768x432,1.9908529999999978,,
2025-12-20T12:49:27.805Z,0.814,3,1500,768x432,1.93412,,
2025-12-20T12:49:28.245Z,0.778,3,1500,768x432,1.9824979999999996,,
2025-12-20T12:49:28.693Z,0.74,3,1500,768x432,1.935302,,
2025-12-20T12:49:29.146Z,0.715,3,1500,768x432,1.9895679999999984,,
2025-12-20T12:49:29.604Z,0.948,3,1500,768x432,1.920901999999998,,
2025-12-20T12:49:30.059Z,0.926,3,1500,768x432,1.9846229999999991,,
2025-12-20T12:49:30.556Z,0.882,3,1500,768x432,1.9731680000000011,,
2025-12-20T12:49:30.624Z,1.302,2,1000,640x360,1.9041830000000033,,
2025-12-20T12:49:30.964Z,1.398,2,1000,640x360,1.9794350000000023,,
2025-12-20T12:49:31.031Z,1.375,3,1500,768x432,1.916050000000002,,
2025-12-20T12:49:31.532Z,1.1,3,1500,768x432,2.005758,,
2025-12-20T12:49:31.602Z,1.318,2,1000,640x360,1.9338529999999992,,
2025-12-20T12:49:31.943Z,1.405,2,1000,640x360,1.9893590000000003,,
2025-12-20T12:49:32.017Z,1.416,3,1500,768x432,1.9156300000000002,,
2025-12-20T12:49:32.524Z,1.024,3,1500,768x432,2.0005310000000023,,
2025-12-20T12:49:32.594Z,1.274,2,1000,640x360,1.9304839999999999,,
2025-12-20T12:49:32.933Z,1.421,2,1000,640x360,2.001032000000002,,
2025-12-20T12:49:33.005Z,1.418,3,1500,768x432,1.9283560000000008,,
2025-12-20T12:49:33.516Z,0.961,3,1500,768x432,1.9156890000000004,,
2025-12-20T12:49:33.596Z,1.34,2,1000,640x360,1.943793999999997,,
2025-12-20T12:49:33.937Z,1.41,2,1000,640x360,2.0057180000000017,,
2025-12-20T12:49:34.017Z,1.433,3,1500,768x432,1.9241810000000044,,
2025-12-20T12:49:34.525Z,0.904,3,1500,768x432,2.002806999999997,,
2025-12-20T12:49:34.599Z,1.334,2,1000,640x360,1.9276449999999983,,
2025-12-20T12:49:34.942Z,1.418,2,1000,640x360,2.002017000000002,,
2025-12-20T12:49:35.022Z,1.384,3,1500,768x432,1.9263560000000055,,
2025-12-20T12:49:35.553Z,0.835,3,1500,768x432,1.9814829999999972,,
2025-12-20T12:49:35.634Z,1.309,2,1000,640x360,1.8977079999999944,,
2025-12-20T12:49:35.991Z,1.358,2,1000,640x360,1.945017,,
2025-12-20T12:49:36.059Z,1.366,3,1500,768x432,1.9743160000000017,,
2025-12-20T12:49:36.590Z,0.774,3,1500,768x432,1.9392160000000018,,
2025-12-20T12:49:36.665Z,1.265,2,1000,640x360,1.9724809999999948,,
2025-12-20T12:49:37.029Z,1.331,2,1000,640x360,2.005213000000005,,
2025-12-20T12:49:37.105Z,1.332,3,1500,768x432,1.9289690000000022,,
2025-12-20T12:49:37.645Z,0.711,3,1500,768x432,1.9818789999999993,,
2025-12-20T12:49:37.716Z,1.21,2,1000,640x360,1.9106159999999974,,
2025-12-20T12:49:38.081Z,1.286,2,1000,640x360,1.9592579999999984,,
2025-12-20T12:49:38.150Z,1.285,3,1500,768x432,1.9973879999999937,,
2025-12-20T12:49:38.675Z,0.91,3,1500,768x432,1.951348000000003,,
2025-12-20T12:49:38.751Z,1.133,2,1000,640x360,1.9717200000000048,,
2025-12-20T12:49:39.140Z,1.224,2,1000,640x360,2.0041810000000027,,
2025-12-20T12:49:39.210Z,1.231,3,1500,768x432,1.9316200000000023,,
2025-12-20T12:49:39.628Z,0.855,3,1500,768x432,2.0031859999999995,,
2025-12-20T12:49:39.700Z,1.23,2,1000,640x360,1.9290620000000018,,
2025-12-20T12:49:40.039Z,1.309,2,1000,640x360,1.9903519999999943,,
2025-12-20T12:49:40.119Z,1.318,3,1500,768x432,1.9106219999999965,,
2025-12-20T12:49:40.604Z,0.785,3,1500,768x432,1.9224069999999998,,
2025-12-20T12:49:40.679Z,1.252,2,1000,640x360,1.9566810000000032,,
2025-12-20T12:49:40.994Z,1.346,2,1000,640x360,1.9366859999999946,,
2025-12-20T12:49:41.060Z,1.365,3,1500,768x432,1.9760090000000048,,
2025-12-20T12:49:41.507Z,0.995,3,1500,768x432,1.917150999999997,,
2025-12-20T12:49:41.969Z,0.97,3,1500,768x432,1.9756209999999967,,
2025-12-20T12:49:42.435Z,0.925,3,1500,768x432,1.992174999999996,,
2025-12-20T12:49:42.903Z,1.127,3,1500,768x432,1.9451389999999975,,
2025-12-20T12:49:43.371Z,1.143,3,1500,768x432,1.9686209999999988,,
2025-12-20T12:49:43.842Z,1.096,3,1500,768x432,1.9933270000000007,,
2025-12-20T12:49:44.804Z,0.809,3,1500,768x432,1.9262820000000005,,
2025-12-20T12:49:45.246Z,0.773,3,1500,768x432,1.98433,,
2025-12-20T12:49:45.682Z,0.735,3,1500,768x432,1.9520120000000034,,
2025-12-20T12:49:46.116Z,0.887,3,1500,768x432,1.919941999999999,,
2025-12-20T12:49:46.548Z,0.946,3,1500,768x432,1.9873759999999976,,
2025-12-20T12:49:46.986Z,0.931,3,1500,768x432,1.9558139999999966,,
2025-12-20T12:49:47.421Z,1.158,3,1500,768x432,1.919236000000005,,
2025-12-20T12:49:47.856Z,1.085,3,1500,768x432,1.9753120000000024,,
2025-12-20T12:49:48.263Z,1.237,3,1500,768x432,1.9823710000000005,,
2025-12-20T12:49:49.205Z,0.787,3,1500,768x432,1.9206769999999977,,
2025-12-20T12:49:49.631Z,0.753,3,1500,768x432,1.9925769999999972,,
2025-12-20T12:49:50.051Z,0.899,3,1500,768x432,1.9865319999999969,,
2025-12-20T12:49:50.553Z,0.964,3,1500,768x432,1.9740719999999996,,
2025-12-20T12:49:51.014Z,0.944,3,1500,768x432,1.923456999999999,,
2025-12-20T12:49:51.558Z,0.899,3,1500,768x432,1.9711599999999976,,
2025-12-20T12:49:51.980Z,1.096,3,1500,768x432,1.9703130000000044,,
2025-12-20T12:49:52.412Z,1.111,3,1500,768x432,1.9218150000000023,,
2025-12-20T12:49:52.862Z,1.066,3,1500,768x432,1.9633110000000045,,
2025-12-20T12:49:53.285Z,1.163,3,1500,768x432,1.940185999999997,,
2025-12-20T12:49:54.265Z,0.746,3,1500,768x432,1.9674329999999998,,
2025-12-20T12:49:54.779Z,0.705,3,1500,768x432,1.944664000000003,,
2025-12-20T12:49:55.285Z,0.685,3,1500,768x432,1.9455030000000022,,
2025-12-20T12:49:55.765Z,0.644,3,1500,768x432,1.9619120000000052,,
2025-12-20T12:49:56.283Z,0.632,3,1500,768x432,1.9603340000000031,,
2025-12-20T12:49:56.758Z,0.86,3,1500,768x432,1.969937999999999,,
2025-12-20T12:49:57.282Z,0.824,3,1500,768x432,1.949034999999995,,
2025-12-20T12:49:57.777Z,0.791,3,1500,768x432,1.954931000000002,,
2025-12-20T12:49:58.344Z,0.763,3,1500,768x432,1.9912879999999973,,
2025-12-20T12:49:58.421Z,0.995,2,1000,640x360,1.913696999999999,,
2025-12-20T12:49:58.788Z,1.044,2,1000,640x360,1.940218999999999,,
2025-12-20T12:49:58.865Z,1.069,3,1500,768x432,1.9814620000000005,,
2025-12-20T12:49:59.433Z,0.435,3,1500,768x432,1.9959510000000051,,
2025-12-20T12:49:59.514Z,0.926,2,1000,640x360,1.914192,,
2025-12-20T12:49:59.880Z,0.973,2,1000,640x360,1.9563570000000041,,
2025-12-20T12:49:59.949Z,0.984,3,1500,768x432,2.0043130000000033,,
2025-12-20T12:50:00.274Z,0.644,3,1500,768x432,1.9707810000000023,,
2025-12-20T12:50:00.338Z,1.092,2,1000,640x360,1.9982279999999975,,
2025-12-20T12:50:00.571Z,1.265,2,1000,640x360,1.9628349999999983,,
2025-12-20T12:50:00.651Z,1.29,3,1500,768x432,1.9915650000000014,,
2025-12-20T12:50:01.153Z,0.841,3,1500,768x432,1.9847560000000044,,
2025-12-20T12:50:01.228Z,1.191,2,1000,640x360,1.9090720000000019,,
2025-12-20T12:50:01.596Z,1.253,2,1000,640x360,1.928849999999997,,
2025-12-20T12:50:01.665Z,1.26,3,1500,768x432,1.9726659999999967,,
2025-12-20T12:50:02.202Z,0.777,3,1500,768x432,1.933595000000004,,
2025-12-20T12:50:02.273Z,1.111,2,1000,640x360,1.9606309999999993,,
2025-12-20T12:50:02.626Z,1.204,2,1000,640x360,1.997080000000004,,
2025-12-20T12:50:02.695Z,1.229,3,1500,768x432,1.9276869999999988,,
2025-12-20T12:50:03.307Z,0.711,3,1500,768x432,1.925838000000006,,
2025-12-20T12:50:03.381Z,1.021,2,1000,640x360,1.9617240000000038,,
2025-12-20T12:50:03.767Z,1.073,2,1000,640x360,1.9572569999999985,,
2025-12-20T12:50:03.836Z,1.088,3,1500,768x432,1.9932810000000032,,
2025-12-20T12:50:04.408Z,0.649,3,1500,768x432,1.924082999999996,,
2025-12-20T12:50:04.477Z,0.889,2,1000,640x360,1.9628049999999888,,
2025-12-20T12:50:05.158Z,0.684,2,1000,640x360,1.9667160000000052,,
2025-12-20T12:50:05.228Z,0.698,3,1500,768x432,1.8964409999999958,,
2025-12-20T12:50:05.803Z,0.055,3,1500,768x432,1.9258379999999988,,rebuffer happen
2025-12-20T12:50:05.820Z,0.055,3,1500,768x432,1.9087619999999959,,
2025-12-20T12:50:05.826Z,0.532,2,1000,640x360,2.001409999999993,,rebuffer happen
2025-12-20T12:50:05.891Z,0.486,2,1000,640x360,1.9440819999999945,,
2025-12-20T12:50:06.285Z,0.57,2,1000,640x360,1.9455860000000058,,
2025-12-20T12:50:06.361Z,0.511,3,1500,768x432,1.9690849999999926,,
2025-12-20T12:50:06.600Z,0.258,3,1500,768x432,1.9329290000000015,,rebuffer happen
2025-12-20T12:50:06.843Z,0.02,3,1500,768x432,1.9974890000000016,,rebuffer happen
2025-12-20T12:50:06.915Z,0.02,3,1500,768x432,1.9974890000000016,,
2025-12-20T12:50:06.985Z,0.489,2,1000,640x360,2.0271979999999985,,
2025-12-20T12:50:07.411Z,0.483,2,1000,640x360,1.957260000000005,,
2025-12-20T12:50:07.491Z,0.489,3,1500,768x432,1.9753369999999961,,
2025-12-20T12:50:07.634Z,0.253,3,1500,768x432,2.0307690000000065,,rebuffer happen
2025-12-20T12:50:07.878Z,0.017,3,1500,768x432,1.9934690000000046,,rebuffer happen
2025-12-20T12:50:08.069Z,0.017,3,1500,768x432,2.188469000000012,,
2025-12-20T12:50:08.136Z,0.517,2,1000,640x360,2.2329869999999943,,
2025-12-20T12:50:08.502Z,0.273,2,1000,640x360,2.0740440000000007,,rebuffer happen
2025-12-20T12:50:08.599Z,0.39,2,1000,640x360,2.060776000000004,,
2025-12-20T12:50:08.751Z,0.246,2,1000,640x360,2.0872580000000056,,rebuffer happen
2025-12-20T12:50:08.981Z,0.483,2,1000,640x360,2.0617249999999956,,
2025-12-20T12:50:09.052Z,0.488,3,1500,768x432,2.0741350000000125,,
2025-12-20T12:50:09.193Z,0.247,3,1500,768x432,2.022350000000003,,rebuffer happen
2025-12-20T12:50:09.395Z,0.022,3,1500,768x432,1.993423000000007,,rebuffer happen
2025-12-20T12:50:09.515Z,0.022,3,1500,768x432,2.0904230000000013,,
2025-12-20T12:50:09.584Z,0.522,2,1000,640x360,2.1355550000000108,,
2025-12-20T12:50:09.904Z,0.63,2,1000,640x360,2.0996760000000023,,
2025-12-20T12:50:09.975Z,0.596,3,1500,768x432,2.113575999999995,,
2025-12-20T12:50:10.192Z,0.277,3,1500,768x432,2.052651999999995,,rebuffer happen
2025-12-20T12:50:10.446Z,0.02,3,1500,768x432,2.0914609999999954,,rebuffer happen
2025-12-20T12:50:10.449Z,0.02,3,1500,768x432,2.0914609999999954,,
2025-12-20T12:50:10.707Z,0.262,3,1500,768x432,2.0314560000000057,,rebuffer happen
2025-12-20T12:50:10.943Z,0.262,3,1500,768x432,2.104742999999999,,
2025-12-20T12:50:11.249Z,0.19,3,1500,768x432,2.0671219999999977,,rebuffer happen
2025-12-20T12:50:11.414Z,0.02,3,1500,768x432,1.9876920000000098,,rebuffer happen
2025-12-20T12:50:11.451Z,0.02,3,1500,768x432,2.088692000000009,,
2025-12-20T12:50:11.932Z,0.309,3,1500,768x432,2.1380809999999997,,
2025-12-20T12:50:12.215Z,0.239,3,1500,768x432,2.006957,,rebuffer happen
2025-12-20T12:50:12.315Z,0.239,3,1500,768x432,1.9979880000000065,,
2025-12-20T12:50:12.385Z,0.625,2,1000,640x360,2.0198999999999927,,
2025-12-20T12:50:12.720Z,0.666,2,1000,640x360,1.949787999999998,,
2025-12-20T12:50:12.791Z,0.618,3,1500,768x432,1.9829069999999973,,
2025-12-20T12:50:13.152Z,0.227,3,1500,768x432,1.9965499999999992,,rebuffer happen
2025-12-20T12:50:13.349Z,0.027,3,1500,768x432,2.000956000000002,,rebuffer happen
2025-12-20T12:50:13.369Z,0.027,3,1500,768x432,2.000956000000002,,
2025-12-20T12:50:13.616Z,0.292,3,1500,768x432,1.9601240000000075,,rebuffer happen
2025-12-20T12:50:13.865Z,0.292,3,1500,768x432,2.011704999999992,,
2025-12-20T12:50:14.149Z,0.24,3,1500,768x432,2.009841999999992,,rebuffer happen
2025-12-20T12:50:14.176Z,0.24,3,1500,768x432,1.980446999999998,,
2025-12-20T12:50:14.512Z,0.463,3,1500,768x432,1.9324539999999928,,
2025-12-20T12:50:14.861Z,0.686,3,1500,768x432,1.980392000000009,,
2025-12-20T12:50:15.411Z,0.663,3,1500,768x432,1.9245200000000011,,
2025-12-20T12:50:15.732Z,0.687,3,1500,768x432,2.00063999999999,,
2025-12-20T12:50:16.088Z,0.847,3,1500,768x432,1.9625929999999983,,
2025-12-20T12:50:16.460Z,0.973,3,1500,768x432,1.978287999999992,,
2025-12-20T12:50:16.921Z,1.065,3,1500,768x432,1.911206000000007,,
2025-12-20T12:50:17.159Z,1.248,3,1500,768x432,1.970995000000002,,
2025-12-20T12:50:18.010Z,0.998,3,1500,768x432,1.9243820000000085,,
2025-12-20T12:50:18.471Z,0.963,3,1500,768x432,1.9606239999999957,,
2025-12-20T12:50:18.919Z,1.195,3,1500,768x432,1.9270520000000033,,
2025-12-20T12:50:19.293Z,1.094,3,1500,768x432,1.9393330000000049,,
2025-12-20T12:50:20.182Z,0.888,3,1500,768x432,1.9580530000000067,,
2025-12-20T12:50:20.577Z,0.838,3,1500,768x432,1.9537519999999944,,
2025-12-20T12:50:20.974Z,1.073,3,1500,768x432,1.9604469999999878,,
2025-12-20T12:50:21.352Z,1.04,3,1500,768x432,1.9735140000000087,,
2025-12-20T12:50:22.231Z,0.74,3,1500,768x432,2.003670999999997,,
2025-12-20T12:50:22.616Z,0.839,3,1500,768x432,1.9090520000000026,,
2025-12-20T12:50:22.993Z,0.955,3,1500,768x432,1.9431890000000038,,
2025-12-20T12:50:23.388Z,1.123,3,1500,768x432,1.9446360000000027,,
2025-12-20T12:50:23.673Z,1.254,3,1500,768x432,1.9519400000000076,,
2025-12-20T12:50:24.516Z,0.857,3,1500,768x432,1.9149719999999917,,
2025-12-20T12:50:24.884Z,1.087,3,1500,768x432,1.9522329999999926,,
2025-12-20T12:50:25.337Z,1.071,3,1500,768x432,2.0069560000000024,,
2025-12-20T12:50:25.406Z,1.535,2,1000,640x360,1.935208000000003,,
2025-12-20T12:50:25.721Z,1.626,2,1000,640x360,1.9130009999999942,,
2025-12-20T12:50:25.797Z,1.595,3,1500,768x432,1.9492860000000007,,
2025-12-20T12:50:26.818Z,0.718,3,1500,768x432,1.9105160000000012,,
2025-12-20T12:50:27.306Z,0.692,3,1500,768x432,1.926130999999998,,
2025-12-20T12:50:27.819Z,0.661,3,1500,768x432,1.9120960000000053,,
2025-12-20T12:50:28.381Z,0.641,3,1500,768x432,1.9594450000000023,,
2025-12-20T12:50:28.967Z,0.598,3,1500,768x432,1.9815480000000036,,
2025-12-20T12:50:29.507Z,0.5,3,1500,768x432,1.9327609999999993,,
2025-12-20T12:50:29.585Z,0.806,2,1000,640x360,1.946840999999992,,
2025-12-20T12:50:29.980Z,0.833,2,1000,640x360,1.9571180000000084,,
2025-12-20T12:50:30.053Z,0.881,3,1500,768x432,1.9817040000000077,,
2025-12-20T12:50:30.591Z,0.507,3,1500,768x432,1.9429760000000016,,
2025-12-20T12:50:30.659Z,0.741,2,1000,640x360,1.970450999999997,,
2025-12-20T12:50:31.086Z,0.763,2,1000,640x360,1.937923000000012,,
2025-12-20T12:50:31.163Z,0.705,3,1500,768x432,1.9663010000000014,,
2025-12-20T12:50:31.681Z,0.175,3,1500,768x432,1.9502350000000064,,rebuffer happen
2025-12-20T12:50:31.714Z,0.175,3,1500,768x432,1.9166040000000066,,
2025-12-20T12:50:31.787Z,0.641,2,1000,640x360,1.9420080000000013,,
2025-12-20T12:50:32.210Z,0.621,2,1000,640x360,1.927714999999992,,
2025-12-20T12:50:32.284Z,0.622,3,1500,768x432,1.9446949999999958,,
2025-12-20T12:50:32.603Z,0.254,3,1500,768x432,1.9235730000000046,,rebuffer happen
2025-12-20T12:50:32.826Z,0.112,3,1500,768x432,2.0031789999999887,,
2025-12-20T12:50:32.831Z,0.53,3,1500,768x432,1.9986490000000003,,rebuffer happen
2025-12-20T12:50:33.097Z,0.279,3,1500,768x432,1.9481880000000018,,rebuffer happen
2025-12-20T12:50:33.294Z,0.279,3,1500,768x432,1.9461569999999995,,
2025-12-20T12:50:33.367Z,0.505,2,1000,640x360,1.9695219999999978,,
2025-12-20T12:50:33.736Z,0.606,2,1000,640x360,2.001519000000002,,
2025-12-20T12:50:33.808Z,0.623,3,1500,768x432,1.9315830000000034,,
2025-12-20T12:50:34.159Z,0.207,3,1500,768x432,1.9778649999999942,,rebuffer happen
2025-12-20T12:50:34.333Z,0.031,3,1500,768x432,2.0018110000000036,,rebuffer happen
2025-12-20T12:50:34.448Z,0.031,3,1500,768x432,2.0988109999999978,,
2025-12-20T12:50:34.528Z,0.531,2,1000,640x360,2.034290999999996,,
2025-12-20T12:50:34.777Z,0.681,2,1000,640x360,2.0718300000000056,,
2025-12-20T12:50:34.856Z,0.675,3,1500,768x432,2.081710000000001,,
2025-12-20T12:50:35.136Z,0.289,3,1500,768x432,2.059349999999995,,rebuffer happen
2025-12-20T12:50:35.257Z,0.263,3,1500,768x432,2.041915000000003,,
2025-12-20T12:50:35.660Z,0.241,3,1500,768x432,2.0101410000000044,,rebuffer happen
2025-12-20T12:50:35.704Z,0.241,3,1500,768x432,1.9636160000000018,,
2025-12-20T12:50:35.986Z,0.471,3,1500,768x432,1.9887859999999904,,
2025-12-20T12:50:36.362Z,0.648,3,1500,768x432,1.9875169999999969,,
2025-12-20T12:50:36.696Z,0.77,3,1500,768x432,1.9387490000000014,,
2025-12-20T12:50:37.060Z,0.888,3,1500,768x432,1.9922409999999928,,
2025-12-20T12:50:37.502Z,1.044,3,1500,768x432,1.93542699999999,,
2025-12-20T12:50:37.886Z,1.074,3,1500,768x432,1.9456619999999987,,
2025-12-20T12:50:38.254Z,1.309,3,1500,768x432,1.9778579999999977,,
2025-12-20T12:50:39.242Z,0.746,3,1500,768x432,1.9883039999999994,,
2025-12-20T12:50:39.768Z,0.703,3,1500,768x432,1.955838,,
2025-12-20T12:50:40.313Z,0.68,3,1500,768x432,1.9170450000000017,,
2025-12-20T12:50:40.855Z,0.648,3,1500,768x432,1.97757399999999,,
2025-12-20T12:50:41.375Z,0.628,3,1500,768x432,1.9682410000000061,,
2025-12-20T12:50:41.847Z,0.585,3,1500,768x432,1.9826729999999912,,
2025-12-20T12:50:42.308Z,0.555,3,1500,768x432,1.9210470000000015,,
2025-12-20T12:50:42.721Z,0.787,3,1500,768x432,1.9054900000000004,,
2025-12-20T12:50:43.117Z,0.761,3,1500,768x432,1.9209050000000047,,
2025-12-20T12:50:43.590Z,0.993,3,1500,768x432,1.9343199999999996,,
2025-12-20T12:50:43.953Z,0.967,3,1500,768x432,1.9823370000000011,,
2025-12-20T12:50:44.314Z,1.135,3,1500,768x432,1.9141719999999935,,
2025-12-20T12:50:45.179Z,0.916,3,1500,768x432,1.963363000000001,,
2025-12-20T12:50:45.637Z,0.873,3,1500,768x432,1.9899620000000056,,
2025-12-20T12:50:46.035Z,0.857,3,1500,768x432,2.0189160000000044,,
2025-12-20T12:50:46.425Z,0.97,3,1500,768x432,2.0116040000000055,,
2025-12-20T12:50:46.894Z,1.051,3,1500,768x432,1.9445189999999997,,
2025-12-20T12:50:47.326Z,1.247,3,1500,768x432,2.002314999999996,,
2025-12-20T12:50:48.059Z,0.984,3,1500,768x432,1.9778759999999949,,
2025-12-20T12:50:48.437Z,0.949,3,1500,768x432,1.9882020000000011,,
2025-12-20T12:50:48.854Z,1.181,3,1500,768x432,1.9775759999999991,,
2025-12-20T12:50:49.834Z,0.617,3,1500,768x432,2.004488000000009,,
2025-12-20T12:50:50.257Z,0.874,3,1500,768x432,1.9850780000000015,,
2025-12-20T12:50:50.692Z,0.82,3,1500,768x432,1.937303,,
2025-12-20T12:50:51.124Z,0.787,3,1500,768x432,1.9083030000000036,,
2025-12-20T12:50:51.634Z,0.755,3,1500,768x432,1.9911670000000044,,
2025-12-20T12:50:52.090Z,0.987,3,1500,768x432,1.9362739999999974,,
2025-12-20T12:50:52.548Z,0.958,3,1500,768x432,1.9852829999999955,,
2025-12-20T12:50:52.941Z,0.938,3,1500,768x432,1.9924239999999998,,
2025-12-20T12:50:53.492Z,0.894,3,1500,768x432,1.9371560000000017,,
2025-12-20T12:50:53.912Z,1.13,3,1500,768x432,1.9312460000000016,,
2025-12-20T12:50:54.332Z,1.115,3,1500,768x432,2.0105549999999965,,
2025-12-20T12:50:55.352Z,0.539,3,1500,768x432,1.9764029999999906,,
2025-12-20T12:50:55.769Z,0.771,3,1500,768x432,1.9617310000000003,,
2025-12-20T12:50:56.183Z,0.738,3,1500,768x432,1.9510489999999976,,
2025-12-20T12:50:56.634Z,0.832,3,1500,768x432,1.9995390000000128,,
2025-12-20T12:50:57.024Z,0.951,3,1500,768x432,1.9093189999999964,,
2025-12-20T12:50:57.416Z,1.116,3,1500,768x432,1.9120360000000005,,
2025-12-20T12:50:57.817Z,1.149,3,1500,768x432,1.9137000000000057,,
2025-12-20T12:50:58.717Z,0.854,3,1500,768x432,1.913893999999999,,
2025-12-20T12:50:59.129Z,0.818,3,1500,768x432,1.9995449999999977,,
2025-12-20T12:50:59.576Z,0.788,3,1500,768x432,1.9497769999999974,,
2025-12-20T12:51:00.019Z,1.031,3,1500,768x432,1.9202469999999892,,
2025-12-20T12:51:00.452Z,0.994,3,1500,768x432,1.9789829999999995,,
2025-12-20T12:51:00.857Z,1.221,3,1500,768x432,1.981740000000002,,
2025-12-20T12:51:01.357Z,1.153,3,1500,768x432,1.9751179999999948,,
2025-12-20T12:51:01.692Z,1.165,3,1500,768x432,1.937277999999992,,
2025-12-20T12:51:02.556Z,0.864,3,1500,768x432,1.9793710000000004,,
2025-12-20T12:51:02.993Z,1.101,3,1500,768x432,1.956986999999998,,
2025-12-20T12:51:03.328Z,1.085,3,1500,768x432,2.014659999999992,,
2025-12-20T12:51:04.169Z,0.777,3,1500,768x432,1.9604769999999974,,
2025-12-20T12:51:04.641Z,0.738,3,1500,768x432,1.9836659999999995,,
2025-12-20T12:51:05.021Z,0.978,3,1500,768x432,1.9112240000000043,,
2025-12-20T12:51:05.411Z,0.947,3,1500,768x432,1.9168209999999988,,
2025-12-20T12:51:05.788Z,1.177,3,1500,768x432,1.9380740000000003,,
2025-12-20T12:51:06.738Z,0.62,3,1500,768x432,1.9885400000000004,,
2025-12-20T12:51:07.220Z,0.838,3,1500,768x432,1.9207920000000058,,
2025-12-20T12:51:07.559Z,0.828,3,1500,768x432,1.9816889999999887,,
2025-12-20T12:51:07.922Z,1.058,3,1500,768x432,1.9121039999999851,,
2025-12-20T12:51:08.289Z,1.242,3,1500,768x432,1.9379459999999966,,
2025-12-20T12:51:09.168Z,0.73,3,1500,768x432,1.967880000000008,,
2025-12-20T12:51:09.615Z,0.807,3,1500,768x432,1.9093670000000031,,
2025-12-20T12:51:10.088Z,0.943,3,1500,768x432,1.9566470000000038,,
2025-12-20T12:51:10.743Z,0.624,3,1500,768x432,1.9891870000000154,,
2025-12-20T12:51:11.165Z,0.851,3,1500,768x432,1.977657000000022,,
2025-12-20T12:51:11.594Z,0.842,3,1500,768x432,1.9370690000000081,,
2025-12-20T12:51:11.997Z,1.074,3,1500,768x432,1.9287730000000067,,
2025-12-20T12:51:12.431Z,1.035,3,1500,768x432,2.000036000000023,,
2025-12-20T12:51:12.820Z,1.272,3,1500,768x432,1.910898000000003,,
2025-12-20T12:51:13.766Z,0.71,3,1500,768x432,1.9638710000000117,,
2025-12-20T12:51:14.156Z,0.951,3,1500,768x432,1.9826040000000091,,
2025-12-20T12:51:14.590Z,0.915,3,1500,768x432,1.9375670000000014,,
2025-12-20T12:51:15.030Z,0.898,3,1500,768x432,2.013015000000024,,
2025-12-20T12:51:15.441Z,1.017,3,1500,768x432,1.9950910000000022,,
2025-12-20T12:51:15.868Z,1.083,3,1500,768x432,1.962693999999999,,
2025-12-20T12:51:16.272Z,1.287,3,1500,768x432,1.9535199999999975,,
2025-12-20T12:51:17.409Z,0.487,3,1500,768x432,1.9201869999999985,,
2025-12-20T12:51:17.477Z,0.948,2,1000,640x360,1.959165000000013,,
2025-12-20T12:51:17.895Z,0.971,2,1000,640x360,1.9473150000000032,,
2025-12-20T12:51:17.969Z,0.969,3,1500,768x432,1.9644309999999905,,
2025-12-20T12:51:18.540Z,0.431,3,1500,768x432,1.9899959999999908,,
2025-12-20T12:51:18.618Z,0.772,2,1000,640x360,1.91049000000001,,
2025-12-20T12:51:19.031Z,0.826,2,1000,640x360,2.010009999999994,,
2025-12-20T12:51:19.100Z,0.839,3,1500,768x432,1.9401919999999961,,
2025-12-20T12:51:19.688Z,0.367,3,1500,768x432,1.9514400000000194,,
2025-12-20T12:51:19.761Z,0.602,2,1000,640x360,1.9625759999999843,,
2025-12-20T12:51:20.179Z,0.702,2,1000,640x360,1.9659990000000107,,
2025-12-20T12:51:20.249Z,0.696,3,1500,768x432,2.006805000000014,,
2025-12-20T12:51:20.826Z,0.036,3,1500,768x432,2.0064700000000073,,rebuffer happen
2025-12-20T12:51:20.837Z,0.026,3,1500,768x432,1.9957310000000064,,rebuffer happen
2025-12-20T12:51:20.846Z,0.026,3,1500,768x432,1.9957310000000064,,
2025-12-20T12:51:20.918Z,0.526,2,1000,640x360,1.9377130000000022,,
2025-12-20T12:51:21.322Z,0.566,2,1000,640x360,1.9467030000000136,,
2025-12-20T12:51:21.729Z,0.64,2,1000,640x360,2.0177109999999914,,
2025-12-20T12:51:21.807Z,0.644,3,1500,768x432,1.9408479999999884,,
2025-12-20T12:51:22.159Z,0.215,3,1500,768x432,1.9878019999999879,,rebuffer happen
2025-12-20T12:51:22.337Z,0.215,3,1500,768x432,1.9999569999999949,,
2025-12-20T12:51:22.339Z,0.53,2,1000,640x360,1.9987799999999822,,rebuffer happen
2025-12-20T12:51:22.413Z,0.53,2,1000,640x360,1.9380260000000078,,
2025-12-20T12:51:22.672Z,0.71,2,1000,640x360,1.9932050000000174,,
2025-12-20T12:51:22.739Z,0.724,3,1500,768x432,2.0261090000000195,,
2025-12-20T12:51:23.124Z,0.416,3,1500,768x432,1.9321119999999894,,
2025-12-20T12:51:23.512Z,0.477,3,1500,768x432,1.9298689999999965,,
2025-12-20T12:51:23.920Z,0.671,3,1500,768x432,1.9359579999999994,,
2025-12-20T12:51:24.304Z,0.678,3,1500,768x432,1.9326580000000035,,
2025-12-20T12:51:24.674Z,0.903,3,1500,768x432,1.9585459999999841,,
2025-12-20T12:51:25.036Z,0.866,3,1500,768x432,1.991578000000004,,
2025-12-20T12:51:25.397Z,1.103,3,1500,768x432,1.9372730000000047,,
2025-12-20T12:51:25.799Z,1.067,3,1500,768x432,1.926825000000008,,
2025-12-20T12:51:26.698Z,0.774,3,1500,768x432,1.9279370000000142,,
2025-12-20T12:51:27.093Z,0.922,3,1500,768x432,1.9435310000000072,,
2025-12-20T12:51:27.469Z,0.979,3,1500,768x432,1.9568710000000067,,
2025-12-20T12:51:27.840Z,1.188,3,1500,768x432,1.9945790000000159,,
2025-12-20T12:51:28.692Z,0.918,3,1500,768x432,1.9329529999999977,,
2025-12-20T12:51:29.087Z,0.894,3,1500,768x432,1.9547060000000158,,
2025-12-20T12:51:29.487Z,1.037,3,1500,768x432,1.9451599999999871,,
2025-12-20T12:51:29.971Z,1.016,3,1500,768x432,1.9638700000000142,,
2025-12-20T12:51:30.361Z,1.054,3,1500,768x432,1.9697780000000193,,
2025-12-20T12:51:30.745Z,1.281,3,1500,768x432,1.9860450000000185,,
2025-12-20T12:51:31.648Z,0.726,3,1500,768x432,1.9817539999999951,,
2025-12-20T12:51:32.055Z,0.966,3,1500,768x432,1.9806409999999914,,
2025-12-20T12:51:32.466Z,0.93,3,1500,768x432,1.965516000000008,,
2025-12-20T12:51:32.808Z,1.101,3,1500,768x432,1.924617000000012,,
2025-12-20T12:51:33.603Z,0.87,3,1500,768x432,1.9262990000000002,,
2025-12-20T12:51:33.906Z,1.012,3,1500,768x432,1.9259009999999819,,
2025-12-20T12:51:34.265Z,1.151,3,1500,768x432,1.9624729999999886,,
2025-12-20T12:51:35.144Z,0.769,3,1500,768x432,1.985529999999983,,
2025-12-20T12:51:35.554Z,1.007,3,1500,768x432,1.969614000000007,,
2025-12-20T12:51:35.921Z,0.984,3,1500,768x432,1.9165650000000198,,
2025-12-20T12:51:36.306Z,1.211,3,1500,768x432,1.9262780000000248,,
2025-12-20T12:51:37.256Z,0.655,3,1500,768x432,1.9809990000000255,,
2025-12-20T12:51:37.666Z,0.886,3,1500,768x432,1.9619959999999992,,
2025-12-20T12:51:38.039Z,0.855,3,1500,768x432,1.9900410000000193,,
2025-12-20T12:51:38.395Z,1.09,3,1500,768x432,1.9420960000000207,,
2025-12-20T12:51:38.780Z,1.307,3,1500,768x432,1.9437320000000113,,
2025-12-20T12:51:39.763Z,0.726,3,1500,768x432,1.971293999999972,,
2025-12-20T12:51:40.072Z,0.875,3,1500,768x432,1.9608629999999891,,
2025-12-20T12:51:40.382Z,1.012,3,1500,768x432,1.9492720000000077,,
2025-12-20T12:51:40.772Z,1.15,3,1500,768x432,1.9508490000000052,,
2025-12-20T12:51:41.664Z,0.896,3,1500,768x432,1.9671199999999942,,
2025-12-20T12:51:41.957Z,1.051,3,1500,768x432,1.97382300000001,,
2025-12-20T12:51:42.305Z,1.103,3,1500,768x432,1.9247190000000103,,
2025-12-20T12:51:43.154Z,0.804,3,1500,768x432,1.9714419999999961,,
2025-12-20T12:51:43.529Z,1.038,3,1500,768x432,1.9987040000000036,,
2025-12-20T12:51:43.923Z,1.013,3,1500,768x432,1.9109909999999957,,
2025-12-20T12:51:44.440Z,0.98,3,1500,768x432,1.99084000000002,,
2025-12-20T12:51:44.771Z,1.18,3,1500,768x432,1.9540030000000002,,
2025-12-20T12:51:45.631Z,0.917,3,1500,768x432,1.995882000000023,,
2025-12-20T12:51:45.964Z,1.103,3,1500,768x432,1.978775000000013,,
2025-12-20T12:51:46.256Z,1.131,3,1500,768x432,1.985336000000018,,
2025-12-20T12:51:47.171Z,0.846,3,1500,768x432,1.9813599999999951,,
2025-12-20T12:51:47.554Z,1.062,3,1500,768x432,1.9877859999999998,,
2025-12-20T12:51:47.982Z,0.949,3,1500,768x432,1.9527089999999987,,
2025-12-20T12:51:48.333Z,1.075,3,1500,768x432,2.0051929999999913,,
2025-12-20T12:51:49.197Z,0.701,3,1500,768x432,1.9375900000000001,,
2025-12-20T12:51:49.630Z,0.934,3,1500,768x432,2.000688999999994,,
2025-12-20T12:51:49.953Z,1.133,3,1500,768x432,1.997858000000008,,
2025-12-20T12:51:50.203Z,1.283,3,1500,768x432,1.934946999999994,,
2025-12-20T12:51:51.053Z,0.862,3,1500,768x432,1.995067000000006,,
2025-12-20T12:51:51.612Z,0.812,3,1500,768x432,1.9185240000000192,,
2025-12-20T12:51:51.978Z,0.964,3,1500,768x432,1.9505110000000059,,
2025-12-20T12:51:52.346Z,1.104,3,1500,768x432,1.9902040000000056,,
2025-12-20T12:51:53.239Z,0.718,3,1500,768x432,1.9989060000000052,,
2025-12-20T12:51:53.545Z,0.942,3,1500,768x432,1.9853449999999953,,
2025-12-20T12:51:53.861Z,1.155,3,1500,768x432,1.9706510000000037,,
2025-12-20T12:51:54.139Z,1.296,3,1500,768x432,2.000201999999973,,
2025-12-20T12:51:54.988Z,1.112,3,1500,768x432,1.9614740000000097,,
2025-12-20T12:51:55.337Z,1.097,3,1500,768x432,2.0024679999999933,,
2025-12-20T12:51:56.216Z,0.791,3,1500,768x432,1.9093640000000107,,
2025-12-20T12:51:56.686Z,0.749,3,1500,768x432,1.9407939999999826,,
2025-12-20T12:51:57.175Z,0.734,3,1500,768x432,1.9575619999999958,,
2025-12-20T12:51:57.652Z,0.966,3,1500,768x432,1.9727289999999869,,
2025-12-20T12:51:58.115Z,0.937,3,1500,768x432,1.9253549999999962,,
2025-12-20T12:51:58.595Z,0.905,3,1500,768x432,1.935606000000007,,
2025-12-20T12:51:59.049Z,0.87,3,1500,768x432,1.9810280000000091,,
2025-12-20T12:51:59.516Z,1.021,3,1500,768x432,1.908594000000022,,
2025-12-20T12:51:59.987Z,1.069,3,1500,768x432,1.9426799999999957,,
2025-12-20T12:52:00.406Z,1.04,3,1500,768x432,1.9215389999999957,,
2025-12-20T12:52:00.835Z,1.239,3,1500,768x432,1.996781999999996,,
2025-12-20T12:52:01.759Z,0.683,3,1500,768x432,1.9764959999999974,,
2025-12-20T12:52:02.122Z,0.786,3,1500,768x432,1.919290000000018,,
2025-12-20T12:52:02.513Z,0.905,3,1500,768x432,1.914635000000004,,
2025-12-20T12:52:02.922Z,1.047,3,1500,768x432,1.9055099999999925,,
2025-12-20T12:52:03.367Z,1.102,3,1500,768x432,1.9636600000000044,,
2025-12-20T12:52:03.954Z,1.067,3,1500,768x432,1.9804719999999918,,
2025-12-20T12:52:04.385Z,1.041,3,1500,768x432,1.9421450000000107,,
2025-12-20T12:52:04.805Z,1.202,3,1500,768x432,1.9237699999999904,,
2025-12-20T12:52:05.733Z,0.708,3,1500,768x432,1.9907059999999888,,
2025-12-20T12:52:06.163Z,0.959,3,1500,768x432,1.969932,,
2025-12-20T12:52:06.544Z,0.897,3,1500,768x432,1.9837339999999983,,
2025-12-20T12:52:06.922Z,1.042,3,1500,768x432,1.906326000000007,,
2025-12-20T12:52:07.300Z,1.121,3,1500,768x432,1.927677000000017,,
2025-12-20T12:52:08.184Z,0.843,3,1500,768x432,1.9689690000000155,,
2025-12-20T12:52:08.577Z,0.799,3,1500,768x432,1.9567220000000134,,
2025-12-20T12:52:08.943Z,1.036,3,1500,768x432,1.997415000000018,,
2025-12-20T12:52:09.384Z,0.997,3,1500,768x432,1.9457740000000001,,
2025-12-20T12:52:09.742Z,1.154,3,1500,768x432,1.9800909999999874,,
2025-12-20T12:52:10.652Z,0.933,3,1500,768x432,1.9806320000000142,,
2025-12-20T12:52:11.018Z,0.896,3,1500,768x432,1.9118980000000079,,
2025-12-20T12:52:11.436Z,1.132,3,1500,768x432,1.9935460000000091,,
2025-12-20T12:52:11.817Z,1.1,3,1500,768x432,1.9154690000000016,,
2025-12-20T12:52:12.600Z,0.807,3,1500,768x432,1.926400000000001,,
2025-12-20T12:52:13.102Z,0.775,3,1500,768x432,1.9352770000000135,,
2025-12-20T12:52:13.469Z,1.01,3,1500,768x432,1.957445000000007,,
2025-12-20T12:52:13.836Z,1.159,3,1500,768x432,1.9968039999999974,,
2025-12-20T12:52:14.717Z,0.674,3,1500,768x432,1.9087100000000135,,
2025-12-20T12:52:15.086Z,0.927,3,1500,768x432,1.9538110000000017,,
2025-12-20T12:52:15.504Z,0.886,3,1500,768x432,1.9297329999999988,,
2025-12-20T12:52:16.086Z,0.853,3,1500,768x432,1.946089999999998,,
2025-12-20T12:52:16.435Z,1.091,3,1500,768x432,1.997097999999994,,
2025-12-20T12:52:16.790Z,1.275,3,1500,768x432,1.9400629999999808,,
2025-12-20T12:52:17.620Z,0.755,3,1500,768x432,1.905510000000021,,
2025-12-20T12:52:17.974Z,0.998,3,1500,768x432,1.9689810000000136,,
2025-12-20T12:52:18.355Z,1.232,3,1500,768x432,1.9746039999999994,,
2025-12-20T12:52:18.760Z,1.187,3,1500,768x432,1.9636639999999943,,
2025-12-20T12:52:19.769Z,0.635,3,1500,768x432,1.9650959999999884,,
2025-12-20T12:52:20.077Z,0.875,3,1500,768x432,1.9545689999999922,,
2025-12-20T12:52:20.397Z,1.105,3,1500,768x432,1.9295199999999966,,
2025-12-20T12:52:20.644Z,1.269,3,1500,768x432,1.9809620000000052,,
2025-12-20T12:52:21.471Z,1.047,3,1500,768x432,1.9618690000000072,,
2025-12-20T12:52:21.845Z,1.182,3,1500,768x432,1.9856869999999844,,
2025-12-20T12:52:22.786Z,0.71,3,1500,768x432,1.9367809999999963,,
2025-12-20T12:52:23.082Z,0.956,3,1500,768x432,1.9546709999999905,,
2025-12-20T12:52:23.630Z,0.917,3,1500,768x432,1.9989219999999932,,
2025-12-20T12:52:24.021Z,0.888,3,1500,768x432,1.9114370000000065,,
2025-12-20T12:52:24.385Z,1.122,3,1500,768x432,1.9445049999999924,,
2025-12-20T12:52:24.787Z,1.086,3,1500,768x432,1.9366799999999955,,
2025-12-20T12:52:25.633Z,0.791,3,1500,768x432,1.9999750000000063,,
2025-12-20T12:52:25.974Z,1.03,3,1500,768x432,1.9590900000000033,,
2025-12-20T12:52:26.343Z,1.261,3,1500,768x432,1.984690999999998,,
2025-12-20T12:52:27.204Z,0.703,3,1500,768x432,1.9315039999999897,,
2025-12-20T12:52:27.552Z,0.896,3,1500,768x432,1.9783889999999928,,
2025-12-20T12:52:27.929Z,1.038,3,1500,768x432,2.0027290000000164,,
2025-12-20T12:52:28.206Z,1.183,3,1500,768x432,1.9276720000000012,,
2025-12-20T12:52:28.998Z,1.1,3,1500,768x432,1.9484759999999994,,
2025-12-20T12:52:29.459Z,1.045,3,1500,768x432,1.9824259999999754,,
2025-12-20T12:52:29.902Z,1.05,3,1500,768x432,1.933051000000006,,
2025-12-20T12:52:30.259Z,1.279,3,1500,768x432,1.9777970000000096,,
2025-12-20T12:52:31.150Z,0.718,3,1500,768x432,1.9899910000000034,,
2025-12-20T12:52:31.409Z,1.211,3,1500,768x432,1.920850999999999,,
2025-12-20T12:52:31.740Z,1.182,3,1500,768x432,1.9854070000000092,,
2025-12-20T12:52:32.657Z,0.881,3,1500,768x432,1.9696480000000065,,
2025-12-20T12:52:32.998Z,0.987,3,1500,768x432,1.9393010000000004,,
2025-12-20T12:52:33.310Z,1.087,3,1500,768x432,1.922048000000018,,
2025-12-20T12:52:34.148Z,0.814,3,1500,768x432,2.003183999999976,,
2025-12-20T12:52:34.500Z,1.043,3,1500,768x432,1.9414040000000057,,
2025-12-20T12:52:34.820Z,1.185,3,1500,768x432,1.918972000000025,,
2025-12-20T12:52:35.613Z,0.967,3,1500,768x432,1.915803000000011,,
2025-12-20T12:52:35.913Z,1.1,3,1500,768x432,1.9312559999999905,,
2025-12-20T12:52:36.180Z,1.256,3,1500,768x432,1.9559539999999913,,
2025-12-20T12:52:36.945Z,1.133,3,1500,768x432,1.9994299999999896,,
2025-12-20T12:52:37.196Z,1.176,3,1500,768x432,1.947416000000004,,
2025-12-20T12:52:38.005Z,1.068,3,1500,768x432,1.9260480000000086,,
2025-12-20T12:52:38.323Z,1.041,3,1500,768x432,1.9031060000000082,,
2025-12-20T12:52:39.200Z,0.744,3,1500,768x432,1.9314719999999852,,
2025-12-20T12:52:39.618Z,0.98,3,1500,768x432,1.9092719999999872,,
2025-12-20T12:52:39.969Z,0.957,3,1500,768x432,1.969268999999997,,
2025-12-20T12:52:40.447Z,0.92,3,1500,768x432,1.9837200000000053,,
2025-12-20T12:52:40.818Z,1.052,3,1500,768x432,1.9189039999999977,,
2025-12-20T12:52:41.616Z,0.847,3,1500,768x432,1.912444999999991,,
2025-12-20T12:52:41.896Z,0.984,3,1500,768x432,1.9381109999999921,,
2025-12-20T12:52:42.131Z,1.328,3,1500,768x432,2.002938999999998,,
2025-12-20T12:52:42.869Z,1.026,3,1500,768x432,1.963122999999996,,
2025-12-20T12:52:43.107Z,1.262,3,1500,768x432,1.925990000000013,,
2025-12-20T12:52:43.872Z,1.228,3,1500,768x432,1.9637869999999964,,
2025-12-20T12:52:44.037Z,1.328,3,1500,768x432,1.9989649999999983,,
2025-12-20T12:52:44.839Z,1.165,3,1500,768x432,1.990208999999993,,
2025-12-20T12:52:45.577Z,0.872,3,1500,768x432,1.9557499999999948,,
2025-12-20T12:52:45.783Z,1.101,3,1500,768x432,1.9417170000000112,,
2025-12-20T12:52:46.532Z,1.06,3,1500,768x432,1.99550499999998,,
2025-12-20T12:52:46.780Z,1.286,3,1500,768x432,1.947039000000018,,
2025-12-20T12:52:47.564Z,0.993,3,1500,768x432,1.9661869999999908,,
2025-12-20T12:52:47.785Z,1.213,3,1500,768x432,1.945713999999981,,
2025-12-20T12:52:48.526Z,0.934,3,1500,768x432,2.0021919999999795,,
2025-12-20T12:52:48.732Z,1.134,3,1500,768x432,1.9918419999999912,,
2025-12-20T12:52:49.449Z,0.921,3,1500,768x432,1.983364999999992,,
2025-12-20T12:52:49.691Z,1.374,3,1500,768x432,1.9378419999999892,,
2025-12-20T12:52:50.371Z,1.069,3,1500,768x432,1.9572040000000186,,
2025-12-20T12:52:50.562Z,1.306,3,1500,768x432,1.9664029999999855,,
2025-12-20T12:52:51.286Z,1.267,3,1500,768x432,1.9406529999999975,,
2025-12-20T12:52:52.001Z,0.986,3,1500,768x432,1.935383999999999,,
2025-12-20T12:52:52.217Z,1.216,3,1500,768x432,1.914576000000011,,
2025-12-20T12:52:53.034Z,0.93,3,1500,768x432,2.003134000000017,,
2025-12-20T12:52:53.324Z,1.157,3,1500,768x432,2.0078539999999805,,
2025-12-20T12:52:54.067Z,0.869,3,1500,768x432,1.9801459999999906,,
2025-12-20T12:52:54.351Z,1.102,3,1500,768x432,1.9866119999999796,,
2025-12-20T12:52:55.095Z,0.786,3,1500,768x432,1.9357479999999896,,
2025-12-20T12:52:55.351Z,1.021,3,1500,768x432,1.977897000000013,,
2025-12-20T12:52:56.135Z,0.728,3,1500,768x432,1.998345999999998,,
2025-12-20T12:52:56.338Z,1.029,3,1500,768x432,1.9948680000000252,,
2025-12-20T12:52:57.024Z,0.942,3,1500,768x432,1.9188050000000203,,
2025-12-20T12:52:57.265Z,1.17,3,1500,768x432,1.970357000000007,,
2025-12-20T12:52:58.035Z,0.888,3,1500,768x432,2.0112509999999872,,
2025-12-20T12:52:58.277Z,1.116,3,1500,768x432,1.9662649999999928,,
2025-12-20T12:52:59.075Z,0.833,3,1500,768x432,1.9806890000000124,,
2025-12-20T12:52:59.304Z,1.153,3,1500,768x432,1.9380339999999876,,
2025-12-20T12:52:59.997Z,1.019,3,1500,768x432,1.9396329999999864,,
2025-12-20T12:53:00.172Z,1.248,3,1500,768x432,1.9616310000000112,,
2025-12-20T12:53:00.877Z,1.21,3,1500,768x432,1.957367000000005,,
2025-12-20T12:53:01.058Z,1.329,3,1500,768x432,1.9776529999999752,,
2025-12-20T12:53:01.752Z,1.15,3,1500,768x432,1.9758130000000165,,
2025-12-20T12:53:02.461Z,1.131,3,1500,768x432,1.9723499999999774,,
2025-12-20T12:53:02.657Z,1.36,3,1500,768x432,1.9718990000000076,,
2025-12-20T12:53:03.358Z,1.056,3,1500,768x432,1.971238999999997,,
2025-12-20T12:53:03.526Z,1.499,3,1500,768x432,1.9999940000000151,,
2025-12-20T12:53:04.195Z,1.263,3,1500,768x432,1.9322060000000079,,
2025-12-20T12:53:04.871Z,1.22,3,1500,768x432,1.9626759999999877,,
2025-12-20T12:53:05.037Z,1.377,3,1500,768x432,1.996181000000007,,
2025-12-20T12:53:05.680Z,1.429,3,1500,768x432,1.9441759999999988,,
2025-12-20T12:53:06.335Z,1.147,3,1500,768x432,2.000405999999998,,
2025-12-20T12:53:07.051Z,0.86,3,1500,768x432,1.9975280000000168,,
2025-12-20T12:53:07.194Z,1.199,3,1500,768x432,1.9499299999999948,,
2025-12-20T12:53:07.865Z,1.044,3,1500,768x432,1.9675919999999962,,
2025-12-20T12:53:08.013Z,1.467,3,1500,768x432,1.9166239999999846,,
2025-12-20T12:53:08.680Z,1.243,3,1500,768x432,1.9439720000000023,,
2025-12-20T12:53:09.342Z,1.028,3,1500,768x432,1.98796999999999,,
2025-12-20T12:53:10.055Z,0.93,3,1500,768x432,1.9867299999999943,,
2025-12-20T12:53:10.221Z,1.158,3,1500,768x432,1.9132549999999924,,
2025-12-20T12:53:10.938Z,1.115,3,1500,768x432,2.0034449999999993,,
2025-12-20T12:53:11.191Z,1.243,3,1500,768x432,1.949830999999989,,
2025-12-20T12:53:11.946Z,1.056,3,1500,768x432,1.9834519999999998,,
2025-12-20T12:53:12.129Z,1.291,3,1500,768x432,1.9991550000000018,,
2025-12-20T12:53:12.844Z,1.248,3,1500,768x432,1.9877109999999902,,
2025-12-20T12:53:13.543Z,0.962,3,1500,768x432,1.983477999999991,,
2025-12-20T12:53:13.725Z,1.164,3,1500,768x432,1.9982809999999915,,
2025-12-20T12:53:14.443Z,1.164,3,1500,768x432,1.9896080000000325,,
2025-12-20T12:53:14.645Z,1.404,3,1500,768x432,1.9818109999999933,,
2025-12-20T12:53:15.332Z,1.101,3,1500,768x432,1.9935270000000003,,
2025-12-20T12:53:16.076Z,0.804,3,1500,768x432,1.9493479999999863,,
2025-12-20T12:53:16.296Z,1.103,3,1500,768x432,1.9289140000000202,,
2025-12-20T12:53:17.017Z,1.015,3,1500,768x432,1.9108989999999721,,
2025-12-20T12:53:17.232Z,1.245,3,1500,768x432,1.9985849999999914,,
2025-12-20T12:53:17.925Z,0.954,3,1500,768x432,2.0118610000000103,,
2025-12-20T12:53:18.111Z,1.266,3,1500,768x432,1.926539000000048,,
2025-12-20T12:53:18.808Z,1.15,3,1500,768x432,1.9221709999999916,,
2025-12-20T12:53:19.415Z,1.034,3,1500,768x432,1.910154000000034,,
2025-12-20T12:53:19.574Z,1.307,3,1500,768x432,1.9568179999999984,,
2025-12-20T12:53:20.340Z,1.061,3,1500,768x432,1.9941819999999666,,
2025-12-20T12:53:21.040Z,1.025,3,1500,768x432,1.9938359999999875,,
2025-12-20T12:53:21.229Z,1.263,3,1500,768x432,2.001461000000006,,
2025-12-20T12:53:21.914Z,0.972,3,1500,768x432,1.9233510000000251,,
2025-12-20T12:53:22.077Z,1.452,3,1500,768x432,1.9589970000000108,,
2025-12-20T12:53:22.806Z,1.165,3,1500,768x432,1.9243209999999635,,
2025-12-20T12:53:23.502Z,0.867,3,1500,768x432,1.9244600000000105,,
2025-12-20T12:53:23.683Z,1.305,3,1500,768x432,1.9426849999999831,,
2025-12-20T12:53:24.376Z,1.078,3,1500,768x432,1.9547360000000253,,
2025-12-20T12:53:24.521Z,1.484,3,1500,768x432,1.907115000000033,,
2025-12-20T12:53:25.173Z,1.272,3,1500,768x432,1.952306999999962,,
2025-12-20T12:53:25.840Z,1.23,3,1500,768x432,1.9887410000000045,,
2025-12-20T12:53:26.570Z,0.948,3,1500,768x432,1.9567219999999566,,
2025-12-20T12:53:26.800Z,1.178,3,1500,768x432,1.9268750000000523,,
2025-12-20T12:53:27.491Z,0.884,3,1500,768x432,1.9349509999999555,,
2025-12-20T12:53:27.724Z,1.275,3,1500,768x432,1.900118999999961,,
2025-12-20T12:53:28.398Z,1.095,3,1500,768x432,1.9338960000000043,,
2025-12-20T12:53:28.574Z,1.325,3,1500,768x432,1.957206000000042,,
2025-12-20T12:53:29.280Z,1.292,3,1500,768x432,1.9450069999999755,,
2025-12-20T12:53:29.973Z,1.002,3,1500,768x432,1.95813899999996,,
2025-12-20T12:53:30.151Z,1.233,3,1500,768x432,1.982075000000009,,
2025-12-20T12:53:30.813Z,1.192,3,1500,768x432,1.9158140000000117,,
2025-12-20T12:53:31.487Z,0.897,3,1500,768x432,1.9395279999999957,,
2025-12-20T12:53:31.667Z,1.273,3,1500,768x432,1.9592379999999707,,
2025-12-20T12:53:32.389Z,1.111,3,1500,768x432,1.9440060000000017,,
2025-12-20T12:53:32.594Z,1.342,3,1500,768x432,1.933289000000002,,
2025-12-20T12:53:33.308Z,1.302,3,1500,768x432,1.916688000000022,,
2025-12-20T12:53:34.055Z,1,3,1500,768x432,1.978537000000017,,
2025-12-20T12:53:34.244Z,1.233,3,1500,768x432,1.9853800000000206,,
2025-12-20T12:53:34.922Z,1.184,3,1500,768x432,1.9153740000000425,,
2025-12-20T12:53:35.097Z,1.435,3,1500,768x432,1.9428650000000403,,
2025-12-20T12:53:35.783Z,1.131,3,1500,768x432,1.9423340000000167,,
2025-12-20T12:53:36.461Z,1.112,3,1500,768x432,1.967993999999976,,
2025-12-20T12:53:36.643Z,1.34,3,1500,768x432,1.9868139999999812,,
2025-12-20T12:53:37.329Z,1.056,3,1500,768x432,2.012537000000009,,
2025-12-20T12:53:38.002Z,1.019,3,1500,768x432,1.9350029999999947,,
2025-12-20T12:53:38.171Z,1.235,3,1500,768x432,1.9611269999999763,,
2025-12-20T12:53:38.863Z,1.21,3,1500,768x432,1.9675240000000258,,
2025-12-20T12:53:39.058Z,1.457,3,1500,768x432,1.978065000000015,,
2025-12-20T12:53:39.693Z,1.291,3,1500,768x432,1.9359260000000518,,
2025-12-20T12:53:40.336Z,1.123,3,1500,768x432,1.9944810000000075,,
2025-12-20T12:53:41.011Z,1.073,3,1500,768x432,1.9123730000000023,,
2025-12-20T12:53:41.232Z,1.32,3,1500,768x432,1.9940809999999942,,
2025-12-20T12:53:41.942Z,1.031,3,1500,768x432,1.9893869999999652,,
2025-12-20T12:53:42.141Z,1.247,3,1500,768x432,1.9863639999999805,,
2025-12-20T12:53:42.838Z,1.216,3,1500,768x432,1.9914029999999912,,
2025-12-20T12:53:43.537Z,0.933,3,1500,768x432,1.9888910000000237,,
2025-12-20T12:53:43.712Z,1.166,3,1500,768x432,1.9149189999999976,,
2025-12-20T12:53:44.404Z,1.136,3,1500,768x432,1.9258990000000153,,
2025-12-20T12:53:44.572Z,1.37,3,1500,768x432,1.9564680000000294,,
2025-12-20T12:53:45.200Z,1.346,3,1500,768x432,1.9463610000000244,,
2025-12-20T12:53:45.837Z,1.031,3,1500,768x432,1.9969520000000216,,
2025-12-20T12:53:46.506Z,0.997,3,1500,768x432,1.9232069999999908,,
2025-12-20T12:53:46.672Z,1.228,3,1500,768x432,1.9558000000000106,,
2025-12-20T12:53:47.349Z,1.202,3,1500,768x432,1.9815280000000257,,
2025-12-20T12:53:48.054Z,0.916,3,1500,768x432,1.9879549999999995,,
2025-12-20T12:53:48.315Z,1.144,3,1500,768x432,1.921293999999989,,
2025-12-20T12:53:49.002Z,1.09,3,1500,768x432,1.943552000000011,,
2025-12-20T12:53:49.185Z,1.324,3,1500,768x432,1.9571289999999522,,
2025-12-20T12:53:49.873Z,1.046,3,1500,768x432,1.955506000000014,,
2025-12-20T12:53:50.046Z,1.487,3,1500,768x432,1.984421999999995,,
2025-12-20T12:53:50.735Z,1.24,3,1500,768x432,1.9906669999999735,,
2025-12-20T12:53:51.411Z,0.948,3,1500,768x432,1.9173090000000457,,
2025-12-20T12:53:51.567Z,1.446,3,1500,768x432,1.9583220000000097,,
2025-12-20T12:53:52.261Z,1.16,3,1500,768x432,1.9726030000000492,,
2025-12-20T12:53:52.938Z,1.104,3,1500,768x432,2.0017560000000003,,
2025-12-20T12:53:53.121Z,1.31,3,1500,768x432,1.9263609999999858,,
2025-12-20T12:53:53.820Z,1.057,3,1500,768x432,1.9091300000000047,,
2025-12-20T12:53:54.523Z,1.02,3,1500,768x432,1.9008809999999698,,
2025-12-20T12:53:54.697Z,1.256,3,1500,768x432,1.928389999999979,,
2025-12-20T12:53:55.403Z,0.963,3,1500,768x432,1.9230730000000449,,
2025-12-20T12:53:55.554Z,1.454,3,1500,768x432,1.9725720000000138,,
2025-12-20T12:53:56.171Z,1.441,3,1500,768x432,1.962146999999959,,
2025-12-20T12:53:56.847Z,1.131,3,1500,768x432,1.9846160000000168,,
2025-12-20T12:53:57.579Z,0.844,3,1500,768x432,1.9513880000000086,,
2025-12-20T12:53:57.752Z,1.281,3,1500,768x432,1.9752220000000307,,
2025-12-20T12:53:58.429Z,1.041,3,1500,768x432,1.9962170000000015,,
2025-12-20T12:53:58.697Z,1.271,3,1500,768x432,1.9292599999999993,,
2025-12-20T12:53:59.362Z,1.031,3,1500,768x432,1.9674529999999777,,
2025-12-20T12:53:59.549Z,1.481,3,1500,768x432,1.978570999999988,,
2025-12-20T12:54:00.252Z,1.185,3,1500,768x432,1.9812989999999786,,
2025-12-20T12:54:00.958Z,1.148,3,1500,768x432,1.9850299999999947,,
2025-12-20T12:54:01.162Z,1.337,3,1500,768x432,1.9787259999999947,,
2025-12-20T12:54:01.848Z,1.088,3,1500,768x432,1.9877500000000055,,
2025-12-20T12:54:02.510Z,1.069,3,1500,768x432,1.9309440000000109,,
2025-12-20T12:54:02.600Z,1.298,3,1500,768x432,1.9336399999999685,,
2025-12-20T12:54:03.135Z,1.254,3,1500,768x432,1.9981339999999932,,
2025-12-20T12:54:03.218Z,1.656,1,600,480x270,1.913864999999987,,
2025-12-20T12:54:03.384Z,1.949,1,600,480x270,1.9486549999999738,,
2025-12-20T12:54:03.458Z,1.976,3,1500,768x432,1.9757400000000302,,
2025-12-20T12:54:04.166Z,1.458,3,1500,768x432,1.968451000000016,,
2025-12-20T12:54:04.865Z,1.131,3,1500,768x432,1.968170999999984,,
2025-12-20T12:54:05.050Z,1.372,3,1500,768x432,1.9940879999999765,,
2025-12-20T12:54:05.746Z,1.338,3,1500,768x432,1.9810979999999745,,
2025-12-20T12:54:06.459Z,1.041,3,1500,768x432,1.9714569999999867,,
2025-12-20T12:54:06.665Z,1.27,3,1500,768x432,1.9609570000000076,,
2025-12-20T12:54:07.381Z,0.976,3,1500,768x432,1.9457530000000247,,
2025-12-20T12:54:07.584Z,1.306,3,1500,768x432,1.9424530000000004,,
2025-12-20T12:54:08.290Z,1.172,3,1500,768x432,1.9413820000000328,,
2025-12-20T12:54:09.010Z,0.886,3,1500,768x432,1.9386090000000422,,
2025-12-20T12:54:09.171Z,1.367,3,1500,768x432,1.9756679999999847,,
2025-12-20T12:54:09.857Z,1.074,3,1500,768x432,1.9688970000000268,,
2025-12-20T12:54:10.068Z,1.291,3,1500,768x432,1.960049999999967,,
2025-12-20T12:54:10.818Z,1.272,3,1500,768x432,1.9143339999999966,,
2025-12-20T12:54:11.613Z,0.975,3,1500,768x432,1.9167039999999815,,
2025-12-20T12:54:11.902Z,0.985,3,1500,768x432,1.9341790000000287,,
2025-12-20T12:54:12.109Z,1.45,3,1500,768x432,1.9235029999999824,,
2025-12-20T12:54:12.839Z,1.146,3,1500,768x432,1.990694000000019,,
2025-12-20T12:54:13.558Z,0.855,3,1500,768x432,1.9742439999999988,,
2025-12-20T12:54:13.773Z,1.085,3,1500,768x432,1.952128000000016,,
2025-12-20T12:54:14.496Z,1.054,3,1500,768x432,1.9290880000000357,,
2025-12-20T12:54:14.719Z,1.288,3,1500,768x432,1.9081239999999866,,
2025-12-20T12:54:15.449Z,0.991,3,1500,768x432,1.9766099999999938,,
2025-12-20T12:54:15.734Z,1.227,3,1500,768x432,1.9932619999999588,,
2025-12-20T12:54:16.490Z,0.933,3,1500,768x432,1.940103000000022,,
2025-12-20T12:54:16.716Z,1.166,3,1500,768x432,1.9127820000000497,,
2025-12-20T12:54:17.451Z,1.133,3,1500,768x432,1.9791720000000055,,
2025-12-20T12:54:17.670Z,1.373,3,1500,768x432,1.9593399999999974,,
2025-12-20T12:54:18.350Z,1.081,3,1500,768x432,1.991138000000035,,
2025-12-20T12:54:19.087Z,0.776,3,1500,768x432,1.9457590000000096,,
2025-12-20T12:54:19.371Z,1.007,3,1500,768x432,1.9575350000000071,,
2025-12-20T12:54:19.609Z,1.29,3,1500,768x432,1.9206229999999778,,
2025-12-20T12:54:20.349Z,1.213,3,1500,768x432,1.9785229999999956,,
2025-12-20T12:54:21.205Z,0.925,3,1500,768x432,1.9361030000000028,,
2025-12-20T12:54:21.508Z,0.886,3,1500,768x432,1.9224370000000022,,
2025-12-20T12:54:21.817Z,1.097,3,1500,768x432,1.914387999999974,,
2025-12-20T12:54:22.601Z,0.824,3,1500,768x432,1.9294390000000021,,
2025-12-20T12:54:22.850Z,1.011,3,1500,768x432,1.9789569999999799,,
2025-12-20T12:54:23.546Z,1.013,3,1500,768x432,1.982641000000001,,
2025-12-20T12:54:23.972Z,0.997,3,1500,768x432,1.9589829999999893,,
2025-12-20T12:54:24.227Z,1.233,3,1500,768x432,2.0041049999999814,,
2025-12-20T12:54:24.973Z,0.946,3,1500,768x432,1.9658890000000042,,
2025-12-20T12:54:25.283Z,1.172,3,1500,768x432,1.95066300000002,,
2025-12-20T12:54:26.080Z,0.884,3,1500,768x432,1.9681259999999838,,
2025-12-20T12:54:26.339Z,1.115,3,1500,768x432,1.9993489999999952,,
2025-12-20T12:54:27.092Z,0.799,3,1500,768x432,1.9321640000000002,,
2025-12-20T12:54:27.412Z,1.037,3,1500,768x432,1.911877000000004,,
2025-12-20T12:54:27.682Z,1.274,3,1500,768x432,1.9421600000000012,,
2025-12-20T12:54:28.457Z,0.963,3,1500,768x432,1.9725070000000073,,
2025-12-20T12:54:28.724Z,1.176,3,1500,768x432,1.898510999999985,,
2025-12-20T12:54:29.473Z,0.9,3,1500,768x432,1.95553799999999,,
2025-12-20T12:54:29.717Z,1.387,3,1500,768x432,1.9075249999999642,,
2025-12-20T12:54:30.548Z,0.844,3,1500,768x432,1.9859629999999697,,
2025-12-20T12:54:30.848Z,1.07,3,1500,768x432,1.9783150000000091,,
2025-12-20T12:54:31.605Z,0.775,3,1500,768x432,1.9204849999999851,,
2025-12-20T12:54:31.813Z,1.251,3,1500,768x432,1.916763000000003,,
2025-12-20T12:54:32.518Z,0.979,3,1500,768x432,1.9076100000000338,,
2025-12-20T12:54:32.719Z,1.178,3,1500,768x432,1.9042819999999665,,
2025-12-20T12:54:33.444Z,0.917,3,1500,768x432,1.984375,,
2025-12-20T12:54:33.690Z,1.416,3,1500,768x432,1.9352429999999572,,
2025-12-20T12:54:34.434Z,1.127,3,1500,768x432,2.001837000000023,,
2025-12-20T12:54:34.720Z,1.359,3,1500,768x432,1.90565399999997,,
2025-12-20T12:54:35.426Z,1.058,3,1500,768x432,2.002063000000021,,
2025-12-20T12:54:35.648Z,1.288,3,1500,768x432,1.9796269999999936,,
2025-12-20T12:54:36.381Z,0.994,3,1500,768x432,1.946376999999984,,
2025-12-20T12:54:36.588Z,1.477,3,1500,768x432,1.9371080000000234,,
2025-12-20T12:54:37.318Z,1.201,3,1500,768x432,1.9168470000000184,,
2025-12-20T12:54:38.063Z,0.915,3,1500,768x432,1.9779780000000073,,
2025-12-20T12:54:38.238Z,1.146,3,1500,768x432,1.9969619999999964,,
2025-12-20T12:54:38.960Z,1.101,3,1500,768x432,1.9844870000000014,,
2025-12-20T12:54:39.167Z,1.36,3,1500,768x432,1.978561999999954,,
2025-12-20T12:54:39.895Z,1.048,3,1500,768x432,1.9382970000000341,,
2025-12-20T12:54:40.221Z,1.276,3,1500,768x432,1.9085830000000215,,
2025-12-20T12:54:41.005Z,0.982,3,1500,768x432,1.9283269999999675,,
2025-12-20T12:54:41.263Z,1.216,3,1500,768x432,1.965814000000023,,
2025-12-20T12:54:42.106Z,0.928,3,1500,768x432,1.9383980000000065,,
2025-12-20T12:54:42.393Z,1.154,3,1500,768x432,1.9373500000000377,,
2025-12-20T12:54:42.678Z,1.389,3,1500,768x432,1.947966000000008,,
2025-12-20T12:54:43.511Z,1.084,3,1500,768x432,1.914890000000014,,
2025-12-20T12:54:43.773Z,1.319,3,1500,768x432,1.9554410000000075,,
2025-12-20T12:54:44.569Z,1.024,3,1500,768x432,1.9556969999999865,,
2025-12-20T12:54:44.842Z,1.259,3,1500,768x432,1.9969169999999963,,
2025-12-20T12:54:45.643Z,0.961,3,1500,768x432,1.9813239999999723,,
2025-12-20T12:54:45.923Z,1.159,3,1500,768x432,1.9154909999999745,,
2025-12-20T12:54:46.192Z,1.175,3,1500,768x432,1.948757999999998,,
2025-12-20T12:54:47.030Z,0.888,3,1500,768x432,2.0142960000000016,,
2025-12-20T12:54:47.344Z,1.112,3,1500,768x432,1.9985450000000355,,
2025-12-20T12:54:48.164Z,0.805,3,1500,768x432,1.9617729999999938,,
2025-12-20T12:54:48.478Z,1.037,3,1500,768x432,1.9513379999999643,,
2025-12-20T12:54:48.780Z,1.258,3,1500,768x432,1.9454800000000319,,
2025-12-20T12:54:49.600Z,0.981,3,1500,768x432,1.9256379999999922,,
2025-12-20T12:54:49.929Z,0.957,3,1500,768x432,2.0115020000000072,,
2025-12-20T12:54:50.198Z,1.19,3,1500,768x432,1.9405209999999897,,
2025-12-20T12:54:50.980Z,0.9,3,1500,768x432,1.9716220000000249,,
2025-12-20T12:54:51.271Z,1.125,3,1500,768x432,1.9664360000000443,,
2025-12-20T12:54:52.096Z,0.819,3,1500,768x432,1.9307450000000017,,
2025-12-20T12:54:52.443Z,1.049,3,1500,768x432,1.9887850000000071,,
2025-12-20T12:54:52.768Z,1.256,3,1500,768x432,1.9588269999999852,,
2025-12-20T12:54:53.559Z,0.996,3,1500,768x432,1.9686300000000188,,
2025-12-20T12:54:53.830Z,1.166,3,1500,768x432,2.005243000000007,,
2025-12-20T12:54:54.607Z,0.928,3,1500,768x432,1.9197130000000016,,
2025-12-20T12:54:54.886Z,1.071,3,1500,768x432,1.9427350000000274,,
2025-12-20T12:54:55.112Z,1.396,3,1500,768x432,1.9168839999999818,,
2025-12-20T12:54:55.877Z,1.104,3,1500,768x432,1.9595910000000458,,
2025-12-20T12:54:56.178Z,1.341,3,1500,768x432,1.9572220000000016,,
2025-12-20T12:54:56.957Z,1.042,3,1500,768x432,1.970166000000006,,
2025-12-20T12:54:57.242Z,1.275,3,1500,768x432,1.9884100000000444,,
2025-12-20T12:54:58.120Z,0.985,3,1500,768x432,1.9202089999999998,,
2025-12-20T12:54:58.474Z,0.939,3,1500,768x432,1.9611670000000458,,
2025-12-20T12:54:59.018Z,0.924,3,1500,768x432,1.92108300000001,,
2025-12-20T12:54:59.398Z,1.04,3,1500,768x432,1.9332660000000033,,
2025-12-20T12:54:59.748Z,1.109,3,1500,768x432,1.9772330000000125,,
2025-12-20T12:55:00.582Z,0.817,3,1500,768x432,1.9512410000000386,,
2025-12-20T12:55:01.044Z,1.057,3,1500,768x432,1.9868929999999523,,
2025-12-20T12:55:01.558Z,0.991,3,1500,768x432,1.9662959999999998,,
2025-12-20T12:55:02.027Z,0.999,3,1500,768x432,2.0040139999999838,,
2025-12-20T12:55:02.426Z,0.964,3,1500,768x432,2.002153000000021,,
2025-12-20T12:55:02.786Z,1.195,3,1500,768x432,1.9419249999999693,,
2025-12-20T12:55:03.649Z,0.893,3,1500,768x432,1.9742479999999887,,
2025-12-20T12:55:04.011Z,0.875,3,1500,768x432,1.9211259999999584,,
2025-12-20T12:55:04.367Z,1.106,3,1500,768x432,1.9627610000000004,,
2025-12-20T12:55:04.692Z,1.256,3,1500,768x432,1.9407390000000078,,
2025-12-20T12:55:05.488Z,1.039,3,1500,768x432,1.9364229999999907,,
2025-12-20T12:55:05.697Z,1.162,3,1500,768x432,1.9289759999999774,,
2025-12-20T12:55:06.416Z,0.978,3,1500,768x432,1.9115810000000124,,
2025-12-20T12:55:06.646Z,1.211,3,1500,768x432,1.9787489999999934,,
2025-12-20T12:55:07.390Z,1.189,3,1500,768x432,1.9432070000000294,,
2025-12-20T12:55:07.643Z,1.341,3,1500,768x432,1.9866499999999974,,
2025-12-20T12:55:08.420Z,1.105,3,1500,768x432,1.909292999999991,,
2025-12-20T12:55:08.658Z,1.26,3,1500,768x432,1.9656779999999685,,
2025-12-20T12:55:09.391Z,1.04,3,1500,768x432,1.9408640000000332,,
2025-12-20T12:55:09.593Z,1.279,3,1500,768x432,1.9384540000000356,,
2025-12-20T12:55:10.327Z,1.248,3,1500,768x432,2.001884000000018,,
2025-12-20T12:55:11.061Z,0.954,3,1500,768x432,1.9783259999999814,,
2025-12-20T12:55:11.289Z,1.19,3,1500,768x432,1.944313999999963,,
2025-12-20T12:55:12.027Z,0.902,3,1500,768x432,2.016824999999983,,
2025-12-20T12:55:12.243Z,1.13,3,1500,768x432,1.99857099999997,,
2025-12-20T12:55:12.966Z,1.086,3,1500,768x432,1.9825069999999982,,
2025-12-20T12:55:13.199Z,1.344,3,1500,768x432,1.9490680000000111,,
2025-12-20T12:55:13.953Z,1.034,3,1500,768x432,1.9825529999999958,,
2025-12-20T12:55:14.215Z,1.268,3,1500,768x432,1.915933999999993,,
2025-12-20T12:55:15.001Z,0.972,3,1500,768x432,1.9316139999999677,,
2025-12-20T12:55:15.187Z,1.203,3,1500,768x432,1.9435260000000198,,
2025-12-20T12:55:15.889Z,1.152,3,1500,768x432,1.9473770000000172,,
2025-12-20T12:55:16.094Z,1.412,3,1500,768x432,1.9484980000000292,,
2025-12-20T12:55:16.758Z,1.098,3,1500,768x432,1.9676059999999893,,
2025-12-20T12:55:17.452Z,1.075,3,1500,768x432,1.9791290000000004,,
2025-12-20T12:55:17.651Z,1.224,3,1500,768x432,1.9753240000000005,,
2025-12-20T12:55:18.367Z,1.009,3,1500,768x432,1.958389000000011,,
2025-12-20T12:55:18.684Z,1.242,3,1500,768x432,1.9400999999999726,,
2025-12-20T12:55:19.412Z,0.948,3,1500,768x432,1.9199750000000222,,
2025-12-20T12:55:19.613Z,1.43,3,1500,768x432,1.9128000000000043,,
2025-12-20T12:55:20.327Z,1.16,3,1500,768x432,2.008397000000002,,
2025-12-20T12:55:21.037Z,0.872,3,1500,768x432,2.009013999999979,,
2025-12-20T12:55:21.266Z,1.132,3,1500,768x432,1.9760779999999727,,
2025-12-20T12:55:22.000Z,1.061,3,1500,768x432,1.9334010000000035,,
2025-12-20T12:55:22.164Z,1.292,3,1500,768x432,1.966290000000015,,
2025-12-20T12:55:22.855Z,1.248,3,1500,768x432,1.9749160000000074,,
2025-12-20T12:55:23.027Z,1.493,3,1500,768x432,2.003446999999994,,
2025-12-20T12:55:23.744Z,1.193,3,1500,768x432,1.9833270000000311,,
2025-12-20T12:55:24.465Z,0.902,3,1500,768x432,1.9646659999999656,,
2025-12-20T12:55:24.683Z,1.37,3,1500,768x432,1.9469159999999874,,
2025-12-20T12:55:25.354Z,1.102,3,1500,768x432,1.9744290000000433,,
2025-12-20T12:55:26.036Z,1.065,3,1500,768x432,2.0136329999999703,,
2025-12-20T12:55:26.198Z,1.331,3,1500,768x432,1.9477409999999509,,
2025-12-20T12:55:26.897Z,1.019,3,1500,768x432,1.9379059999999981,,
2025-12-20T12:55:27.097Z,1.359,3,1500,768x432,1.9355930000000399,,
2025-12-20T12:55:27.788Z,1.211,3,1500,768x432,1.9372330000000488,,
2025-12-20T12:55:28.511Z,0.92,3,1500,768x432,1.9185309999999731,,
2025-12-20T12:55:28.761Z,1.148,3,1500,768x432,1.9629400000000032,,
2025-12-20T12:55:29.497Z,1.032,3,1500,768x432,1.9315440000000308,,
2025-12-20T12:55:29.699Z,1.322,3,1500,768x432,1.9249700000000303,,
2025-12-20T12:55:30.397Z,1.06,3,1500,768x432,1.9316140000000246,,
2025-12-20T12:55:30.603Z,1.288,3,1500,768x432,1.9238080000000082,,
2025-12-20T12:55:31.297Z,1.255,3,1500,768x432,1.9330659999999966,,
2025-12-20T12:55:31.998Z,0.972,3,1500,768x432,1.937297000000001,,
2025-12-20T12:55:32.194Z,1.2,3,1500,768x432,1.9393969999999854,,
2025-12-20T12:55:32.951Z,1.153,3,1500,768x432,1.9919830000000047,,
2025-12-20T12:55:33.197Z,1.222,3,1500,768x432,1.9416420000000016,,
2025-12-20T12:55:33.973Z,1.103,3,1500,768x432,1.9768870000000334,,
2025-12-20T12:55:34.227Z,1.148,3,1500,768x432,2.0177949999999782,,
2025-12-20T12:55:34.948Z,1.048,3,1500,768x432,1.9874410000000466,,
2025-12-20T12:55:35.150Z,1.275,3,1500,768x432,1.9845730000000117,,
2025-12-20T12:55:35.979Z,0.983,3,1500,768x432,1.9539630000000443,,
2025-12-20T12:55:36.223Z,1.218,3,1500,768x432,1.9091740000000073,,
2025-12-20T12:55:36.974Z,0.927,3,1500,768x432,1.964837999999986,,
2025-12-20T12:55:37.209Z,1.159,3,1500,768x432,1.9257109999999784,,
2025-12-20T12:55:37.944Z,1.115,3,1500,768x432,1.9963539999999966,,
2025-12-20T12:55:38.044Z,1.369,3,1500,768x432,2.003091999999981,,
2025-12-20T12:55:38.720Z,1.33,3,1500,768x432,1.9073209999999676,,
2025-12-20T12:55:39.420Z,1.025,3,1500,768x432,1.9056449999999927,,
2025-12-20T12:55:39.662Z,1.212,3,1500,768x432,1.9644830000000297,,
2025-12-20T12:55:40.363Z,1.221,3,1500,768x432,1.9681410000000028,,
2025-12-20T12:55:40.585Z,1.465,3,1500,768x432,1.9423130000000128,,
2025-12-20T12:55:41.318Z,1.174,3,1500,768x432,1.915883000000008,,
2025-12-20T12:55:42.080Z,0.885,3,1500,768x432,1.9631449999999973,,
2025-12-20T12:55:42.433Z,1.117,3,1500,768x432,1.9994769999999562,,
2025-12-20T12:55:42.613Z,1.292,3,1500,768x432,1.9172619999999938,,
2025-12-20T12:55:43.296Z,1.307,3,1500,768x432,1.9324010000000271,,
2025-12-20T12:55:43.927Z,0.999,3,1500,768x432,2.0077100000000314,,
2025-12-20T12:55:44.094Z,1.345,3,1500,768x432,1.937814000000003,,
2025-12-20T12:55:44.780Z,1.195,3,1500,768x432,1.9475689999999872,,
2025-12-20T12:55:45.483Z,0.89,3,1500,768x432,1.9480939999999691,,
2025-12-20T12:55:45.703Z,1.373,3,1500,768x432,1.9221959999999854,,
2025-12-20T12:55:46.403Z,1.09,3,1500,768x432,1.9253930000000423,,
2025-12-20T12:55:46.574Z,1.322,3,1500,768x432,1.951609000000019,,
2025-12-20T12:55:47.430Z,1.026,3,1500,768x432,1.9965100000000007,,
2025-12-20T12:55:47.786Z,1.164,3,1500,768x432,1.9400630000000092,,
2025-12-20T12:55:48.594Z,0.962,3,1500,768x432,1.9353820000000042,,
2025-12-20T12:55:48.879Z,1.083,3,1500,768x432,1.94552699999997,,
2025-12-20T12:55:49.163Z,1.228,3,1500,768x432,1.9634710000000268,,
2025-12-20T12:55:49.951Z,1.132,3,1500,768x432,1.9932289999999853,,
2025-12-20T12:55:50.213Z,1.165,3,1500,768x432,1.9294069999999692,,
2025-12-20T12:55:51.001Z,1.073,3,1500,768x432,1.9265399999999886,,
2025-12-20T12:55:51.267Z,1.306,3,1500,768x432,1.9596220000000244,,
2025-12-20T12:55:51.982Z,1.014,3,1500,768x432,1.9488929999999982,,
2025-12-20T12:55:52.164Z,1.248,3,1500,768x432,1.9673830000000407,,
2025-12-20T12:55:52.881Z,1.21,3,1500,768x432,1.9523640000000455,,
2025-12-20T12:55:53.076Z,1.458,3,1500,768x432,1.962221999999997,,
2025-12-20T12:55:53.885Z,1.147,3,1500,768x432,1.9516910000000394,,
2025-12-20T12:55:54.191Z,1.194,3,1500,768x432,1.952837000000045,,
2025-12-20T12:55:54.942Z,1.086,3,1500,768x432,2.000428999999997,,
2025-12-20T12:55:55.173Z,1.342,3,1500,768x432,1.9759349999999927,,
2025-12-20T12:55:55.920Z,1.037,3,1500,768x432,1.9145470000000273,,
2025-12-20T12:55:56.134Z,1.263,3,1500,768x432,1.9982760000000326,,
2025-12-20T12:55:56.867Z,1.222,3,1500,768x432,1.9648710000000165,,
2025-12-20T12:55:57.080Z,1.312,3,1500,768x432,1.9568859999999972,,
2025-12-20T12:55:57.791Z,1.165,3,1500,768x432,1.9373789999999644,,
2025-12-20T12:55:58.452Z,1.136,3,1500,768x432,1.9796979999999849,,
2025-12-20T12:55:58.635Z,1.373,3,1500,768x432,1.996690000000001,,
2025-12-20T12:55:59.343Z,1.035,3,1500,768x432,1.983865000000037,,
2025-12-20T12:56:00.036Z,1.039,3,1500,768x432,1.9941600000000221,,
2025-12-20T12:56:00.243Z,1.277,3,1500,768x432,1.9823200000000156,,
2025-12-20T12:56:00.942Z,0.97,3,1500,768x432,1.9936680000000138,,
2025-12-20T12:56:01.111Z,1.362,3,1500,768x432,1.9209089999999946,,
2025-12-20T12:56:01.829Z,1.162,3,1500,768x432,2.0021549999999593,,
2025-12-20T12:56:02.529Z,0.869,3,1500,768x432,1.9997529999999983,,
2025-12-20T12:56:02.730Z,1.331,3,1500,768x432,1.9951399999999921,,
2025-12-20T12:56:03.520Z,1.082,3,1500,768x432,1.9140679999999861,,
2025-12-20T12:56:03.784Z,1.314,3,1500,768x432,1.9441209999999955,,
2025-12-20T12:56:04.493Z,1.01,3,1500,768x432,1.932027000000005,,
2025-12-20T12:56:04.688Z,1.228,3,1500,768x432,1.936725000000024,,
2025-12-20T12:56:05.439Z,0.946,3,1500,768x432,1.988225,,
2025-12-20T12:56:05.647Z,1.419,3,1500,768x432,1.979078999999956,,
2025-12-20T12:56:06.336Z,1.158,3,1500,768x432,1.9976750000000152,,
2025-12-20T12:56:07.050Z,0.873,3,1500,768x432,1.9971350000000143,,
2025-12-20T12:56:07.232Z,1.18,3,1500,768x432,2.007310000000018,,
2025-12-20T12:56:07.924Z,1.06,3,1500,768x432,1.9036290000000236,,
2025-12-20T12:56:08.052Z,1.434,3,1500,768x432,1.9764110000000414,,
2025-12-20T12:56:08.712Z,1.256,3,1500,768x432,1.9110999999999763,,
2025-12-20T12:56:09.382Z,0.994,3,1500,768x432,1.9479010000000017,,
2025-12-20T12:56:09.664Z,1.197,3,1500,768x432,1.9601519999999937,,
2025-12-20T12:56:10.376Z,1.171,3,1500,768x432,1.955673000000047,,
2025-12-20T12:56:10.577Z,1.4,3,1500,768x432,1.9524059999999963,,
2025-12-20T12:56:11.216Z,1.359,3,1500,768x432,1.9110130000000254,,
2025-12-20T12:56:11.864Z,1.069,3,1500,768x432,1.961275999999998,,
2025-12-20T12:56:12.029Z,1.464,3,1500,768x432,1.9976159999999936,,
2025-12-20T12:56:12.719Z,1.273,3,1500,768x432,1.9050429999999778,,
2025-12-20T12:56:13.388Z,0.977,3,1500,768x432,1.9396659999999883,,
2025-12-20T12:56:13.608Z,1.47,3,1500,768x432,1.9165550000000167,,
2025-12-20T12:56:14.416Z,1.189,3,1500,768x432,1.916605000000004,,
2025-12-20T12:56:14.617Z,1.419,3,1500,768x432,1.9089099999999917,,
2025-12-20T12:56:15.310Z,1.12,3,1500,768x432,1.9173079999999914,,
2025-12-20T12:56:16.038Z,0.846,3,1500,768x432,2.0147509999999897,,
2025-12-20T12:56:16.220Z,1.344,3,1500,768x432,1.9253019999999879,,
2025-12-20T12:56:16.933Z,1.037,3,1500,768x432,2.0010330000000067,,
2025-12-20T12:56:17.102Z,1.266,3,1500,768x432,1.9343200000000138,,
2025-12-20T12:56:17.742Z,1.227,3,1500,768x432,1.9830469999999991,,
2025-12-20T12:56:18.401Z,1.192,3,1500,768x432,1.9284190000000194,,
2025-12-20T12:56:18.640Z,1.434,3,1500,768x432,1.9865090000000123,,
2025-12-20T12:56:19.401Z,1.031,3,1500,768x432,1.923735000000022,,
2025-12-20T12:56:19.584Z,1.352,3,1500,768x432,1.9403130000000033,,
2025-12-20T12:56:20.267Z,1.339,3,1500,768x432,1.9617000000000075,,
2025-12-20T12:56:20.944Z,1.043,3,1500,768x432,1.984337000000039,,
2025-12-20T12:56:21.123Z,1.271,3,1500,768x432,1.9065160000000105,,
2025-12-20T12:56:21.821Z,1.243,3,1500,768x432,1.910127999999986,,
2025-12-20T12:56:22.511Z,0.949,3,1500,768x432,1.9157410000000255,,
2025-12-20T12:56:22.678Z,1.179,3,1500,768x432,1.9459419999999454,,
2025-12-20T12:56:23.371Z,1.157,3,1500,768x432,1.9607760000000098,,
2025-12-20T12:56:23.553Z,1.37,3,1500,768x432,1.9759879999999725,,
2025-12-20T12:56:24.274Z,1.087,3,1500,768x432,1.95307600000001,,
2025-12-20T12:56:24.950Z,1.055,3,1500,768x432,1.9904490000000123,,
2025-12-20T12:56:25.159Z,1.316,3,1500,768x432,1.9878219999999942,,
2025-12-20T12:56:25.948Z,1.007,3,1500,768x432,1.9912270000000376,,
2025-12-20T12:56:26.124Z,1.35,3,1500,768x432,1.9111179999999877,,
2025-12-20T12:56:26.846Z,1.192,3,1500,768x432,1.9870910000000208,,
2025-12-20T12:56:27.560Z,0.904,3,1500,768x432,1.977593000000013,,
2025-12-20T12:56:27.792Z,1.13,3,1500,768x432,1.9347720000000095,,
2025-12-20T12:56:28.513Z,1.105,3,1500,768x432,1.9123930000000087,,
2025-12-20T12:56:28.638Z,1.29,3,1500,768x432,1.989582999999982,,
2025-12-20T12:56:29.305Z,1.312,3,1500,768x432,1.9285619999999994,,
2025-12-20T12:56:29.995Z,1.012,3,1500,768x432,1.9361749999999915,,
2025-12-20T12:56:30.193Z,1.246,3,1500,768x432,1.9370030000000042,,
2025-12-20T12:56:30.907Z,1.201,3,1500,768x432,1.9300589999999715,,
2025-12-20T12:56:31.139Z,1.264,3,1500,768x432,1.9935709999999744,,
2025-12-20T12:56:31.891Z,1.15,3,1500,768x432,1.948127999999997,,
2025-12-20T12:56:32.134Z,1.402,3,1500,768x432,2.0047589999999786,,
2025-12-20T12:56:32.852Z,1.086,3,1500,768x432,1.982469999999978,,
2025-12-20T12:56:33.572Z,0.789,3,1500,768x432,1.9552340000000186,,
2025-12-20T12:56:33.786Z,1.241,3,1500,768x432,1.9403659999999832,,
2025-12-20T12:56:34.500Z,0.995,3,1500,768x432,1.9263430000000312,,
2025-12-20T12:56:34.718Z,1.166,3,1500,768x432,1.9112970000000473,,
2025-12-20T12:56:35.520Z,0.933,3,1500,768x432,1.9100210000000288,,
2025-12-20T12:56:35.738Z,1.159,3,1500,768x432,1.9854760000000056,,
2025-12-20T12:56:36.497Z,0.864,3,1500,768x432,1.9264929999999936,,
2025-12-20T12:56:36.741Z,1.317,3,1500,768x432,1.9823620000000233,,
2025-12-20T12:56:37.479Z,1.074,3,1500,768x432,1.953852999999981,,
2025-12-20T12:56:37.716Z,1.226,3,1500,768x432,1.914748999999972,,
2025-12-20T12:56:38.521Z,1.006,3,1500,768x432,1.9075710000000186,,
2025-12-20T12:56:38.792Z,1.127,3,1500,768x432,1.9390209999999684,,
2025-12-20T12:56:39.557Z,0.897,3,1500,768x432,1.9765669999999886,,
2025-12-20T12:56:39.827Z,1.043,3,1500,768x432,2.002962000000025,,
2025-12-20T12:56:40.708Z,0.878,3,1500,768x432,1.9187330000000316,,
2025-12-20T12:56:40.982Z,0.955,3,1500,768x432,1.9604130000000168,,
2025-12-20T12:56:41.238Z,1.364,3,1500,768x432,1.997912000000042,,
2025-12-20T12:56:42.023Z,1.056,3,1500,768x432,1.9018230000000358,,
2025-12-20T12:56:42.272Z,1.288,3,1500,768x432,1.9526650000000245,,
2025-12-20T12:56:43.037Z,0.984,3,1500,768x432,1.9993799999999737,,
2025-12-20T12:56:43.284Z,1.218,3,1500,768x432,1.9486499999999864,,
2025-12-20T12:56:44.029Z,0.925,3,1500,768x432,2.0090640000000235,,
2025-12-20T12:56:44.233Z,1.153,3,1500,768x432,2.0016009999999937,,
2025-12-20T12:56:44.761Z,1.12,3,1500,768x432,1.9759710000000155,,
2025-12-20T12:56:44.826Z,1.595,2,1000,640x360,1.9151319999999714,,
2025-12-20T12:56:45.140Z,1.709,2,1000,640x360,1.9997690000000148,,
2025-12-20T12:56:45.218Z,1.728,3,1500,768x432,1.9203689999999938,,
2025-12-20T12:56:45.997Z,1.054,3,1500,768x432,1.934223999999972,,
2025-12-20T12:56:46.259Z,1.287,3,1500,768x432,1.968168999999989,,
2025-12-20T12:56:47.003Z,1.003,3,1500,768x432,1.934628000000032,,
2025-12-20T12:56:47.241Z,1.233,3,1500,768x432,1.9907109999999761,,
2025-12-20T12:56:47.983Z,0.942,3,1500,768x432,1.9539839999999913,,
2025-12-20T12:56:48.224Z,1.17,3,1500,768x432,1.9125339999999937,,
2025-12-20T12:56:48.971Z,1.123,3,1500,768x432,1.9751079999999774,,
2025-12-20T12:56:49.220Z,1.388,3,1500,768x432,1.9224729999999681,,
2025-12-20T12:56:49.975Z,1.07,3,1500,768x432,1.951155999999969,,
2025-12-20T12:56:50.198Z,1.303,3,1500,768x432,1.931100000000015,,
2025-12-20T12:56:50.941Z,1.015,3,1500,768x432,1.991704000000027,,
2025-12-20T12:56:51.187Z,1.246,3,1500,768x432,1.9418919999999957,,
2025-12-20T12:56:51.935Z,0.955,3,1500,768x432,2.001605999999981,,
2025-12-20T12:56:52.172Z,1.433,3,1500,768x432,1.9628169999999727,,
2025-12-20T12:56:52.909Z,1.133,3,1500,768x432,1.9288330000000542,,
2025-12-20T12:56:53.151Z,1.386,3,1500,768x432,1.9941270000000486,,
2025-12-20T12:56:53.881Z,1.074,3,1500,768x432,1.948319999999967,,
2025-12-20T12:56:54.070Z,1.305,3,1500,768x432,1.9590610000000197,,
2025-12-20T12:56:54.803Z,1.269,3,1500,768x432,1.9262539999999717,,
2025-12-20T12:56:55.446Z,0.979,3,1500,768x432,1.9835049999999796,,
2025-12-20T12:56:55.619Z,1.411,3,1500,768x432,1.9096610000000283,,
2025-12-20T12:56:56.443Z,0.921,3,1500,768x432,1.9861839999999802,,
2025-12-20T12:56:56.643Z,1.357,3,1500,768x432,1.983947999999998,,
2025-12-20T12:56:57.345Z,1.121,3,1500,768x432,1.9838139999999953,,
2025-12-20T12:56:58.077Z,0.82,3,1500,768x432,1.9525949999999739,,
2025-12-20T12:56:58.303Z,1.053,3,1500,768x432,1.9247480000000223,,
2025-12-20T12:56:59.035Z,1.03,3,1500,768x432,1.9976400000000467,,
2025-12-20T12:56:59.258Z,1.261,3,1500,768x432,1.9689450000000193,,
2025-12-20T12:56:59.990Z,0.969,3,1500,768x432,1.9437899999999786,,
2025-12-20T12:57:00.235Z,1.204,3,1500,768x432,1.9960060000000226,,
2025-12-20T12:57:00.969Z,0.916,3,1500,768x432,1.977452000000028,,
2025-12-20T12:57:01.143Z,1.402,3,1500,768x432,1.994529,,
2025-12-20T12:57:01.874Z,1.098,3,1500,768x432,1.9620700000000397,,
2025-12-20T12:57:02.096Z,1.351,3,1500,768x432,1.947402000000011,,
2025-12-20T12:57:02.779Z,1.303,3,1500,768x432,1.9476190000000315,,
2025-12-20T12:57:03.442Z,1.008,3,1500,768x432,1.9872629999999845,,
2025-12-20T12:57:03.637Z,1.241,3,1500,768x432,1.9867379999999457,,
2025-12-20T12:57:04.288Z,1.203,3,1500,768x432,1.9390819999999849,,
2025-12-20T12:57:04.963Z,0.93,3,1500,768x432,1.9812750000000392,,
2025-12-20T12:57:05.147Z,1.409,3,1500,768x432,1.9923539999999775,,
2025-12-20T12:57:05.806Z,1.118,3,1500,768x432,1.9214559999999778,,
2025-12-20T12:57:06.492Z,1.094,3,1500,768x432,1.9424860000000308,,
2025-12-20T12:57:06.668Z,1.328,3,1500,768x432,1.959120999999982,,
2025-12-20T12:57:07.464Z,1.025,3,1500,768x432,1.96100899999999,,
2025-12-20T12:57:07.682Z,1.255,3,1500,768x432,1.9478320000000053,,
2025-12-20T12:57:08.393Z,1.222,3,1500,768x432,1.9336410000000228,,
2025-12-20T12:57:08.591Z,1.366,3,1500,768x432,1.9340290000000095,,
2025-12-20T12:57:09.298Z,1.164,3,1500,768x432,1.9339429999999993,,
2025-12-20T12:57:10.025Z,0.889,3,1500,768x432,2.018685000000005,,
2025-12-20T12:57:10.213Z,1.35,3,1500,768x432,1.9302430000000186,,
2025-12-20T12:57:10.925Z,1.072,3,1500,768x432,2.0000420000000076,,
2025-12-20T12:57:11.146Z,1.306,3,1500,768x432,1.9810100000000261,,
2025-12-20T12:57:11.851Z,1.013,3,1500,768x432,1.9804740000000152,,
2025-12-20T12:57:12.495Z,0.98,3,1500,768x432,1.931871000000001,,
2025-12-20T12:57:12.662Z,1.211,3,1500,768x432,1.965092000000027,,
2025-12-20T12:57:13.370Z,1.178,3,1500,768x432,1.9558480000000031,,
2025-12-20T12:57:13.541Z,1.417,3,1500,768x432,1.9868420000000242,,
2025-12-20T12:57:14.311Z,1.13,3,1500,768x432,1.9244029999999839,,
2025-12-20T12:57:15.078Z,0.819,3,1500,768x432,1.9498780000000124,,
2025-12-20T12:57:15.324Z,1.054,3,1500,768x432,1.9051299999999856,,
2025-12-20T12:57:16.089Z,1.018,3,1500,768x432,1.938621000000012,,
2025-12-20T12:57:16.341Z,1.199,3,1500,768x432,1.9852240000000165,,
2025-12-20T12:57:17.073Z,0.972,3,1500,768x432,1.963604000000032,,
2025-12-20T12:57:17.345Z,1.108,3,1500,768x432,1.9904659999999694,,
2025-12-20T12:57:18.055Z,0.914,3,1500,768x432,1.9891870000000154,,
2025-12-20T12:57:18.246Z,1.141,3,1500,768x432,1.9908100000000104,,
2025-12-20T12:57:18.978Z,1.098,3,1500,768x432,1.968985000000032,,
2025-12-20T12:57:19.265Z,1.327,3,1500,768x432,1.9758370000000127,,
2025-12-20T12:57:20.033Z,1.286,3,1500,768x432,2.0722319999999854,,
2025-12-20T12:57:20.284Z,1.511,3,1500,768x432,1.9927299999999946,,
2025-12-20T12:57:20.534Z,1.743,3,1500,768x432,2.0285149999999703,,
2025-12-20T12:57:20.776Z,1.988,3,1500,768x432,1.9714440000000195,,
2025-12-20T12:57:21.525Z,1.723,3,1500,768x432,2.0073129999999537,,
2025-12-20T12:57:21.778Z,1.967,3,1500,768x432,1.95326799999998,,
2025-12-20T12:57:22.536Z,1.711,3,1500,768x432,1.9980040000000372,,
2025-12-20T12:57:22.787Z,1.957,3,1500,768x432,1.9403649999999857,,
2025-12-20T12:57:23.551Z,1.697,3,1500,768x432,1.985621999999978,,
2025-12-20T12:57:23.804Z,1.933,3,1500,768x432,1.928765999999996,,
2025-12-20T12:57:24.133Z,2.127,3,1500,768x432,1.9999909999999659,,
2025-12-20T12:57:24.881Z,1.865,3,1500,768x432,1.9507360000000062,,
2025-12-20T12:57:25.126Z,2.125,3,1500,768x432,2.0043039999999905,,
2025-12-20T12:57:25.871Z,1.877,3,1500,768x432,1.9688490000000343,,
2025-12-20T12:57:26.122Z,2.139,3,1500,768x432,1.9093389999999886,,
2025-12-20T12:57:26.868Z,1.879,3,1500,768x432,1.96638200000001,,
2025-12-20T12:57:27.112Z,2.148,3,1500,768x432,1.9259050000000002,,
2025-12-20T12:57:27.845Z,1.895,3,1500,768x432,1.9876140000000078,,
2025-12-20T12:57:28.118Z,2.143,3,1500,768x432,1.9068859999999859,,
2025-12-20T12:57:28.857Z,1.885,3,1500,768x432,1.9795720000000188,,
2025-12-20T12:57:29.112Z,2.153,3,1500,768x432,1.919052000000022,,
2025-12-20T12:57:29.813Z,1.926,3,1500,768x432,1.9145980000000122,,
2025-12-20T12:57:30.111Z,2.146,3,1500,768x432,1.917759999999987,,
2025-12-20T12:57:30.815Z,1.922,3,1500,768x432,1.9134349999999927,,
2025-12-20T12:57:31.121Z,2.144,3,1500,768x432,1.92158900000004,,
2025-12-20T12:57:33.118Z,0.147,3,1500,768x432,1.9116770000000542,,rebuffer happen
2025-12-20T12:57:33.244Z,0.02,3,1500,768x432,1.9867900000000418,,rebuffer happen
2025-12-20T12:57:49.646Z,0,3,1500,768x432,18.033166999999935,,rebuffer happen
2025-12-20T12:57:49.758Z,0,3,1500,768x432,18.137166999999977,,
2025-12-20T12:57:51.015Z,0,3,1500,768x432,19.333167000000003,,
2025-12-20T12:57:51.238Z,0.707,3,1500,768x432,3.685297999999989,,
2025-12-20T12:57:51.456Z,0.857,3,1500,768x432,3.5592289999999593,,
2025-12-20T12:57:51.711Z,1.015,3,1500,768x432,3.372977999999989,,
2025-12-20T12:57:52.185Z,0.799,3,1500,768x432,3.182916999999975,,
2025-12-20T12:57:52.677Z,0.587,3,1500,768x432,2.9450100000000248,,
2025-12-20T12:57:53.135Z,0.432,3,1500,768x432,2.8189700000000357,,
2025-12-20T12:57:53.464Z,0.299,3,1500,768x432,2.630080000000021,,rebuffer happen
2025-12-20T12:57:53.625Z,0.238,3,1500,768x432,2.593065000000024,,
2025-12-20T12:57:54.104Z,0.257,3,1500,768x432,2.5247980000000325,,
2025-12-20T12:57:54.593Z,0.269,3,1500,768x432,2.5332270000000108,,
2025-12-20T12:57:54.946Z,0.3,3,1500,768x432,2.5997810000000072,,rebuffer happen
2025-12-20T12:57:54.991Z,0.292,3,1500,768x432,2.558815000000095,,rebuffer happen
2025-12-20T12:57:55.085Z,0.279,3,1500,768x432,2.51997700000004,,
2025-12-20T12:57:55.584Z,0.251,3,1500,768x432,2.516328000000044,,
2025-12-20T12:57:56.066Z,0.246,3,1500,768x432,2.534106999999949,,
2025-12-20T12:57:56.670Z,0.174,3,1500,768x432,2.5289340000000493,,
2025-12-20T12:57:56.797Z,0.04,3,1500,768x432,2.5142700000000104,,rebuffer happen
2025-12-20T12:57:57.231Z,0.028,3,1500,768x432,2.62997699999994,,rebuffer happen
2025-12-20T12:57:57.280Z,0.024,3,1500,768x432,2.5925949999999602,,rebuffer happen
2025-12-20T12:57:57.314Z,0.027,3,1500,768x432,2.5618429999999535,,rebuffer happen
2025-12-20T12:57:57.364Z,0.026,3,1500,768x432,2.6243460000000596,,rebuffer happen
2025-12-20T12:57:57.365Z,0.026,3,1500,768x432,2.6243460000000596,,
2025-12-20T12:57:57.414Z,0.016,3,1500,768x432,2.5816050000000814,,rebuffer happen
2025-12-20T12:57:57.964Z,0.025,3,1500,768x432,2.795150999999919,,rebuffer happen
2025-12-20T12:57:57.997Z,0.029,3,1500,768x432,2.766130999999973,,rebuffer happen
2025-12-20T12:57:58.048Z,0.032,3,1500,768x432,2.8300709999999754,,rebuffer happen
2025-12-20T12:57:58.068Z,0.032,3,1500,768x432,2.8300709999999754,,
2025-12-20T12:57:58.114Z,0.025,3,1500,768x432,2.7895919999999705,,rebuffer happen
2025-12-20T12:57:58.548Z,0.032,3,1500,768x432,3.0045969999999897,,rebuffer happen
2025-12-20T12:57:58.631Z,0.026,3,1500,768x432,3.0303369999999177,,rebuffer happen
2025-12-20T12:57:58.715Z,0.02,3,1500,768x432,2.9582940000000235,,rebuffer happen
2025-12-20T12:57:58.748Z,0.025,3,1500,768x432,3.028179000000023,,rebuffer happen
2025-12-20T12:57:58.769Z,0.025,3,1500,768x432,3.028179000000023,,
2025-12-20T12:57:58.815Z,0.018,3,1500,768x432,2.987794000000008,,rebuffer happen
2025-12-20T12:57:59.249Z,0.03,3,1500,768x432,3.200223000000051,,rebuffer happen
2025-12-20T12:57:59.332Z,0.025,3,1500,768x432,3.2304570000000012,,rebuffer happen
2025-12-20T12:57:59.415Z,0.02,3,1500,768x432,3.1589289999999437,,rebuffer happen
2025-12-20T12:57:59.449Z,0.028,3,1500,768x432,3.2333509999999706,,rebuffer happen
2025-12-20T12:57:59.483Z,0.028,3,1500,768x432,3.2333509999999706,,
2025-12-20T12:57:59.532Z,0.018,3,1500,768x432,3.286004000000048,,rebuffer happen
2025-12-20T12:58:00.033Z,0.024,3,1500,768x432,3.4281519999999546,,rebuffer happen
2025-12-20T12:58:00.116Z,0.018,3,1500,768x432,3.3554339999999456,,rebuffer happen
2025-12-20T12:58:00.166Z,0.026,3,1500,768x432,3.4329660000000786,,rebuffer happen
2025-12-20T12:58:00.179Z,0.026,3,1500,768x432,3.4329660000000786,,
2025-12-20T12:58:00.216Z,0.025,3,1500,768x432,3.3988430000000562,,rebuffer happen
2025-12-20T12:58:00.766Z,0.026,3,1500,768x432,3.5948229999999057,,rebuffer happen
2025-12-20T12:58:00.850Z,0.022,3,1500,768x432,3.6287280000000237,,rebuffer happen
2025-12-20T12:58:00.865Z,0.022,3,1500,768x432,3.6287280000000237,,
2025-12-20T12:58:00.900Z,0.024,3,1500,768x432,3.5978390000000218,,rebuffer happen
2025-12-20T12:58:01.450Z,0.025,3,1500,768x432,3.799705000000017,,rebuffer happen
2025-12-20T12:58:01.534Z,0.021,3,1500,768x432,3.824290000000019,,rebuffer happen
2025-12-20T12:58:01.550Z,0.021,3,1500,768x432,3.824290000000019,,
2025-12-20T12:58:01.584Z,0.025,3,1500,768x432,3.7948639999999614,,rebuffer happen
2025-12-20T12:58:02.134Z,0.03,3,1500,768x432,3.9942949999999655,,rebuffer happen
2025-12-20T12:58:02.184Z,0.028,3,1500,768x432,3.959300999999982,,rebuffer happen
2025-12-20T12:58:02.229Z,0.061,3,1500,768x432,4.021675000000073,,
2025-12-20T12:58:02.268Z,0.023,3,1500,768x432,3.9871689999999944,,rebuffer happen
2025-12-20T12:58:02.785Z,0.028,3,1500,768x432,4.12648200000001,,rebuffer happen
2025-12-20T12:58:02.885Z,0.025,3,1500,768x432,4.160437000000002,,rebuffer happen
2025-12-20T12:58:02.934Z,0.059,3,1500,768x432,4.218436999999994,,
2025-12-20T12:58:02.935Z,0.053,3,1500,768x432,4.21738199999993,,rebuffer happen
2025-12-20T12:58:02.968Z,0.024,3,1500,768x432,4.18810899999994,,rebuffer happen
2025-12-20T12:58:03.419Z,0.026,3,1500,768x432,4.291223000000059,,rebuffer happen
2025-12-20T12:58:03.485Z,0.031,3,1500,768x432,4.339349000000084,,rebuffer happen
2025-12-20T12:58:03.569Z,0.024,3,1500,768x432,4.3580160000000205,,rebuffer happen
2025-12-20T12:58:03.602Z,0.03,3,1500,768x432,4.330653000000098,,rebuffer happen
2025-12-20T12:58:03.622Z,0.03,3,1500,768x432,4.330653000000098,,
2025-12-20T12:58:03.669Z,0.022,3,1500,768x432,4.386792000000014,,rebuffer happen
2025-12-20T12:58:03.819Z,0.017,3,1500,768x432,4.459314000000063,,rebuffer happen
2025-12-20T12:58:04.169Z,0.03,3,1500,768x432,4.531782000000021,,rebuffer happen
2025-12-20T12:58:04.253Z,0.028,3,1500,768x432,4.57333600000004,,rebuffer happen
2025-12-20T12:58:04.302Z,0.062,3,1500,768x432,4.53569200000004,,
2025-12-20T12:58:04.303Z,0.057,3,1500,768x432,4.53569200000004,,rebuffer happen
2025-12-20T12:58:04.336Z,0.028,3,1500,768x432,4.5983380000000125,,rebuffer happen
2025-12-20T12:58:04.837Z,0.018,3,1500,768x432,4.7556299999999965,,rebuffer happen
2025-12-20T12:58:04.937Z,0.027,3,1500,768x432,4.7586370000000215,,rebuffer happen
2025-12-20T12:58:04.987Z,0.022,3,1500,768x432,4.71995800000002,,rebuffer happen
2025-12-20T12:58:04.996Z,0.022,3,1500,768x432,4.71995800000002,,
2025-12-20T12:58:05.037Z,0.02,3,1500,768x432,4.7892590000000155,,rebuffer happen
2025-12-20T12:58:05.220Z,0.017,3,1500,768x432,4.852508000000057,,rebuffer happen
2025-12-20T12:58:05.387Z,0.023,3,1500,768x432,4.889504999999986,,rebuffer happen
2025-12-20T12:58:05.571Z,0.028,3,1500,768x432,4.934369000000061,,rebuffer happen
2025-12-20T12:58:05.654Z,0.025,3,1500,768x432,4.9594039999999495,,rebuffer happen
2025-12-20T12:58:05.696Z,0.059,3,1500,768x432,4.93018799999993,,
2025-12-20T12:58:05.737Z,0.026,3,1500,768x432,4.993037999999956,,rebuffer happen
2025-12-20T12:58:06.321Z,0.026,3,1500,768x432,5.058618000000024,,rebuffer happen
2025-12-20T12:58:06.354Z,0.06,3,1500,768x432,5.144622000000027,,
2025-12-20T12:58:06.405Z,0.024,3,1500,768x432,5.095465999999988,,rebuffer happen
2025-12-20T12:58:06.588Z,0.016,3,1500,768x432,5.259221000000025,,rebuffer happen
2025-12-20T12:58:07.022Z,0.02,3,1500,768x432,5.258529000000067,,rebuffer happen
2025-12-20T12:58:07.055Z,0.029,3,1500,768x432,5.328428999999915,,rebuffer happen
2025-12-20T12:58:07.069Z,0.029,3,1500,768x432,5.328428999999915,,
2025-12-20T12:58:07.105Z,0.028,3,1500,768x432,5.294992999999977,,rebuffer happen
2025-12-20T12:58:07.288Z,0.09,3,1500,768x432,5.454610000000002,,rebuffer happen
2025-12-20T12:58:07.706Z,0.022,3,1500,768x432,5.464657999999986,,rebuffer happen
2025-12-20T12:58:07.739Z,0.029,3,1500,768x432,5.5310799999999745,,rebuffer happen
2025-12-20T12:58:07.752Z,0.029,3,1500,768x432,5.5310799999999745,,
2025-12-20T12:58:07.789Z,0.03,3,1500,768x432,5.4983199999999215,,rebuffer happen
2025-12-20T12:58:07.972Z,0.023,3,1500,768x432,5.655868000000055,,rebuffer happen
2025-12-20T12:58:08.440Z,0.024,3,1500,768x432,5.724970999999982,,rebuffer happen
2025-12-20T12:58:08.443Z,0.024,3,1500,768x432,5.724970999999982,,
2025-12-20T12:58:08.489Z,0.016,3,1500,768x432,5.683765999999991,,rebuffer happen
2025-12-20T12:58:08.656Z,0.018,3,1500,768x432,5.854697999999985,,rebuffer happen
2025-12-20T12:58:09.040Z,0.029,3,1500,768x432,5.898595999999998,,rebuffer happen
2025-12-20T12:58:09.115Z,0.057,3,1500,768x432,5.832357000000002,,
2025-12-20T12:58:09.157Z,0.025,3,1500,768x432,5.896825999999919,,rebuffer happen
2025-12-20T12:58:09.340Z,0.015,3,1500,768x432,6.046528999999964,,rebuffer happen
2025-12-20T12:58:09.808Z,0.025,3,1500,768x432,6.031757999999968,,rebuffer happen
2025-12-20T12:58:09.808Z,0.025,3,1500,768x432,6.031757999999968,,
2025-12-20T12:58:09.857Z,0.015,3,1500,768x432,6.079676999999947,,rebuffer happen
2025-12-20T12:58:10.341Z,0.023,3,1500,768x432,6.268628999999919,,rebuffer happen
2025-12-20T12:58:10.374Z,0.029,3,1500,768x432,6.240478999999937,,rebuffer happen
2025-12-20T12:58:10.424Z,0.026,3,1500,768x432,6.290034999999989,,rebuffer happen
2025-12-20T12:58:10.479Z,0.075,3,1500,768x432,6.244188000000008,,
2025-12-20T12:58:10.541Z,0.024,3,1500,768x432,6.288251999999943,,rebuffer happen
2025-12-20T12:58:10.708Z,0.03,3,1500,768x432,6.361155000000053,,rebuffer happen
2025-12-20T12:58:11.156Z,0.097,3,1500,768x432,6.463094999999953,,
2025-12-20T12:58:11.225Z,0.019,3,1500,768x432,6.484390000000076,,rebuffer happen
2025-12-20T12:58:11.642Z,0.027,3,1500,768x432,6.629729999999995,,rebuffer happen
2025-12-20T12:58:11.692Z,0.022,3,1500,768x432,6.591950999999995,,rebuffer happen
2025-12-20T12:58:11.792Z,0.032,3,1500,768x432,6.600640999999996,,rebuffer happen
2025-12-20T12:58:11.867Z,0.08,3,1500,768x432,6.651382000000012,,
2025-12-20T12:58:11.926Z,0.021,3,1500,768x432,6.686980999999946,,rebuffer happen
2025-12-20T12:58:12.393Z,0.024,3,1500,768x432,6.790719999999965,,rebuffer happen
2025-12-20T12:58:12.426Z,0.029,3,1500,768x432,6.86235099999999,,rebuffer happen
2025-12-20T12:58:12.556Z,0.082,3,1500,768x432,6.84704899999997,,
2025-12-20T12:58:12.610Z,0.028,3,1500,768x432,6.793706999999927,,rebuffer happen
2025-12-20T12:58:13.060Z,0.058,3,1500,768x432,7.0226880000000165,,rebuffer happen
2025-12-20T12:58:13.093Z,0.028,3,1500,768x432,6.992763999999966,,rebuffer happen
2025-12-20T12:58:13.278Z,0.078,3,1500,768x432,7.036768000000052,,
2025-12-20T12:58:13.327Z,0.018,3,1500,768x432,7.083921000000032,,rebuffer happen
2025-12-20T12:58:13.778Z,0.017,3,1500,768x432,7.217844000000014,,rebuffer happen
2025-12-20T12:58:13.811Z,0.022,3,1500,768x432,7.1899740000000065,,rebuffer happen
2025-12-20T12:58:13.861Z,0.023,3,1500,768x432,7.254240999999979,,rebuffer happen
2025-12-20T12:58:13.996Z,0.077,3,1500,768x432,7.237931000000003,,
2025-12-20T12:58:14.044Z,0.02,3,1500,768x432,7.287548000000015,,rebuffer happen
2025-12-20T12:58:14.462Z,0.024,3,1500,768x432,7.461263999999915,,rebuffer happen
2025-12-20T12:58:14.494Z,0.029,3,1500,768x432,7.432953999999995,,rebuffer happen
2025-12-20T12:58:14.545Z,0.025,3,1500,768x432,7.489980999999943,,rebuffer happen
2025-12-20T12:58:14.628Z,0.019,3,1500,768x432,7.520924000000036,,rebuffer happen
2025-12-20T12:58:14.695Z,0.027,3,1500,768x432,7.4626440000000684,,rebuffer happen
2025-12-20T12:58:14.731Z,0.061,3,1500,768x432,7.531652000000008,,
2025-12-20T12:58:14.778Z,0.023,3,1500,768x432,7.489381999999978,,rebuffer happen
2025-12-20T12:58:14.978Z,0.085,3,1500,768x432,7.651637000000051,,rebuffer happen
2025-12-20T12:58:15.145Z,0.023,3,1500,768x432,7.691188000000011,,rebuffer happen
2025-12-20T12:58:15.295Z,0.028,3,1500,768x432,7.670892999999978,,rebuffer happen
2025-12-20T12:58:15.444Z,0.06,3,1500,768x432,7.728594000000044,,
2025-12-20T12:58:15.478Z,0.026,3,1500,768x432,7.694210999999996,,rebuffer happen
2025-12-20T12:58:16.046Z,0.029,3,1500,768x432,7.927910999999995,,rebuffer happen
2025-12-20T12:58:16.161Z,0.069,3,1500,768x432,7.923526000000038,,
2025-12-20T12:58:16.196Z,0.024,3,1500,768x432,7.888648999999987,,rebuffer happen
2025-12-20T12:58:16.396Z,0.027,3,1500,768x432,8.063448999999991,,rebuffer happen
2025-12-20T12:58:16.680Z,0.025,3,1500,768x432,8.09490500000004,,rebuffer happen
2025-12-20T12:58:16.830Z,0.028,3,1500,768x432,8.163967999999954,,rebuffer happen
2025-12-20T12:58:16.871Z,0.061,3,1500,768x432,8.133498999999915,,
2025-12-20T12:58:16.913Z,0.027,3,1500,768x432,8.096031999999923,,rebuffer happen
2025-12-20T12:58:17.114Z,0.022,3,1500,768x432,8.257588000000055,,rebuffer happen
2025-12-20T12:58:17.180Z,0.063,3,1500,768x432,8.300337000000013,,rebuffer happen
2025-12-20T12:58:17.548Z,0.07,3,1500,768x432,8.354866000000015,,
2025-12-20T12:58:17.614Z,0.024,3,1500,768x432,8.289680999999973,,rebuffer happen
2025-12-20T12:58:18.014Z,0.031,3,1500,768x432,8.462744999999927,,rebuffer happen
2025-12-20T12:58:18.097Z,0.024,3,1500,768x432,8.495370999999977,,rebuffer happen
2025-12-20T12:58:18.131Z,0.029,3,1500,768x432,8.563085000000001,,rebuffer happen
2025-12-20T12:58:18.273Z,0.084,3,1500,768x432,8.548505999999975,,
2025-12-20T12:58:18.331Z,0.021,3,1500,768x432,8.58724200000006,,rebuffer happen
2025-12-20T12:58:18.664Z,0.033,3,1500,768x432,8.734442000000058,,rebuffer happen
2025-12-20T12:58:18.975Z,0.099,3,1500,768x432,8.754734999999982,,
2025-12-20T12:58:19.048Z,0.017,3,1500,768x432,8.788890999999921,,rebuffer happen
2025-12-20T12:58:19.482Z,0.017,3,1500,768x432,8.915274999999951,,rebuffer happen
2025-12-20T12:58:19.515Z,0.025,3,1500,768x432,8.889008999999987,,rebuffer happen
2025-12-20T12:58:19.565Z,0.026,3,1500,768x432,8.962136999999984,,rebuffer happen
2025-12-20T12:58:19.704Z,0.081,3,1500,768x432,8.94455400000004,,
2025-12-20T12:58:19.749Z,0.03,3,1500,768x432,9.001980000000003,,rebuffer happen
2025-12-20T12:58:20.316Z,0.018,3,1500,768x432,9.115534000000025,,rebuffer happen
2025-12-20T12:58:20.383Z,0.026,3,1500,768x432,9.159408999999982,,rebuffer happen
2025-12-20T12:58:20.405Z,0.06,3,1500,768x432,9.141974000000005,,
2025-12-20T12:58:20.466Z,0.018,3,1500,768x432,9.190597000000025,,rebuffer happen
2025-12-20T12:58:20.649Z,0.017,3,1500,768x432,9.356481999999914,,rebuffer happen
2025-12-20T12:58:20.716Z,0.029,3,1500,768x432,9.301044999999931,,rebuffer happen
2025-12-20T12:58:20.866Z,0.024,3,1500,768x432,9.356448999999998,,rebuffer happen
2025-12-20T12:58:20.950Z,0.022,3,1500,768x432,9.395628999999985,,rebuffer happen
2025-12-20T12:58:21.000Z,0.017,3,1500,768x432,9.357284999999933,,rebuffer happen
2025-12-20T12:58:21.066Z,0.025,3,1500,768x432,9.389202999999952,,rebuffer happen
2025-12-20T12:58:21.142Z,0.055,3,1500,768x432,9.429919999999925,,
2025-12-20T12:58:21.183Z,0.02,3,1500,768x432,9.391239999999925,,rebuffer happen
2025-12-20T12:58:21.533Z,0.029,3,1500,768x432,9.628056000000015,,rebuffer happen
2025-12-20T12:58:21.800Z,0.029,3,1500,768x432,9.595037000000048,,rebuffer happen
2025-12-20T12:58:21.877Z,0.057,3,1500,768x432,9.634399999999914,,
2025-12-20T12:58:21.917Z,0.022,3,1500,768x432,9.595040999999924,,rebuffer happen
2025-12-20T12:58:22.117Z,0.025,3,1500,768x432,9.766354999999976,,rebuffer happen
2025-12-20T12:58:22.401Z,0.064,3,1500,768x432,9.795928000000004,,rebuffer happen
2025-12-20T12:58:22.484Z,0.022,3,1500,768x432,9.820920000000001,,rebuffer happen
2025-12-20T12:58:22.518Z,0.029,3,1500,768x432,9.794288999999935,,rebuffer happen
2025-12-20T12:58:22.597Z,0.077,3,1500,768x432,9.843345999999997,,
2025-12-20T12:58:22.651Z,0.017,3,1500,768x432,9.881602000000044,,rebuffer happen
2025-12-20T12:58:22.835Z,0.022,3,1500,768x432,10.061053000000015,,rebuffer happen
2025-12-20T12:58:23.168Z,0.031,3,1500,768x432,10.062275999999997,,rebuffer happen
2025-12-20T12:58:23.311Z,0.067,3,1500,768x432,10.045447000000081,,
2025-12-20T12:58:23.352Z,0.033,3,1500,768x432,10.099017000000003,,rebuffer happen
2025-12-20T12:58:23.836Z,0.029,3,1500,768x432,10.294785000000047,,rebuffer happen
2025-12-20T12:58:24.026Z,0.059,3,1500,768x432,10.32770800000003,,
2025-12-20T12:58:24.069Z,0.022,3,1500,768x432,10.287382999999977,,rebuffer happen
2025-12-20T12:58:24.269Z,0.018,3,1500,768x432,10.452025999999933,,rebuffer happen
2025-12-20T12:58:24.336Z,0.059,3,1500,768x432,10.501059000000055,,rebuffer happen
2025-12-20T12:58:24.703Z,0.075,3,1500,768x432,10.431430999999975,,
2025-12-20T12:58:24.753Z,0.017,3,1500,768x432,10.481398000000013,,rebuffer happen
2025-12-20T12:58:25.103Z,0.018,3,1500,768x432,10.628110000000106,,rebuffer happen
2025-12-20T12:58:25.203Z,0.023,3,1500,768x432,10.624109999999973,,rebuffer happen
2025-12-20T12:58:25.393Z,0.086,3,1500,768x432,10.666514000000006,,
2025-12-20T12:58:25.470Z,0.021,3,1500,768x432,10.689437999999996,,rebuffer happen
2025-12-20T12:58:26.085Z,0.068,3,1500,768x432,10.837572000000023,,
2025-12-20T12:58:26.137Z,0.017,3,1500,768x432,10.892769000000044,,rebuffer happen
2025-12-20T12:58:26.721Z,0.031,3,1500,768x432,11.00178900000003,,rebuffer happen
2025-12-20T12:58:26.791Z,0.081,3,1500,768x432,11.04127399999993,,
2025-12-20T12:58:26.855Z,0.017,3,1500,768x432,11.085428999999976,,rebuffer happen
2025-12-20T12:58:27.322Z,0.033,3,1500,768x432,11.20271200000002,,rebuffer happen
2025-12-20T12:58:27.481Z,0.087,3,1500,768x432,11.259140000000002,,
2025-12-20T12:58:27.555Z,0.09,2,1000,640x360,11.292099000000007,,
2025-12-20T12:58:27.556Z,0.025,2,1000,640x360,11.292099000000007,,rebuffer happen
2025-12-20T12:58:28.019Z,0.253,2,1000,640x360,11.429084999999986,,
2025-12-20T12:58:28.087Z,0.254,3,1500,768x432,11.455118999999968,,
2025-12-20T12:58:28.256Z,0.018,3,1500,768x432,11.490587000000005,,rebuffer happen
2025-12-20T12:58:28.806Z,0.021,3,1500,768x432,11.523990000000026,,rebuffer happen
2025-12-20T12:58:28.815Z,0.021,3,1500,768x432,11.523990000000026,,
2025-12-20T12:58:28.856Z,0.018,3,1500,768x432,11.584925999999996,,rebuffer happen
2025-12-20T12:58:29.307Z,0.024,3,1500,768x432,11.723427000000015,,rebuffer happen
2025-12-20T12:58:29.510Z,0.07,3,1500,768x432,11.751460000000066,,
2025-12-20T12:58:29.557Z,0.029,3,1500,768x432,11.793538000000012,,rebuffer happen
2025-12-20T12:58:30.217Z,0.071,3,1500,768x432,11.940625999999952,,
2025-12-20T12:58:30.257Z,0.03,3,1500,768x432,12.002892999999972,,rebuffer happen
2025-12-20T12:58:30.902Z,0.085,3,1500,768x432,12.140709000000015,,
2025-12-20T12:58:30.958Z,0.019,3,1500,768x432,12.184938999999986,,rebuffer happen
2025-12-20T12:58:31.608Z,0.031,3,1500,768x432,12.332807000000003,,rebuffer happen
2025-12-20T12:58:31.615Z,0.031,3,1500,768x432,12.332807000000003,,
2025-12-20T12:58:31.659Z,0.026,2,1000,640x360,12.390786000000048,,rebuffer happen
2025-12-20T12:58:31.682Z,0.026,2,1000,640x360,12.390786000000048,,
2025-12-20T12:58:32.146Z,0.246,2,1000,640x360,12.622602000000029,,
2025-12-20T12:58:32.618Z,0.286,2,1000,640x360,12.550409999999943,,
2025-12-20T12:58:33.010Z,0.299,2,1000,640x360,12.563260000000014,,rebuffer happen
2025-12-20T12:58:33.085Z,0.3,2,1000,640x360,12.550650000000019,,
2025-12-20T12:58:33.561Z,0.292,2,1000,640x360,12.557393000000047,,
2025-12-20T12:58:34.042Z,0.279,2,1000,640x360,12.576750999999945,,rebuffer happen
2025-12-20T12:58:34.045Z,0.279,2,1000,640x360,12.571973999999955,,
2025-12-20T12:58:34.200Z,0.075,2,1000,640x360,12.450710999999956,,rebuffer happen
2025-12-20T12:58:34.227Z,0.035,2,1000,640x360,12.500437000000034,,rebuffer happen
2025-12-20T12:58:34.480Z,0.31,2,1000,640x360,12.50046000000009,,
2025-12-20T12:58:34.574Z,0.192,2,1000,640x360,12.461787999999956,,rebuffer happen
2025-12-20T12:58:34.678Z,0.038,2,1000,640x360,12.415237000000047,,rebuffer happen
2025-12-20T12:58:34.935Z,0.277,2,1000,640x360,12.484453999999914,,rebuffer happen
2025-12-20T12:58:34.939Z,0.277,2,1000,640x360,12.477854999999977,,
2025-12-20T12:58:34.945Z,0.294,2,1000,640x360,12.468993999999952,,rebuffer happen
2025-12-20T12:58:35.112Z,0.045,2,1000,640x360,12.314556000000039,,rebuffer happen
2025-12-20T12:58:35.372Z,0.284,2,1000,640x360,12.415751999999998,,rebuffer happen
2025-12-20T12:58:35.396Z,0.314,2,1000,640x360,12.379781000000094,,
2025-12-20T12:58:35.578Z,0.041,2,1000,640x360,12.310915000000023,,rebuffer happen
2025-12-20T12:58:35.579Z,0.041,2,1000,640x360,12.310915000000023,,rebuffer happen
2025-12-20T12:58:35.866Z,0.285,2,1000,640x360,12.351227999999992,,
2025-12-20T12:58:36.334Z,0.297,2,1000,640x360,12.38572899999997,,
2025-12-20T12:58:36.364Z,0.289,2,1000,640x360,12.356628999999998,,rebuffer happen
2025-12-20T12:58:36.776Z,0.289,2,1000,640x360,12.326681000000008,,rebuffer happen
2025-12-20T12:58:36.807Z,0.321,2,1000,640x360,12.280628999999976,,
2025-12-20T12:58:36.901Z,0.168,2,1000,640x360,12.233017000000018,,rebuffer happen
2025-12-20T12:58:36.996Z,0.025,2,1000,640x360,12.189835000000016,,rebuffer happen
2025-12-20T12:58:37.269Z,0.278,2,1000,640x360,12.263637000000017,,
2025-12-20T12:58:37.756Z,0.3,2,1000,640x360,12.276530000000093,,
2025-12-20T12:58:37.785Z,0.284,2,1000,640x360,12.24842000000001,,rebuffer happen
2025-12-20T12:58:38.240Z,0.286,2,1000,640x360,12.261444000000097,,
2025-12-20T12:58:38.713Z,0.323,2,1000,640x360,12.189571999999998,,
2025-12-20T12:58:38.850Z,0.195,2,1000,640x360,12.261281000000054,,rebuffer happen
2025-12-20T12:58:39.174Z,0.315,2,1000,640x360,12.191742999999974,,
2025-12-20T12:58:39.307Z,0.194,2,1000,640x360,12.161849999999959,,rebuffer happen
2025-12-20T12:58:39.627Z,0.336,2,1000,640x360,12.205839999999966,,
2025-12-20T12:58:39.659Z,0.299,2,1000,640x360,12.166649000000007,,rebuffer happen
2025-12-20T12:58:40.078Z,0.323,2,1000,640x360,12.071077999999943,,
2025-12-20T12:58:40.186Z,0.145,2,1000,640x360,12.009821999999986,,rebuffer happen
2025-12-20T12:58:40.504Z,0.225,2,1000,640x360,11.895862999999963,,
2025-12-20T12:58:40.936Z,0.308,2,1000,640x360,11.97714899999994,,
2025-12-20T12:58:40.972Z,0.279,2,1000,640x360,11.944834999999898,,rebuffer happen
2025-12-20T12:58:41.397Z,0.292,2,1000,640x360,11.847439000000008,,
2025-12-20T12:58:41.475Z,0.282,3,1500,768x432,11.87817199999995,,
2025-12-20T12:58:41.651Z,0.03,3,1500,768x432,11.90178400000002,,rebuffer happen
2025-12-20T12:58:42.169Z,0.108,3,1500,768x432,11.964324999999917,,
2025-12-20T12:58:42.250Z,0.017,3,1500,768x432,11.981300000000033,,rebuffer happen
2025-12-20T12:58:42.735Z,0.025,3,1500,768x432,12.166086000000064,,rebuffer happen
2025-12-20T12:58:42.884Z,0.028,3,1500,768x432,12.128310000000056,,rebuffer happen
2025-12-20T12:58:42.892Z,0.028,3,1500,768x432,12.128310000000056,,
2025-12-20T12:58:42.934Z,0.023,2,1000,640x360,12.197086000000013,,rebuffer happen
2025-12-20T12:58:42.966Z,0.023,2,1000,640x360,12.197086000000013,,
2025-12-20T12:58:43.439Z,0.202,2,1000,640x360,12.370343000000048,,
2025-12-20T12:58:43.913Z,0.239,2,1000,640x360,12.308220000000006,,
2025-12-20T12:58:43.992Z,0.241,3,1500,768x432,12.343768999999952,,
2025-12-20T12:58:44.136Z,0.028,3,1500,768x432,12.394051999999988,,rebuffer happen
2025-12-20T12:58:44.453Z,0.026,3,1500,768x432,12.464476999999988,,rebuffer happen
2025-12-20T12:58:44.536Z,0.02,3,1500,768x432,12.485471999999959,,rebuffer happen
2025-12-20T12:58:44.569Z,0.025,3,1500,768x432,12.457625000000007,,rebuffer happen
2025-12-20T12:58:44.619Z,0.024,3,1500,768x432,12.423073999999929,,rebuffer happen
2025-12-20T12:58:44.703Z,0.022,3,1500,768x432,12.453670999999986,,rebuffer happen
2025-12-20T12:58:44.736Z,0.032,3,1500,768x432,12.532971999999972,,rebuffer happen
2025-12-20T12:58:44.755Z,0.032,3,1500,768x432,12.532971999999972,,
2025-12-20T12:58:44.803Z,0.024,3,1500,768x432,12.491084999999998,,rebuffer happen
2025-12-20T12:58:45.437Z,0.023,3,1500,768x432,12.72359300000005,,rebuffer happen
2025-12-20T12:58:45.444Z,0.023,3,1500,768x432,12.72359300000005,,
2025-12-20T12:58:45.487Z,0.018,3,1500,768x432,12.685991000000058,,rebuffer happen
2025-12-20T12:58:46.109Z,0.064,3,1500,768x432,12.838850000000093,,
2025-12-20T12:58:46.154Z,0.022,3,1500,768x432,12.887691000000018,,rebuffer happen
2025-12-20T12:58:46.809Z,0.086,3,1500,768x432,13.046411000000035,,
2025-12-20T12:58:46.871Z,0.025,3,1500,768x432,13.089269999999942,,rebuffer happen
2025-12-20T12:58:47.439Z,0.02,3,1500,768x432,13.357505999999944,,rebuffer happen
2025-12-20T12:58:47.472Z,0.028,3,1500,768x432,13.33146499999998,,rebuffer happen
2025-12-20T12:58:47.522Z,0.028,3,1500,768x432,13.298493999999891,,rebuffer happen
2025-12-20T12:58:47.572Z,0.023,3,1500,768x432,13.359504000000015,,rebuffer happen
2025-12-20T12:58:47.605Z,0.027,3,1500,768x432,13.330242999999996,,rebuffer happen
2025-12-20T12:58:47.638Z,0.027,3,1500,768x432,13.433242999999948,,
2025-12-20T12:58:47.689Z,0.016,3,1500,768x432,13.388600999999994,,rebuffer happen
2025-12-20T12:58:48.072Z,0.021,3,1500,768x432,13.631754,,rebuffer happen
2025-12-20T12:58:48.122Z,0.015,3,1500,768x432,13.592850999999996,,rebuffer happen
2025-12-20T12:58:48.155Z,0.02,3,1500,768x432,13.650972000000024,,rebuffer happen
2025-12-20T12:58:48.222Z,0.02,3,1500,768x432,13.617901000000074,,rebuffer happen
2025-12-20T12:58:48.255Z,0.03,3,1500,768x432,13.694417000000044,,rebuffer happen
2025-12-20T12:58:48.356Z,0.017,3,1500,768x432,13.716276999999991,,rebuffer happen
2025-12-20T12:58:48.389Z,0.024,3,1500,768x432,13.689993000000072,,rebuffer happen
2025-12-20T12:58:48.439Z,0.025,3,1500,768x432,13.756309999999985,,rebuffer happen
2025-12-20T12:58:48.489Z,0.02,3,1500,768x432,13.71741099999997,,rebuffer happen
2025-12-20T12:58:48.510Z,0.02,3,1500,768x432,13.71741099999997,,
2025-12-20T12:58:48.539Z,0.028,3,1500,768x432,13.794213999999897,,rebuffer happen
2025-12-20T12:58:49.006Z,0.023,3,1500,768x432,13.89070700000002,,rebuffer happen
2025-12-20T12:58:49.040Z,0.032,3,1500,768x432,13.972307,,rebuffer happen
2025-12-20T12:58:49.140Z,0,3,1500,768x432,13.96750099999997,,rebuffer happen
2025-12-20T12:58:49.141Z,0,3,1500,768x432,13.96750099999997,,rebuffer happen
2025-12-20T12:58:49.340Z,0,3,1500,768x432,14.169500999999968,,
2025-12-20T12:58:50.052Z,0,3,1500,768x432,14.87050099999999,,
2025-12-20T12:58:50.125Z,0.5,2,1000,640x360,3.2052320000000236,,
2025-12-20T12:58:50.282Z,0.242,2,1000,640x360,3.1873450000000503,,rebuffer happen
2025-12-20T12:58:50.598Z,0.322,2,1000,640x360,3.095692999999983,,
2025-12-20T12:58:50.771Z,0.105,2,1000,640x360,3.036563000000001,,rebuffer happen
2025-12-20T12:58:51.089Z,0.269,2,1000,640x360,3.0238520000000335,,
2025-12-20T12:58:51.586Z,0.252,2,1000,640x360,3.02824899999996,,
2025-12-20T12:58:52.068Z,0.297,2,1000,640x360,3.0693049999999857,,
2025-12-20T12:58:52.443Z,0.287,2,1000,640x360,3.0869950000000017,,rebuffer happen
2025-12-20T12:58:52.493Z,0.279,2,1000,640x360,3.0121330000000626,,rebuffer happen
2025-12-20T12:58:52.537Z,0.277,2,1000,640x360,3.0553449999999884,,
2025-12-20T12:58:53.030Z,0.214,2,1000,640x360,3.016300000000001,,
2025-12-20T12:58:53.522Z,0.24,2,1000,640x360,2.919153999999935,,
2025-12-20T12:58:54.014Z,0.294,2,1000,640x360,2.9521649999999227,,
2025-12-20T12:58:54.474Z,0.328,2,1000,640x360,3.0053310000000693,,
2025-12-20T12:58:54.573Z,0.191,2,1000,640x360,2.9565089999999827,,rebuffer happen
2025-12-20T12:58:54.979Z,0.186,2,1000,640x360,2.864449000000036,,
2025-12-20T12:58:55.145Z,0.022,2,1000,640x360,2.9014949999999544,,rebuffer happen
2025-12-20T12:58:55.457Z,0.232,2,1000,640x360,2.896739000000025,,
2025-12-20T12:58:55.934Z,0.267,2,1000,640x360,2.93478499999992,,
2025-12-20T12:58:56.485Z,0.198,2,1000,640x360,2.8881200000000717,,
2025-12-20T12:58:56.952Z,0.258,2,1000,640x360,2.941509999999994,,
2025-12-20T12:58:57.522Z,0.226,2,1000,640x360,2.8730370000000676,,
2025-12-20T12:58:57.697Z,0.032,2,1000,640x360,2.9017370000000255,,rebuffer happen
2025-12-20T12:58:58.121Z,0.148,2,1000,640x360,2.9491840000000593,,
2025-12-20T12:58:58.264Z,0.031,2,1000,640x360,2.995339000000058,,rebuffer happen
2025-12-20T12:58:58.724Z,0.185,2,1000,640x360,3.0470639999999776,,
2025-12-20T12:58:58.881Z,0.022,2,1000,640x360,3.0999060000000327,,rebuffer happen
2025-12-20T12:58:59.332Z,0.156,2,1000,640x360,3.2351869999999963,,
2025-12-20T12:58:59.465Z,0.031,2,1000,640x360,3.2042860000000246,,rebuffer happen
2025-12-20T12:58:59.934Z,0.182,2,1000,640x360,3.359085999999934,,
2025-12-20T12:59:00.099Z,0.031,2,1000,640x360,3.2971489999999903,,rebuffer happen
2025-12-20T12:59:00.531Z,0.157,2,1000,640x360,3.445153000000005,,
2025-12-20T12:59:00.682Z,0.026,2,1000,640x360,3.4033330000000888,,rebuffer happen
2025-12-20T12:59:01.152Z,0.186,2,1000,640x360,3.5302259999999706,,
2025-12-20T12:59:01.300Z,0.018,2,1000,640x360,3.49407999999994,,rebuffer happen
2025-12-20T12:59:01.738Z,0.161,2,1000,640x360,3.629703999999947,,
2025-12-20T12:59:01.867Z,0.032,2,1000,640x360,3.6021420000000717,,rebuffer happen
2025-12-20T12:59:02.332Z,0.163,2,1000,640x360,3.723647000000028,,
2025-12-20T12:59:02.467Z,0.02,2,1000,640x360,3.697503999999981,,rebuffer happen
2025-12-20T12:59:02.893Z,0.211,2,1000,640x360,3.7702430000000504,,
2025-12-20T12:59:03.068Z,0.03,2,1000,640x360,3.8019369999999526,,rebuffer happen
2025-12-20T12:59:03.491Z,0.181,2,1000,640x360,3.8528890000000047,,
2025-12-20T12:59:03.635Z,0.03,2,1000,640x360,3.8961459999999306,,rebuffer happen
2025-12-20T12:59:04.095Z,0.189,2,1000,640x360,3.948890000000006,,
2025-12-20T12:59:04.252Z,0.025,2,1000,640x360,4.0015959999999495,,rebuffer happen
2025-12-20T12:59:04.693Z,0.202,2,1000,640x360,4.068826999999942,,
2025-12-20T12:59:04.886Z,0.02,2,1000,640x360,4.092532000000006,,rebuffer happen
2025-12-20T12:59:05.271Z,0.172,2,1000,640x360,4.152487000000065,,
2025-12-20T12:59:05.420Z,0.029,2,1000,640x360,4.098867999999925,,rebuffer happen
2025-12-20T12:59:05.846Z,0.194,2,1000,640x360,4.267454999999927,,
2025-12-20T12:59:06.037Z,0.023,2,1000,640x360,4.28931399999999,,rebuffer happen
2025-12-20T12:59:06.567Z,0.133,2,1000,640x360,4.391536000000087,,
2025-12-20T12:59:06.654Z,0.027,2,1000,640x360,4.396554000000037,,rebuffer happen
2025-12-20T12:59:07.290Z,0.158,2,1000,640x360,4.590796999999952,,
2025-12-20T12:59:07.360Z,0.122,1,600,480x270,4.626259000000005,,
2025-12-20T12:59:07.388Z,0.025,1,600,480x270,4.59895599999993,,rebuffer happen
2025-12-20T12:59:07.806Z,0.304,1,600,480x270,4.783660999999938,,
2025-12-20T12:59:07.908Z,0.216,1,600,480x270,4.780434999999898,,rebuffer happen
2025-12-20T12:59:08.239Z,0.348,1,600,480x270,4.827985000000012,,
2025-12-20T12:59:08.277Z,0.3,1,600,480x270,4.771413999999936,,rebuffer happen
2025-12-20T12:59:08.634Z,0.29,1,600,480x270,4.730292000000077,,rebuffer happen
2025-12-20T12:59:08.674Z,0.289,1,600,480x270,4.669851999999992,,
2025-12-20T12:59:08.977Z,0.298,1,600,480x270,4.66240700000003,,rebuffer happen
2025-12-20T12:59:09.095Z,0.374,1,600,480x270,4.636945999999966,,
2025-12-20T12:59:09.241Z,0.226,1,600,480x270,4.690619000000083,,rebuffer happen
2025-12-20T12:59:09.332Z,0.289,1,600,480x270,4.553667000000019,,rebuffer happen
2025-12-20T12:59:09.522Z,0.377,1,600,480x270,4.546965999999998,,
2025-12-20T12:59:09.633Z,0.281,1,600,480x270,4.585274000000027,,rebuffer happen
2025-12-20T12:59:09.889Z,0.409,1,600,480x270,4.496024000000034,,
2025-12-20T12:59:10.223Z,0.506,1,600,480x270,4.390114999999923,,
2025-12-20T12:59:10.554Z,0.509,1,600,480x270,4.29382099999998,,
2025-12-20T12:59:10.886Z,0.518,1,600,480x270,4.101239999999962,,
2025-12-20T12:59:11.243Z,0.508,1,600,480x270,3.9679729999999154,,
2025-12-20T12:59:11.609Z,0.434,1,600,480x270,3.7064829999999347,,
2025-12-20T12:59:11.821Z,0.609,1,600,480x270,3.6236149999999725,,
2025-12-20T12:59:11.964Z,0.852,1,600,480x270,3.643513999999982,,
2025-12-20T12:59:12.113Z,1.251,1,600,480x270,3.5140649999999596,,
2025-12-20T12:59:12.337Z,1.413,1,600,480x270,3.472032000000013,,
2025-12-20T12:59:12.522Z,1.616,1,600,480x270,3.294367999999963,,
2025-12-20T12:59:12.760Z,1.759,1,600,480x270,3.2456240000000207,,
2025-12-20T12:59:12.988Z,2.047,1,600,480x270,3.2135110000000395,,
2025-12-20T12:59:13.268Z,2.12,1,600,480x270,3.0962749999999915,,
2025-12-20T12:59:13.522Z,2.245,1,600,480x270,2.9175669999999627,,
2025-12-20T12:59:13.682Z,2.352,1,600,480x270,2.87528599999996,,
2025-12-20T12:59:13.846Z,2.64,1,600,480x270,2.870057999999972,,
2025-12-20T12:59:13.913Z,2.795,2,1000,640x360,2.8095969999999397,,
2025-12-20T12:59:14.138Z,2.819,2,1000,640x360,2.8342609999999695,,
2025-12-20T12:59:14.639Z,2.785,2,1000,640x360,2.5951049999999896,,
2025-12-20T12:59:15.151Z,2.564,2,1000,640x360,2.3752060000000483,,
2025-12-20T12:59:15.638Z,2.334,2,1000,640x360,2.22057099999995,,
2025-12-20T12:59:16.218Z,2.154,2,1000,640x360,2.0421569999999747,,
2025-12-20T12:59:16.632Z,2.24,2,1000,640x360,2.074942999999962,,
2025-12-20T12:59:16.710Z,2.147,0,200,320x180,1.9896969999999783,,
2025-12-20T12:59:17.115Z,2.238,0,200,320x180,1.9748070000000553,,
2025-12-20T12:59:17.191Z,2.206,1,600,480x270,1.987696000000028,,
2025-12-20T12:59:17.890Z,1.897,1,600,480x270,1.9664989999999989,,
2025-12-20T12:59:17.965Z,1.899,3,1500,768x432,2.008605999999986,,
2025-12-20T12:59:18.716Z,1.558,3,1500,768x432,1.9218720000000076,,
2025-12-20T12:59:18.792Z,1.556,2,1000,640x360,1.9526939999999513,,
2025-12-20T12:59:19.253Z,1.514,2,1000,640x360,1.9887750000000324,,
2025-12-20T12:59:19.765Z,1.515,2,1000,640x360,1.9634119999999484,,
2025-12-20T12:59:19.843Z,1.492,3,1500,768x432,1.9919119999999566,,
2025-12-20T12:59:20.535Z,1.236,3,1500,768x432,1.996646999999939,,
2025-12-20T12:59:21.242Z,1.044,3,1500,768x432,1.9963780000000497,,
2025-12-20T12:59:21.948Z,0.845,3,1500,768x432,1.9955989999999701,,
2025-12-20T12:59:22.652Z,0.635,3,1500,768x432,1.9883010000000922,,
2025-12-20T12:59:23.230Z,0.53,3,1500,768x432,2.001119000000017,,
2025-12-20T12:59:23.824Z,0.455,3,1500,768x432,1.9076840000000175,,
2025-12-20T12:59:23.999Z,0.3,3,1500,768x432,1.939752999999996,,rebuffer happen
2025-12-20T12:59:24.443Z,0.329,3,1500,768x432,1.9903170000000046,,
2025-12-20T12:59:24.632Z,0.129,3,1500,768x432,1.9942800000000034,,rebuffer happen
2025-12-20T12:59:25.122Z,0.213,3,1500,768x432,1.919320999999968,,
2025-12-20T12:59:25.253Z,0.022,3,1500,768x432,1.9917270000000826,,rebuffer happen
2025-12-20T12:59:25.370Z,0.03,3,1500,768x432,2.0733209999999644,,rebuffer happen
2025-12-20T12:59:25.851Z,0.068,3,1500,768x432,2.132675000000063,,
2025-12-20T12:59:25.903Z,0.015,3,1500,768x432,2.0852930000000924,,rebuffer happen
2025-12-20T12:59:26.254Z,0.027,3,1500,768x432,2.3370199999999386,,rebuffer happen
2025-12-20T12:59:26.487Z,0.019,3,1500,768x432,2.321307000000047,,rebuffer happen
2025-12-20T12:59:26.520Z,0.028,3,1500,768x432,2.2967859999999973,,rebuffer happen
2025-12-20T12:59:26.620Z,0.019,3,1500,768x432,2.319368000000054,,rebuffer happen
2025-12-20T12:59:26.632Z,0.019,3,1500,768x432,2.423367999999982,,
2025-12-20T12:59:26.670Z,0.018,3,1500,768x432,2.3896049999999605,,rebuffer happen
2025-12-20T12:59:26.921Z,0.027,3,1500,768x432,2.5625709999999344,,rebuffer happen
2025-12-20T12:59:27.021Z,0.019,3,1500,768x432,2.588124999999991,,rebuffer happen
2025-12-20T12:59:27.071Z,0.026,3,1500,768x432,2.669420000000059,,rebuffer happen
2025-12-20T12:59:27.121Z,0.027,3,1500,768x432,2.63704800000005,,rebuffer happen
2025-12-20T12:59:27.171Z,0.017,3,1500,768x432,2.6814749999999776,,rebuffer happen
2025-12-20T12:59:27.221Z,0.023,3,1500,768x432,2.654031000000032,,rebuffer happen
2025-12-20T12:59:27.271Z,0.021,3,1500,768x432,2.725906000000009,,rebuffer happen
2025-12-20T12:59:27.338Z,0.017,3,1500,768x432,2.781154999999899,,rebuffer happen
2025-12-20T12:59:27.371Z,0.021,3,1500,768x432,2.752508999999918,,rebuffer happen
2025-12-20T12:59:27.438Z,0.022,3,1500,768x432,2.8209759999999733,,rebuffer happen
2025-12-20T12:59:27.504Z,0.02,3,1500,768x432,2.7857569999999896,,rebuffer happen
2025-12-20T12:59:27.538Z,0.027,3,1500,768x432,2.861355000000003,,rebuffer happen
2025-12-20T12:59:27.588Z,0.027,3,1500,768x432,2.8277850000000626,,rebuffer happen
2025-12-20T12:59:27.593Z,0.027,3,1500,768x432,2.8277850000000626,,
2025-12-20T12:59:27.638Z,0.02,3,1500,768x432,2.885415999999964,,rebuffer happen
2025-12-20T12:59:28.155Z,0.023,3,1500,768x432,3.0238579999999047,,rebuffer happen
2025-12-20T12:59:28.206Z,0.052,3,1500,768x432,2.985952999999995,,rebuffer happen
2025-12-20T12:59:28.238Z,0.021,3,1500,768x432,3.0549649999999247,,rebuffer happen
2025-12-20T12:59:28.288Z,0.018,3,1500,768x432,3.019301999999925,,rebuffer happen
2025-12-20T12:59:28.301Z,0.018,3,1500,768x432,3.019301999999925,,
2025-12-20T12:59:28.338Z,0.019,3,1500,768x432,3.08347399999991,,rebuffer happen
2025-12-20T12:59:28.772Z,0.021,3,1500,768x432,3.1955860000000484,,rebuffer happen
2025-12-20T12:59:28.822Z,0.027,3,1500,768x432,3.1682610000000295,,rebuffer happen
2025-12-20T12:59:28.872Z,0.026,3,1500,768x432,3.223871999999915,,rebuffer happen
2025-12-20T12:59:28.956Z,0.021,3,1500,768x432,3.263977000000068,,rebuffer happen
2025-12-20T12:59:28.989Z,0.029,3,1500,768x432,3.2390120000000024,,rebuffer happen
2025-12-20T12:59:29.003Z,0.029,3,1500,768x432,3.2390120000000024,,
2025-12-20T12:59:29.056Z,0.016,3,1500,768x432,3.281973999999991,,rebuffer happen
2025-12-20T12:59:29.540Z,0.019,3,1500,768x432,3.4297800000000507,,rebuffer happen
2025-12-20T12:59:29.623Z,0.029,3,1500,768x432,3.373203999999987,,rebuffer happen
2025-12-20T12:59:29.673Z,0.02,3,1500,768x432,3.417703000000074,,rebuffer happen
2025-12-20T12:59:29.676Z,0.02,3,1500,768x432,3.417703000000074,,
2025-12-20T12:59:29.706Z,0.026,3,1500,768x432,3.390500999999972,,rebuffer happen
2025-12-20T12:59:30.190Z,0.023,3,1500,768x432,3.555798999999979,,rebuffer happen
2025-12-20T12:59:30.223Z,0.028,3,1500,768x432,3.5282230000000254,,rebuffer happen
2025-12-20T12:59:30.364Z,0.071,3,1500,768x432,3.6359899999999925,,
2025-12-20T12:59:30.407Z,0.028,3,1500,768x432,3.597552999999948,,rebuffer happen
2025-12-20T12:59:30.807Z,0.031,3,1500,768x432,3.737568999999894,,rebuffer happen
2025-12-20T12:59:30.891Z,0.056,3,1500,768x432,3.7543019999999387,,rebuffer happen
2025-12-20T12:59:30.924Z,0.027,3,1500,768x432,3.7246279999999388,,rebuffer happen
2025-12-20T12:59:30.974Z,0.024,3,1500,768x432,3.7893499999998994,,rebuffer happen
2025-12-20T12:59:31.007Z,0.029,3,1500,768x432,3.7614360000000033,,rebuffer happen
2025-12-20T12:59:31.057Z,0.029,3,1500,768x432,3.8270730000000412,,rebuffer happen
2025-12-20T12:59:31.085Z,0.029,3,1500,768x432,3.8270730000000412,,
2025-12-20T12:59:31.124Z,0.028,3,1500,768x432,3.892649000000006,,rebuffer happen
2025-12-20T12:59:31.558Z,0.026,3,1500,768x432,3.9908510000000206,,rebuffer happen
2025-12-20T12:59:31.641Z,0.024,3,1500,768x432,4.0221310000000585,,rebuffer happen
2025-12-20T12:59:31.725Z,0.021,3,1500,768x432,4.051813000000038,,rebuffer happen
2025-12-20T12:59:31.775Z,0.016,3,1500,768x432,4.013959999999997,,rebuffer happen
2025-12-20T12:59:31.786Z,0.016,3,1500,768x432,4.013959999999997,,
2025-12-20T12:59:31.825Z,0.016,3,1500,768x432,4.080341999999973,,rebuffer happen
2025-12-20T12:59:32.176Z,0.03,3,1500,768x432,4.171346999999969,,rebuffer happen
2025-12-20T12:59:32.325Z,0.021,3,1500,768x432,4.21989700000006,,rebuffer happen
2025-12-20T12:59:32.359Z,0.026,3,1500,768x432,4.191487000000052,,rebuffer happen
2025-12-20T12:59:32.409Z,0.023,3,1500,768x432,4.15476799999999,,rebuffer happen
2025-12-20T12:59:32.442Z,0.029,3,1500,768x432,4.227604999999926,,rebuffer happen
2025-12-20T12:59:32.464Z,0.029,3,1500,768x432,4.227604999999926,,
2025-12-20T12:59:32.509Z,0.023,3,1500,768x432,4.188318999999979,,rebuffer happen
2025-12-20T12:59:33.010Z,0.019,3,1500,768x432,4.356107999999949,,rebuffer happen
2025-12-20T12:59:33.094Z,0.019,3,1500,768x432,4.3850809999999,,rebuffer happen
2025-12-20T12:59:33.144Z,0.016,3,1500,768x432,4.4494829999999865,,rebuffer happen
2025-12-20T12:59:33.177Z,0.025,3,1500,768x432,4.4245690000000195,,rebuffer happen
2025-12-20T12:59:33.187Z,0.025,3,1500,768x432,4.4245690000000195,,
2025-12-20T12:59:33.226Z,0.024,3,1500,768x432,4.490959999999973,,rebuffer happen
2025-12-20T12:59:33.744Z,0.021,3,1500,768x432,4.634766000000013,,rebuffer happen
2025-12-20T12:59:33.877Z,0.02,3,1500,768x432,4.622995999999944,,rebuffer happen
2025-12-20T12:59:33.885Z,0.02,3,1500,768x432,4.622995999999944,,
2025-12-20T12:59:33.927Z,0.017,3,1500,768x432,4.68278399999997,,rebuffer happen
2025-12-20T12:59:34.377Z,0.02,3,1500,768x432,4.784105999999952,,rebuffer happen
2025-12-20T12:59:34.413Z,0.026,3,1500,768x432,4.75674499999991,,rebuffer happen
2025-12-20T12:59:34.461Z,0.023,3,1500,768x432,4.823195000000055,,rebuffer happen
2025-12-20T12:59:34.545Z,0.018,3,1500,768x432,4.852460000000065,,rebuffer happen
2025-12-20T12:59:34.578Z,0.027,3,1500,768x432,4.828040999999985,,rebuffer happen
2025-12-20T12:59:34.592Z,0.027,3,1500,768x432,4.828040999999985,,
2025-12-20T12:59:34.627Z,0.03,3,1500,768x432,4.894351000000029,,rebuffer happen
2025-12-20T12:59:35.163Z,0.025,3,1500,768x432,5.023376999999982,,rebuffer happen
2025-12-20T12:59:35.246Z,0.024,3,1500,768x432,5.057249999999954,,rebuffer happen
2025-12-20T12:59:35.292Z,0.057,3,1500,768x432,5.022416000000021,,
2025-12-20T12:59:35.328Z,0.024,2,1000,640x360,5.088661000000002,,rebuffer happen
2025-12-20T12:59:35.370Z,0.024,2,1000,640x360,5.088661000000002,,
2025-12-20T12:59:35.924Z,0.18,2,1000,640x360,5.2001829999999245,,
2025-12-20T12:59:36.029Z,0.032,2,1000,640x360,5.299329000000057,,rebuffer happen
2025-12-20T12:59:36.394Z,0.191,2,1000,640x360,5.268041000000039,,
2025-12-20T12:59:36.855Z,0.25,2,1000,640x360,5.309212000000002,,
2025-12-20T12:59:37.323Z,0.275,2,1000,640x360,5.2408340000000635,,
2025-12-20T12:59:37.410Z,0.248,3,1500,768x432,5.253230999999914,,
2025-12-20T12:59:37.581Z,0.019,3,1500,768x432,5.284998999999971,,rebuffer happen
2025-12-20T12:59:37.830Z,0.21,3,1500,768x432,5.366308000000004,,
2025-12-20T12:59:37.831Z,0.3,3,1500,768x432,5.365482000000043,,rebuffer happen
2025-12-20T12:59:37.902Z,0.3,3,1500,768x432,5.2593650000000025,,
2025-12-20T12:59:37.981Z,0.294,0,200,320x180,5.245861999999988,,
2025-12-20T12:59:38.130Z,0.023,0,200,320x180,5.287710000000061,,rebuffer happen