timestamp,bufferLevel,qualityIndex,bitrateKbps,resolution,liveLatency,predictedKbps,rebuffer
2025-12-19T13:01:39.774Z,0,2,1000,640x360,1.642,,
2025-12-19T13:01:39.780Z,0,2,1000,640x360,1.642,,rebuffer happen
2025-12-19T13:01:39.808Z,0.1,2,1000,640x360,1.641198,,rebuffer happen
2025-12-19T13:01:39.933Z,0.362,2,1000,640x360,1.724147,,
2025-12-19T13:01:40.005Z,0.385,1,600,480x270,1.55423,,
2025-12-19T13:01:40.035Z,0.295,1,600,480x270,1.528304,,rebuffer happen
2025-12-19T13:01:40.112Z,0.697,1,600,480x270,1.5545140000000002,,
2025-12-19T13:01:40.193Z,0.726,3,1500,768x432,1.582025,,
2025-12-19T13:01:40.396Z,0.969,3,1500,768x432,1.62918,,
2025-12-19T13:01:40.560Z,1.364,3,1500,768x432,1.6195880000000002,,
2025-12-19T13:01:40.746Z,1.732,3,1500,768x432,1.6937969999999998,,
2025-12-19T13:01:41.022Z,2.093,3,1500,768x432,1.800701,,
2025-12-19T13:01:41.471Z,2.188,3,1500,768x432,1.8194259999999998,,
2025-12-19T13:01:42.303Z,1.911,3,1500,768x432,1.9604600000000003,,
2025-12-19T13:01:42.560Z,2.232,3,1500,768x432,1.9076819999999999,,
2025-12-19T13:01:43.131Z,2.109,3,1500,768x432,1.9501910000000002,,
2025-12-19T13:01:43.613Z,2.135,3,1500,768x432,1.978513,,
2025-12-19T13:01:44.076Z,2.158,3,1500,768x432,1.9051159999999996,,
2025-12-19T13:01:44.589Z,2.163,3,1500,768x432,2.0126480000000004,,
2025-12-19T13:01:45.096Z,2.138,3,1500,768x432,1.9875419999999995,,
2025-12-19T13:01:45.617Z,2.155,3,1500,768x432,1.9843840000000004,,
2025-12-19T13:01:46.103Z,2.142,3,1500,768x432,1.9861680000000002,,
2025-12-19T13:01:46.600Z,2.143,3,1500,768x432,1.9876310000000004,,
2025-12-19T13:01:46.678Z,2.158,2,1000,640x360,1.9083190000000005,,
2025-12-19T13:01:46.992Z,2.239,2,1000,640x360,1.986853,,
2025-12-19T13:01:47.499Z,2.24,2,1000,640x360,1.9933480000000001,,
2025-12-19T13:01:47.975Z,2.26,2,1000,640x360,1.9096799999999998,,
2025-12-19T13:01:48.481Z,2.264,2,1000,640x360,2.0128120000000003,,
2025-12-19T13:01:48.972Z,2.26,2,1000,640x360,1.9092380000000002,,
2025-12-19T13:01:49.483Z,2.27,2,1000,640x360,2.019962999999999,,
2025-12-19T13:01:49.985Z,2.251,2,1000,640x360,2.0048199999999987,,
2025-12-19T13:01:50.475Z,2.251,2,1000,640x360,1.9078090000000003,,
2025-12-19T13:01:50.985Z,2.259,2,1000,640x360,1.9997549999999986,,
2025-12-19T13:01:51.486Z,2.253,2,1000,640x360,2.005704999999999,,
2025-12-19T13:01:51.980Z,2.252,2,1000,640x360,1.900378,,
2025-12-19T13:01:52.476Z,2.27,2,1000,640x360,1.915470000000001,,
2025-12-19T13:01:52.977Z,2.255,2,1000,640x360,1.9079759999999997,,
2025-12-19T13:01:53.466Z,2.304,2,1000,640x360,1.9348710000000011,,
2025-12-19T13:01:53.577Z,2.304,3,1500,768x432,1.9213000000000005,,
2025-12-19T13:01:54.014Z,2.222,3,1500,768x432,1.9729759999999992,,
2025-12-19T13:01:54.540Z,2.195,3,1500,768x432,1.947484000000001,,
2025-12-19T13:01:54.997Z,2.24,3,1500,768x432,1.986938000000002,,
2025-12-19T13:01:55.610Z,2.133,3,1500,768x432,1.9763369999999991,,
2025-12-19T13:01:56.118Z,2.124,3,1500,768x432,1.9690899999999978,,
2025-12-19T13:01:56.618Z,2.126,3,1500,768x432,1.9697220000000009,,
2025-12-19T13:01:57.120Z,2.118,3,1500,768x432,1.9653139999999993,,
2025-12-19T13:01:57.629Z,2.126,3,1500,768x432,1.9676529999999985,,
2025-12-19T13:01:58.121Z,2.118,3,1500,768x432,1.9687399999999968,,
2025-12-19T13:01:58.607Z,2.12,3,1500,768x432,1.9812580000000004,,
2025-12-19T13:01:59.020Z,2.208,3,1500,768x432,1.9631149999999984,,
2025-12-19T13:01:59.559Z,2.178,3,1500,768x432,1.9219860000000004,,
2025-12-19T13:02:00.101Z,2.138,3,1500,768x432,1.981390000000001,,
2025-12-19T13:02:00.626Z,2.124,3,1500,768x432,1.959896999999998,,
2025-12-19T13:02:01.110Z,2.127,3,1500,768x432,1.9727850000000018,,
2025-12-19T13:02:01.607Z,2.139,3,1500,768x432,1.9880560000000003,,
2025-12-19T13:02:02.113Z,2.128,3,1500,768x432,1.9706580000000002,,
2025-12-19T13:02:02.601Z,2.133,3,1500,768x432,1.9802599999999977,,
2025-12-19T13:02:03.155Z,2.115,3,1500,768x432,1.9317740000000008,,
2025-12-19T13:02:03.512Z,2.225,3,1500,768x432,1.9756230000000023,,
2025-12-19T13:02:03.977Z,2.264,3,1500,768x432,1.9036089999999994,,
2025-12-19T13:02:04.478Z,2.251,3,1500,768x432,1.9053140000000006,,
2025-12-19T13:02:05.017Z,2.217,3,1500,768x432,1.96509,,
2025-12-19T13:02:05.345Z,1.996,2,1000,640x360,1.9528610000000022,,
2025-12-19T13:02:05.641Z,2.147,2,1000,640x360,1.946866,,
2025-12-19T13:02:05.721Z,2.118,3,1500,768x432,1.9783849999999994,,
2025-12-19T13:02:06.037Z,2.201,3,1500,768x432,1.9477820000000001,,
2025-12-19T13:02:06.566Z,2.258,3,1500,768x432,1.9312590000000007,,
2025-12-19T13:02:07.014Z,2.225,3,1500,768x432,1.970834,,
2025-12-19T13:02:07.496Z,2.242,3,1500,768x432,1.989806999999999,,
2025-12-19T13:02:08.001Z,2.232,3,1500,768x432,1.977958000000001,,
2025-12-19T13:02:08.498Z,2.239,3,1500,768x432,1.9873450000000012,,
2025-12-19T13:02:08.724Z,2.26,2,1000,640x360,1.9613769999999988,,
2025-12-19T13:02:08.802Z,2.031,3,1500,768x432,1.9901020000000003,,
2025-12-19T13:02:09.022Z,2.241,3,1500,768x432,1.9606130000000022,,
2025-12-19T13:02:09.500Z,2.237,3,1500,768x432,1.9900129999999976,,
2025-12-19T13:02:10.065Z,2.197,3,1500,768x432,1.9143460000000019,,
2025-12-19T13:02:10.503Z,2.241,3,1500,768x432,1.987687999999995,,
2025-12-19T13:02:10.998Z,2.233,3,1500,768x432,1.9830279999999973,,
2025-12-19T13:02:11.502Z,2.233,3,1500,768x432,1.9838179999999994,,
2025-12-19T13:02:11.737Z,2.059,2,1000,640x360,1.9570950000000025,,
2025-12-19T13:02:11.816Z,2.015,3,1500,768x432,1.9639319999999998,,
2025-12-19T13:02:12.031Z,2.197,3,1500,768x432,1.9528849999999984,,
2025-12-19T13:02:12.509Z,2.224,3,1500,768x432,1.981346000000002,,
2025-12-19T13:02:13.006Z,2.222,3,1500,768x432,1.9732389999999995,,
2025-12-19T13:02:13.508Z,2.219,3,1500,768x432,1.974613000000005,,
2025-12-19T13:02:14.011Z,2.219,3,1500,768x432,1.9723710000000025,,
2025-12-19T13:02:14.509Z,2.233,3,1500,768x432,1.9783589999999975,,
2025-12-19T13:02:14.693Z,2.193,2,1000,640x360,1.9926829999999995,,
2025-12-19T13:02:14.772Z,2.064,3,1500,768x432,1.9129599999999982,,
2025-12-19T13:02:15.009Z,2.223,3,1500,768x432,1.9719490000000022,,
2025-12-19T13:02:15.510Z,2.222,3,1500,768x432,1.9718280000000021,,
2025-12-19T13:02:16.013Z,2.217,3,1500,768x432,1.9692509999999999,,
2025-12-19T13:02:16.507Z,2.229,3,1500,768x432,1.9793489999999991,,
2025-12-19T13:02:17.011Z,2.224,3,1500,768x432,1.970526999999997,,
2025-12-19T13:02:17.511Z,2.223,3,1500,768x432,1.9720279999999946,,
2025-12-19T13:02:17.652Z,2.241,2,1000,640x360,1.9307170000000013,,
2025-12-19T13:02:17.732Z,2.1,3,1500,768x432,1.9563660000000027,,
2025-12-19T13:02:18.039Z,2.195,3,1500,768x432,1.943881999999995,,
2025-12-19T13:02:18.472Z,2.267,3,1500,768x432,1.914361999999997,,
2025-12-19T13:02:18.983Z,2.27,3,1500,768x432,1.9989339999999984,,
2025-12-19T13:02:19.498Z,2.234,3,1500,768x432,1.9824990000000042,,
2025-12-19T13:02:20.005Z,2.224,3,1500,768x432,1.9762970000000024,,
2025-12-19T13:02:20.515Z,2.218,3,1500,768x432,1.9703739999999996,,
2025-12-19T13:02:20.602Z,2.241,2,1000,640x360,1.991852999999999,,
2025-12-19T13:02:20.681Z,2.153,3,1500,768x432,1.912384000000003,,
2025-12-19T13:02:21.023Z,2.209,3,1500,768x432,1.9576059999999984,,
2025-12-19T13:02:21.529Z,2.209,3,1500,768x432,1.9601150000000018,,
2025-12-19T13:02:22.032Z,2.199,3,1500,768x432,1.9477759999999975,,
2025-12-19T13:02:22.539Z,2.226,3,1500,768x432,1.9420509999999993,,
2025-12-19T13:02:23.030Z,2.202,3,1500,768x432,1.9527259999999984,,
2025-12-19T13:02:23.535Z,2.234,3,1500,768x432,1.9521039999999985,,
2025-12-19T13:02:23.737Z,2.16,2,1000,640x360,1.9603790000000032,,
2025-12-19T13:02:23.817Z,2.018,3,1500,768x432,1.9743139999999997,,
2025-12-19T13:02:24.049Z,2.181,3,1500,768x432,1.930615000000003,,
2025-12-19T13:02:24.516Z,2.238,3,1500,768x432,1.967013999999999,,
2025-12-19T13:02:25.014Z,2.219,3,1500,768x432,1.9657519999999948,,
2025-12-19T13:02:25.512Z,2.224,3,1500,768x432,1.9768320000000017,,
2025-12-19T13:02:26.016Z,2.216,3,1500,768x432,1.9655309999999986,,
2025-12-19T13:02:26.510Z,2.231,3,1500,768x432,1.9813659999999942,,
2025-12-19T13:02:26.749Z,2.243,2,1000,640x360,1.9492490000000018,,
2025-12-19T13:02:26.828Z,1.973,3,1500,768x432,1.961855,,
2025-12-19T13:02:27.057Z,2.169,3,1500,768x432,1.9263939999999948,,
2025-12-19T13:02:27.503Z,2.234,3,1500,768x432,1.9858049999999992,,
2025-12-19T13:02:28.006Z,2.222,3,1500,768x432,1.975125999999996,,
2025-12-19T13:02:28.503Z,2.231,3,1500,768x432,1.9798839999999984,,
2025-12-19T13:02:29.014Z,2.25,3,1500,768x432,1.9650009999999938,,
2025-12-19T13:02:29.536Z,2.203,3,1500,768x432,1.9491329999999962,,
2025-12-19T13:02:29.723Z,2.051,2,1000,640x360,1.9607829999999993,,
2025-12-19T13:02:29.801Z,1.965,3,1500,768x432,1.9912339999999986,,
2025-12-19T13:02:30.033Z,2.197,3,1500,768x432,1.9510800000000046,,
2025-12-19T13:02:30.566Z,2.172,3,1500,768x432,1.9268900000000002,,
2025-12-19T13:02:30.999Z,2.235,3,1500,768x432,1.9822149999999965,,
2025-12-19T13:02:31.507Z,2.228,3,1500,768x432,1.9746880000000004,,
2025-12-19T13:02:32.018Z,2.214,3,1500,768x432,1.962691999999997,,
2025-12-19T13:02:32.495Z,2.237,3,1500,768x432,1.9873880000000028,,
2025-12-19T13:02:32.744Z,2.122,2,1000,640x360,1.9417590000000047,,
2025-12-19T13:02:32.823Z,2.009,3,1500,768x432,1.9577760000000026,,
2025-12-19T13:02:33.034Z,2.195,3,1500,768x432,1.948439999999998,,
2025-12-19T13:02:33.514Z,2.221,3,1500,768x432,1.9712999999999994,,
2025-12-19T13:02:34.019Z,2.212,3,1500,768x432,1.9593479999999985,,
2025-12-19T13:02:34.503Z,2.235,3,1500,768x432,1.9876839999999945,,
2025-12-19T13:02:35.021Z,2.212,3,1500,768x432,1.959738999999999,,
2025-12-19T13:02:35.505Z,2.239,3,1500,768x432,1.9890019999999993,,
2025-12-19T13:02:35.750Z,2.212,2,1000,640x360,1.9428940000000026,,
2025-12-19T13:02:35.829Z,1.944,3,1500,768x432,1.9635060000000024,,
2025-12-19T13:02:36.060Z,2.167,3,1500,768x432,1.922742999999997,,
2025-12-19T13:02:36.509Z,2.227,3,1500,768x432,1.9742919999999984,,
2025-12-19T13:02:37.015Z,2.219,3,1500,768x432,1.9656519999999986,,
2025-12-19T13:02:37.518Z,2.218,3,1500,768x432,1.9668550000000025,,
2025-12-19T13:02:38.015Z,2.214,3,1500,768x432,1.964457000000003,,
2025-12-19T13:02:38.516Z,2.225,3,1500,768x432,1.9715359999999933,,
2025-12-19T13:02:38.773Z,2.011,2,1000,640x360,1.9137959999999978,,
2025-12-19T13:02:38.853Z,1.983,3,1500,768x432,1.9439719999999951,,
2025-12-19T13:02:38.990Z,2.264,3,1500,768x432,1.9929449999999989,,
2025-12-19T13:02:39.474Z,2.271,3,1500,768x432,1.9204519999999974,,
2025-12-19T13:02:39.992Z,2.241,3,1500,768x432,1.990478000000003,,
2025-12-19T13:02:40.503Z,2.227,3,1500,768x432,1.9799099999999967,,
2025-12-19T13:02:41.014Z,2.218,3,1500,768x432,1.9684640000000044,,
2025-12-19T13:02:41.516Z,2.223,3,1500,768x432,1.9691289999999952,,
2025-12-19T13:02:41.646Z,2.237,2,1000,640x360,1.9420650000000066,,
2025-12-19T13:02:41.722Z,2.091,3,1500,768x432,1.9597519999999946,,
2025-12-19T13:02:42.035Z,2.218,3,1500,768x432,1.9527789999999996,,
2025-12-19T13:02:42.501Z,2.25,3,1500,768x432,1.9898960000000017,,
2025-12-19T13:02:43.008Z,2.245,3,1500,768x432,1.971504000000003,,
2025-12-19T13:02:43.640Z,2.105,3,1500,768x432,1.95026399999999,,
2025-12-19T13:02:44.015Z,2.221,3,1500,768x432,1.9656160000000042,,
2025-12-19T13:02:44.507Z,2.243,3,1500,768x432,1.9962529999999958,,
2025-12-19T13:02:44.782Z,2.007,2,1000,640x360,2.0075300000000027,,
2025-12-19T13:02:44.860Z,1.913,3,1500,768x432,1.9278500000000065,,
2025-12-19T13:02:45.077Z,2.178,3,1500,768x432,1.908615999999995,,
2025-12-19T13:02:45.532Z,2.204,3,1500,768x432,1.9504069999999984,,
2025-12-19T13:02:46.017Z,2.215,3,1500,768x432,1.9627169999999978,,
2025-12-19T13:02:46.610Z,2.201,3,1500,768x432,1.9737630000000053,,
2025-12-19T13:02:46.998Z,2.232,3,1500,768x432,1.9854659999999882,,
2025-12-19T13:02:47.505Z,2.238,3,1500,768x432,1.9861140000000006,,
2025-12-19T13:02:47.844Z,1.984,2,1000,640x360,1.9438289999999938,,
2025-12-19T13:02:47.997Z,2.23,2,1000,640x360,1.9860900000000044,,
2025-12-19T13:02:48.078Z,2.217,3,1500,768x432,1.9040880000000016,,
2025-12-19T13:02:48.525Z,2.256,3,1500,768x432,1.9750650000000007,,
2025-12-19T13:02:49.074Z,2.24,3,1500,768x432,1.9084399999999988,,
2025-12-19T13:02:49.591Z,2.229,3,1500,768x432,2.0005039999999923,,
2025-12-19T13:02:50.016Z,2.214,3,1500,768x432,1.9656269999999978,,
2025-12-19T13:02:50.483Z,2.266,3,1500,768x432,2.0035199999999946,,
2025-12-19T13:02:50.857Z,2.065,2,1000,640x360,1.9291489999999953,,
2025-12-19T13:02:51.023Z,2.206,2,1000,640x360,1.9605239999999924,,
2025-12-19T13:02:51.088Z,2.229,3,1500,768x432,1.8940009999999887,,
2025-12-19T13:02:51.557Z,2.203,3,1500,768x432,1.9298399999999987,,
2025-12-19T13:02:52.068Z,2.172,3,1500,768x432,1.9116750000000025,,
2025-12-19T13:02:52.485Z,2.261,3,1500,768x432,2.013964999999999,,
2025-12-19T13:02:52.990Z,2.235,3,1500,768x432,1.9915380000000056,,
2025-12-19T13:02:53.503Z,2.228,3,1500,768x432,1.9826359999999994,,
2025-12-19T13:02:53.807Z,1.988,2,1000,640x360,1.974615,,
2025-12-19T13:02:54.037Z,2.19,2,1000,640x360,1.9470489999999927,,
2025-12-19T13:02:54.104Z,2.215,3,1500,768x432,1.9832269999999994,,
2025-12-19T13:02:54.484Z,2.253,3,1500,768x432,2.0022989999999936,,
2025-12-19T13:02:55.008Z,2.224,3,1500,768x432,1.9748340000000013,,
2025-12-19T13:02:55.529Z,2.204,3,1500,768x432,1.959898999999993,,
2025-12-19T13:02:56.087Z,2.137,3,1500,768x432,1.993629999999996,,
2025-12-19T13:02:56.475Z,2.295,3,1500,768x432,1.9224530000000044,,
2025-12-19T13:02:56.839Z,1.946,2,1000,640x360,1.9479829999999936,,
2025-12-19T13:02:57.019Z,2.235,2,1000,640x360,1.9652329999999978,,
2025-12-19T13:02:57.089Z,2.176,3,1500,768x432,1.894832000000008,,
2025-12-19T13:02:57.584Z,2.152,3,1500,768x432,2.0003130000000056,,
2025-12-19T13:02:58.076Z,2.221,3,1500,768x432,1.908896999999996,,
2025-12-19T13:02:58.532Z,2.203,3,1500,768x432,1.9524959999999965,,
2025-12-19T13:02:59.028Z,2.206,3,1500,768x432,1.9514920000000018,,
2025-12-19T13:02:59.537Z,2.2,3,1500,768x432,1.9497620000000069,,
2025-12-19T13:03:00.038Z,2.194,3,1500,768x432,1.9406220000000047,,
2025-12-19T13:03:00.110Z,2.213,2,1000,640x360,1.9740999999999929,,
2025-12-19T13:03:00.188Z,2.143,3,1500,768x432,1.9039939999999973,,
2025-12-19T13:03:00.530Z,2.21,3,1500,768x432,1.964997000000011,,
2025-12-19T13:03:01.020Z,2.215,3,1500,768x432,1.9588920000000059,,
2025-12-19T13:03:01.541Z,2.24,3,1500,768x432,1.956111000000007,,
2025-12-19T13:03:02.023Z,2.215,3,1500,768x432,1.9602629999999976,,
2025-12-19T13:03:02.532Z,2.235,3,1500,768x432,1.9555519999999973,,
2025-12-19T13:03:02.969Z,2.267,3,1500,768x432,1.9126800000000088,,
2025-12-19T13:03:03.114Z,2.283,2,1000,640x360,1.972699999999989,,
2025-12-19T13:03:03.190Z,2.075,3,1500,768x432,1.8962719999999962,,
2025-12-19T13:03:03.490Z,2.243,3,1500,768x432,1.9905049999999989,,
2025-12-19T13:03:03.992Z,2.239,3,1500,768x432,1.9875830000000008,,
2025-12-19T13:03:04.499Z,2.239,3,1500,768x432,1.9887859999999904,,
2025-12-19T13:03:05.019Z,2.214,3,1500,768x432,1.960250000000002,,
2025-12-19T13:03:05.573Z,2.162,3,1500,768x432,1.9194909999999936,,
2025-12-19T13:03:06.074Z,2.18,3,1500,768x432,1.9126850000000104,,
2025-12-19T13:03:06.221Z,2.155,2,1000,640x360,1.9745390000000071,,
2025-12-19T13:03:06.299Z,2.033,3,1500,768x432,1.989943000000011,,
2025-12-19T13:03:06.587Z,2.139,3,1500,768x432,1.9951489999999978,,
2025-12-19T13:03:07.114Z,2.125,3,1500,768x432,1.9697829999999925,,
2025-12-19T13:03:07.626Z,2.106,3,1500,768x432,1.9570350000000047,,
2025-12-19T13:03:08.103Z,2.151,3,1500,768x432,1.977326000000005,,
2025-12-19T13:03:08.569Z,2.166,3,1500,768x432,1.9148519999999962,,
2025-12-19T13:03:09.079Z,2.173,3,1500,768x432,1.9033179999999987,,
2025-12-19T13:03:09.597Z,2.139,3,1500,768x432,1.9983229999999992,,
2025-12-19T13:03:10.083Z,2.151,3,1500,768x432,1.9989889999999946,,
2025-12-19T13:03:10.241Z,2.169,2,1000,640x360,1.9425279999999958,,
2025-12-19T13:03:10.318Z,1.946,3,1500,768x432,1.9634090000000128,,
2025-12-19T13:03:10.643Z,2.103,3,1500,768x432,1.9378930000000025,,
2025-12-19T13:03:11.038Z,2.191,3,1500,768x432,1.9430949999999996,,
2025-12-19T13:03:11.506Z,2.23,3,1500,768x432,1.9787639999999982,,
2025-12-19T13:03:12.046Z,2.188,3,1500,768x432,1.9375769999999903,,
2025-12-19T13:03:12.589Z,2.145,3,1500,768x432,1.992401000000001,,
2025-12-19T13:03:13.011Z,2.212,3,1500,768x432,1.96850400000001,,
2025-12-19T13:03:13.535Z,2.222,3,1500,768x432,1.9490619999999979,,
2025-12-19T13:03:13.664Z,2.222,2,1000,640x360,1.9196950000000044,,
2025-12-19T13:03:13.743Z,2.091,3,1500,768x432,1.9432269999999932,,
2025-12-19T13:03:14.063Z,2.169,3,1500,768x432,1.9162779999999913,,
2025-12-19T13:03:14.472Z,2.27,3,1500,768x432,1.9245630000000062,,
2025-12-19T13:03:15.024Z,2.207,3,1500,768x432,1.956827000000004,,
2025-12-19T13:03:15.485Z,2.244,3,1500,768x432,1.9976709999999969,,
2025-12-19T13:03:16.000Z,2.253,3,1500,768x432,1.9817989999999952,,
2025-12-19T13:03:16.559Z,2.211,3,1500,768x432,1.9287839999999932,,
2025-12-19T13:03:16.679Z,2.2,2,1000,640x360,1.9049930000000046,,
2025-12-19T13:03:16.758Z,2.025,3,1500,768x432,1.9251260000000059,,
2025-12-19T13:03:17.010Z,2.217,3,1500,768x432,1.975906000000009,,
2025-12-19T13:03:17.503Z,2.226,3,1500,768x432,1.980633999999995,,
2025-12-19T13:03:18.016Z,2.212,3,1500,768x432,1.9627559999999988,,
2025-12-19T13:03:18.536Z,2.201,3,1500,768x432,1.956440999999998,,
2025-12-19T13:03:19.041Z,2.192,3,1500,768x432,1.9379179999999963,,
2025-12-19T13:03:19.547Z,2.186,3,1500,768x432,1.9389690000000002,,
2025-12-19T13:03:19.746Z,2.107,2,1000,640x360,1.9410079999999965,,
2025-12-19T13:03:19.823Z,1.972,3,1500,768x432,1.9566060000000078,,
2025-12-19T13:03:20.066Z,2.165,3,1500,768x432,1.9123299999999972,,
2025-12-19T13:03:20.525Z,2.244,3,1500,768x432,1.9628020000000106,,
2025-12-19T13:03:21.009Z,2.221,3,1500,768x432,1.9761309999999952,,
2025-12-19T13:03:21.509Z,2.222,3,1500,768x432,1.982489000000001,,
2025-12-19T13:03:22.022Z,2.209,3,1500,768x432,1.9622019999999907,,
2025-12-19T13:03:22.559Z,2.198,3,1500,768x432,1.9273430000000076,,
2025-12-19T13:03:22.847Z,1.918,2,1000,640x360,1.935424999999995,,
2025-12-19T13:03:22.996Z,2.256,2,1000,640x360,1.9830100000000073,,
2025-12-19T13:03:23.066Z,2.256,3,1500,768x432,1.9124649999999974,,
2025-12-19T13:03:23.499Z,2.228,3,1500,768x432,1.9810230000000075,,
2025-12-19T13:03:23.999Z,2.23,3,1500,768x432,1.9806370000000015,,
2025-12-19T13:03:24.553Z,2.19,3,1500,768x432,1.9320909999999998,,
2025-12-19T13:03:25.014Z,2.214,3,1500,768x432,1.966011999999992,,
2025-12-19T13:03:25.513Z,2.226,3,1500,768x432,1.977755000000002,,
2025-12-19T13:03:25.743Z,2.248,2,1000,640x360,1.9440869999999961,,
2025-12-19T13:03:25.819Z,1.997,3,1500,768x432,1.9755229999999955,,
2025-12-19T13:03:26.046Z,2.188,3,1500,768x432,1.9359099999999927,,
2025-12-19T13:03:26.507Z,2.257,3,1500,768x432,1.973702000000003,,
2025-12-19T13:03:26.971Z,2.286,3,1500,768x432,1.9096870000000052,,
2025-12-19T13:03:27.477Z,2.262,3,1500,768x432,1.9095729999999946,,
2025-12-19T13:03:27.986Z,2.267,3,1500,768x432,1.996261000000004,,
2025-12-19T13:03:28.513Z,2.22,3,1500,768x432,1.9702649999999977,,
2025-12-19T13:03:28.658Z,2.124,2,1000,640x360,1.9237069999999932,,
2025-12-19T13:03:28.735Z,2.081,3,1500,768x432,1.9470159999999908,,
2025-12-19T13:03:28.989Z,2.264,3,1500,768x432,1.9958939999999927,,
2025-12-19T13:03:29.496Z,2.243,3,1500,768x432,1.991810000000001,,
2025-12-19T13:03:29.995Z,2.236,3,1500,768x432,1.9893579999999957,,
2025-12-19T13:03:30.552Z,2.191,3,1500,768x432,1.940456999999995,,
2025-12-19T13:03:31.026Z,2.208,3,1500,768x432,1.9555900000000008,,
2025-12-19T13:03:31.587Z,2.236,3,1500,768x432,2.002721000000008,,
2025-12-19T13:03:31.711Z,2.157,2,1000,640x360,1.974490000000003,,
2025-12-19T13:03:31.789Z,2.043,3,1500,768x432,1.895865999999998,,
2025-12-19T13:03:31.992Z,2.235,3,1500,768x432,1.9886709999999965,,
2025-12-19T13:03:32.571Z,2.164,3,1500,768x432,1.9101619999999997,,
2025-12-19T13:03:33.007Z,2.224,3,1500,768x432,1.9726980000000083,,
2025-12-19T13:03:33.515Z,2.256,3,1500,768x432,1.971780999999993,,
2025-12-19T13:03:34.065Z,2.165,3,1500,768x432,1.9157840000000022,,
2025-12-19T13:03:34.518Z,2.224,3,1500,768x432,1.9726990000000058,,
2025-12-19T13:03:34.788Z,2.012,2,1000,640x360,1.9972170000000062,,
2025-12-19T13:03:34.971Z,2.264,2,1000,640x360,1.9118090000000052,,
2025-12-19T13:03:35.053Z,2.284,3,1500,768x432,1.9422770000000043,,
2025-12-19T13:03:35.551Z,2.214,3,1500,768x432,1.9305190000000039,,
2025-12-19T13:03:36.007Z,2.223,3,1500,768x432,1.9770500000000055,,
2025-12-19T13:03:36.506Z,2.224,3,1500,768x432,1.9784120000000058,,
2025-12-19T13:03:37.015Z,2.218,3,1500,768x432,1.9649280000000005,,
2025-12-19T13:03:37.509Z,2.223,3,1500,768x432,1.979212000000004,,
2025-12-19T13:03:37.706Z,2.127,2,1000,640x360,1.9777600000000035,,
2025-12-19T13:03:37.786Z,2.049,3,1500,768x432,1.8972949999999997,,
2025-12-19T13:03:38.023Z,2.24,3,1500,768x432,1.9600619999999935,,
2025-12-19T13:03:38.519Z,2.224,3,1500,768x432,1.9709260000000057,,
2025-12-19T13:03:39.011Z,2.219,3,1500,768x432,1.9748639999999966,,
2025-12-19T13:03:39.517Z,2.23,3,1500,768x432,1.978983999999997,,
2025-12-19T13:03:40.002Z,2.228,3,1500,768x432,1.9817779999999914,,
2025-12-19T13:03:40.574Z,2.154,3,1500,768x432,1.9117370000000022,,
2025-12-19T13:03:40.772Z,2.126,2,1000,640x360,1.9080760000000083,,
2025-12-19T13:03:40.851Z,1.98,3,1500,768x432,1.929983000000007,,
2025-12-19T13:03:41.056Z,2.176,3,1500,768x432,1.9289389999999997,,
2025-12-19T13:03:41.501Z,2.236,3,1500,768x432,1.9891259999999988,,
2025-12-19T13:03:42.049Z,2.182,3,1500,768x432,1.9304949999999934,,
2025-12-19T13:03:42.487Z,2.253,3,1500,768x432,2.0085499999999996,,
2025-12-19T13:03:42.984Z,2.247,3,1500,768x432,1.997015999999988,,
2025-12-19T13:03:43.572Z,2.175,3,1500,768x432,1.926828999999998,,
2025-12-19T13:03:43.767Z,2.021,2,1000,640x360,1.9219819999999999,,
2025-12-19T13:03:43.847Z,1.94,3,1500,768x432,1.9473579999999941,,
2025-12-19T13:03:44.075Z,2.16,3,1500,768x432,1.909013999999999,,
2025-12-19T13:03:44.507Z,2.227,3,1500,768x432,1.9776099999999985,,
2025-12-19T13:03:44.993Z,2.241,3,1500,768x432,1.9894230000000022,,
2025-12-19T13:03:45.519Z,2.216,3,1500,768x432,1.9663630000000012,,
2025-12-19T13:03:46.047Z,2.183,3,1500,768x432,1.9352690000000052,,
2025-12-19T13:03:46.476Z,2.263,3,1500,768x432,1.9167470000000009,,
2025-12-19T13:03:46.738Z,2.146,2,1000,640x360,1.9456499999999863,,
2025-12-19T13:03:46.816Z,2.018,3,1500,768x432,1.9768350000000083,,
2025-12-19T13:03:47.011Z,2.215,3,1500,768x432,1.9686379999999986,,
2025-12-19T13:03:47.484Z,2.281,3,1500,768x432,2.009063000000012,,
2025-12-19T13:03:47.987Z,2.248,3,1500,768x432,1.9966320000000195,,
2025-12-19T13:03:48.520Z,2.232,3,1500,768x432,1.979421000000002,,
2025-12-19T13:03:49.031Z,2.206,3,1500,768x432,1.953267000000011,,
2025-12-19T13:03:49.595Z,2.151,3,1500,768x432,1.9891870000000154,,
2025-12-19T13:03:49.764Z,2.095,2,1000,640x360,1.9220590000000186,,
2025-12-19T13:03:49.844Z,1.974,3,1500,768x432,1.9376869999999826,,
2025-12-19T13:03:50.062Z,2.168,3,1500,768x432,1.9211970000000065,,
2025-12-19T13:03:50.508Z,2.23,3,1500,768x432,1.9807519999999954,,
2025-12-19T13:03:50.997Z,2.232,3,1500,768x432,1.9832940000000008,,
2025-12-19T13:03:51.507Z,2.257,3,1500,768x432,1.9851250000000107,,
2025-12-19T13:03:51.993Z,2.239,3,1500,768x432,1.990946000000008,,
2025-12-19T13:03:52.512Z,2.236,3,1500,768x432,1.985478999999998,,
2025-12-19T13:03:52.678Z,2.184,2,1000,640x360,1.9143410000000074,,
2025-12-19T13:03:52.757Z,2.034,3,1500,768x432,1.932752999999991,,
2025-12-19T13:03:52.996Z,2.241,3,1500,768x432,1.9893370000000061,,
2025-12-19T13:03:53.518Z,2.217,3,1500,768x432,1.962996000000004,,
2025-12-19T13:03:54.028Z,2.204,3,1500,768x432,1.9520600000000172,,
2025-12-19T13:03:54.500Z,2.236,3,1500,768x432,1.9863810000000228,,
2025-12-19T13:03:55.010Z,2.22,3,1500,768x432,1.9716180000000065,,
2025-12-19T13:03:55.498Z,2.238,3,1500,768x432,1.9919950000000028,,
2025-12-19T13:03:55.648Z,2.14,2,1000,640x360,1.9440490000000068,,
2025-12-19T13:03:55.727Z,2.111,3,1500,768x432,1.9626520000000198,,
2025-12-19T13:03:56.017Z,2.214,3,1500,768x432,1.9643660000000125,,
2025-12-19T13:03:56.518Z,2.223,3,1500,768x432,1.9787650000000099,,
2025-12-19T13:03:56.996Z,2.236,3,1500,768x432,1.986442000000011,,
2025-12-19T13:03:57.515Z,2.215,3,1500,768x432,1.965896000000015,,
2025-12-19T13:03:58.004Z,2.224,3,1500,768x432,1.9800349999999867,,
2025-12-19T13:03:58.513Z,2.22,3,1500,768x432,1.970360999999997,,
2025-12-19T13:03:58.637Z,2.243,2,1000,640x360,1.9605270000000132,,
2025-12-19T13:03:58.716Z,2.051,3,1500,768x432,1.9749920000000145,,
2025-12-19T13:03:59.005Z,2.225,3,1500,768x432,1.9810070000000053,,
2025-12-19T13:03:59.501Z,2.237,3,1500,768x432,1.9892230000000097,,
2025-12-19T13:03:59.999Z,2.231,3,1500,768x432,1.983914999999996,,
2025-12-19T13:04:00.516Z,2.231,3,1500,768x432,1.9815959999999961,,
2025-12-19T13:04:01.012Z,2.22,3,1500,768x432,1.9704729999999984,,
2025-12-19T13:04:01.507Z,2.224,3,1500,768x432,1.9767770000000269,,
2025-12-19T13:04:01.618Z,2.248,2,1000,640x360,1.9737149999999986,,
2025-12-19T13:04:01.695Z,2.135,3,1500,768x432,1.989684000000011,,
2025-12-19T13:04:02.012Z,2.221,3,1500,768x432,1.969284000000016,,
2025-12-19T13:04:02.521Z,2.213,3,1500,768x432,1.9590760000000103,,
2025-12-19T13:04:03.013Z,2.218,3,1500,768x432,1.9726200000000063,,
2025-12-19T13:04:03.504Z,2.231,3,1500,768x432,1.9824759999999912,,
2025-12-19T13:04:04.003Z,2.224,3,1500,768x432,1.9828270000000146,,
2025-12-19T13:04:04.498Z,2.242,3,1500,768x432,1.994322000000011,,
2025-12-19T13:04:04.566Z,2.23,2,1000,640x360,1.9247290000000135,,
2025-12-19T13:04:04.643Z,2.145,3,1500,768x432,1.9513399999999876,,
2025-12-19T13:04:05.025Z,2.21,3,1500,768x432,1.9556369999999959,,
2025-12-19T13:04:05.530Z,2.223,3,1500,768x432,1.9708320000000015,,
2025-12-19T13:04:06.028Z,2.211,3,1500,768x432,1.962898999999993,,
2025-12-19T13:04:06.522Z,2.225,3,1500,768x432,1.9681390000000079,,
2025-12-19T13:04:07.016Z,2.216,3,1500,768x432,1.9681740000000048,,
2025-12-19T13:04:07.495Z,2.234,3,1500,768x432,1.9870730000000094,,
2025-12-19T13:04:07.733Z,2.033,2,1000,640x360,1.9589969999999823,,
2025-12-19T13:04:07.812Z,2.02,3,1500,768x432,1.9729640000000188,,
2025-12-19T13:04:08.052Z,2.174,3,1500,768x432,1.9296310000000005,,
2025-12-19T13:04:08.517Z,2.221,3,1500,768x432,1.9734579999999937,,
2025-12-19T13:04:09.046Z,2.189,3,1500,768x432,1.9331439999999986,,
2025-12-19T13:04:09.511Z,2.244,3,1500,768x432,1.9846140000000219,,
2025-12-19T13:04:10.062Z,2.25,3,1500,768x432,1.9206450000000075,,
2025-12-19T13:04:10.514Z,2.227,3,1500,768x432,1.9711420000000146,,
2025-12-19T13:04:10.844Z,2.03,2,1000,640x360,1.9425609999999836,,
2025-12-19T13:04:11.007Z,2.246,2,1000,640x360,1.9782810000000097,,
2025-12-19T13:04:11.079Z,2.245,3,1500,768x432,1.9067029999999932,,
2025-12-19T13:04:11.520Z,2.233,3,1500,768x432,1.9593100000000163,,
2025-12-19T13:04:11.984Z,2.246,3,1500,768x432,1.999258999999995,,
2025-12-19T13:04:12.464Z,2.271,3,1500,768x432,1.9241089999999872,,
2025-12-19T13:04:12.968Z,2.264,3,1500,768x432,1.911124000000001,,
2025-12-19T13:04:13.508Z,2.225,3,1500,768x432,1.9858059999999966,,
2025-12-19T13:04:13.654Z,2.149,2,1000,640x360,1.932738999999998,,
2025-12-19T13:04:13.732Z,2.105,3,1500,768x432,1.9533729999999991,,
2025-12-19T13:04:14.008Z,2.224,3,1500,768x432,1.9726950000000159,,
2025-12-19T13:04:14.539Z,2.194,3,1500,768x432,1.94278300000002,,
2025-12-19T13:04:15.012Z,2.241,3,1500,768x432,1.9694810000000018,,
2025-12-19T13:04:15.519Z,2.218,3,1500,768x432,1.9679369999999778,,
2025-12-19T13:04:16.050Z,2.202,3,1500,768x432,1.9315579999999954,,
2025-12-19T13:04:16.596Z,2.216,3,1500,768x432,1.990302999999983,,
2025-12-19T13:04:16.848Z,1.997,2,1000,640x360,1.9413859999999943,,
2025-12-19T13:04:17.008Z,2.216,2,1000,640x360,1.97737699999999,,
2025-12-19T13:04:17.082Z,2.23,3,1500,768x432,1.902466000000004,,
2025-12-19T13:04:17.516Z,2.255,3,1500,768x432,1.9732860000000016,,
2025-12-19T13:04:18.025Z,2.208,3,1500,768x432,1.9559150000000045,,
2025-12-19T13:04:18.585Z,2.142,3,1500,768x432,1.9959910000000036,,
2025-12-19T13:04:18.981Z,2.25,3,1500,768x432,1.999652999999995,,
2025-12-19T13:04:19.476Z,2.258,3,1500,768x432,1.9080530000000238,,
2025-12-19T13:04:19.813Z,1.974,2,1000,640x360,1.9681629999999757,,
2025-12-19T13:04:20.032Z,2.277,2,1000,640x360,1.9562299999999766,,
2025-12-19T13:04:20.111Z,2.167,3,1500,768x432,1.9730309999999918,,
2025-12-19T13:04:20.535Z,2.228,3,1500,768x432,1.944109999999995,,
2025-12-19T13:04:20.969Z,2.261,3,1500,768x432,1.9170210000000054,,
2025-12-19T13:04:21.500Z,2.231,3,1500,768x432,1.9875959999999964,,
2025-12-19T13:04:21.992Z,2.238,3,1500,768x432,1.9894100000000208,,
2025-12-19T13:04:22.509Z,2.227,3,1500,768x432,1.9808240000000126,,
2025-12-19T13:04:22.721Z,2.163,2,1000,640x360,1.9789580000000058,,
2025-12-19T13:04:22.785Z,2.037,3,1500,768x432,1.913488000000001,,
2025-12-19T13:04:23.028Z,2.206,3,1500,768x432,1.952635000000015,,
2025-12-19T13:04:23.603Z,2.13,3,1500,768x432,1.9839450000000056,,
2025-12-19T13:04:23.998Z,2.236,3,1500,768x432,1.9866109999999821,,
2025-12-19T13:04:24.507Z,2.23,3,1500,768x432,1.9821879999999794,,
2025-12-19T13:04:24.996Z,2.227,3,1500,768x432,1.9819899999999961,,
2025-12-19T13:04:25.472Z,2.283,3,1500,768x432,1.9111529999999846,,
2025-12-19T13:04:25.740Z,2.235,2,1000,640x360,1.9426640000000077,,
2025-12-19T13:04:25.818Z,1.963,3,1500,768x432,1.9736750000000143,,
2025-12-19T13:04:26.065Z,2.188,3,1500,768x432,1.914855000000017,,
2025-12-19T13:04:26.529Z,2.231,3,1500,768x432,1.9588370000000168,,
2025-12-19T13:04:27.044Z,2.193,3,1500,768x432,1.9370620000000258,,
2025-12-19T13:04:27.506Z,2.258,3,1500,768x432,1.976161000000019,,
2025-12-19T13:04:28.001Z,2.229,3,1500,768x432,1.9803480000000206,,
2025-12-19T13:04:28.543Z,2.2,3,1500,768x432,1.9486320000000035,,
2025-12-19T13:04:28.989Z,2.242,3,1500,768x432,1.9997479999999825,,
2025-12-19T13:04:29.068Z,2.263,2,1000,640x360,1.9203409999999792,,
2025-12-19T13:04:29.146Z,2.184,3,1500,768x432,1.9456340000000125,,
2025-12-19T13:04:29.478Z,2.293,3,1500,768x432,1.9111300000000142,,
2025-12-19T13:04:29.990Z,2.24,3,1500,768x432,1.9915239999999983,,
2025-12-19T13:04:30.620Z,2.108,3,1500,768x432,1.962209999999999,,
2025-12-19T13:04:31.010Z,2.222,3,1500,768x432,1.969210000000004,,
2025-12-19T13:04:31.507Z,2.234,3,1500,768x432,1.9809910000000173,,
2025-12-19T13:04:31.836Z,2.131,2,1000,640x360,1.960632000000004,,
2025-12-19T13:04:32.011Z,2.217,2,1000,640x360,1.969572999999997,,
2025-12-19T13:04:32.087Z,2.242,3,1500,768x432,1.8924450000000093,,
2025-12-19T13:04:32.493Z,2.251,3,1500,768x432,1.990731000000011,,
2025-12-19T13:04:33.009Z,2.218,3,1500,768x432,1.9722170000000006,,
2025-12-19T13:04:33.478Z,2.262,3,1500,768x432,1.9126169999999831,,
2025-12-19T13:04:34.020Z,2.234,3,1500,768x432,1.9602399999999989,,
2025-12-19T13:04:34.536Z,2.196,3,1500,768x432,1.9444170000000156,,
2025-12-19T13:04:34.709Z,2.202,2,1000,640x360,1.9738199999999892,,
2025-12-19T13:04:34.788Z,2.044,3,1500,768x432,1.8946660000000008,,
2025-12-19T13:04:35.030Z,2.204,3,1500,768x432,1.9505479999999977,,
2025-12-19T13:04:35.567Z,2.191,3,1500,768x432,1.9200230000000147,,
2025-12-19T13:04:36.068Z,2.169,3,1500,768x432,1.9101650000000063,,
2025-12-19T13:04:36.561Z,2.172,3,1500,768x432,1.920880000000011,,
2025-12-19T13:04:37.057Z,2.173,3,1500,768x432,1.9217319999999916,,
2025-12-19T13:04:37.565Z,2.173,3,1500,768x432,1.923846000000026,,
2025-12-19T13:04:38.052Z,2.184,3,1500,768x432,1.9335279999999955,,
2025-12-19T13:04:38.235Z,2.2,2,1000,640x360,1.97294500000001,,
2025-12-19T13:04:38.315Z,2,3,1500,768x432,1.9885069999999985,,
2025-12-19T13:04:38.583Z,2.16,3,1500,768x432,2.0109309999999994,,
2025-12-19T13:04:39.063Z,2.173,3,1500,768x432,1.9181480000000022,,
2025-12-19T13:04:39.528Z,2.208,3,1500,768x432,1.961687000000012,,
2025-12-19T13:04:40.033Z,2.201,3,1500,768x432,1.9477420000000052,,
2025-12-19T13:04:40.527Z,2.232,3,1500,768x432,1.9589959999999849,,
2025-12-19T13:04:41.001Z,2.23,3,1500,768x432,1.9812430000000063,,
2025-12-19T13:04:41.514Z,2.222,3,1500,768x432,1.9725970000000075,,
2025-12-19T13:04:42.022Z,2.208,3,1500,768x432,1.9588430000000017,,
2025-12-19T13:04:42.543Z,2.199,3,1500,768x432,1.9474360000000104,,
2025-12-19T13:04:43.122Z,2.105,3,1500,768x432,1.9641049999999893,,
2025-12-19T13:04:43.538Z,2.214,3,1500,768x432,1.959797000000009,,
2025-12-19T13:04:44.042Z,2.224,3,1500,768x432,1.9404529999999909,,
2025-12-19T13:04:44.534Z,2.203,3,1500,768x432,1.9508500000000026,,
2025-12-19T13:04:45.036Z,2.198,3,1500,768x432,1.9455670000000111,,
2025-12-19T13:04:45.701Z,2.078,3,1500,768x432,1.9860590000000116,,
2025-12-19T13:04:46.670Z,1.614,3,1500,768x432,1.9238809999999944,,
2025-12-19T13:04:47.563Z,1.228,3,1500,768x432,1.9309379999999976,,
2025-12-19T13:04:48.479Z,0.814,3,1500,768x432,1.9027930000000026,,
2025-12-19T13:04:49.421Z,0.359,3,1500,768x432,1.9656090000000006,,
2025-12-19T13:04:49.487Z,0.329,2,1000,640x360,1.8992690000000039,,
2025-12-19T13:04:49.488Z,0.269,2,1000,640x360,2.003473000000014,,rebuffer happen
2025-12-19T13:04:50.061Z,0.177,2,1000,640x360,1.9229899999999986,,
2025-12-19T13:04:50.141Z,0.195,1,600,480x270,1.9503100000000018,,
2025-12-19T13:04:50.248Z,0.023,1,600,480x270,1.9619109999999864,,rebuffer happen
2025-12-19T13:04:50.623Z,0.22,1,600,480x270,2.0546010000000194,,
2025-12-19T13:04:50.705Z,0.153,0,200,320x180,2.083266000000009,,
2025-12-19T13:04:50.819Z,0.523,0,200,320x180,2.0563169999999786,,
2025-12-19T13:04:50.892Z,0.522,3,1500,768x432,2.0686620000000175,,
2025-12-19T13:04:51.037Z,0.28,3,1500,768x432,2.0170499999999834,,rebuffer happen
2025-12-19T13:04:51.783Z,0.023,3,1500,768x432,2.0850829999999974,,rebuffer happen
2025-12-19T13:04:51.796Z,0.023,3,1500,768x432,2.0850829999999974,,
2025-12-19T13:04:51.832Z,0.024,2,1000,640x360,2.053125999999992,,rebuffer happen
2025-12-19T13:04:51.871Z,0.024,2,1000,640x360,2.053125999999992,,
2025-12-19T13:04:52.415Z,0.121,2,1000,640x360,2.2522479999999803,,
2025-12-19T13:04:52.481Z,0.112,1,600,480x270,2.185875999999979,,
2025-12-19T13:04:52.499Z,0.028,1,600,480x270,2.2561469999999986,,rebuffer happen
2025-12-19T13:04:52.844Z,0.271,1,600,480x270,2.3034549999999854,,
2025-12-19T13:04:52.915Z,0.247,0,200,320x180,2.3354579999999885,,
2025-12-19T13:04:53.040Z,0.492,0,200,320x180,2.305589000000026,,
2025-12-19T13:04:53.116Z,0.576,3,1500,768x432,2.318099000000018,,
2025-12-19T13:04:53.342Z,0.273,3,1500,768x432,2.266883999999976,,rebuffer happen
2025-12-19T13:04:53.396Z,0.299,3,1500,768x432,2.2954579999999964,,rebuffer happen
2025-12-19T13:04:53.730Z,0.269,3,1500,768x432,2.2037300000000073,,
2025-12-19T13:04:53.802Z,0.275,2,1000,640x360,2.2395779999999945,,
2025-12-19T13:04:53.984Z,0.021,2,1000,640x360,2.247830999999991,,rebuffer happen
2025-12-19T13:04:54.301Z,0.017,2,1000,640x360,2.2859280000000126,,rebuffer happen
2025-12-19T13:04:54.435Z,0.019,2,1000,640x360,2.248946999999987,,rebuffer happen
2025-12-19T13:04:54.501Z,0.019,2,1000,640x360,2.31648899999999,,rebuffer happen
2025-12-19T13:04:54.551Z,0.024,2,1000,640x360,2.2883019999999874,,rebuffer happen
2025-12-19T13:04:54.561Z,0.024,2,1000,640x360,2.2883019999999874,,
2025-12-19T13:04:54.601Z,0.022,1,600,480x270,2.3527890000000014,,rebuffer happen
2025-12-19T13:04:54.629Z,0.022,1,600,480x270,2.3527890000000014,,
2025-12-19T13:04:54.949Z,0.392,1,600,480x270,2.514944000000014,,
2025-12-19T13:04:55.021Z,0.383,0,200,320x180,2.55120500000001,,
2025-12-19T13:04:55.035Z,0.298,0,200,320x180,2.536982999999992,,rebuffer happen
2025-12-19T13:04:55.133Z,0.588,0,200,320x180,2.5168429999999944,,
2025-12-19T13:04:55.206Z,0.685,2,1000,640x360,2.5200670000000116,,
2025-12-19T13:04:55.546Z,0.195,2,1000,640x360,2.330758000000003,,rebuffer happen
2025-12-19T13:04:55.780Z,0.295,2,1000,640x360,2.24413100000001,,
2025-12-19T13:04:55.860Z,0.313,1,600,480x270,2.2602959999999825,,
2025-12-19T13:04:55.861Z,0.233,1,600,480x270,2.259510999999975,,rebuffer happen
2025-12-19T13:04:56.036Z,0.059,1,600,480x270,2.2945379999999886,,rebuffer happen
2025-12-19T13:04:56.236Z,0.457,1,600,480x270,2.4099729999999795,,
2025-12-19T13:04:56.314Z,0.417,0,200,320x180,2.429737999999986,,
2025-12-19T13:04:56.445Z,0.637,0,200,320x180,2.3460009999999727,,
2025-12-19T13:04:56.517Z,0.675,2,1000,640x360,2.349837000000008,,
2025-12-19T13:04:56.834Z,0.18,2,1000,640x360,2.2149049999999875,,rebuffer happen
2025-12-19T13:04:57.187Z,0.029,2,1000,640x360,2.2621309999999824,,rebuffer happen
2025-12-19T13:04:57.304Z,0.029,2,1000,640x360,2.2606250000000045,,rebuffer happen
2025-12-19T13:04:57.353Z,0.019,2,1000,640x360,2.2172450000000197,,rebuffer happen
2025-12-19T13:04:57.420Z,0.025,2,1000,640x360,2.2923959999999965,,rebuffer happen
2025-12-19T13:04:57.487Z,0.021,2,1000,640x360,2.34882300000001,,rebuffer happen
2025-12-19T13:04:57.570Z,0.023,2,1000,640x360,2.2847639999999956,,rebuffer happen
2025-12-19T13:04:57.586Z,0.023,2,1000,640x360,2.387763999999976,,
2025-12-19T13:04:57.620Z,0.026,1,600,480x270,2.357434999999981,,rebuffer happen
2025-12-19T13:04:57.657Z,0.026,1,600,480x270,2.357434999999981,,
2025-12-19T13:04:57.998Z,0.34,1,600,480x270,2.5711009999999987,,
2025-12-19T13:04:58.080Z,0.344,0,200,320x180,2.4888830000000155,,
2025-12-19T13:04:58.081Z,0.261,0,200,320x180,2.588013999999987,,rebuffer happen
2025-12-19T13:04:58.180Z,0.574,0,200,320x180,2.4802999999999997,,
2025-12-19T13:04:58.250Z,0.652,3,1500,768x432,2.478363999999999,,
2025-12-19T13:04:58.478Z,0.256,3,1500,768x432,2.3627899999999897,,rebuffer happen
2025-12-19T13:04:59.027Z,0.119,3,1500,768x432,2.3428869999999904,,
2025-12-19T13:04:59.110Z,0.111,2,1000,640x360,2.3587070000000097,,
2025-12-19T13:04:59.121Z,0.022,2,1000,640x360,2.3486000000000047,,rebuffer happen
2025-12-19T13:04:59.707Z,0.159,2,1000,640x360,2.6023819999999773,,
2025-12-19T13:04:59.782Z,0.164,1,600,480x270,2.526869999999974,,
2025-12-19T13:04:59.839Z,0.033,0,200,320x180,2.561600999999996,,rebuffer happen
2025-12-19T13:04:59.860Z,0.033,0,200,320x180,2.561600999999996,,
2025-12-19T13:04:59.989Z,0.398,0,200,320x180,2.6859610000000202,,
2025-12-19T13:05:00.062Z,0.45,2,1000,640x360,2.6206300000000056,,
2025-12-19T13:05:00.234Z,0.213,2,1000,640x360,2.5858189999999865,,rebuffer happen
2025-12-19T13:05:00.725Z,0.098,2,1000,640x360,2.527374000000009,,
2025-12-19T13:05:00.789Z,0.029,1,600,480x270,2.5624929999999893,,rebuffer happen
2025-12-19T13:05:00.797Z,0.029,1,600,480x270,2.5624929999999893,,
2025-12-19T13:05:01.336Z,0.091,1,600,480x270,2.638165999999984,,
2025-12-19T13:05:01.406Z,0.105,0,200,320x180,2.676497999999981,,
2025-12-19T13:05:01.423Z,0.019,0,200,320x180,2.659504999999996,,rebuffer happen
2025-12-19T13:05:01.527Z,0.404,0,200,320x180,2.66211100000001,,
2025-12-19T13:05:01.608Z,0.434,2,1000,640x360,2.643437000000006,,
2025-12-19T13:05:01.674Z,0.219,2,1000,640x360,2.5466690000000085,,rebuffer happen
2025-12-19T13:05:02.120Z,0.179,2,1000,640x360,2.513655,,
2025-12-19T13:05:02.199Z,0.186,1,600,480x270,2.5504390000000114,,
2025-12-19T13:05:02.291Z,0.159,1,600,480x270,2.554052999999982,,rebuffer happen
2025-12-19T13:05:02.430Z,0.399,1,600,480x270,2.544522999999998,,
2025-12-19T13:05:02.510Z,0.406,0,200,320x180,2.5647319999999922,,
2025-12-19T13:05:02.604Z,0.709,0,200,320x180,2.5672169999999994,,
2025-12-19T13:05:02.681Z,0.727,2,1000,640x360,2.455539000000016,,
2025-12-19T13:05:03.249Z,0.29,2,1000,640x360,2.2534339999999986,,rebuffer happen
2025-12-19T13:05:03.305Z,0.29,2,1000,640x360,2.2846420000000194,,
2025-12-19T13:05:03.382Z,0.198,1,600,480x270,2.200644000000011,,
2025-12-19T13:05:03.526Z,0.02,1,600,480x270,2.261092000000019,,rebuffer happen
2025-12-19T13:05:03.811Z,0.246,1,600,480x270,2.2876609999999857,,
2025-12-19T13:05:03.881Z,0.259,0,200,320x180,2.218065999999993,,
2025-12-19T13:05:03.982Z,0.57,0,200,320x180,2.3178150000000244,,
2025-12-19T13:05:04.054Z,0.519,2,1000,640x360,2.2422450000000254,,
2025-12-19T13:05:04.324Z,0.258,2,1000,640x360,2.2863669999999843,,rebuffer happen
2025-12-19T13:05:04.587Z,0.177,2,1000,640x360,2.24404100000001,,rebuffer happen
2025-12-19T13:05:04.710Z,0.021,2,1000,640x360,2.181510000000003,,rebuffer happen
2025-12-19T13:05:04.893Z,0.029,2,1000,640x360,2.224920999999995,,rebuffer happen
2025-12-19T13:05:04.943Z,0.063,2,1000,640x360,2.1881549999999947,,
2025-12-19T13:05:04.943Z,0.059,2,1000,640x360,2.188141999999999,,rebuffer happen
2025-12-19T13:05:04.976Z,0.03,1,600,480x270,2.1586539999999843,,rebuffer happen
2025-12-19T13:05:05.018Z,0.03,1,600,480x270,2.267653999999993,,
2025-12-19T13:05:05.523Z,0.222,1,600,480x270,2.47539900000001,,
2025-12-19T13:05:05.592Z,0.24,0,200,320x180,2.499223999999998,,
2025-12-19T13:05:05.723Z,0.487,0,200,320x180,2.4688720000000046,,
2025-12-19T13:05:05.796Z,0.495,2,1000,640x360,2.4868120000000147,,
2025-12-19T13:05:06.048Z,0.095,2,1000,640x360,2.328497999999996,,rebuffer happen
2025-12-19T13:05:06.530Z,0.113,2,1000,640x360,2.347870999999998,,
2025-12-19T13:05:06.606Z,0.053,1,600,480x270,2.3822839999999985,,
2025-12-19T13:05:06.628Z,0.02,1,600,480x270,2.360806999999994,,rebuffer happen
2025-12-19T13:05:07.006Z,0.297,1,600,480x270,2.5430020000000013,,
2025-12-19T13:05:07.086Z,0.315,0,200,320x180,2.4623559999999998,,
2025-12-19T13:05:07.087Z,0.234,0,200,320x180,2.5684710000000166,,rebuffer happen
2025-12-19T13:05:07.222Z,0.572,0,200,320x180,2.5153930000000173,,
2025-12-19T13:05:07.289Z,0.584,2,1000,640x360,2.41744700000001,,
2025-12-19T13:05:07.436Z,0.275,2,1000,640x360,2.4107999999999947,,rebuffer happen
2025-12-19T13:05:07.943Z,0.167,2,1000,640x360,2.2998819999999967,,
2025-12-19T13:05:08.024Z,0.148,1,600,480x270,2.315230000000014,,
2025-12-19T13:05:08.096Z,0.018,1,600,480x270,2.354025000000007,,rebuffer happen
2025-12-19T13:05:08.401Z,0.324,1,600,480x270,2.4798210000000154,,
2025-12-19T13:05:08.476Z,0.329,0,200,320x180,2.3800030000000163,,
2025-12-19T13:05:08.477Z,0.246,0,200,320x180,2.378976000000023,,rebuffer happen
2025-12-19T13:05:08.627Z,0.507,0,200,320x180,2.3703390000000013,,
2025-12-19T13:05:08.698Z,0.532,2,1000,640x360,2.365099000000015,,
2025-12-19T13:05:08.879Z,0.188,2,1000,640x360,2.2245180000000175,,rebuffer happen
2025-12-19T13:05:09.412Z,0.062,2,1000,640x360,2.22421700000001,,
2025-12-19T13:05:09.480Z,0.025,1,600,480x270,2.251581000000016,,rebuffer happen
2025-12-19T13:05:09.489Z,0.025,1,600,480x270,2.251581000000016,,
2025-12-19T13:05:09.817Z,0.36,1,600,480x270,2.3964249999999936,,
2025-12-19T13:05:09.896Z,0.311,0,200,320x180,2.4006040000000155,,
2025-12-19T13:05:09.897Z,0.273,0,200,320x180,2.3996199999999988,,rebuffer happen
2025-12-19T13:05:10.020Z,0.516,0,200,320x180,2.3390740000000108,,
2025-12-19T13:05:10.098Z,0.6,1,600,480x270,2.3302300000000002,,
2025-12-19T13:05:10.585Z,0.271,1,600,480x270,2.2363189999999804,,rebuffer happen
2025-12-19T13:05:10.665Z,0.308,1,600,480x270,2.1338930000000005,,
2025-12-19T13:05:10.736Z,0.301,0,200,320x180,2.1520299999999963,,
2025-12-19T13:05:10.737Z,0.21,0,200,320x180,2.1509980000000155,,rebuffer happen
2025-12-19T13:05:10.923Z,0.502,0,200,320x180,2.1328460000000007,,
2025-12-19T13:05:10.999Z,0.488,1,600,480x270,2.1530910000000176,,
2025-12-19T13:05:11.150Z,0.29,1,600,480x270,2.086024000000009,,rebuffer happen
2025-12-19T13:05:11.372Z,0.524,1,600,480x270,2.067284000000001,,
2025-12-19T13:05:11.449Z,0.539,0,200,320x180,2.0747679999999775,,
2025-12-19T13:05:11.585Z,0.737,0,200,320x180,2.115245999999985,,
2025-12-19T13:05:11.668Z,0.753,1,600,480x270,2.0199069999999892,,
2025-12-19T13:05:11.980Z,0.788,1,600,480x270,2.065304999999995,,
2025-12-19T13:05:12.395Z,0.868,1,600,480x270,2.0257600000000195,,
2025-12-19T13:05:12.861Z,0.894,1,600,480x270,1.9391779999999983,,
2025-12-19T13:05:13.227Z,1.037,1,600,480x270,1.9770950000000198,,
2025-12-19T13:05:13.614Z,1.158,1,600,480x270,1.9723299999999995,,
2025-12-19T13:05:14.025Z,1.207,1,600,480x270,1.9529939999999897,,
2025-12-19T13:05:14.453Z,1.302,1,600,480x270,1.9438880000000154,,
2025-12-19T13:05:14.817Z,1.435,1,600,480x270,1.9652869999999893,,
2025-12-19T13:05:15.218Z,1.542,1,600,480x270,1.9820159999999873,,
2025-12-19T13:05:15.666Z,1.61,1,600,480x270,1.9365329999999972,,
2025-12-19T13:05:16.127Z,1.61,1,600,480x270,1.9620599999999797,,
2025-12-19T13:05:16.570Z,1.689,1,600,480x270,1.9214489999999955,,
2025-12-19T13:05:17.027Z,1.728,1,600,480x270,1.960712000000001,,
2025-12-19T13:05:17.417Z,1.864,1,600,480x270,1.968972000000008,,
2025-12-19T13:05:17.826Z,1.906,1,600,480x270,1.9607380000000205,,
2025-12-19T13:05:18.213Z,2.034,1,600,480x270,1.9755899999999826,,
2025-12-19T13:05:18.783Z,1.952,1,600,480x270,2.001688999999999,,
2025-12-19T13:05:19.186Z,2.06,1,600,480x270,2.0084059999999795,,
2025-12-19T13:05:19.885Z,1.858,1,600,480x270,1.9980710000000101,,
2025-12-19T13:05:20.326Z,1.913,1,600,480x270,1.9573990000000094,,
2025-12-19T13:05:20.891Z,1.861,1,600,480x270,1.9979739999999993,,
2025-12-19T13:05:21.468Z,1.768,1,600,480x270,1.921213999999992,,
2025-12-19T13:05:21.998Z,1.754,1,600,480x270,1.9824289999999962,,
2025-12-19T13:05:22.456Z,1.803,1,600,480x270,1.9409239999999954,,
2025-12-19T13:05:22.910Z,1.845,1,600,480x270,1.9761070000000132,,
2025-12-19T13:05:23.400Z,1.849,1,600,480x270,2.0001900000000035,,
2025-12-19T13:05:23.769Z,2.022,1,600,480x270,1.918814999999995,,
2025-12-19T13:05:24.330Z,1.91,1,600,480x270,1.9612769999999955,,
2025-12-19T13:05:24.842Z,1.897,1,600,480x270,1.9378209999999854,,
2025-12-19T13:05:25.319Z,1.888,1,600,480x270,1.9704749999999933,,
2025-12-19T13:05:25.863Z,1.829,1,600,480x270,1.9247689999999977,,
2025-12-19T13:05:26.400Z,1.846,1,600,480x270,1.9892409999999927,,
2025-12-19T13:05:27.049Z,1.683,1,600,480x270,1.929774000000009,,
2025-12-19T13:05:27.567Z,1.655,1,600,480x270,1.9275260000000003,,
2025-12-19T13:05:27.997Z,1.742,1,600,480x270,1.984392000000014,,
2025-12-19T13:05:28.427Z,1.837,1,600,480x270,1.980606999999992,,
2025-12-19T13:05:28.948Z,1.8,1,600,480x270,1.9420169999999928,,
2025-12-19T13:05:29.579Z,1.689,1,600,480x270,1.9055309999999963,,
2025-12-19T13:05:30.023Z,1.74,1,600,480x270,1.9563300000000083,,
2025-12-19T13:05:30.564Z,1.707,1,600,480x270,1.9309370000000001,,
2025-12-19T13:05:31.109Z,1.653,1,600,480x270,1.974632000000014,,
2025-12-19T13:05:31.607Z,1.667,1,600,480x270,1.9869719999999802,,
2025-12-19T13:05:32.075Z,1.649,1,600,480x270,1.9161459999999977,,
2025-12-19T13:05:32.881Z,1.361,1,600,480x270,2.008340999999973,,
2025-12-19T13:05:33.758Z,1.029,1,600,480x270,1.9232879999999852,,
2025-12-19T13:05:34.351Z,0.914,1,600,480x270,1.9453000000000031,,
2025-12-19T13:05:34.880Z,0.881,1,600,480x270,1.9129140000000007,,
2025-12-19T13:05:35.386Z,0.866,1,600,480x270,2.0096240000000023,,
2025-12-19T13:05:35.898Z,0.885,1,600,480x270,1.9862019999999916,,
2025-12-19T13:05:36.438Z,0.788,1,600,480x270,1.9642920000000004,,
2025-12-19T13:05:36.912Z,0.875,1,600,480x270,1.974345999999997,,
2025-12-19T13:05:37.309Z,0.955,1,600,480x270,1.9805520000000172,,
2025-12-19T13:05:37.750Z,1.011,1,600,480x270,1.9422979999999939,,
2025-12-19T13:05:38.250Z,0.991,1,600,480x270,1.940572000000003,,
2025-12-19T13:05:38.674Z,1.033,1,600,480x270,1.9074590000000171,,
2025-12-19T13:05:39.266Z,0.984,1,600,480x270,1.9351130000000012,,
2025-12-19T13:05:39.742Z,1.022,1,600,480x270,1.9508470000000102,,
2025-12-19T13:05:40.206Z,1.01,1,600,480x270,1.9903269999999793,,
2025-12-19T13:05:40.719Z,1.032,1,600,480x270,1.97447600000001,,
2025-12-19T13:05:41.328Z,0.933,1,600,480x270,1.9540469999999743,,
2025-12-19T13:05:41.834Z,0.907,1,600,480x270,1.9462589999999977,,
2025-12-19T13:05:42.383Z,0.86,1,600,480x270,1.999385000000018,,
2025-12-19T13:05:42.946Z,0.814,1,600,480x270,1.9417430000000024,,
2025-12-19T13:05:43.569Z,0.66,1,600,480x270,1.9238770000000045,,
2025-12-19T13:05:43.640Z,0.69,0,200,320x180,1.9463670000000093,,
2025-12-19T13:05:43.835Z,0.861,0,200,320x180,1.9517370000000085,,
2025-12-19T13:05:43.903Z,0.921,1,600,480x270,1.9900320000000136,,
2025-12-19T13:05:44.449Z,0.826,1,600,480x270,1.9535719999999799,,
2025-12-19T13:05:45.007Z,0.754,1,600,480x270,1.9790279999999996,,
2025-12-19T13:05:45.644Z,0.601,1,600,480x270,1.9463930000000005,,
2025-12-19T13:05:45.724Z,0.61,0,200,320x180,1.9589269999999885,,
2025-12-19T13:05:45.976Z,0.803,0,200,320x180,1.9093400000000145,,
2025-12-19T13:05:46.054Z,0.777,1,600,480x270,1.939501000000007,,
2025-12-19T13:05:46.443Z,0.802,1,600,480x270,1.946097999999978,,
2025-12-19T13:05:46.904Z,0.848,1,600,480x270,1.9857159999999965,,
2025-12-19T13:05:47.341Z,0.966,1,600,480x270,1.9555169999999862,,
2025-12-19T13:05:47.624Z,1.13,1,600,480x270,1.9738609999999994,,
2025-12-19T13:05:47.956Z,1.292,1,600,480x270,1.930328000000003,,
2025-12-19T13:05:48.296Z,1.462,1,600,480x270,2.0122360000000015,,
2025-12-19T13:05:48.650Z,1.606,1,600,480x270,1.9433179999999766,,
2025-12-19T13:05:48.973Z,1.775,1,600,480x270,1.9086660000000109,,
2025-12-19T13:05:49.393Z,1.864,1,600,480x270,2.022036000000014,,
2025-12-19T13:05:49.797Z,1.95,1,600,480x270,1.9924789999999746,,
2025-12-19T13:05:50.167Z,2.088,1,600,480x270,1.9233859999999936,,
2025-12-19T13:05:50.676Z,2.059,1,600,480x270,1.9118689999999958,,
2025-12-19T13:05:51.101Z,2.13,1,600,480x270,1.9862870000000044,,
2025-12-19T13:05:51.595Z,2.142,1,600,480x270,1.9895359999999869,,
2025-12-19T13:05:52.149Z,2.089,1,600,480x270,1.9369759999999872,,
2025-12-19T13:05:52.631Z,2.112,1,600,480x270,1.963954000000001,,
2025-12-19T13:05:53.130Z,2.108,1,600,480x270,1.9555699999999945,,
2025-12-19T13:05:53.753Z,2.026,1,600,480x270,1.9449109999999905,,
2025-12-19T13:05:54.155Z,2.086,1,600,480x270,1.930751999999984,,
2025-12-19T13:05:54.599Z,2.182,1,600,480x270,1.9947320000000275,,
2025-12-19T13:05:55.241Z,2.016,1,600,480x270,1.945321000000007,,
2025-12-19T13:05:55.697Z,2.041,1,600,480x270,1.9869199999999978,,
2025-12-19T13:05:56.233Z,2.029,1,600,480x270,1.9672750000000008,,
2025-12-19T13:05:56.770Z,1.972,1,600,480x270,1.9158350000000155,,
2025-12-19T13:05:57.232Z,2.017,1,600,480x270,1.9641030000000228,,
2025-12-19T13:05:57.740Z,2.006,1,600,480x270,1.9550550000000158,,
2025-12-19T13:05:58.175Z,2.062,1,600,480x270,1.9152290000000107,,
2025-12-19T13:05:58.548Z,2.188,1,600,480x270,1.9422480000000064,,
2025-12-19T13:05:59.037Z,2.198,1,600,480x270,1.9456630000000246,,
2025-12-19T13:05:59.884Z,1.906,1,600,480x270,2.0002079999999864,,
2025-12-19T13:06:00.400Z,1.848,1,600,480x270,1.9971229999999878,,
2025-12-19T13:06:00.827Z,1.911,1,600,480x270,1.958654000000024,,
2025-12-19T13:06:01.232Z,2.016,1,600,480x270,1.9712069999999926,,
2025-12-19T13:06:01.663Z,2.086,1,600,480x270,1.9299330000000054,,
2025-12-19T13:06:02.197Z,2.077,1,600,480x270,1.9885489999999777,,
2025-12-19T13:06:02.710Z,2.026,1,600,480x270,1.970214999999996,,
2025-12-19T13:06:03.212Z,2.03,1,600,480x270,1.9744719999999916,,
2025-12-19T13:06:03.280Z,2.046,2,1000,640x360,1.9055529999999976,,
2025-12-19T13:06:03.980Z,1.786,2,1000,640x360,1.8996440000000234,,
2025-12-19T13:06:04.059Z,1.772,1,600,480x270,1.9202869999999734,,
2025-12-19T13:06:04.442Z,1.804,1,600,480x270,1.959998999999982,,
2025-12-19T13:06:04.764Z,1.992,1,600,480x270,1.928098000000034,,
2025-12-19T13:06:04.841Z,1.977,2,1000,640x360,1.9441740000000323,,
2025-12-19T13:06:05.260Z,1.99,2,1000,640x360,1.9404549999999858,,
2025-12-19T13:06:06.043Z,1.713,2,1000,640x360,1.9518530000000283,,
2025-12-19T13:06:06.114Z,1.657,1,600,480x270,1.9733620000000087,,
2025-12-19T13:06:06.679Z,1.574,1,600,480x270,1.906831000000011,,
2025-12-19T13:06:06.755Z,1.573,0,200,320x180,1.9246909999999957,,
2025-12-19T13:06:06.894Z,1.825,0,200,320x180,1.9897019999999657,,
2025-12-19T13:06:06.974Z,1.858,1,600,480x270,1.9095679999999788,,
2025-12-19T13:06:07.526Z,1.714,1,600,480x270,1.960423999999989,,
2025-12-19T13:06:07.604Z,1.731,2,1000,640x360,1.99054000000001,,
2025-12-19T13:06:08.187Z,1.587,2,1000,640x360,2.005735999999956,,
2025-12-19T13:06:08.258Z,1.538,1,600,480x270,1.9386299999999892,,
2025-12-19T13:06:08.675Z,1.602,1,600,480x270,1.9200559999999882,,
2025-12-19T13:06:09.198Z,1.607,1,600,480x270,1.994752999999946,,
2025-12-19T13:06:09.644Z,1.621,1,600,480x270,1.955221999999992,,
2025-12-19T13:06:10.042Z,1.696,1,600,480x270,1.9517979999999966,,
2025-12-19T13:06:10.445Z,1.793,1,600,480x270,1.9376460000000293,,
2025-12-19T13:06:10.519Z,1.808,2,1000,640x360,1.961328999999978,,
2025-12-19T13:06:11.169Z,1.58,2,1000,640x360,1.9181710000000294,,
2025-12-19T13:06:11.898Z,1.372,2,1000,640x360,1.982180000000028,,
2025-12-19T13:06:11.966Z,1.299,1,600,480x270,1.914367000000027,,
2025-12-19T13:06:12.415Z,1.331,1,600,480x270,1.9864279999999894,,
2025-12-19T13:06:12.892Z,1.33,1,600,480x270,2.000490999999954,,
2025-12-19T13:06:13.339Z,1.398,1,600,480x270,1.9576649999999631,,
2025-12-19T13:06:14.004Z,1.235,1,600,480x270,1.9812640000000101,,
2025-12-19T13:06:14.392Z,1.37,1,600,480x270,2.0201880000000187,,
2025-12-19T13:06:14.804Z,1.461,1,600,480x270,1.9869239999999877,,
2025-12-19T13:06:15.211Z,1.558,1,600,480x270,1.9852590000000419,,
2025-12-19T13:06:15.671Z,1.554,1,600,480x270,1.9202250000000163,,
2025-12-19T13:06:16.121Z,1.645,1,600,480x270,1.9703080000000455,,
2025-12-19T13:06:16.532Z,1.708,1,600,480x270,1.9522079999999846,,
2025-12-19T13:06:16.952Z,1.817,1,600,480x270,1.9357239999999933,,
2025-12-19T13:06:17.381Z,1.887,1,600,480x270,2.0133160000000316,,
2025-12-19T13:06:17.828Z,1.914,1,600,480x270,1.9659000000000333,,
2025-12-19T13:06:18.303Z,1.941,1,600,480x270,2.005550000000028,,
2025-12-19T13:06:18.863Z,1.881,1,600,480x270,1.9312989999999672,,
2025-12-19T13:06:19.179Z,2.065,1,600,480x270,1.9107200000000262,,
2025-12-19T13:06:19.646Z,2.078,1,600,480x270,1.9383129999999937,,
2025-12-19T13:06:20.180Z,2.081,1,600,480x270,1.909219999999948,,
2025-12-19T13:06:20.245Z,2.081,2,1000,640x360,1.9421780000000126,,
2025-12-19T13:06:21.129Z,1.656,2,1000,640x360,1.9636350000000107,,
2025-12-19T13:06:21.196Z,1.626,1,600,480x270,1.9986210000000142,,
2025-12-19T13:06:21.668Z,1.542,1,600,480x270,1.9262049999999817,,
2025-12-19T13:06:22.144Z,1.612,1,600,480x270,1.9426990000000046,,
2025-12-19T13:06:22.583Z,1.664,1,600,480x270,2.0147359999999708,,
2025-12-19T13:06:23.064Z,1.673,1,600,480x270,1.9186399999999821,,
2025-12-19T13:06:23.478Z,1.759,1,600,480x270,1.9053630000000226,,
2025-12-19T13:06:23.902Z,1.825,1,600,480x270,1.979489000000001,,
2025-12-19T13:06:24.378Z,1.857,1,600,480x270,1.9070909999999799,,
2025-12-19T13:06:24.648Z,2.062,1,600,480x270,1.948959000000002,,
2025-12-19T13:06:25.059Z,2.176,1,600,480x270,1.9192599999999516,,
2025-12-19T13:06:25.628Z,2.114,1,600,480x270,1.9577350000000138,,
2025-12-19T13:06:25.700Z,2.13,2,1000,640x360,1.993631999999991,,
2025-12-19T13:06:25.778Z,2.003,1,600,480x270,1.9147569999999519,,
2025-12-19T13:06:26.074Z,2.163,1,600,480x270,1.9102110000000039,,
2025-12-19T13:06:26.692Z,2.045,1,600,480x270,1.9978130000000078,,
2025-12-19T13:06:26.764Z,2.061,2,1000,640x360,1.925375000000031,,
2025-12-19T13:06:27.588Z,1.669,2,1000,640x360,2.0005519999999706,,
2025-12-19T13:06:27.668Z,1.641,0,200,320x180,1.9206810000000019,,
2025-12-19T13:06:27.905Z,1.832,0,200,320x180,1.9814830000000256,,
2025-12-19T13:06:27.981Z,1.847,1,600,480x270,1.905336000000034,,
2025-12-19T13:06:28.507Z,1.735,1,600,480x270,1.9802830000000426,,
2025-12-19T13:06:29.086Z,1.65,1,600,480x270,1.9987470000000371,,
2025-12-19T13:06:29.688Z,1.574,1,600,480x270,2.002379000000019,,
2025-12-19T13:06:30.251Z,1.476,1,600,480x270,1.9370650000000182,,
2025-12-19T13:06:30.866Z,1.357,1,600,480x270,1.9254970000000071,,
2025-12-19T13:06:31.417Z,1.37,1,600,480x270,1.9798240000000078,,
2025-12-19T13:06:31.902Z,1.34,1,600,480x270,1.9826189999999997,,
2025-12-19T13:06:32.473Z,1.287,1,600,480x270,1.9104079999999612,,
2025-12-19T13:06:32.950Z,1.289,1,600,480x270,1.935547999999983,,
2025-12-19T13:06:33.469Z,1.267,1,600,480x270,1.9208429999999908,,
2025-12-19T13:06:33.997Z,1.161,1,600,480x270,1.9954009999999585,,
2025-12-19T13:06:34.475Z,1.268,1,600,480x270,1.9087190000000192,,
2025-12-19T13:06:34.973Z,1.285,1,600,480x270,1.9064960000000042,,
2025-12-19T13:06:35.514Z,1.251,1,600,480x270,1.9828210000000013,,
2025-12-19T13:06:36.047Z,1.178,1,600,480x270,1.9439760000000206,,
2025-12-19T13:06:36.424Z,1.316,1,600,480x270,1.970060999999987,,
2025-12-19T13:06:36.950Z,1.289,1,600,480x270,1.9428389999999922,,
2025-12-19T13:06:37.461Z,1.272,1,600,480x270,1.9290860000000407,,
2025-12-19T13:06:37.897Z,1.342,1,600,480x270,1.9844939999999838,,
2025-12-19T13:06:38.324Z,1.437,1,600,480x270,1.9615579999999682,,
2025-12-19T13:06:39.038Z,1.305,1,600,480x270,1.9489130000000046,,
2025-12-19T13:06:39.502Z,1.236,1,600,480x270,1.9909370000000308,,
2025-12-19T13:06:40.056Z,1.172,1,600,480x270,1.924036000000001,,
2025-12-19T13:06:40.634Z,1.115,1,600,480x270,1.9565719999999942,,
2025-12-19T13:06:41.283Z,0.963,1,600,480x270,2.0077799999999684,,
2025-12-19T13:06:41.737Z,1.007,1,600,480x270,1.9492329999999924,,
2025-12-19T13:06:42.128Z,1.127,1,600,480x270,1.9630329999999958,,
2025-12-19T13:06:42.509Z,1.182,1,600,480x270,1.9858500000000276,,
2025-12-19T13:06:42.721Z,1.385,1,600,480x270,1.9644759999999906,,
2025-12-19T13:06:42.768Z,1.95,1,600,480x270,1.9165249999999787,,
2025-12-19T13:06:43.788Z,1.473,1,600,480x270,2.0045200000000136,,
2025-12-19T13:06:44.423Z,1.298,1,600,480x270,1.9588069999999789,,
2025-12-19T13:06:44.969Z,1.285,1,600,480x270,1.9109450000000265,,
2025-12-19T13:06:45.438Z,1.233,1,600,480x270,1.9486109999999712,,
2025-12-19T13:06:45.865Z,1.372,1,600,480x270,1.9165989999999624,,
2025-12-19T13:06:46.260Z,1.478,1,600,480x270,1.923545000000047,,
2025-12-19T13:06:46.645Z,1.589,1,600,480x270,1.9397030000000086,,
2025-12-19T13:06:47.026Z,1.698,1,600,480x270,1.9642160000000217,,
2025-12-19T13:06:47.451Z,1.823,1,600,480x270,1.938743000000045,,
2025-12-19T13:06:47.852Z,1.901,1,600,480x270,1.9360439999999812,,
2025-12-19T13:06:48.283Z,1.971,1,600,480x270,2.0194459999999594,,
2025-12-19T13:06:48.643Z,2.12,1,600,480x270,1.950599000000011,,
2025-12-19T13:06:49.145Z,2.083,1,600,480x270,1.9430380000000014,,
2025-12-19T13:06:49.693Z,2.043,1,600,480x270,1.9992770000000064,,
2025-12-19T13:06:50.269Z,1.972,1,600,480x270,1.9171300000000429,,
2025-12-19T13:06:50.852Z,1.879,1,600,480x270,1.9414219999999887,,
2025-12-19T13:06:51.374Z,1.875,1,600,480x270,1.9177740000000085,,
2025-12-19T13:06:51.890Z,1.89,1,600,480x270,1.9955149999999549,,
2025-12-19T13:06:52.415Z,1.834,1,600,480x270,1.9851000000000454,,
2025-12-19T13:06:53.073Z,1.674,1,600,480x270,1.9152450000000272,,
2025-12-19T13:06:53.140Z,1.631,0,200,320x180,1.9485740000000078,,
2025-12-19T13:06:53.393Z,1.811,0,200,320x180,1.9911640000000261,,
2025-12-19T13:06:53.469Z,1.864,1,600,480x270,1.9140409999999974,,
2025-12-19T13:06:54.095Z,1.648,1,600,480x270,1.9889870000000087,,
2025-12-19T13:06:54.767Z,1.496,1,600,480x270,1.924869000000001,,
2025-12-19T13:06:55.424Z,1.33,1,600,480x270,1.9627570000000105,,
2025-12-19T13:06:56.344Z,0.888,1,600,480x270,1.952130000000011,,
2025-12-19T13:06:57.043Z,0.722,1,600,480x270,1.9428840000000491,,
2025-12-19T13:06:57.124Z,0.711,0,200,320x180,1.9658680000000004,,
2025-12-19T13:06:57.359Z,0.891,0,200,320x180,1.9391399999999521,,
2025-12-19T13:06:57.430Z,0.879,1,600,480x270,1.9530320000000074,,
2025-12-19T13:06:58.115Z,0.632,1,600,480x270,1.97111799999999,,
2025-12-19T13:06:58.194Z,0.57,0,200,320x180,1.9883459999999786,,
2025-12-19T13:06:58.437Z,0.809,0,200,320x180,1.9474779999999896,,
2025-12-19T13:06:58.606Z,1.134,0,200,320x180,1.9825779999999895,,
2025-12-19T13:06:58.786Z,1.422,0,200,320x180,1.9991729999999848,,
2025-12-19T13:06:58.979Z,1.797,0,200,320x180,1.9060969999999884,,
2025-12-19T13:06:59.155Z,2.087,0,200,320x180,1.9406140000000391,,
2025-12-19T13:06:59.449Z,2.27,0,200,320x180,1.942007999999987,,
2025-12-19T13:07:00.030Z,2.184,0,200,320x180,1.9609029999999734,,
2025-12-19T13:07:00.112Z,2.214,1,600,480x270,1.974601000000007,,
2025-12-19T13:07:01.033Z,1.73,1,600,480x270,1.9471999999999525,,
2025-12-19T13:07:01.716Z,1.532,1,600,480x270,1.9725090000000023,,
2025-12-19T13:07:02.338Z,1.432,1,600,480x270,1.9626010000000065,,
2025-12-19T13:07:02.934Z,1.275,1,600,480x270,1.9498529999999619,,
2025-12-19T13:07:03.327Z,1.419,1,600,480x270,1.9689510000000041,,
2025-12-19T13:07:04.154Z,1.128,1,600,480x270,1.9362470000000371,,
2025-12-19T13:07:04.714Z,1.078,1,600,480x270,1.9820589999999925,,
2025-12-19T13:07:05.183Z,1.057,1,600,480x270,1.9987820000000056,,
2025-12-19T13:07:05.858Z,0.906,1,600,480x270,1.9293139999999767,,
2025-12-19T13:07:06.497Z,0.749,1,600,480x270,1.9968340000000353,,
2025-12-19T13:07:07.086Z,0.677,1,600,480x270,1.9941719999999918,,
2025-12-19T13:07:07.678Z,0.604,1,600,480x270,1.9102649999999812,,
2025-12-19T13:07:07.753Z,0.516,0,200,320x180,1.9436230000000023,,
2025-12-19T13:07:07.995Z,0.68,0,200,320x180,1.9930310000000304,,
2025-12-19T13:07:08.076Z,0.749,1,600,480x270,1.9106480000000374,,
2025-12-19T13:07:08.619Z,0.638,1,600,480x270,1.9650960000000168,,
2025-12-19T13:07:08.701Z,0.638,0,200,320x180,1.9909260000000017,,
2025-12-19T13:07:08.897Z,0.812,0,200,320x180,1.9931450000000268,,
2025-12-19T13:07:08.978Z,0.832,1,600,480x270,1.9108850000000075,,
2025-12-19T13:07:09.542Z,0.735,1,600,480x270,1.9528029999999603,,
2025-12-19T13:07:10.077Z,0.687,1,600,480x270,1.9103779999999801,,
2025-12-19T13:07:10.621Z,0.613,1,600,480x270,1.9619139999999788,,
2025-12-19T13:07:10.701Z,0.593,0,200,320x180,1.9898220000000038,,
2025-12-19T13:07:10.916Z,0.814,0,200,320x180,1.9744989999999802,,
2025-12-19T13:07:10.996Z,0.816,1,600,480x270,1.9864090000000374,,
2025-12-19T13:07:11.582Z,0.663,1,600,480x270,2.001396999999997,,
2025-12-19T13:07:12.213Z,0.562,1,600,480x270,1.9922990000000027,,
2025-12-19T13:07:12.292Z,0.506,0,200,320x180,2.005856999999992,,
2025-12-19T13:07:12.460Z,0.817,0,200,320x180,1.9341210000000046,,
2025-12-19T13:07:12.542Z,0.735,1,600,480x270,1.9516849999999977,,
2025-12-19T13:07:13.043Z,0.7,1,600,480x270,1.9403629999999907,,
2025-12-19T13:07:13.589Z,0.654,1,600,480x270,2.0067299999999477,,
2025-12-19T13:07:14.232Z,0.516,1,600,480x270,1.951152000000036,,
2025-12-19T13:07:14.321Z,0.524,0,200,320x180,1.9761809999999969,,
2025-12-19T13:07:14.567Z,0.671,0,200,320x180,1.9167140000000131,,
2025-12-19T13:07:14.650Z,0.687,1,600,480x270,1.94268500000004,,
2025-12-19T13:07:15.315Z,0.437,1,600,480x270,1.9734559999999988,,
2025-12-19T13:07:15.386Z,0.445,0,200,320x180,1.9012580000000412,,
2025-12-19T13:07:15.651Z,0.552,0,200,320x180,1.9447460000000092,,
2025-12-19T13:07:15.727Z,0.54,1,600,480x270,1.9591439999999807,,
2025-12-19T13:07:15.981Z,0.272,1,600,480x270,2.0001700000000255,,rebuffer happen
2025-12-19T13:07:16.313Z,0.468,1,600,480x270,1.983633999999995,,
2025-12-19T13:07:16.382Z,0.395,0,200,320x180,2.0110839999999826,,
2025-12-19T13:07:16.606Z,0.647,0,200,320x180,1.982371999999998,,
2025-12-19T13:07:16.677Z,0.654,1,600,480x270,1.9102209999999786,,
2025-12-19T13:07:17.087Z,0.266,1,600,480x270,1.9987410000000523,,rebuffer happen
2025-12-19T13:07:17.375Z,0.391,1,600,480x270,1.929271999999969,,
2025-12-19T13:07:17.443Z,0.397,0,200,320x180,1.959009999999978,,
2025-12-19T13:07:17.671Z,0.555,0,200,320x180,1.9272450000000276,,
2025-12-19T13:07:17.753Z,0.594,1,600,480x270,1.9367900000000304,,
2025-12-19T13:07:18.059Z,0.263,1,600,480x270,1.934108999999978,,rebuffer happen
2025-12-19T13:07:18.268Z,0.289,1,600,480x270,1.9162180000000149,,rebuffer happen
2025-12-19T13:07:18.370Z,0.288,1,600,480x270,1.9156980000000203,,rebuffer happen
2025-12-19T13:07:18.425Z,0.35,1,600,480x270,1.9639839999999822,,
2025-12-19T13:07:18.505Z,0.332,0,200,320x180,1.9928170000000023,,
2025-12-19T13:07:18.506Z,0.251,0,200,320x180,1.99212,,rebuffer happen
2025-12-19T13:07:18.633Z,0.291,0,200,320x180,1.9580100000000016,,rebuffer happen
2025-12-19T13:07:18.786Z,0.466,0,200,320x180,2.003782000000001,,
2025-12-19T13:07:18.864Z,0.47,1,600,480x270,1.9260380000000055,,
2025-12-19T13:07:19.367Z,0.391,1,600,480x270,1.9219889999999964,,
2025-12-19T13:07:19.436Z,0.336,0,200,320x180,1.9643330000000105,,
2025-12-19T13:07:19.690Z,0.568,0,200,320x180,2.0035929999999667,,
2025-12-19T13:07:19.764Z,0.567,1,600,480x270,1.9280709999999885,,
2025-12-19T13:07:19.956Z,0.298,1,600,480x270,1.9308729999999628,,rebuffer happen
2025-12-19T13:07:20.319Z,0.28,1,600,480x270,1.9768609999999853,,rebuffer happen
2025-12-19T13:07:20.483Z,0.315,1,600,480x270,2.009687000000042,,
2025-12-19T13:07:20.484Z,0.279,1,600,480x270,2.009067000000016,,rebuffer happen
2025-12-19T13:07:20.549Z,0.275,0,200,320x180,1.9438550000000419,,
2025-12-19T13:07:20.770Z,0.442,0,200,320x180,1.9192320000000223,,
2025-12-19T13:07:20.845Z,0.492,1,600,480x270,1.9521720000000187,,
2025-12-19T13:07:21.022Z,0.242,1,600,480x270,1.9775449999999637,,rebuffer happen
2025-12-19T13:07:21.556Z,0.028,1,600,480x270,1.9631770000000301,,rebuffer happen
2025-12-19T13:07:21.672Z,0.023,1,600,480x270,2.01882999999998,,rebuffer happen
2025-12-19T13:07:21.739Z,0.018,1,600,480x270,2.0871099999999956,,rebuffer happen
2025-12-19T13:07:21.789Z,0.027,1,600,480x270,2.1601550000000316,,rebuffer happen
2025-12-19T13:07:21.872Z,0.021,1,600,480x270,2.1207410000000095,,rebuffer happen
2025-12-19T13:07:21.989Z,0.029,1,600,480x270,2.298661999999979,,rebuffer happen
2025-12-19T13:07:22.027Z,0.029,1,600,480x270,2.298661999999979,,
2025-12-19T13:07:22.072Z,0.022,0,200,320x180,2.2583439999999655,,rebuffer happen
2025-12-19T13:07:22.110Z,0.022,0,200,320x180,2.3523439999999596,,
2025-12-19T13:07:22.397Z,0.244,0,200,320x180,2.4051399999999603,,
2025-12-19T13:07:22.719Z,0.455,0,200,320x180,2.388651999999979,,
2025-12-19T13:07:23.094Z,0.459,0,200,320x180,2.312928999999997,,
2025-12-19T13:07:23.171Z,0.454,1,600,480x270,2.2249439999999936,,
2025-12-19T13:07:23.393Z,0.1,1,600,480x270,2.239516999999978,,rebuffer happen
2025-12-19T13:07:23.440Z,0.04,1,600,480x270,2.180038999999965,,rebuffer happen
2025-12-19T13:07:23.991Z,0.017,1,600,480x270,2.420929000000001,,rebuffer happen
2025-12-19T13:07:24.109Z,0.117,1,600,480x270,2.487201999999968,,
2025-12-19T13:07:24.208Z,0.155,0,200,320x180,2.5077029999999922,,
2025-12-19T13:07:24.258Z,0.022,0,200,320x180,2.463614000000007,,rebuffer happen
2025-12-19T13:07:24.591Z,0.402,0,200,320x180,2.7371949999999856,,
2025-12-19T13:07:24.785Z,0.138,0,200,320x180,2.665079999999989,,rebuffer happen
2025-12-19T13:07:24.858Z,0.03,0,200,320x180,2.55698000000001,,rebuffer happen
2025-12-19T13:07:25.118Z,0.271,0,200,320x180,2.6379759999999806,,rebuffer happen
2025-12-19T13:07:25.138Z,0.271,0,200,320x180,2.607934,,
2025-12-19T13:07:25.309Z,0.025,0,200,320x180,2.5611450000000104,,rebuffer happen
2025-12-19T13:07:25.504Z,0.333,0,200,320x180,2.6765700000000265,,
2025-12-19T13:07:25.712Z,0.17,0,200,320x180,2.6117740000000254,,rebuffer happen
2025-12-19T13:07:25.867Z,0.421,0,200,320x180,2.477589000000023,,
2025-12-19T13:07:26.069Z,0.251,0,200,320x180,2.3898039999999696,,rebuffer happen
2025-12-19T13:07:26.181Z,0.38,0,200,320x180,2.4274880000000394,,
2025-12-19T13:07:26.532Z,0.52,0,200,320x180,2.254604000000029,,
2025-12-19T13:07:26.795Z,0.611,0,200,320x180,2.2068929999999796,,
2025-12-19T13:07:27.006Z,0.904,0,200,320x180,2.141276000000005,,
2025-12-19T13:07:27.214Z,1.105,0,200,320x180,2.1058890000000474,,
2025-12-19T13:07:27.436Z,1.358,0,200,320x180,2.046397000000013,,
2025-12-19T13:07:27.630Z,1.682,0,200,320x180,2.0319390000000226,,
2025-12-19T13:07:27.827Z,1.965,0,200,320x180,2.0125209999999925,,
2025-12-19T13:07:28.022Z,2.264,0,200,320x180,2.012203999999997,,
2025-12-19T13:07:28.461Z,2.308,0,200,320x180,1.958611000000019,,
2025-12-19T13:07:28.958Z,2.291,0,200,320x180,1.9374860000000353,,
2025-12-19T13:07:31.421Z,0.202,0,200,320x180,1.972186000000022,,rebuffer happen
2025-12-19T13:07:31.597Z,0.025,0,200,320x180,1.9975600000000213,,rebuffer happen
2025-12-19T13:07:48.927Z,0.025,0,200,320x180,19.295560000000023,,
2025-12-19T13:07:49.089Z,0.46,0,200,320x180,19.349518999999987,,
2025-12-19T13:07:49.139Z,0,0,200,320x180,18.83600100000001,,rebuffer happen
2025-12-19T13:07:49.140Z,0,0,200,320x180,18.83600100000001,,rebuffer happen
2025-12-19T13:07:49.384Z,0,0,200,320x180,19.041000999999994,,
2025-12-19T13:07:49.659Z,0,0,200,320x180,19.329001000000005,,
2025-12-19T13:07:50.007Z,0.632,0,200,320x180,2.864496000000031,,
2025-12-19T13:07:50.265Z,0.749,0,200,320x180,2.7356439999999793,,
2025-12-19T13:07:50.496Z,0.899,0,200,320x180,2.703749000000016,,
2025-12-19T13:07:50.722Z,1.098,0,200,320x180,2.572038999999961,,
2025-12-19T13:07:50.959Z,1.252,0,200,320x180,2.421061000000009,,
2025-12-19T13:07:51.171Z,1.482,0,200,320x180,2.3580440000000067,,
2025-12-19T13:07:51.622Z,1.491,0,200,320x180,2.2691859999999906,,
2025-12-19T13:07:51.702Z,1.44,1,600,480x270,2.269794999999988,,
2025-12-19T13:07:52.276Z,1.159,1,600,480x270,2.1054019999999696,,
2025-12-19T13:07:52.848Z,0.989,1,600,480x270,2.0346509999999967,,
2025-12-19T13:07:53.477Z,0.812,1,600,480x270,1.9482619999999997,,
2025-12-19T13:07:54.109Z,0.715,1,600,480x270,1.9903730000000337,,
2025-12-19T13:07:54.186Z,0.602,0,200,320x180,1.9195990000000052,,
2025-12-19T13:07:54.230Z,0.984,0,200,320x180,1.9777879999999755,,
2025-12-19T13:07:54.311Z,1.023,1,600,480x270,1.991581999999994,,
2025-12-19T13:07:54.418Z,1.3,1,600,480x270,1.9804670000000328,,
2025-12-19T13:07:54.606Z,1.682,1,600,480x270,1.9985260000000267,,
2025-12-19T13:07:55.010Z,1.692,1,600,480x270,1.9786100000000033,,
2025-12-19T13:07:55.399Z,1.845,1,600,480x270,1.9988129999999842,,
2025-12-19T13:07:55.806Z,1.914,1,600,480x270,1.9948329999999714,,
2025-12-19T13:07:56.184Z,2.093,1,600,480x270,2.0016780000000267,,
2025-12-19T13:07:56.524Z,2.239,1,600,480x270,1.9587569999999914,,
2025-12-19T13:07:56.995Z,2.288,1,600,480x270,1.9872119999999995,,
2025-12-19T13:07:57.495Z,2.293,1,600,480x270,1.995937999999967,,
2025-12-19T13:07:57.950Z,2.296,1,600,480x270,1.9328540000000203,,
2025-12-19T13:07:58.446Z,2.267,1,600,480x270,1.9385270000000219,,
2025-12-19T13:07:58.960Z,2.301,1,600,480x270,1.9224869999999896,,
2025-12-19T13:07:59.472Z,2.31,1,600,480x270,1.9165909999999826,,
2025-12-19T13:07:59.973Z,2.306,1,600,480x270,1.9113770000000159,,
2025-12-19T13:08:00.474Z,2.256,1,600,480x270,1.9245930000000158,,
2025-12-19T13:08:00.975Z,2.305,1,600,480x270,1.9114849999999706,,
2025-12-19T13:08:01.458Z,2.302,1,600,480x270,1.92493300000001,,
2025-12-19T13:08:01.972Z,2.301,1,600,480x270,1.9106179999999995,,
2025-12-19T13:08:02.486Z,2.304,1,600,480x270,2.0032960000000344,,
2025-12-19T13:08:02.955Z,2.309,1,600,480x270,1.9392480000000205,,
2025-12-19T13:08:03.452Z,2.31,1,600,480x270,1.9368089999999825,,
2025-12-19T13:08:03.967Z,2.302,1,600,480x270,1.9145670000000337,,
2025-12-19T13:08:04.468Z,2.323,1,600,480x270,1.940179999999998,,
2025-12-19T13:08:04.953Z,2.283,1,600,480x270,1.9324270000000183,,
2025-12-19T13:08:05.318Z,2.143,0,200,320x180,1.9745589999999993,,
2025-12-19T13:08:05.426Z,2.319,0,200,320x180,1.9603269999999497,,
2025-12-19T13:08:05.504Z,2.278,2,1000,640x360,1.9907830000000217,,
2025-12-19T13:08:05.985Z,2.308,2,1000,640x360,1.9990950000000112,,
2025-12-19T13:08:06.488Z,2.286,2,1000,640x360,2.001550000000009,,
2025-12-19T13:08:06.968Z,2.295,2,1000,640x360,1.9148460000000114,,
2025-12-19T13:08:07.453Z,2.322,2,1000,640x360,1.9341519999999832,,
2025-12-19T13:08:07.960Z,2.291,2,1000,640x360,1.921420000000012,,
2025-12-19T13:08:08.447Z,2.308,2,1000,640x360,1.9477919999999926,,
2025-12-19T13:08:08.956Z,2.299,2,1000,640x360,1.9278100000000222,,
2025-12-19T13:08:09.463Z,2.311,2,1000,640x360,1.9359949999999913,,
2025-12-19T13:08:09.953Z,2.306,2,1000,640x360,1.9340190000000348,,
2025-12-19T13:08:10.466Z,2.313,2,1000,640x360,1.919243999999992,,
2025-12-19T13:08:10.958Z,2.305,2,1000,640x360,1.9224980000000187,,
2025-12-19T13:08:11.455Z,2.283,2,1000,640x360,1.9340530000000058,,
2025-12-19T13:08:11.962Z,2.272,2,1000,640x360,1.920569999999998,,
2025-12-19T13:08:12.457Z,2.305,2,1000,640x360,1.9373600000000124,,
2025-12-19T13:08:12.538Z,2.252,3,1500,768x432,1.9517469999999548,,
2025-12-19T13:08:12.996Z,2.238,3,1500,768x432,1.984192999999948,,
2025-12-19T13:08:13.477Z,2.271,3,1500,768x432,1.9194310000000314,,
2025-12-19T13:08:13.969Z,2.287,3,1500,768x432,1.918075999999985,,
2025-12-19T13:08:14.461Z,2.288,3,1500,768x432,1.9211129999999912,,
2025-12-19T13:08:15.029Z,2.2,3,1500,768x432,1.953089000000034,,
2025-12-19T13:08:15.467Z,2.269,3,1500,768x432,1.920597999999984,,
2025-12-19T13:08:15.965Z,2.261,3,1500,768x432,1.9153120000000285,,
2025-12-19T13:08:16.460Z,2.281,3,1500,768x432,1.9324040000000196,,
2025-12-19T13:08:16.967Z,2.264,3,1500,768x432,1.9136080000000106,,
2025-12-19T13:08:17.455Z,2.308,3,1500,768x432,1.9452820000000202,,
2025-12-19T13:08:17.966Z,2.299,3,1500,768x432,1.917808999999977,,
2025-12-19T13:08:18.461Z,2.287,3,1500,768x432,1.9205049999999915,,
2025-12-19T13:08:18.977Z,2.261,3,1500,768x432,1.9033640000000105,,
2025-12-19T13:08:19.468Z,2.284,3,1500,768x432,1.9144429999999488,,
2025-12-19T13:08:19.967Z,2.265,3,1500,768x432,1.9138889999999833,,
2025-12-19T13:08:20.526Z,2.277,3,1500,768x432,1.9655629999999746,,
2025-12-19T13:08:20.823Z,2.019,0,200,320x180,1.9598249999999666,,
2025-12-19T13:08:20.979Z,2.285,0,200,320x180,1.909433999999976,,
2025-12-19T13:08:21.055Z,2.25,3,1500,768x432,1.9237349999999651,,
2025-12-19T13:08:21.570Z,2.167,3,1500,768x432,1.9233429999999885,,
2025-12-19T13:08:21.753Z,2.101,1,600,480x270,1.9337970000000269,,
2025-12-19T13:08:21.832Z,1.954,3,1500,768x432,1.9607930000000238,,
2025-12-19T13:08:21.992Z,2.237,3,1500,768x432,1.9917089999999575,,
2025-12-19T13:08:22.117Z,2.18,2,1000,640x360,1.9753200000000106,,
2025-12-19T13:08:22.194Z,2.139,3,1500,768x432,2.0000820000000203,,
2025-12-19T13:08:22.462Z,2.309,3,1500,768x432,1.9393350000000282,,
2025-12-19T13:08:22.960Z,2.302,3,1500,768x432,1.9276590000000056,,
2025-12-19T13:08:23.462Z,2.295,3,1500,768x432,1.921011999999962,,
2025-12-19T13:08:23.961Z,2.281,3,1500,768x432,1.9228259999999864,,
2025-12-19T13:08:24.461Z,2.279,3,1500,768x432,1.92670499999997,,
2025-12-19T13:08:24.836Z,2.032,2,1000,640x360,1.9592340000000377,,
2025-12-19T13:08:24.966Z,2.262,2,1000,640x360,1.9189039999999977,,
2025-12-19T13:08:25.040Z,2.266,3,1500,768x432,1.9406299999999987,,
2025-12-19T13:08:25.463Z,2.285,3,1500,768x432,1.9342299999999568,,
2025-12-19T13:08:25.963Z,2.297,3,1500,768x432,1.9196170000000166,,
2025-12-19T13:08:26.516Z,2.247,3,1500,768x432,1.9822099999999523,,
2025-12-19T13:08:27.031Z,2.231,3,1500,768x432,1.9555440000000317,,
2025-12-19T13:08:27.532Z,2.168,3,1500,768x432,1.9525150000000053,,
2025-12-19T13:08:27.659Z,2.107,2,1000,640x360,1.9266910000000053,,
2025-12-19T13:08:27.740Z,2.095,3,1500,768x432,1.940936000000022,,
2025-12-19T13:08:27.967Z,2.281,3,1500,768x432,1.9128430000000094,,
2025-12-19T13:08:28.464Z,2.269,3,1500,768x432,1.9179230000000302,,
2025-12-19T13:08:28.969Z,2.294,3,1500,768x432,1.9099730000000363,,
2025-12-19T13:08:29.464Z,2.293,3,1500,768x432,1.9223649999999566,,
2025-12-19T13:08:29.967Z,2.267,3,1500,768x432,1.9144169999999576,,
2025-12-19T13:08:30.170Z,2.215,1,600,480x270,1.917523000000017,,
2025-12-19T13:08:30.247Z,2.09,3,1500,768x432,1.9572039999999902,,
2025-12-19T13:08:30.464Z,2.295,3,1500,768x432,1.9353939999999739,,
2025-12-19T13:08:30.960Z,2.308,3,1500,768x432,1.9254020000000196,,
2025-12-19T13:08:31.461Z,2.296,3,1500,768x432,1.9214709999999968,,
2025-12-19T13:08:31.967Z,2.291,3,1500,768x432,1.9156720000000291,,
2025-12-19T13:08:32.473Z,2.285,3,1500,768x432,1.912206000000026,,
2025-12-19T13:08:32.810Z,2.061,2,1000,640x360,1.9722899999999868,,
2025-12-19T13:08:32.969Z,2.262,2,1000,640x360,1.9136340000000018,,
2025-12-19T13:08:33.044Z,2.284,3,1500,768x432,1.9406150000000366,,
2025-12-19T13:08:33.511Z,2.224,3,1500,768x432,1.9734529999999495,,
2025-12-19T13:08:33.964Z,2.268,3,1500,768x432,1.9154310000000123,,
2025-12-19T13:08:34.460Z,2.282,3,1500,768x432,1.9312449999999899,,
2025-12-19T13:08:34.965Z,2.266,3,1500,768x432,1.9169959999999833,,
2025-12-19T13:08:35.358Z,2.168,2,1000,640x360,1.9503210000000308,,
2025-12-19T13:08:35.464Z,2.284,2,1000,640x360,1.9393670000000043,,
2025-12-19T13:08:35.544Z,2.312,3,1500,768x432,1.957149999999956,,
2025-12-19T13:08:35.962Z,2.291,3,1500,768x432,1.9274259999999686,,
2025-12-19T13:08:36.459Z,2.296,3,1500,768x432,1.9294160000000034,,
2025-12-19T13:08:36.960Z,2.271,3,1500,768x432,1.9194960000000378,,
2025-12-19T13:08:37.460Z,2.291,3,1500,768x432,1.9210160000000087,,
2025-12-19T13:08:37.969Z,2.261,3,1500,768x432,1.9137440000000083,,
2025-12-19T13:08:38.486Z,2.258,3,1500,768x432,2.006563999999969,,
2025-12-19T13:08:39.026Z,2.282,3,1500,768x432,1.9572900000000004,,
2025-12-19T13:08:39.492Z,2.255,3,1500,768x432,2.003415000000018,,
2025-12-19T13:08:40.005Z,2.25,3,1500,768x432,1.9786139999999932,,
2025-12-19T13:08:40.483Z,2.255,3,1500,768x432,2.0017760000000067,,
2025-12-19T13:08:40.965Z,2.291,3,1500,768x432,1.9163599999999974,,
2025-12-19T13:08:41.467Z,2.263,3,1500,768x432,1.9143569999999954,,
2025-12-19T13:08:41.969Z,2.257,3,1500,768x432,1.9127719999999613,,
2025-12-19T13:08:42.539Z,2.203,3,1500,768x432,1.9476430000000278,,
2025-12-19T13:08:43.026Z,2.208,3,1500,768x432,1.9573950000000195,,
2025-12-19T13:08:43.466Z,2.277,3,1500,768x432,1.9257859999999596,,
2025-12-19T13:08:43.990Z,2.242,3,1500,768x432,1.9908599999999979,,
2025-12-19T13:08:44.262Z,2.144,0,200,320x180,1.9227149999999824,,
2025-12-19T13:08:44.339Z,1.927,3,1500,768x432,1.943195000000003,,
2025-12-19T13:08:44.586Z,2.146,3,1500,768x432,1.9943210000000136,,
2025-12-19T13:08:44.998Z,2.234,3,1500,768x432,1.9848749999999882,,
2025-12-19T13:08:45.248Z,2.086,1,600,480x270,1.940917000000013,,
2025-12-19T13:08:45.325Z,2.012,3,1500,768x432,1.9612300000000005,,
2025-12-19T13:08:45.527Z,2.209,3,1500,768x432,1.958911999999998,,
2025-12-19T13:08:45.750Z,2.05,2,1000,640x360,1.9423730000000319,,
2025-12-19T13:08:45.829Z,1.986,3,1500,768x432,1.9524099999999862,,
2025-12-19T13:08:46.046Z,2.185,3,1500,768x432,1.9354680000000144,,
2025-12-19T13:08:46.509Z,2.253,3,1500,768x432,1.9743640000000369,,
2025-12-19T13:08:46.987Z,2.24,3,1500,768x432,1.9935129999999504,,
2025-12-19T13:08:47.462Z,2.305,3,1500,768x432,1.930283999999972,,
2025-12-19T13:08:47.963Z,2.268,3,1500,768x432,1.917299000000014,,
2025-12-19T13:08:48.471Z,2.262,3,1500,768x432,1.9129219999999805,,
2025-12-19T13:08:48.760Z,2.108,2,1000,640x360,1.9197990000000118,,
2025-12-19T13:08:48.839Z,1.992,3,1500,768x432,1.9405120000000124,,
2025-12-19T13:08:49.081Z,2.153,3,1500,768x432,1.9990769999999998,,
2025-12-19T13:08:49.539Z,2.218,3,1500,768x432,1.9478349999999978,,
2025-12-19T13:08:50.025Z,2.217,3,1500,768x432,1.9558329999999842,,
2025-12-19T13:08:50.466Z,2.269,3,1500,768x432,1.9170029999999656,,
2025-12-19T13:08:50.964Z,2.291,3,1500,768x432,1.9186320000000023,,
2025-12-19T13:08:51.462Z,2.299,3,1500,768x432,1.9276879999999892,,
2025-12-19T13:08:51.709Z,2.207,2,1000,640x360,1.9761060000000157,,
2025-12-19T13:08:51.787Z,2.047,3,1500,768x432,1.8966439999999807,,
2025-12-19T13:08:51.968Z,2.282,3,1500,768x432,1.9146180000000186,,
2025-12-19T13:08:52.473Z,2.299,3,1500,768x432,1.9208289999999693,,
2025-12-19T13:08:52.989Z,2.244,3,1500,768x432,1.9919529999999668,,
2025-12-19T13:08:53.540Z,2.196,3,1500,768x432,1.9429679999999507,,
2025-12-19T13:08:54.006Z,2.258,3,1500,768x432,1.9735320000000343,,
2025-12-19T13:08:54.496Z,2.247,3,1500,768x432,1.991075999999964,,
2025-12-19T13:08:54.619Z,2.264,0,200,320x180,1.9752809999999954,,
2025-12-19T13:08:54.695Z,2.139,3,1500,768x432,1.992180000000019,,
2025-12-19T13:08:55.013Z,2.216,3,1500,768x432,1.9818329999999946,,
2025-12-19T13:08:55.522Z,2.235,3,1500,768x432,1.9675029999999651,,
2025-12-19T13:08:56.008Z,2.241,3,1500,768x432,1.9715039999999817,,
2025-12-19T13:08:56.462Z,2.3,3,1500,768x432,1.9302149999999756,,
2025-12-19T13:08:56.962Z,2.29,3,1500,768x432,1.9194180000000074,,
2025-12-19T13:08:57.464Z,2.298,3,1500,768x432,1.91941700000001,,
2025-12-19T13:08:57.668Z,2.095,1,600,480x270,1.9163029999999708,,
2025-12-19T13:08:57.744Z,2.086,3,1500,768x432,1.9436490000000504,,
2025-12-19T13:08:58.041Z,2.2,3,1500,768x432,1.9403189999999881,,
2025-12-19T13:08:58.500Z,2.241,3,1500,768x432,1.9859029999999507,,
2025-12-19T13:08:58.967Z,2.291,3,1500,768x432,1.9141930000000116,,
2025-12-19T13:08:59.463Z,2.259,3,1500,768x432,1.920896999999968,,
2025-12-19T13:08:59.960Z,2.294,3,1500,768x432,1.9239279999999894,,
2025-12-19T13:09:00.098Z,2.197,2,1000,640x360,1.9900069999999914,,
2025-12-19T13:09:00.177Z,2.155,3,1500,768x432,1.9188560000000052,,
2025-12-19T13:09:00.465Z,2.292,3,1500,768x432,1.9216129999999794,,
2025-12-19T13:09:00.952Z,2.279,3,1500,768x432,1.9314259999999877,,
2025-12-19T13:09:01.453Z,2.278,3,1500,768x432,1.9279010000000198,,
2025-12-19T13:09:02.008Z,2.271,3,1500,768x432,1.9710259999999948,,
2025-12-19T13:09:02.463Z,2.275,3,1500,768x432,1.9226150000000075,,
2025-12-19T13:09:02.724Z,2.043,2,1000,640x360,1.9610349999999812,,
2025-12-19T13:09:02.802Z,2.031,3,1500,768x432,1.9908960000000206,,
2025-12-19T13:09:02.976Z,2.257,3,1500,768x432,1.9073209999999676,,
2025-12-19T13:09:03.484Z,2.28,3,1500,768x432,2.0108809999999835,,
2025-12-19T13:09:03.963Z,2.285,3,1500,768x432,1.9218189999999709,,
2025-12-19T13:09:04.478Z,2.257,3,1500,768x432,1.9049790000000257,,
2025-12-19T13:09:05.074Z,2.186,3,1500,768x432,1.9052790000000073,,
2025-12-19T13:09:05.542Z,2.23,3,1500,768x432,1.951030000000003,,
2025-12-19T13:09:05.670Z,2.132,0,200,320x180,1.9176800000000185,,
2025-12-19T13:09:05.747Z,2.088,3,1500,768x432,1.9457179999999994,,
2025-12-19T13:09:06.035Z,2.223,3,1500,768x432,1.944108999999969,,
2025-12-19T13:09:06.519Z,2.243,3,1500,768x432,1.9672329999999647,,
2025-12-19T13:09:07.126Z,2.135,3,1500,768x432,1.9593949999999722,,
2025-12-19T13:09:07.670Z,2.1,3,1500,768x432,1.9243019999999547,,
2025-12-19T13:09:08.048Z,2.201,3,1500,768x432,1.933136999999988,,
2025-12-19T13:09:08.457Z,2.295,3,1500,768x432,1.926608999999985,,
2025-12-19T13:09:08.959Z,2.275,3,1500,768x432,1.9212350000000242,,
2025-12-19T13:09:09.323Z,2.058,1,600,480x270,1.966893999999968,,
2025-12-19T13:09:09.481Z,2.311,1,600,480x270,2.0075110000000222,,
2025-12-19T13:09:09.560Z,2.279,3,1500,768x432,1.9279530000000022,,
2025-12-19T13:09:09.978Z,2.256,3,1500,768x432,1.904878999999994,,
2025-12-19T13:09:10.495Z,2.262,3,1500,768x432,1.9904980000000023,,
2025-12-19T13:09:11.007Z,2.223,3,1500,768x432,1.9725569999999948,,
2025-12-19T13:09:11.502Z,2.237,3,1500,768x432,1.9858109999999556,,
2025-12-19T13:09:11.806Z,2.02,2,1000,640x360,1.9771769999999833,,
2025-12-19T13:09:11.957Z,2.3,2,1000,640x360,1.9278939999999807,,
2025-12-19T13:09:12.025Z,2.24,3,1500,768x432,1.9571679999999674,,
2025-12-19T13:09:12.522Z,2.3,3,1500,768x432,1.9858560000000125,,
2025-12-19T13:09:12.979Z,2.255,3,1500,768x432,1.9068579999999997,,
2025-12-19T13:09:13.476Z,2.259,3,1500,768x432,1.9078800000000342,,
2025-12-19T13:09:13.984Z,2.246,3,1500,768x432,1.996438000000012,,
2025-12-19T13:09:14.493Z,2.239,3,1500,768x432,1.9891099999999824,,
2025-12-19T13:09:14.583Z,2.262,2,1000,640x360,1.89860699999997,,
2025-12-19T13:09:14.660Z,2.152,3,1500,768x432,1.9249590000000012,,
2025-12-19T13:09:15.019Z,2.297,3,1500,768x432,1.9621209999999678,,
2025-12-19T13:09:15.481Z,2.29,3,1500,768x432,2.0070200000000114,,
2025-12-19T13:09:15.969Z,2.285,3,1500,768x432,1.9113570000000095,,
2025-12-19T13:09:16.464Z,2.28,3,1500,768x432,1.928083000000015,,
2025-12-19T13:09:16.964Z,2.268,3,1500,768x432,1.9210029999999847,,
2025-12-19T13:09:17.237Z,2.144,2,1000,640x360,1.9586140000000114,,
2025-12-19T13:09:17.315Z,2.018,3,1500,768x432,1.975101000000052,,
2025-12-19T13:09:17.498Z,2.232,3,1500,768x432,1.9845650000000319,,
2025-12-19T13:09:17.978Z,2.275,3,1500,768x432,1.902688000000012,,
2025-12-19T13:09:18.481Z,2.246,3,1500,768x432,2.0012480000000323,,
2025-12-19T13:09:18.991Z,2.235,3,1500,768x432,1.9911260000000084,,
2025-12-19T13:09:19.567Z,2.17,3,1500,768x432,1.9180169999999634,,
2025-12-19T13:09:19.995Z,2.227,3,1500,768x432,1.9887640000000033,,
2025-12-19T13:09:20.160Z,2.258,0,200,320x180,1.926355000000001,,
2025-12-19T13:09:20.239Z,2.099,3,1500,768x432,1.956388000000004,,
2025-12-19T13:09:20.478Z,2.263,3,1500,768x432,1.9158899999999903,,
2025-12-19T13:09:20.989Z,2.24,3,1500,768x432,1.991192999999953,,
2025-12-19T13:09:21.468Z,2.28,3,1500,768x432,1.9315649999999778,,
2025-12-19T13:09:21.976Z,2.258,3,1500,768x432,1.9075819999999908,,
2025-12-19T13:09:22.470Z,2.263,3,1500,768x432,1.9111800000000017,,
2025-12-19T13:09:22.960Z,2.271,3,1500,768x432,1.9199760000000197,,
2025-12-19T13:09:23.151Z,2.292,1,600,480x270,1.9356199999999717,,
2025-12-19T13:09:23.230Z,2.091,3,1500,768x432,1.95762000000002,,
2025-12-19T13:09:23.509Z,2.315,3,1500,768x432,1.9763149999999996,,
2025-12-19T13:09:23.959Z,2.289,3,1500,768x432,1.9270610000000374,,
2025-12-19T13:09:24.564Z,2.176,3,1500,768x432,1.92641100000003,,
2025-12-19T13:09:25.059Z,2.186,3,1500,768x432,1.9243960000000015,,
2025-12-19T13:09:25.563Z,2.181,3,1500,768x432,1.9337580000000116,,
2025-12-19T13:09:25.795Z,1.993,2,1000,640x360,1.9919089999999642,,
2025-12-19T13:09:26.033Z,2.218,2,1000,640x360,1.9579610000000116,,
2025-12-19T13:09:26.112Z,2.17,3,1500,768x432,1.9694479999999999,,
2025-12-19T13:09:26.540Z,2.226,3,1500,768x432,1.9458079999999995,,
2025-12-19T13:09:27.019Z,2.237,3,1500,768x432,1.9650340000000028,,
2025-12-19T13:09:27.519Z,2.233,3,1500,768x432,1.9655939999999532,,
2025-12-19T13:09:28.011Z,2.24,3,1500,768x432,1.9683839999999577,,
2025-12-19T13:09:28.490Z,2.249,3,1500,768x432,2.0002589999999714,,
2025-12-19T13:09:28.717Z,2.115,2,1000,640x360,1.9770320000000083,,
2025-12-19T13:09:28.794Z,2.02,3,1500,768x432,1.9919819999999504,,
2025-12-19T13:09:28.975Z,2.256,3,1500,768x432,1.9056289999999763,,
2025-12-19T13:09:29.454Z,2.293,3,1500,768x432,1.9399960000000078,,
2025-12-19T13:09:29.967Z,2.27,3,1500,768x432,1.9153810000000249,,
2025-12-19T13:09:30.466Z,2.285,3,1500,768x432,1.9377819999999701,,
2025-12-19T13:09:30.980Z,2.293,3,1500,768x432,1.907700000000034,,
2025-12-19T13:09:31.289Z,2.104,2,1000,640x360,1.9041540000000055,,
2025-12-19T13:09:31.455Z,2.305,2,1000,640x360,1.935908999999981,,
2025-12-19T13:09:31.523Z,2.304,3,1500,768x432,1.9639000000000237,,
2025-12-19T13:09:31.969Z,2.262,3,1500,768x432,1.9104060000000231,,
2025-12-19T13:09:32.476Z,2.261,3,1500,768x432,1.9126390000000129,,
2025-12-19T13:09:32.972Z,2.261,3,1500,768x432,1.90949999999998,,
2025-12-19T13:09:33.463Z,2.283,3,1500,768x432,1.9295490000000086,,
2025-12-19T13:09:33.792Z,2.085,0,200,320x180,1.9937449999999899,,
2025-12-19T13:09:33.980Z,2.339,0,200,320x180,2.00166999999999,,
2025-12-19T13:09:34.057Z,2.204,3,1500,768x432,1.923155999999949,,
2025-12-19T13:09:34.458Z,2.317,3,1500,768x432,1.9436269999999922,,
2025-12-19T13:09:34.960Z,2.292,3,1500,768x432,1.9258510000000229,,
2025-12-19T13:09:35.565Z,2.176,3,1500,768x432,1.9187969999999837,,
2025-12-19T13:09:35.965Z,2.267,3,1500,768x432,1.914350000000013,,
2025-12-19T13:09:36.458Z,2.278,3,1500,768x432,1.9297410000000355,,
2025-12-19T13:09:36.790Z,2.046,1,600,480x270,1.8917380000000321,,
2025-12-19T13:09:36.963Z,2.285,1,600,480x270,1.9255660000000034,,
2025-12-19T13:09:37.042Z,2.27,3,1500,768x432,1.940587999999991,,
2025-12-19T13:09:37.464Z,2.277,3,1500,768x432,1.9315450000000283,,
2025-12-19T13:09:37.961Z,2.271,3,1500,768x432,1.920626000000027,,
2025-12-19T13:09:38.471Z,2.289,3,1500,768x432,1.9274409999999875,,
2025-12-19T13:09:38.963Z,2.273,3,1500,768x432,1.9232230000000072,,
2025-12-19T13:09:39.193Z,2.159,2,1000,640x360,1.9909400000000232,,
2025-12-19T13:09:39.272Z,2.062,3,1500,768x432,1.9113499999999704,,
2025-12-19T13:09:39.480Z,2.253,3,1500,768x432,1.9031669999999963,,
2025-12-19T13:09:39.966Z,2.293,3,1500,768x432,1.9160570000000234,,
2025-12-19T13:09:40.465Z,2.298,3,1500,768x432,1.9208859999999959,,
2025-12-19T13:09:40.967Z,2.264,3,1500,768x432,1.9146690000000035,,
2025-12-19T13:09:41.459Z,2.281,3,1500,768x432,1.9305209999999988,,
2025-12-19T13:09:41.704Z,2.148,2,1000,640x360,1.9938350000000469,,
2025-12-19T13:09:41.784Z,2.004,3,1500,768x432,1.9127770000000055,,
2025-12-19T13:09:41.958Z,2.274,3,1500,768x432,1.9253500000000372,,
2025-12-19T13:09:42.465Z,2.315,3,1500,768x432,1.9339130000000182,,
2025-12-19T13:09:42.961Z,2.296,3,1500,768x432,1.9273390000000177,,
2025-12-19T13:09:43.456Z,2.296,3,1500,768x432,1.9265520000000151,,
2025-12-19T13:09:43.961Z,2.279,3,1500,768x432,1.9217629999999986,,
2025-12-19T13:09:44.240Z,2.113,2,1000,640x360,1.9457199999999943,,
2025-12-19T13:09:44.316Z,2.016,3,1500,768x432,1.968763000000024,,
2025-12-19T13:09:44.489Z,2.267,3,1500,768x432,1.9967440000000352,,
2025-12-19T13:09:44.962Z,2.277,3,1500,768x432,1.9175860000000284,,
2025-12-19T13:09:45.459Z,2.298,3,1500,768x432,1.9287720000000377,,
2025-12-19T13:09:45.959Z,2.288,3,1500,768x432,1.9219510000000355,,
2025-12-19T13:09:46.531Z,2.213,3,1500,768x432,1.9634760000000142,,
2025-12-19T13:09:46.973Z,2.26,3,1500,768x432,1.9088100000000168,,
2025-12-19T13:09:47.149Z,2.185,0,200,320x180,1.9467520000000036,,
2025-12-19T13:09:47.227Z,2.108,3,1500,768x432,1.9701069999999845,,
2025-12-19T13:09:47.458Z,2.293,3,1500,768x432,1.942075999999986,,
2025-12-19T13:09:47.966Z,2.282,3,1500,768x432,1.92256900000001,,
2025-12-19T13:09:48.460Z,2.278,3,1500,768x432,1.9230770000000348,,
2025-12-19T13:09:48.983Z,2.247,3,1500,768x432,1.9982609999999568,,
2025-12-19T13:09:49.462Z,2.29,3,1500,768x432,1.9222350000000006,,
2025-12-19T13:09:49.966Z,2.272,3,1500,768x432,1.9145430000000374,,
2025-12-19T13:09:50.333Z,2.013,1,600,480x270,1.9609609999999975,,
2025-12-19T13:09:50.505Z,2.315,1,600,480x270,1.9981170000000361,,
2025-12-19T13:09:50.582Z,2.239,3,1500,768x432,1.9191620000000285,,
2025-12-19T13:09:50.964Z,2.258,3,1500,768x432,1.9167209999999955,,
2025-12-19T13:09:51.455Z,2.295,3,1500,768x432,1.9444019999999682,,
2025-12-19T13:09:51.955Z,2.306,3,1500,768x432,1.9311020000000099,,
2025-12-19T13:09:52.334Z,2.145,2,1000,640x360,1.9604469999999878,,
2025-12-19T13:09:52.490Z,2.219,2,1000,640x360,2.0025150000000167,,
2025-12-19T13:09:52.567Z,2.266,3,1500,768x432,1.9244640000000004,,
2025-12-19T13:09:52.987Z,2.277,3,1500,768x432,1.996567999999968,,
2025-12-19T13:09:53.580Z,2.18,3,1500,768x432,1.9023010000000227,,
2025-12-19T13:09:54.123Z,2.128,3,1500,768x432,1.9622449999999958,,
2025-12-19T13:09:54.653Z,2.103,3,1500,768x432,1.931806999999992,,
2025-12-19T13:09:55.128Z,2.125,3,1500,768x432,1.9607619999999883,,
2025-12-19T13:09:55.506Z,2.26,3,1500,768x432,1.9904389999999808,,
2025-12-19T13:09:55.854Z,1.916,2,1000,640x360,1.9304930000000127,,
2025-12-19T13:09:55.983Z,2.245,2,1000,640x360,2.0011969999999906,,
2025-12-19T13:09:56.055Z,2.257,3,1500,768x432,1.9270759999999996,,
2025-12-19T13:09:56.500Z,2.237,3,1500,768x432,1.9834060000000022,,
2025-12-19T13:09:56.954Z,2.278,3,1500,768x432,1.929209999999955,,
2025-12-19T13:09:57.456Z,2.279,3,1500,768x432,1.93119200000001,,
2025-12-19T13:09:57.966Z,2.265,3,1500,768x432,1.9143040000000155,,
2025-12-19T13:09:58.292Z,2.038,2,1000,640x360,1.9950259999999957,,
2025-12-19T13:09:58.460Z,2.29,2,1000,640x360,1.9298949999999877,,
2025-12-19T13:09:58.528Z,2.256,3,1500,768x432,1.9621139999999855,,
2025-12-19T13:09:58.985Z,2.245,3,1500,768x432,1.9953909999999837,,
2025-12-19T13:09:59.476Z,2.267,3,1500,768x432,1.9165070000000242,,
2025-12-19T13:09:59.984Z,2.248,3,1500,768x432,1.9975199999999518,,
2025-12-19T13:10:00.508Z,2.205,3,1500,768x432,2.0279319999999643,,
2025-12-19T13:10:01.007Z,2.173,3,1500,768x432,1.9995879999999602,,
2025-12-19T13:10:01.505Z,2.172,3,1500,768x432,1.998989999999992,,
2025-12-19T13:10:01.675Z,2.168,0,200,320x180,1.9157680000000141,,
2025-12-19T13:10:01.751Z,1.991,3,1500,768x432,1.949056999999982,,
2025-12-19T13:10:02.014Z,2.148,3,1500,768x432,1.9739790000000426,,
2025-12-19T13:10:02.527Z,2.143,3,1500,768x432,1.9573149999999941,,
2025-12-19T13:10:03.029Z,2.107,3,1500,768x432,1.9497799999999756,,
2025-12-19T13:10:03.508Z,2.161,3,1500,768x432,1.9787589999999682,,
2025-12-19T13:10:03.979Z,2.172,3,1500,768x432,1.9035470000000032,,
2025-12-19T13:10:04.466Z,2.191,3,1500,768x432,1.9219119999999634,,
2025-12-19T13:10:04.961Z,2.199,3,1500,768x432,1.9226929999999811,,
2025-12-19T13:10:05.463Z,2.201,3,1500,768x432,1.9274009999999748,,
2025-12-19T13:10:05.958Z,2.178,3,1500,768x432,1.9215280000000234,,
2025-12-19T13:10:06.132Z,2.055,1,600,480x270,1.9570940000000405,,
2025-12-19T13:10:06.212Z,2.027,3,1500,768x432,1.971509000000026,,
2025-12-19T13:10:06.463Z,2.195,3,1500,768x432,1.9204409999999825,,
2025-12-19T13:10:06.961Z,2.2,3,1500,768x432,1.9213179999999852,,
2025-12-19T13:10:07.453Z,2.21,3,1500,768x432,1.9344609999999989,,
2025-12-19T13:10:07.985Z,2.182,3,1500,768x432,1.9969609999999989,,
2025-12-19T13:10:08.460Z,2.218,3,1500,768x432,1.9328950000000304,,
2025-12-19T13:10:08.981Z,2.181,3,1500,768x432,2.001585000000034,,
2025-12-19T13:10:09.104Z,2.173,2,1000,640x360,1.9871740000000386,,
2025-12-19T13:10:09.185Z,2.024,3,1500,768x432,1.9098430000000235,,
2025-12-19T13:10:09.459Z,2.201,3,1500,768x432,1.9230640000000108,,
2025-12-19T13:10:09.967Z,2.19,3,1500,768x432,1.9201649999999972,,
2025-12-19T13:10:10.486Z,2.178,3,1500,768x432,2.0031450000000177,,
2025-12-19T13:10:10.993Z,2.168,3,1500,768x432,1.9877740000000017,,
2025-12-19T13:10:11.486Z,2.174,3,1500,768x432,2.0039300000000253,,
2025-12-19T13:10:11.965Z,2.204,3,1500,768x432,1.9155850000000214,,
2025-12-19T13:10:12.465Z,2.206,3,1500,768x432,1.9394760000000133,,
2025-12-19T13:10:12.608Z,2.071,2,1000,640x360,1.9815510000000813,,
2025-12-19T13:10:12.686Z,2.06,3,1500,768x432,1.9018490000000838,,
2025-12-19T13:10:12.966Z,2.172,3,1500,768x432,1.9239370000000235,,
2025-12-19T13:10:13.461Z,2.195,3,1500,768x432,1.9278329999999642,,
2025-12-19T13:10:13.958Z,2.196,3,1500,768x432,1.9218640000000278,,
2025-12-19T13:10:14.463Z,2.192,3,1500,768x432,1.9235539999999673,,
2025-12-19T13:10:14.960Z,2.204,3,1500,768x432,1.922837999999956,,
2025-12-19T13:10:15.464Z,2.198,3,1500,768x432,1.9212100000000873,,
2025-12-19T13:10:15.960Z,2.199,3,1500,768x432,1.9219279999999799,,
2025-12-19T13:10:16.191Z,2.121,2,1000,640x360,1.902374000000009,,
2025-12-19T13:10:16.268Z,1.978,3,1500,768x432,1.9329490000000078,,
2025-12-19T13:10:16.463Z,2.196,3,1500,768x432,1.9245849999999791,,
2025-12-19T13:10:16.961Z,2.201,3,1500,768x432,1.9236459999999624,,
2025-12-19T13:10:17.468Z,2.206,3,1500,768x432,1.9258129999999483,,
2025-12-19T13:10:17.981Z,2.191,3,1500,768x432,2.0014240000000427,,
2025-12-19T13:10:18.456Z,2.203,3,1500,768x432,1.9284559999999829,,
2025-12-19T13:10:18.966Z,2.17,3,1500,768x432,1.9148969999999963,,
2025-12-19T13:10:19.457Z,2.209,3,1500,768x432,1.9339159999999538,,
2025-12-19T13:10:19.958Z,2.205,3,1500,768x432,1.926142999999911,,
2025-12-19T13:10:20.464Z,2.205,3,1500,768x432,1.920349999999985,,
2025-12-19T13:10:20.966Z,2.196,3,1500,768x432,1.9137440000000652,,
2025-12-19T13:10:21.459Z,2.198,3,1500,768x432,1.922633000000019,,
2025-12-19T13:10:21.960Z,2.184,3,1500,768x432,1.9201920000000428,,
2025-12-19T13:10:22.454Z,2.209,3,1500,768x432,1.930637000000047,,
2025-12-19T13:10:22.957Z,2.181,3,1500,768x432,1.9322690000000193,,
2025-12-19T13:10:23.029Z,2.202,0,200,320x180,1.9575479999999743,,
2025-12-19T13:10:23.109Z,2.129,3,1500,768x432,1.9738770000000159,,
2025-12-19T13:10:23.464Z,2.213,3,1500,768x432,1.9261030000000119,,
2025-12-19T13:10:23.959Z,2.206,3,1500,768x432,1.9219229999999925,,
2025-12-19T13:10:24.464Z,2.201,3,1500,768x432,1.9205409999999574,,
2025-12-19T13:10:24.957Z,2.202,3,1500,768x432,1.9237759999999753,,
2025-12-19T13:10:25.463Z,2.207,3,1500,768x432,1.9316599999999653,,
2025-12-19T13:10:25.987Z,2.173,3,1500,768x432,1.9934690000000046,,
2025-12-19T13:10:26.208Z,2.034,1,600,480x270,1.9758749999999736,,
2025-12-19T13:10:26.486Z,2.17,1,600,480x270,2.00157999999999,,
2025-12-19T13:10:26.567Z,2.174,3,1500,768x432,1.920060000000035,,
2025-12-19T13:10:26.995Z,2.176,3,1500,768x432,1.9890219999999772,,
2025-12-19T13:10:27.455Z,2.211,3,1500,768x432,1.9330230000000483,,
2025-12-19T13:10:27.959Z,2.197,3,1500,768x432,1.9259460000000672,,
2025-12-19T13:10:28.084Z,2.169,2,1000,640x360,1.8942299999999932,,
2025-12-19T13:10:28.162Z,2.056,3,1500,768x432,1.928892000000019,,
2025-12-19T13:10:28.471Z,2.176,3,1500,768x432,1.923626000000013,,
2025-12-19T13:10:28.979Z,2.178,3,1500,768x432,1.9064640000000281,,
2025-12-19T13:10:29.458Z,2.209,3,1500,768x432,1.9302599999999757,,
2025-12-19T13:10:29.959Z,2.204,3,1500,768x432,1.9202430000000277,,
2025-12-19T13:10:30.467Z,2.195,3,1500,768x432,1.9173439999999573,,
2025-12-19T13:10:30.962Z,2.201,3,1500,768x432,1.922649999999976,,
2025-12-19T13:10:31.464Z,2.184,3,1500,768x432,1.9279219999999668,,
2025-12-19T13:10:31.538Z,2.201,2,1000,640x360,1.9473570000000109,,
2025-12-19T13:10:31.615Z,2.126,3,1500,768x432,1.9771729999999934,,
2025-12-19T13:10:31.973Z,2.186,3,1500,768x432,1.9112220000000661,,
2025-12-19T13:10:32.478Z,2.182,3,1500,768x432,1.9153270000000475,,
2025-12-19T13:10:32.984Z,2.181,3,1500,768x432,2.000501999999983,,
2025-12-19T13:10:33.470Z,2.191,3,1500,768x432,1.914113000000043,,
2025-12-19T13:10:33.961Z,2.193,3,1500,768x432,1.9194150000000718,,
2025-12-19T13:10:34.469Z,2.186,3,1500,768x432,1.927234999999996,,
2025-12-19T13:10:34.959Z,2.195,3,1500,768x432,1.9214970000000449,,
2025-12-19T13:10:35.221Z,2.004,2,1000,640x360,1.9803980000000365,,
2025-12-19T13:10:35.459Z,2.205,2,1000,640x360,1.9261890000000221,,
2025-12-19T13:10:35.533Z,2.205,3,1500,768x432,1.952713000000017,,
2025-12-19T13:10:35.957Z,2.203,3,1500,768x432,1.923718000000008,,
2025-12-19T13:10:36.463Z,2.206,3,1500,768x432,1.92694199999994,,
2025-12-19T13:10:36.957Z,2.203,3,1500,768x432,1.929536999999982,,
2025-12-19T13:10:37.459Z,2.194,3,1500,768x432,1.9364739999999756,,
2025-12-19T13:10:37.956Z,2.203,3,1500,768x432,1.9276830000000018,,
2025-12-19T13:10:38.457Z,2.204,3,1500,768x432,1.9242000000000417,,
2025-12-19T13:10:38.955Z,2.207,3,1500,768x432,1.9244959999999764,,
2025-12-19T13:10:39.114Z,2.203,0,200,320x180,1.9754689999999755,,
2025-12-19T13:10:39.194Z,2.014,3,1500,768x432,1.9933859999999868,,
2025-12-19T13:10:39.465Z,2.208,3,1500,768x432,1.9183520000000271,,
2025-12-19T13:10:39.959Z,2.179,3,1500,768x432,1.9221850000000131,,
2025-12-19T13:10:41.760Z,0.877,3,1500,768x432,1.9387310000000753,,
2025-12-19T13:10:42.600Z,0.261,3,1500,768x432,1.9842049999999745,,rebuffer happen
2025-12-19T13:10:43.005Z,0.022,3,1500,768x432,1.9881129999999985,,rebuffer happen
2025-12-19T13:10:43.038Z,0.028,3,1500,768x432,1.960128999999938,,rebuffer happen
2025-12-19T13:10:43.155Z,0.015,3,1500,768x432,2.006347000000005,,rebuffer happen
2025-12-19T13:10:43.238Z,0.015,3,1500,768x432,2.0766869999999926,,rebuffer happen
2025-12-19T13:10:43.320Z,0.015,3,1500,768x432,2.175687000000039,,
2025-12-19T13:10:43.355Z,0.018,2,1000,640x360,2.1455740000000105,,rebuffer happen
2025-12-19T13:10:43.392Z,0.018,2,1000,640x360,2.2385739999999714,,
2025-12-19T13:10:43.772Z,0.017,2,1000,640x360,2.5123989999999594,,rebuffer happen
2025-12-19T13:10:43.805Z,0.022,2,1000,640x360,2.5785829999999805,,rebuffer happen
2025-12-19T13:10:43.955Z,0.032,2,1000,640x360,2.5645609999999124,,rebuffer happen
2025-12-19T13:10:44.005Z,0.029,2,1000,640x360,2.621219999999994,,rebuffer happen
2025-12-19T13:10:44.055Z,0.027,2,1000,640x360,2.5857590000000528,,rebuffer happen
2025-12-19T13:10:44.105Z,0.02,2,1000,640x360,2.6548060000000078,,rebuffer happen
2025-12-19T13:10:44.139Z,0.027,2,1000,640x360,2.6280590000000075,,rebuffer happen
2025-12-19T13:10:44.205Z,0.017,2,1000,640x360,2.6778850000000602,,rebuffer happen
2025-12-19T13:10:44.289Z,0.017,2,1000,640x360,2.7379640000000336,,rebuffer happen
2025-12-19T13:10:44.339Z,0.017,2,1000,640x360,2.703895999999986,,rebuffer happen
2025-12-19T13:10:44.422Z,0.029,2,1000,640x360,2.791478999999981,,rebuffer happen
2025-12-19T13:10:44.445Z,0.029,2,1000,640x360,2.791478999999981,,
2025-12-19T13:10:44.489Z,0.023,1,600,480x270,2.8486310000000685,,rebuffer happen
2025-12-19T13:10:44.512Z,0.023,1,600,480x270,2.8486310000000685,,
2025-12-19T13:10:45.129Z,0.271,1,600,480x270,3.182009999999991,,
2025-12-19T13:10:45.201Z,0.261,0,200,320x180,3.226654999999937,,
2025-12-19T13:10:45.462Z,0.37,0,200,320x180,3.164884000000029,,
2025-12-19T13:10:45.545Z,0.444,3,1500,768x432,3.186864000000014,,
2025-12-19T13:10:45.720Z,0.108,3,1500,768x432,3.1283079999999472,,rebuffer happen
2025-12-19T13:10:45.774Z,0.028,3,1500,768x432,3.0482939999999417,,rebuffer happen
2025-12-19T13:10:46.057Z,0.024,3,1500,768x432,3.2774279999999862,,rebuffer happen
2025-12-19T13:10:46.107Z,0.018,3,1500,768x432,3.338416999999936,,rebuffer happen
2025-12-19T13:10:46.191Z,0.026,3,1500,768x432,3.4231079999999565,,rebuffer happen
2025-12-19T13:10:46.257Z,0.017,3,1500,768x432,3.381196999999929,,rebuffer happen
2025-12-19T13:10:46.340Z,0.022,3,1500,768x432,3.444362999999953,,rebuffer happen
2025-12-19T13:10:46.441Z,0.022,3,1500,768x432,3.5189960000000156,,rebuffer happen
2025-12-19T13:10:46.491Z,0.02,3,1500,768x432,3.5787330000000566,,rebuffer happen
2025-12-19T13:10:46.574Z,0.03,3,1500,768x432,3.5552240000000666,,rebuffer happen
2025-12-19T13:10:46.691Z,0.015,3,1500,768x432,3.7071119999999382,,rebuffer happen
2025-12-19T13:10:46.741Z,0.02,3,1500,768x432,3.678807000000006,,rebuffer happen
2025-12-19T13:10:46.841Z,0.021,3,1500,768x432,3.743417999999906,,rebuffer happen
2025-12-19T13:10:46.941Z,0.019,3,1500,768x432,3.8167190000000346,,rebuffer happen
2025-12-19T13:10:46.974Z,0.029,3,1500,768x432,3.793988000000013,,rebuffer happen
2025-12-19T13:10:47.045Z,0.029,3,1500,768x432,3.886987999999974,,
2025-12-19T13:10:47.091Z,0.022,2,1000,640x360,3.942346999999927,,rebuffer happen
2025-12-19T13:10:47.121Z,0.022,2,1000,640x360,3.942346999999927,,
2025-12-19T13:10:47.492Z,0.03,2,1000,640x360,4.3199449999999615,,rebuffer happen
2025-12-19T13:10:47.541Z,0.028,2,1000,640x360,4.28441799999996,,rebuffer happen
2025-12-19T13:10:47.742Z,0.024,2,1000,640x360,4.317779000000087,,rebuffer happen
2025-12-19T13:10:47.775Z,0.029,2,1000,640x360,4.29000700000006,,rebuffer happen
2025-12-19T13:10:47.875Z,0.022,2,1000,640x360,4.309505999999942,,rebuffer happen
2025-12-19T13:10:47.925Z,0.023,2,1000,640x360,4.384760000000028,,rebuffer happen
2025-12-19T13:10:47.975Z,0.021,2,1000,640x360,4.349569000000088,,rebuffer happen
2025-12-19T13:10:48.075Z,0.016,2,1000,640x360,4.404986000000008,,rebuffer happen
2025-12-19T13:10:48.109Z,0.024,2,1000,640x360,4.477813999999967,,rebuffer happen
2025-12-19T13:10:48.153Z,0.024,2,1000,640x360,4.477813999999967,,
2025-12-19T13:10:48.192Z,0.023,1,600,480x270,4.543417999999974,,rebuffer happen
2025-12-19T13:10:48.225Z,0.023,1,600,480x270,4.543417999999974,,
2025-12-19T13:10:48.838Z,0.223,1,600,480x270,4.839200000000005,,
2025-12-19T13:10:48.910Z,0.208,0,200,320x180,4.860951,,
2025-12-19T13:10:49.139Z,0.423,0,200,320x180,4.838085999999976,,
2025-12-19T13:10:49.221Z,0.413,3,1500,768x432,4.860564999999951,,
2025-12-19T13:10:49.333Z,0.193,3,1500,768x432,4.819462999999928,,rebuffer happen
2025-12-19T13:10:49.444Z,0.028,3,1500,768x432,4.76239099999998,,rebuffer happen
2025-12-19T13:10:49.693Z,0.02,3,1500,768x432,5.008515999999986,,rebuffer happen
2025-12-19T13:10:49.777Z,0.016,3,1500,768x432,4.971202999999946,,rebuffer happen
2025-12-19T13:10:49.810Z,0.025,3,1500,768x432,5.047827999999981,,rebuffer happen
2025-12-19T13:10:49.877Z,0.017,3,1500,768x432,5.006554999999935,,rebuffer happen
2025-12-19T13:10:49.960Z,0.019,3,1500,768x432,5.087102000000073,,rebuffer happen
2025-12-19T13:10:50.060Z,0.016,3,1500,768x432,5.142549000000031,,rebuffer happen
2025-12-19T13:10:50.144Z,0.023,3,1500,768x432,5.224113999999986,,rebuffer happen
2025-12-19T13:10:50.194Z,0.028,3,1500,768x432,5.289535999999998,,rebuffer happen
2025-12-19T13:10:50.327Z,0.019,3,1500,768x432,5.339015000000018,,rebuffer happen
2025-12-19T13:10:50.410Z,0.02,3,1500,768x432,5.418220000000019,,rebuffer happen
2025-12-19T13:10:50.510Z,0.016,3,1500,768x432,5.474930000000086,,rebuffer happen
2025-12-19T13:10:50.544Z,0.025,3,1500,768x432,5.450433000000089,,rebuffer happen
2025-12-19T13:10:50.644Z,0.029,3,1500,768x432,5.530168000000003,,rebuffer happen
2025-12-19T13:10:50.711Z,0.016,3,1500,768x432,5.577679999999987,,rebuffer happen
2025-12-19T13:10:50.753Z,0.016,3,1500,768x432,5.577679999999987,,
2025-12-19T13:10:50.778Z,0.028,2,1000,640x360,5.556725000000029,,rebuffer happen
2025-12-19T13:10:50.826Z,0.028,2,1000,640x360,5.651725000000056,,
2025-12-19T13:10:51.578Z,0.026,2,1000,640x360,5.981400000000008,,rebuffer happen
2025-12-19T13:10:51.645Z,0.022,2,1000,640x360,6.043922000000066,,rebuffer happen
2025-12-19T13:10:51.678Z,0.027,2,1000,640x360,6.014907999999991,,rebuffer happen
2025-12-19T13:10:51.726Z,0.06,2,1000,640x360,6.076048000000014,,
2025-12-19T13:10:51.762Z,0.025,1,600,480x270,6.044717999999989,,rebuffer happen
2025-12-19T13:10:51.814Z,0.025,1,600,480x270,6.1507179999999835,,
2025-12-19T13:10:52.345Z,0.272,1,600,480x270,6.3880759999999555,,
2025-12-19T13:10:52.417Z,0.265,0,200,320x180,6.424054999999953,,
2025-12-19T13:10:52.563Z,0.281,0,200,320x180,6.3729620000000295,,rebuffer happen
2025-12-19T13:10:52.620Z,0.409,0,200,320x180,6.381663000000003,,
2025-12-19T13:10:52.818Z,0.603,0,200,320x180,6.288106000000084,,
2025-12-19T13:10:53.011Z,0.805,0,200,320x180,6.2011660000000575,,
2025-12-19T13:10:53.217Z,1.006,0,200,320x180,6.104347999999959,,
2025-12-19T13:10:53.437Z,1.272,0,200,320x180,5.966111000000069,,
2025-12-19T13:10:53.624Z,1.399,0,200,320x180,5.897596000000021,,
2025-12-19T13:10:53.840Z,1.636,0,200,320x180,5.776838999999995,,
2025-12-19T13:10:54.013Z,1.842,0,200,320x180,5.701771000000008,,
2025-12-19T13:10:54.215Z,2.019,0,200,320x180,5.613581999999951,,
2025-12-19T13:10:54.440Z,2.248,0,200,320x180,5.4795480000000225,,
2025-12-19T13:10:54.624Z,2.471,0,200,320x180,5.405673999999976,,
2025-12-19T13:10:54.814Z,2.654,0,200,320x180,5.323184000000083,,
2025-12-19T13:10:55.011Z,2.825,0,200,320x180,5.215708000000063,,
2025-12-19T13:10:55.229Z,3.095,0,200,320x180,5.166719999999941,,
2025-12-19T13:10:55.402Z,3.343,0,200,320x180,5.108754999999974,,
2025-12-19T13:10:55.568Z,3.556,0,200,320x180,4.9648899999999685,,
2025-12-19T13:10:55.705Z,3.846,0,200,320x180,4.950158999999985,,
2025-12-19T13:10:55.826Z,4.163,0,200,320x180,4.876051999999959,,
2025-12-19T13:10:55.947Z,4.534,0,200,320x180,4.788445999999908,,
2025-12-19T13:10:56.051Z,4.913,0,200,320x180,4.7297700000000304,,
2025-12-19T13:10:56.469Z,4.955,0,200,320x180,4.617969000000016,,
2025-12-19T13:10:56.937Z,4.721,0,200,320x180,4.416853999999944,,
2025-12-19T13:10:57.435Z,4.618,0,200,320x180,4.320427999999993,,
2025-12-19T13:10:57.763Z,4.125,1,600,480x270,4.127765999999951,,
2025-12-19T13:10:58.045Z,4.168,1,600,480x270,4.009605000000079,,
2025-12-19T13:10:58.478Z,4.049,1,600,480x270,3.7869519999999284,,
2025-12-19T13:10:58.986Z,3.781,1,600,480x270,3.6146929999999884,,
2025-12-19T13:10:59.480Z,3.605,1,600,480x270,3.3453399999999647,,
2025-12-19T13:10:59.944Z,3.41,1,600,480x270,3.1487019999999575,,
2025-12-19T13:11:00.447Z,3.278,1,600,480x270,2.9998640000000023,,
2025-12-19T13:11:00.951Z,3.016,1,600,480x270,2.7445470000000114,,
2025-12-19T13:11:01.492Z,2.913,1,600,480x270,2.6840879999999743,,
2025-12-19T13:11:01.954Z,2.669,1,600,480x270,2.4094579999999723,,
2025-12-19T13:11:02.448Z,2.493,1,600,480x270,2.235966000000076,,
2025-12-19T13:11:02.946Z,2.354,1,600,480x270,2.099136000000044,,
2025-12-19T13:11:03.438Z,2.292,1,600,480x270,2.038585000000012,,
2025-12-19T13:11:03.991Z,2.187,1,600,480x270,2.0290520000000924,,
2025-12-19T13:11:04.477Z,2.241,1,600,480x270,1.9452820000000202,,
2025-12-19T13:11:04.946Z,2.196,1,600,480x270,1.9550480000000334,,
2025-12-19T13:11:05.451Z,2.241,1,600,480x270,1.9596969999998919,,
2025-12-19T13:11:05.946Z,2.22,1,600,480x270,1.9525810000000092,,
2025-12-19T13:11:06.449Z,2.217,1,600,480x270,1.9355110000000195,,
2025-12-19T13:11:06.949Z,2.208,1,600,480x270,1.931239000000005,,
2025-12-19T13:11:07.447Z,2.201,1,600,480x270,1.9337729999999738,,
2025-12-19T13:11:07.946Z,2.215,1,600,480x270,1.9375609999999597,,
2025-12-19T13:11:08.454Z,2.221,1,600,480x270,1.934439999999995,,
2025-12-19T13:11:08.951Z,2.211,1,600,480x270,1.9333069999998997,,
2025-12-19T13:11:09.448Z,2.23,1,600,480x270,1.9465189999999666,,
2025-12-19T13:11:09.523Z,2.225,0,200,320x180,1.970311000000038,,
2025-12-19T13:11:09.602Z,2.112,2,1000,640x360,1.999108000000092,,
2025-12-19T13:11:09.680Z,2.042,3,1500,768x432,1.9186610000000428,,
2025-12-19T13:11:10.109Z,2.043,3,1500,768x432,1.9768139999999903,,
2025-12-19T13:11:10.621Z,2.029,3,1500,768x432,1.982225000000085,,
2025-12-19T13:11:11.152Z,1.993,3,1500,768x432,1.9415989999999965,,
2025-12-19T13:11:11.658Z,2.004,3,1500,768x432,1.9284599999999728,,
2025-12-19T13:11:12.143Z,2.01,3,1500,768x432,1.945342000000096,,
2025-12-19T13:11:12.604Z,2.053,3,1500,768x432,1.985590000000002,,
2025-12-19T13:11:13.189Z,1.977,3,1500,768x432,2.010012999999958,,
2025-12-19T13:11:13.703Z,1.963,3,1500,768x432,1.9909450000000106,,
2025-12-19T13:11:14.315Z,1.871,3,1500,768x432,1.9995559999999841,,
2025-12-19T13:11:14.947Z,1.728,3,1500,768x432,1.9503540000000612,,
2025-12-19T13:11:15.500Z,1.673,3,1500,768x432,1.9987129999999524,,
2025-12-19T13:11:16.028Z,1.629,3,1500,768x432,1.9506939999999986,,
2025-12-19T13:11:16.549Z,1.619,3,1500,768x432,1.945844999999963,,
2025-12-19T13:11:17.059Z,1.582,3,1500,768x432,1.9206940000000259,,
2025-12-19T13:11:17.582Z,1.553,3,1500,768x432,2.0067920000000186,,
2025-12-19T13:11:18.385Z,1.328,3,1500,768x432,2.017675000000054,,
2025-12-19T13:11:19.258Z,0.925,3,1500,768x432,1.9367100000000619,,
2025-12-19T13:11:20.140Z,0.532,3,1500,768x432,1.9416149999999561,,
2025-12-19T13:11:20.218Z,0.486,2,1000,640x360,1.973622999999975,,
2025-12-19T13:11:20.432Z,0.295,2,1000,640x360,1.9642199999999548,,rebuffer happen
2025-12-19T13:11:20.829Z,0.298,2,1000,640x360,1.9550090000000182,,rebuffer happen
2025-12-19T13:11:20.855Z,0.298,2,1000,640x360,1.9287510000000339,,
2025-12-19T13:11:20.934Z,0.305,1,600,480x270,1.9567260000000033,,
2025-12-19T13:11:20.935Z,0.225,1,600,480x270,1.9558799999999792,,rebuffer happen
2025-12-19T13:11:21.251Z,0.289,1,600,480x270,1.942686999999978,,rebuffer happen
2025-12-19T13:11:21.297Z,0.357,1,600,480x270,1.9964760000000297,,
2025-12-19T13:11:21.369Z,0.376,0,200,320x180,1.9238259999999627,,
2025-12-19T13:11:21.430Z,0.276,0,200,320x180,1.9719479999999976,,rebuffer happen
2025-12-19T13:11:21.510Z,0.656,0,200,320x180,1.9852369999999837,,
2025-12-19T13:11:21.587Z,0.597,3,1500,768x432,1.9083839999999554,,
2025-12-19T13:11:22.299Z,0.296,3,1500,768x432,2.016087999999968,,rebuffer happen
2025-12-19T13:11:22.378Z,0.283,3,1500,768x432,1.9363969999999426,,rebuffer happen
2025-12-19T13:11:22.444Z,0.283,3,1500,768x432,1.9793200000000297,,
2025-12-19T13:11:22.512Z,0.249,2,1000,640x360,2.0026639999999816,,
2025-12-19T13:11:22.671Z,0.024,2,1000,640x360,1.9587129999999888,,rebuffer happen
2025-12-19T13:11:23.084Z,0.179,2,1000,640x360,2.097071000000028,,
2025-12-19T13:11:23.150Z,0.173,1,600,480x270,2.0370040000000245,,
2025-12-19T13:11:23.237Z,0.032,1,600,480x270,2.0533989999998994,,rebuffer happen
2025-12-19T13:11:23.511Z,0.357,1,600,480x270,2.176138000000037,,
2025-12-19T13:11:23.590Z,0.35,0,200,320x180,2.0791580000000067,,
2025-12-19T13:11:23.591Z,0.253,0,200,320x180,2.1832150000000183,,rebuffer happen
2025-12-19T13:11:23.711Z,0.521,0,200,320x180,2.1323170000000573,,
2025-12-19T13:11:23.779Z,0.603,2,1000,640x360,2.049237000000062,,
2025-12-19T13:11:24.355Z,0.392,2,1000,640x360,2.009112000000073,,
2025-12-19T13:11:24.430Z,0.38,1,600,480x270,2.026164000000108,,
2025-12-19T13:11:24.431Z,0.297,1,600,480x270,2.0253600000000915,,rebuffer happen
2025-12-19T13:11:24.788Z,0.424,1,600,480x270,2.0593730000000505,,
2025-12-19T13:11:24.867Z,0.379,0,200,320x180,1.9783980000000838,,
2025-12-19T13:11:24.995Z,0.627,0,200,320x180,2.0342699999999923,,
2025-12-19T13:11:25.127Z,0.988,0,200,320x180,2.0021639999999934,,
2025-12-19T13:11:25.273Z,1.381,0,200,320x180,1.9447900000000118,,
2025-12-19T13:11:25.427Z,1.739,0,200,320x180,1.9855269999999337,,
2025-12-19T13:11:25.571Z,2.069,0,200,320x180,1.9279050000000097,,
2025-12-19T13:11:25.957Z,2.239,0,200,320x180,1.9354220000000169,,
2025-12-19T13:11:26.460Z,2.203,0,200,320x180,1.932126999999923,,
2025-12-19T13:11:26.959Z,2.232,0,200,320x180,1.9246259999999893,,
2025-12-19T13:11:27.459Z,2.243,0,200,320x180,1.9323519999999235,,
2025-12-19T13:11:27.961Z,2.234,0,200,320x180,1.925613999999996,,
2025-12-19T13:11:28.444Z,2.224,0,200,320x180,1.9433749999999463,,
2025-12-19T13:11:28.522Z,2.189,2,1000,640x360,1.9590390000000752,,
2025-12-19T13:11:29.534Z,1.65,2,1000,640x360,1.9495809999999665,,
2025-12-19T13:11:30.362Z,1.309,2,1000,640x360,1.9276650000000473,,
2025-12-19T13:11:31.231Z,0.921,2,1000,640x360,1.9658299999999826,,
2025-12-19T13:11:32.099Z,0.585,2,1000,640x360,1.9817069999999148,,
2025-12-19T13:11:32.174Z,0.561,1,600,480x270,1.9072539999999663,,
2025-12-19T13:11:32.411Z,0.282,1,600,480x270,1.9713959999999133,,rebuffer happen
2025-12-19T13:11:32.461Z,0.299,1,600,480x270,1.9217429999999922,,rebuffer happen
2025-12-19T13:11:32.704Z,0.444,1,600,480x270,1.9779920000000857,,
2025-12-19T13:11:32.782Z,0.455,0,200,320x180,1.8997980000000325,,
2025-12-19T13:11:32.953Z,0.625,0,200,320x180,1.9271959999999808,,
2025-12-19T13:11:33.018Z,0.706,2,1000,640x360,1.9725019999999631,,
2025-12-19T13:11:33.831Z,0.297,2,1000,640x360,1.95914300000004,,rebuffer happen
2025-12-19T13:11:33.870Z,0.265,2,1000,640x360,1.919409000000087,,
2025-12-19T13:11:33.954Z,0.264,1,600,480x270,1.9274229999999761,,
2025-12-19T13:11:34.130Z,0.036,1,600,480x270,1.9617060000000492,,rebuffer happen
2025-12-19T13:11:34.456Z,0.284,1,600,480x270,2.000899000000004,,
2025-12-19T13:11:34.534Z,0.278,0,200,320x180,2.0327310000000125,,
2025-12-19T13:11:34.706Z,0.475,0,200,320x180,2.046991000000048,,
2025-12-19T13:11:34.893Z,0.771,0,200,320x180,2.0366679999999633,,
2025-12-19T13:11:35.080Z,1.037,0,200,320x180,2.0372529999999642,,
2025-12-19T13:11:35.275Z,1.382,0,200,320x180,1.9622620000000097,,
2025-12-19T13:11:35.462Z,1.633,0,200,320x180,1.9518150000000105,,
2025-12-19T13:11:35.659Z,1.942,0,200,320x180,1.9458629999999175,,
2025-12-19T13:11:35.932Z,2.252,0,200,320x180,1.9739020000000664,,
2025-12-19T13:11:36.417Z,2.255,0,200,320x180,1.9955979999999727,,
2025-12-19T13:11:36.978Z,2.219,0,200,320x180,1.9183380000000625,,
2025-12-19T13:11:37.444Z,2.231,0,200,320x180,1.9508019999999533,,
2025-12-19T13:11:37.958Z,2.232,0,200,320x180,1.9219570000000203,,
2025-12-19T13:11:38.457Z,2.233,0,200,320x180,1.9279670000000806,,
2025-12-19T13:11:38.976Z,2.176,0,200,320x180,1.909689999999955,,
2025-12-19T13:11:39.460Z,2.183,0,200,320x180,1.9329689999999573,,
2025-12-19T13:11:39.959Z,2.231,0,200,320x180,1.9263160000000425,,
2025-12-19T13:11:40.457Z,2.243,0,200,320x180,1.9383470000000216,,
2025-12-19T13:11:40.536Z,2.161,1,600,480x270,1.9541920000000346,,
2025-12-19T13:11:41.097Z,2.057,1,600,480x270,1.9852869999999712,,
2025-12-19T13:11:41.506Z,2.135,1,600,480x270,1.9768550000000005,,
2025-12-19T13:11:42.010Z,2.128,1,600,480x270,1.9742909999999938,,
2025-12-19T13:11:42.497Z,2.146,1,600,480x270,1.9835930000000417,,
2025-12-19T13:11:42.976Z,2.169,1,600,480x270,1.9043810000000576,,
2025-12-19T13:11:43.462Z,2.19,1,600,480x270,1.929850999999985,,
2025-12-19T13:11:43.964Z,2.173,1,600,480x270,1.915585999999962,,
2025-12-19T13:11:44.463Z,2.184,1,600,480x270,1.9265639999999848,,
2025-12-19T13:11:44.957Z,2.181,1,600,480x270,1.9332640000000083,,
2025-12-19T13:11:45.440Z,2.229,1,600,480x270,1.964629000000059,,
2025-12-19T13:11:45.948Z,2.218,1,600,480x270,1.9356310000000576,,
2025-12-19T13:11:46.446Z,2.219,1,600,480x270,1.9391279999999824,,
2025-12-19T13:11:46.949Z,2.213,1,600,480x270,1.9347530000000006,,
2025-12-19T13:11:47.445Z,2.204,1,600,480x270,1.9417359999999917,,
2025-12-19T13:11:47.958Z,2.181,1,600,480x270,1.9252629999999726,,
2025-12-19T13:11:48.456Z,2.225,1,600,480x270,1.9344429999999875,,
2025-12-19T13:11:48.988Z,2.203,1,600,480x270,2.0008439999999155,,
2025-12-19T13:11:49.067Z,2.119,2,1000,640x360,1.920725999999945,,
2025-12-19T13:11:49.503Z,2.232,2,1000,640x360,2.002452999999946,,
2025-12-19T13:11:50.020Z,2.163,2,1000,640x360,1.974250999999981,,
2025-12-19T13:11:50.474Z,2.213,2,1000,640x360,1.9076440000000048,,
2025-12-19T13:11:51.036Z,2.142,2,1000,640x360,1.9465649999999641,,
2025-12-19T13:11:51.552Z,2.171,2,1000,640x360,1.940917000000013,,
2025-12-19T13:11:52.082Z,2.057,2,1000,640x360,1.9989699999999857,,
2025-12-19T13:11:52.541Z,2.104,2,1000,640x360,1.9542580000000953,,
2025-12-19T13:11:53.003Z,2.168,2,1000,640x360,1.987869000000046,,
2025-12-19T13:11:53.503Z,2.195,2,1000,640x360,1.999174000000039,,
2025-12-19T13:11:53.967Z,2.206,2,1000,640x360,1.9162340000000313,,
2025-12-19T13:11:54.499Z,2.235,2,1000,640x360,2.0069539999999506,,
2025-12-19T13:11:54.980Z,2.204,2,1000,640x360,2.0038900000000694,,
2025-12-19T13:11:55.462Z,2.223,2,1000,640x360,1.9217869999999948,,
2025-12-19T13:11:56.068Z,2.068,2,1000,640x360,1.9126670000000559,,
2025-12-19T13:11:56.465Z,2.146,2,1000,640x360,1.9302579999999807,,
2025-12-19T13:11:57.332Z,1.817,2,1000,640x360,1.961488999999915,,
2025-12-19T13:11:57.864Z,1.814,2,1000,640x360,1.9192389999999477,,
2025-12-19T13:11:58.173Z,1.982,2,1000,640x360,1.9153819999999087,,
2025-12-19T13:11:58.510Z,2.155,2,1000,640x360,1.985997999999995,,
2025-12-19T13:11:59.035Z,2.123,2,1000,640x360,1.9467970000000605,,
2025-12-19T13:11:59.524Z,2.134,2,1000,640x360,1.9580349999999953,,
2025-12-19T13:12:00.026Z,2.122,2,1000,640x360,1.954103000000032,,
2025-12-19T13:12:00.522Z,2.13,2,1000,640x360,1.969746999999984,,
2025-12-19T13:12:01.019Z,2.13,2,1000,640x360,1.962850000000003,,
2025-12-19T13:12:01.484Z,2.166,2,1000,640x360,2.007194000000027,,
2025-12-19T13:12:01.988Z,2.155,2,1000,640x360,1.9948100000000295,,
2025-12-19T13:12:02.452Z,2.228,2,1000,640x360,1.944411999999943,,
2025-12-19T13:12:03.028Z,2.11,2,1000,640x360,1.9671560000000454,,
2025-12-19T13:12:04.349Z,1.318,2,1000,640x360,1.942910999999981,,
2025-12-19T13:12:04.733Z,1.432,2,1000,640x360,1.9502519999999777,,
2025-12-19T13:12:05.273Z,1.373,2,1000,640x360,1.9176279999999224,,
2025-12-19T13:12:05.692Z,1.468,2,1000,640x360,1.9942970000000741,,
2025-12-19T13:12:06.117Z,1.537,2,1000,640x360,1.9727060000000165,,
2025-12-19T13:12:06.522Z,1.636,2,1000,640x360,1.9839030000000548,,
2025-12-19T13:12:06.949Z,1.709,2,1000,640x360,1.936403999999925,,
2025-12-19T13:12:07.024Z,1.713,0,200,320x180,1.9577840000000606,,
2025-12-19T13:12:07.137Z,2.002,0,200,320x180,1.9540019999999458,,
2025-12-19T13:12:07.208Z,2.024,3,1500,768x432,1.9754310000000714,,
2025-12-19T13:12:07.832Z,1.832,3,1500,768x432,1.9579049999999825,,
2025-12-19T13:12:08.435Z,1.731,3,1500,768x432,1.9489350000000059,,
2025-12-19T13:12:09.081Z,1.601,3,1500,768x432,1.9989550000000236,,
2025-12-19T13:12:09.696Z,1.494,3,1500,768x432,2.0036499999999933,,
2025-12-19T13:12:10.329Z,1.35,3,1500,768x432,1.9738290000000234,,
2025-12-19T13:12:10.959Z,1.23,3,1500,768x432,1.9226869999999963,,
2025-12-19T13:12:11.632Z,1.049,3,1500,768x432,1.9759410000000344,,
2025-12-19T13:12:12.258Z,0.92,3,1500,768x432,1.9255210000000034,,
2025-12-19T13:12:12.891Z,0.777,3,1500,768x432,1.99842000000001,,
2025-12-19T13:12:13.540Z,0.642,3,1500,768x432,1.9523550000000114,,
2025-12-19T13:12:13.625Z,0.552,2,1000,640x360,1.9602700000000368,,
2025-12-19T13:12:13.898Z,0.639,2,1000,640x360,1.992091000000073,,
2025-12-19T13:12:13.968Z,0.762,3,1500,768x432,1.9219400000000633,,
2025-12-19T13:12:14.049Z,0.688,3,1500,768x432,1.9306700000000774,,
2025-12-19T13:12:14.127Z,0.71,2,1000,640x360,1.9580809999999929,,
2025-12-19T13:12:14.504Z,0.267,2,1000,640x360,1.9936850000000277,,rebuffer happen
2025-12-19T13:12:14.732Z,0.035,2,1000,640x360,1.9555569999999989,,rebuffer happen
2025-12-19T13:12:16.181Z,0.035,2,1000,640x360,3.455556999999999,,