timestamp,bufferLevel,qualityIndex,bitrateKbps,resolution,liveLatency,predictedKbps,rebuffer
2025-12-20T06:18:21.792Z,0,1,600,480x270,0.976,,
2025-12-20T06:18:21.796Z,0,1,600,480x270,0.976,,rebuffer happen
2025-12-20T06:18:22.052Z,0,1,600,480x270,1.268,,
2025-12-20T06:18:22.334Z,0.361,1,600,480x270,1.415721,,
2025-12-20T06:18:22.613Z,0.695,1,600,480x270,1.548386,,
2025-12-20T06:18:23.180Z,0.864,1,600,480x270,1.689854,,
2025-12-20T06:18:23.756Z,0.944,1,600,480x270,1.8228929999999999,,
2025-12-20T06:18:23.836Z,1.357,2,1000,640x360,1.867672,,
2025-12-20T06:18:23.915Z,1.226,2,1000,640x360,1.891647,,
2025-12-20T06:18:24.497Z,1.249,2,1000,640x360,1.9615820000000002,,
2025-12-20T06:18:25.268Z,0.983,2,1000,640x360,1.9194229999999997,,
2025-12-20T06:18:25.345Z,1.406,3,1500,768x432,1.9444880000000002,,
2025-12-20T06:18:25.497Z,1.378,3,1500,768x432,2.004007,,
2025-12-20T06:18:26.239Z,1.198,3,1500,768x432,1.9606430000000001,,
2025-12-20T06:18:26.467Z,1.322,3,1500,768x432,1.9322849999999998,,
2025-12-20T06:18:27.179Z,1.13,3,1500,768x432,1.9223080000000001,,
2025-12-20T06:18:27.898Z,0.837,3,1500,768x432,2.004027,,
2025-12-20T06:18:28.112Z,1.336,3,1500,768x432,1.989357,,
2025-12-20T06:18:28.840Z,1.04,3,1500,768x432,1.9613960000000006,,
2025-12-20T06:18:29.053Z,1.272,3,1500,768x432,1.9439019999999996,,
2025-12-20T06:18:29.772Z,0.984,3,1500,768x432,1.9312909999999999,,
2025-12-20T06:18:29.975Z,1.465,3,1500,768x432,1.925019999999999,,
2025-12-20T06:18:30.684Z,1.195,3,1500,768x432,1.9275159999999998,,
2025-12-20T06:18:31.401Z,0.884,3,1500,768x432,1.9999760000000002,,
2025-12-20T06:18:31.596Z,1.211,3,1500,768x432,2.0127369999999996,,
2025-12-20T06:18:32.311Z,1.09,3,1500,768x432,1.9878359999999997,,
2025-12-20T06:18:32.510Z,1.32,3,1500,768x432,1.989827,,
2025-12-20T06:18:33.221Z,1.021,3,1500,768x432,1.9757869999999986,,
2025-12-20T06:18:33.937Z,0.983,3,1500,768x432,1.964404,,
2025-12-20T06:18:34.132Z,1.116,3,1500,768x432,1.964564000000001,,
2025-12-20T06:18:34.852Z,0.933,3,1500,768x432,1.9489129999999992,,
2025-12-20T06:18:35.088Z,1.166,3,1500,768x432,1.9097480000000004,,
2025-12-20T06:18:35.826Z,1.143,3,1500,768x432,1.9875120000000006,,
2025-12-20T06:18:36.043Z,1.303,3,1500,768x432,1.9677919999999993,,
2025-12-20T06:18:36.783Z,1.074,3,1500,768x432,1.9198690000000003,,
2025-12-20T06:18:37.027Z,1.301,3,1500,768x432,1.971506999999999,,
2025-12-20T06:18:37.805Z,1.014,3,1500,768x432,1.9967620000000004,,
2025-12-20T06:18:38.015Z,1.246,3,1500,768x432,1.987767999999999,,
2025-12-20T06:18:38.744Z,1.221,3,1500,768x432,1.9652429999999974,,
2025-12-20T06:18:38.971Z,1.373,3,1500,768x432,1.9310110000000016,,
2025-12-20T06:18:39.686Z,1.167,3,1500,768x432,1.9296970000000009,,
2025-12-20T06:18:40.400Z,0.851,3,1500,768x432,1.9983840000000015,,
2025-12-20T06:18:40.608Z,1.332,3,1500,768x432,2.009534000000002,,
2025-12-20T06:18:41.326Z,1.063,3,1500,768x432,1.9757169999999995,,
2025-12-20T06:18:41.528Z,1.297,3,1500,768x432,1.9754679999999993,,
2025-12-20T06:18:42.186Z,1.254,3,1500,768x432,1.9146280000000004,,
2025-12-20T06:18:42.866Z,0.966,3,1500,768x432,1.9355060000000002,,
2025-12-20T06:18:43.064Z,1.197,3,1500,768x432,1.9372159999999994,,
2025-12-20T06:18:43.786Z,1.175,3,1500,768x432,1.924937,,
2025-12-20T06:18:43.988Z,1.33,3,1500,768x432,1.9158009999999983,,
2025-12-20T06:18:44.771Z,1.122,3,1500,768x432,1.9442769999999996,,
2025-12-20T06:18:45.062Z,1.255,3,1500,768x432,1.9442869999999992,,
2025-12-20T06:18:45.938Z,1.043,3,1500,768x432,1.9669610000000013,,
2025-12-20T06:18:46.353Z,1.009,3,1500,768x432,1.9475810000000031,,
2025-12-20T06:18:46.644Z,1.247,3,1500,768x432,1.9588609999999989,,
2025-12-20T06:18:47.377Z,0.945,3,1500,768x432,1.9261179999999989,,
2025-12-20T06:18:47.616Z,1.192,3,1500,768x432,1.9949429999999992,,
2025-12-20T06:18:48.418Z,0.882,3,1500,768x432,1.9806239999999988,,
2025-12-20T06:18:48.884Z,0.866,3,1500,768x432,1.9294440000000002,,
2025-12-20T06:18:49.199Z,1.093,3,1500,768x432,2.0048250000000003,,
2025-12-20T06:18:49.999Z,0.791,3,1500,768x432,2.000197,,
2025-12-20T06:18:50.291Z,1.025,3,1500,768x432,1.9057930000000027,,
2025-12-20T06:18:50.587Z,1.256,3,1500,768x432,1.9154409999999977,,
2025-12-20T06:18:51.298Z,0.958,3,1500,768x432,1.9993109999999987,,
2025-12-20T06:18:51.507Z,1.266,3,1500,768x432,2.001414999999998,,
2025-12-20T06:18:52.216Z,1.165,3,1500,768x432,1.9818670000000012,,
2025-12-20T06:18:52.938Z,0.875,3,1500,768x432,1.970631000000001,,
2025-12-20T06:18:53.149Z,1.105,3,1500,768x432,1.9549529999999997,,
2025-12-20T06:18:53.871Z,1.067,3,1500,768x432,1.925410000000003,,
2025-12-20T06:18:54.083Z,1.241,3,1500,768x432,1.913482000000002,,
2025-12-20T06:18:54.812Z,1.014,3,1500,768x432,1.9907520000000005,,
2025-12-20T06:18:55.020Z,1.246,3,1500,768x432,1.9834910000000008,,
2025-12-20T06:18:55.723Z,1.221,3,1500,768x432,1.9815630000000013,,
2025-12-20T06:18:56.428Z,0.914,3,1500,768x432,1.9755409999999998,,
2025-12-20T06:18:56.631Z,1.161,3,1500,768x432,1.9792340000000053,,
2025-12-20T06:18:57.337Z,1.117,3,1500,768x432,1.9623169999999988,,
2025-12-20T06:18:57.539Z,1.352,3,1500,768x432,1.974581999999998,,
2025-12-20T06:18:58.253Z,1.062,3,1500,768x432,1.9479219999999984,,
2025-12-20T06:18:58.454Z,1.296,3,1500,768x432,1.948326999999999,,
2025-12-20T06:18:59.159Z,1.259,3,1500,768x432,1.9417899999999975,,
2025-12-20T06:18:59.848Z,0.962,3,1500,768x432,1.9517080000000036,,
2025-12-20T06:19:00.033Z,1.382,3,1500,768x432,1.964534999999998,,
2025-12-20T06:19:00.714Z,1.184,3,1500,768x432,1.9998270000000034,,
2025-12-20T06:19:01.424Z,0.866,3,1500,768x432,1.976153999999994,,
2025-12-20T06:19:01.571Z,1.309,3,1500,768x432,1.9459820000000008,,
2025-12-20T06:19:02.242Z,1.078,3,1500,768x432,1.9616169999999968,,
2025-12-20T06:19:02.412Z,1.383,3,1500,768x432,1.9897840000000002,,
2025-12-20T06:19:03.096Z,1.274,3,1500,768x432,2.000188999999999,,
2025-12-20T06:19:03.794Z,0.98,3,1500,768x432,1.906320000000001,,
2025-12-20T06:19:03.993Z,1.418,3,1500,768x432,1.9039399999999986,,
2025-12-20T06:19:04.709Z,1.192,3,1500,768x432,1.998492000000006,,
2025-12-20T06:19:05.421Z,0.883,3,1500,768x432,1.9760530000000003,,
2025-12-20T06:19:05.627Z,1.136,3,1500,768x432,1.9928740000000005,,
2025-12-20T06:19:06.336Z,1.092,3,1500,768x432,1.9617179999999976,,
2025-12-20T06:19:06.533Z,1.324,3,1500,768x432,1.9726929999999996,,
2025-12-20T06:19:07.233Z,1.022,3,1500,768x432,1.9662980000000019,,
2025-12-20T06:19:07.424Z,1.323,3,1500,768x432,1.9756470000000022,,
2025-12-20T06:19:08.116Z,1.226,3,1500,768x432,1.9816479999999999,,
2025-12-20T06:19:08.812Z,0.94,3,1500,768x432,1.9962990000000005,,
2025-12-20T06:19:08.998Z,1.358,3,1500,768x432,2.0063320000000004,,
2025-12-20T06:19:09.698Z,1.15,3,1500,768x432,2.0170670000000044,,
2025-12-20T06:19:10.390Z,1.097,3,1500,768x432,1.9064740000000029,,
2025-12-20T06:19:10.566Z,1.329,3,1500,768x432,1.9347190000000012,,
2025-12-20T06:19:11.258Z,1.035,3,1500,768x432,1.9377250000000004,,
2025-12-20T06:19:11.444Z,1.472,3,1500,768x432,1.957217,,
2025-12-20T06:19:12.150Z,1.241,3,1500,768x432,1.9517039999999994,,
2025-12-20T06:19:12.883Z,0.956,3,1500,768x432,1.9205399999999955,,
2025-12-20T06:19:13.097Z,1.187,3,1500,768x432,2.003982999999998,,
2025-12-20T06:19:13.859Z,0.898,3,1500,768x432,1.9498729999999966,,
2025-12-20T06:19:14.056Z,1.199,3,1500,768x432,1.9482580000000027,,
2025-12-20T06:19:14.771Z,1.107,3,1500,768x432,1.9463330000000028,,
2025-12-20T06:19:14.984Z,1.339,3,1500,768x432,1.927581999999994,,
2025-12-20T06:19:15.680Z,1.293,3,1500,768x432,1.9234690000000043,,
2025-12-20T06:19:16.401Z,0.99,3,1500,768x432,1.9988739999999936,,
2025-12-20T06:19:16.624Z,1.189,3,1500,768x432,1.9845929999999967,,
2025-12-20T06:19:17.352Z,0.929,3,1500,768x432,1.9428429999999963,,
2025-12-20T06:19:17.564Z,1.377,3,1500,768x432,1.9508939999999981,,
2025-12-20T06:19:18.294Z,1.137,3,1500,768x432,1.9074990000000014,,
2025-12-20T06:19:18.503Z,1.368,3,1500,768x432,2.0046509999999955,,
2025-12-20T06:19:19.234Z,1.077,3,1500,768x432,1.9714420000000032,,
2025-12-20T06:19:19.444Z,1.31,3,1500,768x432,1.9570050000000023,,
2025-12-20T06:19:20.167Z,1.277,3,1500,768x432,1.9309569999999994,,
2025-12-20T06:19:20.889Z,0.986,3,1500,768x432,1.912661,,
2025-12-20T06:19:21.110Z,1.215,3,1500,768x432,1.991330000000005,,
2025-12-20T06:19:21.847Z,0.923,3,1500,768x432,1.9630849999999995,,
2025-12-20T06:19:21.982Z,1.267,3,1500,768x432,1.9218159999999997,,
2025-12-20T06:19:22.671Z,1.136,3,1500,768x432,1.9442969999999988,,
2025-12-20T06:19:23.378Z,1.089,3,1500,768x432,1.9242640000000009,,
2025-12-20T06:19:23.579Z,1.324,3,1500,768x432,1.9180450000000064,,
2025-12-20T06:19:24.300Z,1.019,3,1500,768x432,1.9958589999999958,,
2025-12-20T06:19:24.513Z,1.235,3,1500,768x432,1.990364999999997,,
2025-12-20T06:19:25.225Z,1.22,3,1500,768x432,1.9753869999999907,,
2025-12-20T06:19:25.941Z,0.939,3,1500,768x432,1.9677110000000084,,
2025-12-20T06:19:26.141Z,1.171,3,1500,768x432,1.9588579999999922,,
2025-12-20T06:19:26.955Z,0.882,3,1500,768x432,1.9550800000000095,,
2025-12-20T06:19:27.161Z,1.111,3,1500,768x432,1.9431340000000006,,
2025-12-20T06:19:27.868Z,1.067,3,1500,768x432,1.9288859999999914,,
2025-12-20T06:19:28.063Z,1.302,3,1500,768x432,1.9330479999999994,,
2025-12-20T06:19:28.798Z,1.014,3,1500,768x432,2.0035370000000086,,
2025-12-20T06:19:28.998Z,1.241,3,1500,768x432,2.0023259999999965,,
2025-12-20T06:19:29.735Z,1.22,3,1500,768x432,1.9692540000000065,,
2025-12-20T06:19:29.916Z,1.326,3,1500,768x432,1.9865719999999953,,
2025-12-20T06:19:30.605Z,1.164,3,1500,768x432,2.0102569999999957,,
2025-12-20T06:19:31.308Z,1.116,3,1500,768x432,1.990082000000001,,
2025-12-20T06:19:31.500Z,1.353,3,1500,768x432,2.0088760000000008,,
2025-12-20T06:19:32.208Z,1.063,3,1500,768x432,1.9998549999999966,,
2025-12-20T06:19:32.919Z,1.02,3,1500,768x432,1.9821639999999974,,
2025-12-20T06:19:33.112Z,1.258,3,1500,768x432,1.989886999999996,,
2025-12-20T06:19:33.759Z,1.234,3,1500,768x432,1.9439959999999985,,
2025-12-20T06:19:33.938Z,1.355,3,1500,768x432,1.963602999999992,,
2025-12-20T06:19:34.666Z,1.178,3,1500,768x432,1.9451859999999925,,
2025-12-20T06:19:35.398Z,0.866,3,1500,768x432,2.0003559999999965,,
2025-12-20T06:19:35.547Z,1.333,3,1500,768x432,1.9665509999999955,,
2025-12-20T06:19:36.226Z,1.079,3,1500,768x432,1.9775819999999982,,
2025-12-20T06:19:36.900Z,1.033,3,1500,768x432,1.99950299999999,,
2025-12-20T06:19:37.164Z,1.068,3,1500,768x432,1.9322699999999884,,
2025-12-20T06:19:37.838Z,0.969,3,1500,768x432,1.9681429999999978,,
2025-12-20T06:19:38.008Z,1.355,3,1500,768x432,1.9947360000000032,,
2025-12-20T06:19:38.698Z,1.18,3,1500,768x432,2.0128330000000005,,
2025-12-20T06:19:39.421Z,0.868,3,1500,768x432,1.9825079999999957,,
2025-12-20T06:19:39.535Z,1.313,3,1500,768x432,1.9753790000000038,,
2025-12-20T06:19:40.216Z,1.064,3,1500,768x432,1.9917409999999904,,
2025-12-20T06:19:40.946Z,1.022,3,1500,768x432,1.9551569999999998,,
2025-12-20T06:19:41.155Z,1.087,3,1500,768x432,1.9429970000000054,,
2025-12-20T06:19:41.834Z,0.94,3,1500,768x432,1.9691540000000032,,
2025-12-20T06:19:42.008Z,1.354,3,1500,768x432,1.9959460000000036,,
2025-12-20T06:19:42.695Z,1.178,3,1500,768x432,1.9186109999999985,,
2025-12-20T06:19:43.388Z,0.867,3,1500,768x432,1.9089600000000075,,
2025-12-20T06:19:43.565Z,1.342,3,1500,768x432,1.9520160000000004,,
2025-12-20T06:19:44.244Z,1.08,3,1500,768x432,1.9584559999999982,,
2025-12-20T06:19:44.428Z,1.313,3,1500,768x432,1.978837999999996,,
2025-12-20T06:19:45.149Z,1.276,3,1500,768x432,1.948594,,
2025-12-20T06:19:45.845Z,0.984,3,1500,768x432,1.961014999999989,,
2025-12-20T06:19:45.989Z,1.342,3,1500,768x432,1.910215000000008,,
2025-12-20T06:19:46.655Z,1.195,3,1500,768x432,1.9557290000000052,,
2025-12-20T06:19:47.328Z,1.15,3,1500,768x432,1.971712999999994,,
2025-12-20T06:19:47.502Z,1.384,3,1500,768x432,2.006326999999999,,
2025-12-20T06:19:48.192Z,1.09,3,1500,768x432,1.9148820000000057,,
2025-12-20T06:19:48.886Z,1.054,3,1500,768x432,1.914473000000001,,
2025-12-20T06:19:49.073Z,1.289,3,1500,768x432,1.924227000000002,,
2025-12-20T06:19:49.764Z,0.994,3,1500,768x432,1.9403910000000053,,
2025-12-20T06:19:49.973Z,1.388,3,1500,768x432,1.9270139999999998,,
2025-12-20T06:19:50.710Z,1.209,3,1500,768x432,1.995978000000008,,
2025-12-20T06:19:51.410Z,0.9,3,1500,768x432,1.9892690000000073,,
2025-12-20T06:19:51.592Z,1.321,3,1500,768x432,1.9237860000000069,,
2025-12-20T06:19:52.281Z,1.11,3,1500,768x432,1.920377000000002,,
2025-12-20T06:19:52.472Z,1.319,3,1500,768x432,1.9274010000000033,,
2025-12-20T06:19:53.160Z,1.303,3,1500,768x432,1.9349010000000106,,
2025-12-20T06:19:53.874Z,1.011,3,1500,768x432,1.9252400000000023,,
2025-12-20T06:19:54.060Z,1.245,3,1500,768x432,1.938999999999993,,
2025-12-20T06:19:54.737Z,1.218,3,1500,768x432,1.9677350000000047,,
2025-12-20T06:19:54.924Z,1.453,3,1500,768x432,1.9781170000000117,,
2025-12-20T06:19:55.650Z,1.168,3,1500,768x432,1.9628049999999888,,
2025-12-20T06:19:56.326Z,1.111,3,1500,768x432,1.971664000000004,,
2025-12-20T06:19:56.508Z,1.353,3,1500,768x432,2.000487000000007,,
2025-12-20T06:19:57.226Z,1.05,3,1500,768x432,1.978338000000008,,
2025-12-20T06:19:57.876Z,1.003,3,1500,768x432,1.9282639999999986,,
2025-12-20T06:19:58.054Z,1.233,3,1500,768x432,1.9457390000000032,,
2025-12-20T06:19:58.713Z,1.203,3,1500,768x432,1.9948940000000022,,
2025-12-20T06:19:59.399Z,0.899,3,1500,768x432,1.9970670000000013,,
2025-12-20T06:19:59.609Z,1.152,3,1500,768x432,2.0099069999999983,,
2025-12-20T06:20:00.299Z,1.106,3,1500,768x432,1.9993970000000019,,
2025-12-20T06:20:00.479Z,1.337,3,1500,768x432,1.926236000000003,,
2025-12-20T06:20:01.198Z,1.048,3,1500,768x432,2.0090119999999985,,
2025-12-20T06:20:01.920Z,0.903,3,1500,768x432,1.9857519999999909,,
2025-12-20T06:20:02.146Z,1.246,3,1500,768x432,1.9529869999999931,,
2025-12-20T06:20:02.876Z,0.949,3,1500,768x432,1.9293169999999975,,
2025-12-20T06:20:03.093Z,1.183,3,1500,768x432,1.9102450000000033,,
2025-12-20T06:20:03.806Z,1.165,3,1500,768x432,2.002875000000003,,
2025-12-20T06:20:04.001Z,1.397,3,1500,768x432,2.00545799999999,,
2025-12-20T06:20:04.703Z,1.111,3,1500,768x432,2.0152709999999985,,
2025-12-20T06:20:05.418Z,1.051,3,1500,768x432,1.9826830000000086,,
2025-12-20T06:20:05.654Z,1.261,3,1500,768x432,1.9510369999999995,,
2025-12-20T06:20:06.353Z,0.991,3,1500,768x432,1.9417299999999926,,
2025-12-20T06:20:06.536Z,1.235,3,1500,768x432,1.9717640000000074,,
2025-12-20T06:20:07.227Z,1.19,3,1500,768x432,1.971788999999987,,
2025-12-20T06:20:07.971Z,0.911,3,1500,768x432,1.938143999999994,,
2025-12-20T06:20:08.166Z,1.138,3,1500,768x432,1.933363,,
2025-12-20T06:20:08.872Z,1.125,3,1500,768x432,1.945401000000004,,
2025-12-20T06:20:09.065Z,1.354,3,1500,768x432,1.9429590000000019,,
2025-12-20T06:20:09.744Z,1.043,3,1500,768x432,1.9554809999999918,,
2025-12-20T06:20:09.841Z,1.414,3,1500,768x432,1.9578989999999976,,
2025-12-20T06:20:10.495Z,1.25,3,1500,768x432,1.9105989999999906,,
2025-12-20T06:20:11.161Z,1.213,3,1500,768x432,1.9366720000000015,,
2025-12-20T06:20:11.856Z,0.923,3,1500,768x432,1.9516509999999982,,
2025-12-20T06:20:12.022Z,1.385,3,1500,768x432,1.9825430000000068,,
2025-12-20T06:20:12.692Z,1.137,3,1500,768x432,1.9254970000000071,,
2025-12-20T06:20:13.365Z,1.092,3,1500,768x432,1.9342220000000054,,
2025-12-20T06:20:13.582Z,1.229,3,1500,768x432,1.916685000000001,,
2025-12-20T06:20:14.285Z,1.022,3,1500,768x432,1.9112839999999949,,
2025-12-20T06:20:14.480Z,1.266,3,1500,768x432,1.9227180000000033,,
2025-12-20T06:20:15.151Z,1.23,3,1500,768x432,1.9468309999999889,,
2025-12-20T06:20:15.896Z,0.936,3,1500,768x432,2.0067999999999984,,
2025-12-20T06:20:16.078Z,1.17,3,1500,768x432,1.9277110000000022,,
2025-12-20T06:20:16.767Z,1.133,3,1500,768x432,1.934000999999995,,
2025-12-20T06:20:17.005Z,1.37,3,1500,768x432,1.9917140000000018,,
2025-12-20T06:20:17.720Z,1.072,3,1500,768x432,1.9762120000000039,,
2025-12-20T06:20:18.425Z,1.039,3,1500,768x432,1.9766499999999922,,
2025-12-20T06:20:18.643Z,1.141,3,1500,768x432,1.9589390000000009,,
2025-12-20T06:20:19.334Z,0.978,3,1500,768x432,1.962976999999995,,
2025-12-20T06:20:19.526Z,1.223,3,1500,768x432,1.9850540000000052,,
2025-12-20T06:20:20.230Z,1.184,3,1500,768x432,1.9681149999999974,,
2025-12-20T06:20:20.423Z,1.334,3,1500,768x432,1.9763930000000016,,
2025-12-20T06:20:21.136Z,1.106,3,1500,768x432,1.9651329999999945,,
2025-12-20T06:20:21.839Z,0.942,3,1500,768x432,1.9634379999999965,,
2025-12-20T06:20:22.033Z,1.311,3,1500,768x432,1.9684910000000002,,
2025-12-20T06:20:22.728Z,1.01,3,1500,768x432,1.9701280000000025,,
2025-12-20T06:20:23.417Z,0.976,3,1500,768x432,1.9804560000000038,,
2025-12-20T06:20:23.673Z,1.081,3,1500,768x432,1.937909999999988,,
2025-12-20T06:20:24.355Z,0.915,3,1500,768x432,1.940220999999994,,
2025-12-20T06:20:24.532Z,1.334,3,1500,768x432,1.9641320000000064,,
2025-12-20T06:20:25.255Z,1.117,3,1500,768x432,1.946598999999992,,
2025-12-20T06:20:25.426Z,1.353,3,1500,768x432,1.975598000000005,,
2025-12-20T06:20:26.099Z,1.32,3,1500,768x432,2.002373999999989,,
2025-12-20T06:20:26.840Z,1.023,3,1500,768x432,1.9571519999999936,,
2025-12-20T06:20:27.034Z,1.258,3,1500,768x432,1.9653559999999999,,
2025-12-20T06:20:27.741Z,1.229,3,1500,768x432,1.9627859999999941,,
2025-12-20T06:20:27.924Z,1.47,3,1500,768x432,1.982182999999992,,
2025-12-20T06:20:28.654Z,1.181,3,1500,768x432,1.9613680000000073,,
2025-12-20T06:20:29.394Z,0.866,3,1500,768x432,1.9023779999999988,,
2025-12-20T06:20:29.561Z,1.295,3,1500,768x432,1.941289999999995,,
2025-12-20T06:20:30.243Z,1.07,3,1500,768x432,1.9582380000000086,,
2025-12-20T06:20:30.422Z,1.486,3,1500,768x432,1.9770819999999958,,
2025-12-20T06:20:31.105Z,1.275,3,1500,768x432,1.9935949999999991,,
2025-12-20T06:20:31.822Z,0.939,3,1500,768x432,1.9824739999999963,,
2025-12-20T06:20:32.043Z,1.214,3,1500,768x432,1.9561829999999816,,
2025-12-20T06:20:32.831Z,0.922,3,1500,768x432,1.9731610000000046,,
2025-12-20T06:20:33.033Z,1.408,3,1500,768x432,1.9720590000000016,,
2025-12-20T06:20:33.740Z,1.135,3,1500,768x432,1.9729069999999922,,
2025-12-20T06:20:33.929Z,1.363,3,1500,768x432,1.9827470000000176,,
2025-12-20T06:20:34.647Z,1.317,3,1500,768x432,1.9511750000000063,,
2025-12-20T06:20:35.345Z,1.024,3,1500,768x432,1.9521170000000154,,
2025-12-20T06:20:35.559Z,1.267,3,1500,768x432,1.943536000000023,,
2025-12-20T06:20:36.259Z,1.23,3,1500,768x432,1.9405179999999973,,
2025-12-20T06:20:36.473Z,1.38,3,1500,768x432,1.931511999999998,,
2025-12-20T06:20:37.204Z,1.17,3,1500,768x432,1.9957600000000184,,
2025-12-20T06:20:37.915Z,0.867,3,1500,768x432,1.9864960000000167,,
2025-12-20T06:20:38.123Z,1.317,3,1500,768x432,1.9788660000000107,,
2025-12-20T06:20:38.825Z,1.073,3,1500,768x432,1.9767379999999832,,
2025-12-20T06:20:39.038Z,1.306,3,1500,768x432,1.959448999999978,,
2025-12-20T06:20:39.760Z,1.009,3,1500,768x432,1.9427420000000097,,
2025-12-20T06:20:39.959Z,1.276,3,1500,768x432,1.9413940000000025,,
2025-12-20T06:20:40.684Z,1.222,3,1500,768x432,1.9250889999999856,,
2025-12-20T06:20:41.391Z,0.914,3,1500,768x432,1.9079270000000008,,
2025-12-20T06:20:41.594Z,1.15,3,1500,768x432,1.9035449999999798,,
2025-12-20T06:20:42.308Z,1.072,3,1500,768x432,1.9920779999999922,,
2025-12-20T06:20:42.502Z,1.352,3,1500,768x432,2.004665999999986,,
2025-12-20T06:20:43.202Z,1.058,3,1500,768x432,1.9996659999999906,,
2025-12-20T06:20:43.918Z,1.024,3,1500,768x432,1.9838319999999783,,
2025-12-20T06:20:44.131Z,1.26,3,1500,768x432,1.9669799999999782,,
2025-12-20T06:20:44.847Z,0.968,3,1500,768x432,1.9578759999999988,,
2025-12-20T06:20:45.047Z,1.195,3,1500,768x432,1.9537609999999859,,
2025-12-20T06:20:45.774Z,1.17,3,1500,768x432,1.9385460000000023,,
2025-12-20T06:20:45.972Z,1.412,3,1500,768x432,1.933622999999983,,
2025-12-20T06:20:46.677Z,1.125,3,1500,768x432,1.9423649999999952,,
2025-12-20T06:20:47.374Z,1.068,3,1500,768x432,1.9253960000000063,,
2025-12-20T06:20:47.563Z,1.309,3,1500,768x432,1.937911999999983,,
2025-12-20T06:20:48.280Z,1.008,3,1500,768x432,1.9181400000000224,,
2025-12-20T06:20:48.490Z,1.251,3,1500,768x432,1.9208079999999939,,
2025-12-20T06:20:49.208Z,1.213,3,1500,768x432,1.9917639999999892,,
2025-12-20T06:20:49.927Z,0.916,3,1500,768x432,1.9709330000000023,,
2025-12-20T06:20:50.132Z,1.15,3,1500,768x432,1.9658079999999813,,
2025-12-20T06:20:50.824Z,1.13,3,1500,768x432,1.9920180000000016,,
2025-12-20T06:20:51.027Z,1.349,3,1500,768x432,1.9810909999999922,,
2025-12-20T06:20:51.724Z,1.057,3,1500,768x432,1.9746980000000178,,
2025-12-20T06:20:52.451Z,1.016,3,1500,768x432,1.9542959999999994,,
2025-12-20T06:20:52.642Z,1.268,3,1500,768x432,1.9609690000000057,,
2025-12-20T06:20:53.325Z,0.96,3,1500,768x432,1.9710970000000145,,
2025-12-20T06:20:53.516Z,1.304,3,1500,768x432,1.9849210000000141,,
2025-12-20T06:20:54.214Z,1.166,3,1500,768x432,1.9832150000000013,,
2025-12-20T06:20:54.924Z,0.874,3,1500,768x432,1.9809610000000077,,
2025-12-20T06:20:55.096Z,1.312,3,1500,768x432,2.003259000000014,,
2025-12-20T06:20:55.751Z,1.07,3,1500,768x432,1.9469020000000228,,
2025-12-20T06:20:55.909Z,1.478,3,1500,768x432,1.987735999999984,,
2025-12-20T06:20:56.609Z,1.278,3,1500,768x432,1.9933850000000177,,
2025-12-20T06:20:57.309Z,0.975,3,1500,768x432,1.9888300000000072,,
2025-12-20T06:20:57.521Z,1.212,3,1500,768x432,1.9785129999999924,,
2025-12-20T06:20:58.228Z,1.18,3,1500,768x432,1.9685039999999958,,
2025-12-20T06:20:58.944Z,0.888,3,1500,768x432,1.9586510000000033,,
2025-12-20T06:20:59.170Z,1.118,3,1500,768x432,1.9289579999999944,,
2025-12-20T06:20:59.904Z,1.076,3,1500,768x432,1.991751999999991,,
2025-12-20T06:21:00.107Z,1.254,3,1500,768x432,1.9952460000000087,,
2025-12-20T06:21:00.810Z,1.027,3,1500,768x432,1.9921260000000132,,
2025-12-20T06:21:01.015Z,1.258,3,1500,768x432,1.9829159999999888,,
2025-12-20T06:21:01.779Z,0.964,3,1500,768x432,1.9236899999999935,,
2025-12-20T06:21:01.936Z,1.441,3,1500,768x432,1.9655469999999866,,
2025-12-20T06:21:02.609Z,1.18,3,1500,768x432,2.0026060000000143,,
2025-12-20T06:21:03.323Z,1.133,3,1500,768x432,1.9772020000000055,,
2025-12-20T06:21:03.520Z,1.366,3,1500,768x432,1.9909690000000069,,
2025-12-20T06:21:04.183Z,1.073,3,1500,768x432,1.9216910000000098,,
2025-12-20T06:21:04.870Z,1.034,3,1500,768x432,1.927897999999999,,
2025-12-20T06:21:05.039Z,1.275,3,1500,768x432,1.9578659999999957,,
2025-12-20T06:21:05.732Z,1.244,3,1500,768x432,1.9708820000000173,,
2025-12-20T06:21:05.928Z,1.449,3,1500,768x432,1.9748710000000074,,
2025-12-20T06:21:06.705Z,1.194,3,1500,768x432,2.0057139999999833,,
2025-12-20T06:21:07.380Z,0.869,3,1500,768x432,1.920724999999976,,
2025-12-20T06:21:07.558Z,1.351,3,1500,768x432,1.9556220000000053,,
2025-12-20T06:21:08.244Z,1.077,3,1500,768x432,1.9546430000000043,,
2025-12-20T06:21:08.398Z,1.417,3,1500,768x432,2.0003700000000038,,
2025-12-20T06:21:09.108Z,1.274,3,1500,768x432,1.9900570000000073,,
2025-12-20T06:21:09.810Z,0.976,3,1500,768x432,1.9896290000000079,,
2025-12-20T06:21:10.022Z,1.213,3,1500,768x432,1.9757469999999842,,
2025-12-20T06:21:10.699Z,1.192,3,1500,768x432,2.0095400000000154,,
2025-12-20T06:21:11.378Z,0.885,3,1500,768x432,1.9210700000000145,,
2025-12-20T06:21:11.596Z,1.352,3,1500,768x432,1.9204029999999932,,
2025-12-20T06:21:12.276Z,1.093,3,1500,768x432,1.9213790000000017,,
2025-12-20T06:21:12.408Z,1.416,3,1500,768x432,1.9917920000000038,,
2025-12-20T06:21:13.084Z,1.29,3,1500,768x432,1.9129749999999888,,
2025-12-20T06:21:13.885Z,0.993,3,1500,768x432,1.9156429999999887,,
2025-12-20T06:21:14.075Z,1.227,3,1500,768x432,1.9236919999999884,,
2025-12-20T06:21:14.775Z,1.207,3,1500,768x432,1.9349089999999762,,
2025-12-20T06:21:14.973Z,1.41,3,1500,768x432,1.9316070000000138,,
2025-12-20T06:21:15.640Z,1.151,3,1500,768x432,1.9764279999999985,,
2025-12-20T06:21:16.333Z,1.1,3,1500,768x432,1.9658080000000098,,
2025-12-20T06:21:16.489Z,1.334,3,1500,768x432,1.910063000000008,,
2025-12-20T06:21:17.185Z,1.297,3,1500,768x432,1.9167429999999968,,
2025-12-20T06:21:17.884Z,1.012,3,1500,768x432,1.9195220000000006,,
2025-12-20T06:21:18.083Z,1.247,3,1500,768x432,1.9175139999999828,,
2025-12-20T06:21:18.809Z,0.956,3,1500,768x432,1.9957970000000103,,
2025-12-20T06:21:19.032Z,1.39,3,1500,768x432,1.9715600000000109,,
2025-12-20T06:21:19.777Z,1.162,3,1500,768x432,1.9357399999999814,,
2025-12-20T06:21:20.008Z,1.314,3,1500,768x432,1.9987040000000036,,
2025-12-20T06:21:20.755Z,1.085,3,1500,768x432,1.9432569999999885,,
2025-12-20T06:21:20.977Z,1.321,3,1500,768x432,1.921494999999993,,
2025-12-20T06:21:21.717Z,1.024,3,1500,768x432,1.981818000000004,,
2025-12-20T06:21:22.451Z,0.995,3,1500,768x432,1.9556740000000161,,
2025-12-20T06:21:22.657Z,1.238,3,1500,768x432,1.945413000000002,,
2025-12-20T06:21:23.383Z,0.926,3,1500,768x432,1.911787000000004,,
2025-12-20T06:21:23.588Z,1.174,3,1500,768x432,1.9232129999999756,,
2025-12-20T06:21:24.261Z,1.129,3,1500,768x432,1.9386379999999974,,
2025-12-20T06:21:24.445Z,1.366,3,1500,768x432,1.9564909999999998,,
2025-12-20T06:21:25.136Z,1.344,3,1500,768x432,1.9728760000000136,,
2025-12-20T06:21:25.851Z,1.04,3,1500,768x432,1.9477799999999945,,
2025-12-20T06:21:26.121Z,1.115,3,1500,768x432,1.9762140000000272,,
2025-12-20T06:21:26.829Z,0.985,3,1500,768x432,1.9746959999999945,,
2025-12-20T06:21:27.436Z,0.947,3,1500,768x432,1.9723370000000102,,
2025-12-20T06:21:27.509Z,1.299,2,1000,640x360,1.9978969999999947,,
2025-12-20T06:21:27.968Z,0.926,2,1000,640x360,1.942799000000008,,
2025-12-20T06:21:28.453Z,0.885,2,1000,640x360,1.9589050000000157,,
2025-12-20T06:21:28.909Z,0.867,2,1000,640x360,2.014314999999982,,
2025-12-20T06:21:29.375Z,1.095,2,1000,640x360,1.9252520000000004,,
2025-12-20T06:21:29.840Z,1.054,2,1000,640x360,1.968512000000004,,
2025-12-20T06:21:30.311Z,1.017,2,1000,640x360,1.9871610000000146,,
2025-12-20T06:21:30.803Z,0.997,2,1000,640x360,2.0040290000000027,,
2025-12-20T06:21:31.253Z,1.227,2,1000,640x360,1.9464820000000032,,
2025-12-20T06:21:31.809Z,0.942,2,1000,640x360,1.9999850000000094,,
2025-12-20T06:21:32.245Z,1.164,2,1000,640x360,1.9583749999999895,,
2025-12-20T06:21:32.720Z,1.149,2,1000,640x360,2.0006659999999954,,
2025-12-20T06:21:33.657Z,0.825,2,1000,640x360,1.9470190000000116,,
2025-12-20T06:21:34.134Z,0.79,2,1000,640x360,1.9663909999999873,,
2025-12-20T06:21:34.600Z,0.761,2,1000,640x360,2.005359999999996,,
2025-12-20T06:21:35.010Z,0.726,2,1000,640x360,2.000524999999982,,
2025-12-20T06:21:35.083Z,1.223,1,600,480x270,1.9269999999999925,,
2025-12-20T06:21:35.544Z,0.702,1,600,480x270,1.9676939999999945,,
2025-12-20T06:21:35.866Z,0.933,1,600,480x270,1.9508480000000077,,
2025-12-20T06:21:36.160Z,1.163,1,600,480x270,1.9459610000000112,,
2025-12-20T06:21:36.987Z,0.883,1,600,480x270,1.9265919999999994,,
2025-12-20T06:21:37.369Z,1.104,1,600,480x270,1.9311200000000213,,
2025-12-20T06:21:37.732Z,1.063,1,600,480x270,1.969522000000012,,
2025-12-20T06:21:38.418Z,1.025,1,600,480x270,1.985890999999981,,
2025-12-20T06:21:38.755Z,0.999,1,600,480x270,1.949245999999988,,
2025-12-20T06:21:39.097Z,1.228,1,600,480x270,2.0018210000000067,,
2025-12-20T06:21:39.919Z,0.939,1,600,480x270,1.996881000000002,,
2025-12-20T06:21:40.277Z,1.169,1,600,480x270,1.9323060000000112,,
2025-12-20T06:21:40.659Z,1.149,1,600,480x270,1.9604020000000162,,
2025-12-20T06:21:41.541Z,0.833,1,600,480x270,1.9591739999999902,,
2025-12-20T06:21:42.089Z,0.801,1,600,480x270,1.9165570000000116,,
2025-12-20T06:21:42.371Z,1.04,1,600,480x270,1.9376510000000167,,
2025-12-20T06:21:42.671Z,1.247,1,600,480x270,1.9350320000000067,,
2025-12-20T06:21:43.435Z,0.973,1,600,480x270,1.9669920000000047,,
2025-12-20T06:21:43.701Z,1.168,1,600,480x270,2.0067499999999825,,
2025-12-20T06:21:44.559Z,0.916,1,600,480x270,1.9618810000000053,,
2025-12-20T06:21:45.065Z,0.891,1,600,480x270,1.942920000000015,,
2025-12-20T06:21:45.399Z,0.854,1,600,480x270,2.0013460000000123,,
2025-12-20T06:21:45.982Z,0.84,1,600,480x270,1.9442650000000015,,
2025-12-20T06:21:46.554Z,0.8,1,600,480x270,1.9608120000000042,,
2025-12-20T06:21:47.047Z,0.759,1,600,480x270,1.9632840000000158,,
2025-12-20T06:21:47.647Z,0.737,1,600,480x270,1.9584219999999846,,
2025-12-20T06:21:48.077Z,0.698,1,600,480x270,1.9300990000000127,,
2025-12-20T06:21:48.506Z,0.917,1,600,480x270,2.004542000000015,,
2025-12-20T06:21:48.934Z,0.911,1,600,480x270,1.9783600000000092,,
2025-12-20T06:21:49.361Z,1.136,1,600,480x270,1.9356480000000147,,
2025-12-20T06:21:49.778Z,1.055,1,600,480x270,1.9396220000000142,,
2025-12-20T06:21:50.245Z,1.074,1,600,480x270,1.9574369999999988,,
2025-12-20T06:21:50.599Z,1.302,1,600,480x270,2.0048299999999983,,
2025-12-20T06:21:51.467Z,1.003,1,600,480x270,1.9433760000000007,,
2025-12-20T06:21:52.080Z,0.706,1,600,480x270,1.9188699999999983,,
2025-12-20T06:21:52.482Z,0.946,1,600,480x270,1.9282999999999788,,
2025-12-20T06:21:52.890Z,0.916,1,600,480x270,1.9278690000000154,,
2025-12-20T06:21:53.344Z,1.147,1,600,480x270,1.951387000000011,,
2025-12-20T06:21:53.685Z,1.137,1,600,480x270,1.9353490000000022,,
2025-12-20T06:21:54.551Z,0.815,1,600,480x270,1.9475439999999935,,
2025-12-20T06:21:54.895Z,0.893,1,600,480x270,1.9021960000000036,,
2025-12-20T06:21:54.966Z,1.279,2,1000,640x360,1.930581999999987,,
2025-12-20T06:21:55.441Z,1.025,2,1000,640x360,1.9695199999999886,,
2025-12-20T06:21:55.899Z,0.986,2,1000,640x360,2.0030710000000056,,
2025-12-20T06:21:56.378Z,0.963,2,1000,640x360,1.919948000000005,,
2025-12-20T06:21:56.882Z,0.937,2,1000,640x360,1.9287400000000048,,
2025-12-20T06:21:57.366Z,0.893,2,1000,640x360,1.9301629999999932,,
2025-12-20T06:21:57.443Z,1.347,1,600,480x270,1.9589699999999937,,
2025-12-20T06:21:57.742Z,1.008,1,600,480x270,1.9723089999999956,,
2025-12-20T06:21:57.809Z,1.507,2,1000,640x360,2.0043500000000165,,
2025-12-20T06:21:58.427Z,0.832,2,1000,640x360,1.9752929999999935,,
2025-12-20T06:21:58.508Z,1.281,1,600,480x270,1.993452000000019,,
2025-12-20T06:21:58.956Z,0.8,1,600,480x270,1.9488549999999805,,
2025-12-20T06:21:59.406Z,1.034,1,600,480x270,1.99408600000001,,
2025-12-20T06:21:59.856Z,1.008,1,600,480x270,1.9495919999999956,,
2025-12-20T06:21:59.926Z,1.319,0,200,320x180,1.9727129999999988,,
2025-12-20T06:22:00.069Z,1.667,0,200,320x180,1.9288009999999929,,
2025-12-20T06:22:00.144Z,1.663,1,600,480x270,1.9531300000000158,,
2025-12-20T06:22:01.048Z,0.948,1,600,480x270,1.9659059999999897,,
2025-12-20T06:22:01.415Z,0.877,1,600,480x270,1.9862130000000207,,
2025-12-20T06:22:01.900Z,0.894,1,600,480x270,2.0091999999999928,,
2025-12-20T06:22:01.973Z,1.342,0,200,320x180,1.933558000000005,,
2025-12-20T06:22:02.116Z,1.624,0,200,320x180,1.9871240000000228,,
2025-12-20T06:22:02.192Z,1.62,3,1500,768x432,1.9098660000000223,,
2025-12-20T06:22:03.454Z,0.284,3,1500,768x432,1.9599800000000016,,rebuffer happen
2025-12-20T06:22:03.700Z,0.036,3,1500,768x432,2.003926999999976,,rebuffer happen
2025-12-20T06:22:04.128Z,0.036,3,1500,768x432,2.4049269999999865,,
2025-12-20T06:22:04.205Z,0.536,1,600,480x270,2.343703000000005,,
2025-12-20T06:22:04.490Z,0.132,1,600,480x270,2.3120680000000107,,rebuffer happen
2025-12-20T06:22:04.567Z,0.026,1,600,480x270,2.2988949999999875,,rebuffer happen
2025-12-20T06:22:04.640Z,0.026,1,600,480x270,2.3928949999999816,,
2025-12-20T06:22:04.716Z,0.526,0,200,320x180,2.4378539999999873,,
2025-12-20T06:22:04.897Z,0.758,0,200,320x180,2.439697999999993,,
2025-12-20T06:22:04.965Z,0.774,1,600,480x270,2.3428779999999847,,
2025-12-20T06:22:05.363Z,0.135,1,600,480x270,2.203183000000024,,rebuffer happen
2025-12-20T06:22:05.485Z,0.016,1,600,480x270,2.1805499999999824,,rebuffer happen
2025-12-20T06:22:05.533Z,0.016,1,600,480x270,2.2805499999999768,,
2025-12-20T06:22:05.969Z,0.028,1,600,480x270,2.2050610000000006,,rebuffer happen
2025-12-20T06:22:05.969Z,0.028,1,600,480x270,2.2050610000000006,,rebuffer happen
2025-12-20T06:22:06.040Z,0.028,1,600,480x270,2.2990609999999947,,
2025-12-20T06:22:06.107Z,0.528,0,200,320x180,2.3327790000000164,,
2025-12-20T06:22:06.276Z,0.753,0,200,320x180,2.2154489999999782,,
2025-12-20T06:22:06.356Z,0.741,1,600,480x270,2.2026759999999967,,
2025-12-20T06:22:06.754Z,0.161,1,600,480x270,2.127247000000011,,rebuffer happen
2025-12-20T06:22:06.833Z,0.161,1,600,480x270,2.1313770000000147,,
2025-12-20T06:22:06.905Z,0.547,0,200,320x180,2.04529100000002,,
2025-12-20T06:22:07.075Z,0.751,0,200,320x180,2.0499690000000044,,
2025-12-20T06:22:07.154Z,0.777,1,600,480x270,2.050544000000002,,
2025-12-20T06:22:07.476Z,0.532,1,600,480x270,2.0190990000000113,,
2025-12-20T06:22:08.054Z,0.476,1,600,480x270,1.9933269999999936,,
2025-12-20T06:22:08.530Z,0.399,1,600,480x270,2.0122599999999977,,
2025-12-20T06:22:08.946Z,0.387,1,600,480x270,1.9929569999999899,,
2025-12-20T06:22:09.453Z,0.324,1,600,480x270,1.9654529999999966,,
2025-12-20T06:22:09.941Z,0.295,1,600,480x270,1.9664479999999855,,rebuffer happen
2025-12-20T06:22:09.953Z,0.295,1,600,480x270,1.9545059999999808,,
2025-12-20T06:22:10.476Z,0.259,1,600,480x270,1.9254109999999969,,rebuffer happen
2025-12-20T06:22:10.481Z,0.259,1,600,480x270,1.9201229999999896,,
2025-12-20T06:22:10.896Z,0.417,1,600,480x270,2.0020260000000007,,
2025-12-20T06:22:11.275Z,0.457,1,600,480x270,1.922697999999997,,
2025-12-20T06:22:11.590Z,0.698,1,600,480x270,1.9260629999999992,,
2025-12-20T06:22:11.927Z,0.817,1,600,480x270,1.980115000000012,,
2025-12-20T06:22:12.323Z,0.946,1,600,480x270,1.9737079999999878,,
2025-12-20T06:22:12.603Z,1.151,1,600,480x270,2.0150309999999934,,
2025-12-20T06:22:13.451Z,0.836,1,600,480x270,1.946011999999996,,
2025-12-20T06:22:13.796Z,0.996,1,600,480x270,2.0004659999999888,,
2025-12-20T06:22:14.108Z,1.124,1,600,480x270,1.9989789999999914,,
2025-12-20T06:22:14.900Z,1,1,600,480x270,2.000846999999993,,
2025-12-20T06:22:15.400Z,0.977,1,600,480x270,1.9974260000000186,,
2025-12-20T06:22:15.944Z,0.949,1,600,480x270,1.9616629999999873,,
2025-12-20T06:22:16.323Z,0.916,1,600,480x270,1.9725880000000018,,
2025-12-20T06:22:16.713Z,1.08,1,600,480x270,2.0030669999999873,,
2025-12-20T06:22:17.571Z,0.846,1,600,480x270,1.949325999999985,,
2025-12-20T06:22:17.907Z,0.998,1,600,480x270,2.006711999999993,,
2025-12-20T06:22:18.278Z,1.062,1,600,480x270,1.9352030000000013,,
2025-12-20T06:22:18.604Z,1.264,1,600,480x270,1.999227999999988,,
2025-12-20T06:22:19.385Z,0.983,1,600,480x270,1.9165399999999977,,
2025-12-20T06:22:19.687Z,1.191,1,600,480x270,1.9279699999999877,,
2025-12-20T06:22:20.521Z,0.928,1,600,480x270,2.000103999999993,,
2025-12-20T06:22:20.845Z,0.904,1,600,480x270,1.974472999999989,,
2025-12-20T06:22:21.242Z,1.135,1,600,480x270,1.9573620000000176,,
2025-12-20T06:22:21.569Z,1.368,1,600,480x270,1.948219999999992,,
2025-12-20T06:22:22.383Z,1.069,1,600,480x270,1.9331350000000214,,
2025-12-20T06:22:22.725Z,1.038,1,600,480x270,1.9818750000000023,,
2025-12-20T06:22:23.617Z,0.745,1,600,480x270,1.9946510000000046,,
2025-12-20T06:22:23.969Z,0.832,1,600,480x270,1.9369379999999978,,
2025-12-20T06:22:24.336Z,0.946,1,600,480x270,1.9588569999999947,,
2025-12-20T06:22:24.713Z,1.11,1,600,480x270,2.0097529999999892,,
2025-12-20T06:22:25.620Z,0.634,1,600,480x270,2.0060900000000004,,
2025-12-20T06:22:26.029Z,0.859,1,600,480x270,1.9821540000000084,,
2025-12-20T06:22:26.402Z,1.084,1,600,480x270,2.0020109999999818,,
2025-12-20T06:22:26.770Z,1.058,1,600,480x270,1.9391660000000002,,
2025-12-20T06:22:27.189Z,1.278,1,600,480x270,1.9056480000000136,,
2025-12-20T06:22:28.185Z,0.73,1,600,480x270,1.9142390000000091,,
2025-12-20T06:22:28.458Z,0.961,1,600,480x270,1.956450999999987,,
2025-12-20T06:22:28.796Z,1.145,1,600,480x270,2.007850999999988,,
2025-12-20T06:22:29.192Z,1.168,1,600,480x270,1.9104110000000105,,
2025-12-20T06:22:29.960Z,0.875,1,600,480x270,1.9512169999999855,,
2025-12-20T06:22:30.277Z,1.101,1,600,480x270,1.923291000000006,,
2025-12-20T06:22:30.600Z,1.324,1,600,480x270,1.9979160000000036,,
2025-12-20T06:22:31.449Z,1.035,1,600,480x270,1.9522329999999783,,
2025-12-20T06:22:31.771Z,1.003,1,600,480x270,1.9330190000000016,,
2025-12-20T06:22:32.187Z,1.244,1,600,480x270,1.9097380000000044,,
2025-12-20T06:22:33.025Z,0.951,1,600,480x270,1.986518000000018,,
2025-12-20T06:22:33.394Z,0.915,1,600,480x270,1.9057499999999834,,
2025-12-20T06:22:33.788Z,1.083,1,600,480x270,1.921414999999996,,
2025-12-20T06:22:34.111Z,1.215,1,600,480x270,1.9974050000000148,,
2025-12-20T06:22:34.928Z,0.834,1,600,480x270,1.993407999999988,,
2025-12-20T06:22:35.297Z,1.062,1,600,480x270,2.0067999999999984,,
2025-12-20T06:22:35.649Z,1.255,1,600,480x270,1.956846000000013,,
2025-12-20T06:22:36.478Z,0.994,1,600,480x270,1.9270830000000103,,
2025-12-20T06:22:36.904Z,0.954,1,600,480x270,2.0046409999999923,,
2025-12-20T06:22:37.233Z,1.189,1,600,480x270,1.9724879999999985,,
2025-12-20T06:22:37.507Z,1.416,1,600,480x270,2.0074060000000316,,
2025-12-20T06:22:38.411Z,0.852,1,600,480x270,1.9866970000000208,,
2025-12-20T06:22:38.782Z,0.986,1,600,480x270,1.9448909999999842,,
2025-12-20T06:22:39.181Z,1.06,1,600,480x270,1.928857999999991,,
2025-12-20T06:22:40.108Z,0.75,1,600,480x270,2.000377999999955,,
2025-12-20T06:22:40.512Z,0.73,1,600,480x270,1.9960340000000087,,
2025-12-20T06:22:40.891Z,0.97,1,600,480x270,1.9109619999999836,,
2025-12-20T06:22:41.251Z,1.196,1,600,480x270,1.9459959999999796,,
2025-12-20T06:22:41.480Z,1.417,1,600,480x270,1.9251610000000028,,
2025-12-20T06:22:42.225Z,1.136,1,600,480x270,1.9871090000000322,,
2025-12-20T06:22:43.272Z,0.579,1,600,480x270,1.9413189999999645,,
2025-12-20T06:22:43.750Z,0.542,1,600,480x270,1.9619400000000269,,
2025-12-20T06:22:44.121Z,0.775,1,600,480x270,1.9781020000000353,,
2025-12-20T06:22:44.485Z,1.006,1,600,480x270,1.919715999999994,,
2025-12-20T06:22:44.835Z,0.982,1,600,480x270,1.9697390000000041,,
2025-12-20T06:22:45.207Z,1.213,1,600,480x270,1.9996040000000335,,
2025-12-20T06:22:46.104Z,0.655,1,600,480x270,1.9959210000000098,,
2025-12-20T06:22:46.466Z,0.847,1,600,480x270,1.9371230000000423,,
2025-12-20T06:22:46.818Z,1.001,1,600,480x270,2.0022349999999847,,
2025-12-20T06:22:47.182Z,1.095,1,600,480x270,1.923991000000001,,
2025-12-20T06:22:47.971Z,0.789,1,600,480x270,1.9318039999999996,,
2025-12-20T06:22:48.220Z,1.017,1,600,480x270,1.9762810000000286,,
2025-12-20T06:22:49.138Z,0.723,1,600,480x270,1.967457999999965,,
2025-12-20T06:22:49.610Z,0.706,1,600,480x270,2.0024180000000342,,
2025-12-20T06:22:49.960Z,0.938,1,600,480x270,1.95781199999999,,
2025-12-20T06:22:50.459Z,0.896,1,600,480x270,1.9420810000000301,,
2025-12-20T06:22:50.794Z,1.008,1,600,480x270,1.9323390000000131,,
2025-12-20T06:22:51.151Z,1.102,1,600,480x270,1.9520279999999843,,
2025-12-20T06:22:52.025Z,0.803,1,600,480x270,1.9720689999999763,,
2025-12-20T06:22:52.380Z,1.029,1,600,480x270,1.9177230000000236,,
2025-12-20T06:22:52.715Z,1.16,1,600,480x270,1.9920749999999998,,
2025-12-20T06:22:53.525Z,0.963,1,600,480x270,1.9863379999999893,,
2025-12-20T06:22:53.862Z,0.932,1,600,480x270,1.9432639999999992,,
2025-12-20T06:22:54.212Z,1.17,1,600,480x270,1.9882969999999887,,
2025-12-20T06:22:55.092Z,0.853,1,600,480x270,1.9120530000000144,,
2025-12-20T06:22:55.490Z,0.823,1,600,480x270,1.9193319999999972,,
2025-12-20T06:22:55.882Z,1.056,1,600,480x270,1.919696999999985,,
2025-12-20T06:22:56.417Z,1.009,1,600,480x270,1.9924279999999612,,
2025-12-20T06:22:56.745Z,0.993,1,600,480x270,1.9632250000000226,,
2025-12-20T06:22:57.070Z,1.225,1,600,480x270,1.9311139999999796,,
2025-12-20T06:22:57.912Z,0.939,1,600,480x270,1.9998540000000276,,
2025-12-20T06:22:58.297Z,1.171,1,600,480x270,2.0008809999999926,,
2025-12-20T06:22:58.677Z,1.13,1,600,480x270,1.9282840000000192,,
2025-12-20T06:22:59.532Z,0.83,1,600,480x270,1.9664720000000102,,
2025-12-20T06:22:59.875Z,1.063,1,600,480x270,1.9226699999999823,,
2025-12-20T06:23:00.252Z,1.039,1,600,480x270,1.9547779999999761,,
2025-12-20T06:23:00.630Z,1.28,1,600,480x270,1.9722040000000334,,
2025-12-20T06:23:01.536Z,0.718,1,600,480x270,1.9840519999999628,,
2025-12-20T06:23:02.019Z,0.943,1,600,480x270,1.9923120000000267,,
2025-12-20T06:23:02.275Z,1.183,1,600,480x270,1.9340589999999906,,
2025-12-20T06:23:02.600Z,1.149,1,600,480x270,2.0005449999999882,,
2025-12-20T06:23:03.432Z,0.841,1,600,480x270,1.9779849999999897,,
2025-12-20T06:23:03.860Z,1.089,1,600,480x270,1.9520389999999566,,
2025-12-20T06:23:04.270Z,1.046,1,600,480x270,1.9331609999999841,,
2025-12-20T06:23:04.692Z,1.121,1,600,480x270,1.90930800000001,,
2025-12-20T06:23:05.566Z,0.736,1,600,480x270,1.9485910000000217,,
2025-12-20T06:23:06.000Z,0.968,1,600,480x270,2.0035480000000234,,
2025-12-20T06:23:06.355Z,0.928,1,600,480x270,1.940133000000003,,
2025-12-20T06:23:06.742Z,1.166,1,600,480x270,1.9678690000000074,,
2025-12-20T06:23:07.134Z,1.131,1,600,480x270,1.9645130000000108,,
2025-12-20T06:23:07.870Z,1.118,1,600,480x270,1.9423610000000053,,
2025-12-20T06:23:08.111Z,1.352,1,600,480x270,2.0033670000000257,,
2025-12-20T06:23:08.910Z,1.035,1,600,480x270,2.0006219999999644,,
2025-12-20T06:23:09.162Z,1.267,1,600,480x270,1.9452820000000202,,
2025-12-20T06:23:09.961Z,0.973,1,600,480x270,1.9468410000000063,,
2025-12-20T06:23:10.283Z,1.137,1,600,480x270,1.9205619999999612,,
2025-12-20T06:23:10.840Z,0.912,1,600,480x270,1.9678989999999885,,
2025-12-20T06:23:11.190Z,1.048,1,600,480x270,1.9173270000000002,,
2025-12-20T06:23:12.083Z,0.838,1,600,480x270,1.916811999999993,,
2025-12-20T06:23:12.481Z,0.811,1,600,480x270,1.9272599999999898,,
2025-12-20T06:23:12.857Z,1.047,1,600,480x270,1.9414600000000064,,
2025-12-20T06:23:13.275Z,1.018,1,600,480x270,1.9358879999999772,,
2025-12-20T06:23:13.654Z,1.262,1,600,480x270,1.9562589999999886,,
2025-12-20T06:23:14.453Z,0.954,1,600,480x270,1.9564320000000066,,
2025-12-20T06:23:14.526Z,1.284,2,1000,640x360,1.9869410000000016,,
2025-12-20T06:23:15.120Z,0.669,2,1000,640x360,1.9927200000000198,,
2025-12-20T06:23:15.203Z,1.043,1,600,480x270,1.9967579999999998,,
2025-12-20T06:23:15.522Z,0.899,1,600,480x270,1.9867290000000253,,
2025-12-20T06:23:15.594Z,1.195,2,1000,640x360,1.917205000000024,,
2025-12-20T06:23:16.132Z,0.604,2,1000,640x360,1.980216999999982,,
2025-12-20T06:23:16.201Z,1.102,1,600,480x270,1.9107139999999845,,
2025-12-20T06:23:16.533Z,0.833,1,600,480x270,1.9640139999999633,,
2025-12-20T06:23:16.885Z,1.072,1,600,480x270,1.911611999999991,,
2025-12-20T06:23:17.217Z,1.028,1,600,480x270,1.98619199999996,,
2025-12-20T06:23:18.139Z,0.736,1,600,480x270,1.9672130000000152,,
2025-12-20T06:23:18.580Z,0.709,1,600,480x270,1.9233270000000289,,
2025-12-20T06:23:18.902Z,0.885,1,600,480x270,2.0006230000000187,,
2025-12-20T06:23:19.468Z,0.91,1,600,480x270,1.938995000000034,,
2025-12-20T06:23:20.145Z,0.617,1,600,480x270,1.9643669999999815,,
2025-12-20T06:23:20.225Z,1.091,0,200,320x180,1.976282000000026,,
2025-12-20T06:23:20.367Z,1.316,0,200,320x180,1.940088000000003,,
2025-12-20T06:23:20.444Z,1.345,3,1500,768x432,1.9581850000000145,,
2025-12-20T06:23:21.448Z,0.296,3,1500,768x432,1.9651680000000056,,rebuffer happen
2025-12-20T06:23:21.714Z,0.026,3,1500,768x432,1.996323000000018,,rebuffer happen
2025-12-20T06:23:21.756Z,0.026,3,1500,768x432,1.996323000000018,,
2025-12-20T06:23:21.837Z,0.496,0,200,320x180,2.019807999999955,,
2025-12-20T06:23:22.047Z,0.72,0,200,320x180,1.9934130000000323,,
2025-12-20T06:23:22.117Z,0.727,2,1000,640x360,2.0261169999999993,,
2025-12-20T06:23:22.512Z,0.254,2,1000,640x360,2.019006999999988,,rebuffer happen
2025-12-20T06:23:22.732Z,0.025,2,1000,640x360,1.9973799999999642,,rebuffer happen
2025-12-20T06:23:22.960Z,0.025,2,1000,640x360,2.1923799999999574,,
2025-12-20T06:23:23.035Z,0.503,0,200,320x180,2.2166899999999714,,
2025-12-20T06:23:23.246Z,0.647,0,200,320x180,2.1436610000000087,,
2025-12-20T06:23:23.319Z,0.662,2,1000,640x360,2.163208999999995,,
2025-12-20T06:23:23.601Z,0.286,2,1000,640x360,2.1547240000000443,,rebuffer happen
2025-12-20T06:23:23.816Z,0.033,2,1000,640x360,2.0995439999999803,,rebuffer happen
2025-12-20T06:23:24.382Z,0.033,2,1000,640x360,2.6005439999999567,,
2025-12-20T06:23:24.456Z,0.533,0,200,320x180,2.643579999999986,,
2025-12-20T06:23:24.767Z,0.612,0,200,320x180,2.574308999999971,,
2025-12-20T06:23:25.029Z,0.768,0,200,320x180,2.5038339999999835,,
2025-12-20T06:23:25.216Z,0.896,0,200,320x180,2.437295000000006,,
2025-12-20T06:23:25.303Z,0.957,1,600,480x270,2.313986,,
2025-12-20T06:23:25.838Z,0.318,1,600,480x270,2.1840100000000007,,
2025-12-20T06:23:25.929Z,0.612,0,200,320x180,2.1634670000000256,,
2025-12-20T06:23:26.025Z,0.741,0,200,320x180,2.1546879999999646,,
2025-12-20T06:23:26.071Z,1.088,0,200,320x180,2.0983909999999923,,
2025-12-20T06:23:26.325Z,1.514,0,200,320x180,2.0889099999999985,,
2025-12-20T06:23:26.398Z,1.519,1,600,480x270,2.0034840000000145,,
2025-12-20T06:23:27.368Z,0.493,1,600,480x270,1.9646890000000212,,
2025-12-20T06:23:27.439Z,0.89,0,200,320x180,1.988958000000025,,
2025-12-20T06:23:27.792Z,0.989,0,200,320x180,1.9471110000000067,,
2025-12-20T06:23:27.863Z,0.956,1,600,480x270,1.9628610000000322,,
2025-12-20T06:23:28.523Z,0.405,1,600,480x270,1.995232000000044,,
2025-12-20T06:23:28.604Z,0.729,0,200,320x180,1.9222320000000082,,
2025-12-20T06:23:28.956Z,0.745,0,200,320x180,1.964823000000024,,
2025-12-20T06:23:29.319Z,0.912,0,200,320x180,1.9907190000000128,,
2025-12-20T06:23:29.609Z,1.121,0,200,320x180,1.9979700000000093,,
2025-12-20T06:23:29.677Z,1.07,1,600,480x270,1.9286950000000047,,
2025-12-20T06:23:30.287Z,0.526,1,600,480x270,1.917607999999973,,
2025-12-20T06:23:30.356Z,0.943,0,200,320x180,1.9414219999999887,,
2025-12-20T06:23:30.580Z,1.118,0,200,320x180,1.9275569999999789,,
2025-12-20T06:23:30.856Z,1.336,0,200,320x180,1.948301000000015,,
2025-12-20T06:23:31.148Z,1.576,0,200,320x180,1.9501319999999964,,
2025-12-20T06:23:31.217Z,1.526,1,600,480x270,1.9881879999999796,,
2025-12-20T06:23:32.281Z,0.674,1,600,480x270,1.921369000000027,,
2025-12-20T06:23:32.353Z,0.915,0,200,320x180,1.9432489999999802,,
2025-12-20T06:23:32.551Z,1.141,0,200,320x180,1.9601109999999835,,
2025-12-20T06:23:32.633Z,1.16,2,1000,640x360,1.9902760000000512,,
2025-12-20T06:23:33.652Z,0.08,2,1000,640x360,1.9489360000000033,,rebuffer happen
2025-12-20T06:23:33.703Z,0.08,2,1000,640x360,2.0003619999999955,,
2025-12-20T06:23:33.707Z,0.525,0,200,320x180,1.9968659999999545,,rebuffer happen
2025-12-20T06:23:33.776Z,0.499,0,200,320x180,1.934818000000007,,
2025-12-20T06:23:33.999Z,0.696,0,200,320x180,2.003169000000014,,
2025-12-20T06:23:34.251Z,0.92,0,200,320x180,1.9538610000000176,,
2025-12-20T06:23:34.477Z,1.21,0,200,320x180,1.9349650000000338,,
2025-12-20T06:23:34.555Z,1.236,1,600,480x270,1.9489249999999743,,
2025-12-20T06:23:35.137Z,0.699,1,600,480x270,1.9667249999999967,,
2025-12-20T06:23:35.206Z,1.039,0,200,320x180,1.8977289999999698,,
2025-12-20T06:23:35.429Z,1.26,0,200,320x180,1.9707609999999818,,
2025-12-20T06:23:35.503Z,1.304,2,1000,640x360,1.9039139999999861,,
2025-12-20T06:23:36.549Z,0.361,2,1000,640x360,1.9627719999999726,,
2025-12-20T06:23:36.634Z,0.697,0,200,320x180,1.9969820000000027,,
2025-12-20T06:23:36.883Z,0.818,0,200,320x180,1.9458020000000147,,
2025-12-20T06:23:36.964Z,0.842,1,600,480x270,1.9554190000000062,,
2025-12-20T06:23:37.598Z,0.311,1,600,480x270,2.002783999999963,,
2025-12-20T06:23:37.671Z,0.636,0,200,320x180,1.9291949999999929,,
2025-12-20T06:23:37.895Z,0.765,0,200,320x180,1.9054929999999786,,
2025-12-20T06:23:37.983Z,0.761,1,600,480x270,1.9147849999999949,,
2025-12-20T06:23:38.517Z,0.226,1,600,480x270,1.9946320000000242,,rebuffer happen
2025-12-20T06:23:38.616Z,0.226,1,600,480x270,2.003252000000032,,
2025-12-20T06:23:38.699Z,0.623,0,200,320x180,1.918988000000013,,
2025-12-20T06:23:38.975Z,0.773,0,200,320x180,1.9259529999999927,,
2025-12-20T06:23:39.218Z,0.974,0,200,320x180,1.977909000000011,,
2025-12-20T06:23:39.298Z,1.013,1,600,480x270,1.8962280000000078,,
2025-12-20T06:23:39.932Z,0.404,1,600,480x270,1.9752019999999675,,
2025-12-20T06:23:40.009Z,0.806,0,200,320x180,1.897141999999974,,
2025-12-20T06:23:40.211Z,1.009,0,200,320x180,1.9884460000000104,,
2025-12-20T06:23:40.285Z,0.958,2,1000,640x360,1.9131040000000326,,
2025-12-20T06:23:41.168Z,0.071,2,1000,640x360,1.937797000000046,,rebuffer happen
2025-12-20T06:23:41.213Z,0.025,2,1000,640x360,1.9909230000000093,,rebuffer happen
2025-12-20T06:23:41.356Z,0.025,2,1000,640x360,2.090922999999975,,
2025-12-20T06:23:41.430Z,0.525,0,200,320x180,2.129952000000003,,
2025-12-20T06:23:41.587Z,0.788,0,200,320x180,2.055836999999997,,
2025-12-20T06:23:41.661Z,0.79,2,1000,640x360,2.074399000000028,,
2025-12-20T06:23:42.010Z,0.299,2,1000,640x360,2.0782459999999787,,rebuffer happen
2025-12-20T06:23:42.281Z,0.023,2,1000,640x360,1.9905190000000061,,rebuffer happen
2025-12-20T06:23:42.769Z,0.023,2,1000,640x360,2.489518999999973,,
2025-12-20T06:23:42.841Z,0.481,0,200,320x180,2.506706999999949,,
2025-12-20T06:23:42.992Z,0.766,0,200,320x180,2.396809000000019,,
2025-12-20T06:23:43.166Z,0.917,0,200,320x180,2.3399949999999876,,
2025-12-20T06:23:43.249Z,0.974,1,600,480x270,2.324905000000001,,
2025-12-20T06:23:43.745Z,0.436,1,600,480x270,2.2220550000000117,,
2025-12-20T06:23:43.816Z,0.741,0,200,320x180,2.219881999999984,,
2025-12-20T06:23:44.047Z,0.789,0,200,320x180,2.127988000000016,,
2025-12-20T06:23:44.126Z,0.854,1,600,480x270,2.123356000000001,,
2025-12-20T06:23:44.660Z,0.143,1,600,480x270,2.014503999999988,,rebuffer happen
2025-12-20T06:23:44.766Z,0.028,1,600,480x270,1.9936160000000314,,rebuffer happen
2025-12-20T06:23:44.967Z,0.028,1,600,480x270,2.196616000000006,,
2025-12-20T06:23:45.042Z,0.479,0,200,320x180,2.229780000000005,,
2025-12-20T06:23:45.299Z,0.631,0,200,320x180,2.195932999999968,,
2025-12-20T06:23:45.582Z,0.833,0,200,320x180,2.1103410000000054,,
2025-12-20T06:23:45.826Z,0.948,0,200,320x180,2.1094039999999836,,
2025-12-20T06:23:45.907Z,1.039,1,600,480x270,2.109638000000018,,
2025-12-20T06:23:46.351Z,0.443,1,600,480x270,2.0134780000000205,,
2025-12-20T06:23:46.425Z,0.88,0,200,320x180,2.0326299999999833,,
2025-12-20T06:23:46.761Z,1,0,200,320x180,1.9810820000000149,,
2025-12-20T06:23:46.830Z,0.997,1,600,480x270,1.9975140000000238,,
2025-12-20T06:23:47.482Z,0.324,1,600,480x270,1.9305709999999863,,
2025-12-20T06:23:47.554Z,0.745,0,200,320x180,1.9514449999999783,,
2025-12-20T06:23:47.730Z,0.934,0,200,320x180,1.9746809999999755,,
2025-12-20T06:23:47.820Z,1.007,1,600,480x270,1.9950639999999566,,
2025-12-20T06:23:48.479Z,0.259,1,600,480x270,1.9250200000000177,,rebuffer happen
2025-12-20T06:23:48.604Z,0.259,1,600,480x270,2.0047739999999976,,
2025-12-20T06:23:48.680Z,0.632,0,200,320x180,1.9277960000000007,,
2025-12-20T06:23:48.911Z,0.783,0,200,320x180,1.9949480000000221,,
2025-12-20T06:23:48.991Z,0.784,2,1000,640x360,1.9140170000000012,,
2025-12-20T06:23:49.549Z,0.197,2,1000,640x360,1.9615759999999796,,rebuffer happen
2025-12-20T06:23:49.721Z,0.022,2,1000,640x360,1.99507600000004,,rebuffer happen
2025-12-20T06:23:50.039Z,0.022,2,1000,640x360,2.2890760000000228,,
2025-12-20T06:23:50.118Z,0.501,0,200,320x180,2.312859000000003,,
2025-12-20T06:23:50.374Z,0.534,0,200,320x180,2.162623999999994,,
2025-12-20T06:23:50.467Z,0.536,1,600,480x270,2.1613910000000374,,
2025-12-20T06:23:50.774Z,0.107,1,600,480x270,2.079537000000016,,rebuffer happen
2025-12-20T06:23:50.854Z,0.021,1,600,480x270,2.088259999999991,,rebuffer happen
2025-12-20T06:23:51.191Z,0.021,1,600,480x270,2.386259999999993,,
2025-12-20T06:23:51.269Z,0.521,0,200,320x180,2.425815,,
2025-12-20T06:23:51.496Z,0.736,0,200,320x180,2.510503999999969,,
2025-12-20T06:23:51.741Z,0.881,0,200,320x180,2.3889469999999733,,
2025-12-20T06:23:51.817Z,0.82,1,600,480x270,2.3757019999999898,,
2025-12-20T06:23:52.389Z,0.038,1,600,480x270,2.1121860000000083,,rebuffer happen
2025-12-20T06:23:52.390Z,0.038,1,600,480x270,2.1121860000000083,,rebuffer happen
2025-12-20T06:23:52.488Z,0.038,1,600,480x270,2.208186000000012,,
2025-12-20T06:23:52.553Z,0.538,0,200,320x180,2.252206000000001,,
2025-12-20T06:23:52.755Z,0.742,0,200,320x180,2.2059580000000096,,
2025-12-20T06:23:52.837Z,0.738,1,600,480x270,2.208238999999992,,
2025-12-20T06:23:53.187Z,0.188,1,600,480x270,2.063211000000024,,rebuffer happen
2025-12-20T06:23:53.323Z,0.029,1,600,480x270,2.094573999999966,,rebuffer happen
2025-12-20T06:23:53.430Z,0.029,1,600,480x270,2.2045739999999796,,
2025-12-20T06:23:53.515Z,0.529,0,200,320x180,2.2319350000000213,,
2025-12-20T06:23:53.735Z,0.694,0,200,320x180,2.1707190000000196,,
2025-12-20T06:23:53.816Z,0.704,1,600,480x270,2.1768470000000093,,
2025-12-20T06:23:54.122Z,0.235,1,600,480x270,2.1100430000000188,,rebuffer happen
2025-12-20T06:23:54.291Z,0.039,1,600,480x270,2.0055169999999976,,rebuffer happen
2025-12-20T06:23:54.421Z,0.039,1,600,480x270,2.20451700000001,,
2025-12-20T06:23:54.497Z,0.539,0,200,320x180,2.1431029999999964,,
2025-12-20T06:23:54.694Z,0.748,0,200,320x180,2.1180029999999874,,
2025-12-20T06:23:54.764Z,0.677,1,600,480x270,2.1387490000000184,,
2025-12-20T06:23:55.102Z,0.253,1,600,480x270,2.124213999999995,,rebuffer happen
2025-12-20T06:23:55.299Z,0.234,1,600,480x270,2.12143599999996,,
2025-12-20T06:23:55.381Z,0.489,0,200,320x180,2.0370059999999626,,
2025-12-20T06:23:55.553Z,0.809,0,200,320x180,2.0562590000000114,,
2025-12-20T06:23:55.630Z,0.791,1,600,480x270,2.073381999999981,,
2025-12-20T06:23:56.162Z,0.115,1,600,480x270,1.9839070000000447,,rebuffer happen
2025-12-20T06:23:56.167Z,0.115,1,600,480x270,1.9785820000000172,,
2025-12-20T06:23:56.251Z,0.583,0,200,320x180,1.9868099999999913,,
2025-12-20T06:23:56.448Z,0.773,0,200,320x180,1.9943430000000149,,
2025-12-20T06:23:56.533Z,0.817,1,600,480x270,2.0014380000000074,,
2025-12-20T06:23:56.957Z,0.287,1,600,480x270,1.951530000000048,,rebuffer happen
2025-12-20T06:23:57.145Z,0.287,1,600,480x270,1.9632159999999885,,
2025-12-20T06:23:57.219Z,0.594,0,200,320x180,1.9969619999999964,,
2025-12-20T06:23:57.444Z,0.751,0,200,320x180,1.9746900000000096,,
2025-12-20T06:23:57.513Z,0.745,1,600,480x270,2.0045519999999897,,
2025-12-20T06:23:58.031Z,0.206,1,600,480x270,1.974081999999953,,rebuffer happen
2025-12-20T06:23:58.211Z,0.023,1,600,480x270,1.995929999999987,,rebuffer happen
2025-12-20T06:23:58.258Z,0.023,1,600,480x270,1.995929999999987,,
2025-12-20T06:23:58.341Z,0.523,0,200,320x180,2.020754000000011,,
2025-12-20T06:23:58.516Z,0.736,0,200,320x180,2.0568130000000338,,
2025-12-20T06:23:58.589Z,0.787,2,1000,640x360,1.9762910000000034,,
2025-12-20T06:23:59.006Z,0.26,2,1000,640x360,2.0338100000000168,,rebuffer happen
2025-12-20T06:23:59.229Z,0.024,2,1000,640x360,2.000990999999999,,rebuffer happen
2025-12-20T06:23:59.538Z,0.024,2,1000,640x360,2.298991000000001,,
2025-12-20T06:23:59.614Z,0.524,0,200,320x180,2.3333240000000046,,
2025-12-20T06:23:59.836Z,0.695,0,200,320x180,2.300455999999997,,
2025-12-20T06:24:00.043Z,0.91,0,200,320x180,2.210949000000028,,
2025-12-20T06:24:00.286Z,1.105,0,200,320x180,2.1023229999999558,,
2025-12-20T06:24:00.359Z,1.137,1,600,480x270,2.118846000000019,,
2025-12-20T06:24:01.013Z,0.537,1,600,480x270,2.091208999999992,,
2025-12-20T06:24:01.096Z,0.733,0,200,320x180,1.9959589999999707,,
2025-12-20T06:24:01.249Z,1.009,0,200,320x180,2.027567999999974,,
2025-12-20T06:24:01.336Z,1.027,2,1000,640x360,2.0204009999999926,,
2025-12-20T06:24:01.998Z,0.278,2,1000,640x360,2.0440320000000156,,rebuffer happen
2025-12-20T06:24:02.247Z,0.019,2,1000,640x360,1.9913029999999594,,rebuffer happen
2025-12-20T06:24:02.280Z,0.019,2,1000,640x360,1.9913029999999594,,
2025-12-20T06:24:02.357Z,0.519,0,200,320x180,2.024091999999996,,
2025-12-20T06:24:02.512Z,0.737,0,200,320x180,2.0829709999999864,,
2025-12-20T06:24:02.591Z,0.815,2,1000,640x360,1.9957130000000234,,
2025-12-20T06:24:03.036Z,0.24,2,1000,640x360,2.0081289999999967,,rebuffer happen
2025-12-20T06:24:03.232Z,0.034,2,1000,640x360,2.0058879999999704,,rebuffer happen
2025-12-20T06:24:03.419Z,0.034,2,1000,640x360,2.198888000000011,,
2025-12-20T06:24:03.497Z,0.534,0,200,320x180,2.1364110000000096,,
2025-12-20T06:24:03.739Z,0.661,0,200,320x180,2.136947999999961,,
2025-12-20T06:24:03.807Z,0.634,1,600,480x270,2.0539640000000077,,
2025-12-20T06:24:04.282Z,0.031,1,600,480x270,2.002553999999975,,rebuffer happen
2025-12-20T06:24:04.283Z,0.031,1,600,480x270,2.002553999999975,,rebuffer happen
2025-12-20T06:24:04.448Z,0.031,1,600,480x270,2.1985540000000015,,
2025-12-20T06:24:04.527Z,0.531,0,200,320x180,2.2330310000000395,,
2025-12-20T06:24:04.724Z,0.715,0,200,320x180,2.1913660000000164,,
2025-12-20T06:24:04.794Z,0.72,1,600,480x270,2.1002320000000054,,
2025-12-20T06:24:05.081Z,0.282,1,600,480x270,2.047495999999967,,rebuffer happen
2025-12-20T06:24:05.300Z,0.025,1,600,480x270,2.0933579999999665,,rebuffer happen
2025-12-20T06:24:05.478Z,0.025,1,600,480x270,2.1903580000000034,,
2025-12-20T06:24:05.548Z,0.525,0,200,320x180,2.239340000000027,,
2025-12-20T06:24:05.834Z,0.542,0,200,320x180,2.179378999999983,,
2025-12-20T06:24:06.110Z,0.716,0,200,320x180,2.1337069999999585,,
2025-12-20T06:24:06.458Z,0.827,0,200,320x180,2.048242000000016,,
2025-12-20T06:24:06.531Z,0.868,1,600,480x270,2.055499999999995,,
2025-12-20T06:24:07.099Z,0.387,1,600,480x270,2.034339999999986,,
2025-12-20T06:24:07.171Z,0.606,0,200,320x180,1.9581499999999892,,
2025-12-20T06:24:07.377Z,0.874,0,200,320x180,1.94065599999999,,
2025-12-20T06:24:07.450Z,0.816,1,600,480x270,1.9692600000000198,,
2025-12-20T06:24:07.957Z,0.283,1,600,480x270,1.9612559999999917,,rebuffer happen
2025-12-20T06:24:08.016Z,0.283,1,600,480x270,1.9922970000000078,,
2025-12-20T06:24:08.094Z,0.721,0,200,320x180,1.911954000000037,,
2025-12-20T06:24:08.322Z,0.894,0,200,320x180,1.9764129999999795,,
2025-12-20T06:24:08.398Z,0.906,1,600,480x270,1.8986509999999726,,
2025-12-20T06:24:08.922Z,0.48,1,600,480x270,1.9849049999999693,,
2025-12-20T06:24:09.049Z,0.713,0,200,320x180,1.956388000000004,,
2025-12-20T06:24:09.250Z,0.97,0,200,320x180,1.9542069999999967,,
2025-12-20T06:24:09.324Z,0.918,1,600,480x270,1.9728489999999965,,
2025-12-20T06:24:09.809Z,0.555,1,600,480x270,1.9987469999999803,,
2025-12-20T06:24:10.311Z,0.654,1,600,480x270,1.9894700000000398,,
2025-12-20T06:24:10.388Z,0.87,0,200,320x180,1.9114860000000249,,
2025-12-20T06:24:10.534Z,1.172,0,200,320x180,1.9659209999999803,,
2025-12-20T06:24:10.607Z,1.2,3,1500,768x432,1.9912669999999935,,
2025-12-20T06:24:11.680Z,0.052,3,1500,768x432,1.928291999999999,,rebuffer happen
2025-12-20T06:24:11.705Z,0.027,3,1500,768x432,2.000417000000027,,rebuffer happen
2025-12-20T06:24:11.840Z,0.027,3,1500,768x432,2.0924170000000117,,
2025-12-20T06:24:11.921Z,0.477,1,600,480x270,2.133714999999995,,
2025-12-20T06:24:12.224Z,0.102,1,600,480x270,2.076622000000043,,rebuffer happen
2025-12-20T06:24:12.289Z,0.031,1,600,480x270,2.006330000000048,,rebuffer happen
2025-12-20T06:24:12.384Z,0.031,1,600,480x270,2.100330000000042,,
2025-12-20T06:24:12.633Z,0.289,1,600,480x270,2.1583860000000072,,rebuffer happen
2025-12-20T06:24:12.851Z,0.054,1,600,480x270,2.099981000000014,,
2025-12-20T06:24:13.086Z,0.274,1,600,480x270,2.040303999999992,,rebuffer happen
2025-12-20T06:24:13.290Z,0.035,1,600,480x270,2.015209000000027,,rebuffer happen
2025-12-20T06:24:13.377Z,0.035,1,600,480x270,2.1002090000000067,,
2025-12-20T06:24:13.458Z,0.535,0,200,320x180,2.129763999999966,,
2025-12-20T06:24:13.573Z,0.776,0,200,320x180,2.1237709999999765,,
2025-12-20T06:24:13.644Z,0.853,2,1000,640x360,2.1375889999999913,,
2025-12-20T06:24:14.088Z,0.24,2,1000,640x360,2.007286000000022,,rebuffer happen
2025-12-20T06:24:14.274Z,0.032,2,1000,640x360,2.000380000000007,,rebuffer happen
2025-12-20T06:24:14.336Z,0.032,2,1000,640x360,2.108380000000011,,
2025-12-20T06:24:14.414Z,0.532,0,200,320x180,2.1398590000000013,,
2025-12-20T06:24:14.537Z,0.784,0,200,320x180,2.106716000000006,,
2025-12-20T06:24:14.618Z,0.828,2,1000,640x360,2.1087610000000154,,
2025-12-20T06:24:15.079Z,0.213,2,1000,640x360,1.9835520000000315,,rebuffer happen
2025-12-20T06:24:15.258Z,0.02,2,1000,640x360,1.993079000000023,,rebuffer happen
2025-12-20T06:24:15.455Z,0.02,2,1000,640x360,2.1890789999999924,,
2025-12-20T06:24:15.534Z,0.467,1,600,480x270,2.2290439999999876,,
2025-12-20T06:24:15.790Z,0.124,1,600,480x270,2.089882999999986,,rebuffer happen
2025-12-20T06:24:15.875Z,0.021,1,600,480x270,2.0868339999999534,,rebuffer happen
2025-12-20T06:24:16.031Z,0.021,1,600,480x270,2.297833999999966,,
2025-12-20T06:24:16.100Z,0.521,0,200,320x180,2.242367999999999,,
2025-12-20T06:24:16.262Z,0.733,0,200,320x180,2.229216000000008,,
2025-12-20T06:24:16.336Z,0.763,1,600,480x270,2.2424310000000105,,
2025-12-20T06:24:16.660Z,0.258,1,600,480x270,2.1235849999999914,,rebuffer happen
2025-12-20T06:24:16.816Z,0.258,1,600,480x270,2.1312810000000013,,
2025-12-20T06:24:16.887Z,0.565,0,200,320x180,2.0438669999999775,,
2025-12-20T06:24:17.064Z,0.78,0,200,320x180,2.0375810000000456,,
2025-12-20T06:24:17.135Z,0.771,1,600,480x270,2.0545850000000314,,
2025-12-20T06:24:17.596Z,0.336,1,600,480x270,2.0609400000000164,,
2025-12-20T06:24:17.669Z,0.695,0,200,320x180,1.9818750000000023,,
2025-12-20T06:24:17.844Z,0.9,0,200,320x180,1.9983510000000138,,
2025-12-20T06:24:17.921Z,0.929,3,1500,768x432,2.0262769999999932,,
2025-12-20T06:24:18.532Z,0.23,3,1500,768x432,1.9976329999999507,,rebuffer happen
2025-12-20T06:24:18.728Z,0.027,3,1500,768x432,1.9990760000000023,,rebuffer happen
2025-12-20T06:24:18.919Z,0.027,3,1500,768x432,2.2020760000000337,,
2025-12-20T06:24:18.996Z,0.527,1,600,480x270,2.1400240000000395,,
2025-12-20T06:24:19.172Z,0.243,1,600,480x270,2.1134529999999927,,rebuffer happen
2025-12-20T06:24:19.378Z,0.018,1,600,480x270,2.082634999999982,,rebuffer happen
2025-12-20T06:24:19.439Z,0.018,1,600,480x270,2.1926349999999957,,
2025-12-20T06:24:19.657Z,0.289,1,600,480x270,2.166183999999987,,rebuffer happen
2025-12-20T06:24:19.862Z,0.034,1,600,480x270,2.0991980000000012,,rebuffer happen
2025-12-20T06:24:19.960Z,0.034,1,600,480x270,2.209198000000015,,
2025-12-20T06:24:20.029Z,0.534,0,200,320x180,2.2424560000000042,,
2025-12-20T06:24:20.224Z,0.748,0,200,320x180,2.231523999999979,,
2025-12-20T06:24:20.298Z,0.699,1,600,480x270,2.2280549999999835,,
2025-12-20T06:24:20.741Z,0.31,1,600,480x270,2.1639880000000176,,
2025-12-20T06:24:20.812Z,0.688,0,200,320x180,2.168339000000003,,
2025-12-20T06:24:20.972Z,0.857,0,200,320x180,2.0813440000000014,,
2025-12-20T06:24:21.048Z,0.885,1,600,480x270,2.0788259999999923,,
2025-12-20T06:24:21.490Z,0.364,1,600,480x270,1.9920799999999872,,
2025-12-20T06:24:21.559Z,0.822,0,200,320x180,2.0162030000000186,,
2025-12-20T06:24:21.770Z,0.986,0,200,320x180,1.982876000000033,,
2025-12-20T06:24:21.839Z,0.987,1,600,480x270,2.0059360000000197,,
2025-12-20T06:24:22.335Z,0.51,1,600,480x270,1.9859119999999848,,
2025-12-20T06:24:22.806Z,0.479,1,600,480x270,2.0084580000000187,,
2025-12-20T06:24:23.236Z,0.692,1,600,480x270,1.966639999999984,,
2025-12-20T06:24:23.600Z,0.687,1,600,480x270,2.0174309999999878,,
2025-12-20T06:24:23.958Z,0.803,1,600,480x270,1.961667000000034,,
2025-12-20T06:24:24.297Z,1.128,1,600,480x270,2.0013959999999997,,
2025-12-20T06:24:24.635Z,1.123,1,600,480x270,1.987372999999991,,
2025-12-20T06:24:25.478Z,0.813,1,600,480x270,1.9282349999999724,,
2025-12-20T06:24:25.817Z,0.998,1,600,480x270,1.9981020000000171,,
2025-12-20T06:24:26.160Z,1.124,1,600,480x270,1.9489829999999984,,
2025-12-20T06:24:27.009Z,0.971,1,600,480x270,1.99221399999999,,
2025-12-20T06:24:27.341Z,0.936,1,600,480x270,1.9602840000000015,,
2025-12-20T06:24:27.645Z,1.164,1,600,480x270,1.9646190000000274,,
2025-12-20T06:24:28.427Z,0.879,1,600,480x270,1.9726759999999786,,
2025-12-20T06:24:28.503Z,1.305,2,1000,640x360,1.9040369999999598,,
2025-12-20T06:24:28.690Z,1.09,2,1000,640x360,1.9271679999999947,,
2025-12-20T06:24:28.766Z,1.558,3,1500,768x432,1.9602899999999863,,
2025-12-20T06:24:29.051Z,1.223,3,1500,768x432,1.9558529999999905,,
2025-12-20T06:24:29.850Z,1.056,3,1500,768x432,1.949891999999977,,
2025-12-20T06:24:30.165Z,1.134,3,1500,768x432,1.9318809999999758,,
2025-12-20T06:24:31.049Z,0.728,3,1500,768x432,1.948174999999992,,
2025-12-20T06:24:31.391Z,0.955,3,1500,768x432,1.9093630000000417,,
2025-12-20T06:24:31.697Z,1.209,3,1500,768x432,2.0101470000000177,,
2025-12-20T06:24:32.495Z,0.893,3,1500,768x432,1.9142889999999966,,
2025-12-20T06:24:32.786Z,1.122,3,1500,768x432,1.9278390000000059,,
2025-12-20T06:24:33.074Z,1.25,3,1500,768x432,1.9303709999999796,,
2025-12-20T06:24:33.864Z,1.066,3,1500,768x432,1.9381820000000403,,
2025-12-20T06:24:34.151Z,1.146,3,1500,768x432,1.9449170000000322,,
2025-12-20T06:24:34.934Z,1.009,3,1500,768x432,1.9633160000000203,,
2025-12-20T06:24:35.224Z,1.072,3,1500,768x432,1.9733830000000125,,
2025-12-20T06:24:36.065Z,0.682,3,1500,768x432,1.9434739999999806,,
2025-12-20T06:24:36.409Z,0.911,3,1500,768x432,1.98943799999995,,
2025-12-20T06:24:36.773Z,1.152,3,1500,768x432,1.9402600000000234,,
2025-12-20T06:24:37.192Z,1.119,3,1500,768x432,1.9111470000000281,,
2025-12-20T06:24:38.006Z,0.815,3,1500,768x432,1.9944730000000277,,
2025-12-20T06:24:38.317Z,1.048,3,1500,768x432,1.980404999999962,,
2025-12-20T06:24:38.664Z,1.294,3,1500,768x432,1.9346540000000232,,
2025-12-20T06:24:39.420Z,0.988,3,1500,768x432,1.9806030000000305,,
2025-12-20T06:24:39.755Z,1.199,3,1500,768x432,1.9485239999999635,,
2025-12-20T06:24:40.083Z,1.2,3,1500,768x432,1.9246020000000499,,
2025-12-20T06:24:40.890Z,0.903,3,1500,768x432,1.9150300000000016,,
2025-12-20T06:24:41.345Z,1.137,3,1500,768x432,1.9504289999999855,,
2025-12-20T06:24:41.649Z,1.121,3,1500,768x432,1.9750480000000152,,
2025-12-20T06:24:42.423Z,1.075,3,1500,768x432,1.9807769999999891,,
2025-12-20T06:24:42.716Z,1.044,3,1500,768x432,1.9863430000000335,,
2025-12-20T06:24:43.513Z,0.747,3,1500,768x432,1.9952339999999822,,
2025-12-20T06:24:43.847Z,0.977,3,1500,768x432,1.9548869999999852,,
2025-12-20T06:24:44.171Z,1.213,3,1500,768x432,1.9285520000000247,,
2025-12-20T06:24:44.926Z,0.91,3,1500,768x432,1.9826180000000022,,
2025-12-20T06:24:45.213Z,1.136,3,1500,768x432,1.9941670000000045,,
2025-12-20T06:24:45.982Z,0.833,3,1500,768x432,1.9366870000000063,,
2025-12-20T06:24:46.297Z,1.059,3,1500,768x432,2.0039389999999457,,
2025-12-20T06:24:46.639Z,1.292,3,1500,768x432,1.9577980000000252,,
2025-12-20T06:24:47.512Z,0.731,3,1500,768x432,1.9980189999999993,,
2025-12-20T06:24:47.794Z,0.964,3,1500,768x432,1.9146640000000161,,
2025-12-20T06:24:48.080Z,1.198,3,1500,768x432,1.9204260000000204,,
2025-12-20T06:24:48.866Z,0.905,3,1500,768x432,1.9430409999999938,,
2025-12-20T06:24:49.080Z,1.3,3,1500,768x432,1.922286999999983,,
2025-12-20T06:24:49.815Z,1.127,3,1500,768x432,2.0050279999999816,,
2025-12-20T06:24:50.015Z,1.353,3,1500,768x432,1.9941670000000045,,
2025-12-20T06:24:50.742Z,1.046,3,1500,768x432,1.9624049999999897,,
2025-12-20T06:24:51.008Z,1.278,3,1500,768x432,1.9923450000000003,,
2025-12-20T06:24:51.766Z,0.982,3,1500,768x432,1.9355209999999943,,
2025-12-20T06:24:51.989Z,1.388,3,1500,768x432,1.9133279999999786,,
2025-12-20T06:24:52.697Z,1.195,3,1500,768x432,2.0126389999999788,,
2025-12-20T06:24:53.439Z,0.879,3,1500,768x432,1.9592690000000061,,
2025-12-20T06:24:53.652Z,1.139,3,1500,768x432,1.9669230000000084,,
2025-12-20T06:24:54.377Z,1.083,3,1500,768x432,1.9248719999999935,,
2025-12-20T06:24:54.593Z,1.322,3,1500,768x432,1.9091149999999857,,
2025-12-20T06:24:55.332Z,1.024,3,1500,768x432,1.9654839999999467,,
2025-12-20T06:24:55.557Z,1.266,3,1500,768x432,1.9477070000000367,,
2025-12-20T06:24:56.323Z,0.956,3,1500,768x432,1.9797930000000292,,
2025-12-20T06:24:56.566Z,1.179,3,1500,768x432,1.9449979999999982,,
2025-12-20T06:24:57.274Z,1.161,3,1500,768x432,1.9245709999999576,,
2025-12-20T06:24:57.469Z,1.395,3,1500,768x432,1.9365469999999618,,
2025-12-20T06:24:58.298Z,1.106,3,1500,768x432,2.002658999999994,,
2025-12-20T06:24:58.523Z,1.339,3,1500,768x432,1.974429999999984,,
2025-12-20T06:24:59.270Z,1.039,3,1500,768x432,1.929065000000037,,
2025-12-20T06:24:59.495Z,1.28,3,1500,768x432,1.907303000000013,,
2025-12-20T06:25:00.236Z,1.242,3,1500,768x432,1.9609050000000252,,
2025-12-20T06:25:00.322Z,1.478,3,1500,768x432,1.9786129999999957,,
2025-12-20T06:25:01.009Z,1.447,3,1500,768x432,1.9948429999999462,,
2025-12-20T06:25:01.652Z,1.167,3,1500,768x432,1.9609330000000114,,
2025-12-20T06:25:02.324Z,1.111,3,1500,768x432,1.9739809999999807,,
2025-12-20T06:25:02.467Z,1.353,3,1500,768x432,1.938348000000019,,
2025-12-20T06:25:03.137Z,1.33,3,1500,768x432,1.9741060000000061,,
2025-12-20T06:25:03.795Z,1.03,3,1500,768x432,1.9100269999999568,,
2025-12-20T06:25:03.950Z,1.422,3,1500,768x432,1.951217999999983,,
2025-12-20T06:25:04.714Z,1.233,3,1500,768x432,1.9914750000000367,,
2025-12-20T06:25:05.371Z,0.927,3,1500,768x432,1.9272080000000074,,
2025-12-20T06:25:05.504Z,1.358,3,1500,768x432,2.0029820000000313,,
2025-12-20T06:25:06.125Z,1.14,3,1500,768x432,1.9779340000000047,,
2025-12-20T06:25:06.760Z,1.122,3,1500,768x432,1.9556099999999788,,
2025-12-20T06:25:06.906Z,1.352,3,1500,768x432,2.0066079999999715,,
2025-12-20T06:25:07.559Z,1.305,3,1500,768x432,1.9412260000000288,,
2025-12-20T06:25:08.236Z,1.007,3,1500,768x432,1.9620180000000005,,
2025-12-20T06:25:08.381Z,1.493,3,1500,768x432,1.9130999999999858,,
2025-12-20T06:25:09.013Z,1.473,3,1500,768x432,1.9873630000000162,,
2025-12-20T06:25:09.713Z,1.195,3,1500,768x432,1.9956109999999967,,
2025-12-20T06:25:10.399Z,0.883,3,1500,768x432,1.9968450000000075,,
2025-12-20T06:25:10.549Z,1.332,3,1500,768x432,1.9652360000000044,,
2025-12-20T06:25:11.187Z,1.095,3,1500,768x432,1.9209040000000073,,
2025-12-20T06:25:11.837Z,0.934,3,1500,768x432,1.9622009999999932,,
2025-12-20T06:25:11.975Z,1.29,3,1500,768x432,1.9233239999999796,,
2025-12-20T06:25:12.615Z,1.257,3,1500,768x432,1.9903980000000274,,
2025-12-20T06:25:13.249Z,1.221,3,1500,768x432,1.9465569999999843,,
2025-12-20T06:25:13.371Z,1.462,3,1500,768x432,1.926050000000032,,
2025-12-20T06:25:13.983Z,1.434,3,1500,768x432,1.9232279999999946,,
2025-12-20T06:25:14.577Z,1.4,3,1500,768x432,1.9461459999999988,,
2025-12-20T06:25:15.190Z,1.108,3,1500,768x432,1.9170210000000338,,
2025-12-20T06:25:15.830Z,1.059,3,1500,768x432,1.9657760000000053,,
2025-12-20T06:25:16.053Z,1.307,3,1500,768x432,1.9434029999999893,,
2025-12-20T06:25:16.790Z,1.014,3,1500,768x432,1.9117610000000127,,
2025-12-20T06:25:16.971Z,1.387,3,1500,768x432,1.9311099999999897,,
2025-12-20T06:25:17.651Z,1.221,3,1500,768x432,1.9536380000000122,,
2025-12-20T06:25:18.351Z,0.915,3,1500,768x432,1.9478190000000382,,
2025-12-20T06:25:18.516Z,1.378,3,1500,768x432,1.9923650000000066,,
2025-12-20T06:25:19.185Z,1.121,3,1500,768x432,1.9191640000000234,,
2025-12-20T06:25:19.880Z,1.099,3,1500,768x432,1.935752999999977,,
2025-12-20T06:25:20.091Z,1.34,3,1500,768x432,1.9173150000000305,,
2025-12-20T06:25:20.822Z,1.029,3,1500,768x432,1.979723999999976,,
2025-12-20T06:25:21.085Z,1.263,3,1500,768x432,1.917681000000016,,
2025-12-20T06:25:21.875Z,0.937,3,1500,768x432,1.9296840000000088,,
2025-12-20T06:25:22.151Z,1.195,3,1500,768x432,1.9471340000000055,,
2025-12-20T06:25:22.957Z,0.907,3,1500,768x432,1.9499470000000088,,
2025-12-20T06:25:23.231Z,1.138,3,1500,768x432,1.969887999999969,,
2025-12-20T06:25:23.468Z,1.366,3,1500,768x432,1.9376980000000117,,
2025-12-20T06:25:24.225Z,1.076,3,1500,768x432,1.9930500000000393,,
2025-12-20T06:25:24.928Z,1.037,3,1500,768x432,1.9737719999999968,,
2025-12-20T06:25:25.109Z,1.273,3,1500,768x432,1.9930009999999925,,
2025-12-20T06:25:25.848Z,0.98,3,1500,768x432,1.9521909999999707,,
2025-12-20T06:25:26.066Z,1.212,3,1500,768x432,1.9378280000000245,,
2025-12-20T06:25:26.734Z,1.189,3,1500,768x432,1.9719119999999748,,
2025-12-20T06:25:26.897Z,1.425,3,1500,768x432,2.0066280000000347,,
2025-12-20T06:25:27.606Z,1.376,3,1500,768x432,2.0135630000000333,,
2025-12-20T06:25:28.292Z,1.091,3,1500,768x432,1.907342999999969,,
2025-12-20T06:25:28.460Z,1.323,3,1500,768x432,1.937404000000015,,
2025-12-20T06:25:29.207Z,1.024,3,1500,768x432,1.9902849999999717,,
2025-12-20T06:25:29.950Z,0.998,3,1500,768x432,1.950510999999949,,
2025-12-20T06:25:30.182Z,1.23,3,1500,768x432,1.9165660000000457,,
2025-12-20T06:25:30.854Z,0.938,3,1500,768x432,1.9556610000000205,,
2025-12-20T06:25:31.053Z,1.328,3,1500,768x432,1.9476260000000138,,
2025-12-20T06:25:31.770Z,1.149,3,1500,768x432,1.9440150000000358,,
2025-12-20T06:25:32.132Z,1.105,3,1500,768x432,1.9760499999999865,,
2025-12-20T06:25:32.919Z,1.071,3,1500,768x432,1.9781430000000455,,
2025-12-20T06:25:33.193Z,1.039,3,1500,768x432,1.904201999999998,,
2025-12-20T06:25:33.879Z,1.014,3,1500,768x432,1.9211599999999862,,
2025-12-20T06:25:34.057Z,1.246,3,1500,768x432,1.946002999999962,,
2025-12-20T06:25:34.803Z,0.954,3,1500,768x432,2.0063519999999926,,
2025-12-20T06:25:35.070Z,1.177,3,1500,768x432,1.932316999999955,,
2025-12-20T06:25:35.854Z,0.891,3,1500,768x432,1.9594830000000343,,
2025-12-20T06:25:36.184Z,1.12,3,1500,768x432,1.9238530000000083,,
2025-12-20T06:25:37.116Z,0.817,3,1500,768x432,1.9824770000000171,,
2025-12-20T06:25:37.400Z,1.056,3,1500,768x432,2.000942000000009,,
2025-12-20T06:25:37.670Z,1.264,3,1500,768x432,1.9329440000000204,,
2025-12-20T06:25:38.478Z,0.993,3,1500,768x432,1.9261510000000044,,
2025-12-20T06:25:38.732Z,1.19,3,1500,768x432,1.9719580000000292,,
2025-12-20T06:25:39.017Z,1.325,3,1500,768x432,1.982639000000006,,
2025-12-20T06:25:39.758Z,1.18,3,1500,768x432,1.9584219999999846,,
2025-12-20T06:25:39.946Z,1.412,3,1500,768x432,1.9625010000000316,,
2025-12-20T06:25:40.686Z,1.126,3,1500,768x432,1.932689000000039,,
2025-12-20T06:25:41.449Z,0.808,3,1500,768x432,1.9574949999999944,,
2025-12-20T06:25:41.738Z,1.042,3,1500,768x432,1.9663870000000543,,
2025-12-20T06:25:41.942Z,1.398,3,1500,768x432,1.9571680000000242,,
2025-12-20T06:25:42.636Z,1.25,3,1500,768x432,1.9664240000000177,,
2025-12-20T06:25:43.329Z,0.947,3,1500,768x432,1.9714779999999905,,
2025-12-20T06:25:43.531Z,1.402,3,1500,768x432,1.9836889999999698,,
2025-12-20T06:25:44.249Z,1.153,3,1500,768x432,1.9492579999999862,,
2025-12-20T06:25:44.463Z,1.363,3,1500,768x432,1.9396869999999922,,
2025-12-20T06:25:45.149Z,1.091,3,1500,768x432,1.955393000000015,,
2025-12-20T06:25:45.854Z,1.058,3,1500,768x432,1.9444749999999544,,
2025-12-20T06:25:46.051Z,1.291,3,1500,768x432,1.948582999999985,,
2025-12-20T06:25:46.797Z,0.996,3,1500,768x432,2.0037609999999972,,
2025-12-20T06:25:46.973Z,1.337,3,1500,768x432,1.926240000000007,,
2025-12-20T06:25:47.702Z,1.206,3,1500,768x432,2.0079390000000217,,
2025-12-20T06:25:48.513Z,0.9,3,1500,768x432,1.9956900000000246,,
2025-12-20T06:25:48.702Z,1.057,3,1500,768x432,2.01223600000003,,
2025-12-20T06:25:49.400Z,0.835,3,1500,768x432,1.9984939999999938,,
2025-12-20T06:25:49.543Z,1.318,3,1500,768x432,1.9539100000000076,,
2025-12-20T06:25:50.265Z,1.022,3,1500,768x432,1.9339100000000258,,
2025-12-20T06:25:50.465Z,1.465,3,1500,768x432,1.9395339999999806,,
2025-12-20T06:25:51.088Z,1.229,3,1500,768x432,1.9135639999999512,,
2025-12-20T06:25:51.740Z,1.208,3,1500,768x432,1.9679649999999924,,
2025-12-20T06:25:51.915Z,1.437,3,1500,768x432,1.9888930000000187,,
2025-12-20T06:25:52.621Z,1.153,3,1500,768x432,1.9925330000000372,,
2025-12-20T06:25:53.318Z,1.107,3,1500,768x432,1.9814309999999864,,
2025-12-20T06:25:53.505Z,1.338,3,1500,768x432,1.9921380000000113,,
2025-12-20T06:25:54.203Z,1.037,3,1500,768x432,1.9947929999999587,,
2025-12-20T06:25:54.892Z,1.012,3,1500,768x432,1.9072289999999725,,
2025-12-20T06:25:55.054Z,1.246,3,1500,768x432,1.9472819999999729,,
2025-12-20T06:25:55.719Z,1.213,3,1500,768x432,1.989578999999992,,
2025-12-20T06:25:56.386Z,0.916,3,1500,768x432,1.909922999999992,,
2025-12-20T06:25:56.543Z,1.343,3,1500,768x432,1.9693469999999706,,
2025-12-20T06:25:57.199Z,1.123,3,1500,768x432,2.000990999999999,,
2025-12-20T06:25:57.865Z,1.105,3,1500,768x432,1.949198000000024,,
2025-12-20T06:25:57.983Z,1.339,3,1500,768x432,1.9276700000000346,,
2025-12-20T06:25:58.632Z,1.287,3,1500,768x432,1.971824999999967,,
2025-12-20T06:25:59.267Z,0.992,3,1500,768x432,1.9276290000000245,,
2025-12-20T06:25:59.393Z,1.463,3,1500,768x432,1.906581000000017,,
2025-12-20T06:26:00.038Z,1.198,3,1500,768x432,1.9643859999999904,,
2025-12-20T06:26:00.694Z,1.181,3,1500,768x432,1.9196860000000129,,
2025-12-20T06:26:01.349Z,1.14,3,1500,768x432,1.9512430000000336,,
2025-12-20T06:26:01.497Z,1.307,3,1500,768x432,2.002879000000007,,
2025-12-20T06:26:02.160Z,1.072,3,1500,768x432,1.9369179999999915,,
2025-12-20T06:26:02.896Z,1.038,3,1500,768x432,2.0008550000000014,,
2025-12-20T06:26:03.065Z,1.275,3,1500,768x432,1.9341469999999958,,
2025-12-20T06:26:03.732Z,1.244,3,1500,768x432,1.9732940000000099,,
2025-12-20T06:26:03.898Z,1.485,3,1500,768x432,2.0047399999999698,,
2025-12-20T06:26:04.556Z,1.195,3,1500,768x432,1.9559390000000008,,
2025-12-20T06:26:05.226Z,1.15,3,1500,768x432,1.9739889999999605,,
2025-12-20T06:26:05.883Z,0.854,3,1500,768x432,1.913706999999988,,
2025-12-20T06:26:06.027Z,1.348,3,1500,768x432,1.9694129999999745,,
2025-12-20T06:26:06.660Z,1.309,3,1500,768x432,1.937371999999982,,
2025-12-20T06:26:07.189Z,1.291,3,1500,768x432,1.9120629999999892,,
2025-12-20T06:26:07.273Z,1.47,2,1000,640x360,1.92521899999997,,
2025-12-20T06:26:07.464Z,1.457,2,1000,640x360,1.9407209999999964,,
2025-12-20T06:26:07.543Z,1.757,3,1500,768x432,1.965991000000031,,
2025-12-20T06:26:08.221Z,1.23,3,1500,768x432,1.9751869999999485,,
2025-12-20T06:26:08.900Z,0.922,3,1500,768x432,2.0070240000000013,,
2025-12-20T06:26:09.059Z,1.338,3,1500,768x432,1.9455489999999713,,
2025-12-20T06:26:09.726Z,1.139,3,1500,768x432,1.9893280000000004,,
2025-12-20T06:26:10.384Z,1.084,3,1500,768x432,1.9157839999999737,,
2025-12-20T06:26:10.537Z,1.196,3,1500,768x432,1.9608259999999973,,
2025-12-20T06:26:11.203Z,1.291,3,1500,768x432,1.9921959999999785,,
2025-12-20T06:26:11.867Z,0.937,3,1500,768x432,1.9350009999999997,,
2025-12-20T06:26:12.018Z,1.23,3,1500,768x432,1.984308999999996,,
2025-12-20T06:26:12.671Z,1.201,3,1500,768x432,1.9415740000000028,,
2025-12-20T06:26:13.326Z,1.158,3,1500,768x432,1.9736220000000344,,
2025-12-20T06:26:13.474Z,1.265,3,1500,768x432,1.9330190000000016,,
2025-12-20T06:26:14.121Z,1.372,3,1500,768x432,1.9771739999999909,,
2025-12-20T06:26:14.766Z,1.071,3,1500,768x432,1.9316140000000246,,
2025-12-20T06:26:14.908Z,1.465,3,1500,768x432,1.9883870000000456,,
2025-12-20T06:26:15.562Z,1.279,3,1500,768x432,1.939706000000001,,
2025-12-20T06:26:16.230Z,1.235,3,1500,768x432,1.9694240000000036,,
2025-12-20T06:26:16.377Z,1.479,3,1500,768x432,1.9204780000000028,,
2025-12-20T06:26:17.046Z,1.443,3,1500,768x432,1.9511420000000044,,
2025-12-20T06:26:17.649Z,1.168,3,1500,768x432,1.9636160000000018,,
2025-12-20T06:26:18.299Z,1.111,3,1500,768x432,2.00134300000002,,
2025-12-20T06:26:18.543Z,1.349,3,1500,768x432,1.9704120000000103,,
2025-12-20T06:26:19.207Z,1.064,3,1500,768x432,1.9983609999999885,,
2025-12-20T06:26:19.901Z,1.027,3,1500,768x432,2.003810000000044,,
2025-12-20T06:26:20.112Z,1.134,3,1500,768x432,1.989120000000014,,
2025-12-20T06:26:20.830Z,0.947,3,1500,768x432,1.9715999999999667,,
2025-12-20T06:26:21.037Z,1.403,3,1500,768x432,1.960523999999964,,
2025-12-20T06:26:21.748Z,1.167,3,1500,768x432,1.9642069999999876,,
2025-12-20T06:26:21.958Z,1.344,3,1500,768x432,1.9500149999999508,,
2025-12-20T06:26:22.700Z,1.085,3,1500,768x432,1.9958599999999933,,
2025-12-20T06:26:23.411Z,1.051,3,1500,768x432,1.9882279999999923,,
2025-12-20T06:26:23.578Z,1.295,3,1500,768x432,1.925420000000031,,
2025-12-20T06:26:24.297Z,0.991,3,1500,768x432,1.9989499999999794,,
2025-12-20T06:26:24.513Z,1.233,3,1500,768x432,1.9948949999999854,,
2025-12-20T06:26:25.226Z,1.197,3,1500,768x432,1.9711240000000316,,
2025-12-20T06:26:25.931Z,0.89,3,1500,768x432,1.970577999999989,,
2025-12-20T06:26:26.161Z,1.122,3,1500,768x432,1.9391669999999976,,
2025-12-20T06:26:26.861Z,1.11,3,1500,768x432,1.9537029999999618,,
2025-12-20T06:26:27.071Z,1.273,3,1500,768x432,1.9356559999999945,,
2025-12-20T06:26:27.799Z,1.011,3,1500,768x432,2.00167799999997,,
2025-12-20T06:26:27.981Z,1.436,3,1500,768x432,1.9216349999999807,,
2025-12-20T06:26:28.663Z,1.224,3,1500,768x432,1.947622000000024,,
2025-12-20T06:26:29.341Z,0.915,3,1500,768x432,1.9579459999999926,,
2025-12-20T06:26:29.614Z,1.165,3,1500,768x432,1.9990970000000061,,
2025-12-20T06:26:30.327Z,1.114,3,1500,768x432,1.9733090000000288,,
2025-12-20T06:26:30.518Z,1.353,3,1500,768x432,1.9915379999999914,,
2025-12-20T06:26:31.213Z,1.061,3,1500,768x432,1.9901779999999576,,
2025-12-20T06:26:31.909Z,0.935,3,1500,768x432,1.9922809999999913,,
2025-12-20T06:26:32.110Z,1.164,3,1500,768x432,1.9892820000000029,,
2025-12-20T06:26:32.749Z,1.218,3,1500,768x432,1.9493350000000191,,
2025-12-20T06:26:32.899Z,1.43,3,1500,768x432,2.000768999999991,,
2025-12-20T06:26:33.564Z,1.42,3,1500,768x432,1.951233000000002,,
2025-12-20T06:26:34.209Z,1.139,3,1500,768x432,1.9919480000000362,,
2025-12-20T06:26:34.809Z,1.122,3,1500,768x432,2.0060189999999807,,
2025-12-20T06:26:34.934Z,1.353,3,1500,768x432,1.9760430000000042,,
2025-12-20T06:26:35.601Z,1.302,3,1500,768x432,1.9986380000000281,,
2025-12-20T06:26:36.251Z,1.006,3,1500,768x432,1.945496999999989,,
2025-12-20T06:26:36.455Z,1.308,3,1500,768x432,1.947371999999973,,
2025-12-20T06:26:37.154Z,1.212,3,1500,768x432,1.9443050000000426,,
2025-12-20T06:26:37.840Z,0.922,3,1500,768x432,1.9637349999999856,,
2025-12-20T06:26:38.034Z,1.375,3,1500,768x432,1.9665510000000381,,
2025-12-20T06:26:38.729Z,1.139,3,1500,768x432,1.9875169999999684,,
2025-12-20T06:26:39.430Z,0.824,3,1500,768x432,1.9700359999999932,,
2025-12-20T06:26:39.741Z,1.057,3,1500,768x432,1.9573629999999866,,
2025-12-20T06:26:39.972Z,1.292,3,1500,768x432,1.9326810000000023,,
2025-12-20T06:26:40.702Z,1.255,3,1500,768x432,2.0033619999999814,,
2025-12-20T06:26:41.455Z,0.96,3,1500,768x432,1.9468469999999911,,
2025-12-20T06:26:41.772Z,1.207,3,1500,768x432,1.9313359999999875,,
2025-12-20T06:26:42.053Z,1.372,3,1500,768x432,1.947950999999989,,
2025-12-20T06:26:43.332Z,0.758,3,1500,768x432,2.121557999999993,,
2025-12-20T06:26:43.597Z,0.969,3,1500,768x432,2.1121709999999894,,
2025-12-20T06:26:43.853Z,1.178,3,1500,768x432,2.025177000000042,,
2025-12-20T06:26:44.106Z,1.4,3,1500,768x432,2.045182000000011,,
2025-12-20T06:26:44.369Z,1.619,3,1500,768x432,1.9672970000000305,,
2025-12-20T06:26:44.640Z,1.84,3,1500,768x432,1.9826269999999795,,
2025-12-20T06:26:45.019Z,1.94,3,1500,768x432,1.987562999999966,,
2025-12-20T06:26:45.513Z,1.954,3,1500,768x432,2.0002570000000333,,
2025-12-20T06:26:45.988Z,1.993,3,1500,768x432,1.9139729999999986,,
2025-12-20T06:26:46.750Z,1.718,3,1500,768x432,1.9689369999999826,,
2025-12-20T06:26:47.013Z,1.951,3,1500,768x432,1.9928649999999948,,
2025-12-20T06:26:47.449Z,2.027,3,1500,768x432,1.9564100000000053,,
2025-12-20T06:26:48.216Z,1.735,3,1500,768x432,1.9840190000000462,,
2025-12-20T06:26:48.483Z,1.976,3,1500,768x432,1.9191059999999993,,
2025-12-20T06:26:49.251Z,1.702,3,1500,768x432,1.9450919999999883,,
2025-12-20T06:26:49.515Z,1.945,3,1500,768x432,1.9880380000000173,,
2025-12-20T06:26:49.951Z,2.022,3,1500,768x432,1.9517819999999801,,
2025-12-20T06:26:50.761Z,1.708,3,1500,768x432,1.9475889999999936,,
2025-12-20T06:26:51.073Z,1.889,3,1500,768x432,1.931096000000025,,
2025-12-20T06:26:51.455Z,2.019,3,1500,768x432,1.9469819999999913,,
2025-12-20T06:26:52.274Z,1.69,3,1500,768x432,1.931745000000035,,
2025-12-20T06:26:52.601Z,1.87,3,1500,768x432,2.00876999999997,,
2025-12-20T06:26:52.981Z,1.966,3,1500,768x432,1.921022999999991,,
2025-12-20T06:26:53.796Z,1.665,3,1500,768x432,1.9136520000000132,,
2025-12-20T06:26:54.113Z,1.845,3,1500,768x432,1.9894629999999438,,
2025-12-20T06:26:54.455Z,2.016,3,1500,768x432,1.949562999999955,,
2025-12-20T06:26:55.272Z,1.686,3,1500,768x432,1.9279879999999139,,
2025-12-20T06:26:55.573Z,1.899,3,1500,768x432,1.9407879999999977,,
2025-12-20T06:26:55.957Z,2.032,3,1500,768x432,1.962436999999909,,
2025-12-20T06:26:56.762Z,1.693,3,1500,768x432,1.9360609999999951,,
2025-12-20T06:26:57.077Z,1.879,3,1500,768x432,1.9205580000000282,,
2025-12-20T06:26:57.459Z,2.018,3,1500,768x432,1.9502559999999676,,
2025-12-20T06:26:58.285Z,1.651,3,1500,768x432,1.9093010000000277,,
2025-12-20T06:26:58.613Z,1.856,3,1500,768x432,1.9989040000000386,,
2025-12-20T06:26:58.970Z,2.008,3,1500,768x432,1.9340379999999868,,
2025-12-20T06:26:59.783Z,1.69,3,1500,768x432,1.9308879999999817,,
2025-12-20T06:27:00.095Z,1.87,3,1500,768x432,1.909330999999952,,
2025-12-20T06:27:00.454Z,2.021,3,1500,768x432,1.9500449999999319,,
2025-12-20T06:27:01.259Z,1.697,3,1500,768x432,1.9420189999999593,,
2025-12-20T06:27:01.569Z,1.889,3,1500,768x432,1.9308180000000448,,
2025-12-20T06:27:01.956Z,2.019,3,1500,768x432,1.9431809999999814,,
2025-12-20T06:27:02.766Z,1.701,3,1500,768x432,1.9433539999999994,,
2025-12-20T06:27:03.070Z,1.905,3,1500,768x432,1.9391689999999926,,
2025-12-20T06:27:03.457Z,2.018,3,1500,768x432,1.9470169999999598,,
2025-12-20T06:27:04.296Z,1.664,3,1500,768x432,1.9039579999999887,,
2025-12-20T06:27:04.641Z,1.83,3,1500,768x432,1.9650520000000142,,
2025-12-20T06:27:04.989Z,1.97,3,1500,768x432,1.9128809999999703,,
2025-12-20T06:27:05.838Z,1.623,3,1500,768x432,1.9623890000000301,,
2025-12-20T06:27:06.169Z,1.79,3,1500,768x432,1.934979999999996,,
2025-12-20T06:27:06.500Z,1.966,3,1500,768x432,2.0034319999999752,,
2025-12-20T06:27:07.355Z,1.601,3,1500,768x432,1.9457929999999806,,
2025-12-20T06:27:07.704Z,1.769,3,1500,768x432,2.012463000000025,,
2025-12-20T06:27:08.046Z,1.915,3,1500,768x432,1.9576100000000451,,
2025-12-20T06:27:08.507Z,2.02,3,1500,768x432,2.000261999999907,,
2025-12-20T06:27:08.983Z,2.01,3,1500,768x432,1.9312469999999848,,
2025-12-20T06:27:09.807Z,1.656,3,1500,768x432,1.9946180000000595,,
2025-12-20T06:27:10.146Z,1.818,3,1500,768x432,1.9545160000000124,,
2025-12-20T06:27:10.493Z,1.969,3,1500,768x432,1.9098840000000337,,
2025-12-20T06:27:11.331Z,1.624,3,1500,768x432,1.9675849999999855,,
2025-12-20T06:27:11.620Z,1.845,3,1500,768x432,1.990261999999916,,
2025-12-20T06:27:11.945Z,2.033,3,1500,768x432,1.9628130000000965,,
2025-12-20T06:27:12.642Z,1.828,3,1500,768x432,1.9769299999999248,,
2025-12-20T06:27:12.950Z,2.04,3,1500,768x432,1.9647990000000846,,
2025-12-20T06:27:13.657Z,1.794,3,1500,768x432,1.9416840000000093,,
2025-12-20T06:27:13.962Z,1.982,3,1500,768x432,1.9486069999999245,,
2025-12-20T06:27:14.665Z,1.79,3,1500,768x432,1.938083000000006,,
2025-12-20T06:27:14.958Z,2.011,3,1500,768x432,1.9455049999999119,,
2025-12-20T06:27:15.667Z,1.792,3,1500,768x432,1.9431419999999662,,
2025-12-20T06:27:15.968Z,2.007,3,1500,768x432,1.9340359999999919,,
2025-12-20T06:27:16.652Z,1.818,3,1500,768x432,1.962660000000028,,
2025-12-20T06:27:16.967Z,2.009,3,1500,768x432,1.9405470000000378,,
2025-12-20T06:27:17.660Z,1.79,3,1500,768x432,1.9420310000000427,,
2025-12-20T06:27:17.962Z,1.997,3,1500,768x432,1.9486389999999574,,
2025-12-20T06:27:18.655Z,1.799,3,1500,768x432,1.9504170000000158,,
2025-12-20T06:27:18.950Z,2.024,3,1500,768x432,1.9539250000000266,,
2025-12-20T06:27:19.611Z,1.846,3,1500,768x432,1.9972649999999703,,
2025-12-20T06:27:19.946Z,2.029,3,1500,768x432,1.9571030000000746,,
2025-12-20T06:27:20.611Z,1.878,3,1500,768x432,2.0035950000000184,,
2025-12-20T06:27:20.954Z,2.028,3,1500,768x432,1.9569449999999051,,
2025-12-20T06:27:21.617Z,1.83,3,1500,768x432,1.9847690000000284,,
2025-12-20T06:27:21.950Z,2.005,3,1500,768x432,1.9517840000000888,,
2025-12-20T06:27:22.611Z,1.838,3,1500,768x432,1.9909809999999197,,
2025-12-20T06:27:22.953Z,2.025,3,1500,768x432,1.9477509999999256,,
2025-12-20T06:27:23.612Z,1.844,3,1500,768x432,1.9940070000000105,,
2025-12-20T06:27:23.947Z,2.026,3,1500,768x432,1.960452000000032,,
2025-12-20T06:27:24.600Z,1.863,3,1500,768x432,2.0124720000000025,,
2025-12-20T06:27:25.143Z,1.823,3,1500,768x432,1.9663810000000694,,
2025-12-20T06:27:26.907Z,0.644,3,1500,768x432,2.0023439999999937,,
2025-12-20T06:27:26.983Z,0.566,0,200,320x180,1.9251330000000735,,
2025-12-20T06:27:27.277Z,0.688,0,200,320x180,1.9174229999999852,,
2025-12-20T06:27:27.357Z,0.692,1,600,480x270,1.9391150000000152,,
2025-12-20T06:27:28.064Z,0.395,1,600,480x270,1.9364380000000665,,
2025-12-20T06:27:28.253Z,0.218,1,600,480x270,1.9472710000000006,,rebuffer happen
2025-12-20T06:27:28.773Z,0.208,1,600,480x270,1.948537999999985,,
2025-12-20T06:27:28.845Z,0.154,0,200,320x180,1.9735010000000557,,
2025-12-20T06:27:29.111Z,0.352,0,200,320x180,2.008903999999916,,
2025-12-20T06:27:29.365Z,0.554,0,200,320x180,1.954482999999982,,
2025-12-20T06:27:29.442Z,0.617,1,600,480x270,1.9708400000000665,,
2025-12-20T06:27:29.707Z,0.296,1,600,480x270,2.0207040000000234,,rebuffer happen
2025-12-20T06:27:29.817Z,0.281,1,600,480x270,2.019272000000001,,rebuffer happen
2025-12-20T06:27:29.904Z,0.29,1,600,480x270,2.023288999999977,,rebuffer happen
2025-12-20T06:27:30.167Z,0.284,1,600,480x270,1.9446570000000065,,rebuffer happen
2025-12-20T06:27:30.173Z,0.284,1,600,480x270,1.9376969999999574,,
2025-12-20T06:27:30.254Z,0.309,0,200,320x180,1.955400999999938,,
2025-12-20T06:27:30.255Z,0.228,0,200,320x180,1.9547189999999546,,rebuffer happen
2025-12-20T06:27:30.523Z,0.48,0,200,320x180,1.9854060000000118,,
2025-12-20T06:27:30.600Z,0.458,1,600,480x270,1.9075720000000729,,
2025-12-20T06:27:30.700Z,0.279,1,600,480x270,2.0085800000000518,,rebuffer happen
2025-12-20T06:27:31.303Z,0.196,1,600,480x270,2.0032589999999573,,
2025-12-20T06:27:31.470Z,0.016,1,600,480x270,1.9406799999999294,,rebuffer happen
2025-12-20T06:27:31.653Z,0.016,1,600,480x270,2.109880999999973,,rebuffer happen
2025-12-20T06:27:31.686Z,0.028,1,600,480x270,2.0881109999999126,,rebuffer happen
2025-12-20T06:27:31.958Z,0.21,1,600,480x270,2.1544260000000577,,
2025-12-20T06:27:32.153Z,0.032,1,600,480x270,2.1624309999999696,,rebuffer happen
2025-12-20T06:27:32.320Z,0.026,1,600,480x270,2.2915839999999434,,rebuffer happen
2025-12-20T06:27:32.558Z,0.262,1,600,480x270,2.2903109999999742,,
2025-12-20T06:27:32.788Z,0.029,1,600,480x270,2.2562449999999217,,rebuffer happen
2025-12-20T06:27:33.147Z,0.233,1,600,480x270,2.374896999999919,,
2025-12-20T06:27:33.371Z,0.021,1,600,480x270,2.352696000000037,,rebuffer happen
2025-12-20T06:27:33.488Z,0.018,1,600,480x270,2.4141969999999446,,rebuffer happen
2025-12-20T06:27:33.759Z,0.208,1,600,480x270,2.4627060000000256,,
2025-12-20T06:27:33.972Z,0.023,1,600,480x270,2.449245000000019,,rebuffer happen
2025-12-20T06:27:34.230Z,0.26,1,600,480x270,2.5158079999999927,,
2025-12-20T06:27:34.683Z,0.338,1,600,480x270,2.4711200000000417,,
2025-12-20T06:27:34.762Z,0.258,1,600,480x270,2.485627999999906,,rebuffer happen
2025-12-20T06:27:35.143Z,0.353,1,600,480x270,2.505431000000044,,
2025-12-20T06:27:35.292Z,0.158,1,600,480x270,2.3854169999999613,,rebuffer happen
2025-12-20T06:27:35.373Z,0.044,1,600,480x270,2.3822289999999384,,rebuffer happen
2025-12-20T06:27:35.617Z,0.316,1,600,480x270,2.461471000000074,,
2025-12-20T06:27:35.823Z,0.047,1,600,480x270,2.372806999999966,,rebuffer happen
2025-12-20T06:27:35.823Z,0.047,1,600,480x270,2.372806999999966,,rebuffer happen
2025-12-20T06:27:36.089Z,0.315,1,600,480x270,2.378586000000041,,
2025-12-20T06:27:36.162Z,0.345,3,1500,768x432,2.36922699999991,,
2025-12-20T06:27:36.163Z,0.241,3,1500,768x432,2.368257999999969,,rebuffer happen
2025-12-20T06:27:36.357Z,0.03,3,1500,768x432,2.359525000000076,,rebuffer happen
2025-12-20T06:27:36.557Z,0.024,3,1500,768x432,2.5254549999999654,,rebuffer happen
2025-12-20T06:27:36.657Z,0.017,3,1500,768x432,2.5493119999999863,,rebuffer happen
2025-12-20T06:27:36.741Z,0.028,3,1500,768x432,2.598386000000005,,rebuffer happen
2025-12-20T06:27:36.857Z,0.026,3,1500,768x432,2.626712999999995,,rebuffer happen
2025-12-20T06:27:36.924Z,0.024,3,1500,768x432,2.6852800000000343,,rebuffer happen
2025-12-20T06:27:37.024Z,0.027,3,1500,768x432,2.7305180000000746,,rebuffer happen
2025-12-20T06:27:37.091Z,0.029,3,1500,768x432,2.6992640000000847,,rebuffer happen
2025-12-20T06:27:37.174Z,0.018,3,1500,768x432,2.7500689999999395,,rebuffer happen
2025-12-20T06:27:37.224Z,0.024,3,1500,768x432,2.8276599999999235,,rebuffer happen
2025-12-20T06:27:37.291Z,0.031,3,1500,768x432,2.8013639999999214,,rebuffer happen
2025-12-20T06:27:37.313Z,0.031,3,1500,768x432,2.890363999999977,,
2025-12-20T06:27:37.358Z,0.025,2,1000,640x360,2.851329000000078,,rebuffer happen
2025-12-20T06:27:37.392Z,0.025,2,1000,640x360,2.851329000000078,,
2025-12-20T06:27:38.151Z,0.039,2,1000,640x360,3.2014460000000327,,
2025-12-20T06:27:38.192Z,0.031,3,1500,768x432,3.1607890000000225,,rebuffer happen
2025-12-20T06:27:38.223Z,0.031,3,1500,768x432,3.256789000000026,,
2025-12-20T06:27:38.592Z,0.019,3,1500,768x432,3.514787999999953,,rebuffer happen
2025-12-20T06:27:38.709Z,0.025,3,1500,768x432,3.6277370000000246,,rebuffer happen
2025-12-20T06:27:38.776Z,0.028,3,1500,768x432,3.5974760000000288,,rebuffer happen
2025-12-20T06:27:38.859Z,0.019,3,1500,768x432,3.6500499999999647,,rebuffer happen
2025-12-20T06:27:38.909Z,0.027,3,1500,768x432,3.7321719999999914,,rebuffer happen
2025-12-20T06:27:38.959Z,0.02,3,1500,768x432,3.6921709999999166,,rebuffer happen
2025-12-20T06:27:39.026Z,0.015,3,1500,768x432,3.7464299999999184,,rebuffer happen
2025-12-20T06:27:39.076Z,0.028,3,1500,768x432,3.726054999999974,,rebuffer happen
2025-12-20T06:27:39.126Z,0.028,3,1500,768x432,3.800028999999995,,rebuffer happen
2025-12-20T06:27:39.193Z,0.029,3,1500,768x432,3.7679809999999634,,rebuffer happen
2025-12-20T06:27:39.309Z,0.021,3,1500,768x432,3.8932120000000623,,rebuffer happen
2025-12-20T06:27:39.347Z,0.021,3,1500,768x432,3.8932120000000623,,
2025-12-20T06:27:39.376Z,0.029,2,1000,640x360,3.8678420000001097,,rebuffer happen
2025-12-20T06:27:39.415Z,0.029,2,1000,640x360,3.961842000000047,,
2025-12-20T06:27:40.166Z,0.095,2,1000,640x360,4.212184999999977,,
2025-12-20T06:27:40.210Z,0.031,1,600,480x270,4.257287000000019,,rebuffer happen
2025-12-20T06:27:40.243Z,0.031,1,600,480x270,4.257287000000019,,
2025-12-20T06:27:40.661Z,0.3,1,600,480x270,4.492183999999952,,rebuffer happen
2025-12-20T06:27:40.712Z,0.332,1,600,480x270,4.540508000000045,,
2025-12-20T06:27:40.738Z,0.289,1,600,480x270,4.515238999999951,,rebuffer happen
2025-12-20T06:27:40.927Z,0.024,1,600,480x270,4.451100999999994,,rebuffer happen
2025-12-20T06:27:41.171Z,0.3,1,600,480x270,4.467216000000008,,
2025-12-20T06:27:41.242Z,0.319,2,1000,640x360,4.471623000000022,,
2025-12-20T06:27:41.243Z,0.241,2,1000,640x360,4.470560999999975,,rebuffer happen
2025-12-20T06:27:41.461Z,0.022,2,1000,640x360,4.453606000000036,,rebuffer happen
2025-12-20T06:27:41.895Z,0.033,2,1000,640x360,4.532622999999944,,rebuffer happen
2025-12-20T06:27:41.978Z,0.028,2,1000,640x360,4.55485299999998,,rebuffer happen
2025-12-20T06:27:42.095Z,0.022,2,1000,640x360,4.595289999999977,,rebuffer happen
2025-12-20T06:27:42.109Z,0.022,2,1000,640x360,4.68128999999999,,
2025-12-20T06:27:42.145Z,0.024,2,1000,640x360,4.6499639999999545,,rebuffer happen
2025-12-20T06:27:42.829Z,0.019,2,1000,640x360,4.990797999999927,,rebuffer happen
2025-12-20T06:27:42.879Z,0.03,2,1000,640x360,4.967538999999988,,rebuffer happen
2025-12-20T06:27:42.979Z,0.018,2,1000,640x360,4.976084999999898,,rebuffer happen
2025-12-20T06:27:42.986Z,0.018,2,1000,640x360,4.976084999999898,,
2025-12-20T06:27:43.012Z,0.028,1,600,480x270,5.053971999999931,,rebuffer happen
2025-12-20T06:27:43.055Z,0.028,1,600,480x270,5.053971999999931,,
2025-12-20T06:27:43.531Z,0.244,1,600,480x270,5.284337999999934,,
2025-12-20T06:27:43.763Z,0.027,1,600,480x270,5.257750999999985,,rebuffer happen
2025-12-20T06:27:44.065Z,0.248,1,600,480x270,5.273075000000063,,
2025-12-20T06:27:44.280Z,0.03,1,600,480x270,5.257475999999997,,rebuffer happen
2025-12-20T06:27:44.583Z,0.256,1,600,480x270,5.309710999999993,,
2025-12-20T06:27:45.094Z,0.255,1,600,480x270,5.300818000000049,,
2025-12-20T06:27:45.331Z,0.023,1,600,480x270,5.349297999999976,,rebuffer happen
2025-12-20T06:27:45.599Z,0.258,1,600,480x270,5.413219000000026,,
2025-12-20T06:27:46.095Z,0.292,1,600,480x270,5.320930999999973,,
2025-12-20T06:27:46.574Z,0.327,1,600,480x270,5.359481999999957,,
2025-12-20T06:27:46.654Z,0.328,2,1000,640x360,5.3816719999999805,,
2025-12-20T06:27:46.655Z,0.255,2,1000,640x360,5.3810419999999795,,rebuffer happen
2025-12-20T06:27:46.849Z,0.027,2,1000,640x360,5.354676999999924,,rebuffer happen
2025-12-20T06:27:47.415Z,0.081,2,1000,640x360,5.520346000000018,,
2025-12-20T06:27:47.483Z,0.017,1,600,480x270,5.455742999999984,,rebuffer happen
2025-12-20T06:27:47.484Z,0.017,1,600,480x270,5.455742999999984,,
2025-12-20T06:27:47.956Z,0.274,1,600,480x270,5.707074000000034,,
2025-12-20T06:27:48.459Z,0.276,1,600,480x270,5.706395000000043,,
2025-12-20T06:27:48.978Z,0.268,1,600,480x270,5.694780000000037,,
2025-12-20T06:27:49.218Z,0.025,1,600,480x270,5.754813000000013,,rebuffer happen
2025-12-20T06:27:49.251Z,0.03,1,600,480x270,5.726183999999989,,rebuffer happen
2025-12-20T06:27:49.506Z,0.256,1,600,480x270,5.8002219999999625,,
2025-12-20T06:27:49.751Z,0.027,1,600,480x270,5.75775699999997,,rebuffer happen
2025-12-20T06:27:50.001Z,0.297,1,600,480x270,5.8606569999999465,,rebuffer happen
2025-12-20T06:27:50.012Z,0.297,1,600,480x270,5.843238999999926,,
2025-12-20T06:27:50.258Z,0.101,1,600,480x270,5.801533000000063,,rebuffer happen
2025-12-20T06:27:50.524Z,0.316,1,600,480x270,5.844471999999996,,
2025-12-20T06:27:50.548Z,0.294,2,1000,640x360,5.823800000000006,,rebuffer happen
2025-12-20T06:27:50.605Z,0.294,2,1000,640x360,5.837783999999942,,
2025-12-20T06:27:50.719Z,0.038,2,1000,640x360,5.770562999999925,,rebuffer happen
2025-12-20T06:27:51.411Z,0.137,2,1000,640x360,6.072140999999988,,
2025-12-20T06:27:51.519Z,0.032,2,1000,640x360,6.057687999999985,,rebuffer happen
2025-12-20T06:27:52.253Z,0.021,2,1000,640x360,6.279899,,rebuffer happen
2025-12-20T06:27:52.254Z,0.021,2,1000,640x360,6.279899,,
2025-12-20T06:27:52.286Z,0.026,2,1000,640x360,6.252288000000021,,rebuffer happen
2025-12-20T06:27:53.085Z,0.09,2,1000,640x360,6.64192700000001,,
2025-12-20T06:27:53.160Z,0.103,1,600,480x270,6.6589159999999765,,
2025-12-20T06:27:53.171Z,0.018,1,600,480x270,6.648384999999962,,rebuffer happen
2025-12-20T06:27:53.641Z,0.257,1,600,480x270,6.905942999999979,,
2025-12-20T06:27:54.151Z,0.275,1,600,480x270,6.900576000000001,,
2025-12-20T06:27:54.222Z,0.269,2,1000,640x360,6.937741000000074,,
2025-12-20T06:27:54.388Z,0.033,2,1000,640x360,6.8576830000000655,,rebuffer happen
2025-12-20T06:27:55.022Z,0.025,2,1000,640x360,7.126840000000016,,rebuffer happen
2025-12-20T06:27:55.064Z,0.059,2,1000,640x360,7.092641999999955,,
2025-12-20T06:27:55.089Z,0.033,2,1000,640x360,7.068060999999943,,rebuffer happen
2025-12-20T06:27:55.935Z,0.086,2,1000,640x360,7.506355000000099,,
2025-12-20T06:27:55.990Z,0.026,1,600,480x270,7.452404999999999,,rebuffer happen
2025-12-20T06:27:56.004Z,0.026,1,600,480x270,7.452404999999999,,
2025-12-20T06:27:56.549Z,0.261,1,600,480x270,7.801484000000073,,
2025-12-20T06:27:56.617Z,0.264,2,1000,640x360,7.832151999999951,,
2025-12-20T06:27:56.790Z,0.024,2,1000,640x360,7.753633000000036,,rebuffer happen
2025-12-20T06:27:57.408Z,0.024,2,1000,640x360,8.055370000000039,,rebuffer happen
2025-12-20T06:27:57.491Z,0.024,2,1000,640x360,7.988158999999996,,rebuffer happen
2025-12-20T06:27:57.499Z,0.024,2,1000,640x360,8.086158999999952,,
2025-12-20T06:27:57.541Z,0.02,1,600,480x270,8.049271999999974,,rebuffer happen
2025-12-20T06:27:57.583Z,0.02,1,600,480x270,8.049271999999974,,
2025-12-20T06:27:58.125Z,0.202,1,600,480x270,8.323921999999925,,
2025-12-20T06:27:58.292Z,0.027,1,600,480x270,8.266018000000031,,rebuffer happen
2025-12-20T06:27:58.659Z,0.262,1,600,480x270,8.358694000000014,,
2025-12-20T06:27:59.172Z,0.229,1,600,480x270,8.358711999999969,,
2025-12-20T06:27:59.694Z,0.211,1,600,480x270,8.332278999999971,,
2025-12-20T06:27:59.876Z,0.019,1,600,480x270,8.34524799999997,,rebuffer happen
2025-12-20T06:28:00.232Z,0.178,1,600,480x270,8.417460000000005,,
2025-12-20T06:28:00.394Z,0.03,1,600,480x270,8.366869999999949,,rebuffer happen
2025-12-20T06:28:00.460Z,0.028,1,600,480x270,8.419479999999908,,rebuffer happen
2025-12-20T06:28:00.777Z,0.172,1,600,480x270,8.422475000000077,,
2025-12-20T06:28:00.843Z,0.184,3,1500,768x432,8.449314000000072,,
2025-12-20T06:28:00.944Z,0.018,3,1500,768x432,8.459485000000086,,rebuffer happen
2025-12-20T06:28:01.294Z,0.028,3,1500,768x432,8.726229999999987,,rebuffer happen
2025-12-20T06:28:01.377Z,0.026,3,1500,768x432,8.751993999999968,,rebuffer happen
2025-12-20T06:28:01.461Z,0.029,3,1500,768x432,8.829944999999952,,rebuffer happen
2025-12-20T06:28:01.511Z,0.026,3,1500,768x432,8.884983999999918,,rebuffer happen
2025-12-20T06:28:01.594Z,0.021,3,1500,768x432,8.847115999999914,,rebuffer happen
2025-12-20T06:28:01.678Z,0.019,3,1500,768x432,8.91056500000002,,rebuffer happen
2025-12-20T06:28:01.761Z,0.017,3,1500,768x432,8.98152600000003,,rebuffer happen
2025-12-20T06:28:01.794Z,0.023,3,1500,768x432,8.95396500000004,,rebuffer happen
2025-12-20T06:28:01.878Z,0.029,3,1500,768x432,9.021773000000053,,rebuffer happen
2025-12-20T06:28:01.978Z,0.018,3,1500,768x432,9.083593000000064,,rebuffer happen
2025-12-20T06:28:02.045Z,0.026,3,1500,768x432,9.152184999999918,,rebuffer happen
2025-12-20T06:28:02.095Z,0.026,3,1500,768x432,9.118999999999915,,rebuffer happen
2025-12-20T06:28:02.178Z,0.028,3,1500,768x432,9.191052000000013,,rebuffer happen
2025-12-20T06:28:02.226Z,0.028,3,1500,768x432,9.287052000000017,,
2025-12-20T06:28:02.278Z,0.015,1,600,480x270,9.240942000000018,,rebuffer happen
2025-12-20T06:28:02.302Z,0.015,1,600,480x270,9.240942000000018,,
2025-12-20T06:28:02.822Z,0.159,1,600,480x270,9.502500000000055,,
2025-12-20T06:28:02.962Z,0.032,1,600,480x270,9.459026999999992,,rebuffer happen
2025-12-20T06:28:03.374Z,0.166,1,600,480x270,9.493245000000002,,
2025-12-20T06:28:03.546Z,0.03,1,600,480x270,9.531889999999976,,rebuffer happen
2025-12-20T06:28:03.905Z,0.147,1,600,480x270,9.58698400000003,,
2025-12-20T06:28:04.047Z,0.018,1,600,480x270,9.552643999999987,,rebuffer happen
2025-12-20T06:28:04.425Z,0.153,1,600,480x270,9.57757300000003,,
2025-12-20T06:28:04.547Z,0.031,1,600,480x270,9.557252999999946,,rebuffer happen
2025-12-20T06:28:04.949Z,0.186,1,600,480x270,9.60424599999999,,
2025-12-20T06:28:05.018Z,0.177,3,1500,768x432,9.635614000000032,,
2025-12-20T06:28:05.097Z,0.03,3,1500,768x432,9.656757999999968,,rebuffer happen
2025-12-20T06:28:05.664Z,0.022,3,1500,768x432,9.982336999999916,,rebuffer happen
2025-12-20T06:28:05.764Z,0.02,3,1500,768x432,10.012593000000038,,rebuffer happen
2025-12-20T06:28:05.848Z,0.023,3,1500,768x432,10.084041999999954,,rebuffer happen
2025-12-20T06:28:05.931Z,0.026,3,1500,768x432,10.152737000000002,,rebuffer happen
2025-12-20T06:28:05.981Z,0.022,3,1500,768x432,10.115884000000051,,rebuffer happen
2025-12-20T06:28:06.064Z,0.019,3,1500,768x432,10.179935,,rebuffer happen
2025-12-20T06:28:06.148Z,0.016,3,1500,768x432,10.243596000000025,,rebuffer happen
2025-12-20T06:28:06.215Z,0.028,3,1500,768x432,10.322526999999923,,rebuffer happen
2025-12-20T06:28:06.315Z,0.026,3,1500,768x432,10.386975000000007,,rebuffer happen
2025-12-20T06:28:06.338Z,0.026,3,1500,768x432,10.386975000000007,,
2025-12-20T06:28:06.382Z,0.021,1,600,480x270,10.348990999999955,,rebuffer happen
2025-12-20T06:28:06.412Z,0.021,1,600,480x270,10.449990999999955,,
2025-12-20T06:28:06.632Z,0.025,1,600,480x270,10.61983900000007,,rebuffer happen
2025-12-20T06:28:07.033Z,0.142,1,600,480x270,10.645430999999917,,
2025-12-20T06:28:07.132Z,0.021,1,600,480x270,10.653118999999947,,rebuffer happen
2025-12-20T06:28:07.694Z,0.058,1,600,480x270,10.71336599999995,,
2025-12-20T06:28:07.766Z,0.017,1,600,480x270,10.74214500000005,,rebuffer happen
2025-12-20T06:28:08.383Z,0.026,1,600,480x270,10.891482999999994,,rebuffer happen
2025-12-20T06:28:08.398Z,0.026,1,600,480x270,10.985483000000045,,
2025-12-20T06:28:08.433Z,0.026,1,600,480x270,10.952361999999994,,rebuffer happen
2025-12-20T06:28:09.069Z,0.102,1,600,480x270,11.108615999999984,,
2025-12-20T06:28:09.117Z,0.033,1,600,480x270,11.158526999999935,,rebuffer happen
2025-12-20T06:28:09.632Z,0.195,1,600,480x270,11.319858000000067,,
2025-12-20T06:28:09.801Z,0.022,1,600,480x270,11.348342000000002,,rebuffer happen
2025-12-20T06:28:10.159Z,0.202,1,600,480x270,11.337342000000035,,
2025-12-20T06:28:10.335Z,0.024,1,600,480x270,11.349434000000088,,rebuffer happen
2025-12-20T06:28:10.639Z,0.262,1,600,480x270,11.392824000000019,,
2025-12-20T06:28:10.716Z,0.259,2,1000,640x360,11.417808000000036,,
2025-12-20T06:28:10.869Z,0.03,2,1000,640x360,11.357271999999966,,rebuffer happen
2025-12-20T06:28:11.487Z,0.101,2,1000,640x360,11.498671999999942,,
2025-12-20T06:28:11.536Z,0.017,1,600,480x270,11.543137000000002,,rebuffer happen
2025-12-20T06:28:11.554Z,0.017,1,600,480x270,11.543137000000002,,
2025-12-20T06:28:12.034Z,0.225,1,600,480x270,11.752916000000027,,
2025-12-20T06:28:12.114Z,0.188,2,1000,640x360,11.776944000000071,,
2025-12-20T06:28:12.237Z,0.022,2,1000,640x360,11.74811299999999,,rebuffer happen
2025-12-20T06:28:12.820Z,0.032,2,1000,640x360,11.925715999999966,,rebuffer happen
2025-12-20T06:28:12.887Z,0.017,2,1000,640x360,11.877418000000034,,rebuffer happen
2025-12-20T06:28:12.901Z,0.017,2,1000,640x360,11.977418000000057,,
2025-12-20T06:28:12.937Z,0.019,2,1000,640x360,11.946125000000052,,rebuffer happen
2025-12-20T06:28:13.204Z,0.03,2,1000,640x360,12.229502999999909,,rebuffer happen
2025-12-20T06:28:13.571Z,0.032,2,1000,640x360,12.19616899999994,,rebuffer happen
2025-12-20T06:28:13.704Z,0.02,2,1000,640x360,12.285906999999952,,rebuffer happen
2025-12-20T06:28:13.709Z,0.02,2,1000,640x360,12.285906999999952,,
2025-12-20T06:28:13.737Z,0.029,3,1500,768x432,12.26155099999994,,rebuffer happen
2025-12-20T06:28:13.792Z,0.029,3,1500,768x432,12.26155099999994,,
2025-12-20T06:28:14.138Z,0.023,3,1500,768x432,12.614857000000029,,rebuffer happen
2025-12-20T06:28:14.238Z,0.022,3,1500,768x432,12.64858700000002,,rebuffer happen
2025-12-20T06:28:14.422Z,0.024,3,1500,768x432,12.722508000000062,,rebuffer happen
2025-12-20T06:28:14.538Z,0.023,3,1500,768x432,12.782238000000007,,rebuffer happen
2025-12-20T06:28:14.571Z,0.027,3,1500,768x432,12.75320499999998,,rebuffer happen
2025-12-20T06:28:14.655Z,0.023,3,1500,768x432,12.824333000000024,,rebuffer happen
2025-12-20T06:28:14.722Z,0.025,3,1500,768x432,12.887738000000013,,rebuffer happen
2025-12-20T06:28:14.805Z,0.021,3,1500,768x432,12.948121000000015,,rebuffer happen
2025-12-20T06:28:14.872Z,0.024,3,1500,768x432,12.918006999999989,,rebuffer happen
2025-12-20T06:28:14.956Z,0.019,3,1500,768x432,12.982633999999962,,rebuffer happen
2025-12-20T06:28:15.007Z,0.019,3,1500,768x432,13.08763399999998,,
2025-12-20T06:28:15.039Z,0.025,2,1000,640x360,13.060204999999996,,rebuffer happen
2025-12-20T06:28:15.081Z,0.025,2,1000,640x360,13.060204999999996,,
2025-12-20T06:28:15.706Z,0.025,2,1000,640x360,13.417853000000036,,rebuffer happen
2025-12-20T06:28:15.773Z,0.026,2,1000,640x360,13.385316999999986,,rebuffer happen
2025-12-20T06:28:15.856Z,0.02,2,1000,640x360,13.416572000000087,,rebuffer happen
2025-12-20T06:28:15.923Z,0.027,2,1000,640x360,13.496109000000047,,rebuffer happen
2025-12-20T06:28:15.952Z,0.027,2,1000,640x360,13.496109000000047,,
2025-12-20T06:28:15.989Z,0.027,2,1000,640x360,13.463297000000011,,rebuffer happen
2025-12-20T06:28:16.273Z,0.033,2,1000,640x360,13.733573000000092,,rebuffer happen
2025-12-20T06:28:16.673Z,0.021,2,1000,640x360,13.749470000000088,,rebuffer happen
2025-12-20T06:28:16.757Z,0.02,2,1000,640x360,13.82318799999996,,rebuffer happen
2025-12-20T06:28:16.790Z,0.025,2,1000,640x360,13.795051999999941,,rebuffer happen
2025-12-20T06:28:16.816Z,0.025,2,1000,640x360,13.88605199999995,,
2025-12-20T06:28:16.857Z,0.022,1,600,480x270,13.850394999999935,,rebuffer happen
2025-12-20T06:28:16.888Z,0.022,1,600,480x270,13.850394999999935,,
2025-12-20T06:28:17.121Z,0,1,600,480x270,14.070333999999889,,rebuffer happen
2025-12-20T06:28:17.475Z,0,1,600,480x270,14.363333999999895,,
2025-12-20T06:28:17.956Z,0,1,600,480x270,14.864333999999985,,
2025-12-20T06:28:18.192Z,0.294,1,600,480x270,2.9255649999998923,,rebuffer happen
2025-12-20T06:28:18.512Z,0.456,1,600,480x270,2.9957660000000033,,
2025-12-20T06:28:18.755Z,0.096,1,600,480x270,2.83285699999999,,rebuffer happen
2025-12-20T06:28:19.027Z,0.218,1,600,480x270,2.78186699999992,,
2025-12-20T06:28:19.242Z,0.031,1,600,480x270,2.7594689999999673,,rebuffer happen
2025-12-20T06:28:19.540Z,0.295,1,600,480x270,2.8247290000000476,,
2025-12-20T06:28:20.024Z,0.292,1,600,480x270,2.8332789999999477,,
2025-12-20T06:28:20.034Z,0.298,1,600,480x270,2.8235429999999724,,rebuffer happen
2025-12-20T06:28:20.210Z,0.037,1,600,480x270,2.776016000000027,,rebuffer happen
2025-12-20T06:28:20.476Z,0.293,1,600,480x270,2.802000000000021,,rebuffer happen
2025-12-20T06:28:20.510Z,0.3,1,600,480x270,2.8337569999999914,,
2025-12-20T06:28:20.693Z,0.037,1,600,480x270,2.6676029999999855,,rebuffer happen
2025-12-20T06:28:20.694Z,0.037,1,600,480x270,2.6676029999999855,,rebuffer happen
2025-12-20T06:28:20.961Z,0.292,1,600,480x270,2.754248999999959,,rebuffer happen
2025-12-20T06:28:20.972Z,0.292,1,600,480x270,2.737641999999937,,
2025-12-20T06:28:21.070Z,0.163,1,600,480x270,2.689695000000029,,rebuffer happen
2025-12-20T06:28:21.160Z,0.029,1,600,480x270,2.660366999999951,,rebuffer happen
2025-12-20T06:28:21.427Z,0.291,1,600,480x270,2.7506570000000465,,rebuffer happen
2025-12-20T06:28:21.445Z,0.29,1,600,480x270,2.732112000000029,,
2025-12-20T06:28:21.669Z,0.116,1,600,480x270,2.709331999999904,,rebuffer happen
2025-12-20T06:28:21.932Z,0.339,1,600,480x270,2.7573569999999563,,
2025-12-20T06:28:21.957Z,0.294,1,600,480x270,2.7324270000000297,,rebuffer happen
2025-12-20T06:28:22.128Z,0.042,1,600,480x270,2.6689010000000053,,rebuffer happen
2025-12-20T06:28:22.413Z,0.264,1,600,480x270,2.7063210000000026,,
2025-12-20T06:28:22.879Z,0.317,1,600,480x270,2.64483000000007,,
2025-12-20T06:28:22.927Z,0.244,1,600,480x270,2.6700270000000046,,rebuffer happen
2025-12-20T06:28:23.062Z,0.046,1,600,480x270,2.5798559999999497,,rebuffer happen
2025-12-20T06:28:23.319Z,0.274,1,600,480x270,2.67354499999999,,rebuffer happen
2025-12-20T06:28:23.327Z,0.274,1,600,480x270,2.660113000000024,,
2025-12-20T06:28:23.583Z,0.059,1,600,480x270,2.5931719999999814,,rebuffer happen
2025-12-20T06:28:23.801Z,0.335,1,600,480x270,2.6639820000000327,,
2025-12-20T06:28:23.850Z,0.284,1,600,480x270,2.61520100000007,,rebuffer happen
2025-12-20T06:28:24.266Z,0.319,1,600,480x270,2.5445069999999532,,
2025-12-20T06:28:24.316Z,0.267,1,600,480x270,2.5930230000000165,,rebuffer happen
2025-12-20T06:28:24.704Z,0.298,1,600,480x270,2.597178999999983,,rebuffer happen
2025-12-20T06:28:24.739Z,0.313,1,600,480x270,2.544781999999941,,
2025-12-20T06:28:24.924Z,0.044,1,600,480x270,2.4809149999999818,,rebuffer happen
2025-12-20T06:28:24.930Z,0.035,1,600,480x270,2.472272999999973,,rebuffer happen
2025-12-20T06:28:25.223Z,0.296,1,600,480x270,2.548171000000025,,
2025-12-20T06:28:25.425Z,0.114,1,600,480x270,2.5480709999999362,,rebuffer happen
2025-12-20T06:28:25.685Z,0.334,1,600,480x270,2.458059999999932,,
2025-12-20T06:28:25.751Z,0.267,1,600,480x270,2.4979399999999714,,rebuffer happen
2025-12-20T06:28:26.151Z,0.348,1,600,480x270,2.4822849999999335,,
2025-12-20T06:28:26.272Z,0.181,1,600,480x270,2.4069449999999506,,rebuffer happen
2025-12-20T06:28:26.381Z,0.024,1,600,480x270,2.35011099999997,,rebuffer happen
2025-12-20T06:28:26.622Z,0.327,1,600,480x270,2.457396000000017,,
2025-12-20T06:28:26.832Z,0.037,1,600,480x270,2.37341600000002,,rebuffer happen
2025-12-20T06:28:26.832Z,0.037,1,600,480x270,2.37341600000002,,rebuffer happen
2025-12-20T06:28:27.095Z,0.298,1,600,480x270,2.3346420000000307,,
2025-12-20T06:28:27.538Z,0.348,1,600,480x270,2.4050489999999627,,
2025-12-20T06:28:27.628Z,0.274,1,600,480x270,2.4066040000000157,,rebuffer happen
2025-12-20T06:28:27.962Z,0.297,1,600,480x270,2.25965999999994,,rebuffer happen
2025-12-20T06:28:27.997Z,0.297,1,600,480x270,2.3103509999999687,,
2025-12-20T06:28:28.442Z,0.272,1,600,480x270,2.2132589999999936,,
2025-12-20T06:28:28.872Z,0.359,1,600,480x270,2.188935000000015,,
2025-12-20T06:28:28.959Z,0.27,1,600,480x270,2.1974740000000565,,rebuffer happen
2025-12-20T06:28:29.320Z,0.375,1,600,480x270,2.1918809999999667,,
2025-12-20T06:28:29.393Z,0.269,1,600,480x270,2.099833999999987,,rebuffer happen
2025-12-20T06:28:29.488Z,0.287,1,600,480x270,2.083665999999994,,rebuffer happen
2025-12-20T06:28:29.710Z,0.376,1,600,480x270,2.1218410000000176,,
2025-12-20T06:28:30.067Z,0.465,1,600,480x270,2.009328000000096,,
2025-12-20T06:28:30.421Z,0.579,1,600,480x270,2.021774999999934,,
2025-12-20T06:28:30.777Z,0.712,1,600,480x270,1.9607239999999138,,
2025-12-20T06:28:31.161Z,0.832,1,600,480x270,1.96278099999995,,
2025-12-20T06:28:31.579Z,0.922,1,600,480x270,1.953487999999993,,
2025-12-20T06:28:31.804Z,1.16,1,600,480x270,2.021017000000029,,
2025-12-20T06:28:31.975Z,1.398,1,600,480x270,1.9496330000000626,,
2025-12-20T06:28:32.172Z,1.792,1,600,480x270,1.9365710000000718,,
2025-12-20T06:28:32.468Z,1.996,1,600,480x270,1.9440859999999702,,
2025-12-20T06:28:32.539Z,2.01,2,1000,640x360,1.9644579999999223,,
2025-12-20T06:28:32.978Z,1.989,2,1000,640x360,1.927899000000025,,
2025-12-20T06:28:33.493Z,1.957,2,1000,640x360,1.9133269999999811,,
2025-12-20T06:28:33.994Z,2.028,2,1000,640x360,1.911972999999989,,
2025-12-20T06:28:34.071Z,1.957,3,1500,768x432,1.927263000000039,,
2025-12-20T06:28:34.807Z,1.673,3,1500,768x432,1.9959340000000338,,
2025-12-20T06:28:34.884Z,1.603,1,600,480x270,1.9180270000000519,,
2025-12-20T06:28:35.218Z,1.73,1,600,480x270,1.9785930000000462,,
2025-12-20T06:28:35.283Z,1.732,2,1000,640x360,1.9123029999999517,,
2025-12-20T06:28:35.628Z,1.746,2,1000,640x360,1.99254899999994,,
2025-12-20T06:28:35.984Z,1.848,2,1000,640x360,1.9221150000000762,,
2025-12-20T06:28:36.064Z,1.996,1,600,480x270,1.948272999999972,,
2025-12-20T06:28:36.467Z,2.034,1,600,480x270,1.9383960000000116,,
2025-12-20T06:28:36.952Z,1.963,1,600,480x270,1.9580400000000964,,
2025-12-20T06:28:37.447Z,1.971,1,600,480x270,1.9606880000000046,,
2025-12-20T06:28:37.952Z,2.014,1,600,480x270,1.9599800000000869,,
2025-12-20T06:28:38.484Z,2.017,1,600,480x270,1.9196840000000748,,
2025-12-20T06:28:38.562Z,1.947,2,1000,640x360,1.950584000000049,,
2025-12-20T06:28:38.948Z,2.025,2,1000,640x360,1.9531520000000455,,
2025-12-20T06:28:39.027Z,2.026,0,200,320x180,1.9753769999999804,,
2025-12-20T06:28:39.451Z,2.048,0,200,320x180,1.9609050000000252,,
2025-12-20T06:28:39.963Z,2.048,0,200,320x180,1.9490309999999909,,
2025-12-20T06:28:40.447Z,2.033,0,200,320x180,1.9599939999999378,,
2025-12-20T06:28:40.511Z,2.024,1,600,480x270,1.9899510000000191,,
2025-12-20T06:28:41.011Z,1.99,1,600,480x270,1.9891750000000457,,
2025-12-20T06:28:41.075Z,1.96,3,1500,768x432,1.9246329999999716,,
2025-12-20T06:28:42.223Z,1.265,3,1500,768x432,1.9738340000000107,,
2025-12-20T06:28:42.303Z,1.209,1,600,480x270,1.893240999999989,,
2025-12-20T06:28:42.815Z,1.154,1,600,480x270,1.9967579999999998,,
2025-12-20T06:28:42.895Z,1.091,2,1000,640x360,1.91513400000008,,
2025-12-20T06:28:43.672Z,0.856,2,1000,640x360,1.9403739999999061,,
2025-12-20T06:28:43.750Z,0.812,1,600,480x270,1.9720690000000332,,
2025-12-20T06:28:44.229Z,0.749,1,600,480x270,1.9844769999999698,,
2025-12-20T06:28:44.718Z,0.78,1,600,480x270,2.0012389999999414,,
2025-12-20T06:28:45.187Z,0.792,1,600,480x270,1.9193890000000238,,
2025-12-20T06:28:45.710Z,0.75,1,600,480x270,1.9960379999999986,,
2025-12-20T06:28:46.281Z,0.677,1,600,480x270,1.9229300000000649,,
2025-12-20T06:28:46.791Z,0.673,1,600,480x270,1.9177839999999833,,
2025-12-20T06:28:47.441Z,0.558,1,600,480x270,1.9692760000000362,,
2025-12-20T06:28:47.965Z,0.519,1,600,480x270,1.9510589999999866,,
2025-12-20T06:28:48.042Z,0.493,2,1000,640x360,1.9623679999999695,,
2025-12-20T06:28:48.327Z,0.178,2,1000,640x360,1.9710939999999937,,rebuffer happen
2025-12-20T06:28:48.833Z,0.031,2,1000,640x360,2.005453999999986,,rebuffer happen
2025-12-20T06:28:48.900Z,0.029,2,1000,640x360,2.0546410000000606,,rebuffer happen
2025-12-20T06:28:48.966Z,0.063,2,1000,640x360,2.0220760000000837,,rebuffer happen
2025-12-20T06:28:49.016Z,0.018,2,1000,640x360,2.0813079999999218,,rebuffer happen
2025-12-20T06:28:49.019Z,0.018,2,1000,640x360,2.0813079999999218,,
2025-12-20T06:28:49.050Z,0.024,2,1000,640x360,2.053923999999938,,rebuffer happen
2025-12-20T06:28:49.734Z,0.021,2,1000,640x360,2.316408000000024,,rebuffer happen
2025-12-20T06:28:49.784Z,0.026,2,1000,640x360,2.288334000000077,,rebuffer happen
2025-12-20T06:28:49.806Z,0.026,2,1000,640x360,2.3903340000000526,,
2025-12-20T06:28:49.850Z,0.017,2,1000,640x360,2.347957000000065,,rebuffer happen
2025-12-20T06:28:50.434Z,0.025,2,1000,640x360,2.583842000000004,,rebuffer happen
2025-12-20T06:28:50.568Z,0.023,2,1000,640x360,2.5828670000000784,,rebuffer happen
2025-12-20T06:28:50.601Z,0.023,2,1000,640x360,2.6828669999999875,,
2025-12-20T06:28:50.634Z,0.027,2,1000,640x360,2.653707999999938,,rebuffer happen
2025-12-20T06:28:51.169Z,0.021,2,1000,640x360,2.8157850000000053,,rebuffer happen
2025-12-20T06:28:51.285Z,0.023,2,1000,640x360,2.82788800000003,,rebuffer happen
2025-12-20T06:28:51.318Z,0.028,2,1000,640x360,2.893432999999959,,rebuffer happen
2025-12-20T06:28:51.358Z,0.028,2,1000,640x360,2.893432999999959,,
2025-12-20T06:28:51.402Z,0.022,2,1000,640x360,2.9492480000000114,,rebuffer happen
2025-12-20T06:28:51.619Z,0.024,2,1000,640x360,3.1177869999999075,,rebuffer happen
2025-12-20T06:28:51.986Z,0.02,2,1000,640x360,3.088154999999915,,rebuffer happen
2025-12-20T06:28:52.119Z,0.024,2,1000,640x360,3.1944449999999733,,rebuffer happen
2025-12-20T06:28:52.138Z,0.024,2,1000,640x360,3.1944449999999733,,
2025-12-20T06:28:52.186Z,0.015,2,1000,640x360,3.1521589999999833,,rebuffer happen
2025-12-20T06:28:52.670Z,0.017,2,1000,640x360,3.352735999999936,,rebuffer happen
2025-12-20T06:28:52.703Z,0.033,2,1000,640x360,3.429791000000023,,rebuffer happen
2025-12-20T06:28:52.770Z,0.023,2,1000,640x360,3.3859370000000126,,rebuffer happen
2025-12-20T06:28:52.903Z,0.022,2,1000,640x360,3.482172999999989,,rebuffer happen
2025-12-20T06:28:52.933Z,0.022,2,1000,640x360,3.482172999999989,,
2025-12-20T06:28:52.970Z,0.023,1,600,480x270,3.450101000000018,,rebuffer happen
2025-12-20T06:28:53.010Z,0.023,1,600,480x270,3.551101000000017,,
2025-12-20T06:28:53.473Z,0.19,1,600,480x270,3.618445000000065,,
2025-12-20T06:28:53.947Z,0.215,1,600,480x270,3.643754000000058,,
2025-12-20T06:28:54.440Z,0.241,1,600,480x270,3.6505900000000793,,
2025-12-20T06:28:54.516Z,0.224,2,1000,640x360,3.689901999999961,,
2025-12-20T06:28:54.655Z,0.018,2,1000,640x360,3.647307000000069,,rebuffer happen
2025-12-20T06:28:55.090Z,0.017,2,1000,640x360,3.7177010000000337,,rebuffer happen
2025-12-20T06:28:55.123Z,0.027,2,1000,640x360,3.7869349999999713,,rebuffer happen
2025-12-20T06:28:55.239Z,0.027,2,1000,640x360,3.787089999999921,,rebuffer happen
2025-12-20T06:28:55.270Z,0.027,2,1000,640x360,3.787089999999921,,
2025-12-20T06:28:55.323Z,0.015,3,1500,768x432,3.8459679999999707,,rebuffer happen
2025-12-20T06:28:55.346Z,0.015,3,1500,768x432,3.8459679999999707,,
2025-12-20T06:28:55.757Z,0.018,3,1500,768x432,4.150869999999941,,rebuffer happen
2025-12-20T06:28:55.806Z,0.025,3,1500,768x432,4.221630000000005,,rebuffer happen
2025-12-20T06:28:55.855Z,0.017,3,1500,768x432,4.180581000000075,,rebuffer happen
2025-12-20T06:28:55.907Z,0.029,3,1500,768x432,4.264792000000057,,rebuffer happen
2025-12-20T06:28:55.990Z,0.027,3,1500,768x432,4.229846000000066,,rebuffer happen
2025-12-20T06:28:56.074Z,0.019,3,1500,768x432,4.283015999999975,,rebuffer happen
2025-12-20T06:28:56.140Z,0.016,3,1500,768x432,4.341624000000024,,rebuffer happen
2025-12-20T06:28:56.191Z,0.028,3,1500,768x432,4.320549000000028,,rebuffer happen
2025-12-20T06:28:56.274Z,0.029,3,1500,768x432,4.388069999999971,,rebuffer happen
2025-12-20T06:28:56.341Z,0.031,3,1500,768x432,4.459789999999998,,rebuffer happen
2025-12-20T06:28:56.423Z,0.026,3,1500,768x432,4.528440000000046,,rebuffer happen
2025-12-20T06:28:56.491Z,0.022,3,1500,768x432,4.491460000000075,,rebuffer happen
2025-12-20T06:28:56.521Z,0.022,3,1500,768x432,4.586459999999988,,
2025-12-20T06:28:56.557Z,0.024,2,1000,640x360,4.555256999999983,,rebuffer happen
2025-12-20T06:28:56.593Z,0.024,2,1000,640x360,4.555256999999983,,
2025-12-20T06:28:57.025Z,0.06,2,1000,640x360,4.823515999999927,,rebuffer happen
2025-12-20T06:28:57.057Z,0.062,2,1000,640x360,4.791574999999966,,rebuffer happen
2025-12-20T06:28:57.142Z,0.02,2,1000,640x360,4.81278599999996,,rebuffer happen
2025-12-20T06:28:57.308Z,0.026,2,1000,640x360,4.8897340000000895,,rebuffer happen
2025-12-20T06:28:57.345Z,0.026,2,1000,640x360,4.8897340000000895,,
2025-12-20T06:28:57.391Z,0.021,2,1000,640x360,4.851073000000042,,rebuffer happen
2025-12-20T06:28:57.809Z,0.026,2,1000,640x360,5.118786,,rebuffer happen
2025-12-20T06:28:57.909Z,0.016,2,1000,640x360,5.142032000000086,,rebuffer happen
2025-12-20T06:28:57.958Z,0.023,2,1000,640x360,5.115268000000015,,rebuffer happen
2025-12-20T06:28:58.009Z,0.017,2,1000,640x360,5.176544999999919,,rebuffer happen
2025-12-20T06:28:58.109Z,0.053,2,1000,640x360,5.218991000000074,,rebuffer happen
2025-12-20T06:28:58.142Z,0.022,2,1000,640x360,5.188818000000083,,rebuffer happen
2025-12-20T06:28:58.195Z,0.022,2,1000,640x360,5.188818000000083,,
2025-12-20T06:28:58.241Z,0.015,1,600,480x270,5.242945999999961,,rebuffer happen
2025-12-20T06:28:58.272Z,0.015,1,600,480x270,5.242945999999961,,
2025-12-20T06:28:58.736Z,0.186,1,600,480x270,5.412891000000059,,
2025-12-20T06:28:59.166Z,0.24,1,600,480x270,5.38581099999999,,
2025-12-20T06:28:59.574Z,0.298,1,600,480x270,5.402357000000052,,rebuffer happen
2025-12-20T06:28:59.616Z,0.322,1,600,480x270,5.446488999999929,,
2025-12-20T06:28:59.725Z,0.244,1,600,480x270,5.439702000000011,,rebuffer happen
2025-12-20T06:28:59.840Z,0.296,1,600,480x270,5.433957999999961,,rebuffer happen
2025-12-20T06:28:59.913Z,0.411,1,600,480x270,5.4120190000001,,
2025-12-20T06:28:59.994Z,0.461,1,600,480x270,5.289638000000082,,
2025-12-20T06:29:00.072Z,0.463,0,200,320x180,5.274989000000005,,
2025-12-20T06:29:00.107Z,0.294,0,200,320x180,5.331289999999967,,rebuffer happen
2025-12-20T06:29:00.276Z,0.042,0,200,320x180,5.175625000000082,,rebuffer happen
2025-12-20T06:29:02.147Z,0.042,0,200,320x180,7.067625000000021,,