timestamp,bufferLevel,qualityIndex,bitrateKbps,resolution,liveLatency,predictedKbps,rebuffer
2025-12-20T13:24:07.160Z,0,2,1000,640x360,0.93,,
2025-12-20T13:24:07.164Z,0,2,1000,640x360,0.93,,rebuffer happen
2025-12-20T13:24:07.457Z,0,2,1000,640x360,1.216,,
2025-12-20T13:24:07.693Z,0.296,2,1000,640x360,1.319319,,rebuffer happen
2025-12-20T13:24:07.764Z,0.296,2,1000,640x360,1.28064,,
2025-12-20T13:24:08.125Z,0.655,2,1000,640x360,1.440654,,
2025-12-20T13:24:08.793Z,0.631,2,1000,640x360,1.7189500000000002,,
2025-12-20T13:24:08.990Z,1.037,2,1000,640x360,1.7812690000000002,,
2025-12-20T13:24:09.624Z,1.003,2,1000,640x360,1.858625,,
2025-12-20T13:24:10.237Z,1.018,2,1000,640x360,1.8958009999999996,,
2025-12-20T13:24:10.629Z,1.015,2,1000,640x360,1.9240239999999997,,
2025-12-20T13:24:10.698Z,1.505,3,1500,768x432,1.9538659999999997,,
2025-12-20T13:24:10.916Z,1.259,3,1500,768x432,1.9409830000000001,,
2025-12-20T13:24:11.758Z,0.967,3,1500,768x432,1.9074659999999999,,
2025-12-20T13:24:12.121Z,1.209,3,1500,768x432,1.9567459999999994,,
2025-12-20T13:24:12.972Z,0.911,3,1500,768x432,1.999644,,
2025-12-20T13:24:13.320Z,0.899,3,1500,768x432,1.9684279999999994,,
2025-12-20T13:24:13.660Z,1.034,3,1500,768x432,1.9204730000000003,,
2025-12-20T13:24:14.016Z,1.162,3,1500,768x432,1.9572339999999997,,
2025-12-20T13:24:14.860Z,1.051,3,1500,768x432,1.9049559999999994,,
2025-12-20T13:24:15.159Z,1.019,3,1500,768x432,1.9146980000000005,,
2025-12-20T13:24:15.434Z,1.227,3,1500,768x432,1.9331679999999993,,
2025-12-20T13:24:16.226Z,0.975,3,1500,768x432,1.9554810000000007,,
2025-12-20T13:24:16.514Z,1.154,3,1500,768x432,1.9664350000000006,,
2025-12-20T13:24:17.297Z,0.918,3,1500,768x432,1.9933289999999992,,
2025-12-20T13:24:17.580Z,1.146,3,1500,768x432,2.002035000000001,,
2025-12-20T13:24:18.378Z,0.836,3,1500,768x432,1.9897369999999999,,
2025-12-20T13:24:18.695Z,0.988,3,1500,768x432,1.969532000000001,,
2025-12-20T13:24:19.002Z,1.301,3,1500,768x432,1.9661720000000003,,
2025-12-20T13:24:19.793Z,1.003,3,1500,768x432,1.972099,,
2025-12-20T13:24:20.092Z,1.234,3,1500,768x432,1.9872479999999992,,
2025-12-20T13:24:20.832Z,0.942,3,1500,768x432,1.9376149999999992,,
2025-12-20T13:24:21.038Z,1.173,3,1500,768x432,1.9318229999999996,,
2025-12-20T13:24:21.739Z,1.156,3,1500,768x432,1.9337360000000015,,
2025-12-20T13:24:21.948Z,1.225,3,1500,768x432,1.921614,,
2025-12-20T13:24:22.673Z,1.083,3,1500,768x432,1.9925439999999988,,
2025-12-20T13:24:22.941Z,1.315,3,1500,768x432,1.9246799999999986,,
2025-12-20T13:24:23.648Z,1.021,3,1500,768x432,1.919321,,
2025-12-20T13:24:23.870Z,1.395,3,1500,768x432,1.9972239999999992,,
2025-12-20T13:24:24.604Z,1.227,3,1500,768x432,1.9637649999999987,,
2025-12-20T13:24:25.348Z,0.941,3,1500,768x432,1.933046000000001,,
2025-12-20T13:24:25.577Z,1.11,3,1500,768x432,1.996817,,
2025-12-20T13:24:26.310Z,0.886,3,1500,768x432,1.9836029999999987,,
2025-12-20T13:24:26.538Z,1.365,3,1500,768x432,1.9489710000000002,,
2025-12-20T13:24:27.262Z,0.995,3,1500,768x432,1.914051999999998,,
2025-12-20T13:24:27.422Z,1.289,3,1500,768x432,1.9532200000000017,,
2025-12-20T13:24:28.100Z,1.27,3,1500,768x432,1.971981000000003,,
2025-12-20T13:24:28.801Z,0.974,3,1500,768x432,1.965240999999999,,
2025-12-20T13:24:29.015Z,1.208,3,1500,768x432,1.9510910000000017,,
2025-12-20T13:24:29.730Z,1.175,3,1500,768x432,1.941876999999998,,
2025-12-20T13:24:29.929Z,1.255,3,1500,768x432,1.9363550000000025,,
2025-12-20T13:24:30.632Z,1.127,3,1500,768x432,1.9433229999999995,,
2025-12-20T13:24:31.406Z,0.823,3,1500,768x432,1.9662040000000012,,
2025-12-20T13:24:31.685Z,1.052,3,1500,768x432,1.9810000000000016,,
2025-12-20T13:24:31.890Z,1.285,3,1500,768x432,1.9746729999999992,,
2025-12-20T13:24:32.565Z,1.252,3,1500,768x432,1.9994200000000006,,
2025-12-20T13:24:33.244Z,0.973,3,1500,768x432,1.9405000000000001,,
2025-12-20T13:24:33.461Z,1.202,3,1500,768x432,1.9168510000000012,,
2025-12-20T13:24:34.316Z,0.919,3,1500,768x432,1.9736919999999998,,
2025-12-20T13:24:34.550Z,1.141,3,1500,768x432,1.9308280000000018,,
2025-12-20T13:24:35.281Z,1.091,3,1500,768x432,1.989564999999999,,
2025-12-20T13:24:35.503Z,1.335,3,1500,768x432,1.9645619999999973,,
2025-12-20T13:24:36.229Z,1.043,3,1500,768x432,1.9408840000000005,,
2025-12-20T13:24:36.447Z,1.257,3,1500,768x432,1.920770000000001,,
2025-12-20T13:24:37.145Z,1.24,3,1500,768x432,1.9322100000000013,,
2025-12-20T13:24:37.836Z,0.948,3,1500,768x432,1.9319450000000025,,
2025-12-20T13:24:38.021Z,1.171,3,1500,768x432,1.9437409999999993,,
2025-12-20T13:24:38.713Z,1.145,3,1500,768x432,1.9567510000000006,,
2025-12-20T13:24:38.899Z,1.385,3,1500,768x432,1.9691629999999982,,
2025-12-20T13:24:39.593Z,1.078,3,1500,768x432,1.9725529999999978,,
2025-12-20T13:24:40.284Z,1.047,3,1500,768x432,1.986893000000002,,
2025-12-20T13:24:40.470Z,1.243,3,1500,768x432,1.9983859999999964,,
2025-12-20T13:24:41.162Z,1.002,3,1500,768x432,1.9173180000000016,,
2025-12-20T13:24:41.357Z,1.498,3,1500,768x432,1.9172399999999996,,
2025-12-20T13:24:42.074Z,1.191,3,1500,768x432,1.9986940000000004,,
2025-12-20T13:24:42.779Z,0.902,3,1500,768x432,1.9899750000000012,,
2025-12-20T13:24:42.975Z,1.226,3,1500,768x432,1.9952480000000037,,
2025-12-20T13:24:43.671Z,1.097,3,1500,768x432,1.9923750000000027,,
2025-12-20T13:24:43.863Z,1.332,3,1500,768x432,1.904285999999999,,
2025-12-20T13:24:44.563Z,1.302,3,1500,768x432,1.9061969999999988,,
2025-12-20T13:24:45.265Z,1.014,3,1500,768x432,2.0094840000000005,,
2025-12-20T13:24:45.454Z,1.246,3,1500,768x432,1.9168380000000056,,
2025-12-20T13:24:46.145Z,1.204,3,1500,768x432,1.931053999999996,,
2025-12-20T13:24:46.861Z,0.914,3,1500,768x432,1.9073080000000004,,
2025-12-20T13:24:47.016Z,1.141,3,1500,768x432,1.9468729999999965,,
2025-12-20T13:24:47.694Z,1.12,3,1500,768x432,1.9832500000000053,,
2025-12-20T13:24:47.866Z,1.352,3,1500,768x432,2.005817999999998,,
2025-12-20T13:24:48.559Z,1.318,3,1500,768x432,1.910342,,
2025-12-20T13:24:49.241Z,1.031,3,1500,768x432,1.932268999999998,,
2025-12-20T13:24:49.422Z,1.261,3,1500,768x432,1.9488850000000042,,
2025-12-20T13:24:50.116Z,1.212,3,1500,768x432,1.9583299999999966,,
2025-12-20T13:24:50.812Z,0.932,3,1500,768x432,1.9577370000000016,,
2025-12-20T13:24:50.993Z,1.163,3,1500,768x432,1.9713470000000015,,
2025-12-20T13:24:51.690Z,1.141,3,1500,768x432,1.9859579999999966,,
2025-12-20T13:24:51.867Z,1.372,3,1500,768x432,2.0048320000000004,,
2025-12-20T13:24:52.546Z,1.322,3,1500,768x432,1.9209010000000006,,
2025-12-20T13:24:53.216Z,1.043,3,1500,768x432,1.9551129999999972,,
2025-12-20T13:24:53.373Z,1.438,3,1500,768x432,1.9983900000000006,,
2025-12-20T13:24:54.038Z,1.236,3,1500,768x432,1.9272060000000053,,
2025-12-20T13:24:54.703Z,1.205,3,1500,768x432,1.966867999999998,,
2025-12-20T13:24:54.860Z,1.434,3,1500,768x432,1.9066529999999986,,
2025-12-20T13:24:55.528Z,1.157,3,1500,768x432,1.9492179999999948,,
2025-12-20T13:24:56.183Z,1.106,3,1500,768x432,1.9851680000000016,,
2025-12-20T13:24:56.325Z,1.351,3,1500,768x432,1.9407250000000005,,
2025-12-20T13:24:56.972Z,1.306,3,1500,768x432,1.9928559999999962,,
2025-12-20T13:24:57.624Z,1.159,3,1500,768x432,1.9434979999999982,,
2025-12-20T13:24:58.301Z,1.001,3,1500,768x432,1.9752869999999945,,
2025-12-20T13:24:58.455Z,1.231,3,1500,768x432,1.9174450000000007,,
2025-12-20T13:24:59.161Z,1.186,3,1500,768x432,1.9171169999999975,,
2025-12-20T13:24:59.324Z,1.382,3,1500,768x432,1.9592949999999973,,
2025-12-20T13:24:59.993Z,1.388,3,1500,768x432,1.9731489999999994,,
2025-12-20T13:25:00.672Z,1.113,3,1500,768x432,2.006622,,
2025-12-20T13:25:00.831Z,1.342,3,1500,768x432,1.9411800000000028,,
2025-12-20T13:25:01.496Z,1.309,3,1500,768x432,1.9739740000000054,,
2025-12-20T13:25:02.181Z,1.017,3,1500,768x432,1.9985069999999965,,
2025-12-20T13:25:02.353Z,1.454,3,1500,768x432,1.9228009999999998,,
2025-12-20T13:25:03.049Z,1.208,3,1500,768x432,1.919902999999998,,
2025-12-20T13:25:03.756Z,0.915,3,1500,768x432,1.9148350000000036,,
2025-12-20T13:25:03.937Z,1.397,3,1500,768x432,1.9297579999999996,,
2025-12-20T13:25:04.640Z,1.112,3,1500,768x432,1.9289710000000042,,
2025-12-20T13:25:05.329Z,1.081,3,1500,768x432,1.938718999999999,,
2025-12-20T13:25:05.517Z,1.178,3,1500,768x432,1.9534640000000039,,
2025-12-20T13:25:06.213Z,1.024,3,1500,768x432,1.9591580000000022,,
2025-12-20T13:25:06.403Z,1.261,3,1500,768x432,1.9703290000000067,,
2025-12-20T13:25:07.105Z,1.219,3,1500,768x432,1.9664569999999983,,
2025-12-20T13:25:07.730Z,0.932,3,1500,768x432,1.940608999999995,,
2025-12-20T13:25:07.882Z,1.424,3,1500,768x432,1.9894040000000004,,
2025-12-20T13:25:08.549Z,1.143,3,1500,768x432,1.9302419999999998,,
2025-12-20T13:25:09.233Z,1.095,3,1500,768x432,1.9344779999999986,,
2025-12-20T13:25:09.414Z,1.332,3,1500,768x432,1.9553110000000018,,
2025-12-20T13:25:10.110Z,1.297,3,1500,768x432,1.9651149999999973,,
2025-12-20T13:25:10.818Z,1.007,3,1500,768x432,1.9475809999999925,,
2025-12-20T13:25:10.992Z,1.236,3,1500,768x432,1.9738229999999959,,
2025-12-20T13:25:11.679Z,1.216,3,1500,768x432,1.9914030000000054,,
2025-12-20T13:25:11.947Z,1.209,3,1500,768x432,1.9184999999999945,,
2025-12-20T13:25:12.641Z,1.161,3,1500,768x432,1.9367220000000032,,
2025-12-20T13:25:13.328Z,0.849,3,1500,768x432,1.9388689999999968,,
2025-12-20T13:25:13.504Z,1.271,3,1500,768x432,1.9612359999999995,,
2025-12-20T13:25:14.210Z,1.055,3,1500,768x432,1.9633600000000087,,
2025-12-20T13:25:14.398Z,1.288,3,1500,768x432,1.9711289999999906,,
2025-12-20T13:25:15.159Z,1.003,3,1500,768x432,1.9211779999999976,,
2025-12-20T13:25:15.349Z,1.439,3,1500,768x432,1.9251309999999933,,
2025-12-20T13:25:16.060Z,1.192,3,1500,768x432,1.9048969999999912,,
2025-12-20T13:25:16.768Z,0.898,3,1500,768x432,2.0034380000000027,,
2025-12-20T13:25:16.981Z,1.387,3,1500,768x432,1.9881030000000095,,
2025-12-20T13:25:17.701Z,1.1,3,1500,768x432,1.9658840000000026,,
2025-12-20T13:25:17.925Z,1.329,3,1500,768x432,1.9435819999999921,,
2025-12-20T13:25:18.643Z,1.038,3,1500,768x432,1.9222150000000084,,
2025-12-20T13:25:19.377Z,1.012,3,1500,768x432,1.996157999999994,,
2025-12-20T13:25:19.615Z,1.088,3,1500,768x432,1.955009000000004,,
2025-12-20T13:25:20.397Z,0.96,3,1500,768x432,1.9830139999999972,,
2025-12-20T13:25:20.676Z,1.008,3,1500,768x432,1.9958540000000085,,
2025-12-20T13:25:20.863Z,1.415,3,1500,768x432,1.9035659999999979,,
2025-12-20T13:25:21.576Z,1.13,3,1500,768x432,2.008516,,
2025-12-20T13:25:22.291Z,1.083,3,1500,768x432,1.9782399999999996,,
2025-12-20T13:25:22.620Z,1.054,3,1500,768x432,1.947658000000004,,
2025-12-20T13:25:23.323Z,1.022,3,1500,768x432,1.9502000000000095,,
2025-12-20T13:25:23.537Z,1.131,3,1500,768x432,1.933885999999987,,
2025-12-20T13:25:24.236Z,0.972,3,1500,768x432,1.9442549999999983,,
2025-12-20T13:25:24.479Z,1.202,3,1500,768x432,1.997612999999987,,
2025-12-20T13:25:25.113Z,1.158,3,1500,768x432,1.9609669999999966,,
2025-12-20T13:25:25.801Z,0.873,3,1500,768x432,1.9744809999999973,,
2025-12-20T13:25:26.045Z,1.355,3,1500,768x432,1.9254179999999934,,
2025-12-20T13:25:26.785Z,1.065,3,1500,768x432,1.9829840000000019,,
2025-12-20T13:25:26.983Z,1.299,3,1500,768x432,1.979660999999993,,
2025-12-20T13:25:27.686Z,1.004,3,1500,768x432,1.982922000000002,,
2025-12-20T13:25:27.940Z,1.24,3,1500,768x432,1.926165999999995,,
2025-12-20T13:25:28.706Z,0.949,3,1500,768x432,1.9670580000000086,,
2025-12-20T13:25:28.953Z,1.447,3,1500,768x432,1.9127479999999935,,
2025-12-20T13:25:29.714Z,1.16,3,1500,768x432,1.9639859999999913,,
2025-12-20T13:25:29.966Z,1.387,3,1500,768x432,2.002274,,
2025-12-20T13:25:30.718Z,1.083,3,1500,768x432,1.9483630000000005,,
2025-12-20T13:25:30.973Z,1.314,3,1500,768x432,1.9906930000000074,,
2025-12-20T13:25:31.674Z,1.021,3,1500,768x432,1.994258000000002,,
2025-12-20T13:25:31.890Z,1.476,3,1500,768x432,1.9744000000000028,,
2025-12-20T13:25:32.614Z,1.232,3,1500,768x432,1.9611380000000054,,
2025-12-20T13:25:33.347Z,0.946,3,1500,768x432,1.9362840000000006,,
2025-12-20T13:25:33.590Z,1.173,3,1500,768x432,1.9880660000000034,,
2025-12-20T13:25:34.322Z,0.86,3,1500,768x432,1.9437130000000025,,
2025-12-20T13:25:34.542Z,1.238,3,1500,768x432,1.9221330000000023,,
2025-12-20T13:25:35.256Z,1.074,3,1500,768x432,1.9163530000000009,,
2025-12-20T13:25:35.498Z,1.303,3,1500,768x432,1.9700289999999967,,
2025-12-20T13:25:36.266Z,1.015,3,1500,768x432,2.0081420000000065,,
2025-12-20T13:25:36.501Z,1.244,3,1500,768x432,1.9724630000000047,,
2025-12-20T13:25:37.210Z,0.961,3,1500,768x432,1.97352699999999,,
2025-12-20T13:25:37.426Z,1.348,3,1500,768x432,1.951108000000005,,
2025-12-20T13:25:38.162Z,1.143,3,1500,768x432,1.9155210000000125,,
2025-12-20T13:25:38.402Z,1.276,3,1500,768x432,1.9839239999999876,,
2025-12-20T13:25:39.183Z,1.094,3,1500,768x432,1.991823999999994,,
2025-12-20T13:25:39.418Z,1.325,3,1500,768x432,1.9537729999999982,,
2025-12-20T13:25:40.129Z,1.029,3,1500,768x432,1.9459480000000013,,
2025-12-20T13:25:40.881Z,0.992,3,1500,768x432,1.986536000000001,,
2025-12-20T13:25:41.163Z,1.224,3,1500,768x432,1.9170680000000004,,
2025-12-20T13:25:41.370Z,1.395,3,1500,768x432,2.012564999999995,,
2025-12-20T13:25:42.114Z,1.162,3,1500,768x432,1.9623979999999932,,
2025-12-20T13:25:42.881Z,0.873,3,1500,768x432,1.989255,,
2025-12-20T13:25:43.060Z,1.094,3,1500,768x432,1.9124850000000038,,
2025-12-20T13:25:43.786Z,1.068,3,1500,768x432,1.9793739999999929,,
2025-12-20T13:25:43.985Z,1.297,3,1500,768x432,1.978946999999991,,
2025-12-20T13:25:44.711Z,1.008,3,1500,768x432,1.954609000000005,,
2025-12-20T13:25:44.970Z,1.239,3,1500,768x432,1.993392,,
2025-12-20T13:25:45.708Z,0.946,3,1500,768x432,1.9669559999999962,,
2025-12-20T13:25:45.926Z,1.445,3,1500,768x432,1.9399719999999974,,
2025-12-20T13:25:46.671Z,1.156,3,1500,768x432,2.003990999999999,,
2025-12-20T13:25:46.922Z,1.388,3,1500,768x432,1.9517170000000021,,
2025-12-20T13:25:47.693Z,1.081,3,1500,768x432,1.976140000000001,,
2025-12-20T13:25:47.952Z,1.316,3,1500,768x432,1.9129070000000041,,
2025-12-20T13:25:48.682Z,1.02,3,1500,768x432,1.9896699999999896,,
2025-12-20T13:25:48.891Z,1.469,3,1500,768x432,1.9756900000000002,,
2025-12-20T13:25:49.607Z,1.233,3,1500,768x432,1.9627049999999997,,
2025-12-20T13:25:50.307Z,0.943,3,1500,768x432,1.9757059999999882,,
2025-12-20T13:25:50.519Z,1.173,3,1500,768x432,1.9622409999999917,,
2025-12-20T13:25:51.279Z,1.128,3,1500,768x432,2.0117580000000004,,
2025-12-20T13:25:51.475Z,1.383,3,1500,768x432,2.0136600000000016,,
2025-12-20T13:25:52.173Z,1.081,3,1500,768x432,2.003214,,
2025-12-20T13:25:52.362Z,1.308,3,1500,768x432,1.9114059999999995,,
2025-12-20T13:25:53.083Z,1.259,3,1500,768x432,1.9857259999999997,,
2025-12-20T13:25:53.768Z,0.978,3,1500,768x432,2.000067999999999,,
2025-12-20T13:25:53.935Z,1.383,3,1500,768x432,1.9321759999999983,,
2025-12-20T13:25:54.619Z,1.174,3,1500,768x432,1.9501910000000038,,
2025-12-20T13:25:55.279Z,0.9,3,1500,768x432,2.010450000000006,,
2025-12-20T13:25:55.372Z,1.393,3,1500,768x432,2.0122319999999974,,
2025-12-20T13:25:56.064Z,1.349,3,1500,768x432,2.009705000000011,,
2025-12-20T13:25:56.778Z,1.051,3,1500,768x432,1.9927160000000015,,
2025-12-20T13:25:57.016Z,1.204,3,1500,768x432,1.9459700000000026,,
2025-12-20T13:25:57.737Z,0.993,3,1500,768x432,1.9309119999999922,,
2025-12-20T13:25:57.953Z,1.22,3,1500,768x432,1.911957000000001,,
2025-12-20T13:25:58.683Z,1.183,3,1500,768x432,1.9840829999999983,,
2025-12-20T13:25:58.962Z,1.411,3,1500,768x432,1.9026420000000002,,
2025-12-20T13:25:59.721Z,1.133,3,1500,768x432,1.9452590000000072,,
2025-12-20T13:25:59.966Z,1.334,3,1500,768x432,1.999976999999987,,
2025-12-20T13:26:00.684Z,1.069,3,1500,768x432,1.9861069999999899,,
2025-12-20T13:26:00.983Z,1.256,3,1500,768x432,1.9854619999999983,,
2025-12-20T13:26:01.714Z,1.008,3,1500,768x432,1.9526010000000014,,
2025-12-20T13:26:01.939Z,1.239,3,1500,768x432,1.9245439999999974,,
2025-12-20T13:26:02.739Z,0.945,3,1500,768x432,1.9315930000000066,,
2025-12-20T13:26:02.978Z,1.177,3,1500,768x432,1.9915189999999967,,
2025-12-20T13:26:03.722Z,1.148,3,1500,768x432,1.9452749999999952,,
2025-12-20T13:26:03.980Z,1.348,3,1500,768x432,1.98654599999999,,
2025-12-20T13:26:04.706Z,1.081,3,1500,768x432,1.9580610000000007,,
2025-12-20T13:26:04.937Z,1.249,3,1500,768x432,1.9283049999999946,,
2025-12-20T13:26:05.682Z,1.024,3,1500,768x432,1.988063000000011,,
2025-12-20T13:26:05.908Z,1.256,3,1500,768x432,1.9577979999999968,,
2025-12-20T13:26:06.631Z,1.231,3,1500,768x432,1.9436610000000059,,
2025-12-20T13:26:07.356Z,0.945,3,1500,768x432,1.9286080000000112,,
2025-12-20T13:26:07.585Z,1.174,3,1500,768x432,1.9905370000000033,,
2025-12-20T13:26:08.308Z,0.89,3,1500,768x432,1.981737999999993,,
2025-12-20T13:26:08.510Z,1.164,3,1500,768x432,1.971975999999998,,
2025-12-20T13:26:09.292Z,1.077,3,1500,768x432,1.983236000000005,,
2025-12-20T13:26:09.485Z,1.306,3,1500,768x432,1.9859069999999974,,
2025-12-20T13:26:10.204Z,1.01,3,1500,768x432,1.9753019999999992,,
2025-12-20T13:26:10.454Z,1.245,3,1500,768x432,1.915524000000005,,
2025-12-20T13:26:11.158Z,1.198,3,1500,768x432,1.918249000000003,,
2025-12-20T13:26:11.352Z,1.461,3,1500,768x432,1.9267419999999902,,
2025-12-20T13:26:12.142Z,1.146,3,1500,768x432,1.9375369999999918,,
2025-12-20T13:26:12.879Z,0.849,3,1500,768x432,1.991817999999995,,
2025-12-20T13:26:13.100Z,1.085,3,1500,768x432,1.9706000000000046,,
2025-12-20T13:26:13.815Z,1.044,3,1500,768x432,1.9545659999999998,,
2025-12-20T13:26:14.059Z,1.176,3,1500,768x432,1.9106059999999871,,
2025-12-20T13:26:14.833Z,0.993,3,1500,768x432,1.9352509999999938,,
2025-12-20T13:26:15.027Z,1.224,3,1500,768x432,1.9366190000000074,,
2025-12-20T13:26:15.728Z,0.924,3,1500,768x432,1.9375719999999887,,
2025-12-20T13:26:15.929Z,1.363,3,1500,768x432,1.9367380000000196,,
2025-12-20T13:26:16.649Z,1.134,3,1500,768x432,1.919382999999982,,
2025-12-20T13:26:16.920Z,1.27,3,1500,768x432,1.9462610000000211,,
2025-12-20T13:26:17.713Z,1.066,3,1500,768x432,1.9569580000000144,,
2025-12-20T13:26:18.077Z,1.177,3,1500,768x432,1.9925049999999942,,
2025-12-20T13:26:18.834Z,1.008,3,1500,768x432,1.9332300000000089,,
2025-12-20T13:26:19.094Z,1.099,3,1500,768x432,1.9715819999999837,,
2025-12-20T13:26:19.855Z,0.944,3,1500,768x432,1.9116839999999797,,
2025-12-20T13:26:20.129Z,1.178,3,1500,768x432,1.9492480000000114,,
2025-12-20T13:26:20.876Z,0.864,3,1500,768x432,1.9893619999999999,,
2025-12-20T13:26:21.137Z,1.098,3,1500,768x432,1.932108999999997,,
2025-12-20T13:26:21.861Z,0.801,3,1500,768x432,1.9040530000000047,,
2025-12-20T13:26:22.102Z,1.158,3,1500,768x432,1.9713390000000004,,
2025-12-20T13:26:22.845Z,1.008,3,1500,768x432,1.9213660000000061,,
2025-12-20T13:26:23.067Z,1.239,3,1500,768x432,2.0021930000000054,,
2025-12-20T13:26:23.799Z,0.942,3,1500,768x432,1.9705060000000003,,
2025-12-20T13:26:24.018Z,1.173,3,1500,768x432,1.9458339999999907,,
2025-12-20T13:26:24.768Z,1.148,3,1500,768x432,2.003584999999987,,
2025-12-20T13:26:25.011Z,1.257,3,1500,768x432,1.953833000000003,,
2025-12-20T13:26:25.743Z,1.084,3,1500,768x432,1.9229729999999847,,
2025-12-20T13:26:25.987Z,1.173,3,1500,768x432,1.978712999999999,,
2025-12-20T13:26:26.741Z,1.023,3,1500,768x432,1.928951000000012,,
2025-12-20T13:26:27.012Z,1.249,3,1500,768x432,1.9564829999999915,,
2025-12-20T13:26:27.779Z,0.957,3,1500,768x432,1.9856460000000027,,
2025-12-20T13:26:28.031Z,1.186,3,1500,768x432,1.935512000000017,,
2025-12-20T13:26:28.797Z,0.901,3,1500,768x432,1.9759980000000041,,
2025-12-20T13:26:29.071Z,1.125,3,1500,768x432,1.9983079999999802,,
2025-12-20T13:26:29.851Z,0.833,3,1500,768x432,1.9198510000000226,,
2025-12-20T13:26:30.125Z,1.073,3,1500,768x432,1.9455119999999795,,
2025-12-20T13:26:30.891Z,0.771,3,1500,768x432,1.9726169999999854,,
2025-12-20T13:26:31.163Z,1.007,3,1500,768x432,1.9050000000000011,,
2025-12-20T13:26:31.425Z,1.239,3,1500,768x432,1.9446639999999888,,
2025-12-20T13:26:32.142Z,1.208,3,1500,768x432,1.9354620000000011,,
2025-12-20T13:26:32.808Z,0.915,3,1500,768x432,1.9604929999999854,,
2025-12-20T13:26:32.960Z,1.273,3,1500,768x432,1.904120000000006,,
2025-12-20T13:26:33.638Z,1.128,3,1500,768x432,1.938085000000001,,
2025-12-20T13:26:34.309Z,1.089,3,1500,768x432,1.9613180000000057,,
2025-12-20T13:26:34.477Z,1.323,3,1500,768x432,1.993725000000012,,
2025-12-20T13:26:35.149Z,1.031,3,1500,768x432,1.9274870000000135,,
2025-12-20T13:26:35.307Z,1.51,3,1500,768x432,1.9644570000000101,,
2025-12-20T13:26:35.962Z,1.223,3,1500,768x432,1.9023510000000101,,
2025-12-20T13:26:36.636Z,1.187,3,1500,768x432,1.9334580000000017,,
2025-12-20T13:26:37.303Z,0.899,3,1500,768x432,1.9838199999999802,,
2025-12-20T13:26:37.486Z,1.366,3,1500,768x432,1.995046000000002,,
2025-12-20T13:26:38.147Z,1.103,3,1500,768x432,1.9234739999999988,,
2025-12-20T13:26:38.812Z,1.057,3,1500,768x432,1.952003000000019,,
2025-12-20T13:26:38.978Z,1.302,3,1500,768x432,1.986027000000007,,
2025-12-20T13:26:39.642Z,1.264,3,1500,768x432,1.9262940000000128,,
2025-12-20T13:26:40.310Z,0.987,3,1500,768x432,1.9651610000000233,,
2025-12-20T13:26:40.449Z,1.216,3,1500,768x432,1.9236199999999997,,
2025-12-20T13:26:41.139Z,1.175,3,1500,768x432,1.9380740000000003,,
2025-12-20T13:26:41.780Z,0.889,3,1500,768x432,1.9920660000000225,,
2025-12-20T13:26:41.943Z,1.376,3,1500,768x432,1.9272339999999986,,
2025-12-20T13:26:42.695Z,1.083,3,1500,768x432,1.972405000000009,,
2025-12-20T13:26:42.966Z,1.317,3,1500,768x432,1.998075,,
2025-12-20T13:26:43.709Z,1.023,3,1500,768x432,1.9618360000000052,,
2025-12-20T13:26:43.960Z,1.255,3,1500,768x432,1.9029179999999997,,
2025-12-20T13:26:44.757Z,0.96,3,1500,768x432,1.9102639999999838,,
2025-12-20T13:26:45.025Z,1.191,3,1500,768x432,1.9392369999999914,,
2025-12-20T13:26:45.779Z,0.902,3,1500,768x432,1.9955659999999966,,
2025-12-20T13:26:46.010Z,1.143,3,1500,768x432,1.957854000000026,,
2025-12-20T13:26:46.773Z,1.096,3,1500,768x432,1.9911069999999995,,
2025-12-20T13:26:47.069Z,1.332,3,1500,768x432,1.9986569999999801,,
2025-12-20T13:26:47.741Z,1.035,3,1500,768x432,1.9295320000000231,,
2025-12-20T13:26:47.916Z,1.269,3,1500,768x432,1.9499680000000126,,
2025-12-20T13:26:48.636Z,1.246,3,1500,768x432,1.933561999999995,,
2025-12-20T13:26:49.360Z,0.957,3,1500,768x432,1.9216619999999978,,
2025-12-20T13:26:49.526Z,1.185,3,1500,768x432,1.954402999999985,,
2025-12-20T13:26:50.223Z,1.146,3,1500,768x432,1.9643709999999999,,
2025-12-20T13:26:50.409Z,1.337,3,1500,768x432,1.9743330000000014,,
2025-12-20T13:26:51.127Z,1.075,3,1500,768x432,1.9458180000000027,,
2025-12-20T13:26:51.812Z,1.032,3,1500,768x432,1.956198999999998,,
2025-12-20T13:26:52.061Z,1.27,3,1500,768x432,1.90851600000002,,
2025-12-20T13:26:52.736Z,0.976,3,1500,768x432,1.9362640000000226,,
2025-12-20T13:26:52.903Z,1.256,3,1500,768x432,1.9625269999999944,,
2025-12-20T13:26:53.572Z,1.187,3,1500,768x432,2.006561000000005,,
2025-12-20T13:26:54.226Z,1.132,3,1500,768x432,1.9599629999999877,,
2025-12-20T13:26:54.420Z,1.291,3,1500,768x432,1.966653999999977,,
2025-12-20T13:26:55.111Z,1.086,3,1500,768x432,1.9603850000000023,,
2025-12-20T13:26:55.828Z,1.044,3,1500,768x432,1.9365840000000105,,
2025-12-20T13:26:55.995Z,1.283,3,1500,768x432,1.9679319999999905,,
2025-12-20T13:26:56.683Z,0.991,3,1500,768x432,1.986785999999995,,
2025-12-20T13:26:56.887Z,1.468,3,1500,768x432,1.978695000000016,,
2025-12-20T13:26:57.554Z,1.201,3,1500,768x432,1.9185520000000054,,
2025-12-20T13:26:58.183Z,1.149,3,1500,768x432,1.9971370000000093,,
2025-12-20T13:26:58.347Z,1.417,3,1500,768x432,1.935559000000012,,
2025-12-20T13:26:59.150Z,1.099,3,1500,768x432,1.9212249999999926,,
2025-12-20T13:26:59.354Z,1.332,3,1500,768x432,1.9151119999999935,,
2025-12-20T13:27:00.071Z,1.291,3,1500,768x432,1.9980029999999829,,
2025-12-20T13:27:00.799Z,1.009,3,1500,768x432,1.9671490000000063,,
2025-12-20T13:27:00.975Z,1.193,3,1500,768x432,1.9883379999999988,,
2025-12-20T13:27:01.677Z,1.216,3,1500,768x432,1.9951059999999927,,
2025-12-20T13:27:01.840Z,1.447,3,1500,768x432,1.929994999999991,,
2025-12-20T13:27:02.547Z,1.147,3,1500,768x432,1.9184899999999914,,
2025-12-20T13:27:03.328Z,0.876,3,1500,768x432,1.9642279999999914,,
2025-12-20T13:27:03.618Z,1.099,3,1500,768x432,1.9623210000000029,,
2025-12-20T13:27:04.434Z,0.792,3,1500,768x432,1.9421959999999956,,
2025-12-20T13:27:04.750Z,1.025,3,1500,768x432,1.9236899999999935,,
2025-12-20T13:27:05.058Z,1.203,3,1500,768x432,1.9091600000000142,,
2025-12-20T13:27:05.876Z,0.963,3,1500,768x432,1.9907929999999965,,
2025-12-20T13:27:06.188Z,1.128,3,1500,768x432,1.984125000000006,,
2025-12-20T13:27:06.483Z,1.271,3,1500,768x432,1.9875209999999868,,
2025-12-20T13:27:07.287Z,0.864,3,1500,768x432,1.9796509999999898,,
2025-12-20T13:27:07.592Z,1.099,3,1500,768x432,1.9735170000000153,,
2025-12-20T13:27:08.373Z,0.804,3,1500,768x432,1.995822000000004,,
2025-12-20T13:27:08.650Z,1.038,3,1500,768x432,1.915107000000006,,
2025-12-20T13:27:08.922Z,1.239,3,1500,768x432,1.9444409999999834,,
2025-12-20T13:27:09.671Z,1.24,3,1500,768x432,2.000249999999994,,
2025-12-20T13:27:09.933Z,1.469,3,1500,768x432,1.9362210000000175,,
2025-12-20T13:27:10.709Z,1.188,3,1500,768x432,1.9622019999999907,,
2025-12-20T13:27:11.006Z,1.144,3,1500,768x432,1.9603670000000193,,
2025-12-20T13:27:11.901Z,0.848,3,1500,768x432,1.9642709999999965,,
2025-12-20T13:27:12.189Z,0.976,3,1500,768x432,1.9819710000000157,,
2025-12-20T13:27:12.472Z,1.318,3,1500,768x432,2.0012690000000077,,
2025-12-20T13:27:13.257Z,1.03,3,1500,768x432,1.9148940000000039,,
2025-12-20T13:27:13.454Z,1.261,3,1500,768x432,1.914713000000006,,
2025-12-20T13:27:14.136Z,1.209,3,1500,768x432,1.9380809999999826,,
2025-12-20T13:27:14.825Z,0.933,3,1500,768x432,1.9424600000000112,,
2025-12-20T13:27:15.012Z,1.16,3,1500,768x432,1.9536960000000079,,
2025-12-20T13:27:15.707Z,1.118,3,1500,768x432,1.9585019999999815,,
2025-12-20T13:27:15.902Z,1.348,3,1500,768x432,1.96485899999999,,
2025-12-20T13:27:16.595Z,1.067,3,1500,768x432,1.972988000000015,,
2025-12-20T13:27:17.317Z,0.903,3,1500,768x432,1.953989000000007,,
2025-12-20T13:27:17.500Z,1.277,3,1500,768x432,1.9686900000000094,,
2025-12-20T13:27:18.196Z,0.984,3,1500,768x432,1.982720999999998,,
2025-12-20T13:27:18.369Z,1.328,3,1500,768x432,2.0081420000000207,,
2025-12-20T13:27:19.075Z,1.175,3,1500,768x432,1.9932389999999884,,
2025-12-20T13:27:19.763Z,1.16,3,1500,768x432,1.9123240000000123,,
2025-12-20T13:27:19.897Z,1.387,3,1500,768x432,1.9752569999999992,,
2025-12-20T13:27:20.644Z,1.082,3,1500,768x432,1.9231139999999982,,
2025-12-20T13:27:21.321Z,1.054,3,1500,768x432,1.9521909999999991,,
2025-12-20T13:27:21.492Z,1.289,3,1500,768x432,1.9792949999999792,,
2025-12-20T13:27:22.186Z,1.003,3,1500,768x432,1.9910869999999932,,
2025-12-20T13:27:22.370Z,1.343,3,1500,768x432,2.0037499999999966,,
2025-12-20T13:27:23.126Z,1.191,3,1500,768x432,1.9522059999999897,,
2025-12-20T13:27:23.982Z,0.895,3,1500,768x432,1.983253999999988,,
2025-12-20T13:27:24.190Z,1.031,3,1500,768x432,1.9858509999999967,,
2025-12-20T13:27:24.400Z,1.37,3,1500,768x432,1.973858000000007,,
2025-12-20T13:27:25.099Z,1.074,3,1500,768x432,1.9732390000000066,,
2025-12-20T13:27:25.833Z,1.034,3,1500,768x432,1.9340699999999913,,
2025-12-20T13:27:26.069Z,1.191,3,1500,768x432,1.9969759999999894,,
2025-12-20T13:27:26.826Z,0.974,3,1500,768x432,1.9417430000000024,,
2025-12-20T13:27:27.130Z,1.113,3,1500,768x432,1.9340530000000058,,
2025-12-20T13:27:27.826Z,0.907,3,1500,768x432,1.941948999999994,,
2025-12-20T13:27:28.032Z,1.138,3,1500,768x432,1.934094000000016,,
2025-12-20T13:27:28.741Z,1.105,3,1500,768x432,1.9304410000000018,,
2025-12-20T13:27:28.995Z,1.285,3,1500,768x432,1.9683159999999873,,
2025-12-20T13:27:29.791Z,1.048,3,1500,768x432,1.9820100000000025,,
2025-12-20T13:27:30.137Z,1.028,3,1500,768x432,1.9452009999999973,,
2025-12-20T13:27:30.876Z,0.994,3,1500,768x432,1.9931320000000028,,
2025-12-20T13:27:31.316Z,0.956,3,1500,768x432,1.9512900000000002,,
2025-12-20T13:27:31.622Z,1.192,3,1500,768x432,1.947246999999976,,
2025-12-20T13:27:32.424Z,0.912,3,1500,768x432,1.9627839999999992,,
2025-12-20T13:27:32.743Z,1.145,3,1500,768x432,1.9341440000000034,,
2025-12-20T13:27:33.018Z,1.301,3,1500,768x432,1.9497400000000198,,
2025-12-20T13:27:33.799Z,1.068,3,1500,768x432,1.9644800000000089,,
2025-12-20T13:27:34.067Z,1.209,3,1500,768x432,2.0010739999999885,,
2025-12-20T13:27:34.778Z,1.006,3,1500,768x432,1.9903750000000002,,
2025-12-20T13:27:34.989Z,1.238,3,1500,768x432,1.9773670000000152,,
2025-12-20T13:27:35.713Z,0.942,3,1500,768x432,1.9508919999999819,,
2025-12-20T13:27:35.883Z,1.412,3,1500,768x432,1.9815240000000074,,
2025-12-20T13:27:36.567Z,1.147,3,1500,768x432,2.0028839999999946,,
2025-12-20T13:27:37.356Z,0.847,3,1500,768x432,1.9080710000000067,,
2025-12-20T13:27:37.632Z,1.083,3,1500,768x432,1.9330899999999929,,
2025-12-20T13:27:38.362Z,1.056,3,1500,768x432,1.9112859999999898,,
2025-12-20T13:27:38.600Z,1.292,3,1500,768x432,1.9684709999999939,,
2025-12-20T13:27:39.232Z,1,3,1500,768x432,1.947291000000007,,
2025-12-20T13:27:39.402Z,1.294,3,1500,768x432,1.9725530000000049,,
2025-12-20T13:27:40.125Z,1.191,3,1500,768x432,1.949547999999993,,
2025-12-20T13:27:40.805Z,0.901,3,1500,768x432,1.9638510000000053,,
2025-12-20T13:27:40.969Z,1.349,3,1500,768x432,1.9992840000000172,,
2025-12-20T13:27:41.639Z,1.105,3,1500,768x432,1.932893000000007,,
2025-12-20T13:27:42.323Z,1.072,3,1500,768x432,1.9452110000000005,,
2025-12-20T13:27:42.488Z,1.305,3,1500,768x432,1.9801889999999958,,
2025-12-20T13:27:43.163Z,1.016,3,1500,768x432,1.913488000000001,,
2025-12-20T13:27:43.343Z,1.324,3,1500,768x432,1.9328119999999842,,
2025-12-20T13:27:44.013Z,1.204,3,1500,768x432,1.9512730000000147,,
2025-12-20T13:27:44.678Z,1.176,3,1500,768x432,1.9972549999999956,,
2025-12-20T13:27:44.830Z,1.368,3,1500,768x432,1.9424449999999922,,
2025-12-20T13:27:45.464Z,1.386,3,1500,768x432,2.007128999999992,,
2025-12-20T13:27:46.141Z,1.082,3,1500,768x432,1.9261730000000057,,
2025-12-20T13:27:46.839Z,1.045,3,1500,768x432,1.9294710000000066,,
2025-12-20T13:27:47.051Z,1.193,3,1500,768x432,1.914810999999986,,
2025-12-20T13:27:47.742Z,0.989,3,1500,768x432,1.9303290000000004,,
2025-12-20T13:27:47.982Z,1.222,3,1500,768x432,1.982545000000016,,
2025-12-20T13:27:48.677Z,1.19,3,1500,768x432,1.9909920000000056,,
2025-12-20T13:27:48.918Z,1.379,3,1500,768x432,1.9473250000000064,,
2025-12-20T13:27:49.658Z,1.135,3,1500,768x432,1.911439999999999,,
2025-12-20T13:27:49.852Z,1.303,3,1500,768x432,1.918340999999998,,
2025-12-20T13:27:50.546Z,1.33,3,1500,768x432,1.9229019999999934,,
2025-12-20T13:27:51.246Z,1.044,3,1500,768x432,1.9272629999999822,,
2025-12-20T13:27:51.457Z,1.276,3,1500,768x432,1.912557000000021,,
2025-12-20T13:27:52.112Z,1.239,3,1500,768x432,1.9645240000000115,,
2025-12-20T13:27:52.848Z,0.949,3,1500,768x432,1.9201050000000066,,
2025-12-20T13:27:53.031Z,1.176,3,1500,768x432,1.9373349999999903,,
2025-12-20T13:27:53.703Z,1.145,3,1500,768x432,1.9643949999999961,,
2025-12-20T13:27:53.895Z,1.334,3,1500,768x432,1.9694860000000176,,
2025-12-20T13:27:54.590Z,1.09,3,1500,768x432,1.983005999999989,,
2025-12-20T13:27:55.308Z,1.055,3,1500,768x432,1.9616330000000062,,
2025-12-20T13:27:55.485Z,1.291,3,1500,768x432,1.9848410000000172,,
2025-12-20T13:27:56.182Z,1.001,3,1500,768x432,1.9962400000000002,,
2025-12-20T13:27:56.344Z,1.479,3,1500,768x432,1.9357870000000048,,
2025-12-20T13:27:57.036Z,1.192,3,1500,768x432,1.9291369999999972,,
2025-12-20T13:27:57.743Z,1.161,3,1500,768x432,1.9215039999999988,,
2025-12-20T13:27:57.888Z,1.366,3,1500,768x432,1.979547999999994,,
2025-12-20T13:27:58.551Z,1.098,3,1500,768x432,1.9146910000000048,,
2025-12-20T13:27:59.236Z,1.074,3,1500,768x432,1.9354629999999986,,
2025-12-20T13:27:59.407Z,1.306,3,1500,768x432,1.964511999999985,,
2025-12-20T13:28:00.094Z,1.257,3,1500,768x432,1.9765510000000006,,
2025-12-20T13:28:00.843Z,0.975,3,1500,768x432,1.9262270000000115,,
2025-12-20T13:28:01.075Z,1.086,3,1500,768x432,1.995629000000008,,
2025-12-20T13:28:01.757Z,0.912,3,1500,768x432,1.9068189999999845,,
2025-12-20T13:28:01.954Z,1.363,3,1500,768x432,1.9134459999999933,,
2025-12-20T13:28:02.626Z,1.118,3,1500,768x432,1.9410819999999944,,
2025-12-20T13:28:03.308Z,1.08,3,1500,768x432,1.9599090000000103,,
2025-12-20T13:28:03.491Z,1.321,3,1500,768x432,1.97832200000002,,
2025-12-20T13:28:04.187Z,1.03,3,1500,768x432,1.9980119999999886,,
2025-12-20T13:28:04.312Z,1.47,3,1500,768x432,1.960942000000017,,
2025-12-20T13:28:04.976Z,1.224,3,1500,768x432,1.9895239999999887,,
2025-12-20T13:28:05.669Z,1.179,3,1500,768x432,2.000659000000013,,
2025-12-20T13:28:05.833Z,1.366,3,1500,768x432,1.9329010000000153,,
2025-12-20T13:28:06.526Z,1.389,3,1500,768x432,1.9483249999999828,,
2025-12-20T13:28:07.204Z,0.987,3,1500,768x432,1.963643999999988,,
2025-12-20T13:28:07.381Z,1.32,3,1500,768x432,1.9847970000000146,,
2025-12-20T13:28:08.053Z,1.286,3,1500,768x432,1.916620000000023,,
2025-12-20T13:28:08.750Z,0.994,3,1500,768x432,1.9177769999999725,,
2025-12-20T13:28:08.916Z,1.402,3,1500,768x432,1.9514130000000023,,
2025-12-20T13:28:09.632Z,1.193,3,1500,768x432,1.9328399999999988,,
2025-12-20T13:28:10.381Z,0.918,3,1500,768x432,2.0025109999999984,,
2025-12-20T13:28:10.611Z,1.144,3,1500,768x432,1.9670370000000048,,
2025-12-20T13:28:11.350Z,0.832,3,1500,768x432,1.919717999999989,,
2025-12-20T13:28:11.569Z,1.302,3,1500,768x432,1.9982200000000034,,
2025-12-20T13:28:12.278Z,1.04,3,1500,768x432,1.9949330000000032,,
2025-12-20T13:28:12.509Z,1.275,3,1500,768x432,1.9618190000000197,,
2025-12-20T13:28:13.262Z,0.987,3,1500,768x432,1.9150239999999883,,
2025-12-20T13:28:13.443Z,1.217,3,1500,768x432,1.9295580000000143,,
2025-12-20T13:28:14.144Z,1.178,3,1500,768x432,1.932615999999996,,
2025-12-20T13:28:14.890Z,0.886,3,1500,768x432,1.9783470000000136,,
2025-12-20T13:28:15.066Z,1.115,3,1500,768x432,2.002219999999994,,
2025-12-20T13:28:15.767Z,1.08,3,1500,768x432,1.9967690000000005,,
2025-12-20T13:28:15.936Z,1.224,3,1500,768x432,1.9280980000000056,,
2025-12-20T13:28:16.621Z,1.291,3,1500,768x432,1.9469170000000133,,
2025-12-20T13:28:17.302Z,0.998,3,1500,768x432,1.9753199999999822,,
2025-12-20T13:28:17.542Z,1.228,3,1500,768x432,1.9294460000000129,,
2025-12-20T13:28:18.232Z,0.942,3,1500,768x432,1.9501989999999978,,
2025-12-20T13:28:18.436Z,1.434,3,1500,768x432,1.9463399999999922,,
2025-12-20T13:28:19.193Z,1.131,3,1500,768x432,1.988993999999991,,
2025-12-20T13:28:19.419Z,1.391,3,1500,768x432,1.971843000000007,,
2025-12-20T13:28:20.108Z,1.078,3,1500,768x432,1.9714680000000158,,
2025-12-20T13:28:20.814Z,1.034,3,1500,768x432,1.9517950000000042,,
2025-12-20T13:28:20.996Z,1.272,3,1500,768x432,1.9713239999999814,,
2025-12-20T13:28:21.682Z,0.975,3,1500,768x432,1.9869799999999884,,
2025-12-20T13:28:21.882Z,1.43,3,1500,768x432,1.9859170000000006,,
2025-12-20T13:28:22.581Z,1.175,3,1500,768x432,1.9869999999999663,,
2025-12-20T13:28:23.249Z,1.142,3,1500,768x432,1.9373360000000162,,
2025-12-20T13:28:23.473Z,1.403,3,1500,768x432,2.012621000000024,,
2025-12-20T13:28:24.179Z,1.088,3,1500,768x432,1.9917370000000005,,
2025-12-20T13:28:24.374Z,1.323,3,1500,768x432,1.9971000000000458,,
2025-12-20T13:28:25.075Z,1.271,3,1500,768x432,1.9946429999999964,,
2025-12-20T13:28:25.751Z,0.988,3,1500,768x432,1.9145780000000059,,
2025-12-20T13:28:25.926Z,1.223,3,1500,768x432,1.9437960000000203,,
2025-12-20T13:28:26.596Z,1.192,3,1500,768x432,1.9702879999999823,,
2025-12-20T13:28:27.204Z,0.996,3,1500,768x432,1.981408999999985,,
2025-12-20T13:28:27.359Z,1.42,3,1500,768x432,1.9273850000000152,,
2025-12-20T13:28:28.116Z,1.101,3,1500,768x432,1.9523399999999924,,
2025-12-20T13:28:28.814Z,1.068,3,1500,768x432,1.949510000000032,,
2025-12-20T13:28:29.001Z,1.206,3,1500,768x432,1.9612730000000056,,
2025-12-20T13:28:29.677Z,1.007,3,1500,768x432,1.9907249999999976,,
2025-12-20T13:28:29.834Z,1.474,3,1500,768x432,1.931133999999986,,
2025-12-20T13:28:30.539Z,1.208,3,1500,768x432,1.9258029999999735,,
2025-12-20T13:28:31.216Z,1.166,3,1500,768x432,1.968921000000023,,
2025-12-20T13:28:31.391Z,1.432,3,1500,768x432,1.9915320000000065,,
2025-12-20T13:28:32.080Z,1.116,3,1500,768x432,1.9874280000000226,,
2025-12-20T13:28:32.724Z,1.072,3,1500,768x432,1.944749999999999,,
2025-12-20T13:28:32.862Z,1.317,3,1500,768x432,1.9061260000000289,,
2025-12-20T13:28:33.543Z,1.293,3,1500,768x432,1.9290320000000065,,
2025-12-20T13:28:34.299Z,1.002,3,1500,768x432,1.980825999999979,,
2025-12-20T13:28:34.556Z,1.232,3,1500,768x432,1.9143139999999903,,
2025-12-20T13:28:35.267Z,0.941,3,1500,768x432,2.0172000000000025,,
2025-12-20T13:28:35.532Z,1.155,3,1500,768x432,1.94488199999995,,
2025-12-20T13:28:36.214Z,1.114,3,1500,768x432,1.9523639999999887,,
2025-12-20T13:28:36.413Z,1.35,3,1500,768x432,1.9513299999999845,,
2025-12-20T13:28:37.137Z,1.057,3,1500,768x432,1.9379349999999818,,
2025-12-20T13:28:37.840Z,1.011,3,1500,768x432,1.9282480000000533,,
2025-12-20T13:28:38.036Z,1.255,3,1500,768x432,1.9283229999999776,,
2025-12-20T13:28:38.706Z,0.957,3,1500,768x432,1.9628329999999892,,
2025-12-20T13:28:38.877Z,1.379,3,1500,768x432,1.9873489999999947,,
2025-12-20T13:28:39.580Z,1.167,3,1500,768x432,1.9895139999999856,,
2025-12-20T13:28:40.298Z,0.861,3,1500,768x432,1.9662879999999632,,
2025-12-20T13:28:40.507Z,1.349,3,1500,768x432,1.956136000000015,,
2025-12-20T13:28:41.223Z,1.069,3,1500,768x432,1.9456670000000145,,
2025-12-20T13:28:41.483Z,1.306,3,1500,768x432,1.9863550000000032,,
2025-12-20T13:28:42.177Z,1.017,3,1500,768x432,1.9976120000000037,,
2025-12-20T13:28:42.353Z,1.482,3,1500,768x432,1.9222120000000018,,
2025-12-20T13:28:43.034Z,1.206,3,1500,768x432,1.9304019999999582,,
2025-12-20T13:28:43.724Z,1.167,3,1500,768x432,1.9423630000000003,,
2025-12-20T13:28:43.906Z,1.298,3,1500,768x432,1.9566669999999817,,
2025-12-20T13:28:44.599Z,1.125,3,1500,768x432,1.9771029999999996,,
2025-12-20T13:28:45.284Z,1.063,3,1500,768x432,1.9851340000000164,,
2025-12-20T13:28:45.452Z,1.305,3,1500,768x432,1.9181609999999978,,
2025-12-20T13:28:46.129Z,1.26,3,1500,768x432,1.9467089999999985,,
2025-12-20T13:28:46.819Z,0.974,3,1500,768x432,1.9470519999999851,,
2025-12-20T13:28:47.009Z,1.206,3,1500,768x432,1.9575609999999983,,
2025-12-20T13:28:47.634Z,1.151,3,1500,768x432,1.9345230000000129,,
2025-12-20T13:28:48.285Z,0.903,3,1500,768x432,2.0025359999999637,,
2025-12-20T13:28:48.448Z,1.386,3,1500,768x432,1.9375080000000366,,
2025-12-20T13:28:49.162Z,1.091,3,1500,768x432,1.9100689999999645,,
2025-12-20T13:28:49.358Z,1.324,3,1500,768x432,1.914104000000009,,
2025-12-20T13:28:50.072Z,1.277,3,1500,768x432,1.9944020000000364,,
2025-12-20T13:28:50.761Z,0.992,3,1500,768x432,1.9074759999999742,,
2025-12-20T13:28:50.944Z,1.224,3,1500,768x432,1.9211080000000038,,
2025-12-20T13:28:51.631Z,1.2,3,1500,768x432,1.9386860000000183,,
2025-12-20T13:28:52.329Z,0.918,3,1500,768x432,1.9588880000000017,,
2025-12-20T13:28:52.498Z,1.34,3,1500,768x432,1.9819570000000226,,
2025-12-20T13:28:53.112Z,1.098,3,1500,768x432,1.9601309999999899,,
2025-12-20T13:28:53.735Z,1.069,3,1500,768x432,1.9331880000000297,,
2025-12-20T13:28:53.892Z,1.299,3,1500,768x432,1.9726990000000342,,
2025-12-20T13:28:54.557Z,1.264,3,1500,768x432,1.9102149999999938,,
2025-12-20T13:28:55.235Z,0.987,3,1500,768x432,1.941737000000046,,
2025-12-20T13:28:55.415Z,1.425,3,1500,768x432,1.9606070000000386,,
2025-12-20T13:28:56.174Z,1.177,3,1500,768x432,2.0084289999999783,,
2025-12-20T13:28:56.337Z,1.35,3,1500,768x432,1.9492859999999723,,
2025-12-20T13:28:57.052Z,1.114,3,1500,768x432,1.916877999999997,,
2025-12-20T13:28:57.750Z,1.08,3,1500,768x432,1.919277999999963,,
2025-12-20T13:28:57.935Z,1.315,3,1500,768x432,1.92897499999998,,
2025-12-20T13:28:58.634Z,1.276,3,1500,768x432,1.9367489999999634,,
2025-12-20T13:28:59.318Z,0.987,3,1500,768x432,1.95771400000001,,
2025-12-20T13:28:59.490Z,1.214,3,1500,768x432,1.9822859999999878,,
2025-12-20T13:29:00.196Z,1.166,3,1500,768x432,1.9857170000000224,,
2025-12-20T13:29:00.382Z,1.349,3,1500,768x432,2.0027339999999754,,
2025-12-20T13:29:01.147Z,1.115,3,1500,768x432,1.9197839999999928,,
2025-12-20T13:29:01.946Z,0.815,3,1500,768x432,1.91798399999999,,
2025-12-20T13:29:02.217Z,1.027,3,1500,768x432,1.956054999999992,,
2025-12-20T13:29:02.458Z,1.291,3,1500,768x432,1.9098500000000058,,
2025-12-20T13:29:03.247Z,0.997,3,1500,768x432,1.9306569999999965,,
2025-12-20T13:29:03.462Z,1.231,3,1500,768x432,1.9169309999999768,,
2025-12-20T13:29:04.126Z,1.183,3,1500,768x432,1.9492950000000064,,
2025-12-20T13:29:04.892Z,0.898,3,1500,768x432,1.9810429999999997,,
2025-12-20T13:29:05.195Z,1.084,3,1500,768x432,1.9694479999999999,,
2025-12-20T13:29:05.426Z,1.224,3,1500,768x432,1.9367399999999861,,
2025-12-20T13:29:06.160Z,1.069,3,1500,768x432,1.9079169999999976,,
2025-12-20T13:29:06.584Z,1.13,3,1500,768x432,1.982086000000038,,
2025-12-20T13:29:07.337Z,0.918,3,1500,768x432,1.9356750000000034,,
2025-12-20T13:29:07.625Z,1.055,3,1500,768x432,1.9451299999999492,,
2025-12-20T13:29:08.429Z,0.955,3,1500,768x432,1.9489199999999869,,
2025-12-20T13:29:08.745Z,0.91,3,1500,768x432,1.926240000000007,,
2025-12-20T13:29:09.055Z,1.114,3,1500,768x432,1.9114249999999515,,
2025-12-20T13:29:09.817Z,0.845,3,1500,768x432,1.9469609999999875,,
2025-12-20T13:29:10.056Z,1.331,3,1500,768x432,1.914086999999995,,
2025-12-20T13:29:10.695Z,1.051,3,1500,768x432,1.9737670000000094,,
2025-12-20T13:29:10.721Z,1.454,3,1500,768x432,1.9475719999999797,,
2025-12-20T13:29:10.793Z,1.928,1,600,480x270,1.9742150000000152,,
2025-12-20T13:29:11.048Z,2.076,1,600,480x270,1.9195839999999862,,
2025-12-20T13:29:11.123Z,2.101,3,1500,768x432,1.9498379999999997,,
2025-12-20T13:29:12.422Z,0.973,3,1500,768x432,1.9586360000000127,,
2025-12-20T13:29:12.710Z,0.975,3,1500,768x432,1.9593499999999722,,
2025-12-20T13:29:12.982Z,1.429,3,1500,768x432,1.9820179999999823,,
2025-12-20T13:29:13.767Z,1.128,3,1500,768x432,2.0001439999999775,,
2025-12-20T13:29:14.044Z,1.364,3,1500,768x432,1.9217399999999998,,
2025-12-20T13:29:14.839Z,1.069,3,1500,768x432,1.9277519999999981,,
2025-12-20T13:29:15.127Z,1.043,3,1500,768x432,1.9490579999999795,,
2025-12-20T13:29:15.916Z,0.74,3,1500,768x432,1.9532540000000154,,
2025-12-20T13:29:16.203Z,0.983,3,1500,768x432,1.9757129999999847,,
2025-12-20T13:29:16.489Z,1.216,3,1500,768x432,1.987683000000004,,
2025-12-20T13:29:17.219Z,0.994,3,1500,768x432,1.9670699999999783,,
2025-12-20T13:29:17.449Z,1.3,3,1500,768x432,1.9316789999999742,,
2025-12-20T13:29:18.226Z,1.109,3,1500,768x432,1.9418269999999893,,
2025-12-20T13:29:18.526Z,1.209,3,1500,768x432,1.9394789999999489,,
2025-12-20T13:29:19.356Z,1.059,3,1500,768x432,1.9121390000000247,,
2025-12-20T13:29:19.637Z,1.022,3,1500,768x432,1.9297619999999824,,
2025-12-20T13:29:20.337Z,0.995,3,1500,768x432,1.9358890000000315,,
2025-12-20T13:29:20.544Z,1.23,3,1500,768x432,1.9255749999999807,,
2025-12-20T13:29:21.255Z,0.931,3,1500,768x432,1.9309350000000336,,
2025-12-20T13:29:21.458Z,1.305,3,1500,768x432,1.9209899999999607,,
2025-12-20T13:29:22.170Z,1.116,3,1500,768x432,1.9976520000000164,,
2025-12-20T13:29:22.379Z,1.348,3,1500,768x432,1.9910670000000437,,
2025-12-20T13:29:23.093Z,1.305,3,1500,768x432,1.9781259999999747,,
2025-12-20T13:29:23.874Z,1.024,3,1500,768x432,1.9907499999999914,,
2025-12-20T13:29:24.105Z,1.224,3,1500,768x432,1.9678149999999732,,
2025-12-20T13:29:24.842Z,0.962,3,1500,768x432,1.9296119999999632,,
2025-12-20T13:29:25.068Z,1.143,3,1500,768x432,1.9996580000000108,,
2025-12-20T13:29:25.794Z,0.898,3,1500,768x432,1.974999999999966,,
2025-12-20T13:29:25.966Z,1.36,3,1500,768x432,2.000756000000024,,
2025-12-20T13:29:26.696Z,1.098,3,1500,768x432,1.9719600000000241,,
2025-12-20T13:29:26.925Z,1.317,3,1500,768x432,1.9394750000000158,,
2025-12-20T13:29:27.627Z,1.037,3,1500,768x432,1.9438949999999977,,
2025-12-20T13:29:28.314Z,1.014,3,1500,768x432,1.9629470000000424,,
2025-12-20T13:29:28.602Z,1.246,3,1500,768x432,1.9673779999999965,,
2025-12-20T13:29:29.403Z,0.957,3,1500,768x432,1.9738739999999666,,
2025-12-20T13:29:29.701Z,1.186,3,1500,768x432,1.9722129999999538,,
2025-12-20T13:29:29.966Z,1.416,3,1500,768x432,2.0002789999999777,,
2025-12-20T13:29:30.710Z,1.112,3,1500,768x432,1.9539859999999862,,
2025-12-20T13:29:30.895Z,1.35,3,1500,768x432,1.976146999999969,,
2025-12-20T13:29:31.814Z,1.054,3,1500,768x432,1.9526940000000081,,
2025-12-20T13:29:32.059Z,1.27,3,1500,768x432,1.909546999999975,,
2025-12-20T13:29:32.795Z,0.991,3,1500,768x432,1.9788320000000112,,
2025-12-20T13:29:33.093Z,1.191,3,1500,768x432,1.981313,,
2025-12-20T13:29:33.872Z,0.933,3,1500,768x432,1.9935489999999731,,
2025-12-20T13:29:34.123Z,1.111,3,1500,768x432,1.9556200000000104,,
2025-12-20T13:29:34.932Z,0.869,3,1500,768x432,1.9367430000000354,,
2025-12-20T13:29:35.323Z,0.834,3,1500,768x432,1.9470830000000205,,
2025-12-20T13:29:35.655Z,1.068,3,1500,768x432,1.9163199999999847,,
2025-12-20T13:29:35.986Z,1.299,3,1500,768x432,1.9807059999999979,,
2025-12-20T13:29:36.812Z,0.987,3,1500,768x432,1.960249000000033,,
2025-12-20T13:29:37.113Z,1.222,3,1500,768x432,1.9613610000000108,,
2025-12-20T13:29:37.933Z,0.928,3,1500,768x432,1.9377570000000333,,
2025-12-20T13:29:38.341Z,0.917,3,1500,768x432,1.9524230000000102,,
2025-12-20T13:29:38.724Z,1.139,3,1500,768x432,1.9534850000000006,,
2025-12-20T13:29:39.111Z,1.099,3,1500,768x432,1.956986000000029,,
2025-12-20T13:29:39.925Z,0.799,3,1500,768x432,1.9398419999999987,,
2025-12-20T13:29:40.235Z,0.98,3,1500,768x432,1.9364779999999655,,
2025-12-20T13:29:40.540Z,1.119,3,1500,768x432,1.9281839999999875,,
2025-12-20T13:29:41.390Z,0.989,3,1500,768x432,1.9857400000000212,,
2025-12-20T13:29:41.760Z,0.947,3,1500,768x432,1.908614,,
2025-12-20T13:29:42.111Z,1.173,3,1500,768x432,1.965750000000014,,
2025-12-20T13:29:43.051Z,0.618,3,1500,768x432,1.9206659999999829,,
2025-12-20T13:29:43.361Z,0.85,3,1500,768x432,1.908531000000039,,
2025-12-20T13:29:43.702Z,1.083,3,1500,768x432,1.9664099999999962,,
2025-12-20T13:29:44.048Z,1.311,3,1500,768x432,1.9189230000000066,,
2025-12-20T13:29:44.740Z,1.019,3,1500,768x432,1.926934000000017,,
2025-12-20T13:29:44.936Z,1.252,3,1500,768x432,1.9277769999999919,,
2025-12-20T13:29:45.653Z,1.224,3,1500,768x432,1.9161880000000338,,
2025-12-20T13:29:45.810Z,1.457,3,1500,768x432,1.9571520000000078,,
2025-12-20T13:29:46.505Z,1.174,3,1500,768x432,1.9757470000000126,,
2025-12-20T13:29:47.186Z,0.998,3,1500,768x432,1.9956880000000297,,
2025-12-20T13:29:47.357Z,1.387,3,1500,768x432,1.9331080000000043,,
2025-12-20T13:29:48.121Z,1.078,3,1500,768x432,1.9594700000000103,,
2025-12-20T13:29:48.830Z,1.036,3,1500,768x432,1.9373150000000123,,
2025-12-20T13:29:48.998Z,1.27,3,1500,768x432,1.9655010000000175,,
2025-12-20T13:29:49.807Z,0.962,3,1500,768x432,1.9623470000000225,,
2025-12-20T13:29:50.082Z,1.193,3,1500,768x432,1.9934319999999843,,
2025-12-20T13:29:50.849Z,0.902,3,1500,768x432,1.9220789999999965,,
2025-12-20T13:29:51.143Z,1.13,3,1500,768x432,1.9216049999999996,,
2025-12-20T13:29:51.892Z,0.833,3,1500,768x432,1.972217999999998,,
2025-12-20T13:29:52.164Z,1.07,3,1500,768x432,1.909926999999982,,
2025-12-20T13:29:52.428Z,1.305,3,1500,768x432,1.9448040000000333,,
2025-12-20T13:29:53.229Z,1.016,3,1500,768x432,1.9467960000000062,,
2025-12-20T13:29:53.501Z,1.244,3,1500,768x432,1.977000999999973,,
2025-12-20T13:29:54.270Z,0.955,3,1500,768x432,2.0158610000000294,,
2025-12-20T13:29:54.572Z,1.189,3,1500,768x432,2.005239999999958,,
2025-12-20T13:29:55.340Z,0.901,3,1500,768x432,1.9475100000000225,,
2025-12-20T13:29:55.586Z,1.126,3,1500,768x432,1.9965889999999717,,
2025-12-20T13:29:56.347Z,0.82,3,1500,768x432,1.923007000000041,,
2025-12-20T13:29:56.594Z,1.209,3,1500,768x432,1.9737079999999878,,
2025-12-20T13:29:57.296Z,0.99,3,1500,768x432,1.9782809999999813,,
2025-12-20T13:29:57.486Z,1.261,3,1500,768x432,1.9870140000000447,,
2025-12-20T13:29:58.152Z,1.223,3,1500,768x432,1.9246410000000083,,
2025-12-20T13:29:58.313Z,1.424,3,1500,768x432,1.9648910000000228,,
2025-12-20T13:29:58.999Z,1.161,3,1500,768x432,1.9689490000000092,,
2025-12-20T13:29:59.686Z,1.146,3,1500,768x432,1.9891460000000052,,
2025-12-20T13:29:59.882Z,1.369,3,1500,768x432,1.9902700000000095,,
2025-12-20T13:30:00.577Z,1.328,3,1500,768x432,1.99305099999998,,
2025-12-20T13:30:01.281Z,1.045,3,1500,768x432,1.9901879999999892,,
2025-12-20T13:30:01.462Z,1.274,3,1500,768x432,1.9059239999999704,,
2025-12-20T13:30:02.144Z,1.229,3,1500,768x432,1.933795000000032,,
2025-12-20T13:30:02.853Z,0.945,3,1500,768x432,1.9177270000000135,,
2025-12-20T13:30:03.022Z,1.16,3,1500,768x432,1.9432500000000346,,
2025-12-20T13:30:03.702Z,1.154,3,1500,768x432,1.9745939999999678,,
2025-12-20T13:30:03.913Z,1.388,3,1500,768x432,1.955212999999958,,
2025-12-20T13:30:04.607Z,1.081,3,1500,768x432,1.9574790000000348,,
2025-12-20T13:30:05.281Z,1.051,3,1500,768x432,1.9890020000000277,,
2025-12-20T13:30:05.449Z,1.29,3,1500,768x432,1.919497999999976,,
2025-12-20T13:30:06.125Z,1.251,3,1500,768x432,1.9505719999999656,,
2025-12-20T13:30:06.886Z,0.962,3,1500,768x432,1.983141000000046,,
2025-12-20T13:30:07.061Z,1.19,3,1500,768x432,1.9054330000000164,,
2025-12-20T13:30:07.732Z,1.169,3,1500,768x432,1.9422839999999724,,
2025-12-20T13:30:07.885Z,1.402,3,1500,768x432,1.9870829999999842,,
2025-12-20T13:30:08.607Z,1.096,3,1500,768x432,1.9591729999999643,,
2025-12-20T13:30:09.344Z,1.071,3,1500,768x432,1.9279720000000111,,
2025-12-20T13:30:09.554Z,1.181,3,1500,768x432,1.912571000000014,,
2025-12-20T13:30:10.272Z,1.014,3,1500,768x432,2.0040290000000027,,
2025-12-20T13:30:10.485Z,1.247,3,1500,768x432,1.98580800000002,,
2025-12-20T13:30:11.206Z,1.196,3,1500,768x432,1.977909000000011,,
2025-12-20T13:30:11.420Z,1.347,3,1500,768x432,1.9567579999999793,,
2025-12-20T13:30:12.134Z,1.146,3,1500,768x432,1.9408510000000092,,
2025-12-20T13:30:12.837Z,0.857,3,1500,768x432,1.9375370000000203,,
2025-12-20T13:30:13.009Z,1.319,3,1500,768x432,1.9571889999999712,,
2025-12-20T13:30:13.700Z,1.052,3,1500,768x432,1.9691079999999488,,
2025-12-20T13:30:13.896Z,1.254,3,1500,768x432,1.9693670000000338,,
2025-12-20T13:30:14.638Z,1.255,3,1500,768x432,1.930070999999998,,
2025-12-20T13:30:15.386Z,0.973,3,1500,768x432,1.9972280000000069,,
2025-12-20T13:30:15.647Z,1.199,3,1500,768x432,1.9277040000000056,,
2025-12-20T13:30:16.466Z,0.916,3,1500,768x432,2.015188999999964,,
2025-12-20T13:30:16.741Z,1.142,3,1500,768x432,1.9309819999999718,,
2025-12-20T13:30:16.993Z,1.338,3,1500,768x432,1.9745090000000118,,
2025-12-20T13:30:17.743Z,1.067,3,1500,768x432,1.9220100000000002,,
2025-12-20T13:30:17.982Z,1.254,3,1500,768x432,1.9846650000000068,,
2025-12-20T13:30:18.729Z,1.003,3,1500,768x432,1.9411809999999718,,
2025-12-20T13:30:18.967Z,1.24,3,1500,768x432,1.9984699999999975,,
2025-12-20T13:30:19.677Z,1.208,3,1500,768x432,1.995807999999954,,
2025-12-20T13:30:19.870Z,1.429,3,1500,768x432,1.9954359999999838,,
2025-12-20T13:30:20.567Z,1.145,3,1500,768x432,1.999447000000032,,
2025-12-20T13:30:21.282Z,1.113,3,1500,768x432,1.9855809999999678,,
2025-12-20T13:30:21.492Z,1.35,3,1500,768x432,1.9762760000000412,,
2025-12-20T13:30:22.215Z,1.057,3,1500,768x432,1.955835000000036,,
2025-12-20T13:30:22.460Z,1.287,3,1500,768x432,1.9102939999999649,,
2025-12-20T13:30:23.154Z,1.253,3,1500,768x432,1.9257989999999836,,
2025-12-20T13:30:23.333Z,1.327,3,1500,768x432,1.9468729999999823,,
2025-12-20T13:30:24.130Z,1.193,3,1500,768x432,1.9487060000000156,,
2025-12-20T13:30:24.839Z,0.901,3,1500,768x432,1.9317120000000045,,
2025-12-20T13:30:25.089Z,1.126,3,1500,768x432,1.9837059999999838,,
2025-12-20T13:30:25.859Z,0.831,3,1500,768x432,1.9055520000000001,,
2025-12-20T13:30:26.135Z,1.069,3,1500,768x432,1.9399889999999687,,
2025-12-20T13:30:27.074Z,0.765,3,1500,768x432,1.996565999999973,,
2025-12-20T13:30:27.363Z,0.839,3,1500,768x432,1.9119150000000218,,
2025-12-20T13:30:27.627Z,1.244,3,1500,768x432,1.9475050000000351,,
2025-12-20T13:30:28.405Z,0.953,3,1500,768x432,1.9723189999999704,,
2025-12-20T13:30:28.656Z,1.188,3,1500,768x432,1.9219429999999988,,
2025-12-20T13:30:28.958Z,1.396,3,1500,768x432,1.9074679999999944,,
2025-12-20T13:30:29.765Z,1.119,3,1500,768x432,2.001168000000007,,
2025-12-20T13:30:29.993Z,1.303,3,1500,768x432,1.9737700000000018,,
2025-12-20T13:30:30.763Z,1.051,3,1500,768x432,1.90416799999997,,
2025-12-20T13:30:30.994Z,1.221,3,1500,768x432,1.9705940000000055,,
2025-12-20T13:30:31.786Z,0.989,3,1500,768x432,1.9838140000000521,,
2025-12-20T13:30:32.099Z,1.143,3,1500,768x432,1.9727659999999787,,
2025-12-20T13:30:32.947Z,0.932,3,1500,768x432,1.9257709999999975,,
2025-12-20T13:30:33.202Z,1.07,3,1500,768x432,1.9716149999999857,,
2025-12-20T13:30:33.463Z,1.211,3,1500,768x432,1.9085620000000176,,
2025-12-20T13:30:34.226Z,1.1,3,1500,768x432,1.941648999999984,,
2025-12-20T13:30:34.506Z,1.327,3,1500,768x432,1.9586170000000038,,
2025-12-20T13:30:35.319Z,1.046,3,1500,768x432,1.95534600000002,,
2025-12-20T13:30:35.600Z,1.053,3,1500,768x432,1.9718950000000177,,
2025-12-20T13:30:36.433Z,0.986,3,1500,768x432,1.9404249999999479,,
2025-12-20T13:30:36.802Z,0.947,3,1500,768x432,1.963692999999978,,
2025-12-20T13:30:37.122Z,1.114,3,1500,768x432,1.9475330000000213,,
2025-12-20T13:30:37.928Z,0.876,3,1500,768x432,1.9379339999999843,,
2025-12-20T13:30:38.189Z,1.038,3,1500,768x432,1.9832430000000159,,
2025-12-20T13:30:38.486Z,1.177,3,1500,768x432,1.9794329999999718,,
2025-12-20T13:30:39.264Z,1.059,3,1500,768x432,2.0060119999999984,,
2025-12-20T13:30:39.553Z,1.1,3,1500,768x432,1.9203410000000076,,
2025-12-20T13:30:40.345Z,0.999,3,1500,768x432,1.9276070000000232,,
2025-12-20T13:30:40.650Z,1.004,3,1500,768x432,1.924899000000039,,
2025-12-20T13:30:40.947Z,1.463,3,1500,768x432,1.9222820000000524,,
2025-12-20T13:30:41.766Z,0.898,3,1500,768x432,2.0058740000000057,,
2025-12-20T13:30:42.066Z,1.125,3,1500,768x432,1.9983899999999721,,
2025-12-20T13:30:42.815Z,1.092,3,1500,768x432,1.9491310000000226,,
2025-12-20T13:30:43.051Z,1.333,3,1500,768x432,1.9193219999999656,,
2025-12-20T13:30:43.956Z,0.768,3,1500,768x432,1.9069539999999847,,
2025-12-20T13:30:44.233Z,1.01,3,1500,768x432,1.9432949999999778,,
2025-12-20T13:30:44.518Z,1.246,3,1500,768x432,1.956054999999992,,
2025-12-20T13:30:45.286Z,0.955,3,1500,768x432,1.9965849999999818,,
2025-12-20T13:30:45.560Z,1.189,3,1500,768x432,1.9147299999999632,,
2025-12-20T13:30:46.181Z,1.13,3,1500,768x432,2.0027880000000096,,
2025-12-20T13:30:46.395Z,1.404,3,1500,768x432,1.9925180000000182,,
2025-12-20T13:30:47.145Z,1.092,3,1500,768x432,1.9315139999999928,,
2025-12-20T13:30:47.940Z,0.786,3,1500,768x432,1.9235400000000027,,
2025-12-20T13:30:48.189Z,1.031,3,1500,768x432,1.987856000000022,,
2025-12-20T13:30:48.457Z,1.258,3,1500,768x432,1.9131869999999935,,
2025-12-20T13:30:49.225Z,0.972,3,1500,768x432,1.9575869999999895,,
2025-12-20T13:30:49.480Z,1.2,3,1500,768x432,1.9972359999999867,,
2025-12-20T13:30:50.435Z,0.915,3,1500,768x432,1.9518530000000283,,
2025-12-20T13:30:50.690Z,1.144,3,1500,768x432,1.9903600000000097,,
2025-12-20T13:30:50.919Z,1.351,3,1500,768x432,1.9572239999999965,,
2025-12-20T13:30:51.611Z,1.064,3,1500,768x432,1.9620380000000068,,
2025-12-20T13:30:52.343Z,1.027,3,1500,768x432,1.9257259999999974,,
2025-12-20T13:30:52.599Z,1.258,3,1500,768x432,1.9712359999999762,,
2025-12-20T13:30:53.382Z,0.971,3,1500,768x432,1.995629000000008,,
2025-12-20T13:30:53.679Z,1.201,3,1500,768x432,1.993930999999975,,
2025-12-20T13:30:53.950Z,1.433,3,1500,768x432,1.9213080000000105,,
2025-12-20T13:30:54.685Z,1.129,3,1500,768x432,1.9834379999999783,,
2025-12-20T13:30:55.030Z,1.342,3,1500,768x432,1.9400450000000546,,
2025-12-20T13:30:55.867Z,0.799,3,1500,768x432,1.9994429999999852,,
2025-12-20T13:30:56.157Z,1.045,3,1500,768x432,1.9177049999999554,,
2025-12-20T13:30:56.407Z,1.272,3,1500,768x432,1.9670530000000213,,
2025-12-20T13:30:57.182Z,0.982,3,1500,768x432,1.9988839999999755,,
2025-12-20T13:30:57.439Z,1.327,3,1500,768x432,1.9356089999999995,,
2025-12-20T13:30:58.206Z,1.178,3,1500,768x432,1.9783120000000167,,
2025-12-20T13:30:58.474Z,1.24,3,1500,768x432,2.0051219999999716,,
2025-12-20T13:30:59.233Z,1.111,3,1500,768x432,1.933526000000029,,
2025-12-20T13:30:59.435Z,1.351,3,1500,768x432,1.935621000000026,,
2025-12-20T13:31:00.116Z,1.055,3,1500,768x432,1.9609859999999912,,
2025-12-20T13:31:00.838Z,1.015,3,1500,768x432,1.9261549999999943,,
2025-12-20T13:31:01.061Z,1.158,3,1500,768x432,1.9077760000000126,,
2025-12-20T13:31:01.905Z,0.959,3,1500,768x432,1.9649850000000129,,
2025-12-20T13:31:02.244Z,0.927,3,1500,768x432,1.9277019999999538,,
2025-12-20T13:31:02.505Z,1.162,3,1500,768x432,1.9613929999999868,,
2025-12-20T13:31:03.268Z,1.119,3,1500,768x432,2.019004999999993,,
2025-12-20T13:31:03.533Z,1.145,3,1500,768x432,1.9477919999999926,,
2025-12-20T13:31:04.278Z,1.075,3,1500,768x432,1.9961150000000316,,
2025-12-20T13:31:04.508Z,1.308,3,1500,768x432,1.9603910000000155,,
2025-12-20T13:31:05.241Z,1.01,3,1500,768x432,1.9326529999999593,,
2025-12-20T13:31:05.456Z,1.244,3,1500,768x432,1.9155549999999835,,
2025-12-20T13:31:06.172Z,1.201,3,1500,768x432,2.007795000000044,,
2025-12-20T13:31:06.416Z,1.457,3,1500,768x432,1.9622779999999693,,
2025-12-20T13:31:07.179Z,0.996,3,1500,768x432,2.005342999999982,,
2025-12-20T13:31:07.436Z,1.406,3,1500,768x432,1.9493170000000077,,
2025-12-20T13:31:08.268Z,1.09,3,1500,768x432,2.0074359999999842,,
2025-12-20T13:31:08.570Z,1.321,3,1500,768x432,1.9997139999999831,,
2025-12-20T13:31:09.335Z,1.025,3,1500,768x432,1.9406290000000013,,
2025-12-20T13:31:09.533Z,1.262,3,1500,768x432,1.9369749999999613,,
2025-12-20T13:31:10.271Z,0.973,3,1500,768x432,2.0101760000000013,,
2025-12-20T13:31:10.523Z,1.201,3,1500,768x432,1.9532859999999914,,
2025-12-20T13:31:11.379Z,0.916,3,1500,768x432,2.00311099999999,,
2025-12-20T13:31:11.702Z,1.146,3,1500,768x432,1.975183999999956,,
2025-12-20T13:31:11.941Z,1.323,3,1500,768x432,1.9262979999999743,,
2025-12-20T13:31:12.688Z,1.065,3,1500,768x432,1.9771189999999592,,
2025-12-20T13:31:12.991Z,1.237,3,1500,768x432,1.9738970000000222,,
2025-12-20T13:31:13.739Z,1.006,3,1500,768x432,1.9303840000000037,,
2025-12-20T13:31:13.932Z,1.235,3,1500,768x432,1.9354159999999752,,
2025-12-20T13:31:14.639Z,1.218,3,1500,768x432,1.9333979999999542,,
2025-12-20T13:31:15.349Z,0.932,3,1500,768x432,1.9348079999999754,,
2025-12-20T13:31:15.545Z,1.158,3,1500,768x432,1.9329700000000116,,
2025-12-20T13:31:16.189Z,1.11,3,1500,768x432,1.9778699999999958,,
2025-12-20T13:31:16.351Z,1.347,3,1500,768x432,1.9158419999999978,,
2025-12-20T13:31:17.030Z,1.318,3,1500,768x432,1.9363740000000007,,
2025-12-20T13:31:17.844Z,1.024,3,1500,768x432,1.924587000000031,,
2025-12-20T13:31:18.092Z,1.17,3,1500,768x432,1.9772200000000453,,
2025-12-20T13:31:18.862Z,0.956,3,1500,768x432,1.9038349999999582,,
2025-12-20T13:31:19.102Z,1.092,3,1500,768x432,1.9641390000000456,,
2025-12-20T13:31:19.793Z,0.893,3,1500,768x432,1.9771309999999858,,
2025-12-20T13:31:20.009Z,1.349,3,1500,768x432,1.955096000000026,,
2025-12-20T13:31:20.757Z,1.101,3,1500,768x432,1.9168940000000134,,
2025-12-20T13:31:20.965Z,1.253,3,1500,768x432,1.9992980000000102,,
2025-12-20T13:31:21.776Z,1.038,3,1500,768x432,1.9914909999999963,,
2025-12-20T13:31:22.165Z,1.009,3,1500,768x432,2.0104390000000194,,
2025-12-20T13:31:22.419Z,1.246,3,1500,768x432,1.9526939999999513,,
2025-12-20T13:31:23.171Z,1.205,3,1500,768x432,2.0099369999999794,,
2025-12-20T13:31:23.443Z,1.25,3,1500,768x432,1.9348899999999958,,
2025-12-20T13:31:24.213Z,1.14,3,1500,768x432,1.9761120000000005,,
2025-12-20T13:31:24.506Z,1.176,3,1500,768x432,1.9782430000000204,,
2025-12-20T13:31:25.264Z,1.092,3,1500,768x432,1.9080920000000106,,
2025-12-20T13:31:25.458Z,1.324,3,1500,768x432,1.9127550000000042,,
2025-12-20T13:31:26.246Z,1.023,3,1500,768x432,1.93188200000003,,
2025-12-20T13:31:26.595Z,1.258,3,1500,768x432,1.9757769999999937,,
2025-12-20T13:31:27.477Z,0.701,3,1500,768x432,1.9993979999999851,,
2025-12-20T13:31:27.743Z,0.911,3,1500,768x432,1.9267970000000219,,
2025-12-20T13:31:27.990Z,1.16,3,1500,768x432,1.984029000000021,,
2025-12-20T13:31:28.742Z,1.133,3,1500,768x432,1.9238129999999956,,
2025-12-20T13:31:29.002Z,1.332,3,1500,768x432,1.9673980000000029,,
2025-12-20T13:31:29.772Z,1.049,3,1500,768x432,1.992998,,
2025-12-20T13:31:29.970Z,1.253,3,1500,768x432,1.9972060000000056,,
2025-12-20T13:31:30.646Z,1.26,3,1500,768x432,1.9235479999999825,,
2025-12-20T13:31:31.347Z,0.971,3,1500,768x432,1.9307299999999827,,
2025-12-20T13:31:31.535Z,1.202,3,1500,768x432,1.9411519999999882,,
2025-12-20T13:31:32.269Z,0.915,3,1500,768x432,2.020831000000044,,
2025-12-20T13:31:32.441Z,1.24,3,1500,768x432,1.9406400000000303,,
2025-12-20T13:31:33.164Z,1.103,3,1500,768x432,2.0025939999999878,,
2025-12-20T13:31:33.453Z,1.334,3,1500,768x432,1.9135049999999865,,
2025-12-20T13:31:34.146Z,1.028,3,1500,768x432,1.9301600000000008,,
2025-12-20T13:31:34.884Z,0.991,3,1500,768x432,1.9809930000000122,,
2025-12-20T13:31:35.048Z,1.171,3,1500,768x432,1.9167600000000107,,
2025-12-20T13:31:35.806Z,0.931,3,1500,768x432,1.9634110000000078,,
2025-12-20T13:31:36.036Z,1.158,3,1500,768x432,1.9298629999999548,,
2025-12-20T13:31:36.676Z,1.122,3,1500,768x432,1.9907650000000103,,
2025-12-20T13:31:36.843Z,1.36,3,1500,768x432,1.9207289999999944,,
2025-12-20T13:31:37.557Z,1.146,3,1500,768x432,1.911266000000012,,
2025-12-20T13:31:38.288Z,1.044,3,1500,768x432,1.9847250000000258,,
2025-12-20T13:31:38.518Z,1.276,3,1500,768x432,1.9498399999999947,,
2025-12-20T13:31:39.305Z,0.988,3,1500,768x432,1.9758649999999989,,
2025-12-20T13:31:39.603Z,1.215,3,1500,768x432,1.9748350000000414,,
2025-12-20T13:31:40.378Z,0.929,3,1500,768x432,2.0017540000000054,,
2025-12-20T13:31:40.619Z,1.156,3,1500,768x432,1.961621999999977,,
2025-12-20T13:31:41.375Z,0.85,3,1500,768x432,1.989834999999971,,
2025-12-20T13:31:41.622Z,1.082,3,1500,768x432,1.94542899999999,,
2025-12-20T13:31:42.377Z,0.792,3,1500,768x432,1.99448000000001,,
2025-12-20T13:31:42.631Z,1.024,3,1500,768x432,1.9379940000000033,,
2025-12-20T13:31:43.419Z,1.001,3,1500,768x432,1.9573159999999916,,
2025-12-20T13:31:43.630Z,1.226,3,1500,768x432,1.939828000000034,,
2025-12-20T13:31:44.307Z,0.945,3,1500,768x432,1.9734750000000076,,
2025-12-20T13:31:44.475Z,1.286,3,1500,768x432,2.0052120000000286,,
2025-12-20T13:31:45.143Z,1.128,3,1500,768x432,1.9341180000000122,,
2025-12-20T13:31:45.811Z,1.113,3,1500,768x432,1.962795999999969,,
2025-12-20T13:31:45.988Z,1.335,3,1500,768x432,1.982280000000003,,
2025-12-20T13:31:46.673Z,1.038,3,1500,768x432,1.998000999999988,,
2025-12-20T13:31:46.855Z,1.479,3,1500,768x432,1.9144850000000133,,
2025-12-20T13:31:47.548Z,1.246,3,1500,768x432,1.9233409999999935,,
2025-12-20T13:31:48.282Z,0.957,3,1500,768x432,1.9967489999999657,,
2025-12-20T13:31:48.455Z,1.315,3,1500,768x432,1.9223529999999869,,
2025-12-20T13:31:49.116Z,1.143,3,1500,768x432,1.9586340000000177,,
2025-12-20T13:31:49.789Z,1.124,3,1500,768x432,1.9885830000000055,,
2025-12-20T13:31:49.941Z,1.353,3,1500,768x432,1.9332699999999932,,
2025-12-20T13:31:50.603Z,1.056,3,1500,768x432,1.9671979999999962,,
2025-12-20T13:31:51.270Z,1.024,3,1500,768x432,2.002410999999995,,
2025-12-20T13:31:51.414Z,1.258,3,1500,768x432,1.957382999999993,,
2025-12-20T13:31:52.095Z,1.22,3,1500,768x432,1.9797910000000343,,
2025-12-20T13:31:52.629Z,1.202,3,1500,768x432,1.9494440000000282,,
2025-12-20T13:31:52.710Z,1.488,1,600,480x270,1.9633799999999724,,
2025-12-20T13:31:52.848Z,1.776,1,600,480x270,1.9226069999999709,,
2025-12-20T13:31:52.928Z,1.804,3,1500,768x432,1.9420310000000427,,
2025-12-20T13:31:53.600Z,1.13,3,1500,768x432,1.9681589999999574,,
2025-12-20T13:31:54.268Z,1.094,3,1500,768x432,2.000515000000007,,
2025-12-20T13:31:54.428Z,1.335,3,1500,768x432,1.9433890000000247,,
2025-12-20T13:31:55.110Z,1.289,3,1500,768x432,1.962408000000039,,
2025-12-20T13:31:55.785Z,1.009,3,1500,768x432,1.9804419999999823,,
2025-12-20T13:31:55.961Z,1.237,3,1500,768x432,1.904295999999988,,
2025-12-20T13:31:56.643Z,1.207,3,1500,768x432,1.928842999999972,,
2025-12-20T13:31:57.336Z,0.928,3,1500,768x432,1.9475780000000213,,
2025-12-20T13:31:57.509Z,1.159,3,1500,768x432,1.9673099999999977,,
2025-12-20T13:31:58.190Z,1.113,3,1500,768x432,1.977041999999983,,
2025-12-20T13:31:58.392Z,1.347,3,1500,768x432,1.9715499999999793,,
2025-12-20T13:31:59.089Z,1.306,3,1500,768x432,1.9856359999999995,,
2025-12-20T13:31:59.794Z,1.022,3,1500,768x432,1.9725839999999835,,
2025-12-20T13:31:59.985Z,1.254,3,1500,768x432,1.982404000000031,,
2025-12-20T13:32:00.681Z,1.222,3,1500,768x432,1.9829679999999712,,
2025-12-20T13:32:00.879Z,1.41,3,1500,768x432,1.9867999999999597,,
2025-12-20T13:32:01.588Z,1.166,3,1500,768x432,1.9820989999999483,,
2025-12-20T13:32:02.292Z,0.863,3,1500,768x432,1.9745280000000207,,
2025-12-20T13:32:02.622Z,1.097,3,1500,768x432,1.9420450000000073,,
2025-12-20T13:32:03.331Z,1.061,3,1500,768x432,1.9382600000000139,,
2025-12-20T13:32:03.632Z,1.03,3,1500,768x432,1.9348150000000146,,
2025-12-20T13:32:04.679Z,0.475,3,1500,768x432,1.9939719999999852,,
2025-12-20T13:32:05.023Z,0.708,3,1500,768x432,1.9407370000000128,,
2025-12-20T13:32:05.332Z,0.949,3,1500,768x432,1.9411939999999959,,
2025-12-20T13:32:05.672Z,1.18,3,1500,768x432,1.9978329999999573,,
2025-12-20T13:32:06.007Z,1.142,3,1500,768x432,1.9603970000000004,,
2025-12-20T13:32:06.844Z,0.854,3,1500,768x432,1.927735000000041,,
2025-12-20T13:32:07.185Z,0.988,3,1500,768x432,1.9837340000000268,,
2025-12-20T13:32:07.516Z,1.319,3,1500,768x432,1.9491820000000075,,
2025-12-20T13:32:08.374Z,1.031,3,1500,768x432,1.996012999999948,,
2025-12-20T13:32:08.705Z,0.988,3,1500,768x432,1.9608139999999707,,
2025-12-20T13:32:08.958Z,1.222,3,1500,768x432,1.908298000000002,,
2025-12-20T13:32:09.800Z,0.921,3,1500,768x432,1.9640529999999785,,
2025-12-20T13:32:10.239Z,1.158,3,1500,768x432,1.945840999999973,,
2025-12-20T13:32:10.866Z,0.871,3,1500,768x432,2.0053330000000074,,
2025-12-20T13:32:10.943Z,1.254,2,1000,640x360,1.9280239999999935,,
2025-12-20T13:32:11.348Z,0.83,2,1000,640x360,1.9213939999999639,,
2025-12-20T13:32:11.861Z,0.799,2,1000,640x360,1.9120260000000258,,
2025-12-20T13:32:12.128Z,1.044,2,1000,640x360,1.94677200000001,,
2025-12-20T13:32:13.012Z,0.739,2,1000,640x360,1.9573180000000434,,
2025-12-20T13:32:13.438Z,0.975,2,1000,640x360,1.9386689999999476,,
2025-12-20T13:32:13.808Z,0.878,2,1000,640x360,1.9584199999999896,,
2025-12-20T13:32:14.195Z,1.026,2,1000,640x360,1.977741999999978,,
2025-12-20T13:32:14.589Z,1.151,2,1000,640x360,1.9832230000000095,,
2025-12-20T13:32:15.694Z,0.593,2,1000,640x360,1.9893480000000068,,
2025-12-20T13:32:16.310Z,0.566,2,1000,640x360,1.9709799999999973,,
2025-12-20T13:32:16.805Z,0.525,2,1000,640x360,1.9651360000000295,,
2025-12-20T13:32:17.310Z,0.477,2,1000,640x360,1.9578050000000076,,
2025-12-20T13:32:17.750Z,0.451,2,1000,640x360,1.9223029999999994,,
2025-12-20T13:32:18.255Z,0.445,2,1000,640x360,1.9317549999999528,,
2025-12-20T13:32:18.694Z,0.66,2,1000,640x360,1.9888990000000035,,
2025-12-20T13:32:19.129Z,0.631,2,1000,640x360,1.9494269999999574,,
2025-12-20T13:32:19.581Z,0.588,2,1000,640x360,1.997788000000014,,
2025-12-20T13:32:19.991Z,0.832,2,1000,640x360,1.9784720000000107,,
2025-12-20T13:32:20.286Z,1.059,2,1000,640x360,1.9857170000000224,,
2025-12-20T13:32:20.553Z,1.305,2,1000,640x360,1.9178099999999745,,
2025-12-20T13:32:21.425Z,0.733,2,1000,640x360,1.94667400000003,,
2025-12-20T13:32:21.791Z,0.866,2,1000,640x360,1.977546000000018,,
2025-12-20T13:32:22.306Z,0.948,2,1000,640x360,1.977655000000027,,
2025-12-20T13:32:22.829Z,0.914,2,1000,640x360,1.9406910000000153,,
2025-12-20T13:32:23.316Z,0.895,2,1000,640x360,1.9845850000000382,,
2025-12-20T13:32:23.835Z,0.855,2,1000,640x360,1.9447299999999927,,
2025-12-20T13:32:24.325Z,1.09,2,1000,640x360,1.9443860000000086,,
2025-12-20T13:32:24.599Z,1.053,2,1000,640x360,1.9718139999999948,,
2025-12-20T13:32:24.672Z,1.552,3,1500,768x432,1.8982509999999593,,
2025-12-20T13:32:25.143Z,1.029,3,1500,768x432,1.9354769999999917,,
2025-12-20T13:32:26.001Z,0.722,3,1500,768x432,1.9616740000000163,,
2025-12-20T13:32:26.331Z,0.964,3,1500,768x432,1.9464960000000247,,
2025-12-20T13:32:26.715Z,1.144,3,1500,768x432,1.9536260000000425,,
2025-12-20T13:32:27.210Z,0.995,3,1500,768x432,1.9759090000000015,,
2025-12-20T13:32:27.609Z,1.144,3,1500,768x432,1.970564999999965,,
2025-12-20T13:32:28.463Z,1.073,3,1500,768x432,2.0526530000000207,,
2025-12-20T13:32:28.767Z,1.193,3,1500,768x432,2.097274999999968,,
2025-12-20T13:32:28.984Z,1.45,3,1500,768x432,2.050534999999968,,
2025-12-20T13:32:29.191Z,1.728,3,1500,768x432,2.0321119999999837,,
2025-12-20T13:32:29.433Z,1.977,3,1500,768x432,1.9717269999999871,,
2025-12-20T13:32:29.953Z,1.95,3,1500,768x432,1.9318360000000325,,
2025-12-20T13:32:30.454Z,1.919,3,1500,768x432,1.9282309999999825,,
2025-12-20T13:32:30.939Z,1.949,3,1500,768x432,1.9295640000000276,,
2025-12-20T13:32:31.432Z,1.968,3,1500,768x432,1.951893000000041,,
2025-12-20T13:32:31.900Z,1.978,3,1500,768x432,1.9683650000000057,,
2025-12-20T13:32:32.776Z,1.596,3,1500,768x432,1.9903079999999704,,
2025-12-20T13:32:33.156Z,1.714,3,1500,768x432,1.907418000000007,,
2025-12-20T13:32:33.538Z,1.839,3,1500,768x432,1.9273190000000113,,
2025-12-20T13:32:33.918Z,1.953,3,1500,768x432,1.9494599999999878,,
2025-12-20T13:32:34.379Z,2.008,3,1500,768x432,1.9933709999999678,,
2025-12-20T13:32:35.239Z,1.641,3,1500,768x432,1.9433799999999906,,
2025-12-20T13:32:35.567Z,1.8,3,1500,768x432,2.0055469999999787,,
2025-12-20T13:32:35.908Z,1.987,3,1500,768x432,1.9632869999999798,,
2025-12-20T13:32:36.743Z,1.625,3,1500,768x432,1.9298009999999977,,
2025-12-20T13:32:37.071Z,1.797,3,1500,768x432,2.0039560000000165,,
2025-12-20T13:32:37.405Z,1.972,3,1500,768x432,1.9642140000000268,,
2025-12-20T13:32:38.223Z,1.646,3,1500,768x432,1.9532380000000558,,
2025-12-20T13:32:38.509Z,1.858,3,1500,768x432,1.9643240000000333,,
2025-12-20T13:32:38.917Z,1.955,3,1500,768x432,1.9611759999999663,,
2025-12-20T13:32:39.390Z,2.001,3,1500,768x432,1.9850470000000655,,
2025-12-20T13:32:40.184Z,1.681,3,1500,768x432,1.98117400000001,,
2025-12-20T13:32:40.463Z,1.9,3,1500,768x432,1.9058100000000877,,
2025-12-20T13:32:40.871Z,2.012,3,1500,768x432,2.00009399999999,,
2025-12-20T13:32:41.647Z,1.719,3,1500,768x432,1.9206269999999677,,
2025-12-20T13:32:41.914Z,1.945,3,1500,768x432,1.9542630000000827,,
2025-12-20T13:32:42.372Z,2.017,3,1500,768x432,1.9954189999999699,,
2025-12-20T13:32:43.149Z,1.725,3,1500,768x432,1.9290269999999055,,
2025-12-20T13:32:43.435Z,1.939,3,1500,768x432,1.9401310000000649,,
2025-12-20T13:32:43.874Z,2.012,3,1500,768x432,1.9935380000000578,,
2025-12-20T13:32:44.555Z,1.818,3,1500,768x432,1.9265440000000353,,
2025-12-20T13:32:44.929Z,2.02,3,1500,768x432,1.9460980000000063,,
2025-12-20T13:32:45.396Z,2.004,3,1500,768x432,1.9737269999999398,,
2025-12-20T13:32:46.102Z,1.763,3,1500,768x432,1.9631920000000491,,
2025-12-20T13:32:46.375Z,2.01,3,1500,768x432,1.9900809999999183,,
2025-12-20T13:32:47.050Z,1.81,3,1500,768x432,1.920500000000061,,
2025-12-20T13:32:47.370Z,2.02,3,1500,768x432,2.0023649999999407,,
2025-12-20T13:32:48.036Z,1.822,3,1500,768x432,1.930024000000003,,
2025-12-20T13:32:48.377Z,2.021,3,1500,768x432,2.0050300000000334,,
2025-12-20T13:32:49.058Z,1.798,3,1500,768x432,1.911640000000034,,
2025-12-20T13:32:49.378Z,2.008,3,1500,768x432,1.9916110000000344,,
2025-12-20T13:32:50.056Z,1.794,3,1500,768x432,1.9113830000000007,,
2025-12-20T13:32:50.371Z,2.014,3,1500,768x432,1.9965100000000575,,
2025-12-20T13:32:51.046Z,1.812,3,1500,768x432,1.9226750000000266,,
2025-12-20T13:32:51.372Z,2.023,3,1500,768x432,2.002012000000036,,
2025-12-20T13:32:52.046Z,1.837,3,1500,768x432,1.9206859999999324,,
2025-12-20T13:32:52.371Z,2.019,3,1500,768x432,2.0172129999999697,,
2025-12-20T13:32:53.063Z,1.799,3,1500,768x432,1.9027459999999792,,
2025-12-20T13:32:53.374Z,2.016,3,1500,768x432,1.992654000000016,,
2025-12-20T13:32:54.070Z,1.788,3,1500,768x432,1.9960019999999759,,
2025-12-20T13:32:54.408Z,1.95,3,1500,768x432,1.9641100000000051,,
2025-12-20T13:32:55.633Z,1.265,3,1500,768x432,1.9370189999999639,,
2025-12-20T13:32:56.396Z,1.036,3,1500,768x432,1.9906360000001087,,
2025-12-20T13:32:56.484Z,0.997,2,1000,640x360,1.9992620000000443,,
2025-12-20T13:32:56.990Z,0.893,2,1000,640x360,1.9891199999999571,,
2025-12-20T13:32:57.072Z,0.862,3,1500,768x432,1.911679999999933,,
2025-12-20T13:32:57.836Z,0.535,3,1500,768x432,1.9487550000000056,,
2025-12-20T13:32:58.566Z,0.287,3,1500,768x432,2.003690000000006,,rebuffer happen
2025-12-20T13:32:58.613Z,0.287,3,1500,768x432,1.9557499999999663,,
2025-12-20T13:32:59.110Z,0.018,3,1500,768x432,1.9816150000000334,,rebuffer happen
2025-12-20T13:32:59.143Z,0.027,3,1500,768x432,1.9577430000000504,,rebuffer happen
2025-12-20T13:32:59.227Z,0.017,3,1500,768x432,2.008085000000051,,rebuffer happen
2025-12-20T13:32:59.277Z,0.016,3,1500,768x432,2.068700999999919,,rebuffer happen
2025-12-20T13:32:59.327Z,0.022,3,1500,768x432,2.0409369999999853,,rebuffer happen
2025-12-20T13:32:59.394Z,0.021,3,1500,768x432,2.1160840000000007,,rebuffer happen
2025-12-20T13:32:59.460Z,0.015,3,1500,768x432,2.077044000000001,,rebuffer happen
2025-12-20T13:32:59.510Z,0.021,3,1500,768x432,2.1430480000000216,,rebuffer happen
2025-12-20T13:32:59.538Z,0.021,3,1500,768x432,2.1430480000000216,,
2025-12-20T13:32:59.577Z,0.02,3,1500,768x432,2.21082100000001,,rebuffer happen
2025-12-20T13:33:00.011Z,0.028,3,1500,768x432,2.4148229999999558,,rebuffer happen
2025-12-20T13:33:00.077Z,0.021,3,1500,768x432,2.470945000000029,,rebuffer happen
2025-12-20T13:33:00.127Z,0.022,3,1500,768x432,2.4385019999999713,,rebuffer happen
2025-12-20T13:33:00.227Z,0.019,3,1500,768x432,2.4724959999999783,,rebuffer happen
2025-12-20T13:33:00.278Z,0.018,3,1500,768x432,2.5352169999999887,,rebuffer happen
2025-12-20T13:33:00.328Z,0.026,3,1500,768x432,2.5104129999999714,,rebuffer happen
2025-12-20T13:33:00.444Z,0.017,3,1500,768x432,2.5374329999999645,,rebuffer happen
2025-12-20T13:33:00.466Z,0.017,3,1500,768x432,2.6344329999999445,,
2025-12-20T13:33:00.494Z,0.025,2,1000,640x360,2.609008999999901,,rebuffer happen
2025-12-20T13:33:00.535Z,0.025,2,1000,640x360,2.609008999999901,,
2025-12-20T13:33:01.171Z,0.118,2,1000,640x360,2.8956499999999323,,
2025-12-20T13:33:01.245Z,0.033,1,600,480x270,2.821690999999987,,rebuffer happen
2025-12-20T13:33:01.246Z,0.033,1,600,480x270,2.821690999999987,,
2025-12-20T13:33:01.645Z,0.286,1,600,480x270,2.964635000000044,,
2025-12-20T13:33:02.030Z,0.385,1,600,480x270,2.9772120000000086,,
2025-12-20T13:33:02.160Z,0.229,1,600,480x270,2.879181000000017,,rebuffer happen
2025-12-20T13:33:02.409Z,0.31,1,600,480x270,2.808144000000084,,
2025-12-20T13:33:02.506Z,0.246,1,600,480x270,2.7701250000000073,,rebuffer happen
2025-12-20T13:33:02.567Z,0.287,1,600,480x270,2.7731580000000804,,rebuffer happen
2025-12-20T13:33:02.715Z,0.381,1,600,480x270,2.6624590000000126,,
2025-12-20T13:33:02.809Z,0.295,1,600,480x270,2.6120899999999665,,rebuffer happen
2025-12-20T13:33:03.018Z,0.404,1,600,480x270,2.501845000000003,,
2025-12-20T13:33:03.096Z,0.419,2,1000,640x360,2.5380649999999605,,
2025-12-20T13:33:03.233Z,0.186,2,1000,640x360,2.4359660000000076,,rebuffer happen
2025-12-20T13:33:03.602Z,0.23,2,1000,640x360,2.408502999999996,,
2025-12-20T13:33:04.148Z,0.192,2,1000,640x360,2.3772939999998925,,
2025-12-20T13:33:04.701Z,0.114,2,1000,640x360,2.4226130000000694,,
2025-12-20T13:33:04.815Z,0.028,2,1000,640x360,2.4175030000000106,,rebuffer happen
2025-12-20T13:33:05.280Z,0.098,2,1000,640x360,2.5077979999999798,,
2025-12-20T13:33:05.382Z,0.019,2,1000,640x360,2.5147590000000264,,rebuffer happen
2025-12-20T13:33:05.908Z,0.085,2,1000,640x360,2.573578999999995,,
2025-12-20T13:33:05.965Z,0.026,2,1000,640x360,2.609760999999935,,rebuffer happen
2025-12-20T13:33:06.547Z,0.087,2,1000,640x360,2.6564610000000357,,
2025-12-20T13:33:06.583Z,0.027,2,1000,640x360,2.7114990000000034,,rebuffer happen
2025-12-20T13:33:07.113Z,0.171,2,1000,640x360,2.852190000000064,,
2025-12-20T13:33:07.250Z,0.03,2,1000,640x360,2.8267980000000534,,rebuffer happen
2025-12-20T13:33:07.692Z,0.169,2,1000,640x360,2.9541620000001103,,
2025-12-20T13:33:07.834Z,0.021,2,1000,640x360,2.9054539999999633,,rebuffer happen
2025-12-20T13:33:08.268Z,0.146,2,1000,640x360,3.0384659999999712,,
2025-12-20T13:33:08.339Z,0.153,3,1500,768x432,2.967645999999945,,
2025-12-20T13:33:08.401Z,0.021,3,1500,768x432,3.0083250000000135,,rebuffer happen
2025-12-20T13:33:08.818Z,0.019,3,1500,768x432,3.1700230000000147,,rebuffer happen
2025-12-20T13:33:08.868Z,0.015,3,1500,768x432,3.235420999999974,,rebuffer happen
2025-12-20T13:33:08.901Z,0.027,3,1500,768x432,3.214371999999912,,rebuffer happen
2025-12-20T13:33:08.968Z,0.026,3,1500,768x432,3.2765569999999116,,rebuffer happen
2025-12-20T13:33:09.051Z,0.026,3,1500,768x432,3.210269999999923,,rebuffer happen
2025-12-20T13:33:09.118Z,0.027,3,1500,768x432,3.280842000000007,,rebuffer happen
2025-12-20T13:33:09.168Z,0.03,3,1500,768x432,3.3469350000000304,,rebuffer happen
2025-12-20T13:33:09.199Z,0.03,3,1500,768x432,3.3469350000000304,,
2025-12-20T13:33:09.251Z,0.017,2,1000,640x360,3.300644000000034,,rebuffer happen
2025-12-20T13:33:09.276Z,0.017,2,1000,640x360,3.3996440000000803,,
2025-12-20T13:33:09.866Z,0.118,2,1000,640x360,3.609055000000012,,
2025-12-20T13:33:09.946Z,0.123,3,1500,768x432,3.52948600000002,,
2025-12-20T13:33:09.969Z,0.022,3,1500,768x432,3.6049110000000155,,rebuffer happen
2025-12-20T13:33:10.236Z,0.032,3,1500,768x432,3.7494570000000067,,rebuffer happen
2025-12-20T13:33:10.469Z,0.017,3,1500,768x432,3.8379149999999527,,rebuffer happen
2025-12-20T13:33:10.536Z,0.021,3,1500,768x432,3.809407999999962,,rebuffer happen
2025-12-20T13:33:10.586Z,0.016,3,1500,768x432,3.8701079999999592,,rebuffer happen
2025-12-20T13:33:10.619Z,0.029,3,1500,768x432,3.848897999999963,,rebuffer happen
2025-12-20T13:33:10.669Z,0.019,3,1500,768x432,3.902182000000039,,rebuffer happen
2025-12-20T13:33:10.769Z,0.023,3,1500,768x432,3.944299000000001,,rebuffer happen
2025-12-20T13:33:10.777Z,0.023,3,1500,768x432,3.944299000000001,,
2025-12-20T13:33:10.820Z,0.019,2,1000,640x360,3.9066790000000537,,rebuffer happen
2025-12-20T13:33:10.860Z,0.019,2,1000,640x360,3.9066790000000537,,
2025-12-20T13:33:11.435Z,0.131,2,1000,640x360,4.132834000000003,,
2025-12-20T13:33:11.554Z,0.021,2,1000,640x360,4.103761999999961,,rebuffer happen
2025-12-20T13:33:12.012Z,0.166,2,1000,640x360,4.242761999999971,,
2025-12-20T13:33:12.137Z,0.027,2,1000,640x360,4.216499999999996,,rebuffer happen
2025-12-20T13:33:12.583Z,0.176,2,1000,640x360,4.359753000000069,,
2025-12-20T13:33:12.721Z,0.032,2,1000,640x360,4.316404000000034,,rebuffer happen
2025-12-20T13:33:13.125Z,0.2,2,1000,640x360,4.383204999999975,,
2025-12-20T13:33:13.203Z,0.199,3,1500,768x432,4.424725999999964,,
2025-12-20T13:33:13.305Z,0.028,3,1500,768x432,4.415309999999977,,rebuffer happen
2025-12-20T13:33:13.472Z,0.017,3,1500,768x432,4.56880000000001,,rebuffer happen
2025-12-20T13:33:13.622Z,0.03,3,1500,768x432,4.552961000000096,,rebuffer happen
2025-12-20T13:33:13.672Z,0.019,3,1500,768x432,4.603484999999978,,rebuffer happen
2025-12-20T13:33:13.738Z,0.029,3,1500,768x432,4.546807999999942,,rebuffer happen
2025-12-20T13:33:13.839Z,0.02,3,1500,768x432,4.570348999999965,,rebuffer happen
2025-12-20T13:33:13.889Z,0.022,3,1500,768x432,4.646635999999944,,rebuffer happen
2025-12-20T13:33:13.939Z,0.027,3,1500,768x432,4.617743000000019,,rebuffer happen
2025-12-20T13:33:14.006Z,0.018,3,1500,768x432,4.673572000000036,,rebuffer happen
2025-12-20T13:33:14.039Z,0.028,3,1500,768x432,4.64988900000003,,rebuffer happen
2025-12-20T13:33:14.049Z,0.028,3,1500,768x432,4.64988900000003,,
2025-12-20T13:33:14.089Z,0.026,2,1000,640x360,4.716596999999979,,rebuffer happen
2025-12-20T13:33:14.121Z,0.026,2,1000,640x360,4.716596999999979,,
2025-12-20T13:33:14.616Z,0.187,2,1000,640x360,4.902435999999966,,
2025-12-20T13:33:14.688Z,0.188,3,1500,768x432,4.928328999999962,,
2025-12-20T13:33:14.806Z,0.027,3,1500,768x432,4.910342000000014,,rebuffer happen
2025-12-20T13:33:15.073Z,0.062,3,1500,768x432,5.053356000000008,,rebuffer happen
2025-12-20T13:33:15.190Z,0.024,3,1500,768x432,5.044435000000021,,rebuffer happen
2025-12-20T13:33:15.223Z,0.03,3,1500,768x432,5.0166960000000245,,rebuffer happen
2025-12-20T13:33:15.390Z,0.024,3,1500,768x432,5.085982000000058,,rebuffer happen
2025-12-20T13:33:15.440Z,0.025,3,1500,768x432,5.05324399999995,,rebuffer happen
2025-12-20T13:33:15.463Z,0.025,3,1500,768x432,5.05324399999995,,
2025-12-20T13:33:15.507Z,0.019,3,1500,768x432,5.102395000000001,,rebuffer happen
2025-12-20T13:33:15.690Z,0.024,3,1500,768x432,5.2786290000000236,,rebuffer happen
2025-12-20T13:33:15.774Z,0.027,3,1500,768x432,5.318507000000068,,rebuffer happen
2025-12-20T13:33:15.890Z,0.025,3,1500,768x432,5.316086000000041,,rebuffer happen
2025-12-20T13:33:16.007Z,0.025,3,1500,768x432,5.308291999999938,,rebuffer happen
2025-12-20T13:33:16.057Z,0.018,3,1500,768x432,5.267323999999917,,rebuffer happen
2025-12-20T13:33:16.124Z,0.025,3,1500,768x432,5.317218000000025,,rebuffer happen
2025-12-20T13:33:16.207Z,0.023,3,1500,768x432,5.339424000000008,,rebuffer happen
2025-12-20T13:33:16.214Z,0.023,3,1500,768x432,5.339424000000008,,
2025-12-20T13:33:16.257Z,0.019,3,1500,768x432,5.301582000000053,,rebuffer happen
2025-12-20T13:33:16.474Z,0.016,3,1500,768x432,5.567211000000043,,rebuffer happen
2025-12-20T13:33:16.808Z,0.018,3,1500,768x432,5.56877099999997,,rebuffer happen
2025-12-20T13:33:16.874Z,0.024,3,1500,768x432,5.613639000000035,,rebuffer happen
2025-12-20T13:33:16.925Z,0.021,3,1500,768x432,5.578033000000005,,rebuffer happen
2025-12-20T13:33:16.975Z,0.017,3,1500,768x432,5.643124999999941,,rebuffer happen
2025-12-20T13:33:16.980Z,0.017,3,1500,768x432,5.643124999999941,,
2025-12-20T13:33:17.008Z,0.026,3,1500,768x432,5.619023999999968,,rebuffer happen
2025-12-20T13:33:17.242Z,0.025,3,1500,768x432,5.778116999999952,,rebuffer happen
2025-12-20T13:33:17.508Z,0.028,3,1500,768x432,5.844853999999941,,rebuffer happen
2025-12-20T13:33:17.625Z,0.019,3,1500,768x432,5.836424999999963,,rebuffer happen
2025-12-20T13:33:17.658Z,0.027,3,1500,768x432,5.81097299999999,,rebuffer happen
2025-12-20T13:33:17.748Z,0.073,3,1500,768x432,5.856577000000016,,
2025-12-20T13:33:17.792Z,0.024,3,1500,768x432,5.906639000000041,,rebuffer happen
2025-12-20T13:33:18.009Z,0.025,3,1500,768x432,6.082695000000058,,rebuffer happen
2025-12-20T13:33:18.092Z,0.094,3,1500,768x432,6.113563999999997,,rebuffer happen
2025-12-20T13:33:18.342Z,0.028,3,1500,768x432,6.077416000000085,,rebuffer happen
2025-12-20T13:33:18.393Z,0.027,3,1500,768x432,6.144633999999996,,rebuffer happen
2025-12-20T13:33:18.505Z,0.063,3,1500,768x432,6.151952999999935,,
2025-12-20T13:33:18.559Z,0.016,3,1500,768x432,6.103927999999996,,rebuffer happen
2025-12-20T13:33:18.776Z,0.063,3,1500,768x432,6.384147999999982,,rebuffer happen
2025-12-20T13:33:18.993Z,0.032,3,1500,768x432,6.384127000000035,,rebuffer happen
2025-12-20T13:33:19.093Z,0.029,3,1500,768x432,6.412101000000007,,rebuffer happen
2025-12-20T13:33:19.293Z,0.028,3,1500,768x432,6.450215999999955,,rebuffer happen
2025-12-20T13:33:19.297Z,0.028,3,1500,768x432,6.450215999999955,,
2025-12-20T13:33:19.343Z,0.019,3,1500,768x432,6.407571999999959,,rebuffer happen
2025-12-20T13:33:19.743Z,0.022,3,1500,768x432,6.61521300000004,,rebuffer happen
2025-12-20T13:33:19.861Z,0.028,3,1500,768x432,6.613722999999936,,rebuffer happen
2025-12-20T13:33:19.910Z,0.025,3,1500,768x432,6.674998999999957,,rebuffer happen
2025-12-20T13:33:20.049Z,0.073,3,1500,768x432,6.6588950000000295,,
2025-12-20T13:33:20.094Z,0.032,2,1000,640x360,6.729392999999959,,rebuffer happen
2025-12-20T13:33:20.119Z,0.032,2,1000,640x360,6.729392999999959,,
2025-12-20T13:33:20.646Z,0.2,2,1000,640x360,6.9016129999999976,,
2025-12-20T13:33:20.828Z,0.027,2,1000,640x360,6.911183000000051,,rebuffer happen
2025-12-20T13:33:21.155Z,0.254,2,1000,640x360,6.948939999999993,,
2025-12-20T13:33:21.613Z,0.275,2,1000,640x360,6.991363999999976,,rebuffer happen
2025-12-20T13:33:21.615Z,0.275,2,1000,640x360,6.988701999999989,,
2025-12-20T13:33:21.791Z,0.076,2,1000,640x360,6.930189000000041,,rebuffer happen
2025-12-20T13:33:22.072Z,0.211,2,1000,640x360,6.900783000000047,,
2025-12-20T13:33:22.141Z,0.215,3,1500,768x432,6.838392999999996,,
2025-12-20T13:33:22.263Z,0.032,3,1500,768x432,6.819912000000045,,rebuffer happen
2025-12-20T13:33:22.821Z,0.069,3,1500,768x432,6.958794000000012,,
2025-12-20T13:33:22.863Z,0.029,3,1500,768x432,6.917447000000038,,rebuffer happen
2025-12-20T13:33:23.363Z,0.031,3,1500,768x432,7.082929000000036,,rebuffer happen
2025-12-20T13:33:23.495Z,0.09,3,1500,768x432,7.1777230000000145,,
2025-12-20T13:33:23.563Z,0.023,3,1500,768x432,7.116262000000006,,rebuffer happen
2025-12-20T13:33:24.157Z,0.093,3,1500,768x432,7.284746000000041,,
2025-12-20T13:33:24.230Z,0.021,3,1500,768x432,7.3051699999999755,,rebuffer happen
2025-12-20T13:33:24.598Z,0.066,3,1500,768x432,7.488575999999966,,rebuffer happen
2025-12-20T13:33:24.714Z,0.028,3,1500,768x432,7.491000000000099,,rebuffer happen
2025-12-20T13:33:24.855Z,0.065,3,1500,768x432,7.4497590000000855,,
2025-12-20T13:33:24.898Z,0.024,3,1500,768x432,7.5092409999999745,,rebuffer happen
2025-12-20T13:33:25.525Z,0.064,3,1500,768x432,7.66149299999995,,
2025-12-20T13:33:25.582Z,0.022,3,1500,768x432,7.705692999999997,,rebuffer happen
2025-12-20T13:33:26.049Z,0.06,3,1500,768x432,7.813833000000045,,rebuffer happen
2025-12-20T13:33:26.215Z,0.08,3,1500,768x432,7.8608580000000075,,
2025-12-20T13:33:26.265Z,0.028,3,1500,768x432,7.911122000000091,,rebuffer happen
2025-12-20T13:33:26.900Z,0.07,3,1500,768x432,8.059781000000044,,
2025-12-20T13:33:26.950Z,0.023,3,1500,768x432,8.011214000000109,,rebuffer happen
2025-12-20T13:33:27.133Z,0.023,3,1500,768x432,8.174518999999918,,rebuffer happen
2025-12-20T13:33:27.580Z,0.087,3,1500,768x432,8.264222000000018,,
2025-12-20T13:33:27.633Z,0.028,3,1500,768x432,8.210920999999985,,rebuffer happen
2025-12-20T13:33:28.247Z,0.074,3,1500,768x432,8.368391000000088,,
2025-12-20T13:33:28.301Z,0.024,3,1500,768x432,8.407236000000012,,rebuffer happen
2025-12-20T13:33:28.467Z,0.024,3,1500,768x432,8.576817000000005,,rebuffer happen
2025-12-20T13:33:28.892Z,0.09,3,1500,768x432,8.580983999999944,,
2025-12-20T13:33:28.968Z,0.018,3,1500,768x432,8.60246399999994,,rebuffer happen
2025-12-20T13:33:29.101Z,0.032,3,1500,768x432,8.68568700000003,,rebuffer happen
2025-12-20T13:33:29.540Z,0.136,3,1500,768x432,8.703021999999919,,
2025-12-20T13:33:29.635Z,0.025,3,1500,768x432,8.707851000000005,,rebuffer happen
2025-12-20T13:33:30.169Z,0.079,3,1500,768x432,8.891291000000024,,
2025-12-20T13:33:30.252Z,0.021,3,1500,768x432,8.808556000000067,,rebuffer happen
2025-12-20T13:33:30.369Z,0.028,3,1500,768x432,8.982682000000068,,rebuffer happen
2025-12-20T13:33:30.740Z,0.147,3,1500,768x432,8.931691999999998,,
2025-12-20T13:33:30.869Z,0.018,3,1500,768x432,9.003086000000053,,rebuffer happen
2025-12-20T13:33:31.351Z,0.131,3,1500,768x432,9.017250999999987,,
2025-12-20T13:33:31.453Z,0.032,3,1500,768x432,9.015729000000078,,rebuffer happen
2025-12-20T13:33:32.046Z,0.075,3,1500,768x432,9.154763000000003,,
2025-12-20T13:33:32.104Z,0.018,3,1500,768x432,9.201090000000022,,rebuffer happen
2025-12-20T13:33:32.537Z,0.021,3,1500,768x432,9.337235999999962,,rebuffer happen
2025-12-20T13:33:32.604Z,0.029,3,1500,768x432,9.384848999999917,,rebuffer happen
2025-12-20T13:33:32.688Z,0.022,3,1500,768x432,9.406330000000025,,rebuffer happen
2025-12-20T13:33:32.754Z,0.028,3,1500,768x432,9.345227000000023,,rebuffer happen
2025-12-20T13:33:32.756Z,0.028,3,1500,768x432,9.345227000000023,,
2025-12-20T13:33:32.804Z,0.018,3,1500,768x432,9.403797999999938,,rebuffer happen
2025-12-20T13:33:33.458Z,0.063,3,1500,768x432,9.550797999999986,,
2025-12-20T13:33:33.505Z,0.018,3,1500,768x432,9.61118799999997,,rebuffer happen
2025-12-20T13:33:33.855Z,0.024,3,1500,768x432,9.746584999999982,,rebuffer happen
2025-12-20T13:33:34.146Z,0.063,3,1500,768x432,9.779649999999947,,
2025-12-20T13:33:34.222Z,0.019,3,1500,768x432,9.802958999999987,,rebuffer happen
2025-12-20T13:33:34.739Z,0.025,3,1500,768x432,9.98637599999995,,rebuffer happen
2025-12-20T13:33:34.889Z,0.022,3,1500,768x432,10.039375000000064,,rebuffer happen
2025-12-20T13:33:34.891Z,0.022,3,1500,768x432,10.039375000000064,,
2025-12-20T13:33:34.923Z,0.028,3,1500,768x432,10.011606000000029,,rebuffer happen
2025-12-20T13:33:35.557Z,0.021,3,1500,768x432,10.17640700000004,,rebuffer happen
2025-12-20T13:33:35.589Z,0.031,3,1500,768x432,10.245975000000044,,
2025-12-20T13:33:35.623Z,0.025,3,1500,768x432,10.211961999999971,,rebuffer happen
2025-12-20T13:33:36.287Z,0.085,3,1500,768x432,10.472996999999964,,
2025-12-20T13:33:36.340Z,0.033,3,1500,768x432,10.419709999999895,,rebuffer happen
2025-12-20T13:33:36.958Z,0.103,3,1500,768x432,10.586889000000042,,
2025-12-20T13:33:37.024Z,0.028,3,1500,768x432,10.617947000000072,,rebuffer happen
2025-12-20T13:33:37.659Z,0.089,3,1500,768x432,10.771856999999954,,
2025-12-20T13:33:37.708Z,0.03,3,1500,768x432,10.81581499999993,,rebuffer happen
2025-12-20T13:33:38.371Z,0.082,3,1500,768x432,11.06210800000008,,
2025-12-20T13:33:38.426Z,0.019,3,1500,768x432,11.007937000000084,,rebuffer happen
2025-12-20T13:33:38.626Z,0.03,3,1500,768x432,11.145845000000008,,rebuffer happen
2025-12-20T13:33:39.044Z,0.059,3,1500,768x432,11.154961999999955,,
2025-12-20T13:33:39.093Z,0.027,3,1500,768x432,11.21141,,rebuffer happen
2025-12-20T13:33:39.583Z,0.156,3,1500,768x432,11.36037900000008,,
2025-12-20T13:33:39.727Z,0.031,3,1500,768x432,11.314651000000026,,rebuffer happen
2025-12-20T13:33:40.119Z,0.183,3,1500,768x432,11.36892499999999,,
2025-12-20T13:33:40.666Z,0.131,3,1500,768x432,11.42984100000001,,
2025-12-20T13:33:40.794Z,0.019,3,1500,768x432,11.408113999999955,,rebuffer happen
2025-12-20T13:33:41.176Z,0.198,3,1500,768x432,11.49362199999996,,
2025-12-20T13:33:41.345Z,0.031,3,1500,768x432,11.414892000000009,,rebuffer happen
2025-12-20T13:33:41.681Z,0.191,3,1500,768x432,11.488788,,
2025-12-20T13:33:41.862Z,0.019,3,1500,768x432,11.402537000000052,,rebuffer happen
2025-12-20T13:33:42.192Z,0.216,3,1500,768x432,11.509321,,
2025-12-20T13:33:42.379Z,0.062,3,1500,768x432,11.512741000000005,,rebuffer happen
2025-12-20T13:33:42.711Z,0.193,3,1500,768x432,11.491610000000037,,
2025-12-20T13:33:42.896Z,0.019,3,1500,768x432,11.504625000000033,,rebuffer happen
2025-12-20T13:33:43.224Z,0.235,3,1500,768x432,11.52965400000005,,
2025-12-20T13:33:43.430Z,0.031,3,1500,768x432,11.527111999999988,,rebuffer happen
2025-12-20T13:33:43.718Z,0.249,3,1500,768x432,11.553547999999978,,
2025-12-20T13:33:44.222Z,0.27,3,1500,768x432,11.565459000000033,,
2025-12-20T13:33:44.656Z,0.328,3,1500,768x432,11.520954999999958,,
2025-12-20T13:33:44.755Z,0.183,3,1500,768x432,11.471897000000013,,rebuffer happen
2025-12-20T13:33:44.847Z,0.045,3,1500,768x432,11.427824999999984,,rebuffer happen
2025-12-20T13:33:45.087Z,0.321,3,1500,768x432,11.519747999999936,,
2025-12-20T13:33:45.278Z,0.132,3,1500,768x432,11.448236000000065,,rebuffer happen
2025-12-20T13:33:45.520Z,0.291,3,1500,768x432,11.367836999999895,,
2025-12-20T13:33:45.951Z,0.334,3,1500,768x432,11.321996000000013,,
2025-12-20T13:33:46.090Z,0.171,3,1500,768x432,11.353940999999963,,rebuffer happen
2025-12-20T13:33:46.383Z,0.32,3,1500,768x432,11.325709000000074,,
2025-12-20T13:33:46.444Z,0.272,3,1500,768x432,11.264825000000087,,rebuffer happen
2025-12-20T13:33:46.803Z,0.366,3,1500,768x432,11.244657999999959,,
2025-12-20T13:33:46.958Z,0.195,3,1500,768x432,11.114430999999968,,rebuffer happen
2025-12-20T13:33:47.217Z,0.364,3,1500,768x432,11.141305999999986,,
2025-12-20T13:33:47.372Z,0.158,3,1500,768x432,11.113744999999994,,rebuffer happen
2025-12-20T13:33:47.638Z,0.28,3,1500,768x432,10.97672399999999,,
2025-12-20T13:33:48.071Z,0.334,3,1500,768x432,11.037847000000056,,
2025-12-20T13:33:48.214Z,0.201,3,1500,768x432,10.918197999999961,,rebuffer happen
2025-12-20T13:33:48.449Z,0.367,3,1500,768x432,10.860486000000037,,
2025-12-20T13:33:48.569Z,0.257,3,1500,768x432,10.943880000000036,,rebuffer happen
2025-12-20T13:33:48.615Z,0.287,3,1500,768x432,10.873935999999958,,rebuffer happen
2025-12-20T13:33:48.832Z,0.37,3,1500,768x432,10.750447000000008,,
2025-12-20T13:33:48.955Z,0.211,3,1500,768x432,10.661676000000057,,rebuffer happen
2025-12-20T13:33:49.228Z,0.346,3,1500,768x432,10.622044999999957,,
2025-12-20T13:33:49.334Z,0.178,3,1500,768x432,10.564487999999983,,rebuffer happen
2025-12-20T13:33:49.637Z,0.336,3,1500,768x432,10.539840000000027,,
2025-12-20T13:33:49.692Z,0.274,3,1500,768x432,10.556775000000016,,rebuffer happen
2025-12-20T13:33:50.037Z,0.312,3,1500,768x432,10.413213000000042,,
2025-12-20T13:33:50.148Z,0.234,3,1500,768x432,10.349792999999977,,rebuffer happen
2025-12-20T13:33:50.398Z,0.406,3,1500,768x432,10.400271000000089,,
2025-12-20T13:33:50.748Z,0.387,3,1500,768x432,10.177637000000004,,
2025-12-20T13:33:50.881Z,0.228,3,1500,768x432,10.182900000000018,,rebuffer happen
2025-12-20T13:33:51.111Z,0.391,3,1500,768x432,10.086464999999976,,
2025-12-20T13:33:51.223Z,0.246,3,1500,768x432,10.032287999999994,,rebuffer happen
2025-12-20T13:33:51.543Z,0.278,3,1500,768x432,9.870882999999935,,
2025-12-20T13:33:51.998Z,0.329,3,1500,768x432,9.919410999999968,,
2025-12-20T13:33:52.091Z,0.238,3,1500,768x432,9.89028200000007,,rebuffer happen
2025-12-20T13:33:52.398Z,0.317,3,1500,768x432,9.811257999999953,,
2025-12-20T13:33:52.488Z,0.272,3,1500,768x432,9.821596999999997,,rebuffer happen
2025-12-20T13:33:52.783Z,0.331,3,1500,768x432,9.720072999999957,,
2025-12-20T13:33:52.821Z,0.273,3,1500,768x432,9.66348400000004,,rebuffer happen
2025-12-20T13:33:53.162Z,0.349,3,1500,768x432,9.521640000000048,,
2025-12-20T13:33:53.253Z,0.236,3,1500,768x432,9.496301000000017,,rebuffer happen
2025-12-20T13:33:53.532Z,0.386,3,1500,768x432,9.482588999999962,,
2025-12-20T13:33:53.909Z,0.383,3,1500,768x432,9.372934999999984,,
2025-12-20T13:33:54.006Z,0.269,3,1500,768x432,9.323712,,rebuffer happen
2025-12-20T13:33:54.295Z,0.371,3,1500,768x432,9.24866099999997,,
2025-12-20T13:33:54.396Z,0.279,3,1500,768x432,9.200238000000013,,rebuffer happen
2025-12-20T13:33:54.686Z,0.389,3,1500,768x432,9.198748000000023,,
2025-12-20T13:33:54.786Z,0.295,3,1500,768x432,9.144532000000027,,rebuffer happen
2025-12-20T13:33:55.070Z,0.349,3,1500,768x432,9.04641700000002,,
2025-12-20T13:33:55.172Z,0.269,3,1500,768x432,9.026040999999964,,rebuffer happen
2025-12-20T13:33:55.206Z,0.285,3,1500,768x432,8.97534799999994,,rebuffer happen
2025-12-20T13:33:55.398Z,0.297,3,1500,768x432,8.880809999999997,,rebuffer happen
2025-12-20T13:33:55.444Z,0.294,3,1500,768x432,8.811526000000072,,rebuffer happen
2025-12-20T13:33:55.461Z,0.294,3,1500,768x432,8.786242000000016,,
2025-12-20T13:33:55.478Z,0.278,3,1500,768x432,8.865865999999983,,rebuffer happen
2025-12-20T13:33:55.840Z,0.342,3,1500,768x432,8.749189999999999,,
2025-12-20T13:33:55.947Z,0.239,3,1500,768x432,8.688818999999967,,rebuffer happen
2025-12-20T13:33:56.225Z,0.402,3,1500,768x432,8.68662699999993,,
2025-12-20T13:33:56.328Z,0.279,3,1500,768x432,8.632007999999928,,rebuffer happen
2025-12-20T13:33:56.607Z,0.343,3,1500,768x432,8.510770999999977,,
2025-12-20T13:33:56.696Z,0.227,3,1500,768x432,8.48584500000004,,rebuffer happen
2025-12-20T13:33:56.979Z,0.332,3,1500,768x432,8.416766000000052,,
2025-12-20T13:33:57.070Z,0.222,3,1500,768x432,8.410976000000005,,rebuffer happen
2025-12-20T13:33:57.340Z,0.283,3,1500,768x432,8.20734799999991,,rebuffer happen
2025-12-20T13:33:57.358Z,0.282,3,1500,768x432,8.180812999999944,,
2025-12-20T13:33:57.731Z,0.283,3,1500,768x432,8.07671700000003,,
2025-12-20T13:33:58.102Z,0.412,3,1500,768x432,8.112484999999992,,
2025-12-20T13:33:58.473Z,0.388,3,1500,768x432,7.97975699999995,,
2025-12-20T13:33:58.588Z,0.25,3,1500,768x432,7.90036299999997,,rebuffer happen
2025-12-20T13:33:58.853Z,0.357,3,1500,768x432,7.733625999999958,,
2025-12-20T13:33:58.928Z,0.236,3,1500,768x432,7.720505000000003,,rebuffer happen
2025-12-20T13:33:59.244Z,0.353,3,1500,768x432,7.641673999999966,,
2025-12-20T13:33:59.356Z,0.218,3,1500,768x432,7.568095000000085,,rebuffer happen
2025-12-20T13:33:59.620Z,0.36,3,1500,768x432,7.561747999999966,,
2025-12-20T13:33:59.725Z,0.273,3,1500,768x432,7.566667999999936,,rebuffer happen
2025-12-20T13:33:59.998Z,0.344,3,1500,768x432,7.445153000000005,,
2025-12-20T13:34:00.098Z,0.294,3,1500,768x432,7.4433199999999715,,rebuffer happen
2025-12-20T13:34:00.369Z,0.392,3,1500,768x432,7.37866699999995,,
2025-12-20T13:34:00.480Z,0.258,3,1500,768x432,7.3073499999999285,,rebuffer happen
2025-12-20T13:34:00.733Z,0.444,3,1500,768x432,7.239541999999915,,
2025-12-20T13:34:01.100Z,0.442,3,1500,768x432,7.137466000000018,,
2025-12-20T13:34:01.224Z,0.296,3,1500,768x432,7.047824999999989,,rebuffer happen
2025-12-20T13:34:01.479Z,0.38,3,1500,768x432,6.965509999999995,,
2025-12-20T13:34:01.583Z,0.224,3,1500,768x432,6.910325000000057,,rebuffer happen
2025-12-20T13:34:01.862Z,0.416,3,1500,768x432,6.817271999999889,,
2025-12-20T13:34:01.964Z,0.278,3,1500,768x432,6.860685999999987,,rebuffer happen
2025-12-20T13:34:02.241Z,0.418,3,1500,768x432,6.709209999999985,,
2025-12-20T13:34:02.354Z,0.288,3,1500,768x432,6.6394129999999905,,rebuffer happen
2025-12-20T13:34:02.617Z,0.458,3,1500,768x432,6.661501000000044,,
2025-12-20T13:34:02.948Z,0.484,3,1500,768x432,6.478187999999932,,
2025-12-20T13:34:03.264Z,0.523,3,1500,768x432,6.312860999999998,,
2025-12-20T13:34:03.594Z,0.531,3,1500,768x432,6.224650999999994,,
2025-12-20T13:34:03.920Z,0.533,3,1500,768x432,6.028847000000042,,
2025-12-20T13:34:04.247Z,0.574,3,1500,768x432,5.892614999999978,,
2025-12-20T13:34:04.565Z,0.616,3,1500,768x432,5.811607999999978,,
2025-12-20T13:34:04.894Z,0.63,3,1500,768x432,5.61754499999995,,
2025-12-20T13:34:05.213Z,0.662,3,1500,768x432,5.450474999999983,,
2025-12-20T13:34:05.539Z,0.668,3,1500,768x432,5.2624179999999114,,
2025-12-20T13:34:05.877Z,0.661,3,1500,768x432,5.160751000000005,,
2025-12-20T13:34:06.226Z,0.686,3,1500,768x432,4.980818999999997,,
2025-12-20T13:34:06.561Z,0.683,3,1500,768x432,4.778226000000018,,
2025-12-20T13:34:06.908Z,0.653,3,1500,768x432,4.656177999999954,,
2025-12-20T13:34:07.249Z,0.743,3,1500,768x432,4.529039000000012,,
2025-12-20T13:34:07.599Z,0.717,3,1500,768x432,4.402913000000012,,
2025-12-20T13:34:07.950Z,0.69,3,1500,768x432,4.177281999999991,,
2025-12-20T13:34:08.306Z,0.687,3,1500,768x432,4.084879000000001,,
2025-12-20T13:34:08.646Z,0.685,3,1500,768x432,3.879942000000028,,
2025-12-20T13:34:08.986Z,0.675,3,1500,768x432,3.7619809999999916,,
2025-12-20T13:34:09.339Z,0.645,3,1500,768x432,3.53263000000004,,
2025-12-20T13:34:09.683Z,0.622,3,1500,768x432,3.4185309999999163,,
2025-12-20T13:34:10.027Z,0.614,3,1500,768x432,3.2039459999999735,,
2025-12-20T13:34:10.386Z,0.611,3,1500,768x432,3.0952129999999443,,
2025-12-20T13:34:10.730Z,0.595,3,1500,768x432,2.8819029999999657,,
2025-12-20T13:34:11.071Z,0.597,3,1500,768x432,2.798422999999957,,
2025-12-20T13:34:11.418Z,0.62,3,1500,768x432,2.6276790000000574,,
2025-12-20T13:34:11.757Z,0.647,3,1500,768x432,2.430298999999991,,
2025-12-20T13:34:12.085Z,0.682,3,1500,768x432,2.368945999999937,,
2025-12-20T13:34:12.412Z,0.728,3,1500,768x432,2.2243859999999813,,
2025-12-20T13:34:12.731Z,0.819,3,1500,768x432,2.11429899999996,,
2025-12-20T13:34:13.054Z,0.932,3,1500,768x432,2.0320480000000316,,
2025-12-20T13:34:13.378Z,1.076,3,1500,768x432,2.0792809999999236,,
2025-12-20T13:34:13.691Z,1.235,3,1500,768x432,2.0350559999999405,,
2025-12-20T13:34:13.999Z,1.405,3,1500,768x432,2.0018910000000005,,
2025-12-20T13:34:14.307Z,1.599,3,1500,768x432,1.98576300000002,,
2025-12-20T13:34:14.617Z,1.764,3,1500,768x432,1.961212000000046,,
2025-12-20T13:34:14.934Z,1.943,3,1500,768x432,1.9398680000000468,,
2025-12-20T13:34:15.373Z,2.031,3,1500,768x432,2.01080300000001,,
2025-12-20T13:34:15.864Z,2.02,3,1500,768x432,1.9090099999999666,,
2025-12-20T13:34:16.407Z,2.014,3,1500,768x432,1.968625999999972,,
2025-12-20T13:34:16.486Z,1.936,1,600,480x270,1.9979009999999562,,
2025-12-20T13:34:16.899Z,2.013,1,600,480x270,1.975751999999943,,
2025-12-20T13:34:17.410Z,2.003,1,600,480x270,1.9594409999999698,,
2025-12-20T13:34:17.907Z,2.004,1,600,480x270,1.9706280000000334,,
2025-12-20T13:34:17.982Z,1.972,3,1500,768x432,1.9880110000000286,,
2025-12-20T13:34:18.389Z,2.019,3,1500,768x432,1.988083999999958,,
2025-12-20T13:34:18.861Z,1.999,3,1500,768x432,1.9145660000000362,,
2025-12-20T13:34:19.367Z,2.022,3,1500,768x432,2.003853000000049,,
2025-12-20T13:34:19.867Z,2.017,3,1500,768x432,1.9970919999999523,,
2025-12-20T13:34:20.416Z,2.035,3,1500,768x432,1.96841100000006,,
2025-12-20T13:34:20.894Z,2.019,3,1500,768x432,1.9746189999999615,,
2025-12-20T13:34:20.970Z,1.987,2,1000,640x360,1.896840999999995,,
2025-12-20T13:34:21.374Z,2.003,2,1000,640x360,1.9995279999999411,,
2025-12-20T13:34:21.451Z,1.987,3,1500,768x432,1.922064999999975,,
2025-12-20T13:34:21.868Z,2.006,3,1500,768x432,1.9989479999999276,,
2025-12-20T13:34:21.945Z,2.011,2,1000,640x360,1.9220040000000154,,
2025-12-20T13:34:22.361Z,2.015,2,1000,640x360,1.9111659999999802,,
2025-12-20T13:34:22.440Z,2.02,3,1500,768x432,1.926631000000043,,
2025-12-20T13:34:22.857Z,1.983,3,1500,768x432,1.9116730000000643,,
2025-12-20T13:34:22.937Z,2.023,2,1000,640x360,1.939948999999956,,
2025-12-20T13:34:23.388Z,1.99,2,1000,640x360,1.9928579999999556,,
2025-12-20T13:34:23.465Z,1.997,3,1500,768x432,1.9145529999999553,,
2025-12-20T13:34:23.949Z,1.853,3,1500,768x432,1.923607000000061,,
2025-12-20T13:34:24.399Z,2.021,3,1500,768x432,1.9823599999999715,,
2025-12-20T13:34:24.478Z,1.96,0,200,320x180,1.9970349999999826,,
2025-12-20T13:34:24.866Z,2.048,0,200,320x180,2.000012999999967,,
2025-12-20T13:34:24.943Z,2.017,1,600,480x270,1.9220959999998968,,
2025-12-20T13:34:25.362Z,2.024,1,600,480x270,1.9043020000000297,,
2025-12-20T13:34:25.439Z,1.986,3,1500,768x432,1.9253989999999703,,
2025-12-20T13:34:25.903Z,1.969,3,1500,768x432,1.9626380000000836,,
2025-12-20T13:34:26.398Z,1.986,3,1500,768x432,1.9739490000000615,,
2025-12-20T13:34:26.878Z,1.992,3,1500,768x432,1.9853550000000268,,
2025-12-20T13:34:27.378Z,2,3,1500,768x432,1.9907990000000382,,
2025-12-20T13:34:27.876Z,2.006,3,1500,768x432,1.9934470000000601,,
2025-12-20T13:34:28.368Z,2.021,3,1500,768x432,2.00783899999999,,
2025-12-20T13:34:28.871Z,2.015,3,1500,768x432,1.9937830000000076,,
2025-12-20T13:34:29.369Z,2.018,3,1500,768x432,1.9951019999999744,,
2025-12-20T13:34:29.869Z,2.019,3,1500,768x432,1.9993710000001101,,
2025-12-20T13:34:30.368Z,2.022,3,1500,768x432,2.00520199999994,,
2025-12-20T13:34:31.012Z,1.879,3,1500,768x432,1.9561909999999898,,
2025-12-20T13:34:31.461Z,1.915,3,1500,768x432,1.9162370000000237,,
2025-12-20T13:34:31.943Z,1.917,3,1500,768x432,1.9226160000000618,,
2025-12-20T13:34:32.594Z,1.85,3,1500,768x432,1.97768700000006,,
2025-12-20T13:34:33.027Z,1.843,3,1500,768x432,1.9447719999999435,,
2025-12-20T13:34:33.455Z,1.924,3,1500,768x432,1.9196819999999661,,
2025-12-20T13:34:33.883Z,2.002,3,1500,768x432,1.9888300000000072,,
2025-12-20T13:34:34.371Z,2.013,3,1500,768x432,1.9982889999999998,,
2025-12-20T13:34:34.879Z,2,3,1500,768x432,1.9867610000000013,,
2025-12-20T13:34:35.380Z,2.005,3,1500,768x432,1.987406999999962,,
2025-12-20T13:34:35.877Z,2,3,1500,768x432,2.000693999999953,,
2025-12-20T13:34:36.391Z,1.966,3,1500,768x432,1.9789839999999685,,
2025-12-20T13:34:36.876Z,2.016,3,1500,768x432,1.9985170000001062,,
2025-12-20T13:34:37.385Z,2.008,3,1500,768x432,1.9898369999999659,,
2025-12-20T13:34:37.881Z,2.006,3,1500,768x432,1.9876769999999624,,
2025-12-20T13:34:38.377Z,2.013,3,1500,768x432,1.9959200000000692,,
2025-12-20T13:34:38.874Z,2.015,3,1500,768x432,1.999213999999938,,
2025-12-20T13:34:39.371Z,2.019,3,1500,768x432,1.99674600000003,,
2025-12-20T13:34:39.871Z,2.01,3,1500,768x432,1.994956000000002,,
2025-12-20T13:34:40.223Z,2.042,3,1500,768x432,1.9512389999999868,,
2025-12-20T13:34:41.341Z,1.22,3,1500,768x432,1.93592000000001,,
2025-12-20T13:34:41.420Z,1.131,0,200,320x180,1.9637190000000828,,
2025-12-20T13:34:42.236Z,0.265,0,200,320x180,1.9567050000000563,,rebuffer happen
2025-12-20T13:34:42.462Z,0.033,0,200,320x180,1.9281570000000556,,rebuffer happen
2025-12-20T13:34:43.471Z,0.033,0,200,320x180,3.02015700000004,,