timestamp,bufferLevel,qualityIndex,bitrateKbps,resolution,liveLatency,predictedKbps,rebuffer
2025-12-19T13:15:12.312Z,0,3,1500,768x432,0.998,,
2025-12-19T13:15:12.319Z,0,3,1500,768x432,0.998,,rebuffer happen
2025-12-19T13:15:12.351Z,0.1,3,1500,768x432,0.997363,,rebuffer happen
2025-12-19T13:15:12.529Z,0.314,3,1500,768x432,1.1256659999999998,,
2025-12-19T13:15:12.583Z,0.291,3,1500,768x432,1.07796,NaN,rebuffer happen
2025-12-19T13:15:12.833Z,0.305,3,1500,768x432,0.836119,NaN,
2025-12-19T13:15:13.114Z,0.651,3,1500,768x432,1.083202,NaN,
2025-12-19T13:15:13.277Z,1.285,3,1500,768x432,1.3024390000000001,NaN,
2025-12-19T13:15:13.517Z,1.661,3,1500,768x432,1.361729,NaN,
2025-12-19T13:15:14.058Z,1.861,3,1500,768x432,1.65289,NaN,
2025-12-19T13:15:14.513Z,2.027,3,1500,768x432,1.7325540000000001,NaN,
2025-12-19T13:15:15.282Z,1.869,3,1500,768x432,1.8793730000000002,NaN,
2025-12-19T13:15:15.613Z,2.135,3,1500,768x432,1.8665609999999995,NaN,
2025-12-19T13:15:16.107Z,2.099,3,1500,768x432,1.8975529999999998,NaN,
2025-12-19T13:15:16.591Z,2.135,3,1500,768x432,1.9355600000000002,NaN,
2025-12-19T13:15:17.058Z,2.155,3,1500,768x432,1.9630329999999998,NaN,
2025-12-19T13:15:17.565Z,2.161,3,1500,768x432,1.9722739999999996,NaN,
2025-12-19T13:15:18.072Z,2.155,3,1500,768x432,1.957541,NaN,
2025-12-19T13:15:18.593Z,2.133,3,1500,768x432,1.9332789999999997,NaN,
2025-12-19T13:15:19.082Z,2.139,3,1500,768x432,1.9391439999999998,NaN,
2025-12-19T13:15:19.583Z,2.144,3,1500,768x432,1.9407649999999999,NaN,
2025-12-19T13:15:20.067Z,2.153,3,1500,768x432,1.953614,NaN,
2025-12-19T13:15:20.580Z,2.149,3,1500,768x432,1.9492480000000008,NaN,
2025-12-19T13:15:21.049Z,2.165,3,1500,768x432,1.9742289999999993,NaN,
2025-12-19T13:15:21.538Z,2.183,3,1500,768x432,1.990907,NaN,
2025-12-19T13:15:22.043Z,2.177,3,1500,768x432,1.9852749999999997,NaN,
2025-12-19T13:15:22.544Z,2.174,3,1500,768x432,1.9784710000000008,NaN,
2025-12-19T13:15:23.046Z,2.171,3,1500,768x432,1.9754260000000006,NaN,
2025-12-19T13:15:23.544Z,2.17,3,1500,768x432,1.976386999999999,NaN,
2025-12-19T13:15:24.032Z,2.182,3,1500,768x432,1.987952,NaN,
2025-12-19T13:15:24.541Z,2.172,3,1500,768x432,1.9925039999999985,NaN,
2025-12-19T13:15:25.057Z,2.158,3,1500,768x432,1.9649219999999996,NaN,
2025-12-19T13:15:25.547Z,2.173,3,1500,768x432,1.9820010000000003,NaN,
2025-12-19T13:15:26.026Z,2.192,3,1500,768x432,2.0011270000000003,NaN,
2025-12-19T13:15:26.520Z,2.22,3,1500,768x432,2.005376,NaN,
2025-12-19T13:15:27.021Z,2.226,3,1500,768x432,2.0099300000000007,NaN,
2025-12-19T13:15:27.528Z,2.178,3,1500,768x432,1.9939480000000014,NaN,
2025-12-19T13:15:28.015Z,2.203,3,1500,768x432,1.9121889999999997,3236,
2025-12-19T13:15:28.587Z,2.142,3,1500,768x432,1.9493350000000014,3235,
2025-12-19T13:15:29.092Z,2.121,3,1500,768x432,1.9301429999999993,3205,
2025-12-19T13:15:29.599Z,2.13,3,1500,768x432,1.937417,3128,
2025-12-19T13:15:30.097Z,2.117,3,1500,768x432,1.9325009999999985,3208,
2025-12-19T13:15:30.603Z,2.126,3,1500,768x432,1.935181,3188,
2025-12-19T13:15:31.103Z,2.123,3,1500,768x432,1.9270250000000004,3085,
2025-12-19T13:15:31.590Z,2.121,3,1500,768x432,1.938920000000003,3167,
2025-12-19T13:15:32.018Z,2.208,3,1500,768x432,1.9039189999999984,3113,
2025-12-19T13:15:32.542Z,2.179,3,1500,768x432,1.9906679999999994,3065,
2025-12-19T13:15:33.081Z,2.141,3,1500,768x432,1.9409959999999984,3024,
2025-12-19T13:15:33.603Z,2.127,3,1500,768x432,1.9285050000000012,2979,
2025-12-19T13:15:34.086Z,2.138,3,1500,768x432,1.938247999999998,3021,
2025-12-19T13:15:34.595Z,2.127,3,1500,768x432,1.9366500000000002,2929,
2025-12-19T13:15:35.093Z,2.122,3,1500,768x432,1.9333010000000002,2967,
2025-12-19T13:15:35.620Z,2.107,3,1500,768x432,2.016292,2885,
2025-12-19T13:15:36.072Z,2.174,3,1500,768x432,1.9596809999999998,2996,
2025-12-19T13:15:36.525Z,2.186,3,1500,768x432,1.9995049999999992,3015,
2025-12-19T13:15:37.018Z,2.216,3,1500,768x432,1.9050989999999999,3097,
2025-12-19T13:15:37.520Z,2.217,3,1500,768x432,2.0048540000000017,3069,
2025-12-19T13:15:38.015Z,2.223,3,1500,768x432,1.9087370000000021,3120,
2025-12-19T13:15:38.738Z,2.07,3,1500,768x432,2.002137000000001,3118,
2025-12-19T13:15:39.022Z,2.211,3,1500,768x432,2.0071450000000013,3185,
2025-12-19T13:15:39.522Z,2.22,3,1500,768x432,2.0063710000000015,3160,
2025-12-19T13:15:40.024Z,2.234,3,1500,768x432,2.009314,3221,
2025-12-19T13:15:40.537Z,2.198,3,1500,768x432,1.9866489999999999,3236,
2025-12-19T13:15:41.023Z,2.198,3,1500,768x432,2.0006120000000003,3264,
2025-12-19T13:15:41.519Z,2.215,3,1500,768x432,1.9067770000000017,3267,
2025-12-19T13:15:42.025Z,2.212,3,1500,768x432,1.9976759999999985,3300,
2025-12-19T13:15:42.524Z,2.217,3,1500,768x432,2.0022689999999983,3327,
2025-12-19T13:15:43.019Z,2.198,3,1500,768x432,2.0061670000000014,3354,
2025-12-19T13:15:43.529Z,2.214,3,1500,768x432,2.005841,3371,
2025-12-19T13:15:44.019Z,2.223,3,1500,768x432,1.9121599999999965,3393,
2025-12-19T13:15:44.517Z,2.215,3,1500,768x432,1.9041840000000008,3413,
2025-12-19T13:15:45.018Z,2.2,3,1500,768x432,1.9027400000000014,3427,
2025-12-19T13:15:45.518Z,2.221,3,1500,768x432,1.9080629999999985,3443,
2025-12-19T13:15:46.020Z,2.219,3,1500,768x432,2.002966999999998,3468,
2025-12-19T13:15:46.521Z,2.226,3,1500,768x432,2.0070459999999954,3472,
2025-12-19T13:15:47.019Z,2.224,3,1500,768x432,1.9074639999999974,3483,
2025-12-19T13:15:47.521Z,2.219,3,1500,768x432,2.0059189999999987,3488,
2025-12-19T13:15:48.017Z,2.229,3,1500,768x432,1.9126199999999969,3517,
2025-12-19T13:15:48.523Z,2.222,3,1500,768x432,2.0074499999999986,3572,
2025-12-19T13:15:49.022Z,2.235,3,1500,768x432,2.015575999999996,3583,
2025-12-19T13:15:49.540Z,2.202,3,1500,768x432,1.9836829999999992,3615,
2025-12-19T13:15:50.026Z,2.202,3,1500,768x432,1.997124999999997,3608,
2025-12-19T13:15:50.523Z,2.214,3,1500,768x432,2.0034119999999973,3619,
2025-12-19T13:15:51.018Z,2.198,3,1500,768x432,1.9118110000000001,3613,
2025-12-19T13:15:51.522Z,2.216,3,1500,768x432,2.0051559999999995,3601,
2025-12-19T13:15:52.027Z,2.194,3,1500,768x432,2.000444999999999,3614,
2025-12-19T13:15:52.518Z,2.216,3,1500,768x432,1.9071859999999958,3603,
2025-12-19T13:15:53.018Z,2.228,3,1500,768x432,1.9165610000000015,3608,
2025-12-19T13:15:53.523Z,2.213,3,1500,768x432,2.0026459999999986,3595,
2025-12-19T13:15:54.020Z,2.21,3,1500,768x432,2.000672999999999,3626,
2025-12-19T13:15:54.526Z,2.204,3,1500,768x432,2.006951000000001,3637,
2025-12-19T13:15:55.022Z,2.215,3,1500,768x432,2.0022969999999987,3638,
2025-12-19T13:15:55.514Z,2.2,3,1500,768x432,1.9136629999999997,3680,
2025-12-19T13:15:56.012Z,2.207,3,1500,768x432,1.9149480000000025,3669,
2025-12-19T13:15:56.522Z,2.212,3,1500,768x432,2.0063829999999996,3713,
2025-12-19T13:15:57.019Z,2.226,3,1500,768x432,1.9135020000000011,3699,
2025-12-19T13:15:57.515Z,2.221,3,1500,768x432,1.9079290000000029,3715,
2025-12-19T13:15:58.018Z,2.194,3,1500,768x432,1.9073920000000015,3737,
2025-12-19T13:15:58.523Z,2.205,3,1500,768x432,2.000273,3724,
2025-12-19T13:15:59.015Z,2.216,3,1500,768x432,1.9051389999999984,3760,
2025-12-19T13:15:59.509Z,2.219,3,1500,768x432,1.922077999999999,3755,
2025-12-19T13:16:00.016Z,2.223,3,1500,768x432,1.9130040000000008,3788,
2025-12-19T13:16:00.518Z,2.217,3,1500,768x432,1.911959000000003,3773,
2025-12-19T13:16:01.020Z,2.23,3,1500,768x432,2.0111240000000024,3794,
2025-12-19T13:16:01.517Z,2.215,3,1500,768x432,1.9057359999999974,3786,
2025-12-19T13:16:02.030Z,2.201,3,1500,768x432,1.9900440000000046,3810,
2025-12-19T13:16:02.520Z,2.18,3,1500,768x432,1.9980290000000025,3809,
2025-12-19T13:16:03.017Z,2.211,3,1500,768x432,1.9014659999999992,3833,
2025-12-19T13:16:03.548Z,2.174,3,1500,768x432,1.981273999999999,3838,
2025-12-19T13:16:04.022Z,2.213,3,1500,768x432,2.002094999999997,3835,
2025-12-19T13:16:04.541Z,2.2,3,1500,768x432,1.9872130000000041,3872,
2025-12-19T13:16:05.023Z,2.222,3,1500,768x432,2.006233999999999,3870,
2025-12-19T13:16:05.520Z,2.217,3,1500,768x432,2.005717000000004,3870,
2025-12-19T13:16:06.020Z,2.228,3,1500,768x432,2.012943,3858,
2025-12-19T13:16:06.569Z,2.231,3,1500,768x432,1.9674129999999934,3884,
2025-12-19T13:16:07.019Z,2.207,3,1500,768x432,2.0032870000000003,3900,
2025-12-19T13:16:07.518Z,2.208,3,1500,768x432,1.9045489999999958,3879,
2025-12-19T13:16:08.024Z,2.216,3,1500,768x432,2.0000950000000017,3908,
2025-12-19T13:16:08.519Z,2.223,3,1500,768x432,1.9058270000000022,3925,
2025-12-19T13:16:09.018Z,2.204,3,1500,768x432,1.907116000000002,3932,
2025-12-19T13:16:09.519Z,2.218,3,1500,768x432,2.004846999999998,3933,
2025-12-19T13:16:10.020Z,2.204,3,1500,768x432,2.0093499999999977,3957,
2025-12-19T13:16:10.522Z,2.216,3,1500,768x432,2.0031469999999985,3974,
2025-12-19T13:16:11.019Z,2.182,3,1500,768x432,1.9026770000000042,3995,
2025-12-19T13:16:11.514Z,2.215,3,1500,768x432,1.9115859999999998,4007,
2025-12-19T13:16:12.044Z,2.224,3,1500,768x432,1.9911559999999966,4029,
2025-12-19T13:16:12.571Z,2.22,3,1500,768x432,1.9527619999999999,4009,
2025-12-19T13:16:13.021Z,2.221,3,1500,768x432,2.001965999999996,4056,
2025-12-19T13:16:13.518Z,2.217,3,1500,768x432,1.909906999999997,4045,
2025-12-19T13:16:14.022Z,2.224,3,1500,768x432,2.0059289999999947,4045,
2025-12-19T13:16:14.517Z,2.22,3,1500,768x432,1.908132000000002,4070,
2025-12-19T13:16:15.020Z,2.192,3,1500,768x432,2.000537999999999,4053,
2025-12-19T13:16:15.536Z,2.214,3,1500,768x432,1.9930360000000036,4073,
2025-12-19T13:16:16.016Z,2.219,3,1500,768x432,1.9075709999999972,4018,
2025-12-19T13:16:16.608Z,2.105,3,1500,768x432,1.9123629999999991,4033,
2025-12-19T13:16:17.017Z,2.218,3,1500,768x432,1.9053349999999938,4053,
2025-12-19T13:16:17.515Z,2.224,3,1500,768x432,1.9158379999999937,4057,
2025-12-19T13:16:18.022Z,2.219,3,1500,768x432,2.0036460000000034,4065,
2025-12-19T13:16:18.522Z,2.202,3,1500,768x432,1.9991890000000012,4053,
2025-12-19T13:16:19.020Z,2.205,3,1500,768x432,1.9997800000000012,4056,
2025-12-19T13:16:19.541Z,2.179,3,1500,768x432,1.98663599999999,4051,
2025-12-19T13:16:20.026Z,2.221,3,1500,768x432,2.0009979999999956,4062,
2025-12-19T13:16:20.516Z,2.226,3,1500,768x432,1.9130770000000012,4030,
2025-12-19T13:16:21.019Z,2.228,3,1500,768x432,1.9079989999999896,4016,
2025-12-19T13:16:21.519Z,2.2,3,1500,768x432,1.9051489999999944,4005,
2025-12-19T13:16:22.018Z,2.216,3,1500,768x432,1.9023300000000063,4024,
2025-12-19T13:16:22.541Z,2.205,3,1500,768x432,1.986103,4028,
2025-12-19T13:16:23.018Z,2.218,3,1500,768x432,1.9110430000000065,4003,
2025-12-19T13:16:23.517Z,2.199,3,1500,768x432,1.9123730000000023,4008,
2025-12-19T13:16:24.012Z,2.215,3,1500,768x432,1.9119730000000033,4010,
2025-12-19T13:16:24.538Z,2.185,3,1500,768x432,1.9893350000000112,4023,
2025-12-19T13:16:25.048Z,2.174,3,1500,768x432,1.9765580000000114,4010,
2025-12-19T13:16:25.518Z,2.216,3,1500,768x432,1.9041840000000008,4031,
2025-12-19T13:16:26.011Z,2.215,3,1500,768x432,1.9096370000000036,4031,
2025-12-19T13:16:26.522Z,2.225,3,1500,768x432,2.0076099999999997,4032,
2025-12-19T13:16:27.100Z,2.124,3,1500,768x432,1.924318999999997,4040,
2025-12-19T13:16:27.516Z,2.213,3,1500,768x432,1.9109930000000048,4024,
2025-12-19T13:16:28.019Z,2.22,3,1500,768x432,2.0002130000000022,4035,
2025-12-19T13:16:28.507Z,2.201,3,1500,768x432,1.9201419999999985,4009,
2025-12-19T13:16:29.060Z,2.145,3,1500,768x432,1.968157000000005,4005,
2025-12-19T13:16:29.522Z,2.215,3,1500,768x432,2.003631999999996,3965,
2025-12-19T13:16:30.021Z,2.217,3,1500,768x432,2.006309999999999,3989,
2025-12-19T13:16:30.566Z,2.154,3,1500,768x432,1.9577150000000074,3954,
2025-12-19T13:16:31.099Z,2.198,3,1500,768x432,1.928239000000005,3933,
2025-12-19T13:16:31.517Z,2.204,3,1500,768x432,1.9092879999999894,3899,
2025-12-19T13:16:32.022Z,2.189,3,1500,768x432,2.000005999999999,3941,
2025-12-19T13:16:32.549Z,2.171,3,1500,768x432,1.9865839999999935,3925,
2025-12-19T13:16:33.031Z,2.182,3,1500,768x432,1.9915320000000065,3877,
2025-12-19T13:16:33.527Z,2.205,3,1500,768x432,2.003495000000001,3850,
2025-12-19T13:16:34.024Z,2.209,3,1500,768x432,2.0008020000000073,3817,
2025-12-19T13:16:34.533Z,2.202,3,1500,768x432,1.9886300000000006,3879,
2025-12-19T13:16:35.025Z,2.206,3,1500,768x432,1.9968159999999955,3925,
2025-12-19T13:16:35.517Z,2.193,3,1500,768x432,1.9009040000000113,3946,
2025-12-19T13:16:36.021Z,2.21,3,1500,768x432,1.9987740000000116,3883,
2025-12-19T13:16:36.520Z,2.188,3,1500,768x432,2.006546,3861,
2025-12-19T13:16:37.021Z,2.219,3,1500,768x432,2.0025699999999915,3947,
2025-12-19T13:16:37.518Z,2.216,3,1500,768x432,1.9094399999999894,3878,
2025-12-19T13:16:38.024Z,2.218,3,1500,768x432,2.0050080000000037,3843,
2025-12-19T13:16:38.585Z,2.219,3,1500,768x432,1.947336000000007,3894,
2025-12-19T13:16:39.060Z,2.174,3,1500,768x432,1.9738030000000037,3916,
2025-12-19T13:16:39.541Z,2.196,3,1500,768x432,1.9815980000000053,3826,
2025-12-19T13:16:40.095Z,2.121,3,1500,768x432,1.9315129999999954,3818,
2025-12-19T13:16:40.609Z,2.106,3,1500,768x432,1.9197980000000001,3862,
2025-12-19T13:16:41.085Z,2.127,3,1500,768x432,1.938761999999997,3750,
2025-12-19T13:16:41.547Z,2.173,3,1500,768x432,1.9803169999999994,3842,
2025-12-19T13:16:42.064Z,2.154,3,1500,768x432,1.959147999999999,3802,
2025-12-19T13:16:42.579Z,2.145,3,1500,768x432,1.9561379999999957,3766,
2025-12-19T13:16:43.062Z,2.157,3,1500,768x432,1.964921000000004,3673,
2025-12-19T13:16:43.602Z,2.14,3,1500,768x432,1.932029,3758,
2025-12-19T13:16:44.023Z,2.203,3,1500,768x432,2.0116289999999992,3638,
2025-12-19T13:16:44.514Z,2.217,3,1500,768x432,1.9098200000000105,3655,
2025-12-19T13:16:45.023Z,2.181,3,1500,768x432,1.998847000000012,3635,
2025-12-19T13:16:45.570Z,2.157,3,1500,768x432,1.9577770000000072,3717,
2025-12-19T13:16:46.021Z,2.224,3,1500,768x432,2.003171999999992,3698,
2025-12-19T13:16:46.522Z,2.205,3,1500,768x432,2.0052570000000003,3747,
2025-12-19T13:16:47.046Z,2.172,3,1500,768x432,1.9807109999999994,3718,
2025-12-19T13:16:47.519Z,2.219,3,1500,768x432,1.907209999999992,3736,
2025-12-19T13:16:48.025Z,2.214,3,1500,768x432,2.012280000000004,3666,
2025-12-19T13:16:48.516Z,2.22,3,1500,768x432,1.909639999999996,3717,
2025-12-19T13:16:49.018Z,2.193,3,1500,768x432,1.9050609999999892,3744,
2025-12-19T13:16:49.524Z,2.19,3,1500,768x432,2.000495000000001,3689,
2025-12-19T13:16:50.020Z,2.214,3,1500,768x432,2.003267000000008,3754,
2025-12-19T13:16:50.518Z,2.214,3,1500,768x432,1.9099489999999975,3714,
2025-12-19T13:16:51.016Z,2.201,3,1500,768x432,1.910218999999998,3695,
2025-12-19T13:16:51.517Z,2.196,3,1500,768x432,1.908693999999997,3752,
2025-12-19T13:16:52.021Z,2.199,3,1500,768x432,2.0103749999999962,3730,
2025-12-19T13:16:52.590Z,2.207,3,1500,768x432,1.9340090000000032,3730,
2025-12-19T13:16:53.024Z,2.202,3,1500,768x432,2.0000629999999973,3755,
2025-12-19T13:16:53.520Z,2.221,3,1500,768x432,2.0060300000000097,3782,
2025-12-19T13:16:54.025Z,2.222,3,1500,768x432,2.001209000000003,3870,
2025-12-19T13:16:54.521Z,2.217,3,1500,768x432,2.004663999999991,3828,
2025-12-19T13:16:55.018Z,2.212,3,1500,768x432,1.9104480000000024,3872,
2025-12-19T13:16:55.539Z,2.201,3,1500,768x432,1.9869180000000028,3891,
2025-12-19T13:16:56.020Z,2.229,3,1500,768x432,2.009639000000007,3892,
2025-12-19T13:16:56.515Z,2.229,3,1500,768x432,1.9149929999999955,3871,
2025-12-19T13:16:57.023Z,2.239,3,1500,768x432,2.0136150000000015,3917,
2025-12-19T13:16:57.535Z,2.193,3,1500,768x432,1.9928310000000096,3903,
2025-12-19T13:16:58.020Z,2.219,3,1500,768x432,2.0026160000000033,3949,
2025-12-19T13:16:58.518Z,2.218,3,1500,768x432,1.9107039999999955,3929,
2025-12-19T13:16:59.019Z,2.222,3,1500,768x432,1.903162000000009,3924,
2025-12-19T13:16:59.517Z,2.221,3,1500,768x432,1.9120879999999971,3936,
2025-12-19T13:17:00.013Z,2.219,3,1500,768x432,1.9222290000000015,3926,
2025-12-19T13:17:00.515Z,2.222,3,1500,768x432,1.9113399999999956,3930,
2025-12-19T13:17:01.017Z,2.232,3,1500,768x432,1.9177580000000063,3924,
2025-12-19T13:17:01.517Z,2.215,3,1500,768x432,1.9084079999999943,3914,
2025-12-19T13:17:02.021Z,2.18,3,1500,768x432,2.0002720000000096,3935,
2025-12-19T13:17:02.516Z,2.198,3,1500,768x432,1.909731999999991,3931,
2025-12-19T13:17:03.013Z,2.219,3,1500,768x432,1.9066450000000117,3936,
2025-12-19T13:17:03.529Z,2.189,3,1500,768x432,1.9976770000000101,3910,
2025-12-19T13:17:04.026Z,2.217,3,1500,768x432,1.9996110000000016,3966,
2025-12-19T13:17:04.513Z,2.21,3,1500,768x432,1.9151190000000042,3922,
2025-12-19T13:17:05.013Z,2.24,3,1500,768x432,1.9190010000000086,3937,
2025-12-19T13:17:05.551Z,2.165,3,1500,768x432,1.972216000000003,3925,
2025-12-19T13:17:06.015Z,2.197,3,1500,768x432,1.9089819999999946,3939,
2025-12-19T13:17:06.509Z,2.218,3,1500,768x432,1.909606999999994,3961,
2025-12-19T13:17:07.044Z,2.168,3,1500,768x432,1.9748400000000004,3963,
2025-12-19T13:17:07.518Z,2.217,3,1500,768x432,1.9100540000000024,3995,
2025-12-19T13:17:08.024Z,2.212,3,1500,768x432,2.003863999999993,3980,
2025-12-19T13:17:08.521Z,2.194,3,1500,768x432,2.0056419999999946,3987,
2025-12-19T13:17:09.015Z,2.224,3,1500,768x432,1.9119480000000095,3978,
2025-12-19T13:17:09.518Z,2.22,3,1500,768x432,1.9083430000000021,3979,
2025-12-19T13:17:10.016Z,2.217,3,1500,768x432,1.9172810000000027,3956,
2025-12-19T13:17:10.523Z,2.22,3,1500,768x432,2.0110700000000037,3965,
2025-12-19T13:17:11.020Z,2.222,3,1500,768x432,2.005026000000001,3964,
2025-12-19T13:17:11.522Z,2.209,3,1500,768x432,2.0001180000000005,3987,
2025-12-19T13:17:12.016Z,2.217,3,1500,768x432,1.9063289999999995,3973,
2025-12-19T13:17:12.520Z,2.221,3,1500,768x432,2.005750000000006,3991,
2025-12-19T13:17:13.018Z,2.22,3,1500,768x432,1.9092859999999945,4006,
2025-12-19T13:17:13.568Z,2.152,3,1500,768x432,1.9674530000000061,4005,
2025-12-19T13:17:14.018Z,2.203,3,1500,768x432,1.911728999999994,4012,
2025-12-19T13:17:14.520Z,2.199,3,1500,768x432,2.005223000000001,3998,
2025-12-19T13:17:15.078Z,2.199,3,1500,768x432,1.9428720000000084,3983,
2025-12-19T13:17:15.521Z,2.216,3,1500,768x432,2.004891999999998,4002,
2025-12-19T13:17:16.018Z,2.22,3,1500,768x432,1.9083989999999886,4003,
2025-12-19T13:17:16.551Z,2.168,3,1500,768x432,1.9779079999999993,4018,
2025-12-19T13:17:17.023Z,2.218,3,1500,768x432,2.002272000000005,3984,
2025-12-19T13:17:17.517Z,2.221,3,1500,768x432,1.908337000000003,4013,
2025-12-19T13:17:18.016Z,2.227,3,1500,768x432,1.9087510000000094,4022,
2025-12-19T13:17:18.518Z,2.21,3,1500,768x432,1.9030890000000085,4014,
2025-12-19T13:17:19.024Z,2.185,3,1500,768x432,2.0010309999999976,4011,
2025-12-19T13:17:19.516Z,2.22,3,1500,768x432,1.9083850000000098,4036,
2025-12-19T13:17:20.010Z,2.23,3,1500,768x432,1.9159429999999986,4033,
2025-12-19T13:17:20.513Z,2.211,3,1500,768x432,1.9104500000000115,4028,
2025-12-19T13:17:21.015Z,2.226,3,1500,768x432,1.9080179999999984,4013,
2025-12-19T13:17:21.520Z,2.217,3,1500,768x432,2.006052000000011,4022,
2025-12-19T13:17:22.029Z,2.221,3,1500,768x432,2.003848999999974,4039,
2025-12-19T13:17:22.578Z,2.147,3,1500,768x432,1.9568119999999851,4033,
2025-12-19T13:17:23.020Z,2.202,3,1500,768x432,2.009242999999998,4099,
2025-12-19T13:17:23.519Z,2.222,3,1500,768x432,1.9077880000000107,4054,
2025-12-19T13:17:24.017Z,2.219,3,1500,768x432,1.9069479999999999,4069,
2025-12-19T13:17:24.515Z,2.218,3,1500,768x432,1.9122059999999976,4061,
2025-12-19T13:17:25.015Z,2.226,3,1500,768x432,1.9108360000000175,4071,
2025-12-19T13:17:25.522Z,2.218,3,1500,768x432,2.006395999999995,4061,
2025-12-19T13:17:26.024Z,2.221,3,1500,768x432,2.002487000000002,4055,
2025-12-19T13:17:26.517Z,2.218,3,1500,768x432,1.90270000000001,4069,
2025-12-19T13:17:27.019Z,2.213,3,1500,768x432,1.9018250000000023,4062,
2025-12-19T13:17:27.513Z,2.232,3,1500,768x432,1.910999000000004,4089,
2025-12-19T13:17:28.015Z,2.218,3,1500,768x432,1.9103709999999978,4097,
2025-12-19T13:17:28.520Z,2.218,3,1500,768x432,2.0053470000000004,4100,
2025-12-19T13:17:29.019Z,2.216,3,1500,768x432,1.9051340000000039,4063,
2025-12-19T13:17:29.569Z,2.232,3,1500,768x432,1.9680320000000222,4083,
2025-12-19T13:17:30.015Z,2.236,3,1500,768x432,1.9162539999999808,4073,
2025-12-19T13:17:30.580Z,2.188,3,1500,768x432,1.9529959999999846,4070,
2025-12-19T13:17:31.016Z,2.225,3,1500,768x432,1.9078630000000203,4080,
2025-12-19T13:17:31.512Z,2.2,3,1500,768x432,1.914085,4092,
2025-12-19T13:17:32.020Z,2.213,3,1500,768x432,2.001074000000017,4117,
2025-12-19T13:17:32.516Z,2.222,3,1500,768x432,1.9137829999999951,4124,
2025-12-19T13:17:33.017Z,2.228,3,1500,768x432,1.9082389999999805,4099,
2025-12-19T13:17:33.513Z,2.218,3,1500,768x432,1.9150429999999972,4104,
2025-12-19T13:17:34.009Z,2.226,3,1500,768x432,1.9238630000000114,4122,
2025-12-19T13:17:34.517Z,2.198,3,1500,768x432,1.9077950000000214,4127,
2025-12-19T13:17:35.016Z,2.223,3,1500,768x432,1.9060610000000224,4126,
2025-12-19T13:17:35.506Z,2.213,3,1500,768x432,1.9170380000000193,4126,
2025-12-19T13:17:36.015Z,2.221,3,1500,768x432,1.904672000000005,4122,
2025-12-19T13:17:36.514Z,2.223,3,1500,768x432,1.9128350000000012,4169,
2025-12-19T13:17:37.022Z,2.225,3,1500,768x432,2.003415999999987,4138,
2025-12-19T13:17:37.521Z,2.222,3,1500,768x432,2.0055320000000165,4149,
2025-12-19T13:17:38.017Z,2.217,3,1500,768x432,1.9090140000000133,4158,
2025-12-19T13:17:38.519Z,2.204,3,1500,768x432,1.9006740000000093,4126,
2025-12-19T13:17:39.014Z,2.206,3,1500,768x432,1.9051410000000146,4155,
2025-12-19T13:17:39.518Z,2.221,3,1500,768x432,1.9043670000000077,4136,
2025-12-19T13:17:40.021Z,2.191,3,1500,768x432,2.00113300000001,4159,
2025-12-19T13:17:40.516Z,2.222,3,1500,768x432,1.9145540000000096,4125,
2025-12-19T13:17:41.022Z,2.226,3,1500,768x432,2.0030269999999746,4151,
2025-12-19T13:17:41.524Z,2.213,3,1500,768x432,2.0064749999999947,4149,
2025-12-19T13:17:42.032Z,2.194,3,1500,768x432,1.9947760000000017,4158,
2025-12-19T13:17:42.529Z,2.223,3,1500,768x432,1.9951690000000042,4133,
2025-12-19T13:17:43.022Z,2.236,3,1500,768x432,2.010573999999991,4107,
2025-12-19T13:17:43.525Z,2.195,3,1500,768x432,2.000692000000015,4115,
2025-12-19T13:17:44.014Z,2.213,3,1500,768x432,1.909025999999983,4114,
2025-12-19T13:17:44.521Z,2.218,3,1500,768x432,2.0044090000000097,4129,
2025-12-19T13:17:45.014Z,2.225,3,1500,768x432,1.911438000000004,4107,
2025-12-19T13:17:45.513Z,2.223,3,1500,768x432,1.9112230000000068,4120,
2025-12-19T13:17:46.015Z,2.227,3,1500,768x432,1.9100260000000162,4097,
2025-12-19T13:17:46.519Z,2.219,3,1500,768x432,1.9058569999999975,4107,
2025-12-19T13:17:47.018Z,2.227,3,1500,768x432,1.9155110000000093,4138,
2025-12-19T13:17:47.519Z,2.193,3,1500,768x432,2.000428999999997,4140,
2025-12-19T13:17:48.017Z,2.214,3,1500,768x432,1.9062140000000056,4150,
2025-12-19T13:17:48.514Z,2.201,3,1500,768x432,1.9138440000000116,4159,
2025-12-19T13:17:49.038Z,2.168,3,1500,768x432,1.9838489999999922,4150,
2025-12-19T13:17:49.517Z,2.201,3,1500,768x432,1.9098749999999995,4176,
2025-12-19T13:17:50.022Z,2.214,3,1500,768x432,2.004240999999979,4183,
2025-12-19T13:17:50.516Z,2.221,3,1500,768x432,1.910743999999994,4175,
2025-12-19T13:17:51.013Z,2.214,3,1500,768x432,1.9195919999999944,4165,
2025-12-19T13:17:51.559Z,2.161,3,1500,768x432,1.96958699999999,4168,
2025-12-19T13:17:52.018Z,2.236,3,1500,768x432,1.917147,4129,
2025-12-19T13:17:52.518Z,2.216,3,1500,768x432,1.9060610000000224,4179,
2025-12-19T13:17:53.015Z,2.196,3,1500,768x432,1.9064750000000004,4174,
2025-12-19T13:17:53.527Z,2.208,3,1500,768x432,2.0057490000000087,4193,
2025-12-19T13:17:54.015Z,2.227,3,1500,768x432,1.9109669999999994,4177,
2025-12-19T13:17:54.518Z,2.217,3,1500,768x432,1.9078000000000088,4151,
2025-12-19T13:17:55.020Z,2.199,3,1500,768x432,2.007753000000008,4158,
2025-12-19T13:17:55.515Z,2.216,3,1500,768x432,1.9117439999999988,4163,
2025-12-19T13:17:56.015Z,2.216,3,1500,768x432,1.9186929999999904,4157,
2025-12-19T13:17:56.584Z,2.126,3,1500,768x432,1.9373669999999947,4167,
2025-12-19T13:17:57.014Z,2.198,3,1500,768x432,1.908713999999975,4119,
2025-12-19T13:17:57.506Z,2.226,3,1500,768x432,1.918278000000015,4180,
2025-12-19T13:17:58.012Z,2.224,3,1500,768x432,1.9096519999999941,4166,
2025-12-19T13:17:58.512Z,2.221,3,1500,768x432,1.9131089999999915,4189,
2025-12-19T13:17:59.016Z,2.2,3,1500,768x432,1.91413399999999,4169,
2025-12-19T13:17:59.524Z,2.226,3,1500,768x432,2.006436000000008,4196,
2025-12-19T13:18:00.027Z,2.2,3,1500,768x432,2.0072669999999846,4204,
2025-12-19T13:18:00.513Z,2.217,3,1500,768x432,1.9108870000000024,4175,
2025-12-19T13:18:01.016Z,2.224,3,1500,768x432,1.9200320000000204,4172,
2025-12-19T13:18:01.520Z,2.197,3,1500,768x432,2.0035489999999925,4208,
2025-12-19T13:18:02.014Z,2.231,3,1500,768x432,1.9065110000000232,4180,
2025-12-19T13:18:02.522Z,2.22,3,1500,768x432,2.0035450000000026,4171,
2025-12-19T13:18:03.011Z,2.225,3,1500,768x432,1.9128720000000214,4115,
2025-12-19T13:18:03.688Z,2.073,3,1500,768x432,1.9478839999999877,4127,
2025-12-19T13:18:04.013Z,2.22,3,1500,768x432,1.9157200000000216,4179,
2025-12-19T13:18:04.518Z,2.224,3,1500,768x432,1.9074170000000095,4142,
2025-12-19T13:18:05.021Z,2.21,3,1500,768x432,2.015168000000017,4162,
2025-12-19T13:18:05.520Z,2.206,3,1500,768x432,2.011195000000015,4156,
2025-12-19T13:18:06.015Z,2.221,3,1500,768x432,1.9102120000000014,4189,
2025-12-19T13:18:06.514Z,2.218,3,1500,768x432,1.9090170000000057,4140,
2025-12-19T13:18:07.018Z,2.211,3,1500,768x432,1.902940000000001,4111,
2025-12-19T13:18:07.515Z,2.202,3,1500,768x432,1.9129309999999862,4149,
2025-12-19T13:18:08.087Z,2.218,3,1500,768x432,1.9401009999999985,4041,
2025-12-19T13:18:08.541Z,2.176,3,1500,768x432,1.9893489999999758,4076,
2025-12-19T13:18:09.043Z,2.173,3,1500,768x432,1.9927079999999933,4019,
2025-12-19T13:18:09.537Z,2.179,3,1500,768x432,1.992873000000003,4010,
2025-12-19T13:18:10.039Z,2.174,3,1500,768x432,1.9859349999999836,3990,
2025-12-19T13:18:10.545Z,2.169,3,1500,768x432,1.975246999999996,4035,
2025-12-19T13:18:11.040Z,2.205,3,1500,768x432,1.9806030000000021,3929,
2025-12-19T13:18:11.538Z,2.181,3,1500,768x432,1.9893810000000087,4016,
2025-12-19T13:18:12.039Z,2.198,3,1500,768x432,1.9838479999999947,3991,
2025-12-19T13:18:12.510Z,2.206,3,1500,768x432,1.9146020000000021,3937,
2025-12-19T13:18:13.011Z,2.211,3,1500,768x432,1.9209700000000112,3883,
2025-12-19T13:18:13.521Z,2.205,3,1500,768x432,2.0013059999999996,3931,
2025-12-19T13:18:14.014Z,2.196,3,1500,768x432,1.9046680000000151,3932,
2025-12-19T13:18:14.517Z,2.217,3,1500,768x432,1.9096899999999835,3901,
2025-12-19T13:18:15.020Z,2.204,3,1500,768x432,2.002013000000005,3914,
2025-12-19T13:18:15.524Z,2.189,3,1500,768x432,1.9987299999999948,3901,
2025-12-19T13:18:16.107Z,2.104,3,1500,768x432,1.917541,3860,
2025-12-19T13:18:16.514Z,2.204,3,1500,768x432,1.917334000000011,3846,
2025-12-19T13:18:17.016Z,2.206,3,1500,768x432,1.9126329999999996,3818,
2025-12-19T13:18:17.512Z,2.198,3,1500,768x432,1.9092550000000017,3800,
2025-12-19T13:18:18.022Z,2.195,3,1500,768x432,1.9995059999999967,3870,
2025-12-19T13:18:18.574Z,2.21,3,1500,768x432,1.966066000000012,3826,
2025-12-19T13:18:19.656Z,1.599,3,1500,768x432,1.9716750000000047,3862,
2025-12-19T13:18:20.549Z,1.21,3,1500,768x432,1.9811180000000093,3522,
2025-12-19T13:18:21.462Z,0.75,3,1500,768x432,1.9572119999999984,3466,
2025-12-19T13:18:22.398Z,0.375,3,1500,768x432,1.9321999999999946,3497,
2025-12-19T13:18:22.516Z,0.226,3,1500,768x432,1.9124140000000125,3104,rebuffer happen
2025-12-19T13:18:22.883Z,0.023,3,1500,768x432,1.9502339999999947,3104,rebuffer happen
2025-12-19T13:18:22.916Z,0.028,3,1500,768x432,1.9215669999999818,3104,rebuffer happen
2025-12-19T13:18:23.016Z,0.025,3,1500,768x432,1.9455520000000206,3104,rebuffer happen
2025-12-19T13:18:23.083Z,0.017,3,1500,768x432,2.0135270000000105,3104,rebuffer happen
2025-12-19T13:18:23.116Z,0.029,3,1500,768x432,1.992683999999997,3104,rebuffer happen
2025-12-19T13:18:23.166Z,0.018,3,1500,768x432,2.037903,3104,rebuffer happen
2025-12-19T13:18:23.200Z,0.029,3,1500,768x432,2.015595999999988,3104,rebuffer happen
2025-12-19T13:18:23.258Z,0.071,3,1500,768x432,2.077399999999983,3104,
2025-12-19T13:18:23.317Z,0.027,2,1000,640x360,2.0254620000000045,2968,rebuffer happen
2025-12-19T13:18:23.339Z,0.027,2,1000,640x360,2.122462000000013,2968,
2025-12-19T13:18:24.046Z,0.065,2,1000,640x360,2.352699000000001,2968,
2025-12-19T13:18:24.084Z,0.019,2,1000,640x360,2.315275999999983,2673,rebuffer happen
2025-12-19T13:18:24.629Z,0.061,2,1000,640x360,2.4653069999999957,2673,
2025-12-19T13:18:24.684Z,0.023,2,1000,640x360,2.410146999999995,2371,rebuffer happen
2025-12-19T13:18:25.233Z,0.04,2,1000,640x360,2.5537029999999845,2371,
2025-12-19T13:18:25.268Z,0.021,2,1000,640x360,2.519184999999993,2252,rebuffer happen
2025-12-19T13:18:25.781Z,0.118,2,1000,640x360,2.606956999999994,2252,
2025-12-19T13:18:25.869Z,0.022,2,1000,640x360,2.613913000000025,2170,rebuffer happen
2025-12-19T13:18:26.202Z,0.028,2,1000,640x360,2.650846999999999,2170,rebuffer happen
2025-12-19T13:18:26.403Z,0.053,2,1000,640x360,2.6720479999999895,2170,
2025-12-19T13:18:26.469Z,0.02,2,1000,640x360,2.7064589999999953,2036,rebuffer happen
2025-12-19T13:18:26.553Z,0.063,2,1000,640x360,2.7819120000000055,2036,rebuffer happen
2025-12-19T13:18:26.982Z,0.095,2,1000,640x360,2.782084999999995,2036,
2025-12-19T13:18:27.036Z,0.033,1,600,480x270,2.8212110000000052,1915,rebuffer happen
2025-12-19T13:18:27.064Z,0.033,1,600,480x270,2.8212110000000052,1915,
2025-12-19T13:18:27.314Z,0.367,1,600,480x270,2.8762590000000046,1915,
2025-12-19T13:18:27.437Z,0.235,1,600,480x270,2.8980899999999963,2051,rebuffer happen
2025-12-19T13:18:27.570Z,0.277,1,600,480x270,2.79669100000001,2051,rebuffer happen
2025-12-19T13:18:27.782Z,0.223,1,600,480x270,2.6849400000000117,2051,
2025-12-19T13:18:27.920Z,0.031,1,600,480x270,2.717675000000014,1880,rebuffer happen
2025-12-19T13:18:28.104Z,0.372,1,600,480x270,2.680353999999994,1880,
2025-12-19T13:18:28.399Z,0.428,1,600,480x270,2.6018689999999935,1862,
2025-12-19T13:18:28.731Z,0.529,1,600,480x270,2.56441700000002,1862,
2025-12-19T13:18:28.973Z,0.222,1,600,480x270,2.4081820000000107,1666,rebuffer happen
2025-12-19T13:18:29.097Z,0.485,1,600,480x270,2.3331190000000106,1666,
2025-12-19T13:18:29.278Z,0.291,1,600,480x270,2.277837000000005,1627,rebuffer happen
2025-12-19T13:18:29.472Z,0.533,1,600,480x270,2.2273840000000007,1627,
2025-12-19T13:18:29.781Z,0.152,1,600,480x270,2.1388000000000034,1627,rebuffer happen
2025-12-19T13:18:30.161Z,0.2,1,600,480x270,2.105064999999996,1627,
2025-12-19T13:18:30.513Z,0.365,1,600,480x270,2.059962000000013,1519,
2025-12-19T13:18:30.588Z,0.317,2,1000,640x360,2.099511000000007,1519,
2025-12-19T13:18:30.748Z,0.112,2,1000,640x360,2.1089210000000094,1519,rebuffer happen
2025-12-19T13:18:31.165Z,0.189,2,1000,640x360,2.069234000000023,1519,
2025-12-19T13:18:31.323Z,0.023,2,1000,640x360,2.1126330000000166,1494,rebuffer happen
2025-12-19T13:18:31.705Z,0.166,2,1000,640x360,2.058105000000012,1494,
2025-12-19T13:18:31.840Z,0.037,2,1000,640x360,2.126650000000012,1450,rebuffer happen
2025-12-19T13:18:32.309Z,0.18,2,1000,640x360,2.1760610000000042,1450,
2025-12-19T13:18:32.474Z,0.022,2,1000,640x360,2.22155699999999,1428,rebuffer happen
2025-12-19T13:18:32.674Z,0.026,2,1000,640x360,2.3127409999999884,1428,rebuffer happen
2025-12-19T13:18:32.946Z,0.188,2,1000,640x360,2.394863000000015,1428,
2025-12-19T13:18:33.125Z,0.017,2,1000,640x360,2.4083809999999914,1370,rebuffer happen
2025-12-19T13:18:33.592Z,0.027,2,1000,640x360,2.3857260000000053,1370,rebuffer happen
2025-12-19T13:18:33.642Z,0.016,2,1000,640x360,2.436795999999987,1370,rebuffer happen
2025-12-19T13:18:33.644Z,0.016,2,1000,640x360,2.436795999999987,1370,
2025-12-19T13:18:33.675Z,0.021,2,1000,640x360,2.4076919999999973,1354,rebuffer happen
2025-12-19T13:18:33.992Z,0.027,2,1000,640x360,2.557481999999993,1354,rebuffer happen
2025-12-19T13:18:34.126Z,0.018,2,1000,640x360,2.638500999999991,1354,rebuffer happen
2025-12-19T13:18:34.159Z,0.024,2,1000,640x360,2.6114980000000116,1354,rebuffer happen
2025-12-19T13:18:34.226Z,0.023,2,1000,640x360,2.675693999999993,1354,rebuffer happen
2025-12-19T13:18:34.276Z,0.028,2,1000,640x360,2.647554999999983,1354,rebuffer happen
2025-12-19T13:18:34.359Z,0.029,2,1000,640x360,2.718461999999988,1354,rebuffer happen
2025-12-19T13:18:34.450Z,0.072,2,1000,640x360,2.753329000000008,1354,
2025-12-19T13:18:34.493Z,0.029,1,600,480x270,2.7158430000000067,1319,rebuffer happen
2025-12-19T13:18:34.522Z,0.029,1,600,480x270,2.7158430000000067,1319,
2025-12-19T13:18:34.806Z,0.334,1,600,480x270,2.8139240000000143,1319,
2025-12-19T13:18:34.874Z,0.291,1,600,480x270,2.81012800000002,1284,rebuffer happen
2025-12-19T13:18:35.114Z,0.353,1,600,480x270,2.659497000000016,1284,
2025-12-19T13:18:35.207Z,0.295,1,600,480x270,2.616342000000003,1256,rebuffer happen
2025-12-19T13:18:35.348Z,0.528,1,600,480x270,2.6049750000000245,1256,
2025-12-19T13:18:35.583Z,0.651,1,600,480x270,2.469499000000013,1256,
2025-12-19T13:18:35.924Z,0.716,1,600,480x270,2.380071000000015,1251,
2025-12-19T13:18:36.360Z,0.604,1,600,480x270,2.1902080000000126,1251,
2025-12-19T13:18:36.656Z,0.764,1,600,480x270,2.1551839999999913,1268,
2025-12-19T13:18:37.174Z,0.642,1,600,480x270,2.0406380000000013,1215,
2025-12-19T13:18:37.681Z,0.59,1,600,480x270,2.0039639999999963,1209,
2025-12-19T13:18:38.120Z,0.642,1,600,480x270,2.033027000000004,1174,
2025-12-19T13:18:38.669Z,0.575,1,600,480x270,1.971935000000002,1177,
2025-12-19T13:18:39.044Z,0.659,1,600,480x270,1.9944220000000144,1129,
2025-12-19T13:18:39.425Z,0.8,1,600,480x270,1.9924109999999757,1153,
2025-12-19T13:18:39.821Z,0.898,1,600,480x270,2.0029919999999777,1153,
2025-12-19T13:18:40.212Z,1.019,1,600,480x270,1.9098500000000058,1123,
2025-12-19T13:18:40.289Z,1.021,2,1000,640x360,1.9310879999999884,1104,
2025-12-19T13:18:40.928Z,0.791,2,1000,640x360,1.9962720000000047,1104,
2025-12-19T13:18:41.646Z,0.62,2,1000,640x360,1.9911630000000002,1252,
2025-12-19T13:18:42.137Z,0.585,2,1000,640x360,1.990951999999993,1161,
2025-12-19T13:18:42.685Z,0.544,2,1000,640x360,1.9398380000000088,1116,
2025-12-19T13:18:42.994Z,0.239,2,1000,640x360,1.9342209999999795,1099,rebuffer happen
2025-12-19T13:18:43.445Z,0.156,2,1000,640x360,1.9829799999999977,1099,rebuffer happen
2025-12-19T13:18:43.560Z,0.185,2,1000,640x360,1.9676050000000203,1099,
2025-12-19T13:18:43.717Z,0.024,2,1000,640x360,1.921609999999987,1216,rebuffer happen
2025-12-19T13:18:44.302Z,0.074,2,1000,640x360,2.0659600000000182,1216,
2025-12-19T13:18:44.350Z,0.029,1,600,480x270,2.1279399999999953,1195,rebuffer happen
2025-12-19T13:18:44.375Z,0.029,1,600,480x270,2.1279399999999953,1195,
2025-12-19T13:18:44.748Z,0.306,1,600,480x270,2.3119700000000023,1195,
2025-12-19T13:18:44.879Z,0.193,1,600,480x270,2.291176000000007,1189,rebuffer happen
2025-12-19T13:18:45.172Z,0.361,1,600,480x270,2.2832380000000114,1189,
2025-12-19T13:18:45.490Z,0.43,1,600,480x270,2.1749320000000125,1187,
2025-12-19T13:18:45.906Z,0.517,1,600,480x270,2.092107999999996,1187,
2025-12-19T13:18:46.371Z,0.432,1,600,480x270,2.0346139999999764,1149,
2025-12-19T13:18:46.748Z,0.512,1,600,480x270,2.0281450000000234,1071,
2025-12-19T13:18:47.123Z,0.653,1,600,480x270,2.0286319999999876,1074,
2025-12-19T13:18:47.536Z,0.721,1,600,480x270,2.0074490000000083,1040,
2025-12-19T13:18:47.963Z,0.778,1,600,480x270,1.979253,1020,
2025-12-19T13:18:48.324Z,0.907,1,600,480x270,2.0005020000000115,1020,
2025-12-19T13:18:48.740Z,1.004,1,600,480x270,1.9834550000000206,1057,
2025-12-19T13:18:49.253Z,1.002,1,600,480x270,1.967380999999989,1038,
2025-12-19T13:18:49.716Z,1.01,1,600,480x270,1.9181010000000072,1020,
2025-12-19T13:18:49.796Z,1.024,2,1000,640x360,1.9327729999999974,978,
2025-12-19T13:18:50.524Z,0.712,2,1000,640x360,1.9988150000000076,978,
2025-12-19T13:18:51.256Z,0.483,2,1000,640x360,1.9646009999999876,961,
2025-12-19T13:18:51.901Z,0.36,2,1000,640x360,1.9278110000000197,961,
2025-12-19T13:18:52.059Z,0.176,2,1000,640x360,1.9652129999999772,945,rebuffer happen
2025-12-19T13:18:52.499Z,0.26,2,1000,640x360,1.9282970000000148,945,
2025-12-19T13:18:52.724Z,0.025,2,1000,640x360,2.016411000000005,894,rebuffer happen
2025-12-19T13:18:53.117Z,0.232,2,1000,640x360,1.9874240000000043,894,
2025-12-19T13:18:53.199Z,0.137,1,600,480x270,2.000305999999995,892,
2025-12-19T13:18:53.291Z,0.017,1,600,480x270,2.003292999999985,892,rebuffer happen
2025-12-19T13:18:53.656Z,0.261,1,600,480x270,2.1476780000000133,892,
2025-12-19T13:18:54.041Z,0.359,1,600,480x270,2.163938999999999,890,
2025-12-19T13:18:54.265Z,0.146,1,600,480x270,2.1079630000000122,899,rebuffer happen
2025-12-19T13:18:54.600Z,0.271,1,600,480x270,2.0818220000000167,899,
2025-12-19T13:18:55.042Z,0.349,1,600,480x270,2.127338000000009,898,
2025-12-19T13:18:55.151Z,0.212,1,600,480x270,2.0985119999999995,901,rebuffer happen
2025-12-19T13:18:55.556Z,0.263,1,600,480x270,2.0738440000000082,901,
2025-12-19T13:18:56.078Z,0.27,1,600,480x270,2.0619529999999884,907,
2025-12-19T13:18:56.535Z,0.316,1,600,480x270,2.106023999999991,903,
2025-12-19T13:18:56.741Z,0.144,1,600,480x270,2.1039849999999944,918,rebuffer happen
2025-12-19T13:18:56.994Z,0.346,1,600,480x270,2.0451329999999928,918,
2025-12-19T13:18:57.162Z,0.16,1,600,480x270,2.0570160000000044,918,rebuffer happen
2025-12-19T13:18:57.478Z,0.336,1,600,480x270,2.0265130000000227,918,
2025-12-19T13:18:57.519Z,0.297,1,600,480x270,2.0828480000000127,908,rebuffer happen
2025-12-19T13:18:57.883Z,0.298,1,600,480x270,2.0174939999999992,908,rebuffer happen
2025-12-19T13:18:58.032Z,0.362,1,600,480x270,2.0575350000000014,908,
2025-12-19T13:18:58.033Z,0.267,1,600,480x270,2.056878999999981,908,rebuffer happen
2025-12-19T13:18:58.111Z,0.231,0,200,320x180,1.975180999999992,893,
2025-12-19T13:18:58.242Z,0.49,0,200,320x180,2.0446070000000134,893,
2025-12-19T13:18:58.471Z,0.813,0,200,320x180,2.001394000000005,893,
2025-12-19T13:18:58.640Z,1.071,0,200,320x180,2.037979000000007,893,
2025-12-19T13:18:58.818Z,1.415,0,200,320x180,1.947195999999991,962,
2025-12-19T13:18:58.989Z,1.619,0,200,320x180,1.9687309999999911,962,
2025-12-19T13:18:59.192Z,1.938,0,200,320x180,1.957351999999986,962,
2025-12-19T13:18:59.585Z,2.157,0,200,320x180,1.9627030000000047,895,
2025-12-19T13:19:00.006Z,2.199,0,200,320x180,1.945175000000006,899,
2025-12-19T13:19:00.496Z,2.225,0,200,320x180,1.9434540000000027,900,
2025-12-19T13:19:01.023Z,2.208,0,200,320x180,2.0016809999999907,902,
2025-12-19T13:19:01.507Z,2.232,0,200,320x180,1.9263620000000117,920,
2025-12-19T13:19:01.587Z,2.208,1,600,480x270,1.9410680000000013,920,
2025-12-19T13:19:02.354Z,1.867,1,600,480x270,1.968626999999998,944,
2025-12-19T13:19:02.817Z,1.914,1,600,480x270,1.915423000000004,947,
2025-12-19T13:19:03.361Z,1.884,1,600,480x270,1.9584190000000206,933,
2025-12-19T13:19:03.910Z,1.825,1,600,480x270,1.9209630000000004,914,
2025-12-19T13:19:04.414Z,1.808,1,600,480x270,1.9208329999999876,922,
2025-12-19T13:19:04.892Z,1.852,1,600,480x270,1.9597440000000006,882,
2025-12-19T13:19:05.697Z,1.551,1,600,480x270,1.9364669999999933,894,
2025-12-19T13:19:06.568Z,1.163,1,600,480x270,1.9719340000000045,876,
2025-12-19T13:19:07.163Z,1.06,1,600,480x270,1.9641269999999906,839,
2025-12-19T13:19:07.707Z,1.003,1,600,480x270,1.9344119999999805,830,
2025-12-19T13:19:08.234Z,1.013,1,600,480x270,2.00385,853,
2025-12-19T13:19:08.717Z,0.976,1,600,480x270,1.9319419999999923,845,
2025-12-19T13:19:09.260Z,0.935,1,600,480x270,1.9782820000000072,847,
2025-12-19T13:19:09.727Z,1.037,1,600,480x270,2.0047380000000032,825,
2025-12-19T13:19:10.134Z,1.107,1,600,480x270,1.9994120000000066,812,
2025-12-19T13:19:10.575Z,1.142,1,600,480x270,1.9541410000000212,815,
2025-12-19T13:19:11.079Z,1.144,1,600,480x270,1.943068000000011,795,
2025-12-19T13:19:11.508Z,1.182,1,600,480x270,1.920536999999996,810,
2025-12-19T13:19:12.097Z,1.13,1,600,480x270,1.9297500000000127,810,
2025-12-19T13:19:12.575Z,1.171,1,600,480x270,1.9578140000000133,790,
2025-12-19T13:19:13.040Z,1.16,1,600,480x270,1.9926980000000185,784,
2025-12-19T13:19:13.571Z,1.17,1,600,480x270,1.9610440000000153,781,
2025-12-19T13:19:14.165Z,1.068,1,600,480x270,1.9612590000000125,740,
2025-12-19T13:19:14.672Z,1.057,1,600,480x270,1.9624169999999879,754,
2025-12-19T13:19:15.222Z,1,1,600,480x270,2.0026909999999987,732,
2025-12-19T13:19:15.787Z,0.932,1,600,480x270,1.955284000000006,746,
2025-12-19T13:19:15.872Z,0.958,0,200,320x180,1.963327000000021,695,
2025-12-19T13:19:16.072Z,1.141,0,200,320x180,1.9648109999999974,695,
2025-12-19T13:19:16.283Z,1.393,0,200,320x180,1.9522949999999923,718,
2025-12-19T13:19:16.477Z,1.675,0,200,320x180,1.9440670000000182,718,
2025-12-19T13:19:16.671Z,2.001,0,200,320x180,1.972629999999981,718,
2025-12-19T13:19:17.071Z,2.195,0,200,320x180,1.9680569999999875,709,
2025-12-19T13:19:17.517Z,2.208,0,200,320x180,1.9055669999999907,724,
2025-12-19T13:19:18.017Z,2.194,0,200,320x180,1.902938000000006,743,
2025-12-19T13:19:18.485Z,2.238,0,200,320x180,1.9440040000000067,764,
2025-12-19T13:19:19.046Z,2.209,0,200,320x180,1.9890790000000038,774,
2025-12-19T13:19:19.264Z,2.169,1,600,480x270,1.958215999999993,788,
2025-12-19T13:19:19.632Z,2.101,1,600,480x270,2.0091810000000123,788,
2025-12-19T13:19:20.148Z,2.07,1,600,480x270,1.9761399999999867,803,
2025-12-19T13:19:20.590Z,2.146,1,600,480x270,1.957195999999982,824,
2025-12-19T13:19:21.127Z,2.094,1,600,480x270,2.007731000000007,865,
2025-12-19T13:19:21.599Z,2.128,1,600,480x270,1.9347370000000126,865,
2025-12-19T13:19:22.184Z,2.049,1,600,480x270,1.9585399999999993,869,
2025-12-19T13:19:22.600Z,2.106,1,600,480x270,1.9321460000000172,887,
2025-12-19T13:19:23.127Z,2.089,1,600,480x270,2.0030030000000068,901,
2025-12-19T13:19:23.657Z,2.08,1,600,480x270,1.9733630000000062,925,
2025-12-19T13:19:24.085Z,2.131,1,600,480x270,1.9374109999999973,938,
2025-12-19T13:19:24.567Z,2.155,1,600,480x270,1.963355000000007,953,
2025-12-19T13:19:25.132Z,2.102,1,600,480x270,2.0044099999999787,966,
2025-12-19T13:19:25.619Z,2.121,1,600,480x270,1.9185589999999877,976,
2025-12-19T13:19:26.098Z,2.095,1,600,480x270,1.9359599999999944,990,
2025-12-19T13:19:26.724Z,2.032,1,600,480x270,2.006896000000012,993,
2025-12-19T13:19:26.803Z,1.971,2,1000,640x360,1.9267499999999984,1021,
2025-12-19T13:19:27.485Z,1.749,2,1000,640x360,1.939947999999987,1021,
2025-12-19T13:19:28.032Z,1.69,2,1000,640x360,1.9944160000000295,1031,
2025-12-19T13:19:28.833Z,1.441,2,1000,640x360,2.0116500000000315,1038,
2025-12-19T13:19:29.581Z,1.182,2,1000,640x360,1.9538040000000478,1025,
2025-12-19T13:19:30.332Z,0.932,2,1000,640x360,1.9942890000000375,1031,
2025-12-19T13:19:30.411Z,0.906,1,600,480x270,1.9123840000000314,1029,
2025-12-19T13:19:30.890Z,0.828,1,600,480x270,1.93300499999998,1029,
2025-12-19T13:19:31.344Z,0.871,1,600,480x270,1.9770680000000311,1036,
2025-12-19T13:19:31.783Z,0.915,1,600,480x270,1.9402429999999526,1020,
2025-12-19T13:19:32.180Z,1.035,1,600,480x270,1.9510810000000447,1015,
2025-12-19T13:19:32.432Z,1.298,1,600,480x270,1.9952129999999784,1017,
2025-12-19T13:19:32.706Z,1.521,1,600,480x270,1.9328949999999736,1017,
2025-12-19T13:19:33.301Z,1.368,1,600,480x270,1.921543999999983,1000,
2025-12-19T13:19:33.819Z,1.413,1,600,480x270,1.9184619999999768,1004,
2025-12-19T13:19:33.889Z,1.43,2,1000,640x360,1.945442000000014,1010,
2025-12-19T13:19:34.621Z,1.174,2,1000,640x360,2.003534000000002,1010,
2025-12-19T13:19:35.268Z,0.964,2,1000,640x360,1.9661839999999984,1008,
2025-12-19T13:19:35.911Z,0.813,2,1000,640x360,1.9196600000000217,1005,
2025-12-19T13:19:36.707Z,0.537,2,1000,640x360,1.9301700000000324,1016,
2025-12-19T13:19:37.344Z,0.403,2,1000,640x360,1.9836609999999837,1021,
2025-12-19T13:19:37.417Z,0.339,1,600,480x270,1.9099630000000047,1019,
2025-12-19T13:19:37.600Z,0.213,1,600,480x270,1.9435110000000009,1019,rebuffer happen
2025-12-19T13:19:37.831Z,0.369,1,600,480x270,2.0120169999999575,1019,
2025-12-19T13:19:38.230Z,0.495,1,600,480x270,2.007707000000039,1028,
2025-12-19T13:19:38.621Z,0.597,1,600,480x270,2.0007979999999748,1016,
2025-12-19T13:19:38.966Z,0.769,1,600,480x270,1.953979000000004,1022,
2025-12-19T13:19:39.271Z,0.942,1,600,480x270,1.956213000000048,1022,
2025-12-19T13:19:39.776Z,0.962,1,600,480x270,1.9520109999999704,1018,
2025-12-19T13:19:40.358Z,0.876,1,600,480x270,1.9620449999999892,1010,
2025-12-19T13:19:40.788Z,0.954,1,600,480x270,1.9477340000000254,970,
2025-12-19T13:19:41.401Z,0.785,1,600,480x270,1.9310389999999984,949,
2025-12-19T13:19:41.796Z,0.935,1,600,480x270,1.9402600000000234,932,
2025-12-19T13:19:42.214Z,1.025,1,600,480x270,1.9181459999999788,961,
2025-12-19T13:19:42.687Z,1.047,1,600,480x270,1.93188200000003,947,
2025-12-19T13:19:43.140Z,1.11,1,600,480x270,1.9813880000000381,940,
2025-12-19T13:19:43.560Z,1.16,1,600,480x270,1.9638389999999504,949,
2025-12-19T13:19:43.950Z,1.268,1,600,480x270,1.984974999999963,955,
2025-12-19T13:19:44.362Z,1.372,1,600,480x270,1.9570960000000355,955,
2025-12-19T13:19:44.797Z,1.428,1,600,480x270,1.940337999999997,915,
2025-12-19T13:19:45.264Z,1.454,1,600,480x270,1.9643880000000422,914,
2025-12-19T13:19:45.745Z,1.47,1,600,480x270,1.9937649999999962,888,
2025-12-19T13:19:46.226Z,1.513,1,600,480x270,2.0033990000000017,889,
2025-12-19T13:19:46.866Z,1.37,1,600,480x270,1.9644480000000044,892,
2025-12-19T13:19:47.260Z,1.456,1,600,480x270,1.9583789999999794,877,
2025-12-19T13:19:47.648Z,1.57,1,600,480x270,1.985447000000022,852,
2025-12-19T13:19:48.063Z,1.671,1,600,480x270,1.9595349999999598,842,
2025-12-19T13:19:48.525Z,1.727,1,600,480x270,2.0061039999999934,864,
2025-12-19T13:19:48.975Z,1.778,1,600,480x270,1.9504530000000386,864,
2025-12-19T13:19:49.398Z,1.826,1,600,480x270,1.9280600000000163,968,
2025-12-19T13:19:49.806Z,1.938,1,600,480x270,1.9353060000000255,951,
2025-12-19T13:19:50.240Z,1.979,1,600,480x270,1.9876170000000002,964,
2025-12-19T13:19:50.703Z,2.037,1,600,480x270,1.9403629999999907,957,
2025-12-19T13:19:51.239Z,1.968,1,600,480x270,1.9868749999999977,968,
2025-12-19T13:19:51.781Z,1.954,1,600,480x270,1.9522190000000137,979,
2025-12-19T13:19:52.105Z,2.128,1,600,480x270,1.9193920000000162,973,
2025-12-19T13:19:52.639Z,2.07,1,600,480x270,1.9874659999999835,986,
2025-12-19T13:19:53.155Z,2.063,1,600,480x270,1.9689630000000307,984,
2025-12-19T13:19:53.772Z,1.974,1,600,480x270,1.9696329999999875,992,
2025-12-19T13:19:54.255Z,1.965,1,600,480x270,1.9701409999999555,986,
2025-12-19T13:19:54.731Z,2.003,1,600,480x270,2.014589000000001,999,
2025-12-19T13:19:54.805Z,2.019,2,1000,640x360,1.9396970000000238,1003,
2025-12-19T13:19:55.515Z,1.72,2,1000,640x360,1.9193300000000022,1003,
2025-12-19T13:19:56.305Z,1.428,2,1000,640x360,1.9174750000000245,1007,
2025-12-19T13:19:57.017Z,1.217,2,1000,640x360,1.9080069999999978,1006,
2025-12-19T13:19:57.741Z,1.003,2,1000,640x360,1.988258999999971,998,
2025-12-19T13:19:58.480Z,0.773,2,1000,640x360,1.9475929999999835,1001,
2025-12-19T13:19:58.561Z,0.754,1,600,480x270,1.9765800000000127,1005,
2025-12-19T13:19:58.822Z,0.925,1,600,480x270,2.0118170000000077,1005,
2025-12-19T13:19:59.116Z,1.129,1,600,480x270,1.9254229999999666,1006,
2025-12-19T13:19:59.492Z,1.211,1,600,480x270,1.9315979999999513,1002,
2025-12-19T13:19:59.819Z,1.44,1,600,480x270,1.908651999999961,1002,
2025-12-19T13:20:00.225Z,1.514,1,600,480x270,2.0003849999999943,977,
2025-12-19T13:20:00.666Z,1.575,1,600,480x270,1.9574719999999957,964,
2025-12-19T13:20:01.445Z,1.291,1,600,480x270,1.9806189999999901,914,
2025-12-19T13:20:01.973Z,1.236,1,600,480x270,1.9552889999999934,916,
2025-12-19T13:20:02.568Z,1.161,1,600,480x270,1.9757109999999898,883,
2025-12-19T13:20:03.166Z,1.078,1,600,480x270,1.9591650000000413,857,
2025-12-19T13:20:03.732Z,0.971,1,600,480x270,1.9884959999999978,854,
2025-12-19T13:20:04.382Z,0.855,1,600,480x270,1.9486310000000344,797,
2025-12-19T13:20:04.469Z,0.85,0,200,320x180,1.9556449999999472,809,
2025-12-19T13:20:04.712Z,0.942,0,200,320x180,1.9093050000000176,809,
2025-12-19T13:20:04.957Z,1.243,0,200,320x180,1.9633289999999874,811,
2025-12-19T13:20:05.174Z,1.544,0,200,320x180,1.944923000000017,811,
2025-12-19T13:20:05.387Z,1.764,0,200,320x180,1.9325709999999958,793,
2025-12-19T13:20:05.669Z,2.064,0,200,320x180,1.9653680000000122,793,
2025-12-19T13:20:06.028Z,2.237,0,200,320x180,2.0032730000000356,807,
2025-12-19T13:20:06.482Z,2.229,0,200,320x180,1.942653000000007,813,
2025-12-19T13:20:06.996Z,2.245,0,200,320x180,1.933437999999967,812,
2025-12-19T13:20:07.526Z,2.186,0,200,320x180,2.0008419999999774,815,
2025-12-19T13:20:08.009Z,2.245,0,200,320x180,1.9125839999999812,800,
2025-12-19T13:20:08.087Z,2.224,1,600,480x270,1.9430899999999838,800,
2025-12-19T13:20:08.625Z,2.097,1,600,480x270,1.9978199999999902,817,
2025-12-19T13:20:09.288Z,1.931,1,600,480x270,1.943412999999964,833,
2025-12-19T13:20:09.796Z,1.93,1,600,480x270,1.9285889999999881,829,
2025-12-19T13:20:10.239Z,1.981,1,600,480x270,1.982073000000014,842,
2025-12-19T13:20:10.701Z,2.048,1,600,480x270,1.931494999999984,854,
2025-12-19T13:20:11.435Z,1.802,1,600,480x270,1.9927000000000135,856,
2025-12-19T13:20:11.881Z,1.844,1,600,480x270,1.9531599999999685,846,
2025-12-19T13:20:12.436Z,1.751,1,600,480x270,1.991880999999978,850,
2025-12-19T13:20:13.032Z,1.712,1,600,480x270,1.9954510000000028,841,
2025-12-19T13:20:13.693Z,1.531,1,600,480x270,1.9418530000000374,863,
2025-12-19T13:20:14.186Z,1.533,1,600,480x270,1.9391150000000152,864,
2025-12-19T13:20:14.607Z,1.626,1,600,480x270,1.9254789999999957,852,
2025-12-19T13:20:15.009Z,1.732,1,600,480x270,1.9247689999999693,853,
2025-12-19T13:20:15.205Z,1.881,1,600,480x270,1.9276499999999714,853,
2025-12-19T13:20:15.530Z,2.233,1,600,480x270,2.007188000000042,832,
2025-12-19T13:20:16.763Z,1.475,1,600,480x270,1.966301000000044,838,
2025-12-19T13:20:17.436Z,1.298,1,600,480x270,1.9834680000000162,861,
2025-12-19T13:20:17.979Z,1.294,1,600,480x270,1.9429590000000303,877,
2025-12-19T13:20:18.416Z,1.285,1,600,480x270,1.9092400000000112,858,
2025-12-19T13:20:18.847Z,1.375,1,600,480x270,1.9894100000000208,843,
2025-12-19T13:20:19.254Z,1.479,1,600,480x270,1.9668790000000058,857,
2025-12-19T13:20:19.651Z,1.56,1,600,480x270,1.969596000000024,872,
2025-12-19T13:20:20.026Z,1.705,1,600,480x270,2.000286000000017,883,
2025-12-19T13:20:20.430Z,1.801,1,600,480x270,1.999116000000015,883,
2025-12-19T13:20:20.857Z,1.863,1,600,480x270,1.9684409999999843,885,
2025-12-19T13:20:21.296Z,1.912,1,600,480x270,1.925563000000011,889,
2025-12-19T13:20:21.637Z,2.113,1,600,480x270,1.9864220000000046,897,
2025-12-19T13:20:22.126Z,2.089,1,600,480x270,1.9999099999999999,902,
2025-12-19T13:20:22.668Z,2.07,1,600,480x270,1.9604029999999852,916,
2025-12-19T13:20:23.226Z,1.996,1,600,480x270,2.0006160000000364,927,
2025-12-19T13:20:23.825Z,1.919,1,600,480x270,2.00626299999999,928,
2025-12-19T13:20:24.364Z,1.876,1,600,480x270,1.9558260000000018,928,
2025-12-19T13:20:24.807Z,1.902,1,600,480x270,1.9231740000000173,939,
2025-12-19T13:20:25.396Z,1.823,1,600,480x270,1.9254339999999956,927,
2025-12-19T13:20:26.021Z,1.696,1,600,480x270,1.9997600000000375,912,
2025-12-19T13:20:26.687Z,1.572,1,600,480x270,1.952290000000005,883,
2025-12-19T13:20:27.348Z,1.367,1,600,480x270,1.985633000000007,854,
2025-12-19T13:20:28.010Z,1.247,1,600,480x270,1.9218840000000341,822,
2025-12-19T13:20:28.680Z,1.043,1,600,480x270,1.9484469999999874,787,
2025-12-19T13:20:29.627Z,0.606,1,600,480x270,1.9931480000000192,777,
2025-12-19T13:20:29.700Z,0.606,0,200,320x180,1.9199800000000096,724,
2025-12-19T13:20:29.938Z,0.79,0,200,320x180,1.9846330000000307,724,
2025-12-19T13:20:30.194Z,1.034,0,200,320x180,1.9319600000000037,724,
2025-12-19T13:20:30.415Z,1.306,0,200,320x180,1.9135630000000106,727,
2025-12-19T13:20:30.653Z,1.542,0,200,320x180,1.9796309999999835,727,
2025-12-19T13:20:30.844Z,1.884,0,200,320x180,1.991468999999995,730,
2025-12-19T13:20:31.033Z,2.165,0,200,320x180,2.0030419999999935,730,
2025-12-19T13:20:31.564Z,2.203,0,200,320x180,1.9666720000000169,715,
2025-12-19T13:20:32.004Z,2.231,0,200,320x180,1.9325739999999882,737,
2025-12-19T13:20:32.504Z,2.224,0,200,320x180,1.929520000000025,755,
2025-12-19T13:20:33.066Z,2.199,0,200,320x180,1.9579110000000242,774,
2025-12-19T13:20:33.145Z,2.167,1,600,480x270,1.988715999999954,771,
2025-12-19T13:20:34.029Z,1.73,1,600,480x270,2.010943999999995,771,
2025-12-19T13:20:34.713Z,1.516,1,600,480x270,1.9259609999999725,786,
2025-12-19T13:20:35.338Z,1.395,1,600,480x270,1.9802010000000223,787,
2025-12-19T13:20:35.935Z,1.258,1,600,480x270,1.9930269999999837,782,
2025-12-19T13:20:36.330Z,1.392,1,600,480x270,1.999116000000015,854,
2025-12-19T13:20:37.157Z,1.108,1,600,480x270,1.9672919999999863,856,
2025-12-19T13:20:37.712Z,1.017,1,600,480x270,1.9172750000000178,853,
2025-12-19T13:20:38.182Z,1.043,1,600,480x270,1.9407739999999762,849,
2025-12-19T13:20:38.857Z,0.888,1,600,480x270,1.9661389999999983,848,
2025-12-19T13:20:39.498Z,0.724,1,600,480x270,1.923706999999979,848,
2025-12-19T13:20:40.105Z,0.618,1,600,480x270,1.9205860000000143,846,
2025-12-19T13:20:40.703Z,0.577,1,600,480x270,1.9408410000000345,826,
2025-12-19T13:20:40.784Z,0.542,0,200,320x180,1.9537199999999757,805,
2025-12-19T13:20:41.020Z,0.643,0,200,320x180,2.006313999999975,805,
2025-12-19T13:20:41.237Z,0.988,0,200,320x180,1.9902199999999652,805,
2025-12-19T13:20:41.437Z,1.248,0,200,320x180,1.9900010000000066,810,
2025-12-19T13:20:41.656Z,1.541,0,200,320x180,1.9808850000000007,810,
2025-12-19T13:20:41.864Z,1.864,0,200,320x180,1.9742030000000454,814,
2025-12-19T13:20:42.067Z,2.159,0,200,320x180,1.9587209999999686,814,
2025-12-19T13:20:42.530Z,2.228,0,200,320x180,2.0007640000000038,821,
2025-12-19T13:20:43.012Z,2.198,0,200,320x180,1.9076259999999934,827,
2025-12-19T13:20:43.509Z,2.221,0,200,320x180,1.9147419999999897,832,
2025-12-19T13:20:44.025Z,2.24,0,200,320x180,2.0015809999999874,833,
2025-12-19T13:20:44.179Z,2.136,1,600,480x270,1.9415579999999864,842,
2025-12-19T13:20:44.789Z,1.955,1,600,480x270,1.944740999999965,842,
2025-12-19T13:20:45.306Z,1.914,1,600,480x270,1.9125209999999697,806,
2025-12-19T13:20:45.926Z,1.78,1,600,480x270,1.999352999999985,782,
2025-12-19T13:20:46.542Z,1.688,1,600,480x270,1.9770169999999894,813,
2025-12-19T13:20:47.177Z,1.547,1,600,480x270,1.9465749999999957,821,
2025-12-19T13:20:48.007Z,1.27,1,600,480x270,1.9160029999999892,810,
2025-12-19T13:20:48.621Z,1.113,1,600,480x270,2.000846000000024,763,
2025-12-19T13:20:49.282Z,0.968,1,600,480x270,1.93745100000001,730,
2025-12-19T13:20:49.349Z,0.951,0,200,320x180,1.973573999999985,731,
2025-12-19T13:20:49.591Z,1.139,0,200,320x180,1.9449799999999868,731,
2025-12-19T13:20:49.833Z,1.369,0,200,320x180,1.995114000000001,720,
2025-12-19T13:20:50.108Z,1.649,0,200,320x180,1.9195100000000025,720,
2025-12-19T13:20:50.406Z,1.819,0,200,320x180,1.9120599999999968,716,
2025-12-19T13:20:50.661Z,2.066,0,200,320x180,1.9746680000000083,716,
2025-12-19T13:20:51.023Z,2.197,0,200,320x180,2.005997999999977,711,
2025-12-19T13:20:51.491Z,2.226,0,200,320x180,1.944010999999989,720,
2025-12-19T13:20:51.990Z,2.24,0,200,320x180,1.939657000000011,718,
2025-12-19T13:20:52.682Z,2.032,0,200,320x180,1.9445430000000101,716,
2025-12-19T13:20:52.763Z,2.052,1,600,480x270,1.9576530000000503,689,
2025-12-19T13:20:53.725Z,1.549,1,600,480x270,2.008412000000021,689,
2025-12-19T13:20:54.567Z,1.171,1,600,480x270,1.9693579999999997,677,
2025-12-19T13:20:55.612Z,0.625,1,600,480x270,1.9189010000000053,663,
2025-12-19T13:20:56.028Z,0.207,1,600,480x270,2.0012309999999616,635,rebuffer happen
2025-12-19T13:20:56.676Z,0.03,1,600,480x270,1.9499910000000114,635,rebuffer happen
2025-12-19T13:20:56.754Z,0.03,1,600,480x270,2.055991000000006,635,
2025-12-19T13:20:56.793Z,0.028,0,200,320x180,2.0214679999999703,607,rebuffer happen
2025-12-19T13:20:56.832Z,0.028,0,200,320x180,2.1164679999999976,607,
2025-12-19T13:20:57.213Z,0.409,0,200,320x180,2.303213000000028,607,
2025-12-19T13:20:57.320Z,0.276,0,200,320x180,2.3630359999999655,591,rebuffer happen
2025-12-19T13:20:57.721Z,0.269,0,200,320x180,2.324828000000025,591,
2025-12-19T13:20:57.851Z,0.207,0,200,320x180,2.2938159999999925,586,rebuffer happen
2025-12-19T13:20:58.106Z,0.356,0,200,320x180,2.208663999999999,586,
2025-12-19T13:20:58.301Z,0.168,0,200,320x180,2.1592959999999835,574,rebuffer happen
2025-12-19T13:20:58.459Z,0.484,0,200,320x180,2.1608170000000086,574,
2025-12-19T13:20:58.808Z,0.647,0,200,320x180,2.086320999999998,574,
2025-12-19T13:20:59.139Z,0.713,0,200,320x180,2.0982379999999807,564,
2025-12-19T13:20:59.496Z,0.763,0,200,320x180,1.9976929999999697,570,
2025-12-19T13:20:59.746Z,1.054,0,200,320x180,2.067526999999984,570,
2025-12-19T13:20:59.954Z,1.271,0,200,320x180,2.039075999999966,549,
2025-12-19T13:21:00.173Z,1.562,0,200,320x180,1.994224000000031,549,
2025-12-19T13:21:00.367Z,1.883,0,200,320x180,1.9911650000000236,573,
2025-12-19T13:21:00.573Z,2.177,0,200,320x180,1.974352999999951,573,
2025-12-19T13:21:01.030Z,2.242,0,200,320x180,2.008817000000022,590,
2025-12-19T13:21:01.477Z,2.261,0,200,320x180,1.9478560000000016,595,
2025-12-19T13:21:01.619Z,2.177,1,600,480x270,1.9151319999999714,604,
2025-12-19T13:21:02.428Z,1.817,1,600,480x270,1.9894259999999804,604,
2025-12-19T13:21:02.982Z,1.751,1,600,480x270,1.9453309999999533,620,
2025-12-19T13:21:03.559Z,1.673,1,600,480x270,1.9819330000000264,624,
2025-12-19T13:21:04.181Z,1.591,1,600,480x270,1.9485720000000128,625,
2025-12-19T13:21:04.857Z,1.368,1,600,480x270,1.966920000000016,633,
2025-12-19T13:21:05.546Z,1.205,1,600,480x270,1.983682999999985,648,
2025-12-19T13:21:06.221Z,1.053,1,600,480x270,2.001541999999972,643,
2025-12-19T13:21:06.891Z,0.843,1,600,480x270,1.9503300000000081,640,
2025-12-19T13:21:06.969Z,0.852,0,200,320x180,1.9635999999999854,636,
2025-12-19T13:21:07.208Z,1.045,0,200,320x180,1.9222049999999626,636,
2025-12-19T13:21:07.435Z,1.257,0,200,320x180,1.9888279999999554,635,
2025-12-19T13:21:07.702Z,1.5,0,200,320x180,1.9467529999999442,635,
2025-12-19T13:21:07.941Z,1.765,0,200,320x180,1.9956929999999602,647,
2025-12-19T13:21:08.180Z,2.053,0,200,320x180,1.9561610000000087,647,
2025-12-19T13:21:08.559Z,2.199,0,200,320x180,1.973433,660,
2025-12-19T13:21:09.106Z,2.182,0,200,320x180,1.9271170000000097,667,
2025-12-19T13:21:09.521Z,2.195,0,200,320x180,2.0067129999999906,675,
2025-12-19T13:21:10.060Z,2.198,0,200,320x180,1.9760370000000194,679,
2025-12-19T13:21:10.517Z,2.198,0,200,320x180,1.9128019999999992,685,
2025-12-19T13:21:10.593Z,2.22,1,600,480x270,1.9386939999999981,685,
2025-12-19T13:21:11.777Z,1.47,1,600,480x270,1.9637479999999528,682,
2025-12-19T13:21:12.577Z,1.185,1,600,480x270,1.943961999999999,682,
2025-12-19T13:21:13.269Z,0.913,1,600,480x270,1.9631299999999783,710,
2025-12-19T13:21:13.924Z,0.804,1,600,480x270,1.9986830000000282,714,
2025-12-19T13:21:14.009Z,0.764,0,200,320x180,1.9133469999999875,705,
2025-12-19T13:21:14.302Z,0.927,0,200,320x180,1.9309509999999932,705,
2025-12-19T13:21:14.551Z,1.116,0,200,320x180,1.9814530000000445,709,
2025-12-19T13:21:14.798Z,1.401,0,200,320x180,1.9321900000000483,705,
2025-12-19T13:21:15.041Z,1.719,0,200,320x180,1.9962319999999636,705,
2025-12-19T13:21:15.271Z,1.984,0,200,320x180,1.9509860000000003,705,
2025-12-19T13:21:15.528Z,2.202,0,200,320x180,1.9970230000000129,705,
2025-12-19T13:21:16.008Z,2.212,0,200,320x180,1.9284440000000131,706,
2025-12-19T13:21:16.510Z,2.229,0,200,320x180,1.9226480000000379,707,
2025-12-19T13:21:17.036Z,2.232,0,200,320x180,1.9873800000000301,706,
2025-12-19T13:21:17.547Z,2.199,0,200,320x180,1.9779270000000224,708,
2025-12-19T13:21:17.624Z,2.139,1,600,480x270,1.9982850000000099,705,
2025-12-19T13:21:18.373Z,1.852,1,600,480x270,1.9457439999999906,705,
2025-12-19T13:21:19.020Z,1.71,1,600,480x270,2.004744999999957,703,
2025-12-19T13:21:19.674Z,1.533,1,600,480x270,1.9694900000000075,694,
2025-12-19T13:21:20.420Z,1.333,1,600,480x270,2.000058000000024,679,
2025-12-19T13:21:21.168Z,1.057,1,600,480x270,1.9589010000000258,642,
2025-12-19T13:21:21.983Z,0.744,1,600,480x270,1.9395700000000033,647,
2025-12-19T13:21:22.074Z,0.704,0,200,320x180,1.9573290000000156,661,
2025-12-19T13:21:22.315Z,0.853,0,200,320x180,1.903620999999987,661,
2025-12-19T13:21:22.547Z,1.115,0,200,320x180,1.9852559999999926,667,
2025-12-19T13:21:22.776Z,1.423,0,200,320x180,1.952491000000009,650,
2025-12-19T13:21:22.988Z,1.74,0,200,320x180,1.9383780000000002,650,
2025-12-19T13:21:23.202Z,1.99,0,200,320x180,1.9262699999999882,650,
2025-12-19T13:21:23.510Z,2.216,0,200,320x180,1.9149799999999573,664,
2025-12-19T13:21:24.006Z,2.232,0,200,320x180,1.9240880000000402,676,
2025-12-19T13:21:24.507Z,2.217,0,200,320x180,1.9166759999999954,689,
2025-12-19T13:21:25.004Z,2.248,0,200,320x180,1.9284769999999867,692,
2025-12-19T13:21:25.482Z,2.224,0,200,320x180,1.9482849999999985,693,
2025-12-19T13:21:25.565Z,2.252,1,600,480x270,1.967423999999994,693,
2025-12-19T13:21:26.303Z,1.872,1,600,480x270,1.926528000000019,699,
2025-12-19T13:21:26.518Z,2.228,1,600,480x270,1.9155079999999884,694,
2025-12-19T13:21:27.018Z,2.236,1,600,480x270,1.9149300000000267,735,
2025-12-19T13:21:27.549Z,2.233,1,600,480x270,1.9817109999999616,760,
2025-12-19T13:21:28.001Z,2.24,1,600,480x270,1.9291429999999536,785,
2025-12-19T13:21:28.502Z,2.211,1,600,480x270,1.9214109999999778,816,
2025-12-19T13:21:29.019Z,2.22,1,600,480x270,2.009676000000013,845,
2025-12-19T13:21:29.500Z,2.213,1,600,480x270,1.9231359999999995,863,
2025-12-19T13:21:30.020Z,2.21,1,600,480x270,2.0026530000000093,880,
2025-12-19T13:21:30.548Z,2.182,1,600,480x270,1.976754000000028,899,
2025-12-19T13:21:31.001Z,2.212,1,600,480x270,1.9289249999999925,923,
2025-12-19T13:21:31.498Z,2.214,1,600,480x270,1.925149000000033,971,
2025-12-19T13:21:32.050Z,2.24,1,600,480x270,1.978236000000038,998,
2025-12-19T13:21:32.129Z,2.12,2,1000,640x360,1.8979040000000396,1026,
2025-12-19T13:21:32.511Z,2.23,2,1000,640x360,1.9146789999999783,1026,
2025-12-19T13:21:33.017Z,2.24,2,1000,640x360,1.919162999999969,1077,
2025-12-19T13:21:33.504Z,2.232,2,1000,640x360,1.9264239999999972,1117,
2025-12-19T13:21:34.003Z,2.229,2,1000,640x360,1.9216819999999757,1169,
2025-12-19T13:21:34.505Z,2.232,2,1000,640x360,1.9229550000000017,1207,
2025-12-19T13:21:35.004Z,2.234,2,1000,640x360,1.9163859999999886,1245,
2025-12-19T13:21:35.501Z,2.232,2,1000,640x360,1.926403999999991,1286,
2025-12-19T13:21:36.010Z,2.236,2,1000,640x360,1.9255039999999894,1322,
2025-12-19T13:21:36.514Z,2.228,2,1000,640x360,1.9093969999999558,1369,
2025-12-19T13:21:37.006Z,2.247,2,1000,640x360,1.9283330000000092,1403,
2025-12-19T13:21:37.500Z,2.238,2,1000,640x360,1.9303279999999745,1454,
2025-12-19T13:21:38.051Z,2.228,2,1000,640x360,1.9730109999999854,1474,
2025-12-19T13:21:38.130Z,2.181,3,1500,768x432,1.8943209999999908,1510,
2025-12-19T13:21:38.508Z,2.21,3,1500,768x432,1.916563999999994,1510,
2025-12-19T13:21:39.017Z,2.222,3,1500,768x432,1.9032149999999888,1570,
2025-12-19T13:21:39.511Z,2.22,3,1500,768x432,1.9125849999999787,1613,
2025-12-19T13:21:40.012Z,2.226,3,1500,768x432,1.914295999999979,1689,
2025-12-19T13:21:40.512Z,2.222,3,1500,768x432,1.9123099999999909,1742,
2025-12-19T13:21:41.010Z,2.235,3,1500,768x432,1.9180959999999914,1805,
2025-12-19T13:21:41.511Z,2.226,3,1500,768x432,1.9136330000000044,1886,
2025-12-19T13:21:42.004Z,2.242,3,1500,768x432,1.9323609999999576,1938,
2025-12-19T13:21:42.516Z,2.199,3,1500,768x432,1.9076890000000049,1994,
2025-12-19T13:21:43.017Z,2.195,3,1500,768x432,1.9030410000000302,2030,
2025-12-19T13:21:43.510Z,2.227,3,1500,768x432,1.9153180000000134,2080,
2025-12-19T13:21:44.012Z,2.231,3,1500,768x432,1.9126270000000432,2121,
2025-12-19T13:21:44.510Z,2.225,3,1500,768x432,1.9154120000000034,2173,
2025-12-19T13:21:45.010Z,2.234,3,1500,768x432,1.9173739999999952,2220,
2025-12-19T13:21:45.500Z,2.232,3,1500,768x432,1.9231599999999958,2261,
2025-12-19T13:21:46.020Z,2.236,3,1500,768x432,2.010569999999973,2303,
2025-12-19T13:21:46.506Z,2.225,3,1500,768x432,1.9171199999999544,2359,
2025-12-19T13:21:47.009Z,2.219,3,1500,768x432,1.9273820000000228,2410,
2025-12-19T13:21:47.515Z,2.231,3,1500,768x432,1.9209809999999834,2428,
2025-12-19T13:21:48.073Z,2.142,3,1500,768x432,1.9535660000000235,2473,
2025-12-19T13:21:48.512Z,2.226,3,1500,768x432,1.916433999999981,2543,
2025-12-19T13:21:49.013Z,2.231,3,1500,768x432,1.9179719999999634,2564,
2025-12-19T13:21:49.514Z,2.229,3,1500,768x432,1.9162239999999997,2607,
2025-12-19T13:21:50.033Z,2.236,3,1500,768x432,1.9979529999999954,2641,
2025-12-19T13:21:50.507Z,2.23,3,1500,768x432,1.917620999999997,2678,
2025-12-19T13:21:51.010Z,2.245,3,1500,768x432,1.9288049999999544,2673,
2025-12-19T13:21:51.513Z,2.206,3,1500,768x432,1.924414000000013,2733,
2025-12-19T13:21:52.015Z,2.225,3,1500,768x432,1.9074139999999602,2758,
2025-12-19T13:21:52.507Z,2.225,3,1500,768x432,1.9206490000000258,2787,
2025-12-19T13:21:53.011Z,2.227,3,1500,768x432,1.9189989999999852,2824,
2025-12-19T13:21:53.514Z,2.217,3,1500,768x432,1.909488999999951,2864,
2025-12-19T13:21:54.010Z,2.204,3,1500,768x432,1.9268480000000068,2909,
2025-12-19T13:21:54.553Z,2.167,3,1500,768x432,1.9768679999999677,2930,
2025-12-19T13:21:55.012Z,2.243,3,1500,768x432,1.9290389999999888,3031,
2025-12-19T13:21:55.509Z,2.217,3,1500,768x432,1.924666000000002,3017,
2025-12-19T13:21:56.012Z,2.226,3,1500,768x432,1.9170780000000036,3052,
2025-12-19T13:21:56.505Z,2.227,3,1500,768x432,1.9242380000000026,3078,
2025-12-19T13:21:57.011Z,2.227,3,1500,768x432,1.9177890000000275,3105,
2025-12-19T13:21:57.507Z,2.226,3,1500,768x432,1.924601999999993,3144,
2025-12-19T13:21:58.010Z,2.232,3,1500,768x432,1.9219779999999673,3186,
2025-12-19T13:21:58.506Z,2.225,3,1500,768x432,1.9216239999999516,3244,
2025-12-19T13:21:59.018Z,2.243,3,1500,768x432,1.919557999999995,3274,
2025-12-19T13:21:59.524Z,2.211,3,1500,768x432,2.000407999999993,3303,
2025-12-19T13:22:00.069Z,2.174,3,1500,768x432,1.9507810000000063,3366,
2025-12-19T13:22:00.535Z,2.178,3,1500,768x432,1.9926270000000272,3394,
2025-12-19T13:22:01.021Z,2.228,3,1500,768x432,2.003039000000001,3423,
2025-12-19T13:22:01.509Z,2.229,3,1500,768x432,1.9179100000000062,3448,
2025-12-19T13:22:02.011Z,2.229,3,1500,768x432,1.9127960000000144,3497,
2025-12-19T13:22:02.510Z,2.226,3,1500,768x432,1.9247669999999744,3503,
2025-12-19T13:22:03.021Z,2.212,3,1500,768x432,2.0065849999999728,3534,
2025-12-19T13:22:03.520Z,2.228,3,1500,768x432,2.004353999999978,3564,
2025-12-19T13:22:04.010Z,2.219,3,1500,768x432,1.9271830000000136,3592,
2025-12-19T13:22:04.504Z,2.236,3,1500,768x432,1.93341300000003,3605,
2025-12-19T13:22:05.016Z,2.232,3,1500,768x432,1.908713999999975,3620,
2025-12-19T13:22:05.517Z,2.23,3,1500,768x432,1.909390999999971,3640,
2025-12-19T13:22:06.009Z,2.215,3,1500,768x432,1.9131960000000277,3661,
2025-12-19T13:22:06.514Z,2.218,3,1500,768x432,1.9128469999999993,3693,
2025-12-19T13:22:07.015Z,2.23,3,1500,768x432,1.9127919999999676,3732,
2025-12-19T13:22:07.511Z,2.227,3,1500,768x432,1.9157220000000166,3736,
2025-12-19T13:22:08.012Z,2.236,3,1500,768x432,1.9215079999999602,3755,
2025-12-19T13:22:08.507Z,2.233,3,1500,768x432,1.9220139999999901,3783,
2025-12-19T13:22:09.013Z,2.23,3,1500,768x432,1.91126399999996,3815,
2025-12-19T13:22:09.503Z,2.231,3,1500,768x432,1.9212519999999813,3819,
2025-12-19T13:22:10.006Z,2.231,3,1500,768x432,1.9166779999999903,3835,
2025-12-19T13:22:10.506Z,2.226,3,1500,768x432,1.9273109999999747,3855,
2025-12-19T13:22:11.009Z,2.233,3,1500,768x432,1.9153109999999742,3858,
2025-12-19T13:22:11.515Z,2.212,3,1500,768x432,1.9158319999999662,3895,
2025-12-19T13:22:12.007Z,2.227,3,1500,768x432,1.9261800000000449,3916,
2025-12-19T13:22:12.507Z,2.212,3,1500,768x432,1.9179189999999835,3923,
2025-12-19T13:22:13.006Z,2.232,3,1500,768x432,1.9186219999999707,3930,
2025-12-19T13:22:13.512Z,2.227,3,1500,768x432,1.9091640000000325,3920,
2025-12-19T13:22:14.010Z,2.224,3,1500,768x432,1.9158579999999574,3934,
2025-12-19T13:22:14.506Z,2.231,3,1500,768x432,1.9247649999999794,3915,
2025-12-19T13:22:15.009Z,2.229,3,1500,768x432,1.9135739999999828,3932,
2025-12-19T13:22:15.580Z,2.206,3,1500,768x432,1.9506549999999834,3925,
2025-12-19T13:22:16.035Z,2.19,3,1500,768x432,1.9954040000000077,3957,
2025-12-19T13:22:16.509Z,2.228,3,1500,768x432,1.9199080000000208,3942,
2025-12-19T13:22:17.083Z,2.189,3,1500,768x432,1.9496520000000146,3946,
2025-12-19T13:22:17.521Z,2.203,3,1500,768x432,2.0102449999999976,3970,
2025-12-19T13:22:18.007Z,2.235,3,1500,768x432,1.920569999999998,3953,
2025-12-19T13:22:18.513Z,2.211,3,1500,768x432,1.9085949999999912,3961,
2025-12-19T13:22:19.013Z,2.223,3,1500,768x432,1.9116129999999885,3953,
2025-12-19T13:22:19.507Z,2.228,3,1500,768x432,1.918057000000033,3989,
2025-12-19T13:22:20.011Z,2.236,3,1500,768x432,1.91432199999997,4003,
2025-12-19T13:22:20.514Z,2.226,3,1500,768x432,1.9080210000000193,3981,
2025-12-19T13:22:21.013Z,2.197,3,1500,768x432,1.9086090000000127,3974,
2025-12-19T13:22:21.508Z,2.231,3,1500,768x432,1.9228259999999864,3996,
2025-12-19T13:22:22.075Z,2.171,3,1500,768x432,1.9474309999999946,4026,
2025-12-19T13:22:22.577Z,2.161,3,1500,768x432,1.9545889999999986,4064,
2025-12-19T13:22:23.058Z,2.172,3,1500,768x432,1.9667309999999816,4054,
2025-12-19T13:22:23.506Z,2.226,3,1500,768x432,1.926308000000006,4076,
2025-12-19T13:22:24.010Z,2.231,3,1500,768x432,1.9192689999999857,4070,
2025-12-19T13:22:24.509Z,2.227,3,1500,768x432,1.923010999999974,4073,
2025-12-19T13:22:25.004Z,2.234,3,1500,768x432,1.9308280000000195,4104,
2025-12-19T13:22:25.520Z,2.194,3,1500,768x432,2.0036139999999705,4131,
2025-12-19T13:22:26.037Z,2.201,3,1500,768x432,1.9910350000000108,4119,
2025-12-19T13:22:26.578Z,2.144,3,1500,768x432,1.9635240000000067,4150,
2025-12-19T13:22:27.073Z,2.166,3,1500,768x432,1.9587870000000294,4193,
2025-12-19T13:22:27.601Z,2.134,3,1500,768x432,1.9254529999999477,4186,
2025-12-19T13:22:28.114Z,2.12,3,1500,768x432,1.910133999999971,4184,
2025-12-19T13:22:28.611Z,2.137,3,1500,768x432,1.9217700000000377,4193,
2025-12-19T13:22:29.105Z,2.141,3,1500,768x432,1.9237849999999526,4202,
2025-12-19T13:22:29.565Z,2.168,3,1500,768x432,1.9590809999999692,4201,
2025-12-19T13:22:30.009Z,2.194,3,1500,768x432,1.9207030000000032,4183,
2025-12-19T13:22:30.506Z,2.231,3,1500,768x432,1.9277640000000247,4178,
2025-12-19T13:22:31.085Z,2.122,3,1500,768x432,1.936015999999995,4192,
2025-12-19T13:22:31.540Z,2.202,3,1500,768x432,1.988790999999992,4193,
2025-12-19T13:22:32.017Z,2.234,3,1500,768x432,1.909920999999997,4234,
2025-12-19T13:22:32.508Z,2.231,3,1500,768x432,1.9216299999999933,4219,
2025-12-19T13:22:33.005Z,2.233,3,1500,768x432,1.9168379999999843,4248,
2025-12-19T13:22:33.502Z,2.221,3,1500,768x432,1.923088000000007,4244,
2025-12-19T13:22:34.011Z,2.204,3,1500,768x432,1.9262999999999693,4251,
2025-12-19T13:22:34.508Z,2.228,3,1500,768x432,1.923607000000004,4271,
2025-12-19T13:22:35.006Z,2.237,3,1500,768x432,1.9265229999999747,4280,
2025-12-19T13:22:35.509Z,2.227,3,1500,768x432,1.9145300000000134,4279,
2025-12-19T13:22:36.036Z,2.232,3,1500,768x432,1.995237999999972,4339,
2025-12-19T13:22:36.506Z,2.224,3,1500,768x432,1.9192489999999793,4363,
2025-12-19T13:22:37.005Z,2.229,3,1500,768x432,1.9209490000000073,4385,
2025-12-19T13:22:37.512Z,2.226,3,1500,768x432,1.9159139999999866,4377,
2025-12-19T13:22:38.094Z,2.144,3,1500,768x432,1.9351159999999936,4412,
2025-12-19T13:22:38.579Z,2.157,3,1500,768x432,1.9513170000000173,4442,
2025-12-19T13:22:39.079Z,2.146,3,1500,768x432,1.942611999999997,4433,
2025-12-19T13:22:39.540Z,2.193,3,1500,768x432,1.98965000000004,4454,
2025-12-19T13:22:40.117Z,2.089,3,1500,768x432,1.9107729999999492,4440,
2025-12-19T13:22:40.667Z,2.069,3,1500,768x432,1.9795860000000403,4464,
2025-12-19T13:22:41.049Z,2.19,3,1500,768x432,1.978685999999982,4473,
2025-12-19T13:22:41.504Z,2.202,3,1500,768x432,1.9284870000000183,4422,
2025-12-19T13:22:42.005Z,2.226,3,1500,768x432,1.9167590000000132,4460,
2025-12-19T13:22:42.519Z,2.199,3,1500,768x432,2.0037130000000047,4449,
2025-12-19T13:22:43.006Z,2.225,3,1500,768x432,1.9137159999999653,4476,
2025-12-19T13:22:43.509Z,2.225,3,1500,768x432,1.9177760000000035,4491,
2025-12-19T13:22:44.009Z,2.222,3,1500,768x432,1.913883999999996,4484,
2025-12-19T13:22:44.513Z,2.23,3,1500,768x432,1.9122050000000286,4505,
2025-12-19T13:22:45.011Z,2.237,3,1500,768x432,1.9164219999999546,4495,
2025-12-19T13:22:45.509Z,2.229,3,1500,768x432,1.9117410000000064,4519,
2025-12-19T13:22:46.007Z,2.229,3,1500,768x432,1.9124209999999948,4508,
2025-12-19T13:22:46.512Z,2.206,3,1500,768x432,1.9124769999999671,4518,
2025-12-19T13:22:47.011Z,2.237,3,1500,768x432,1.9099259999999845,4517,
2025-12-19T13:22:47.523Z,2.221,3,1500,768x432,2.006812000000025,4557,
2025-12-19T13:22:48.010Z,2.224,3,1500,768x432,1.9226530000000253,4540,
2025-12-19T13:22:48.517Z,2.223,3,1500,768x432,1.9074759999999742,4519,
2025-12-19T13:22:49.008Z,2.235,3,1500,768x432,1.9176769999999692,4542,
2025-12-19T13:22:49.506Z,2.227,3,1500,768x432,1.9175369999999816,4530,
2025-12-19T13:22:50.008Z,2.242,3,1500,768x432,1.9263219999999706,4563,
2025-12-19T13:22:50.528Z,2.207,3,1500,768x432,1.993218000000013,4566,
2025-12-19T13:22:51.011Z,2.19,3,1500,768x432,1.911531000000025,4571,
2025-12-19T13:22:51.503Z,2.228,3,1500,768x432,1.9218869999999697,4553,
2025-12-19T13:22:52.002Z,2.232,3,1500,768x432,1.9257929999999988,4573,
2025-12-19T13:22:52.535Z,2.183,3,1500,768x432,1.992762999999968,4598,
2025-12-19T13:22:53.006Z,2.234,3,1500,768x432,1.9212229999999977,4604,
2025-12-19T13:22:53.503Z,2.228,3,1500,768x432,1.9222290000000157,4592,
2025-12-19T13:22:54.008Z,2.236,3,1500,768x432,1.9245840000000385,4604,
2025-12-19T13:22:54.516Z,2.226,3,1500,768x432,1.9128479999999968,4607,
2025-12-19T13:22:55.007Z,2.21,3,1500,768x432,1.9148879999999622,4625,
2025-12-19T13:22:55.505Z,2.227,3,1500,768x432,1.9189559999999801,4607,
2025-12-19T13:22:56.005Z,2.228,3,1500,768x432,1.9169929999999908,4642,
2025-12-19T13:22:56.543Z,2.22,3,1500,768x432,1.9958199999999806,4631,
2025-12-19T13:22:57.043Z,2.224,3,1500,768x432,1.992941999999971,4616,
2025-12-19T13:22:57.602Z,2.147,3,1500,768x432,1.9340040000000158,4602,
2025-12-19T13:22:58.162Z,2.083,3,1500,768x432,1.9666919999999664,4628,
2025-12-19T13:22:58.642Z,2.104,3,1500,768x432,2.0022199999999657,4614,
2025-12-19T13:22:59.108Z,2.141,3,1500,768x432,1.9323770000000309,4606,
2025-12-19T13:22:59.603Z,2.134,3,1500,768x432,1.9257630000000177,4599,
2025-12-19T13:23:00.079Z,2.154,3,1500,768x432,1.9426310000000058,4587,
2025-12-19T13:23:00.561Z,2.181,3,1500,768x432,1.9719049999999925,4568,
2025-12-19T13:23:01.088Z,2.2,3,1500,768x432,1.9407590000000141,4579,
2025-12-19T13:23:01.516Z,2.211,3,1500,768x432,1.9102679999999737,4591,
2025-12-19T13:23:02.012Z,2.205,3,1500,768x432,1.916242000000011,4570,
2025-12-19T13:23:02.507Z,2.22,3,1500,768x432,1.9182210000000168,4603,
2025-12-19T13:23:03.011Z,2.241,3,1500,768x432,1.9347029999999563,4579,
2025-12-19T13:23:03.514Z,2.212,3,1500,768x432,1.9140749999999684,4607,
2025-12-19T13:23:04.015Z,2.231,3,1500,768x432,1.9110410000000115,4614,
2025-12-19T13:23:04.512Z,2.225,3,1500,768x432,1.9141649999999686,4625,
2025-12-19T13:23:05.007Z,2.227,3,1500,768x432,1.9146440000000098,4624,
2025-12-19T13:23:05.510Z,2.229,3,1500,768x432,1.91625700000003,4644,
2025-12-19T13:23:06.025Z,2.225,3,1500,768x432,2.006345999999951,4639,
2025-12-19T13:23:06.505Z,2.227,3,1500,768x432,1.924299000000019,4658,
2025-12-19T13:23:07.046Z,2.176,3,1500,768x432,1.9837529999999788,4648,
2025-12-19T13:23:07.505Z,2.231,3,1500,768x432,1.9174359999999524,4661,
2025-12-19T13:23:08.012Z,2.223,3,1500,768x432,1.9141149999999811,4641,
2025-12-19T13:23:08.542Z,2.168,3,1500,768x432,1.9809870000000274,4668,
2025-12-19T13:23:09.011Z,2.226,3,1500,768x432,1.9086389999999938,4678,
2025-12-19T13:23:09.501Z,2.23,3,1500,768x432,1.9286409999999705,4678,
2025-12-19T13:23:10.009Z,2.231,3,1500,768x432,1.913644999999974,4683,
2025-12-19T13:23:10.506Z,2.231,3,1500,768x432,1.9241640000000189,4686,
2025-12-19T13:23:11.006Z,2.217,3,1500,768x432,1.9301629999999932,4689,
2025-12-19T13:23:11.510Z,2.232,3,1500,768x432,1.9226409999999987,4706,
2025-12-19T13:23:12.007Z,2.221,3,1500,768x432,1.9360619999999926,4695,
2025-12-19T13:23:12.510Z,2.232,3,1500,768x432,1.9230179999999564,4719,
2025-12-19T13:23:13.008Z,2.236,3,1500,768x432,1.9199729999999704,4705,
2025-12-19T13:23:13.497Z,2.235,3,1500,768x432,1.9297939999999585,4707,
2025-12-19T13:23:14.008Z,2.231,3,1500,768x432,1.9233919999999785,4690,
2025-12-19T13:23:14.512Z,2.227,3,1500,768x432,1.921069999999986,4707,
2025-12-19T13:23:15.010Z,2.235,3,1500,768x432,1.9230200000000082,4709,
2025-12-19T13:23:15.505Z,2.227,3,1500,768x432,1.9234930000000077,4702,
2025-12-19T13:23:16.000Z,2.234,3,1500,768x432,1.929728999999952,4694,
2025-12-19T13:23:16.504Z,2.232,3,1500,768x432,1.9288460000000214,4692,
2025-12-19T13:23:17.014Z,2.228,3,1500,768x432,1.914728000000025,4709,
2025-12-19T13:23:17.509Z,2.229,3,1500,768x432,1.9117740000000367,4711,
2025-12-19T13:23:18.006Z,2.23,3,1500,768x432,1.9197279999999637,4710,
2025-12-19T13:23:18.504Z,2.235,3,1500,768x432,1.9245030000000156,4751,
2025-12-19T13:23:19.010Z,2.232,3,1500,768x432,1.9146109999999794,4739,
2025-12-19T13:23:19.521Z,2.227,3,1500,768x432,2.00496499999997,4741,
2025-12-19T13:23:20.009Z,2.231,3,1500,768x432,1.920372000000043,4745,
2025-12-19T13:23:20.509Z,2.213,3,1500,768x432,1.9135499999999865,4783,
2025-12-19T13:23:21.018Z,2.221,3,1500,768x432,1.905450999999971,4778,
2025-12-19T13:23:21.510Z,2.224,3,1500,768x432,1.914184999999975,4823,
2025-12-19T13:23:22.005Z,2.23,3,1500,768x432,1.9224859999999921,4800,
2025-12-19T13:23:22.504Z,2.213,3,1500,768x432,1.9195150000000467,4823,
2025-12-19T13:23:23.012Z,2.226,3,1500,768x432,1.9091319999999996,4825,
2025-12-19T13:23:23.502Z,2.231,3,1500,768x432,1.9223900000000071,4808,
2025-12-19T13:23:24.011Z,2.236,3,1500,768x432,1.9204260000000204,4806,
2025-12-19T13:23:24.503Z,2.21,3,1500,768x432,1.9181130000000053,4837,
2025-12-19T13:23:25.002Z,2.236,3,1500,768x432,1.9206050000000232,4801,
2025-12-19T13:23:25.513Z,2.219,3,1500,768x432,1.9157339999999863,4793,
2025-12-19T13:23:26.024Z,2.216,3,1500,768x432,1.9971070000000282,4795,
2025-12-19T13:23:26.579Z,2.161,3,1500,768x432,1.9601240000000075,4803,
2025-12-19T13:23:27.142Z,2.073,3,1500,768x432,1.9857020000000034,4798,
2025-12-19T13:23:27.693Z,2.041,3,1500,768x432,1.9329459999999585,4792,
2025-12-19T13:23:28.232Z,2.012,3,1500,768x432,1.9895500000000084,4766,
2025-12-19T13:23:28.613Z,2.12,3,1500,768x432,1.9062449999999558,4765,
2025-12-19T13:23:29.011Z,2.211,3,1500,768x432,1.9156660000000443,4748,
2025-12-19T13:23:29.556Z,2.179,3,1500,768x432,1.9706630000000018,4750,
2025-12-19T13:23:30.006Z,2.231,3,1500,768x432,1.9203709999999887,4767,
2025-12-19T13:23:30.506Z,2.23,3,1500,768x432,1.9170250000000237,4738,
2025-12-19T13:23:31.008Z,2.232,3,1500,768x432,1.923230999999987,4769,
2025-12-19T13:23:31.568Z,2.232,3,1500,768x432,1.9528119999999944,4774,
2025-12-19T13:23:32.025Z,2.211,3,1500,768x432,1.9967760000000112,4793,
2025-12-19T13:23:32.526Z,2.206,3,1500,768x432,2.004906999999946,4789,
2025-12-19T13:23:33.038Z,2.199,3,1500,768x432,2.0003000000000384,4782,
2025-12-19T13:23:33.537Z,2.194,3,1500,768x432,2.000436000000036,4780,
2025-12-19T13:23:34.035Z,2.191,3,1500,768x432,1.9890550000000076,4778,
2025-12-19T13:23:34.565Z,2.168,3,1500,768x432,1.9628880000000208,4768,
2025-12-19T13:23:35.045Z,2.175,3,1500,768x432,1.9877260000000092,4766,
2025-12-19T13:23:35.537Z,2.184,3,1500,768x432,1.9969189999999912,4769,
2025-12-19T13:23:36.029Z,2.209,3,1500,768x432,2.0012759999999616,4782,
2025-12-19T13:23:36.506Z,2.215,3,1500,768x432,1.922157000000027,4761,
2025-12-19T13:23:37.006Z,2.216,3,1500,768x432,1.9171499999999924,4767,
2025-12-19T13:23:37.517Z,2.197,3,1500,768x432,1.9193410000000313,4762,
2025-12-19T13:23:38.007Z,2.218,3,1500,768x432,1.925292000000013,4771,
2025-12-19T13:23:38.553Z,2.189,3,1500,768x432,1.9816040000000044,4772,
2025-12-19T13:23:39.008Z,2.223,3,1500,768x432,1.9274139999999989,4760,
2025-12-19T13:23:39.508Z,2.21,3,1500,768x432,1.9138429999999858,4760,
2025-12-19T13:23:40.011Z,2.224,3,1500,768x432,1.9285239999999817,4762,
2025-12-19T13:23:40.508Z,2.195,3,1500,768x432,1.9158149999999523,4767,
2025-12-19T13:23:41.007Z,2.219,3,1500,768x432,1.915017999999975,4773,
2025-12-19T13:23:41.498Z,2.218,3,1500,768x432,1.934406000000024,4772,
2025-12-19T13:23:42.010Z,2.182,3,1500,768x432,1.9205720000000497,4778,
2025-12-19T13:23:42.513Z,2.216,3,1500,768x432,1.9221480000000497,4774,
2025-12-19T13:23:43.009Z,2.219,3,1500,768x432,1.9129199999999855,4753,
2025-12-19T13:23:43.555Z,2.174,3,1500,768x432,1.9724290000000337,4756,
2025-12-19T13:23:44.043Z,2.183,3,1500,768x432,1.98576300000002,4698,
2025-12-19T13:23:44.508Z,2.217,3,1500,768x432,1.91960499999999,4677,
2025-12-19T13:23:45.016Z,2.217,3,1500,768x432,1.9101559999999722,4630,
2025-12-19T13:23:45.506Z,2.218,3,1500,768x432,1.923577000000023,4644,
2025-12-19T13:23:46.008Z,2.193,3,1500,768x432,1.9231449999999768,4617,
2025-12-19T13:23:46.499Z,2.224,3,1500,768x432,1.9325450000000046,4606,
2025-12-19T13:23:47.008Z,2.218,3,1500,768x432,1.9250509999999394,4625,
2025-12-19T13:23:47.504Z,2.219,3,1500,768x432,1.9289730000000418,4645,
2025-12-19T13:23:48.006Z,2.226,3,1500,768x432,1.9289039999999886,4676,
2025-12-19T13:23:48.510Z,2.212,3,1500,768x432,1.912945000000036,4678,
2025-12-19T13:23:49.003Z,2.227,3,1500,768x432,1.9259060000000545,4654,
2025-12-19T13:23:49.506Z,2.197,3,1500,768x432,1.926721999999927,4747,
2025-12-19T13:23:50.009Z,2.214,3,1500,768x432,1.9222059999999601,4713,
2025-12-19T13:23:50.509Z,2.189,3,1500,768x432,1.9256729999999607,4746,
2025-12-19T13:23:51.031Z,2.199,3,1500,768x432,1.9898789999999735,4737,
2025-12-19T13:23:51.506Z,2.217,3,1500,768x432,1.9262850000000071,4766,
2025-12-19T13:23:52.005Z,2.224,3,1500,768x432,1.9288910000000214,4771,
2025-12-19T13:23:52.505Z,2.215,3,1500,768x432,1.9263710000000174,4772,
2025-12-19T13:23:53.006Z,2.229,3,1500,768x432,1.9299570000000585,4792,
2025-12-19T13:23:53.512Z,2.217,3,1500,768x432,1.9234369999999217,4784,
2025-12-19T13:23:54.008Z,2.234,3,1500,768x432,1.9358899999999721,4788,
2025-12-19T13:23:54.508Z,2.197,3,1500,768x432,1.9272659999999178,4795,
2025-12-19T13:23:55.012Z,2.221,3,1500,768x432,1.9201309999999694,4794,
2025-12-19T13:23:55.505Z,2.218,3,1500,768x432,1.9250150000000303,4779,
2025-12-19T13:23:56.006Z,2.222,3,1500,768x432,1.9282429999999522,4794,
2025-12-19T13:23:56.509Z,2.218,3,1500,768x432,1.9233050000000276,4798,
2025-12-19T13:23:57.003Z,2.23,3,1500,768x432,1.9326630000000478,4793,
2025-12-19T13:23:57.504Z,2.218,3,1500,768x432,1.9194969999999785,4814,
2025-12-19T13:23:58.003Z,2.233,3,1500,768x432,1.9370330000000422,4827,
2025-12-19T13:23:58.584Z,2.199,3,1500,768x432,1.9411519999999882,4827,
2025-12-19T13:23:59.009Z,2.209,3,1500,768x432,1.9232279999999946,4840,
2025-12-19T13:23:59.552Z,2.155,3,1500,768x432,1.9807919999999513,4835,
2025-12-19T13:24:00.015Z,2.205,3,1500,768x432,1.907801999999947,4834,
2025-12-19T13:24:00.505Z,2.215,3,1500,768x432,1.9168529999999464,4840,
2025-12-19T13:24:01.006Z,2.2,3,1500,768x432,1.9274169999999913,4833,
2025-12-19T13:24:01.512Z,2.208,3,1500,768x432,1.9220719999999574,4827,
2025-12-19T13:24:02.017Z,2.206,3,1500,768x432,1.9117489999999862,4844,
2025-12-19T13:24:02.512Z,2.225,3,1500,768x432,1.9140989999999647,4841,
2025-12-19T13:24:03.005Z,2.212,3,1500,768x432,1.9341140000000223,4823,
2025-12-19T13:24:03.507Z,2.226,3,1500,768x432,1.9259969999999385,4811,
2025-12-19T13:24:04.013Z,2.215,3,1500,768x432,1.912719999999922,4809,
2025-12-19T13:24:04.507Z,2.212,3,1500,768x432,1.916409999999928,4800,
2025-12-19T13:24:05.005Z,2.221,3,1500,768x432,1.919856999999979,4805,
2025-12-19T13:24:05.518Z,2.206,3,1500,768x432,1.9085209999999506,4830,
2025-12-19T13:24:06.030Z,2.18,3,1500,768x432,1.9984870000000683,4811,
2025-12-19T13:24:06.508Z,2.217,3,1500,768x432,1.9180969999999888,4816,
2025-12-19T13:24:07.004Z,2.224,3,1500,768x432,1.9325959999999895,4812,
2025-12-19T13:24:07.510Z,2.224,3,1500,768x432,1.9197639999999865,4812,
2025-12-19T13:24:08.021Z,2.201,3,1500,768x432,2.0023629999999457,4800,
2025-12-19T13:24:08.510Z,2.218,3,1500,768x432,1.9152139999999918,4804,
2025-12-19T13:24:09.062Z,2.167,3,1500,768x432,1.9653130000000374,4806,
2025-12-19T13:24:09.509Z,2.211,3,1500,768x432,1.9283000000000357,4813,
2025-12-19T13:24:10.007Z,2.224,3,1500,768x432,1.9284569999999803,4821,
2025-12-19T13:24:10.504Z,2.219,3,1500,768x432,1.925143999999932,4812,
2025-12-19T13:24:11.007Z,2.232,3,1500,768x432,1.934123999999997,4799,
2025-12-19T13:24:11.541Z,2.206,3,1500,768x432,1.9872840000000451,4800,
2025-12-19T13:24:12.027Z,2.202,3,1500,768x432,1.9967439999999215,4783,
2025-12-19T13:24:13.517Z,1.243,3,1500,768x432,1.9079399999999396,4721,
2025-12-19T13:24:14.908Z,0.259,3,1500,768x432,1.9328070000000253,3881,rebuffer happen
2025-12-19T13:24:15.102Z,0.194,3,1500,768x432,1.9419470000000274,3881,
2025-12-19T13:24:15.169Z,0.13,2,1000,640x360,1.961669000000029,2947,
2025-12-19T13:24:15.206Z,0.027,2,1000,640x360,1.9250040000000581,2947,rebuffer happen
2025-12-19T13:24:15.774Z,0.02,2,1000,640x360,2.286521999999991,2947,rebuffer happen
2025-12-19T13:24:15.823Z,0.022,2,1000,640x360,2.3518450000000257,2947,rebuffer happen
2025-12-19T13:24:15.873Z,0.021,2,1000,640x360,2.318153999999936,2947,rebuffer happen
2025-12-19T13:24:15.923Z,0.019,2,1000,640x360,2.3826070000000072,2947,rebuffer happen
2025-12-19T13:24:15.957Z,0.03,2,1000,640x360,2.3600340000000415,2947,rebuffer happen
2025-12-19T13:24:16.073Z,0.023,2,1000,640x360,2.4246930000000475,2947,rebuffer happen
2025-12-19T13:24:16.107Z,0.027,2,1000,640x360,2.3958959999999934,2947,rebuffer happen
2025-12-19T13:24:16.174Z,0.017,2,1000,640x360,2.448676999999975,2947,rebuffer happen
2025-12-19T13:24:16.196Z,0.017,2,1000,640x360,2.448676999999975,2947,
2025-12-19T13:24:16.224Z,0.027,2,1000,640x360,2.5269180000000233,2518,rebuffer happen
2025-12-19T13:24:16.624Z,0.02,2,1000,640x360,2.8550920000000133,2518,rebuffer happen
2025-12-19T13:24:16.924Z,0.018,2,1000,640x360,2.8870010000000548,2518,rebuffer happen
2025-12-19T13:24:16.958Z,0.024,2,1000,640x360,2.859572999999955,2518,rebuffer happen
2025-12-19T13:24:17.058Z,0.026,2,1000,640x360,2.9229910000000245,2518,rebuffer happen
2025-12-19T13:24:17.108Z,0.025,2,1000,640x360,2.8889440000000377,2518,rebuffer happen
2025-12-19T13:24:17.158Z,0.024,2,1000,640x360,2.9547830000000204,2518,rebuffer happen
2025-12-19T13:24:17.214Z,0.024,2,1000,640x360,2.9547830000000204,2518,
2025-12-19T13:24:17.258Z,0.019,2,1000,640x360,3.01719700000001,2198,rebuffer happen
2025-12-19T13:24:17.592Z,0.02,2,1000,640x360,3.289215000000013,2198,rebuffer happen
2025-12-19T13:24:17.641Z,0.018,2,1000,640x360,3.354428999999982,2198,rebuffer happen
2025-12-19T13:24:17.792Z,0.025,2,1000,640x360,3.32239699999991,2198,rebuffer happen
2025-12-19T13:24:17.842Z,0.016,2,1000,640x360,3.385992999999985,2198,rebuffer happen
2025-12-19T13:24:17.875Z,0.021,2,1000,640x360,3.3573030000000017,2198,rebuffer happen
2025-12-19T13:24:17.925Z,0.022,2,1000,640x360,3.4198769999999286,2198,rebuffer happen
2025-12-19T13:24:17.975Z,0.023,2,1000,640x360,3.387986999999953,2198,rebuffer happen
2025-12-19T13:24:18.025Z,0.022,2,1000,640x360,3.458635999999956,2198,rebuffer happen
2025-12-19T13:24:18.125Z,0.017,2,1000,640x360,3.515262000000007,2198,rebuffer happen
2025-12-19T13:24:18.158Z,0.026,2,1000,640x360,3.4907970000000432,2198,rebuffer happen
2025-12-19T13:24:18.225Z,0.018,2,1000,640x360,3.5492550000000165,2198,rebuffer happen
2025-12-19T13:24:18.275Z,0.051,2,1000,640x360,3.5492550000000165,2198,
2025-12-19T13:24:18.309Z,0.021,2,1000,640x360,3.5191670000000386,1947,rebuffer happen
2025-12-19T13:24:18.693Z,0.02,2,1000,640x360,3.8518679999999677,1947,rebuffer happen
2025-12-19T13:24:18.859Z,0.026,2,1000,640x360,3.9318190000000186,1947,rebuffer happen
2025-12-19T13:24:18.909Z,0.05,2,1000,640x360,3.889228000000003,1947,rebuffer happen
2025-12-19T13:24:18.942Z,0.02,2,1000,640x360,3.952556999999956,1947,rebuffer happen
2025-12-19T13:24:18.993Z,0.022,2,1000,640x360,3.921035999999958,1947,rebuffer happen
2025-12-19T13:24:19.043Z,0.022,2,1000,640x360,3.9978780000000143,1947,rebuffer happen
2025-12-19T13:24:19.093Z,0.021,2,1000,640x360,3.963408999999956,1947,rebuffer happen
2025-12-19T13:24:19.143Z,0.018,2,1000,640x360,4.022020999999995,1947,rebuffer happen
2025-12-19T13:24:19.176Z,0.028,2,1000,640x360,3.9989269999999806,1947,rebuffer happen
2025-12-19T13:24:19.243Z,0.022,2,1000,640x360,4.059527000000003,1947,rebuffer happen
2025-12-19T13:24:19.295Z,0.022,2,1000,640x360,4.059527000000003,1947,
2025-12-19T13:24:19.326Z,0.028,1,600,480x270,4.132221000000072,1680,rebuffer happen
2025-12-19T13:24:19.369Z,0.028,1,600,480x270,4.132221000000072,1680,
2025-12-19T13:24:19.987Z,0.222,1,600,480x270,4.40639299999998,1680,
2025-12-19T13:24:20.177Z,0.017,1,600,480x270,4.4174130000000105,1453,rebuffer happen
2025-12-19T13:24:20.645Z,0.21,1,600,480x270,4.616497999999979,1453,
2025-12-19T13:24:20.844Z,0.02,1,600,480x270,4.623762000000056,1428,rebuffer happen
2025-12-19T13:24:20.927Z,0.028,1,600,480x270,4.6918490000000475,1428,rebuffer happen
2025-12-19T13:24:20.994Z,0.02,1,600,480x270,4.649861999999985,1428,rebuffer happen
2025-12-19T13:24:21.279Z,0.184,1,600,480x270,4.688012999999955,1428,
2025-12-19T13:24:21.445Z,0.026,1,600,480x270,4.7239210000000185,1237,rebuffer happen
2025-12-19T13:24:21.898Z,0.211,1,600,480x270,4.801050000000032,1237,
2025-12-19T13:24:22.079Z,0.017,1,600,480x270,4.822189999999978,1196,rebuffer happen
2025-12-19T13:24:22.529Z,0.216,1,600,480x270,5.013031000000069,1196,
2025-12-19T13:24:22.712Z,0.031,1,600,480x270,4.9341830000000755,1147,rebuffer happen
2025-12-19T13:24:23.151Z,0.231,1,600,480x270,5.116455999999971,1147,
2025-12-19T13:24:23.226Z,0.216,0,200,320x180,5.0411229999999705,1123,
2025-12-19T13:24:23.415Z,0.374,0,200,320x180,5.054364999999962,1123,
2025-12-19T13:24:23.610Z,0.704,0,200,320x180,5.011232999999947,1123,
2025-12-19T13:24:23.822Z,0.874,0,200,320x180,4.985154999999963,1075,
2025-12-19T13:24:24.014Z,1.099,0,200,320x180,4.811329000000001,1075,
2025-12-19T13:24:24.205Z,1.243,0,200,320x180,4.714024999999992,1075,
2025-12-19T13:24:24.411Z,1.471,0,200,320x180,4.607748000000015,1012,
2025-12-19T13:24:24.629Z,1.763,0,200,320x180,4.632505000000037,1012,
2025-12-19T13:24:24.818Z,1.88,0,200,320x180,4.459463000000028,994,
2025-12-19T13:24:25.037Z,2.15,0,200,320x180,4.428808000000004,994,
2025-12-19T13:24:25.209Z,2.325,0,200,320x180,4.265873000000056,941,
2025-12-19T13:24:25.431Z,2.558,0,200,320x180,4.239407999999912,941,
2025-12-19T13:24:25.642Z,2.799,0,200,320x180,4.225583000000029,941,
2025-12-19T13:24:25.831Z,3.041,0,200,320x180,4.146240999999918,942,
2025-12-19T13:24:26.017Z,3.207,0,200,320x180,3.97501699999998,942,
2025-12-19T13:24:26.214Z,3.399,0,200,320x180,3.8660110000000714,942,
2025-12-19T13:24:26.411Z,3.603,0,200,320x180,3.7734440000000404,922,
2025-12-19T13:24:26.678Z,3.926,0,200,320x180,3.7992910000000393,922,
2025-12-19T13:24:26.757Z,3.834,1,600,480x270,3.8017409999999927,921,
2025-12-19T13:24:27.299Z,3.51,1,600,480x270,3.4891440000000102,921,
2025-12-19T13:24:27.756Z,3.307,1,600,480x270,3.323478000000023,895,
2025-12-19T13:24:28.105Z,3.299,1,600,480x270,3.0945900000000393,933,
2025-12-19T13:24:28.587Z,3.1,1,600,480x270,2.9148739999999407,967,
2025-12-19T13:24:29.060Z,2.894,1,600,480x270,2.7100880000000416,992,
2025-12-19T13:24:29.551Z,2.724,1,600,480x270,2.5350570000000516,1015,
2025-12-19T13:24:30.058Z,2.524,1,600,480x270,2.3407900000000836,1070,
2025-12-19T13:24:30.155Z,2.42,2,1000,640x360,2.309880999999905,1096,
2025-12-19T13:24:30.719Z,2.25,2,1000,640x360,2.158910999999989,1096,
2025-12-19T13:24:31.228Z,2.105,2,1000,640x360,2.130702999999926,1086,
2025-12-19T13:24:31.717Z,2.076,2,1000,640x360,1.9744089999999233,1146,
2025-12-19T13:24:32.174Z,2.084,2,1000,640x360,1.9819720000000416,1139,
2025-12-19T13:24:32.654Z,2.077,2,1000,640x360,1.9928390000000036,1177,
2025-12-19T13:24:33.154Z,2.07,2,1000,640x360,1.9747969999999668,1246,
2025-12-19T13:24:33.657Z,2.07,2,1000,640x360,1.983021000000008,1239,
2025-12-19T13:24:34.169Z,2.055,2,1000,640x360,1.9562240000000202,1268,
2025-12-19T13:24:34.666Z,2.07,2,1000,640x360,1.9775300000000016,1280,
2025-12-19T13:24:35.135Z,2.083,2,1000,640x360,2.004144999999994,1344,
2025-12-19T13:24:35.648Z,2.085,2,1000,640x360,1.9918350000000373,1348,
2025-12-19T13:24:36.150Z,2.084,2,1000,640x360,1.9860620000000608,1376,
2025-12-19T13:24:36.653Z,2.063,2,1000,640x360,1.9848630000000185,1413,
2025-12-19T13:24:37.160Z,2.05,2,1000,640x360,1.9657009999999673,1442,
2025-12-19T13:24:37.552Z,2.154,2,1000,640x360,1.9752419999999802,1433,
2025-12-19T13:24:37.622Z,2.143,3,1500,768x432,2.0095660000000635,1511,
2025-12-19T13:24:38.086Z,2.141,3,1500,768x432,1.9396899999999277,1511,
2025-12-19T13:24:38.594Z,2.119,3,1500,768x432,1.9431200000000217,1593,
2025-12-19T13:24:39.105Z,2.107,3,1500,768x432,1.9292509999999083,1730,
2025-12-19T13:24:39.607Z,2.122,3,1500,768x432,1.9379529999999932,1760,
2025-12-19T13:24:40.108Z,2.111,3,1500,768x432,1.928258000000028,1892,
2025-12-19T13:24:40.667Z,2.121,3,1500,768x432,1.9635990000000447,1871,
2025-12-19T13:24:41.173Z,2.042,3,1500,768x432,1.9496199999999817,1932,
2025-12-19T13:24:41.662Z,2.062,3,1500,768x432,1.9712560000000394,1939,
2025-12-19T13:24:42.168Z,2.043,3,1500,768x432,1.953706000000011,1978,
2025-12-19T13:24:42.679Z,2.045,3,1500,768x432,1.958346000000006,1991,
2025-12-19T13:24:43.173Z,2.035,3,1500,768x432,1.9591709999999694,2024,
2025-12-19T13:24:43.687Z,2.047,3,1500,768x432,1.9631089999999176,2061,
2025-12-19T13:24:44.209Z,2.021,3,1500,768x432,1.918292000000065,2047,
2025-12-19T13:24:44.733Z,2.003,3,1500,768x432,1.9984230000000025,2037,
2025-12-19T13:24:45.312Z,1.899,3,1500,768x432,1.9127990000000636,2030,
2025-12-19T13:24:45.821Z,1.873,3,1500,768x432,2.0023899999999912,1994,
2025-12-19T13:24:46.310Z,1.903,3,1500,768x432,1.91428099999996,2009,
2025-12-19T13:24:46.817Z,1.908,3,1500,768x432,1.916729000000032,1979,
2025-12-19T13:24:47.420Z,1.772,3,1500,768x432,1.9991039999999884,1999,
2025-12-19T13:24:48.057Z,1.646,3,1500,768x432,1.9786560000000009,1996,
2025-12-19T13:24:48.608Z,1.623,3,1500,768x432,1.9151070000000345,2010,
2025-12-19T13:24:49.137Z,1.557,3,1500,768x432,1.9843630000000303,2015,
2025-12-19T13:24:49.660Z,1.571,3,1500,768x432,1.9606990000000906,2011,
2025-12-19T13:24:50.460Z,1.281,3,1500,768x432,1.9643489999999701,2015,
2025-12-19T13:24:51.306Z,0.965,3,1500,768x432,1.9149059999999736,1916,
2025-12-19T13:24:51.390Z,0.917,2,1000,640x360,1.940070999999989,1825,
2025-12-19T13:24:51.973Z,0.767,2,1000,640x360,1.9610689999999522,1825,
2025-12-19T13:24:52.616Z,0.657,2,1000,640x360,1.9139150000000882,1643,
2025-12-19T13:24:53.212Z,0.517,2,1000,640x360,1.9075200000000905,1635,
2025-12-19T13:24:53.811Z,0.406,2,1000,640x360,1.9202509999998938,1602,
2025-12-19T13:24:54.046Z,0.211,2,1000,640x360,1.9752529999999524,1531,rebuffer happen
2025-12-19T13:24:54.402Z,0.327,2,1000,640x360,1.9214080000000422,1531,
2025-12-19T13:24:54.568Z,0.166,2,1000,640x360,1.9699529999999186,1506,rebuffer happen
2025-12-19T13:24:54.990Z,0.236,2,1000,640x360,1.950097000000028,1506,
2025-12-19T13:24:55.069Z,0.243,1,600,480x270,1.9667699999999968,1453,
2025-12-19T13:24:55.206Z,0.028,1,600,480x270,1.9258650000000443,1453,rebuffer happen
2025-12-19T13:24:55.429Z,0.371,1,600,480x270,2.062114999999949,1453,
2025-12-19T13:24:55.593Z,0.261,1,600,480x270,2.001023000000032,1441,rebuffer happen
2025-12-19T13:24:55.779Z,0.497,1,600,480x270,2.0046449999999822,1441,
2025-12-19T13:24:56.132Z,0.619,1,600,480x270,2.0233070000000453,1432,
2025-12-19T13:24:56.485Z,0.749,1,600,480x270,1.9650209999999788,1429,
2025-12-19T13:24:56.843Z,0.891,1,600,480x270,2.0074749999999995,1429,
2025-12-19T13:24:57.195Z,1.028,1,600,480x270,1.9330250000000433,1503,
2025-12-19T13:24:57.549Z,1.171,1,600,480x270,1.9772649999999885,1419,
2025-12-19T13:24:57.900Z,1.318,1,600,480x270,1.9228409999999485,1388,
2025-12-19T13:24:58.250Z,1.467,1,600,480x270,1.9699139999999034,1388,
2025-12-19T13:24:58.616Z,1.621,1,600,480x270,1.914728000000082,1287,
2025-12-19T13:24:58.694Z,1.563,2,1000,640x360,1.9316330000000335,1309,
2025-12-19T13:24:59.379Z,1.369,2,1000,640x360,1.9404939999999442,1309,
2025-12-19T13:25:00.208Z,1.058,2,1000,640x360,1.9217200000000503,1188,
2025-12-19T13:25:01.055Z,0.642,2,1000,640x360,1.9662960000000567,1181,
2025-12-19T13:25:01.918Z,0.318,2,1000,640x360,1.908474999999953,1117,
2025-12-19T13:25:02.114Z,0.112,2,1000,640x360,1.910005999999953,1058,rebuffer happen
2025-12-19T13:25:02.195Z,0.031,2,1000,640x360,1.9394320000000107,1058,rebuffer happen
2025-12-19T13:25:02.612Z,0.026,2,1000,640x360,1.9577000000000453,1058,rebuffer happen
2025-12-19T13:25:02.679Z,0.027,2,1000,640x360,2.0249670000000606,1058,rebuffer happen
2025-12-19T13:25:02.762Z,0.022,2,1000,640x360,2.053584999999998,1058,rebuffer happen
2025-12-19T13:25:02.798Z,0.022,2,1000,640x360,2.053584999999998,1058,
2025-12-19T13:25:02.829Z,0.029,1,600,480x270,2.134627000000023,1043,rebuffer happen
2025-12-19T13:25:02.872Z,0.029,1,600,480x270,2.134627000000023,1043,
2025-12-19T13:25:03.374Z,0.27,1,600,480x270,2.3852320000000873,1043,
2025-12-19T13:25:03.900Z,0.238,1,600,480x270,2.3629570000000513,1014,
2025-12-19T13:25:04.147Z,0.018,1,600,480x270,2.4222469999999703,1113,rebuffer happen
2025-12-19T13:25:04.421Z,0.243,1,600,480x270,2.4627819999999474,1113,
2025-12-19T13:25:04.937Z,0.276,1,600,480x270,2.4754970000000185,1018,
2025-12-19T13:25:05.181Z,0.094,1,600,480x270,2.4339220000000523,1038,rebuffer happen
2025-12-19T13:25:05.470Z,0.254,1,600,480x270,2.4603599999999233,1038,
2025-12-19T13:25:05.984Z,0.272,1,600,480x270,2.477155000000039,956,
2025-12-19T13:25:06.232Z,0.025,1,600,480x270,2.5271419999999125,923,rebuffer happen
2025-12-19T13:25:06.528Z,0.246,1,600,480x270,2.5566800000000285,923,
2025-12-19T13:25:06.598Z,0.258,0,200,320x180,2.486652000000049,881,
2025-12-19T13:25:06.789Z,0.463,0,200,320x180,2.4865740000000187,881,
2025-12-19T13:25:06.972Z,0.68,0,200,320x180,2.4255210000000034,891,
2025-12-19T13:25:07.159Z,0.916,0,200,320x180,2.3630980000000363,891,
2025-12-19T13:25:07.349Z,1.119,0,200,320x180,2.3008769999999004,872,
2025-12-19T13:25:07.545Z,1.418,0,200,320x180,2.264575000000036,872,
2025-12-19T13:25:07.729Z,1.653,0,200,320x180,2.2293019999999615,855,
2025-12-19T13:25:07.942Z,1.944,0,200,320x180,2.1621999999999844,855,
2025-12-19T13:25:08.122Z,2.199,0,200,320x180,2.1413479999999936,855,
2025-12-19T13:25:08.483Z,2.33,0,200,320x180,2.0281680000000506,858,
2025-12-19T13:25:08.969Z,2.306,0,200,320x180,2.021515000000022,869,
2025-12-19T13:25:09.483Z,2.241,0,200,320x180,1.970843000000059,866,
2025-12-19T13:25:10.014Z,2.27,0,200,320x180,1.9416729999999234,867,
2025-12-19T13:25:10.093Z,2.238,1,600,480x270,1.9689809999999852,867,
2025-12-19T13:25:10.684Z,2.046,1,600,480x270,1.9463839999999664,877,
2025-12-19T13:25:11.172Z,2.034,1,600,480x270,1.954069000000004,904,
2025-12-19T13:25:11.669Z,2.056,1,600,480x270,1.956187,936,
2025-12-19T13:25:12.164Z,2.043,1,600,480x270,1.9630620000000363,902,
2025-12-19T13:25:12.678Z,2.057,1,600,480x270,1.9603409999999712,927,
2025-12-19T13:25:13.169Z,2.038,1,600,480x270,1.9617680000000064,931,
2025-12-19T13:25:13.592Z,2.12,1,600,480x270,1.9408389999999827,936,
2025-12-19T13:25:14.064Z,2.159,1,600,480x270,1.974390000000085,982,
2025-12-19T13:25:14.561Z,2.142,1,600,480x270,1.9702080000000706,992,
2025-12-19T13:25:14.632Z,2.163,2,1000,640x360,1.9909810000000334,1041,
2025-12-19T13:25:15.218Z,2.003,2,1000,640x360,1.9057229999999663,1041,
2025-12-19T13:25:15.704Z,2.036,2,1000,640x360,1.9249389999999948,1080,
2025-12-19T13:25:16.217Z,1.994,2,1000,640x360,1.9036940000000868,1075,
2025-12-19T13:25:16.713Z,2.01,2,1000,640x360,1.9174620000000004,1124,
2025-12-19T13:25:17.197Z,2.017,2,1000,640x360,1.9382329999999683,1149,
2025-12-19T13:25:17.675Z,2.045,2,1000,640x360,1.9743720000000167,1176,
2025-12-19T13:25:18.150Z,2.057,2,1000,640x360,1.9856499999999642,1190,
2025-12-19T13:25:18.628Z,2.095,2,1000,640x360,2.0012709999999743,1209,
2025-12-19T13:25:19.234Z,1.991,2,1000,640x360,1.9886050000000068,1221,
2025-12-19T13:25:19.723Z,2.005,2,1000,640x360,2.0034610000000157,1234,
2025-12-19T13:25:20.240Z,1.963,2,1000,640x360,1.987794000000008,1220,
2025-12-19T13:25:20.682Z,2.042,2,1000,640x360,1.9625789999998915,1224,
2025-12-19T13:25:21.160Z,2.057,2,1000,640x360,1.9767859999999473,1227,
2025-12-19T13:25:21.520Z,2.197,2,1000,640x360,2.0051529999999502,1232,
2025-12-19T13:25:22.030Z,2.179,2,1000,640x360,1.999347000000057,1239,
2025-12-19T13:25:22.516Z,2.23,2,1000,640x360,1.9164019999999482,1232,
2025-12-19T13:25:23.078Z,2.186,2,1000,640x360,1.9554480000000467,1238,
2025-12-19T13:25:23.507Z,2.219,2,1000,640x360,1.9166799999999284,1244,
2025-12-19T13:25:24.086Z,2.117,2,1000,640x360,1.935023000000001,1247,
2025-12-19T13:25:24.560Z,2.116,2,1000,640x360,1.968071000000009,1256,
2025-12-19T13:25:25.142Z,2.062,2,1000,640x360,1.9878669999999374,1256,
2025-12-19T13:25:25.602Z,2.112,2,1000,640x360,1.9316949999999906,1266,
2025-12-19T13:25:26.005Z,2.072,2,1000,640x360,1.9317330000000084,1271,
2025-12-19T13:25:26.506Z,2.065,2,1000,640x360,1.9243779999999333,1271,
2025-12-19T13:25:27.006Z,2.209,2,1000,640x360,1.9353120000000672,1272,
2025-12-19T13:25:27.513Z,2.207,2,1000,640x360,1.9124399999999468,1273,
2025-12-19T13:25:28.013Z,2.234,2,1000,640x360,1.9129870000000437,1288,
2025-12-19T13:25:28.543Z,2.184,2,1000,640x360,1.9813599999999951,1296,
2025-12-19T13:25:29.132Z,2.069,2,1000,640x360,1.9902419999999665,1315,
2025-12-19T13:25:29.527Z,2.225,2,1000,640x360,2.006842000000006,1341,
2025-12-19T13:25:30.245Z,1.998,2,1000,640x360,1.976462999999967,1327,
2025-12-19T13:25:30.669Z,2.047,2,1000,640x360,1.974743999999987,1357,
2025-12-19T13:25:31.063Z,2.163,2,1000,640x360,1.975528000000054,1389,
2025-12-19T13:25:31.576Z,2.139,2,1000,640x360,1.9493270000000393,1405,
2025-12-19T13:25:32.094Z,2.126,2,1000,640x360,1.927061999999978,1428,
2025-12-19T13:25:32.588Z,2.132,2,1000,640x360,1.944411999999943,1443,
2025-12-19T13:25:33.082Z,2.114,2,1000,640x360,1.9401749999999538,1464,
2025-12-19T13:25:33.578Z,2.143,2,1000,640x360,1.955524999999966,1463,
2025-12-19T13:25:34.078Z,2.132,2,1000,640x360,1.9497569999999769,1500,
2025-12-19T13:25:34.153Z,2.083,3,1500,768x432,1.970087000000035,1509,
2025-12-19T13:25:34.503Z,2.209,3,1500,768x432,1.9232520000000477,1509,
2025-12-19T13:25:35.002Z,2.228,3,1500,768x432,1.931553000000008,1561,
2025-12-19T13:25:35.506Z,2.2,3,1500,768x432,1.9208270000000311,1609,
2025-12-19T13:25:36.109Z,2.113,3,1500,768x432,1.9209489999999505,1657,
2025-12-19T13:25:37.766Z,0.973,3,1500,768x432,1.962978000000021,1699,
2025-12-19T13:25:37.839Z,0.961,2,1000,640x360,1.994546000000014,1681,
2025-12-19T13:25:38.319Z,0.896,2,1000,640x360,1.9072069999999712,1681,
2025-12-19T13:25:38.847Z,0.886,2,1000,640x360,1.9937419999999975,1677,
2025-12-19T13:25:39.265Z,0.957,2,1000,640x360,1.968426999999906,1685,
2025-12-19T13:25:39.690Z,1.039,2,1000,640x360,1.9419579999999996,1678,
2025-12-19T13:25:40.099Z,1.128,2,1000,640x360,1.9214490000000524,1676,
2025-12-19T13:25:40.519Z,1.202,2,1000,640x360,1.9068449999999757,1726,
2025-12-19T13:25:40.955Z,1.268,2,1000,640x360,1.9689910000000737,1726,
2025-12-19T13:25:41.369Z,1.347,2,1000,640x360,1.9526030000000674,1693,
2025-12-19T13:25:41.449Z,1.352,3,1500,768x432,1.9716549999999415,1737,
2025-12-19T13:25:42.054Z,1.188,3,1500,768x432,1.9751390000000129,1737,
2025-12-19T13:25:42.684Z,1.055,3,1500,768x432,1.958003000000076,1731,
2025-12-19T13:25:43.321Z,0.921,3,1500,768x432,2.0025140000000192,1814,
2025-12-19T13:25:43.972Z,0.775,3,1500,768x432,1.967563000000041,1781,
2025-12-19T13:25:44.612Z,0.622,3,1500,768x432,1.9235720000000356,1795,
2025-12-19T13:25:45.285Z,0.443,3,1500,768x432,1.9342609999999922,1777,
2025-12-19T13:25:45.353Z,0.41,2,1000,640x360,1.9718820000000505,1761,
2025-12-19T13:25:45.458Z,0.296,2,1000,640x360,1.9618389999999408,1761,rebuffer happen
2025-12-19T13:25:45.772Z,0.445,2,1000,640x360,1.9680769999999939,1761,
2025-12-19T13:25:46.196Z,0.532,2,1000,640x360,1.9249230000000352,1744,
2025-12-19T13:25:46.624Z,0.605,2,1000,640x360,2.0153250000000753,1753,
2025-12-19T13:25:46.896Z,0.715,2,1000,640x360,1.9405709999999772,1740,
2025-12-19T13:25:46.962Z,0.837,2,1000,640x360,1.9674729999999272,1740,
2025-12-19T13:25:47.702Z,0.144,2,1000,640x360,1.9445609999999078,1740,rebuffer happen
2025-12-19T13:25:47.816Z,0.026,2,1000,640x360,1.9232849999999644,1740,rebuffer happen
2025-12-19T13:25:49.034Z,0.026,2,1000,640x360,3.232285000000047,1740,