timestamp,bufferLevel,qualityIndex,bitrateKbps,resolution,liveLatency,predictedKbps,rebuffer
2025-12-22T12:04:43.651Z,0,2,1000,640x360,0.888,,
2025-12-22T12:04:43.657Z,0,2,1000,640x360,0.888,,rebuffer happen
2025-12-22T12:04:43.737Z,0.033,2,1000,640x360,0.8873260000000001,,rebuffer happen
2025-12-22T12:04:43.744Z,0.027,2,1000,640x360,0.881945,,rebuffer happen
2025-12-22T12:04:44.073Z,0.263,2,1000,640x360,1.0875029999999999,,
2025-12-22T12:04:44.389Z,0.155,2,1000,640x360,0.870254,2573,rebuffer happen
2025-12-22T12:04:44.390Z,0.155,2,1000,640x360,0.869417,2573,
2025-12-22T12:04:44.658Z,0.572,2,1000,640x360,1.030536,2558,
2025-12-22T12:04:44.942Z,1.079,2,1000,640x360,1.2884070000000003,3083,
2025-12-22T12:04:45.223Z,1.372,2,1000,640x360,1.3791319999999998,2913,
2025-12-22T12:04:45.550Z,1.712,2,1000,640x360,1.490603,2849,
2025-12-22T12:04:45.911Z,1.955,2,1000,640x360,1.660881,2693,
2025-12-22T12:04:46.563Z,1.97,2,1000,640x360,1.8746739999999997,2775,
2025-12-22T12:04:46.959Z,2.157,2,1000,640x360,1.9286869999999996,3066,
2025-12-22T12:04:47.424Z,2.194,2,1000,640x360,1.902971,3206,
2025-12-22T12:04:47.558Z,2.216,3,1500,768x432,1.8732010000000003,3386,
2025-12-22T12:04:48.842Z,1.054,3,1500,768x432,1.926126,3386,
2025-12-22T12:04:49.092Z,1.133,3,1500,768x432,1.98956,3270,
2025-12-22T12:04:49.866Z,0.969,3,1500,768x432,1.9930269999999997,3205,
2025-12-22T12:04:50.126Z,1.205,3,1500,768x432,1.933192,3143,
2025-12-22T12:04:50.894Z,0.907,3,1500,768x432,1.9668169999999998,3092,
2025-12-22T12:04:51.115Z,1.152,3,1500,768x432,1.9487649999999999,3064,
2025-12-22T12:04:51.837Z,0.845,3,1500,768x432,1.9220230000000003,3095,
2025-12-22T12:04:52.053Z,1.192,3,1500,768x432,1.9127170000000007,3124,
2025-12-22T12:04:52.781Z,1.048,3,1500,768x432,1.9801850000000005,3139,
2025-12-22T12:04:53.011Z,1.28,3,1500,768x432,1.9535049999999998,3155,
2025-12-22T12:04:53.757Z,0.984,3,1500,768x432,2.000997,3153,
2025-12-22T12:04:53.992Z,1.219,3,1500,768x432,1.968611000000001,3149,
2025-12-22T12:04:54.735Z,1.197,3,1500,768x432,1.928548000000001,3143,
2025-12-22T12:04:54.980Z,1.299,3,1500,768x432,1.983326,3143,
2025-12-22T12:04:55.703Z,1.131,3,1500,768x432,1.955983999999999,3139,
2025-12-22T12:04:55.911Z,1.361,3,1500,768x432,1.9497,3153,
2025-12-22T12:04:56.633Z,1.062,3,1500,768x432,1.9235140000000008,3166,
2025-12-22T12:04:57.414Z,0.775,3,1500,768x432,1.957122,3177,
2025-12-22T12:04:57.706Z,1.008,3,1500,768x432,1.9559909999999991,3151,
2025-12-22T12:04:57.974Z,1.236,3,1500,768x432,1.9887230000000002,3088,
2025-12-22T12:04:58.761Z,0.944,3,1500,768x432,2.0001830000000016,3035,
2025-12-22T12:04:59.057Z,1.175,3,1500,768x432,2.0045579999999994,2988,
2025-12-22T12:04:59.907Z,0.878,3,1500,768x432,1.9478779999999993,2854,
2025-12-22T12:05:00.158Z,1.11,3,1500,768x432,1.9990639999999988,2854,
2025-12-22T12:05:00.935Z,0.814,3,1500,768x432,1.923614999999998,2793,
2025-12-22T12:05:01.209Z,1.057,3,1500,768x432,1.954391000000001,2793,
2025-12-22T12:05:01.484Z,1.285,3,1500,768x432,1.9767849999999996,2705,
2025-12-22T12:05:02.278Z,1.007,3,1500,768x432,2.003888,2710,
2025-12-22T12:05:02.553Z,1.205,3,1500,768x432,1.9162929999999996,2684,
2025-12-22T12:05:03.342Z,0.93,3,1500,768x432,1.9184319999999992,2668,
2025-12-22T12:05:03.589Z,1.111,3,1500,768x432,1.970391000000003,2652,
2025-12-22T12:05:04.277Z,1.13,3,1500,768x432,1.9905100000000004,2662,
2025-12-22T12:05:04.489Z,1.369,3,1500,768x432,1.9784129999999998,2662,
2025-12-22T12:05:05.241Z,1.078,3,1500,768x432,1.9286200000000022,2677,
2025-12-22T12:05:05.501Z,1.31,3,1500,768x432,1.9695529999999977,2681,
2025-12-22T12:05:06.256Z,1.026,3,1500,768x432,1.9195400000000014,2687,
2025-12-22T12:05:06.510Z,1.234,3,1500,768x432,1.959232,2693,
2025-12-22T12:05:07.284Z,0.943,3,1500,768x432,1.9795820000000006,2694,
2025-12-22T12:05:07.600Z,1.125,3,1500,768x432,1.959028,2695,
2025-12-22T12:05:08.453Z,0.883,3,1500,768x432,1.9083509999999997,2697,
2025-12-22T12:05:08.713Z,1.053,3,1500,768x432,1.950566000000002,2697,
2025-12-22T12:05:08.974Z,1.347,3,1500,768x432,1.9938859999999998,2712,
2025-12-22T12:05:09.993Z,0.784,3,1500,768x432,1.9807230000000011,2611,
2025-12-22T12:05:10.636Z,0.761,3,1500,768x432,1.930614000000002,2259,
2025-12-22T12:05:11.485Z,0.192,3,1500,768x432,1.9725439999999992,2144,rebuffer happen
2025-12-22T12:05:11.649Z,0.028,3,1500,768x432,1.9170899999999982,2144,rebuffer happen
2025-12-22T12:05:11.749Z,0.028,3,1500,768x432,2.0090900000000005,2144,
2025-12-22T12:05:11.828Z,0.528,2,1000,640x360,2.046562999999999,1794,
2025-12-22T12:05:12.066Z,0.292,2,1000,640x360,2.113582000000001,1794,rebuffer happen
2025-12-22T12:05:12.340Z,0.437,2,1000,640x360,2.0176149999999993,1794,
2025-12-22T12:05:12.794Z,0.436,2,1000,640x360,2.016798999999999,1704,
2025-12-22T12:05:13.235Z,0.479,2,1000,640x360,1.9609670000000001,1651,
2025-12-22T12:05:13.678Z,0.521,2,1000,640x360,1.992279,1663,
2025-12-22T12:05:14.117Z,0.56,2,1000,640x360,1.9526390000000013,1770,
2025-12-22T12:05:14.559Z,0.61,2,1000,640x360,2.0049789999999987,1671,
2025-12-22T12:05:15.001Z,0.664,2,1000,640x360,1.9609430000000003,1671,
2025-12-22T12:05:15.454Z,0.727,2,1000,640x360,1.9135900000000028,1621,
2025-12-22T12:05:15.903Z,0.752,2,1000,640x360,1.9565200000000011,1635,
2025-12-22T12:05:16.352Z,0.837,2,1000,640x360,1.9206870000000045,1629,
2025-12-22T12:05:16.804Z,0.874,2,1000,640x360,1.9663240000000002,1730,
2025-12-22T12:05:17.255Z,0.919,2,1000,640x360,1.9013130000000018,1653,
2025-12-22T12:05:17.708Z,0.966,2,1000,640x360,1.949579,1645,
2025-12-22T12:05:18.156Z,1.025,2,1000,640x360,1.907519999999998,1663,
2025-12-22T12:05:18.225Z,1.026,3,1500,768x432,1.9377580000000023,1649,
2025-12-22T12:05:18.900Z,0.348,3,1500,768x432,1.957338,1649,
2025-12-22T12:05:19.585Z,0.337,3,1500,768x432,1.9786160000000024,1476,
2025-12-22T12:05:19.878Z,0.298,3,1500,768x432,1.978550999999996,1435,rebuffer happen
2025-12-22T12:05:20.172Z,0.022,3,1500,768x432,2.0089570000000023,1435,rebuffer happen
2025-12-22T12:05:20.267Z,0.022,3,1500,768x432,2.107956999999999,1435,
2025-12-22T12:05:20.544Z,0.247,3,1500,768x432,2.031996999999997,1311,rebuffer happen
2025-12-22T12:05:20.740Z,0.025,3,1500,768x432,2.0164779999999993,1311,rebuffer happen
2025-12-22T12:05:20.943Z,0.025,3,1500,768x432,2.206477999999997,1311,
2025-12-22T12:05:21.010Z,0.525,2,1000,640x360,2.2459400000000045,1265,
2025-12-22T12:05:21.469Z,0.393,2,1000,640x360,2.168103000000002,1265,
2025-12-22T12:05:21.532Z,0.296,2,1000,640x360,2.0890660000000025,1352,rebuffer happen
2025-12-22T12:05:21.917Z,0.378,2,1000,640x360,2.0597680000000054,1352,
2025-12-22T12:05:22.063Z,0.217,2,1000,640x360,2.1037299999999988,1331,rebuffer happen
2025-12-22T12:05:22.368Z,0.36,2,1000,640x360,2.051698000000002,1331,
2025-12-22T12:05:22.547Z,0.244,2,1000,640x360,1.9586219999999983,1369,rebuffer happen
2025-12-22T12:05:22.825Z,0.386,2,1000,640x360,1.9836820000000017,1369,
2025-12-22T12:05:22.998Z,0.279,2,1000,640x360,1.9924110000000042,1411,rebuffer happen
2025-12-22T12:05:23.071Z,0.28,2,1000,640x360,2.029627000000005,1411,rebuffer happen
2025-12-22T12:05:23.251Z,0.448,2,1000,640x360,1.943747000000002,1411,
2025-12-22T12:05:23.575Z,0.606,2,1000,640x360,1.9999730000000042,1401,
2025-12-22T12:05:23.870Z,0.795,2,1000,640x360,1.998619000000005,1506,
2025-12-22T12:05:24.102Z,1.079,2,1000,640x360,1.9808980000000034,1506,
2025-12-22T12:05:24.357Z,1.323,2,1000,640x360,2.018537000000002,1660,
2025-12-22T12:05:24.432Z,1.338,3,1500,768x432,1.9418900000000008,1660,
2025-12-22T12:05:24.799Z,0.957,3,1500,768x432,1.9710490000000007,1660,
2025-12-22T12:05:25.193Z,1.196,3,1500,768x432,1.9812140000000014,1696,
2025-12-22T12:05:25.602Z,1.16,3,1500,768x432,1.9614580000000004,1691,
2025-12-22T12:05:26.529Z,0.856,3,1500,768x432,1.9260530000000031,1695,
2025-12-22T12:05:26.954Z,0.823,3,1500,768x432,1.9100050000000053,1695,
2025-12-22T12:05:27.378Z,0.804,3,1500,768x432,1.9921140000000008,1723,
2025-12-22T12:05:27.795Z,1.031,3,1500,768x432,1.9703549999999979,1725,
2025-12-22T12:05:28.213Z,1.014,3,1500,768x432,1.9646450000000044,1731,
2025-12-22T12:05:28.623Z,1.214,3,1500,768x432,1.947972,1740,
2025-12-22T12:05:29.519Z,0.676,3,1500,768x432,1.940017999999995,1741,
2025-12-22T12:05:29.954Z,0.909,3,1500,768x432,1.906372999999995,1741,
2025-12-22T12:05:30.349Z,0.884,3,1500,768x432,1.9174179999999978,1752,
2025-12-22T12:05:30.743Z,1.034,3,1500,768x432,1.9148330000000016,1750,
2025-12-22T12:05:31.138Z,1.085,3,1500,768x432,1.9240460000000041,1752,
2025-12-22T12:05:31.944Z,0.778,3,1500,768x432,1.920449000000005,1752,
2025-12-22T12:05:32.242Z,1.031,3,1500,768x432,1.925854000000001,1752,
2025-12-22T12:05:32.524Z,1.243,3,1500,768x432,1.9384669999999957,1818,
2025-12-22T12:05:33.317Z,0.952,3,1500,768x432,1.9435870000000008,1819,
2025-12-22T12:05:33.602Z,1.158,3,1500,768x432,1.9556029999999964,1845,
2025-12-22T12:05:34.356Z,0.898,3,1500,768x432,1.9081240000000008,1851,
2025-12-22T12:05:34.651Z,1.082,3,1500,768x432,1.911327,1851,
2025-12-22T12:05:35.426Z,0.831,3,1500,768x432,1.9313080000000014,1901,
2025-12-22T12:05:35.751Z,0.999,3,1500,768x432,1.9121309999999951,1901,
2025-12-22T12:05:36.003Z,1.3,3,1500,768x432,1.964140999999998,1997,
2025-12-22T12:05:36.768Z,1.007,3,1500,768x432,1.9926170000000027,1989,
2025-12-22T12:05:37.038Z,1.237,3,1500,768x432,1.9298439999999957,2018,
2025-12-22T12:05:37.798Z,0.943,3,1500,768x432,1.9666039999999967,2037,
2025-12-22T12:05:38.052Z,1.178,3,1500,768x432,1.9157579999999967,2053,
2025-12-22T12:05:38.836Z,0.872,3,1500,768x432,1.9206840000000014,2071,
2025-12-22T12:05:39.103Z,1.108,3,1500,768x432,1.9569800000000015,2090,
2025-12-22T12:05:39.868Z,0.817,3,1500,768x432,1.9928539999999941,2096,
2025-12-22T12:05:40.150Z,1.057,3,1500,768x432,1.9161830000000037,2096,
2025-12-22T12:05:40.947Z,0.746,3,1500,768x432,1.9083929999999967,2128,
2025-12-22T12:05:41.259Z,1.004,3,1500,768x432,2.0151830000000004,2128,
2025-12-22T12:05:41.550Z,1.186,3,1500,768x432,1.9171869999999984,2158,
2025-12-22T12:05:42.362Z,0.927,3,1500,768x432,1.997797999999996,2155,
2025-12-22T12:05:42.670Z,1.078,3,1500,768x432,1.9907019999999989,2164,
2025-12-22T12:05:43.493Z,0.859,3,1500,768x432,1.9690420000000017,2167,
2025-12-22T12:05:43.802Z,1.004,3,1500,768x432,1.9595589999999987,2167,
2025-12-22T12:05:43.988Z,1.314,3,1500,768x432,1.9750329999999963,2185,
2025-12-22T12:05:44.752Z,1.038,3,1500,768x432,1.9060240000000022,2183,
2025-12-22T12:05:45.025Z,1.268,3,1500,768x432,1.9405390000000011,2189,
2025-12-22T12:05:45.816Z,0.974,3,1500,768x432,1.9473270000000014,2194,
2025-12-22T12:05:46.115Z,1.206,3,1500,768x432,1.9426290000000037,2201,
2025-12-22T12:05:46.922Z,0.909,3,1500,768x432,1.935528000000005,2202,
2025-12-22T12:05:47.248Z,1.15,3,1500,768x432,1.9175199999999961,2202,
2025-12-22T12:05:47.540Z,1.383,3,1500,768x432,1.9183080000000032,2216,
2025-12-22T12:05:48.347Z,1.093,3,1500,768x432,1.9245260000000002,2214,
2025-12-22T12:05:48.807Z,1.051,3,1500,768x432,1.9529779999999874,2219,
2025-12-22T12:05:49.094Z,1.107,3,1500,768x432,1.974969999999999,2228,
2025-12-22T12:05:49.870Z,0.986,3,1500,768x432,1.9920780000000065,2230,
2025-12-22T12:05:50.132Z,1.219,3,1500,768x432,1.9433070000000043,2230,
2025-12-22T12:05:50.940Z,0.913,3,1500,768x432,1.9203100000000006,2249,
2025-12-22T12:05:51.209Z,1.153,3,1500,768x432,1.9552910000000026,2249,
2025-12-22T12:05:51.536Z,1.384,3,1500,768x432,1.924711000000002,2283,
2025-12-22T12:05:52.254Z,1.093,3,1500,768x432,1.9147000000000105,2284,
2025-12-22T12:05:52.473Z,1.324,3,1500,768x432,1.9906690000000111,2312,
2025-12-22T12:05:53.206Z,1.037,3,1500,768x432,1.9697189999999978,2330,
2025-12-22T12:05:53.433Z,1.267,3,1500,768x432,1.9408230000000088,2350,
2025-12-22T12:05:54.182Z,1.031,3,1500,768x432,1.9772300000000058,2369,
2025-12-22T12:05:54.431Z,1.455,3,1500,768x432,1.9287590000000137,2388,
2025-12-22T12:05:55.172Z,1.163,3,1500,768x432,1.9887390000000096,2405,
2025-12-22T12:05:55.911Z,0.858,3,1500,768x432,1.9472090000000009,2409,
2025-12-22T12:05:56.149Z,1.099,3,1500,768x432,1.9124599999999958,2409,
2025-12-22T12:05:56.931Z,0.797,3,1500,768x432,1.927028000000007,2423,
2025-12-22T12:05:57.215Z,1.04,3,1500,768x432,1.9537449999999978,2423,
2025-12-22T12:05:57.413Z,1.277,3,1500,768x432,1.9505800000000022,2487,
2025-12-22T12:05:58.132Z,1.236,3,1500,768x432,1.9481799999999936,2478,
2025-12-22T12:05:58.883Z,0.948,3,1500,768x432,1.9773519999999962,2487,
2025-12-22T12:05:59.304Z,0.907,3,1500,768x432,1.9583510000000075,2487,
2025-12-22T12:05:59.553Z,1.148,3,1500,768x432,1.9117389999999972,2491,
2025-12-22T12:06:00.334Z,0.85,3,1500,768x432,1.9323249999999916,2486,
2025-12-22T12:06:00.621Z,1.085,3,1500,768x432,1.9397660000000059,2482,
2025-12-22T12:06:01.480Z,0.794,3,1500,768x432,1.9919569999999993,2482,
2025-12-22T12:06:01.663Z,1.024,3,1500,768x432,2.0012200000000036,2482,
2025-12-22T12:06:02.443Z,1.005,3,1500,768x432,1.9346519999999998,2477,
2025-12-22T12:06:02.796Z,0.963,3,1500,768x432,1.974891999999997,2477,
2025-12-22T12:06:03.143Z,1.197,3,1500,768x432,1.9213689999999986,2467,
2025-12-22T12:06:03.940Z,0.813,3,1500,768x432,1.9209890000000058,2467,
2025-12-22T12:06:04.230Z,1.131,3,1500,768x432,1.9323189999999926,2467,
2025-12-22T12:06:04.535Z,1.331,3,1500,768x432,1.9252680000000026,2456,
2025-12-22T12:06:05.620Z,0.809,3,1500,768x432,1.9428750000000008,2455,
2025-12-22T12:06:06.187Z,0.513,3,1500,768x432,2.0063770000000005,2288,
2025-12-22T12:06:06.751Z,0.477,3,1500,768x432,1.916686999999996,1988,
2025-12-22T12:06:06.827Z,0.93,2,1000,640x360,1.9460750000000075,1862,
2025-12-22T12:06:07.218Z,0.963,2,1000,640x360,1.9499569999999977,1862,
2025-12-22T12:06:07.600Z,1.071,2,1000,640x360,1.9574889999999954,2063,
2025-12-22T12:06:07.990Z,1.172,2,1000,640x360,1.9706780000000066,1983,
2025-12-22T12:06:08.285Z,1.39,2,1000,640x360,1.9782729999999873,1983,
2025-12-22T12:06:08.634Z,1.538,2,1000,640x360,1.9291630000000026,1986,
2025-12-22T12:06:08.964Z,1.686,2,1000,640x360,1.9991460000000103,1902,
2025-12-22T12:06:09.278Z,1.898,2,1000,640x360,1.9946369999999973,1902,
2025-12-22T12:06:09.635Z,2.028,2,1000,640x360,1.92389,1880,
2025-12-22T12:06:10.087Z,2.083,2,1000,640x360,1.9844579999999894,1821,
2025-12-22T12:06:10.227Z,2.033,3,1500,768x432,1.9490949999999998,1778,
2025-12-22T12:06:11.307Z,0.957,3,1500,768x432,1.9635089999999877,1802,
2025-12-22T12:06:11.862Z,0.923,3,1500,768x432,1.9999899999999968,1650,
2025-12-22T12:06:12.523Z,0.893,3,1500,768x432,1.9373150000000123,1584,
2025-12-22T12:06:13.200Z,0.604,3,1500,768x432,1.9686609999999973,1501,
2025-12-22T12:06:13.811Z,0.567,3,1500,768x432,1.9473059999999975,1475,
2025-12-22T12:06:13.888Z,0.799,2,1000,640x360,1.9738020000000063,1408,
2025-12-22T12:06:14.323Z,0.849,2,1000,640x360,1.9545969999999926,1408,
2025-12-22T12:06:14.773Z,0.933,2,1000,640x360,1.9910759999999925,1422,
2025-12-22T12:06:15.224Z,0.962,2,1000,640x360,1.9644720000000007,1455,
2025-12-22T12:06:15.647Z,1.024,2,1000,640x360,1.9253719999999959,1484,
2025-12-22T12:06:16.098Z,1.097,2,1000,640x360,1.9773119999999977,1478,
2025-12-22T12:06:16.481Z,1.175,2,1000,640x360,1.9928510000000017,1479,
2025-12-22T12:06:16.834Z,1.334,2,1000,640x360,1.9223149999999976,1479,
2025-12-22T12:06:17.289Z,1.439,2,1000,640x360,1.9752239999999972,1609,
2025-12-22T12:06:17.371Z,1.335,3,1500,768x432,1.9890450000000044,1668,
2025-12-22T12:06:18.066Z,0.803,3,1500,768x432,2.0008459999999957,1668,
2025-12-22T12:06:18.588Z,0.78,3,1500,768x432,1.9774270000000058,1516,
2025-12-22T12:06:18.970Z,0.753,3,1500,768x432,1.9870630000000062,1506,
2025-12-22T12:06:19.219Z,1.008,3,1500,768x432,1.9606610000000018,1506,
2025-12-22T12:06:19.438Z,1.478,3,1500,768x432,1.936423000000005,1748,
2025-12-22T12:06:20.156Z,1.191,3,1500,768x432,1.9084780000000023,1704,
2025-12-22T12:06:20.909Z,0.892,3,1500,768x432,1.9507779999999997,1789,
2025-12-22T12:06:21.180Z,1.131,3,1500,768x432,1.9793880000000001,1789,
2025-12-22T12:06:21.509Z,1.334,3,1500,768x432,1.956547999999998,1887,
2025-12-22T12:06:22.301Z,1.077,3,1500,768x432,1.967304999999996,1879,
2025-12-22T12:06:22.575Z,1.244,3,1500,768x432,1.9910420000000073,1903,
2025-12-22T12:06:23.387Z,1.025,3,1500,768x432,1.9894510000000025,1908,
2025-12-22T12:06:23.770Z,0.979,3,1500,768x432,1.9998199999999997,1908,
2025-12-22T12:06:24.158Z,1.211,3,1500,768x432,2.002970999999988,1945,
2025-12-22T12:06:25.059Z,0.651,3,1500,768x432,2.007284999999996,1937,
2025-12-22T12:06:25.421Z,0.862,3,1500,768x432,1.943753000000001,1937,
2025-12-22T12:06:25.757Z,1.002,3,1500,768x432,1.9994300000000038,1954,
2025-12-22T12:06:26.088Z,1.151,3,1500,768x432,1.975553000000005,1954,
2025-12-22T12:06:26.927Z,0.782,3,1500,768x432,1.9335889999999978,1956,
2025-12-22T12:06:27.309Z,1.032,3,1500,768x432,1.9656849999999935,1956,
2025-12-22T12:06:27.776Z,0.993,3,1500,768x432,1.9850349999999963,1950,
2025-12-22T12:06:28.138Z,1.222,3,1500,768x432,1.9416909999999916,1939,
2025-12-22T12:06:29.001Z,0.933,3,1500,768x432,1.9719580000000008,1938,
2025-12-22T12:06:29.358Z,0.894,3,1500,768x432,2.0039759999999944,1938,
2025-12-22T12:06:29.814Z,0.862,3,1500,768x432,1.9480339999999927,1918,
2025-12-22T12:06:30.207Z,1.101,3,1500,768x432,1.9549280000000095,1912,
2025-12-22T12:06:30.577Z,1.318,3,1500,768x432,1.9812299999999965,1895,
2025-12-22T12:06:31.416Z,0.779,3,1500,768x432,1.9547859999999986,1901,
2025-12-22T12:06:31.734Z,1.005,3,1500,768x432,1.929508999999996,1901,
2025-12-22T12:06:31.901Z,1.374,3,1500,768x432,1.966604999999987,1937,
2025-12-22T12:06:32.680Z,1.208,3,1500,768x432,1.981195999999997,1926,
2025-12-22T12:06:32.974Z,1.281,3,1500,768x432,1.9907630000000012,1935,
2025-12-22T12:06:33.814Z,0.877,3,1500,768x432,1.9438870000000037,1938,
2025-12-22T12:06:34.086Z,1.11,3,1500,768x432,1.9748730000000023,1948,
2025-12-22T12:06:34.877Z,0.813,3,1500,768x432,1.9858150000000023,1955,
2025-12-22T12:06:35.157Z,1.06,3,1500,768x432,2.0089559999999977,1955,
2025-12-22T12:06:36.013Z,0.746,3,1500,768x432,1.952249000000009,1975,
2025-12-22T12:06:36.325Z,0.999,3,1500,768x432,1.950412,1975,
2025-12-22T12:06:36.628Z,1.195,3,1500,768x432,1.9405859999999961,2022,
2025-12-22T12:06:37.386Z,0.924,3,1500,768x432,1.976807000000008,2019,
2025-12-22T12:06:37.739Z,1.11,3,1500,768x432,1.9193269999999956,2019,
2025-12-22T12:06:38.011Z,1.251,3,1500,768x432,1.952893000000003,2075,
2025-12-22T12:06:38.784Z,1.101,3,1500,768x432,1.9757620000000031,2074,
2025-12-22T12:06:39.135Z,1.065,3,1500,768x432,1.9248529999999988,2091,
2025-12-22T12:06:39.838Z,1.032,3,1500,768x432,1.9191530000000085,2099,
2025-12-22T12:06:40.032Z,1.269,3,1500,768x432,1.9379009999999965,2099,
2025-12-22T12:06:40.759Z,0.975,3,1500,768x432,2.0020839999999964,2221,
2025-12-22T12:06:40.939Z,1.346,3,1500,768x432,1.918641000000008,2229,
2025-12-22T12:06:41.633Z,1.191,3,1500,768x432,1.9347190000000012,2266,
2025-12-22T12:06:42.319Z,0.87,3,1500,768x432,1.9505969999999877,2278,
2025-12-22T12:06:42.504Z,1.365,3,1500,768x432,1.9610140000000058,2278,
2025-12-22T12:06:43.195Z,1.066,3,1500,768x432,1.9791820000000087,2383,
2025-12-22T12:06:43.378Z,1.495,3,1500,768x432,1.990787999999995,2390,
2025-12-22T12:06:44.078Z,1.253,3,1500,768x432,1.9921269999999964,2429,
2025-12-22T12:06:44.775Z,0.959,3,1500,768x432,1.9864559999999898,2440,
2025-12-22T12:06:44.943Z,1.316,3,1500,768x432,1.9152139999999918,2440,
2025-12-22T12:06:45.678Z,1.158,3,1500,768x432,1.9809399999999897,2544,
2025-12-22T12:06:45.830Z,1.392,3,1500,768x432,1.9275400000000076,2564,
2025-12-22T12:06:46.501Z,1.352,3,1500,768x432,1.9555600000000055,2584,
2025-12-22T12:06:47.218Z,1.082,3,1500,768x432,1.953479999999999,2611,
2025-12-22T12:06:47.372Z,1.47,3,1500,768x432,1.9975970000000132,2651,
2025-12-22T12:06:48.051Z,1.262,3,1500,768x432,1.9147660000000002,2668,
2025-12-22T12:06:48.774Z,0.976,3,1500,768x432,1.9899460000000033,2697,
2025-12-22T12:06:48.952Z,1.287,3,1500,768x432,1.9111139999999978,2736,
2025-12-22T12:06:49.634Z,1.173,3,1500,768x432,1.9295469999999995,2759,
2025-12-22T12:06:50.325Z,0.879,3,1500,768x432,1.9353990000000039,2773,
2025-12-22T12:06:50.528Z,1.333,3,1500,768x432,1.9314800000000076,2773,
2025-12-22T12:06:51.256Z,1.092,3,1500,768x432,1.91137599999999,2853,
2025-12-22T12:06:51.413Z,1.321,3,1500,768x432,1.9530889999999914,2861,
2025-12-22T12:06:52.087Z,1.273,3,1500,768x432,1.9848930000000138,2880,
2025-12-22T12:06:52.773Z,0.995,3,1500,768x432,1.9940950000000157,2890,
2025-12-22T12:06:52.940Z,1.27,3,1500,768x432,1.9205469999999991,2890,
2025-12-22T12:06:53.638Z,1.187,3,1500,768x432,1.9199720000000013,2954,
2025-12-22T12:06:54.434Z,0.896,3,1500,768x432,1.925615999999991,2952,
2025-12-22T12:06:54.865Z,0.853,3,1500,768x432,1.999701999999985,2952,
2025-12-22T12:06:55.131Z,1.109,3,1500,768x432,1.9393149999999935,2882,
2025-12-22T12:06:55.906Z,0.781,3,1500,768x432,1.9498690000000067,2902,
2025-12-22T12:06:56.157Z,1.038,3,1500,768x432,2.017192999999992,2902,
2025-12-22T12:06:56.938Z,0.986,3,1500,768x432,1.9219950000000097,2889,
2025-12-22T12:06:57.189Z,1.221,3,1500,768x432,1.975779999999986,2889,
2025-12-22T12:06:57.466Z,1.442,3,1500,768x432,1.9951030000000003,2860,
2025-12-22T12:06:58.225Z,1.162,3,1500,768x432,1.9431399999999996,2860,
2025-12-22T12:06:58.500Z,1.334,3,1500,768x432,1.9604500000000087,2851,
2025-12-22T12:06:59.285Z,1.107,3,1500,768x432,1.9856650000000116,2845,
2025-12-22T12:06:59.549Z,1.256,3,1500,768x432,1.9154069999999876,2837,
2025-12-22T12:07:00.367Z,1.054,3,1500,768x432,2.008595000000014,2833,
2025-12-22T12:07:00.665Z,1.179,3,1500,768x432,2.005748000000011,2801,
2025-12-22T12:07:01.510Z,0.707,3,1500,768x432,1.9489389999999958,2793,
2025-12-22T12:07:01.841Z,0.941,3,1500,768x432,1.9152679999999975,2793,
2025-12-22T12:07:02.148Z,1.176,3,1500,768x432,1.9171979999999849,2660,
2025-12-22T12:07:02.987Z,0.877,3,1500,768x432,1.972393000000011,2665,
2025-12-22T12:07:03.291Z,1.119,3,1500,768x432,1.971632999999997,2665,
2025-12-22T12:07:03.611Z,1.084,3,1500,768x432,1.950018,2541,
2025-12-22T12:07:04.418Z,0.79,3,1500,768x432,1.9535100000000227,2550,
2025-12-22T12:07:04.722Z,1.019,3,1500,768x432,1.9427459999999996,2550,
2025-12-22T12:07:05.026Z,1.25,3,1500,768x432,1.939046000000019,2466,
2025-12-22T12:07:05.864Z,0.959,3,1500,768x432,2.00429699999998,2463,
2025-12-22T12:07:06.183Z,1.192,3,1500,768x432,1.9794219999999996,2435,
2025-12-22T12:07:06.589Z,1.159,3,1500,768x432,1.9758579999999881,2415,
2025-12-22T12:07:07.519Z,0.862,3,1500,768x432,1.945664999999991,2349,
2025-12-22T12:07:07.959Z,0.827,3,1500,768x432,2.000003000000021,2349,
2025-12-22T12:07:08.375Z,0.808,3,1500,768x432,1.9880380000000173,2088,
2025-12-22T12:07:08.776Z,1.035,3,1500,768x432,1.988478999999984,2081,
2025-12-22T12:07:09.170Z,1.267,3,1500,768x432,2.009695999999991,2023,
2025-12-22T12:07:10.072Z,0.7,3,1500,768x432,1.989892999999995,2006,
2025-12-22T12:07:10.509Z,0.669,3,1500,768x432,1.9516439999999875,2006,
2025-12-22T12:07:10.951Z,0.907,3,1500,768x432,1.9049610000000143,1879,
2025-12-22T12:07:11.394Z,0.882,3,1500,768x432,1.973230000000001,1875,
2025-12-22T12:07:11.818Z,1.021,3,1500,768x432,1.9455899999999815,1841,
2025-12-22T12:07:12.235Z,1.086,3,1500,768x432,1.9266719999999964,1822,
2025-12-22T12:07:12.617Z,1.302,3,1500,768x432,1.9458630000000028,1805,
2025-12-22T12:07:13.564Z,0.767,3,1500,768x432,2.0029169999999965,1802,
2025-12-22T12:07:13.988Z,0.722,3,1500,768x432,1.9720939999999985,1802,
2025-12-22T12:07:14.480Z,0.959,3,1500,768x432,1.9830080000000123,1752,
2025-12-22T12:07:14.886Z,0.923,3,1500,768x432,1.9715129999999874,1753,
2025-12-22T12:07:15.289Z,0.891,3,1500,768x432,1.9780459999999778,1740,
2025-12-22T12:07:15.703Z,1.032,3,1500,768x432,1.9543979999999976,1732,
2025-12-22T12:07:16.148Z,1.092,3,1500,768x432,1.9191580000000101,1717,
2025-12-22T12:07:17.092Z,0.799,3,1500,768x432,1.981568999999979,1708,
2025-12-22T12:07:17.461Z,0.777,3,1500,768x432,2.0037619999999947,1688,
2025-12-22T12:07:17.781Z,1.003,3,1500,768x432,1.977437999999978,1688,
2025-12-22T12:07:18.123Z,1.236,3,1500,768x432,1.9592429999999865,1669,
2025-12-22T12:07:19.057Z,0.68,3,1500,768x432,2.0057940000000087,1671,
2025-12-22T12:07:19.491Z,0.905,3,1500,768x432,1.9774019999999837,1671,
2025-12-22T12:07:19.970Z,0.876,3,1500,768x432,1.9874220000000093,1648,
2025-12-22T12:07:20.403Z,0.847,3,1500,768x432,1.9561429999999973,1648,
2025-12-22T12:07:20.851Z,0.952,3,1500,768x432,1.9053289999999947,1641,
2025-12-22T12:07:21.368Z,1.063,3,1500,768x432,2.0083790000000192,1639,
2025-12-22T12:07:21.864Z,1.023,3,1500,768x432,1.9957310000000064,1636,
2025-12-22T12:07:22.317Z,1.009,3,1500,768x432,1.9591800000000035,1623,
2025-12-22T12:07:22.746Z,0.957,3,1500,768x432,1.9185080000000028,1620,
2025-12-22T12:07:23.209Z,1.186,3,1500,768x432,1.9641479999999945,1610,
2025-12-22T12:07:23.784Z,0.893,3,1500,768x432,1.9792079999999999,1608,
2025-12-22T12:07:24.153Z,1.137,3,1500,768x432,1.9147769999999866,1603,
2025-12-22T12:07:25.024Z,0.823,3,1500,768x432,1.9424159999999802,1601,
2025-12-22T12:07:25.491Z,0.806,3,1500,768x432,1.9686279999999954,1601,
2025-12-22T12:07:25.923Z,0.769,3,1500,768x432,1.935922000000005,1597,
2025-12-22T12:07:26.210Z,1.019,3,1500,768x432,1.9614449999999977,1609,
2025-12-22T12:07:26.548Z,1.192,3,1500,768x432,1.9205890000000068,1647,
2025-12-22T12:07:27.386Z,0.937,3,1500,768x432,1.9722129999999822,1675,
2025-12-22T12:07:27.758Z,1.11,3,1500,768x432,1.999697999999995,1701,
2025-12-22T12:07:28.147Z,1.148,3,1500,768x432,1.9195430000000044,1727,
2025-12-22T12:07:29.184Z,0.594,3,1500,768x432,1.9841610000000003,1737,
2025-12-22T12:07:29.521Z,0.809,3,1500,768x432,1.9506769999999847,1784,
2025-12-22T12:07:29.867Z,0.944,3,1500,768x432,1.9954989999999952,1784,
2025-12-22T12:07:30.197Z,1.026,3,1500,768x432,1.9785210000000006,1804,
2025-12-22T12:07:30.490Z,1.222,3,1500,768x432,1.9798089999999888,1802,
2025-12-22T12:07:31.392Z,0.955,3,1500,768x432,1.9672889999999938,1809,
2025-12-22T12:07:31.776Z,0.925,3,1500,768x432,1.9893329999999878,1817,
2025-12-22T12:07:32.189Z,1.165,3,1500,768x432,1.9734599999999887,1823,
2025-12-22T12:07:32.519Z,1.398,3,1500,768x432,1.9391219999999976,1830,
2025-12-22T12:07:33.353Z,0.832,3,1500,768x432,1.9155279999999948,1834,
2025-12-22T12:07:33.745Z,0.966,3,1500,768x432,1.920817999999997,1842,
2025-12-22T12:07:34.035Z,1.299,3,1500,768x432,1.932299999999998,1851,
2025-12-22T12:07:34.766Z,1.006,3,1500,768x432,1.9960900000000095,1856,
2025-12-22T12:07:35.078Z,1.233,3,1500,768x432,1.9932319999999777,1862,
2025-12-22T12:07:36.153Z,0.673,3,1500,768x432,1.9116369999999847,1866,
2025-12-22T12:07:36.378Z,0.913,3,1500,768x432,1.9836559999999963,1864,
2025-12-22T12:07:36.607Z,1.146,3,1500,768x432,1.9571339999999964,1864,
2025-12-22T12:07:37.341Z,0.851,3,1500,768x432,1.9261450000000195,1926,
2025-12-22T12:07:37.522Z,1.34,3,1500,768x432,1.9427749999999833,1926,
2025-12-22T12:07:38.226Z,1.066,3,1500,768x432,1.944437999999991,2034,
2025-12-22T12:07:38.395Z,1.295,3,1500,768x432,1.9747989999999902,2032,
2025-12-22T12:07:39.118Z,1.251,3,1500,768x432,1.9587549999999965,2055,
2025-12-22T12:07:39.802Z,0.962,3,1500,768x432,1.9616039999999941,2070,
2025-12-22T12:07:40.004Z,1.197,3,1500,768x432,1.9592790000000093,2070,
2025-12-22T12:07:40.714Z,1.154,3,1500,768x432,1.944909999999993,2197,
2025-12-22T12:07:40.918Z,1.393,3,1500,768x432,1.9394399999999905,2206,
2025-12-22T12:07:41.632Z,1.098,3,1500,768x432,1.9257240000000024,2255,
2025-12-22T12:07:42.337Z,1.068,3,1500,768x432,1.9314720000000136,2268,
2025-12-22T12:07:42.542Z,1.233,3,1500,768x432,1.9230000000000018,2268,
2025-12-22T12:07:43.293Z,1.01,3,1500,768x432,1.9879530000000045,2395,
2025-12-22T12:07:43.540Z,1.153,3,1500,768x432,1.9305160000000114,2369,
2025-12-22T12:07:44.308Z,0.928,3,1500,768x432,1.9570760000000007,2397,
2025-12-22T12:07:44.533Z,1.159,3,1500,768x432,1.9268220000000156,2413,
2025-12-22T12:07:45.280Z,1.135,3,1500,768x432,1.9888389999999845,2428,
2025-12-22T12:07:45.503Z,1.335,3,1500,768x432,1.959120999999982,2444,
2025-12-22T12:07:46.205Z,1.076,3,1500,768x432,1.9643399999999929,2455,
2025-12-22T12:07:46.424Z,1.261,3,1500,768x432,1.9426839999999856,2467,
2025-12-22T12:07:47.159Z,1.256,3,1500,768x432,2.0176529999999957,2480,
2025-12-22T12:07:47.914Z,0.975,3,1500,768x432,1.9493810000000167,2486,
2025-12-22T12:07:48.309Z,0.941,3,1500,768x432,1.9502549999999985,2486,
2025-12-22T12:07:48.669Z,1.078,3,1500,768x432,1.9942250000000001,2502,
2025-12-22T12:07:49.537Z,0.876,3,1500,768x432,1.9192569999999876,2477,
2025-12-22T12:07:49.899Z,0.848,3,1500,768x432,1.9603290000000015,2477,
2025-12-22T12:07:50.257Z,1.092,3,1500,768x432,2.0066050000000075,2402,
2025-12-22T12:07:50.597Z,1.275,3,1500,768x432,1.9695820000000026,2399,
2025-12-22T12:07:51.461Z,0.759,3,1500,768x432,2.0115069999999946,2391,
2025-12-22T12:07:51.822Z,0.99,3,1500,768x432,1.938480999999996,2391,
2025-12-22T12:07:52.179Z,1.22,3,1500,768x432,1.987639999999999,2329,
2025-12-22T12:07:52.557Z,1.189,3,1500,768x432,2.0005459999999857,2300,
2025-12-22T12:07:53.395Z,0.898,3,1500,768x432,1.966149999999999,2244,
2025-12-22T12:07:53.822Z,0.855,3,1500,768x432,1.9356449999999938,2219,
2025-12-22T12:07:54.161Z,1.103,3,1500,768x432,2.001308999999992,2175,
2025-12-22T12:07:55.027Z,0.791,3,1500,768x432,1.9366240000000232,2168,
2025-12-22T12:07:55.354Z,1.045,3,1500,768x432,1.9197439999999801,2168,
2025-12-22T12:07:55.728Z,1,3,1500,768x432,1.9317810000000009,2099,
2025-12-22T12:07:56.068Z,1.231,3,1500,768x432,1.9989909999999895,2096,
2025-12-22T12:07:56.768Z,0.949,3,1500,768x432,1.9976770000000101,2093,
2025-12-22T12:07:57.119Z,1.178,3,1500,768x432,1.9466320000000223,2093,
2025-12-22T12:07:57.879Z,0.859,3,1500,768x432,1.9783789999999897,2153,
2025-12-22T12:07:58.133Z,1.103,3,1500,768x432,1.9356339999999932,2153,
2025-12-22T12:07:58.910Z,0.795,3,1500,768x432,1.9528419999999755,2204,
2025-12-22T12:07:59.177Z,1.051,3,1500,768x432,1.9971099999999922,2204,
2025-12-22T12:07:59.484Z,1.278,3,1500,768x432,1.983411000000018,2287,
2025-12-22T12:08:00.417Z,0.992,3,1500,768x432,1.9593250000000069,2284,
2025-12-22T12:08:00.671Z,1.105,3,1500,768x432,1.997696999999988,2294,
2025-12-22T12:08:01.447Z,0.907,3,1500,768x432,1.9143080000000054,2293,
2025-12-22T12:08:01.695Z,1.004,3,1500,768x432,1.967772999999994,2293,
2025-12-22T12:08:01.957Z,1.379,3,1500,768x432,2.000033000000002,2308,
2025-12-22T12:08:02.665Z,1.081,3,1500,768x432,1.9980150000000094,2312,
2025-12-22T12:08:03.387Z,1.06,3,1500,768x432,1.9817939999999794,2338,
2025-12-22T12:08:03.649Z,1.183,3,1500,768x432,1.9122339999999838,2338,
2025-12-22T12:08:04.327Z,0.978,3,1500,768x432,1.9507499999999993,2408,
2025-12-22T12:08:04.495Z,1.238,3,1500,768x432,1.9783649999999966,2408,
2025-12-22T12:08:05.128Z,1.182,3,1500,768x432,1.9377729999999929,2491,
2025-12-22T12:08:05.807Z,0.894,3,1500,768x432,1.9502439999999979,2481,
2025-12-22T12:08:06.011Z,1.368,3,1500,768x432,1.9555389999999875,2481,
2025-12-22T12:08:06.779Z,1.101,3,1500,768x432,1.9846979999999803,2564,
2025-12-22T12:08:06.965Z,1.33,3,1500,768x432,1.9929810000000145,2558,
2025-12-22T12:08:07.811Z,1.021,3,1500,768x432,1.9525130000000104,2570,
2025-12-22T12:08:08.050Z,1.254,3,1500,768x432,1.9158460000000161,2598,
2025-12-22T12:08:08.779Z,0.965,3,1500,768x432,1.9858169999999973,2609,
2025-12-22T12:08:09.026Z,1.193,3,1500,768x432,1.9370959999999968,2622,
2025-12-22T12:08:09.754Z,1.153,3,1500,768x432,1.906532000000027,2639,
2025-12-22T12:08:09.963Z,1.394,3,1500,768x432,1.9966929999999934,2648,
2025-12-22T12:08:10.698Z,1.101,3,1500,768x432,1.9627729999999985,2662,
2025-12-22T12:08:10.922Z,1.331,3,1500,768x432,1.9388830000000041,2674,
2025-12-22T12:08:11.702Z,1.04,3,1500,768x432,1.9590029999999956,2686,
2025-12-22T12:08:12.002Z,1.269,3,1500,768x432,1.9584590000000048,2671,
2025-12-22T12:08:12.756Z,0.976,3,1500,768x432,1.9075619999999844,2665,
2025-12-22T12:08:12.978Z,1.208,3,1500,768x432,1.9822170000000199,2666,
2025-12-22T12:08:13.855Z,0.905,3,1500,768x432,1.9026759999999854,2662,
2025-12-22T12:08:14.205Z,1.152,3,1500,768x432,1.9648870000000045,2653,
2025-12-22T12:08:14.488Z,1.287,3,1500,768x432,1.9746409999999912,2647,
2025-12-22T12:08:15.304Z,1.065,3,1500,768x432,1.9656329999999969,2644,
2025-12-22T12:08:15.515Z,1.213,3,1500,768x432,1.957174000000009,2638,
2025-12-22T12:08:16.307Z,1.012,3,1500,768x432,1.9755049999999983,2633,
2025-12-22T12:08:16.655Z,1.121,3,1500,768x432,1.916577999999987,2630,
2025-12-22T12:08:17.390Z,0.93,3,1500,768x432,1.9758580000000165,2627,
2025-12-22T12:08:17.612Z,1.161,3,1500,768x432,1.9477119999999957,2627,
2025-12-22T12:08:18.341Z,0.868,3,1500,768x432,1.925124000000011,2648,
2025-12-22T12:08:18.582Z,1.097,3,1500,768x432,1.9814489999999978,2648,
2025-12-22T12:08:19.310Z,1.077,3,1500,768x432,1.958252999999985,2672,
2025-12-22T12:08:19.541Z,1.212,3,1500,768x432,1.9223010000000045,2672,
2025-12-22T12:08:20.314Z,1.026,3,1500,768x432,1.963655999999986,2706,
2025-12-22T12:08:20.531Z,1.251,3,1500,768x432,1.9426819999999907,2710,
2025-12-22T12:08:21.265Z,0.941,3,1500,768x432,1.9963999999999942,2721,
2025-12-22T12:08:21.472Z,1.364,3,1500,768x432,1.9883629999999926,2729,
2025-12-22T12:08:22.147Z,1.151,3,1500,768x432,1.9168610000000115,2738,
2025-12-22T12:08:22.838Z,0.845,3,1500,768x432,1.919554000000005,2740,
2025-12-22T12:08:23.018Z,1.337,3,1500,768x432,1.9447420000000193,2740,
2025-12-22T12:08:23.752Z,1.038,3,1500,768x432,1.907199999999989,2793,
2025-12-22T12:08:23.919Z,1.268,3,1500,768x432,1.9374250000000188,2796,
2025-12-22T12:08:24.636Z,1.254,3,1500,768x432,1.932233999999994,2825,
2025-12-22T12:08:25.315Z,0.944,3,1500,768x432,1.9466099999999926,2841,
2025-12-22T12:08:25.531Z,1.176,3,1500,768x432,1.9282910000000015,2841,
2025-12-22T12:08:26.236Z,1.149,3,1500,768x432,1.9255589999999927,2934,
2025-12-22T12:08:26.407Z,1.301,3,1500,768x432,1.955806999999993,2940,
2025-12-22T12:08:27.096Z,1.095,3,1500,768x432,1.9762630000000172,2965,
2025-12-22T12:08:27.781Z,1.051,3,1500,768x432,1.981127000000015,2977,
2025-12-22T12:08:27.977Z,1.283,3,1500,768x432,1.981898000000001,2977,
2025-12-22T12:08:28.625Z,1.258,3,1500,768x432,1.942514000000017,3060,
2025-12-22T12:08:29.394Z,0.959,3,1500,768x432,1.9658199999999795,3040,
2025-12-22T12:08:29.596Z,1.191,3,1500,768x432,1.9653349999999818,3040,
2025-12-22T12:08:30.285Z,0.897,3,1500,768x432,1.9806930000000023,3064,
2025-12-22T12:08:30.495Z,1.317,3,1500,768x432,1.9649320000000046,3064,
2025-12-22T12:08:31.221Z,1.108,3,1500,768x432,1.947525000000013,3106,
2025-12-22T12:08:31.457Z,1.241,3,1500,768x432,2.0053780000000074,3107,
2025-12-22T12:08:32.165Z,1.053,3,1500,768x432,2.010742999999991,3126,
2025-12-22T12:08:32.881Z,0.999,3,1500,768x432,1.984439000000009,3128,
2025-12-22T12:08:33.069Z,1.236,3,1500,768x432,2.0065199999999948,3128,
2025-12-22T12:08:33.764Z,0.946,3,1500,768x432,2.0028250000000014,3149,
2025-12-22T12:08:33.986Z,1.322,3,1500,768x432,1.9832230000000095,3149,
2025-12-22T12:08:34.647Z,1.144,3,1500,768x432,1.917002999999994,3159,
2025-12-22T12:08:35.318Z,1.113,3,1500,768x432,1.9453869999999824,3159,
2025-12-22T12:08:35.515Z,1.224,3,1500,768x432,1.9463399999999922,3159,
2025-12-22T12:08:36.216Z,1.062,3,1500,768x432,1.959429,3181,
2025-12-22T12:08:36.413Z,1.295,3,1500,768x432,1.9586500000000058,3180,
2025-12-22T12:08:37.202Z,1.009,3,1500,768x432,1.9814460000000054,3187,
2025-12-22T12:08:37.470Z,1.233,3,1500,768x432,2.0041239999999902,3194,
2025-12-22T12:08:38.190Z,1.185,3,1500,768x432,1.973085999999995,3199,
2025-12-22T12:08:38.418Z,1.317,3,1500,768x432,1.9418349999999975,3203,
2025-12-22T12:08:39.115Z,1.138,3,1500,768x432,1.9534619999999734,3206,
2025-12-22T12:08:39.839Z,1.094,3,1500,768x432,1.9200260000000071,3208,
2025-12-22T12:08:40.062Z,1.321,3,1500,768x432,2.0084449999999947,3208,
2025-12-22T12:08:40.791Z,1.036,3,1500,768x432,1.9740799999999865,3215,
2025-12-22T12:08:40.992Z,1.253,3,1500,768x432,1.9707640000000026,3215,
2025-12-22T12:08:41.676Z,1.239,3,1500,768x432,1.990524999999991,3163,
2025-12-22T12:08:41.880Z,1.464,3,1500,768x432,1.9828049999999848,3205,
2025-12-22T12:08:42.555Z,1.162,3,1500,768x432,1.9039870000000008,3211,
2025-12-22T12:08:43.276Z,1.127,3,1500,768x432,1.9883370000000014,3222,
2025-12-22T12:08:43.442Z,1.367,3,1500,768x432,1.9235749999999996,3240,
2025-12-22T12:08:44.143Z,1.077,3,1500,768x432,1.9291620000000194,3249,
2025-12-22T12:08:44.842Z,1.027,3,1500,768x432,1.9168339999999944,3256,
2025-12-22T12:08:45.053Z,1.251,3,1500,768x432,1.9152250000000208,3256,
2025-12-22T12:08:45.731Z,0.981,3,1500,768x432,1.9341980000000092,3299,
2025-12-22T12:08:45.897Z,1.451,3,1500,768x432,1.9617280000000221,3316,
2025-12-22T12:08:46.593Z,1.173,3,1500,768x432,1.9656610000000114,3341,
2025-12-22T12:08:47.288Z,1.139,3,1500,768x432,1.9771590000000003,3354,
2025-12-22T12:08:47.465Z,1.38,3,1500,768x432,1.998199999999997,3354,
2025-12-22T12:08:48.133Z,1.08,3,1500,768x432,1.9386810000000025,3432,
2025-12-22T12:08:48.806Z,1.038,3,1500,768x432,1.9529199999999776,3426,
2025-12-22T12:08:48.989Z,1.251,3,1500,768x432,1.9748679999999865,3426,
2025-12-22T12:08:49.680Z,1.248,3,1500,768x432,1.988966000000005,3497,
2025-12-22T12:08:49.829Z,1.48,3,1500,768x432,1.9333900000000028,3498,
2025-12-22T12:08:50.491Z,1.439,3,1500,768x432,1.9669080000000179,3517,
2025-12-22T12:08:51.183Z,1.151,3,1500,768x432,1.9805319999999824,3533,
2025-12-22T12:08:51.318Z,1.385,3,1500,768x432,1.945888999999994,3557,
2025-12-22T12:08:51.979Z,1.334,3,1500,768x432,1.9812710000000209,3564,
2025-12-22T12:08:52.671Z,1.054,3,1500,768x432,1.9930380000000127,3585,
2025-12-22T12:08:53.373Z,1.028,3,1500,768x432,2.0020739999999932,3571,
2025-12-22T12:08:53.561Z,1.269,3,1500,768x432,2.008129999999994,3571,
2025-12-22T12:08:54.306Z,0.957,3,1500,768x432,1.954780999999997,3551,
2025-12-22T12:08:54.505Z,1.191,3,1500,768x432,1.9531259999999975,3551,
2025-12-22T12:08:55.236Z,1.158,3,1500,768x432,1.9284399999999948,3547,
2025-12-22T12:08:55.500Z,1.242,3,1500,768x432,1.9600980000000163,3540,
2025-12-22T12:08:56.259Z,1.106,3,1500,768x432,2.0083309999999983,3537,
2025-12-22T12:08:56.449Z,1.34,3,1500,768x432,1.9136760000000095,3530,
2025-12-22T12:08:57.170Z,1.05,3,1500,768x432,2.0055949999999996,3527,
2025-12-22T12:08:57.879Z,1.002,3,1500,768x432,1.9831299999999885,3524,
2025-12-22T12:08:58.078Z,1.19,3,1500,768x432,1.984597000000008,3524,
2025-12-22T12:08:58.816Z,0.936,3,1500,768x432,1.9426280000000133,3515,
2025-12-22T12:08:59.039Z,1.178,3,1500,768x432,1.9256879999999796,3515,
2025-12-22T12:08:59.738Z,1.132,3,1500,768x432,1.9214410000000157,3494,
2025-12-22T12:09:00.003Z,1.36,3,1500,768x432,1.960961000000026,3496,
2025-12-22T12:09:00.758Z,1.086,3,1500,768x432,2.0008890000000292,3490,
2025-12-22T12:09:00.989Z,1.285,3,1500,768x432,1.9756209999999896,3486,
2025-12-22T12:09:01.727Z,1.023,3,1500,768x432,1.9351240000000303,3480,
2025-12-22T12:09:01.926Z,1.254,3,1500,768x432,1.933729000000028,3483,
2025-12-22T12:09:02.634Z,1.221,3,1500,768x432,1.922019999999975,3480,
2025-12-22T12:09:03.343Z,0.927,3,1500,768x432,1.9205289999999877,3482,
2025-12-22T12:09:03.465Z,1.237,3,1500,768x432,1.9928950000000327,3482,
2025-12-22T12:09:04.151Z,1.135,3,1500,768x432,1.9160909999999944,3481,
2025-12-22T12:09:04.960Z,0.831,3,1500,768x432,1.9969980000000191,3481,
2025-12-22T12:09:05.176Z,1.082,3,1500,768x432,1.995631000000003,3481,
2025-12-22T12:09:05.394Z,1.31,3,1500,768x432,1.9736710000000244,3481,
2025-12-22T12:09:06.080Z,1.263,3,1500,768x432,1.993787999999995,3481,
2025-12-22T12:09:06.758Z,0.978,3,1500,768x432,2.0058710000000133,3487,
2025-12-22T12:09:06.979Z,1.206,3,1500,768x432,1.9823089999999866,3487,
2025-12-22T12:09:07.665Z,1.176,3,1500,768x432,1.9966290000000413,3515,
2025-12-22T12:09:08.360Z,0.881,3,1500,768x432,2.004210999999998,3513,
2025-12-22T12:09:08.554Z,1.148,3,1500,768x432,1.9056889999999953,3513,
2025-12-22T12:09:09.200Z,1.094,3,1500,768x432,1.9697530000000256,3537,
2025-12-22T12:09:09.347Z,1.437,3,1500,768x432,1.919733000000008,3536,
2025-12-22T12:09:10.009Z,1.284,3,1500,768x432,1.953548000000012,3539,
2025-12-22T12:09:10.733Z,0.993,3,1500,768x432,1.9302900000000136,3545,
2025-12-22T12:09:10.964Z,1.222,3,1500,768x432,1.9972440000000233,3557,
2025-12-22T12:09:11.654Z,1.186,3,1500,768x432,1.904361999999992,3565,
2025-12-22T12:09:12.389Z,0.898,3,1500,768x432,1.974616000000026,3567,
2025-12-22T12:09:12.552Z,1.132,3,1500,768x432,1.911905000000047,3567,
2025-12-22T12:09:13.247Z,1.107,3,1500,768x432,1.9206230000000346,3590,
2025-12-22T12:09:13.450Z,1.338,3,1500,768x432,1.9180319999999824,3588,
2025-12-22T12:09:14.165Z,1.033,3,1500,768x432,1.9931789999999978,3598,
2025-12-22T12:09:14.869Z,1.004,3,1500,768x432,1.9884950000000003,3592,
2025-12-22T12:09:15.049Z,1.237,3,1500,768x432,1.9183219999999892,3592,
2025-12-22T12:09:15.740Z,0.939,3,1500,768x432,1.9234720000000038,3582,
2025-12-22T12:09:15.948Z,1.363,3,1500,768x432,1.9112410000000182,3582,
2025-12-22T12:09:16.689Z,1.144,3,1500,768x432,1.9702629999999886,3577,
2025-12-22T12:09:16.911Z,1.264,3,1500,768x432,1.94366500000001,3575,
2025-12-22T12:09:17.636Z,1.081,3,1500,768x432,1.9260290000000282,3572,
2025-12-22T12:09:18.436Z,0.793,3,1500,768x432,1.9318210000000136,3571,
2025-12-22T12:09:18.649Z,1.249,3,1500,768x432,1.9133669999999938,3571,
2025-12-22T12:09:19.370Z,1.011,3,1500,768x432,2.008298000000025,3560,
2025-12-22T12:09:19.595Z,1.237,3,1500,768x432,1.9761179999999854,3560,
2025-12-22T12:09:20.305Z,0.93,3,1500,768x432,1.959066000000007,3552,
2025-12-22T12:09:20.511Z,1.376,3,1500,768x432,1.954163000000051,3552,
2025-12-22T12:09:21.224Z,1.138,3,1500,768x432,1.943286999999998,3529,
2025-12-22T12:09:21.433Z,1.365,3,1500,768x432,1.9298610000000167,3521,
2025-12-22T12:09:22.141Z,1.078,3,1500,768x432,1.9314719999999852,3513,
2025-12-22T12:09:22.851Z,1.035,3,1500,768x432,1.9100530000000049,3508,
2025-12-22T12:09:23.070Z,1.124,3,1500,768x432,1.9982699999999909,3508,
2025-12-22T12:09:23.811Z,0.974,3,1500,768x432,1.9476849999999786,3497,
2025-12-22T12:09:23.961Z,1.315,3,1500,768x432,1.9996009999999842,3497,
2025-12-22T12:09:24.622Z,1.171,3,1500,768x432,1.9386030000000005,3487,
2025-12-22T12:09:25.329Z,0.885,3,1500,768x432,1.9359490000000505,3490,
2025-12-22T12:09:25.584Z,1.096,3,1500,768x432,1.9780949999999962,3490,
2025-12-22T12:09:26.330Z,1.07,3,1500,768x432,1.9271979999999758,3484,
2025-12-22T12:09:26.566Z,1.315,3,1500,768x432,1.993818000000033,3484,
2025-12-22T12:09:27.261Z,1.039,3,1500,768x432,2.0158500000000004,3476,
2025-12-22T12:09:27.442Z,1.268,3,1500,768x432,1.9315129999999954,3476,
2025-12-22T12:09:28.132Z,1.216,3,1500,768x432,1.9467679999999632,3575,
2025-12-22T12:09:28.823Z,0.931,3,1500,768x432,1.9437310000000139,3553,
2025-12-22T12:09:28.987Z,1.34,3,1500,768x432,1.9843050000000062,3553,
2025-12-22T12:09:29.619Z,1.134,3,1500,768x432,1.9418039999999905,3591,
2025-12-22T12:09:30.262Z,1.104,3,1500,768x432,2.00486699999999,3585,
2025-12-22T12:09:30.462Z,1.34,3,1500,768x432,2.002335999999957,3585,
2025-12-22T12:09:31.134Z,1.294,3,1500,768x432,1.9422270000000026,3616,
2025-12-22T12:09:31.835Z,1.009,3,1500,768x432,1.925532999999973,3613,
2025-12-22T12:09:32.023Z,1.238,3,1500,768x432,1.9424249999999574,3613,
2025-12-22T12:09:32.793Z,0.941,3,1500,768x432,1.9652520000000209,3648,
2025-12-22T12:09:32.960Z,1.364,3,1500,768x432,1.9968559999999798,3658,
2025-12-22T12:09:33.640Z,1.141,3,1500,768x432,1.9191639999999666,3665,
2025-12-22T12:09:34.324Z,1.118,3,1500,768x432,1.943651999999986,3671,
2025-12-22T12:09:34.498Z,1.352,3,1500,768x432,1.965142999999955,3671,
2025-12-22T12:09:35.190Z,1.065,3,1500,768x432,1.9844469999999887,3698,
2025-12-22T12:09:35.362Z,1.327,3,1500,768x432,2.0083099999999945,3697,
2025-12-22T12:09:36.051Z,1.251,3,1500,768x432,1.9194310000000314,3705,
2025-12-22T12:09:36.744Z,0.958,3,1500,768x432,1.9155340000000365,3711,
2025-12-22T12:09:36.917Z,1.363,3,1500,768x432,1.9419260000000236,3716,
2025-12-22T12:09:37.612Z,1.16,3,1500,768x432,1.949779000000035,3723,
2025-12-22T12:09:38.315Z,0.868,3,1500,768x432,1.9489510000000223,3726,
2025-12-22T12:09:38.511Z,1.367,3,1500,768x432,1.953029000000015,3726,
2025-12-22T12:09:39.199Z,1.08,3,1500,768x432,1.969415999999967,3747,
2025-12-22T12:09:39.401Z,1.309,3,1500,768x432,1.9657599999999888,3744,
2025-12-22T12:09:40.068Z,1.264,3,1500,768x432,1.9992719999999622,3749,
2025-12-22T12:09:40.689Z,1.252,3,1500,768x432,1.9764399999999682,3753,
2025-12-22T12:09:40.873Z,1.399,3,1500,768x432,1.986436000000026,3755,
2025-12-22T12:09:41.600Z,1.173,3,1500,768x432,1.9576039999999466,3759,
2025-12-22T12:09:42.275Z,1.145,3,1500,768x432,1.9892810000000054,3761,
2025-12-22T12:09:42.437Z,1.384,3,1500,768x432,1.926650000000052,3761,
2025-12-22T12:09:43.296Z,1.081,3,1500,768x432,1.9832920000000058,3769,
2025-12-22T12:09:43.472Z,1.31,3,1500,768x432,1.9932819999999651,3711,
2025-12-22T12:09:44.186Z,1.007,3,1500,768x432,1.9747610000000009,3731,
2025-12-22T12:09:44.397Z,1.304,3,1500,768x432,1.96342599999997,3716,
2025-12-22T12:09:45.134Z,1.208,3,1500,768x432,1.9258389999999963,3715,
2025-12-22T12:09:45.866Z,0.911,3,1500,768x432,1.9927600000000325,3711,
2025-12-22T12:09:46.069Z,1.153,3,1500,768x432,1.9981859999999756,3711,
2025-12-22T12:09:46.742Z,1.106,3,1500,768x432,1.9184599999999818,3696,
2025-12-22T12:09:46.837Z,1.345,3,1500,768x432,1.9197050000000218,3695,
2025-12-22T12:09:47.367Z,1.315,3,1500,768x432,1.98821700000002,3694,
2025-12-22T12:09:48.167Z,1.039,3,1500,768x432,2.010926999999981,3677,
2025-12-22T12:09:48.880Z,0.993,3,1500,768x432,1.9833590000000072,3673,
2025-12-22T12:09:49.085Z,1.221,3,1500,768x432,1.9734579999999937,3673,
2025-12-22T12:09:49.796Z,0.924,3,1500,768x432,1.962145000000021,3655,
2025-12-22T12:09:49.992Z,1.314,3,1500,768x432,1.971431999999993,3655,
2025-12-22T12:09:50.711Z,1.128,3,1500,768x432,1.9465619999999717,3619,
2025-12-22T12:09:50.922Z,1.361,3,1500,768x432,1.934549000000004,3619,
2025-12-22T12:09:51.641Z,1.066,3,1500,768x432,1.9208019999999806,3604,
2025-12-22T12:09:52.361Z,1.047,3,1500,768x432,2.0092219999999656,3597,
2025-12-22T12:09:52.569Z,1.279,3,1500,768x432,1.9951790000000074,3597,
2025-12-22T12:09:53.284Z,0.996,3,1500,768x432,1.9975989999999797,3553,
2025-12-22T12:09:53.446Z,1.415,3,1500,768x432,1.9340919999999642,3556,
2025-12-22T12:09:54.118Z,1.186,3,1500,768x432,1.954449000000011,3548,
2025-12-22T12:09:54.818Z,0.877,3,1500,768x432,1.942656999999997,3542,
2025-12-22T12:09:55.036Z,1.233,3,1500,768x432,1.927375999999981,3542,
2025-12-22T12:09:55.817Z,1.083,3,1500,768x432,1.9448569999999563,3510,
2025-12-22T12:09:56.087Z,1.166,3,1500,768x432,1.9812019999999961,3508,
2025-12-22T12:09:56.781Z,1.018,3,1500,768x432,1.9753929999999968,3502,
2025-12-22T12:09:56.984Z,1.252,3,1500,768x432,1.9766890000000217,3502,
2025-12-22T12:09:57.701Z,1.219,3,1500,768x432,1.9612310000000548,3480,
2025-12-22T12:09:57.903Z,1.317,3,1500,768x432,1.9542209999999614,3474,
2025-12-22T12:09:58.602Z,1.159,3,1500,768x432,1.958061999999984,3469,
2025-12-22T12:09:59.316Z,0.868,3,1500,768x432,1.9511100000000283,3470,
2025-12-22T12:09:59.516Z,1.366,3,1500,768x432,1.9457050000000322,3470,
2025-12-22T12:10:00.263Z,1.078,3,1500,768x432,2.0040469999999573,3454,
2025-12-22T12:10:00.469Z,1.294,3,1500,768x432,1.9986379999999713,3506,
2025-12-22T12:10:01.163Z,1.261,3,1500,768x432,2.0161090000000286,3522,
2025-12-22T12:10:01.859Z,0.979,3,1500,768x432,2.0033409999999776,3535,
2025-12-22T12:10:02.039Z,1.21,3,1500,768x432,1.9232589999999732,3535,
2025-12-22T12:10:02.693Z,1.175,3,1500,768x432,1.96578599999998,3600,
2025-12-22T12:10:02.882Z,1.41,3,1500,768x432,1.9748769999999922,3590,
2025-12-22T12:10:03.580Z,1.115,3,1500,768x432,1.980335000000025,3612,
2025-12-22T12:10:04.247Z,1.079,3,1500,768x432,1.9128610000000208,3615,
2025-12-22T12:10:04.404Z,1.318,3,1500,768x432,1.9564090000000078,3615,
2025-12-22T12:10:05.151Z,1.274,3,1500,768x432,1.9234159999999747,3632,
2025-12-22T12:10:05.870Z,0.993,3,1500,768x432,1.9916450000000054,3632,
2025-12-22T12:10:06.085Z,1.219,3,1500,768x432,1.9741650000000277,3632,
2025-12-22T12:10:06.779Z,0.927,3,1500,768x432,1.9839570000000322,3642,
2025-12-22T12:10:06.947Z,1.252,3,1500,768x432,1.9148379999999747,3642,
2025-12-22T12:10:07.591Z,1.129,3,1500,768x432,1.972853999999984,3657,
2025-12-22T12:10:08.395Z,0.837,3,1500,768x432,1.9686499999999683,3657,
2025-12-22T12:10:08.574Z,1.287,3,1500,768x432,1.9874509999999646,3657,
2025-12-22T12:10:09.239Z,1.051,3,1500,768x432,1.9357980000000339,3669,
2025-12-22T12:10:09.454Z,1.277,3,1500,768x432,1.9159199999999714,3669,
2025-12-22T12:10:10.164Z,1.236,3,1500,768x432,2.014156000000014,3687,
2025-12-22T12:10:10.850Z,0.947,3,1500,768x432,1.914008000000024,3686,
2025-12-22T12:10:11.021Z,1.183,3,1500,768x432,1.9466150000000084,3686,
2025-12-22T12:10:11.740Z,1.136,3,1500,768x432,1.919019999999989,3695,
2025-12-22T12:10:11.922Z,1.375,3,1500,768x432,1.9362470000000371,3698,
2025-12-22T12:10:12.610Z,1.085,3,1500,768x432,1.9487389999999891,3702,
2025-12-22T12:10:13.291Z,1.064,3,1500,768x432,1.979914000000008,3705,
2025-12-22T12:10:13.456Z,1.293,3,1500,768x432,1.9122930000000338,3705,
2025-12-22T12:10:14.126Z,1.247,3,1500,768x432,1.950429999999983,3720,
2025-12-22T12:10:14.854Z,0.961,3,1500,768x432,1.9159549999999967,3718,
2025-12-22T12:10:15.056Z,1.2,3,1500,768x432,1.9139940000000024,3718,
2025-12-22T12:10:15.761Z,1.163,3,1500,768x432,1.9977970000000482,3730,
2025-12-22T12:10:15.922Z,1.394,3,1500,768x432,1.9347349999999892,3737,
2025-12-22T12:10:16.597Z,1.099,3,1500,768x432,1.9662130000000388,3745,
2025-12-22T12:10:17.263Z,1.071,3,1500,768x432,2.0085879999999747,3748,
2025-12-22T12:10:17.441Z,1.309,3,1500,768x432,1.9262369999999578,3748,
2025-12-22T12:10:18.141Z,1.257,3,1500,768x432,1.9358970000000113,3768,
2025-12-22T12:10:18.824Z,0.979,3,1500,768x432,1.936886999999956,3767,
2025-12-22T12:10:19.047Z,1.194,3,1500,768x432,1.915061000000037,3767,
2025-12-22T12:10:19.720Z,1.166,3,1500,768x432,1.9405459999999835,3788,
2025-12-22T12:10:19.896Z,1.409,3,1500,768x432,1.965264999999988,3787,
2025-12-22T12:10:20.576Z,1.114,3,1500,768x432,1.9839569999999753,3794,
2025-12-22T12:10:21.253Z,1.088,3,1500,768x432,1.9194500000000403,3798,
2025-12-22T12:10:21.429Z,1.324,3,1500,768x432,1.9405310000000213,3798,
2025-12-22T12:10:22.114Z,1.277,3,1500,768x432,1.9617509999999925,3815,
2025-12-22T12:10:22.805Z,0.993,3,1500,768x432,1.9627269999999726,3814,
2025-12-22T12:10:22.982Z,1.223,3,1500,768x432,1.9794789999999693,3814,
2025-12-22T12:10:23.664Z,1.178,3,1500,768x432,1.9999920000000202,3796,
2025-12-22T12:10:24.341Z,0.899,3,1500,768x432,1.920171000000039,3804,
2025-12-22T12:10:24.606Z,1.13,3,1500,768x432,1.9546519999999532,3804,
2025-12-22T12:10:25.326Z,1.099,3,1500,768x432,1.9407959999999775,3809,
2025-12-22T12:10:25.497Z,1.341,3,1500,768x432,1.969191999999964,3809,
2025-12-22T12:10:26.224Z,1.049,3,1500,768x432,1.9526709999999525,3817,
2025-12-22T12:10:26.413Z,1.283,3,1500,768x432,1.9572309999999788,3816,
2025-12-22T12:10:27.095Z,1.236,3,1500,768x432,1.978687999999977,3820,
2025-12-22T12:10:27.810Z,0.947,3,1500,768x432,1.9581660000000056,3821,
2025-12-22T12:10:27.982Z,1.359,3,1500,768x432,1.9855180000000132,3821,
2025-12-22T12:10:28.683Z,1.148,3,1500,768x432,1.9771310000000426,3819,
2025-12-22T12:10:28.861Z,1.378,3,1500,768x432,1.9936640000000239,3820,
2025-12-22T12:10:29.573Z,1.353,3,1500,768x432,1.992334000000028,3820,
2025-12-22T12:10:30.267Z,1.065,3,1500,768x432,2.0069330000000036,3819,
2025-12-22T12:10:30.446Z,1.295,3,1500,768x432,1.9210679999999911,3819,
2025-12-22T12:10:31.143Z,1.245,3,1500,768x432,1.9338259999999536,3817,
2025-12-22T12:10:31.836Z,0.965,3,1500,768x432,1.9277790000000437,3824,
2025-12-22T12:10:32.014Z,1.197,3,1500,768x432,1.9514639999999872,3824,
2025-12-22T12:10:32.713Z,1.149,3,1500,768x432,1.9470600000000218,3842,
2025-12-22T12:10:32.890Z,1.395,3,1500,768x432,1.9670839999999998,3841,
2025-12-22T12:10:33.587Z,1.101,3,1500,768x432,1.9733789999999658,3848,
2025-12-22T12:10:34.292Z,1.065,3,1500,768x432,1.9723079999999982,3850,
2025-12-22T12:10:34.450Z,1.303,3,1500,768x432,1.9153329999999755,3850,
2025-12-22T12:10:35.094Z,1.257,3,1500,768x432,1.9779019999999718,3864,
2025-12-22T12:10:35.762Z,0.977,3,1500,768x432,1.9986499999999978,3869,
2025-12-22T12:10:35.929Z,1.347,3,1500,768x432,1.9291380000000231,3869,
2025-12-22T12:10:36.611Z,1.174,3,1500,768x432,1.9498629999999935,3908,
2025-12-22T12:10:37.629Z,0.599,3,1500,768x432,1.9390369999999848,3907,
2025-12-22T12:10:38.117Z,0.578,3,1500,768x432,1.9583690000000047,3527,
2025-12-22T12:10:38.596Z,0.812,3,1500,768x432,1.9778590000000236,3200,
2025-12-22T12:10:39.069Z,0.761,3,1500,768x432,2.0005950000000325,2952,
2025-12-22T12:10:39.563Z,0.735,3,1500,768x432,2.0051600000000462,2952,
2025-12-22T12:10:39.971Z,0.861,3,1500,768x432,1.9875390000000266,2437,
2025-12-22T12:10:40.420Z,0.936,3,1500,768x432,1.9484129999999595,2411,
2025-12-22T12:10:40.952Z,0.9,3,1500,768x432,1.9129120000000057,2262,
2025-12-22T12:10:41.480Z,0.884,3,1500,768x432,1.9858859999999936,2119,
2025-12-22T12:10:41.983Z,0.846,3,1500,768x432,1.9847139999999968,1980,
2025-12-22T12:10:42.512Z,0.82,3,1500,768x432,1.9601160000000277,1861,
2025-12-22T12:10:43.024Z,0.784,3,1500,768x432,1.947874000000013,1756,
2025-12-22T12:10:43.817Z,0.492,3,1500,768x432,1.9488110000000347,1678,
2025-12-22T12:10:43.900Z,0.819,2,1000,640x360,1.9571359999999913,1614,
2025-12-22T12:10:44.275Z,0.893,2,1000,640x360,1.9895440000000235,1614,
2025-12-22T12:10:44.604Z,1.062,2,1000,640x360,1.9547810000000254,1665,
2025-12-22T12:10:44.947Z,1.224,2,1000,640x360,1.9153890000000047,1636,
2025-12-22T12:10:45.361Z,1.314,2,1000,640x360,2.003763000000049,1636,
2025-12-22T12:10:45.774Z,1.395,2,1000,640x360,1.9884700000000066,1917,
2025-12-22T12:10:46.204Z,1.461,2,1000,640x360,1.9620869999999968,1888,
2025-12-22T12:10:46.646Z,1.528,2,1000,640x360,1.9190080000000194,1853,
2025-12-22T12:10:47.074Z,1.59,2,1000,640x360,2.0000099999999748,1820,
2025-12-22T12:10:47.503Z,1.674,2,1000,640x360,1.9598199999999792,1789,
2025-12-22T12:10:47.585Z,1.678,3,1500,768x432,1.9761369999999943,1789,
2025-12-22T12:10:48.746Z,0.444,3,1500,768x432,1.927090000000021,1768,
2025-12-22T12:10:49.385Z,0.411,3,1500,768x432,1.991692999999998,1568,
2025-12-22T12:10:49.967Z,0.373,3,1500,768x432,1.9898959999999875,1483,
2025-12-22T12:10:50.491Z,0.337,3,1500,768x432,1.9700429999999756,1419,
2025-12-22T12:10:51.053Z,0.306,3,1500,768x432,1.9226439999999911,1372,
2025-12-22T12:10:51.120Z,0.611,2,1000,640x360,1.9518620000000055,1323,
2025-12-22T12:10:51.528Z,0.63,2,1000,640x360,1.9360619999999926,1323,
2025-12-22T12:10:51.926Z,0.718,2,1000,640x360,1.9318660000000136,1345,
2025-12-22T12:10:52.322Z,0.848,2,1000,640x360,1.953787000000034,1384,
2025-12-22T12:10:52.776Z,0.892,2,1000,640x360,1.9857330000000388,1420,
2025-12-22T12:10:53.322Z,0.853,2,1000,640x360,1.9390480000000139,1463,
2025-12-22T12:10:53.777Z,0.904,2,1000,640x360,1.9797609999999963,1442,
2025-12-22T12:10:54.200Z,0.979,2,1000,640x360,1.9604249999999865,1458,
2025-12-22T12:10:54.625Z,1.055,2,1000,640x360,1.943491999999992,1607,
2025-12-22T12:10:54.707Z,0.997,3,1500,768x432,1.956659000000002,1594,
2025-12-22T12:10:55.321Z,0.57,3,1500,768x432,1.9454170000000204,1594,
2025-12-22T12:10:55.915Z,0.261,3,1500,768x432,1.942610000000002,1469,rebuffer happen
2025-12-22T12:10:55.934Z,0.261,3,1500,768x432,1.9227510000000052,1469,
2025-12-22T12:10:56.449Z,0.239,3,1500,768x432,1.9338460000000168,1410,rebuffer happen
2025-12-22T12:10:56.553Z,0.239,3,1500,768x432,1.9213599999999929,1410,
2025-12-22T12:10:56.976Z,0.204,3,1500,768x432,1.9853049999999826,1355,rebuffer happen
2025-12-22T12:10:57.144Z,0.204,3,1500,768x432,1.9285229999999842,1355,
2025-12-22T12:10:57.222Z,0.535,2,1000,640x360,1.9452820000000202,1333,
2025-12-22T12:10:57.625Z,0.537,2,1000,640x360,1.9432820000000106,1333,
2025-12-22T12:10:58.027Z,0.656,2,1000,640x360,1.9373770000000263,1375,
2025-12-22T12:10:58.450Z,0.702,2,1000,640x360,1.9180809999999724,1375,
2025-12-22T12:10:58.956Z,0.771,2,1000,640x360,1.9111919999999714,1552,
2025-12-22T12:10:59.403Z,0.763,2,1000,640x360,1.970452000000023,1486,
2025-12-22T12:10:59.897Z,0.765,2,1000,640x360,1.9600819999999999,1622,
2025-12-22T12:11:00.290Z,0.894,2,1000,640x360,1.9774160000000052,1717,
2025-12-22T12:11:00.702Z,0.955,2,1000,640x360,1.9609679999999798,1682,
2025-12-22T12:11:01.199Z,0.969,2,1000,640x360,1.9567240000000083,1657,
2025-12-22T12:11:01.520Z,1.141,2,1000,640x360,1.9413999999999874,1674,
2025-12-22T12:11:01.591Z,1.142,3,1500,768x432,1.9673930000000155,1674,
2025-12-22T12:11:02.178Z,0.654,3,1500,768x432,1.9872780000000034,1674,
2025-12-22T12:11:02.790Z,0.623,3,1500,768x432,1.9791270000000054,1582,
2025-12-22T12:11:03.427Z,0.331,3,1500,768x432,1.9342470000000276,1439,
2025-12-22T12:11:03.877Z,0.299,3,1500,768x432,1.9844380000000115,1376,rebuffer happen
2025-12-22T12:11:04.139Z,0.047,3,1500,768x432,1.928212999999971,1376,rebuffer happen
2025-12-22T12:11:04.432Z,0.047,3,1500,768x432,2.231213000000025,1376,
2025-12-22T12:11:04.511Z,0.547,2,1000,640x360,2.2577890000000025,1318,
2025-12-22T12:11:04.998Z,0.415,2,1000,640x360,2.2119880000000194,1318,
2025-12-22T12:11:05.139Z,0.295,2,1000,640x360,2.179471000000035,1371,rebuffer happen
2025-12-22T12:11:05.431Z,0.399,2,1000,640x360,2.1031320000000164,1371,
2025-12-22T12:11:05.579Z,0.274,2,1000,640x360,2.123797999999965,1367,rebuffer happen
2025-12-22T12:11:05.698Z,0.298,2,1000,640x360,2.08024800000004,1367,rebuffer happen
2025-12-22T12:11:05.866Z,0.406,2,1000,640x360,2.086139000000003,1367,
2025-12-22T12:11:05.996Z,0.27,2,1000,640x360,2.050150999999971,1397,rebuffer happen
2025-12-22T12:11:06.293Z,0.429,2,1000,640x360,2.020928999999967,1397,
2025-12-22T12:11:06.762Z,0.439,2,1000,640x360,2.0238879999999995,1408,
2025-12-22T12:11:07.231Z,0.438,2,1000,640x360,1.9483870000000252,1450,
2025-12-22T12:11:07.585Z,0.592,2,1000,640x360,1.9762010000000032,1455,
2025-12-22T12:11:08.030Z,0.66,2,1000,640x360,1.9471620000000485,1467,
2025-12-22T12:11:08.426Z,0.758,2,1000,640x360,1.9532740000000217,1467,
2025-12-22T12:11:08.868Z,0.797,2,1000,640x360,2.0012800000000084,1535,
2025-12-22T12:11:09.316Z,0.865,2,1000,640x360,1.9584090000000174,1496,
2025-12-22T12:11:09.797Z,0.878,2,1000,640x360,1.9707169999999792,1484,
2025-12-22T12:11:10.181Z,0.986,2,1000,640x360,1.9830479999999966,1468,
2025-12-22T12:11:10.576Z,1.102,2,1000,640x360,1.9853709999999865,1510,
2025-12-22T12:11:10.651Z,1.037,3,1500,768x432,1.9101350000000252,1602,
2025-12-22T12:11:11.213Z,0.648,3,1500,768x432,1.9506059999999934,1602,
2025-12-22T12:11:11.833Z,0.345,3,1500,768x432,1.9352969999999914,1441,
2025-12-22T12:11:12.545Z,0.322,3,1500,768x432,1.9311030000000073,1381,
2025-12-22T12:11:12.895Z,0.282,3,1500,768x432,1.9696399999999699,1309,rebuffer happen
2025-12-22T12:11:13.163Z,0.034,3,1500,768x432,2.020271999999977,1309,rebuffer happen
2025-12-22T12:11:13.177Z,0.034,3,1500,768x432,2.020271999999977,1309,
2025-12-22T12:11:13.253Z,0.534,2,1000,640x360,1.9520459999999957,1287,
2025-12-22T12:11:13.520Z,0.277,2,1000,640x360,1.9954690000000141,1287,rebuffer happen
2025-12-22T12:11:13.699Z,0.457,2,1000,640x360,2.0008399999999824,1287,
2025-12-22T12:11:13.957Z,0.247,2,1000,640x360,2.0273659999999722,1307,rebuffer happen
2025-12-22T12:11:14.284Z,0.421,2,1000,640x360,1.9894930000000386,1307,
2025-12-22T12:11:14.491Z,0.195,2,1000,640x360,1.9768269999999575,1338,rebuffer happen
2025-12-22T12:11:14.800Z,0.371,2,1000,640x360,1.9660749999999894,1338,
2025-12-22T12:11:14.961Z,0.224,2,1000,640x360,2.0094420000000355,1348,rebuffer happen
2025-12-22T12:11:15.302Z,0.36,2,1000,640x360,1.9653690000000097,1348,
2025-12-22T12:11:15.447Z,0.271,2,1000,640x360,1.9288219999999683,1381,rebuffer happen
2025-12-22T12:11:15.706Z,0.466,2,1000,640x360,1.968574999999987,1381,
2025-12-22T12:11:16.155Z,0.491,2,1000,640x360,1.919177999999988,1386,
2025-12-22T12:11:16.585Z,0.586,2,1000,640x360,1.986739,1422,
2025-12-22T12:11:17.085Z,0.614,2,1000,640x360,1.986970000000042,1442,
2025-12-22T12:11:17.609Z,0.567,2,1000,640x360,1.9559889999999882,1441,
2025-12-22T12:11:17.680Z,0.574,1,600,480x270,1.9942819999999983,1376,
2025-12-22T12:11:18.027Z,0.639,1,600,480x270,1.9380060000000299,1376,
2025-12-22T12:11:18.352Z,0.805,1,600,480x270,1.9050609999999892,1376,
2025-12-22T12:11:18.819Z,0.874,1,600,480x270,1.9380879999999934,1421,
2025-12-22T12:11:19.335Z,0.859,1,600,480x270,1.9239319999999793,1252,
2025-12-22T12:11:19.705Z,0.948,1,600,480x270,1.9582149999999956,1211,
2025-12-22T12:11:20.087Z,1.082,1,600,480x270,1.9791589999999815,1295,
2025-12-22T12:11:20.586Z,1.192,1,600,480x270,1.9764549999999872,1222,
2025-12-22T12:11:20.791Z,1.329,1,600,480x270,1.9688560000000166,1272,
2025-12-22T12:11:21.004Z,1.626,1,600,480x270,1.9589530000000082,1272,
2025-12-22T12:11:21.223Z,1.895,1,600,480x270,1.9501730000000066,1272,
2025-12-22T12:11:21.300Z,1.968,2,1000,640x360,1.9704530000000204,1407,
2025-12-22T12:11:21.670Z,2.011,2,1000,640x360,1.996943999999985,1407,
2025-12-22T12:11:21.912Z,2.274,2,1000,640x360,1.9566790000000083,1450,
2025-12-22T12:11:22.413Z,2.268,2,1000,640x360,1.96234400000003,1453,
2025-12-22T12:11:23.009Z,2.151,2,1000,640x360,1.948460999999952,1472,
2025-12-22T12:11:23.607Z,2.046,2,1000,640x360,1.9496969999999578,1478,
2025-12-22T12:11:24.116Z,2.053,2,1000,640x360,1.9544009999999616,1478,
2025-12-22T12:11:24.653Z,2.023,2,1000,640x360,1.9077429999999822,1478,
2025-12-22T12:11:25.146Z,2.034,2,1000,640x360,1.9343680000000063,1495,
2025-12-22T12:11:25.645Z,2.024,2,1000,640x360,1.9175689999999577,1497,
2025-12-22T12:11:26.568Z,1.608,2,1000,640x360,2.0019080000000145,1513,
2025-12-22T12:11:27.015Z,1.653,2,1000,640x360,1.9559030000000348,1469,
2025-12-22T12:11:27.392Z,1.774,2,1000,640x360,1.979580999999996,1489,
2025-12-22T12:11:27.689Z,1.985,2,1000,640x360,1.9690909999999917,1521,
2025-12-22T12:11:28.031Z,2.136,2,1000,640x360,1.9329720000000066,1522,
2025-12-22T12:11:28.556Z,2.108,2,1000,640x360,1.903835000000015,1520,
2025-12-22T12:11:29.132Z,2.05,2,1000,640x360,1.9389040000000364,1509,
2025-12-22T12:11:29.706Z,1.98,2,1000,640x360,1.95682800000003,1512,
2025-12-22T12:11:30.152Z,2.015,2,1000,640x360,1.9349869999999783,1517,
2025-12-22T12:11:30.581Z,2.1,2,1000,640x360,1.994762000000037,1523,
2025-12-22T12:11:30.657Z,2.103,3,1500,768x432,1.916748000000041,1523,
2025-12-22T12:11:32.519Z,0.397,3,1500,768x432,1.9417770000000019,1523,
2025-12-22T12:11:33.081Z,0.106,3,1500,768x432,1.9901520000000232,1413,rebuffer happen
2025-12-22T12:11:33.146Z,0.041,3,1500,768x432,1.9251500000000306,1413,rebuffer happen
2025-12-22T12:11:33.350Z,0.041,3,1500,768x432,2.125150000000019,1413,
2025-12-22T12:11:33.676Z,0.144,3,1500,768x432,2.1362930000000233,1362,rebuffer happen
2025-12-22T12:11:33.780Z,0.023,3,1500,768x432,2.1087180000000103,1362,rebuffer happen
2025-12-22T12:11:34.062Z,0.023,3,1500,768x432,2.405717999999979,1362,
2025-12-22T12:11:34.132Z,0.492,2,1000,640x360,2.3252029999999877,1268,
2025-12-22T12:11:34.297Z,0.214,2,1000,640x360,2.295234999999991,1268,rebuffer happen
2025-12-22T12:11:34.633Z,0.346,2,1000,640x360,2.1893719999999917,1268,
2025-12-22T12:11:34.802Z,0.119,2,1000,640x360,2.1711499999999546,1295,rebuffer happen
2025-12-22T12:11:35.118Z,0.265,2,1000,640x360,2.1630680000000098,1295,
2025-12-22T12:11:35.547Z,0.335,2,1000,640x360,2.1400920000000383,1323,
2025-12-22T12:11:35.625Z,0.252,2,1000,640x360,2.1352509999999825,1323,rebuffer happen
2025-12-22T12:11:35.966Z,0.334,2,1000,640x360,2.1272670000000176,1323,
2025-12-22T12:11:36.092Z,0.257,2,1000,640x360,2.111918000000003,1372,rebuffer happen
2025-12-22T12:11:36.411Z,0.379,2,1000,640x360,2.0768879999999967,1372,
2025-12-22T12:11:36.541Z,0.274,2,1000,640x360,2.021222000000023,1397,rebuffer happen
2025-12-22T12:11:36.820Z,0.416,2,1000,640x360,2.0092690000000175,1397,
2025-12-22T12:11:36.957Z,0.276,2,1000,640x360,2.056705000000022,1394,rebuffer happen
2025-12-22T12:11:37.189Z,0.525,2,1000,640x360,2.0224980000000414,1394,
2025-12-22T12:11:37.465Z,0.746,2,1000,640x360,2.029814999999985,1420,
2025-12-22T12:11:37.549Z,0.727,1,600,480x270,1.9422349999999824,1420,
2025-12-22T12:11:37.735Z,0.942,1,600,480x270,1.950125000000014,1420,
2025-12-22T12:11:37.945Z,1.234,1,600,480x270,1.934238999999991,1401,
2025-12-22T12:11:38.314Z,1.374,1,600,480x270,1.966696000000013,1401,
2025-12-22T12:11:38.710Z,1.467,1,600,480x270,1.9495259999999917,1420,
2025-12-22T12:11:38.986Z,1.665,1,600,480x270,1.98284799999999,1451,
2025-12-22T12:11:39.235Z,1.935,1,600,480x270,1.9428470000000289,1451,
2025-12-22T12:11:39.523Z,2.135,1,600,480x270,1.9502650000000017,1441,
2025-12-22T12:11:39.999Z,2.186,1,600,480x270,1.9630240000000185,1439,
2025-12-22T12:11:40.485Z,2.178,1,600,480x270,1.984310999999991,1451,
2025-12-22T12:11:40.971Z,2.148,1,600,480x270,1.9937339999999608,1443,
2025-12-22T12:11:41.039Z,2.206,2,1000,640x360,1.9261510000000044,1443,
2025-12-22T12:11:41.604Z,2.049,2,1000,640x360,1.9556069999999863,1445,
2025-12-22T12:11:42.110Z,2.072,2,1000,640x360,1.9537920000000213,1468,
2025-12-22T12:11:42.673Z,1.991,2,1000,640x360,1.987101999999993,1465,
2025-12-22T12:11:43.203Z,1.981,2,1000,640x360,1.9632220000000302,1457,
2025-12-22T12:11:43.684Z,1.982,2,1000,640x360,1.9806939999999713,1463,
2025-12-22T12:11:44.221Z,1.947,2,1000,640x360,1.9554259999999886,1456,
2025-12-22T12:11:44.679Z,1.989,2,1000,640x360,1.9863320000000044,1451,
2025-12-22T12:11:45.166Z,2.026,2,1000,640x360,2.0136590000000183,1475,
2025-12-22T12:11:45.560Z,2.119,2,1000,640x360,2.0139199999999846,1470,
2025-12-22T12:11:46.139Z,2.042,2,1000,640x360,1.9347490000000107,1471,
2025-12-22T12:11:46.647Z,2.018,2,1000,640x360,1.9162810000000263,1485,
2025-12-22T12:11:47.298Z,2.006,2,1000,640x360,1.975486999999987,1467,
2025-12-22T12:11:47.741Z,1.945,2,1000,640x360,1.9179110000000037,1456,
2025-12-22T12:11:48.177Z,2.021,2,1000,640x360,2.001942999999983,1428,
2025-12-22T12:11:48.624Z,2.046,2,1000,640x360,1.9386599999999703,1474,
2025-12-22T12:11:49.212Z,1.97,2,1000,640x360,1.9720020000000318,1462,
2025-12-22T12:11:49.625Z,2.036,2,1000,640x360,1.9557740000000194,1454,
2025-12-22T12:11:50.114Z,2.063,2,1000,640x360,1.952098000000035,1453,
2025-12-22T12:11:50.647Z,2.019,2,1000,640x360,1.920614999999998,1427,
2025-12-22T12:11:51.143Z,2.028,2,1000,640x360,1.921545999999978,1450,
2025-12-22T12:11:51.623Z,2.042,2,1000,640x360,1.9442300000000046,1374,
2025-12-22T12:11:51.996Z,2.169,2,1000,640x360,1.964273999999989,1435,
2025-12-22T12:11:52.487Z,2.166,2,1000,640x360,1.97890000000001,1408,
2025-12-22T12:11:53.075Z,2.098,2,1000,640x360,2.007076999999981,1427,
2025-12-22T12:11:53.859Z,1.82,2,1000,640x360,2.0032850000000053,1430,
2025-12-22T12:11:54.487Z,1.696,2,1000,640x360,1.9790370000000053,1354,
2025-12-22T12:11:54.964Z,1.707,2,1000,640x360,1.9993130000000292,1429,
2025-12-22T12:11:55.279Z,1.898,2,1000,640x360,1.9863839999999868,1400,
2025-12-22T12:11:55.612Z,2.054,2,1000,640x360,1.9526670000000195,1453,
2025-12-22T12:11:56.060Z,2.111,2,1000,640x360,2.0095379999999636,1404,
2025-12-22T12:11:56.604Z,2.064,2,1000,640x360,1.9601529999999912,1424,
2025-12-22T12:11:57.020Z,2.146,2,1000,640x360,1.946514000000036,1416,
2025-12-22T12:11:57.705Z,1.955,2,1000,640x360,1.9651939999999968,1402,
2025-12-22T12:11:58.440Z,1.754,2,1000,640x360,1.9232380000000262,1446,
2025-12-22T12:11:58.952Z,1.73,2,1000,640x360,1.9116769999999974,1456,
2025-12-22T12:11:59.385Z,1.771,2,1000,640x360,1.973004000000003,1484,
2025-12-22T12:11:59.867Z,1.81,2,1000,640x360,1.9899879999999825,1533,
2025-12-22T12:12:00.264Z,1.908,2,1000,640x360,2.0093279999999822,1507,
2025-12-22T12:12:00.336Z,1.922,3,1500,768x432,1.936193000000003,1534,
2025-12-22T12:12:01.511Z,0.77,3,1500,768x432,1.9593659999999886,1524,
2025-12-22T12:12:02.061Z,0.739,3,1500,768x432,2.011478000000011,1470,
2025-12-22T12:12:02.480Z,0.724,3,1500,768x432,2.0072359999999776,1427,
2025-12-22T12:12:02.962Z,0.95,3,1500,768x432,2.006328000000053,1374,
2025-12-22T12:12:03.749Z,0.647,3,1500,768x432,1.9096780000000422,1332,
2025-12-22T12:12:03.829Z,0.875,2,1000,640x360,1.9406179999999722,1284,
2025-12-22T12:12:04.485Z,0.693,2,1000,640x360,1.9764000000000124,1284,
2025-12-22T12:12:04.926Z,0.747,2,1000,640x360,1.9378619999999955,1340,
2025-12-22T12:12:05.285Z,0.882,2,1000,640x360,1.9901360000000068,1323,
2025-12-22T12:12:05.648Z,1.033,2,1000,640x360,1.9149949999999762,1374,
2025-12-22T12:12:06.036Z,1.152,2,1000,640x360,1.9401809999999955,1378,
2025-12-22T12:12:06.434Z,1.258,2,1000,640x360,1.9429819999999722,1378,
2025-12-22T12:12:06.806Z,1.366,2,1000,640x360,1.9659599999999955,1517,
2025-12-22T12:12:07.175Z,1.519,2,1000,640x360,1.9901389999999992,1476,
2025-12-22T12:12:07.592Z,1.584,2,1000,640x360,1.9709789999999998,1488,
2025-12-22T12:12:08.021Z,1.662,2,1000,640x360,1.9429489999999987,1523,
2025-12-22T12:12:08.510Z,1.656,2,1000,640x360,1.9505439999999794,1523,
2025-12-22T12:12:08.899Z,1.763,2,1000,640x360,1.9584600000000023,1504,
2025-12-22T12:12:09.348Z,1.847,2,1000,640x360,1.9300079999999866,1526,
2025-12-22T12:12:09.435Z,1.811,3,1500,768x432,1.934946000000025,1575,
2025-12-22T12:12:10.947Z,0.468,3,1500,768x432,1.9097439999999892,1554,
2025-12-22T12:12:11.502Z,0.175,3,1500,768x432,1.9697419999999966,1506,rebuffer happen
2025-12-22T12:12:11.564Z,0.175,3,1500,768x432,1.9997169999999755,1506,
2025-12-22T12:12:12.038Z,0.146,3,1500,768x432,1.9278589999999554,1423,rebuffer happen
2025-12-22T12:12:12.162Z,0.022,3,1500,768x432,2.0066770000000247,1423,rebuffer happen
2025-12-22T12:12:12.257Z,0.022,3,1500,768x432,2.0066770000000247,1423,
2025-12-22T12:12:12.694Z,0.063,3,1500,768x432,2.0487210000000005,1375,rebuffer happen
2025-12-22T12:12:12.728Z,0.026,3,1500,768x432,2.011584999999968,1375,rebuffer happen
2025-12-22T12:12:12.748Z,0.026,3,1500,768x432,2.011584999999968,1375,
2025-12-22T12:12:12.816Z,0.491,2,1000,640x360,2.0394070000000397,1301,
2025-12-22T12:12:13.310Z,0.429,2,1000,640x360,2.010586999999987,1301,
2025-12-22T12:12:13.788Z,0.386,2,1000,640x360,1.996877999999981,1364,
2025-12-22T12:12:14.067Z,0.582,2,1000,640x360,2.0240479999999934,1409,
2025-12-22T12:12:14.445Z,0.763,2,1000,640x360,1.9281760000000077,1409,
2025-12-22T12:12:14.897Z,0.773,2,1000,640x360,1.96855800000003,1413,
2025-12-22T12:12:15.342Z,0.813,2,1000,640x360,1.9242679999999837,1423,
2025-12-22T12:12:15.808Z,0.856,2,1000,640x360,1.9491280000000302,1434,
2025-12-22T12:12:16.316Z,0.862,2,1000,640x360,1.9573579999999993,1468,
2025-12-22T12:12:16.805Z,0.877,2,1000,640x360,1.9610789999999838,1447,
2025-12-22T12:12:17.315Z,0.889,2,1000,640x360,1.9565620000000195,1440,
2025-12-22T12:12:17.736Z,0.942,2,1000,640x360,1.9260189999999966,1500,
2025-12-22T12:12:18.165Z,1.005,2,1000,640x360,1.9996790000000146,1491,
2025-12-22T12:12:18.617Z,1.048,2,1000,640x360,1.9418749999999818,1503,
2025-12-22T12:12:19.061Z,1.12,2,1000,640x360,2.0089949999999703,1511,
2025-12-22T12:12:19.525Z,1.144,2,1000,640x360,1.9500859999999989,1511,
2025-12-22T12:12:19.605Z,1.158,3,1500,768x432,1.9636619999999994,1549,
2025-12-22T12:12:20.327Z,0.533,3,1500,768x432,1.9466879999999946,1549,
2025-12-22T12:12:20.876Z,0.488,3,1500,768x432,1.9926009999999792,1499,
2025-12-22T12:12:21.487Z,0.189,3,1500,768x432,1.9698410000000308,1414,rebuffer happen
2025-12-22T12:12:21.488Z,0.189,3,1500,768x432,1.968642999999986,1414,
2025-12-22T12:12:22.019Z,0.162,3,1500,768x432,1.9431710000000066,1347,rebuffer happen
2025-12-22T12:12:22.083Z,0.162,3,1500,768x432,1.982453000000021,1347,
2025-12-22T12:12:22.156Z,0.598,2,1000,640x360,1.9082220000000234,1323,
2025-12-22T12:12:22.556Z,0.597,2,1000,640x360,1.9030850000000328,1323,
2025-12-22T12:12:22.947Z,0.705,2,1000,640x360,1.9110600000000204,1323,
2025-12-22T12:12:23.362Z,0.799,2,1000,640x360,2.0087560000000053,1334,
2025-12-22T12:12:23.796Z,0.859,2,1000,640x360,1.9615479999999934,1350,
2025-12-22T12:12:24.205Z,0.987,2,1000,640x360,1.9708539999999743,1332,
2025-12-22T12:12:24.626Z,1.045,2,1000,640x360,1.9464889999999855,1371,
2025-12-22T12:12:25.250Z,0.931,2,1000,640x360,1.9161930000000211,1415,
2025-12-22T12:12:25.684Z,0.971,2,1000,640x360,1.987462999999991,1453,
2025-12-22T12:12:26.108Z,1.069,2,1000,640x360,1.9558819999999741,1438,
2025-12-22T12:12:26.548Z,1.113,2,1000,640x360,1.9191059999999993,1451,
2025-12-22T12:12:26.959Z,1.203,2,1000,640x360,1.9985279999999648,1451,
2025-12-22T12:12:27.381Z,1.289,2,1000,640x360,1.9853620000000092,1454,
2025-12-22T12:12:27.792Z,1.381,2,1000,640x360,1.9710680000000025,1466,
2025-12-22T12:12:28.177Z,1.486,2,1000,640x360,1.9786569999999983,1470,
2025-12-22T12:12:28.481Z,1.614,2,1000,640x360,1.9793840000000387,1474,
2025-12-22T12:12:28.507Z,2.045,2,1000,640x360,1.9532870000000457,1474,
2025-12-22T12:12:29.482Z,1.68,2,1000,640x360,1.99008299999997,1468,
2025-12-22T12:12:29.985Z,1.736,2,1000,640x360,1.9751530000000344,1488,
2025-12-22T12:12:30.431Z,1.753,2,1000,640x360,1.9374770000000012,1476,
2025-12-22T12:12:30.866Z,1.797,2,1000,640x360,1.9919760000000224,1494,
2025-12-22T12:12:31.293Z,1.887,2,1000,640x360,1.9767059999999788,1489,
2025-12-22T12:12:31.730Z,1.934,2,1000,640x360,1.9370180000000232,1506,
2025-12-22T12:12:32.160Z,2.02,2,1000,640x360,2.0154319999999757,1509,
2025-12-22T12:12:32.645Z,2.035,2,1000,640x360,1.9236960000000067,1516,
2025-12-22T12:12:33.133Z,2.047,2,1000,640x360,1.929696999999976,1503,
2025-12-22T12:12:33.656Z,2.009,2,1000,640x360,1.908141999999998,1499,
2025-12-22T12:12:34.101Z,2.062,2,1000,640x360,1.9635390000000257,1507,
2025-12-22T12:12:34.621Z,2.04,2,1000,640x360,1.9441449999999918,1484,
2025-12-22T12:12:35.131Z,2.054,2,1000,640x360,1.940821000000028,1504,
2025-12-22T12:12:35.634Z,2.04,2,1000,640x360,1.9255679999999984,1505,
2025-12-22T12:12:36.140Z,2.047,2,1000,640x360,1.9338559999999916,1498,
2025-12-22T12:12:36.649Z,2.006,2,1000,640x360,1.9190600000000018,1494,
2025-12-22T12:12:37.159Z,2.03,2,1000,640x360,2.0016910000000507,1464,
2025-12-22T12:12:37.633Z,2.03,2,1000,640x360,1.9316279999999892,1506,
2025-12-22T12:12:38.115Z,2.051,2,1000,640x360,1.958328999999992,1418,
2025-12-22T12:12:38.659Z,1.971,2,1000,640x360,2.000998999999979,1483,
2025-12-22T12:12:38.916Z,2.237,2,1000,640x360,1.9478189999999813,1493,
2025-12-22T12:12:39.541Z,2.134,2,1000,640x360,1.9206560000000081,1500,
2025-12-22T12:12:40.502Z,1.687,2,1000,640x360,1.9658840000000168,1498,
2025-12-22T12:12:41.001Z,1.679,2,1000,640x360,1.9602409999999963,1478,
2025-12-22T12:12:41.413Z,1.774,2,1000,640x360,1.9579840000000104,1498,
2025-12-22T12:12:41.855Z,1.831,2,1000,640x360,1.903065999999967,1506,
2025-12-22T12:12:41.928Z,1.822,3,1500,768x432,1.929839999999956,1548,
2025-12-22T12:12:43.083Z,0.657,3,1500,768x432,1.9790969999999675,1530,
2025-12-22T12:12:43.726Z,0.628,3,1500,768x432,1.9399289999999496,1502,
2025-12-22T12:12:44.384Z,0.332,3,1500,768x432,1.9872640000000388,1383,
2025-12-22T12:12:44.884Z,0.292,3,1500,768x432,1.9813880000000381,1317,rebuffer happen
2025-12-22T12:12:45.051Z,0.292,3,1500,768x432,1.921611999999982,1317,
2025-12-22T12:12:45.133Z,0.635,2,1000,640x360,1.9427639999999542,1261,
2025-12-22T12:12:45.619Z,0.562,2,1000,640x360,1.9473970000000236,1261,
2025-12-22T12:12:46.046Z,0.617,2,1000,640x360,1.9316729999999893,1349,
2025-12-22T12:12:46.407Z,0.775,2,1000,640x360,1.9583749999999895,1349,
2025-12-22T12:12:46.843Z,0.831,2,1000,640x360,1.9235180000000014,1526,
2025-12-22T12:12:47.328Z,0.855,2,1000,640x360,1.9420309999999859,1450,
2025-12-22T12:12:47.725Z,0.95,2,1000,640x360,1.9387340000000108,1479,
2025-12-22T12:12:48.133Z,1.04,2,1000,640x360,1.9389940000000365,1480,
2025-12-22T12:12:48.642Z,1.034,2,1000,640x360,1.9224519999999643,1444,
2025-12-22T12:12:48.908Z,1.256,2,1000,640x360,1.9543340000000171,1471,
2025-12-22T12:12:49.268Z,1.406,2,1000,640x360,1.9898239999999987,1471,
2025-12-22T12:12:49.692Z,1.472,2,1000,640x360,1.9782760000000508,1455,
2025-12-22T12:12:50.041Z,1.636,2,1000,640x360,1.9371319999999628,1476,
2025-12-22T12:12:50.421Z,1.767,2,1000,640x360,1.946596999999997,1476,
2025-12-22T12:12:50.800Z,1.862,2,1000,640x360,1.9618079999999622,1466,
2025-12-22T12:12:51.384Z,1.791,2,1000,640x360,1.9861799999999903,1515,
2025-12-22T12:12:51.971Z,1.691,2,1000,640x360,1.9928899999999885,1507,
2025-12-22T12:12:52.053Z,1.706,3,1500,768x432,1.919087999999988,1557,
2025-12-22T12:12:53.207Z,0.573,3,1500,768x432,1.9735830000000192,1537,
2025-12-22T12:12:53.853Z,0.532,3,1500,768x432,1.9099559999999656,1509,
2025-12-22T12:12:54.449Z,0.233,3,1500,768x432,1.9282010000000014,1429,rebuffer happen
2025-12-22T12:12:54.489Z,0.233,3,1500,768x432,1.9842069999999694,1429,
2025-12-22T12:12:54.977Z,0.202,3,1500,768x432,1.9865220000000363,1356,rebuffer happen
2025-12-22T12:12:55.147Z,0.031,3,1500,768x432,1.9181560000000104,1356,rebuffer happen
2025-12-22T12:12:55.220Z,0.031,3,1500,768x432,2.0121560000000045,1356,
2025-12-22T12:12:55.287Z,0.531,2,1000,640x360,2.0554710000000114,1322,
2025-12-22T12:12:55.725Z,0.505,2,1000,640x360,2.0023329999999646,1322,
2025-12-22T12:12:56.271Z,0.448,2,1000,640x360,2.053838999999982,1320,
2025-12-22T12:12:56.470Z,0.288,2,1000,640x360,2.0341979999999467,1317,rebuffer happen
2025-12-22T12:12:56.842Z,0.382,2,1000,640x360,1.9410890000000336,1317,
2025-12-22T12:12:56.992Z,0.208,2,1000,640x360,1.9908570000000054,1321,rebuffer happen
2025-12-22T12:12:57.210Z,0.29,2,1000,640x360,1.9705220000000168,1321,rebuffer happen
2025-12-22T12:12:57.279Z,0.287,2,1000,640x360,2.003139000000033,1321,rebuffer happen
2025-12-22T12:12:57.350Z,0.353,2,1000,640x360,1.9302410000000236,1321,
2025-12-22T12:12:57.542Z,0.183,2,1000,640x360,1.9395489999999995,1254,rebuffer happen
2025-12-22T12:12:57.734Z,0.431,2,1000,640x360,1.9457550000000197,1254,
2025-12-22T12:12:58.074Z,0.608,2,1000,640x360,2.002658999999994,1221,
2025-12-22T12:12:58.543Z,0.6,2,1000,640x360,1.9211480000000165,1241,
2025-12-22T12:12:59.009Z,0.709,2,1000,640x360,1.9513370000000236,1241,
2025-12-22T12:12:59.079Z,0.67,1,600,480x270,1.9982880000000023,1238,
2025-12-22T12:12:59.517Z,0.659,1,600,480x270,1.9576700000000073,1238,
2025-12-22T12:12:59.927Z,0.73,1,600,480x270,1.9300999999999817,1228,
2025-12-22T12:13:00.293Z,0.905,1,600,480x270,1.9894919999999843,1198,
2025-12-22T12:13:00.675Z,1.017,1,600,480x270,1.9929630000000316,1218,
2025-12-22T12:13:01.072Z,1.102,1,600,480x270,1.994558999999981,1182,
2025-12-22T12:13:01.421Z,1.203,1,600,480x270,1.938602000000003,1182,
2025-12-22T12:13:01.845Z,1.35,1,600,480x270,1.9129070000000183,1212,
2025-12-22T12:13:02.158Z,1.517,1,600,480x270,2.006985000000043,1168,
2025-12-22T12:13:02.422Z,1.719,1,600,480x270,1.9450669999999946,1183,
2025-12-22T12:13:02.499Z,1.724,2,1000,640x360,1.9734880000000317,1183,
2025-12-22T12:13:03.027Z,1.656,2,1000,640x360,1.936380999999983,1183,
2025-12-22T12:13:03.615Z,1.552,2,1000,640x360,1.9470889999999486,1278,
2025-12-22T12:13:04.063Z,1.626,2,1000,640x360,2.0058500000000095,1341,
2025-12-22T12:13:04.505Z,1.689,2,1000,640x360,1.9717049999999858,1341,
2025-12-22T12:13:06.124Z,0.43,2,1000,640x360,2.567120999999986,1365,
2025-12-22T12:13:06.209Z,0.434,1,600,480x270,2.544125000000008,1386,
2025-12-22T12:13:06.275Z,0.281,1,600,480x270,2.538913999999977,1386,rebuffer happen
2025-12-22T12:13:06.469Z,0.487,1,600,480x270,2.527580999999998,1386,
2025-12-22T12:13:06.702Z,0.64,1,600,480x270,2.397205999999983,1386,
2025-12-22T12:13:06.965Z,0.787,1,600,480x270,2.335922000000039,1390,
2025-12-22T12:13:07.238Z,0.975,1,600,480x270,2.217784999999992,1390,
2025-12-22T12:13:07.507Z,1.141,1,600,480x270,2.166046999999992,1434,
2025-12-22T12:13:07.784Z,1.289,1,600,480x270,2.1303589999999986,1434,
2025-12-22T12:13:08.069Z,1.481,1,600,480x270,2.125197000000014,1439,
2025-12-22T12:13:08.430Z,1.576,1,600,480x270,2.0287999999999897,1439,
2025-12-22T12:13:08.888Z,1.597,1,600,480x270,2.0213960000000384,1459,
2025-12-22T12:13:09.375Z,1.578,1,600,480x270,2.0110200000000304,1448,
2025-12-22T12:13:09.898Z,1.54,1,600,480x270,1.9743050000000153,1446,
2025-12-22T12:13:09.976Z,1.54,2,1000,640x360,1.9959199999999555,1447,
2025-12-22T12:13:10.428Z,1.498,2,1000,640x360,1.9385809999999992,1447,
2025-12-22T12:13:10.881Z,1.55,2,1000,640x360,1.9809669999999642,1448,
2025-12-22T12:13:11.383Z,1.559,2,1000,640x360,1.9871970000000374,1441,
2025-12-22T12:13:11.883Z,1.522,2,1000,640x360,1.9736929999999688,1467,
2025-12-22T12:13:12.385Z,1.552,2,1000,640x360,1.9846509999999853,1479,
2025-12-22T12:13:12.886Z,1.556,2,1000,640x360,1.9865910000000326,1486,
2025-12-22T12:13:13.381Z,1.572,2,1000,640x360,1.9971719999999777,1501,
2025-12-22T12:13:13.890Z,1.545,2,1000,640x360,1.9788199999999847,1512,
2025-12-22T12:13:14.389Z,1.541,2,1000,640x360,1.9808500000000322,1519,
2025-12-22T12:13:14.466Z,1.548,3,1500,768x432,1.9021260000000098,1536,
2025-12-22T12:13:15.139Z,1.299,3,1500,768x432,1.9295450000000187,1536,
2025-12-22T12:13:15.798Z,1.142,3,1500,768x432,1.959412000000043,1519,
2025-12-22T12:13:16.455Z,0.994,3,1500,768x432,1.9252010000000155,1533,
2025-12-22T12:13:17.097Z,0.849,3,1500,768x432,1.9750169999999798,1547,
2025-12-22T12:13:17.720Z,0.727,3,1500,768x432,1.948116999999911,1546,
2025-12-22T12:13:18.323Z,0.625,3,1500,768x432,1.935216999999966,1540,
2025-12-22T12:13:18.397Z,0.591,2,1000,640x360,1.9622269999999844,1567,
2025-12-22T12:13:18.819Z,0.617,2,1000,640x360,1.9411959999999908,1567,
2025-12-22T12:13:19.225Z,0.718,2,1000,640x360,1.9497109999999793,1567,
2025-12-22T12:13:19.658Z,0.784,2,1000,640x360,2.0013870000000225,1563,
2025-12-22T12:13:20.069Z,0.874,2,1000,640x360,2.002136000000064,1577,
2025-12-22T12:13:20.510Z,0.926,2,1000,640x360,1.9551689999999553,1577,
2025-12-22T12:13:20.943Z,0.985,2,1000,640x360,1.9213989999999512,1573,
2025-12-22T12:13:21.364Z,1.082,2,1000,640x360,2.011294000000021,1566,
2025-12-22T12:13:21.791Z,1.144,2,1000,640x360,1.9759019999999055,1554,
2025-12-22T12:13:21.870Z,1.146,3,1500,768x432,1.9917169999999942,1543,
2025-12-22T12:13:22.516Z,0.895,3,1500,768x432,1.940870000000018,1543,
2025-12-22T12:13:23.216Z,0.749,3,1500,768x432,1.9475509999999758,1561,
2025-12-22T12:13:23.828Z,0.621,3,1500,768x432,1.930152000000021,1566,
2025-12-22T12:13:24.470Z,0.496,3,1500,768x432,2.0043249999999944,1574,
2025-12-22T12:13:24.906Z,0.293,3,1500,768x432,1.9539999999999509,1586,rebuffer happen
2025-12-22T12:13:25.157Z,0.306,3,1500,768x432,2.019930000000045,1586,
2025-12-22T12:13:25.157Z,0.295,3,1500,768x432,2.019764000000009,1586,rebuffer happen
2025-12-22T12:13:25.791Z,0.179,3,1500,768x432,1.9885249999999814,1573,
2025-12-22T12:13:25.866Z,0.161,2,1000,640x360,1.9127389999999878,1578,
2025-12-22T12:13:25.922Z,0.03,2,1000,640x360,1.9654989999999088,1578,rebuffer happen
2025-12-22T12:13:26.287Z,0.229,2,1000,640x360,2.0591020000000526,1578,
2025-12-22T12:13:26.690Z,0.297,2,1000,640x360,2.0618959999999333,1576,rebuffer happen
2025-12-22T12:13:26.721Z,0.277,2,1000,640x360,2.0313899999999876,1576,
2025-12-22T12:13:27.182Z,0.341,2,1000,640x360,2.0563550000000532,1570,
2025-12-22T12:13:27.236Z,0.27,2,1000,640x360,1.9963940000000093,1566,rebuffer happen
2025-12-22T12:13:27.453Z,0.296,2,1000,640x360,1.9574010000000044,1566,rebuffer happen
2025-12-22T12:13:27.632Z,0.337,2,1000,640x360,1.969914000000017,1566,
2025-12-22T12:13:27.756Z,0.241,2,1000,640x360,1.9326919999999745,1606,rebuffer happen
2025-12-22T12:13:28.083Z,0.384,2,1000,640x360,2.015700000000038,1606,
2025-12-22T12:13:28.174Z,0.291,2,1000,640x360,2.0156650000000127,1595,rebuffer happen
2025-12-22T12:13:28.513Z,0.432,2,1000,640x360,1.9655609999999797,1595,
2025-12-22T12:13:28.938Z,0.51,2,1000,640x360,1.9262939999999844,1595,
2025-12-22T12:13:29.353Z,0.591,2,1000,640x360,1.92063399999995,1640,
2025-12-22T12:13:29.799Z,0.634,2,1000,640x360,1.971712000000025,1602,
2025-12-22T12:13:30.252Z,0.689,2,1000,640x360,1.912555999999995,1661,
2025-12-22T12:13:30.698Z,0.734,2,1000,640x360,1.959983999999963,1639,
2025-12-22T12:13:31.176Z,0.754,2,1000,640x360,1.9898619999999028,1690,
2025-12-22T12:13:31.653Z,0.776,2,1000,640x360,1.9109109999999419,1657,
2025-12-22T12:13:32.061Z,0.864,2,1000,640x360,2.0059250000000475,1654,
2025-12-22T12:13:32.493Z,0.949,2,1000,640x360,1.9732060000000047,1654,
2025-12-22T12:13:32.930Z,0.999,2,1000,640x360,1.929155000000037,1629,
2025-12-22T12:13:33.005Z,1.001,3,1500,768x432,1.9585419999999658,1686,
2025-12-22T12:13:33.661Z,0.792,3,1500,768x432,2.0040410000000293,1686,
2025-12-22T12:13:34.318Z,0.59,3,1500,768x432,1.9451720000000705,1675,
2025-12-22T12:13:34.940Z,0.49,3,1500,768x432,1.9240630000000465,1682,
2025-12-22T12:13:35.552Z,0.39,3,1500,768x432,1.911563000000001,1670,
2025-12-22T12:13:35.743Z,0.191,3,1500,768x432,1.9215649999999869,1670,rebuffer happen
2025-12-22T12:13:36.208Z,0.238,3,1500,768x432,1.9634339999998929,1670,
2025-12-22T12:13:36.414Z,0.025,3,1500,768x432,1.9632239999999683,1666,rebuffer happen
2025-12-22T12:13:36.814Z,0.033,3,1500,768x432,1.9591910000000325,1666,rebuffer happen
2025-12-22T12:13:36.890Z,0.081,3,1500,768x432,1.988034999999968,1666,
2025-12-22T12:13:36.931Z,0.022,2,1000,640x360,1.94710299999997,1666,rebuffer happen
2025-12-22T12:13:36.959Z,0.022,2,1000,640x360,1.94710299999997,1666,
2025-12-22T12:13:37.407Z,0.223,2,1000,640x360,2.164086999999995,1666,
2025-12-22T12:13:37.871Z,0.268,2,1000,640x360,2.1998029999999744,1620,
2025-12-22T12:13:38.252Z,0.296,2,1000,640x360,2.1257309999999734,1583,rebuffer happen
2025-12-22T12:13:38.303Z,0.298,2,1000,640x360,2.161474999999996,1583,rebuffer happen
2025-12-22T12:13:38.334Z,0.298,2,1000,640x360,2.123615000000086,1583,
2025-12-22T12:13:38.782Z,0.287,2,1000,640x360,2.1299150000000964,1608,
2025-12-22T12:13:39.227Z,0.327,2,1000,640x360,2.048281999999972,1590,
2025-12-22T12:13:39.318Z,0.216,2,1000,640x360,2.041594000000032,1568,rebuffer happen
2025-12-22T12:13:39.671Z,0.345,2,1000,640x360,2.0728070000000116,1568,
2025-12-22T12:13:39.745Z,0.262,2,1000,640x360,1.9913940000000139,1552,rebuffer happen
2025-12-22T12:13:40.125Z,0.37,2,1000,640x360,2.018791999999962,1552,
2025-12-22T12:13:40.573Z,0.398,2,1000,640x360,2.0318289999999024,1682,
2025-12-22T12:13:41.034Z,0.414,2,1000,640x360,1.9540660000000116,1627,
2025-12-22T12:13:41.496Z,0.473,2,1000,640x360,1.99072799999999,1627,
2025-12-22T12:13:41.936Z,0.48,2,1000,640x360,1.933565999999928,1597,
2025-12-22T12:13:42.355Z,0.591,2,1000,640x360,1.9095140000000583,1668,
2025-12-22T12:13:42.798Z,0.621,2,1000,640x360,1.9579350000000204,1635,
2025-12-22T12:13:43.218Z,0.724,2,1000,640x360,1.9444969999999557,1658,
2025-12-22T12:13:43.659Z,0.761,2,1000,640x360,2.0005429999999933,1689,
2025-12-22T12:13:44.088Z,0.849,2,1000,640x360,1.9860760000000255,1678,
2025-12-22T12:13:44.498Z,0.926,2,1000,640x360,1.971290999999951,1672,
2025-12-22T12:13:44.908Z,0.997,2,1000,640x360,1.9484390000000076,1672,
2025-12-22T12:13:44.975Z,1.023,3,1500,768x432,1.9906180000000404,1670,
2025-12-22T12:13:45.581Z,0.862,3,1500,768x432,1.9869609999999511,1670,
2025-12-22T12:13:46.154Z,0.782,3,1500,768x432,1.9099679999999353,1670,
2025-12-22T12:13:46.758Z,0.642,3,1500,768x432,1.999729000000002,1676,
2025-12-22T12:13:47.353Z,0.552,3,1500,768x432,1.9096959999999399,1656,
2025-12-22T12:13:47.949Z,0.486,3,1500,768x432,1.907781,1685,
2025-12-22T12:13:48.540Z,0.409,3,1500,768x432,1.9214849999999615,1695,
2025-12-22T12:13:48.619Z,0.396,2,1000,640x360,1.9452810000000227,1710,
2025-12-22T12:13:48.772Z,0.228,2,1000,640x360,1.9941669999999476,1710,rebuffer happen
2025-12-22T12:13:49.022Z,0.409,2,1000,640x360,1.9419810000000552,1710,
2025-12-22T12:13:49.427Z,0.494,2,1000,640x360,1.9436190000000124,1755,
2025-12-22T12:13:49.831Z,0.6,2,1000,640x360,1.9380629999999428,1730,
2025-12-22T12:13:50.236Z,0.722,2,1000,640x360,1.9485280000000103,1725,
2025-12-22T12:13:50.632Z,0.799,2,1000,640x360,1.9384049999999888,1741,
2025-12-22T12:13:51.058Z,0.877,2,1000,640x360,2.0068519999999808,1777,
2025-12-22T12:13:51.471Z,0.949,2,1000,640x360,1.9901569999999538,1777,
2025-12-22T12:13:51.880Z,1.045,2,1000,640x360,1.9787840000000188,1738,
2025-12-22T12:13:52.289Z,1.144,2,1000,640x360,1.9785589999999047,1747,
2025-12-22T12:13:52.357Z,1.107,3,1500,768x432,1.9098259999999527,1737,
2025-12-22T12:13:52.977Z,0.948,3,1500,768x432,1.9924399999999878,1737,
2025-12-22T12:13:53.588Z,0.846,3,1500,768x432,1.9797790000000077,1746,
2025-12-22T12:13:54.266Z,0.716,3,1500,768x432,2.0222159999999576,1740,
2025-12-22T12:13:55.052Z,0.401,3,1500,768x432,1.9106669999999895,1716,
2025-12-22T12:13:55.251Z,0.186,3,1500,768x432,1.91083500000002,1661,rebuffer happen
2025-12-22T12:13:55.822Z,0.107,3,1500,768x432,1.9460579999999936,1661,
2025-12-22T12:13:55.902Z,0.113,2,1000,640x360,1.9599940000000515,1644,
2025-12-22T12:13:55.913Z,0.023,2,1000,640x360,1.9491230000000996,1644,rebuffer happen
2025-12-22T12:13:56.428Z,0.222,2,1000,640x360,2.1340569999999843,1644,
2025-12-22T12:13:56.614Z,0.021,2,1000,640x360,2.149046999999996,1590,rebuffer happen
2025-12-22T12:13:56.945Z,0.215,2,1000,640x360,2.1417229999999563,1590,
2025-12-22T12:13:57.474Z,0.186,2,1000,640x360,2.224393999999961,1628,
2025-12-22T12:13:57.648Z,0.025,2,1000,640x360,2.14965600000005,1573,rebuffer happen
2025-12-22T12:13:58.004Z,0.221,2,1000,640x360,2.2372839999999314,1573,
2025-12-22T12:13:58.529Z,0.219,2,1000,640x360,2.2297179999999344,1579,
2025-12-22T12:13:58.716Z,0.018,2,1000,640x360,2.2470400000000836,1584,rebuffer happen
2025-12-22T12:13:59.045Z,0.219,2,1000,640x360,2.2416729999999916,1584,
2025-12-22T12:13:59.233Z,0.029,2,1000,640x360,2.2548799999999574,1517,rebuffer happen
2025-12-22T12:13:59.558Z,0.212,2,1000,640x360,2.3364859999999226,1517,
2025-12-22T12:13:59.640Z,0.155,1,600,480x270,2.253981999999951,1551,
2025-12-22T12:13:59.750Z,0.019,1,600,480x270,2.2440050000000156,1551,rebuffer happen
2025-12-22T12:13:59.951Z,0.387,1,600,480x270,2.323140999999964,1551,
2025-12-22T12:14:00.131Z,0.224,1,600,480x270,2.285641000000055,1527,rebuffer happen
2025-12-22T12:14:00.273Z,0.461,1,600,480x270,2.288899000000015,1527,
2025-12-22T12:14:00.613Z,0.511,1,600,480x270,2.151931999999988,1509,
2025-12-22T12:14:00.945Z,0.625,1,600,480x270,2.0443159999999807,1441,
2025-12-22T12:14:01.248Z,0.794,1,600,480x270,2.02527699999996,1441,
2025-12-22T12:14:01.580Z,0.925,1,600,480x270,2.0471730000000434,1364,
2025-12-22T12:14:01.905Z,1.048,1,600,480x270,1.9923219999999446,1402,
2025-12-22T12:14:02.225Z,1.248,1,600,480x270,1.9943360000000894,1402,
2025-12-22T12:14:02.520Z,1.422,1,600,480x270,1.9711480000000847,1356,
2025-12-22T12:14:02.885Z,1.572,1,600,480x270,1.9977330000000393,1356,
2025-12-22T12:14:03.374Z,1.586,1,600,480x270,2.018623000000048,1452,
2025-12-22T12:14:03.441Z,1.587,2,1000,640x360,1.9483470000000125,1408,
2025-12-22T12:14:03.906Z,1.526,2,1000,640x360,1.9674559999999701,1408,
2025-12-22T12:14:04.389Z,1.544,2,1000,640x360,1.9815920000000915,1421,
2025-12-22T12:14:04.890Z,1.553,2,1000,640x360,1.975900999999908,1352,
2025-12-22T12:14:05.381Z,1.558,2,1000,640x360,1.9900599999999713,1398,
2025-12-22T12:14:05.883Z,1.554,2,1000,640x360,1.9824919999999793,1347,
2025-12-22T12:14:06.378Z,1.567,2,1000,640x360,1.9989179999998896,1352,
2025-12-22T12:14:06.881Z,1.522,2,1000,640x360,1.9811449999999695,1355,
2025-12-22T12:14:07.370Z,1.571,2,1000,640x360,2.00434000000007,1382,
2025-12-22T12:14:07.881Z,1.556,2,1000,640x360,1.9887769999999136,1377,
2025-12-22T12:14:08.380Z,1.561,2,1000,640x360,1.984597000000008,1403,
2025-12-22T12:14:08.923Z,1.501,2,1000,640x360,1.9346120000000155,1404,
2025-12-22T12:14:09.484Z,1.442,2,1000,640x360,1.9793419999999742,1344,
2025-12-22T12:14:10.076Z,1.368,2,1000,640x360,1.99699099999998,1313,
2025-12-22T12:14:10.660Z,1.269,2,1000,640x360,2.0027999999999793,1292,
2025-12-22T12:14:11.222Z,1.224,2,1000,640x360,1.9652340000000095,1252,
2025-12-22T12:14:11.784Z,1.146,2,1000,640x360,1.9781060000000252,1233,
2025-12-22T12:14:12.332Z,1.095,2,1000,640x360,1.9361419999999043,1207,
2025-12-22T12:14:12.873Z,1.055,2,1000,640x360,1.985689000000093,1143,
2025-12-22T12:14:13.386Z,1.058,2,1000,640x360,1.975832999999966,1173,
2025-12-22T12:14:13.905Z,1.033,2,1000,640x360,1.9564189999999826,1294,
2025-12-22T12:14:14.442Z,1.003,2,1000,640x360,1.9271530000000894,1261,
2025-12-22T12:14:14.517Z,0.948,1,600,480x270,1.947426000000064,1215,
2025-12-22T12:14:14.848Z,1.065,1,600,480x270,1.9088130000000092,1215,
2025-12-22T12:14:15.168Z,1.263,1,600,480x270,2.0077699999999368,1228,
2025-12-22T12:14:15.490Z,1.429,1,600,480x270,1.9784440000000814,1240,
2025-12-22T12:14:15.881Z,1.549,1,600,480x270,1.9883050000000821,1240,
2025-12-22T12:14:16.380Z,1.578,1,600,480x270,2.009186999999997,1227,
2025-12-22T12:14:16.874Z,1.566,1,600,480x270,1.996261000000004,1237,
2025-12-22T12:14:17.376Z,1.561,1,600,480x270,1.9957490000000462,1234,
2025-12-22T12:14:17.876Z,1.557,1,600,480x270,1.987021000000027,1235,
2025-12-22T12:14:17.954Z,1.554,2,1000,640x360,1.9068809999999985,1243,
2025-12-22T12:14:18.568Z,1.372,2,1000,640x360,2.00338899999997,1243,
2025-12-22T12:14:19.213Z,1.234,2,1000,640x360,1.9646350000000439,1202,
2025-12-22T12:14:19.885Z,1.052,2,1000,640x360,1.9740719999999783,1210,
2025-12-22T12:14:20.550Z,0.899,2,1000,640x360,1.919082000000003,1174,
2025-12-22T12:14:21.149Z,0.804,2,1000,640x360,1.9121470000000045,1204,
2025-12-22T12:14:21.698Z,0.751,2,1000,640x360,1.9645940000000337,1214,
2025-12-22T12:14:21.769Z,0.723,1,600,480x270,1.9891260000000557,1229,
2025-12-22T12:14:22.093Z,0.839,1,600,480x270,1.9774680000000444,1229,
2025-12-22T12:14:22.456Z,0.973,1,600,480x270,1.9058129999999665,1199,
2025-12-22T12:14:22.814Z,1.109,1,600,480x270,1.9482870000000503,1199,
2025-12-22T12:14:23.168Z,1.26,1,600,480x270,2.0037530000000743,1198,
2025-12-22T12:14:23.527Z,1.392,1,600,480x270,1.9467959999999493,1211,
2025-12-22T12:14:23.871Z,1.538,1,600,480x270,1.9905069999999796,1211,
2025-12-22T12:14:24.379Z,1.572,1,600,480x270,2.0029389999999694,1250,
2025-12-22T12:14:24.874Z,1.542,1,600,480x270,1.988495999999941,1250,
2025-12-22T12:14:25.374Z,1.557,1,600,480x270,1.9841189999999642,1270,
2025-12-22T12:14:25.459Z,1.558,2,1000,640x360,1.8996339999999918,1255,
2025-12-22T12:14:26.018Z,1.412,2,1000,640x360,1.955596000000014,1255,
2025-12-22T12:14:26.553Z,1.388,2,1000,640x360,1.9142010000000482,1202,
2025-12-22T12:14:27.102Z,1.311,2,1000,640x360,1.9716570000000502,1192,
2025-12-22T12:14:27.626Z,1.304,2,1000,640x360,1.9342579999999998,1215,
2025-12-22T12:14:28.173Z,1.262,2,1000,640x360,2.0017650000000913,1209,
2025-12-22T12:14:28.712Z,1.217,2,1000,640x360,1.9657170000000406,1201,
2025-12-22T12:14:29.262Z,1.162,2,1000,640x360,2.0000909999999976,1161,
2025-12-22T12:14:29.812Z,1.123,2,1000,640x360,1.956564999999955,1230,
2025-12-22T12:14:30.355Z,1.093,2,1000,640x360,1.9196510000000444,1233,
2025-12-22T12:14:30.891Z,1.057,2,1000,640x360,1.9731950000000325,1194,
2025-12-22T12:14:31.425Z,1.019,2,1000,640x360,1.940089999999941,1189,
2025-12-22T12:14:31.989Z,0.947,2,1000,640x360,1.978725000000054,1191,
2025-12-22T12:14:32.070Z,0.947,1,600,480x270,2.0003019999999196,1223,
2025-12-22T12:14:32.395Z,1.053,1,600,480x270,1.9753819999999678,1223,
2025-12-22T12:14:32.705Z,1.224,1,600,480x270,1.9588830000000144,1228,
2025-12-22T12:14:33.030Z,1.398,1,600,480x270,1.9344730000000254,1250,
2025-12-22T12:14:33.380Z,1.578,1,600,480x270,2.0084170000000086,1250,
2025-12-22T12:14:33.874Z,1.544,1,600,480x270,1.995017999999959,1270,
2025-12-22T12:14:34.370Z,1.567,1,600,480x270,1.9955989999999701,1287,
2025-12-22T12:14:34.876Z,1.564,1,600,480x270,1.9869889999999941,1283,
2025-12-22T12:14:35.372Z,1.563,1,600,480x270,1.9947730000000092,1298,
2025-12-22T12:14:35.872Z,1.538,1,600,480x270,1.985728999999992,1285,
2025-12-22T12:14:35.937Z,1.559,2,1000,640x360,1.919616000000019,1314,
2025-12-22T12:14:36.383Z,1.569,2,1000,640x360,1.9922270000000708,1314,
2025-12-22T12:14:36.874Z,1.558,2,1000,640x360,1.9901429999999891,1341,
2025-12-22T12:14:37.380Z,1.58,2,1000,640x360,1.9967019999999138,1362,
2025-12-22T12:14:37.875Z,1.563,2,1000,640x360,1.9893499999999449,1385,
2025-12-22T12:14:38.372Z,1.559,2,1000,640x360,1.9916680000000042,1403,
2025-12-22T12:14:38.876Z,1.561,2,1000,640x360,1.9871160000000145,1421,
2025-12-22T12:14:39.382Z,1.563,2,1000,640x360,1.9939640000000054,1433,
2025-12-22T12:14:39.877Z,1.555,2,1000,640x360,1.979588999999919,1454,
2025-12-22T12:14:40.370Z,1.572,2,1000,640x360,1.9995260000000599,1466,
2025-12-22T12:14:40.886Z,1.559,2,1000,640x360,1.9701169999999593,1483,
2025-12-22T12:14:41.607Z,1.397,2,1000,640x360,1.9661029999999755,1488,
2025-12-22T12:14:42.257Z,1.161,2,1000,640x360,1.9142909999999347,1459,
2025-12-22T12:14:42.894Z,1.034,2,1000,640x360,1.9623550000000023,1437,
2025-12-22T12:14:43.540Z,0.905,2,1000,640x360,1.923563999999942,1396,
2025-12-22T12:14:43.615Z,0.872,1,600,480x270,1.945312999999942,1374,
2025-12-22T12:14:43.997Z,0.931,1,600,480x270,1.9701800000000276,1374,
2025-12-22T12:14:44.389Z,1.044,1,600,480x270,1.9772670000000971,1318,
2025-12-22T12:14:44.791Z,1.125,1,600,480x270,1.9739769999999908,1325,
2025-12-22T12:14:45.195Z,1.24,1,600,480x270,1.993041000000062,1265,
2025-12-22T12:14:45.580Z,1.359,1,600,480x270,1.9933209999999235,1313,
2025-12-22T12:14:45.960Z,1.413,1,600,480x270,2.0010690000000295,1278,
2025-12-22T12:14:46.366Z,1.545,1,600,480x270,1.9939600000000155,1278,
2025-12-22T12:14:46.905Z,1.558,1,600,480x270,1.9572549999999183,1193,
2025-12-22T12:14:47.405Z,1.56,1,600,480x270,1.9619599999999764,1199,
2025-12-22T12:14:47.485Z,1.461,2,1000,640x360,1.975802999999928,1210,
2025-12-22T12:14:48.105Z,1.333,2,1000,640x360,1.976118999999926,1210,
2025-12-22T12:14:48.693Z,1.238,2,1000,640x360,1.9726909999999407,1178,
2025-12-22T12:14:49.270Z,1.158,2,1000,640x360,1.9892149999999447,1128,
2025-12-22T12:14:49.814Z,1.1,2,1000,640x360,1.953755000000001,1163,
2025-12-22T12:14:50.325Z,1.122,2,1000,640x360,1.9545940000000428,1113,
2025-12-22T12:14:50.912Z,1.018,2,1000,640x360,1.9462710000000243,1095,
2025-12-22T12:14:51.489Z,0.955,2,1000,640x360,1.9781520000000228,1124,
2025-12-22T12:14:51.553Z,0.891,1,600,480x270,1.913165000000049,1140,
2025-12-22T12:14:51.845Z,1.083,1,600,480x270,1.913043000000016,1140,
2025-12-22T12:14:52.136Z,1.287,1,600,480x270,1.9339029999999866,1116,
2025-12-22T12:14:52.459Z,1.463,1,600,480x270,2.004585999999904,1128,
2025-12-22T12:14:52.910Z,1.529,1,600,480x270,1.95790599999998,1128,
2025-12-22T12:14:53.380Z,1.56,1,600,480x270,2.00018799999998,1066,
2025-12-22T12:14:53.868Z,1.575,1,600,480x270,1.9899709999999686,999,
2025-12-22T12:14:54.367Z,1.544,1,600,480x270,1.994517999999971,936,
2025-12-22T12:14:54.896Z,1.566,1,600,480x270,1.9728549999999814,936,
2025-12-22T12:14:55.389Z,1.566,1,600,480x270,1.973524999999995,896,
2025-12-22T12:14:55.862Z,1.54,1,600,480x270,1.9934779999999819,936,
2025-12-22T12:14:56.396Z,1.568,1,600,480x270,1.9786020000000235,875,
2025-12-22T12:14:56.920Z,1.551,1,600,480x270,1.9422020000000657,960,
2025-12-22T12:14:57.388Z,1.524,1,600,480x270,1.9708630000000085,944,
2025-12-22T12:14:57.873Z,1.555,1,600,480x270,1.9881179999999858,920,
2025-12-22T12:14:58.387Z,1.549,1,600,480x270,1.9792509999999766,835,
2025-12-22T12:14:58.873Z,1.556,1,600,480x270,1.9892629999999372,787,
2025-12-22T12:14:59.407Z,1.556,1,600,480x270,1.9579929999999877,805,
2025-12-22T12:14:59.870Z,1.557,1,600,480x270,1.988725000000045,745,
2025-12-22T12:15:00.372Z,1.562,1,600,480x270,1.9935669999999845,701,
2025-12-22T12:15:00.883Z,1.524,1,600,480x270,1.988358000000062,717,
2025-12-22T12:15:01.586Z,1.349,1,600,480x270,1.9720439999999826,660,
2025-12-22T12:15:02.552Z,0.908,1,600,480x270,1.9140519999999697,626,
2025-12-22T12:15:02.630Z,0.886,0,200,320x180,1.9425299999999197,716,
2025-12-22T12:15:02.826Z,1.046,0,200,320x180,1.9338880000000245,716,
2025-12-22T12:15:03.078Z,1.316,0,200,320x180,1.9943160000000262,697,
2025-12-22T12:15:03.380Z,1.594,0,200,320x180,2.0054830000000265,717,
2025-12-22T12:15:03.880Z,1.535,0,200,320x180,1.9943120000000363,717,
2025-12-22T12:15:04.391Z,1.595,0,200,320x180,1.9801099999999678,702,
2025-12-22T12:15:04.845Z,1.561,0,200,320x180,1.925493000000074,747,
2025-12-22T12:15:05.390Z,1.562,0,200,320x180,1.9751280000000406,720,
2025-12-22T12:15:05.871Z,1.59,0,200,320x180,1.9899829999999383,713,
2025-12-22T12:15:06.356Z,1.576,0,200,320x180,1.9181760000000168,698,
2025-12-22T12:15:06.433Z,1.515,1,600,480x270,1.9287469999999303,680,
2025-12-22T12:15:06.875Z,1.556,1,600,480x270,1.986750999999913,680,
2025-12-22T12:15:07.450Z,1.47,1,600,480x270,1.9163999999999533,720,
2025-12-22T12:15:08.847Z,0.579,1,600,480x270,1.9206669999999804,752,
2025-12-22T12:15:09.231Z,0.694,1,600,480x270,1.932158999999956,771,
2025-12-22T12:15:09.637Z,0.782,1,600,480x270,1.9229880000000321,817,
2025-12-22T12:15:09.956Z,0.968,1,600,480x270,1.9038040000000365,843,
2025-12-22T12:15:10.358Z,1.082,1,600,480x270,2.0065099999999347,843,
2025-12-22T12:15:10.729Z,1.198,1,600,480x270,1.9345480000000634,947,
2025-12-22T12:15:11.119Z,1.329,1,600,480x270,1.9585779999999886,928,
2025-12-22T12:15:11.497Z,1.422,1,600,480x270,1.9690249999999878,952,
2025-12-22T12:15:11.879Z,1.546,1,600,480x270,1.9785859999999502,952,
2025-12-22T12:15:12.379Z,1.555,1,600,480x270,1.9812580000000253,976,
2025-12-22T12:15:12.868Z,1.564,1,600,480x270,1.989270999999917,983,
2025-12-22T12:15:13.373Z,1.567,1,600,480x270,1.9961499999999432,995,
2025-12-22T12:15:13.873Z,1.537,1,600,480x270,1.9877060000000029,1003,
2025-12-22T12:15:14.361Z,1.57,1,600,480x270,2.0028469999999743,1011,
2025-12-22T12:15:14.865Z,1.567,1,600,480x270,1.9988710000000083,1021,
2025-12-22T12:15:14.940Z,1.52,2,1000,640x360,1.9239880000000085,1033,
2025-12-22T12:15:15.487Z,1.445,2,1000,640x360,1.9804070000000138,1033,
2025-12-22T12:15:16.048Z,1.394,2,1000,640x360,1.9152050000000145,1038,
2025-12-22T12:15:16.693Z,1.245,2,1000,640x360,1.9658849999999575,1027,
2025-12-22T12:15:17.172Z,1.269,2,1000,640x360,1.9940139999999928,1034,
2025-12-22T12:15:17.791Z,0.856,2,1000,640x360,1.9746030000000019,1030,
2025-12-22T12:15:17.874Z,0.673,1,600,480x270,1.9855230000000574,855,
2025-12-22T12:15:18.380Z,0.154,1,600,480x270,1.9860150000000658,855,rebuffer happen
2025-12-22T12:15:18.517Z,0.018,1,600,480x270,1.9441929999999275,855,rebuffer happen
2025-12-22T12:15:19.984Z,0.018,1,600,480x270,3.453192999999942,855,