timestamp,bufferLevel,qualityIndex,bitrateKbps,resolution,liveLatency,predictedKbps,rebuffer
2025-12-22T12:28:35.323Z,0,2,1000,640x360,1.2945,,
2025-12-22T12:28:35.326Z,0,2,1000,640x360,1.2945,,rebuffer happen
2025-12-22T12:28:35.478Z,0.451,2,1000,640x360,1.4621279999999999,,
2025-12-22T12:28:35.662Z,0.475,3,1500,768x432,1.296527,3475,
2025-12-22T12:28:35.745Z,0.294,3,1500,768x432,1.54611,3475,rebuffer happen
2025-12-22T12:28:35.867Z,0.355,3,1500,768x432,1.4745510000000002,3475,
2025-12-22T12:28:36.069Z,1.037,3,1500,768x432,1.4973809999999999,2816,
2025-12-22T12:28:36.231Z,1.442,3,1500,768x432,1.600202,3029,
2025-12-22T12:28:36.419Z,1.819,3,1500,768x432,1.582535,3127,
2025-12-22T12:28:36.818Z,2.055,3,1500,768x432,1.7130829999999997,3127,
2025-12-22T12:28:37.280Z,2.18,3,1500,768x432,1.8377529999999997,3197,
2025-12-22T12:28:38.144Z,1.908,3,1500,768x432,1.952817,3189,
2025-12-22T12:28:38.375Z,2.23,3,1500,768x432,1.9424599999999996,3206,
2025-12-22T12:28:38.972Z,2.114,3,1500,768x432,1.9532659999999997,3086,
2025-12-22T12:28:39.453Z,2.141,3,1500,768x432,1.9796220000000004,3069,
2025-12-22T12:28:39.918Z,2.157,3,1500,768x432,1.9100920000000006,3133,
2025-12-22T12:28:40.430Z,2.163,3,1500,768x432,2.0088860000000004,3120,
2025-12-22T12:28:40.942Z,2.145,3,1500,768x432,1.9916579999999993,3095,
2025-12-22T12:28:41.456Z,2.146,3,1500,768x432,1.9730299999999996,3034,
2025-12-22T12:28:41.945Z,2.143,3,1500,768x432,1.9856119999999997,3063,
2025-12-22T12:28:42.440Z,2.15,3,1500,768x432,1.9982479999999994,3095,
2025-12-22T12:28:42.933Z,2.151,3,1500,768x432,2.0014339999999997,3085,
2025-12-22T12:28:43.441Z,2.16,3,1500,768x432,2.000190999999999,3110,
2025-12-22T12:28:43.900Z,2.177,3,1500,768x432,1.9376770000000008,3121,
2025-12-22T12:28:44.400Z,2.191,3,1500,768x432,1.9331069999999997,3147,
2025-12-22T12:28:44.905Z,2.18,3,1500,768x432,1.9254309999999997,3160,
2025-12-22T12:28:45.400Z,2.18,3,1500,768x432,1.9288150000000002,3204,
2025-12-22T12:28:45.907Z,2.177,3,1500,768x432,1.9218909999999987,3272,
2025-12-22T12:28:46.406Z,2.182,3,1500,768x432,1.9298319999999993,3295,
2025-12-22T12:28:46.897Z,2.181,3,1500,768x432,1.9295999999999989,3318,
2025-12-22T12:28:47.407Z,2.182,3,1500,768x432,1.937925,3310,
2025-12-22T12:28:47.913Z,2.166,3,1500,768x432,1.921742,3364,
2025-12-22T12:28:48.410Z,2.157,3,1500,768x432,1.9239069999999998,3401,
2025-12-22T12:28:48.869Z,2.204,3,1500,768x432,1.957510000000001,3370,
2025-12-22T12:28:49.349Z,2.248,3,1500,768x432,1.977405000000001,3383,
2025-12-22T12:28:49.855Z,2.222,3,1500,768x432,1.9730369999999997,3422,
2025-12-22T12:28:50.387Z,2.195,3,1500,768x432,1.949377000000002,3482,
2025-12-22T12:28:50.842Z,2.239,3,1500,768x432,1.9865449999999996,3462,
2025-12-22T12:28:51.451Z,2.143,3,1500,768x432,1.992958999999999,3452,
2025-12-22T12:28:51.955Z,2.125,3,1500,768x432,1.9785570000000003,3516,
2025-12-22T12:28:52.457Z,2.114,3,1500,768x432,1.968864,3454,
2025-12-22T12:28:52.962Z,2.117,3,1500,768x432,1.9649919999999987,3404,
2025-12-22T12:28:53.459Z,2.143,3,1500,768x432,1.976233999999998,3343,
2025-12-22T12:28:53.966Z,2.113,3,1500,768x432,1.9633850000000024,3329,
2025-12-22T12:28:54.447Z,2.125,3,1500,768x432,1.9827639999999995,3298,
2025-12-22T12:28:54.863Z,2.211,3,1500,768x432,1.963588999999999,3232,
2025-12-22T12:28:55.405Z,2.183,3,1500,768x432,1.9306839999999994,3218,
2025-12-22T12:28:55.946Z,2.141,3,1500,768x432,1.9860909999999983,3238,
2025-12-22T12:28:56.467Z,2.137,3,1500,768x432,1.9764870000000023,3165,
2025-12-22T12:28:56.945Z,2.138,3,1500,768x432,1.9904249999999983,3196,
2025-12-22T12:28:57.459Z,2.126,3,1500,768x432,1.9684519999999992,3176,
2025-12-22T12:28:57.953Z,2.124,3,1500,768x432,1.9744020000000013,3160,
2025-12-22T12:28:58.431Z,2.148,3,1500,768x432,2.0009629999999987,3179,
2025-12-22T12:28:58.936Z,2.144,3,1500,768x432,1.989326000000002,3285,
2025-12-22T12:28:59.353Z,2.252,3,1500,768x432,1.9817509999999992,3335,
2025-12-22T12:28:59.807Z,2.293,3,1500,768x432,1.9225299999999983,3359,
2025-12-22T12:29:00.311Z,2.27,3,1500,768x432,1.9292979999999993,3362,
2025-12-22T12:29:00.858Z,2.232,3,1500,768x432,1.9739010000000015,3379,
2025-12-22T12:29:01.473Z,2.16,3,1500,768x432,1.9747849999999971,3431,
2025-12-22T12:29:01.876Z,2.211,3,1500,768x432,1.962605,3464,
2025-12-22T12:29:02.354Z,2.226,3,1500,768x432,1.9830960000000033,3477,
2025-12-22T12:29:02.855Z,2.224,3,1500,768x432,1.978359000000001,3494,
2025-12-22T12:29:03.337Z,2.241,3,1500,768x432,2.0008870000000023,3518,
2025-12-22T12:29:03.838Z,2.236,3,1500,768x432,1.9911840000000005,3548,
2025-12-22T12:29:04.343Z,2.246,3,1500,768x432,1.9971950000000014,3571,
2025-12-22T12:29:04.849Z,2.232,3,1500,768x432,1.9852600000000002,3602,
2025-12-22T12:29:05.344Z,2.268,3,1500,768x432,1.9993949999999998,3613,
2025-12-22T12:29:05.842Z,2.24,3,1500,768x432,1.9978230000000003,3635,
2025-12-22T12:29:06.342Z,2.234,3,1500,768x432,1.988593999999999,3693,
2025-12-22T12:29:06.846Z,2.251,3,1500,768x432,1.9820080000000004,3700,
2025-12-22T12:29:07.346Z,2.236,3,1500,768x432,1.987524999999998,3712,
2025-12-22T12:29:07.845Z,2.253,3,1500,768x432,1.986112999999996,3774,
2025-12-22T12:29:08.349Z,2.237,3,1500,768x432,1.990077999999997,3798,
2025-12-22T12:29:08.853Z,2.225,3,1500,768x432,1.9769949999999952,3800,
2025-12-22T12:29:09.351Z,2.235,3,1500,768x432,1.9882869999999997,3826,
2025-12-22T12:29:09.852Z,2.229,3,1500,768x432,1.9854859999999945,3846,
2025-12-22T12:29:10.353Z,2.221,3,1500,768x432,1.9747600000000034,3846,
2025-12-22T12:29:10.855Z,2.22,3,1500,768x432,1.9726950000000016,3855,
2025-12-22T12:29:11.357Z,2.22,3,1500,768x432,1.975003000000001,3844,
2025-12-22T12:29:11.852Z,2.221,3,1500,768x432,1.977300999999997,3877,
2025-12-22T12:29:12.352Z,2.232,3,1500,768x432,1.9863280000000003,3882,
2025-12-22T12:29:12.851Z,2.219,3,1500,768x432,1.977573999999997,3903,
2025-12-22T12:29:13.349Z,2.237,3,1500,768x432,1.9958370000000016,3933,
2025-12-22T12:29:13.881Z,2.198,3,1500,768x432,1.9513959999999955,3918,
2025-12-22T12:29:14.307Z,2.275,3,1500,768x432,1.933283000000003,3945,
2025-12-22T12:29:14.822Z,2.263,3,1500,768x432,1.9193050000000014,3932,
2025-12-22T12:29:15.338Z,2.245,3,1500,768x432,1.9986159999999984,3955,
2025-12-22T12:29:15.850Z,2.225,3,1500,768x432,1.9782749999999965,3953,
2025-12-22T12:29:16.358Z,2.22,3,1500,768x432,1.9753389999999982,3980,
2025-12-22T12:29:16.864Z,2.211,3,1500,768x432,1.9686439999999976,4008,
2025-12-22T12:29:17.371Z,2.241,3,1500,768x432,1.9705079999999953,4026,
2025-12-22T12:29:17.878Z,2.203,3,1500,768x432,1.9535040000000023,4057,
2025-12-22T12:29:18.374Z,2.216,3,1500,768x432,1.9708129999999997,4050,
2025-12-22T12:29:18.873Z,2.214,3,1500,768x432,1.962485000000001,4064,
2025-12-22T12:29:19.364Z,2.213,3,1500,768x432,1.9710830000000001,4070,
2025-12-22T12:29:19.859Z,2.214,3,1500,768x432,1.9684969999999993,4078,
2025-12-22T12:29:20.358Z,2.216,3,1500,768x432,1.9713139999999996,4079,
2025-12-22T12:29:20.857Z,2.24,3,1500,768x432,1.9698999999999955,4077,
2025-12-22T12:29:21.358Z,2.249,3,1500,768x432,1.979764000000003,4097,
2025-12-22T12:29:21.857Z,2.223,3,1500,768x432,1.9734920000000002,4085,
2025-12-22T12:29:22.353Z,2.234,3,1500,768x432,1.9925660000000036,4083,
2025-12-22T12:29:22.859Z,2.222,3,1500,768x432,1.978467000000002,4102,
2025-12-22T12:29:23.341Z,2.233,3,1500,768x432,1.9880520000000033,4129,
2025-12-22T12:29:23.847Z,2.229,3,1500,768x432,1.9804689999999994,4115,
2025-12-22T12:29:24.347Z,2.233,3,1500,768x432,1.9871020000000001,4161,
2025-12-22T12:29:24.840Z,2.236,3,1500,768x432,1.9886949999999999,4138,
2025-12-22T12:29:25.381Z,2.195,3,1500,768x432,1.9487099999999984,4130,
2025-12-22T12:29:25.867Z,2.201,3,1500,768x432,1.9623789999999985,4152,
2025-12-22T12:29:26.407Z,2.177,3,1500,768x432,1.9361449999999962,4154,
2025-12-22T12:29:26.841Z,2.238,3,1500,768x432,1.9940380000000033,4132,
2025-12-22T12:29:27.347Z,2.23,3,1500,768x432,1.9826580000000007,4158,
2025-12-22T12:29:27.857Z,2.216,3,1500,768x432,1.9734150000000028,4180,
2025-12-22T12:29:28.334Z,2.246,3,1500,768x432,2.0015809999999945,4169,
2025-12-22T12:29:28.843Z,2.231,3,1500,768x432,1.986023000000003,4177,
2025-12-22T12:29:29.361Z,2.221,3,1500,768x432,1.9752639999999957,4184,
2025-12-22T12:29:29.861Z,2.219,3,1500,768x432,1.9698139999999995,4226,
2025-12-22T12:29:30.344Z,2.236,3,1500,768x432,1.9939120000000017,4224,
2025-12-22T12:29:30.866Z,2.213,3,1500,768x432,1.9627749999999935,4240,
2025-12-22T12:29:31.345Z,2.239,3,1500,768x432,1.998111999999999,4272,
2025-12-22T12:29:31.867Z,2.235,3,1500,768x432,1.968121999999994,4252,
2025-12-22T12:29:32.348Z,2.252,3,1500,768x432,1.9822749999999942,4284,
2025-12-22T12:29:32.860Z,2.214,3,1500,768x432,1.9661749999999998,4267,
2025-12-22T12:29:33.356Z,2.226,3,1500,768x432,1.980170000000001,4274,
2025-12-22T12:29:33.860Z,2.215,3,1500,768x432,1.9741420000000005,4311,
2025-12-22T12:29:34.362Z,2.217,3,1500,768x432,1.966583,4305,
2025-12-22T12:29:34.769Z,2.328,3,1500,768x432,1.959423000000001,4313,
2025-12-22T12:29:35.314Z,2.294,3,1500,768x432,1.9281930000000003,4334,
2025-12-22T12:29:35.831Z,2.245,3,1500,768x432,2.0012259999999955,4338,
2025-12-22T12:29:36.348Z,2.23,3,1500,768x432,1.9809210000000022,4334,
2025-12-22T12:29:36.856Z,2.216,3,1500,768x432,1.9695309999999964,4345,
2025-12-22T12:29:37.363Z,2.241,3,1500,768x432,1.9738669999999985,4348,
2025-12-22T12:29:37.879Z,2.202,3,1500,768x432,1.9492839999999987,4324,
2025-12-22T12:29:38.356Z,2.213,3,1500,768x432,1.9727460000000008,4355,
2025-12-22T12:29:38.860Z,2.213,3,1500,768x432,1.9658610000000039,4357,
2025-12-22T12:29:39.461Z,2.128,3,1500,768x432,1.9723370000000031,4360,
2025-12-22T12:29:39.855Z,2.223,3,1500,768x432,1.9740909999999943,4337,
2025-12-22T12:29:40.355Z,2.216,3,1500,768x432,1.9750330000000105,4368,
2025-12-22T12:29:40.844Z,2.226,3,1500,768x432,1.9828349999999944,4328,
2025-12-22T12:29:41.374Z,2.21,3,1500,768x432,1.9620400000000018,4315,
2025-12-22T12:29:41.858Z,2.218,3,1500,768x432,1.9740499999999912,4307,
2025-12-22T12:29:42.406Z,2.178,3,1500,768x432,1.9336550000000017,4306,
2025-12-22T12:29:42.839Z,2.238,3,1500,768x432,1.994566000000006,4293,
2025-12-22T12:29:43.347Z,2.231,3,1500,768x432,1.9814879999999988,4284,
2025-12-22T12:29:43.851Z,2.222,3,1500,768x432,1.9778459999999995,4267,
2025-12-22T12:29:44.350Z,2.231,3,1500,768x432,1.9869580000000013,4283,
2025-12-22T12:29:44.863Z,2.217,3,1500,768x432,1.9660999999999973,4281,
2025-12-22T12:29:45.365Z,2.216,3,1500,768x432,1.9669250000000034,4271,
2025-12-22T12:29:45.863Z,2.215,3,1500,768x432,1.9643850000000072,4283,
2025-12-22T12:29:46.309Z,2.271,3,1500,768x432,1.927104,4271,
2025-12-22T12:29:46.857Z,2.223,3,1500,768x432,1.9725040000000007,4284,
2025-12-22T12:29:47.403Z,2.195,3,1500,768x432,1.9461660000000052,4275,
2025-12-22T12:29:47.908Z,2.162,3,1500,768x432,1.9254739999999941,4296,
2025-12-22T12:29:48.326Z,2.25,3,1500,768x432,2.005929000000009,4244,
2025-12-22T12:29:48.839Z,2.232,3,1500,768x432,1.988313000000005,4233,
2025-12-22T12:29:49.344Z,2.256,3,1500,768x432,1.9863359999999943,4225,
2025-12-22T12:29:49.963Z,2.118,3,1500,768x432,1.961876999999987,4207,
2025-12-22T12:29:50.326Z,2.257,3,1500,768x432,2.0094569999999976,4134,
2025-12-22T12:29:50.847Z,2.225,3,1500,768x432,1.981223,4105,
2025-12-22T12:29:51.371Z,2.215,3,1500,768x432,1.9706500000000062,4130,
2025-12-22T12:29:51.928Z,2.152,3,1500,768x432,2.0039289999999994,4079,
2025-12-22T12:29:52.285Z,2.286,3,1500,768x432,1.941734000000011,4158,
2025-12-22T12:29:52.864Z,2.218,3,1500,768x432,1.9627669999999995,4109,
2025-12-22T12:29:53.426Z,2.157,3,1500,768x432,2.001532999999995,4036,
2025-12-22T12:29:53.922Z,2.218,3,1500,768x432,1.9089010000000002,3975,
2025-12-22T12:29:54.372Z,2.207,3,1500,768x432,1.9616780000000063,4071,
2025-12-22T12:29:54.872Z,2.207,3,1500,768x432,1.9557010000000048,4065,
2025-12-22T12:29:55.385Z,2.209,3,1500,768x432,1.957242000000008,4041,
2025-12-22T12:29:55.885Z,2.19,3,1500,768x432,1.947924999999998,3984,
2025-12-22T12:29:56.377Z,2.216,3,1500,768x432,1.9725060000000099,4004,
2025-12-22T12:29:56.858Z,2.229,3,1500,768x432,1.9776999999999987,3980,
2025-12-22T12:29:57.374Z,2.205,3,1500,768x432,1.9600250000000017,3996,
2025-12-22T12:29:57.866Z,2.212,3,1500,768x432,1.9602670000000018,3994,
2025-12-22T12:29:58.369Z,2.208,3,1500,768x432,1.9633830000000074,3991,
2025-12-22T12:29:58.803Z,2.265,3,1500,768x432,1.926452999999995,4010,
2025-12-22T12:29:59.339Z,2.246,3,1500,768x432,2.0044789999999892,3935,
2025-12-22T12:29:59.832Z,2.269,3,1500,768x432,2.002488999999997,4001,
2025-12-22T12:30:00.344Z,2.245,3,1500,768x432,1.9970269999999886,4027,
2025-12-22T12:30:00.858Z,2.222,3,1500,768x432,1.977806000000001,3996,
2025-12-22T12:30:01.425Z,2.148,3,1500,768x432,1.906854999999993,4049,
2025-12-22T12:30:01.913Z,2.168,3,1500,768x432,1.916527000000002,3917,
2025-12-22T12:30:02.424Z,2.162,3,1500,768x432,1.9121580000000051,3816,
2025-12-22T12:30:02.955Z,2.125,3,1500,768x432,1.9712009999999935,3811,
2025-12-22T12:30:03.469Z,2.115,3,1500,768x432,1.971226999999999,3724,
2025-12-22T12:30:03.948Z,2.15,3,1500,768x432,1.9808900000000023,3592,
2025-12-22T12:30:04.408Z,2.187,3,1500,768x432,1.9396050000000002,3576,
2025-12-22T12:30:04.922Z,2.155,3,1500,768x432,1.9092150000000032,3558,
2025-12-22T12:30:05.436Z,2.159,3,1500,768x432,2.0158870000000064,3469,
2025-12-22T12:30:05.929Z,2.157,3,1500,768x432,2.009765999999999,3457,
2025-12-22T12:30:06.445Z,2.151,3,1500,768x432,1.9885239999999982,3463,
2025-12-22T12:30:06.880Z,2.188,3,1500,768x432,1.9496910000000014,3473,
2025-12-22T12:30:07.347Z,2.236,3,1500,768x432,1.9874200000000002,3490,
2025-12-22T12:30:07.882Z,2.197,3,1500,768x432,1.9492110000000054,3506,
2025-12-22T12:30:08.432Z,2.155,3,1500,768x432,2.0102070000000083,3529,
2025-12-22T12:30:08.855Z,2.229,3,1500,768x432,1.980158000000003,3564,
2025-12-22T12:30:09.377Z,2.217,3,1500,768x432,1.9719139999999982,3564,
2025-12-22T12:30:09.907Z,2.183,3,1500,768x432,1.928961000000001,3534,
2025-12-22T12:30:10.312Z,2.263,3,1500,768x432,1.9182289999999966,3552,
2025-12-22T12:30:10.867Z,2.203,3,1500,768x432,1.965670000000003,3531,
2025-12-22T12:30:11.329Z,2.241,3,1500,768x432,2.001431000000011,3583,
2025-12-22T12:30:11.847Z,2.222,3,1500,768x432,1.982477000000003,3601,
2025-12-22T12:30:12.389Z,2.22,3,1500,768x432,1.9498010000000079,3648,
2025-12-22T12:30:12.856Z,2.22,3,1500,768x432,1.9754549999999966,3695,
2025-12-22T12:30:13.345Z,2.238,3,1500,768x432,1.9972159999999946,3757,
2025-12-22T12:30:13.857Z,2.225,3,1500,768x432,1.9782300000000106,3748,
2025-12-22T12:30:14.375Z,2.2,3,1500,768x432,1.9598140000000086,3786,
2025-12-22T12:30:14.889Z,2.188,3,1500,768x432,1.9375100000000032,3768,
2025-12-22T12:30:15.384Z,2.189,3,1500,768x432,1.942530000000005,3854,
2025-12-22T12:30:15.876Z,2.221,3,1500,768x432,1.9534610000000043,3911,
2025-12-22T12:30:16.354Z,2.227,3,1500,768x432,1.9824239999999946,3897,
2025-12-22T12:30:16.852Z,2.221,3,1500,768x432,1.9797539999999998,3927,
2025-12-22T12:30:17.346Z,2.266,3,1500,768x432,2.0015199999999993,3909,
2025-12-22T12:30:17.859Z,2.217,3,1500,768x432,1.9736210000000085,3919,
2025-12-22T12:30:18.402Z,2.188,3,1500,768x432,1.9454040000000106,3925,
2025-12-22T12:30:18.839Z,2.255,3,1500,768x432,1.9993940000000094,3924,
2025-12-22T12:30:19.344Z,2.237,3,1500,768x432,1.993017000000009,3924,
2025-12-22T12:30:19.842Z,2.23,3,1500,768x432,1.9899970000000025,3924,
2025-12-22T12:30:20.397Z,2.191,3,1500,768x432,1.9316979999999973,3932,
2025-12-22T12:30:20.862Z,2.215,3,1500,768x432,1.9661720000000003,3932,
2025-12-22T12:30:21.355Z,2.23,3,1500,768x432,1.9824389999999994,3932,
2025-12-22T12:30:21.858Z,2.225,3,1500,768x432,1.9736740000000026,3950,
2025-12-22T12:30:22.338Z,2.244,3,1500,768x432,2.0083680000000044,3954,
2025-12-22T12:30:22.747Z,2.342,3,1500,768x432,1.989773999999997,3930,
2025-12-22T12:30:23.318Z,2.261,3,1500,768x432,1.9152990000000045,3956,
2025-12-22T12:30:23.829Z,2.246,3,1500,768x432,2.001073000000005,3958,
2025-12-22T12:30:24.353Z,2.23,3,1500,768x432,1.9837649999999911,3989,
2025-12-22T12:30:24.834Z,2.235,3,1500,768x432,1.9999389999999977,3976,
2025-12-22T12:30:25.338Z,2.241,3,1500,768x432,1.9957079999999934,3993,
2025-12-22T12:30:25.836Z,2.239,3,1500,768x432,1.9911519999999996,3998,
2025-12-22T12:30:26.390Z,2.194,3,1500,768x432,1.9556630000000013,3985,
2025-12-22T12:30:26.866Z,2.215,3,1500,768x432,1.9647870000000012,4000,
2025-12-22T12:30:27.365Z,2.209,3,1500,768x432,1.9634049999999945,3985,
2025-12-22T12:30:27.833Z,2.236,3,1500,768x432,1.9944909999999965,3989,
2025-12-22T12:30:28.412Z,2.172,3,1500,768x432,1.9211600000000004,4000,
2025-12-22T12:30:28.850Z,2.226,3,1500,768x432,1.9828100000000006,3989,
2025-12-22T12:30:29.347Z,2.232,3,1500,768x432,1.9933790000000045,4011,
2025-12-22T12:30:29.911Z,2.171,3,1500,768x432,1.922932000000003,4019,
2025-12-22T12:30:30.365Z,2.221,3,1500,768x432,1.9702150000000103,4044,
2025-12-22T12:30:30.866Z,2.21,3,1500,768x432,1.9692820000000069,4028,
2025-12-22T12:30:31.383Z,2.183,3,1500,768x432,1.9476899999999944,4040,
2025-12-22T12:30:31.848Z,2.229,3,1500,768x432,1.9796289999999885,4021,
2025-12-22T12:30:32.354Z,2.229,3,1500,768x432,1.979660999999993,4026,
2025-12-22T12:30:32.854Z,2.225,3,1500,768x432,1.974129000000005,4025,
2025-12-22T12:30:33.353Z,2.232,3,1500,768x432,1.9882110000000068,4019,
2025-12-22T12:30:33.856Z,2.222,3,1500,768x432,1.9764359999999925,4023,
2025-12-22T12:30:34.359Z,2.222,3,1500,768x432,1.9721030000000042,4036,
2025-12-22T12:30:34.857Z,2.217,3,1500,768x432,1.9742409999999921,4028,
2025-12-22T12:30:35.358Z,2.214,3,1500,768x432,1.971153000000001,4050,
2025-12-22T12:30:35.846Z,2.226,3,1500,768x432,1.9815909999999946,4048,
2025-12-22T12:30:36.430Z,2.145,3,1500,768x432,2.001066999999992,4049,
2025-12-22T12:30:36.829Z,2.25,3,1500,768x432,2.001261999999997,4057,
2025-12-22T12:30:37.340Z,2.245,3,1500,768x432,1.997208999999998,4022,
2025-12-22T12:30:37.891Z,2.189,3,1500,768x432,1.9393969999999996,4034,
2025-12-22T12:30:38.327Z,2.247,3,1500,768x432,2.0005139999999955,4048,
2025-12-22T12:30:38.824Z,2.272,3,1500,768x432,1.9078930000000014,4058,
2025-12-22T12:30:39.410Z,2.171,3,1500,768x432,1.9272020000000083,4083,
2025-12-22T12:30:39.859Z,2.215,3,1500,768x432,1.9748000000000019,4049,
2025-12-22T12:30:40.348Z,2.227,3,1500,768x432,1.9811710000000033,4079,
2025-12-22T12:30:40.831Z,2.242,3,1500,768x432,1.9986280000000107,4062,
2025-12-22T12:30:41.365Z,2.217,3,1500,768x432,1.971234999999993,4088,
2025-12-22T12:30:41.884Z,2.191,3,1500,768x432,1.944539000000006,4099,
2025-12-22T12:30:42.316Z,2.267,3,1500,768x432,1.9242810000000077,4098,
2025-12-22T12:30:42.825Z,2.254,3,1500,768x432,1.908567000000005,4121,
2025-12-22T12:30:43.326Z,2.248,3,1500,768x432,2.0037909999999926,4125,
2025-12-22T12:30:43.824Z,2.272,3,1500,768x432,1.9061269999999837,4130,
2025-12-22T12:30:44.360Z,2.214,3,1500,768x432,1.9682009999999934,4179,
2025-12-22T12:30:44.872Z,2.204,3,1500,768x432,1.9540599999999984,4199,
2025-12-22T12:30:45.434Z,2.143,3,1500,768x432,1.9995180000000232,4200,
2025-12-22T12:30:45.852Z,2.227,3,1500,768x432,1.9777279999999848,4233,
2025-12-22T12:30:46.352Z,2.233,3,1500,768x432,1.9891509999999926,4232,
2025-12-22T12:30:46.838Z,2.239,3,1500,768x432,1.9961099999999874,4247,
2025-12-22T12:30:47.355Z,2.233,3,1500,768x432,1.9885779999999897,4255,
2025-12-22T12:30:47.835Z,2.272,3,1500,768x432,2.001267999999982,4241,
2025-12-22T12:30:48.360Z,2.213,3,1500,768x432,1.9665999999999997,4227,
2025-12-22T12:30:48.835Z,2.237,3,1500,768x432,1.9909689999999785,4229,
2025-12-22T12:30:49.361Z,2.242,3,1500,768x432,1.976803000000018,4238,
2025-12-22T12:30:49.859Z,2.221,3,1500,768x432,1.9717840000000137,4221,
2025-12-22T12:30:50.343Z,2.241,3,1500,768x432,1.9965880000000027,4245,
2025-12-22T12:30:50.849Z,2.229,3,1500,768x432,1.9861790000000212,4271,
2025-12-22T12:30:51.342Z,2.241,3,1500,768x432,1.9999520000000075,4264,
2025-12-22T12:30:51.860Z,2.244,3,1500,768x432,1.9749459999999885,4260,
2025-12-22T12:30:52.370Z,2.206,3,1500,768x432,1.9624290000000144,4279,
2025-12-22T12:30:52.842Z,2.231,3,1500,768x432,1.9860380000000077,4312,
2025-12-22T12:30:53.367Z,2.215,3,1500,768x432,1.9684050000000184,4292,
2025-12-22T12:30:53.845Z,2.231,3,1500,768x432,1.986395000000016,4317,
2025-12-22T12:30:54.357Z,2.232,3,1500,768x432,1.9812029999999936,4324,
2025-12-22T12:30:54.851Z,2.222,3,1500,768x432,1.9828950000000134,4341,
2025-12-22T12:30:55.338Z,2.245,3,1500,768x432,2.001373000000001,4354,
2025-12-22T12:30:55.846Z,2.235,3,1500,768x432,1.9892099999999857,4340,
2025-12-22T12:30:56.359Z,2.233,3,1500,768x432,1.9848680000000058,4338,
2025-12-22T12:30:56.855Z,2.233,3,1500,768x432,1.9864039999999932,4359,
2025-12-22T12:30:57.352Z,2.23,3,1500,768x432,1.9809909999999888,4352,
2025-12-22T12:30:57.855Z,2.224,3,1500,768x432,1.9756299999999953,4339,
2025-12-22T12:30:58.364Z,2.218,3,1500,768x432,1.9761180000000138,4356,
2025-12-22T12:30:58.854Z,2.222,3,1500,768x432,1.9757299999999987,4351,
2025-12-22T12:30:59.348Z,2.24,3,1500,768x432,1.99309199999999,4331,
2025-12-22T12:30:59.844Z,2.233,3,1500,768x432,1.9898469999999975,4339,
2025-12-22T12:31:00.345Z,2.24,3,1500,768x432,1.9989669999999933,4344,
2025-12-22T12:31:00.868Z,2.222,3,1500,768x432,1.967644000000007,4318,
2025-12-22T12:31:01.373Z,2.204,3,1500,768x432,1.9580559999999991,4357,
2025-12-22T12:31:01.869Z,2.205,3,1500,768x432,1.9633499999999913,4339,
2025-12-22T12:31:02.359Z,2.229,3,1500,768x432,1.9759819999999877,4371,
2025-12-22T12:31:02.859Z,2.217,3,1500,768x432,1.9752359999999953,4360,
2025-12-22T12:31:03.341Z,2.245,3,1500,768x432,2.002155000000016,4326,
2025-12-22T12:31:03.874Z,2.206,3,1500,768x432,1.9588170000000105,4319,
2025-12-22T12:31:04.357Z,2.237,3,1500,768x432,1.9862310000000036,4321,
2025-12-22T12:31:04.894Z,2.202,3,1500,768x432,1.9411910000000034,4321,
2025-12-22T12:31:05.350Z,2.236,3,1500,768x432,1.9829970000000117,4308,
2025-12-22T12:31:05.845Z,2.225,3,1500,768x432,1.9801860000000033,4294,
2025-12-22T12:31:06.349Z,2.224,3,1500,768x432,1.9809039999999811,4297,
2025-12-22T12:31:06.859Z,2.216,3,1500,768x432,1.9703670000000102,4297,
2025-12-22T12:31:07.362Z,2.23,3,1500,768x432,1.9762279999999919,4306,
2025-12-22T12:31:07.824Z,2.249,3,1500,768x432,1.9091140000000166,4259,
2025-12-22T12:31:08.301Z,2.279,3,1500,768x432,1.9357479999999896,4267,
2025-12-22T12:31:08.809Z,2.276,3,1500,768x432,1.9287700000000143,4272,
2025-12-22T12:31:09.350Z,2.218,3,1500,768x432,1.9772490000000005,4305,
2025-12-22T12:31:09.858Z,2.238,3,1500,768x432,1.9697439999999915,4316,
2025-12-22T12:31:10.376Z,2.201,3,1500,768x432,1.9566660000000127,4308,
2025-12-22T12:31:10.853Z,2.22,3,1500,768x432,1.9770460000000014,4304,
2025-12-22T12:31:11.360Z,2.223,3,1500,768x432,1.9712150000000008,4308,
2025-12-22T12:31:11.900Z,2.177,3,1500,768x432,1.9298890000000029,4304,
2025-12-22T12:31:12.383Z,2.201,3,1500,768x432,1.9579259999999863,4305,
2025-12-22T12:31:12.863Z,2.239,3,1500,768x432,1.9705629999999985,4346,
2025-12-22T12:31:13.349Z,2.241,3,1500,768x432,1.9924299999999846,4312,
2025-12-22T12:31:13.869Z,2.217,3,1500,768x432,1.970214999999996,4308,
2025-12-22T12:31:14.425Z,2.177,3,1500,768x432,1.9086320000000114,4308,
2025-12-22T12:31:14.817Z,2.253,3,1500,768x432,1.9112829999999974,4230,
2025-12-22T12:31:15.325Z,2.273,3,1500,768x432,1.9030309999999986,4182,
2025-12-22T12:31:15.870Z,2.227,3,1500,768x432,1.9593069999999955,4304,
2025-12-22T12:31:16.368Z,2.211,3,1500,768x432,1.968921999999992,4240,
2025-12-22T12:31:16.812Z,2.262,3,1500,768x432,1.9210970000000032,4207,
2025-12-22T12:31:17.343Z,2.241,3,1500,768x432,1.9981640000000027,4152,
2025-12-22T12:31:17.840Z,2.24,3,1500,768x432,1.9971380000000067,4196,
2025-12-22T12:31:18.352Z,2.227,3,1500,768x432,1.978843999999981,4199,
2025-12-22T12:31:18.867Z,2.203,3,1500,768x432,1.96056999999999,4273,
2025-12-22T12:31:19.449Z,2.136,3,1500,768x432,1.985293999999982,4254,
2025-12-22T12:31:19.837Z,2.238,3,1500,768x432,1.994100000000003,4290,
2025-12-22T12:31:20.348Z,2.223,3,1500,768x432,1.984895999999992,4292,
2025-12-22T12:31:20.840Z,2.257,3,1500,768x432,1.991088000000019,4261,
2025-12-22T12:31:21.311Z,2.269,3,1500,768x432,1.9287820000000124,4235,
2025-12-22T12:31:21.878Z,2.222,3,1500,768x432,1.9558860000000209,4275,
2025-12-22T12:31:22.376Z,2.214,3,1500,768x432,1.9672789999999907,4193,
2025-12-22T12:31:22.886Z,2.202,3,1500,768x432,1.9526280000000042,4279,
2025-12-22T12:31:23.342Z,2.241,3,1500,768x432,1.996216000000004,4218,
2025-12-22T12:31:23.845Z,2.232,3,1500,768x432,1.987056999999993,4213,
2025-12-22T12:31:24.385Z,2.197,3,1500,768x432,1.9475610000000074,4194,
2025-12-22T12:31:24.822Z,2.275,3,1500,768x432,1.904609999999991,4217,
2025-12-22T12:31:25.283Z,2.307,3,1500,768x432,1.957115999999985,4166,
2025-12-22T12:31:25.830Z,2.269,3,1500,768x432,1.9996559999999874,4178,
2025-12-22T12:31:26.468Z,2.101,3,1500,768x432,1.9582220000000063,4173,
2025-12-22T12:31:26.858Z,2.22,3,1500,768x432,1.970579000000015,4246,
2025-12-22T12:31:27.354Z,2.247,3,1500,768x432,1.9791820000000087,4146,
2025-12-22T12:31:27.885Z,2.212,3,1500,768x432,1.9417479999999898,4186,
2025-12-22T12:31:28.337Z,2.26,3,1500,768x432,2.0001299999999844,4208,
2025-12-22T12:31:28.847Z,2.253,3,1500,768x432,1.9824769999999887,4207,
2025-12-22T12:31:29.316Z,2.283,3,1500,768x432,1.9137470000000008,4167,
2025-12-22T12:31:29.868Z,2.206,3,1500,768x432,1.9627940000000024,4174,
2025-12-22T12:31:30.375Z,2.21,3,1500,768x432,1.9632200000000068,4119,
2025-12-22T12:31:30.878Z,2.204,3,1500,768x432,1.9532979999999895,4144,
2025-12-22T12:31:31.406Z,2.171,3,1500,768x432,1.9235369999999818,4101,
2025-12-22T12:31:31.910Z,2.17,3,1500,768x432,1.9164150000000006,4134,
2025-12-22T12:31:32.402Z,2.179,3,1500,768x432,1.9353299999999933,4173,
2025-12-22T12:31:32.904Z,2.176,3,1500,768x432,1.9268470000000093,4139,
2025-12-22T12:31:33.408Z,2.169,3,1500,768x432,1.9171389999999917,4168,
2025-12-22T12:31:33.893Z,2.203,3,1500,768x432,1.935795000000013,4110,
2025-12-22T12:31:34.398Z,2.187,3,1500,768x432,1.934933000000001,4072,
2025-12-22T12:31:34.902Z,2.178,3,1500,768x432,1.9252420000000257,4149,
2025-12-22T12:31:35.370Z,2.21,3,1500,768x432,1.9641259999999932,3993,
2025-12-22T12:31:35.876Z,2.203,3,1500,768x432,1.9505849999999896,4066,
2025-12-22T12:31:36.372Z,2.213,3,1500,768x432,1.9626729999999952,4027,
2025-12-22T12:31:36.840Z,2.233,3,1500,768x432,1.9941579999999988,4007,
2025-12-22T12:31:37.364Z,2.224,3,1500,768x432,1.9787369999999953,4049,
2025-12-22T12:31:37.866Z,2.235,3,1500,768x432,1.9648699999999906,4022,
2025-12-22T12:31:38.391Z,2.185,3,1500,768x432,1.9384000000000015,3956,
2025-12-22T12:31:38.978Z,2.095,3,1500,768x432,1.9520880000000034,3985,
2025-12-22T12:31:39.380Z,2.198,3,1500,768x432,1.9482789999999852,4013,
2025-12-22T12:31:39.876Z,2.205,3,1500,768x432,1.9543900000000178,3967,
2025-12-22T12:31:40.380Z,2.194,3,1500,768x432,1.9532680000000084,3987,
2025-12-22T12:31:40.881Z,2.201,3,1500,768x432,1.9473130000000083,3989,
2025-12-22T12:31:41.791Z,1.835,3,1500,768x432,1.9476789999999937,4034,
2025-12-22T12:31:42.688Z,1.415,3,1500,768x432,1.9551329999999894,3747,
2025-12-22T12:31:43.581Z,1.041,3,1500,768x432,1.9537909999999954,3343,
2025-12-22T12:31:44.495Z,0.643,3,1500,768x432,1.9501160000000084,2996,
2025-12-22T12:31:45.112Z,0.284,3,1500,768x432,1.9165299999999945,2680,rebuffer happen
2025-12-22T12:31:45.428Z,0.15,3,1500,768x432,2.0102130000000216,2680,
2025-12-22T12:31:45.508Z,0.181,2,1000,640x360,1.9301780000000122,2209,
2025-12-22T12:31:45.577Z,0.032,2,1000,640x360,1.9622290000000078,2209,rebuffer happen
2025-12-22T12:31:46.092Z,0.153,2,1000,640x360,2.0913749999999993,2209,
2025-12-22T12:31:46.227Z,0.028,2,1000,640x360,2.1590050000000076,2340,rebuffer happen
2025-12-22T12:31:46.803Z,0.069,2,1000,640x360,2.192036999999999,2340,
2025-12-22T12:31:46.844Z,0.02,2,1000,640x360,2.250274999999988,2089,rebuffer happen
2025-12-22T12:31:47.369Z,0.095,2,1000,640x360,2.3421559999999886,2089,
2025-12-22T12:31:47.445Z,0.024,2,1000,640x360,2.358439000000004,1995,rebuffer happen
2025-12-22T12:31:47.979Z,0.021,2,1000,640x360,2.3846360000000004,1995,rebuffer happen
2025-12-22T12:31:47.983Z,0.021,2,1000,640x360,2.3846360000000004,1995,
2025-12-22T12:31:48.012Z,0.028,2,1000,640x360,2.3583169999999996,1960,rebuffer happen
2025-12-22T12:31:48.528Z,0.123,2,1000,640x360,2.5467009999999846,1960,
2025-12-22T12:31:48.613Z,0.031,2,1000,640x360,2.4625369999999975,2049,rebuffer happen
2025-12-22T12:31:48.947Z,0.031,2,1000,640x360,2.596586000000002,2049,rebuffer happen
2025-12-22T12:31:49.151Z,0.075,2,1000,640x360,2.6224520000000098,2049,
2025-12-22T12:31:49.213Z,0.022,1,600,480x270,2.563656000000009,1868,rebuffer happen
2025-12-22T12:31:49.227Z,0.022,1,600,480x270,2.563656000000009,1868,
2025-12-22T12:31:49.565Z,0.26,1,600,480x270,2.6975129999999865,1868,
2025-12-22T12:31:49.827Z,0.437,1,600,480x270,2.694118000000003,1820,
2025-12-22T12:31:50.298Z,0.322,1,600,480x270,2.457290999999998,1820,
2025-12-22T12:31:50.469Z,0.281,1,600,480x270,2.418886999999984,1671,rebuffer happen
2025-12-22T12:31:50.544Z,0.273,1,600,480x270,2.403783000000004,1671,rebuffer happen
2025-12-22T12:31:50.621Z,0.403,1,600,480x270,2.3267610000000047,1671,
2025-12-22T12:31:50.811Z,0.205,1,600,480x270,2.3424320000000023,1702,rebuffer happen
2025-12-22T12:31:50.917Z,0.513,1,600,480x270,2.2887929999999983,1702,
2025-12-22T12:31:51.246Z,0.619,1,600,480x270,2.274126999999993,1702,
2025-12-22T12:31:51.626Z,0.642,1,600,480x270,2.091296,1522,
2025-12-22T12:31:51.989Z,0.687,1,600,480x270,2.0511390000000063,1482,
2025-12-22T12:31:52.677Z,0.465,1,600,480x270,2.014696000000015,1469,
2025-12-22T12:31:52.748Z,0.436,2,1000,640x360,2.047147999999993,1632,
2025-12-22T12:31:52.891Z,0.286,2,1000,640x360,1.9865240000000028,1632,rebuffer happen
2025-12-22T12:31:53.299Z,0.342,2,1000,640x360,1.9609069999999917,1632,
2025-12-22T12:31:53.441Z,0.181,2,1000,640x360,2.026497000000006,1471,rebuffer happen
2025-12-22T12:31:53.885Z,0.245,2,1000,640x360,1.9667340000000024,1471,
2025-12-22T12:31:54.425Z,0.199,2,1000,640x360,1.9362279999999998,1457,
2025-12-22T12:31:54.601Z,0.027,2,1000,640x360,1.9584900000000118,1419,rebuffer happen
2025-12-22T12:31:55.027Z,0.174,2,1000,640x360,2.1104430000000036,1419,
2025-12-22T12:31:55.185Z,0.022,2,1000,640x360,2.0542599999999993,1390,rebuffer happen
2025-12-22T12:31:55.402Z,0.024,2,1000,640x360,2.1541859999999815,1390,rebuffer happen
2025-12-22T12:31:55.660Z,0.183,2,1000,640x360,2.2182940000000144,1390,
2025-12-22T12:31:55.819Z,0.03,2,1000,640x360,2.1683649999999943,1330,rebuffer happen
2025-12-22T12:31:56.352Z,0.022,2,1000,640x360,2.2851679999999988,1330,rebuffer happen
2025-12-22T12:31:56.360Z,0.022,2,1000,640x360,2.2851679999999988,1330,
2025-12-22T12:31:56.402Z,0.017,1,600,480x270,2.2472159999999803,1255,rebuffer happen
2025-12-22T12:31:56.438Z,0.017,1,600,480x270,2.347216000000003,1255,
2025-12-22T12:31:56.979Z,0.079,1,600,480x270,2.4191550000000177,1255,
2025-12-22T12:31:57.036Z,0.027,1,600,480x270,2.46696399999999,1241,rebuffer happen
2025-12-22T12:31:57.266Z,0.341,1,600,480x270,2.4903369999999825,1241,
2025-12-22T12:31:57.574Z,0.4,1,600,480x270,2.363752000000005,1241,
2025-12-22T12:31:57.808Z,0.611,1,600,480x270,2.2361939999999834,1216,
2025-12-22T12:31:58.042Z,0.762,1,600,480x270,2.2288700000000006,1216,
2025-12-22T12:31:58.382Z,0.909,1,600,480x270,2.159200999999996,1217,
2025-12-22T12:31:58.817Z,0.897,1,600,480x270,2.0289490000000114,1217,
2025-12-22T12:31:59.113Z,1.057,1,600,480x270,1.9907169999999894,1305,
2025-12-22T12:31:59.632Z,0.997,1,600,480x270,2.0346020000000067,1232,
2025-12-22T12:32:00.139Z,0.949,1,600,480x270,2.001515000000012,1192,
2025-12-22T12:32:00.577Z,1.023,1,600,480x270,1.9718939999999918,1171,
2025-12-22T12:32:00.648Z,1.027,2,1000,640x360,1.9960800000000063,1172,
2025-12-22T12:32:01.385Z,0.715,2,1000,640x360,1.9490279999999984,1172,
2025-12-22T12:32:01.947Z,0.66,2,1000,640x360,1.98166599999999,1157,
2025-12-22T12:32:02.553Z,0.568,2,1000,640x360,1.9910910000000115,1135,
2025-12-22T12:32:03.194Z,0.399,2,1000,640x360,1.9387980000000198,1100,
2025-12-22T12:32:03.429Z,0.168,2,1000,640x360,2.0011910000000057,1103,rebuffer happen
2025-12-22T12:32:03.850Z,0.259,2,1000,640x360,1.9851449999999886,1103,
2025-12-22T12:32:04.075Z,0.022,2,1000,640x360,1.9532489999999996,1099,rebuffer happen
2025-12-22T12:32:04.500Z,0.151,2,1000,640x360,1.9693249999999978,1099,
2025-12-22T12:32:04.571Z,0.14,1,600,480x270,2.0007499999999823,1095,
2025-12-22T12:32:04.609Z,0.031,1,600,480x270,1.9633829999999932,1095,rebuffer happen
2025-12-22T12:32:05.000Z,0.267,1,600,480x270,2.1324730000000045,1095,rebuffer happen
2025-12-22T12:32:05.003Z,0.267,1,600,480x270,2.129474999999985,1095,
2025-12-22T12:32:05.336Z,0.445,1,600,480x270,2.1860429999999837,1115,
2025-12-22T12:32:05.681Z,0.521,1,600,480x270,2.0719039999999893,1115,
2025-12-22T12:32:06.254Z,0.397,1,600,480x270,2.032468999999992,1055,
2025-12-22T12:32:06.437Z,0.268,1,600,480x270,2.0418960000000084,1024,rebuffer happen
2025-12-22T12:32:06.630Z,0.488,1,600,480x270,2.0378709999999955,1024,
2025-12-22T12:32:07.011Z,0.594,1,600,480x270,1.950825000000009,1032,
2025-12-22T12:32:07.436Z,0.642,1,600,480x270,2.009789999999981,1050,
2025-12-22T12:32:07.753Z,0.834,1,600,480x270,1.9931819999999902,1050,
2025-12-22T12:32:08.167Z,0.944,1,600,480x270,1.9652989999999875,1039,
2025-12-22T12:32:08.633Z,0.95,1,600,480x270,1.9995069999999942,1019,
2025-12-22T12:32:08.997Z,1.09,1,600,480x270,1.9412900000000093,1012,
2025-12-22T12:32:09.386Z,1.19,1,600,480x270,1.9631390000000124,1022,
2025-12-22T12:32:09.460Z,1.222,2,1000,640x360,1.9830430000000092,1022,
2025-12-22T12:32:10.099Z,0.986,2,1000,640x360,1.9302409999999952,1022,
2025-12-22T12:32:10.783Z,0.841,2,1000,640x360,1.9677079999999876,1015,
2025-12-22T12:32:11.402Z,0.713,2,1000,640x360,1.935116999999991,1034,
2025-12-22T12:32:12.175Z,0.442,2,1000,640x360,1.9620879999999943,1064,
2025-12-22T12:32:12.306Z,0.293,2,1000,640x360,1.9273199999999804,1048,rebuffer happen
2025-12-22T12:32:13.033Z,0.032,2,1000,640x360,2.0025150000000167,1048,rebuffer happen
2025-12-22T12:32:13.056Z,0.032,2,1000,640x360,2.0025150000000167,1048,
2025-12-22T12:32:13.100Z,0.027,1,600,480x270,1.964289000000008,993,rebuffer happen
2025-12-22T12:32:13.123Z,0.027,1,600,480x270,1.964289000000008,993,
2025-12-22T12:32:13.581Z,0.18,1,600,480x270,2.1362709999999936,993,
2025-12-22T12:32:14.056Z,0.225,1,600,480x270,2.1519859999999937,948,
2025-12-22T12:32:14.533Z,0.272,1,600,480x270,2.1980389999999943,933,
2025-12-22T12:32:14.941Z,0.381,1,600,480x270,2.195840000000004,930,
2025-12-22T12:32:15.063Z,0.245,1,600,480x270,2.143240999999989,930,rebuffer happen
2025-12-22T12:32:15.170Z,0.28,1,600,480x270,2.1215469999999925,930,rebuffer happen
2025-12-22T12:32:15.368Z,0.367,1,600,480x270,2.087163000000004,930,
2025-12-22T12:32:15.437Z,0.273,1,600,480x270,2.113316999999995,904,rebuffer happen
2025-12-22T12:32:15.751Z,0.418,1,600,480x270,2.088889000000023,904,
2025-12-22T12:32:15.891Z,0.292,1,600,480x270,2.0217480000000023,881,rebuffer happen
2025-12-22T12:32:15.976Z,0.298,1,600,480x270,2.039681999999999,881,rebuffer happen
2025-12-22T12:32:16.224Z,0.43,1,600,480x270,1.9735699999999952,881,
2025-12-22T12:32:16.412Z,0.3,1,600,480x270,1.9771900000000073,984,rebuffer happen
2025-12-22T12:32:16.607Z,0.51,1,600,480x270,1.95947799999999,984,
2025-12-22T12:32:17.166Z,0.429,1,600,480x270,1.9883050000000253,922,
2025-12-22T12:32:17.356Z,0.271,1,600,480x270,2.0148120000000063,948,rebuffer happen
2025-12-22T12:32:17.608Z,0.521,1,600,480x270,1.9507759999999905,948,
2025-12-22T12:32:18.139Z,0.451,1,600,480x270,1.9980529999999987,924,
2025-12-22T12:32:18.658Z,0.461,1,600,480x270,1.9927540000000192,892,
2025-12-22T12:32:18.845Z,0.268,1,600,480x270,2.0006580000000156,890,rebuffer happen
2025-12-22T12:32:19.114Z,0.489,1,600,480x270,1.9294069999999977,890,
2025-12-22T12:32:19.574Z,0.499,1,600,480x270,1.9696460000000116,885,
2025-12-22T12:32:20.019Z,0.527,1,600,480x270,1.9105069999999955,878,
2025-12-22T12:32:20.581Z,0.492,1,600,480x270,1.961626999999993,983,
2025-12-22T12:32:20.951Z,0.599,1,600,480x270,1.9807890000000157,951,
2025-12-22T12:32:21.592Z,0.518,1,600,480x270,1.9498020000000054,951,
2025-12-22T12:32:21.860Z,0.241,1,600,480x270,1.9743589999999926,937,rebuffer happen
2025-12-22T12:32:22.093Z,0.49,1,600,480x270,1.9381239999999877,937,
2025-12-22T12:32:22.355Z,0.291,1,600,480x270,2.001564000000002,946,rebuffer happen
2025-12-22T12:32:22.556Z,0.544,1,600,480x270,1.9883710000000008,946,
2025-12-22T12:32:23.076Z,0.496,1,600,480x270,1.957195999999982,897,
2025-12-22T12:32:23.640Z,0.462,1,600,480x270,1.9884010000000103,894,
2025-12-22T12:32:23.864Z,0.266,1,600,480x270,1.9631650000000036,885,rebuffer happen
2025-12-22T12:32:24.121Z,0.242,1,600,480x270,1.908046999999982,885,rebuffer happen
2025-12-22T12:32:24.212Z,0.372,1,600,480x270,1.9263389999999845,885,
2025-12-22T12:32:24.343Z,0.258,1,600,480x270,1.98801899999998,866,rebuffer happen
2025-12-22T12:32:24.825Z,0.285,1,600,480x270,1.9056870000000004,866,
2025-12-22T12:32:24.898Z,0.274,0,200,320x180,1.931477000000001,882,
2025-12-22T12:32:25.060Z,0.04,0,200,320x180,1.9714680000000158,882,rebuffer happen
2025-12-22T12:32:25.157Z,0.405,0,200,320x180,1.9909890000000132,882,
2025-12-22T12:32:25.420Z,0.665,0,200,320x180,1.9383449999999982,862,
2025-12-22T12:32:25.651Z,0.977,0,200,320x180,2.0075180000000046,862,
2025-12-22T12:32:25.904Z,1.193,0,200,320x180,1.9345409999999958,852,
2025-12-22T12:32:26.061Z,1.534,0,200,320x180,1.9786939999999902,852,
2025-12-22T12:32:26.223Z,1.837,0,200,320x180,1.9142710000000136,845,
2025-12-22T12:32:26.396Z,2.168,0,200,320x180,1.9588210000000004,845,
2025-12-22T12:32:26.840Z,2.266,0,200,320x180,2.0013160000000028,842,
2025-12-22T12:32:27.338Z,2.264,0,200,320x180,1.9978089999999895,850,
2025-12-22T12:32:27.844Z,2.244,0,200,320x180,1.9849209999999857,849,
2025-12-22T12:32:28.375Z,2.212,0,200,320x180,1.9532529999999895,855,
2025-12-22T12:32:28.449Z,2.223,1,600,480x270,1.9876370000000065,855,
2025-12-22T12:32:29.225Z,1.893,1,600,480x270,1.9063249999999812,860,
2025-12-22T12:32:29.814Z,1.737,1,600,480x270,1.9245590000000163,862,
2025-12-22T12:32:30.332Z,1.729,1,600,480x270,2.0135489999999834,850,
2025-12-22T12:32:30.804Z,1.787,1,600,480x270,1.930928999999992,868,
2025-12-22T12:32:31.405Z,1.665,1,600,480x270,1.9240240000000028,835,
2025-12-22T12:32:31.851Z,1.751,1,600,480x270,1.9791800000000137,823,
2025-12-22T12:32:32.252Z,1.833,1,600,480x270,1.9879580000000203,819,
2025-12-22T12:32:32.695Z,1.876,1,600,480x270,1.936048999999997,807,
2025-12-22T12:32:33.230Z,1.889,1,600,480x270,2.0039039999999773,813,
2025-12-22T12:32:33.641Z,1.914,1,600,480x270,2.0041490000000124,831,
2025-12-22T12:32:34.234Z,1.85,1,600,480x270,2.001999000000012,820,
2025-12-22T12:32:34.709Z,1.902,1,600,480x270,1.928481999999974,832,
2025-12-22T12:32:35.173Z,1.87,1,600,480x270,1.953236000000004,812,
2025-12-22T12:32:35.703Z,1.87,1,600,480x270,1.9241419999999891,786,
2025-12-22T12:32:36.297Z,1.787,1,600,480x270,1.9364160000000084,816,
2025-12-22T12:32:36.806Z,1.777,1,600,480x270,1.9278500000000065,838,
2025-12-22T12:32:37.357Z,1.735,1,600,480x270,1.9797179999999912,809,
2025-12-22T12:32:37.921Z,1.685,1,600,480x270,1.9082629999999767,797,
2025-12-22T12:32:38.547Z,1.587,1,600,480x270,1.9913490000000138,798,
2025-12-22T12:32:39.141Z,1.463,1,600,480x270,1.9904630000000054,783,
2025-12-22T12:32:39.701Z,1.376,1,600,480x270,1.9381539999999973,758,
2025-12-22T12:32:40.238Z,1.325,1,600,480x270,2.0013449999999864,793,
2025-12-22T12:32:40.908Z,1.173,1,600,480x270,1.923643999999996,791,
2025-12-22T12:32:41.681Z,1.03,1,600,480x270,1.9550299999999936,762,
2025-12-22T12:32:41.755Z,0.855,0,200,320x180,1.976551999999998,791,
2025-12-22T12:32:41.953Z,1.153,0,200,320x180,1.9759489999999857,791,
2025-12-22T12:32:42.133Z,1.415,0,200,320x180,1.9925210000000106,791,
2025-12-22T12:32:42.383Z,1.711,0,200,320x180,1.9613129999999899,811,
2025-12-22T12:32:42.529Z,2.031,0,200,320x180,2.0098879999999895,811,
2025-12-22T12:32:42.773Z,2.312,0,200,320x180,1.9596809999999891,789,
2025-12-22T12:32:43.224Z,2.315,0,200,320x180,1.9013360000000148,810,
2025-12-22T12:32:43.725Z,2.317,0,200,320x180,1.9047259999999824,822,
2025-12-22T12:32:44.286Z,2.256,0,200,320x180,1.9424359999999865,837,
2025-12-22T12:32:44.749Z,2.292,0,200,320x180,1.9818969999999752,851,
2025-12-22T12:32:45.167Z,2.111,1,600,480x270,1.972216000000003,865,
2025-12-22T12:32:45.499Z,2.095,1,600,480x270,1.943094000000002,865,
2025-12-22T12:32:46.003Z,2.087,1,600,480x270,1.9349040000000173,906,
2025-12-22T12:32:46.508Z,2.078,1,600,480x270,1.9371089999999924,909,
2025-12-22T12:32:46.942Z,2.136,1,600,480x270,1.9891580000000033,925,
2025-12-22T12:32:47.431Z,2.162,1,600,480x270,2.015375000000006,938,
2025-12-22T12:32:48.002Z,2.093,1,600,480x270,1.9352509999999938,945,
2025-12-22T12:32:48.462Z,2.088,1,600,480x270,1.9701129999999978,954,
2025-12-22T12:32:48.965Z,2.131,1,600,480x270,1.967962,967,
2025-12-22T12:32:49.599Z,1.997,1,600,480x270,1.9382180000000062,975,
2025-12-22T12:32:50.010Z,2.084,1,600,480x270,1.9181350000000066,981,
2025-12-22T12:32:50.455Z,2.134,1,600,480x270,1.9796349999999734,975,
2025-12-22T12:32:51.079Z,2,1,600,480x270,1.9539809999999704,982,
2025-12-22T12:32:51.553Z,2.053,1,600,480x270,1.9907460000000015,981,
2025-12-22T12:32:52.066Z,2.015,1,600,480x270,1.963975000000005,988,
2025-12-22T12:32:52.612Z,1.967,1,600,480x270,1.9162569999999732,993,
2025-12-22T12:32:53.071Z,2.006,1,600,480x270,1.956908999999996,990,
2025-12-22T12:32:53.581Z,1.987,1,600,480x270,1.9482289999999693,1002,
2025-12-22T12:32:54.009Z,2.069,1,600,480x270,1.926445000000001,999,
2025-12-22T12:32:54.379Z,2.208,1,600,480x270,1.9569030000000112,1011,
2025-12-22T12:32:54.886Z,2.195,1,600,480x270,1.946681999999953,1013,
2025-12-22T12:32:55.726Z,1.926,1,600,480x270,2.008014000000003,1021,
2025-12-22T12:32:55.797Z,1.877,2,1000,640x360,1.9355580000000145,1034,
2025-12-22T12:32:56.556Z,1.555,2,1000,640x360,1.9856649999999831,1034,
2025-12-22T12:32:57.302Z,1.274,2,1000,640x360,1.9267729999999688,1034,
2025-12-22T12:32:57.961Z,1.149,2,1000,640x360,1.975454999999954,1015,
2025-12-22T12:32:58.597Z,1.016,2,1000,640x360,1.9424590000000421,1076,
2025-12-22T12:32:59.395Z,0.711,2,1000,640x360,1.9472430000000145,1070,
2025-12-22T12:32:59.466Z,0.712,1,600,480x270,1.9815639999999917,1144,
2025-12-22T12:32:59.881Z,0.701,1,600,480x270,1.9496229999999741,1144,
2025-12-22T12:33:00.328Z,0.763,1,600,480x270,2.0024850000000356,1160,
2025-12-22T12:33:00.709Z,0.884,1,600,480x270,1.9176099999999678,1154,
2025-12-22T12:33:01.104Z,0.973,1,600,480x270,1.9228180000000066,1142,
2025-12-22T12:33:01.427Z,1.169,1,600,480x270,1.9987519999999677,1145,
2025-12-22T12:33:01.710Z,1.336,1,600,480x270,1.9166950000000043,1145,
2025-12-22T12:33:02.229Z,1.369,1,600,480x270,2.0041309999999726,1118,
2025-12-22T12:33:02.825Z,1.279,1,600,480x270,1.918015999999966,1097,
2025-12-22T12:33:02.892Z,1.272,2,1000,640x360,1.9342509999999606,1084,
2025-12-22T12:33:03.592Z,0.99,2,1000,640x360,1.9488810000000285,1084,
2025-12-22T12:33:04.607Z,0.501,2,1000,640x360,1.9330170000000066,1077,
2025-12-22T12:33:05.223Z,0.371,2,1000,640x360,1.9213379999999916,1047,
2025-12-22T12:33:05.436Z,0.201,2,1000,640x360,2.008082999999999,1011,rebuffer happen
2025-12-22T12:33:05.903Z,0.202,2,1000,640x360,1.9402559999999767,1011,
2025-12-22T12:33:06.077Z,0.028,2,1000,640x360,1.9576339999999846,1035,rebuffer happen
2025-12-22T12:33:06.443Z,0.025,2,1000,640x360,2.090899000000036,1035,rebuffer happen
2025-12-22T12:33:06.677Z,0.025,2,1000,640x360,2.092964000000052,1035,rebuffer happen
2025-12-22T12:33:06.720Z,0.025,2,1000,640x360,2.092964000000052,1035,
2025-12-22T12:33:06.760Z,0.02,1,600,480x270,2.15082799999999,1023,rebuffer happen
2025-12-22T12:33:06.796Z,0.02,1,600,480x270,2.15082799999999,1023,
2025-12-22T12:33:07.246Z,0.267,1,600,480x270,2.3879399999999578,1023,
2025-12-22T12:33:07.639Z,0.349,1,600,480x270,2.4007180000000403,1002,
2025-12-22T12:33:07.786Z,0.251,1,600,480x270,2.3621499999999855,1011,rebuffer happen
2025-12-22T12:33:08.037Z,0.483,1,600,480x270,2.3976299999999924,1011,
2025-12-22T12:33:08.176Z,0.295,1,600,480x270,2.3336119999999596,1009,rebuffer happen
2025-12-22T12:33:08.444Z,0.511,1,600,480x270,2.3379810000000134,1009,
2025-12-22T12:33:08.621Z,0.262,1,600,480x270,2.194374000000039,1009,rebuffer happen
2025-12-22T12:33:08.875Z,0.414,1,600,480x270,2.154454000000044,1009,
2025-12-22T12:33:09.121Z,0.221,1,600,480x270,2.065099000000032,984,rebuffer happen
2025-12-22T12:33:09.338Z,0.383,1,600,480x270,2.1384649999999965,984,
2025-12-22T12:33:09.582Z,0.214,1,600,480x270,2.0490589999999997,985,rebuffer happen
2025-12-22T12:33:09.816Z,0.34,1,600,480x270,2.0107909999999833,985,
2025-12-22T12:33:09.941Z,0.248,1,600,480x270,2.0791700000000333,1084,rebuffer happen
2025-12-22T12:33:10.195Z,0.288,1,600,480x270,2.0203309999999988,1084,rebuffer happen
2025-12-22T12:33:10.295Z,0.383,1,600,480x270,2.010123999999962,1084,
2025-12-22T12:33:10.470Z,0.186,1,600,480x270,2.028223999999966,1046,rebuffer happen
2025-12-22T12:33:10.924Z,0.198,1,600,480x270,1.9481269999999995,1046,
2025-12-22T12:33:10.996Z,0.214,0,200,320x180,1.9713140000000067,1011,
2025-12-22T12:33:11.147Z,0.408,0,200,320x180,2.0206640000000107,1011,
2025-12-22T12:33:11.297Z,0.767,0,200,320x180,1.9831089999999563,1026,
2025-12-22T12:33:11.431Z,1.124,0,200,320x180,2.0412299999999846,1026,
2025-12-22T12:33:11.565Z,1.517,0,200,320x180,2.0021320000000173,1026,
2025-12-22T12:33:11.693Z,1.915,0,200,320x180,1.976224000000002,1035,
2025-12-22T12:33:11.816Z,2.287,0,200,320x180,1.9382549999999696,1035,
2025-12-22T12:33:12.239Z,2.315,0,200,320x180,2.0037149999999997,1034,
2025-12-22T12:33:12.775Z,2.315,0,200,320x180,1.9675550000000044,1043,
2025-12-22T12:33:13.274Z,2.271,0,200,320x180,1.9608289999999897,1058,
2025-12-22T12:33:13.809Z,2.25,0,200,320x180,1.920835000000011,1053,
2025-12-22T12:33:14.343Z,2.203,0,200,320x180,1.9964009999999917,1054,
2025-12-22T12:33:14.414Z,2.267,2,1000,640x360,1.9241109999999821,1054,
2025-12-22T12:33:15.176Z,1.919,2,1000,640x360,1.9494139999999902,1060,
2025-12-22T12:33:15.775Z,1.853,2,1000,640x360,1.9526129999999853,1051,
2025-12-22T12:33:16.415Z,1.663,2,1000,640x360,1.912608999999975,1058,
2025-12-22T12:33:17.264Z,1.364,2,1000,640x360,1.975071000000014,1049,
2025-12-22T12:33:18.116Z,0.981,2,1000,640x360,1.9093429999999785,1004,
2025-12-22T12:33:18.188Z,0.918,1,600,480x270,1.9413189999999645,981,
2025-12-22T12:33:18.664Z,0.926,1,600,480x270,1.975215999999989,981,
2025-12-22T12:33:19.097Z,0.981,1,600,480x270,1.9341210000000046,977,
2025-12-22T12:33:19.592Z,1.005,1,600,480x270,1.93670800000001,983,
2025-12-22T12:33:19.996Z,1.1,1,600,480x270,1.9302149999999756,991,
2025-12-22T12:33:20.437Z,1.169,1,600,480x270,1.9983399999999847,985,
2025-12-22T12:33:20.851Z,1.232,1,600,480x270,1.9861290000000054,985,
2025-12-22T12:33:21.132Z,1.446,1,600,480x270,1.9991640000000075,967,
2025-12-22T12:33:21.400Z,1.697,1,600,480x270,1.9368069999999875,986,
2025-12-22T12:33:21.752Z,1.813,1,600,480x270,1.9783180000000016,986,
2025-12-22T12:33:22.076Z,2.04,1,600,480x270,1.9620779999999627,970,
2025-12-22T12:33:22.524Z,2.068,1,600,480x270,1.913108999999963,961,
2025-12-22T12:33:23.063Z,2.021,1,600,480x270,1.9649180000000115,985,
2025-12-22T12:33:23.894Z,1.711,1,600,480x270,1.9380749999999694,977,
2025-12-22T12:33:24.406Z,1.702,1,600,480x270,1.9326680000000351,916,
2025-12-22T12:33:24.997Z,1.584,1,600,480x270,1.93016700000004,900,
2025-12-22T12:33:25.595Z,1.479,1,600,480x270,1.9417859999999791,885,
2025-12-22T12:33:26.179Z,1.401,1,600,480x270,1.9472639999999615,890,
2025-12-22T12:33:26.817Z,1.286,1,600,480x270,1.9253360000000157,899,
2025-12-22T12:33:27.379Z,1.268,1,600,480x270,1.976795999999979,905,
2025-12-22T12:33:27.859Z,1.246,1,600,480x270,1.9879930000000172,919,
2025-12-22T12:33:28.418Z,1.171,1,600,480x270,1.9166629999999714,893,
2025-12-22T12:33:28.938Z,1.183,1,600,480x270,2.0011200000000144,891,
2025-12-22T12:33:29.430Z,1.175,1,600,480x270,2.0029930000000036,900,
2025-12-22T12:33:29.939Z,1.113,1,600,480x270,1.999559999999974,888,
2025-12-22T12:33:30.484Z,1.13,1,600,480x270,1.9625189999999861,908,
2025-12-22T12:33:30.972Z,1.112,1,600,480x270,1.9689020000000141,906,
2025-12-22T12:33:31.543Z,1.091,1,600,480x270,1.9902759999999944,906,
2025-12-22T12:33:32.019Z,1.063,1,600,480x270,1.9075280000000134,910,
2025-12-22T12:33:32.388Z,1.201,1,600,480x270,1.950037000000009,885,
2025-12-22T12:33:32.930Z,1.174,1,600,480x270,1.9981779999999958,885,
2025-12-22T12:33:33.431Z,1.182,1,600,480x270,2.0068039999999883,817,
2025-12-22T12:33:33.884Z,1.201,1,600,480x270,1.9477510000000393,838,
2025-12-22T12:33:34.313Z,1.295,1,600,480x270,1.928543999999988,814,
2025-12-22T12:33:35.026Z,1.069,1,600,480x270,1.906281999999976,907,
2025-12-22T12:33:35.502Z,1.069,1,600,480x270,1.9311739999999986,860,
2025-12-22T12:33:36.057Z,1.048,1,600,480x270,1.9752189999999814,829,
2025-12-22T12:33:36.627Z,0.97,1,600,480x270,2.0032509999999775,842,
2025-12-22T12:33:36.699Z,0.973,0,200,320x180,1.9302789999999845,835,
2025-12-22T12:33:36.927Z,1.089,0,200,320x180,2.0010730000000194,835,
2025-12-22T12:33:37.114Z,1.432,0,200,320x180,1.915138000000013,835,
2025-12-22T12:33:37.249Z,1.766,0,200,320x180,1.9787509999999884,832,
2025-12-22T12:33:37.390Z,2.126,0,200,320x180,1.940891000000022,832,
2025-12-22T12:33:37.707Z,2.334,0,200,320x180,1.9241200000000163,822,
2025-12-22T12:33:38.210Z,2.374,0,200,320x180,1.919181999999978,832,
2025-12-22T12:33:38.838Z,2.287,0,200,320x180,2.003675000000044,833,
2025-12-22T12:33:39.356Z,2.19,0,200,320x180,1.9813730000000191,844,
2025-12-22T12:33:39.915Z,2.169,0,200,320x180,1.9112590000000296,835,
2025-12-22T12:33:40.106Z,2.125,1,600,480x270,1.9233389999999986,849,
2025-12-22T12:33:40.610Z,1.984,1,600,480x270,1.9190789999999538,849,
2025-12-22T12:33:41.051Z,2.029,1,600,480x270,1.9782960000000003,808,
2025-12-22T12:33:41.536Z,2.045,1,600,480x270,1.9950070000000437,857,
2025-12-22T12:33:42.015Z,2.065,1,600,480x270,1.9169179999999528,882,
2025-12-22T12:33:42.499Z,2.106,1,600,480x270,1.940306000000021,893,
2025-12-22T12:33:43.035Z,2.061,1,600,480x270,1.9961230000000114,909,
2025-12-22T12:33:43.527Z,2.067,1,600,480x270,2.0164570000000026,917,
2025-12-22T12:33:44.052Z,2.03,1,600,480x270,1.9817110000000184,916,
2025-12-22T12:33:44.473Z,2.123,1,600,480x270,1.9620649999999955,917,
2025-12-22T12:33:44.991Z,2.066,1,600,480x270,1.9403909999999769,933,
2025-12-22T12:33:45.533Z,2.052,1,600,480x270,1.9991410000000087,939,
2025-12-22T12:33:46.129Z,1.954,1,600,480x270,1.9990479999999593,949,
2025-12-22T12:33:46.701Z,1.905,1,600,480x270,1.9431840000000307,946,
2025-12-22T12:33:47.236Z,1.846,1,600,480x270,1.994515999999976,949,
2025-12-22T12:33:47.715Z,1.894,1,600,480x270,1.9295040000000085,949,
2025-12-22T12:33:48.311Z,1.785,1,600,480x270,1.9269109999999614,939,
2025-12-22T12:33:49.000Z,1.651,1,600,480x270,1.9408470000000193,931,
2025-12-22T12:33:49.651Z,1.458,1,600,480x270,1.9768139999999903,901,
2025-12-22T12:33:50.302Z,1.283,1,600,480x270,1.9305069999999773,830,
2025-12-22T12:33:50.972Z,1.144,1,600,480x270,1.9564690000000269,825,
2025-12-22T12:33:51.653Z,0.947,1,600,480x270,1.9832499999999982,793,
2025-12-22T12:33:51.739Z,0.878,0,200,320x180,1.9972389999999791,781,
2025-12-22T12:33:52.056Z,1.065,0,200,320x180,1.983528999999976,781,
2025-12-22T12:33:52.283Z,1.268,0,200,320x180,1.9448980000000233,748,
2025-12-22T12:33:52.554Z,1.537,0,200,320x180,1.9727819999999952,748,
2025-12-22T12:33:52.777Z,1.807,0,200,320x180,1.963228000000015,728,
2025-12-22T12:33:53.016Z,2.01,0,200,320x180,1.9252250000000117,728,
2025-12-22T12:33:53.313Z,2.28,0,200,320x180,1.9233879999999886,738,
2025-12-22T12:33:53.806Z,2.278,0,200,320x180,1.9238259999999627,756,
2025-12-22T12:33:54.295Z,2.285,0,200,320x180,1.9351339999999482,776,
2025-12-22T12:33:54.815Z,2.272,0,200,320x180,1.9182050000000004,791,
2025-12-22T12:33:55.130Z,1.977,1,600,480x270,1.8964449999999715,809,
2025-12-22T12:33:55.640Z,1.959,1,600,480x270,1.9956000000000245,809,
2025-12-22T12:33:56.520Z,1.614,1,600,480x270,1.9219949999999812,803,
2025-12-22T12:33:57.223Z,1.386,1,600,480x270,1.9097019999999816,779,
2025-12-22T12:33:57.918Z,1.168,1,600,480x270,1.9095480000000293,767,
2025-12-22T12:33:58.543Z,1.065,1,600,480x270,1.9846529999999802,742,
2025-12-22T12:33:59.140Z,0.927,1,600,480x270,1.993331000000012,807,
2025-12-22T12:33:59.225Z,0.955,0,200,320x180,1.9113790000000108,815,
2025-12-22T12:33:59.353Z,1.187,0,200,320x180,1.9848380000000247,815,
2025-12-22T12:33:59.657Z,1.434,0,200,320x180,1.9755309999999895,815,
2025-12-22T12:33:59.872Z,1.683,0,200,320x180,1.9705230000000142,879,
2025-12-22T12:34:00.041Z,1.979,0,200,320x180,1.9885960000000296,879,
2025-12-22T12:34:00.371Z,2.229,0,200,320x180,1.9710149999999658,855,
2025-12-22T12:34:00.838Z,2.257,0,200,320x180,2.009287000000029,867,
2025-12-22T12:34:01.314Z,2.235,0,200,320x180,1.9182949999999437,867,
2025-12-22T12:34:01.859Z,2.21,0,200,320x180,1.9799940000000333,868,
2025-12-22T12:34:02.431Z,2.171,0,200,320x180,2.0074960000000033,866,
2025-12-22T12:34:02.619Z,1.994,1,600,480x270,1.912994000000026,870,
2025-12-22T12:34:03.169Z,1.915,1,600,480x270,1.957238000000018,870,
2025-12-22T12:34:03.745Z,1.861,1,600,480x270,1.9890199999999822,872,
2025-12-22T12:34:04.354Z,1.743,1,600,480x270,1.992576999999983,831,
2025-12-22T12:34:04.895Z,1.719,1,600,480x270,1.9375249999999937,831,
2025-12-22T12:34:05.443Z,1.626,1,600,480x270,1.9969340000000102,821,
2025-12-22T12:34:06.069Z,1.536,1,600,480x270,1.956655000000012,817,
2025-12-22T12:34:06.681Z,1.408,1,600,480x270,1.953300000000013,820,
2025-12-22T12:34:07.310Z,1.303,1,600,480x270,1.9394319999999539,775,
2025-12-22T12:34:07.852Z,1.261,1,600,480x270,1.983001999999999,803,
2025-12-22T12:34:08.386Z,1.236,1,600,480x270,1.9638279999999781,804,
2025-12-22T12:34:08.923Z,1.194,1,600,480x270,1.9134829999999852,799,
2025-12-22T12:34:09.521Z,1.064,1,600,480x270,1.9197560000000067,774,
2025-12-22T12:34:10.254Z,0.835,1,600,480x270,1.9802799999999934,747,
2025-12-22T12:34:10.327Z,0.802,0,200,320x180,1.9081370000000106,725,
2025-12-22T12:34:10.543Z,0.983,0,200,320x180,1.9993650000000116,725,
2025-12-22T12:34:10.862Z,1.228,0,200,320x180,1.9764439999999581,732,
2025-12-22T12:34:11.095Z,1.493,0,200,320x180,1.9414979999999673,732,
2025-12-22T12:34:11.323Z,1.74,0,200,320x180,1.9288050000000112,716,
2025-12-22T12:34:11.583Z,2.04,0,200,320x180,1.9597550000000297,716,
2025-12-22T12:34:11.837Z,2.218,0,200,320x180,2.0023929999999837,709,
2025-12-22T12:34:12.370Z,2.192,0,200,320x180,1.974945000000048,716,
2025-12-22T12:34:12.923Z,2.176,0,200,320x180,1.9113169999999968,715,
2025-12-22T12:34:13.297Z,2.259,0,200,320x180,1.9455050000000256,728,
2025-12-22T12:34:13.865Z,2.22,0,200,320x180,1.9748050000000035,727,
2025-12-22T12:34:13.942Z,2.231,1,600,480x270,1.9890350000000012,727,
2025-12-22T12:34:14.684Z,1.904,1,600,480x270,1.9473320000000172,731,
2025-12-22T12:34:15.353Z,1.727,1,600,480x270,1.9867039999999747,744,
2025-12-22T12:34:16.553Z,1.094,1,600,480x270,1.9922559999999976,731,
2025-12-22T12:34:17.542Z,0.556,1,600,480x270,1.9853439999999978,658,
2025-12-22T12:34:17.618Z,0.555,0,200,320x180,1.908996000000002,628,
2025-12-22T12:34:17.906Z,0.691,0,200,320x180,1.9220650000000319,628,
2025-12-22T12:34:18.314Z,0.763,0,200,320x180,1.914686999999958,628,
2025-12-22T12:34:18.757Z,0.873,0,200,320x180,1.9722849999999994,602,
2025-12-22T12:34:19.172Z,0.921,0,200,320x180,1.9532029999999736,578,
2025-12-22T12:34:19.688Z,0.916,0,200,320x180,1.9464300000000208,635,
2025-12-22T12:34:20.063Z,1.011,0,200,320x180,1.9696059999999989,612,
2025-12-22T12:34:20.405Z,1.205,0,200,320x180,1.9487770000000069,603,
2025-12-22T12:34:20.716Z,1.259,0,200,320x180,1.9273260000000505,603,
2025-12-22T12:34:21.079Z,1.487,0,200,320x180,1.961072999999999,586,
2025-12-22T12:34:21.432Z,1.633,0,200,320x180,1.99847299999999,583,
2025-12-22T12:34:21.742Z,1.855,0,200,320x180,1.986789999999985,583,
2025-12-22T12:34:22.048Z,2.014,0,200,320x180,1.9871580000000222,559,
2025-12-22T12:34:22.361Z,2.226,0,200,320x180,1.967804000000001,546,
2025-12-22T12:34:22.842Z,2.23,0,200,320x180,1.9886249999999563,562,
2025-12-22T12:34:23.342Z,2.207,0,200,320x180,1.9974789999999985,572,
2025-12-22T12:34:23.843Z,2.254,0,200,320x180,1.9921219999999948,583,
2025-12-22T12:34:24.342Z,2.258,0,200,320x180,2.003430000000037,593,
2025-12-22T12:34:24.804Z,2.289,0,200,320x180,1.9356050000000096,605,
2025-12-22T12:34:25.287Z,2.307,0,200,320x180,1.952984000000015,628,
2025-12-22T12:34:25.354Z,2.317,1,600,480x270,1.9872650000000363,628,
2025-12-22T12:34:26.180Z,1.915,1,600,480x270,1.9529059999999845,647,
2025-12-22T12:34:26.810Z,1.784,1,600,480x270,1.9270220000000222,652,
2025-12-22T12:34:27.483Z,1.66,1,600,480x270,1.9602130000000102,670,
2025-12-22T12:34:28.176Z,1.434,1,600,480x270,1.9469119999999975,675,
2025-12-22T12:34:28.848Z,1.246,1,600,480x270,1.9944759999999633,666,
2025-12-22T12:34:29.518Z,1.07,1,600,480x270,1.913347999999985,667,
2025-12-22T12:34:30.197Z,0.889,1,600,480x270,1.9427469999999971,665,
2025-12-22T12:34:30.273Z,0.835,0,200,320x180,1.9570579999999609,671,
2025-12-22T12:34:30.485Z,1.069,0,200,320x180,1.9495810000000233,671,
2025-12-22T12:34:30.753Z,1.327,0,200,320x180,1.97560900000002,680,
2025-12-22T12:34:30.991Z,1.562,0,200,320x180,1.9358809999999949,680,
2025-12-22T12:34:31.229Z,1.858,0,200,320x180,2.002803999999969,687,
2025-12-22T12:34:31.478Z,2.109,0,200,320x180,1.9592760000000453,687,
2025-12-22T12:34:31.913Z,2.181,0,200,320x180,1.9220249999999623,665,
2025-12-22T12:34:32.348Z,2.263,0,200,320x180,2.0008320000000026,682,
2025-12-22T12:34:32.904Z,2.199,0,200,320x180,1.928623000000016,682,
2025-12-22T12:34:33.374Z,2.184,0,200,320x180,1.9716940000000136,684,
2025-12-22T12:34:33.683Z,2.151,1,600,480x270,1.9721470000000068,679,
2025-12-22T12:34:34.636Z,1.485,1,600,480x270,1.992670999999973,679,
2025-12-22T12:34:35.421Z,1.201,1,600,480x270,1.9165869999999927,678,
2025-12-22T12:34:36.131Z,0.919,1,600,480x270,2.0001310000000103,667,
2025-12-22T12:34:36.780Z,0.818,1,600,480x270,1.953472999999974,663,
2025-12-22T12:34:37.513Z,0.628,1,600,480x270,1.9491409999999973,662,
2025-12-22T12:34:37.593Z,0.605,0,200,320x180,1.9603290000000015,657,
2025-12-22T12:34:37.829Z,0.707,0,200,320x180,2.0089940000000297,657,
2025-12-22T12:34:38.077Z,0.979,0,200,320x180,1.9626390000000242,657,
2025-12-22T12:34:38.320Z,1.304,0,200,320x180,1.9278059999999755,660,
2025-12-22T12:34:38.548Z,1.548,0,200,320x180,1.9826419999999985,660,
2025-12-22T12:34:38.771Z,1.816,0,200,320x180,1.9708389999999554,668,
2025-12-22T12:34:39.041Z,2.024,0,200,320x180,1.9985509999999636,668,
2025-12-22T12:34:39.369Z,2.223,0,200,320x180,1.9614270000000147,655,
2025-12-22T12:34:39.890Z,2.201,0,200,320x180,1.9438240000000064,670,
2025-12-22T12:34:40.410Z,2.176,0,200,320x180,1.9319309999999632,672,
2025-12-22T12:34:40.865Z,2.18,0,200,320x180,1.9675270000000182,663,
2025-12-22T12:34:41.000Z,2.209,1,600,480x270,1.9293099999999868,663,
2025-12-22T12:34:41.749Z,1.854,1,600,480x270,2.0028310000000147,667,
2025-12-22T12:34:42.411Z,1.647,1,600,480x270,1.9248580000000288,638,
2025-12-22T12:34:43.154Z,1.46,1,600,480x270,1.978042999999957,633,
2025-12-22T12:34:43.904Z,1.188,1,600,480x270,1.9237420000000043,618,
2025-12-22T12:34:44.720Z,0.877,1,600,480x270,1.924034000000006,604,
2025-12-22T12:34:44.804Z,0.883,0,200,320x180,1.9306799999999953,615,
2025-12-22T12:34:45.037Z,1.023,0,200,320x180,1.991404999999986,615,
2025-12-22T12:34:45.265Z,1.258,0,200,320x180,1.9679380000000037,624,
2025-12-22T12:34:45.489Z,1.577,0,200,320x180,1.9561919999999873,624,
2025-12-22T12:34:45.705Z,1.857,0,200,320x180,1.9411320000000387,615,
2025-12-22T12:34:45.919Z,2.14,0,200,320x180,1.9129110000000082,615,
2025-12-22T12:34:46.326Z,2.226,0,200,320x180,2.0011220000000094,615,
2025-12-22T12:34:46.815Z,2.229,0,200,320x180,1.9146559999999795,629,
2025-12-22T12:34:47.373Z,2.232,0,200,320x180,1.9655309999999986,635,
2025-12-22T12:34:47.872Z,2.211,0,200,320x180,1.95840400000003,645,
2025-12-22T12:34:48.202Z,2.015,1,600,480x270,1.9249489999999696,649,
2025-12-22T12:34:48.819Z,1.77,1,600,480x270,1.9081189999999992,649,
2025-12-22T12:34:48.987Z,2.054,1,600,480x270,1.9415420000000267,667,
2025-12-22T12:34:49.235Z,2.342,1,600,480x270,1.9949399999999855,706,
2025-12-22T12:34:49.794Z,2.343,1,600,480x270,1.93769199999997,735,
2025-12-22T12:34:50.236Z,2.339,1,600,480x270,1.9934440000000109,764,
2025-12-22T12:34:50.732Z,2.347,1,600,480x270,1.999682000000007,792,
2025-12-22T12:34:51.287Z,2.329,1,600,480x270,1.9464679999999817,820,
2025-12-22T12:34:51.770Z,2.35,1,600,480x270,1.9595429999999965,849,
2025-12-22T12:34:52.269Z,2.35,1,600,480x270,1.9591599999999971,871,
2025-12-22T12:34:52.773Z,2.349,1,600,480x270,1.9579610000000116,895,
2025-12-22T12:34:53.242Z,2.336,1,600,480x270,1.9949139999999943,921,
2025-12-22T12:34:53.771Z,2.303,1,600,480x270,1.9595259999999826,942,
2025-12-22T12:34:54.240Z,2.331,1,600,480x270,1.9890050000000201,995,
2025-12-22T12:34:54.726Z,2.305,1,600,480x270,1.999619999999993,1019,
2025-12-22T12:34:54.794Z,2.369,2,1000,640x360,1.9325860000000148,1019,
2025-12-22T12:34:55.274Z,2.302,2,1000,640x360,1.9635240000000067,1055,
2025-12-22T12:34:55.772Z,2.327,2,1000,640x360,1.9560220000000186,1105,
2025-12-22T12:34:56.283Z,2.297,2,1000,640x360,1.951958999999988,1147,
2025-12-22T12:34:56.780Z,2.322,2,1000,640x360,1.9565809999999715,1194,
2025-12-22T12:34:57.249Z,2.324,2,1000,640x360,1.9803550000000314,1240,
2025-12-22T12:34:57.776Z,2.297,2,1000,640x360,1.9552630000000022,1271,
2025-12-22T12:34:58.265Z,2.338,2,1000,640x360,1.9690459999999916,1320,
2025-12-22T12:34:58.773Z,2.301,2,1000,640x360,1.961545000000001,1355,
2025-12-22T12:34:59.280Z,2.296,2,1000,640x360,1.952005999999983,1396,
2025-12-22T12:34:59.787Z,2.284,2,1000,640x360,1.941473999999971,1435,
2025-12-22T12:35:00.256Z,2.318,2,1000,640x360,1.9768509999999537,1488,
2025-12-22T12:35:00.760Z,2.311,2,1000,640x360,1.973587000000009,1518,
2025-12-22T12:35:00.837Z,2.34,3,1500,768x432,1.9922940000000153,1518,
2025-12-22T12:35:01.314Z,2.234,3,1500,768x432,1.9142029999999863,1559,
2025-12-22T12:35:01.795Z,2.302,3,1500,768x432,1.9315449999999714,1620,
2025-12-22T12:35:02.318Z,2.266,3,1500,768x432,1.9167170000000056,1683,
2025-12-22T12:35:02.794Z,2.277,3,1500,768x432,1.9368609999999649,1756,
2025-12-22T12:35:03.313Z,2.286,3,1500,768x432,1.916379999999947,1810,
2025-12-22T12:35:03.839Z,2.237,3,1500,768x432,1.9876659999999902,1887,
2025-12-22T12:35:04.320Z,2.286,3,1500,768x432,1.9195400000000404,1954,
2025-12-22T12:35:04.798Z,2.276,3,1500,768x432,1.9339630000000056,2024,
2025-12-22T12:35:05.292Z,2.283,3,1500,768x432,1.9441179999999463,2080,
2025-12-22T12:35:05.816Z,2.259,3,1500,768x432,1.918779000000029,2113,
2025-12-22T12:35:06.302Z,2.27,3,1500,768x432,1.9310859999999934,2172,
2025-12-22T12:35:06.810Z,2.261,3,1500,768x432,1.9172909999999774,2216,
2025-12-22T12:35:07.309Z,2.272,3,1500,768x432,1.9278360000000134,2267,
2025-12-22T12:35:07.814Z,2.26,3,1500,768x432,1.9168399999999792,2309,
2025-12-22T12:35:08.311Z,2.267,3,1500,768x432,1.9234479999999508,2366,
2025-12-22T12:35:08.828Z,2.242,3,1500,768x432,2.002240000000029,2421,
2025-12-22T12:35:09.314Z,2.27,3,1500,768x432,1.924350000000004,2475,
2025-12-22T12:35:09.776Z,2.298,3,1500,768x432,1.9580290000000105,2516,
2025-12-22T12:35:10.272Z,2.296,3,1500,768x432,1.9566529999999602,2543,
2025-12-22T12:35:10.873Z,2.223,3,1500,768x432,1.9575810000000047,2590,
2025-12-22T12:35:11.314Z,2.26,3,1500,768x432,1.912479000000019,2653,
2025-12-22T12:35:11.807Z,2.265,3,1500,768x432,1.9198709999999437,2687,
2025-12-22T12:35:12.302Z,2.275,3,1500,768x432,1.9296620000000075,2719,
2025-12-22T12:35:12.807Z,2.24,3,1500,768x432,1.9219799999999623,2773,
2025-12-22T12:35:13.240Z,2.359,3,1500,768x432,1.9894469999999842,2812,
2025-12-22T12:35:13.772Z,2.303,3,1500,768x432,1.9627520000000231,2819,
2025-12-22T12:35:14.284Z,2.294,3,1500,768x432,1.9506269999999972,2864,
2025-12-22T12:35:14.820Z,2.272,3,1500,768x432,1.9177990000000023,2906,
2025-12-22T12:35:15.287Z,2.287,3,1500,768x432,1.9416079999999738,2968,
2025-12-22T12:35:15.802Z,2.295,3,1500,768x432,1.9260279999999739,2986,
2025-12-22T12:35:16.291Z,2.309,3,1500,768x432,1.9430639999999926,3023,
2025-12-22T12:35:16.792Z,2.283,3,1500,768x432,1.935358000000008,3055,
2025-12-22T12:35:17.409Z,2.169,3,1500,768x432,1.9275420000000167,3103,
2025-12-22T12:35:17.796Z,2.28,3,1500,768x432,1.9340889999999717,3177,
2025-12-22T12:35:18.276Z,2.3,3,1500,768x432,1.9595049999999787,3194,
2025-12-22T12:35:18.745Z,2.333,3,1500,768x432,1.9898089999999797,3220,
2025-12-22T12:35:19.273Z,2.306,3,1500,768x432,1.9613949999999818,3242,
2025-12-22T12:35:19.790Z,2.295,3,1500,768x432,1.9529080000000363,3274,
2025-12-22T12:35:20.294Z,2.285,3,1500,768x432,1.9361109999999826,3303,
2025-12-22T12:35:20.813Z,2.26,3,1500,768x432,1.9177520000000072,3352,
2025-12-22T12:35:21.297Z,2.284,3,1500,768x432,1.9382549999999696,3397,
2025-12-22T12:35:21.772Z,2.304,3,1500,768x432,1.957638999999972,3438,
2025-12-22T12:35:22.341Z,2.248,3,1500,768x432,1.9998930000000428,3453,
2025-12-22T12:35:22.837Z,2.243,3,1500,768x432,1.994905000000017,3517,
2025-12-22T12:35:23.373Z,2.266,3,1500,768x432,1.9755250000000046,3563,
2025-12-22T12:35:23.791Z,2.294,3,1500,768x432,1.946614000000011,3590,
2025-12-22T12:35:24.307Z,2.292,3,1500,768x432,1.924443999999994,3602,
2025-12-22T12:35:24.793Z,2.28,3,1500,768x432,1.9335459999999784,3657,
2025-12-22T12:35:25.292Z,2.287,3,1500,768x432,1.943569000000025,3684,
2025-12-22T12:35:25.800Z,2.271,3,1500,768x432,1.9309590000000298,3703,
2025-12-22T12:35:26.292Z,2.286,3,1500,768x432,1.9441399999999476,3732,
2025-12-22T12:35:26.764Z,2.31,3,1500,768x432,1.9689479999999548,3770,
2025-12-22T12:35:27.245Z,2.332,3,1500,768x432,1.9855959999999868,3790,
2025-12-22T12:35:27.769Z,2.311,3,1500,768x432,1.9691070000000082,3798,
2025-12-22T12:35:28.275Z,2.304,3,1500,768x432,1.9613049999999816,3822,
2025-12-22T12:35:28.845Z,2.236,3,1500,768x432,1.9987629999999967,3839,
2025-12-22T12:35:29.357Z,2.226,3,1500,768x432,1.9794449999999983,3873,
2025-12-22T12:35:29.804Z,2.272,3,1500,768x432,1.92719900000003,3927,
2025-12-22T12:35:30.296Z,2.283,3,1500,768x432,1.9385609999999929,3924,
2025-12-22T12:35:30.799Z,2.275,3,1500,768x432,1.9307430000000068,3955,
2025-12-22T12:35:31.281Z,2.294,3,1500,768x432,1.9538069999999834,3968,
2025-12-22T12:35:31.783Z,2.294,3,1500,768x432,1.9518079999999713,4004,
2025-12-22T12:35:32.280Z,2.295,3,1500,768x432,1.95618300000001,4018,
2025-12-22T12:35:32.773Z,2.311,3,1500,768x432,1.9694169999999644,4043,
2025-12-22T12:35:33.281Z,2.326,3,1500,768x432,1.95651799999996,4063,
2025-12-22T12:35:33.805Z,2.268,3,1500,768x432,1.92507599999999,4093,
2025-12-22T12:35:34.334Z,2.249,3,1500,768x432,2.0037039999999706,4106,
2025-12-22T12:35:34.849Z,2.224,3,1500,768x432,1.9820210000000316,4125,
2025-12-22T12:35:35.364Z,2.218,3,1500,768x432,1.9810420000000022,4137,
2025-12-22T12:35:35.845Z,2.236,3,1500,768x432,1.9880059999999844,4143,
2025-12-22T12:35:36.322Z,2.267,3,1500,768x432,1.917256000000009,4135,
2025-12-22T12:35:36.778Z,2.331,3,1500,768x432,1.962097999999969,4148,
2025-12-22T12:35:37.307Z,2.269,3,1500,768x432,1.9246459999999956,4143,
2025-12-22T12:35:37.815Z,2.258,3,1500,768x432,1.9134039999999573,4154,
2025-12-22T12:35:38.388Z,2.243,3,1500,768x432,1.9395530000000463,4184,
2025-12-22T12:35:38.892Z,2.186,3,1500,768x432,1.9383960000000116,4212,
2025-12-22T12:35:39.329Z,2.256,3,1500,768x432,2.008828000000051,4226,
2025-12-22T12:35:39.830Z,2.249,3,1500,768x432,2.002605000000017,4199,
2025-12-22T12:35:40.376Z,2.216,3,1500,768x432,1.9677760000000148,4195,
2025-12-22T12:35:40.840Z,2.243,3,1500,768x432,1.995381000000009,4195,
2025-12-22T12:35:41.334Z,2.264,3,1500,768x432,1.9934059999999931,4187,
2025-12-22T12:35:41.847Z,2.229,3,1500,768x432,1.9811619999999834,4203,
2025-12-22T12:35:42.340Z,2.241,3,1500,768x432,1.9937460000000442,4183,
2025-12-22T12:35:42.832Z,2.24,3,1500,768x432,1.995521999999994,4181,
2025-12-22T12:35:43.261Z,2.316,3,1500,768x432,1.9703680000000077,4186,
2025-12-22T12:35:43.761Z,2.31,3,1500,768x432,1.966811000000007,4176,
2025-12-22T12:35:44.271Z,2.333,3,1500,768x432,1.9619350000000395,4203,
2025-12-22T12:35:44.873Z,2.211,3,1500,768x432,1.957983000000013,4218,
2025-12-22T12:35:45.320Z,2.253,3,1500,768x432,1.9060259999999971,4254,
2025-12-22T12:35:45.825Z,2.263,3,1500,768x432,1.9045720000000301,4277,
2025-12-22T12:35:46.258Z,2.315,3,1500,768x432,1.9736310000000117,4278,
2025-12-22T12:35:46.755Z,2.317,3,1500,768x432,1.9732569999999896,4287,
2025-12-22T12:35:47.278Z,2.293,3,1500,768x432,1.9491289999999708,4298,
2025-12-22T12:35:47.794Z,2.275,3,1500,768x432,1.9334279999999922,4313,
2025-12-22T12:35:48.270Z,2.308,3,1500,768x432,1.9652729999999679,4331,
2025-12-22T12:35:48.830Z,2.247,3,1500,768x432,2.003008999999963,4359,
2025-12-22T12:35:49.382Z,2.21,3,1500,768x432,1.9607659999999782,4379,
2025-12-22T12:35:49.852Z,2.253,3,1500,768x432,1.9893179999999688,4384,
2025-12-22T12:35:50.358Z,2.241,3,1500,768x432,1.970109999999977,4384,
2025-12-22T12:35:50.879Z,2.212,3,1500,768x432,1.948034000000007,4398,
2025-12-22T12:35:51.360Z,2.245,3,1500,768x432,1.9783230000000458,4415,
2025-12-22T12:35:51.826Z,2.27,3,1500,768x432,1.906706999999983,4407,
2025-12-22T12:35:52.303Z,2.297,3,1500,768x432,1.9262659999999983,4429,
2025-12-22T12:35:52.762Z,2.328,3,1500,768x432,1.9646809999999846,4446,
2025-12-22T12:35:53.261Z,2.314,3,1500,768x432,1.9732399999999757,4449,
2025-12-22T12:35:53.885Z,2.271,3,1500,768x432,1.9466560000000186,4463,
2025-12-22T12:35:54.344Z,2.235,3,1500,768x432,1.9844310000000291,4495,
2025-12-22T12:35:54.785Z,2.29,3,1500,768x432,1.943300000000022,4518,
2025-12-22T12:35:55.276Z,2.3,3,1500,768x432,1.9595129999999585,4514,
2025-12-22T12:35:55.771Z,2.299,3,1500,768x432,1.9634740000000193,4535,
2025-12-22T12:35:56.283Z,2.286,3,1500,768x432,1.9409070000000384,4555,
2025-12-22T12:35:56.795Z,2.277,3,1500,768x432,1.9323400000000106,4573,
2025-12-22T12:35:57.293Z,2.285,3,1500,768x432,1.939817000000005,4581,
2025-12-22T12:35:57.783Z,2.29,3,1500,768x432,1.9463879999999563,4609,
2025-12-22T12:35:58.303Z,2.279,3,1500,768x432,1.935795999999982,4613,
2025-12-22T12:35:58.806Z,2.276,3,1500,768x432,1.9295019999999568,4636,
2025-12-22T12:35:59.333Z,2.27,3,1500,768x432,1.999637000000007,4645,
2025-12-22T12:35:59.779Z,2.292,3,1500,768x432,1.9516950000000293,4703,
2025-12-22T12:36:00.319Z,2.266,3,1500,768x432,1.9195859999999811,4713,
2025-12-22T12:36:00.892Z,2.187,3,1500,768x432,1.9384900000000016,4716,
2025-12-22T12:36:01.359Z,2.253,3,1500,768x432,1.9707140000000436,4721,
2025-12-22T12:36:01.826Z,2.267,3,1500,768x432,2.000410000000045,4739,
2025-12-22T12:36:02.322Z,2.265,3,1500,768x432,1.904313000000002,4722,
2025-12-22T12:36:02.870Z,2.222,3,1500,768x432,1.9568160000000034,4737,
2025-12-22T12:36:03.435Z,2.167,3,1500,768x432,2.0033390000000395,4740,
2025-12-22T12:36:03.818Z,2.28,3,1500,768x432,1.9119460000000004,4713,
2025-12-22T12:36:04.262Z,2.317,3,1500,768x432,1.9718789999999444,4741,
2025-12-22T12:36:04.804Z,2.272,3,1500,768x432,1.9282629999999585,4752,
2025-12-22T12:36:05.321Z,2.273,3,1500,768x432,1.917100000000005,4765,
2025-12-22T12:36:05.827Z,2.251,3,1500,768x432,2.00797799999998,4790,
2025-12-22T12:36:06.340Z,2.236,3,1500,768x432,1.994924000000026,4780,
2025-12-22T12:36:06.850Z,2.223,3,1500,768x432,1.9765879999999925,4785,
2025-12-22T12:36:07.331Z,2.238,3,1500,768x432,1.9979079999999954,4786,
2025-12-22T12:36:07.811Z,2.259,3,1500,768x432,1.9202779999999962,4782,
2025-12-22T12:36:08.310Z,2.27,3,1500,768x432,1.930183999999997,4777,
2025-12-22T12:36:08.821Z,2.255,3,1500,768x432,1.9086520000000178,4802,
2025-12-22T12:36:09.317Z,2.266,3,1500,768x432,1.9227689999999598,4792,
2025-12-22T12:36:09.826Z,2.252,3,1500,768x432,2.0062259999999696,4802,
2025-12-22T12:36:10.335Z,2.263,3,1500,768x432,1.9932589999999664,4798,
2025-12-22T12:36:10.792Z,2.276,3,1500,768x432,1.9344359999999483,4819,
2025-12-22T12:36:11.311Z,2.264,3,1500,768x432,1.917716999999982,4798,
2025-12-22T12:36:11.805Z,2.267,3,1500,768x432,1.9240930000000276,4813,
2025-12-22T12:36:12.299Z,2.276,3,1500,768x432,1.938916000000006,4822,
2025-12-22T12:36:12.801Z,2.301,3,1500,768x432,1.9288649999999734,4849,
2025-12-22T12:36:13.325Z,2.288,3,1500,768x432,1.9164850000000229,4846,
2025-12-22T12:36:13.829Z,2.273,3,1500,768x432,2.002486000000033,4866,
2025-12-22T12:36:14.327Z,2.253,3,1500,768x432,2.0121180000000436,4841,
2025-12-22T12:36:14.836Z,2.246,3,1500,768x432,2.0006440000000225,4877,
2025-12-22T12:36:15.467Z,2.125,3,1500,768x432,1.9738010000000372,4894,
2025-12-22T12:36:15.836Z,2.24,3,1500,768x432,1.995190999999977,4888,
2025-12-22T12:36:16.317Z,2.287,3,1500,768x432,1.9175639999999703,4898,
2025-12-22T12:36:16.829Z,2.247,3,1500,768x432,1.9978590000000054,4890,
2025-12-22T12:36:17.305Z,2.275,3,1500,768x432,1.9303209999999922,4875,
2025-12-22T12:36:17.812Z,2.267,3,1500,768x432,1.9203579999999647,4860,
2025-12-22T12:36:18.305Z,2.273,3,1500,768x432,1.9338559999999916,4883,
2025-12-22T12:36:18.798Z,2.308,3,1500,768x432,1.9375929999999926,4878,
2025-12-22T12:36:19.330Z,2.196,3,1500,768x432,1.9995209999999588,4890,
2025-12-22T12:36:19.787Z,2.34,3,1500,768x432,1.9414160000000038,4901,
2025-12-22T12:36:20.408Z,2.176,3,1500,768x432,1.9239680000000021,4878,
2025-12-22T12:36:20.873Z,2.254,3,1500,768x432,1.9619969999999967,4893,
2025-12-22T12:36:21.372Z,2.223,3,1500,768x432,1.967710000000011,4889,
2025-12-22T12:36:21.854Z,2.221,3,1500,768x432,1.988615999999979,4883,
2025-12-22T12:36:22.333Z,2.273,3,1500,768x432,2.005785000000003,4896,
2025-12-22T12:36:22.825Z,2.277,3,1500,768x432,1.9091760000000022,4897,
2025-12-22T12:36:23.316Z,2.277,3,1500,768x432,1.9236629999999764,4901,
2025-12-22T12:36:23.817Z,2.278,3,1500,768x432,1.9240939999999682,4891,
2025-12-22T12:36:24.315Z,2.267,3,1500,768x432,1.9195060000000126,4895,
2025-12-22T12:36:24.807Z,2.266,3,1500,768x432,1.9212689999999952,4899,
2025-12-22T12:36:25.293Z,2.286,3,1500,768x432,1.9420479999999998,4893,
2025-12-22T12:36:25.804Z,2.27,3,1500,768x432,1.9264239999999972,4930,
2025-12-22T12:36:26.310Z,2.274,3,1500,768x432,1.931131999999991,4943,
2025-12-22T12:36:26.812Z,2.265,3,1500,768x432,1.9227369999999837,4955,
2025-12-22T12:36:27.314Z,2.267,3,1500,768x432,1.9269319999999652,4944,
2025-12-22T12:36:27.809Z,2.274,3,1500,768x432,1.9326530000000162,4990,
2025-12-22T12:36:28.312Z,2.264,3,1500,768x432,1.92192,5019,
2025-12-22T12:36:28.802Z,2.27,3,1500,768x432,1.9265559999999482,5029,
2025-12-22T12:36:29.298Z,2.279,3,1500,768x432,1.9351970000000165,5022,
2025-12-22T12:36:29.810Z,2.289,3,1500,768x432,1.9207680000000096,5047,
2025-12-22T12:36:30.248Z,2.333,3,1500,768x432,1.9852309999999989,5036,
2025-12-22T12:36:30.787Z,2.29,3,1500,768x432,1.9496520000000146,5041,
2025-12-22T12:36:31.402Z,2.198,3,1500,768x432,1.9490619999999694,5057,
2025-12-22T12:36:31.809Z,2.273,3,1500,768x432,1.9305819999999585,5126,
2025-12-22T12:36:32.294Z,2.281,3,1500,768x432,1.9366299999999796,5105,
2025-12-22T12:36:32.805Z,2.269,3,1500,768x432,1.9241160000000264,5107,
2025-12-22T12:36:33.301Z,2.279,3,1500,768x432,1.9316749999999843,5109,
2025-12-22T12:36:33.798Z,2.301,3,1500,768x432,1.9337289999999712,5113,
2025-12-22T12:36:34.300Z,2.28,3,1500,768x432,1.935214999999971,5103,
2025-12-22T12:36:34.801Z,2.275,3,1500,768x432,1.9279999999999973,5107,
2025-12-22T12:36:35.316Z,2.265,3,1500,768x432,1.9217699999999809,5130,
2025-12-22T12:36:35.802Z,2.278,3,1500,768x432,1.9329369999999813,5125,
2025-12-22T12:36:36.259Z,2.316,3,1500,768x432,1.9743060000000128,5114,
2025-12-22T12:36:36.802Z,2.28,3,1500,768x432,1.938782999999944,5121,
2025-12-22T12:36:37.298Z,2.285,3,1500,768x432,1.94430600000004,5112,
2025-12-22T12:36:37.789Z,2.283,3,1500,768x432,1.9408129999999915,5126,
2025-12-22T12:36:38.281Z,2.289,3,1500,768x432,1.9472069999999917,5136,
2025-12-22T12:36:38.805Z,2.263,3,1500,768x432,1.920661999999993,5125,
2025-12-22T12:36:39.268Z,2.309,3,1500,768x432,1.9646960000000036,5148,
2025-12-22T12:36:39.790Z,2.287,3,1500,768x432,1.9406769999999938,5164,
2025-12-22T12:36:40.297Z,2.308,3,1500,768x432,1.9390839999999798,5172,
2025-12-22T12:36:40.773Z,2.307,3,1500,768x432,1.966341,5198,
2025-12-22T12:36:41.282Z,2.296,3,1500,768x432,1.9502459999999928,5169,
2025-12-22T12:36:41.783Z,2.315,3,1500,768x432,1.9443949999999859,5192,
2025-12-22T12:36:42.378Z,2.213,3,1500,768x432,1.9553479999999581,5186,
2025-12-22T12:36:42.813Z,2.261,3,1500,768x432,1.918408999999997,5174,
2025-12-22T12:36:43.297Z,2.282,3,1500,768x432,1.9382069999999771,5201,
2025-12-22T12:36:43.802Z,2.271,3,1500,768x432,1.9274389999999926,5201,
2025-12-22T12:36:44.304Z,2.277,3,1500,768x432,1.9384299999999826,5204,
2025-12-22T12:36:44.828Z,2.255,3,1500,768x432,2.0057689999999866,5179,
2025-12-22T12:36:45.289Z,2.288,3,1500,768x432,1.9388650000000212,5178,
2025-12-22T12:36:45.798Z,2.277,3,1500,768x432,1.9285220000000436,5166,
2025-12-22T12:36:46.309Z,2.267,3,1500,768x432,1.9272090000000048,5179,
2025-12-22T12:36:46.787Z,2.283,3,1500,768x432,1.9428479999999695,5179,
2025-12-22T12:36:47.253Z,2.321,3,1500,768x432,1.975543000000016,5161,
2025-12-22T12:36:47.772Z,2.297,3,1500,768x432,1.9545699999999897,5190,
2025-12-22T12:36:48.355Z,2.237,3,1500,768x432,1.9810429999999997,5164,
2025-12-22T12:36:48.778Z,2.307,3,1500,768x432,1.9515890000000127,5148,
2025-12-22T12:36:49.354Z,2.236,3,1500,768x432,1.987211000000002,5168,
2025-12-22T12:36:49.897Z,2.204,3,1500,768x432,1.9386719999999968,5143,
2025-12-22T12:36:50.438Z,2.169,3,1500,768x432,1.9956180000000359,5130,
2025-12-22T12:36:50.933Z,2.162,3,1500,768x432,1.9944479999999771,5154,
2025-12-22T12:36:51.327Z,2.26,3,1500,768x432,2.0129630000000134,5119,
2025-12-22T12:36:51.804Z,2.272,3,1500,768x432,1.9281799999999976,5141,
2025-12-22T12:36:52.348Z,2.237,3,1500,768x432,1.9827920000000177,5135,
2025-12-22T12:36:52.792Z,2.283,3,1500,768x432,1.9364079999999717,5109,
2025-12-22T12:36:53.280Z,2.29,3,1500,768x432,1.9450860000000034,5094,
2025-12-22T12:36:53.806Z,2.266,3,1500,768x432,1.9193569999999909,5057,
2025-12-22T12:36:54.352Z,2.229,3,1500,768x432,1.9802999999999997,5070,
2025-12-22T12:36:54.816Z,2.259,3,1500,768x432,1.914919999999995,5136,
2025-12-22T12:36:55.303Z,2.282,3,1500,768x432,1.9337079999999673,5127,
2025-12-22T12:36:55.799Z,2.277,3,1500,768x432,2.1073369999999727,5165,
2025-12-22T12:36:56.255Z,2.275,3,1500,768x432,2.079045000000008,5165,
2025-12-22T12:36:56.774Z,2.198,3,1500,768x432,2.010692000000006,5156,
2025-12-22T12:36:57.291Z,2.139,3,1500,768x432,1.980212999999992,5160,
2025-12-22T12:36:57.779Z,2.158,3,1500,768x432,1.9643479999999727,5149,
2025-12-22T12:36:58.296Z,2.142,3,1500,768x432,1.9436469999999986,5130,
2025-12-22T12:36:58.771Z,2.145,3,1500,768x432,1.9614500000000135,5095,
2025-12-22T12:36:59.260Z,2.16,3,1500,768x432,1.9725480000000175,5125,
2025-12-22T12:36:59.758Z,2.165,3,1500,768x432,1.9831679999999778,5077,
2025-12-22T12:37:00.264Z,2.16,3,1500,768x432,1.972804999999994,5116,
2025-12-22T12:37:00.748Z,2.185,3,1500,768x432,1.9915849999999864,5124,
2025-12-22T12:37:01.249Z,2.178,3,1500,768x432,1.990380000000016,5063,
2025-12-22T12:37:01.757Z,2.169,3,1500,768x432,1.9805150000000253,5027,
2025-12-22T12:37:02.246Z,2.163,3,1500,768x432,1.9824859999999944,5013,
2025-12-22T12:37:02.741Z,2.157,3,1500,768x432,1.9894029999999816,4946,
2025-12-22T12:37:03.252Z,2.169,3,1500,768x432,1.9884650000000192,4924,
2025-12-22T12:37:03.758Z,2.181,3,1500,768x432,1.980368999999996,4866,
2025-12-22T12:37:04.248Z,2.172,3,1500,768x432,1.9788819999999987,4858,
2025-12-22T12:37:04.753Z,2.172,3,1500,768x432,1.9735129999999685,4818,
2025-12-22T12:37:05.245Z,2.178,3,1500,768x432,1.9888459999999668,4796,
2025-12-22T12:37:05.759Z,2.176,3,1500,768x432,1.979600000000005,4778,
2025-12-22T12:37:06.275Z,2.15,3,1500,768x432,1.952855999999997,4724,
2025-12-22T12:37:06.772Z,2.145,3,1500,768x432,1.9555159999999887,4772,
2025-12-22T12:37:07.245Z,2.176,3,1500,768x432,1.9841949999999429,4720,
2025-12-22T12:37:07.746Z,2.179,3,1500,768x432,1.9852939999999535,4676,
2025-12-22T12:37:08.246Z,2.182,3,1500,768x432,1.9845890000000281,4698,
2025-12-22T12:37:08.748Z,2.178,3,1500,768x432,1.98552200000006,4670,
2025-12-22T12:37:09.243Z,2.159,3,1500,768x432,1.9894069999999147,4647,
2025-12-22T12:37:09.743Z,2.174,3,1500,768x432,1.9905519999999797,4629,
2025-12-22T12:37:10.244Z,2.179,3,1500,768x432,1.9943069999999352,4567,
2025-12-22T12:37:10.740Z,2.174,3,1500,768x432,1.9959259999999404,4687,
2025-12-22T12:37:11.250Z,2.176,3,1500,768x432,1.990224000000012,4660,
2025-12-22T12:37:11.753Z,2.165,3,1500,768x432,1.9838870000000952,4701,
2025-12-22T12:37:12.246Z,2.176,3,1500,768x432,1.9941700000000537,4653,
2025-12-22T12:37:12.746Z,2.177,3,1500,768x432,1.9853239999999914,4651,
2025-12-22T12:37:13.248Z,2.173,3,1500,768x432,1.9839990000000398,4642,
2025-12-22T12:37:13.754Z,2.175,3,1500,768x432,1.9867040000000316,4708,
2025-12-22T12:37:14.247Z,2.176,3,1500,768x432,1.9867969999999104,4649,
2025-12-22T12:37:14.746Z,2.18,3,1500,768x432,1.9897190000000364,4640,
2025-12-22T12:37:15.242Z,2.154,3,1500,768x432,1.9928160000000616,4694,
2025-12-22T12:37:15.752Z,2.169,3,1500,768x432,1.9755340000000388,4667,
2025-12-22T12:37:16.246Z,2.175,3,1500,768x432,1.985757000000035,4662,
2025-12-22T12:37:16.748Z,2.185,3,1500,768x432,1.9878519999999753,4687,
2025-12-22T12:37:17.245Z,2.178,3,1500,768x432,1.9946749999999156,4641,
2025-12-22T12:37:17.741Z,2.189,3,1500,768x432,1.9981139999999868,4651,
2025-12-22T12:37:18.247Z,2.179,3,1500,768x432,1.9946690000000444,4671,
2025-12-22T12:37:18.743Z,2.178,3,1500,768x432,1.9917890000000398,4666,
2025-12-22T12:37:19.247Z,2.158,3,1500,768x432,1.989657999999963,4659,
2025-12-22T12:37:19.748Z,2.179,3,1500,768x432,1.9805569999999761,4664,
2025-12-22T12:37:20.247Z,2.178,3,1500,768x432,1.993600000000015,4744,
2025-12-22T12:37:20.745Z,2.177,3,1500,768x432,1.9924069999999574,4698,
2025-12-22T12:37:21.265Z,2.173,3,1500,768x432,1.9712319999999863,4680,
2025-12-22T12:37:21.773Z,2.169,3,1500,768x432,1.9698520000000599,4732,
2025-12-22T12:37:22.290Z,2.131,3,1500,768x432,1.9387649999999894,4698,
2025-12-22T12:37:22.762Z,2.155,3,1500,768x432,1.9641570000000002,4754,
2025-12-22T12:37:23.248Z,2.17,3,1500,768x432,1.9839230000000043,4661,
2025-12-22T12:37:23.750Z,2.152,3,1500,768x432,1.9855600000000777,4667,
2025-12-22T12:37:24.265Z,2.164,3,1500,768x432,1.9707909999999629,4643,
2025-12-22T12:37:24.776Z,2.141,3,1500,768x432,1.963414000000057,4606,
2025-12-22T12:37:25.255Z,2.165,3,1500,768x432,1.9862289999999803,4585,
2025-12-22T12:37:25.757Z,2.17,3,1500,768x432,1.9899540000000115,4556,
2025-12-22T12:37:26.253Z,2.169,3,1500,768x432,1.9917769999999564,4552,
2025-12-22T12:37:26.747Z,2.19,3,1500,768x432,1.993791999999985,4542,
2025-12-22T12:37:27.249Z,2.18,3,1500,768x432,1.9865230000000338,4520,
2025-12-22T12:37:27.755Z,2.149,3,1500,768x432,1.9835869999999431,4582,
2025-12-22T12:37:28.246Z,2.171,3,1500,768x432,1.9933809999999994,4577,
2025-12-22T12:37:28.767Z,2.156,3,1500,768x432,1.9615069999999832,4587,
2025-12-22T12:37:29.271Z,2.151,3,1500,768x432,1.9661179999999376,4539,
2025-12-22T12:37:29.753Z,2.174,3,1500,768x432,1.9859500000000025,4540,
2025-12-22T12:37:30.271Z,2.162,3,1500,768x432,1.9644680000000108,4520,
2025-12-22T12:37:30.747Z,2.183,3,1500,768x432,2.0019570000000613,4505,
2025-12-22T12:37:31.257Z,2.166,3,1500,768x432,1.9715610000000652,4569,
2025-12-22T12:37:31.756Z,2.145,3,1500,768x432,1.9866859999999633,4525,
2025-12-22T12:37:32.257Z,2.177,3,1500,768x432,1.9897080000000642,4505,
2025-12-22T12:37:32.749Z,2.179,3,1500,768x432,1.9798920000000635,4539,
2025-12-22T12:37:33.244Z,2.172,3,1500,768x432,1.9887509999999793,4517,
2025-12-22T12:37:33.742Z,2.155,3,1500,768x432,1.994688999999994,4530,
2025-12-22T12:37:34.251Z,2.175,3,1500,768x432,1.981408999999985,4523,
2025-12-22T12:37:34.745Z,2.185,3,1500,768x432,1.9994660000000977,4511,
2025-12-22T12:37:36.511Z,0.979,3,1500,768x432,1.923703000000046,4479,
2025-12-22T12:37:37.335Z,0.297,3,1500,768x432,2.011553999999933,3403,rebuffer happen
2025-12-22T12:37:37.446Z,0.251,3,1500,768x432,1.9944450000000415,3403,rebuffer happen
2025-12-22T12:37:37.767Z,0.028,3,1500,768x432,1.9676739999999882,3403,rebuffer happen
2025-12-22T12:37:37.850Z,0.019,3,1500,768x432,2.0323600000000397,3403,rebuffer happen
2025-12-22T12:37:37.934Z,0.022,3,1500,768x432,2.095006000000012,3403,rebuffer happen
2025-12-22T12:37:37.983Z,0.023,3,1500,768x432,2.062449000000015,3403,rebuffer happen
2025-12-22T12:37:38.092Z,0.023,3,1500,768x432,2.170449000000076,3403,
2025-12-22T12:37:38.134Z,0.02,2,1000,640x360,2.232230999999956,2564,rebuffer happen
2025-12-22T12:37:38.159Z,0.02,2,1000,640x360,2.232230999999956,2564,
2025-12-22T12:37:38.667Z,0.031,2,1000,640x360,2.575174000000061,2564,rebuffer happen
2025-12-22T12:37:38.768Z,0.018,2,1000,640x360,2.5900349999999435,2564,rebuffer happen
2025-12-22T12:37:38.801Z,0.027,2,1000,640x360,2.5654289999999946,2564,rebuffer happen
2025-12-22T12:37:38.868Z,0.021,2,1000,640x360,2.634672000000023,2564,rebuffer happen
2025-12-22T12:37:38.901Z,0.028,2,1000,640x360,2.6083489999999756,2564,rebuffer happen
2025-12-22T12:37:39.001Z,0.021,2,1000,640x360,2.6294920000000275,2564,rebuffer happen
2025-12-22T12:37:39.101Z,0.021,2,1000,640x360,2.702036000000021,2564,rebuffer happen
2025-12-22T12:37:39.151Z,0.019,2,1000,640x360,2.7610939999999573,2564,rebuffer happen
2025-12-22T12:37:39.183Z,0.019,2,1000,640x360,2.7610939999999573,2564,
2025-12-22T12:37:39.218Z,0.021,2,1000,640x360,2.7303929999999355,2097,rebuffer happen
2025-12-22T12:37:39.602Z,0.026,2,1000,640x360,3.0713519999999335,2097,rebuffer happen
2025-12-22T12:37:39.952Z,0.026,2,1000,640x360,3.1686359999999922,2097,rebuffer happen
2025-12-22T12:37:40.052Z,0.023,2,1000,640x360,3.238478999999984,2097,rebuffer happen
2025-12-22T12:37:40.102Z,0.019,2,1000,640x360,3.2010249999999587,2097,rebuffer happen
2025-12-22T12:37:40.135Z,0.028,2,1000,640x360,3.274400000000014,2097,rebuffer happen
2025-12-22T12:37:40.179Z,0.028,2,1000,640x360,3.274400000000014,2097,
2025-12-22T12:37:40.219Z,0.026,2,1000,640x360,3.239157999999975,1837,rebuffer happen
2025-12-22T12:37:40.586Z,0.018,2,1000,640x360,3.5924440000000004,1837,rebuffer happen
2025-12-22T12:37:40.619Z,0.024,2,1000,640x360,3.564899999999966,1837,rebuffer happen
2025-12-22T12:37:40.819Z,0.025,2,1000,640x360,3.6029800000000023,1837,rebuffer happen
2025-12-22T12:37:40.869Z,0.021,2,1000,640x360,3.6616630000000896,1837,rebuffer happen
2025-12-22T12:37:40.919Z,0.015,2,1000,640x360,3.622457000000054,1837,rebuffer happen
2025-12-22T12:37:40.953Z,0.023,2,1000,640x360,3.703547999999955,1837,rebuffer happen
2025-12-22T12:37:41.003Z,0.029,2,1000,640x360,3.6765060000000176,1837,rebuffer happen
2025-12-22T12:37:41.153Z,0.02,2,1000,640x360,3.8050049999999374,1837,rebuffer happen
2025-12-22T12:37:41.253Z,0.017,2,1000,640x360,3.8635209999999915,1837,rebuffer happen
2025-12-22T12:37:41.261Z,0.017,2,1000,640x360,3.8635209999999915,1837,
2025-12-22T12:37:41.286Z,0.028,2,1000,640x360,3.8411370000000034,1612,rebuffer happen
2025-12-22T12:37:41.686Z,0.028,2,1000,640x360,4.177203999999961,1612,rebuffer happen
2025-12-22T12:37:41.937Z,0.023,2,1000,640x360,4.266945999999962,1612,rebuffer happen
2025-12-22T12:37:41.987Z,0.022,2,1000,640x360,4.233098999999925,1612,rebuffer happen
2025-12-22T12:37:42.037Z,0.02,2,1000,640x360,4.303481999999917,1612,rebuffer happen
2025-12-22T12:37:42.070Z,0.03,2,1000,640x360,4.280130999999983,1612,rebuffer happen
2025-12-22T12:37:42.137Z,0.024,2,1000,640x360,4.329674000000068,1612,rebuffer happen
2025-12-22T12:37:42.187Z,0.016,2,1000,640x360,4.288973000000055,1612,rebuffer happen
2025-12-22T12:37:42.220Z,0.023,2,1000,640x360,4.261854999999969,1612,rebuffer happen
2025-12-22T12:37:42.286Z,0.023,2,1000,640x360,4.361854999999991,1612,
2025-12-22T12:37:42.320Z,0.026,1,600,480x270,4.332012000000077,1360,rebuffer happen
2025-12-22T12:37:42.365Z,0.026,1,600,480x270,4.443012000000067,1360,
2025-12-22T12:37:42.687Z,0.022,1,600,480x270,4.6705440000000635,1360,rebuffer happen
2025-12-22T12:37:42.982Z,0.178,1,600,480x270,4.686370000000011,1360,
2025-12-22T12:37:43.138Z,0.02,1,600,480x270,4.736115000000041,1267,rebuffer happen
2025-12-22T12:37:43.636Z,0.209,1,600,480x270,4.924415000000067,1267,
2025-12-22T12:37:43.822Z,0.033,1,600,480x270,4.852008999999953,1167,rebuffer happen
2025-12-22T12:37:44.264Z,0.211,1,600,480x270,5.042462,1167,
2025-12-22T12:37:44.456Z,0.03,1,600,480x270,5.037420999999995,1089,rebuffer happen
2025-12-22T12:37:44.893Z,0.216,1,600,480x270,5.116327999999953,1089,
2025-12-22T12:37:45.073Z,0.023,1,600,480x270,5.142955000000029,1053,rebuffer happen
2025-12-22T12:37:45.502Z,0.219,1,600,480x270,5.23808699999995,1053,
2025-12-22T12:37:45.707Z,0.024,1,600,480x270,5.235064999999963,1025,rebuffer happen
2025-12-22T12:37:46.107Z,0.25,1,600,480x270,5.359479999999962,1025,
2025-12-22T12:37:46.174Z,0.242,0,200,320x180,5.387145000000032,993,
2025-12-22T12:37:46.352Z,0.456,0,200,320x180,5.414664000000016,993,
2025-12-22T12:37:46.554Z,0.724,0,200,320x180,5.3415410000000065,993,
2025-12-22T12:37:46.766Z,0.905,0,200,320x180,5.214902000000052,965,
2025-12-22T12:37:46.960Z,1.115,0,200,320x180,5.126879000000031,965,
2025-12-22T12:37:47.151Z,1.264,0,200,320x180,5.041635999999926,965,
2025-12-22T12:37:47.352Z,1.533,0,200,320x180,5.010775999999964,933,
2025-12-22T12:37:47.575Z,1.793,0,200,320x180,4.872514000000024,933,
2025-12-22T12:37:47.764Z,1.944,0,200,320x180,4.795026000000007,927,
2025-12-22T12:37:47.981Z,2.15,0,200,320x180,4.673355000000015,927,
2025-12-22T12:37:48.155Z,2.356,0,200,320x180,4.6123850000000175,889,
2025-12-22T12:37:48.380Z,2.564,0,200,320x180,4.498334,889,
2025-12-22T12:37:48.566Z,2.7,0,200,320x180,4.420369000000051,889,
2025-12-22T12:37:48.771Z,2.994,0,200,320x180,4.300196000000028,881,
2025-12-22T12:37:48.959Z,3.176,0,200,320x180,4.217314999999985,881,
2025-12-22T12:37:49.155Z,3.348,0,200,320x180,4.131619000000001,881,
2025-12-22T12:37:49.373Z,3.654,0,200,320x180,4.064820999999938,851,
2025-12-22T12:37:49.546Z,3.86,0,200,320x180,4.017291999999998,851,
2025-12-22T12:37:49.628Z,3.898,1,600,480x270,3.894051000000104,856,
2025-12-22T12:37:50.166Z,3.498,1,600,480x270,3.682909000000109,856,
2025-12-22T12:37:50.527Z,3.436,1,600,480x270,3.559570000000008,861,
2025-12-22T12:37:50.875Z,3.434,1,600,480x270,3.337315999999987,897,
2025-12-22T12:37:51.280Z,3.354,1,600,480x270,3.19577599999991,897,
2025-12-22T12:37:51.757Z,3.148,1,600,480x270,2.9696760000000495,1024,
2025-12-22T12:37:52.246Z,2.946,1,600,480x270,2.7793669999999793,1025,
2025-12-22T12:37:52.757Z,2.767,1,600,480x270,2.5735290000000077,1085,
2025-12-22T12:37:53.030Z,2.566,2,1000,640x360,2.3815329999999904,1109,
2025-12-22T12:37:53.496Z,2.267,2,1000,640x360,2.263078999999948,1109,
2025-12-22T12:37:53.977Z,2.131,2,1000,640x360,2.1288600000000315,1095,
2025-12-22T12:37:54.419Z,2.102,2,1000,640x360,2.0197279999999864,1095,
2025-12-22T12:37:54.864Z,2.108,2,1000,640x360,2.0273820000001024,1168,
2025-12-22T12:37:55.354Z,2.089,2,1000,640x360,2.021944000000076,1187,
2025-12-22T12:37:55.854Z,2.068,2,1000,640x360,1.9859519999999975,1227,
2025-12-22T12:37:56.360Z,2.072,2,1000,640x360,1.989328999999998,1242,
2025-12-22T12:37:56.854Z,2.061,2,1000,640x360,1.9804820000000518,1297,
2025-12-22T12:37:57.362Z,2.055,2,1000,640x360,1.9709890000000314,1299,
2025-12-22T12:37:57.831Z,2.075,2,1000,640x360,2.0011049999999386,1269,
2025-12-22T12:37:58.349Z,2.069,2,1000,640x360,1.9954369999999244,1300,
2025-12-22T12:37:58.849Z,2.059,2,1000,640x360,1.98762099999999,1345,
2025-12-22T12:37:59.415Z,2.067,2,1000,640x360,1.9302020000000084,1358,
2025-12-22T12:37:59.855Z,2.044,2,1000,640x360,1.9723889999999074,1432,
2025-12-22T12:38:00.241Z,2.187,2,1000,640x360,1.9932869999998957,1402,
2025-12-22T12:38:00.743Z,2.185,2,1000,640x360,1.995162999999934,1500,
2025-12-22T12:38:00.811Z,2.182,3,1500,768x432,1.9267899999999827,1536,
2025-12-22T12:38:01.296Z,2.109,3,1500,768x432,1.9318680000000086,1536,
2025-12-22T12:38:01.806Z,2.097,3,1500,768x432,1.9289980000000924,1652,
2025-12-22T12:38:02.315Z,2.098,3,1500,768x432,1.925487999999973,1764,
2025-12-22T12:38:02.809Z,2.098,3,1500,768x432,1.9292749999999614,1794,
2025-12-22T12:38:03.311Z,2.097,3,1500,768x432,1.9274869999999282,1822,
2025-12-22T12:38:03.868Z,2.04,3,1500,768x432,1.962711000000013,1875,
2025-12-22T12:38:04.357Z,2.063,3,1500,768x432,1.9875230000000101,1877,
2025-12-22T12:38:04.865Z,2.047,3,1500,768x432,1.9647109999999657,1896,
2025-12-22T12:38:05.386Z,2.042,3,1500,768x432,1.9671180000000277,1909,
2025-12-22T12:38:05.872Z,2.045,3,1500,768x432,1.962144999999964,1932,
2025-12-22T12:38:06.386Z,2.035,3,1500,768x432,1.945769999999925,1960,
2025-12-22T12:38:06.906Z,2.009,3,1500,768x432,1.9251279999999724,1925,
2025-12-22T12:38:07.456Z,1.966,3,1500,768x432,1.9722510000000284,1959,
2025-12-22T12:38:08.023Z,1.897,3,1500,768x432,1.905898000000093,1923,
2025-12-22T12:38:08.529Z,1.898,3,1500,768x432,2.006697999999915,1935,
2025-12-22T12:38:09.017Z,1.895,3,1500,768x432,1.9212620000000697,1954,
2025-12-22T12:38:09.527Z,1.903,3,1500,768x432,2.0115409999999656,1945,
2025-12-22T12:38:10.126Z,1.799,3,1500,768x432,2.0000740000000405,1964,
2025-12-22T12:38:10.767Z,1.654,3,1500,768x432,1.9681209999999965,1976,
2025-12-22T12:38:11.322Z,1.606,3,1500,768x432,1.9142570000000205,1981,
2025-12-22T12:38:11.851Z,1.568,3,1500,768x432,1.9816060000000562,1983,
2025-12-22T12:38:12.396Z,1.547,3,1500,768x432,1.9392149999999901,1984,
2025-12-22T12:38:13.220Z,1.221,3,1500,768x432,1.9103020000000015,1982,
2025-12-22T12:38:14.075Z,0.88,3,1500,768x432,1.961716000000024,1900,
2025-12-22T12:38:14.143Z,0.788,2,1000,640x360,1.9882709999999406,1800,
2025-12-22T12:38:14.730Z,0.71,2,1000,640x360,1.9979940000000624,1800,
2025-12-22T12:38:15.380Z,0.583,2,1000,640x360,1.9471199999999271,1611,
2025-12-22T12:38:16.025Z,0.389,2,1000,640x360,1.9085929999999962,1771,
2025-12-22T12:38:16.242Z,0.216,2,1000,640x360,1.9923769999999195,1763,rebuffer happen
2025-12-22T12:38:16.414Z,0.279,2,1000,640x360,1.9294190000000526,1763,rebuffer happen
2025-12-22T12:38:16.524Z,0.27,2,1000,640x360,1.9079349999999522,1763,rebuffer happen
2025-12-22T12:38:16.663Z,0.309,2,1000,640x360,1.979029999999966,1763,
2025-12-22T12:38:16.664Z,0.262,2,1000,640x360,1.978403999999955,1763,rebuffer happen
2025-12-22T12:38:17.221Z,0.198,2,1000,640x360,1.9196449999999459,1656,
2025-12-22T12:38:17.416Z,0.023,2,1000,640x360,1.941944000000035,1801,rebuffer happen
2025-12-22T12:38:17.883Z,0.071,2,1000,640x360,2.012886999999978,1801,
2025-12-22T12:38:17.950Z,0.027,1,600,480x270,2.040561000000025,1606,rebuffer happen
2025-12-22T12:38:17.961Z,0.027,1,600,480x270,2.040561000000025,1606,
2025-12-22T12:38:18.320Z,0.375,1,600,480x270,2.1740500000000793,1606,
2025-12-22T12:38:18.480Z,0.208,1,600,480x270,2.216594999999984,1616,rebuffer happen
2025-12-22T12:38:18.667Z,0.469,1,600,480x270,2.1736660000000256,1616,
2025-12-22T12:38:19.037Z,0.524,1,600,480x270,2.1226389999999355,1538,
2025-12-22T12:38:19.384Z,0.629,1,600,480x270,2.0373389999999745,1466,
2025-12-22T12:38:19.731Z,0.741,1,600,480x270,2.0512979999999743,1466,
2025-12-22T12:38:20.088Z,0.858,1,600,480x270,1.9720549999999548,1429,
2025-12-22T12:38:20.441Z,0.99,1,600,480x270,2.028644999999983,1396,
2025-12-22T12:38:20.791Z,1.142,1,600,480x270,1.9600189999999884,1396,
2025-12-22T12:38:21.141Z,1.26,1,600,480x270,2.0068469999999934,1299,
2025-12-22T12:38:21.494Z,1.448,1,600,480x270,1.965398999999934,1273,
2025-12-22T12:38:21.568Z,1.427,2,1000,640x360,1.992815999999948,1232,
2025-12-22T12:38:22.374Z,1.077,2,1000,640x360,1.9687059999999974,1232,
2025-12-22T12:38:23.202Z,0.763,2,1000,640x360,1.926093999999921,1184,
2025-12-22T12:38:24.048Z,0.397,2,1000,640x360,1.9793539999999439,1144,
2025-12-22T12:38:24.317Z,0.116,2,1000,640x360,1.9346219999999903,1104,rebuffer happen
2025-12-22T12:38:24.839Z,0.026,2,1000,640x360,2.002202000000011,1104,rebuffer happen
2025-12-22T12:38:24.906Z,0.027,2,1000,640x360,1.970295999999962,1104,rebuffer happen
2025-12-22T12:38:24.909Z,0.027,2,1000,640x360,1.970295999999962,1104,
2025-12-22T12:38:24.955Z,0.019,1,600,480x270,2.026021999999898,1032,rebuffer happen
2025-12-22T12:38:24.985Z,0.019,1,600,480x270,2.026021999999898,1032,
2025-12-22T12:38:25.487Z,0.282,1,600,480x270,2.2999079999999594,1032,
2025-12-22T12:38:25.740Z,0.029,1,600,480x270,2.3481499999999187,1013,rebuffer happen
2025-12-22T12:38:26.013Z,0.239,1,600,480x270,2.2803769999999304,1013,
2025-12-22T12:38:26.257Z,0.028,1,600,480x270,2.3350299999999606,932,rebuffer happen
2025-12-22T12:38:26.540Z,0.262,1,600,480x270,2.389094,932,
2025-12-22T12:38:26.790Z,0.032,1,600,480x270,2.3390850000000682,925,rebuffer happen
2025-12-22T12:38:27.066Z,0.262,1,600,480x270,2.382951999999932,925,
2025-12-22T12:38:27.579Z,0.283,1,600,480x270,2.3831460000000106,860,
2025-12-22T12:38:27.825Z,0.032,1,600,480x270,2.338628999999969,842,rebuffer happen
2025-12-22T12:38:28.098Z,0.268,1,600,480x270,2.3939960000000156,842,
2025-12-22T12:38:28.640Z,0.243,1,600,480x270,2.47189800000001,845,
2025-12-22T12:38:28.708Z,0.257,0,200,320x180,2.403570000000059,810,
2025-12-22T12:38:28.880Z,0.455,0,200,320x180,2.4297090000000026,810,
2025-12-22T12:38:29.071Z,0.706,0,200,320x180,2.3631579999999985,810,
2025-12-22T12:38:29.263Z,0.965,0,200,320x180,2.325309000000061,829,
2025-12-22T12:38:29.469Z,1.325,0,200,320x180,2.3147989999999936,829,
2025-12-22T12:38:29.650Z,1.52,0,200,320x180,2.272401000000059,829,
2025-12-22T12:38:29.838Z,1.775,0,200,320x180,2.2323939999999993,816,
2025-12-22T12:38:30.027Z,2,0,200,320x180,2.1818600000000288,816,
2025-12-22T12:38:30.270Z,2.264,0,200,320x180,2.0926520000000437,807,
2025-12-22T12:38:30.723Z,2.269,0,200,320x180,1.973318000000063,807,
2025-12-22T12:38:31.239Z,2.243,0,200,320x180,2.025976000000014,847,
2025-12-22T12:38:31.742Z,2.192,0,200,320x180,2.001173999999992,843,
2025-12-22T12:38:32.222Z,2.2,0,200,320x180,1.9135800000000245,836,
2025-12-22T12:38:32.301Z,2.207,1,600,480x270,1.943161000000032,851,
2025-12-22T12:38:32.889Z,2.02,1,600,480x270,1.9432059999999183,851,
2025-12-22T12:38:33.380Z,2.042,1,600,480x270,1.9775660000000244,881,
2025-12-22T12:38:33.866Z,2.061,1,600,480x270,1.97706699999992,908,
2025-12-22T12:38:34.357Z,2.054,1,600,480x270,1.9770829999999933,933,
2025-12-22T12:38:34.862Z,2.042,1,600,480x270,1.9715250000000424,957,
2025-12-22T12:38:35.358Z,2.049,1,600,480x270,1.972454999999968,999,
2025-12-22T12:38:35.843Z,2.057,1,600,480x270,1.9888559999999416,1002,
2025-12-22T12:38:35.923Z,2.077,2,1000,640x360,1.9088389999999436,1028,
2025-12-22T12:38:36.482Z,1.939,2,1000,640x360,1.9611770000000206,1028,
2025-12-22T12:38:36.990Z,1.923,2,1000,640x360,1.9488250000000562,1034,
2025-12-22T12:38:37.458Z,1.968,2,1000,640x360,1.994248999999968,1066,
2025-12-22T12:38:37.921Z,1.987,2,1000,640x360,1.9113349999998945,1066,
2025-12-22T12:38:38.405Z,2.022,2,1000,640x360,1.9299220000000332,1098,
2025-12-22T12:38:38.912Z,2,2,1000,640x360,1.9149899999999889,1088,
2025-12-22T12:38:39.407Z,2.003,2,1000,640x360,1.9337689999999839,1140,
2025-12-22T12:38:39.888Z,2.021,2,1000,640x360,1.9498130000000629,1147,
2025-12-22T12:38:40.370Z,2.041,2,1000,640x360,1.974411000000032,1188,
2025-12-22T12:38:40.852Z,2.045,2,1000,640x360,1.9819129999999632,1136,
2025-12-22T12:38:41.344Z,2.067,2,1000,640x360,1.986030000000028,1182,
2025-12-22T12:38:41.932Z,1.986,2,1000,640x360,1.9997979999999416,1179,
2025-12-22T12:38:42.417Z,2.004,2,1000,640x360,1.9193099999999959,1192,
2025-12-22T12:38:42.933Z,1.985,2,1000,640x360,2.002132000000074,1189,
2025-12-22T12:38:43.389Z,2.03,2,1000,640x360,1.9418590000000222,1189,
2025-12-22T12:38:43.859Z,2.052,2,1000,640x360,1.9707949999999528,1193,
2025-12-22T12:38:44.293Z,2.136,2,1000,640x360,1.9462319999998954,1203,
2025-12-22T12:38:44.729Z,2.192,2,1000,640x360,2.004189999999994,1213,
2025-12-22T12:38:45.289Z,2.161,2,1000,640x360,1.9389469999999847,1207,
2025-12-22T12:38:45.786Z,2.173,2,1000,640x360,1.9433879999999135,1209,
2025-12-22T12:38:46.233Z,2.192,2,1000,640x360,2.0026080000000093,1220,
2025-12-22T12:38:46.781Z,2.124,2,1000,640x360,1.959732000000031,1223,
2025-12-22T12:38:47.257Z,2.146,2,1000,640x360,1.9773000000000138,1225,
2025-12-22T12:38:47.848Z,2.06,2,1000,640x360,1.9925660000000107,1228,
2025-12-22T12:38:48.338Z,2.112,2,1000,640x360,1.995469000000071,1235,
2025-12-22T12:38:48.761Z,2.155,2,1000,640x360,1.9759749999999485,1235,
2025-12-22T12:38:49.255Z,2.15,2,1000,640x360,1.9756980000000794,1246,
2025-12-22T12:38:49.731Z,2.18,2,1000,640x360,2.006639000000064,1241,
2025-12-22T12:38:50.273Z,2.131,2,1000,640x360,1.9638080000000855,1249,
2025-12-22T12:38:50.725Z,2.191,2,1000,640x360,1.902462000000014,1262,
2025-12-22T12:38:51.268Z,2.179,2,1000,640x360,1.9575889999999845,1276,
2025-12-22T12:38:51.829Z,2.036,2,1000,640x360,1.9995800000000372,1273,
2025-12-22T12:38:52.278Z,2.143,2,1000,640x360,1.9653460000000678,1282,
2025-12-22T12:38:52.959Z,1.982,2,1000,640x360,1.9685029999999415,1273,
2025-12-22T12:38:53.367Z,2.069,2,1000,640x360,1.974401999999941,1300,
2025-12-22T12:38:53.768Z,2.151,2,1000,640x360,1.967017999999939,1314,
2025-12-22T12:38:54.271Z,2.145,2,1000,640x360,1.9596290000000636,1338,
2025-12-22T12:38:54.798Z,2.12,2,1000,640x360,1.9403220000000374,1351,
2025-12-22T12:38:55.284Z,2.135,2,1000,640x360,1.951724000000013,1382,
2025-12-22T12:38:55.779Z,2.139,2,1000,640x360,1.9566560000000663,1404,
2025-12-22T12:38:56.284Z,2.149,2,1000,640x360,1.9521910000000844,1416,
2025-12-22T12:38:56.837Z,2.146,2,1000,640x360,1.9898749999999836,1452,
2025-12-22T12:38:57.236Z,2.183,2,1000,640x360,1.9930679999999938,1443,
2025-12-22T12:38:57.743Z,2.189,2,1000,640x360,1.9934130000000323,1477,
2025-12-22T12:38:58.238Z,2.183,2,1000,640x360,1.9908849999999347,1501,
2025-12-22T12:38:58.823Z,2.091,2,1000,640x360,1.917022999999972,1532,
2025-12-22T12:38:58.894Z,2.103,3,1500,768x432,1.9461189999999533,1557,
2025-12-22T12:38:59.245Z,2.165,3,1500,768x432,1.9915690000000268,1557,
2025-12-22T12:39:00.152Z,1.783,3,1500,768x432,1.9827490000000125,1618,
2025-12-22T12:39:01.012Z,1.413,3,1500,768x432,1.9191230000000132,1604,
2025-12-22T12:39:01.639Z,1.301,3,1500,768x432,1.9950959999999895,1585,
2025-12-22T12:39:02.266Z,1.162,3,1500,768x432,1.9692360000000235,1584,
2025-12-22T12:39:02.871Z,1.071,3,1500,768x432,1.96865600000001,1594,
2025-12-22T12:39:03.479Z,0.95,3,1500,768x432,1.9648200000000315,1615,
2025-12-22T12:39:03.560Z,0.944,2,1000,640x360,1.9755729999999403,1616,
2025-12-22T12:39:03.985Z,0.904,2,1000,640x360,1.9432219999999916,1616,
2025-12-22T12:39:04.403Z,1.013,2,1000,640x360,1.934590000000071,1606,
2025-12-22T12:39:04.811Z,1.113,2,1000,640x360,1.9200450000000728,1606,
2025-12-22T12:39:05.240Z,1.168,2,1000,640x360,1.9919499999999744,1618,
2025-12-22T12:39:05.667Z,1.264,2,1000,640x360,1.9644349999999804,1680,
2025-12-22T12:39:06.106Z,1.302,2,1000,640x360,1.9214929999999413,1660,
2025-12-22T12:39:06.526Z,1.413,2,1000,640x360,2.011637999999948,1662,
2025-12-22T12:39:07.018Z,1.444,2,1000,640x360,1.9102619999999888,1659,
2025-12-22T12:39:07.097Z,1.404,3,1500,768x432,1.9406229999999596,1644,
2025-12-22T12:39:07.719Z,1.215,3,1500,768x432,1.9106649999999945,1644,
2025-12-22T12:39:08.352Z,1.04,3,1500,768x432,1.9801639999999452,1659,
2025-12-22T12:39:09.001Z,0.936,3,1500,768x432,1.9256019999999126,1667,
2025-12-22T12:39:09.403Z,0.9,3,1500,768x432,1.9376720000000205,1664,
2025-12-22T12:39:09.487Z,1.04,3,1500,768x432,1.959180999999944,1664,
2025-12-22T12:39:10.341Z,0.194,3,1500,768x432,2.0137189999999237,1635,rebuffer happen
2025-12-22T12:39:10.512Z,0.021,3,1500,768x432,1.9363009999999576,1635,rebuffer happen
2025-12-22T12:39:11.569Z,0.021,3,1500,768x432,3.027300999999966,1635,