timestamp,bufferLevel,qualityIndex,bitrateKbps,resolution,liveLatency,predictedKbps,rebuffer
2025-12-19T11:19:18.538Z,0,2,1000,640x360,1.867,,
2025-12-19T11:19:18.543Z,0,2,1000,640x360,1.867,,rebuffer happen
2025-12-19T11:19:18.570Z,0.1,2,1000,640x360,1.866398,,rebuffer happen
2025-12-19T11:19:18.679Z,0.375,2,1000,640x360,1.695383,,
2025-12-19T11:19:18.754Z,0.4,1,600,480x270,1.7252990000000001,,
2025-12-19T11:19:18.802Z,0.291,1,600,480x270,1.68343,,rebuffer happen
2025-12-19T11:19:18.859Z,0.719,1,600,480x270,1.743812,,
2025-12-19T11:19:18.941Z,0.748,3,1500,768x432,1.669959,,
2025-12-19T11:19:19.120Z,0.562,3,1500,768x432,1.7158329999999997,,
2025-12-19T11:19:19.266Z,0.98,3,1500,768x432,1.8086099999999998,,
2025-12-19T11:19:19.933Z,0.915,3,1500,768x432,1.844369,,
2025-12-19T11:19:20.062Z,1.352,3,1500,768x432,1.9304589999999997,,
2025-12-19T11:19:20.705Z,1.171,3,1500,768x432,1.930297,,
2025-12-19T11:19:21.657Z,0.894,3,1500,768x432,1.9883479999999998,,
2025-12-19T11:19:21.859Z,1.13,3,1500,768x432,1.9867210000000002,,
2025-12-19T11:19:22.155Z,1.315,3,1500,768x432,2.000559,,
2025-12-19T11:19:22.933Z,1.067,3,1500,768x432,1.9213829999999996,,
2025-12-19T11:19:23.188Z,1.22,3,1500,768x432,1.9754709999999998,,
2025-12-19T11:19:23.959Z,1.004,3,1500,768x432,2.000526,,
2025-12-19T11:19:24.224Z,1.264,3,1500,768x432,1.9420570000000001,,
2025-12-19T11:19:25.001Z,0.95,3,1500,768x432,1.9530060000000002,,
2025-12-19T11:19:25.229Z,1.185,3,1500,768x432,1.9264390000000002,,
2025-12-19T11:19:25.947Z,1.146,3,1500,768x432,2.0029280000000007,,
2025-12-19T11:19:26.153Z,1.324,3,1500,768x432,2.000101,,
2025-12-19T11:19:26.870Z,1.085,3,1500,768x432,1.972824000000001,,
2025-12-19T11:19:27.087Z,1.336,3,1500,768x432,1.973282000000001,,
2025-12-19T11:19:27.829Z,1.291,3,1500,768x432,1.9163049999999995,,
2025-12-19T11:19:28.567Z,0.817,3,1500,768x432,1.9880890000000004,,
2025-12-19T11:19:28.799Z,1.231,3,1500,768x432,1.950139,,
2025-12-19T11:19:29.541Z,0.928,3,1500,768x432,1.9035440000000001,,
2025-12-19T11:19:29.764Z,1.162,3,1500,768x432,1.983213000000001,,
2025-12-19T11:19:30.482Z,1.137,3,1500,768x432,1.9646609999999995,,
2025-12-19T11:19:30.695Z,1.367,3,1500,768x432,1.949529,,
2025-12-19T11:19:31.433Z,1.075,3,1500,768x432,1.9182369999999995,,
2025-12-19T11:19:31.704Z,1.308,3,1500,768x432,1.9467040000000004,,
2025-12-19T11:19:32.480Z,1.014,3,1500,768x432,1.978053000000001,,
2025-12-19T11:19:32.773Z,1.242,3,1500,768x432,1.974138,,
2025-12-19T11:19:33.569Z,0.944,3,1500,768x432,1.974354,,
2025-12-19T11:19:33.905Z,1.178,3,1500,768x432,1.9474440000000008,,
2025-12-19T11:19:34.161Z,1.352,3,1500,768x432,1.9918030000000009,,
2025-12-19T11:19:34.932Z,1.109,3,1500,768x432,1.9213810000000002,,
2025-12-19T11:19:35.211Z,1.283,3,1500,768x432,1.9466980000000014,,
2025-12-19T11:19:35.998Z,1.048,3,1500,768x432,1.9627300000000005,,
2025-12-19T11:19:36.280Z,1.191,3,1500,768x432,1.9814909999999983,,
2025-12-19T11:19:37.075Z,0.989,3,1500,768x432,1.9707919999999994,,
2025-12-19T11:19:37.359Z,1.081,3,1500,768x432,1.987332000000002,,
2025-12-19T11:19:37.626Z,1.457,3,1500,768x432,1.9222800000000007,,
2025-12-19T11:19:38.315Z,1.163,3,1500,768x432,1.9325399999999995,,
2025-12-19T11:19:39.033Z,0.876,3,1500,768x432,1.9240549999999992,,
2025-12-19T11:19:39.278Z,1.105,3,1500,768x432,1.9757740000000013,,
2025-12-19T11:19:40.046Z,1.063,3,1500,768x432,2.0172409999999985,,
2025-12-19T11:19:40.289Z,1.207,3,1500,768x432,1.9673879999999997,,
2025-12-19T11:19:41.055Z,1.005,3,1500,768x432,2.010909999999999,,
2025-12-19T11:19:41.319Z,1.137,3,1500,768x432,1.9436239999999998,,
2025-12-19T11:19:42.143Z,0.954,3,1500,768x432,1.9078240000000015,,
2025-12-19T11:19:42.484Z,0.915,3,1500,768x432,1.9684929999999987,,
2025-12-19T11:19:42.733Z,1.145,3,1500,768x432,1.9126899999999978,,
2025-12-19T11:19:43.782Z,0.583,3,1500,768x432,1.9725709999999985,,
2025-12-19T11:19:44.300Z,0.565,3,1500,768x432,1.9627790000000012,,
2025-12-19T11:19:44.957Z,0.51,3,1500,768x432,1.9978809999999996,,
2025-12-19T11:19:45.639Z,0.222,3,1500,768x432,1.9175620000000002,,rebuffer happen
2025-12-19T11:19:45.827Z,0.029,3,1500,768x432,1.9284679999999987,,rebuffer happen
2025-12-19T11:19:46.047Z,0.029,3,1500,768x432,2.219467999999999,,
2025-12-19T11:19:46.121Z,0.499,2,1000,640x360,2.139419,,
2025-12-19T11:19:46.328Z,0.189,2,1000,640x360,2.085760999999998,,rebuffer happen
2025-12-19T11:19:46.606Z,0.402,2,1000,640x360,2.0991529999999976,,
2025-12-19T11:19:46.682Z,0.39,1,600,480x270,2.1096920000000026,,
2025-12-19T11:19:46.702Z,0.296,1,600,480x270,2.086544,,rebuffer happen
2025-12-19T11:19:46.951Z,0.485,1,600,480x270,2.098392999999998,,
2025-12-19T11:19:47.028Z,0.508,3,1500,768x432,2.0110189999999974,,
2025-12-19T11:19:47.144Z,0.291,3,1500,768x432,2.081308,,rebuffer happen
2025-12-19T11:19:47.378Z,0.031,3,1500,768x432,2.0267049999999998,,rebuffer happen
2025-12-19T11:19:47.685Z,0.031,3,1500,768x432,2.322704999999999,,
2025-12-19T11:19:47.760Z,0.531,2,1000,640x360,2.366828999999999,,
2025-12-19T11:19:48.198Z,0.405,2,1000,640x360,2.2034780000000005,,
2025-12-19T11:19:48.276Z,0.412,1,600,480x270,2.2020850000000003,,
2025-12-19T11:19:48.385Z,0.236,1,600,480x270,2.161301999999999,,rebuffer happen
2025-12-19T11:19:48.539Z,0.457,1,600,480x270,2.0710339999999974,,
2025-12-19T11:19:48.618Z,0.469,0,200,320x180,2.0740519999999982,,
2025-12-19T11:19:48.717Z,0.74,0,200,320x180,2.053929,,
2025-12-19T11:19:48.794Z,0.762,3,1500,768x432,2.0660019999999975,,
2025-12-19T11:19:49.242Z,0.167,3,1500,768x432,1.964061000000001,,rebuffer happen
2025-12-19T11:19:49.380Z,0.02,3,1500,768x432,2.0103909999999985,,rebuffer happen
2025-12-19T11:19:49.449Z,0.02,3,1500,768x432,2.113391,,
2025-12-19T11:19:49.531Z,0.52,2,1000,640x360,2.0471569999999986,,
2025-12-19T11:19:49.981Z,0.442,2,1000,640x360,2.0566180000000003,,
2025-12-19T11:19:50.060Z,0.462,1,600,480x270,2.069620999999998,,
2025-12-19T11:19:50.343Z,0.552,1,600,480x270,1.9570340000000037,,
2025-12-19T11:19:50.418Z,0.563,3,1500,768x432,1.9736960000000003,,
2025-12-19T11:19:50.706Z,0.177,3,1500,768x432,1.9745239999999988,,rebuffer happen
2025-12-19T11:19:50.864Z,0.02,3,1500,768x432,2.0222719999999974,,rebuffer happen
2025-12-19T11:19:51.079Z,0.02,3,1500,768x432,2.2142719999999976,,
2025-12-19T11:19:51.147Z,0.484,2,1000,640x360,2.154513999999999,,
2025-12-19T11:19:51.298Z,0.299,2,1000,640x360,2.1584629999999976,,rebuffer happen
2025-12-19T11:19:51.595Z,0.402,2,1000,640x360,2.090138000000003,,
2025-12-19T11:19:51.664Z,0.397,1,600,480x270,2.1126629999999977,,
2025-12-19T11:19:51.781Z,0.247,1,600,480x270,2.071704000000004,,rebuffer happen
2025-12-19T11:19:51.934Z,0.469,1,600,480x270,2.0311100000000053,,
2025-12-19T11:19:52.005Z,0.53,3,1500,768x432,2.0437709999999996,,
2025-12-19T11:19:52.149Z,0.287,3,1500,768x432,2.0831810000000033,,rebuffer happen
2025-12-19T11:19:52.416Z,0.017,3,1500,768x432,2.0163219999999953,,rebuffer happen
2025-12-19T11:19:52.667Z,0.017,3,1500,768x432,2.308321999999997,,
2025-12-19T11:19:52.739Z,0.517,2,1000,640x360,2.2501740000000012,,
2025-12-19T11:19:53.186Z,0.419,2,1000,640x360,2.203040999999999,,
2025-12-19T11:19:53.264Z,0.363,1,600,480x270,2.2066480000000013,,
2025-12-19T11:19:53.373Z,0.238,1,600,480x270,2.1652109999999993,,rebuffer happen
2025-12-19T11:19:53.537Z,0.458,1,600,480x270,2.0707900000000024,,
2025-12-19T11:19:53.606Z,0.4,0,200,320x180,2.081675000000004,,
2025-12-19T11:19:53.704Z,0.717,0,200,320x180,2.0676770000000033,,
2025-12-19T11:19:53.780Z,0.732,2,1000,640x360,2.0798930000000055,,
2025-12-19T11:19:54.243Z,0.695,2,1000,640x360,2.070460000000004,,
2025-12-19T11:19:54.697Z,0.681,2,1000,640x360,1.9840989999999934,,
2025-12-19T11:19:55.149Z,0.74,2,1000,640x360,2.037424999999999,,
2025-12-19T11:19:55.602Z,0.74,2,1000,640x360,1.9675539999999998,,
2025-12-19T11:19:56.063Z,0.807,2,1000,640x360,1.9961450000000056,,
2025-12-19T11:19:56.143Z,0.729,3,1500,768x432,1.9150820000000053,,
2025-12-19T11:19:56.659Z,0.194,3,1500,768x432,1.985087,,rebuffer happen
2025-12-19T11:19:56.819Z,0.033,3,1500,768x432,1.9352340000000012,,rebuffer happen
2025-12-19T11:19:56.824Z,0.033,3,1500,768x432,1.9352340000000012,,
2025-12-19T11:19:56.892Z,0.532,2,1000,640x360,1.9731299999999976,,
2025-12-19T11:19:57.349Z,0.536,2,1000,640x360,2.0230419999999967,,
2025-12-19T11:19:57.424Z,0.526,1,600,480x270,1.944942999999995,,
2025-12-19T11:19:57.631Z,0.708,1,600,480x270,1.9309610000000035,,
2025-12-19T11:19:57.705Z,0.734,2,1000,640x360,1.950764999999997,,
2025-12-19T11:19:58.011Z,0.838,2,1000,640x360,1.9408940000000001,,
2025-12-19T11:19:58.244Z,1.1,2,1000,640x360,2.005906000000003,,
2025-12-19T11:19:58.326Z,1.09,3,1500,768x432,1.9229589999999988,,
2025-12-19T11:19:58.666Z,0.718,3,1500,768x432,1.9808809999999966,,
2025-12-19T11:19:59.027Z,0.872,3,1500,768x432,1.9271069999999995,,
2025-12-19T11:19:59.414Z,1.001,3,1500,768x432,1.9331320000000005,,
2025-12-19T11:19:59.815Z,1.115,3,1500,768x432,1.938254999999998,,
2025-12-19T11:20:00.749Z,0.824,3,1500,768x432,2.0007620000000017,,
2025-12-19T11:20:01.172Z,0.804,3,1500,768x432,2.0001059999999953,,
2025-12-19T11:20:01.595Z,0.838,3,1500,768x432,1.9575999999999993,,
2025-12-19T11:20:02.018Z,0.976,3,1500,768x432,1.9289410000000018,,
2025-12-19T11:20:02.440Z,0.959,3,1500,768x432,1.9047449999999984,,
2025-12-19T11:20:02.843Z,1.19,3,1500,768x432,1.8986680000000007,,
2025-12-19T11:20:03.749Z,0.628,3,1500,768x432,1.9961319999999958,,
2025-12-19T11:20:04.141Z,0.824,3,1500,768x432,1.9210240000000027,,
2025-12-19T11:20:04.534Z,0.83,3,1500,768x432,1.9145710000000022,,
2025-12-19T11:20:04.917Z,1.068,3,1500,768x432,1.9341859999999969,,
2025-12-19T11:20:05.311Z,1.253,3,1500,768x432,1.9464960000000033,,
2025-12-19T11:20:06.111Z,1.005,3,1500,768x432,1.9617509999999996,,
2025-12-19T11:20:06.412Z,0.99,3,1500,768x432,1.9484509999999986,,
2025-12-19T11:20:06.694Z,1.216,3,1500,768x432,1.9576339999999988,,
2025-12-19T11:20:07.494Z,0.916,3,1500,768x432,1.9568799999999982,,
2025-12-19T11:20:07.781Z,1.144,3,1500,768x432,1.962292000000005,,
2025-12-19T11:20:08.528Z,0.853,3,1500,768x432,1.923103999999995,,
2025-12-19T11:20:08.819Z,1.085,3,1500,768x432,1.9271710000000013,,
2025-12-19T11:20:09.597Z,0.793,3,1500,768x432,1.955090999999996,,
2025-12-19T11:20:09.914Z,1.015,3,1500,768x432,1.9345670000000013,,
2025-12-19T11:20:10.161Z,1.275,3,1500,768x432,2.0073440000000033,,
2025-12-19T11:20:10.915Z,0.962,3,1500,768x432,1.9391589999999965,,
2025-12-19T11:20:11.184Z,1.192,3,1500,768x432,1.9615909999999985,,
2025-12-19T11:20:11.932Z,1.15,3,1500,768x432,1.918370000000003,,
2025-12-19T11:20:12.184Z,1.321,3,1500,768x432,1.966949999999997,,
2025-12-19T11:20:12.963Z,1.1,3,1500,768x432,1.9898319999999998,,
2025-12-19T11:20:13.236Z,1.249,3,1500,768x432,1.9187070000000048,,
2025-12-19T11:20:14.007Z,1.032,3,1500,768x432,1.9498979999999975,,
2025-12-19T11:20:14.287Z,1.179,3,1500,768x432,1.9730970000000028,,
2025-12-19T11:20:15.076Z,0.971,3,1500,768x432,1.9692810000000023,,
2025-12-19T11:20:15.393Z,1.063,3,1500,768x432,1.9529149999999973,,
2025-12-19T11:20:15.687Z,1.171,3,1500,768x432,1.9599550000000008,,
2025-12-19T11:20:16.498Z,0.875,3,1500,768x432,1.9484530000000007,,
2025-12-19T11:20:16.807Z,1.115,3,1500,768x432,1.939550000000004,,
2025-12-19T11:20:17.620Z,0.824,3,1500,768x432,1.927470999999997,,
2025-12-19T11:20:17.929Z,1.036,3,1500,768x432,1.9197709999999972,,
2025-12-19T11:20:18.110Z,1.299,3,1500,768x432,1.9524809999999988,,
2025-12-19T11:20:18.865Z,0.989,3,1500,768x432,1.979844,,
2025-12-19T11:20:19.140Z,1.218,3,1500,768x432,1.9069810000000018,,
2025-12-19T11:20:19.927Z,0.932,3,1500,768x432,1.924036000000001,,
2025-12-19T11:20:20.232Z,1.165,3,1500,768x432,1.9180449999999993,,
2025-12-19T11:20:21.047Z,0.872,3,1500,768x432,2.0106859999999998,,
2025-12-19T11:20:21.375Z,1.103,3,1500,768x432,1.9779729999999986,,
2025-12-19T11:20:21.659Z,1.335,3,1500,768x432,1.9905660000000012,,
2025-12-19T11:20:22.469Z,1.044,3,1500,768x432,1.988459000000006,,
2025-12-19T11:20:22.914Z,1.001,3,1500,768x432,1.9358630000000119,,
2025-12-19T11:20:23.213Z,1.263,3,1500,768x432,1.9573469999999986,,
2025-12-19T11:20:23.996Z,0.951,3,1500,768x432,1.9534750000000116,,
2025-12-19T11:20:24.255Z,1.179,3,1500,768x432,1.9992699999999957,,
2025-12-19T11:20:25.051Z,0.887,3,1500,768x432,2.0047019999999947,,
2025-12-19T11:20:25.323Z,1.118,3,1500,768x432,1.9316090000000088,,
2025-12-19T11:20:26.110Z,0.83,3,1500,768x432,1.9484150000000113,,
2025-12-19T11:20:26.321Z,1.06,3,1500,768x432,1.9335399999999936,,
2025-12-19T11:20:27.054Z,1.017,3,1500,768x432,2.0116819999999933,,
2025-12-19T11:20:27.289Z,1.103,3,1500,768x432,1.9770730000000043,,
2025-12-19T11:20:28.020Z,0.964,3,1500,768x432,1.931365999999997,,
2025-12-19T11:20:28.251Z,1.193,3,1500,768x432,2.000066000000004,,
2025-12-19T11:20:29.004Z,0.904,3,1500,768x432,1.9527269999999959,,
2025-12-19T11:20:29.237Z,1.136,3,1500,768x432,1.9152859999999947,,
2025-12-19T11:20:29.929Z,1.093,3,1500,768x432,1.922736999999998,,
2025-12-19T11:20:30.162Z,1.345,3,1500,768x432,1.996656999999999,,
2025-12-19T11:20:30.958Z,1.037,3,1500,768x432,1.995002999999997,,
2025-12-19T11:20:31.246Z,1.292,3,1500,768x432,2.014417000000009,,
2025-12-19T11:20:31.955Z,0.973,3,1500,768x432,1.99181999999999,,
2025-12-19T11:20:32.164Z,1.207,3,1500,768x432,1.9848120000000051,,
2025-12-19T11:20:32.883Z,1.17,3,1500,768x432,1.9671029999999945,,
2025-12-19T11:20:33.270Z,1.149,3,1500,768x432,1.9775649999999985,,
2025-12-19T11:20:34.013Z,0.861,3,1500,768x432,1.946912999999995,,
2025-12-19T11:20:34.290Z,1.085,3,1500,768x432,1.967692999999997,,
2025-12-19T11:20:35.087Z,0.804,3,1500,768x432,1.9756930000000068,,
2025-12-19T11:20:35.429Z,1.034,3,1500,768x432,1.9256620000000026,,
2025-12-19T11:20:35.615Z,1.263,3,1500,768x432,1.9358640000000094,,
2025-12-19T11:20:36.394Z,0.96,3,1500,768x432,1.9565100000000086,,
2025-12-19T11:20:36.746Z,1.162,3,1500,768x432,1.9993079999999992,,
2025-12-19T11:20:37.607Z,0.899,3,1500,768x432,1.9392199999999917,,
2025-12-19T11:20:37.903Z,1.067,3,1500,768x432,1.9515040000000141,,
2025-12-19T11:20:38.187Z,1.215,3,1500,768x432,1.968862999999999,,
2025-12-19T11:20:39.002Z,0.976,3,1500,768x432,1.943954000000005,,
2025-12-19T11:20:39.396Z,1.028,3,1500,768x432,1.947490000000002,,
2025-12-19T11:20:39.963Z,0.995,3,1500,768x432,1.994377,,
2025-12-19T11:20:40.519Z,0.987,3,1500,768x432,1.9404770000000013,,
2025-12-19T11:20:41.095Z,0.95,3,1500,768x432,1.9697259999999943,,
2025-12-19T11:20:41.672Z,0.912,3,1500,768x432,1.9733209999999985,,
2025-12-19T11:20:42.257Z,0.62,3,1500,768x432,2.0043750000000102,,
2025-12-19T11:20:42.680Z,0.854,3,1500,768x432,1.9655869999999993,,
2025-12-19T11:20:43.174Z,0.833,3,1500,768x432,1.9876580000000104,,
2025-12-19T11:20:43.667Z,0.792,3,1500,768x432,1.9855329999999896,,
2025-12-19T11:20:43.740Z,1.188,2,1000,640x360,1.9114589999999936,,
2025-12-19T11:20:44.052Z,1.281,2,1000,640x360,2.0035309999999953,,
2025-12-19T11:20:44.128Z,1.255,3,1500,768x432,1.9266970000000043,,
2025-12-19T11:20:44.691Z,0.718,3,1500,768x432,1.9598780000000033,,
2025-12-19T11:20:44.757Z,1.16,2,1000,640x360,1.9886690000000016,,
2025-12-19T11:20:45.132Z,1.207,2,1000,640x360,1.9140870000000092,,
2025-12-19T11:20:45.489Z,1.367,2,1000,640x360,1.9567590000000052,,
2025-12-19T11:20:45.565Z,1.364,3,1500,768x432,1.989855999999989,,
2025-12-19T11:20:46.147Z,0.903,3,1500,768x432,2.0068739999999963,,
2025-12-19T11:20:46.220Z,1.212,2,1000,640x360,1.9329119999999875,,
2025-12-19T11:20:46.636Z,1.22,2,1000,640x360,1.9178040000000038,,
2025-12-19T11:20:47.077Z,1.293,2,1000,640x360,1.9865269999999953,,
2025-12-19T11:20:47.155Z,1.221,3,1500,768x432,2.0016880000000015,,
2025-12-19T11:20:47.778Z,0.808,3,1500,768x432,1.9745259999999973,,
2025-12-19T11:20:47.856Z,1.038,2,1000,640x360,1.9881000000000029,,
2025-12-19T11:20:48.282Z,1.055,2,1000,640x360,1.9672529999999995,,
2025-12-19T11:20:48.733Z,1.147,2,1000,640x360,1.910224999999997,,
2025-12-19T11:20:49.174Z,1.163,2,1000,640x360,1.9827339999999936,,
2025-12-19T11:20:49.597Z,1.239,2,1000,640x360,1.9494960000000106,,
2025-12-19T11:20:50.046Z,1.324,2,1000,640x360,2.0066190000000006,,
2025-12-19T11:20:50.122Z,1.295,3,1500,768x432,1.9305109999999956,,
2025-12-19T11:20:50.702Z,0.872,3,1500,768x432,1.947333999999998,,
2025-12-19T11:20:50.777Z,1.107,2,1000,640x360,1.968440000000001,,
2025-12-19T11:20:51.123Z,1.234,2,1000,640x360,1.9334419999999994,,
2025-12-19T11:20:51.199Z,1.208,3,1500,768x432,1.9671550000000053,,
2025-12-19T11:20:51.780Z,0.821,3,1500,768x432,1.9641249999999957,,
2025-12-19T11:20:51.850Z,1.043,2,1000,640x360,1.9958010000000002,,
2025-12-19T11:20:52.299Z,1.043,2,1000,640x360,1.9581449999999876,,
2025-12-19T11:20:52.380Z,1.035,3,1500,768x432,1.979604000000009,,
2025-12-19T11:20:52.902Z,0.492,3,1500,768x432,1.9498590000000036,,
2025-12-19T11:20:52.972Z,0.892,2,1000,640x360,1.9722170000000006,,
2025-12-19T11:20:53.215Z,1.117,2,1000,640x360,1.934474999999992,,
2025-12-19T11:20:53.288Z,1.138,3,1500,768x432,1.9605080000000044,,
2025-12-19T11:20:53.526Z,0.956,3,1500,768x432,1.9210920000000016,,
2025-12-19T11:20:53.741Z,1.178,3,1500,768x432,1.9069230000000061,,
2025-12-19T11:20:54.469Z,0.895,3,1500,768x432,1.9775099999999952,,
2025-12-19T11:20:54.657Z,1.385,3,1500,768x432,1.9904559999999947,,
2025-12-19T11:20:55.437Z,1.108,3,1500,768x432,1.9150460000000038,,
2025-12-19T11:20:55.765Z,1.332,3,1500,768x432,1.9796899999999908,,
2025-12-19T11:20:56.553Z,1.047,3,1500,768x432,2.002049999999997,,
2025-12-19T11:20:56.835Z,1.278,3,1500,768x432,1.910113999999993,,
2025-12-19T11:20:57.645Z,0.71,3,1500,768x432,1.999061999999995,,
2025-12-19T11:20:58.016Z,0.866,3,1500,768x432,1.9335120000000074,,
2025-12-19T11:20:58.402Z,1.004,3,1500,768x432,1.9495310000000075,,
2025-12-19T11:20:58.784Z,1.144,3,1500,768x432,1.9581650000000081,,
2025-12-19T11:20:59.652Z,0.847,3,1500,768x432,1.998232999999999,,
2025-12-19T11:20:59.991Z,1.065,3,1500,768x432,1.9662349999999975,,
2025-12-19T11:21:00.322Z,1.058,3,1500,768x432,1.9327830000000006,,
2025-12-19T11:21:01.172Z,0.778,3,1500,768x432,1.9991050000000001,,
2025-12-19T11:21:01.552Z,1.001,3,1500,768x432,2.0098210000000023,,
2025-12-19T11:21:02.033Z,0.959,3,1500,768x432,1.9157200000000074,,
2025-12-19T11:21:02.386Z,1.051,3,1500,768x432,1.9651790000000062,,
2025-12-19T11:21:02.743Z,1.16,3,1500,768x432,1.998929000000004,,
2025-12-19T11:21:03.611Z,0.865,3,1500,768x432,1.941783000000001,,
2025-12-19T11:21:04.068Z,0.846,3,1500,768x432,1.9961919999999935,,
2025-12-19T11:21:04.455Z,1.079,3,1500,768x432,1.9998099999999965,,
2025-12-19T11:21:04.823Z,1.03,3,1500,768x432,1.9264170000000007,,
2025-12-19T11:21:05.678Z,0.748,3,1500,768x432,1.9779809999999998,,
2025-12-19T11:21:05.989Z,0.946,3,1500,768x432,1.959540000000004,,
2025-12-19T11:21:06.156Z,1.205,3,1500,768x432,1.995047999999997,,
2025-12-19T11:21:06.930Z,1.175,3,1500,768x432,1.9268110000000007,,
2025-12-19T11:21:07.221Z,1.146,3,1500,768x432,1.9361869999999897,,
2025-12-19T11:21:08.061Z,0.857,3,1500,768x432,1.9949019999999962,,
2025-12-19T11:21:08.336Z,1.093,3,1500,768x432,1.9173339999999968,,
2025-12-19T11:21:09.113Z,0.8,3,1500,768x432,1.953479999999999,,
2025-12-19T11:21:09.388Z,1.027,3,1500,768x432,1.9717150000000032,,
2025-12-19T11:21:09.736Z,1.258,3,1500,768x432,1.9131979999999942,,
2025-12-19T11:21:10.564Z,0.959,3,1500,768x432,1.9816059999999993,,
2025-12-19T11:21:10.867Z,1.194,3,1500,768x432,1.9778289999999998,,
2025-12-19T11:21:11.117Z,1.383,3,1500,768x432,1.9332020000000085,,
2025-12-19T11:21:11.975Z,1.124,3,1500,768x432,1.986182999999997,,
2025-12-19T11:21:12.245Z,1.292,3,1500,768x432,2.0074829999999935,,
2025-12-19T11:21:13.013Z,1.061,3,1500,768x432,1.9473780000000005,,
2025-12-19T11:21:13.353Z,1.045,3,1500,768x432,2.001025999999996,,
2025-12-19T11:21:13.638Z,1.278,3,1500,768x432,1.9097689999999972,,
2025-12-19T11:21:14.334Z,1.253,3,1500,768x432,1.9313319999999976,,
2025-12-19T11:21:15.052Z,0.953,3,1500,768x432,2.003467999999998,,
2025-12-19T11:21:15.236Z,1.182,3,1500,768x432,1.9168499999999966,,
2025-12-19T11:21:15.929Z,1.14,3,1500,768x432,1.9212710000000044,,
2025-12-19T11:21:16.116Z,1.294,3,1500,768x432,1.937652,,
2025-12-19T11:21:16.817Z,1.081,3,1500,768x432,1.9265019999999993,,
2025-12-19T11:21:17.501Z,1.057,3,1500,768x432,1.9516290000000112,,
2025-12-19T11:21:17.680Z,1.291,3,1500,768x432,1.9660729999999944,,
2025-12-19T11:21:18.378Z,1.007,3,1500,768x432,1.9843649999999968,,
2025-12-19T11:21:18.556Z,1.316,3,1500,768x432,2.003075999999993,,
2025-12-19T11:21:19.234Z,1.194,3,1500,768x432,1.912503000000001,,
2025-12-19T11:21:19.972Z,0.905,3,1500,768x432,1.980979000000005,,
2025-12-19T11:21:20.126Z,1.342,3,1500,768x432,1.9238,,
2025-12-19T11:21:20.790Z,1.099,3,1500,768x432,1.9540030000000002,,
2025-12-19T11:21:21.499Z,1.077,3,1500,768x432,1.9517100000000056,,
2025-12-19T11:21:21.657Z,1.308,3,1500,768x432,1.990050999999994,,
2025-12-19T11:21:22.322Z,1.284,3,1500,768x432,1.9401930000000078,,
2025-12-19T11:21:23.044Z,0.977,3,1500,768x432,2.002204000000006,,
2025-12-19T11:21:23.220Z,1.21,3,1500,768x432,1.9251660000000044,,
2025-12-19T11:21:23.902Z,1.162,3,1500,768x432,1.9437369999999987,,
2025-12-19T11:21:24.068Z,1.306,3,1500,768x432,1.9844750000000033,,
2025-12-19T11:21:24.774Z,1.115,3,1500,768x432,1.9677780000000098,,
2025-12-19T11:21:25.496Z,1.078,3,1500,768x432,1.9580889999999869,,
2025-12-19T11:21:25.653Z,1.318,3,1500,768x432,1.9951519999999903,,
2025-12-19T11:21:26.335Z,1.02,3,1500,768x432,1.910958000000008,,
2025-12-19T11:21:27.003Z,0.987,3,1500,768x432,1.9551050000000032,,
2025-12-19T11:21:27.174Z,1.248,3,1500,768x432,1.9971199999999953,,
2025-12-19T11:21:27.876Z,1.197,3,1500,768x432,1.9800170000000037,,
2025-12-19T11:21:28.078Z,1.294,3,1500,768x432,1.9806930000000023,,
2025-12-19T11:21:28.959Z,1.062,3,1500,768x432,1.9955800000000181,,
2025-12-19T11:21:29.219Z,1.214,3,1500,768x432,1.936712,,
2025-12-19T11:21:29.991Z,1.069,3,1500,768x432,1.9661140000000046,,
2025-12-19T11:21:30.243Z,1.139,3,1500,768x432,1.9141880000000242,,
2025-12-19T11:21:31.023Z,1.005,3,1500,768x432,1.9388830000000041,,
2025-12-19T11:21:31.267Z,1.264,3,1500,768x432,1.995777000000004,,
2025-12-19T11:21:32.051Z,0.946,3,1500,768x432,2.001763000000011,,
2025-12-19T11:21:32.299Z,1.175,3,1500,768x432,1.9485130000000197,,
2025-12-19T11:21:33.080Z,0.887,3,1500,768x432,1.9720889999999827,,
2025-12-19T11:21:33.354Z,1.118,3,1500,768x432,1.99596600000001,,
2025-12-19T11:21:33.612Z,1.349,3,1500,768x432,1.9336999999999875,,
2025-12-19T11:21:34.429Z,1.058,3,1500,768x432,1.930152000000021,,
2025-12-19T11:21:34.726Z,1.288,3,1500,768x432,1.9190980000000195,,
2025-12-19T11:21:35.552Z,0.986,3,1500,768x432,2.000103999999993,,
2025-12-19T11:21:35.884Z,1.222,3,1500,768x432,1.968354000000005,,
2025-12-19T11:21:36.180Z,1.195,3,1500,768x432,1.9712619999999959,,
2025-12-19T11:21:37.023Z,0.903,3,1500,768x432,1.9284199999999885,,
2025-12-19T11:21:37.323Z,1.131,3,1500,768x432,1.924303000000009,,
2025-12-19T11:21:38.146Z,0.845,3,1500,768x432,2.012483000000003,,
2025-12-19T11:21:38.453Z,1.076,3,1500,768x432,1.9973289999999793,,
2025-12-19T11:21:38.749Z,1.302,3,1500,768x432,1.9994069999999908,,
2025-12-19T11:21:39.564Z,1.006,3,1500,768x432,1.9835239999999885,,
2025-12-19T11:21:39.891Z,0.974,3,1500,768x432,1.9541700000000048,,
2025-12-19T11:21:40.214Z,1.21,3,1500,768x432,1.9320540000000221,,
2025-12-19T11:21:41.145Z,0.917,3,1500,768x432,2.0057390000000055,,
2025-12-19T11:21:41.561Z,0.883,3,1500,768x432,1.9929740000000038,,
2025-12-19T11:21:41.996Z,1.013,3,1500,768x432,1.9626810000000035,,
2025-12-19T11:21:42.407Z,1.091,3,1500,768x432,1.9445269999999937,,
2025-12-19T11:21:42.806Z,1.047,3,1500,768x432,1.936713999999995,,
2025-12-19T11:21:43.703Z,0.756,3,1500,768x432,1.9424070000000029,,
2025-12-19T11:21:44.095Z,0.831,3,1500,768x432,1.9647870000000012,,
2025-12-19T11:21:44.530Z,0.959,3,1500,768x432,1.9250439999999855,,
2025-12-19T11:21:44.973Z,0.932,3,1500,768x432,1.9778879999999788,,
2025-12-19T11:21:45.405Z,1.161,3,1500,768x432,1.952134000000001,,
2025-12-19T11:21:45.832Z,1.121,3,1500,768x432,1.9099840000000086,,
2025-12-19T11:21:46.753Z,0.835,3,1500,768x432,1.9949320000000057,,
2025-12-19T11:21:47.146Z,0.801,3,1500,768x432,2.0026169999999865,,
2025-12-19T11:21:47.589Z,0.771,3,1500,768x432,1.9556709999999953,,
2025-12-19T11:21:48.011Z,1.004,3,1500,768x432,1.950963999999999,,
2025-12-19T11:21:48.510Z,0.991,3,1500,768x432,1.9478890000000035,,
2025-12-19T11:21:48.918Z,0.953,3,1500,768x432,1.9388840000000016,,
2025-12-19T11:21:49.312Z,1.18,3,1500,768x432,1.9415950000000066,,
2025-12-19T11:21:50.235Z,0.883,3,1500,768x432,1.9229540000000043,,
2025-12-19T11:21:50.689Z,0.786,3,1500,768x432,1.9603230000000167,,
2025-12-19T11:21:51.129Z,0.821,3,1500,768x432,1.9193889999999953,,
2025-12-19T11:21:51.497Z,1.047,3,1500,768x432,1.9560930000000099,,
2025-12-19T11:21:51.826Z,1.19,3,1500,768x432,1.925204000000008,,
2025-12-19T11:21:52.676Z,0.707,3,1500,768x432,1.9775310000000275,,
2025-12-19T11:21:53.101Z,0.945,3,1500,768x432,1.9463329999999814,,
2025-12-19T11:21:53.527Z,0.906,3,1500,768x432,1.9222329999999772,,
2025-12-19T11:21:54.014Z,0.884,3,1500,768x432,1.943335000000019,,
2025-12-19T11:21:54.448Z,1.116,3,1500,768x432,2.003438000000017,,
2025-12-19T11:21:54.906Z,1.079,3,1500,768x432,1.9482869999999934,,
2025-12-19T11:21:54.972Z,1.443,2,1000,640x360,1.9748380000000054,,
2025-12-19T11:21:55.299Z,1.536,2,1000,640x360,1.9515729999999962,,
2025-12-19T11:21:55.378Z,1.555,3,1500,768x432,1.9668460000000039,,
2025-12-19T11:21:55.867Z,1.02,3,1500,768x432,1.9805199999999843,,
2025-12-19T11:21:56.307Z,1.263,3,1500,768x432,1.947732000000002,,
2025-12-19T11:21:57.235Z,0.695,3,1500,768x432,1.9097570000000132,,
2025-12-19T11:21:57.696Z,0.66,3,1500,768x432,1.9492669999999919,,
2025-12-19T11:21:57.766Z,1.156,2,1000,640x360,1.9888410000000079,,
2025-12-19T11:21:58.186Z,1.132,2,1000,640x360,1.9651519999999891,,
2025-12-19T11:21:58.266Z,1.136,3,1500,768x432,1.9823959999999943,,
2025-12-19T11:21:58.626Z,0.811,3,1500,768x432,1.9184479999999837,,
2025-12-19T11:21:58.988Z,0.975,3,1500,768x432,1.9594900000000166,,
2025-12-19T11:21:59.447Z,1.067,3,1500,768x432,1.9996950000000027,,
2025-12-19T11:21:59.901Z,1.023,3,1500,768x432,1.9450899999999933,,
2025-12-19T11:22:00.224Z,1.27,3,1500,768x432,1.933764999999994,,
2025-12-19T11:22:01.075Z,0.971,3,1500,768x432,1.9718919999999969,,
2025-12-19T11:22:01.408Z,1.203,3,1500,768x432,1.939852000000002,,
2025-12-19T11:22:01.775Z,1.176,3,1500,768x432,1.972643000000005,,
2025-12-19T11:22:02.682Z,0.875,3,1500,768x432,1.9616180000000156,,
2025-12-19T11:22:03.203Z,0.85,3,1500,768x432,1.9451860000000067,,
2025-12-19T11:22:03.538Z,0.815,3,1500,768x432,1.9058750000000089,,
2025-12-19T11:22:03.893Z,1.046,3,1500,768x432,1.9536679999999933,,
2025-12-19T11:22:04.222Z,1.288,3,1500,768x432,1.9317560000000071,,
2025-12-19T11:22:05.024Z,0.981,3,1500,768x432,1.9365470000000187,,
2025-12-19T11:22:05.424Z,0.97,3,1500,768x432,1.9400329999999997,,
2025-12-19T11:22:05.806Z,1.191,3,1500,768x432,1.942432999999994,,
2025-12-19T11:22:06.721Z,0.894,3,1500,768x432,1.9290440000000046,,
2025-12-19T11:22:07.051Z,0.868,3,1500,768x432,2.002307000000002,,
2025-12-19T11:22:07.393Z,1.097,3,1500,768x432,1.9593749999999943,,
2025-12-19T11:22:07.784Z,1.07,3,1500,768x432,1.9652639999999906,,
2025-12-19T11:22:08.590Z,0.772,3,1500,768x432,1.9590980000000116,,
2025-12-19T11:22:08.814Z,1.142,3,1500,768x432,1.9284309999999891,,
2025-12-19T11:22:09.639Z,0.966,3,1500,768x432,1.9113359999999773,,
2025-12-19T11:22:10.152Z,0.928,3,1500,768x432,2.000801999999993,,
2025-12-19T11:22:10.461Z,0.895,3,1500,768x432,1.9875670000000127,,
2025-12-19T11:22:10.684Z,1.337,3,1500,768x432,1.9621609999999805,,
2025-12-19T11:22:11.425Z,1.104,3,1500,768x432,1.9250680000000102,,
2025-12-19T11:22:11.611Z,1.334,3,1500,768x432,1.9347629999999754,,
2025-12-19T11:22:12.312Z,1.313,3,1500,768x432,1.942783999999989,,
2025-12-19T11:22:12.996Z,1.006,3,1500,768x432,1.9624839999999892,,
2025-12-19T11:22:13.203Z,1.259,3,1500,768x432,1.962409000000008,,
2025-12-19T11:22:13.908Z,1.202,3,1500,768x432,1.9396989999999903,,
2025-12-19T11:22:14.090Z,1.448,3,1500,768x432,1.9585129999999822,,
2025-12-19T11:22:14.805Z,1.145,3,1500,768x432,1.9400119999999959,,
2025-12-19T11:22:15.512Z,0.85,3,1500,768x432,1.9358000000000004,,
2025-12-19T11:22:15.710Z,1.224,3,1500,768x432,1.9326230000000066,,
2025-12-19T11:22:16.414Z,1.057,3,1500,768x432,1.9350190000000111,,
2025-12-19T11:22:16.616Z,1.288,3,1500,768x432,1.9298959999999852,,
2025-12-19T11:22:17.348Z,1.269,3,1500,768x432,2.0125989999999945,,
2025-12-19T11:22:18.105Z,0.962,3,1500,768x432,1.9435959999999852,,
2025-12-19T11:22:18.356Z,1.165,3,1500,768x432,1.9953319999999906,,
2025-12-19T11:22:18.580Z,1.302,3,1500,768x432,1.9660920000000033,,
2025-12-19T11:22:19.315Z,1.133,3,1500,768x432,1.9296569999999917,,
2025-12-19T11:22:20.041Z,0.847,3,1500,768x432,1.9169979999999782,,
2025-12-19T11:22:20.238Z,1.326,3,1500,768x432,1.9203369999999893,,
2025-12-19T11:22:20.970Z,1.037,3,1500,768x432,1.9851730000000032,,
2025-12-19T11:22:21.196Z,1.292,3,1500,768x432,1.9650019999999984,,
2025-12-19T11:22:21.950Z,0.971,3,1500,768x432,1.9969780000000128,,
2025-12-19T11:22:22.272Z,1.205,3,1500,768x432,1.976021000000003,,
2025-12-19T11:22:23.140Z,0.919,3,1500,768x432,1.9115899999999897,,
2025-12-19T11:22:23.493Z,0.884,3,1500,768x432,1.9594270000000051,,
2025-12-19T11:22:23.846Z,1.113,3,1500,768x432,1.9960220000000106,,
2025-12-19T11:22:24.720Z,0.818,3,1500,768x432,1.9260170000000016,,
2025-12-19T11:22:25.070Z,0.804,3,1500,768x432,2.002320999999995,,
2025-12-19T11:22:25.424Z,1.031,3,1500,768x432,1.934948999999989,,
2025-12-19T11:22:25.778Z,1.263,3,1500,768x432,1.9698280000000068,,
2025-12-19T11:22:26.646Z,0.959,3,1500,768x432,1.9996189999999956,,
2025-12-19T11:22:27.017Z,0.929,3,1500,768x432,1.9277799999999843,,
2025-12-19T11:22:27.356Z,1.11,3,1500,768x432,1.9893490000000043,,
2025-12-19T11:22:27.764Z,1.129,3,1500,768x432,1.979678000000007,,
2025-12-19T11:22:28.612Z,0.811,3,1500,768x432,1.9337779999999896,,
2025-12-19T11:22:28.971Z,1.068,3,1500,768x432,1.9827429999999993,,
2025-12-19T11:22:29.298Z,1.318,3,1500,768x432,1.961590000000001,,
2025-12-19T11:22:30.170Z,0.761,3,1500,768x432,1.996387999999996,,
2025-12-19T11:22:30.509Z,0.893,3,1500,768x432,1.9459420000000023,,
2025-12-19T11:22:30.738Z,1.215,3,1500,768x432,1.9150889999999947,,
2025-12-19T11:22:31.594Z,0.912,3,1500,768x432,1.951324999999997,,
2025-12-19T11:22:31.845Z,1.142,3,1500,768x432,1.9971199999999953,,
2025-12-19T11:22:32.605Z,0.851,3,1500,768x432,1.9392579999999953,,
2025-12-19T11:22:32.880Z,1.084,3,1500,768x432,1.9696469999999806,,
2025-12-19T11:22:33.148Z,1.331,3,1500,768x432,2.008267999999987,,
2025-12-19T11:22:33.967Z,1.021,3,1500,768x432,1.9888590000000193,,
2025-12-19T11:22:34.386Z,0.999,3,1500,768x432,1.9754080000000158,,
2025-12-19T11:22:34.641Z,1.23,3,1500,768x432,1.9102900000000034,,
2025-12-19T11:22:35.415Z,1.185,3,1500,768x432,1.9300350000000037,,
2025-12-19T11:22:35.654Z,1.336,3,1500,768x432,1.9955150000000117,,
2025-12-19T11:22:36.396Z,1.129,3,1500,768x432,1.9476789999999937,,
2025-12-19T11:22:36.594Z,1.367,3,1500,768x432,1.9527229999999918,,
2025-12-19T11:22:37.316Z,1.076,3,1500,768x432,1.9383420000000058,,
2025-12-19T11:22:38.087Z,0.791,3,1500,768x432,1.9800129999999854,,
2025-12-19T11:22:38.248Z,1.287,3,1500,768x432,2.0137980000000084,,
2025-12-19T11:22:38.917Z,0.975,3,1500,768x432,1.9313870000000009,,
2025-12-19T11:22:39.053Z,1.438,3,1500,768x432,1.9942049999999938,,
2025-12-19T11:22:39.740Z,1.163,3,1500,768x432,1.9055119999999874,,
2025-12-19T11:22:40.455Z,1.132,3,1500,768x432,1.99427799999998,,
2025-12-19T11:22:40.718Z,1.223,3,1500,768x432,1.925592000000023,,
2025-12-19T11:22:41.411Z,1.072,3,1500,768x432,1.9410899999999742,,
2025-12-19T11:22:41.753Z,1.144,3,1500,768x432,1.9898860000000127,,
2025-12-19T11:22:42.505Z,1.018,3,1500,768x432,1.9475260000000105,,
2025-12-19T11:22:42.729Z,1.244,3,1500,768x432,1.9183360000000107,,
2025-12-19T11:22:43.488Z,0.944,3,1500,768x432,1.9595390000000066,,
2025-12-19T11:22:43.698Z,1.177,3,1500,768x432,1.9467609999999809,,
2025-12-19T11:22:44.416Z,1.145,3,1500,768x432,1.9268849999999986,,
2025-12-19T11:22:44.647Z,1.271,3,1500,768x432,1.9976770000000101,,
2025-12-19T11:22:45.423Z,1.083,3,1500,768x432,1.9268000000000143,,
2025-12-19T11:22:45.693Z,1.177,3,1500,768x432,1.9598809999999958,,
2025-12-19T11:22:46.497Z,1.03,3,1500,768x432,1.9539809999999989,,
2025-12-19T11:22:46.714Z,1.26,3,1500,768x432,1.9324790000000007,,
2025-12-19T11:22:47.440Z,0.977,3,1500,768x432,1.9212650000000053,,
2025-12-19T11:22:47.796Z,1.197,3,1500,768x432,1.957571999999999,,
2025-12-19T11:22:48.666Z,0.767,3,1500,768x432,1.9776450000000239,,
2025-12-19T11:22:48.944Z,0.915,3,1500,768x432,2.004310000000004,,
2025-12-19T11:22:49.250Z,1.371,3,1500,768x432,1.9984940000000222,,
2025-12-19T11:22:49.960Z,1.069,3,1500,768x432,1.992482999999993,,
2025-12-19T11:22:50.240Z,1.316,3,1500,768x432,1.9154660000000092,,
2025-12-19T11:22:51.084Z,1.001,3,1500,768x432,1.985102000000012,,
2025-12-19T11:22:51.331Z,1.265,3,1500,768x432,1.9309900000000084,,
2025-12-19T11:22:52.062Z,0.954,3,1500,768x432,1.9922660000000008,,
2025-12-19T11:22:52.289Z,1.138,3,1500,768x432,1.9596760000000017,,
2025-12-19T11:22:53.041Z,0.891,3,1500,768x432,1.9152620000000127,,
2025-12-19T11:22:53.264Z,1.122,3,1500,768x432,1.990241999999995,,
2025-12-19T11:22:53.996Z,1.083,3,1500,768x432,1.9595180000000028,,
2025-12-19T11:22:54.243Z,1.334,3,1500,768x432,1.9139819999999759,,
2025-12-19T11:22:54.972Z,1.019,3,1500,768x432,1.9824950000000001,,
2025-12-19T11:22:55.193Z,1.263,3,1500,768x432,1.970765,,
2025-12-19T11:22:55.911Z,0.967,3,1500,768x432,1.9449379999999792,,
2025-12-19T11:22:56.080Z,1.45,3,1500,768x432,1.9771429999999839,,
2025-12-19T11:22:56.770Z,1.161,3,1500,768x432,1.9723199999999963,,
2025-12-19T11:22:57.459Z,1.133,3,1500,768x432,1.984847000000002,,
2025-12-19T11:22:57.659Z,1.209,3,1500,768x432,1.9856010000000026,,
2025-12-19T11:22:58.235Z,1.347,2,1000,640x360,1.9182590000000062,,
2025-12-19T11:22:58.354Z,1.478,2,1000,640x360,1.9962129999999831,,
2025-12-19T11:22:58.423Z,1.496,3,1500,768x432,1.9262369999999862,,
2025-12-19T11:22:58.650Z,1.307,3,1500,768x432,1.9983299999999815,,
2025-12-19T11:22:59.330Z,1.287,3,1500,768x432,1.9275200000000154,,
2025-12-19T11:23:00.047Z,0.975,3,1500,768x432,2.0015889999999956,,
2025-12-19T11:23:00.254Z,1.195,3,1500,768x432,1.9961509999999976,,
2025-12-19T11:23:00.928Z,1.173,3,1500,768x432,1.921970000000016,,
2025-12-19T11:23:01.098Z,1.418,3,1500,768x432,1.9520239999999944,,
2025-12-19T11:23:01.783Z,1.115,3,1500,768x432,1.9633350000000007,,
2025-12-19T11:23:02.495Z,1.075,3,1500,768x432,1.9514319999999827,,
2025-12-19T11:23:02.670Z,1.321,3,1500,768x432,1.9751950000000136,,
2025-12-19T11:23:03.429Z,1.034,3,1500,768x432,1.926134999999988,,
2025-12-19T11:23:03.626Z,1.262,3,1500,768x432,1.9294849999999997,,
2025-12-19T11:23:04.301Z,1.223,3,1500,768x432,1.944250000000011,,
2025-12-19T11:23:05.016Z,0.93,3,1500,768x432,1.9342440000000067,,
2025-12-19T11:23:05.229Z,1.165,3,1500,768x432,1.919667000000004,,
2025-12-19T11:23:05.982Z,1.131,3,1500,768x432,1.9762630000000172,,
2025-12-19T11:23:06.171Z,1.377,3,1500,768x432,1.9831959999999924,,
2025-12-19T11:23:06.887Z,1.067,3,1500,768x432,1.958486999999991,,
2025-12-19T11:23:07.068Z,1.316,3,1500,768x432,1.9886499999999785,,
2025-12-19T11:23:07.761Z,1.272,3,1500,768x432,1.987304999999992,,
2025-12-19T11:23:08.494Z,0.988,3,1500,768x432,1.9587970000000041,,
2025-12-19T11:23:08.660Z,1.215,3,1500,768x432,1.9882950000000221,,
2025-12-19T11:23:09.339Z,1.176,3,1500,768x432,1.908822000000015,,
2025-12-19T11:23:10.050Z,0.887,3,1500,768x432,2.0019399999999905,,
2025-12-19T11:23:10.259Z,1.117,3,1500,768x432,1.991168000000016,,
2025-12-19T11:23:10.955Z,1.074,3,1500,768x432,2.0013549999999896,,
2025-12-19T11:23:11.235Z,1.327,3,1500,768x432,1.9140490000000057,,
2025-12-19T11:23:12.019Z,1.016,3,1500,768x432,1.9387529999999913,,
2025-12-19T11:23:12.228Z,1.275,3,1500,768x432,1.934634999999986,,
2025-12-19T11:23:12.959Z,0.961,3,1500,768x432,1.9878669999999943,,
2025-12-19T11:23:13.152Z,1.397,3,1500,768x432,1.9988270000000057,,
2025-12-19T11:23:13.859Z,1.158,3,1500,768x432,1.9846060000000136,,
2025-12-19T11:23:14.078Z,1.402,3,1500,768x432,1.9721879999999885,,
2025-12-19T11:23:14.755Z,1.098,3,1500,768x432,1.9925010000000043,,
2025-12-19T11:23:15.334Z,1.071,2,1000,640x360,1.9215449999999805,,
2025-12-19T11:23:15.438Z,1.395,2,1000,640x360,1.9134970000000067,,
2025-12-19T11:23:15.507Z,1.422,3,1500,768x432,1.9473599999999749,,
2025-12-19T11:23:15.694Z,1.309,3,1500,768x432,1.9535479999999836,,
2025-12-19T11:23:16.389Z,1.018,3,1500,768x432,1.9692679999999996,,
2025-12-19T11:23:16.572Z,1.39,3,1500,768x432,1.9803719999999885,,
2025-12-19T11:23:17.277Z,1.209,3,1500,768x432,1.9681229999999914,,
2025-12-19T11:23:17.978Z,0.917,3,1500,768x432,1.9732199999999978,,
2025-12-19T11:23:18.168Z,1.382,3,1500,768x432,1.9810910000000206,,
2025-12-19T11:23:18.863Z,1.115,3,1500,768x432,1.9808190000000252,,
2025-12-19T11:23:19.072Z,1.361,3,1500,768x432,1.982229999999987,,
2025-12-19T11:23:19.746Z,1.323,3,1500,768x432,1.9984589999999969,,
2025-12-19T11:23:20.422Z,1.034,3,1500,768x432,1.933131000000003,,
2025-12-19T11:23:20.608Z,1.263,3,1500,768x432,1.9444880000000069,,
2025-12-19T11:23:21.297Z,1.224,3,1500,768x432,1.9471920000000011,,
2025-12-19T11:23:21.982Z,0.933,3,1500,768x432,1.9674619999999834,,
2025-12-19T11:23:22.144Z,1.375,3,1500,768x432,2.004242000000005,,
2025-12-19T11:23:22.827Z,1.129,3,1500,768x432,1.9145770000000084,,
2025-12-19T11:23:23.513Z,1.103,3,1500,768x432,1.9327979999999911,,
2025-12-19T11:23:23.698Z,1.193,3,1500,768x432,1.9463800000000049,,
2025-12-19T11:23:24.352Z,1.046,3,1500,768x432,1.9999439999999993,,
2025-12-19T11:23:24.508Z,1.483,3,1500,768x432,1.940811999999994,,
2025-12-19T11:23:25.199Z,1.261,3,1500,768x432,1.9654090000000224,,
2025-12-19T11:23:25.845Z,1.218,3,1500,768x432,2.0015219999999943,,
2025-12-19T11:23:26.533Z,0.912,3,1500,768x432,1.9117709999999875,,
2025-12-19T11:23:26.708Z,1.146,3,1500,768x432,1.938479000000001,,
2025-12-19T11:23:27.398Z,1.112,3,1500,768x432,1.9518869999999993,,
2025-12-19T11:23:27.581Z,1.35,3,1500,768x432,1.9666139999999928,,
2025-12-19T11:23:28.331Z,1.062,3,1500,768x432,1.9236720000000105,,
2025-12-19T11:23:29.037Z,1.013,3,1500,768x432,1.9268629999999973,,
2025-12-19T11:23:29.259Z,1.276,3,1500,768x432,2.0037519999999915,,
2025-12-19T11:23:30.028Z,0.96,3,1500,768x432,1.9221990000000062,,
2025-12-19T11:23:30.268Z,1.193,3,1500,768x432,1.977440999999999,,
2025-12-19T11:23:30.965Z,0.906,3,1500,768x432,1.9867940000000033,,
2025-12-19T11:23:31.182Z,1.396,3,1500,768x432,1.9727060000000165,,
2025-12-19T11:23:31.897Z,1.099,3,1500,768x432,1.953097999999983,,
2025-12-19T11:23:31.975Z,1.458,2,1000,640x360,1.9838689999999986,,
2025-12-19T11:23:32.109Z,1.726,2,1000,640x360,1.9448659999999904,,
2025-12-19T11:23:32.178Z,1.752,3,1500,768x432,1.9811770000000024,,
2025-12-19T11:23:32.914Z,1.034,3,1500,768x432,1.9382909999999924,,
2025-12-19T11:23:33.136Z,1.288,3,1500,768x432,1.924601999999993,,
2025-12-19T11:23:33.839Z,1.24,3,1500,768x432,1.9098549999999932,,
2025-12-19T11:23:34.611Z,0.958,3,1500,768x432,1.9471849999999904,,
2025-12-19T11:23:34.852Z,1.012,3,1500,768x432,2.001240000000024,,
2025-12-19T11:23:35.077Z,1.422,3,1500,768x432,1.980072000000007,,
2025-12-19T11:23:35.812Z,1.115,3,1500,768x432,1.9297649999999749,,
2025-12-19T11:23:36.527Z,1.074,3,1500,768x432,1.9202870000000303,,
2025-12-19T11:23:36.725Z,1.19,3,1500,768x432,1.9195489999999609,,
2025-12-19T11:23:37.431Z,1.031,3,1500,768x432,1.920975999999996,,
2025-12-19T11:23:37.550Z,1.429,3,1500,768x432,1.9989510000000337,,
2025-12-19T11:23:38.235Z,1.248,3,1500,768x432,1.9319459999999822,,
2025-12-19T11:23:39.046Z,0.941,3,1500,768x432,2.0108569999999872,,
2025-12-19T11:23:39.266Z,1.17,3,1500,768x432,1.9898800000000278,,
2025-12-19T11:23:39.992Z,1.101,3,1500,768x432,1.964652000000001,,
2025-12-19T11:23:40.177Z,1.358,3,1500,768x432,1.9795050000000174,,
2025-12-19T11:23:40.851Z,1.05,3,1500,768x432,1.992480999999998,,
2025-12-19T11:23:41.575Z,1.022,3,1500,768x432,1.9765939999999773,,
2025-12-19T11:23:41.760Z,1.262,3,1500,768x432,1.9890029999999683,,
2025-12-19T11:23:42.448Z,0.96,3,1500,768x432,1.9960510000000227,,
2025-12-19T11:23:42.637Z,1.335,3,1500,768x432,1.9096759999999904,,
2025-12-19T11:23:43.290Z,1.161,3,1500,768x432,1.954874000000018,,
2025-12-19T11:23:43.929Z,1.124,3,1500,768x432,1.9226489999999785,,
2025-12-19T11:23:44.081Z,1.375,3,1500,768x432,1.9703999999999837,,
2025-12-19T11:23:44.809Z,1.064,3,1500,768x432,1.933605,,
2025-12-19T11:23:45.550Z,1.04,3,1500,768x432,2.001022999999975,,
2025-12-19T11:23:45.726Z,1.274,3,1500,768x432,1.9203739999999812,,
2025-12-19T11:23:46.468Z,0.989,3,1500,768x432,1.9885980000000245,,
2025-12-19T11:23:46.631Z,1.392,3,1500,768x432,1.9243870000000243,,
2025-12-19T11:23:47.308Z,1.186,3,1500,768x432,1.940117999999984,,
2025-12-19T11:23:48.026Z,0.886,3,1500,768x432,1.9283060000000205,,
2025-12-19T11:23:48.224Z,1.334,3,1500,768x432,1.9248380000000225,,
2025-12-19T11:23:48.924Z,1.084,3,1500,768x432,1.9272499999999582,,
2025-12-19T11:23:49.094Z,1.326,3,1500,768x432,1.9600520000000188,,
2025-12-19T11:23:49.675Z,1.288,2,1000,640x360,1.9751459999999952,,
2025-12-19T11:23:49.805Z,1.523,2,1000,640x360,1.938650999999993,,
2025-12-19T11:23:49.876Z,1.52,3,1500,768x432,1.9739760000000501,,
2025-12-19T11:23:50.079Z,1.305,3,1500,768x432,1.9866949999999974,,
2025-12-19T11:23:50.808Z,1.229,3,1500,768x432,1.9411249999999995,,
2025-12-19T11:23:51.543Z,0.929,3,1500,768x432,1.9050599999999918,,
2025-12-19T11:23:51.764Z,1.16,3,1500,768x432,1.9801769999999692,,
2025-12-19T11:23:52.546Z,0.862,3,1500,768x432,1.9993860000000154,,
2025-12-19T11:23:52.760Z,1.1,3,1500,768x432,1.9854119999999966,,
2025-12-19T11:23:53.474Z,1.074,3,1500,768x432,1.9749879999999962,,
2025-12-19T11:23:53.682Z,1.194,3,1500,768x432,1.9619669999999587,,
2025-12-19T11:23:54.396Z,1.008,3,1500,768x432,1.956752999999992,,
2025-12-19T11:23:54.606Z,1.463,3,1500,768x432,1.9432939999999803,,
2025-12-19T11:23:55.321Z,1.209,3,1500,768x432,1.9237150000000156,,
2025-12-19T11:23:56.038Z,0.916,3,1500,768x432,1.912575000000004,,
2025-12-19T11:23:56.231Z,1.151,3,1500,768x432,1.9226589999999533,,
2025-12-19T11:23:56.945Z,1.106,3,1500,768x432,2.006335999999976,,
2025-12-19T11:23:57.164Z,1.359,3,1500,768x432,1.9914810000000216,,
2025-12-19T11:23:57.899Z,1.052,3,1500,768x432,1.9517809999999827,,
2025-12-19T11:23:58.098Z,1.296,3,1500,768x432,1.958520999999962,,
2025-12-19T11:23:58.771Z,1.115,3,1500,768x432,1.9728489999999965,,
2025-12-19T11:23:59.476Z,0.974,3,1500,768x432,1.9836869999999749,,
2025-12-19T11:23:59.732Z,1.196,3,1500,768x432,1.918896000000018,,
2025-12-19T11:24:00.480Z,0.901,3,1500,768x432,1.965767000000028,,
2025-12-19T11:24:00.715Z,1.29,3,1500,768x432,1.9287600000000111,,
2025-12-19T11:24:01.407Z,1.102,3,1500,768x432,1.9396549999999593,,
2025-12-19T11:24:01.587Z,1.335,3,1500,768x432,1.957269999999994,,
2025-12-19T11:24:02.277Z,1.314,3,1500,768x432,1.9805729999999926,,
2025-12-19T11:24:02.977Z,1.004,3,1500,768x432,1.9800949999999489,,
2025-12-19T11:24:03.139Z,1.262,3,1500,768x432,1.9270440000000235,,
2025-12-19T11:24:03.767Z,1.208,3,1500,768x432,1.9816469999999526,,
2025-12-19T11:24:04.404Z,1.18,3,1500,768x432,1.9441899999999919,,
2025-12-19T11:24:04.565Z,1.337,3,1500,768x432,1.984544000000028,,
2025-12-19T11:24:05.228Z,1.387,3,1500,768x432,1.9232269999999971,,
2025-12-19T11:24:05.915Z,1.084,3,1500,768x432,1.9334479999999985,,
2025-12-19T11:24:06.104Z,1.323,3,1500,768x432,1.951742999999965,,
2025-12-19T11:24:06.871Z,1.016,3,1500,768x432,1.972375999999997,,
2025-12-19T11:24:07.045Z,1.331,3,1500,768x432,2.01409799999999,,
2025-12-19T11:24:07.735Z,1.226,3,1500,768x432,1.9101610000000164,,
2025-12-19T11:24:08.409Z,1.196,3,1500,768x432,1.9372720000000072,,
2025-12-19T11:24:08.582Z,1.307,3,1500,768x432,1.9648949999999559,,
2025-12-19T11:24:08.654Z,1.771,2,1000,640x360,1.8930049999999596,,
2025-12-19T11:24:08.783Z,2.042,2,1000,640x360,1.9636450000000423,,
2025-12-19T11:24:08.854Z,2.07,3,1500,768x432,1.891945000000021,,
2025-12-19T11:24:09.530Z,1.368,3,1500,768x432,1.9161850000000413,,
2025-12-19T11:24:10.213Z,1.338,3,1500,768x432,1.9451200000000313,,
2025-12-19T11:24:10.901Z,1.035,3,1500,768x432,1.946423999999979,,
2025-12-19T11:24:11.078Z,1.454,3,1500,768x432,1.9883459999999786,,
2025-12-19T11:24:11.770Z,1.245,3,1500,768x432,1.978476999999998,,
2025-12-19T11:24:12.472Z,0.945,3,1500,768x432,1.9743379999999888,,
2025-12-19T11:24:12.663Z,1.318,3,1500,768x432,1.981363999999985,,
2025-12-19T11:24:13.344Z,1.146,3,1500,768x432,2.0009019999999964,,
2025-12-19T11:24:14.054Z,0.86,3,1500,768x432,2.0009149999999636,,
2025-12-19T11:24:14.214Z,1.31,3,1500,768x432,1.940778000000023,,
2025-12-19T11:24:14.844Z,1.049,3,1500,768x432,1.9987239999999815,,
2025-12-19T11:24:15.533Z,1.028,3,1500,768x432,1.9182729999999992,,
2025-12-19T11:24:15.749Z,1.262,3,1500,768x432,1.9969549999999572,,
2025-12-19T11:24:16.427Z,0.956,3,1500,768x432,1.9172009999999773,,
2025-12-19T11:24:16.585Z,1.36,3,1500,768x432,1.9599099999999794,,
2025-12-19T11:24:17.401Z,1.162,3,1500,768x432,1.9498570000000086,,
2025-12-19T11:24:17.578Z,1.286,3,1500,768x432,1.968024000000014,,
2025-12-19T11:24:18.298Z,1.104,3,1500,768x432,1.9486399999999549,,
2025-12-19T11:24:19.025Z,1.068,3,1500,768x432,1.936130999999989,,
2025-12-19T11:24:19.252Z,1.321,3,1500,768x432,2.007253999999989,,
2025-12-19T11:24:19.984Z,1.006,3,1500,768x432,1.9754520000000184,,
2025-12-19T11:24:20.171Z,1.262,3,1500,768x432,1.9960800000000063,,
2025-12-19T11:24:20.854Z,1.206,3,1500,768x432,1.9954020000000128,,
2025-12-19T11:24:20.950Z,1.451,3,1500,768x432,2.010232999999971,,
2025-12-19T11:24:21.492Z,1.406,3,1500,768x432,1.961701000000005,,
2025-12-19T11:24:22.286Z,1.121,3,1500,768x432,1.9633469999999988,,
2025-12-19T11:24:22.992Z,1.074,3,1500,768x432,1.9640759999999773,,
2025-12-19T11:24:23.193Z,1.331,3,1500,768x432,1.9656720000000405,,
2025-12-19T11:24:23.899Z,1.018,3,1500,768x432,1.9485189999999761,,
2025-12-19T11:24:24.097Z,1.28,3,1500,768x432,1.9698459999999614,,
2025-12-19T11:24:24.811Z,1.233,3,1500,768x432,1.9360270000000241,,
2025-12-19T11:24:25.528Z,0.926,3,1500,768x432,1.9172469999999748,,
2025-12-19T11:24:25.739Z,1.161,3,1500,768x432,1.9046819999999798,,
2025-12-19T11:24:26.467Z,1.133,3,1500,768x432,1.9807079999999928,,
2025-12-19T11:24:26.680Z,1.177,3,1500,768x432,1.9668740000000184,,
2025-12-19T11:24:27.399Z,1.078,3,1500,768x432,1.9533939999999461,,
2025-12-19T11:24:27.562Z,1.308,3,1500,768x432,1.987117000000012,,
2025-12-19T11:24:28.244Z,1.285,3,1500,768x432,2.0180090000000064,,
2025-12-19T11:24:28.940Z,0.976,3,1500,768x432,1.908264000000031,,
2025-12-19T11:24:29.161Z,1.209,3,1500,768x432,1.9843379999999797,,
2025-12-19T11:24:29.935Z,1.171,3,1500,768x432,1.919238000000007,,
2025-12-19T11:24:30.206Z,1.153,3,1500,768x432,1.9440659999999639,,
2025-12-19T11:24:30.909Z,1.112,3,1500,768x432,1.9387459999999805,,
2025-12-19T11:24:31.116Z,1.313,3,1500,768x432,1.940162999999984,,
2025-12-19T11:24:31.695Z,1.315,2,1000,640x360,1.9581190000000106,,
2025-12-19T11:24:31.833Z,1.493,2,1000,640x360,1.9095749999999612,,
2025-12-19T11:24:31.913Z,1.518,3,1500,768x432,1.9468069999999784,,
2025-12-19T11:24:32.112Z,1.307,3,1500,768x432,1.9500400000000013,,
2025-12-19T11:24:32.817Z,1.257,3,1500,768x432,1.9275710000000004,,
2025-12-19T11:24:33.526Z,0.959,3,1500,768x432,1.917190000000005,,
2025-12-19T11:24:33.724Z,1.192,3,1500,768x432,1.9232749999999896,,
2025-12-19T11:24:34.461Z,0.899,3,1500,768x432,1.9852060000000051,,
2025-12-19T11:24:34.663Z,1.208,3,1500,768x432,1.9819160000000124,,
2025-12-19T11:24:35.357Z,1.105,3,1500,768x432,1.992336000000023,,
2025-12-19T11:24:35.547Z,1.337,3,1500,768x432,2.0028389999999945,,
2025-12-19T11:24:36.233Z,1.319,3,1500,768x432,1.925341000000003,,
2025-12-19T11:24:36.874Z,1.006,3,1500,768x432,1.972941999999989,,
2025-12-19T11:24:37.060Z,1.479,3,1500,768x432,2.0056039999999484,,
2025-12-19T11:24:37.770Z,1.203,3,1500,768x432,1.9802909999999656,,
2025-12-19T11:24:38.440Z,1.163,3,1500,768x432,1.907242999999994,,
2025-12-19T11:24:38.594Z,1.307,3,1500,768x432,1.9564550000000054,,
2025-12-19T11:24:39.340Z,1.105,3,1500,768x432,1.9100760000000037,,
2025-12-19T11:24:40.050Z,0.821,3,1500,768x432,2.015092999999979,,
2025-12-19T11:24:40.277Z,1.287,3,1500,768x432,1.980070000000012,,
2025-12-19T11:24:40.970Z,1.005,3,1500,768x432,1.9833570000000122,,
2025-12-19T11:24:41.134Z,1.262,3,1500,768x432,1.9350319999999783,,
2025-12-19T11:24:41.773Z,1.204,3,1500,768x432,1.9776830000000132,,
2025-12-19T11:24:42.571Z,0.914,3,1500,768x432,1.978812000000005,,
2025-12-19T11:24:42.744Z,1.146,3,1500,768x432,1.999859000000015,,
2025-12-19T11:24:43.418Z,1.121,3,1500,768x432,1.9337659999999914,,
2025-12-19T11:24:43.630Z,1.354,3,1500,768x432,1.9161770000000047,,
2025-12-19T11:24:44.325Z,1.064,3,1500,768x432,1.9341550000000325,,
2025-12-19T11:24:45.015Z,1.014,3,1500,768x432,1.9450619999999503,,
2025-12-19T11:24:45.181Z,1.226,3,1500,768x432,1.987957999999992,,
2025-12-19T11:24:45.895Z,0.963,3,1500,768x432,1.957948999999985,,
2025-12-19T11:24:46.076Z,1.462,3,1500,768x432,1.9720310000000154,,
2025-12-19T11:24:46.754Z,1.161,3,1500,768x432,1.991472999999985,,
2025-12-19T11:24:47.440Z,1.125,3,1500,768x432,1.906534000000022,,
2025-12-19T11:24:47.606Z,1.368,3,1500,768x432,1.9410909999999717,,
2025-12-19T11:24:48.274Z,1.339,3,1500,768x432,1.9846190000000092,,
2025-12-19T11:24:49.000Z,1.02,3,1500,768x432,1.9595729999999776,,
2025-12-19T11:24:49.203Z,1.18,3,1500,768x432,1.9621890000000235,,
2025-12-19T11:24:49.924Z,0.977,3,1500,768x432,1.9219699999999875,,
2025-12-19T11:24:50.087Z,1.431,3,1500,768x432,1.960739999999987,,
2025-12-19T11:24:50.757Z,1.175,3,1500,768x432,1.9874890000000391,,
2025-12-19T11:24:51.429Z,1.135,3,1500,768x432,1.9177179999999794,,
2025-12-19T11:24:51.606Z,1.368,3,1500,768x432,1.939820999999995,,
2025-12-19T11:24:52.304Z,1.077,3,1500,768x432,1.9505629999999883,,
2025-12-19T11:24:52.998Z,1.035,3,1500,768x432,1.9624719999999911,,
2025-12-19T11:24:53.224Z,1.197,3,1500,768x432,1.937928999999997,,
2025-12-19T11:24:53.897Z,0.974,3,1500,768x432,1.950685999999962,,
2025-12-19T11:24:54.072Z,1.456,3,1500,768x432,1.9756539999999632,,
2025-12-19T11:24:54.762Z,1.175,3,1500,768x432,1.9817999999999643,,
2025-12-19T11:24:55.437Z,1.15,3,1500,768x432,1.9115979999999695,,
2025-12-19T11:24:55.609Z,1.381,3,1500,768x432,1.9378509999999665,,
2025-12-19T11:24:56.294Z,1.075,3,1500,768x432,1.9580589999999916,,
2025-12-19T11:24:56.981Z,1.031,3,1500,768x432,1.9829480000000217,,
2025-12-19T11:24:57.157Z,1.291,3,1500,768x432,2.0078270000000202,,
2025-12-19T11:24:57.835Z,1.239,3,1500,768x432,1.9098410000000285,,
2025-12-19T11:24:58.525Z,0.942,3,1500,768x432,1.9212569999999687,,
2025-12-19T11:24:58.792Z,1.178,3,1500,768x432,1.9516290000000254,,
2025-12-19T11:24:59.501Z,0.88,3,1500,768x432,1.944011000000046,,
2025-12-19T11:24:59.674Z,1.352,3,1500,768x432,1.969953999999973,,
2025-12-19T11:25:00.401Z,1.078,3,1500,768x432,1.94908700000002,,
2025-12-19T11:25:00.590Z,1.308,3,1500,768x432,1.9582400000000462,,
2025-12-19T11:25:01.274Z,1.293,3,1500,768x432,1.9870649999999728,,
2025-12-19T11:25:01.986Z,0.976,3,1500,768x432,1.9624780000000328,,
2025-12-19T11:25:02.158Z,1.209,3,1500,768x432,1.990665999999976,,
2025-12-19T11:25:02.859Z,1.167,3,1500,768x432,1.983458999999982,,
2025-12-19T11:25:03.039Z,1.385,3,1500,768x432,1.9136839999999893,,
2025-12-19T11:25:03.738Z,1.115,3,1500,768x432,1.910346000000004,,
2025-12-19T11:25:04.427Z,1.09,3,1500,768x432,1.927346,,
2025-12-19T11:25:04.503Z,1.431,2,1000,640x360,1.9464739999999665,,
2025-12-19T11:25:04.627Z,1.702,2,1000,640x360,1.9221320000000333,,
2025-12-19T11:25:04.709Z,1.727,3,1500,768x432,1.9399409999999762,,
2025-12-19T11:25:05.404Z,1.032,3,1500,768x432,1.9498780000000124,,
2025-12-19T11:25:05.590Z,1.375,3,1500,768x432,1.9641020000000253,,
2025-12-19T11:25:06.281Z,1.248,3,1500,768x432,1.9853459999999927,,
2025-12-19T11:25:06.971Z,0.937,3,1500,768x432,1.9869709999999827,,
2025-12-19T11:25:07.149Z,1.392,3,1500,768x432,2.0036660000000097,,
2025-12-19T11:25:07.833Z,1.128,3,1500,768x432,1.910020999999972,,
2025-12-19T11:25:08.526Z,0.836,3,1500,768x432,1.9209130000000414,,
2025-12-19T11:25:08.685Z,1.312,3,1500,768x432,1.9610659999999598,,
2025-12-19T11:25:09.333Z,1.049,3,1500,768x432,1.9225319999999897,,
2025-12-19T11:25:10.002Z,1.005,3,1500,768x432,1.9594789999999875,,
2025-12-19T11:25:10.166Z,1.264,3,1500,768x432,2.0034519999999816,,
2025-12-19T11:25:10.853Z,1.218,3,1500,768x432,1.9953759999999647,,
2025-12-19T11:25:11.026Z,1.434,3,1500,768x432,1.9230850000000146,,
2025-12-19T11:25:12.023Z,0.884,3,1500,768x432,1.9379690000000096,,
2025-12-19T11:25:12.502Z,0.855,3,1500,768x432,1.9476829999999836,,
2025-12-19T11:25:12.973Z,1.084,3,1500,768x432,1.9866670000000113,,
2025-12-19T11:25:13.467Z,1.056,3,1500,768x432,1.987654999999961,,
2025-12-19T11:25:13.867Z,1.022,3,1500,768x432,1.978905999999995,,
2025-12-19T11:25:14.311Z,1.175,3,1500,768x432,1.9587060000000065,,
2025-12-19T11:25:15.353Z,0.699,3,1500,768x432,1.9954420000000255,,
2025-12-19T11:25:15.912Z,0.662,3,1500,768x432,1.93434400000001,,
2025-12-19T11:25:16.416Z,0.629,3,1500,768x432,1.9310550000000148,,
2025-12-19T11:25:16.945Z,0.599,3,1500,768x432,2.0071869999999876,,
2025-12-19T11:25:17.458Z,0.567,3,1500,768x432,1.9994100000000117,,
2025-12-19T11:25:18.094Z,0.281,3,1500,768x432,1.9719389999999635,,rebuffer happen
2025-12-19T11:25:18.251Z,0.281,3,1500,768x432,2.016918999999973,,
2025-12-19T11:25:18.325Z,0.619,2,1000,640x360,1.9406740000000013,,
2025-12-19T11:25:18.701Z,0.65,2,1000,640x360,1.9476649999999722,,
2025-12-19T11:25:19.035Z,0.804,2,1000,640x360,1.9156389999999988,,
2025-12-19T11:25:19.369Z,0.987,2,1000,640x360,1.9838550000000055,,
2025-12-19T11:25:19.448Z,0.937,3,1500,768x432,1.903964999999971,,
2025-12-19T11:25:20.054Z,0.411,3,1500,768x432,1.9990349999999921,,
2025-12-19T11:25:20.743Z,0.109,3,1500,768x432,1.9992989999999509,,rebuffer happen
2025-12-19T11:25:20.793Z,0.109,3,1500,768x432,1.948787999999979,,
2025-12-19T11:25:20.868Z,0.526,2,1000,640x360,1.98604899999998,,
2025-12-19T11:25:21.296Z,0.54,2,1000,640x360,1.9558059999999955,,
2025-12-19T11:25:21.371Z,0.564,1,600,480x270,1.9877180000000294,,
2025-12-19T11:25:21.632Z,0.71,1,600,480x270,1.9140309999999658,,
2025-12-19T11:25:21.715Z,0.723,2,1000,640x360,1.9391410000000064,,
2025-12-19T11:25:22.141Z,0.713,2,1000,640x360,1.9075359999999932,,
2025-12-19T11:25:22.571Z,0.78,2,1000,640x360,1.974580000000003,,
2025-12-19T11:25:23.008Z,0.849,2,1000,640x360,1.9396489999999744,,
2025-12-19T11:25:23.437Z,0.912,2,1000,640x360,1.9113060000000246,,
2025-12-19T11:25:23.846Z,1.022,2,1000,640x360,2.000396999999964,,
2025-12-19T11:25:24.205Z,1.128,2,1000,640x360,1.9434669999999983,,
2025-12-19T11:25:24.600Z,1.217,2,1000,640x360,1.9527850000000058,,
2025-12-19T11:25:25.011Z,1.341,2,1000,640x360,1.943990000000042,,
2025-12-19T11:25:25.411Z,1.434,2,1000,640x360,1.946438999999998,,
2025-12-19T11:25:25.818Z,1.512,2,1000,640x360,1.9247029999999654,,
2025-12-19T11:25:26.264Z,1.554,2,1000,640x360,1.9821779999999762,,
2025-12-19T11:25:26.820Z,1.526,2,1000,640x360,1.9228669999999966,,
2025-12-19T11:25:27.275Z,1.573,2,1000,640x360,1.9774889999999914,,
2025-12-19T11:25:27.699Z,1.643,2,1000,640x360,1.9506390000000238,,
2025-12-19T11:25:28.123Z,1.738,2,1000,640x360,1.9277769999999919,,
2025-12-19T11:25:28.537Z,1.812,2,1000,640x360,1.908220999999969,,
2025-12-19T11:25:29.016Z,1.89,2,1000,640x360,1.9372040000000084,,
2025-12-19T11:25:29.430Z,1.913,2,1000,640x360,1.9197240000000306,,
2025-12-19T11:25:29.830Z,2.007,2,1000,640x360,1.9129230000000348,,
2025-12-19T11:25:30.290Z,2.053,2,1000,640x360,1.9585830000000328,,
2025-12-19T11:25:30.794Z,2.045,2,1000,640x360,1.9508389999999736,,
2025-12-19T11:25:31.322Z,2.016,2,1000,640x360,1.9312180000000012,,
2025-12-19T11:25:31.825Z,2.023,2,1000,640x360,1.9186640000000352,,
2025-12-19T11:25:31.906Z,1.961,3,1500,768x432,1.9428340000000048,,
2025-12-19T11:25:33.111Z,0.903,3,1500,768x432,1.9474840000000313,,
2025-12-19T11:25:33.188Z,1.182,2,1000,640x360,1.9616800000000012,,
2025-12-19T11:25:33.676Z,1.162,2,1000,640x360,1.9684579999999983,,
2025-12-19T11:25:34.073Z,1.277,2,1000,640x360,1.9706140000000119,,
2025-12-19T11:25:34.483Z,1.367,2,1000,640x360,1.9693849999999884,,
2025-12-19T11:25:34.949Z,1.422,2,1000,640x360,2.0091469999999845,,
2025-12-19T11:25:35.269Z,1.546,2,1000,640x360,1.9889549999999758,,
2025-12-19T11:25:35.602Z,1.73,2,1000,640x360,1.949735999999973,,
2025-12-19T11:25:35.946Z,1.895,2,1000,640x360,2.00176399999998,,
2025-12-19T11:25:36.307Z,2.023,2,1000,640x360,1.9444469999999683,,
2025-12-19T11:25:36.372Z,2.046,3,1500,768x432,1.9735509999999863,,
2025-12-19T11:25:37.872Z,0.61,3,1500,768x432,1.981490000000008,,
2025-12-19T11:25:37.942Z,0.97,2,1000,640x360,1.912510999999995,,
2025-12-19T11:25:38.466Z,0.903,2,1000,640x360,1.9813359999999989,,
2025-12-19T11:25:38.907Z,0.933,2,1000,640x360,1.9430060000000253,,
2025-12-19T11:25:39.353Z,0.989,2,1000,640x360,1.9948069999999802,,
2025-12-19T11:25:39.779Z,1.059,2,1000,640x360,1.9748730000000023,,
2025-12-19T11:25:40.248Z,1.1,2,1000,640x360,1.9987859999999955,,
2025-12-19T11:25:40.328Z,1.104,3,1500,768x432,1.9184619999999768,,
2025-12-19T11:25:41.028Z,0.431,3,1500,768x432,1.9219110000000228,,
2025-12-19T11:25:41.097Z,0.829,2,1000,640x360,1.959859999999992,,
2025-12-19T11:25:41.450Z,0.882,2,1000,640x360,1.9996009999999842,,
2025-12-19T11:25:41.886Z,0.945,2,1000,640x360,1.9675569999999993,,
2025-12-19T11:25:42.297Z,1.051,2,1000,640x360,1.9561909999999898,,
2025-12-19T11:25:42.740Z,1.1,2,1000,640x360,1.913772999999992,,
2025-12-19T11:25:43.182Z,1.163,2,1000,640x360,1.974202000000048,,
2025-12-19T11:25:43.258Z,1.174,3,1500,768x432,1.9913339999999948,,
2025-12-19T11:25:44.026Z,0.505,3,1500,768x432,1.935200000000009,,
2025-12-19T11:25:44.100Z,0.841,2,1000,640x360,1.9789389999999685,,
2025-12-19T11:25:44.473Z,0.87,2,1000,640x360,1.9882990000000405,,
2025-12-19T11:25:44.872Z,0.963,2,1000,640x360,1.9876110000000153,,
2025-12-19T11:25:45.236Z,1.076,2,1000,640x360,1.9176570000000197,,
2025-12-19T11:25:45.644Z,1.195,2,1000,640x360,2.000059999999962,,
2025-12-19T11:25:46.141Z,1.238,2,1000,640x360,1.9140049999999746,,
2025-12-19T11:25:46.545Z,1.287,2,1000,640x360,2.001192000000003,,
2025-12-19T11:25:47.064Z,1.286,2,1000,640x360,1.987291999999968,,
2025-12-19T11:25:47.637Z,1.202,2,1000,640x360,1.9110220000000027,,
2025-12-19T11:25:48.150Z,1.209,2,1000,640x360,2.0094530000000077,,
2025-12-19T11:25:48.609Z,1.235,2,1000,640x360,1.9398319999999671,,
2025-12-19T11:25:49.023Z,1.341,2,1000,640x360,1.9294020000000387,,
2025-12-19T11:25:49.103Z,1.264,3,1500,768x432,1.9423199999999952,,
2025-12-19T11:25:49.773Z,0.659,3,1500,768x432,1.9748789999999872,,
2025-12-19T11:25:49.854Z,1.026,2,1000,640x360,1.9878370000000132,,
2025-12-19T11:25:50.277Z,1.067,2,1000,640x360,1.9765570000000139,,
2025-12-19T11:25:50.723Z,1.135,2,1000,640x360,1.9332339999999704,,
2025-12-19T11:25:51.172Z,1.172,2,1000,640x360,1.974899999999991,,
2025-12-19T11:25:51.719Z,1.126,2,1000,640x360,1.926333999999997,,
2025-12-19T11:25:52.272Z,1.106,2,1000,640x360,1.9844989999999711,,
2025-12-19T11:25:52.967Z,0.919,2,1000,640x360,1.989644999999996,,
2025-12-19T11:25:53.742Z,0.631,2,1000,640x360,1.9152090000000044,,
2025-12-19T11:25:53.809Z,0.61,1,600,480x270,1.9400120000000243,,
2025-12-19T11:25:54.153Z,0.689,1,600,480x270,2.0062960000000203,,
2025-12-19T11:25:54.229Z,0.641,2,1000,640x360,1.9299060000000168,,
2025-12-19T11:25:54.754Z,0.583,2,1000,640x360,1.9893509999999992,,
2025-12-19T11:25:54.832Z,0.598,1,600,480x270,1.9100269999999568,,
2025-12-19T11:25:55.194Z,0.746,1,600,480x270,1.9502070000000344,,
2025-12-19T11:25:55.267Z,0.598,2,1000,640x360,1.9894239999999854,,
2025-12-19T11:25:55.596Z,0.757,2,1000,640x360,1.947289000000012,,
2025-12-19T11:25:55.970Z,0.874,2,1000,640x360,1.9928019999999833,,
2025-12-19T11:25:56.324Z,1.018,2,1000,640x360,1.937106999999969,,
2025-12-19T11:25:56.663Z,1.167,2,1000,640x360,1.9823329999999828,,
2025-12-19T11:25:56.810Z,1.517,2,1000,640x360,1.9412459999999783,,
2025-12-19T11:25:57.010Z,1.825,2,1000,640x360,1.9343999999999824,,
2025-12-19T11:25:57.306Z,2.025,2,1000,640x360,1.938590999999974,,
2025-12-19T11:25:57.760Z,2.068,2,1000,640x360,1.9903809999999567,,
2025-12-19T11:25:58.302Z,2.041,2,1000,640x360,1.9548490000000243,,
2025-12-19T11:25:58.825Z,2.024,2,1000,640x360,1.9200480000000084,,
2025-12-19T11:25:59.325Z,2.022,2,1000,640x360,1.9254699999999616,,
2025-12-19T11:25:59.401Z,2.034,3,1500,768x432,1.9631559999999695,,
2025-12-19T11:26:00.598Z,0.766,3,1500,768x432,1.954674999999952,,
2025-12-19T11:26:00.669Z,1.26,2,1000,640x360,1.993157999999994,,
2025-12-19T11:26:01.523Z,0.836,2,1000,640x360,1.9282220000000052,,
2025-12-19T11:26:01.970Z,0.896,2,1000,640x360,1.9872060000000147,,
2025-12-19T11:26:02.334Z,1.01,2,1000,640x360,1.9198690000000056,,
2025-12-19T11:26:02.633Z,1.217,2,1000,640x360,1.9107219999999643,,
2025-12-19T11:26:02.953Z,1.396,2,1000,640x360,1.989387000000022,,
2025-12-19T11:26:03.289Z,1.56,2,1000,640x360,1.9529239999999959,,
2025-12-19T11:26:03.721Z,1.638,2,1000,640x360,1.9367819999999938,,
2025-12-19T11:26:04.216Z,1.641,2,1000,640x360,1.9392740000000117,,
2025-12-19T11:26:04.660Z,1.681,2,1000,640x360,1.9844899999999939,,
2025-12-19T11:26:05.025Z,1.829,2,1000,640x360,1.9329060000000027,,
2025-12-19T11:26:05.578Z,1.777,2,1000,640x360,1.97589099999999,,
2025-12-19T11:26:06.178Z,1.676,2,1000,640x360,1.9665840000000117,,
2025-12-19T11:26:06.253Z,1.676,3,1500,768x432,1.8913229999999999,,
2025-12-19T11:26:07.469Z,0.631,3,1500,768x432,1.9789880000000153,,
2025-12-19T11:26:07.548Z,0.866,2,1000,640x360,1.8984899999999811,,
2025-12-19T11:26:08.051Z,0.801,2,1000,640x360,2.0048470000000407,,
2025-12-19T11:26:08.538Z,0.82,2,1000,640x360,1.9121519999999919,,
2025-12-19T11:26:08.975Z,0.888,2,1000,640x360,1.9799599999999486,,
2025-12-19T11:26:09.385Z,0.962,2,1000,640x360,1.9667499999999905,,
2025-12-19T11:26:09.834Z,1.005,2,1000,640x360,1.9093300000000113,,
2025-12-19T11:26:10.255Z,1.096,2,1000,640x360,1.9900539999999864,,
2025-12-19T11:26:10.619Z,1.219,2,1000,640x360,1.9317160000000513,,
2025-12-19T11:26:10.897Z,1.451,2,1000,640x360,1.9482800000000111,,
2025-12-19T11:26:11.175Z,1.665,2,1000,640x360,1.9734020000000214,,
2025-12-19T11:26:11.542Z,1.799,2,1000,640x360,1.9161909999999693,,
2025-12-19T11:26:12.104Z,1.736,2,1000,640x360,1.9405530000000226,,
2025-12-19T11:26:12.797Z,1.553,2,1000,640x360,1.9492930000000115,,
2025-12-19T11:26:13.303Z,1.605,2,1000,640x360,1.9482679999999846,,
2025-12-19T11:26:13.737Z,1.614,2,1000,640x360,1.9095120000000065,,
2025-12-19T11:26:14.253Z,1.632,2,1000,640x360,1.9991110000000276,,
2025-12-19T11:26:14.638Z,1.701,2,1000,640x360,1.9133130000000165,,
2025-12-19T11:26:15.053Z,1.802,2,1000,640x360,2.004875000000027,,
2025-12-19T11:26:15.128Z,1.805,3,1500,768x432,1.9291860000000156,,
2025-12-19T11:26:16.230Z,0.871,3,1500,768x432,1.9275260000000003,,
2025-12-19T11:26:16.302Z,1.108,2,1000,640x360,1.9484999999999673,,
2025-12-19T11:26:16.697Z,1.134,2,1000,640x360,1.9507340000000113,,
2025-12-19T11:26:17.092Z,1.263,2,1000,640x360,1.9687849999999685,,
2025-12-19T11:26:17.552Z,1.29,2,1000,640x360,2.0005730000000312,,
2025-12-19T11:26:18.053Z,1.31,2,1000,640x360,2.0044730000000186,,
2025-12-19T11:26:18.125Z,1.252,3,1500,768x432,1.9311850000000277,,
2025-12-19T11:26:18.858Z,0.596,3,1500,768x432,1.984726999999964,,
2025-12-19T11:26:18.933Z,0.936,2,1000,640x360,1.9158759999999688,,
2025-12-19T11:26:19.450Z,0.892,2,1000,640x360,2.001597000000004,,
2025-12-19T11:26:19.964Z,0.917,2,1000,640x360,1.9970169999999712,,
2025-12-19T11:26:20.429Z,0.926,2,1000,640x360,1.9322230000000218,,
2025-12-19T11:26:20.775Z,1.056,2,1000,640x360,1.9697630000000004,,
2025-12-19T11:26:21.202Z,1.152,2,1000,640x360,1.9515680000000089,,
2025-12-19T11:26:21.638Z,1.202,2,1000,640x360,1.9102029999999672,,
2025-12-19T11:26:22.224Z,1.221,2,1000,640x360,1.9381550000000516,,
2025-12-19T11:26:22.294Z,1.138,3,1500,768x432,1.965767000000028,,
2025-12-19T11:26:23.107Z,0.449,3,1500,768x432,1.9447110000000407,,
2025-12-19T11:26:23.187Z,0.695,2,1000,640x360,1.958549000000005,,
2025-12-19T11:26:23.619Z,0.741,2,1000,640x360,1.9343579999999747,,
2025-12-19T11:26:24.029Z,0.839,2,1000,640x360,1.922928000000013,,
2025-12-19T11:26:24.522Z,0.83,2,1000,640x360,1.92758699999996,,
2025-12-19T11:26:24.929Z,0.914,2,1000,640x360,1.9244800000000168,,
2025-12-19T11:26:25.340Z,1.021,2,1000,640x360,1.905208000000016,,
2025-12-19T11:26:25.412Z,1.013,3,1500,768x432,1.9407170000000065,,
2025-12-19T11:26:26.054Z,0.535,3,1500,768x432,2.0154620000000136,,
2025-12-19T11:26:26.141Z,0.793,2,1000,640x360,1.92962,,
2025-12-19T11:26:26.577Z,0.781,2,1000,640x360,1.97821399999998,,
2025-12-19T11:26:26.995Z,0.857,2,1000,640x360,1.951373999999987,,
2025-12-19T11:26:27.283Z,1.057,2,1000,640x360,1.9611579999999549,,
2025-12-19T11:26:27.561Z,1.287,2,1000,640x360,1.9882540000000404,,
2025-12-19T11:26:27.924Z,1.428,2,1000,640x360,1.9270109999999931,,
2025-12-19T11:26:28.572Z,1.274,2,1000,640x360,1.9772409999999923,,
2025-12-19T11:26:29.207Z,1.154,2,1000,640x360,1.942431000000056,,
2025-12-19T11:26:29.673Z,1.174,2,1000,640x360,1.9702310000000125,,
2025-12-19T11:26:29.988Z,1.369,2,1000,640x360,1.978995999999995,,
2025-12-19T11:26:30.059Z,1.351,3,1500,768x432,1.997979999999984,,
2025-12-19T11:26:30.557Z,0.981,3,1500,768x432,1.9924520000000143,,
2025-12-19T11:26:30.638Z,1.248,2,1000,640x360,1.9101059999999848,,
2025-12-19T11:26:30.988Z,1.362,2,1000,640x360,1.9649249999999938,,
2025-12-19T11:26:31.379Z,1.469,2,1000,640x360,1.9644109999999841,,
2025-12-19T11:26:31.690Z,1.659,2,1000,640x360,1.9647689999999898,,
2025-12-19T11:26:32.182Z,1.683,2,1000,640x360,1.978601000000026,,
2025-12-19T11:26:32.905Z,1.463,2,1000,640x360,1.9539960000000178,,
2025-12-19T11:26:33.422Z,1.44,2,1000,640x360,1.924365000000023,,
2025-12-19T11:26:33.849Z,1.509,2,1000,640x360,1.9984510000000455,,
2025-12-19T11:26:33.929Z,1.501,3,1500,768x432,1.9239500000000476,,
2025-12-19T11:26:34.642Z,0.769,3,1500,768x432,1.9119369999999662,,
2025-12-19T11:26:34.710Z,1.214,2,1000,640x360,1.935925999999995,,
2025-12-19T11:26:35.115Z,1.258,2,1000,640x360,1.9535129999999867,,
2025-12-19T11:26:35.563Z,1.299,2,1000,640x360,1.991566999999975,,
2025-12-19T11:26:35.945Z,1.411,2,1000,640x360,2.0060339999999997,,
2025-12-19T11:26:36.261Z,1.582,2,1000,640x360,1.9862150000000156,,
2025-12-19T11:26:36.536Z,1.805,2,1000,640x360,1.9090830000000096,,
2025-12-19T11:26:37.058Z,1.855,2,1000,640x360,2.001966999999979,,
2025-12-19T11:26:37.717Z,1.646,2,1000,640x360,1.927458999999999,,
2025-12-19T11:26:38.158Z,1.706,2,1000,640x360,2.0015559999999937,,
2025-12-19T11:26:38.521Z,1.816,2,1000,640x360,1.9293690000000083,,
2025-12-19T11:26:38.880Z,1.957,2,1000,640x360,1.9709290000000124,,
2025-12-19T11:26:39.269Z,2.089,2,1000,640x360,1.9991909999999962,,
2025-12-19T11:26:39.793Z,2.059,2,1000,640x360,1.9535789999999906,,
2025-12-19T11:26:40.252Z,2.079,2,1000,640x360,1.9936919999999532,,
2025-12-19T11:26:40.751Z,2.088,2,1000,640x360,1.998174000000006,,
2025-12-19T11:26:41.300Z,2.041,2,1000,640x360,1.9515629999999646,,
2025-12-19T11:26:41.811Z,2.039,2,1000,640x360,1.9400650000000041,,
2025-12-19T11:26:42.389Z,1.914,2,1000,640x360,1.965812000000028,,
2025-12-19T11:26:42.784Z,2.086,2,1000,640x360,1.9588069999999789,,
2025-12-19T11:26:43.341Z,2.012,2,1000,640x360,1.9224109999999541,,
2025-12-19T11:26:43.409Z,2.014,3,1500,768x432,1.9539340000000038,,
2025-12-19T11:26:44.921Z,0.677,3,1500,768x432,1.936001000000033,,
2025-12-19T11:26:44.992Z,0.911,2,1000,640x360,1.9637050000000045,,
2025-12-19T11:26:45.407Z,0.945,2,1000,640x360,1.949418000000037,,
2025-12-19T11:26:45.887Z,0.951,2,1000,640x360,1.959214999999972,,
2025-12-19T11:26:46.234Z,1.119,2,1000,640x360,1.914122999999961,,
2025-12-19T11:26:46.736Z,1.123,2,1000,640x360,1.912023999999974,,
2025-12-19T11:26:47.210Z,1.148,2,1000,640x360,1.9466600000000085,,
2025-12-19T11:26:47.494Z,1.351,2,1000,640x360,1.955379999999991,,
2025-12-19T11:26:47.867Z,1.454,2,1000,640x360,1.9828259999999887,,
2025-12-19T11:26:48.311Z,1.494,2,1000,640x360,1.9406649999999672,,
2025-12-19T11:26:48.753Z,1.574,2,1000,640x360,1.9899110000000064,,
2025-12-19T11:26:49.260Z,1.618,2,1000,640x360,1.9914800000000241,,
2025-12-19T11:26:49.757Z,1.593,2,1000,640x360,1.988239999999962,,
2025-12-19T11:26:50.245Z,1.597,2,1000,640x360,2.0022260000000074,,
2025-12-19T11:26:50.726Z,1.606,2,1000,640x360,1.9179249999999683,,
2025-12-19T11:26:51.135Z,1.715,2,1000,640x360,1.9278269999999793,,
2025-12-19T11:26:51.570Z,1.773,2,1000,640x360,1.983793999999989,,
2025-12-19T11:26:51.640Z,1.773,3,1500,768x432,1.912337999999977,,
2025-12-19T11:26:52.802Z,0.71,3,1500,768x432,1.9497939999999971,,
2025-12-19T11:26:52.870Z,1.057,2,1000,640x360,1.9806350000000066,,
2025-12-19T11:26:53.311Z,1.045,2,1000,640x360,1.9454209999999534,,
2025-12-19T11:26:53.776Z,1.064,2,1000,640x360,1.9685329999999794,,
2025-12-19T11:26:54.276Z,1.077,2,1000,640x360,1.9689490000000092,,
2025-12-19T11:26:54.646Z,1.193,2,1000,640x360,1.999588000000017,,
2025-12-19T11:26:55.099Z,1.251,2,1000,640x360,1.9539510000000178,,
2025-12-19T11:26:55.526Z,1.327,2,1000,640x360,1.923958999999968,,
2025-12-19T11:26:55.930Z,1.412,2,1000,640x360,1.9256960000000163,,
2025-12-19T11:26:56.322Z,1.519,2,1000,640x360,1.9440670000000182,,
2025-12-19T11:26:56.737Z,1.562,2,1000,640x360,1.9125320000000556,,
2025-12-19T11:26:57.171Z,1.66,2,1000,640x360,1.9749699999999848,,
2025-12-19T11:26:57.584Z,1.746,2,1000,640x360,1.9694829999999683,,
2025-12-19T11:26:58.004Z,1.843,2,1000,640x360,1.9492729999999483,,
2025-12-19T11:26:58.080Z,1.856,3,1500,768x432,1.9783540000000244,,
2025-12-19T11:26:59.538Z,0.568,3,1500,768x432,1.9181189999999901,,
2025-12-19T11:26:59.622Z,0.793,2,1000,640x360,1.9280110000000263,,
2025-12-19T11:27:00.051Z,0.794,2,1000,640x360,2.0140539999999874,,
2025-12-19T11:27:00.473Z,0.886,2,1000,640x360,1.9808810000000108,,
2025-12-19T11:27:00.915Z,0.93,2,1000,640x360,1.932957999999985,,
2025-12-19T11:27:01.325Z,1.018,2,1000,640x360,1.9238200000000347,,
2025-12-19T11:27:01.748Z,1.092,2,1000,640x360,2.0003020000000333,,
2025-12-19T11:27:02.162Z,1.191,2,1000,640x360,1.9930860000000052,,
2025-12-19T11:27:02.539Z,1.292,2,1000,640x360,1.9118980000000079,,
2025-12-19T11:27:02.856Z,1.415,2,1000,640x360,1.9862590000000182,,
2025-12-19T11:27:02.883Z,1.848,2,1000,640x360,1.9619650000000206,,
2025-12-19T11:27:03.662Z,1.691,2,1000,640x360,1.9925700000000006,,
2025-12-19T11:27:04.160Z,1.719,2,1000,640x360,2.0002809999999727,,
2025-12-19T11:27:04.606Z,1.722,2,1000,640x360,1.9458649999999693,,
2025-12-19T11:27:05.044Z,1.806,2,1000,640x360,1.9996659999999906,,
2025-12-19T11:27:05.132Z,1.809,3,1500,768x432,1.9113089999999602,,
2025-12-19T11:27:06.278Z,0.666,3,1500,768x432,1.9736320000000092,,
2025-12-19T11:27:06.358Z,1.077,2,1000,640x360,1.990996999999993,,
2025-12-19T11:27:06.793Z,1.058,2,1000,640x360,1.9593009999999822,,
2025-12-19T11:27:07.230Z,1.129,2,1000,640x360,1.9345600000000331,,
2025-12-19T11:27:07.658Z,1.184,2,1000,640x360,1.9986000000000104,,
2025-12-19T11:27:08.075Z,1.277,2,1000,640x360,1.9886220000000208,,
2025-12-19T11:27:08.499Z,1.336,2,1000,640x360,1.9590030000000525,,
2025-12-19T11:27:08.894Z,1.455,2,1000,640x360,1.9545990000000302,,
2025-12-19T11:27:09.318Z,1.55,2,1000,640x360,1.9489680000000362,,
2025-12-19T11:27:09.403Z,1.482,3,1500,768x432,1.9704730000000268,,
2025-12-19T11:27:10.035Z,0.946,3,1500,768x432,1.9237929999999892,,
2025-12-19T11:27:10.117Z,1.327,2,1000,640x360,1.9346189999999979,,
2025-12-19T11:27:10.544Z,1.307,2,1000,640x360,2.0027410000000145,,
2025-12-19T11:27:10.979Z,1.357,2,1000,640x360,1.9800070000000005,,
2025-12-19T11:27:11.410Z,1.444,2,1000,640x360,1.936996000000022,,
2025-12-19T11:27:11.482Z,1.446,3,1500,768x432,1.9758830000000103,,
2025-12-19T11:27:12.126Z,0.831,3,1500,768x432,1.9323150000000169,,
2025-12-19T11:27:12.196Z,1.24,2,1000,640x360,1.9714969999999994,,
2025-12-19T11:27:12.616Z,1.228,2,1000,640x360,1.9318279999999959,,
2025-12-19T11:27:13.017Z,1.336,2,1000,640x360,1.9503149999999891,,
2025-12-19T11:27:13.524Z,1.372,2,1000,640x360,1.9373239999999896,,
2025-12-19T11:27:13.730Z,1.616,2,1000,640x360,1.9269429999999943,,
2025-12-19T11:27:14.053Z,1.79,2,1000,640x360,2.00324599999999,,
2025-12-19T11:27:14.838Z,1.51,2,1000,640x360,1.91103099999998,,
2025-12-19T11:27:15.335Z,1.523,2,1000,640x360,1.9144550000000322,,
2025-12-19T11:27:15.744Z,1.595,2,1000,640x360,1.9996490000000335,,
2025-12-19T11:27:16.190Z,1.68,2,1000,640x360,1.969175000000007,,
2025-12-19T11:27:16.632Z,1.732,2,1000,640x360,1.9227580000000444,,
2025-12-19T11:27:16.705Z,1.724,3,1500,768x432,1.9455449999999814,,
2025-12-19T11:27:17.850Z,0.747,3,1500,768x432,1.9982610000000136,,
2025-12-19T11:27:17.921Z,0.978,2,1000,640x360,1.928320000000042,,
2025-12-19T11:27:18.367Z,0.984,2,1000,640x360,1.978198999999961,,
2025-12-19T11:27:18.817Z,1.032,2,1000,640x360,1.9262749999999755,,
2025-12-19T11:27:19.306Z,1.047,2,1000,640x360,1.950394000000017,,
2025-12-19T11:27:19.742Z,1.081,2,1000,640x360,1.913329000000033,,
2025-12-19T11:27:20.108Z,1.242,2,1000,640x360,1.960642000000007,,
2025-12-19T11:27:20.549Z,1.284,2,1000,640x360,1.9985889999999813,,
2025-12-19T11:27:21.027Z,1.334,2,1000,640x360,1.940275999999983,,
2025-12-19T11:27:21.103Z,1.306,3,1500,768x432,1.9616159999999923,,
2025-12-19T11:27:21.732Z,0.758,3,1500,768x432,1.9202029999999581,,
2025-12-19T11:27:21.814Z,1.123,2,1000,640x360,1.930375999999967,,
2025-12-19T11:27:22.221Z,1.118,2,1000,640x360,1.9239820000000236,,
2025-12-19T11:27:22.720Z,1.152,2,1000,640x360,1.9236689999999612,,
2025-12-19T11:27:22.985Z,1.359,2,1000,640x360,1.9642339999999763,,
2025-12-19T11:27:23.355Z,1.469,2,1000,640x360,2.000515000000007,,
2025-12-19T11:27:23.777Z,1.581,2,1000,640x360,1.9777940000000171,,
2025-12-19T11:27:24.127Z,1.732,2,1000,640x360,1.9332560000000285,,
2025-12-19T11:27:24.510Z,1.853,2,1000,640x360,1.9374750000000063,,
2025-12-19T11:27:24.895Z,1.951,2,1000,640x360,1.953107999999986,,
2025-12-19T11:27:24.966Z,1.96,3,1500,768x432,1.9970289999999977,,
2025-12-19T11:27:26.409Z,0.48,3,1500,768x432,1.9591210000000387,,
2025-12-19T11:27:26.478Z,0.959,2,1000,640x360,1.9871259999999893,,
2025-12-19T11:27:27.068Z,0.777,2,1000,640x360,1.9810719999999833,,
2025-12-19T11:27:27.554Z,0.797,2,1000,640x360,1.9916390000000206,,
2025-12-19T11:27:28.044Z,0.845,2,1000,640x360,2.0105230000000347,,
2025-12-19T11:27:28.487Z,0.842,2,1000,640x360,1.9659409999999866,,
2025-12-19T11:27:28.962Z,0.899,2,1000,640x360,1.9932479999999941,,
2025-12-19T11:27:29.037Z,0.9,3,1500,768x432,1.9255289999999832,,
2025-12-19T11:27:29.571Z,0.288,3,1500,768x432,1.9861530000000016,,rebuffer happen
2025-12-19T11:27:29.610Z,0.288,3,1500,768x432,1.9459230000000503,,
2025-12-19T11:27:29.678Z,0.747,2,1000,640x360,1.9694979999999873,,
2025-12-19T11:27:30.166Z,0.683,2,1000,640x360,1.986805000000004,,
2025-12-19T11:27:30.741Z,0.597,2,1000,640x360,1.9060610000000224,,
2025-12-19T11:27:30.815Z,0.611,1,600,480x270,1.9391219999999976,,
2025-12-19T11:27:31.138Z,0.695,1,600,480x270,1.9077609999999936,,
2025-12-19T11:27:31.205Z,0.695,2,1000,640x360,1.9433780000000525,,
2025-12-19T11:27:31.580Z,0.754,2,1000,640x360,1.974234000000024,,
2025-12-19T11:27:31.920Z,0.926,2,1000,640x360,1.927344000000005,,
2025-12-19T11:27:32.389Z,0.961,2,1000,640x360,1.9671109999999885,,
2025-12-19T11:27:32.856Z,1.015,2,1000,640x360,1.9950719999999933,,
2025-12-19T11:27:33.522Z,0.855,2,1000,640x360,1.9274899999999775,,
2025-12-19T11:27:34.189Z,0.657,2,1000,640x360,1.960437000000013,,
2025-12-19T11:27:34.805Z,0.54,2,1000,640x360,1.9481069999999931,,
2025-12-19T11:27:34.878Z,0.546,1,600,480x270,1.9676279999999906,,
2025-12-19T11:27:35.267Z,0.605,1,600,480x270,1.9858179999999948,,
2025-12-19T11:27:35.342Z,0.524,2,1000,640x360,1.9100549999999998,,
2025-12-19T11:27:35.993Z,0.374,2,1000,640x360,1.9695679999999811,,
2025-12-19T11:27:36.058Z,0.367,1,600,480x270,1.9960089999999582,,
2025-12-19T11:27:36.072Z,0.289,1,600,480x270,1.9824309999999628,,rebuffer happen
2025-12-19T11:27:36.405Z,0.433,1,600,480x270,1.9473859999999945,,
2025-12-19T11:27:36.479Z,0.387,0,200,320x180,1.9731249999999818,,
2025-12-19T11:27:36.642Z,0.71,0,200,320x180,1.9076630000000137,,
2025-12-19T11:27:36.712Z,0.716,2,1000,640x360,1.9378659999999854,,
2025-12-19T11:27:37.201Z,0.661,2,1000,640x360,1.964983000000018,,
2025-12-19T11:27:37.681Z,0.675,2,1000,640x360,1.9690180000000055,,
2025-12-19T11:27:38.102Z,0.766,2,1000,640x360,1.9609120000000075,,
2025-12-19T11:27:38.592Z,0.756,2,1000,640x360,1.966305000000034,,
2025-12-19T11:27:39.049Z,0.803,2,1000,640x360,1.9985849999999914,,
2025-12-19T11:27:39.646Z,0.603,2,1000,640x360,2.1863029999999526,,
2025-12-19T11:27:39.720Z,0.554,1,600,480x270,2.0951769999999783,,
2025-12-19T11:27:39.994Z,0.686,1,600,480x270,2.0855770000000007,,
2025-12-19T11:27:40.064Z,0.641,2,1000,640x360,2.110148000000038,,
2025-12-19T11:27:40.479Z,0.647,2,1000,640x360,2.032624999999996,,
2025-12-19T11:27:40.877Z,0.718,2,1000,640x360,2.0074710000000096,,
2025-12-19T11:27:40.949Z,0.733,3,1500,768x432,1.941974000000016,,
2025-12-19T11:27:41.590Z,0.508,3,1500,768x432,1.9747179999999958,,
2025-12-19T11:27:41.666Z,0.5,2,1000,640x360,2.006274000000019,,
2025-12-19T11:27:41.789Z,0.292,2,1000,640x360,1.9696210000000178,,rebuffer happen
2025-12-19T11:27:42.101Z,0.464,2,1000,640x360,1.95085899999998,,
2025-12-19T11:27:42.180Z,0.477,1,600,480x270,1.9717390000000137,,
2025-12-19T11:27:42.456Z,0.614,1,600,480x270,1.9946029999999837,,
2025-12-19T11:27:42.523Z,0.617,3,1500,768x432,1.9263669999999706,,
2025-12-19T11:27:43.169Z,0.413,3,1500,768x432,1.9864529999999831,,
2025-12-19T11:27:43.238Z,0.406,2,1000,640x360,1.9162709999999947,,
2025-12-19T11:27:43.337Z,0.238,2,1000,640x360,1.9201269999999795,,rebuffer happen
2025-12-19T11:27:43.672Z,0.388,2,1000,640x360,1.9834620000000314,,
2025-12-19T11:27:43.757Z,0.377,1,600,480x270,1.9910990000000197,,
2025-12-19T11:27:43.879Z,0.296,1,600,480x270,1.9797179999999912,,rebuffer happen
2025-12-19T11:27:44.040Z,0.526,1,600,480x270,1.916275999999982,,
2025-12-19T11:27:44.114Z,0.524,3,1500,768x432,1.9464909999999804,,
2025-12-19T11:27:44.706Z,0.297,3,1500,768x432,1.9407289999999762,,rebuffer happen
2025-12-19T11:27:44.769Z,0.266,3,1500,768x432,1.9746979999999894,,rebuffer happen
2025-12-19T11:27:44.780Z,0.266,3,1500,768x432,1.9641540000000077,,
2025-12-19T11:27:44.849Z,0.288,2,1000,640x360,1.8939229999999725,,
2025-12-19T11:27:45.292Z,0.287,2,1000,640x360,1.9613560000000234,,
2025-12-19T11:27:45.369Z,0.287,1,600,480x270,1.9951960000000213,,
2025-12-19T11:27:45.662Z,0.404,1,600,480x270,1.996832999999981,,
2025-12-19T11:27:45.758Z,0.416,0,200,320x180,1.9010249999999473,,
2025-12-19T11:27:45.880Z,0.652,0,200,320x180,1.984863999999959,,
2025-12-19T11:27:45.959Z,0.7,3,1500,768x432,2.0065890000000195,,
2025-12-19T11:27:46.623Z,0.473,3,1500,768x432,1.937731000000042,,
2025-12-19T11:27:46.706Z,0.455,2,1000,640x360,1.949861999999996,,
2025-12-19T11:27:46.832Z,0.244,2,1000,640x360,1.925341000000003,,rebuffer happen
2025-12-19T11:27:47.147Z,0.428,2,1000,640x360,2.0088539999999853,,
2025-12-19T11:27:47.227Z,0.431,1,600,480x270,1.9283059999999637,,
2025-12-19T11:27:47.293Z,0.283,1,600,480x270,1.9568309999999656,,rebuffer happen
2025-12-19T11:27:47.498Z,0.575,1,600,480x270,1.9556759999999827,,
2025-12-19T11:27:47.570Z,0.575,3,1500,768x432,1.9761560000000031,,
2025-12-19T11:27:48.235Z,0.351,3,1500,768x432,1.908816999999999,,
2025-12-19T11:27:48.307Z,0.335,2,1000,640x360,1.9425889999999981,,
2025-12-19T11:27:48.308Z,0.262,2,1000,640x360,1.9419490000000224,,rebuffer happen
2025-12-19T11:27:48.750Z,0.314,2,1000,640x360,1.9974839999999858,,
2025-12-19T11:27:48.823Z,0.305,1,600,480x270,1.9238510000000133,,
2025-12-19T11:27:48.824Z,0.245,1,600,480x270,1.923125999999968,,rebuffer happen
2025-12-19T11:27:49.093Z,0.473,1,600,480x270,1.9618659999999863,,
2025-12-19T11:27:49.167Z,0.451,0,200,320x180,1.9863409999999249,,
2025-12-19T11:27:49.270Z,0.753,0,200,320x180,1.98762499999998,,
2025-12-19T11:27:49.338Z,0.809,3,1500,768x432,1.919308000000001,,
2025-12-19T11:27:50.020Z,0.575,3,1500,768x432,1.9367780000000039,,
2025-12-19T11:27:50.088Z,0.557,2,1000,640x360,1.9626190000000179,,
2025-12-19T11:27:50.534Z,0.524,2,1000,640x360,1.9174249999999802,,
2025-12-19T11:27:50.604Z,0.521,1,600,480x270,1.9409890000000587,,
2025-12-19T11:27:50.876Z,0.678,1,600,480x270,1.9766929999999547,,
2025-12-19T11:27:50.947Z,0.691,3,1500,768x432,1.9125709999999572,,
2025-12-19T11:27:51.592Z,0.503,3,1500,768x432,1.954800999999975,,
2025-12-19T11:27:51.667Z,0.446,2,1000,640x360,1.9886370000000397,,
2025-12-19T11:27:52.081Z,0.485,2,1000,640x360,1.966778999999974,,
2025-12-19T11:27:52.152Z,0.489,1,600,480x270,1.895202999999924,,
2025-12-19T11:27:52.405Z,0.649,1,600,480x270,1.943728999999962,,
2025-12-19T11:27:52.477Z,0.65,3,1500,768x432,1.965738999999985,,
2025-12-19T11:27:53.078Z,0.513,3,1500,768x432,1.9726920000000518,,
2025-12-19T11:27:53.151Z,0.498,2,1000,640x360,1.8989860000000363,,
2025-12-19T11:27:53.576Z,0.499,2,1000,640x360,1.9688970000000836,,
2025-12-19T11:27:53.653Z,0.494,1,600,480x270,1.8915000000000646,,
2025-12-19T11:27:53.905Z,0.666,1,600,480x270,1.9528589999999895,,
2025-12-19T11:27:53.978Z,0.665,3,1500,768x432,1.9667050000000472,,
2025-12-19T11:27:54.614Z,0.462,3,1500,768x432,1.9373919999999316,,
2025-12-19T11:27:54.689Z,0.455,2,1000,640x360,1.9553119999999353,,
2025-12-19T11:27:54.802Z,0.268,2,1000,640x360,1.9509369999999535,,rebuffer happen
2025-12-19T11:27:55.100Z,0.479,2,1000,640x360,1.961135000000013,,
2025-12-19T11:27:55.173Z,0.478,1,600,480x270,1.9797779999998966,,
2025-12-19T11:27:55.446Z,0.626,1,600,480x270,2.0019680000000335,,
2025-12-19T11:27:55.516Z,0.628,3,1500,768x432,1.9301940000000286,,
2025-12-19T11:27:56.170Z,0.405,3,1500,768x432,1.9751079999999774,,
2025-12-19T11:27:56.236Z,0.398,2,1000,640x360,1.9097249999999804,,
2025-12-19T11:27:56.379Z,0.257,2,1000,640x360,1.9698210000000245,,rebuffer happen
2025-12-19T11:27:56.409Z,0.294,2,1000,640x360,1.9398589999999558,,rebuffer happen
2025-12-19T11:27:56.664Z,0.376,2,1000,640x360,1.9785660000000007,,
2025-12-19T11:27:56.736Z,0.405,1,600,480x270,1.9069749999999885,,
2025-12-19T11:27:56.827Z,0.276,1,600,480x270,1.9270439999999098,,rebuffer happen
2025-12-19T11:27:57.005Z,0.557,1,600,480x270,1.9455580000000054,,
2025-12-19T11:27:57.077Z,0.569,3,1500,768x432,1.9753539999999248,,
2025-12-19T11:27:57.728Z,0.358,3,1500,768x432,1.9305289999999786,,
2025-12-19T11:27:57.794Z,0.341,2,1000,640x360,1.9563309999999774,,
2025-12-19T11:27:57.795Z,0.274,2,1000,640x360,1.9555860000000393,,rebuffer happen
2025-12-19T11:27:58.253Z,0.296,2,1000,640x360,2.004054999999994,,rebuffer happen
2025-12-19T11:27:58.273Z,0.296,2,1000,640x360,1.9838669999999183,,
2025-12-19T11:27:58.341Z,0.309,1,600,480x270,1.9164979999999332,,
2025-12-19T11:27:58.342Z,0.241,1,600,480x270,1.9158239999999296,,rebuffer happen
2025-12-19T11:27:58.594Z,0.465,1,600,480x270,1.963290000000029,,
2025-12-19T11:27:58.667Z,0.489,3,1500,768x432,2.0015560000000505,,
2025-12-19T11:27:58.792Z,0.291,3,1500,768x432,1.9719190000000708,,rebuffer happen
2025-12-19T11:27:59.062Z,0.294,3,1500,768x432,2.0041009999999915,,rebuffer happen
2025-12-19T11:27:59.158Z,0.295,3,1500,768x432,2.002010999999925,,rebuffer happen
2025-12-19T11:27:59.316Z,0.266,3,1500,768x432,1.9452719999999317,,
2025-12-19T11:27:59.386Z,0.266,2,1000,640x360,1.9697360000000117,,
2025-12-19T11:27:59.857Z,0.221,2,1000,640x360,1.9998659999999973,,
2025-12-19T11:27:59.934Z,0.225,1,600,480x270,1.9300459999999475,,
2025-12-19T11:28:00.211Z,0.388,1,600,480x270,1.979374000000007,,
2025-12-19T11:28:00.292Z,0.391,0,200,320x180,1.9898939999999357,,
2025-12-19T11:28:00.369Z,0.645,0,200,320x180,2.021987999999965,,
2025-12-19T11:28:00.450Z,0.663,3,1500,768x432,1.9381949999999506,,
2025-12-19T11:28:01.097Z,0.507,3,1500,768x432,1.9634300000000167,,
2025-12-19T11:28:01.169Z,0.488,2,1000,640x360,1.9985739999999623,,
2025-12-19T11:28:01.315Z,0.299,2,1000,640x360,1.9431439999999611,,rebuffer happen
2025-12-19T11:28:01.678Z,0.448,2,1000,640x360,1.9763590000000022,,
2025-12-19T11:28:01.755Z,0.361,1,600,480x270,1.9914229999999407,,
2025-12-19T11:28:01.841Z,0.265,1,600,480x270,1.9048830000000407,,rebuffer happen
2025-12-19T11:28:02.038Z,0.525,1,600,480x270,1.9171310000000403,,
2025-12-19T11:28:02.115Z,0.538,3,1500,768x432,1.9489639999999326,,
2025-12-19T11:28:02.771Z,0.305,3,1500,768x432,1.972851999999989,,
2025-12-19T11:28:02.772Z,0.298,3,1500,768x432,1.9722949999999173,,rebuffer happen
2025-12-19T11:28:02.849Z,0.297,2,1000,640x360,1.8947689999999966,,
2025-12-19T11:28:03.255Z,0.293,2,1000,640x360,2.0119809999999916,,rebuffer happen
2025-12-19T11:28:03.283Z,0.293,2,1000,640x360,1.9838819999999942,,
2025-12-19T11:28:03.348Z,0.283,1,600,480x270,1.919399999999996,,
2025-12-19T11:28:03.598Z,0.47,1,600,480x270,1.9682199999999739,,
2025-12-19T11:28:03.675Z,0.483,0,200,320x180,1.9841109999999844,,
2025-12-19T11:28:03.767Z,0.801,0,200,320x180,1.9877880000000232,,
2025-12-19T11:28:03.848Z,0.746,3,1500,768x432,1.9072250000000395,,
2025-12-19T11:28:04.504Z,0.6,3,1500,768x432,1.9536679999999933,,
2025-12-19T11:28:04.582Z,0.58,2,1000,640x360,1.9733740000000353,,
2025-12-19T11:28:05.028Z,0.558,2,1000,640x360,1.9249110000000655,,
2025-12-19T11:28:05.094Z,0.55,1,600,480x270,1.9645080000000235,,
2025-12-19T11:28:05.371Z,0.701,1,600,480x270,1.9810039999999844,,
2025-12-19T11:28:05.455Z,0.647,3,1500,768x432,1.8958989999999858,,
2025-12-19T11:28:06.154Z,0.441,3,1500,768x432,1.991076000000021,,
2025-12-19T11:28:06.220Z,0.414,2,1000,640x360,1.925273000000061,,
2025-12-19T11:28:06.367Z,0.269,2,1000,640x360,1.9787500000001046,,rebuffer happen
2025-12-19T11:28:06.704Z,0.369,2,1000,640x360,1.9402659999999514,,
2025-12-19T11:28:06.782Z,0.317,1,600,480x270,1.9718149999999923,,
2025-12-19T11:28:06.782Z,0.288,1,600,480x270,1.9711429999999837,,rebuffer happen
2025-12-19T11:28:07.041Z,0.514,1,600,480x270,1.9197690000000875,,
2025-12-19T11:28:07.124Z,0.537,3,1500,768x432,1.9268329999999878,,
2025-12-19T11:28:07.285Z,0.291,3,1500,768x432,1.9721840000000839,,rebuffer happen
2025-12-19T11:28:07.762Z,0.315,3,1500,768x432,1.9902489999999489,,
2025-12-19T11:28:07.829Z,0.24,2,1000,640x360,1.9228130000000192,,rebuffer happen
2025-12-19T11:28:07.841Z,0.24,2,1000,640x360,1.9102659999999787,,
2025-12-19T11:28:08.283Z,0.304,2,1000,640x360,1.9850670000000719,,
2025-12-19T11:28:08.354Z,0.304,1,600,480x270,1.913825000000088,,
2025-12-19T11:28:08.355Z,0.233,1,600,480x270,2.0171209999999746,,rebuffer happen
2025-12-19T11:28:08.636Z,0.427,1,600,480x270,1.926119999999969,,
2025-12-19T11:28:08.718Z,0.449,0,200,320x180,1.9424649999999701,,
2025-12-19T11:28:08.814Z,0.749,0,200,320x180,1.9448639999999386,,
2025-12-19T11:28:08.886Z,0.771,3,1500,768x432,1.9755539999999883,,
2025-12-19T11:28:09.513Z,0.568,3,1500,768x432,1.942054999999982,,
2025-12-19T11:28:09.588Z,0.547,2,1000,640x360,1.9573789999999462,,
2025-12-19T11:28:10.006Z,0.559,2,1000,640x360,1.9382969999999204,,
2025-12-19T11:28:10.084Z,0.561,1,600,480x270,1.9705729999999448,,
2025-12-19T11:28:10.355Z,0.7,1,600,480x270,1.9951540000000705,,
2025-12-19T11:28:10.427Z,0.713,3,1500,768x432,1.9233890000000429,,
2025-12-19T11:28:11.118Z,0.468,3,1500,768x432,1.9425430000000006,,
2025-12-19T11:28:11.188Z,0.459,2,1000,640x360,1.9656489999999849,,
2025-12-19T11:28:11.320Z,0.256,2,1000,640x360,1.9395039999999426,,rebuffer happen
2025-12-19T11:28:11.636Z,0.423,2,1000,640x360,1.9202699999999595,,
2025-12-19T11:28:11.710Z,0.395,1,600,480x270,1.94055400000002,,
2025-12-19T11:28:11.993Z,0.582,1,600,480x270,1.9615969999999834,,
2025-12-19T11:28:12.067Z,0.551,3,1500,768x432,1.9918710000000601,,
2025-12-19T11:28:12.734Z,0.346,3,1500,768x432,1.9179209999999784,,
2025-12-19T11:28:12.803Z,0.318,2,1000,640x360,1.941771000000017,,
2025-12-19T11:28:12.803Z,0.267,2,1000,640x360,1.9411079999999856,,rebuffer happen
2025-12-19T11:28:13.118Z,0.277,2,1000,640x360,1.9575610000000552,,rebuffer happen
2025-12-19T11:28:13.251Z,0.329,2,1000,640x360,2.0247040000000425,,
2025-12-19T11:28:13.318Z,0.343,1,600,480x270,1.957283000000075,,
2025-12-19T11:28:13.319Z,0.275,1,600,480x270,1.9566150000000562,,rebuffer happen
2025-12-19T11:28:13.586Z,0.493,1,600,480x270,1.9807550000000447,,
2025-12-19T11:28:13.658Z,0.505,3,1500,768x432,2.0077270000000453,,
2025-12-19T11:28:13.830Z,0.287,3,1500,768x432,1.9329779999999346,,rebuffer happen
2025-12-19T11:28:13.928Z,0.296,3,1500,768x432,1.9370040000000017,,rebuffer happen
2025-12-19T11:28:14.189Z,0.294,3,1500,768x432,1.9719900000000052,,rebuffer happen
2025-12-19T11:28:14.321Z,0.281,3,1500,768x432,1.9437250000000859,,
2025-12-19T11:28:14.393Z,0.263,2,1000,640x360,1.9656360000000177,,
2025-12-19T11:28:14.834Z,0.256,2,1000,640x360,1.93458899999996,,
2025-12-19T11:28:14.906Z,0.249,1,600,480x270,1.9610910000000104,,
2025-12-19T11:28:15.178Z,0.407,1,600,480x270,1.987814999999955,,
2025-12-19T11:28:15.250Z,0.411,0,200,320x180,1.9153780000000324,,
2025-12-19T11:28:15.366Z,0.662,0,200,320x180,1.9975050000000465,,
2025-12-19T11:28:15.437Z,0.719,3,1500,768x432,1.925104000000033,,
2025-12-19T11:28:16.101Z,0.501,3,1500,768x432,1.9620420000001104,,
2025-12-19T11:28:16.169Z,0.483,2,1000,640x360,1.9912229999999909,,
2025-12-19T11:28:16.597Z,0.454,2,1000,640x360,1.954025999999999,,
2025-12-19T11:28:16.668Z,0.477,1,600,480x270,1.9813100000000077,,
2025-12-19T11:28:16.929Z,0.63,1,600,480x270,1.9200240000000122,,
2025-12-19T11:28:16.998Z,0.646,3,1500,768x432,1.9615059999999858,,
2025-12-19T11:28:17.640Z,0.452,3,1500,768x432,1.9137280000001056,,
2025-12-19T11:28:17.715Z,0.417,2,1000,640x360,1.9475749999999152,,
2025-12-19T11:28:17.815Z,0.259,2,1000,640x360,1.9336399999999685,,rebuffer happen
2025-12-19T11:28:18.134Z,0.448,2,1000,640x360,1.9213399999999865,,
2025-12-19T11:28:18.201Z,0.4,1,600,480x270,1.9482929999999214,,
2025-12-19T11:28:18.471Z,0.587,1,600,480x270,1.984166000000073,,
2025-12-19T11:28:18.545Z,0.538,3,1500,768x432,1.908828000000085,,
2025-12-19T11:28:18.624Z,0.526,2,1000,640x360,1.9234319999999343,,
2025-12-19T11:28:19.026Z,0.541,2,1000,640x360,1.9310030000000324,,
2025-12-19T11:28:19.092Z,0.546,1,600,480x270,1.958784000000037,,
2025-12-19T11:28:19.356Z,0.7,1,600,480x270,1.990658999999937,,
2025-12-19T11:28:19.436Z,0.715,3,1500,768x432,1.9100899999999683,,
2025-12-19T11:28:20.034Z,0.543,3,1500,768x432,1.9316170000000739,,
2025-12-19T11:28:20.107Z,0.548,2,1000,640x360,1.9542240000000675,,
2025-12-19T11:28:20.505Z,0.565,2,1000,640x360,1.9549299999999903,,
2025-12-19T11:28:20.576Z,0.507,1,600,480x270,1.9708269999999857,,
2025-12-19T11:28:20.812Z,0.735,1,600,480x270,1.9324490000000196,,
2025-12-19T11:28:20.886Z,0.738,3,1500,768x432,1.958974000000012,,
2025-12-19T11:28:21.484Z,0.592,3,1500,768x432,1.9766759999999977,,
2025-12-19T11:28:21.554Z,0.597,2,1000,640x360,1.9045999999999594,,
2025-12-19T11:28:21.948Z,0.631,2,1000,640x360,2.0040440000000217,,
2025-12-19T11:28:22.025Z,0.626,3,1500,768x432,1.9264470000000529,,
2025-12-19T11:28:22.630Z,0.454,3,1500,768x432,1.9144469999999956,,
2025-12-19T11:28:22.695Z,0.439,2,1000,640x360,1.9489409999999907,,
2025-12-19T11:28:23.101Z,0.466,2,1000,640x360,1.9537469999999075,,
2025-12-19T11:28:23.177Z,0.471,1,600,480x270,1.9749750000000859,,
2025-12-19T11:28:23.275Z,0.297,1,600,480x270,1.9843120000000454,,rebuffer happen
2025-12-19T11:28:23.424Z,0.632,1,600,480x270,1.926593999999909,,
2025-12-19T11:28:23.503Z,0.578,3,1500,768x432,1.9421469999999772,,
2025-12-19T11:28:24.101Z,0.483,3,1500,768x432,1.9536460000000488,,
2025-12-19T11:28:24.175Z,0.478,2,1000,640x360,1.980782999999974,,
2025-12-19T11:28:24.288Z,0.289,2,1000,640x360,1.9743570000000545,,rebuffer happen
2025-12-19T11:28:24.350Z,0.293,2,1000,640x360,2.0063389999999117,,rebuffer happen
2025-12-19T11:28:24.579Z,0.488,2,1000,640x360,1.9746870000000172,,
2025-12-19T11:28:24.657Z,0.493,1,600,480x270,1.9901069999999663,,
2025-12-19T11:28:24.903Z,0.652,1,600,480x270,1.9460639999999785,,
2025-12-19T11:28:24.985Z,0.668,3,1500,768x432,1.9834210000000212,,
2025-12-19T11:28:25.570Z,0.502,3,1500,768x432,1.9888219999999137,,
2025-12-19T11:28:25.642Z,0.462,2,1000,640x360,1.9156209999999874,,
2025-12-19T11:28:25.786Z,0.286,2,1000,640x360,1.9696759999999358,,rebuffer happen
2025-12-19T11:28:26.056Z,0.501,2,1000,640x360,1.9947160000000395,,
2025-12-19T11:28:26.123Z,0.515,1,600,480x270,1.9273480000000518,,
2025-12-19T11:28:26.371Z,0.685,1,600,480x270,1.9823260000000573,,
2025-12-19T11:28:26.448Z,0.65,3,1500,768x432,1.905138000000079,,
2025-12-19T11:28:27.075Z,0.497,3,1500,768x432,1.9788330000000087,,
2025-12-19T11:28:27.151Z,0.502,2,1000,640x360,1.9018720000000258,,
2025-12-19T11:28:27.557Z,0.511,2,1000,640x360,1.9898330000000897,,
2025-12-19T11:28:27.634Z,0.483,1,600,480x270,1.9113360000000057,,
2025-12-19T11:28:27.883Z,0.673,1,600,480x270,1.9639019999999618,,
2025-12-19T11:28:27.949Z,0.688,3,1500,768x432,1.9040969999999788,,
2025-12-19T11:28:28.670Z,0.416,3,1500,768x432,1.9773950000000013,,
2025-12-19T11:28:28.748Z,0.381,2,1000,640x360,1.8985079999999925,,
2025-12-19T11:28:28.799Z,0.27,2,1000,640x360,1.948511999999937,,rebuffer happen
2025-12-19T11:28:29.237Z,0.353,2,1000,640x360,1.9355490000000373,,
2025-12-19T11:28:29.309Z,0.35,1,600,480x270,1.9585479999999507,,
2025-12-19T11:28:29.310Z,0.278,1,600,480x270,1.9578829999999243,,rebuffer happen
2025-12-19T11:28:29.622Z,0.455,1,600,480x270,1.9438330000000406,,
2025-12-19T11:28:29.700Z,0.465,0,200,320x180,1.9729370000000017,,
2025-12-19T11:28:29.813Z,0.671,0,200,320x180,1.951671000000033,,
2025-12-19T11:28:29.886Z,0.709,3,1500,768x432,1.971037000000024,,
2025-12-19T11:28:30.656Z,0.416,3,1500,768x432,1.987470999999914,,
2025-12-19T11:28:30.732Z,0.41,2,1000,640x360,1.910105999999928,,
2025-12-19T11:28:30.924Z,0.148,2,1000,640x360,1.9232769999999846,,rebuffer happen
2025-12-19T11:28:31.246Z,0.329,2,1000,640x360,2.002315000000067,,
2025-12-19T11:28:31.298Z,0.274,1,600,480x270,1.9504940000000488,,rebuffer happen
2025-12-19T11:28:31.325Z,0.274,1,600,480x270,1.9229510000000118,,
2025-12-19T11:28:31.642Z,0.419,1,600,480x270,1.9071409999999105,,
2025-12-19T11:28:31.717Z,0.399,0,200,320x180,1.9280939999999873,,
2025-12-19T11:28:31.830Z,0.687,0,200,320x180,1.9195049999999583,,
2025-12-19T11:28:31.905Z,0.741,3,1500,768x432,1.9479560000000902,,
2025-12-19T11:28:32.683Z,0.394,3,1500,768x432,1.9640530000000354,,
2025-12-19T11:28:32.762Z,0.388,2,1000,640x360,1.9884200000000192,,
2025-12-19T11:28:32.778Z,0.292,2,1000,640x360,1.9723100000001068,,rebuffer happen
2025-12-19T11:28:33.278Z,0.313,2,1000,640x360,1.9913350000000491,,
2025-12-19T11:28:33.327Z,0.261,1,600,480x270,1.9427299999999832,,rebuffer happen
2025-12-19T11:28:33.358Z,0.261,1,600,480x270,2.0028590000000577,,
2025-12-19T11:28:33.669Z,0.403,1,600,480x270,1.991959999999949,,
2025-12-19T11:28:33.748Z,0.414,0,200,320x180,1.9134070000000065,,
2025-12-19T11:28:33.864Z,0.63,0,200,320x180,1.9941870000000108,,
2025-12-19T11:28:33.935Z,0.719,3,1500,768x432,1.922619999999938,,
2025-12-19T11:28:34.682Z,0.39,3,1500,768x432,1.9631900000000542,,
2025-12-19T11:28:34.759Z,0.386,2,1000,640x360,1.985904000000005,,
2025-12-19T11:28:34.920Z,0.152,2,1000,640x360,1.9390050000000656,,rebuffer happen
2025-12-19T11:28:35.330Z,0.252,2,1000,640x360,1.914890000000014,,
2025-12-19T11:28:35.404Z,0.241,1,600,480x270,1.9428799999999455,,
2025-12-19T11:28:35.546Z,0.026,1,600,480x270,2.001956000000064,,rebuffer happen
2025-12-19T11:28:35.727Z,0.371,1,600,480x270,1.9421409999999923,,
2025-12-19T11:28:35.796Z,0.367,0,200,320x180,1.9710649999999532,,
2025-12-19T11:28:35.797Z,0.296,0,200,320x180,1.9703419999999596,,rebuffer happen
2025-12-19T11:28:35.894Z,0.689,0,200,320x180,1.9749980000000278,,
2025-12-19T11:28:35.965Z,0.701,2,1000,640x360,2.021074999999996,,
2025-12-19T11:28:36.479Z,0.616,2,1000,640x360,1.985082000000034,,
2025-12-19T11:28:36.559Z,0.611,1,600,480x270,2.0083740000000034,,
2025-12-19T11:28:36.867Z,0.691,1,600,480x270,1.9883189999999331,,
2025-12-19T11:28:36.948Z,0.713,2,1000,640x360,1.9060080000000426,,
2025-12-19T11:28:37.414Z,0.639,2,1000,640x360,1.9388209999999617,,
2025-12-19T11:28:37.893Z,0.674,2,1000,640x360,1.966666000000032,,
2025-12-19T11:28:37.963Z,0.642,3,1500,768x432,1.9834090000000515,,
2025-12-19T11:28:38.660Z,0.385,3,1500,768x432,1.9902319999999918,,
2025-12-19T11:28:38.739Z,0.341,2,1000,640x360,1.9109200000000328,,
2025-12-19T11:28:38.920Z,0.187,2,1000,640x360,1.9360490000000254,,rebuffer happen
2025-12-19T11:28:39.224Z,0.368,2,1000,640x360,1.936264000000051,,
2025-12-19T11:28:39.302Z,0.322,1,600,480x270,1.952366999999981,,
2025-12-19T11:28:39.303Z,0.278,1,600,480x270,1.9517280000000028,,rebuffer happen
2025-12-19T11:28:39.590Z,0.48,1,600,480x270,1.968597999999929,,
2025-12-19T11:28:39.664Z,0.491,0,200,320x180,1.9964530000000877,,
2025-12-19T11:28:39.756Z,0.779,0,200,320x180,1.9980520000000297,,
2025-12-19T11:28:39.831Z,0.792,3,1500,768x432,1.9235539999999673,,
2025-12-19T11:28:40.543Z,0.562,3,1500,768x432,1.9135690000000523,,
2025-12-19T11:28:40.630Z,0.497,2,1000,640x360,1.923569999999927,,
2025-12-19T11:28:40.802Z,0.276,2,1000,640x360,1.9604069999999183,,rebuffer happen
2025-12-19T11:28:41.103Z,0.494,2,1000,640x360,1.975500000000011,,
2025-12-19T11:28:41.171Z,0.439,1,600,480x270,2.0032390000000078,,
2025-12-19T11:28:41.461Z,0.615,1,600,480x270,2.0144450000000234,,
2025-12-19T11:28:41.530Z,0.566,3,1500,768x432,1.9421570000000656,,
2025-12-19T11:28:42.207Z,0.358,3,1500,768x432,1.9581190000000106,,
2025-12-19T11:28:42.281Z,0.339,2,1000,640x360,1.9754330000000664,,
2025-12-19T11:28:42.282Z,0.293,2,1000,640x360,1.9747580000000653,,rebuffer happen
2025-12-19T11:28:42.749Z,0.332,2,1000,640x360,2.003076999999962,,
2025-12-19T11:28:42.829Z,0.323,1,600,480x270,1.9235249999999269,,
2025-12-19T11:28:42.830Z,0.243,1,600,480x270,1.922729000000004,,rebuffer happen
2025-12-19T11:28:43.169Z,0.372,1,600,480x270,1.9866109999999253,,
2025-12-19T11:28:43.247Z,0.413,0,200,320x180,1.9088120000000117,,
2025-12-19T11:28:43.327Z,0.255,0,200,320x180,1.9327200000000175,,rebuffer happen
2025-12-19T11:28:43.385Z,0.656,0,200,320x180,1.9718349999999418,,
2025-12-19T11:28:43.464Z,0.697,3,1500,768x432,2.000422999999955,,
2025-12-19T11:28:44.270Z,0.34,3,1500,768x432,1.9958910000000287,,
2025-12-19T11:28:44.309Z,0.281,2,1000,640x360,1.9562800000001062,,rebuffer happen
2025-12-19T11:28:44.350Z,0.281,2,1000,640x360,1.913609000000065,,
2025-12-19T11:28:44.553Z,0.032,2,1000,640x360,2.0144769999999426,,rebuffer happen
2025-12-19T11:28:44.913Z,0.267,2,1000,640x360,2.0412840000000188,,
2025-12-19T11:28:44.991Z,0.263,1,600,480x270,2.070824000000016,,
2025-12-19T11:28:45.333Z,0.354,1,600,480x270,2.036954000000037,,
2025-12-19T11:28:45.413Z,0.348,0,200,320x180,2.044383000000039,,
2025-12-19T11:28:45.414Z,0.27,0,200,320x180,2.043610000000058,,rebuffer happen
2025-12-19T11:28:45.534Z,0.58,0,200,320x180,2.0050350000000208,,
2025-12-19T11:28:45.615Z,0.631,2,1000,640x360,2.0160530000000563,,
2025-12-19T11:28:46.191Z,0.41,2,1000,640x360,1.9954700000000685,,
2025-12-19T11:28:46.272Z,0.343,1,600,480x270,2.0037740000000213,,
2025-12-19T11:28:46.417Z,0.178,1,600,480x270,1.9625519999999597,,rebuffer happen
2025-12-19T11:28:46.615Z,0.464,1,600,480x270,1.9438069999999925,,
2025-12-19T11:28:46.694Z,0.401,0,200,320x180,1.971514999999954,,
2025-12-19T11:28:46.816Z,0.745,0,200,320x180,1.9413600000000315,,
2025-12-19T11:28:46.897Z,0.765,2,1000,640x360,1.959989999999948,,
2025-12-19T11:28:47.434Z,0.648,2,1000,640x360,1.9157679999999573,,
2025-12-19T11:28:47.979Z,0.605,2,1000,640x360,1.9866920000000619,,
2025-12-19T11:28:48.058Z,0.57,1,600,480x270,2.0042339999999967,,
2025-12-19T11:28:48.372Z,0.699,1,600,480x270,1.9816379999999754,,
2025-12-19T11:28:48.455Z,0.637,2,1000,640x360,1.8976669999999558,,
2025-12-19T11:28:48.964Z,0.616,2,1000,640x360,1.9963060000000041,,
2025-12-19T11:28:49.031Z,0.614,1,600,480x270,1.9354949999999462,,
2025-12-19T11:28:49.364Z,0.699,1,600,480x270,1.9970049999999446,,
2025-12-19T11:28:49.437Z,0.717,2,1000,640x360,1.9221790000000283,,
2025-12-19T11:28:49.962Z,0.602,2,1000,640x360,1.9937949999999773,,
2025-12-19T11:28:50.030Z,0.608,1,600,480x270,1.9251819999999498,,
2025-12-19T11:28:50.346Z,0.715,1,600,480x270,2.0000720000000456,,
2025-12-19T11:28:50.419Z,0.662,2,1000,640x360,1.927152000000092,,
2025-12-19T11:28:50.971Z,0.609,2,1000,640x360,1.9856290000000172,,
2025-12-19T11:28:51.039Z,0.604,1,600,480x270,1.9171719999999368,,
2025-12-19T11:28:51.357Z,0.695,1,600,480x270,1.990321999999992,,
2025-12-19T11:28:51.430Z,0.715,2,1000,640x360,1.917385999999965,,
2025-12-19T11:28:51.965Z,0.615,2,1000,640x360,1.9918850000000248,,
2025-12-19T11:28:52.036Z,0.588,1,600,480x270,1.9226140000000669,,
2025-12-19T11:28:52.347Z,0.721,1,600,480x270,2.0065170000000307,,
2025-12-19T11:28:52.427Z,0.661,2,1000,640x360,1.9256690000000845,,
2025-12-19T11:28:52.941Z,0.635,2,1000,640x360,1.9180860000000166,,
2025-12-19T11:28:53.022Z,0.634,1,600,480x270,1.9360580000000027,,
2025-12-19T11:28:53.351Z,0.722,1,600,480x270,2.010784000000058,,
2025-12-19T11:28:53.429Z,0.729,2,1000,640x360,1.9314960000000383,,
2025-12-19T11:28:54.046Z,0.553,2,1000,640x360,2.0171300000000656,,
2025-12-19T11:28:54.134Z,0.473,1,600,480x270,1.9364269999999806,,
2025-12-19T11:28:54.521Z,0.567,1,600,480x270,1.94079899999997,,
2025-12-19T11:28:54.587Z,0.506,2,1000,640x360,1.9675249999999096,,
2025-12-19T11:28:55.253Z,0.34,2,1000,640x360,2.000556999999958,,
2025-12-19T11:28:55.320Z,0.322,1,600,480x270,1.9325629999999592,,
2025-12-19T11:28:55.321Z,0.254,1,600,480x270,1.931844999999953,,rebuffer happen
2025-12-19T11:28:55.682Z,0.292,1,600,480x270,1.9662399999999707,,rebuffer happen
2025-12-19T11:28:55.730Z,0.329,1,600,480x270,1.9176649999999427,,
2025-12-19T11:28:55.803Z,0.343,0,200,320x180,1.9449639999999135,,
2025-12-19T11:28:55.804Z,0.27,0,200,320x180,1.9443269999999302,,rebuffer happen
2025-12-19T11:28:55.947Z,0.58,0,200,320x180,2.0121950000000197,,
2025-12-19T11:28:56.022Z,0.613,1,600,480x270,1.9386329999999816,,
2025-12-19T11:28:56.371Z,0.707,1,600,480x270,1.9838530000000674,,
2025-12-19T11:28:56.698Z,0.874,1,600,480x270,1.9512740000000122,,
2025-12-19T11:28:57.022Z,1.05,1,600,480x270,1.9349190000000362,,
2025-12-19T11:28:57.099Z,1.044,2,1000,640x360,1.9588609999999562,,
2025-12-19T11:28:57.709Z,0.916,2,1000,640x360,1.9424930000000131,,
2025-12-19T11:28:58.270Z,0.813,2,1000,640x360,1.9923350000000255,,
2025-12-19T11:28:58.896Z,0.729,2,1000,640x360,1.96115199999997,,
2025-12-19T11:28:59.442Z,0.613,2,1000,640x360,1.9020249999999805,,
2025-12-19T11:28:59.515Z,0.628,1,600,480x270,1.9291860000000725,,
2025-12-19T11:28:59.859Z,0.716,1,600,480x270,1.9854899999999134,,
2025-12-19T11:28:59.935Z,0.709,2,1000,640x360,1.9169140000000198,,
2025-12-19T11:29:00.480Z,0.597,2,1000,640x360,1.9784919999999602,,
2025-12-19T11:29:00.560Z,0.586,1,600,480x270,1.9903700000000981,,
2025-12-19T11:29:00.887Z,0.673,1,600,480x270,1.9716080000000602,,
2025-12-19T11:29:00.964Z,0.684,2,1000,640x360,1.9958389999999326,,
2025-12-19T11:29:01.516Z,0.577,2,1000,640x360,1.9346180000000004,,
2025-12-19T11:29:01.589Z,0.526,1,600,480x270,1.9593479999999772,,
2025-12-19T11:29:01.915Z,0.649,1,600,480x270,1.9456010000000106,,
2025-12-19T11:29:01.991Z,0.659,2,1000,640x360,1.9698130000000447,,
2025-12-19T11:29:02.526Z,0.557,2,1000,640x360,1.9332970000000387,,
2025-12-19T11:29:02.603Z,0.529,1,600,480x270,1.9491349999999557,,
2025-12-19T11:29:02.928Z,0.619,1,600,480x270,1.926702999999975,,
2025-12-19T11:29:03.010Z,0.642,2,1000,640x360,1.9409650000000056,,
2025-12-19T11:29:03.544Z,0.529,2,1000,640x360,1.9996280000000297,,
2025-12-19T11:29:03.631Z,0.524,1,600,480x270,1.9124910000000455,,
2025-12-19T11:29:03.957Z,0.599,1,600,480x270,1.9975620000000163,,
2025-12-19T11:29:04.036Z,0.569,2,1000,640x360,1.9175109999999904,,
2025-12-19T11:29:04.570Z,0.505,2,1000,640x360,1.9832169999999678,,
2025-12-19T11:29:04.648Z,0.501,1,600,480x270,1.904849000000013,,
2025-12-19T11:29:04.987Z,0.594,1,600,480x270,1.9695299999999634,,
2025-12-19T11:29:05.311Z,0.759,1,600,480x270,1.9398710000000392,,
2025-12-19T11:29:05.636Z,0.929,1,600,480x270,1.9228739999999789,,
2025-12-19T11:29:05.960Z,1.109,1,600,480x270,1.9949080000000095,,
2025-12-19T11:29:06.299Z,1.289,1,600,480x270,1.9714930000000095,,
2025-12-19T11:29:06.378Z,1.248,2,1000,640x360,1.985016000000087,,
2025-12-19T11:29:06.891Z,1.158,2,1000,640x360,1.9638069999999743,,
2025-12-19T11:29:07.404Z,1.135,2,1000,640x360,1.949707999999987,,
2025-12-19T11:29:07.923Z,1.15,2,1000,640x360,1.934851999999978,,
2025-12-19T11:29:08.441Z,1.132,2,1000,640x360,1.9110180000000128,,
2025-12-19T11:29:08.943Z,1.12,2,1000,640x360,2.0064700000000357,,
2025-12-19T11:29:09.411Z,1.145,2,1000,640x360,1.9373669999999947,,
2025-12-19T11:29:09.654Z,1.399,2,1000,640x360,1.9942829999999958,,
2025-12-19T11:29:09.874Z,1.676,2,1000,640x360,1.975274000000013,,
2025-12-19T11:29:10.091Z,1.981,2,1000,640x360,1.9710250000000542,,
2025-12-19T11:29:10.563Z,2.016,2,1000,640x360,1.9953759999999647,,
2025-12-19T11:29:11.066Z,2.027,2,1000,640x360,2.0064109999999573,,
2025-12-19T11:29:11.566Z,1.998,2,1000,640x360,1.99541099999999,,
2025-12-19T11:29:12.066Z,2.012,2,1000,640x360,1.993600000000015,,
2025-12-19T11:29:12.570Z,2.011,2,1000,640x360,1.9791510000000017,,
2025-12-19T11:29:13.062Z,2.016,2,1000,640x360,1.9934279999999944,,
2025-12-19T11:29:13.566Z,2.012,2,1000,640x360,1.9914740000000393,,
2025-12-19T11:29:14.074Z,1.982,2,1000,640x360,1.995902000000001,,
2025-12-19T11:29:14.564Z,2.015,2,1000,640x360,1.9942249999999149,,
2025-12-19T11:29:15.069Z,2.021,2,1000,640x360,1.9958970000000136,,
2025-12-19T11:29:15.767Z,1.819,2,1000,640x360,1.989879999999971,,
2025-12-19T11:29:16.411Z,1.67,2,1000,640x360,1.9331270000000131,,
2025-12-19T11:29:17.052Z,1.537,2,1000,640x360,2.0009109999999737,,
2025-12-19T11:29:17.695Z,1.386,2,1000,640x360,1.9565800000000309,,
2025-12-19T11:29:18.323Z,1.253,2,1000,640x360,1.9343539999999848,,
2025-12-19T11:29:18.975Z,1.125,2,1000,640x360,1.980684999999994,,
2025-12-19T11:29:19.614Z,0.977,2,1000,640x360,1.9377520000000459,,
2025-12-19T11:29:20.253Z,0.83,2,1000,640x360,1.9976589999999987,,
2025-12-19T11:29:20.882Z,0.685,2,1000,640x360,1.9701410000000124,,
2025-12-19T11:29:20.947Z,0.688,1,600,480x270,1.9111120000000028,,
2025-12-19T11:29:21.332Z,0.739,1,600,480x270,1.9165819999999485,,
2025-12-19T11:29:21.741Z,0.84,1,600,480x270,1.913094000000001,,
2025-12-19T11:29:22.110Z,0.954,1,600,480x270,1.9465900000000147,,
2025-12-19T11:29:22.507Z,1.063,1,600,480x270,1.947620000000029,,
2025-12-19T11:29:22.878Z,1.173,1,600,480x270,1.9660390000000234,,
2025-12-19T11:29:23.252Z,1.315,1,600,480x270,2.015361999999982,,
2025-12-19T11:29:23.613Z,1.446,1,600,480x270,1.947033000000033,,
2025-12-19T11:29:23.981Z,1.585,1,600,480x270,1.962760000000003,,
2025-12-19T11:29:24.305Z,1.76,1,600,480x270,1.9463990000000422,,
2025-12-19T11:29:24.591Z,1.961,1,600,480x270,1.9621670000000222,,
2025-12-19T11:29:25.059Z,2.015,1,600,480x270,1.9958520000000135,,
2025-12-19T11:29:25.559Z,2.017,1,600,480x270,1.990835000000061,,
2025-12-19T11:29:26.050Z,2.027,1,600,480x270,2.0114620000000514,,
2025-12-19T11:29:26.557Z,2.015,1,600,480x270,1.9923780000000306,,
2025-12-19T11:29:27.075Z,1.958,1,600,480x270,1.9902349999999842,,
2025-12-19T11:29:27.574Z,1.963,1,600,480x270,1.9803739999999834,,
2025-12-19T11:29:28.055Z,1.997,1,600,480x270,1.9951489999999694,,
2025-12-19T11:29:28.606Z,1.991,1,600,480x270,1.9417359999999917,,
2025-12-19T11:29:29.107Z,1.996,1,600,480x270,1.9403990000000704,,
2025-12-19T11:29:29.575Z,2.013,1,600,480x270,1.9736690000000863,,
2025-12-19T11:29:30.076Z,2.035,1,600,480x270,1.9835240000001022,,
2025-12-19T11:29:30.591Z,1.992,1,600,480x270,1.9596710000000712,,
2025-12-19T11:29:31.108Z,1.989,1,600,480x270,1.960012000000006,,
2025-12-19T11:29:31.594Z,1.977,1,600,480x270,1.9642949999999928,,
2025-12-19T11:29:32.111Z,1.99,1,600,480x270,1.9349849999999833,,
2025-12-19T11:29:32.581Z,2.02,1,600,480x270,1.9719140000000834,,
2025-12-19T11:29:33.065Z,2.002,1,600,480x270,1.9848590000000286,,
2025-12-19T11:29:33.565Z,2.001,1,600,480x270,1.989987000000042,,
2025-12-19T11:29:34.066Z,2.011,1,600,480x270,1.9992409999999836,,
2025-12-19T11:29:34.584Z,2.018,1,600,480x270,1.9758669999999938,,
2025-12-19T11:29:35.055Z,2.032,1,600,480x270,2.0064570000000685,,
2025-12-19T11:29:35.773Z,1.8,1,600,480x270,1.9855509999999867,,
2025-12-19T11:29:36.734Z,1.357,1,600,480x270,1.9107589999999846,,
2025-12-19T11:29:37.396Z,1.161,1,600,480x270,1.950698999999986,,
2025-12-19T11:29:37.855Z,1.198,1,600,480x270,1.9989929999999276,,
2025-12-19T11:29:38.282Z,1.279,1,600,480x270,1.9730059999999412,,
2025-12-19T11:29:38.799Z,1.258,1,600,480x270,1.94820100000004,,
2025-12-19T11:29:39.282Z,1.341,1,600,480x270,1.9753190000000131,,
2025-12-19T11:29:39.754Z,1.321,1,600,480x270,2.0018219999999474,,
2025-12-19T11:29:40.232Z,1.345,1,600,480x270,1.9208970000000818,,
2025-12-19T11:29:40.636Z,1.405,1,600,480x270,1.9202450000000226,,
2025-12-19T11:29:41.062Z,1.495,1,600,480x270,1.983985999999959,,
2025-12-19T11:29:41.530Z,1.541,1,600,480x270,1.9266900000000078,,
2025-12-19T11:29:41.948Z,1.613,1,600,480x270,2.0033389999999827,,
2025-12-19T11:29:43.056Z,1.022,1,600,480x270,2.011218000000099,,
2025-12-19T11:29:43.434Z,1.124,1,600,480x270,1.9240980000000718,,
2025-12-19T11:29:43.855Z,1.204,1,600,480x270,1.9939239999999927,,
2025-12-19T11:29:44.166Z,1.412,1,600,480x270,1.9955659999999398,,
2025-12-19T11:29:44.508Z,1.562,1,600,480x270,1.9509580000000142,,
2025-12-19T11:29:44.867Z,1.7,1,600,480x270,1.9815360000000055,,
2025-12-19T11:29:45.244Z,1.824,1,600,480x270,2.000036000000023,,
2025-12-19T11:29:45.625Z,1.939,1,600,480x270,1.9193840000000364,,
2025-12-19T11:29:46.055Z,2.008,1,600,480x270,1.9939959999999246,,
2025-12-19T11:29:46.557Z,2.014,1,600,480x270,1.990364999999997,,
2025-12-19T11:29:47.054Z,2.025,1,600,480x270,2.00200499999994,,
2025-12-19T11:29:47.559Z,1.997,1,600,480x270,1.988271999999938,,
2025-12-19T11:29:48.057Z,2.029,1,600,480x270,2.0081069999999954,,
2025-12-19T11:29:48.558Z,1.997,1,600,480x270,1.996627999999987,,
2025-12-19T11:29:49.054Z,2.013,1,600,480x270,1.989272999999912,,
2025-12-19T11:29:49.559Z,2.011,1,600,480x270,1.989763000000039,,
2025-12-19T11:29:50.060Z,2.016,1,600,480x270,1.992898000000082,,
2025-12-19T11:29:50.558Z,2.012,1,600,480x270,1.9894899999999325,,
2025-12-19T11:29:50.969Z,2.167,1,600,480x270,1.9978910000000951,,
2025-12-19T11:29:51.186Z,1.996,1,600,480x270,1.981094999999982,,
2025-12-19T11:29:53.116Z,0.08,1,600,480x270,1.9612939999999526,,rebuffer happen
2025-12-19T11:29:53.176Z,0.017,1,600,480x270,1.9926860000000488,,rebuffer happen
2025-12-19T11:29:53.667Z,0.017,1,600,480x270,2.4906859999999824,,