timestamp,bufferLevel,qualityIndex,bitrateKbps,resolution,liveLatency,predictedKbps,rebuffer
2025-12-17T12:13:16.834Z,0,2,1000,640x360,1.0245,,
2025-12-17T12:13:16.837Z,0,2,1000,640x360,1.0245,,rebuffer happen
2025-12-17T12:13:16.858Z,0.1,2,1000,640x360,1.023753,,rebuffer happen
2025-12-17T12:13:17.203Z,0.168,2,1000,640x360,1.08319,,
2025-12-17T12:13:17.485Z,0.177,0,200,320x180,1.025018,NaN,
2025-12-17T12:13:17.493Z,0.024,0,200,320x180,1.275018,NaN,rebuffer happen
2025-12-17T12:13:17.765Z,0.49,0,200,320x180,1.326018,NaN,
2025-12-17T12:13:17.877Z,0.791,0,200,320x180,1.4243109999999999,NaN,
2025-12-17T12:13:17.973Z,1.244,0,200,320x180,1.4702549999999999,NaN,
2025-12-17T12:13:18.082Z,1.643,0,200,320x180,1.5094910000000001,NaN,
2025-12-17T12:13:18.540Z,1.894,0,200,320x180,1.676795,NaN,
2025-12-17T12:13:19.036Z,2.035,0,200,320x180,1.7220689999999998,NaN,
2025-12-17T12:13:19.532Z,2.123,0,200,320x180,1.8154819999999998,NaN,
2025-12-17T12:13:20.012Z,2.182,0,200,320x180,1.8800220000000003,NaN,
2025-12-17T12:13:20.719Z,1.991,0,200,320x180,1.908108,NaN,
2025-12-17T12:13:20.793Z,1.988,2,1000,640x360,1.9325100000000002,NaN,
2025-12-17T12:13:21.303Z,1.953,2,1000,640x360,1.937761,NaN,
2025-12-17T12:13:21.864Z,1.881,2,1000,640x360,1.9779540000000004,NaN,
2025-12-17T12:13:22.712Z,1.538,2,1000,640x360,1.949096,NaN,
2025-12-17T12:13:23.557Z,1.252,2,1000,640x360,2.0160039999999997,NaN,
2025-12-17T12:13:24.407Z,0.814,2,1000,640x360,1.9491159999999992,NaN,
2025-12-17T12:13:24.498Z,0.837,1,600,480x270,1.9494219999999993,NaN,
2025-12-17T12:13:24.991Z,0.752,1,600,480x270,1.950266,NaN,
2025-12-17T12:13:25.530Z,0.717,1,600,480x270,1.9120839999999992,NaN,
2025-12-17T12:13:26.025Z,0.715,1,600,480x270,1.926819,NaN,
2025-12-17T12:13:26.551Z,0.691,1,600,480x270,2.002052000000001,NaN,
2025-12-17T12:13:27.046Z,0.666,1,600,480x270,2.0010879999999993,NaN,
2025-12-17T12:13:27.581Z,0.66,1,600,480x270,1.9815579999999997,NaN,
2025-12-17T12:13:28.077Z,0.656,1,600,480x270,1.9715930000000004,NaN,
2025-12-17T12:13:28.607Z,0.657,1,600,480x270,1.936497000000001,NaN,
2025-12-17T12:13:29.063Z,0.666,1,600,480x270,1.9744620000000008,NaN,
2025-12-17T12:13:29.383Z,0.843,1,600,480x270,1.9565399999999986,NaN,
2025-12-17T12:13:29.698Z,1.031,1,600,480x270,1.9553949999999993,NaN,
2025-12-17T12:13:30.026Z,1.214,1,600,480x270,1.920274000000001,NaN,
2025-12-17T12:13:30.337Z,1.389,1,600,480x270,1.9050480000000007,NaN,
2025-12-17T12:13:30.648Z,1.589,1,600,480x270,2.0080690000000008,NaN,
2025-12-17T12:13:30.976Z,1.743,1,600,480x270,1.9687529999999995,NaN,
2025-12-17T12:13:31.323Z,1.864,1,600,480x270,1.9170059999999989,NaN,
2025-12-17T12:13:31.753Z,2.064,1,600,480x270,2.0025840000000006,NaN,
2025-12-17T12:13:31.833Z,1.997,2,1000,640x360,1.9199270000000013,NaN,
2025-12-17T12:13:32.484Z,1.744,2,1000,640x360,1.9587309999999984,NaN,
2025-12-17T12:13:32.988Z,1.747,2,1000,640x360,1.9564809999999984,1066,
2025-12-17T12:13:33.479Z,1.756,2,1000,640x360,1.9571079999999998,1062,
2025-12-17T12:13:33.992Z,1.739,2,1000,640x360,1.9454090000000015,1049,
2025-12-17T12:13:34.508Z,1.708,2,1000,640x360,1.9376840000000009,1038,
2025-12-17T12:13:35.026Z,1.714,2,1000,640x360,1.9148939999999968,1049,
2025-12-17T12:13:35.541Z,1.711,2,1000,640x360,2.0161890000000007,1102,
2025-12-17T12:13:36.061Z,1.685,2,1000,640x360,1.9878490000000006,1125,
2025-12-17T12:13:36.593Z,1.599,2,1000,640x360,1.947575999999998,1144,
2025-12-17T12:13:36.948Z,1.777,2,1000,640x360,1.9944769999999998,1156,
2025-12-17T12:13:37.268Z,1.946,2,1000,640x360,1.9695680000000024,1164,
2025-12-17T12:13:37.676Z,2.065,2,1000,640x360,1.968789000000001,1180,
2025-12-17T12:13:38.259Z,1.978,2,1000,640x360,1.9865840000000006,1189,
2025-12-17T12:13:38.748Z,1.958,2,1000,640x360,1.9928640000000009,1207,
2025-12-17T12:13:39.239Z,1.976,2,1000,640x360,1.9997209999999974,1175,
2025-12-17T12:13:39.752Z,1.986,2,1000,640x360,2.0030500000000018,1176,
2025-12-17T12:13:40.382Z,1.843,2,1000,640x360,1.9686139999999988,1184,
2025-12-17T12:13:41.099Z,1.66,2,1000,640x360,1.9602359999999983,1206,
2025-12-17T12:13:41.645Z,1.577,2,1000,640x360,2.0046430000000015,1198,
2025-12-17T12:13:42.020Z,1.708,2,1000,640x360,1.9196519999999992,1208,
2025-12-17T12:13:42.413Z,1.803,2,1000,640x360,1.9336559999999992,1207,
2025-12-17T12:13:42.823Z,1.893,2,1000,640x360,1.919317000000003,1212,
2025-12-17T12:13:43.786Z,1.685,2,1000,640x360,1.9631050000000023,1225,
2025-12-17T12:13:44.356Z,1.38,2,1000,640x360,1.9874589999999976,1261,
2025-12-17T12:13:44.856Z,1.367,2,1000,640x360,2.003188999999999,1271,
2025-12-17T12:13:45.347Z,1.403,2,1000,640x360,2.0020050000000005,1279,
2025-12-17T12:13:45.838Z,1.391,2,1000,640x360,2.0026399999999995,1280,
2025-12-17T12:13:46.329Z,1.397,2,1000,640x360,1.910264999999999,1277,
2025-12-17T12:13:46.824Z,1.401,2,1000,640x360,1.9132950000000015,1275,
2025-12-17T12:13:47.332Z,1.407,2,1000,640x360,1.9172080000000022,1272,
2025-12-17T12:13:47.836Z,1.406,2,1000,640x360,1.9210359999999973,1321,
2025-12-17T12:13:48.338Z,1.398,2,1000,640x360,1.9995619999999974,1308,
2025-12-17T12:13:48.836Z,1.415,2,1000,640x360,1.9249730000000014,1309,
2025-12-17T12:13:49.326Z,1.411,2,1000,640x360,1.9229979999999998,1356,
2025-12-17T12:13:49.821Z,1.416,2,1000,640x360,1.9225080000000005,1391,
2025-12-17T12:13:50.316Z,1.42,2,1000,640x360,1.9292519999999982,1394,
2025-12-17T12:13:50.806Z,1.429,2,1000,640x360,1.935378,1391,
2025-12-17T12:13:51.301Z,1.436,2,1000,640x360,1.942385999999999,1388,
2025-12-17T12:13:51.798Z,1.421,2,1000,640x360,1.9465259999999986,1376,
2025-12-17T12:13:52.288Z,1.416,2,1000,640x360,1.9505400000000037,1380,
2025-12-17T12:13:52.785Z,1.462,2,1000,640x360,1.9625020000000006,1378,
2025-12-17T12:13:53.282Z,1.457,2,1000,640x360,1.955100999999999,1375,
2025-12-17T12:13:53.777Z,1.478,2,1000,640x360,1.981703000000003,1366,
2025-12-17T12:13:54.271Z,1.467,2,1000,640x360,1.9677350000000047,1357,
2025-12-17T12:13:54.772Z,1.468,2,1000,640x360,1.970524999999995,1415,
2025-12-17T12:13:55.268Z,1.469,2,1000,640x360,1.9819560000000038,1415,
2025-12-17T12:13:55.774Z,1.464,2,1000,640x360,1.9664189999999948,1425,
2025-12-17T12:13:56.317Z,1.408,2,1000,640x360,1.920296999999998,1427,
2025-12-17T12:13:56.746Z,1.502,2,1000,640x360,2.009820000000005,1424,
2025-12-17T12:13:57.217Z,1.52,2,1000,640x360,1.9221800000000044,1420,
2025-12-17T12:13:57.698Z,1.547,2,1000,640x360,1.9705200000000005,1400,
2025-12-17T12:13:58.208Z,1.522,2,1000,640x360,1.938167,1400,
2025-12-17T12:13:58.711Z,1.518,2,1000,640x360,1.9342590000000044,1379,
2025-12-17T12:13:59.223Z,1.502,2,1000,640x360,1.9188270000000003,1355,
2025-12-17T12:13:59.732Z,1.494,2,1000,640x360,1.9067370000000068,1416,
2025-12-17T12:14:00.240Z,1.485,2,1000,640x360,2.0004789999999986,1411,
2025-12-17T12:14:00.749Z,1.485,2,1000,640x360,2.002319,1437,
2025-12-17T12:14:01.261Z,1.464,2,1000,640x360,1.9766860000000008,1483,
2025-12-17T12:14:01.769Z,1.494,2,1000,640x360,1.9831199999999995,1467,
2025-12-17T12:14:02.259Z,1.481,2,1000,640x360,1.9798630000000017,1473,
2025-12-17T12:14:02.756Z,1.481,2,1000,640x360,1.9898430000000005,1466,
2025-12-17T12:14:03.251Z,1.485,2,1000,640x360,1.9888819999999967,1461,
2025-12-17T12:14:03.754Z,1.47,2,1000,640x360,1.982410999999999,1443,
2025-12-17T12:14:04.259Z,1.458,2,1000,640x360,1.9855859999999979,1424,
2025-12-17T12:14:04.748Z,1.496,2,1000,640x360,1.9965779999999995,1365,
2025-12-17T12:14:05.248Z,1.501,2,1000,640x360,1.9895720000000026,1440,
2025-12-17T12:14:05.724Z,1.517,2,1000,640x360,1.9301210000000069,1429,
2025-12-17T12:14:06.217Z,1.524,2,1000,640x360,1.9242990000000049,1423,
2025-12-17T12:14:06.694Z,1.532,2,1000,640x360,1.9559700000000007,1429,
2025-12-17T12:14:07.174Z,1.535,2,1000,640x360,1.9774150000000006,1429,
2025-12-17T12:14:07.721Z,1.509,2,1000,640x360,1.9318930000000023,1434,
2025-12-17T12:14:08.209Z,1.527,2,1000,640x360,1.9384249999999952,1412,
2025-12-17T12:14:08.792Z,1.438,2,1000,640x360,1.9482130000000026,1388,
2025-12-17T12:14:09.279Z,1.468,2,1000,640x360,1.971907999999999,1395,
2025-12-17T12:14:09.767Z,1.494,2,1000,640x360,1.9878830000000036,1348,
2025-12-17T12:14:10.282Z,1.423,2,1000,640x360,1.968320999999996,1318,
2025-12-17T12:14:10.762Z,1.475,2,1000,640x360,1.982674000000003,1321,
2025-12-17T12:14:11.270Z,1.468,2,1000,640x360,1.9752190000000027,1299,
2025-12-17T12:14:11.784Z,1.442,2,1000,640x360,1.9539230000000032,1300,
2025-12-17T12:14:12.284Z,1.441,2,1000,640x360,1.9533599999999964,1414,
2025-12-17T12:14:12.776Z,1.455,2,1000,640x360,1.9666769999999971,1411,
2025-12-17T12:14:13.358Z,1.434,2,1000,640x360,1.9879680000000022,1365,
2025-12-17T12:14:13.836Z,1.414,2,1000,640x360,1.9271610000000052,1345,
2025-12-17T12:14:14.367Z,1.371,2,1000,640x360,1.972013000000004,1347,
2025-12-17T12:14:14.861Z,1.382,2,1000,640x360,1.9943519999999992,1366,
2025-12-17T12:14:15.376Z,1.356,2,1000,640x360,1.9729090000000014,1322,
2025-12-17T12:14:15.900Z,1.329,2,1000,640x360,1.9415359999999993,1278,
2025-12-17T12:14:16.413Z,1.336,2,1000,640x360,1.9348780000000048,1348,
2025-12-17T12:14:16.913Z,1.328,2,1000,640x360,1.9284390000000045,1361,
2025-12-17T12:14:17.245Z,1.481,2,1000,640x360,1.993276999999999,1381,
2025-12-17T12:14:17.558Z,1.665,2,1000,640x360,1.995512000000005,1369,
2025-12-17T12:14:17.997Z,1.758,2,1000,640x360,1.9462910000000022,1369,
2025-12-17T12:14:18.497Z,1.748,2,1000,640x360,1.9548030000000054,1372,
2025-12-17T12:14:19.062Z,1.707,2,1000,640x360,1.9848679999999987,1337,
2025-12-17T12:14:19.535Z,1.679,2,1000,640x360,1.9057410000000061,1352,
2025-12-17T12:14:20.039Z,1.699,2,1000,640x360,1.9999159999999918,1299,
2025-12-17T12:14:20.541Z,1.705,2,1000,640x360,2.008521999999992,1261,
2025-12-17T12:14:21.052Z,1.676,2,1000,640x360,1.9937029999999965,1265,
2025-12-17T12:14:21.946Z,1.299,2,1000,640x360,2.0066169999999914,1293,
2025-12-17T12:14:22.489Z,1.247,2,1000,640x360,1.9739560000000012,1312,
2025-12-17T12:14:23.005Z,1.234,2,1000,640x360,1.9506319999999988,1283,
2025-12-17T12:14:23.512Z,1.217,2,1000,640x360,1.9314609999999988,1371,
2025-12-17T12:14:24.071Z,1.146,2,1000,640x360,1.9670129999999943,1316,
2025-12-17T12:14:24.586Z,1.155,2,1000,640x360,1.9592750000000052,1300,
2025-12-17T12:14:25.186Z,1.051,2,1000,640x360,1.9506739999999922,1282,
2025-12-17T12:14:25.713Z,1.024,2,1000,640x360,1.9371349999999978,1221,
2025-12-17T12:14:26.211Z,1.04,2,1000,640x360,1.9309439999999967,1250,
2025-12-17T12:14:26.699Z,1.056,2,1000,640x360,1.9552130000000005,1262,
2025-12-17T12:14:27.205Z,1.024,2,1000,640x360,1.9363069999999993,1262,
2025-12-17T12:14:27.718Z,1.019,2,1000,640x360,1.9213609999999903,1342,
2025-12-17T12:14:28.217Z,1.018,2,1000,640x360,1.9198999999999984,1380,
2025-12-17T12:14:28.702Z,1.024,2,1000,640x360,1.946945999999997,1379,
2025-12-17T12:14:29.110Z,1.104,2,1000,640x360,1.9420369999999991,1379,
2025-12-17T12:14:29.617Z,1.116,2,1000,640x360,1.9393910000000005,1397,
2025-12-17T12:14:30.223Z,0.997,2,1000,640x360,1.9199729999999988,1378,
2025-12-17T12:14:30.781Z,0.968,2,1000,640x360,1.9781509999999969,1359,
2025-12-17T12:14:30.857Z,0.934,1,600,480x270,1.9972600000000114,1354,
2025-12-17T12:14:31.138Z,1.092,1,600,480x270,2.0046410000000066,1354,
2025-12-17T12:14:31.403Z,1.28,1,600,480x270,1.9451060000000098,1354,
2025-12-17T12:14:31.684Z,1.562,1,600,480x270,1.9764700000000062,1355,
2025-12-17T12:14:32.153Z,1.536,1,600,480x270,1.9962790000000012,1355,
2025-12-17T12:14:32.470Z,1.772,1,600,480x270,1.9750650000000007,1374,
2025-12-17T12:14:32.795Z,1.937,1,600,480x270,1.9586359999999985,1384,
2025-12-17T12:14:33.088Z,2.094,1,600,480x270,1.9539350000000013,1389,
2025-12-17T12:14:33.617Z,2.071,1,600,480x270,1.9358309999999932,1392,
2025-12-17T12:14:34.040Z,2.209,1,600,480x270,2.0020590000000027,1396,
2025-12-17T12:14:34.257Z,2.023,2,1000,640x360,1.980048999999994,1396,
2025-12-17T12:14:34.807Z,1.92,2,1000,640x360,1.9505539999999968,1395,
2025-12-17T12:14:35.404Z,1.822,2,1000,640x360,1.9377870000000001,1386,
2025-12-17T12:14:35.996Z,1.864,2,1000,640x360,1.9624809999999968,1376,
2025-12-17T12:14:36.468Z,1.768,2,1000,640x360,1.9738830000000007,1327,
2025-12-17T12:14:36.952Z,1.785,2,1000,640x360,1.9924939999999935,1306,
2025-12-17T12:14:37.486Z,1.737,2,1000,640x360,1.9670250000000067,1288,
2025-12-17T12:14:38.002Z,1.733,2,1000,640x360,1.9453920000000124,1261,
2025-12-17T12:14:38.514Z,1.708,2,1000,640x360,1.9417260000000027,1259,
2025-12-17T12:14:39.019Z,1.711,2,1000,640x360,1.9220449999999971,1247,
2025-12-17T12:14:39.554Z,1.709,2,1000,640x360,2.008523999999994,1257,
2025-12-17T12:14:40.064Z,1.68,2,1000,640x360,1.9791699999999963,1246,
2025-12-17T12:14:40.585Z,1.641,2,1000,640x360,1.9524880000000024,1336,
2025-12-17T12:14:40.972Z,1.766,2,1000,640x360,1.9654689999999988,1344,
2025-12-17T12:14:41.432Z,1.8,2,1000,640x360,1.9210669999999936,1357,
2025-12-17T12:14:41.860Z,1.858,2,1000,640x360,1.9879300000000057,1319,
2025-12-17T12:14:42.282Z,1.943,2,1000,640x360,1.9532630000000069,1291,
2025-12-17T12:14:42.753Z,2.002,2,1000,640x360,1.9968369999999993,1304,
2025-12-17T12:14:43.260Z,1.965,2,1000,640x360,1.9767339999999933,1258,
2025-12-17T12:14:43.728Z,1.996,2,1000,640x360,1.9083770000000015,1245,
2025-12-17T12:14:44.273Z,1.953,2,1000,640x360,1.9749499999999927,1254,
2025-12-17T12:14:44.820Z,1.895,2,1000,640x360,1.918216000000001,1238,
2025-12-17T12:14:45.392Z,1.836,2,1000,640x360,1.9505139999999983,1250,
2025-12-17T12:14:45.959Z,1.778,2,1000,640x360,1.9845020000000062,1338,
2025-12-17T12:14:46.512Z,1.724,2,1000,640x360,1.9411020000000008,1341,
2025-12-17T12:14:47.081Z,1.668,2,1000,640x360,1.9579240000000055,1308,
2025-12-17T12:14:47.653Z,1.588,2,1000,640x360,2.009799000000001,1312,
2025-12-17T12:14:48.204Z,1.524,2,1000,640x360,1.9388210000000043,1323,
2025-12-17T12:14:48.785Z,1.449,2,1000,640x360,1.9555780000000027,1287,
2025-12-17T12:14:49.293Z,1.434,2,1000,640x360,1.9464129999999926,1253,
2025-12-17T12:14:49.742Z,1.496,2,1000,640x360,1.9966079999999948,1265,
2025-12-17T12:14:50.311Z,1.482,2,1000,640x360,1.9263899999999978,1275,
2025-12-17T12:14:50.894Z,1.338,2,1000,640x360,1.9541499999999985,1278,
2025-12-17T12:14:51.339Z,1.384,2,1000,640x360,1.9985029999999995,1320,
2025-12-17T12:14:51.837Z,1.41,2,1000,640x360,1.9183040000000062,1303,
2025-12-17T12:14:52.382Z,1.363,2,1000,640x360,1.9595779999999934,1307,
2025-12-17T12:14:52.771Z,1.455,2,1000,640x360,1.9708359999999914,1311,
2025-12-17T12:14:53.275Z,1.448,2,1000,640x360,1.975279999999998,1316,
2025-12-17T12:14:53.717Z,1.498,2,1000,640x360,1.9248350000000016,1318,
2025-12-17T12:14:54.218Z,1.486,2,1000,640x360,1.9180389999999932,1292,
2025-12-17T12:14:54.793Z,1.437,2,1000,640x360,1.953559999999996,1272,
2025-12-17T12:14:55.253Z,1.464,2,1000,640x360,1.9849959999999953,1251,
2025-12-17T12:14:55.731Z,1.494,2,1000,640x360,1.9207279999999969,1278,
2025-12-17T12:14:56.230Z,1.485,2,1000,640x360,1.909343000000007,1291,
2025-12-17T12:14:56.758Z,1.471,2,1000,640x360,1.9904500000000098,1250,
2025-12-17T12:14:57.286Z,1.44,2,1000,640x360,1.955219999999997,1273,
2025-12-17T12:14:57.862Z,1.352,2,1000,640x360,1.9888100000000009,1306,
2025-12-17T12:14:58.437Z,1.283,2,1000,640x360,1.9162780000000055,1310,
2025-12-17T12:14:58.935Z,1.305,2,1000,640x360,1.9149190000000118,1299,
2025-12-17T12:14:59.429Z,1.303,2,1000,640x360,1.9173200000000037,1299,
2025-12-17T12:14:59.935Z,1.309,2,1000,640x360,1.9243880000000075,1273,
2025-12-17T12:15:00.444Z,1.286,2,1000,640x360,2.004199,1286,
2025-12-17T12:15:01.079Z,1.17,2,1000,640x360,1.9735470000000106,1300,
2025-12-17T12:15:01.531Z,1.217,2,1000,640x360,1.9216600000000028,1285,
2025-12-17T12:15:01.998Z,1.23,2,1000,640x360,1.946273000000005,1263,
2025-12-17T12:15:02.478Z,1.264,2,1000,640x360,1.9662959999999998,1279,
2025-12-17T12:15:03.064Z,1.174,2,1000,640x360,1.9875490000000013,1299,
2025-12-17T12:15:03.588Z,1.148,2,1000,640x360,1.9701749999999976,1289,
2025-12-17T12:15:04.085Z,1.155,2,1000,640x360,1.9552570000000031,1295,
2025-12-17T12:15:04.585Z,1.154,2,1000,640x360,1.9589909999999975,1291,
2025-12-17T12:15:05.049Z,1.176,2,1000,640x360,1.9914169999999984,1304,
2025-12-17T12:15:05.329Z,1.396,2,1000,640x360,1.907521999999986,1304,
2025-12-17T12:15:05.660Z,1.575,2,1000,640x360,1.9982180000000085,1305,
2025-12-17T12:15:06.070Z,1.67,2,1000,640x360,1.97333900000001,1305,
2025-12-17T12:15:06.582Z,1.647,2,1000,640x360,1.9592849999999942,1337,
2025-12-17T12:15:07.047Z,1.665,2,1000,640x360,1.9927099999999882,1344,
2025-12-17T12:15:07.494Z,1.751,2,1000,640x360,1.9528520000000071,1349,
2025-12-17T12:15:07.943Z,1.797,2,1000,640x360,2.003063999999995,1381,
2025-12-17T12:15:08.515Z,1.724,2,1000,640x360,1.941083000000006,1378,
2025-12-17T12:15:09.033Z,1.722,2,1000,640x360,1.910886000000005,1393,
2025-12-17T12:15:09.539Z,1.691,2,1000,640x360,2.003775999999988,1375,
2025-12-17T12:15:09.977Z,1.75,2,1000,640x360,1.973323999999991,1381,
2025-12-17T12:15:10.581Z,1.657,2,1000,640x360,1.9568500000000029,1380,
2025-12-17T12:15:11.073Z,1.664,2,1000,640x360,1.9664130000000029,1380,
2025-12-17T12:15:11.558Z,1.675,2,1000,640x360,1.9952920000000063,1374,
2025-12-17T12:15:12.229Z,1.508,2,1000,640x360,1.920962000000003,1375,
2025-12-17T12:15:12.820Z,1.437,2,1000,640x360,1.934763999999987,1371,
2025-12-17T12:15:13.406Z,1.342,2,1000,640x360,1.9358130000000102,1376,
2025-12-17T12:15:13.992Z,1.247,2,1000,640x360,1.9594710000000077,1357,
2025-12-17T12:15:14.471Z,1.266,2,1000,640x360,1.9661739999999952,1402,
2025-12-17T12:15:14.963Z,1.263,2,1000,640x360,1.9761940000000067,1371,
2025-12-17T12:15:15.467Z,1.277,2,1000,640x360,1.987712000000002,1367,
2025-12-17T12:15:15.968Z,1.243,2,1000,640x360,1.9805799999999891,1362,
2025-12-17T12:15:16.458Z,1.274,2,1000,640x360,1.9961980000000068,1332,
2025-12-17T12:15:16.967Z,1.275,2,1000,640x360,1.981591999999992,1299,
2025-12-17T12:15:17.467Z,1.273,2,1000,640x360,1.976427000000001,1286,
2025-12-17T12:15:17.956Z,1.271,2,1000,640x360,1.9854370000000046,1276,
2025-12-17T12:15:18.451Z,1.281,2,1000,640x360,1.9986410000000063,1354,
2025-12-17T12:15:19.111Z,1.151,2,1000,640x360,1.93789799999999,1334,
2025-12-17T12:15:19.511Z,1.22,2,1000,640x360,1.9329570000000018,1358,
2025-12-17T12:15:19.985Z,1.263,2,1000,640x360,1.953789999999998,1358,
2025-12-17T12:15:20.529Z,1.217,2,1000,640x360,1.9218449999999905,1366,
2025-12-17T12:15:20.982Z,1.247,2,1000,640x360,1.9610839999999996,1359,
2025-12-17T12:15:21.451Z,1.29,2,1000,640x360,1.9909300000000059,1330,
2025-12-17T12:15:22.061Z,1.175,2,1000,640x360,1.9775009999999895,1334,
2025-12-17T12:15:22.565Z,1.189,2,1000,640x360,1.9873170000000044,1300,
2025-12-17T12:15:23.068Z,1.164,2,1000,640x360,1.9809249999999992,1366,
2025-12-17T12:15:23.549Z,1.181,2,1000,640x360,1.9959779999999938,1355,
2025-12-17T12:15:24.106Z,1.129,2,1000,640x360,1.9318170000000094,1351,
2025-12-17T12:15:24.684Z,1.037,2,1000,640x360,1.9651740000000046,1393,
2025-12-17T12:15:25.102Z,1.138,2,1000,640x360,1.9425159999999977,1430,
2025-12-17T12:15:25.553Z,1.176,2,1000,640x360,1.9964299999999895,1429,
2025-12-17T12:15:26.025Z,1.168,2,1000,640x360,1.9237250000000188,1454,
2025-12-17T12:15:26.501Z,1.224,2,1000,640x360,1.9541700000000048,1422,
2025-12-17T12:15:27.058Z,1.157,2,1000,640x360,1.995098000000013,1403,
2025-12-17T12:15:27.641Z,1.086,2,1000,640x360,1.9969370000000026,1395,
2025-12-17T12:15:28.343Z,0.862,2,1000,640x360,1.9967919999999992,1357,
2025-12-17T12:15:28.412Z,0.892,1,600,480x270,1.9339219999999955,1350,
2025-12-17T12:15:28.713Z,1.001,1,600,480x270,1.9428640000000144,1350,
2025-12-17T12:15:28.998Z,1.23,1,600,480x270,1.9497259999999983,1395,
2025-12-17T12:15:29.305Z,1.376,1,600,480x270,1.9335760000000164,1395,
2025-12-17T12:15:29.633Z,1.583,1,600,480x270,1.9195170000000132,1354,
2025-12-17T12:15:29.930Z,1.786,1,600,480x270,1.9164150000000006,1354,
2025-12-17T12:15:30.278Z,1.936,1,600,480x270,1.9733710000000144,1334,
2025-12-17T12:15:30.621Z,2.129,1,600,480x270,1.9257489999999962,1336,
2025-12-17T12:15:31.070Z,2.154,1,600,480x270,1.9733799999999917,1338,
2025-12-17T12:15:31.567Z,2.171,1,600,480x270,1.990854000000013,1328,
2025-12-17T12:15:31.821Z,2.124,2,1000,640x360,1.9334440000000086,1333,
2025-12-17T12:15:32.315Z,1.9,2,1000,640x360,1.931791000000004,1333,
2025-12-17T12:15:32.843Z,1.899,2,1000,640x360,2.0036910000000034,1297,
2025-12-17T12:15:33.345Z,1.88,2,1000,640x360,1.996813000000003,1313,
2025-12-17T12:15:33.881Z,1.844,2,1000,640x360,1.9621530000000007,1321,
2025-12-17T12:15:34.416Z,1.813,2,1000,640x360,1.9282089999999812,1333,
2025-12-17T12:15:34.906Z,1.824,2,1000,640x360,1.9364019999999869,1340,
2025-12-17T12:15:35.408Z,1.827,2,1000,640x360,1.9408559999999966,1352,
2025-12-17T12:15:35.897Z,1.821,2,1000,640x360,1.9412470000000042,1366,
2025-12-17T12:15:36.389Z,1.845,2,1000,640x360,1.9616460000000018,1382,
2025-12-17T12:15:36.871Z,1.855,2,1000,640x360,1.9749949999999785,1375,
2025-12-17T12:15:37.361Z,1.875,2,1000,640x360,1.978843000000012,1374,
2025-12-17T12:15:37.840Z,1.885,2,1000,640x360,1.999807000000004,1371,
2025-12-17T12:15:38.343Z,1.891,2,1000,640x360,1.999352999999985,1381,
2025-12-17T12:15:38.828Z,1.885,2,1000,640x360,1.9227750000000015,1365,
2025-12-17T12:15:39.326Z,1.909,2,1000,640x360,1.9099149999999838,1350,
2025-12-17T12:15:39.803Z,1.934,2,1000,640x360,1.9550570000000107,1353,
2025-12-17T12:15:40.314Z,1.911,2,1000,640x360,1.9333019999999976,1315,
2025-12-17T12:15:40.808Z,1.933,2,1000,640x360,1.9317889999999807,1257,
2025-12-17T12:15:41.301Z,1.923,2,1000,640x360,1.943677000000008,1255,
2025-12-17T12:15:41.787Z,1.944,2,1000,640x360,1.9565240000000017,1223,
2025-12-17T12:15:42.262Z,1.964,2,1000,640x360,1.9770310000000109,1244,
2025-12-17T12:15:42.795Z,1.943,2,1000,640x360,1.945301999999998,1208,
2025-12-17T12:15:43.318Z,1.909,2,1000,640x360,1.9189529999999877,1220,
2025-12-17T12:15:43.830Z,1.918,2,1000,640x360,1.9204929999999933,1191,
2025-12-17T12:15:44.325Z,1.901,2,1000,640x360,1.9227869999999996,1193,
2025-12-17T12:15:44.830Z,1.897,2,1000,640x360,1.9105979999999931,1209,
2025-12-17T12:15:45.311Z,1.913,2,1000,640x360,1.9308069999999873,1192,
2025-12-17T12:15:45.833Z,1.885,2,1000,640x360,1.9091479999999876,1173,
2025-12-17T12:15:46.347Z,1.89,2,1000,640x360,1.9984919999999988,1134,
2025-12-17T12:15:46.931Z,1.799,2,1000,640x360,1.9094089999999824,1101,
2025-12-17T12:15:47.427Z,1.791,2,1000,640x360,1.9161709999999914,1078,
2025-12-17T12:15:47.924Z,1.797,2,1000,640x360,1.9284619999999961,1135,
2025-12-17T12:15:48.442Z,1.788,2,1000,640x360,2.0025010000000236,1159,
2025-12-17T12:15:48.974Z,1.777,2,1000,640x360,1.9846220000000017,1164,
2025-12-17T12:15:49.519Z,1.739,2,1000,640x360,1.944434000000001,1157,
2025-12-17T12:15:49.983Z,1.736,2,1000,640x360,1.9680319999999938,1190,
2025-12-17T12:15:50.439Z,1.775,2,1000,640x360,2.0046560000000113,1204,
2025-12-17T12:15:50.887Z,1.84,2,1000,640x360,1.955424999999991,1217,
2025-12-17T12:15:51.382Z,1.843,2,1000,640x360,1.9599919999999997,1243,
2025-12-17T12:15:51.893Z,1.841,2,1000,640x360,1.9524370000000033,1254,
2025-12-17T12:15:52.480Z,1.755,2,1000,640x360,1.972077000000013,1225,
2025-12-17T12:15:53.054Z,1.747,2,1000,640x360,1.9978949999999998,1234,
2025-12-17T12:15:53.578Z,1.678,2,1000,640x360,1.969097000000005,1241,
2025-12-17T12:15:54.149Z,1.578,2,1000,640x360,1.9959980000000144,1255,
2025-12-17T12:15:54.672Z,1.556,2,1000,640x360,1.973544000000004,1257,
2025-12-17T12:15:55.155Z,1.582,2,1000,640x360,1.9854669999999999,1258,
2025-12-17T12:15:55.593Z,1.647,2,1000,640x360,1.9608130000000017,1257,
2025-12-17T12:15:56.118Z,1.615,2,1000,640x360,1.9297690000000216,1298,
2025-12-17T12:15:56.738Z,1.484,2,1000,640x360,1.999243000000007,1307,
2025-12-17T12:15:57.108Z,1.625,2,1000,640x360,1.9324749999999824,1325,
2025-12-17T12:15:57.494Z,1.745,2,1000,640x360,1.9547110000000032,1325,
2025-12-17T12:15:57.964Z,1.761,2,1000,640x360,1.98082500000001,1334,
2025-12-17T12:15:58.431Z,1.789,2,1000,640x360,1.9096499999999992,1330,
2025-12-17T12:15:58.798Z,1.915,2,1000,640x360,1.9471719999999948,1327,
2025-12-17T12:15:59.243Z,1.97,2,1000,640x360,1.9978430000000174,1334,
2025-12-17T12:15:59.693Z,2.028,2,1000,640x360,1.9564969999999846,1330,
2025-12-17T12:16:00.241Z,1.996,2,1000,640x360,2.0003230000000087,1328,
2025-12-17T12:16:00.746Z,1.981,2,1000,640x360,2.005767999999989,1341,
2025-12-17T12:16:01.345Z,1.869,2,1000,640x360,2.001080999999999,1356,
2025-12-17T12:16:01.713Z,2.009,2,1000,640x360,1.926917000000003,1366,
2025-12-17T12:16:02.168Z,2.053,2,1000,640x360,1.9772390000000257,1377,
2025-12-17T12:16:02.670Z,2.059,2,1000,640x360,1.9764360000000067,1378,
2025-12-17T12:16:03.186Z,2.112,2,1000,640x360,1.958373999999992,1381,
2025-12-17T12:16:03.755Z,1.972,2,1000,640x360,2.001418000000001,1386,
2025-12-17T12:16:04.207Z,2.015,2,1000,640x360,1.9341039999999907,1385,
2025-12-17T12:16:04.732Z,2.027,2,1000,640x360,1.9252909999999872,1379,
2025-12-17T12:16:05.164Z,2.063,2,1000,640x360,1.9863750000000095,1376,
2025-12-17T12:16:05.686Z,2.049,2,1000,640x360,1.9545709999999872,1390,
2025-12-17T12:16:06.242Z,1.989,2,1000,640x360,2.0004559999999856,1406,
2025-12-17T12:16:06.646Z,2.069,2,1000,640x360,1.9951200000000142,1422,
2025-12-17T12:16:07.069Z,2.161,2,1000,640x360,1.9718159999999898,1425,
2025-12-17T12:16:07.631Z,2.101,2,1000,640x360,1.919828999999993,1428,
2025-12-17T12:16:08.460Z,1.863,2,1000,640x360,1.9889829999999904,1434,
2025-12-17T12:16:08.908Z,1.833,2,1000,640x360,1.941958999999997,1457,
2025-12-17T12:16:09.348Z,1.875,2,1000,640x360,2.0004480000000058,1452,
2025-12-17T12:16:09.797Z,1.936,2,1000,640x360,1.9426170000000127,1463,
2025-12-17T12:16:10.184Z,2.037,2,1000,640x360,1.9596919999999898,1468,
2025-12-17T12:16:10.675Z,2.036,2,1000,640x360,1.9608739999999898,1470,
2025-12-17T12:16:11.112Z,2.102,2,1000,640x360,1.9353299999999933,1480,
2025-12-17T12:16:11.672Z,2.058,2,1000,640x360,1.975876999999997,1471,
2025-12-17T12:16:12.159Z,2.055,2,1000,640x360,1.9817539999999951,1484,
2025-12-17T12:16:12.704Z,2.034,2,1000,640x360,1.9528999999999996,1492,
2025-12-17T12:16:12.777Z,2.047,3,1500,768x432,1.9871100000000013,1507,
2025-12-17T12:16:13.464Z,1.767,3,1500,768x432,1.9889540000000068,1507,
2025-12-17T12:16:14.174Z,1.557,3,1500,768x432,1.9769090000000062,1499,
2025-12-17T12:16:14.861Z,1.365,3,1500,768x432,1.9850590000000068,1508,
2025-12-17T12:16:15.552Z,1.2,3,1500,768x432,2.002362000000005,1522,
2025-12-17T12:16:16.258Z,0.984,3,1500,768x432,1.9796759999999836,1526,
2025-12-17T12:16:16.324Z,0.953,2,1000,640x360,1.9119680000000017,1519,
2025-12-17T12:16:16.827Z,0.914,2,1000,640x360,1.9241710000000012,1519,
2025-12-17T12:16:17.298Z,0.925,2,1000,640x360,1.9444369999999935,1515,
2025-12-17T12:16:17.762Z,1.008,2,1000,640x360,2.0031310000000246,1526,
2025-12-17T12:16:18.179Z,1.07,2,1000,640x360,1.9664669999999944,1513,
2025-12-17T12:16:18.595Z,1.134,2,1000,640x360,1.9493769999999984,1513,
2025-12-17T12:16:19.023Z,1.211,2,1000,640x360,1.9149470000000122,1514,
2025-12-17T12:16:19.393Z,1.337,2,1000,640x360,1.9491370000000074,1515,
2025-12-17T12:16:19.789Z,1.438,2,1000,640x360,1.9631910000000232,1559,
2025-12-17T12:16:19.867Z,1.401,3,1500,768x432,1.9761719999999912,1544,
2025-12-17T12:16:20.465Z,1.274,3,1500,768x432,1.9940260000000194,1544,
2025-12-17T12:16:21.135Z,1.105,3,1500,768x432,1.906864000000013,1555,
2025-12-17T12:16:22.031Z,0.691,3,1500,768x432,1.9204940000000192,1549,
2025-12-17T12:16:22.673Z,0.552,3,1500,768x432,1.9718349999999987,1545,
2025-12-17T12:16:23.328Z,0.415,3,1500,768x432,1.9182210000000168,1555,
2025-12-17T12:16:23.396Z,0.407,2,1000,640x360,1.9464350000000081,1556,
2025-12-17T12:16:23.479Z,0.265,2,1000,640x360,1.9716669999999965,1556,rebuffer happen
2025-12-17T12:16:23.823Z,0.403,2,1000,640x360,1.9230039999999917,1556,
2025-12-17T12:16:23.974Z,0.265,2,1000,640x360,1.9740259999999807,1559,rebuffer happen
2025-12-17T12:16:24.274Z,0.448,2,1000,640x360,1.966183000000001,1559,
2025-12-17T12:16:24.702Z,0.551,2,1000,640x360,1.9491359999999815,1551,
2025-12-17T12:16:25.131Z,0.596,2,1000,640x360,1.920012000000014,1551,
2025-12-17T12:16:25.571Z,0.678,2,1000,640x360,1.9905259999999885,1537,
2025-12-17T12:16:26.011Z,0.71,2,1000,640x360,1.938874999999996,1503,
2025-12-17T12:16:26.472Z,0.751,2,1000,640x360,1.9737729999999942,1508,
2025-12-17T12:16:26.904Z,0.806,2,1000,640x360,1.9400609999999858,1482,
2025-12-17T12:16:27.417Z,0.817,2,1000,640x360,1.9370369999999753,1493,
2025-12-17T12:16:27.837Z,0.879,2,1000,640x360,2.002676999999977,1477,
2025-12-17T12:16:28.273Z,0.96,2,1000,640x360,1.9657330000000002,1501,
2025-12-17T12:16:28.674Z,1.07,2,1000,640x360,1.9793420000000026,1534,
2025-12-17T12:16:28.749Z,1.071,3,1500,768x432,1.997068999999982,1534,
2025-12-17T12:16:29.423Z,0.812,3,1500,768x432,1.9265550000000076,1534,
2025-12-17T12:16:30.044Z,0.688,3,1500,768x432,2.0024820000000148,1563,
2025-12-17T12:16:30.505Z,0.718,3,1500,768x432,1.9436249999999973,1566,
2025-12-17T12:16:31.323Z,0.43,3,1500,768x432,1.914053999999993,1568,
2025-12-17T12:16:31.463Z,0.28,3,1500,768x432,1.9916849999999897,1557,rebuffer happen
2025-12-17T12:16:31.910Z,0.339,3,1500,768x432,1.9322959999999796,1557,
2025-12-17T12:16:31.957Z,0.284,3,1500,768x432,1.9857200000000148,1561,rebuffer happen
2025-12-17T12:16:32.505Z,0.223,3,1500,768x432,1.9574539999999843,1561,
2025-12-17T12:16:32.614Z,0.215,1,600,480x270,1.9436780000000056,1558,
2025-12-17T12:16:32.736Z,0.019,1,600,480x270,1.9207209999999861,1558,rebuffer happen
2025-12-17T12:16:32.852Z,0.424,1,600,480x270,2.08625600000002,1558,
2025-12-17T12:16:33.129Z,0.657,1,600,480x270,1.9829540000000065,1550,
2025-12-17T12:16:33.395Z,0.845,1,600,480x270,2.0052770000000066,1550,
2025-12-17T12:16:33.900Z,0.874,1,600,480x270,1.981250999999986,1542,
2025-12-17T12:16:34.149Z,1.099,1,600,480x270,2.0161790000000224,1561,
2025-12-17T12:16:34.396Z,1.341,1,600,480x270,1.9586989999999957,1561,
2025-12-17T12:16:34.623Z,1.607,1,600,480x270,1.9282039999999938,1556,
2025-12-17T12:16:34.882Z,1.855,1,600,480x270,1.960774999999984,1556,
2025-12-17T12:16:35.160Z,2.052,1,600,480x270,1.9795780000000036,1588,
2025-12-17T12:16:35.575Z,2.158,1,600,480x270,1.9628000000000156,1586,
2025-12-17T12:16:36.168Z,2.055,1,600,480x270,1.9716610000000117,1581,
2025-12-17T12:16:36.237Z,2.057,3,1500,768x432,1.9031460000000209,1581,
2025-12-17T12:16:36.800Z,1.946,3,1500,768x432,1.942859999999996,1569,
2025-12-17T12:16:37.355Z,1.877,3,1500,768x432,1.988020000000006,1574,
2025-12-17T12:16:37.787Z,1.934,3,1500,768x432,1.9698540000000264,1569,
2025-12-17T12:16:38.352Z,1.881,3,1500,768x432,1.984505999999982,1573,
2025-12-17T12:16:39.021Z,1.762,3,1500,768x432,1.9344169999999963,1567,
2025-12-17T12:16:39.804Z,1.433,3,1500,768x432,1.9384049999999888,1578,
2025-12-17T12:16:40.347Z,1.374,3,1500,768x432,1.9989680000000192,1584,
2025-12-17T12:16:41.353Z,0.91,3,1500,768x432,1.9917920000000038,1568,
2025-12-17T12:16:41.435Z,0.88,2,1000,640x360,1.917648000000014,1549,
2025-12-17T12:16:42.037Z,0.687,2,1000,640x360,1.9050100000000043,1549,
2025-12-17T12:16:42.492Z,0.741,2,1000,640x360,1.9603309999999965,1548,
2025-12-17T12:16:43.035Z,0.696,2,1000,640x360,1.9111549999999795,1548,
2025-12-17T12:16:43.443Z,0.794,2,1000,640x360,2.0015809999999874,1507,
2025-12-17T12:16:43.874Z,0.861,2,1000,640x360,1.970655999999991,1521,
2025-12-17T12:16:44.320Z,0.91,2,1000,640x360,1.9189939999999979,1486,
2025-12-17T12:16:44.771Z,0.965,2,1000,640x360,1.9696260000000052,1509,
2025-12-17T12:16:45.222Z,0.99,2,1000,640x360,1.9215790000000084,1497,
2025-12-17T12:16:45.745Z,1.03,2,1000,640x360,2.0067300000000046,1505,
2025-12-17T12:16:46.088Z,1.127,2,1000,640x360,1.9514680000000055,1470,
2025-12-17T12:16:46.464Z,1.269,2,1000,640x360,1.9862279999999828,1470,
2025-12-17T12:16:47.092Z,1.14,2,1000,640x360,1.9618380000000002,1565,
2025-12-17T12:16:47.173Z,1.15,3,1500,768x432,1.9768170000000111,1495,
2025-12-17T12:16:47.983Z,0.773,3,1500,768x432,1.9619280000000003,1495,
2025-12-17T12:16:48.638Z,0.619,3,1500,768x432,2.0023960000000045,1551,
2025-12-17T12:16:49.348Z,0.405,3,1500,768x432,1.9885939999999778,1555,
2025-12-17T12:16:49.468Z,0.279,3,1500,768x432,1.995332999999988,1530,rebuffer happen
2025-12-17T12:16:49.819Z,0.4,3,1500,768x432,1.9369159999999965,1530,
2025-12-17T12:16:49.985Z,0.255,3,1500,768x432,1.9576219999999864,1511,rebuffer happen
2025-12-17T12:16:50.475Z,0.271,3,1500,768x432,1.9696849999999984,1511,
2025-12-17T12:16:51.017Z,0.023,3,1500,768x432,1.925331,1527,rebuffer happen
2025-12-17T12:16:51.297Z,0.065,3,1500,768x432,2.079451000000006,1527,
2025-12-17T12:16:51.351Z,0.025,0,200,320x180,2.134560999999991,1501,rebuffer happen
2025-12-17T12:16:51.373Z,0.025,0,200,320x180,2.134560999999991,1501,
2025-12-17T12:16:51.468Z,0.44,0,200,320x180,2.1620670000000075,1501,
2025-12-17T12:16:51.545Z,0.812,0,200,320x180,2.174872000000022,1501,
2025-12-17T12:16:51.652Z,1.226,0,200,320x180,2.144688000000002,1501,
2025-12-17T12:16:51.775Z,1.568,0,200,320x180,2.097575000000006,1501,
2025-12-17T12:16:51.861Z,1.945,0,200,320x180,2.0914549999999963,1526,
2025-12-17T12:16:52.014Z,2.29,0,200,320x180,2.015972999999974,1526,
2025-12-17T12:16:52.550Z,2.215,0,200,320x180,2.0381340000000137,1549,
2025-12-17T12:16:53.152Z,2.133,0,200,320x180,2.0048480000000097,1551,
2025-12-17T12:16:53.637Z,2.097,0,200,320x180,1.9278710000000103,1536,
2025-12-17T12:16:54.043Z,2.178,0,200,320x180,2.0064250000000072,1528,
2025-12-17T12:16:54.500Z,2.241,0,200,320x180,1.951991000000021,1530,
2025-12-17T12:16:54.782Z,2.043,3,1500,768x432,1.9687129999999797,1530,
2025-12-17T12:16:55.319Z,1.914,3,1500,768x432,1.919321999999994,1530,
2025-12-17T12:16:55.938Z,1.817,3,1500,768x432,2.0014810000000125,1521,
2025-12-17T12:16:56.645Z,1.599,3,1500,768x432,2.001148999999998,1501,
2025-12-17T12:16:57.242Z,1.471,3,1500,768x432,1.9959929999999986,1550,
2025-12-17T12:16:58.039Z,1.197,3,1500,768x432,2.0020719999999983,1598,
2025-12-17T12:16:58.660Z,1.077,3,1500,768x432,1.9926600000000008,1590,
2025-12-17T12:16:59.463Z,0.784,3,1500,768x432,1.9773650000000202,1576,
2025-12-17T12:16:59.541Z,0.775,2,1000,640x360,1.898932000000002,1591,
2025-12-17T12:17:00.100Z,0.632,2,1000,640x360,1.947261999999995,1591,
2025-12-17T12:17:00.578Z,0.655,2,1000,640x360,1.967554000000007,1589,
2025-12-17T12:17:01.042Z,0.693,2,1000,640x360,2.0005800000000136,1565,
2025-12-17T12:17:01.487Z,0.744,2,1000,640x360,1.970593000000008,1546,
2025-12-17T12:17:02.004Z,0.699,2,1000,640x360,1.9359790000000032,1578,
2025-12-17T12:17:02.330Z,0.883,2,1000,640x360,1.9089510000000018,1577,
2025-12-17T12:17:02.878Z,0.852,2,1000,640x360,1.9684210000000064,1589,
2025-12-17T12:17:03.299Z,0.923,2,1000,640x360,1.9413080000000207,1593,
2025-12-17T12:17:03.699Z,1.048,2,1000,640x360,1.9434359999999913,1584,
2025-12-17T12:17:03.774Z,1.04,3,1500,768x432,1.9672610000000077,1584,
2025-12-17T12:17:04.429Z,0.794,3,1500,768x432,1.912542000000002,1584,
2025-12-17T12:17:05.125Z,0.617,3,1500,768x432,1.920611000000008,1589,
2025-12-17T12:17:05.885Z,0.407,3,1500,768x432,1.9596500000000106,1592,
2025-12-17T12:17:05.967Z,0.271,3,1500,768x432,1.9857359999999744,1652,rebuffer happen
2025-12-17T12:17:06.149Z,0.289,3,1500,768x432,1.9910680000000127,1652,rebuffer happen
2025-12-17T12:17:06.502Z,0.212,3,1500,768x432,1.9462640000000135,1652,
2025-12-17T12:17:07.141Z,0.09,3,1500,768x432,2.0020680000000084,1646,
2025-12-17T12:17:07.207Z,0.1,0,200,320x180,1.9364319999999964,1656,
2025-12-17T12:17:07.214Z,0.029,0,200,320x180,1.9302820000000054,1656,rebuffer happen
2025-12-17T12:17:07.324Z,0.468,0,200,320x180,1.9982169999999826,1656,
2025-12-17T12:17:07.430Z,0.879,0,200,320x180,2.0008280000000127,1659,
2025-12-17T12:17:07.545Z,1.255,0,200,320x180,2.0785680000000184,1659,
2025-12-17T12:17:07.623Z,1.669,0,200,320x180,1.991724000000005,1659,
2025-12-17T12:17:07.702Z,2.047,0,200,320x180,2.004566000000011,1659,
2025-12-17T12:17:07.995Z,2.282,0,200,320x180,1.9875869999999907,1671,
2025-12-17T12:17:08.526Z,2.273,0,200,320x180,1.9524780000000135,1665,
2025-12-17T12:17:09.039Z,2.243,0,200,320x180,2.018480000000011,1656,
2025-12-17T12:17:09.512Z,2.241,0,200,320x180,1.9611590000000092,1647,
2025-12-17T12:17:10.022Z,2.225,0,200,320x180,1.9436040000000219,1638,
2025-12-17T12:17:10.543Z,2.231,0,200,320x180,2.0072529999999915,1642,
2025-12-17T12:17:10.620Z,2.201,3,1500,768x432,1.9291519999999878,1642,
2025-12-17T12:17:11.451Z,1.8,3,1500,768x432,2.0064479999999776,1641,
2025-12-17T12:17:12.046Z,1.707,3,1500,768x432,2.0018859999999847,1642,
2025-12-17T12:17:12.648Z,1.596,3,1500,768x432,2.0024139999999875,1654,
2025-12-17T12:17:13.301Z,1.378,3,1500,768x432,1.9458280000000059,1659,
2025-12-17T12:17:13.784Z,1.474,3,1500,768x432,1.9790450000000135,1666,
2025-12-17T12:17:14.225Z,1.542,3,1500,768x432,1.9270070000000032,1705,
2025-12-17T12:17:14.843Z,1.412,3,1500,768x432,1.9984249999999975,1703,
2025-12-17T12:17:15.531Z,1.218,3,1500,768x432,1.9120670000000075,1701,
2025-12-17T12:17:16.140Z,1.104,3,1500,768x432,1.9988309999999956,1697,
2025-12-17T12:17:16.869Z,0.883,3,1500,768x432,1.9784559999999942,1666,
2025-12-17T12:17:16.945Z,0.858,2,1000,640x360,1.9010439999999846,1728,
2025-12-17T12:17:17.358Z,0.865,2,1000,640x360,1.9791159999999763,1728,
2025-12-17T12:17:17.807Z,0.944,2,1000,640x360,1.947041000000013,1755,
2025-12-17T12:17:18.267Z,0.958,2,1000,640x360,1.9794950000000142,1731,
2025-12-17T12:17:18.827Z,0.896,2,1000,640x360,1.9153889999999762,1736,
2025-12-17T12:17:19.270Z,0.942,2,1000,640x360,1.9685660000000098,1723,
2025-12-17T12:17:19.784Z,0.947,2,1000,640x360,1.9591110000000072,1731,
2025-12-17T12:17:20.288Z,0.934,2,1000,640x360,1.9522130000000004,1732,
2025-12-17T12:17:20.800Z,0.93,2,1000,640x360,1.9430729999999983,1728,
2025-12-17T12:17:21.316Z,0.907,2,1000,640x360,1.9203739999999812,1716,
2025-12-17T12:17:21.771Z,0.966,2,1000,640x360,1.9924200000000098,1698,
2025-12-17T12:17:22.239Z,0.987,2,1000,640x360,2.002299999999991,1685,
2025-12-17T12:17:22.784Z,0.97,2,1000,640x360,1.9741520000000037,1613,
2025-12-17T12:17:23.359Z,1.012,2,1000,640x360,1.9857820000000004,1614,
2025-12-17T12:17:23.687Z,1.033,2,1000,640x360,1.9613569999999925,1722,
2025-12-17T12:17:23.760Z,1.055,3,1500,768x432,1.9951910000000055,1722,
2025-12-17T12:17:24.409Z,0.852,3,1500,768x432,1.9374409999999784,1722,
2025-12-17T12:17:25.131Z,0.595,3,1500,768x432,1.9181700000000035,1683,
2025-12-17T12:17:25.707Z,0.552,3,1500,768x432,1.9454739999999902,1674,
2025-12-17T12:17:26.345Z,0.363,3,1500,768x432,1.9954470000000128,1686,
2025-12-17T12:17:26.497Z,0.287,3,1500,768x432,1.9670350000000099,1713,rebuffer happen
2025-12-17T12:17:26.598Z,0.296,3,1500,768x432,1.964178000000004,1713,rebuffer happen
2025-12-17T12:17:26.881Z,0.346,3,1500,768x432,1.9750080000000025,1713,
2025-12-17T12:17:27.044Z,0.203,3,1500,768x432,2.0106030000000032,1674,rebuffer happen
2025-12-17T12:17:27.490Z,0.255,3,1500,768x432,1.9599799999999732,1674,
2025-12-17T12:17:27.571Z,0.257,1,600,480x270,1.9853020000000186,1626,
2025-12-17T12:17:27.754Z,0.294,1,600,480x270,2.0014019999999846,1626,rebuffer happen
2025-12-17T12:17:27.827Z,0.408,1,600,480x270,1.9282049999999913,1626,
2025-12-17T12:17:28.159Z,0.566,1,600,480x270,1.990509000000003,1611,
2025-12-17T12:17:28.441Z,0.801,1,600,480x270,2.020809000000014,1611,
2025-12-17T12:17:28.730Z,0.99,1,600,480x270,1.9339510000000075,1595,
2025-12-17T12:17:29.044Z,1.197,1,600,480x270,1.9995970000000227,1591,
2025-12-17T12:17:29.303Z,1.422,1,600,480x270,1.938541000000015,1591,
2025-12-17T12:17:29.553Z,1.667,1,600,480x270,2.001576,1562,
2025-12-17T12:17:29.842Z,1.903,1,600,480x270,2.0107120000000123,1562,
2025-12-17T12:17:30.123Z,2.104,1,600,480x270,1.9181279999999958,1536,
2025-12-17T12:17:30.539Z,2.191,1,600,480x270,2.017856000000023,1594,
2025-12-17T12:17:31.103Z,2.14,1,600,480x270,1.944675000000018,1611,
2025-12-17T12:17:31.178Z,2.122,3,1500,768x432,1.9645240000000115,1611,
2025-12-17T12:17:31.976Z,1.758,3,1500,768x432,1.9682870000000037,1591,
2025-12-17T12:17:32.577Z,1.662,3,1500,768x432,1.968623000000008,1495,
2025-12-17T12:17:33.440Z,1.309,3,1500,768x432,2.0076899999999966,1434,
2025-12-17T12:17:34.226Z,0.98,3,1500,768x432,1.9210610000000088,1462,
2025-12-17T12:17:34.971Z,0.769,3,1500,768x432,1.978097000000048,1461,
2025-12-17T12:17:35.048Z,0.774,2,1000,640x360,1.9970369999999775,1467,
2025-12-17T12:17:35.579Z,0.648,2,1000,640x360,1.974047999999982,1467,
2025-12-17T12:17:36.028Z,0.696,2,1000,640x360,1.91251299999999,1490,
2025-12-17T12:17:36.490Z,0.735,2,1000,640x360,1.9587569999999914,1476,
2025-12-17T12:17:36.935Z,0.78,2,1000,640x360,1.90304900000001,1462,
2025-12-17T12:17:37.221Z,1.002,2,1000,640x360,1.9300519999999892,1460,
2025-12-17T12:17:37.517Z,1.206,2,1000,640x360,1.9350810000000251,1430,
2025-12-17T12:17:38.358Z,0.879,2,1000,640x360,1.9778579999999693,1430,
2025-12-17T12:17:38.840Z,0.896,2,1000,640x360,2.0108619999999746,1371,
2025-12-17T12:17:38.910Z,0.846,1,600,480x270,1.9390259999999557,1390,
2025-12-17T12:17:39.205Z,1.012,1,600,480x270,1.944564000000014,1390,
2025-12-17T12:17:39.488Z,1.247,1,600,480x270,1.966762000000017,1398,
2025-12-17T12:17:39.747Z,1.486,1,600,480x270,2.0127620000000093,1398,
2025-12-17T12:17:40.006Z,1.719,1,600,480x270,1.9474079999999958,1412,
2025-12-17T12:17:40.281Z,1.948,1,600,480x270,1.9696700000000078,1412,
2025-12-17T12:17:40.555Z,2.133,1,600,480x270,2.0011049999999955,1470,
2025-12-17T12:17:41.011Z,2.214,1,600,480x270,1.929755,1463,
2025-12-17T12:17:41.523Z,2.196,1,600,480x270,1.919033000000013,1489,
2025-12-17T12:17:42.016Z,2.199,1,600,480x270,1.9311559999999872,1502,
2025-12-17T12:17:42.324Z,1.957,2,1000,640x360,1.9157809999999813,1500,
2025-12-17T12:17:42.636Z,2.167,2,1000,640x360,1.9136669999999754,1500,
2025-12-17T12:17:43.222Z,2.001,2,1000,640x360,1.9185659999999984,1523,
2025-12-17T12:17:43.877Z,1.848,2,1000,640x360,1.975795000000005,1514,
2025-12-17T12:17:44.277Z,1.942,2,1000,640x360,1.9760449999999992,1534,
2025-12-17T12:17:44.856Z,1.987,2,1000,640x360,1.991377,1532,
2025-12-17T12:17:45.204Z,2.003,2,1000,640x360,1.9332789999999704,1525,
2025-12-17T12:17:45.652Z,2.071,2,1000,640x360,2.000928999999985,1533,
2025-12-17T12:17:45.726Z,2.085,3,1500,768x432,1.926715999999999,1533,
2025-12-17T12:17:46.433Z,1.81,3,1500,768x432,1.9234739999999988,1545,
2025-12-17T12:17:47.063Z,1.653,3,1500,768x432,1.9775019999999586,1540,
2025-12-17T12:17:47.680Z,1.578,3,1500,768x432,1.9766860000000293,1533,
2025-12-17T12:17:48.209Z,1.527,3,1500,768x432,1.9340259999999603,1526,
2025-12-17T12:17:48.769Z,1.457,3,1500,768x432,1.9751819999999611,1520,
2025-12-17T12:17:49.400Z,1.334,3,1500,768x432,1.9544850000000338,1501,
2025-12-17T12:17:50.117Z,1.126,3,1500,768x432,1.922077999999999,1492,
2025-12-17T12:17:50.813Z,0.912,3,1500,768x432,1.941818000000012,1491,
2025-12-17T12:17:50.889Z,0.925,2,1000,640x360,1.9598910000000274,1528,
2025-12-17T12:17:51.332Z,0.904,2,1000,640x360,1.917220000000043,1528,
2025-12-17T12:17:51.886Z,0.855,2,1000,640x360,1.960191000000009,1541,
2025-12-17T12:17:52.322Z,0.91,2,1000,640x360,1.927031999999997,1490,
2025-12-17T12:17:52.765Z,0.97,2,1000,640x360,1.9862430000000018,1559,
2025-12-17T12:17:53.184Z,1.039,2,1000,640x360,1.958106999999984,1544,
2025-12-17T12:17:53.604Z,1.137,2,1000,640x360,1.9407280000000355,1544,
2025-12-17T12:17:54.035Z,1.197,2,1000,640x360,1.9065179999999486,1554,
2025-12-17T12:17:54.456Z,1.274,2,1000,640x360,1.9892219999999838,1571,
2025-12-17T12:17:54.528Z,1.242,3,1500,768x432,1.9168839999999818,1569,
2025-12-17T12:17:55.156Z,1.087,3,1500,768x432,1.981771999999978,1569,
2025-12-17T12:17:55.747Z,1.009,3,1500,768x432,2.0035120000000006,1575,
2025-12-17T12:17:56.356Z,0.886,3,1500,768x432,1.9820500000000152,1582,
2025-12-17T12:17:57.028Z,0.694,3,1500,768x432,1.9099459999999908,1579,
2025-12-17T12:17:57.738Z,0.487,3,1500,768x432,2.003188000000023,1571,
2025-12-17T12:17:58.230Z,0.484,3,1500,768x432,1.9073260000000118,1569,
2025-12-17T12:17:58.306Z,0.505,2,1000,640x360,1.942294000000004,1606,
2025-12-17T12:17:58.654Z,0.589,2,1000,640x360,1.9931010000000242,1606,
2025-12-17T12:17:59.070Z,0.656,2,1000,640x360,1.9743080000000077,1606,
2025-12-17T12:17:59.590Z,0.669,2,1000,640x360,1.9654639999999972,1597,
2025-12-17T12:18:00.114Z,0.614,2,1000,640x360,1.9285359999999514,1582,
2025-12-17T12:18:00.586Z,0.666,2,1000,640x360,1.9748779999999897,1536,
2025-12-17T12:18:01.020Z,0.726,2,1000,640x360,1.932470999999964,1546,
2025-12-17T12:18:01.496Z,0.701,2,1000,640x360,1.9568419999999946,1542,
2025-12-17T12:18:01.933Z,0.815,2,1000,640x360,1.9183689999999842,1557,
2025-12-17T12:18:02.381Z,0.841,2,1000,640x360,1.9597609999999577,1572,
2025-12-17T12:18:02.814Z,0.867,2,1000,640x360,1.9416699999999878,1550,
2025-12-17T12:18:03.111Z,1.104,2,1000,640x360,1.9321509999999762,1539,
2025-12-17T12:18:03.185Z,1.126,3,1500,768x432,1.9576040000000035,1539,
2025-12-17T12:18:03.657Z,1.088,3,1500,768x432,2.000421000000017,1539,
2025-12-17T12:18:04.270Z,0.965,3,1500,768x432,1.9712209999999573,1586,
2025-12-17T12:18:04.861Z,0.868,3,1500,768x432,1.9989150000000109,1598,
2025-12-17T12:18:05.512Z,0.724,3,1500,768x432,1.9280679999999961,1580,
2025-12-17T12:18:06.216Z,0.527,3,1500,768x432,1.924461000000008,1615,
2025-12-17T12:18:06.674Z,0.235,3,1500,768x432,1.9712309999999889,1607,rebuffer happen
2025-12-17T12:18:07.013Z,0.03,3,1500,768x432,1.932423999999969,1607,rebuffer happen
2025-12-17T12:18:07.063Z,0.022,3,1500,768x432,1.9958760000000098,1607,rebuffer happen
2025-12-17T12:18:07.113Z,0.023,3,1500,768x432,1.9642029999999977,1607,rebuffer happen
2025-12-17T12:18:07.196Z,0.02,3,1500,768x432,1.9881970000000138,1607,rebuffer happen
2025-12-17T12:18:07.217Z,0.053,3,1500,768x432,1.9714420000000246,1607,
2025-12-17T12:18:07.263Z,0.029,0,200,320x180,2.039214999999956,1575,rebuffer happen
2025-12-17T12:18:07.288Z,0.029,0,200,320x180,2.039214999999956,1575,
2025-12-17T12:18:07.384Z,0.417,0,200,320x180,2.1112889999999993,1575,
2025-12-17T12:18:07.495Z,0.859,0,200,320x180,2.1201979999999594,1575,
2025-12-17T12:18:07.616Z,1.248,0,200,320x180,2.0768070000000307,1575,
2025-12-17T12:18:07.747Z,1.539,0,200,320x180,2.1231349999999907,1575,
2025-12-17T12:18:07.856Z,1.846,0,200,320x180,2.0913400000000024,1555,
2025-12-17T12:18:08.005Z,2.264,0,200,320x180,2.027520000000038,1555,
2025-12-17T12:18:08.535Z,2.274,0,200,320x180,1.9503160000000435,1547,
2025-12-17T12:18:08.988Z,2.265,0,200,320x180,1.9752320000000054,1520,
2025-12-17T12:18:09.502Z,2.236,0,200,320x180,1.941082999999992,1518,
2025-12-17T12:18:10.033Z,2.234,0,200,320x180,1.912746000000027,1515,
2025-12-17T12:18:10.515Z,2.206,0,200,320x180,1.9341340000000287,1509,
2025-12-17T12:18:10.705Z,2.227,3,1500,768x432,1.944244000000026,1509,
2025-12-17T12:18:11.471Z,1.75,3,1500,768x432,1.9770809999999983,1491,
2025-12-17T12:18:12.106Z,1.642,3,1500,768x432,1.9408729999999537,1502,
2025-12-17T12:18:12.835Z,1.398,3,1500,768x432,1.9072009999999864,1567,
2025-12-17T12:18:13.384Z,1.333,3,1500,768x432,1.9580809999999929,1561,
2025-12-17T12:18:13.816Z,1.396,3,1500,768x432,1.927851999999973,1526,
2025-12-17T12:18:14.464Z,1.277,3,1500,768x432,1.986963000000003,1540,
2025-12-17T12:18:15.266Z,0.959,3,1500,768x432,1.9702110000000062,1557,
2025-12-17T12:18:15.347Z,0.968,2,1000,640x360,1.8882060000000251,1561,
2025-12-17T12:18:15.745Z,0.996,2,1000,640x360,2.0058380000000398,1561,
2025-12-17T12:18:16.129Z,1.106,2,1000,640x360,1.9104279999999676,1564,
2025-12-17T12:18:16.765Z,1.035,2,1000,640x360,1.994470999999976,1564,
2025-12-17T12:18:17.125Z,1.093,2,1000,640x360,1.9186440000000289,1550,
2025-12-17T12:18:17.554Z,1.173,2,1000,640x360,1.989089999999976,1550,
2025-12-17T12:18:17.997Z,1.236,2,1000,640x360,1.9502410000000054,1581,
2025-12-17T12:18:18.481Z,1.26,2,1000,640x360,1.9648409999999785,1583,
2025-12-17T12:18:18.938Z,1.305,2,1000,640x360,2.001508000000001,1561,
2025-12-17T12:18:19.007Z,1.288,3,1500,768x432,1.9318149999999719,1567,
2025-12-17T12:18:19.621Z,1.12,3,1500,768x432,1.925896000000023,1567,
2025-12-17T12:18:20.171Z,1.056,3,1500,768x432,1.9699899999999957,1572,
2025-12-17T12:18:20.475Z,1.158,3,1500,768x432,1.9869390000000067,1584,
2025-12-17T12:18:20.506Z,1.591,3,1500,768x432,1.9591540000000123,1574,
2025-12-17T12:18:21.498Z,1.255,3,1500,768x432,1.949040000000025,1574,
2025-12-17T12:18:22.173Z,1.071,3,1500,768x432,1.9752220000000307,1650,
2025-12-17T12:18:22.846Z,0.902,3,1500,768x432,2.0020900000000097,1653,
2025-12-17T12:18:22.925Z,0.891,2,1000,640x360,1.922189000000003,1645,
2025-12-17T12:18:23.377Z,0.845,2,1000,640x360,1.9672770000000241,1645,
2025-12-17T12:18:23.827Z,0.902,2,1000,640x360,1.916201000000001,1639,
2025-12-17T12:18:24.286Z,0.947,2,1000,640x360,1.9544769999999971,1628,
2025-12-17T12:18:24.751Z,1.005,2,1000,640x360,2.0112199999999802,1622,
2025-12-17T12:18:25.215Z,1.032,2,1000,640x360,1.9298240000000533,1615,
2025-12-17T12:18:25.671Z,1.084,2,1000,640x360,1.98845799999998,1604,
2025-12-17T12:18:26.126Z,1.097,2,1000,640x360,1.9288660000000277,1604,
2025-12-17T12:18:26.590Z,1.136,2,1000,640x360,1.9582609999999931,1600,
2025-12-17T12:18:26.666Z,1.093,3,1500,768x432,1.9757880000000227,1596,
2025-12-17T12:18:27.190Z,1.022,3,1500,768x432,1.9570360000000164,1596,
2025-12-17T12:18:27.724Z,0.993,3,1500,768x432,1.9201449999999909,1588,
2025-12-17T12:18:28.314Z,0.907,3,1500,768x432,1.9315849999999841,1607,
2025-12-17T12:18:28.982Z,0.766,3,1500,768x432,1.9668100000000095,1640,
2025-12-17T12:18:29.804Z,0.464,3,1500,768x432,1.9492650000000253,1621,
2025-12-17T12:18:30.025Z,0.253,3,1500,768x432,1.9309129999999755,1638,rebuffer happen
2025-12-17T12:18:30.619Z,0.131,3,1500,768x432,1.9305109999999672,1638,
2025-12-17T12:18:30.697Z,0.106,0,200,320x180,1.94960999999995,1718,
2025-12-17T12:18:30.716Z,0.029,0,200,320x180,1.9311479999999506,1718,rebuffer happen
2025-12-17T12:18:30.772Z,0.4,0,200,320x180,1.9984309999999823,1718,
2025-12-17T12:18:30.880Z,0.803,0,200,320x180,1.9881670000000327,1713,
2025-12-17T12:18:30.986Z,1.145,0,200,320x180,1.984390000000019,1713,
2025-12-17T12:18:31.093Z,1.616,0,200,320x180,1.9684210000000348,1713,
2025-12-17T12:18:31.192Z,1.971,0,200,320x180,1.9648770000000013,1713,
2025-12-17T12:18:31.517Z,2.221,0,200,320x180,1.9516100000000165,1708,
2025-12-17T12:18:32.001Z,2.243,0,200,320x180,1.9464009999999803,1692,
2025-12-17T12:18:32.562Z,2.239,0,200,320x180,2.01424099999997,1685,
2025-12-17T12:18:33.031Z,2.248,0,200,320x180,1.920661999999993,1693,
2025-12-17T12:18:33.528Z,2.243,0,200,320x180,1.916719999999998,1691,
2025-12-17T12:18:34.030Z,2.235,0,200,320x180,1.9119289999999864,1686,
2025-12-17T12:18:34.106Z,2.185,3,1500,768x432,1.9439719999999738,1686,
2025-12-17T12:18:34.907Z,1.827,3,1500,768x432,1.9390040000000113,1678,
2025-12-17T12:18:35.396Z,1.837,3,1500,768x432,1.9585030000000074,1666,
2025-12-17T12:18:36.061Z,1.687,3,1500,768x432,1.9833210000000463,1668,
2025-12-17T12:18:36.740Z,1.52,3,1500,768x432,2.0149299999999926,1656,
2025-12-17T12:18:37.317Z,1.408,3,1500,768x432,1.9206560000000081,1650,
2025-12-17T12:18:37.854Z,1.389,3,1500,768x432,2.0123080000000186,1640,
2025-12-17T12:18:38.718Z,1.034,3,1500,768x432,1.9263740000000098,1605,
2025-12-17T12:18:39.455Z,0.792,3,1500,768x432,2.000602000000015,1617,
2025-12-17T12:18:39.537Z,0.756,2,1000,640x360,1.9198020000000042,1610,
2025-12-17T12:18:40.071Z,0.655,2,1000,640x360,1.9723109999999906,1610,
2025-12-17T12:18:40.539Z,0.701,2,1000,640x360,2.017057999999963,1580,
2025-12-17T12:18:41.016Z,0.715,2,1000,640x360,1.9285229999999842,1568,
2025-12-17T12:18:41.348Z,0.866,2,1000,640x360,1.988238000000024,1517,
2025-12-17T12:18:42.082Z,0.653,2,1000,640x360,1.9648799999999937,1492,
2025-12-17T12:18:42.550Z,0.681,2,1000,640x360,2.004907000000003,1487,
2025-12-17T12:18:42.979Z,0.759,2,1000,640x360,1.9617520000000468,1501,
2025-12-17T12:18:43.527Z,0.717,2,1000,640x360,1.9189289999999914,1461,
2025-12-17T12:18:44.074Z,0.689,2,1000,640x360,1.9745230000000333,1454,
2025-12-17T12:18:44.525Z,0.712,2,1000,640x360,1.9268680000000131,1432,
2025-12-17T12:18:44.982Z,0.75,2,1000,640x360,1.961954999999989,1408,
2025-12-17T12:18:45.559Z,0.694,2,1000,640x360,2.0090000000000146,1399,
2025-12-17T12:18:46.023Z,0.727,2,1000,640x360,1.9330799999999613,1386,
2025-12-17T12:18:46.095Z,0.695,1,600,480x270,1.9524959999999965,1374,
2025-12-17T12:18:46.402Z,0.811,1,600,480x270,1.9476950000000102,1374,
2025-12-17T12:18:46.688Z,1.028,1,600,480x270,1.9602199999999925,1363,
2025-12-17T12:18:46.967Z,1.259,1,600,480x270,1.9756039999999757,1363,
2025-12-17T12:18:47.244Z,1.48,1,600,480x270,1.9947859999999764,1358,
2025-12-17T12:18:47.578Z,1.644,1,600,480x270,1.9712820000000306,1370,
2025-12-17T12:18:47.879Z,1.838,1,600,480x270,1.9697160000000054,1370,
2025-12-17T12:18:48.171Z,2.052,1,600,480x270,1.9718009999999708,1347,
2025-12-17T12:18:48.582Z,2.147,1,600,480x270,1.97323700000004,1387,
2025-12-17T12:18:49.040Z,2.199,1,600,480x270,2.0060760000000073,1398,
2025-12-17T12:18:49.509Z,2.222,1,600,480x270,1.9564359999999965,1410,
2025-12-17T12:18:49.588Z,2.241,2,1000,640x360,1.9806429999999864,1410,
2025-12-17T12:18:50.208Z,2.031,2,1000,640x360,1.9360759999999573,1412,
2025-12-17T12:18:50.742Z,1.993,2,1000,640x360,2.001699999999971,1375,
2025-12-17T12:18:51.194Z,2.02,2,1000,640x360,1.942228,1432,
2025-12-17T12:18:51.801Z,1.946,2,1000,640x360,1.9498559999999543,1439,
2025-12-17T12:18:52.178Z,2.045,2,1000,640x360,1.9601430000000164,1472,
2025-12-17T12:18:52.699Z,2.034,2,1000,640x360,1.9599210000000085,1484,
2025-12-17T12:18:53.199Z,2.026,2,1000,640x360,1.9516460000000393,1449,
2025-12-17T12:18:53.695Z,2.047,2,1000,640x360,1.959957999999972,1430,
2025-12-17T12:18:54.197Z,2.03,2,1000,640x360,1.95524800000004,1439,
2025-12-17T12:18:54.714Z,1.991,2,1000,640x360,1.929520000000025,1486,
2025-12-17T12:18:55.095Z,2.126,2,1000,640x360,1.9427850000000149,1484,
2025-12-17T12:18:55.680Z,2.047,2,1000,640x360,1.9626460000000066,1497,
2025-12-17T12:18:56.136Z,2.087,2,1000,640x360,1.904299999999978,1486,
2025-12-17T12:18:56.639Z,2.096,2,1000,640x360,2.010544999999979,1494,
2025-12-17T12:18:56.794Z,1.985,3,1500,768x432,1.9576359999999795,1504,
2025-12-17T12:18:57.693Z,1.585,3,1500,768x432,1.9725530000000049,1504,
2025-12-17T12:18:58.388Z,1.354,3,1500,768x432,1.953187000000014,1515,
2025-12-17T12:18:58.965Z,1.27,3,1500,768x432,1.9898589999999672,1524,
2025-12-17T12:18:59.693Z,1.024,3,1500,768x432,1.9529090000000338,1527,
2025-12-17T12:19:00.312Z,0.91,3,1500,768x432,1.9390379999999823,1517,
2025-12-17T12:19:00.388Z,0.923,2,1000,640x360,1.9538749999999823,1531,
2025-12-17T12:19:00.815Z,0.912,2,1000,640x360,1.9282729999999901,1531,
2025-12-17T12:19:01.272Z,0.941,2,1000,640x360,1.9731239999999843,1546,
2025-12-17T12:19:01.656Z,1.092,2,1000,640x360,1.9980079999999703,1545,
2025-12-17T12:19:02.067Z,1.164,2,1000,640x360,1.9844630000000052,1545,
2025-12-17T12:19:02.473Z,1.268,2,1000,640x360,1.9833790000000135,1540,
2025-12-17T12:19:02.916Z,1.332,2,1000,640x360,1.9357149999999592,1538,
2025-12-17T12:19:03.331Z,1.397,2,1000,640x360,1.9187000000000012,1563,
2025-12-17T12:19:03.737Z,1.501,2,1000,640x360,2.0059480000000462,1575,
2025-12-17T12:19:03.819Z,1.504,3,1500,768x432,1.9225880000000188,1569,
2025-12-17T12:19:04.509Z,1.246,3,1500,768x432,1.9332009999999968,1569,
2025-12-17T12:19:05.168Z,1.053,3,1500,768x432,1.982719999999972,1632,
2025-12-17T12:19:05.799Z,0.923,3,1500,768x432,1.9528359999999907,1612,
2025-12-17T12:19:06.440Z,0.805,3,1500,768x432,2.008232000000021,1609,
2025-12-17T12:19:07.076Z,0.674,3,1500,768x432,1.9705390000000307,1616,
2025-12-17T12:19:07.709Z,0.544,3,1500,768x432,1.9356270000000109,1632,
2025-12-17T12:19:07.783Z,0.53,2,1000,640x360,1.9608519999999885,1637,
2025-12-17T12:19:08.261Z,0.471,2,1000,640x360,1.9749239999999872,1637,
2025-12-17T12:19:08.625Z,0.608,2,1000,640x360,1.912196999999992,1672,
2025-12-17T12:19:09.015Z,0.718,2,1000,640x360,1.9276849999999968,1672,
2025-12-17T12:19:09.425Z,0.801,2,1000,640x360,1.926811999999984,1654,
2025-12-17T12:19:09.907Z,0.861,2,1000,640x360,1.9442399999999793,1659,
2025-12-17T12:19:10.386Z,0.889,2,1000,640x360,1.958500000000015,1666,
2025-12-17T12:19:10.810Z,0.925,2,1000,640x360,1.953657000000021,1678,
2025-12-17T12:19:11.235Z,0.99,2,1000,640x360,1.9084930000000213,1692,
2025-12-17T12:19:11.307Z,1.004,3,1500,768x432,1.9323850000000107,1681,
2025-12-17T12:19:11.942Z,0.799,3,1500,768x432,1.9999589999999898,1681,
2025-12-17T12:19:12.567Z,0.686,3,1500,768x432,1.9737430000000131,1660,
2025-12-17T12:19:13.217Z,0.523,3,1500,768x432,1.9193070000000034,1669,
2025-12-17T12:19:13.755Z,0.493,3,1500,768x432,1.9943359999999757,1683,
2025-12-17T12:19:14.338Z,0.392,3,1500,768x432,1.99822800000004,1696,
2025-12-17T12:19:14.553Z,0.201,3,1500,768x432,2.0028629999999907,1682,rebuffer happen
2025-12-17T12:19:15.042Z,0.218,3,1500,768x432,2.018354000000045,1682,
2025-12-17T12:19:15.114Z,0.172,1,600,480x270,1.946787000000029,1684,
2025-12-17T12:19:15.367Z,0.373,1,600,480x270,1.9974849999999833,1684,
2025-12-17T12:19:15.612Z,0.642,1,600,480x270,1.9760080000000357,1684,
2025-12-17T12:19:15.858Z,0.884,1,600,480x270,2.0184699999999793,1684,
2025-12-17T12:19:16.101Z,1.13,1,600,480x270,1.9670060000000262,1680,
2025-12-17T12:19:16.432Z,1.302,1,600,480x270,1.9246510000000399,1680,
2025-12-17T12:19:16.726Z,1.517,1,600,480x270,1.9173190000000204,1671,
2025-12-17T12:19:16.981Z,1.758,1,600,480x270,1.959506000000033,1661,
2025-12-17T12:19:17.226Z,1.987,1,600,480x270,1.9121170000000234,1661,
2025-12-17T12:19:17.542Z,2.178,1,600,480x270,2.0034180000000106,1650,
2025-12-17T12:19:18.038Z,2.175,1,600,480x270,2.0004319999999893,1666,
2025-12-17T12:19:18.527Z,2.198,1,600,480x270,1.9318450000000098,1668,
2025-12-17T12:19:18.599Z,2.21,3,1500,768x432,1.9523889999999824,1668,
2025-12-17T12:19:19.427Z,1.828,3,1500,768x432,1.9295260000000098,1674,
2025-12-17T12:19:20.077Z,1.684,3,1500,768x432,1.9773940000000039,1686,
2025-12-17T12:19:20.727Z,1.529,3,1500,768x432,1.9134839999999826,1687,
2025-12-17T12:19:21.386Z,1.354,3,1500,768x432,1.9547899999999458,1689,
2025-12-17T12:19:22.038Z,1.215,3,1500,768x432,2.0005859999999984,1691,
2025-12-17T12:19:22.628Z,1.136,3,1500,768x432,1.920710999999983,1698,
2025-12-17T12:19:23.161Z,1.075,3,1500,768x432,1.9921820000000139,1682,
2025-12-17T12:19:23.748Z,0.981,3,1500,768x432,2.006467999999984,1662,
2025-12-17T12:19:24.350Z,0.865,3,1500,768x432,1.9911809999999832,1676,
2025-12-17T12:19:24.423Z,0.86,2,1000,640x360,1.9209599999999796,1674,
2025-12-17T12:19:24.834Z,0.89,2,1000,640x360,1.9202829999999835,1674,
2025-12-17T12:19:25.257Z,0.955,2,1000,640x360,1.9895359999999869,1663,
2025-12-17T12:19:25.740Z,0.971,2,1000,640x360,1.9960550000000126,1631,
2025-12-17T12:19:26.320Z,0.914,2,1000,640x360,1.9289449999999988,1608,
2025-12-17T12:19:26.804Z,0.931,2,1000,640x360,1.9525800000000118,1577,
2025-12-17T12:19:27.254Z,0.99,2,1000,640x360,1.984059000000002,1558,
2025-12-17T12:19:27.706Z,1.055,2,1000,640x360,1.9571180000000368,1660,
2025-12-17T12:19:28.147Z,1.092,2,1000,640x360,2.005361999999991,1659,
2025-12-17T12:19:28.224Z,1.095,3,1500,768x432,1.926021999999989,1659,
2025-12-17T12:19:28.863Z,0.872,3,1500,768x432,1.985339999999951,1659,
2025-12-17T12:19:29.516Z,0.707,3,1500,768x432,1.931395000000009,1689,
2025-12-17T12:19:30.159Z,0.592,3,1500,768x432,1.9899810000000002,1690,
2025-12-17T12:19:30.758Z,0.483,3,1500,768x432,1.985654000000011,1695,
2025-12-17T12:19:31.351Z,0.382,3,1500,768x432,1.9868230000000153,1691,
2025-12-17T12:19:31.526Z,0.227,3,1500,768x432,1.93912499999999,1666,rebuffer happen
2025-12-17T12:19:31.998Z,0.249,3,1500,768x432,1.9610849999999687,1666,
2025-12-17T12:19:32.065Z,0.253,1,600,480x270,1.9889719999999897,1643,
2025-12-17T12:19:32.349Z,0.356,1,600,480x270,2.016442999999981,1643,
2025-12-17T12:19:32.657Z,0.623,1,600,480x270,2.018191999999999,1647,
2025-12-17T12:19:32.931Z,0.794,1,600,480x270,1.933450999999991,1647,
2025-12-17T12:19:33.198Z,1.061,1,600,480x270,1.9566930000000298,1646,
2025-12-17T12:19:33.449Z,1.291,1,600,480x270,2.0114849999999933,1646,
2025-12-17T12:19:33.722Z,1.502,1,600,480x270,1.9325170000000185,1673,
2025-12-17T12:19:33.928Z,1.767,1,600,480x270,1.9245319999999992,1681,
2025-12-17T12:19:34.153Z,2.06,1,600,480x270,1.985890999999981,1681,
2025-12-17T12:19:34.540Z,2.228,1,600,480x270,2.0077650000000062,1656,
2025-12-17T12:19:35.071Z,2.191,1,600,480x270,1.9747319999999604,1658,
2025-12-17T12:19:35.699Z,2.024,1,600,480x270,1.9548710000000256,1648,
2025-12-17T12:19:35.770Z,2.043,3,1500,768x432,1.9797110000000089,1648,
2025-12-17T12:19:36.454Z,1.802,3,1500,768x432,1.9985829999999964,1648,
2025-12-17T12:19:37.072Z,1.664,3,1500,768x432,1.9798099999999863,1594,
2025-12-17T12:19:37.712Z,1.534,3,1500,768x432,1.9281460000000266,1509,
2025-12-17T12:19:38.315Z,1.427,3,1500,768x432,1.9207700000000045,1504,
2025-12-17T12:19:39.023Z,1.216,3,1500,768x432,1.9214340000000334,1520,
2025-12-17T12:19:39.716Z,1.024,3,1500,768x432,1.9341790000000287,1576,
2025-12-17T12:19:40.236Z,0.988,3,1500,768x432,1.9033279999999877,1620,
2025-12-17T12:19:40.310Z,0.999,2,1000,640x360,1.9263750000000073,1610,
2025-12-17T12:19:40.755Z,1,2,1000,640x360,2.0085959999999545,1610,
2025-12-17T12:19:41.163Z,1.063,2,1000,640x360,1.9800689999999577,1628,
2025-12-17T12:19:41.607Z,1.117,2,1000,640x360,1.940809999999999,1628,
2025-12-17T12:19:42.050Z,1.172,2,1000,640x360,1.992332000000033,1566,
2025-12-17T12:19:42.572Z,1.183,2,1000,640x360,1.9722620000000006,1594,
2025-12-17T12:19:42.986Z,1.224,2,1000,640x360,1.9566859999999906,1538,
2025-12-17T12:19:43.417Z,1.302,2,1000,640x360,1.9310950000000275,1530,
2025-12-17T12:19:43.811Z,1.37,2,1000,640x360,1.9359980000000405,1483,
2025-12-17T12:19:44.254Z,1.469,2,1000,640x360,1.9856690000000299,1440,
2025-12-17T12:19:44.794Z,1.477,2,1000,640x360,1.9646000000000186,1400,
2025-12-17T12:19:45.231Z,1.495,2,1000,640x360,1.9095960000000218,1433,
2025-12-17T12:19:45.775Z,1.511,2,1000,640x360,1.9889259999999922,1470,
2025-12-17T12:19:46.390Z,1.371,2,1000,640x360,1.9560969999999998,1533,
2025-12-17T12:19:46.457Z,1.32,3,1500,768x432,2.000466000000017,1519,
2025-12-17T12:19:47.248Z,0.965,3,1500,768x432,1.9890460000000303,1519,
2025-12-17T12:19:47.962Z,0.785,3,1500,768x432,1.9764260000000036,1496,
2025-12-17T12:19:48.592Z,0.647,3,1500,768x432,1.9608169999999632,1518,
2025-12-17T12:19:49.293Z,0.441,3,1500,768x432,1.9482329999999592,1503,
2025-12-17T12:19:49.487Z,0.281,3,1500,768x432,1.9573259999999664,1469,rebuffer happen
2025-12-17T12:19:49.938Z,0.284,3,1500,768x432,1.9985879999999838,1469,
2025-12-17T12:19:50.018Z,0.275,1,600,480x270,1.9191730000000007,1465,
2025-12-17T12:19:50.312Z,0.431,1,600,480x270,1.9266329999999812,1465,
2025-12-17T12:19:50.558Z,0.659,1,600,480x270,1.9833879999999908,1467,
2025-12-17T12:19:50.857Z,0.869,1,600,480x270,1.9950420000000122,1467,
2025-12-17T12:19:51.122Z,1.091,1,600,480x270,1.9154570000000035,1497,
2025-12-17T12:19:51.416Z,1.31,1,600,480x270,1.9341759999999795,1497,
2025-12-17T12:19:51.763Z,1.453,1,600,480x270,1.9885980000000245,1457,
2025-12-17T12:19:51.984Z,1.751,1,600,480x270,1.9547559999999748,1467,
2025-12-17T12:19:52.224Z,1.998,1,600,480x270,1.9160689999999931,1467,
2025-12-17T12:19:52.776Z,2,1,600,480x270,1.9825389999999743,1464,
2025-12-17T12:19:53.018Z,2.2,1,600,480x270,1.9248999999999796,1436,
2025-12-17T12:19:53.558Z,2.199,1,600,480x270,2.006567000000018,1416,
2025-12-17T12:19:53.635Z,2.159,2,1000,640x360,1.9304769999999962,1416,
2025-12-17T12:19:54.223Z,2.017,2,1000,640x360,1.921846999999957,1448,
2025-12-17T12:19:54.734Z,1.981,2,1000,640x360,1.9112579999999753,1439,
2025-12-17T12:19:55.012Z,2.203,2,1000,640x360,1.931810999999982,1475,
2025-12-17T12:19:55.514Z,2.215,2,1000,640x360,1.9295109999999909,1478,
2025-12-17T12:19:56.144Z,2.08,2,1000,640x360,1.9926550000000134,1483,
2025-12-17T12:19:56.712Z,2.007,2,1000,640x360,1.9324940000000197,1474,
2025-12-17T12:19:57.184Z,2.04,2,1000,640x360,1.95983700000005,1515,
2025-12-17T12:19:57.252Z,2.042,3,1500,768x432,1.988587999999993,1515,
2025-12-17T12:19:57.895Z,1.849,3,1500,768x432,1.963959999999986,1520,
2025-12-17T12:19:58.520Z,1.725,3,1500,768x432,1.9224389999999971,1501,
2025-12-17T12:19:59.138Z,1.614,3,1500,768x432,1.9992409999999836,1458,
2025-12-17T12:20:00.220Z,1.003,3,1500,768x432,1.9198450000000093,1452,
2025-12-17T12:20:00.847Z,0.891,3,1500,768x432,1.994957999999997,1520,
2025-12-17T12:20:00.919Z,0.893,2,1000,640x360,1.9220730000000117,1517,
2025-12-17T12:20:01.286Z,0.937,2,1000,640x360,1.9574550000000386,1517,
2025-12-17T12:20:01.567Z,1.154,2,1000,640x360,1.9982410000000073,1516,
2025-12-17T12:20:01.875Z,1.37,2,1000,640x360,1.9794679999999971,1516,
2025-12-17T12:20:02.199Z,1.538,2,1000,640x360,1.942479999999989,1541,
2025-12-17T12:20:02.611Z,1.631,2,1000,640x360,1.936616000000015,1541,
2025-12-17T12:20:03.084Z,1.664,2,1000,640x360,1.9539070000000152,1541,
2025-12-17T12:20:03.514Z,1.71,2,1000,640x360,1.9259779999999864,1598,
2025-12-17T12:20:03.865Z,1.857,2,1000,640x360,1.978403999999955,1578,
2025-12-17T12:20:04.404Z,1.83,2,1000,640x360,1.9433280000000082,1578,
2025-12-17T12:20:04.477Z,1.835,3,1500,768x432,1.9761460000000284,1595,
2025-12-17T12:20:05.260Z,1.475,3,1500,768x432,1.9777930000000197,1595,
2025-12-17T12:20:05.954Z,1.234,3,1500,768x432,2.0006700000000137,1616,
2025-12-17T12:20:06.567Z,1.201,3,1500,768x432,1.9937679999999887,1605,
2025-12-17T12:20:07.204Z,1.027,3,1500,768x432,1.9487889999999766,1614,
2025-12-17T12:20:07.814Z,0.925,3,1500,768x432,1.938539999999989,1596,
2025-12-17T12:20:07.891Z,0.928,2,1000,640x360,1.9598790000000008,1593,
2025-12-17T12:20:08.301Z,0.942,2,1000,640x360,1.938463000000013,1593,
2025-12-17T12:20:08.757Z,0.961,2,1000,640x360,1.9866499999999974,1601,
2025-12-17T12:20:09.181Z,1.054,2,1000,640x360,1.9606220000000008,1596,
2025-12-17T12:20:09.553Z,1.178,2,1000,640x360,2.0080310000000168,1596,
2025-12-17T12:20:09.834Z,1.411,2,1000,640x360,1.920390999999995,1597,
2025-12-17T12:20:10.113Z,1.626,2,1000,640x360,1.9292909999999779,1596,
2025-12-17T12:20:10.488Z,1.736,2,1000,640x360,1.959212999999977,1596,
2025-12-17T12:20:11.077Z,1.668,2,1000,640x360,1.964127000000019,1593,
2025-12-17T12:20:11.783Z,1.452,2,1000,640x360,1.9674099999999726,1573,
2025-12-17T12:20:11.854Z,1.428,3,1500,768x432,1.990005999999994,1527,
2025-12-17T12:20:12.529Z,1.225,3,1500,768x432,1.9178899999999999,1527,
2025-12-17T12:20:13.172Z,1.083,3,1500,768x432,1.9704100000000153,1545,
2025-12-17T12:20:13.858Z,0.907,3,1500,768x432,1.9926740000000223,1522,
2025-12-17T12:20:14.462Z,0.775,3,1500,768x432,1.9889329999999745,1535,
2025-12-17T12:20:15.069Z,0.654,3,1500,768x432,1.9680809999999838,1554,
2025-12-17T12:20:15.658Z,0.586,3,1500,768x432,1.981903999999986,1517,
2025-12-17T12:20:15.733Z,0.578,2,1000,640x360,1.9071769999999901,1539,
2025-12-17T12:20:16.122Z,0.592,2,1000,640x360,1.9281069999999545,1539,
2025-12-17T12:20:16.522Z,0.708,2,1000,640x360,1.9244840000000067,1549,
2025-12-17T12:20:17.027Z,0.722,2,1000,640x360,1.9121939999999995,1586,
2025-12-17T12:20:17.512Z,0.731,2,1000,640x360,1.9399549999999977,1585,
2025-12-17T12:20:17.978Z,0.759,2,1000,640x360,1.9783269999999789,1613,
2025-12-17T12:20:18.490Z,0.761,2,1000,640x360,1.9730759999999918,1605,
2025-12-17T12:20:18.940Z,0.793,2,1000,640x360,2.010616999999968,1647,
2025-12-17T12:20:19.388Z,0.835,2,1000,640x360,1.9628040000000055,1645,
2025-12-17T12:20:19.729Z,1.004,2,1000,640x360,1.9118219999999724,1639,
2025-12-17T12:20:19.797Z,1.007,3,1500,768x432,1.9427919999999972,1620,
2025-12-17T12:20:20.370Z,0.871,3,1500,768x432,1.9704120000000103,1620,
2025-12-17T12:20:21.010Z,0.73,3,1500,768x432,1.9298800000000256,1607,
2025-12-17T12:20:21.995Z,0.434,3,1500,768x432,1.9575869999999895,1589,
2025-12-17T12:20:21.995Z,0.246,3,1500,768x432,1.9573770000000081,1589,rebuffer happen
2025-12-17T12:20:22.224Z,0.017,3,1500,768x432,1.920404000000019,1539,rebuffer happen
2025-12-17T12:20:22.258Z,0.028,3,1500,768x432,1.9964710000000423,1539,rebuffer happen
2025-12-17T12:20:22.324Z,0.022,3,1500,768x432,1.9568350000000123,1539,rebuffer happen
2025-12-17T12:20:22.358Z,0.027,3,1500,768x432,2.028853999999967,1539,rebuffer happen
2025-12-17T12:20:22.407Z,0.027,3,1500,768x432,1.995572999999979,1539,rebuffer happen
2025-12-17T12:20:22.458Z,0.028,3,1500,768x432,2.0663549999999873,1539,rebuffer happen
2025-12-17T12:20:22.525Z,0.03,3,1500,768x432,2.035191999999995,1539,rebuffer happen
2025-12-17T12:20:22.575Z,0.027,3,1500,768x432,2.097469999999987,1539,rebuffer happen
2025-12-17T12:20:22.625Z,0.021,3,1500,768x432,2.0574829999999906,1539,rebuffer happen
2025-12-17T12:20:22.658Z,0.026,3,1500,768x432,2.1316600000000108,1539,rebuffer happen
2025-12-17T12:20:22.708Z,0.029,3,1500,768x432,2.1008830000000103,1539,rebuffer happen
2025-12-17T12:20:22.758Z,0.028,3,1500,768x432,2.1692259999999806,1539,rebuffer happen
2025-12-17T12:20:22.808Z,0.026,3,1500,768x432,2.1334400000000073,1539,rebuffer happen
2025-12-17T12:20:22.858Z,0.021,3,1500,768x432,2.189154999999971,1539,rebuffer happen
2025-12-17T12:20:22.891Z,0.027,3,1500,768x432,2.162306000000001,1539,rebuffer happen
2025-12-17T12:20:22.919Z,0.027,3,1500,768x432,2.162306000000001,1539,
2025-12-17T12:20:22.958Z,0.027,3,1500,768x432,2.232317999999964,1550,rebuffer happen
2025-12-17T12:20:23.109Z,0.023,3,1500,768x432,2.293025,1550,rebuffer happen
2025-12-17T12:20:23.508Z,0.022,3,1500,768x432,2.327319999999986,1550,rebuffer happen
2025-12-17T12:20:23.542Z,0.027,3,1500,768x432,2.3981350000000248,1550,rebuffer happen
2025-12-17T12:20:23.592Z,0.027,3,1500,768x432,2.3648709999999937,1550,rebuffer happen
2025-12-17T12:20:23.601Z,0.027,3,1500,768x432,2.3648709999999937,1550,
2025-12-17T12:20:23.642Z,0.025,0,200,320x180,2.427168999999992,1523,rebuffer happen
2025-12-17T12:20:23.677Z,0.025,0,200,320x180,2.427168999999992,1523,
2025-12-17T12:20:23.751Z,0.433,0,200,320x180,2.479893000000004,1523,
2025-12-17T12:20:23.828Z,0.815,0,200,320x180,2.4072960000000307,1529,
2025-12-17T12:20:23.910Z,1.237,0,200,320x180,2.397433000000035,1529,
2025-12-17T12:20:23.987Z,1.613,0,200,320x180,2.3799099999999953,1529,
2025-12-17T12:20:24.085Z,1.99,0,200,320x180,2.34403199999997,1529,
2025-12-17T12:20:24.188Z,2.37,0,200,320x180,2.2989359999999692,1529,
2025-12-17T12:20:24.555Z,2.419,0,200,320x180,2.2432020000000534,1569,
2025-12-17T12:20:25.021Z,2.397,0,200,320x180,2.0672210000000177,1562,
2025-12-17T12:20:25.522Z,2.307,0,200,320x180,2.0219280000000026,1561,
2025-12-17T12:20:26.024Z,2.271,0,200,320x180,1.9711230000000342,1570,
2025-12-17T12:20:26.570Z,2.193,0,200,320x180,2.019546000000048,1559,
2025-12-17T12:20:27.071Z,2.187,0,200,320x180,1.9887549999999692,1552,
2025-12-17T12:20:27.149Z,2.167,3,1500,768x432,2.008252999999968,1552,
2025-12-17T12:20:28.050Z,1.678,3,1500,768x432,1.9884289999999964,1538,
2025-12-17T12:20:28.582Z,1.651,3,1500,768x432,1.956546000000003,1495,
2025-12-17T12:20:29.152Z,1.628,3,1500,768x432,1.9886640000000284,1542,
2025-12-17T12:20:29.786Z,1.458,3,1500,768x432,1.9687149999999747,1475,
2025-12-17T12:20:30.490Z,1.256,3,1500,768x432,1.971082000000024,1584,
2025-12-17T12:20:31.090Z,1.142,3,1500,768x432,1.9585630000000265,1517,
2025-12-17T12:20:31.971Z,0.803,3,1500,768x432,1.9767350000000192,1498,
2025-12-17T12:20:32.054Z,0.766,2,1000,640x360,1.9887950000000387,1523,
2025-12-17T12:20:32.893Z,0.35,2,1000,640x360,1.9459850000000074,1523,
2025-12-17T12:20:33.178Z,0.091,2,1000,640x360,1.9727120000000014,1489,rebuffer happen
2025-12-17T12:20:33.497Z,0.251,2,1000,640x360,1.9573800000000006,1489,
2025-12-17T12:20:33.985Z,0.249,2,1000,640x360,1.9632630000000404,1408,
2025-12-17T12:20:34.566Z,0.206,2,1000,640x360,1.9996269999999754,1422,
2025-12-17T12:20:35.014Z,0.223,2,1000,640x360,1.9568360000000098,1420,
2025-12-17T12:20:35.508Z,0.257,2,1000,640x360,1.9634739999999624,1423,
2025-12-17T12:20:35.579Z,0.255,1,600,480x270,1.9865619999999922,1396,
2025-12-17T12:20:35.855Z,0.383,1,600,480x270,2.020736999999997,1396,
2025-12-17T12:20:36.078Z,0.657,1,600,480x270,1.9856260000000248,1406,
2025-12-17T12:20:36.266Z,0.94,1,600,480x270,1.987306999999987,1406,
2025-12-17T12:20:36.551Z,1.269,1,600,480x270,2.0092789999999923,1389,
2025-12-17T12:20:36.994Z,1.245,1,600,480x270,1.9462479999999687,1389,
2025-12-17T12:20:37.414Z,1.311,1,600,480x270,1.926337999999987,1488,
2025-12-17T12:20:37.681Z,1.537,1,600,480x270,1.9713280000000282,1446,
2025-12-17T12:20:37.934Z,1.792,1,600,480x270,1.9048439999999687,1446,
2025-12-17T12:20:38.211Z,2.001,1,600,480x270,1.9344010000000367,1459,
2025-12-17T12:20:38.569Z,2.179,1,600,480x270,1.9817209999999932,1447,
2025-12-17T12:20:39.026Z,2.194,1,600,480x270,1.9221749999999815,1461,
2025-12-17T12:20:39.095Z,2.203,2,1000,640x360,1.9454119999999762,1461,
2025-12-17T12:20:39.673Z,2.057,2,1000,640x360,1.9913219999999683,1460,
2025-12-17T12:20:40.232Z,1.997,2,1000,640x360,1.9183179999999993,1445,
2025-12-17T12:20:40.757Z,1.992,2,1000,640x360,1.9880700000000502,1414,
2025-12-17T12:20:41.330Z,1.852,2,1000,640x360,1.9105199999999627,1435,
2025-12-17T12:20:41.784Z,1.935,2,1000,640x360,1.9567130000000361,1413,
2025-12-17T12:20:42.308Z,1.929,2,1000,640x360,1.9284580000000346,1415,
2025-12-17T12:20:43.311Z,1.407,2,1000,640x360,1.9366170000000125,1391,
2025-12-17T12:20:43.796Z,1.457,2,1000,640x360,1.95520300000004,1337,
2025-12-17T12:20:44.345Z,1.382,2,1000,640x360,1.9981149999999843,1352,
2025-12-17T12:20:44.746Z,1.49,2,1000,640x360,2.0001229999999737,1357,
2025-12-17T12:20:45.323Z,1.414,2,1000,640x360,1.9211990000000014,1360,
2025-12-17T12:20:45.871Z,1.357,2,1000,640x360,1.972578999999996,1380,
2025-12-17T12:20:46.189Z,1.514,2,1000,640x360,1.9480780000000095,1371,
2025-12-17T12:20:46.629Z,1.621,2,1000,640x360,1.9217969999999696,1371,
2025-12-17T12:20:47.143Z,1.586,2,1000,640x360,2.0022169999999733,1378,
2025-12-17T12:20:47.648Z,1.573,2,1000,640x360,2.0130100000000084,1334,
2025-12-17T12:20:48.219Z,1.544,2,1000,640x360,1.921171999999956,1352,
2025-12-17T12:20:48.785Z,1.452,2,1000,640x360,1.9527810000000159,1336,
2025-12-17T12:20:49.327Z,1.407,2,1000,640x360,1.9116750000000025,1333,
2025-12-17T12:20:49.852Z,1.32,2,1000,640x360,1.988492000000008,1349,
2025-12-17T12:20:50.340Z,1.396,2,1000,640x360,1.9989559999999642,1366,
2025-12-17T12:20:50.825Z,1.405,2,1000,640x360,1.9253380000000107,1398,
2025-12-17T12:20:51.334Z,1.389,2,1000,640x360,1.9062649999999621,1397,
2025-12-17T12:20:51.834Z,1.414,2,1000,640x360,1.9275909999999499,1358,
2025-12-17T12:20:52.358Z,1.367,2,1000,640x360,1.981427999999994,1375,
2025-12-17T12:20:52.921Z,1.316,2,1000,640x360,1.9197299999999586,1363,
2025-12-17T12:20:53.339Z,1.386,2,1000,640x360,1.9979529999999954,1359,
2025-12-17T12:20:53.850Z,1.368,2,1000,640x360,1.9873230000000035,1371,
2025-12-17T12:20:54.335Z,1.4,2,1000,640x360,1.9060460000000035,1346,
2025-12-17T12:20:54.803Z,1.426,2,1000,640x360,1.9448739999999702,1425,
2025-12-17T12:20:55.265Z,1.448,2,1000,640x360,1.9771939999999972,1429,
2025-12-17T12:20:55.743Z,1.48,2,1000,640x360,2.0104309999999828,1432,
2025-12-17T12:20:56.240Z,1.476,2,1000,640x360,2.000827999999956,1434,
2025-12-17T12:20:56.712Z,1.518,2,1000,640x360,1.9475940000000378,1410,
2025-12-17T12:20:57.194Z,1.537,2,1000,640x360,1.955567999999971,1354,
2025-12-17T12:20:57.911Z,1.311,2,1000,640x360,1.939013999999986,1354,
2025-12-17T12:20:58.419Z,1.31,2,1000,640x360,1.9329190000000267,1362,
2025-12-17T12:20:58.896Z,1.34,2,1000,640x360,1.945758000000012,1339,
2025-12-17T12:20:59.400Z,1.328,2,1000,640x360,1.9555159999999887,1322,
2025-12-17T12:20:59.872Z,1.36,2,1000,640x360,1.9841260000000034,1410,
2025-12-17T12:21:00.357Z,1.366,2,1000,640x360,1.9916829999999663,1408,
2025-12-17T12:21:00.827Z,1.395,2,1000,640x360,1.9233879999999886,1427,
2025-12-17T12:21:01.263Z,1.453,2,1000,640x360,1.981377000000009,1424,
2025-12-17T12:21:01.620Z,1.52,2,1000,640x360,1.921342999999979,1388,
2025-12-17T12:21:01.651Z,1.969,2,1000,640x360,1.9892279999999687,1388,
2025-12-17T12:21:02.661Z,1.58,2,1000,640x360,1.9895589999999856,1391,
2025-12-17T12:21:03.236Z,1.496,2,1000,640x360,1.908538999999962,1400,
2025-12-17T12:21:03.745Z,1.471,2,1000,640x360,2.000614999999982,1357,
2025-12-17T12:21:04.246Z,1.491,2,1000,640x360,1.9902159999999753,1382,
2025-12-17T12:21:04.736Z,1.525,2,1000,640x360,1.9201180000000022,1372,
2025-12-17T12:21:05.237Z,1.503,2,1000,640x360,1.907574000000011,1366,
2025-12-17T12:21:05.738Z,1.499,2,1000,640x360,2.0008320000000026,1375,
2025-12-17T12:21:06.236Z,1.496,2,1000,640x360,1.899204999999995,1370,
2025-12-17T12:21:06.726Z,1.514,2,1000,640x360,1.9274819999999977,1380,
2025-12-17T12:21:07.242Z,1.484,2,1000,640x360,1.9994879999999853,1373,
2025-12-17T12:21:07.703Z,1.538,2,1000,640x360,1.9419340000000034,1387,
2025-12-17T12:21:08.204Z,1.535,2,1000,640x360,1.9427239999999983,1387,
2025-12-17T12:21:08.716Z,1.535,2,1000,640x360,1.9335169999999948,1315,
2025-12-17T12:21:09.232Z,1.504,2,1000,640x360,1.9118090000000052,1303,
2025-12-17T12:21:09.741Z,1.514,2,1000,640x360,2.019643999999971,1288,
2025-12-17T12:21:10.260Z,1.482,2,1000,640x360,1.9915269999999623,1220,
2025-12-17T12:21:10.776Z,1.44,2,1000,640x360,1.9654839999999467,1242,
2025-12-17T12:21:11.287Z,1.44,2,1000,640x360,1.9519039999999563,1341,
2025-12-17T12:21:11.761Z,1.469,2,1000,640x360,1.9823610000000258,1408,
2025-12-17T12:21:12.351Z,1.414,2,1000,640x360,1.9872099999999477,1406,
2025-12-17T12:21:12.591Z,1.658,2,1000,640x360,1.9673349999999914,1398,
2025-12-17T12:21:12.971Z,1.762,2,1000,640x360,1.9824419999999918,1398,
2025-12-17T12:21:13.903Z,1.335,2,1000,640x360,1.9355189999999993,1389,
2025-12-17T12:21:14.489Z,1.238,2,1000,640x360,1.953109999999981,1278,
2025-12-17T12:21:14.976Z,1.249,2,1000,640x360,1.9689149999999813,1281,
2025-12-17T12:21:15.513Z,1.246,2,1000,640x360,1.9316069999999854,1280,
2025-12-17T12:21:16.023Z,1.217,2,1000,640x360,1.9204109999999446,1275,
2025-12-17T12:21:16.540Z,1.211,2,1000,640x360,2.0098479999999768,1301,
2025-12-17T12:21:17.049Z,1.169,2,1000,640x360,1.9916829999999663,1322,
2025-12-17T12:21:17.560Z,1.17,2,1000,640x360,1.9990970000000061,1346,
2025-12-17T12:21:18.098Z,1.123,2,1000,640x360,1.9456779999999867,1398,
2025-12-17T12:21:18.615Z,1.114,2,1000,640x360,1.9262840000000097,1412,
2025-12-17T12:21:19.030Z,1.209,2,1000,640x360,1.9157989999999927,1399,
2025-12-17T12:21:19.540Z,1.202,2,1000,640x360,2.0019930000000272,1372,
2025-12-17T12:21:20.102Z,1.142,2,1000,640x360,1.9355860000000007,1374,
2025-12-17T12:21:20.563Z,1.162,2,1000,640x360,1.996767000000034,1411,
2025-12-17T12:21:21.039Z,1.191,2,1000,640x360,2.003221999999994,1448,
2025-12-17T12:21:21.619Z,1.159,2,1000,640x360,1.9352979999999889,1427,
2025-12-17T12:21:21.928Z,1.309,2,1000,640x360,1.9227329999999938,1423,
2025-12-17T12:21:22.360Z,1.366,2,1000,640x360,1.9817239999999856,1409,
2025-12-17T12:21:22.855Z,1.396,2,1000,640x360,1.984215000000006,1411,
2025-12-17T12:21:23.252Z,1.483,2,1000,640x360,1.9887699999999882,1400,
2025-12-17T12:21:23.683Z,1.545,2,1000,640x360,1.9575339999999528,1390,
2025-12-17T12:21:24.112Z,1.613,2,1000,640x360,1.933464000000015,1390,
2025-12-17T12:21:24.773Z,1.469,2,1000,640x360,1.9735709999999926,1371,
2025-12-17T12:21:25.437Z,1.294,2,1000,640x360,2.0077870000000075,1327,
2025-12-17T12:21:25.997Z,1.247,2,1000,640x360,1.953896000000043,1343,
2025-12-17T12:21:26.498Z,1.233,2,1000,640x360,1.9473590000000058,1387,
2025-12-17T12:21:27.003Z,1.225,2,1000,640x360,1.9360079999999584,1431,
2025-12-17T12:21:27.576Z,1.162,2,1000,640x360,1.9692900000000009,1417,
2025-12-17T12:21:28.038Z,1.199,2,1000,640x360,2.000246000000004,1426,
2025-12-17T12:21:28.511Z,1.243,2,1000,640x360,1.9374709999999595,1464,
2025-12-17T12:21:29.005Z,1.223,2,1000,640x360,1.935654999999997,1470,
2025-12-17T12:21:29.470Z,1.265,2,1000,640x360,1.9790669999999864,1476,
2025-12-17T12:21:29.803Z,1.388,2,1000,640x360,1.9442390000000387,1467,
2025-12-17T12:21:30.107Z,1.624,2,1000,640x360,1.9357009999999946,1447,
2025-12-17T12:21:30.523Z,1.676,2,1000,640x360,1.9215520000000197,1447,
2025-12-17T12:21:30.948Z,1.802,2,1000,640x360,1.9913099999999986,1427,
2025-12-17T12:21:31.542Z,1.708,2,1000,640x360,2.007870999999966,1438,
2025-12-17T12:21:32.135Z,1.592,2,1000,640x360,1.9135739999999828,1451,
2025-12-17T12:21:32.692Z,1.549,2,1000,640x360,1.9489790000000085,1442,
2025-12-17T12:21:33.254Z,1.469,2,1000,640x360,1.988771999999983,1444,
2025-12-17T12:21:33.841Z,1.418,2,1000,640x360,2.000536000000011,1453,
2025-12-17T12:21:34.315Z,1.405,2,1000,640x360,1.9369429999999852,1462,
2025-12-17T12:21:34.924Z,1.341,2,1000,640x360,1.9178459999999973,1445,
2025-12-17T12:21:35.374Z,1.341,2,1000,640x360,1.9638610000000085,1446,
2025-12-17T12:21:35.801Z,1.436,2,1000,640x360,1.9408840000000396,1415,
2025-12-17T12:21:36.274Z,1.439,2,1000,640x360,1.9656239999999912,1456,
2025-12-17T12:21:36.875Z,1.355,2,1000,640x360,1.9708699999999908,1451,
2025-12-17T12:21:37.435Z,1.295,2,1000,640x360,1.9039109999999937,1435,
2025-12-17T12:21:37.902Z,0.997,1,600,480x270,2.29896100000002,1387,
2025-12-17T12:21:38.203Z,0.965,1,600,480x270,2.2263829999999984,1387,
2025-12-17T12:21:38.530Z,1.071,1,600,480x270,2.14822300000003,1387,
2025-12-17T12:21:38.849Z,1.159,1,600,480x270,2.147851000000003,1432,
2025-12-17T12:21:39.127Z,1.336,1,600,480x270,2.0206959999999867,1461,
2025-12-17T12:21:39.443Z,1.497,1,600,480x270,2.0851149999999734,1461,
2025-12-17T12:21:39.777Z,1.666,1,600,480x270,2.0410979999999768,1455,
2025-12-17T12:21:40.297Z,1.615,1,600,480x270,1.9846229999999991,1442,
2025-12-17T12:21:40.814Z,1.574,1,600,480x270,1.94366100000002,1429,
2025-12-17T12:21:41.317Z,1.56,1,600,480x270,1.931381999999985,1419,
2025-12-17T12:21:41.398Z,1.565,2,1000,640x360,1.9503630000000385,1412,
2025-12-17T12:21:41.933Z,1.451,2,1000,640x360,1.9083350000000223,1412,
2025-12-17T12:21:42.443Z,1.44,2,1000,640x360,2.007269000000008,1377,
2025-12-17T12:21:42.966Z,1.418,2,1000,640x360,1.98645300000004,1372,
2025-12-17T12:21:43.489Z,1.387,2,1000,640x360,1.9727280000000178,1357,
2025-12-17T12:21:43.958Z,1.422,2,1000,640x360,1.9880540000000337,1372,
2025-12-17T12:21:44.413Z,1.457,2,1000,640x360,1.930900999999949,1401,
2025-12-17T12:21:44.875Z,1.501,2,1000,640x360,1.9694980000000442,1372,
2025-12-17T12:21:45.320Z,1.544,2,1000,640x360,1.9165780000000154,1375,
2025-12-17T12:21:45.779Z,1.589,2,1000,640x360,1.9651440000000093,1387,
2025-12-17T12:21:46.235Z,1.639,2,1000,640x360,1.9029620000000023,1371,
2025-12-17T12:21:46.686Z,1.696,2,1000,640x360,1.9701260000000502,1352,
2025-12-17T12:21:47.142Z,1.736,2,1000,640x360,2.0017730000000142,1352,
2025-12-17T12:21:47.610Z,1.781,2,1000,640x360,1.9582399999999893,1303,
2025-12-17T12:21:48.130Z,1.765,2,1000,640x360,1.9184529999999427,1287,
2025-12-17T12:21:48.629Z,1.747,2,1000,640x360,1.918250999999998,1320,
2025-12-17T12:21:49.107Z,1.771,2,1000,640x360,1.937172999999973,1367,
2025-12-17T12:21:49.571Z,1.807,2,1000,640x360,1.9696900000000142,1392,
2025-12-17T12:21:50.064Z,1.817,2,1000,640x360,1.9791189999999688,1404,
2025-12-17T12:21:50.542Z,1.845,2,1000,640x360,2.0076239999999643,1415,
2025-12-17T12:21:51.240Z,1.668,2,1000,640x360,1.9976149999999961,1437,
2025-12-17T12:21:51.868Z,1.518,2,1000,640x360,1.9782590000000937,1446,
2025-12-17T12:21:52.354Z,1.529,2,1000,640x360,1.9861290000000054,1443,
2025-12-17T12:21:52.894Z,1.462,2,1000,640x360,1.9447740000000522,1435,
2025-12-17T12:21:53.455Z,1.437,2,1000,640x360,1.9957229999999981,1442,
2025-12-17T12:21:54.028Z,1.363,2,1000,640x360,1.9135890000000018,1461,
2025-12-17T12:21:54.605Z,1.283,2,1000,640x360,1.9355869999999413,1478,
2025-12-17T12:21:55.116Z,1.263,2,1000,640x360,1.9263959999999543,1500,
2025-12-17T12:21:55.189Z,1.261,3,1500,768x432,1.9582189999999855,1515,
2025-12-17T12:21:55.815Z,1.05,3,1500,768x432,1.930925000000002,1515,
2025-12-17T12:21:56.503Z,0.899,3,1500,768x432,1.952756999999906,1522,
2025-12-17T12:21:57.101Z,0.777,3,1500,768x432,1.9552419999999984,1536,
2025-12-17T12:21:57.727Z,0.661,3,1500,768x432,1.9182570000000396,1554,
2025-12-17T12:21:58.411Z,0.472,3,1500,768x432,1.934613000000013,1547,
2025-12-17T12:21:59.035Z,0.347,3,1500,768x432,1.90290200000004,1547,
2025-12-17T12:21:59.101Z,0.342,2,1000,640x360,1.9355130000000145,1569,
2025-12-17T12:21:59.102Z,0.275,2,1000,640x360,1.934562000000028,1569,rebuffer happen
2025-12-17T12:21:59.499Z,0.377,2,1000,640x360,1.9529790000000276,1569,
2025-12-17T12:21:59.627Z,0.294,2,1000,640x360,1.9311449999999013,1572,rebuffer happen
2025-12-17T12:21:59.929Z,0.451,2,1000,640x360,1.9132470000000694,1572,
2025-12-17T12:22:00.421Z,0.495,2,1000,640x360,1.931611000000089,1563,
2025-12-17T12:22:00.855Z,0.508,2,1000,640x360,2.0018239999999423,1560,
2025-12-17T12:22:01.298Z,0.566,2,1000,640x360,1.939846999999986,1559,
2025-12-17T12:22:01.730Z,0.645,2,1000,640x360,1.9133389999999508,1551,
2025-12-17T12:22:02.150Z,0.733,2,1000,640x360,1.9908490000000256,1554,
2025-12-17T12:22:02.565Z,0.822,2,1000,640x360,1.9844080000000304,1554,
2025-12-17T12:22:02.992Z,0.864,2,1000,640x360,1.946203999999966,1580,
2025-12-17T12:22:03.431Z,0.957,2,1000,640x360,1.9194680000000517,1583,
2025-12-17T12:22:03.870Z,1.025,2,1000,640x360,1.9828870000000052,1577,
2025-12-17T12:22:03.950Z,0.979,3,1500,768x432,1.9958110000000033,1578,
2025-12-17T12:22:04.630Z,0.768,3,1500,768x432,1.931995000000029,1578,
2025-12-17T12:22:05.299Z,0.588,3,1500,768x432,1.9434299999999212,1590,
2025-12-17T12:22:05.898Z,0.515,3,1500,768x432,1.9657789999999977,1586,
2025-12-17T12:22:06.527Z,0.371,3,1500,768x432,1.9232220000000098,1594,
2025-12-17T12:22:06.691Z,0.197,3,1500,768x432,1.9591200000000981,1591,rebuffer happen
2025-12-17T12:22:07.168Z,0.233,3,1500,768x432,1.977532999999994,1591,
2025-12-17T12:22:07.812Z,0.092,3,1500,768x432,1.9584810000000061,1606,
2025-12-17T12:22:07.878Z,0.021,0,200,320x180,1.9858460000000377,1608,rebuffer happen
2025-12-17T12:22:07.886Z,0.021,0,200,320x180,1.9858460000000377,1608,
2025-12-17T12:22:07.986Z,0.439,0,200,320x180,2.021927000000005,1608,
2025-12-17T12:22:08.073Z,0.862,0,200,320x180,2.0422980000000734,1608,
2025-12-17T12:22:08.156Z,1.279,0,200,320x180,2.0500409999999647,1608,
2025-12-17T12:22:08.584Z,1.371,0,200,320x180,2.00028199999997,1608,
2025-12-17T12:22:09.054Z,1.305,0,200,320x180,2.002346999999986,1614,
2025-12-17T12:22:09.551Z,1.316,0,200,320x180,2.001427000000035,1592,
2025-12-17T12:22:10.052Z,1.326,0,200,320x180,1.991310999999996,1599,
2025-12-17T12:22:10.545Z,1.319,0,200,320x180,2.003376000000003,1580,
2025-12-17T12:22:11.047Z,1.334,0,200,320x180,1.9958500000000186,1550,
2025-12-17T12:22:11.552Z,1.32,0,200,320x180,2.002177999999958,1524,
2025-12-17T12:22:11.640Z,1.311,3,1500,768x432,1.911705999999981,1506,
2025-12-17T12:22:12.300Z,1.065,3,1500,768x432,1.940279999999916,1506,
2025-12-17T12:22:12.966Z,0.921,3,1500,768x432,1.9747540000000754,1450,
2025-12-17T12:22:13.631Z,0.755,3,1500,768x432,1.9225460000000112,1508,
2025-12-17T12:22:14.318Z,0.567,3,1500,768x432,1.917773000000011,1448,
2025-12-17T12:22:14.992Z,0.409,3,1500,768x432,1.9516570000000684,1469,
2025-12-17T12:22:15.059Z,0.335,2,1000,640x360,1.9923519999999826,1492,
2025-12-17T12:22:15.204Z,0.242,2,1000,640x360,1.9382150000000138,1492,rebuffer happen
2025-12-17T12:22:15.496Z,0.392,2,1000,640x360,1.9577150000000074,1492,
2025-12-17T12:22:15.651Z,0.28,2,1000,640x360,2.0095019999999977,1512,rebuffer happen
2025-12-17T12:22:15.940Z,0.468,2,1000,640x360,2.011369000000059,1512,
2025-12-17T12:22:16.388Z,0.477,2,1000,640x360,1.9523300000000745,1517,
2025-12-17T12:22:16.818Z,0.569,2,1000,640x360,1.9288399999999228,1505,
2025-12-17T12:22:17.263Z,0.599,2,1000,640x360,1.9798449999999548,1496,
2025-12-17T12:22:17.708Z,0.654,2,1000,640x360,1.930925000000002,1500,
2025-12-17T12:22:18.156Z,0.709,2,1000,640x360,1.9810159999999541,1457,
2025-12-17T12:22:18.605Z,0.788,2,1000,640x360,1.9432309999999688,1457,
2025-12-17T12:22:19.047Z,0.825,2,1000,640x360,1.9929519999999457,1450,
2025-12-17T12:22:19.473Z,0.919,2,1000,640x360,1.984617999999955,1421,
2025-12-17T12:22:19.910Z,0.956,2,1000,640x360,1.9369200000001001,1442,
2025-12-17T12:22:20.341Z,1.044,2,1000,640x360,1.9999829999999292,1463,
2025-12-17T12:22:20.792Z,1.113,2,1000,640x360,1.9650219999999763,1463,
2025-12-17T12:22:21.222Z,1.151,2,1000,640x360,1.9258140000000594,1483,
2025-12-17T12:22:21.662Z,1.222,2,1000,640x360,1.9879660000000285,1458,
2025-12-17T12:22:22.098Z,1.278,2,1000,640x360,1.9505819999999403,1458,
2025-12-17T12:22:22.537Z,1.342,2,1000,640x360,1.9040639999999485,1496,
2025-12-17T12:22:22.973Z,1.403,2,1000,640x360,1.9697629999999435,1487,
2025-12-17T12:22:23.412Z,1.464,2,1000,640x360,1.9307509999999866,1543,
2025-12-17T12:22:23.491Z,1.47,3,1500,768x432,1.959363000000053,1529,
2025-12-17T12:22:24.174Z,1.225,3,1500,768x432,1.9654379999999492,1529,
2025-12-17T12:22:24.840Z,1.064,3,1500,768x432,2.016854999999964,1524,
2025-12-17T12:22:25.515Z,0.866,3,1500,768x432,1.9361969999999928,1536,
2025-12-17T12:22:26.171Z,0.704,3,1500,768x432,1.9701180000000704,1553,
2025-12-17T12:22:26.833Z,0.554,3,1500,768x432,1.912239999999997,1566,
2025-12-17T12:22:26.910Z,0.546,2,1000,640x360,1.9426479999999628,1555,
2025-12-17T12:22:27.346Z,0.528,2,1000,640x360,1.9984650000000101,1555,
2025-12-17T12:22:27.768Z,0.616,2,1000,640x360,1.979043000000047,1550,
2025-12-17T12:22:28.229Z,0.638,2,1000,640x360,1.9107269999999517,1557,
2025-12-17T12:22:28.666Z,0.728,2,1000,640x360,1.9985580000000027,1557,
2025-12-17T12:22:29.106Z,0.756,2,1000,640x360,1.9398850000000039,1557,
2025-12-17T12:22:29.557Z,0.82,2,1000,640x360,1.9931289999999535,1573,
2025-12-17T12:22:30.014Z,0.84,2,1000,640x360,1.9290039999999635,1564,
2025-12-17T12:22:30.464Z,0.9,2,1000,640x360,1.9813970000000154,1555,
2025-12-17T12:22:30.916Z,0.959,2,1000,640x360,1.9287669999999935,1558,
2025-12-17T12:22:31.369Z,1.005,2,1000,640x360,1.9701820000000225,1582,
2025-12-17T12:22:31.439Z,1.009,3,1500,768x432,1.907508000000007,1576,
2025-12-17T12:22:32.111Z,0.784,3,1500,768x432,1.9283329999999523,1576,
2025-12-17T12:22:32.752Z,0.644,3,1500,768x432,2.0095810000000256,1612,
2025-12-17T12:22:33.400Z,0.475,3,1500,768x432,1.9473950000000286,1603,
2025-12-17T12:22:34.055Z,0.322,3,1500,768x432,2.0032300000000305,1594,
2025-12-17T12:22:34.172Z,0.215,3,1500,768x432,1.9743459999999686,1597,rebuffer happen
2025-12-17T12:22:34.749Z,0.121,3,1500,768x432,1.994664000000057,1597,
2025-12-17T12:22:34.867Z,0.018,3,1500,768x432,1.977708000000007,1581,rebuffer happen
2025-12-17T12:22:35.418Z,0.096,3,1500,768x432,2.0571690000000444,1581,
2025-12-17T12:22:35.484Z,0.03,0,200,320x180,2.100904000000014,1575,rebuffer happen
2025-12-17T12:22:35.491Z,0.03,0,200,320x180,2.100904000000014,1575,
2025-12-17T12:22:35.586Z,0.467,0,200,320x180,2.1480319999999438,1575,
2025-12-17T12:22:35.675Z,0.889,0,200,320x180,2.1609600000000455,1575,
2025-12-17T12:22:35.752Z,1.275,0,200,320x180,2.192788000000064,1575,
2025-12-17T12:22:35.835Z,1.705,0,200,320x180,2.0895340000000715,1587,
2025-12-17T12:22:36.005Z,2.027,0,200,320x180,2.0813790000000836,1587,
2025-12-17T12:22:36.535Z,1.927,0,200,320x180,2.0157279999999673,1587,
2025-12-17T12:22:37.020Z,1.944,0,200,320x180,1.976224000000002,1569,
2025-12-17T12:22:37.486Z,1.909,0,200,320x180,2.001999000000069,1531,
2025-12-17T12:22:38.032Z,1.903,0,200,320x180,1.941157999999973,1479,
2025-12-17T12:22:38.517Z,1.91,0,200,320x180,1.9415430000000242,1447,
2025-12-17T12:22:39.016Z,1.864,0,200,320x180,1.931889999999953,1395,
2025-12-17T12:22:39.094Z,1.847,2,1000,640x360,1.9466830000000073,1344,
2025-12-17T12:22:39.517Z,1.867,2,1000,640x360,1.9293799999999237,1344,
2025-12-17T12:22:40.020Z,1.843,2,1000,640x360,1.9216189999999642,1386,
2025-12-17T12:22:40.516Z,1.868,2,1000,640x360,1.9392310000000634,1405,
2025-12-17T12:22:41.012Z,1.87,2,1000,640x360,1.9293739999999389,1427,
2025-12-17T12:22:41.517Z,1.887,2,1000,640x360,1.9349679999999125,1441,
2025-12-17T12:22:42.015Z,1.872,2,1000,640x360,1.9379880000000185,1468,
2025-12-17T12:22:42.515Z,1.868,2,1000,640x360,1.933828999999946,1485,
2025-12-17T12:22:43.030Z,1.826,2,1000,640x360,1.9143720000000712,1510,
2025-12-17T12:22:43.111Z,1.848,3,1500,768x432,1.92512099999999,1518,
2025-12-17T12:22:43.757Z,1.605,3,1500,768x432,1.9853180000000066,1518,
2025-12-17T12:22:44.418Z,1.477,3,1500,768x432,1.9268130000000383,1520,
2025-12-17T12:22:45.078Z,1.3,3,1500,768x432,1.97022800000002,1517,
2025-12-17T12:22:45.744Z,1.158,3,1500,768x432,2.0166789999999537,1537,
2025-12-17T12:22:46.398Z,0.98,3,1500,768x432,1.9427259999999933,1546,
2025-12-17T12:22:47.024Z,0.861,3,1500,768x432,1.9186590000000479,1591,
2025-12-17T12:22:47.099Z,0.84,2,1000,640x360,1.9385559999999487,1643,
2025-12-17T12:22:47.496Z,0.88,2,1000,640x360,1.9496840000000475,1643,
2025-12-17T12:22:47.936Z,0.929,2,1000,640x360,1.9149709999999232,1632,
2025-12-17T12:22:48.345Z,1.021,2,1000,640x360,1.9995810000000347,1619,
2025-12-17T12:22:48.753Z,1.137,2,1000,640x360,1.9913060000000087,1600,
2025-12-17T12:22:49.181Z,1.171,2,1000,640x360,1.9620550000000776,1610,
2025-12-17T12:22:49.633Z,1.269,2,1000,640x360,1.9334160000000793,1610,
2025-12-17T12:22:50.063Z,1.309,2,1000,640x360,1.9860810000000129,1588,
2025-12-17T12:22:50.485Z,1.389,2,1000,640x360,1.9566820000000007,1586,
2025-12-17T12:22:50.561Z,1.392,3,1500,768x432,1.9895040000000108,1535,
2025-12-17T12:22:51.177Z,1.197,3,1500,768x432,1.9606830000000173,1535,
2025-12-17T12:22:51.826Z,1.056,3,1500,768x432,1.910708999999997,1542,
2025-12-17T12:22:52.569Z,0.832,3,1500,768x432,1.9769750000000386,1558,
2025-12-17T12:22:53.358Z,0.545,3,1500,768x432,1.9787380000000212,1592,
2025-12-17T12:22:54.042Z,0.361,3,1500,768x432,2.0049280000000635,1649,
2025-12-17T12:22:54.113Z,0.317,2,1000,640x360,1.9322710000000143,1641,
2025-12-17T12:22:54.114Z,0.269,2,1000,640x360,1.9312519999999722,1641,rebuffer happen
2025-12-17T12:22:54.642Z,0.255,2,1000,640x360,2.023429999999962,1641,
2025-12-17T12:22:55.118Z,0.29,2,1000,640x360,1.9473769999999604,1637,
2025-12-17T12:22:55.557Z,0.358,2,1000,640x360,2.0120170000000144,1627,
2025-12-17T12:22:55.661Z,0.249,2,1000,640x360,2.012067000000002,1658,rebuffer happen
2025-12-17T12:22:55.976Z,0.437,2,1000,640x360,1.98948699999994,1658,
2025-12-17T12:22:56.415Z,0.453,2,1000,640x360,1.9534320000000207,1646,
2025-12-17T12:22:56.907Z,0.518,2,1000,640x360,1.9499279999999999,1629,
2025-12-17T12:22:57.407Z,0.519,2,1000,640x360,1.9479770000000372,1659,
2025-12-17T12:22:57.905Z,0.505,2,1000,640x360,1.9483559999999898,1650,
2025-12-17T12:22:58.340Z,0.516,2,1000,640x360,1.998548000000028,1704,
2025-12-17T12:22:58.825Z,0.61,2,1000,640x360,1.94037000000003,1727,
2025-12-17T12:22:59.250Z,0.627,2,1000,640x360,1.9934729999999945,1726,
2025-12-17T12:22:59.675Z,0.703,2,1000,640x360,1.970721000000026,1706,
2025-12-17T12:23:00.108Z,0.776,2,1000,640x360,1.9423810000000685,1706,
2025-12-17T12:23:00.519Z,0.866,2,1000,640x360,1.9253020000001015,1700,
2025-12-17T12:23:00.945Z,0.93,2,1000,640x360,2.0023159999999507,1712,
2025-12-17T12:23:01.358Z,1.004,2,1000,640x360,1.9802359999999908,1693,
2025-12-17T12:23:01.431Z,1.019,3,1500,768x432,1.9145670000000337,1696,
2025-12-17T12:23:02.062Z,0.807,3,1500,768x432,1.9847260000000233,1696,
2025-12-17T12:23:02.694Z,0.699,3,1500,768x432,1.9607899999999745,1689,
2025-12-17T12:23:03.331Z,0.553,3,1500,768x432,1.9215430000000424,1727,
2025-12-17T12:23:03.970Z,0.413,3,1500,768x432,1.9713879999999335,1730,
2025-12-17T12:23:04.092Z,0.287,3,1500,768x432,1.9580410000000938,1776,rebuffer happen
2025-12-17T12:23:04.383Z,0.297,3,1500,768x432,1.9629340000000184,1776,rebuffer happen
2025-12-17T12:23:04.554Z,0.297,3,1500,768x432,2.0030950000000303,1776,rebuffer happen
2025-12-17T12:23:04.592Z,0.297,3,1500,768x432,1.9645080000000235,1776,
2025-12-17T12:23:05.230Z,0.128,3,1500,768x432,1.9156019999999216,1765,
2025-12-17T12:23:05.307Z,0.153,1,600,480x270,1.948902999999973,1757,
2025-12-17T12:23:05.359Z,0.027,1,600,480x270,1.9861960000000636,1757,rebuffer happen
2025-12-17T12:23:05.577Z,0.391,1,600,480x270,2.0742239999999583,1757,
2025-12-17T12:23:05.707Z,0.292,1,600,480x270,2.0222870000000057,1757,rebuffer happen
2025-12-17T12:23:05.858Z,0.591,1,600,480x270,2.049276000000077,1757,
2025-12-17T12:23:06.137Z,0.785,1,600,480x270,2.0448679999999513,1750,
2025-12-17T12:23:06.406Z,0.995,1,600,480x270,1.9709149999999909,1750,
2025-12-17T12:23:06.678Z,1.194,1,600,480x270,1.9850770000000466,1727,
2025-12-17T12:23:06.949Z,1.43,1,600,480x270,2.0125370000000657,1727,
2025-12-17T12:23:07.219Z,1.645,1,600,480x270,1.9265010000000302,1648,
2025-12-17T12:23:07.509Z,1.873,1,600,480x270,1.9472910000000638,1642,
2025-12-17T12:23:08.011Z,1.836,1,600,480x270,1.9376809999999978,1642,
2025-12-17T12:23:08.508Z,1.855,1,600,480x270,1.9398439999999937,1627,
2025-12-17T12:23:09.035Z,1.878,1,600,480x270,1.9137590000000273,1676,
2025-12-17T12:23:09.113Z,1.809,3,1500,768x432,1.9248260000000528,1690,
2025-12-17T12:23:09.775Z,1.613,3,1500,768x432,1.9765249999999241,1690,
2025-12-17T12:23:10.429Z,1.448,3,1500,768x432,1.9125400000000354,1674,
2025-12-17T12:23:11.101Z,1.275,3,1500,768x432,1.950091000000043,1729,
2025-12-17T12:23:11.788Z,1.114,3,1500,768x432,1.9571630000000368,1688,
2025-12-17T12:23:12.456Z,0.924,3,1500,768x432,1.9922430000000304,1682,
2025-12-17T12:23:12.528Z,0.928,2,1000,640x360,1.9200929999999516,1657,
2025-12-17T12:23:12.963Z,0.926,2,1000,640x360,1.9826260000000957,1657,
2025-12-17T12:23:13.418Z,0.949,2,1000,640x360,1.9289710000000468,1647,
2025-12-17T12:23:13.876Z,0.999,2,1000,640x360,1.9761289999999008,1608,
2025-12-17T12:23:14.335Z,1.044,2,1000,640x360,1.9142739999999776,1599,
2025-12-17T12:23:14.789Z,1.088,2,1000,640x360,1.9506620000000794,1601,
2025-12-17T12:23:15.239Z,1.134,2,1000,640x360,1.9991139999999632,1722,
2025-12-17T12:23:15.705Z,1.184,2,1000,640x360,1.936256999999955,1746,
2025-12-17T12:23:16.154Z,1.202,2,1000,640x360,1.9889009999999416,1722,
2025-12-17T12:23:16.232Z,1.223,3,1500,768x432,1.9104999999999563,1722,
2025-12-17T12:23:16.898Z,0.965,3,1500,768x432,1.9526799999999866,1722,
2025-12-17T12:23:17.568Z,0.837,3,1500,768x432,1.9983670000000302,1663,
2025-12-17T12:23:18.253Z,0.648,3,1500,768x432,1.9925880000000689,1660,
2025-12-17T12:23:18.948Z,0.439,3,1500,768x432,1.9984600000000228,1610,
2025-12-17T12:23:19.163Z,0.248,3,1500,768x432,1.9780510000000504,1562,rebuffer happen
2025-12-17T12:23:19.621Z,0.271,3,1500,768x432,1.9222790000000032,1562,
2025-12-17T12:23:19.689Z,0.261,1,600,480x270,1.9626980000000458,1560,
2025-12-17T12:23:19.959Z,0.403,1,600,480x270,1.9867480000000342,1560,
2025-12-17T12:23:20.239Z,0.612,1,600,480x270,2.00468699999999,1570,
2025-12-17T12:23:20.521Z,0.845,1,600,480x270,1.935769999999934,1537,
2025-12-17T12:23:20.803Z,1.076,1,600,480x270,1.948921999999925,1537,
2025-12-17T12:23:21.086Z,1.287,1,600,480x270,1.9637769999999364,1502,
2025-12-17T12:23:21.353Z,1.503,1,600,480x270,1.992163000000005,1502,
2025-12-17T12:23:21.622Z,1.766,1,600,480x270,1.9378359999999475,1493,
2025-12-17T12:23:22.006Z,1.883,1,600,480x270,1.9412519999999631,1493,
2025-12-17T12:23:22.503Z,1.883,1,600,480x270,1.9363119999999299,1524,
2025-12-17T12:23:23.006Z,1.885,1,600,480x270,1.944970000000012,1477,
2025-12-17T12:23:23.504Z,1.875,1,600,480x270,1.9384549999999763,1499,
2025-12-17T12:23:23.583Z,1.878,2,1000,640x360,1.962395000000015,1453,
2025-12-17T12:23:24.019Z,1.864,2,1000,640x360,1.927548999999999,1453,
2025-12-17T12:23:24.513Z,1.855,2,1000,640x360,1.9393440000000055,1436,
2025-12-17T12:23:25.009Z,1.877,2,1000,640x360,1.9397160000000895,1480,
2025-12-17T12:23:25.513Z,1.882,2,1000,640x360,1.940684000000033,1510,
2025-12-17T12:23:26.028Z,1.855,2,1000,640x360,1.9197550000000092,1533,
2025-12-17T12:23:26.544Z,1.876,2,1000,640x360,2.0197140000000218,1496,
2025-12-17T12:23:27.030Z,1.887,2,1000,640x360,1.9236339999999927,1413,
2025-12-17T12:23:27.512Z,1.851,2,1000,640x360,1.9365809999999328,1389,
2025-12-17T12:23:28.028Z,1.883,2,1000,640x360,1.9146520000000464,1397,
2025-12-17T12:23:28.509Z,1.855,2,1000,640x360,1.9375569999999698,1335,
2025-12-17T12:23:29.012Z,1.846,2,1000,640x360,1.9281009999999696,1320,
2025-12-17T12:23:29.514Z,1.879,2,1000,640x360,1.9383320000000595,1309,
2025-12-17T12:23:30.058Z,1.856,2,1000,640x360,1.9859669999999596,1338,
2025-12-17T12:23:30.542Z,1.878,2,1000,640x360,2.0181159999999636,1353,
2025-12-17T12:23:31.045Z,1.878,2,1000,640x360,2.011015000000043,1342,
2025-12-17T12:23:31.556Z,1.857,2,1000,640x360,1.994621000000052,1347,
2025-12-17T12:23:32.026Z,1.882,2,1000,640x360,1.9126349999999093,1338,
2025-12-17T12:23:32.541Z,1.876,2,1000,640x360,2.008546000000024,1327,
2025-12-17T12:23:33.022Z,1.826,2,1000,640x360,1.9165209999999888,1301,
2025-12-17T12:23:33.554Z,1.834,2,1000,640x360,2.003755999999953,1310,
2025-12-17T12:23:34.006Z,1.875,2,1000,640x360,1.9442430000000286,1297,
2025-12-17T12:23:34.845Z,1.568,2,1000,640x360,2.001594999999952,1205,
2025-12-17T12:23:35.364Z,1.527,2,1000,640x360,1.9753960000000461,1191,
2025-12-17T12:23:35.754Z,1.63,2,1000,640x360,1.9934769999999844,1276,
2025-12-17T12:23:36.150Z,1.732,2,1000,640x360,1.9873569999999745,1269,
2025-12-17T12:23:36.601Z,1.791,2,1000,640x360,1.9467130000000452,1269,
2025-12-17T12:23:37.044Z,1.806,2,1000,640x360,1.9970400000000836,1345,
2025-12-17T12:23:37.520Z,1.848,2,1000,640x360,1.9339149999999563,1345,
2025-12-17T12:23:38.019Z,1.866,2,1000,640x360,1.9305749999999762,1395,
2025-12-17T12:23:38.510Z,1.883,2,1000,640x360,1.9419359999999415,1457,
2025-12-17T12:23:39.011Z,1.883,2,1000,640x360,1.947840000000042,1497,
2025-12-17T12:23:39.504Z,1.88,2,1000,640x360,1.9336649999999054,1489,
2025-12-17T12:23:40.009Z,1.867,2,1000,640x360,1.9318489999999429,1480,
2025-12-17T12:23:40.601Z,1.761,2,1000,640x360,1.9405639999999948,1476,
2025-12-17T12:23:42.026Z,0.825,2,1000,640x360,1.9156029999999191,1475,
2025-12-17T12:23:42.527Z,0.861,2,1000,640x360,1.9288460000000214,1489,
2025-12-17T12:23:43.082Z,0.799,2,1000,640x360,1.9617299999999886,1505,
2025-12-17T12:23:43.508Z,0.866,2,1000,640x360,1.9301560000000109,1498,
2025-12-17T12:23:43.946Z,0.938,2,1000,640x360,2.00023699999997,1509,
2025-12-17T12:23:44.364Z,1.022,2,1000,640x360,1.9811750000000075,1553,
2025-12-17T12:23:44.440Z,0.972,3,1500,768x432,1.9094840000000204,1555,
2025-12-17T12:23:45.072Z,0.814,3,1500,768x432,1.9803120000000263,1555,
2025-12-17T12:23:45.724Z,0.687,3,1500,768x432,1.92808500000001,1546,
2025-12-17T12:23:46.364Z,0.528,3,1500,768x432,1.980052999999998,1549,
2025-12-17T12:23:46.986Z,0.397,3,1500,768x432,1.9596070000000054,1547,
2025-12-17T12:23:47.161Z,0.255,3,1500,768x432,1.9838040000000774,1555,rebuffer happen
2025-12-17T12:23:47.663Z,0.268,3,1500,768x432,2.0048040000000356,1555,
2025-12-17T12:23:48.282Z,0.137,3,1500,768x432,1.993537999999944,1566,
2025-12-17T12:23:48.356Z,0.121,0,200,320x180,2.014269000000013,1577,
2025-12-17T12:23:48.377Z,0.029,0,200,320x180,1.9959720000000516,1577,rebuffer happen
2025-12-17T12:23:48.466Z,0.441,0,200,320x180,2.015536999999995,1577,
2025-12-17T12:23:48.568Z,0.798,0,200,320x180,2.024540000000002,1577,
2025-12-17T12:23:48.679Z,1.194,0,200,320x180,2.0012629999999945,1577,
2025-12-17T12:23:48.787Z,1.613,0,200,320x180,1.9954970000000003,1577,
2025-12-17T12:23:48.997Z,1.903,0,200,320x180,1.9666530000000648,1606,
2025-12-17T12:23:49.529Z,1.852,0,200,320x180,1.9295379999999795,1606,
2025-12-17T12:23:49.921Z,1.977,0,200,320x180,1.9307900000000018,1595,
2025-12-17T12:23:50.990Z,1.127,0,200,320x180,1.9608109999999215,1596,
2025-12-17T12:23:51.824Z,0.166,0,200,320x180,1.9349470000000792,1155,rebuffer happen
2025-12-17T12:23:51.963Z,0.024,0,200,320x180,1.9947100000000546,1155,rebuffer happen
2025-12-17T12:23:53.037Z,0.024,0,200,320x180,2.9937099999999646,1155,