timestamp,bufferLevel,qualityIndex,bitrateKbps,resolution,liveLatency,predictedKbps,rebuffer
2025-12-19T03:19:48.410Z,0,3,1500,768x432,1.253,,
2025-12-19T03:19:48.415Z,0,3,1500,768x432,1.253,,rebuffer happen
2025-12-19T03:19:48.438Z,0.1,3,1500,768x432,1.252406,,rebuffer happen
2025-12-19T03:19:48.530Z,0.018,3,1500,768x432,1.373882,,rebuffer happen
2025-12-19T03:19:48.596Z,0.027,3,1500,768x432,1.349388,,rebuffer happen
2025-12-19T03:19:48.746Z,0.019,3,1500,768x432,1.5107339999999998,,rebuffer happen
2025-12-19T03:19:48.812Z,0.021,3,1500,768x432,1.479183,,rebuffer happen
2025-12-19T03:19:48.896Z,0.017,3,1500,768x432,1.533266,,rebuffer happen
2025-12-19T03:19:48.963Z,0.02,3,1500,768x432,1.61243,,rebuffer happen
2025-12-19T03:19:48.996Z,0.027,3,1500,768x432,1.586266,,rebuffer happen
2025-12-19T03:19:49.046Z,0.024,3,1500,768x432,1.642731,,rebuffer happen
2025-12-19T03:19:49.112Z,0.03,3,1500,768x432,1.615039,,rebuffer happen
2025-12-19T03:19:49.233Z,0.062,3,1500,768x432,1.712573,,
2025-12-19T03:19:49.280Z,0.019,0,200,320x180,1.671629,NaN,rebuffer happen
2025-12-19T03:19:49.310Z,0.019,0,200,320x180,1.671629,NaN,
2025-12-19T03:19:49.541Z,0.019,0,200,320x180,1.776629,NaN,
2025-12-19T03:19:49.817Z,0.658,0,200,320x180,1.848532,NaN,
2025-12-19T03:19:49.970Z,1.145,0,200,320x180,1.9900730000000002,NaN,
2025-12-19T03:19:50.146Z,1.404,0,200,320x180,2.0039499999999997,NaN,
2025-12-19T03:19:50.307Z,1.79,0,200,320x180,1.944291,NaN,
2025-12-19T03:19:50.482Z,2.089,0,200,320x180,1.960819,NaN,
2025-12-19T03:19:50.904Z,2.166,0,200,320x180,1.929575,NaN,
2025-12-19T03:19:51.398Z,2.198,0,200,320x180,1.9298780000000004,NaN,
2025-12-19T03:19:52.320Z,1.737,0,200,320x180,1.998444,NaN,
2025-12-19T03:19:52.585Z,1.948,0,200,320x180,1.9412090000000002,NaN,
2025-12-19T03:19:52.755Z,2.314,0,200,320x180,1.985233,NaN,
2025-12-19T03:19:52.831Z,2.302,1,600,480x270,2.0070269999999995,NaN,
2025-12-19T03:19:53.359Z,2.202,1,600,480x270,1.963915,NaN,
2025-12-19T03:19:53.848Z,2.2,1,600,480x270,1.9699850000000003,NaN,
2025-12-19T03:19:54.357Z,2.197,1,600,480x270,1.9580599999999997,NaN,
2025-12-19T03:19:54.863Z,2.193,1,600,480x270,1.9567559999999995,NaN,
2025-12-19T03:19:55.383Z,2.165,1,600,480x270,1.9327330000000007,NaN,
2025-12-19T03:19:55.868Z,2.209,1,600,480x270,1.959676,NaN,
2025-12-19T03:19:56.426Z,2.138,1,600,480x270,1.9885860000000006,NaN,
2025-12-19T03:19:56.497Z,2.11,2,1000,640x360,1.9159500000000005,NaN,
2025-12-19T03:19:57.030Z,2.036,2,1000,640x360,2.0121259999999994,NaN,
2025-12-19T03:19:57.540Z,2.009,2,1000,640x360,1.9908599999999996,NaN,
2025-12-19T03:19:58.086Z,2.008,2,1000,640x360,1.9344059999999992,NaN,
2025-12-19T03:19:58.548Z,2.005,2,1000,640x360,1.9723030000000001,NaN,
2025-12-19T03:19:59.040Z,2.013,2,1000,640x360,1.9760709999999992,NaN,
2025-12-19T03:19:59.527Z,2.027,2,1000,640x360,2.0021640000000005,NaN,
2025-12-19T03:20:00.040Z,2.03,2,1000,640x360,1.9817270000000011,NaN,
2025-12-19T03:20:00.543Z,2.013,2,1000,640x360,1.9778529999999996,NaN,
2025-12-19T03:20:01.039Z,2.033,2,1000,640x360,1.9903790000000008,NaN,
2025-12-19T03:20:01.521Z,2.03,2,1000,640x360,2.001442000000001,NaN,
2025-12-19T03:20:02.026Z,2.037,2,1000,640x360,1.9904349999999997,NaN,
2025-12-19T03:20:02.548Z,2,2,1000,640x360,1.97241,NaN,
2025-12-19T03:20:03.041Z,2.014,2,1000,640x360,1.98034,NaN,
2025-12-19T03:20:03.653Z,1.915,2,1000,640x360,1.972194,NaN,
2025-12-19T03:20:04.017Z,2.042,2,1000,640x360,2.0054730000000003,NaN,
2025-12-19T03:20:04.509Z,2.053,2,1000,640x360,1.9158290000000022,NaN,
2025-12-19T03:20:05.022Z,2.041,2,1000,640x360,2.0055760000000014,1397,
2025-12-19T03:20:05.537Z,2.026,2,1000,640x360,1.9840480000000014,1406,
2025-12-19T03:20:06.026Z,2.031,2,1000,640x360,2.008916000000003,1392,
2025-12-19T03:20:06.541Z,2.024,2,1000,640x360,1.9824179999999991,1397,
2025-12-19T03:20:07.046Z,2.019,2,1000,640x360,1.9723919999999993,1399,
2025-12-19T03:20:07.540Z,1.98,2,1000,640x360,1.9784559999999978,1403,
2025-12-19T03:20:07.904Z,2.142,2,1000,640x360,1.9304430000000004,1413,
2025-12-19T03:20:08.365Z,2.178,2,1000,640x360,1.9497629999999972,1417,
2025-12-19T03:20:08.955Z,2.097,2,1000,640x360,1.9767009999999985,1427,
2025-12-19T03:20:09.524Z,2.038,2,1000,640x360,1.9902900000000017,1428,
2025-12-19T03:20:10.020Z,2.035,2,1000,640x360,2.0146240000000013,1453,
2025-12-19T03:20:10.513Z,2.043,2,1000,640x360,1.9086759999999998,1443,
2025-12-19T03:20:11.012Z,2.044,2,1000,640x360,1.9138669999999998,1447,
2025-12-19T03:20:11.637Z,1.917,2,1000,640x360,1.9806620000000024,1450,
2025-12-19T03:20:12.255Z,1.817,2,1000,640x360,1.960953,1455,
2025-12-19T03:20:12.729Z,1.823,2,1000,640x360,1.9977620000000016,1469,
2025-12-19T03:20:13.055Z,1.994,2,1000,640x360,1.9725980000000014,1469,
2025-12-19T03:20:13.427Z,2.116,2,1000,640x360,1.9897480000000023,1460,
2025-12-19T03:20:13.959Z,2.108,2,1000,640x360,1.9680679999999988,1469,
2025-12-19T03:20:14.975Z,1.75,2,1000,640x360,1.9538959999999967,1482,
2025-12-19T03:20:15.458Z,1.601,2,1000,640x360,1.9685319999999997,1478,
2025-12-19T03:20:15.897Z,1.662,2,1000,640x360,1.9220390000000016,1479,
2025-12-19T03:20:16.336Z,1.718,2,1000,640x360,1.9789229999999982,1473,
2025-12-19T03:20:16.776Z,1.782,2,1000,640x360,1.9516039999999997,1478,
2025-12-19T03:20:17.210Z,1.844,2,1000,640x360,1.9194889999999987,1475,
2025-12-19T03:20:17.656Z,1.901,2,1000,640x360,1.9806929999999987,1475,
2025-12-19T03:20:18.102Z,1.968,2,1000,640x360,1.9178929999999994,1465,
2025-12-19T03:20:18.549Z,2.014,2,1000,640x360,1.968320000000002,1463,
2025-12-19T03:20:19.049Z,1.996,2,1000,640x360,1.9670869999999994,1457,
2025-12-19T03:20:19.551Z,2.015,2,1000,640x360,1.9729700000000037,1448,
2025-12-19T03:20:20.050Z,2.017,2,1000,640x360,1.9685619999999986,1463,
2025-12-19T03:20:20.545Z,2.003,2,1000,640x360,1.9720949999999995,1467,
2025-12-19T03:20:21.035Z,2.029,2,1000,640x360,1.9901149999999994,1492,
2025-12-19T03:20:21.539Z,2.022,2,1000,640x360,1.992055999999998,1463,
2025-12-19T03:20:22.044Z,2.026,2,1000,640x360,1.9774339999999953,1475,
2025-12-19T03:20:22.543Z,2.019,2,1000,640x360,1.9741309999999999,1486,
2025-12-19T03:20:23.040Z,2.022,2,1000,640x360,1.9953750000000028,1475,
2025-12-19T03:20:23.544Z,2.021,2,1000,640x360,1.9841610000000003,1479,
2025-12-19T03:20:24.038Z,2.028,2,1000,640x360,1.9899030000000053,1481,
2025-12-19T03:20:24.538Z,2.009,2,1000,640x360,1.9875550000000004,1484,
2025-12-19T03:20:25.046Z,2.023,2,1000,640x360,1.974305000000001,1490,
2025-12-19T03:20:25.537Z,2.016,2,1000,640x360,1.9835470000000015,1490,
2025-12-19T03:20:26.044Z,2.013,2,1000,640x360,1.975328999999995,1480,
2025-12-19T03:20:26.538Z,2.024,2,1000,640x360,1.9866170000000025,1491,
2025-12-19T03:20:27.088Z,1.983,2,1000,640x360,1.943449000000001,1495,
2025-12-19T03:20:27.476Z,2.079,2,1000,640x360,1.9401269999999968,1495,
2025-12-19T03:20:28.014Z,2.041,2,1000,640x360,1.9134389999999968,1496,
2025-12-19T03:20:28.096Z,1.999,3,1500,768x432,1.9182709999999972,1501,
2025-12-19T03:20:28.703Z,1.867,3,1500,768x432,1.9318549999999988,1501,
2025-12-19T03:20:29.346Z,1.727,3,1500,768x432,1.9712359999999975,1506,
2025-12-19T03:20:30.020Z,1.564,3,1500,768x432,1.9976270000000014,1510,
2025-12-19T03:20:30.704Z,1.384,3,1500,768x432,1.9320880000000002,1516,
2025-12-19T03:20:31.401Z,1.146,3,1500,768x432,1.9239710000000017,1518,
2025-12-19T03:20:32.107Z,0.98,3,1500,768x432,1.9203290000000024,1514,
2025-12-19T03:20:32.184Z,0.95,2,1000,640x360,1.9497959999999992,1513,
2025-12-19T03:20:32.632Z,0.934,2,1000,640x360,2.0055869999999985,1513,
2025-12-19T03:20:33.089Z,0.969,2,1000,640x360,1.9428879999999964,1505,
2025-12-19T03:20:33.545Z,1.025,2,1000,640x360,1.981344,1484,
2025-12-19T03:20:33.988Z,1.079,2,1000,640x360,1.932938,1500,
2025-12-19T03:20:34.434Z,1.129,2,1000,640x360,1.9808469999999971,1487,
2025-12-19T03:20:34.881Z,1.196,2,1000,640x360,1.9526700000000048,1497,
2025-12-19T03:20:35.336Z,1.232,2,1000,640x360,1.9858929999999972,1467,
2025-12-19T03:20:35.791Z,1.265,2,1000,640x360,1.9341539999999995,1501,
2025-12-19T03:20:35.860Z,1.276,3,1500,768x432,1.955924000000003,1509,
2025-12-19T03:20:36.515Z,1.036,3,1500,768x432,2.001199999999997,1509,
2025-12-19T03:20:37.185Z,0.881,3,1500,768x432,1.944665999999998,1514,
2025-12-19T03:20:37.808Z,0.758,3,1500,768x432,1.9110749999999967,1518,
2025-12-19T03:20:38.443Z,0.593,3,1500,768x432,1.9788989999999984,1524,
2025-12-19T03:20:39.080Z,0.502,3,1500,768x432,1.9414310000000015,1529,
2025-12-19T03:20:39.331Z,0.271,3,1500,768x432,2.0007699999999957,1520,rebuffer happen
2025-12-19T03:20:39.705Z,0.376,3,1500,768x432,1.941834,1520,
2025-12-19T03:20:39.783Z,0.333,2,1000,640x360,1.9558999999999997,1562,
2025-12-19T03:20:39.985Z,0.162,2,1000,640x360,1.9487999999999985,1562,rebuffer happen
2025-12-19T03:20:40.282Z,0.284,2,1000,640x360,1.9548389999999998,1562,
2025-12-19T03:20:40.717Z,0.364,2,1000,640x360,2.0173369999999977,1541,
2025-12-19T03:20:40.803Z,0.281,2,1000,640x360,1.9310180000000017,1541,rebuffer happen
2025-12-19T03:20:41.161Z,0.29,2,1000,640x360,1.9779750000000007,1541,rebuffer happen
2025-12-19T03:20:41.238Z,0.331,2,1000,640x360,1.995432000000001,1541,
2025-12-19T03:20:41.362Z,0.218,2,1000,640x360,1.9666380000000032,1512,rebuffer happen
2025-12-19T03:20:41.633Z,0.416,2,1000,640x360,2.000140000000002,1512,
2025-12-19T03:20:42.062Z,0.495,2,1000,640x360,1.9579020000000043,1512,
2025-12-19T03:20:42.509Z,0.56,2,1000,640x360,1.908057999999997,1482,
2025-12-19T03:20:42.932Z,0.645,2,1000,640x360,1.9928910000000002,1480,
2025-12-19T03:20:43.365Z,0.698,2,1000,640x360,1.9505979999999994,1466,
2025-12-19T03:20:43.807Z,0.761,2,1000,640x360,1.9231929999999977,1447,
2025-12-19T03:20:44.236Z,0.822,2,1000,640x360,1.9862830000000002,1406,
2025-12-19T03:20:44.666Z,0.911,2,1000,640x360,1.9645280000000014,1417,
2025-12-19T03:20:45.170Z,0.892,2,1000,640x360,1.9588850000000022,1417,
2025-12-19T03:20:45.583Z,0.984,2,1000,640x360,1.9392449999999997,1461,
2025-12-19T03:20:46.040Z,1.017,2,1000,640x360,1.984569999999998,1475,
2025-12-19T03:20:46.465Z,1.087,2,1000,640x360,1.9536469999999966,1483,
2025-12-19T03:20:46.927Z,1.133,2,1000,640x360,1.9968199999999996,1490,
2025-12-19T03:20:47.384Z,1.17,2,1000,640x360,1.9383789999999976,1453,
2025-12-19T03:20:47.840Z,1.23,2,1000,640x360,1.9947370000000006,1490,
2025-12-19T03:20:48.294Z,1.262,2,1000,640x360,1.924553000000003,1548,
2025-12-19T03:20:48.365Z,1.276,3,1500,768x432,1.9600790000000003,1529,
2025-12-19T03:20:48.757Z,1.266,3,1500,768x432,1.9602040000000045,1529,
2025-12-19T03:20:49.326Z,1.258,3,1500,768x432,1.9890590000000046,1513,
2025-12-19T03:20:49.932Z,1.158,3,1500,768x432,1.9875209999999939,1499,
2025-12-19T03:20:50.559Z,1.006,3,1500,768x432,1.9687229999999971,1486,
2025-12-19T03:20:51.214Z,0.841,3,1500,768x432,1.9067639999999955,1437,
2025-12-19T03:20:51.893Z,0.702,3,1500,768x432,1.9400109999999984,1495,
2025-12-19T03:20:51.960Z,0.683,2,1000,640x360,1.9679670000000016,1482,
2025-12-19T03:20:52.415Z,0.641,2,1000,640x360,2.000624000000002,1482,
2025-12-19T03:20:52.863Z,0.692,2,1000,640x360,1.9584689999999938,1496,
2025-12-19T03:20:53.311Z,0.742,2,1000,640x360,1.9170890000000043,1450,
2025-12-19T03:20:54.068Z,0.498,2,1000,640x360,1.9513290000000012,1425,
2025-12-19T03:20:54.544Z,0.497,2,1000,640x360,1.9745879999999971,1433,
2025-12-19T03:20:54.993Z,0.581,2,1000,640x360,1.9228090000000009,1443,
2025-12-19T03:20:55.423Z,0.63,2,1000,640x360,2.000037000000006,1474,
2025-12-19T03:20:55.903Z,0.664,2,1000,640x360,1.9183850000000007,1476,
2025-12-19T03:20:56.344Z,0.703,2,1000,640x360,1.9712519999999927,1450,
2025-12-19T03:20:56.864Z,0.701,2,1000,640x360,1.9510939999999977,1508,
2025-12-19T03:20:57.306Z,0.756,2,1000,640x360,1.908766,1511,
2025-12-19T03:20:57.734Z,0.824,2,1000,640x360,1.989912000000004,1530,
2025-12-19T03:20:58.163Z,0.893,2,1000,640x360,1.9602739999999983,1523,
2025-12-19T03:20:58.591Z,0.962,2,1000,640x360,1.9266199999999998,1523,
2025-12-19T03:20:59.034Z,1.029,2,1000,640x360,1.9829859999999968,1533,
2025-12-19T03:20:59.108Z,1.031,3,1500,768x432,1.9086659999999966,1519,
2025-12-19T03:20:59.810Z,0.782,3,1500,768x432,1.913170000000008,1519,
2025-12-19T03:21:00.470Z,0.604,3,1500,768x432,1.9470000000000027,1506,
2025-12-19T03:21:00.999Z,0.587,3,1500,768x432,1.9282719999999927,1507,
2025-12-19T03:21:01.667Z,0.412,3,1500,768x432,1.9620570000000015,1512,
2025-12-19T03:21:01.818Z,0.252,3,1500,768x432,1.9998310000000004,1516,rebuffer happen
2025-12-19T03:21:02.466Z,0.12,3,1500,768x432,1.950876000000008,1516,
2025-12-19T03:21:02.546Z,0.081,2,1000,640x360,1.979804999999999,1524,
2025-12-19T03:21:02.556Z,0.018,2,1000,640x360,1.9708400000000097,1524,rebuffer happen
2025-12-19T03:21:03.055Z,0.173,2,1000,640x360,2.1275300000000072,1524,
2025-12-19T03:21:03.207Z,0.026,2,1000,640x360,2.0853620000000035,1518,rebuffer happen
2025-12-19T03:21:03.437Z,0.326,2,1000,640x360,2.1905989999999917,1518,
2025-12-19T03:21:03.565Z,0.216,2,1000,640x360,2.167991999999998,1516,rebuffer happen
2025-12-19T03:21:03.843Z,0.384,2,1000,640x360,2.1506749999999926,1516,
2025-12-19T03:21:04.003Z,0.222,2,1000,640x360,2.0795460000000077,1510,rebuffer happen
2025-12-19T03:21:04.274Z,0.4,2,1000,640x360,2.0489419999999967,1510,
2025-12-19T03:21:04.491Z,0.217,2,1000,640x360,2.0078299999999984,1472,rebuffer happen
2025-12-19T03:21:04.933Z,0.23,2,1000,640x360,2.065601000000001,1472,
2025-12-19T03:21:05.322Z,0.32,2,1000,640x360,2.0781939999999963,1447,
2025-12-19T03:21:05.412Z,0.225,2,1000,640x360,1.980632,1466,rebuffer happen
2025-12-19T03:21:05.752Z,0.381,2,1000,640x360,2.031774999999996,1466,
2025-12-19T03:21:05.864Z,0.263,2,1000,640x360,2.0194060000000036,1444,rebuffer happen
2025-12-19T03:21:06.207Z,0.391,2,1000,640x360,1.9511719999999997,1444,
2025-12-19T03:21:06.381Z,0.245,2,1000,640x360,1.965047999999996,1444,rebuffer happen
2025-12-19T03:21:06.499Z,0.293,2,1000,640x360,1.9480100000000107,1444,rebuffer happen
2025-12-19T03:21:06.832Z,0.2,2,1000,640x360,2.0297610000000077,1444,rebuffer happen
2025-12-19T03:21:06.888Z,0.192,2,1000,640x360,1.9716450000000094,1444,
2025-12-19T03:21:06.966Z,0.171,1,600,480x270,1.9891920000000027,1410,
2025-12-19T03:21:07.298Z,0.303,1,600,480x270,1.9542730000000006,1410,
2025-12-19T03:21:07.299Z,0.298,1,600,480x270,1.9534249999999957,1410,rebuffer happen
2025-12-19T03:21:07.797Z,0.313,1,600,480x270,1.961197999999996,1361,
2025-12-19T03:21:07.965Z,0.164,1,600,480x270,1.988728000000009,1307,rebuffer happen
2025-12-19T03:21:08.317Z,0.262,1,600,480x270,2.026742999999996,1307,
2025-12-19T03:21:08.615Z,0.281,1,600,480x270,2.0297860000000014,1228,rebuffer happen
2025-12-19T03:21:08.787Z,0.273,1,600,480x270,1.9564320000000066,1228,rebuffer happen
2025-12-19T03:21:08.856Z,0.273,1,600,480x270,1.9821560000000034,1228,
2025-12-19T03:21:09.062Z,0.022,1,600,480x270,1.9780650000000009,1202,rebuffer happen
2025-12-19T03:21:09.358Z,0.321,1,600,480x270,2.071470000000005,1202,
2025-12-19T03:21:09.429Z,0.246,1,600,480x270,2.109402000000003,1128,rebuffer happen
2025-12-19T03:21:09.774Z,0.299,1,600,480x270,2.0597640000000013,1128,rebuffer happen
2025-12-19T03:21:09.830Z,0.324,1,600,480x270,2.0933820000000054,1128,
2025-12-19T03:21:10.029Z,0.179,1,600,480x270,2.0726279999999946,1093,rebuffer happen
2025-12-19T03:21:10.327Z,0.307,1,600,480x270,2.060243,1093,
2025-12-19T03:21:10.379Z,0.251,1,600,480x270,2.0083210000000093,1052,rebuffer happen
2025-12-19T03:21:10.821Z,0.303,1,600,480x270,2.0536400000000015,1052,
2025-12-19T03:21:10.822Z,0.298,1,600,480x270,2.0527549999999906,1052,rebuffer happen
2025-12-19T03:21:11.264Z,0.289,1,600,480x270,2.005970000000005,1032,rebuffer happen
2025-12-19T03:21:11.318Z,0.305,1,600,480x270,2.0497999999999905,1032,
2025-12-19T03:21:11.319Z,0.297,1,600,480x270,2.0493019999999973,1032,rebuffer happen
2025-12-19T03:21:11.792Z,0.309,1,600,480x270,1.971271999999999,1014,
2025-12-19T03:21:11.960Z,0.21,1,600,480x270,1.995264000000006,1005,rebuffer happen
2025-12-19T03:21:12.244Z,0.292,1,600,480x270,2.012997999999996,1005,rebuffer happen
2025-12-19T03:21:12.294Z,0.311,1,600,480x270,1.95997899999999,1005,
2025-12-19T03:21:12.368Z,0.23,1,600,480x270,1.9785789999999963,988,rebuffer happen
2025-12-19T03:21:12.726Z,0.298,1,600,480x270,2.016016999999991,988,rebuffer happen
2025-12-19T03:21:12.772Z,0.284,1,600,480x270,1.9680740000000014,988,rebuffer happen
2025-12-19T03:21:12.790Z,0.284,1,600,480x270,1.9493729999999942,988,
2025-12-19T03:21:13.253Z,0.261,1,600,480x270,1.977562000000006,1040,rebuffer happen
2025-12-19T03:21:13.309Z,0.207,1,600,480x270,1.9222270000000066,1040,
2025-12-19T03:21:13.638Z,0.423,1,600,480x270,2.000956000000002,1016,
2025-12-19T03:21:13.869Z,0.686,1,600,480x270,1.9598289999999992,1016,
2025-12-19T03:21:14.109Z,0.935,1,600,480x270,1.9244219999999927,1047,
2025-12-19T03:21:14.339Z,1.207,1,600,480x270,1.9887259999999998,1047,
2025-12-19T03:21:14.413Z,1.204,2,1000,640x360,1.9147040000000004,1087,
2025-12-19T03:21:14.805Z,1.251,2,1000,640x360,1.9235469999999992,1087,
2025-12-19T03:21:15.218Z,1.336,2,1000,640x360,2.0004490000000033,1149,
2025-12-19T03:21:15.612Z,1.439,2,1000,640x360,1.9118909999999971,1149,
2025-12-19T03:21:16.042Z,1.534,2,1000,640x360,1.9845880000000022,1219,
2025-12-19T03:21:16.500Z,1.544,2,1000,640x360,1.9137929999999983,1246,
2025-12-19T03:21:16.977Z,1.598,2,1000,640x360,1.9499579999999952,1242,
2025-12-19T03:21:17.452Z,1.591,2,1000,640x360,1.9636220000000009,1291,
2025-12-19T03:21:17.922Z,1.634,2,1000,640x360,2.0028679999999923,1281,
2025-12-19T03:21:18.417Z,1.681,2,1000,640x360,1.9997960000000035,1240,
2025-12-19T03:21:18.912Z,1.658,2,1000,640x360,1.922697999999997,1265,
2025-12-19T03:21:19.379Z,1.674,2,1000,640x360,1.945892999999998,1271,
2025-12-19T03:21:19.893Z,1.693,2,1000,640x360,1.934438,1282,
2025-12-19T03:21:20.338Z,1.716,2,1000,640x360,1.9764090000000039,1288,
2025-12-19T03:21:20.733Z,1.842,2,1000,640x360,2.0003280000000103,1307,
2025-12-19T03:21:21.188Z,1.871,2,1000,640x360,1.94296700000001,1307,
2025-12-19T03:21:21.704Z,1.861,2,1000,640x360,1.9135050000000007,1329,
2025-12-19T03:21:22.103Z,1.951,2,1000,640x360,1.9153510000000011,1348,
2025-12-19T03:21:22.546Z,2.018,2,1000,640x360,1.9717349999999954,1355,
2025-12-19T03:21:23.083Z,1.984,2,1000,640x360,1.93961800000001,1359,
2025-12-19T03:21:23.439Z,2.113,2,1000,640x360,1.9792130000000014,1347,
2025-12-19T03:21:24.049Z,2.012,2,1000,640x360,1.9763710000000003,1346,
2025-12-19T03:21:24.479Z,2.075,2,1000,640x360,1.9369549999999975,1352,
2025-12-19T03:21:25.038Z,2.01,2,1000,640x360,1.9820019999999943,1363,
2025-12-19T03:21:25.615Z,1.959,2,1000,640x360,2.0006680000000046,1381,
2025-12-19T03:21:25.998Z,2.046,2,1000,640x360,1.9217009999999988,1401,
2025-12-19T03:21:26.514Z,2.028,2,1000,640x360,1.9036679999999961,1401,
2025-12-19T03:21:27.035Z,2.021,2,1000,640x360,1.9834969999999998,1380,
2025-12-19T03:21:27.554Z,2,2,1000,640x360,1.974176,1389,
2025-12-19T03:21:28.062Z,2.002,2,1000,640x360,1.962845999999999,1382,
2025-12-19T03:21:28.553Z,2.002,2,1000,640x360,1.9736950000000064,1384,
2025-12-19T03:21:29.063Z,2.008,2,1000,640x360,1.9585210000000046,1356,
2025-12-19T03:21:29.530Z,2.022,2,1000,640x360,1.9929800000000029,1341,
2025-12-19T03:21:30.033Z,2.034,2,1000,640x360,1.9994760000000014,1359,
2025-12-19T03:21:30.527Z,2.031,2,1000,640x360,1.9978589999999912,1384,
2025-12-19T03:21:31.054Z,2.013,2,1000,640x360,1.9652849999999944,1406,
2025-12-19T03:21:31.628Z,1.937,2,1000,640x360,1.9923900000000003,1417,
2025-12-19T03:21:32.026Z,2.037,2,1000,640x360,1.9899580000000014,1420,
2025-12-19T03:21:32.514Z,2.029,2,1000,640x360,1.9089809999999972,1427,
2025-12-19T03:21:33.013Z,2.034,2,1000,640x360,1.9234399999999994,1432,
2025-12-19T03:21:33.616Z,1.965,2,1000,640x360,2.0110679999999945,1453,
2025-12-19T03:21:34.063Z,2.025,2,1000,640x360,1.9638609999999943,1454,
2025-12-19T03:21:34.525Z,2.029,2,1000,640x360,1.995882999999992,1435,
2025-12-19T03:21:35.019Z,2.028,2,1000,640x360,2.002342999999996,1432,
2025-12-19T03:21:35.487Z,2.055,2,1000,640x360,1.9308230000000037,1424,
2025-12-19T03:21:35.846Z,2.199,2,1000,640x360,1.9719970000000018,1423,
2025-12-19T03:21:36.388Z,2.165,2,1000,640x360,1.9311699999999945,1439,
2025-12-19T03:21:36.946Z,2.097,2,1000,640x360,1.986161999999993,1444,
2025-12-19T03:21:37.540Z,2.013,2,1000,640x360,1.9793219999999963,1442,
2025-12-19T03:21:37.986Z,2.079,2,1000,640x360,1.945457999999988,1421,
2025-12-19T03:21:38.484Z,2.071,2,1000,640x360,1.9367719999999906,1432,
2025-12-19T03:21:38.985Z,2.067,2,1000,640x360,1.9335690000000056,1445,
2025-12-19T03:21:39.596Z,1.955,2,1000,640x360,1.9180789999999917,1455,
2025-12-19T03:21:40.044Z,2.017,2,1000,640x360,1.9702800000000025,1454,
2025-12-19T03:21:40.541Z,2.048,2,1000,640x360,1.985161000000005,1454,
2025-12-19T03:21:40.980Z,2.078,2,1000,640x360,1.9418069999999972,1461,
2025-12-19T03:21:41.612Z,1.948,2,1000,640x360,1.9195660000000032,1476,
2025-12-19T03:21:42.051Z,2.002,2,1000,640x360,1.983033000000006,1473,
2025-12-19T03:21:42.514Z,2.039,2,1000,640x360,1.9015360000000072,1477,
2025-12-19T03:21:43.176Z,1.886,2,1000,640x360,1.9411489999999958,1457,
2025-12-19T03:21:43.685Z,1.884,2,1000,640x360,1.9401570000000135,1453,
2025-12-19T03:21:44.164Z,1.891,2,1000,640x360,1.9579059999999942,1461,
2025-12-19T03:21:44.669Z,1.887,2,1000,640x360,1.9521140000000088,1456,
2025-12-19T03:21:45.078Z,1.977,2,1000,640x360,1.9465620000000001,1464,
2025-12-19T03:21:45.524Z,2.051,2,1000,640x360,1.998428000000004,1467,
2025-12-19T03:21:46.020Z,2.038,2,1000,640x360,2.000911000000002,1486,
2025-12-19T03:21:46.524Z,2.019,2,1000,640x360,1.994413999999992,1496,
2025-12-19T03:21:47.032Z,2.022,2,1000,640x360,1.9859160000000031,1485,
2025-12-19T03:21:47.528Z,2.027,2,1000,640x360,1.993268999999998,1486,
2025-12-19T03:21:48.025Z,2.032,2,1000,640x360,1.9943120000000079,1489,
2025-12-19T03:21:48.524Z,2.027,2,1000,640x360,1.9942530000000005,1485,
2025-12-19T03:21:49.029Z,2.033,2,1000,640x360,1.986024999999998,1476,
2025-12-19T03:21:49.668Z,1.903,2,1000,640x360,1.9536850000000072,1449,
2025-12-19T03:21:50.026Z,2.042,2,1000,640x360,1.9934149999999988,1482,
2025-12-19T03:21:50.500Z,2.033,2,1000,640x360,1.9201290000000029,1483,
2025-12-19T03:21:51.069Z,1.995,2,1000,640x360,1.9580669999999998,1460,
2025-12-19T03:21:51.493Z,2.062,2,1000,640x360,1.930860999999993,1468,
2025-12-19T03:21:52.000Z,2.056,2,1000,640x360,1.925968999999995,1424,
2025-12-19T03:21:52.639Z,1.906,2,1000,640x360,1.9865020000000015,1441,
2025-12-19T03:21:53.065Z,1.998,2,1000,640x360,1.949629999999999,1427,
2025-12-19T03:21:53.538Z,2.017,2,1000,640x360,1.9826189999999997,1427,
2025-12-19T03:21:54.000Z,2.057,2,1000,640x360,1.9249930000000006,1362,
2025-12-19T03:21:54.564Z,2.001,2,1000,640x360,1.9651120000000049,1394,
2025-12-19T03:21:55.075Z,1.977,2,1000,640x360,1.9599219999999917,1431,
2025-12-19T03:21:55.458Z,2.097,2,1000,640x360,1.9602309999999932,1398,
2025-12-19T03:21:55.977Z,2.077,2,1000,640x360,1.9422380000000032,1404,
2025-12-19T03:21:56.499Z,2.053,2,1000,640x360,1.9183189999999968,1310,
2025-12-19T03:21:56.986Z,2.072,2,1000,640x360,1.9363060000000019,1356,
2025-12-19T03:21:57.564Z,1.99,2,1000,640x360,1.9541100000000142,1380,
2025-12-19T03:21:58.079Z,1.966,2,1000,640x360,1.9509529999999984,1392,
2025-12-19T03:21:58.676Z,1.887,2,1000,640x360,1.9589370000000201,1354,
2025-12-19T03:21:59.118Z,1.952,2,1000,640x360,2.0054159999999968,1357,
2025-12-19T03:21:59.545Z,2.008,2,1000,640x360,1.9810569999999927,1381,
2025-12-19T03:22:00.005Z,2.049,2,1000,640x360,1.9122169999999983,1387,
2025-12-19T03:22:00.552Z,2.003,2,1000,640x360,1.9757979999999975,1436,
2025-12-19T03:22:00.997Z,2.06,2,1000,640x360,1.9253050000000087,1442,
2025-12-19T03:22:01.553Z,2.002,2,1000,640x360,1.9752210000000048,1445,
2025-12-19T03:22:02.016Z,2.048,2,1000,640x360,2.000666000000024,1422,
2025-12-19T03:22:02.539Z,2.013,2,1000,640x360,1.979910999999987,1433,
2025-12-19T03:22:03.051Z,2.017,2,1000,640x360,1.969253000000009,1430,
2025-12-19T03:22:03.517Z,2.023,2,1000,640x360,1.9981870000000015,1457,
2025-12-19T03:22:04.044Z,1.999,2,1000,640x360,1.9774749999999983,1447,
2025-12-19T03:22:04.521Z,2.031,2,1000,640x360,2.001878000000005,1448,
2025-12-19T03:22:05.046Z,2.009,2,1000,640x360,1.973370999999986,1436,
2025-12-19T03:22:05.542Z,2.002,2,1000,640x360,1.9757630000000006,1453,
2025-12-19T03:22:06.016Z,2.037,2,1000,640x360,1.998090000000019,1463,
2025-12-19T03:22:06.547Z,2.006,2,1000,640x360,1.9705220000000168,1466,
2025-12-19T03:22:07.020Z,2.045,2,1000,640x360,1.998488000000009,1466,
2025-12-19T03:22:07.531Z,2.03,2,1000,640x360,1.992781000000008,1464,
2025-12-19T03:22:08.028Z,2.018,2,1000,640x360,2.010725000000008,1462,
2025-12-19T03:22:08.523Z,2.039,2,1000,640x360,2.0026929999999936,1468,
2025-12-19T03:22:09.026Z,2.029,2,1000,640x360,2.001661000000013,1472,
2025-12-19T03:22:09.532Z,2.011,2,1000,640x360,1.9914809999999932,1489,
2025-12-19T03:22:10.020Z,2.037,2,1000,640x360,2.0050910000000215,1489,
2025-12-19T03:22:10.522Z,2.03,2,1000,640x360,2.000444999999985,1476,
2025-12-19T03:22:11.023Z,2.036,2,1000,640x360,2.004632999999984,1465,
2025-12-19T03:22:11.536Z,2.016,2,1000,640x360,1.9824449999999842,1473,
2025-12-19T03:22:12.032Z,2.04,2,1000,640x360,2.000805999999983,1481,
2025-12-19T03:22:12.522Z,2.04,2,1000,640x360,1.99960200000001,1483,
2025-12-19T03:22:13.020Z,2.023,2,1000,640x360,2.0003949999999975,1471,
2025-12-19T03:22:13.512Z,2.04,2,1000,640x360,1.9095279999999946,1472,
2025-12-19T03:22:14.052Z,2.005,2,1000,640x360,1.9738639999999918,1467,
2025-12-19T03:22:14.543Z,2.008,2,1000,640x360,1.9810229999999933,1486,
2025-12-19T03:22:15.040Z,2.025,2,1000,640x360,1.9885730000000024,1478,
2025-12-19T03:22:15.526Z,2.035,2,1000,640x360,1.9911790000000167,1488,
2025-12-19T03:22:16.042Z,2.018,2,1000,640x360,1.989469999999983,1484,
2025-12-19T03:22:16.507Z,2.056,2,1000,640x360,1.9083949999999845,1491,
2025-12-19T03:22:17.055Z,1.988,2,1000,640x360,1.9721740000000239,1473,
2025-12-19T03:22:17.540Z,2.022,2,1000,640x360,1.9889100000000042,1487,
2025-12-19T03:22:18.163Z,1.882,2,1000,640x360,1.9532920000000047,1438,
2025-12-19T03:22:18.565Z,1.995,2,1000,640x360,1.960915,1472,
2025-12-19T03:22:19.000Z,2.043,2,1000,640x360,1.9155779999999822,1480,
2025-12-19T03:22:19.512Z,2.039,2,1000,640x360,1.9017970000000162,1489,
2025-12-19T03:22:20.049Z,1.997,2,1000,640x360,1.9740079999999978,1465,
2025-12-19T03:22:20.539Z,2.012,2,1000,640x360,1.9788360000000011,1443,
2025-12-19T03:22:21.015Z,2.026,2,1000,640x360,1.9989730000000066,1382,
2025-12-19T03:22:21.475Z,2.078,2,1000,640x360,1.9401639999999816,1409,
2025-12-19T03:22:21.967Z,2.09,2,1000,640x360,1.954336000000012,1435,
2025-12-19T03:22:22.502Z,2.039,2,1000,640x360,1.9126639999999782,1473,
2025-12-19T03:22:23.023Z,2.037,2,1000,640x360,2.00467500000002,1486,
2025-12-19T03:22:23.593Z,1.964,2,1000,640x360,1.9266440000000102,1468,
2025-12-19T03:22:24.024Z,2.032,2,1000,640x360,2.0020549999999844,1470,
2025-12-19T03:22:24.536Z,2.025,2,1000,640x360,1.9932580000000257,1477,
2025-12-19T03:22:25.078Z,1.975,2,1000,640x360,1.9615169999999864,1474,
2025-12-19T03:22:25.547Z,2.007,2,1000,640x360,1.9709469999999953,1464,
2025-12-19T03:22:26.027Z,2.019,2,1000,640x360,1.9911349999999857,1438,
2025-12-19T03:22:26.515Z,2.036,2,1000,640x360,1.9996900000000153,1437,
2025-12-19T03:22:27.063Z,2,2,1000,640x360,1.9582940000000235,1441,
2025-12-19T03:22:27.705Z,1.847,2,1000,640x360,1.9188190000000134,1457,
2025-12-19T03:22:28.056Z,1.991,2,1000,640x360,1.9642159999999933,1467,
2025-12-19T03:22:28.469Z,2.084,2,1000,640x360,1.9580059999999833,1442,
2025-12-19T03:22:29.039Z,2.007,2,1000,640x360,1.9903869999999984,1482,
2025-12-19T03:22:29.540Z,2.001,2,1000,640x360,1.9817449999999894,1477,
2025-12-19T03:22:29.960Z,2.094,2,1000,640x360,1.956294999999983,1458,
2025-12-19T03:22:30.532Z,2.012,2,1000,640x360,1.9847640000000126,1433,
2025-12-19T03:22:30.998Z,2.058,2,1000,640x360,1.924572000000012,1459,
2025-12-19T03:22:31.551Z,2.003,2,1000,640x360,1.9667070000000137,1454,
2025-12-19T03:22:32.068Z,1.976,2,1000,640x360,1.9538450000000012,1466,
2025-12-19T03:22:32.671Z,1.886,2,1000,640x360,1.965012999999999,1488,
2025-12-19T03:22:33.062Z,2.009,2,1000,640x360,1.959633000000025,1481,
2025-12-19T03:22:33.525Z,2.009,2,1000,640x360,1.9979079999999954,1498,
2025-12-19T03:22:34.018Z,2.049,2,1000,640x360,2.0122889999999813,1483,
2025-12-19T03:22:34.480Z,2.076,2,1000,640x360,1.9504399999999862,1497,
2025-12-19T03:22:35.116Z,1.951,2,1000,640x360,2.002886000000018,1485,
2025-12-19T03:22:35.573Z,1.983,2,1000,640x360,1.9530349999999999,1493,
2025-12-19T03:22:36.081Z,1.998,2,1000,640x360,1.943963999999994,1483,
2025-12-19T03:22:36.511Z,2.041,2,1000,640x360,1.9052969999999902,1470,
2025-12-19T03:22:37.032Z,2.037,2,1000,640x360,1.9938560000000223,1476,
2025-12-19T03:22:37.594Z,1.969,2,1000,640x360,1.9265150000000233,1491,
2025-12-19T03:22:38.003Z,2.049,2,1000,640x360,1.923371000000003,1494,
2025-12-19T03:22:38.366Z,2.177,2,1000,640x360,1.9506739999999922,1500,
2025-12-19T03:22:38.962Z,2.085,2,1000,640x360,1.9633169999999893,1500,
2025-12-19T03:22:39.789Z,1.88,2,1000,640x360,1.9355810000000133,1497,
2025-12-19T03:22:40.270Z,1.793,2,1000,640x360,1.9529300000000092,1497,
2025-12-19T03:22:40.776Z,1.839,2,1000,640x360,1.9481339999999818,1500,
2025-12-19T03:22:41.283Z,1.807,2,1000,640x360,1.9444009999999992,1486,
2025-12-19T03:22:41.682Z,1.872,2,1000,640x360,1.9619799999999827,1459,
2025-12-19T03:22:42.101Z,1.961,2,1000,640x360,1.9235829999999794,1459,
2025-12-19T03:22:42.455Z,2.089,2,1000,640x360,1.9595680000000186,1490,
2025-12-19T03:22:43.004Z,2.042,2,1000,640x360,1.9138120000000072,1498,
2025-12-19T03:22:43.505Z,2.037,2,1000,640x360,1.9079890000000148,1467,
2025-12-19T03:22:44.043Z,2.02,2,1000,640x360,1.9779240000000016,1490,
2025-12-19T03:22:44.599Z,1.952,2,1000,640x360,1.9274499999999932,1489,
2025-12-19T03:22:45.092Z,1.973,2,1000,640x360,1.9324509999999862,1490,
2025-12-19T03:22:45.163Z,1.976,3,1500,768x432,1.9596779999999967,1512,
2025-12-19T03:22:45.888Z,1.687,3,1500,768x432,1.9419170000000179,1512,
2025-12-19T03:22:46.560Z,1.497,3,1500,768x432,1.963877999999994,1527,
2025-12-19T03:22:47.265Z,1.308,3,1500,768x432,1.9622070000000065,1532,
2025-12-19T03:22:47.921Z,1.159,3,1500,768x432,1.9977460000000065,1541,
2025-12-19T03:22:48.588Z,0.978,3,1500,768x432,1.9404480000000035,1552,
2025-12-19T03:22:48.662Z,0.917,2,1000,640x360,1.9674980000000062,1551,
2025-12-19T03:22:49.117Z,0.967,2,1000,640x360,2.003953999999993,1551,
2025-12-19T03:22:49.528Z,1.045,2,1000,640x360,1.9981960000000072,1551,
2025-12-19T03:22:49.938Z,1.128,2,1000,640x360,1.9905259999999885,1553,
2025-12-19T03:22:50.359Z,1.207,2,1000,640x360,1.962145000000021,1553,
2025-12-19T03:22:50.721Z,1.343,2,1000,640x360,2.0008829999999875,1555,
2025-12-19T03:22:51.110Z,1.441,2,1000,640x360,1.906577999999996,1555,
2025-12-19T03:22:51.512Z,1.531,2,1000,640x360,1.9152440000000013,1588,
2025-12-19T03:22:51.958Z,1.599,2,1000,640x360,1.9694780000000094,1582,
2025-12-19T03:22:52.539Z,1.505,2,1000,640x360,1.980245999999994,1596,
2025-12-19T03:22:52.606Z,1.479,3,1500,768x432,1.9185839999999814,1581,
2025-12-19T03:22:53.249Z,1.327,3,1500,768x432,1.9720590000000016,1581,
2025-12-19T03:22:53.879Z,1.208,3,1500,768x432,1.9505110000000059,1571,
2025-12-19T03:22:54.512Z,1.03,3,1500,768x432,1.9130020000000059,1579,
2025-12-19T03:22:55.154Z,0.943,3,1500,768x432,1.9862380000000144,1587,
2025-12-19T03:22:55.782Z,0.797,3,1500,768x432,1.942826999999994,1582,
2025-12-19T03:22:56.413Z,0.659,3,1500,768x432,1.9001679999999794,1581,
2025-12-19T03:22:56.496Z,0.651,2,1000,640x360,1.9160660000000007,1577,
2025-12-19T03:22:56.925Z,0.646,2,1000,640x360,1.9980049999999778,1577,
2025-12-19T03:22:57.355Z,0.689,2,1000,640x360,1.9716239999999914,1583,
2025-12-19T03:22:57.804Z,0.765,2,1000,640x360,1.9292959999999937,1579,
2025-12-19T03:22:58.216Z,0.833,2,1000,640x360,2.006350999999995,1556,
2025-12-19T03:22:58.726Z,0.846,2,1000,640x360,2.013508999999999,1556,
2025-12-19T03:22:59.133Z,0.944,2,1000,640x360,2.0016140000000178,1509,
2025-12-19T03:22:59.571Z,0.987,2,1000,640x360,1.9564009999999996,1526,
2025-12-19T03:22:59.962Z,1.106,2,1000,640x360,1.9603799999999865,1537,
2025-12-19T03:23:00.040Z,1.11,3,1500,768x432,1.9900320000000136,1551,
2025-12-19T03:23:00.700Z,0.872,3,1500,768x432,1.9271559999999965,1551,
2025-12-19T03:23:01.310Z,0.745,3,1500,768x432,1.914687000000015,1566,
2025-12-19T03:23:01.761Z,0.806,3,1500,768x432,1.973889999999983,1610,
2025-12-19T03:23:02.568Z,0.513,3,1500,768x432,1.951802000000015,1603,
2025-12-19T03:23:02.811Z,0.276,3,1500,768x432,1.9278639999999996,1596,rebuffer happen
2025-12-19T03:23:03.136Z,0.428,3,1500,768x432,1.9911900000000173,1596,
2025-12-19T03:23:03.407Z,0.196,3,1500,768x432,1.9195620000000133,1610,rebuffer happen
2025-12-19T03:23:03.728Z,0.319,3,1500,768x432,1.9942360000000008,1610,
2025-12-19T03:23:03.803Z,0.341,2,1000,640x360,1.9200539999999933,1604,
2025-12-19T03:23:03.804Z,0.267,2,1000,640x360,1.9191719999999748,1604,rebuffer happen
2025-12-19T03:23:04.039Z,0.032,2,1000,640x360,1.9898090000000082,1604,rebuffer happen
2025-12-19T03:23:04.211Z,0.363,2,1000,640x360,1.9402209999999798,1604,
2025-12-19T03:23:04.474Z,0.254,2,1000,640x360,1.9839629999999886,1595,rebuffer happen
2025-12-19T03:23:04.601Z,0.496,2,1000,640x360,1.9550049999999999,1595,
2025-12-19T03:23:04.838Z,0.251,2,1000,640x360,2.0071450000000084,1584,rebuffer happen
2025-12-19T03:23:05.068Z,0.492,2,1000,640x360,1.96297899999999,1584,
2025-12-19T03:23:05.328Z,0.281,2,1000,640x360,2.0016159999999843,1574,rebuffer happen
2025-12-19T03:23:05.446Z,0.263,2,1000,640x360,1.9892850000000237,1574,rebuffer happen
2025-12-19T03:23:05.829Z,0.266,2,1000,640x360,2.0107010000000116,1574,
2025-12-19T03:23:06.228Z,0.354,2,1000,640x360,2.006970000000024,1574,
2025-12-19T03:23:06.354Z,0.259,2,1000,640x360,1.9891440000000102,1574,rebuffer happen
2025-12-19T03:23:06.646Z,0.439,2,1000,640x360,1.9933170000000189,1574,
2025-12-19T03:23:07.033Z,0.537,2,1000,640x360,2.0128699999999924,1611,
2025-12-19T03:23:07.459Z,0.602,2,1000,640x360,1.966717000000017,1602,
2025-12-19T03:23:07.910Z,0.629,2,1000,640x360,1.9251299999999958,1592,
2025-12-19T03:23:08.396Z,0.664,2,1000,640x360,1.9296489999999835,1596,
2025-12-19T03:23:08.958Z,0.597,2,1000,640x360,1.961703,1593,
2025-12-19T03:23:09.321Z,0.732,2,1000,640x360,2.000021000000004,1597,
2025-12-19T03:23:09.690Z,0.875,2,1000,640x360,1.9423820000000092,1588,
2025-12-19T03:23:09.945Z,1.125,2,1000,640x360,1.9760259999999903,1588,
2025-12-19T03:23:10.024Z,1.126,3,1500,768x432,1.896224999999987,1591,
2025-12-19T03:23:10.581Z,0.995,3,1500,768x432,1.940010000000001,1591,
2025-12-19T03:23:11.253Z,0.826,3,1500,768x432,1.9671789999999874,1590,
2025-12-19T03:23:12.040Z,0.526,3,1500,768x432,1.9919079999999951,1591,
2025-12-19T03:23:12.280Z,0.288,3,1500,768x432,1.9377589999999998,1593,rebuffer happen
2025-12-19T03:23:12.572Z,0.485,3,1500,768x432,1.9585120000000131,1593,
2025-12-19T03:23:12.804Z,0.264,3,1500,768x432,1.92147700000001,1497,rebuffer happen
2025-12-19T03:23:13.066Z,0.268,3,1500,768x432,1.9508160000000032,1497,rebuffer happen
2025-12-19T03:23:13.297Z,0.037,3,1500,768x432,1.9188399999999888,1497,rebuffer happen
2025-12-19T03:23:13.464Z,0.039,3,1500,768x432,1.9909299999999917,1497,rebuffer happen
2025-12-19T03:23:13.564Z,0.022,3,1500,768x432,2.0165580000000034,1497,rebuffer happen
2025-12-19T03:23:13.570Z,0.022,3,1500,768x432,2.0165580000000034,1497,
2025-12-19T03:23:13.614Z,0.017,2,1000,640x360,1.977829000000014,1555,rebuffer happen
2025-12-19T03:23:13.648Z,0.017,2,1000,640x360,2.065829000000008,1555,
2025-12-19T03:23:14.239Z,0.226,2,1000,640x360,2.3886839999999836,1555,
2025-12-19T03:23:14.448Z,0.054,2,1000,640x360,2.3804610000000253,1472,rebuffer happen
2025-12-19T03:23:14.690Z,0.305,2,1000,640x360,2.364091000000002,1472,
2025-12-19T03:23:14.706Z,0.288,2,1000,640x360,2.349932000000024,1472,rebuffer happen
2025-12-19T03:23:15.225Z,0.219,2,1000,640x360,2.384851999999995,1472,
2025-12-19T03:23:15.630Z,0.325,2,1000,640x360,2.375889000000001,1555,
2025-12-19T03:23:15.780Z,0.178,2,1000,640x360,2.329006000000021,1521,rebuffer happen
2025-12-19T03:23:16.056Z,0.34,2,1000,640x360,2.317649000000017,1521,
2025-12-19T03:23:16.224Z,0.197,2,1000,640x360,2.2806830000000105,1481,rebuffer happen
2025-12-19T03:23:16.497Z,0.347,2,1000,640x360,2.208755999999994,1481,
2025-12-19T03:23:16.569Z,0.286,2,1000,640x360,2.23502000000002,1507,rebuffer happen
2025-12-19T03:23:16.944Z,0.375,2,1000,640x360,2.2230909999999824,1507,
2025-12-19T03:23:17.097Z,0.174,2,1000,640x360,2.1228290000000243,1504,rebuffer happen
2025-12-19T03:23:17.319Z,0.299,2,1000,640x360,2.151933999999983,1504,rebuffer happen
2025-12-19T03:23:17.376Z,0.299,2,1000,640x360,2.0849319999999807,1504,rebuffer happen
2025-12-19T03:23:17.391Z,0.299,2,1000,640x360,2.067462999999975,1504,
2025-12-19T03:23:17.558Z,0.196,2,1000,640x360,2.076999999999998,1487,rebuffer happen
2025-12-19T03:23:17.900Z,0.319,2,1000,640x360,2.050613999999996,1487,
2025-12-19T03:23:17.902Z,0.294,2,1000,640x360,2.0496269999999868,1487,rebuffer happen
2025-12-19T03:23:17.978Z,0.293,1,600,480x270,2.0563429999999983,1510,
2025-12-19T03:23:18.202Z,0.411,1,600,480x270,2.0214579999999955,1510,
2025-12-19T03:23:18.446Z,0.67,1,600,480x270,2.0415339999999844,1510,
2025-12-19T03:23:18.827Z,0.786,1,600,480x270,2.0612140000000068,1455,
2025-12-19T03:23:19.090Z,1.001,1,600,480x270,1.9710929999999962,1452,
2025-12-19T03:23:19.353Z,1.222,1,600,480x270,2.000513000000012,1452,
2025-12-19T03:23:19.641Z,1.435,1,600,480x270,2.0011590000000012,1468,
2025-12-19T03:23:19.853Z,1.671,1,600,480x270,1.9853160000000116,1468,
2025-12-19T03:23:20.131Z,1.937,1,600,480x270,1.9958270000000198,1495,
2025-12-19T03:23:20.446Z,2.107,1,600,480x270,1.9692710000000204,1495,
2025-12-19T03:23:20.856Z,2.203,1,600,480x270,1.9723800000000153,1535,
2025-12-19T03:23:21.357Z,2.21,1,600,480x270,1.9605820000000165,1537,
2025-12-19T03:23:21.430Z,2.209,3,1500,768x432,1.9879789999999957,1546,
2025-12-19T03:23:22.243Z,1.832,3,1500,768x432,1.9854489999999885,1546,
2025-12-19T03:23:22.921Z,1.664,3,1500,768x432,2.0112629999999854,1549,
2025-12-19T03:23:23.550Z,1.532,3,1500,768x432,1.969477000000012,1567,
2025-12-19T03:23:24.200Z,1.353,3,1500,768x432,1.936743000000007,1559,
2025-12-19T03:23:24.895Z,1.184,3,1500,768x432,1.9251739999999984,1559,
2025-12-19T03:23:25.511Z,1.072,3,1500,768x432,1.9073970000000031,1551,
2025-12-19T03:23:26.118Z,0.958,3,1500,768x432,2.003101999999984,1574,
2025-12-19T03:23:26.200Z,0.941,2,1000,640x360,1.9204179999999837,1586,
2025-12-19T03:23:26.573Z,0.982,2,1000,640x360,1.9471029999999985,1586,
2025-12-19T03:23:26.903Z,1.169,2,1000,640x360,1.9328219999999874,1588,
2025-12-19T03:23:27.211Z,1.336,2,1000,640x360,1.9168269999999836,1599,
2025-12-19T03:23:27.530Z,1.542,2,1000,640x360,1.9990420000000029,1599,
2025-12-19T03:23:27.963Z,1.626,2,1000,640x360,1.966971000000001,1601,
2025-12-19T03:23:28.375Z,1.693,2,1000,640x360,1.9483699999999828,1592,
2025-12-19T03:23:28.891Z,1.672,2,1000,640x360,1.9297359999999912,1585,
2025-12-19T03:23:29.287Z,1.764,2,1000,640x360,1.9404230000000098,1587,
2025-12-19T03:23:29.815Z,1.742,2,1000,640x360,2.0046040000000005,1580,
2025-12-19T03:23:29.892Z,1.721,3,1500,768x432,1.9269549999999924,1577,
2025-12-19T03:23:30.632Z,1.466,3,1500,768x432,2.0075530000000015,1577,
2025-12-19T03:23:31.246Z,1.34,3,1500,768x432,1.9739900000000148,1593,
2025-12-19T03:23:31.860Z,1.239,3,1500,768x432,1.9717509999999834,1596,
2025-12-19T03:23:32.504Z,1.051,3,1500,768x432,1.9157990000000211,1626,
2025-12-19T03:23:33.245Z,0.924,3,1500,768x432,1.9692819999999926,1627,
2025-12-19T03:23:33.324Z,0.754,2,1000,640x360,1.8903170000000102,1678,
2025-12-19T03:23:33.641Z,0.908,2,1000,640x360,1.9886410000000012,1678,
2025-12-19T03:23:34.208Z,0.846,2,1000,640x360,1.9190130000000067,1678,
2025-12-19T03:23:34.625Z,0.928,2,1000,640x360,2.0014710000000093,1691,
2025-12-19T03:23:35.035Z,1.045,2,1000,640x360,1.9855830000000196,1679,
2025-12-19T03:23:35.476Z,1.066,2,1000,640x360,1.9469449999999995,1658,
2025-12-19T03:23:35.938Z,1.129,2,1000,640x360,1.9918790000000115,1656,
2025-12-19T03:23:36.477Z,1.065,2,1000,640x360,1.9385809999999992,1656,
2025-12-19T03:23:36.907Z,1.146,2,1000,640x360,1.9220699999999908,1649,
2025-12-19T03:23:36.981Z,1.159,3,1500,768x432,1.938873000000001,1649,
2025-12-19T03:23:37.639Z,0.91,3,1500,768x432,1.992937000000012,1649,
2025-12-19T03:23:38.217Z,0.847,3,1500,768x432,2.001140000000021,1650,
2025-12-19T03:23:38.825Z,0.737,3,1500,768x432,2.0078740000000153,1651,
2025-12-19T03:23:39.547Z,0.516,3,1500,768x432,1.97199599999999,1665,
2025-12-19T03:23:40.034Z,0.537,3,1500,768x432,1.9973489999999856,1660,
2025-12-19T03:23:40.593Z,0.483,3,1500,768x432,1.9328140000000076,1657,
2025-12-19T03:23:40.677Z,0.474,2,1000,640x360,1.9415899999999908,1681,
2025-12-19T03:23:40.826Z,0.274,2,1000,640x360,1.995035999999999,1681,rebuffer happen
2025-12-19T03:23:41.094Z,0.46,2,1000,640x360,1.9279769999999985,1681,
2025-12-19T03:23:41.440Z,0.604,2,1000,640x360,1.9875710000000026,1658,
2025-12-19T03:23:41.789Z,0.757,2,1000,640x360,1.930043000000012,1660,
2025-12-19T03:23:42.401Z,0.662,2,1000,640x360,1.9143049999999846,1660,
2025-12-19T03:23:43.061Z,0.496,2,1000,640x360,1.9608139999999992,1655,
2025-12-19T03:23:43.529Z,0.524,2,1000,640x360,1.990477999999996,1698,
2025-12-19T03:23:44.040Z,0.541,2,1000,640x360,1.9825220000000172,1687,
2025-12-19T03:23:44.473Z,0.571,2,1000,640x360,1.9474710000000073,1723,
2025-12-19T03:23:44.906Z,0.655,2,1000,640x360,1.935766000000001,1706,
2025-12-19T03:23:45.416Z,0.643,2,1000,640x360,2.002511999999996,1708,
2025-12-19T03:23:45.857Z,0.721,2,1000,640x360,1.9719340000000045,1697,
2025-12-19T03:23:46.208Z,0.85,2,1000,640x360,1.9082550000000253,1687,
2025-12-19T03:23:46.601Z,0.948,2,1000,640x360,1.9367750000000115,1687,
2025-12-19T03:23:47.062Z,0.996,2,1000,640x360,1.9576399999999978,1687,
2025-12-19T03:23:47.135Z,0.944,3,1500,768x432,1.9907699999999977,1666,
2025-12-19T03:23:47.826Z,0.737,3,1500,768x432,1.9984489999999937,1666,
2025-12-19T03:23:48.678Z,0.4,3,1500,768x432,1.9570579999999893,1574,
2025-12-19T03:23:48.886Z,0.194,3,1500,768x432,1.9501030000000128,1551,rebuffer happen
2025-12-19T03:23:49.316Z,0.252,3,1500,768x432,2.0118870000000015,1551,
2025-12-19T03:23:49.561Z,0.019,3,1500,768x432,1.9761550000000057,1496,rebuffer happen
2025-12-19T03:23:50.029Z,0.186,3,1500,768x432,2.1361729999999852,1496,
2025-12-19T03:23:50.194Z,0.02,3,1500,768x432,2.073375999999996,1486,rebuffer happen
2025-12-19T03:23:50.765Z,0.204,3,1500,768x432,2.3419910000000073,1486,
2025-12-19T03:23:50.866Z,0.194,2,1000,640x360,2.3484890000000007,1445,
2025-12-19T03:23:50.928Z,0.032,2,1000,640x360,2.3928169999999795,1445,rebuffer happen
2025-12-19T03:23:51.476Z,0.255,2,1000,640x360,2.6210489999999993,1445,
2025-12-19T03:23:51.745Z,0.026,2,1000,640x360,2.6837539999999933,1363,rebuffer happen
2025-12-19T03:23:51.951Z,0.342,2,1000,640x360,2.7220259999999996,1363,
2025-12-19T03:23:52.136Z,0.124,2,1000,640x360,2.6738530000000083,1388,rebuffer happen
2025-12-19T03:23:52.196Z,0.037,2,1000,640x360,2.5865610000000174,1388,rebuffer happen
2025-12-19T03:23:52.451Z,0.345,2,1000,640x360,2.6833760000000098,1388,
2025-12-19T03:23:52.487Z,0.274,2,1000,640x360,2.6325740000000053,1379,rebuffer happen
2025-12-19T03:23:52.939Z,0.323,2,1000,640x360,2.6895800000000065,1379,
2025-12-19T03:23:53.001Z,0.274,2,1000,640x360,2.6273590000000127,1411,rebuffer happen
2025-12-19T03:23:53.163Z,0.036,2,1000,640x360,2.594434000000007,1411,rebuffer happen
2025-12-19T03:23:53.428Z,0.263,2,1000,640x360,2.6321729999999945,1411,
2025-12-19T03:23:53.923Z,0.295,2,1000,640x360,2.6366569999999854,1432,
2025-12-19T03:23:54.288Z,0.29,2,1000,640x360,2.5801739999999995,1403,rebuffer happen
2025-12-19T03:23:54.361Z,0.312,2,1000,640x360,2.570177000000001,1403,
2025-12-19T03:23:54.490Z,0.128,2,1000,640x360,2.4787259999999947,1432,rebuffer happen
2025-12-19T03:23:54.809Z,0.305,2,1000,640x360,2.4806629999999927,1432,
2025-12-19T03:23:54.972Z,0.189,2,1000,640x360,2.5058899999999937,1444,rebuffer happen
2025-12-19T03:23:55.331Z,0.292,2,1000,640x360,2.5531119999999987,1444,
2025-12-19T03:23:55.400Z,0.263,1,600,480x270,2.483936,1476,
2025-12-19T03:23:55.787Z,0.368,1,600,480x270,2.471188000000012,1476,
2025-12-19T03:23:55.816Z,0.28,1,600,480x270,2.5299329999999998,1510,rebuffer happen
2025-12-19T03:23:55.980Z,0.524,1,600,480x270,2.3976570000000095,1510,
2025-12-19T03:23:56.231Z,0.696,1,600,480x270,2.338942000000003,1510,
2025-12-19T03:23:56.531Z,0.805,1,600,480x270,2.2548280000000034,1510,
2025-12-19T03:23:56.724Z,1.025,1,600,480x270,2.2354620000000125,1459,
2025-12-19T03:23:56.969Z,1.259,1,600,480x270,2.119675000000001,1459,
2025-12-19T03:23:57.214Z,1.461,1,600,480x270,2.0221959999999797,1433,
2025-12-19T03:23:57.476Z,1.66,1,600,480x270,2.0201929999999777,1433,
2025-12-19T03:23:57.722Z,1.9,1,600,480x270,2.066412000000014,1429,
2025-12-19T03:23:58.032Z,2.051,1,600,480x270,2.0288050000000055,1429,
2025-12-19T03:23:58.365Z,2.202,1,600,480x270,1.9789629999999931,1451,
2025-12-19T03:23:58.871Z,2.205,1,600,480x270,1.973011999999983,1472,
2025-12-19T03:23:58.942Z,2.218,2,1000,640x360,1.992763999999994,1485,
2025-12-19T03:23:59.583Z,1.997,2,1000,640x360,1.9390530000000012,1485,
2025-12-19T03:24:00.036Z,2.017,2,1000,640x360,1.9844019999999887,1518,
2025-12-19T03:24:00.490Z,2.069,2,1000,640x360,1.9228129999999908,1507,
2025-12-19T03:24:01.036Z,2.031,2,1000,640x360,1.991581999999994,1496,
2025-12-19T03:24:01.497Z,2.056,2,1000,640x360,1.9272789999999986,1524,
2025-12-19T03:24:01.980Z,2.072,2,1000,640x360,1.9394260000000259,1539,
2025-12-19T03:24:02.558Z,1.989,2,1000,640x360,1.9626129999999762,1545,
2025-12-19T03:24:02.638Z,1.979,3,1500,768x432,1.984088000000014,1504,
2025-12-19T03:24:03.290Z,1.776,3,1500,768x432,1.9278529999999705,1504,
2025-12-19T03:24:03.839Z,1.705,3,1500,768x432,1.981318000000016,1466,
2025-12-19T03:24:04.647Z,1.432,3,1500,768x432,1.9807810000000075,1448,
2025-12-19T03:24:05.372Z,1.232,3,1500,768x432,1.9504859999999553,1491,
2025-12-19T03:24:06.047Z,1.033,3,1500,768x432,1.9841440000000148,1523,
2025-12-19T03:24:06.752Z,0.813,3,1500,768x432,1.974478999999974,1531,
2025-12-19T03:24:06.830Z,0.817,2,1000,640x360,1.9918949999999995,1523,
2025-12-19T03:24:07.243Z,0.795,2,1000,640x360,1.9714640000000259,1523,
2025-12-19T03:24:07.663Z,0.889,2,1000,640x360,1.9503250000000207,1543,
2025-12-19T03:24:08.075Z,0.968,2,1000,640x360,1.9388189999999668,1543,
2025-12-19T03:24:08.340Z,1.212,2,1000,640x360,1.9772859999999923,1539,
2025-12-19T03:24:08.613Z,1.438,2,1000,640x360,1.9122639999999933,1526,
2025-12-19T03:24:09.359Z,1.405,2,1000,640x360,1.9601789999999824,1526,
2025-12-19T03:24:09.875Z,1.225,2,1000,640x360,1.9487199999999802,1492,
2025-12-19T03:24:10.314Z,1.239,2,1000,640x360,1.9023789999999963,1514,
2025-12-19T03:24:10.393Z,1.252,3,1500,768x432,1.9225630000000251,1531,
2025-12-19T03:24:11.020Z,1.034,3,1500,768x432,2.0006910000000175,1531,
2025-12-19T03:24:11.619Z,0.925,3,1500,768x432,2.009723000000008,1543,
2025-12-19T03:24:12.413Z,0.698,3,1500,768x432,1.9079580000000078,1539,
2025-12-19T03:24:13.059Z,0.485,3,1500,768x432,1.9619699999999511,1528,
2025-12-19T03:24:13.708Z,0.355,3,1500,768x432,1.927425000000028,1533,
2025-12-19T03:24:13.780Z,0.296,3,1500,768x432,1.9476319999999987,1543,rebuffer happen
2025-12-19T03:24:14.394Z,0.188,3,1500,768x432,1.9394890000000373,1543,
2025-12-19T03:24:14.460Z,0.165,2,1000,640x360,1.9652399999999943,1530,
2025-12-19T03:24:14.548Z,0.027,2,1000,640x360,1.9752709999999638,1530,rebuffer happen
2025-12-19T03:24:14.835Z,0.317,2,1000,640x360,2.0777820000000133,1530,
2025-12-19T03:24:14.927Z,0.264,2,1000,640x360,2.0793009999999867,1540,rebuffer happen
2025-12-19T03:24:15.192Z,0.426,2,1000,640x360,1.9897740000000113,1540,
2025-12-19T03:24:15.475Z,0.608,2,1000,640x360,1.9809970000000021,1540,
2025-12-19T03:24:15.969Z,0.61,2,1000,640x360,1.9845710000000167,1563,
2025-12-19T03:24:16.623Z,0.447,2,1000,640x360,2.0125659999999925,1541,
2025-12-19T03:24:16.855Z,0.295,2,1000,640x360,1.9836869999999749,1510,rebuffer happen
2025-12-19T03:24:17.048Z,0.507,2,1000,640x360,1.9816880000000197,1510,
2025-12-19T03:24:17.671Z,0.52,2,1000,640x360,1.9649670000000015,1465,
2025-12-19T03:24:18.042Z,0.527,2,1000,640x360,1.996105,1468,
2025-12-19T03:24:18.441Z,0.638,2,1000,640x360,1.9853919999999903,1481,
2025-12-19T03:24:18.938Z,0.657,2,1000,640x360,1.992338000000018,1504,
2025-12-19T03:24:19.375Z,0.695,2,1000,640x360,1.9406290000000013,1475,
2025-12-19T03:24:19.783Z,0.78,2,1000,640x360,1.9325119999999743,1467,
2025-12-19T03:24:20.143Z,0.908,2,1000,640x360,1.9755729999999971,1471,
2025-12-19T03:24:20.534Z,1.028,2,1000,640x360,1.9891410000000178,1471,
2025-12-19T03:24:20.954Z,1.105,2,1000,640x360,1.9664920000000166,1584,
2025-12-19T03:24:21.030Z,1.101,3,1500,768x432,1.9933409999999867,1577,
2025-12-19T03:24:21.737Z,0.845,3,1500,768x432,1.9956040000000144,1577,
2025-12-19T03:24:22.433Z,0.607,3,1500,768x432,1.9972140000000422,1567,
2025-12-19T03:24:23.124Z,0.43,3,1500,768x432,1.9995999999999867,1570,
2025-12-19T03:24:23.300Z,0.266,3,1500,768x432,1.9216959999999972,1566,rebuffer happen
2025-12-19T03:24:23.983Z,0.117,3,1500,768x432,1.9313740000000053,1566,
2025-12-19T03:24:24.038Z,0.028,3,1500,768x432,1.9825930000000085,1570,rebuffer happen
2025-12-19T03:24:24.616Z,0.07,3,1500,768x432,2.1189109999999687,1570,
2025-12-19T03:24:24.656Z,0.03,2,1000,640x360,2.0792319999999904,1572,rebuffer happen
2025-12-19T03:24:24.689Z,0.03,2,1000,640x360,2.0792319999999904,1572,
2025-12-19T03:24:25.113Z,0.259,2,1000,640x360,2.2156340000000228,1572,
2025-12-19T03:24:25.411Z,0.299,2,1000,640x360,2.2142900000000054,1602,rebuffer happen
2025-12-19T03:24:25.536Z,0.315,2,1000,640x360,2.2785120000000347,1602,
2025-12-19T03:24:25.659Z,0.246,2,1000,640x360,2.263507000000004,1588,rebuffer happen
2025-12-19T03:24:25.706Z,0.298,2,1000,640x360,2.2157789999999977,1588,rebuffer happen
2025-12-19T03:24:25.949Z,0.361,2,1000,640x360,2.206916999999976,1588,
2025-12-19T03:24:26.022Z,0.251,2,1000,640x360,2.2008879999999635,1595,rebuffer happen
2025-12-19T03:24:26.230Z,0.291,2,1000,640x360,2.146266999999966,1595,rebuffer happen
2025-12-19T03:24:26.375Z,0.341,2,1000,640x360,2.103824999999972,1595,
2025-12-19T03:24:26.498Z,0.232,2,1000,640x360,2.048653999999999,1600,rebuffer happen
2025-12-19T03:24:26.788Z,0.393,2,1000,640x360,2.056596000000013,1600,
2025-12-19T03:24:26.930Z,0.272,2,1000,640x360,2.094081000000017,1618,rebuffer happen
2025-12-19T03:24:27.202Z,0.421,2,1000,640x360,1.9907119999999736,1618,
2025-12-19T03:24:27.600Z,0.502,2,1000,640x360,1.964870000000019,1618,
2025-12-19T03:24:28.030Z,0.559,2,1000,640x360,2.016434000000004,1598,
2025-12-19T03:24:28.527Z,0.581,2,1000,640x360,1.9994820000000004,1600,
2025-12-19T03:24:28.990Z,0.572,2,1000,640x360,1.940526000000034,1590,
2025-12-19T03:24:29.326Z,0.729,2,1000,640x360,2.0014639999999986,1576,
2025-12-19T03:24:29.676Z,0.896,2,1000,640x360,1.9625499999999647,1583,
2025-12-19T03:24:30.073Z,0.988,2,1000,640x360,1.9498969999999645,1583,
2025-12-19T03:24:30.153Z,1.001,3,1500,768x432,1.9785210000000006,1591,
2025-12-19T03:24:30.954Z,0.63,3,1500,768x432,1.9791649999999663,1591,
2025-12-19T03:24:31.290Z,0.284,3,1500,768x432,1.940197000000012,1586,rebuffer happen
2025-12-19T03:24:31.696Z,0.384,3,1500,768x432,1.9265139999999974,1586,
2025-12-19T03:24:31.821Z,0.251,3,1500,768x432,2.0047500000000014,1578,rebuffer happen
2025-12-19T03:24:32.423Z,0.165,3,1500,768x432,1.997242999999969,1578,
2025-12-19T03:24:32.546Z,0.03,3,1500,768x432,1.9885639999999967,1580,rebuffer happen
2025-12-19T03:24:33.093Z,0.072,3,1500,768x432,2.0427530000000047,1580,
2025-12-19T03:24:33.146Z,0.033,3,1500,768x432,2.08591100000001,1541,rebuffer happen
2025-12-19T03:24:33.413Z,0.033,3,1500,768x432,2.1475980000000163,1541,rebuffer happen
2025-12-19T03:24:33.760Z,0.112,3,1500,768x432,2.2779959999999733,1541,
2025-12-19T03:24:33.846Z,0.03,2,1000,640x360,2.2846379999999726,1567,rebuffer happen
2025-12-19T03:24:33.848Z,0.03,2,1000,640x360,2.2846379999999726,1567,
2025-12-19T03:24:34.269Z,0.247,2,1000,640x360,2.403337000000022,1567,
2025-12-19T03:24:34.649Z,0.277,2,1000,640x360,2.4250470000000064,1577,rebuffer happen
2025-12-19T03:24:34.693Z,0.281,2,1000,640x360,2.362618999999995,1577,rebuffer happen
2025-12-19T03:24:34.714Z,0.281,2,1000,640x360,2.333955000000003,1577,
2025-12-19T03:24:35.157Z,0.333,2,1000,640x360,2.3854949999999917,1577,
2025-12-19T03:24:35.244Z,0.289,2,1000,640x360,2.379991000000018,1550,rebuffer happen
2025-12-19T03:24:35.452Z,0.411,2,1000,640x360,2.280302000000006,1550,
2025-12-19T03:24:35.726Z,0.636,2,1000,640x360,2.3053299999999695,1555,
2025-12-19T03:24:36.080Z,0.674,2,1000,640x360,2.1558449999999993,1555,
2025-12-19T03:24:36.455Z,0.737,2,1000,640x360,2.084181000000001,1610,
2025-12-19T03:24:36.894Z,0.712,2,1000,640x360,1.985302000000047,1594,
2025-12-19T03:24:37.343Z,0.743,2,1000,640x360,2.010749999999973,1632,
2025-12-19T03:24:38.066Z,0.52,2,1000,640x360,1.9688620000000014,1645,
2025-12-19T03:24:38.319Z,0.254,2,1000,640x360,2.006567999999959,1621,rebuffer happen
2025-12-19T03:24:38.565Z,0.528,2,1000,640x360,1.9621870000000285,1621,
2025-12-19T03:24:39.066Z,0.508,2,1000,640x360,1.9657830000000445,1626,
2025-12-19T03:24:39.565Z,0.523,2,1000,640x360,1.9619959999999992,1622,
2025-12-19T03:24:39.998Z,0.576,2,1000,640x360,1.9375440000000026,1636,
2025-12-19T03:24:40.442Z,0.613,2,1000,640x360,1.9806159999999977,1637,
2025-12-19T03:24:40.876Z,0.72,2,1000,640x360,1.9615100000000325,1636,
2025-12-19T03:24:41.274Z,0.799,2,1000,640x360,1.94963800000005,1620,
2025-12-19T03:24:41.791Z,0.832,2,1000,640x360,1.9317270000000235,1604,
2025-12-19T03:24:42.215Z,0.84,2,1000,640x360,1.9024239999999963,1592,
2025-12-19T03:24:42.663Z,0.921,2,1000,640x360,1.9656050000000391,1592,
2025-12-19T03:24:43.160Z,0.887,2,1000,640x360,1.961966000000018,1564,
2025-12-19T03:24:43.595Z,0.956,2,1000,640x360,1.9349830000000452,1525,
2025-12-19T03:24:44.027Z,1.056,2,1000,640x360,2.0028989999999567,1539,
2025-12-19T03:24:44.094Z,1.047,3,1500,768x432,1.934966999999972,1531,
2025-12-19T03:24:44.815Z,0.8,3,1500,768x432,2.020713999999998,1531,
2025-12-19T03:24:45.367Z,0.702,3,1500,768x432,1.9569030000000112,1540,
2025-12-19T03:24:45.772Z,0.808,3,1500,768x432,1.953516000000036,1525,
2025-12-19T03:24:46.414Z,0.659,3,1500,768x432,1.9127280000000155,1569,
2025-12-19T03:24:47.194Z,0.382,3,1500,768x432,1.9282179999999585,1567,
2025-12-19T03:24:47.338Z,0.229,3,1500,768x432,1.9815360000000055,1561,rebuffer happen
2025-12-19T03:24:47.785Z,0.293,3,1500,768x432,1.9436190000000124,1561,
2025-12-19T03:24:47.864Z,0.294,2,1000,640x360,1.9711429999999837,1540,
2025-12-19T03:24:48.229Z,0.338,2,1000,640x360,2.01158300000003,1540,
2025-12-19T03:24:48.380Z,0.234,2,1000,640x360,1.9541299999999637,1540,rebuffer happen
2025-12-19T03:24:48.776Z,0.292,2,1000,640x360,1.973873000000026,1540,rebuffer happen
2025-12-19T03:24:48.866Z,0.292,2,1000,640x360,1.9793660000000273,1540,
2025-12-19T03:24:49.220Z,0.346,2,1000,640x360,2.02198599999997,1560,
2025-12-19T03:24:49.386Z,0.23,2,1000,640x360,1.9521540000000073,1560,rebuffer happen
2025-12-19T03:24:49.645Z,0.421,2,1000,640x360,1.9856750000000147,1560,
2025-12-19T03:24:49.788Z,0.288,2,1000,640x360,1.9382849999999507,1555,rebuffer happen
2025-12-19T03:24:50.092Z,0.48,2,1000,640x360,1.9271610000000123,1555,
2025-12-19T03:24:50.330Z,0.269,2,1000,640x360,1.983951999999988,1569,rebuffer happen
2025-12-19T03:24:50.583Z,0.454,2,1000,640x360,1.9384239999999977,1569,
2025-12-19T03:24:51.032Z,0.515,2,1000,640x360,1.988820999999973,1523,
2025-12-19T03:24:51.441Z,0.623,2,1000,640x360,1.9838340000000017,1539,
2025-12-19T03:24:51.827Z,0.748,2,1000,640x360,1.9996760000000222,1553,
2025-12-19T03:24:52.016Z,0.912,2,1000,640x360,2.00802299999998,1551,
2025-12-19T03:24:52.092Z,1.057,3,1500,768x432,1.9312669999999912,1551,
2025-12-19T03:24:52.117Z,1.3,3,1500,768x432,2.0060869999999795,1551,
2025-12-19T03:24:53.083Z,1.03,3,1500,768x432,1.942904999999996,1551,
2025-12-19T03:24:53.743Z,0.821,3,1500,768x432,1.985262999999975,1642,
2025-12-19T03:24:54.384Z,0.679,3,1500,768x432,1.939942999999971,1641,
2025-12-19T03:24:55.013Z,0.543,3,1500,768x432,1.9055870000000255,1657,
2025-12-19T03:24:55.660Z,0.41,3,1500,768x432,1.9678990000000454,1643,
2025-12-19T03:24:55.739Z,0.415,2,1000,640x360,1.9979720000000043,1638,
2025-12-19T03:24:55.869Z,0.238,2,1000,640x360,1.961794999999995,1638,rebuffer happen
2025-12-19T03:24:56.173Z,0.374,2,1000,640x360,1.9530659999999784,1638,
2025-12-19T03:24:56.385Z,0.288,2,1000,640x360,1.9444339999999443,1623,rebuffer happen
2025-12-19T03:24:56.620Z,0.458,2,1000,640x360,2.013300999999956,1623,
2025-12-19T03:24:57.075Z,0.502,2,1000,640x360,1.954720000000009,1602,
2025-12-19T03:24:57.524Z,0.545,2,1000,640x360,2.0002000000000066,1599,
2025-12-19T03:24:57.966Z,0.622,2,1000,640x360,1.9731289999999717,1600,
2025-12-19T03:24:58.419Z,0.657,2,1000,640x360,2.010200999999995,1600,
2025-12-19T03:24:58.800Z,0.762,2,1000,640x360,1.9246349999999666,1588,
2025-12-19T03:24:59.191Z,0.865,2,1000,640x360,1.932875000000024,1560,
2025-12-19T03:24:59.627Z,0.923,2,1000,640x360,2.0009319999999775,1560,
2025-12-19T03:25:00.081Z,0.976,2,1000,640x360,1.9369729999999663,1554,
2025-12-19T03:25:00.620Z,0.959,2,1000,640x360,2.010649000000001,1564,
2025-12-19T03:25:01.156Z,0.925,2,1000,640x360,1.9657889999999725,1565,
2025-12-19T03:25:01.528Z,1.025,2,1000,640x360,1.9892080000000192,1553,
2025-12-19T03:25:01.608Z,1.04,3,1500,768x432,1.918030999999985,1559,
2025-12-19T03:25:02.250Z,0.823,3,1500,768x432,1.9776790000000233,1559,
2025-12-19T03:25:02.888Z,0.68,3,1500,768x432,1.9304099999999949,1589,
2025-12-19T03:25:03.502Z,0.55,3,1500,768x432,1.9118349999999964,1609,
2025-12-19T03:25:04.121Z,0.447,3,1500,768x432,2.0031720000000064,1541,
2025-12-19T03:25:04.332Z,0.235,3,1500,768x432,1.985385000000008,1525,rebuffer happen
2025-12-19T03:25:04.661Z,0.287,3,1500,768x432,1.9773650000000202,1525,rebuffer happen
2025-12-19T03:25:04.754Z,0.322,3,1500,768x432,1.9741769999999974,1525,
2025-12-19T03:25:04.925Z,0.151,3,1500,768x432,2.0102939999999876,1514,rebuffer happen
2025-12-19T03:25:05.375Z,0.198,3,1500,768x432,1.956075999999996,1514,
2025-12-19T03:25:05.451Z,0.151,2,1000,640x360,1.980113000000017,1524,
2025-12-19T03:25:05.556Z,0.024,2,1000,640x360,1.9738770000000159,1524,rebuffer happen
2025-12-19T03:25:06.013Z,0.281,2,1000,640x360,2.0185989999999947,1524,
2025-12-19T03:25:06.443Z,0.248,2,1000,640x360,2.096677999999997,1552,
2025-12-19T03:25:06.859Z,0.322,2,1000,640x360,2.089544999999987,1594,
2025-12-19T03:25:06.894Z,0.29,2,1000,640x360,2.0529509999999505,1631,rebuffer happen
2025-12-19T03:25:07.300Z,0.343,2,1000,640x360,1.9944739999999683,1631,
2025-12-19T03:25:07.411Z,0.221,2,1000,640x360,1.9696850000000268,1666,rebuffer happen
2025-12-19T03:25:07.732Z,0.383,2,1000,640x360,2.0474609999999984,1666,
2025-12-19T03:25:08.058Z,0.552,2,1000,640x360,1.992482999999993,1666,
2025-12-19T03:25:08.494Z,0.577,2,1000,640x360,1.9453790000000026,1722,
2025-12-19T03:25:08.942Z,0.661,2,1000,640x360,2.0067750000000046,1703,
2025-12-19T03:25:09.391Z,0.716,2,1000,640x360,1.9419350000000009,1691,
2025-12-19T03:25:10.129Z,0.43,2,1000,640x360,1.9918440000000146,1671,
2025-12-19T03:25:10.337Z,0.23,2,1000,640x360,1.9839920000000006,1564,rebuffer happen
2025-12-19T03:25:10.677Z,0.022,2,1000,640x360,1.9366430000000037,1564,rebuffer happen
2025-12-19T03:25:10.944Z,0.029,2,1000,640x360,2.157476000000031,1564,rebuffer happen
2025-12-19T03:25:11.027Z,0.026,2,1000,640x360,2.2079540000000293,1564,rebuffer happen
2025-12-19T03:25:11.077Z,0.019,2,1000,640x360,2.1681110000000103,1564,rebuffer happen
2025-12-19T03:25:11.161Z,0.021,2,1000,640x360,2.2366099999999847,1564,rebuffer happen
2025-12-19T03:25:11.211Z,0.02,2,1000,640x360,2.2020559999999705,1564,rebuffer happen
2025-12-19T03:25:11.244Z,0.024,2,1000,640x360,2.2821420000000217,1564,rebuffer happen
2025-12-19T03:25:11.327Z,0.017,2,1000,640x360,2.3326110000000426,1564,rebuffer happen
2025-12-19T03:25:11.361Z,0.022,2,1000,640x360,2.3038779999999974,1564,rebuffer happen
2025-12-19T03:25:11.421Z,0.022,2,1000,640x360,2.409877999999992,1564,
2025-12-19T03:25:11.461Z,0.02,1,600,480x270,2.374775999999997,1372,rebuffer happen
2025-12-19T03:25:11.504Z,0.02,1,600,480x270,2.374775999999997,1372,
2025-12-19T03:25:12.248Z,0.178,1,600,480x270,2.819930999999997,1372,
2025-12-19T03:25:12.379Z,0.033,1,600,480x270,2.7815610000000106,1247,rebuffer happen
2025-12-19T03:25:12.985Z,0.138,1,600,480x270,2.99624799999998,1247,
2025-12-19T03:25:13.112Z,0.02,1,600,480x270,2.9693399999999883,1150,rebuffer happen
2025-12-19T03:25:13.647Z,0.184,1,600,480x270,3.235236000000043,1150,
2025-12-19T03:25:13.796Z,0.029,1,600,480x270,3.1832810000000222,1127,rebuffer happen
2025-12-19T03:25:13.929Z,0.025,1,600,480x270,3.341070000000002,1127,rebuffer happen
2025-12-19T03:25:14.306Z,0.156,1,600,480x270,3.2957380000000285,1127,
2025-12-19T03:25:14.430Z,0.019,1,600,480x270,3.3764810000000125,1138,rebuffer happen
2025-12-19T03:25:14.480Z,0.027,1,600,480x270,3.35079300000001,1138,rebuffer happen
2025-12-19T03:25:14.705Z,0.279,1,600,480x270,3.350542999999959,1138,
2025-12-19T03:25:15.231Z,0.031,1,600,480x270,3.4187279999999873,1138,rebuffer happen
2025-12-19T03:25:15.331Z,0.028,1,600,480x270,3.475896999999975,1138,rebuffer happen
2025-12-19T03:25:15.381Z,0.022,1,600,480x270,3.436786999999981,1138,rebuffer happen
2025-12-19T03:25:15.414Z,0.027,1,600,480x270,3.408631000000014,1138,rebuffer happen
2025-12-19T03:25:15.464Z,0.029,1,600,480x270,3.4776390000000106,1138,rebuffer happen
2025-12-19T03:25:15.514Z,0.027,1,600,480x270,3.4429529999999886,1138,rebuffer happen
2025-12-19T03:25:15.564Z,0.022,1,600,480x270,3.5035089999999514,1138,rebuffer happen
2025-12-19T03:25:15.591Z,0.022,1,600,480x270,3.5035089999999514,1138,
2025-12-19T03:25:15.631Z,0.021,0,200,320x180,3.56955099999999,1020,rebuffer happen
2025-12-19T03:25:15.670Z,0.021,0,200,320x180,3.56955099999999,1020,
2025-12-19T03:25:15.873Z,0.336,0,200,320x180,3.642440000000022,1020,
2025-12-19T03:25:16.048Z,0.565,0,200,320x180,3.5786679999999933,1006,
2025-12-19T03:25:16.327Z,0.712,0,200,320x180,3.471827000000019,1006,
2025-12-19T03:25:16.549Z,0.819,0,200,320x180,3.348443999999972,958,
2025-12-19T03:25:16.806Z,1.101,0,200,320x180,3.245785000000012,958,
2025-12-19T03:25:17.076Z,1.195,0,200,320x180,3.146900999999957,896,
2025-12-19T03:25:17.337Z,1.271,0,200,320x180,3.0513430000000312,896,
2025-12-19T03:25:17.541Z,1.464,0,200,320x180,2.9696859999999674,894,
2025-12-19T03:25:17.772Z,1.752,0,200,320x180,2.9606749999999806,894,
2025-12-19T03:25:17.997Z,1.972,0,200,320x180,2.827414000000033,900,
2025-12-19T03:25:18.194Z,2.113,0,200,320x180,2.735223000000019,900,
2025-12-19T03:25:18.400Z,2.34,0,200,320x180,2.6289580000000115,900,
2025-12-19T03:25:18.659Z,2.492,0,200,320x180,2.5608269999999607,853,
2025-12-19T03:25:18.916Z,2.648,0,200,320x180,2.4817189999999982,853,
2025-12-19T03:25:19.074Z,2.63,1,600,480x270,2.355365000000006,842,
2025-12-19T03:25:19.744Z,2.082,1,600,480x270,2.208539999999971,842,
2025-12-19T03:25:20.320Z,1.85,1,600,480x270,2.1040179999999964,809,
2025-12-19T03:25:20.884Z,1.776,1,600,480x270,2.004895999999974,808,
2025-12-19T03:25:21.447Z,1.667,1,600,480x270,2.008661000000018,789,
2025-12-19T03:25:22.078Z,1.514,1,600,480x270,1.9714050000000043,773,
2025-12-19T03:25:22.640Z,1.431,1,600,480x270,1.9956889999999703,730,
2025-12-19T03:25:23.187Z,1.37,1,600,480x270,1.9448040000000333,735,
2025-12-19T03:25:23.844Z,1.255,1,600,480x270,1.977845000000002,704,
2025-12-19T03:25:24.333Z,1.239,1,600,480x270,1.9835219999999936,692,
2025-12-19T03:25:24.859Z,1.228,1,600,480x270,1.967866000000015,703,
2025-12-19T03:25:25.392Z,1.165,1,600,480x270,1.939792999999952,693,
2025-12-19T03:25:25.910Z,1.148,1,600,480x270,1.922965999999974,695,
2025-12-19T03:25:26.434Z,1.14,1,600,480x270,1.9899330000000077,704,
2025-12-19T03:25:27.008Z,1.086,1,600,480x270,1.9083140000000185,727,
2025-12-19T03:25:27.394Z,1.157,1,600,480x270,1.931995000000029,737,
2025-12-19T03:25:27.878Z,1.163,1,600,480x270,1.9548030000000267,750,
2025-12-19T03:25:28.316Z,1.257,1,600,480x270,2.0005110000000172,752,
2025-12-19T03:25:28.739Z,1.327,1,600,480x270,1.9919209999999907,772,
2025-12-19T03:25:29.485Z,1.051,1,600,480x270,1.934438,782,
2025-12-19T03:25:30.079Z,0.988,1,600,480x270,1.9533199999999624,764,
2025-12-19T03:25:30.148Z,0.999,0,200,320x180,1.9841480000000047,763,
2025-12-19T03:25:30.322Z,1.238,0,200,320x180,2.0057499999999777,763,
2025-12-19T03:25:30.546Z,1.476,0,200,320x180,1.9793229999999653,759,
2025-12-19T03:25:30.818Z,1.678,0,200,320x180,2.001817000000017,759,
2025-12-19T03:25:31.064Z,1.911,0,200,320x180,1.9615250000000515,759,
2025-12-19T03:25:31.391Z,2.128,0,200,320x180,1.9245520000000056,759,
2025-12-19T03:25:31.819Z,2.24,0,200,320x180,2.0055319999999597,759,
2025-12-19T03:25:32.296Z,2.225,0,200,320x180,1.9200500000000034,783,
2025-12-19T03:25:32.795Z,2.27,0,200,320x180,1.931568000000027,810,
2025-12-19T03:25:33.312Z,2.244,0,200,320x180,1.9050439999999753,813,
2025-12-19T03:25:33.568Z,2.092,1,600,480x270,1.9608420000000137,825,
2025-12-19T03:25:34.116Z,1.974,1,600,480x270,2.0096060000000193,825,
2025-12-19T03:25:34.564Z,1.983,1,600,480x270,1.9647340000000213,818,
2025-12-19T03:25:35.101Z,1.955,1,600,480x270,1.923969999999997,830,
2025-12-19T03:25:35.640Z,1.905,1,600,480x270,1.980009999999993,863,
2025-12-19T03:25:36.155Z,1.921,1,600,480x270,1.9631979999999771,861,
2025-12-19T03:25:36.674Z,1.89,1,600,480x270,1.952116999999987,866,
2025-12-19T03:25:37.191Z,1.866,1,600,480x270,1.9310919999999783,852,
2025-12-19T03:25:37.716Z,1.867,1,600,480x270,2.0156450000000063,859,
2025-12-19T03:25:38.298Z,1.759,1,600,480x270,1.927095999999949,858,
2025-12-19T03:25:38.756Z,1.828,1,600,480x270,1.993934999999965,870,
2025-12-19T03:25:39.204Z,1.86,1,600,480x270,1.9222879999999805,865,
2025-12-19T03:25:39.701Z,1.857,1,600,480x270,1.9199150000000031,865,
2025-12-19T03:25:40.254Z,1.818,1,600,480x270,1.9612379999999803,878,
2025-12-19T03:25:40.803Z,1.776,1,600,480x270,1.9278860000000009,878,
2025-12-19T03:25:41.341Z,1.752,1,600,480x270,1.9783979999999701,875,
2025-12-19T03:25:41.876Z,1.689,1,600,480x270,1.9532069999999635,847,
2025-12-19T03:25:42.420Z,1.634,1,600,480x270,1.997226000000012,840,
2025-12-19T03:25:42.949Z,1.644,1,600,480x270,1.997616999999991,806,
2025-12-19T03:25:43.549Z,1.498,1,600,480x270,1.979534000000001,776,
2025-12-19T03:25:44.039Z,1.536,1,600,480x270,1.9841030000000046,854,
2025-12-19T03:25:44.555Z,1.5,1,600,480x270,1.96786400000002,806,
2025-12-19T03:25:45.144Z,1.394,1,600,480x270,1.982594000000006,796,
2025-12-19T03:25:45.663Z,1.389,1,600,480x270,1.9792439999999942,795,
2025-12-19T03:25:46.164Z,1.415,1,600,480x270,1.9560919999999555,805,
2025-12-19T03:25:46.667Z,1.4,1,600,480x270,1.9683829999999602,815,
2025-12-19T03:25:47.184Z,1.378,1,600,480x270,1.9432610000000068,818,
2025-12-19T03:25:47.911Z,1.148,1,600,480x270,1.912840000000017,798,
2025-12-19T03:25:48.507Z,1.085,1,600,480x270,1.9081360000000132,795,
2025-12-19T03:25:48.995Z,1.038,1,600,480x270,1.9229609999999866,809,
2025-12-19T03:25:49.506Z,1.065,1,600,480x270,1.9098299999999995,820,
2025-12-19T03:25:50.032Z,1.047,1,600,480x270,2.0013009999999554,830,
2025-12-19T03:25:50.581Z,1.01,1,600,480x270,1.9497460000000046,875,
2025-12-19T03:25:51.095Z,0.989,1,600,480x270,1.9309729999999945,862,
2025-12-19T03:25:51.613Z,0.966,1,600,480x270,1.9167079999999714,847,
2025-12-19T03:25:52.131Z,0.959,1,600,480x270,2.009796000000051,824,
2025-12-19T03:25:52.199Z,0.95,0,200,320x180,1.9394480000000272,823,
2025-12-19T03:25:52.361Z,1.188,0,200,320x180,1.969007999999974,823,
2025-12-19T03:25:52.553Z,1.509,0,200,320x180,1.9839629999999602,839,
2025-12-19T03:25:52.740Z,1.791,0,200,320x180,1.9892900000000395,839,
2025-12-19T03:25:52.949Z,2.061,0,200,320x180,1.9867510000000266,843,
2025-12-19T03:25:53.272Z,2.183,0,200,320x180,1.9560200000000236,843,
2025-12-19T03:25:53.782Z,2.245,0,200,320x180,1.949072000000001,836,
2025-12-19T03:25:54.298Z,2.223,0,200,320x180,1.9265169999999898,828,
2025-12-19T03:25:54.819Z,2.248,0,200,320x180,2.009128999999973,819,
2025-12-19T03:25:55.335Z,2.222,0,200,320x180,1.9824919999999793,818,
2025-12-19T03:25:55.608Z,2.075,1,600,480x270,1.9217310000000225,861,
2025-12-19T03:25:56.181Z,1.867,1,600,480x270,1.9450899999999933,861,
2025-12-19T03:25:56.799Z,1.761,1,600,480x270,1.921254000000033,862,
2025-12-19T03:25:57.361Z,1.673,1,600,480x270,1.953975000000014,853,
2025-12-19T03:25:57.900Z,1.658,1,600,480x270,1.9337130000000116,805,
2025-12-19T03:25:58.415Z,1.624,1,600,480x270,2.0000519999999824,778,
2025-12-19T03:25:58.936Z,1.646,1,600,480x270,1.997425000000021,799,
2025-12-19T03:25:59.579Z,1.479,1,600,480x270,1.9431559999999877,775,
2025-12-19T03:26:00.103Z,1.481,1,600,480x270,1.9359969999999862,787,
2025-12-19T03:26:00.628Z,1.447,1,600,480x270,1.9911369999999806,768,
2025-12-19T03:26:01.143Z,1.43,1,600,480x270,1.9729899999999816,768,
2025-12-19T03:26:01.673Z,1.348,1,600,480x270,1.9620149999999512,835,
2025-12-19T03:26:02.241Z,1.335,1,600,480x270,1.9805450000000064,829,
2025-12-19T03:26:02.776Z,1.289,1,600,480x270,1.953993999999966,827,
2025-12-19T03:26:03.368Z,1.244,1,600,480x270,1.9606750000000375,826,
2025-12-19T03:26:03.928Z,1.143,1,600,480x270,1.9860429999999951,857,
2025-12-19T03:26:04.437Z,1.141,1,600,480x270,1.9828890000000001,877,
2025-12-19T03:26:04.945Z,1.148,1,600,480x270,1.9767509999999788,872,
2025-12-19T03:26:05.479Z,1.073,1,600,480x270,1.9410530000000108,862,
2025-12-19T03:26:05.895Z,1.162,1,600,480x270,1.9330850000000055,861,
2025-12-19T03:26:06.310Z,1.209,1,600,480x270,1.9198880000000145,865,
2025-12-19T03:26:06.754Z,1.33,1,600,480x270,1.972959000000003,856,
2025-12-19T03:26:07.192Z,1.359,1,600,480x270,1.926663000000019,845,
2025-12-19T03:26:07.995Z,1.059,1,600,480x270,1.9217689999999834,845,
2025-12-19T03:26:08.607Z,0.951,1,600,480x270,1.9173700000000053,735,
2025-12-19T03:26:08.676Z,0.949,0,200,320x180,1.941233000000011,747,
2025-12-19T03:26:08.868Z,1.189,0,200,320x180,1.9530659999999784,747,
2025-12-19T03:26:09.101Z,1.476,0,200,320x180,1.9214259999999967,773,
2025-12-19T03:26:09.308Z,1.727,0,200,320x180,1.9170590000000516,773,
2025-12-19T03:26:09.518Z,1.971,0,200,320x180,2.000427000000002,814,
2025-12-19T03:26:09.825Z,2.233,0,200,320x180,1.997912000000042,814,
2025-12-19T03:26:10.283Z,2.261,0,200,320x180,1.9421140000000037,826,
2025-12-19T03:26:10.797Z,2.234,0,200,320x180,1.9358379999999897,834,
2025-12-19T03:26:11.297Z,2.26,0,200,320x180,1.9294979999999669,853,
2025-12-19T03:26:11.809Z,2.228,0,200,320x180,1.9279980000000023,857,
2025-12-19T03:26:12.094Z,2.118,1,600,480x270,1.9298279999999863,861,
2025-12-19T03:26:12.688Z,1.873,1,600,480x270,1.9456920000000082,861,
2025-12-19T03:26:13.309Z,1.745,1,600,480x270,1.9105539999999905,839,
2025-12-19T03:26:13.825Z,1.677,1,600,480x270,2.0004940000000033,808,
2025-12-19T03:26:14.381Z,1.63,1,600,480x270,1.940766999999994,792,
2025-12-19T03:26:14.887Z,1.593,1,600,480x270,1.9381890000000226,788,
2025-12-19T03:26:15.445Z,1.611,1,600,480x270,1.9741869999999722,761,
2025-12-19T03:26:16.002Z,1.545,1,600,480x270,1.9235310000000254,771,
2025-12-19T03:26:16.499Z,1.553,1,600,480x270,1.930070999999998,779,
2025-12-19T03:26:17.032Z,1.522,1,600,480x270,1.984847000000002,776,
2025-12-19T03:26:17.653Z,1.42,1,600,480x270,1.963626999999974,782,
2025-12-19T03:26:18.284Z,1.287,1,600,480x270,1.9447020000000066,766,
2025-12-19T03:26:18.842Z,1.236,1,600,480x270,1.9857259999999997,759,
2025-12-19T03:26:19.359Z,1.212,1,600,480x270,1.9587190000000305,770,
2025-12-19T03:26:19.926Z,1.179,1,600,480x270,2.0058240000000183,767,
2025-12-19T03:26:20.404Z,1.167,1,600,480x270,1.9237430000000018,772,
2025-12-19T03:26:20.898Z,1.175,1,600,480x270,1.9404010000000085,778,
2025-12-19T03:26:21.395Z,1.16,1,600,480x270,1.9261700000000133,789,
2025-12-19T03:26:21.944Z,1.112,1,600,480x270,1.9779420000000414,788,
2025-12-19T03:26:22.450Z,1.102,1,600,480x270,1.968121999999994,784,
2025-12-19T03:26:23.027Z,1.067,1,600,480x270,1.9993269999999939,780,
2025-12-19T03:26:23.656Z,0.901,1,600,480x270,1.9737390000000232,797,
2025-12-19T03:26:23.734Z,0.921,0,200,320x180,1.9998369999999568,783,
2025-12-19T03:26:23.889Z,1.159,0,200,320x180,1.9356670000000236,783,
2025-12-19T03:26:24.051Z,1.527,0,200,320x180,1.973366999999996,792,
2025-12-19T03:26:24.315Z,1.785,0,200,320x180,2.001621,792,
2025-12-19T03:26:24.491Z,2.013,0,200,320x180,1.9223910000000046,791,
2025-12-19T03:26:24.768Z,2.235,0,200,320x180,1.9794440000000009,791,
2025-12-19T03:26:25.262Z,2.228,0,200,320x180,1.969649000000004,807,
2025-12-19T03:26:25.858Z,2.262,0,200,320x180,1.9559550000000172,816,
2025-12-19T03:26:26.278Z,2.312,0,200,320x180,1.9413810000000353,826,
2025-12-19T03:26:26.748Z,2.324,0,200,320x180,1.9788209999999822,830,
2025-12-19T03:26:27.137Z,1.958,1,600,480x270,1.99053600000002,831,
2025-12-19T03:26:27.463Z,2.055,1,600,480x270,1.9505169999999907,831,
2025-12-19T03:26:28.168Z,1.878,1,600,480x270,1.9500279999999748,820,
2025-12-19T03:26:28.650Z,1.913,1,600,480x270,1.984482000000014,828,
2025-12-19T03:26:29.252Z,1.808,1,600,480x270,1.96893799999998,839,
2025-12-19T03:26:29.824Z,1.736,1,600,480x270,2.001959999999997,841,
2025-12-19T03:26:30.390Z,1.666,1,600,480x270,1.9253590000000145,834,
2025-12-19T03:26:31.582Z,0.979,1,600,480x270,1.939395999999988,825,
2025-12-19T03:26:31.655Z,0.964,0,200,320x180,1.9827779999999962,816,
2025-12-19T03:26:31.935Z,1.126,0,200,320x180,1.995945000000006,816,
2025-12-19T03:26:32.119Z,1.44,0,200,320x180,1.9995389999999702,801,
2025-12-19T03:26:32.255Z,1.791,0,200,320x180,1.9669890000000123,801,
2025-12-19T03:26:32.399Z,2.112,0,200,320x180,1.9304239999999595,809,
2025-12-19T03:26:32.753Z,2.306,0,200,320x180,1.9799800000000118,809,
2025-12-19T03:26:33.262Z,2.309,0,200,320x180,1.9575820000000022,807,
2025-12-19T03:26:33.771Z,2.277,0,200,320x180,1.9479840000000195,821,
2025-12-19T03:26:34.248Z,2.296,0,200,320x180,1.9703849999999647,825,
2025-12-19T03:26:34.774Z,2.316,0,200,320x180,1.9443149999999605,832,
2025-12-19T03:26:35.074Z,2.095,1,600,480x270,1.9548550000000091,837,
2025-12-19T03:26:35.738Z,1.842,1,600,480x270,1.9846689999999967,837,
2025-12-19T03:26:36.432Z,1.628,1,600,480x270,1.9882139999999708,832,
2025-12-19T03:26:37.092Z,1.467,1,600,480x270,1.9286149999999793,817,
2025-12-19T03:26:37.749Z,1.305,1,600,480x270,1.9669210000000135,803,
2025-12-19T03:26:38.402Z,1.173,1,600,480x270,1.9123800000000415,756,
2025-12-19T03:26:38.928Z,1.108,1,600,480x270,1.9899189999999862,773,
2025-12-19T03:26:39.412Z,1.147,1,600,480x270,1.9131510000000276,781,
2025-12-19T03:26:39.974Z,1.101,1,600,480x270,1.9465860000000248,791,
2025-12-19T03:26:40.507Z,1.053,1,600,480x270,1.9069559999999797,796,
2025-12-19T03:26:40.985Z,1.095,1,600,480x270,1.9495729999999867,794,
2025-12-19T03:26:41.326Z,1.229,1,600,480x270,1.993742999999995,787,
2025-12-19T03:26:41.695Z,1.38,1,600,480x270,1.9249360000000024,795,
2025-12-19T03:26:42.099Z,1.475,1,600,480x270,1.9217390000000023,795,
2025-12-19T03:26:42.817Z,1.273,1,600,480x270,2.008004000000028,780,
2025-12-19T03:26:43.582Z,0.959,1,600,480x270,1.938099999999963,764,
2025-12-19T03:26:43.651Z,0.987,0,200,320x180,1.9754060000000209,759,
2025-12-19T03:26:43.804Z,1.27,0,200,320x180,1.9163199999999847,759,
2025-12-19T03:26:43.947Z,1.541,0,200,320x180,1.975403999999969,771,
2025-12-19T03:26:44.178Z,1.881,0,200,320x180,1.9432429999999954,771,
2025-12-19T03:26:44.396Z,2.122,0,200,320x180,1.929680000000019,771,
2025-12-19T03:26:44.810Z,2.234,0,200,320x180,1.9281819999999925,785,
2025-12-19T03:26:45.313Z,2.241,0,200,320x180,1.909909999999968,784,
2025-12-19T03:26:45.800Z,2.268,0,200,320x180,1.9440830000000346,799,
2025-12-19T03:26:46.299Z,2.225,0,200,320x180,1.9193940000000111,798,
2025-12-19T03:26:46.790Z,2.237,0,200,320x180,1.9344320000000153,808,
2025-12-19T03:26:47.067Z,2.047,1,600,480x270,1.960517999999979,806,
2025-12-19T03:26:47.574Z,1.981,1,600,480x270,1.9476189999999747,806,
2025-12-19T03:26:48.082Z,1.971,1,600,480x270,1.9428930000000264,810,
2025-12-19T03:26:48.678Z,1.883,1,600,480x270,1.9451369999999883,817,
2025-12-19T03:26:49.277Z,1.776,1,600,480x270,1.9452759999999785,820,
2025-12-19T03:26:49.784Z,1.819,1,600,480x270,1.953004999999962,822,
2025-12-19T03:26:50.232Z,1.825,1,600,480x270,1.988584000000003,853,
2025-12-19T03:26:50.681Z,1.875,1,600,480x270,1.942006000000049,853,
2025-12-19T03:26:51.168Z,1.885,1,600,480x270,1.9488910000000033,854,
2025-12-19T03:26:51.766Z,1.88,1,600,480x270,1.9606059999999843,859,
2025-12-19T03:26:52.298Z,1.79,1,600,480x270,1.9275920000000042,866,
2025-12-19T03:26:52.709Z,1.87,1,600,480x270,1.914715000000001,876,
2025-12-19T03:26:53.197Z,1.869,1,600,480x270,1.9263930000000187,876,
2025-12-19T03:26:53.719Z,1.855,1,600,480x270,2.0134140000000116,909,
2025-12-19T03:26:53.982Z,2.07,1,600,480x270,1.9498190000000477,911,
2025-12-19T03:26:54.326Z,2.221,1,600,480x270,1.9914310000000341,926,
2025-12-19T03:26:54.844Z,2.199,1,600,480x270,1.9753179999999588,937,
2025-12-19T03:26:55.354Z,2.198,1,600,480x270,1.9607490000000212,954,
2025-12-19T03:26:55.864Z,2.203,1,600,480x270,1.9527759999999716,977,
2025-12-19T03:26:55.937Z,2.203,2,1000,640x360,1.9896310000000312,1001,
2025-12-19T03:26:56.378Z,2.175,2,1000,640x360,1.9388549999999896,1001,
2025-12-19T03:26:56.865Z,2.176,2,1000,640x360,1.9556810000000269,1012,
2025-12-19T03:26:57.454Z,2.098,2,1000,640x360,1.9602800000000116,1018,
2025-12-19T03:26:58.222Z,1.846,2,1000,640x360,2.0000220000000013,1037,
2025-12-19T03:26:58.824Z,1.739,2,1000,640x360,1.9991810000000214,1042,
2025-12-19T03:26:59.283Z,1.77,2,1000,640x360,1.9432890000000498,1068,
2025-12-19T03:26:59.598Z,1.967,2,1000,640x360,1.9181639999999902,1087,
2025-12-19T03:26:59.921Z,2.132,2,1000,640x360,1.995787000000007,1087,
2025-12-19T03:27:00.454Z,2.1,2,1000,640x360,1.9619670000000156,1100,
2025-12-19T03:27:00.997Z,2.06,2,1000,640x360,1.9239600000000223,1126,
2025-12-19T03:27:01.412Z,2.141,2,1000,640x360,1.9043770000000109,1133,
2025-12-19T03:27:02.094Z,1.975,2,1000,640x360,1.939946999999961,1137,
2025-12-19T03:27:02.835Z,1.765,2,1000,640x360,2.0076329999999984,1157,
2025-12-19T03:27:03.352Z,1.726,2,1000,640x360,1.9805610000000229,1174,
2025-12-19T03:27:03.791Z,1.771,2,1000,640x360,1.9341800000000262,1170,
2025-12-19T03:27:04.250Z,1.811,2,1000,640x360,1.9730690000000095,1183,
2025-12-19T03:27:04.648Z,1.917,2,1000,640x360,1.9781879999999887,1183,
2025-12-19T03:27:05.089Z,1.991,2,1000,640x360,1.929078000000004,1183,
2025-12-19T03:27:05.572Z,1.994,2,1000,640x360,1.94811100000004,1203,
2025-12-19T03:27:06.045Z,2.014,2,1000,640x360,1.9842140000000086,1216,
2025-12-19T03:27:06.513Z,2.038,2,1000,640x360,1.9024220000000014,1229,
2025-12-19T03:27:07.302Z,1.825,2,1000,640x360,1.9175629999999728,1235,
2025-12-19T03:27:07.951Z,1.607,2,1000,640x360,1.973395000000039,1261,
2025-12-19T03:27:08.379Z,1.682,2,1000,640x360,1.9359140000000252,1271,
2025-12-19T03:27:08.743Z,1.813,2,1000,640x360,1.981661000000031,1283,
2025-12-19T03:27:09.092Z,1.953,2,1000,640x360,1.928483999999969,1284,
2025-12-19T03:27:09.484Z,2.079,2,1000,640x360,1.9296520000000328,1284,
2025-12-19T03:27:09.999Z,2.078,2,1000,640x360,1.9254549999999995,1289,
2025-12-19T03:27:10.461Z,2.081,2,1000,640x360,1.9540650000000142,1295,
2025-12-19T03:27:10.958Z,2.099,2,1000,640x360,1.9702120000000036,1315,
2025-12-19T03:27:11.512Z,2.041,2,1000,640x360,1.9108610000000112,1313,
2025-12-19T03:27:12.027Z,2.018,2,1000,640x360,1.9880870000000073,1320,
2025-12-19T03:27:12.584Z,1.928,2,1000,640x360,1.93226599999997,1337,
2025-12-19T03:27:12.997Z,2.038,2,1000,640x360,1.9213419999999815,1344,
2025-12-19T03:27:13.551Z,2.013,2,1000,640x360,1.9744179999999574,1369,
2025-12-19T03:27:14.457Z,1.59,2,1000,640x360,1.9607890000000339,1367,
2025-12-19T03:27:14.865Z,1.708,2,1000,640x360,1.9623479999999631,1355,
2025-12-19T03:27:15.345Z,1.728,2,1000,640x360,1.9831930000000284,1355,
2025-12-19T03:27:15.673Z,1.881,2,1000,640x360,1.953756999999996,1347,
2025-12-19T03:27:16.157Z,1.905,2,1000,640x360,1.961287000000027,1347,
2025-12-19T03:27:16.681Z,1.883,2,1000,640x360,1.9396469999999795,1371,
2025-12-19T03:27:17.100Z,1.976,2,1000,640x360,1.9240680000000339,1363,
2025-12-19T03:27:17.492Z,2.076,2,1000,640x360,1.9231940000000236,1375,
2025-12-19T03:27:18.038Z,2.009,2,1000,640x360,1.983000000000004,1385,
2025-12-19T03:27:18.522Z,2.02,2,1000,640x360,2.000436000000036,1399,
2025-12-19T03:27:19.054Z,2.004,2,1000,640x360,1.9670030000000338,1408,
2025-12-19T03:27:19.579Z,1.978,2,1000,640x360,1.9414409999999975,1420,
2025-12-19T03:27:20.070Z,2.004,2,1000,640x360,1.961595999999986,1408,
2025-12-19T03:27:20.554Z,1.96,2,1000,640x360,1.9697379999999498,1411,
2025-12-19T03:27:21.008Z,2.048,2,1000,640x360,1.920114999999953,1419,
2025-12-19T03:27:21.518Z,2.033,2,1000,640x360,1.999712000000045,1426,
2025-12-19T03:27:22.037Z,2.018,2,1000,640x360,1.9798729999999978,1425,
2025-12-19T03:27:22.531Z,2.02,2,1000,640x360,1.9884609999999725,1420,
2025-12-19T03:27:23.047Z,2.01,2,1000,640x360,1.9755010000000084,1438,
2025-12-19T03:27:23.586Z,1.972,2,1000,640x360,1.9369279999999662,1450,
2025-12-19T03:27:23.960Z,2.105,2,1000,640x360,1.9748369999999795,1466,
2025-12-19T03:27:24.544Z,2.009,2,1000,640x360,1.9728869999999574,1446,
2025-12-19T03:27:25.013Z,2.051,2,1000,640x360,1.909955000000025,1456,
2025-12-19T03:27:25.490Z,2.053,2,1000,640x360,1.9313360000000444,1463,
2025-12-19T03:27:25.993Z,2.054,2,1000,640x360,1.930908000000045,1462,
2025-12-19T03:27:26.504Z,2.005,2,1000,640x360,1.9207969999999932,1478,
2025-12-19T03:27:27.027Z,2.021,2,1000,640x360,1.9937449999999899,1479,
2025-12-19T03:27:27.508Z,2.033,2,1000,640x360,1.9090689999999881,1493,
2025-12-19T03:27:28.022Z,2.03,2,1000,640x360,2.0095830000000205,1483,
2025-12-19T03:27:28.742Z,1.825,2,1000,640x360,1.9817770000000223,1491,
2025-12-19T03:27:29.200Z,1.879,2,1000,640x360,1.918229999999994,1500,
2025-12-19T03:27:29.609Z,1.937,2,1000,640x360,1.9092979999999784,1500,
2025-12-19T03:27:30.068Z,1.985,2,1000,640x360,1.9616870000000404,1489,
2025-12-19T03:27:30.504Z,2.049,2,1000,640x360,1.909278000000029,1481,
2025-12-19T03:27:31.026Z,2.03,2,1000,640x360,2.003559999999993,1459,
2025-12-19T03:27:31.510Z,2.041,2,1000,640x360,1.9077139999999986,1454,
2025-12-19T03:27:31.988Z,2.074,2,1000,640x360,1.938321999999971,1464,
2025-12-19T03:27:32.448Z,2.005,2,1000,640x360,1.9745320000000106,1439,
2025-12-19T03:27:32.775Z,2.271,2,1000,640x360,1.946286999999984,1465,
2025-12-19T03:27:33.871Z,1.702,2,1000,640x360,1.9582410000000436,1458,
2025-12-19T03:27:34.335Z,1.712,2,1000,640x360,1.9812119999999709,1452,
2025-12-19T03:27:34.777Z,1.778,2,1000,640x360,1.9568739999999707,1379,
2025-12-19T03:27:35.203Z,1.851,2,1000,640x360,1.916608999999994,1408,
2025-12-19T03:27:35.620Z,1.948,2,1000,640x360,2.009775999999988,1408,
2025-12-19T03:27:36.057Z,2.013,2,1000,640x360,1.966633999999999,1467,
2025-12-19T03:27:36.527Z,2.035,2,1000,640x360,1.9903039999999805,1419,
2025-12-19T03:27:37.026Z,2.037,2,1000,640x360,1.9912479999999846,1442,
2025-12-19T03:27:37.521Z,2.03,2,1000,640x360,2.0011690000000044,1437,
2025-12-19T03:27:38.044Z,1.999,2,1000,640x360,1.977277000000015,1428,
2025-12-19T03:27:38.501Z,2.057,2,1000,640x360,1.922444999999982,1392,
2025-12-19T03:27:39.021Z,2.044,2,1000,640x360,2.0026909999999702,1386,
2025-12-19T03:27:39.530Z,2.024,2,1000,640x360,1.9948089999999752,1372,
2025-12-19T03:27:40.025Z,2.034,2,1000,640x360,1.9994029999999725,1368,
2025-12-19T03:27:40.528Z,2.015,2,1000,640x360,1.9871349999999666,1374,
2025-12-19T03:27:41.031Z,2.029,2,1000,640x360,1.9841920000000073,1407,
2025-12-19T03:27:41.549Z,2.007,2,1000,640x360,1.9837359999999649,1398,
2025-12-19T03:27:42.023Z,2.035,2,1000,640x360,1.9973209999999995,1423,
2025-12-19T03:27:42.502Z,2.05,2,1000,640x360,1.913156000000015,1421,
2025-12-19T03:27:43.055Z,1.98,2,1000,640x360,1.9624749999999835,1432,
2025-12-19T03:27:43.305Z,2.237,2,1000,640x360,1.9182539999999904,1454,
2025-12-19T03:27:43.924Z,2.135,2,1000,640x360,2.006350999999995,1456,
2025-12-19T03:27:44.894Z,1.688,2,1000,640x360,1.9385220000000345,1443,
2025-12-19T03:27:45.400Z,1.665,2,1000,640x360,1.919162999999969,1450,
2025-12-19T03:27:45.814Z,1.752,2,1000,640x360,1.914211000000023,1440,
2025-12-19T03:27:46.243Z,1.819,2,1000,640x360,1.971178000000009,1451,
2025-12-19T03:27:46.679Z,1.866,2,1000,640x360,1.9421290000000226,1467,
2025-12-19T03:27:47.115Z,1.938,2,1000,640x360,2.00023299999998,1467,
2025-12-19T03:27:47.548Z,2.015,2,1000,640x360,1.973682999999994,1489,
2025-12-19T03:27:48.030Z,2.036,2,1000,640x360,1.990632000000005,1477,
2025-12-19T03:27:48.563Z,2,2,1000,640x360,1.9559449999999856,1475,
2025-12-19T03:27:49.008Z,2.054,2,1000,640x360,1.9194899999999961,1499,
2025-12-19T03:27:49.086Z,2.067,3,1500,768x432,1.9490410000000224,1505,
2025-12-19T03:27:49.571Z,1.986,3,1500,768x432,1.9551529999999957,1505,
2025-12-19T03:27:50.236Z,1.837,3,1500,768x432,1.980970999999954,1523,
2025-12-19T03:27:50.864Z,1.709,3,1500,768x432,1.9611340000000155,1523,
2025-12-19T03:27:51.470Z,1.582,3,1500,768x432,1.94593100000003,1543,
2025-12-19T03:27:52.024Z,1.542,3,1500,768x432,2.001289999999983,1542,
2025-12-19T03:27:52.674Z,1.383,3,1500,768x432,1.9567729999999983,1581,
2025-12-19T03:27:53.193Z,1.347,3,1500,768x432,1.9276869999999917,1569,
2025-12-19T03:27:53.787Z,1.276,3,1500,768x432,1.933195000000012,1565,
2025-12-19T03:27:54.415Z,1.156,3,1500,768x432,1.9989360000000147,1557,
2025-12-19T03:27:54.971Z,1.077,3,1500,768x432,1.9476129999999898,1584,
2025-12-19T03:27:55.531Z,1.03,3,1500,768x432,1.9922329999999988,1578,
2025-12-19T03:27:56.119Z,0.917,3,1500,768x432,1.9993769999999813,1564,
2025-12-19T03:27:56.191Z,0.947,2,1000,640x360,1.9270250000000146,1554,
2025-12-19T03:27:56.775Z,0.788,2,1000,640x360,1.9518730000000346,1554,
2025-12-19T03:27:57.377Z,0.686,2,1000,640x360,1.9468110000000252,1559,
2025-12-19T03:27:57.859Z,0.718,2,1000,640x360,1.970435000000009,1570,
2025-12-19T03:27:58.296Z,0.763,2,1000,640x360,1.92577,1605,
2025-12-19T03:27:58.739Z,0.817,2,1000,640x360,1.9845470000000205,1589,
2025-12-19T03:27:59.236Z,0.817,2,1000,640x360,1.9813760000000116,1628,
2025-12-19T03:27:59.654Z,0.905,2,1000,640x360,1.9660140000000297,1630,
2025-12-19T03:28:00.072Z,0.983,2,1000,640x360,1.946704000000011,1630,
2025-12-19T03:28:00.512Z,1.059,2,1000,640x360,1.9039740000000052,1627,
2025-12-19T03:28:00.590Z,1.054,3,1500,768x432,1.935036000000025,1635,
2025-12-19T03:28:01.183Z,0.864,3,1500,768x432,1.936035000000004,1635,
2025-12-19T03:28:01.584Z,0.971,3,1500,768x432,1.9405790000000138,1611,
2025-12-19T03:28:02.073Z,1.001,3,1500,768x432,1.9512740000000122,1599,
2025-12-19T03:28:02.673Z,0.852,3,1500,768x432,1.9470519999999851,1606,
2025-12-19T03:28:03.169Z,0.94,3,1500,768x432,1.9514720000000239,1586,
2025-12-19T03:28:03.930Z,0.653,3,1500,768x432,1.990714999999966,1594,
2025-12-19T03:28:04.003Z,0.637,2,1000,640x360,1.9182030000000054,1607,
2025-12-19T03:28:04.520Z,0.531,2,1000,640x360,1.9996229999999855,1607,
2025-12-19T03:28:04.999Z,0.575,2,1000,640x360,1.9229760000000056,1610,
2025-12-19T03:28:05.488Z,0.574,2,1000,640x360,1.9273950000000468,1596,
2025-12-19T03:28:05.988Z,0.596,2,1000,640x360,1.9400549999999726,1558,
2025-12-19T03:28:06.399Z,0.666,2,1000,640x360,1.923928999999987,1537,
2025-12-19T03:28:06.926Z,0.653,2,1000,640x360,1.9891999999999825,1519,
2025-12-19T03:28:07.306Z,0.746,2,1000,640x360,1.915727000000004,1531,
2025-12-19T03:28:07.681Z,0.885,2,1000,640x360,1.9382439999999974,1542,
2025-12-19T03:28:08.090Z,0.958,2,1000,640x360,1.9274469999999724,1542,
2025-12-19T03:28:08.584Z,0.972,2,1000,640x360,1.9359349999999722,1565,
2025-12-19T03:28:09.049Z,0.99,2,1000,640x360,2.051536999999996,1554,
2025-12-19T03:28:09.120Z,0.936,3,1500,768x432,2.0606650000000286,1560,
2025-12-19T03:28:09.778Z,0.778,3,1500,768x432,1.985824999999977,1560,
2025-12-19T03:28:10.424Z,0.577,3,1500,768x432,2.012331999999958,1578,
2025-12-19T03:28:11.057Z,0.438,3,1500,768x432,1.966949999999997,1598,
2025-12-19T03:28:11.518Z,0.297,3,1500,768x432,2.0009549999999763,1595,rebuffer happen
2025-12-19T03:28:11.668Z,0.32,3,1500,768x432,1.9548839999999927,1595,
2025-12-19T03:28:11.793Z,0.188,3,1500,768x432,1.9239010000000007,1589,rebuffer happen
2025-12-19T03:28:12.328Z,0.121,3,1500,768x432,1.997821999999985,1589,
2025-12-19T03:28:12.460Z,0.02,3,1500,768x432,1.9554489999999873,1576,rebuffer happen
2025-12-19T03:28:12.982Z,0.079,3,1500,768x432,2.0126050000000077,1576,
2025-12-19T03:28:13.027Z,0.028,2,1000,640x360,2.063623000000007,1586,rebuffer happen
2025-12-19T03:28:13.055Z,0.028,2,1000,640x360,2.063623000000007,1586,
2025-12-19T03:28:13.497Z,0.234,2,1000,640x360,2.204256999999984,1586,
2025-12-19T03:28:13.936Z,0.317,2,1000,640x360,2.269559000000015,1627,
2025-12-19T03:28:14.086Z,0.183,2,1000,640x360,2.230044000000021,1631,rebuffer happen
2025-12-19T03:28:14.383Z,0.331,2,1000,640x360,2.1813569999999913,1631,
2025-12-19T03:28:14.534Z,0.221,2,1000,640x360,2.1889020000000414,1628,rebuffer happen
2025-12-19T03:28:14.830Z,0.347,2,1000,640x360,2.204584000000011,1628,
2025-12-19T03:28:14.941Z,0.237,2,1000,640x360,2.1730549999999766,1601,rebuffer happen
2025-12-19T03:28:15.266Z,0.341,2,1000,640x360,2.077875000000006,1601,
2025-12-19T03:28:15.411Z,0.173,2,1000,640x360,2.0100360000000137,1602,rebuffer happen
2025-12-19T03:28:15.715Z,0.376,2,1000,640x360,2.0994969999999853,1602,
2025-12-19T03:28:15.863Z,0.23,2,1000,640x360,2.0365299999999706,1602,rebuffer happen
2025-12-19T03:28:16.163Z,0.384,2,1000,640x360,2.0119829999999865,1602,
2025-12-19T03:28:16.313Z,0.244,2,1000,640x360,1.9565220000000068,1531,rebuffer happen
2025-12-19T03:28:16.615Z,0.41,2,1000,640x360,2.042676999999969,1531,
2025-12-19T03:28:16.738Z,0.297,2,1000,640x360,2.0391460000000166,1562,rebuffer happen
2025-12-19T03:28:17.052Z,0.478,2,1000,640x360,2.0192590000000337,1562,
2025-12-19T03:28:17.496Z,0.508,2,1000,640x360,1.9552719999999795,1550,
2025-12-19T03:28:17.935Z,0.556,2,1000,640x360,2.0049080000000004,1558,
2025-12-19T03:28:18.374Z,0.609,2,1000,640x360,1.9498080000000186,1548,
2025-12-19T03:28:18.812Z,0.669,2,1000,640x360,1.9126420000000053,1546,
2025-12-19T03:28:19.253Z,0.724,2,1000,640x360,1.9624559999999747,1526,
2025-12-19T03:28:19.691Z,0.794,2,1000,640x360,1.9386449999999513,1510,
2025-12-19T03:28:20.151Z,0.829,2,1000,640x360,1.9737840000000801,1510,
2025-12-19T03:28:20.599Z,0.873,2,1000,640x360,1.9275569999999789,1585,
2025-12-19T03:28:21.028Z,0.952,2,1000,640x360,2.0053460000000314,1562,
2025-12-19T03:28:21.483Z,0.984,2,1000,640x360,1.9423130000000128,1522,
2025-12-19T03:28:21.931Z,1.048,2,1000,640x360,1.9907420000000684,1497,
2025-12-19T03:28:22.381Z,1.095,2,1000,640x360,1.9352589999999736,1590,
2025-12-19T03:28:22.452Z,1.096,3,1500,768x432,1.9648569999999381,1575,
2025-12-19T03:28:23.088Z,0.907,3,1500,768x432,1.9284509999999955,1575,
2025-12-19T03:28:23.753Z,0.74,3,1500,768x432,1.9739309999999932,1591,
2025-12-19T03:28:24.394Z,0.603,3,1500,768x432,1.9294780000000173,1588,
2025-12-19T03:28:25.051Z,0.413,3,1500,768x432,1.9780190000000175,1590,
2025-12-19T03:28:25.242Z,0.276,3,1500,768x432,1.980350000000044,1598,rebuffer happen
2025-12-19T03:28:25.681Z,0.318,3,1500,768x432,1.9568939999999202,1598,
2025-12-19T03:28:25.773Z,0.233,3,1500,768x432,1.971407000000113,1624,rebuffer happen
2025-12-19T03:28:26.375Z,0.139,3,1500,768x432,1.981176000000005,1624,
2025-12-19T03:28:26.452Z,0.131,2,1000,640x360,1.9998090000000275,1611,
2025-12-19T03:28:26.488Z,0.018,2,1000,640x360,1.9644680000000108,1611,rebuffer happen
2025-12-19T03:28:26.904Z,0.224,2,1000,640x360,2.0768690000001016,1611,
2025-12-19T03:28:27.353Z,0.296,2,1000,640x360,2.127552000000037,1636,
2025-12-19T03:28:27.804Z,0.34,2,1000,640x360,2.086879999999951,1624,
2025-12-19T03:28:27.927Z,0.198,2,1000,640x360,2.1370139999999083,1668,rebuffer happen
2025-12-19T03:28:28.083Z,0.281,2,1000,640x360,2.053327999999965,1668,rebuffer happen
2025-12-19T03:28:28.251Z,0.324,2,1000,640x360,2.0633309999999483,1668,
2025-12-19T03:28:28.285Z,0.283,2,1000,640x360,2.0241549999999506,1661,rebuffer happen
2025-12-19T03:28:28.618Z,0.288,2,1000,640x360,2.0937000000000126,1661,rebuffer happen
2025-12-19T03:28:28.736Z,0.33,2,1000,640x360,2.0602460000000065,1661,
2025-12-19T03:28:28.859Z,0.219,2,1000,640x360,2.0268370000000004,1700,rebuffer happen
2025-12-19T03:28:29.136Z,0.394,2,1000,640x360,2.0329889999999295,1700,
2025-12-19T03:28:29.547Z,0.467,2,1000,640x360,2.0075180000000046,1700,
2025-12-19T03:28:30.006Z,0.496,2,1000,640x360,1.940652,1679,
2025-12-19T03:28:30.416Z,0.564,2,1000,640x360,2.0136260000000448,1703,
2025-12-19T03:28:30.816Z,0.675,2,1000,640x360,2.031413000000043,1732,
2025-12-19T03:28:31.237Z,0.753,2,1000,640x360,2.0046420000001035,1735,
2025-12-19T03:28:31.723Z,0.807,2,1000,640x360,2.0083890000000792,1728,
2025-12-19T03:28:32.151Z,0.817,2,1000,640x360,1.9814539999999852,1728,
2025-12-19T03:28:32.585Z,0.884,2,1000,640x360,1.9414260000000922,1722,
2025-12-19T03:28:33.011Z,0.969,2,1000,640x360,1.9163519999999608,1705,
2025-12-19T03:28:33.421Z,1.044,2,1000,640x360,1.9996600000000626,1738,
2025-12-19T03:28:33.493Z,1.057,3,1500,768x432,1.9269610000000057,1731,
2025-12-19T03:28:34.102Z,0.899,3,1500,768x432,1.9212270000000444,1731,
2025-12-19T03:28:34.730Z,0.78,3,1500,768x432,2.0050670000000537,1737,
2025-12-19T03:28:35.370Z,0.621,3,1500,768x432,1.9550299999999652,1727,
2025-12-19T03:28:36.018Z,0.467,3,1500,768x432,2.000118000000043,1718,
2025-12-19T03:28:36.702Z,0.309,3,1500,768x432,1.9222049999999626,1717,
2025-12-19T03:28:36.702Z,0.282,3,1500,768x432,1.9214769999999817,1717,rebuffer happen
2025-12-19T03:28:37.366Z,0.125,3,1500,768x432,1.953644000000054,1720,
2025-12-19T03:28:37.439Z,0.104,2,1000,640x360,1.9918199999999615,1695,
2025-12-19T03:28:37.464Z,0.02,2,1000,640x360,1.967298000000028,1695,rebuffer happen
2025-12-19T03:28:37.836Z,0.251,2,1000,640x360,2.099299999999971,1695,
2025-12-19T03:28:38.257Z,0.349,2,1000,640x360,2.080304000000069,1727,
2025-12-19T03:28:38.383Z,0.232,2,1000,640x360,2.0432270000000017,1705,rebuffer happen
2025-12-19T03:28:38.687Z,0.36,2,1000,640x360,2.0008430000000317,1705,
2025-12-19T03:28:38.746Z,0.295,2,1000,640x360,2.029886000000033,1705,rebuffer happen
2025-12-19T03:28:39.105Z,0.417,2,1000,640x360,1.9760440000000017,1705,
2025-12-19T03:28:39.547Z,0.46,2,1000,640x360,2.0067860000000337,1709,
2025-12-19T03:28:39.958Z,0.539,2,1000,640x360,1.979041000000052,1756,
2025-12-19T03:28:40.365Z,0.619,2,1000,640x360,1.9604209999999966,1720,
2025-12-19T03:28:40.814Z,0.668,2,1000,640x360,1.9184609999999793,1724,
2025-12-19T03:28:41.251Z,0.716,2,1000,640x360,1.9724390000000085,1717,
2025-12-19T03:28:41.690Z,0.785,2,1000,640x360,1.9486719999999877,1716,
2025-12-19T03:28:42.127Z,0.842,2,1000,640x360,2.0034070000000384,1716,
2025-12-19T03:28:42.588Z,0.877,2,1000,640x360,1.9274470000000292,1661,
2025-12-19T03:28:43.035Z,0.912,2,1000,640x360,1.9800429999999096,1624,
2025-12-19T03:28:43.479Z,0.993,2,1000,640x360,1.9417290000000094,1698,
2025-12-19T03:28:43.558Z,1,3,1500,768x432,1.9618449999999257,1664,
2025-12-19T03:28:44.202Z,0.761,3,1500,768x432,1.9244360000000142,1664,
2025-12-19T03:28:44.849Z,0.64,3,1500,768x432,1.9795119999999997,1689,
2025-12-19T03:28:45.497Z,0.482,3,1500,768x432,1.9214500000000498,1741,
2025-12-19T03:28:46.164Z,0.339,3,1500,768x432,1.9563719999999876,1750,
2025-12-19T03:28:46.233Z,0.251,3,1500,768x432,1.9904320000000553,1751,rebuffer happen
2025-12-19T03:28:46.833Z,0.197,3,1500,768x432,2.007068000000004,1751,
2025-12-19T03:28:46.988Z,0.017,3,1500,768x432,1.9593919999999798,1733,rebuffer happen
2025-12-19T03:28:47.439Z,0.032,3,1500,768x432,2.035775000000058,1733,rebuffer happen
2025-12-19T03:28:47.495Z,0.065,3,1500,768x432,2.000397000000021,1733,
2025-12-19T03:28:47.539Z,0.021,2,1000,640x360,2.0573599999999033,1712,rebuffer happen
2025-12-19T03:28:47.573Z,0.021,2,1000,640x360,2.0573599999999033,1712,
2025-12-19T03:28:48.003Z,0.249,2,1000,640x360,2.1914059999999154,1712,
2025-12-19T03:28:48.422Z,0.299,2,1000,640x360,2.2697769999999764,1697,rebuffer happen
2025-12-19T03:28:48.442Z,0.299,2,1000,640x360,2.2496019999999817,1697,
2025-12-19T03:28:48.586Z,0.244,2,1000,640x360,2.2238590000000613,1663,rebuffer happen
2025-12-19T03:28:48.871Z,0.362,2,1000,640x360,2.2367419999999356,1663,
2025-12-19T03:28:48.957Z,0.281,2,1000,640x360,2.216988000000015,1728,rebuffer happen
2025-12-19T03:28:49.134Z,0.286,2,1000,640x360,2.190134999999941,1728,rebuffer happen
2025-12-19T03:28:49.317Z,0.318,2,1000,640x360,2.1638779999999542,1728,
2025-12-19T03:28:49.399Z,0.229,2,1000,640x360,2.0660420000000386,1717,rebuffer happen
2025-12-19T03:28:49.666Z,0.289,2,1000,640x360,2.0969440000000077,1717,rebuffer happen
2025-12-19T03:28:49.762Z,0.346,2,1000,640x360,2.0923540000000003,1717,
2025-12-19T03:28:49.912Z,0.234,2,1000,640x360,2.010420999999951,1704,rebuffer happen
2025-12-19T03:28:50.213Z,0.332,2,1000,640x360,1.9810810000000174,1704,
2025-12-19T03:28:50.358Z,0.217,2,1000,640x360,2.0225370000000567,1704,rebuffer happen
2025-12-19T03:28:50.669Z,0.389,2,1000,640x360,2.024359000000004,1704,
2025-12-19T03:28:51.108Z,0.416,2,1000,640x360,1.9558309999999892,1593,
2025-12-19T03:28:51.256Z,0.261,2,1000,640x360,1.998745000000099,1587,rebuffer happen
2025-12-19T03:28:51.537Z,0.453,2,1000,640x360,2.0065550000000485,1587,
2025-12-19T03:28:51.983Z,0.515,2,1000,640x360,1.9513149999999087,1601,
2025-12-19T03:28:52.410Z,0.58,2,1000,640x360,1.912119999999959,1620,
2025-12-19T03:28:52.858Z,0.602,2,1000,640x360,1.9649799999999686,1567,
2025-12-19T03:28:53.287Z,0.674,2,1000,640x360,1.940185999999926,1551,
2025-12-19T03:28:53.727Z,0.76,2,1000,640x360,1.9970060000000558,1501,
2025-12-19T03:28:54.167Z,0.814,2,1000,640x360,1.9531039999999393,1501,
2025-12-19T03:28:54.597Z,0.892,2,1000,640x360,1.9261529999999993,1479,
2025-12-19T03:28:55.038Z,0.95,2,1000,640x360,1.9942190000000437,1468,
2025-12-19T03:28:55.474Z,0.995,2,1000,640x360,1.9547360000000253,1496,
2025-12-19T03:28:55.929Z,1.038,2,1000,640x360,1.997569999999996,1503,
2025-12-19T03:28:56.000Z,1.05,3,1500,768x432,1.9266850000000204,1480,
2025-12-19T03:28:56.675Z,0.817,3,1500,768x432,1.9587810000000445,1480,
2025-12-19T03:28:57.358Z,0.618,3,1500,768x432,1.9695480000000316,1518,
2025-12-19T03:28:58.022Z,0.458,3,1500,768x432,1.9975769999999784,1547,
2025-12-19T03:28:58.254Z,0.294,3,1500,768x432,1.9665360000000192,1568,rebuffer happen
2025-12-19T03:28:58.315Z,0.299,3,1500,768x432,2.0016420000000608,1568,rebuffer happen
2025-12-19T03:28:58.416Z,0.297,3,1500,768x432,2.0009750000000395,1568,rebuffer happen
2025-12-19T03:28:58.590Z,0.298,3,1500,768x432,1.9354809999999816,1568,rebuffer happen
2025-12-19T03:28:58.691Z,0.311,3,1500,768x432,1.9530919999999696,1568,
2025-12-19T03:28:58.901Z,0.127,3,1500,768x432,1.9322270000000117,1568,rebuffer happen
2025-12-19T03:28:59.354Z,0.137,3,1500,768x432,1.9756449999999859,1568,
2025-12-19T03:28:59.420Z,0.083,2,1000,640x360,2.0082060000000865,1575,
2025-12-19T03:28:59.465Z,0.028,2,1000,640x360,1.963606000000027,1575,rebuffer happen
2025-12-19T03:28:59.840Z,0.293,2,1000,640x360,2.1451150000000325,1575,
2025-12-19T03:29:00.305Z,0.313,2,1000,640x360,2.0583619999999883,1596,
2025-12-19T03:29:00.479Z,0.148,2,1000,640x360,2.053717000000006,1541,rebuffer happen
2025-12-19T03:29:00.753Z,0.335,2,1000,640x360,2.0758069999999407,1541,
2025-12-19T03:29:00.872Z,0.208,2,1000,640x360,2.045708999999988,1568,rebuffer happen
2025-12-19T03:29:01.221Z,0.34,2,1000,640x360,2.0708080000000564,1568,
2025-12-19T03:29:01.327Z,0.219,2,1000,640x360,2.066233000000011,1568,rebuffer happen
2025-12-19T03:29:01.663Z,0.368,2,1000,640x360,2.0032400000000052,1568,
2025-12-19T03:29:01.833Z,0.22,2,1000,640x360,2.030943000000093,1617,rebuffer happen
2025-12-19T03:29:02.116Z,0.405,2,1000,640x360,2.03162599999996,1617,
2025-12-19T03:29:02.287Z,0.25,2,1000,640x360,1.9534509999999727,1575,rebuffer happen
2025-12-19T03:29:02.559Z,0.433,2,1000,640x360,1.99226299999998,1575,
2025-12-19T03:29:02.995Z,0.499,2,1000,640x360,1.9427390000000742,1562,
2025-12-19T03:29:03.425Z,0.548,2,1000,640x360,2.0019310000000132,1535,
2025-12-19T03:29:03.862Z,0.636,2,1000,640x360,1.9743459999999686,1512,
2025-12-19T03:29:04.297Z,0.687,2,1000,640x360,1.939245000000028,1509,
2025-12-19T03:29:04.718Z,0.773,2,1000,640x360,2.0038030000000617,1498,
2025-12-19T03:29:05.205Z,0.772,2,1000,640x360,1.9133269999999811,1498,
2025-12-19T03:29:05.647Z,0.824,2,1000,640x360,1.9728369999999131,1490,
2025-12-19T03:29:06.076Z,0.891,2,1000,640x360,1.9413010000000668,1479,
2025-12-19T03:29:06.511Z,0.963,2,1000,640x360,1.910148999999933,1495,
2025-12-19T03:29:07.004Z,1.02,2,1000,640x360,1.9168279999998958,1514,
2025-12-19T03:29:07.426Z,1.04,2,1000,640x360,2.000835000000052,1524,
2025-12-19T03:29:07.502Z,1.053,3,1500,768x432,1.9238719999999603,1521,
2025-12-19T03:29:08.163Z,0.833,3,1500,768x432,1.9604649999999992,1521,
2025-12-19T03:29:08.798Z,0.712,3,1500,768x432,1.9453750000000127,1526,
2025-12-19T03:29:09.440Z,0.553,3,1500,768x432,1.986733000000072,1527,
2025-12-19T03:29:10.104Z,0.365,3,1500,768x432,1.9170729999999594,1572,
2025-12-19T03:29:10.279Z,0.2,3,1500,768x432,1.938207000000034,1572,rebuffer happen
2025-12-19T03:29:10.740Z,0.245,3,1500,768x432,1.9853429999999435,1572,
2025-12-19T03:29:11.372Z,0.112,3,1500,768x432,1.9609140000000025,1578,
2025-12-19T03:29:11.446Z,0.079,2,1000,640x360,1.9781480000000329,1586,
2025-12-19T03:29:11.458Z,0.031,2,1000,640x360,1.9666320000000042,1586,rebuffer happen
2025-12-19T03:29:11.873Z,0.285,2,1000,640x360,2.1318730000000414,1586,
2025-12-19T03:29:12.307Z,0.358,2,1000,640x360,2.079542999999944,1592,
2025-12-19T03:29:12.487Z,0.193,2,1000,640x360,2.0654729999999972,1586,rebuffer happen
2025-12-19T03:29:12.700Z,0.395,2,1000,640x360,2.049285999999938,1586,
2025-12-19T03:29:12.863Z,0.234,2,1000,640x360,2.0769490000000133,1586,rebuffer happen
2025-12-19T03:29:13.115Z,0.432,2,1000,640x360,2.0814339999999447,1586,
2025-12-19T03:29:13.316Z,0.291,2,1000,640x360,2.0617710000000216,1587,rebuffer happen
2025-12-19T03:29:13.530Z,0.48,2,1000,640x360,2.042903000000024,1587,
2025-12-19T03:29:13.947Z,0.533,2,1000,640x360,2.0114679999999225,1587,
2025-12-19T03:29:14.375Z,0.615,2,1000,640x360,1.9529870000000074,1580,
2025-12-19T03:29:14.798Z,0.699,2,1000,640x360,1.944029999999998,1581,
2025-12-19T03:29:15.214Z,0.759,2,1000,640x360,1.9117700000000468,1619,
2025-12-19T03:29:15.670Z,0.816,2,1000,640x360,1.9765409999999974,1619,
2025-12-19T03:29:16.117Z,0.863,2,1000,640x360,2.0123159999999416,1616,
2025-12-19T03:29:16.555Z,0.927,2,1000,640x360,1.964433999999983,1583,
2025-12-19T03:29:16.983Z,0.986,2,1000,640x360,1.9417329999999993,1588,
2025-12-19T03:29:17.401Z,1.074,2,1000,640x360,1.9234410000000253,1560,
2025-12-19T03:29:17.476Z,1.077,3,1500,768x432,1.938286000000062,1582,
2025-12-19T03:29:18.131Z,0.851,3,1500,768x432,1.9911819999999807,1582,
2025-12-19T03:29:18.754Z,0.741,3,1500,768x432,1.9691259999999602,1553,
2025-12-19T03:29:19.399Z,0.599,3,1500,768x432,1.9224199999999882,1558,
2025-12-19T03:29:20.059Z,0.418,3,1500,768x432,1.9672269999999799,1529,
2025-12-19T03:29:20.230Z,0.256,3,1500,768x432,1.9950999999999794,1551,rebuffer happen
2025-12-19T03:29:20.727Z,0.287,3,1500,768x432,2.0117070000000012,1551,
2025-12-19T03:29:21.392Z,0.119,3,1500,768x432,1.9543059999999741,1570,
2025-12-19T03:29:21.472Z,0.111,2,1000,640x360,1.9684409999999843,1555,
2025-12-19T03:29:21.483Z,0.022,2,1000,640x360,1.9577040000000352,1555,rebuffer happen
2025-12-19T03:29:21.909Z,0.247,2,1000,640x360,2.0908749999999827,1555,
2025-12-19T03:29:22.354Z,0.304,2,1000,640x360,2.1441010000000915,1549,
2025-12-19T03:29:22.489Z,0.238,2,1000,640x360,2.1169210000000476,1537,rebuffer happen
2025-12-19T03:29:22.629Z,0.267,2,1000,640x360,2.183375999999953,1537,rebuffer happen
2025-12-19T03:29:22.800Z,0.293,2,1000,640x360,2.0610850000000482,1537,rebuffer happen
2025-12-19T03:29:22.808Z,0.293,2,1000,640x360,2.051285000000007,1537,
2025-12-19T03:29:22.937Z,0.232,2,1000,640x360,2.1025510000000622,1522,rebuffer happen
2025-12-19T03:29:23.079Z,0.281,2,1000,640x360,2.05036999999993,1522,rebuffer happen
2025-12-19T03:29:23.235Z,0.339,2,1000,640x360,2.0749150000000327,1522,
2025-12-19T03:29:23.343Z,0.214,2,1000,640x360,2.0621019999999817,1506,rebuffer happen
2025-12-19T03:29:23.680Z,0.366,2,1000,640x360,2.0129879999999503,1506,
2025-12-19T03:29:23.832Z,0.242,2,1000,640x360,2.0452719999999545,1506,rebuffer happen
2025-12-19T03:29:24.131Z,0.401,2,1000,640x360,2.0376380000000154,1506,
2025-12-19T03:29:24.303Z,0.251,2,1000,640x360,1.9576960000000554,1578,rebuffer happen
2025-12-19T03:29:24.641Z,0.376,2,1000,640x360,2.0278990000000476,1578,
2025-12-19T03:29:24.800Z,0.216,2,1000,640x360,1.9570939999999837,1570,rebuffer happen
2025-12-19T03:29:24.980Z,0.294,2,1000,640x360,1.9665559999999687,1570,rebuffer happen
2025-12-19T03:29:25.176Z,0.315,2,1000,640x360,1.965742999999975,1570,
2025-12-19T03:29:25.349Z,0.185,2,1000,640x360,2.0007060000000365,1567,rebuffer happen
2025-12-19T03:29:25.738Z,0.232,2,1000,640x360,1.9985060000000203,1567,
2025-12-19T03:29:25.806Z,0.26,1,600,480x270,1.9300100000000384,1606,
2025-12-19T03:29:26.152Z,0.343,1,600,480x270,1.9826639999999998,1606,
2025-12-19T03:29:26.262Z,0.237,1,600,480x270,1.9729350000000068,1606,rebuffer happen
2025-12-19T03:29:26.470Z,0.517,1,600,480x270,1.9662720000000036,1606,
2025-12-19T03:29:26.768Z,0.713,1,600,480x270,1.9727599999999939,1621,
2025-12-19T03:29:27.042Z,0.932,1,600,480x270,1.9800879999999097,1612,
2025-12-19T03:29:27.316Z,1.152,1,600,480x270,1.999871999999982,1612,
2025-12-19T03:29:27.614Z,1.36,1,600,480x270,1.9111430000000382,1591,
2025-12-19T03:29:27.908Z,1.562,1,600,480x270,1.9124769999999671,1591,
2025-12-19T03:29:28.204Z,1.764,1,600,480x270,1.9180489999999963,1582,
2025-12-19T03:29:28.507Z,1.952,1,600,480x270,1.9070580000000064,1582,
2025-12-19T03:29:28.822Z,2.152,1,600,480x270,2.004391000000055,1536,
2025-12-19T03:29:29.322Z,2.139,1,600,480x270,1.9949460000000272,1550,
2025-12-19T03:29:29.406Z,2.158,3,1500,768x432,1.9099509999999782,1549,
2025-12-19T03:29:30.238Z,1.715,3,1500,768x432,1.9875839999999698,1549,
2025-12-19T03:29:30.978Z,1.484,3,1500,768x432,1.9410550000000057,1546,
2025-12-19T03:29:31.699Z,1.296,3,1500,768x432,1.9239739999999301,1561,
2025-12-19T03:29:32.434Z,1.058,3,1500,768x432,1.9856300000000147,1528,
2025-12-19T03:29:33.151Z,0.835,3,1500,768x432,1.970130999999924,1509,
2025-12-19T03:29:33.224Z,0.818,2,1000,640x360,1.895706999999902,1476,
2025-12-19T03:29:33.712Z,0.769,2,1000,640x360,1.9219350000000759,1476,
2025-12-19T03:29:34.207Z,0.78,2,1000,640x360,1.926939999999945,1466,
2025-12-19T03:29:34.706Z,0.782,2,1000,640x360,1.915928000000008,1460,
2025-12-19T03:29:35.203Z,0.779,2,1000,640x360,1.9218290000000025,1485,
2025-12-19T03:29:35.660Z,0.818,2,1000,640x360,1.966856000000007,1577,
2025-12-19T03:29:36.079Z,0.906,2,1000,640x360,1.9376890000000913,1573,
2025-12-19T03:29:36.506Z,0.968,2,1000,640x360,1.9099229999999352,1574,
2025-12-19T03:29:36.944Z,1.026,2,1000,640x360,1.9834429999999657,1586,
2025-12-19T03:29:37.024Z,1.041,3,1500,768x432,1.902325000000019,1628,
2025-12-19T03:29:37.667Z,0.803,3,1500,768x432,1.9549389999999676,1628,
2025-12-19T03:29:38.315Z,0.655,3,1500,768x432,1.9995209999999588,1620,
2025-12-19T03:29:38.963Z,0.511,3,1500,768x432,1.9617359999999735,1584,
2025-12-19T03:29:39.614Z,0.364,3,1500,768x432,1.9126830000000155,1574,
2025-12-19T03:29:39.742Z,0.239,3,1500,768x432,1.981832000000054,1574,rebuffer happen
2025-12-19T03:29:40.243Z,0.244,3,1500,768x432,1.983645000000024,1574,
2025-12-19T03:29:40.893Z,0.09,3,1500,768x432,1.9375220000000581,1599,
2025-12-19T03:29:40.958Z,0.097,2,1000,640x360,1.9673540000000003,1613,
2025-12-19T03:29:40.966Z,0.025,2,1000,640x360,1.9598039999999628,1613,rebuffer happen
2025-12-19T03:29:41.385Z,0.269,2,1000,640x360,2.11094300000002,1613,
2025-12-19T03:29:41.816Z,0.336,2,1000,640x360,2.1696789999999737,1614,
2025-12-19T03:29:41.898Z,0.233,2,1000,640x360,2.0701629999999795,1614,rebuffer happen
2025-12-19T03:29:42.232Z,0.384,2,1000,640x360,2.1237879999999905,1614,
2025-12-19T03:29:42.396Z,0.259,2,1000,640x360,2.029908999999975,1614,rebuffer happen
2025-12-19T03:29:42.668Z,0.381,2,1000,640x360,2.0309650000000374,1614,
2025-12-19T03:29:42.818Z,0.225,2,1000,640x360,2.064104000000043,1571,rebuffer happen
2025-12-19T03:29:43.096Z,0.406,2,1000,640x360,1.9675130000000536,1571,
2025-12-19T03:29:43.258Z,0.288,2,1000,640x360,1.99545999999998,1533,rebuffer happen
2025-12-19T03:29:43.530Z,0.476,2,1000,640x360,2.0112199999999802,1533,
2025-12-19T03:29:43.964Z,0.521,2,1000,640x360,1.9770709999999099,1508,
2025-12-19T03:29:44.387Z,0.588,2,1000,640x360,1.950031000000081,1496,
2025-12-19T03:29:44.795Z,0.698,2,1000,640x360,1.9474140000000943,1501,
2025-12-19T03:29:45.243Z,0.729,2,1000,640x360,1.9819969999999785,1533,
2025-12-19T03:29:45.671Z,0.818,2,1000,640x360,1.9666330000000016,1560,
2025-12-19T03:29:46.106Z,0.874,2,1000,640x360,1.9223049999999375,1560,
2025-12-19T03:29:46.547Z,0.906,2,1000,640x360,1.9858339999999544,1548,
2025-12-19T03:29:46.981Z,0.987,2,1000,640x360,1.9428040000000237,1547,
2025-12-19T03:29:47.057Z,0.984,3,1500,768x432,1.9602819999998928,1540,
2025-12-19T03:29:47.707Z,0.796,3,1500,768x432,1.9180820000000267,1540,
2025-12-19T03:29:48.339Z,0.638,3,1500,768x432,1.977673999999979,1593,
2025-12-19T03:29:48.989Z,0.505,3,1500,768x432,1.9440369999999803,1558,
2025-12-19T03:29:49.191Z,0.294,3,1500,768x432,1.9305579999999054,1558,rebuffer happen
2025-12-19T03:29:49.619Z,0.368,3,1500,768x432,2.000673000000006,1558,
2025-12-19T03:29:49.726Z,0.254,3,1500,768x432,1.9939520000000357,1568,rebuffer happen
2025-12-19T03:29:50.255Z,0.194,3,1500,768x432,1.9600320000000693,1568,
2025-12-19T03:29:50.457Z,0.023,3,1500,768x432,1.959967000000006,1571,rebuffer happen
2025-12-19T03:29:50.917Z,0.094,3,1500,768x432,2.022918000000004,1571,
2025-12-19T03:29:50.974Z,0.03,2,1000,640x360,1.9658830000000762,1585,rebuffer happen
2025-12-19T03:29:50.988Z,0.03,2,1000,640x360,1.9658830000000762,1585,
2025-12-19T03:29:51.417Z,0.294,2,1000,640x360,2.2347760000000108,1585,
2025-12-19T03:29:51.838Z,0.351,2,1000,640x360,2.1973420000000488,1580,
2025-12-19T03:29:52.000Z,0.187,2,1000,640x360,2.096279999999979,1576,rebuffer happen
2025-12-19T03:29:52.267Z,0.373,2,1000,640x360,2.115835000000061,1576,
2025-12-19T03:29:52.408Z,0.216,2,1000,640x360,2.0670639999999594,1575,rebuffer happen
2025-12-19T03:29:52.694Z,0.401,2,1000,640x360,2.0463190000000395,1575,
2025-12-19T03:29:52.831Z,0.243,2,1000,640x360,2.0787330000000566,1575,rebuffer happen
2025-12-19T03:29:53.114Z,0.395,2,1000,640x360,1.9616510000000744,1575,
2025-12-19T03:29:53.298Z,0.294,2,1000,640x360,1.9669189999999617,1545,rebuffer happen
2025-12-19T03:29:53.534Z,0.45,2,1000,640x360,2.019188999999983,1545,
2025-12-19T03:29:53.966Z,0.54,2,1000,640x360,1.9651929999999993,1500,
2025-12-19T03:29:54.380Z,0.592,2,1000,640x360,1.9406979999999976,1487,
2025-12-19T03:29:54.772Z,0.709,2,1000,640x360,1.9603210000000217,1494,
2025-12-19T03:29:55.160Z,0.823,2,1000,640x360,1.9684710000000223,1512,
2025-12-19T03:29:55.511Z,0.956,2,1000,640x360,1.9085240000000567,1512,
2025-12-19T03:29:55.934Z,1.06,2,1000,640x360,2.0036479999999983,1516,
2025-12-19T03:29:56.012Z,1.062,3,1500,768x432,1.9230059999999867,1511,
2025-12-19T03:29:56.600Z,0.873,3,1500,768x432,1.9228650000000016,1511,
2025-12-19T03:29:57.226Z,0.762,3,1500,768x432,1.9910489999999754,1531,
2025-12-19T03:29:57.794Z,0.686,3,1500,768x432,1.9276140000000623,1561,
2025-12-19T03:29:58.276Z,0.699,3,1500,768x432,1.9408579999999347,1561,
2025-12-19T03:29:58.507Z,0.858,3,1500,768x432,1.9118650000000343,1531,
2025-12-19T03:29:58.678Z,1.22,3,1500,768x432,1.9533109999999851,1531,
2025-12-19T03:29:58.867Z,1.611,3,1500,768x432,1.970327999999995,1531,
2025-12-19T03:29:59.180Z,1.792,3,1500,768x432,1.9450049999999237,1520,
2025-12-19T03:29:59.443Z,2.013,3,1500,768x432,1.971948999999995,1520,
2025-12-19T03:29:59.844Z,2.132,3,1500,768x432,1.9994380000000547,1519,
2025-12-19T03:30:00.322Z,2.14,3,1500,768x432,2.0061809999999696,1528,
2025-12-19T03:30:00.918Z,2.049,3,1500,768x432,2.002104999999915,1548,
2025-12-19T03:30:01.378Z,2.044,3,1500,768x432,1.9362949999999728,1525,
2025-12-19T03:30:01.816Z,2.197,3,1500,768x432,2.0034689999999955,1531,
2025-12-19T03:30:02.317Z,2.155,3,1500,768x432,1.997671999999966,1535,
2025-12-19T03:30:02.819Z,2.198,3,1500,768x432,2.010091999999986,1544,
2025-12-19T03:30:03.317Z,2.191,3,1500,768x432,2.0022769999999355,1550,
2025-12-19T03:30:03.813Z,2.208,3,1500,768x432,1.9302569999999832,1564,
2025-12-19T03:30:04.315Z,2.199,3,1500,768x432,2.005623000000014,1567,
2025-12-19T03:30:05.083Z,1.807,3,1500,768x432,1.9415500000000065,1555,
2025-12-19T03:30:05.298Z,2.212,3,1500,768x432,1.9263100000000577,1557,
2025-12-19T03:30:06.363Z,1.678,3,1500,768x432,1.9576439999999593,1557,
2025-12-19T03:30:06.968Z,1.516,3,1500,768x432,1.9646510000000035,1504,
2025-12-19T03:30:07.621Z,1.378,3,1500,768x432,2.009305999999924,1521,
2025-12-19T03:30:08.252Z,1.213,3,1500,768x432,1.974166000000082,1545,
2025-12-19T03:30:08.861Z,1.146,3,1500,768x432,1.9750659999999698,1550,
2025-12-19T03:30:09.470Z,1.02,3,1500,768x432,1.9584529999999631,1560,
2025-12-19T03:30:10.085Z,0.917,3,1500,768x432,1.9364050000000361,1580,
2025-12-19T03:30:10.156Z,0.871,2,1000,640x360,1.9712309999999889,1598,
2025-12-19T03:30:10.568Z,0.898,2,1000,640x360,1.9528119999999944,1598,
2025-12-19T03:30:10.984Z,0.983,2,1000,640x360,1.9406439999999066,1590,
2025-12-19T03:30:11.350Z,1.126,2,1000,640x360,1.9657740000000103,1576,
2025-12-19T03:30:11.735Z,1.253,2,1000,640x360,2.000352000000021,1558,
2025-12-19T03:30:12.141Z,1.338,2,1000,640x360,1.9905820000000176,1539,
2025-12-19T03:30:12.504Z,1.443,2,1000,640x360,1.9102450000000317,1539,
2025-12-19T03:30:13.314Z,1.135,2,1000,640x360,1.9017599999999675,1508,
2025-12-19T03:30:13.818Z,1.163,2,1000,640x360,2.0050810000000183,1539,
2025-12-19T03:30:13.903Z,1.142,3,1500,768x432,1.919552000000067,1532,
2025-12-19T03:30:14.854Z,0.692,3,1500,768x432,1.9760839999999007,1532,
2025-12-19T03:30:15.504Z,0.479,3,1500,768x432,1.9149310000000241,1560,
2025-12-19T03:30:16.151Z,0.354,3,1500,768x432,1.977807000000098,1568,
2025-12-19T03:30:16.230Z,0.255,3,1500,768x432,1.991141999999968,1580,rebuffer happen
2025-12-19T03:30:16.781Z,0.217,3,1500,768x432,1.9693039999999655,1580,
2025-12-19T03:30:17.414Z,0.097,3,1500,768x432,1.9270950000000084,1588,
2025-12-19T03:30:17.479Z,0.026,2,1000,640x360,1.9609769999999571,1584,rebuffer happen
2025-12-19T03:30:17.482Z,0.026,2,1000,640x360,1.9609769999999571,1584,
2025-12-19T03:30:17.923Z,0.235,2,1000,640x360,2.165530999999987,1584,
2025-12-19T03:30:18.353Z,0.296,2,1000,640x360,2.143694000000096,1568,
2025-12-19T03:30:18.601Z,0.289,2,1000,640x360,2.092006999999967,1576,rebuffer happen
2025-12-19T03:30:18.779Z,0.356,2,1000,640x360,2.079142000000047,1576,
2025-12-19T03:30:18.909Z,0.222,2,1000,640x360,2.0354750000000195,1574,rebuffer happen
2025-12-19T03:30:19.055Z,0.3,2,1000,640x360,2.0690839999999753,1574,rebuffer happen
2025-12-19T03:30:19.235Z,0.341,2,1000,640x360,2.1041529999999966,1574,
2025-12-19T03:30:19.339Z,0.249,2,1000,640x360,2.0939859999999726,1582,rebuffer happen
2025-12-19T03:30:19.665Z,0.437,2,1000,640x360,2.0664170000000013,1582,
2025-12-19T03:30:20.109Z,0.438,2,1000,640x360,1.9774199999999382,1582,
2025-12-19T03:30:20.533Z,0.485,2,1000,640x360,2.0279489999999214,1599,
2025-12-19T03:30:21.038Z,0.515,2,1000,640x360,2.0135440000000244,1606,
2025-12-19T03:30:21.472Z,0.518,2,1000,640x360,1.9536110000000235,1596,
2025-12-19T03:30:21.905Z,0.588,2,1000,640x360,1.9233410000000504,1588,
2025-12-19T03:30:22.343Z,0.633,2,1000,640x360,1.976556999999957,1587,
2025-12-19T03:30:22.619Z,0.737,2,1000,640x360,1.9950469999999996,1578,
2025-12-19T03:30:22.694Z,0.858,2,1000,640x360,1.9201819999999543,1578,
2025-12-19T03:30:23.323Z,0.256,2,1000,640x360,1.9988419999999678,1578,rebuffer happen
2025-12-19T03:30:23.568Z,0.017,2,1000,640x360,1.963345000000004,1578,rebuffer happen
2025-12-19T03:30:24.738Z,0.017,2,1000,640x360,3.1583449999999402,1578,