timestamp,bufferLevel,qualityIndex,bitrateKbps,resolution,liveLatency,predictedKbps,rebuffer
2025-12-19T02:56:10.342Z,0,2,1000,640x360,0.9285,,
2025-12-19T02:56:10.347Z,0,2,1000,640x360,0.9285,,rebuffer happen
2025-12-19T02:56:10.372Z,0.1,2,1000,640x360,0.927901,,rebuffer happen
2025-12-19T02:56:10.462Z,0.019,2,1000,640x360,1.038441,,rebuffer happen
2025-12-19T02:56:10.496Z,0.026,2,1000,640x360,1.0122959999999999,,rebuffer happen
2025-12-19T02:56:10.596Z,0.06,2,1000,640x360,1.083046,,rebuffer happen
2025-12-19T02:56:10.646Z,0.014,2,1000,640x360,1.037378,,rebuffer happen
2025-12-19T02:56:10.696Z,0.026,2,1000,640x360,1.10665,,rebuffer happen
2025-12-19T02:56:10.745Z,0.029,2,1000,640x360,1.0753629999999998,,rebuffer happen
2025-12-19T02:56:10.896Z,0.029,2,1000,640x360,1.153473,,rebuffer happen
2025-12-19T02:56:10.937Z,0.096,2,1000,640x360,1.119355,,
2025-12-19T02:56:11.013Z,0.026,1,600,480x270,1.14385,,rebuffer happen
2025-12-19T02:56:11.027Z,0.026,1,600,480x270,1.14385,,
2025-12-19T02:56:11.437Z,0.283,1,600,480x270,1.3178260000000002,,
2025-12-19T02:56:11.866Z,0.383,1,600,480x270,1.413165,,
2025-12-19T02:56:12.216Z,0.687,1,600,480x270,1.5134750000000001,,
2025-12-19T02:56:12.622Z,0.888,1,600,480x270,1.6625469999999998,,
2025-12-19T02:56:12.946Z,1.068,1,600,480x270,1.719921,,
2025-12-19T02:56:13.290Z,1.417,1,600,480x270,1.854329,,
2025-12-19T02:56:14.427Z,0.931,1,600,480x270,1.9008730000000003,,
2025-12-19T02:56:14.892Z,0.992,1,600,480x270,1.9577029999999995,,
2025-12-19T02:56:15.300Z,0.992,1,600,480x270,1.957189,,
2025-12-19T02:56:15.548Z,1.275,1,600,480x270,2.0029830000000004,,
2025-12-19T02:56:15.633Z,1.288,2,1000,640x360,1.916938,,
2025-12-19T02:56:16.067Z,1.274,2,1000,640x360,2.002618,,
2025-12-19T02:56:16.499Z,1.353,2,1000,640x360,1.9579300000000002,,
2025-12-19T02:56:16.954Z,1.395,2,1000,640x360,2.002599,,
2025-12-19T02:56:17.407Z,1.416,2,1000,640x360,1.9426000000000005,,
2025-12-19T02:56:17.851Z,1.493,2,1000,640x360,2.0036680000000002,,
2025-12-19T02:56:18.299Z,1.544,2,1000,640x360,1.9497909999999994,,
2025-12-19T02:56:18.724Z,1.591,2,1000,640x360,1.935388999999999,,
2025-12-19T02:56:19.157Z,1.672,2,1000,640x360,2.0003330000000004,,
2025-12-19T02:56:19.237Z,1.685,3,1500,768x432,1.9192990000000005,,
2025-12-19T02:56:19.882Z,1.454,3,1500,768x432,1.9774650000000005,,
2025-12-19T02:56:19.958Z,1.459,2,1000,640x360,2.0051059999999996,,
2025-12-19T02:56:20.401Z,1.431,2,1000,640x360,1.9602570000000004,,
2025-12-19T02:56:20.471Z,1.444,3,1500,768x432,1.9914050000000003,,
2025-12-19T02:56:21.129Z,1.205,3,1500,768x432,1.9262550000000012,,
2025-12-19T02:56:21.766Z,1.065,3,1500,768x432,1.9857630000000004,,
2025-12-19T02:56:22.429Z,0.874,3,1500,768x432,1.917587000000001,,
2025-12-19T02:56:23.080Z,0.767,3,1500,768x432,1.9773949999999996,,
2025-12-19T02:56:23.694Z,0.646,3,1500,768x432,1.961507000000001,,
2025-12-19T02:56:24.334Z,0.516,3,1500,768x432,1.9301440000000003,,
2025-12-19T02:56:24.987Z,0.365,3,1500,768x432,1.9784159999999993,,
2025-12-19T02:56:25.083Z,0.274,3,1500,768x432,1.9929009999999998,,rebuffer happen
2025-12-19T02:56:25.632Z,0.203,3,1500,768x432,1.9328450000000004,,
2025-12-19T02:56:26.227Z,0.136,3,1500,768x432,1.9462279999999996,,
2025-12-19T02:56:26.341Z,0.017,3,1500,768x432,1.9309519999999996,,rebuffer happen
2025-12-19T02:56:26.895Z,0.069,3,1500,768x432,2.083672999999999,,
2025-12-19T02:56:26.942Z,0.024,3,1500,768x432,2.0369379999999992,,rebuffer happen
2025-12-19T02:56:27.573Z,0.075,3,1500,768x432,2.2816969999999994,,
2025-12-19T02:56:27.609Z,0.03,3,1500,768x432,2.246594,,rebuffer happen
2025-12-19T02:56:28.009Z,0.022,3,1500,768x432,2.400969,,rebuffer happen
2025-12-19T02:56:28.043Z,0.029,3,1500,768x432,2.3747159999999994,,rebuffer happen
2025-12-19T02:56:28.109Z,0.026,3,1500,768x432,2.4414579999999972,,rebuffer happen
2025-12-19T02:56:28.346Z,0.139,3,1500,768x432,2.5448069999999987,,
2025-12-19T02:56:28.422Z,0.114,2,1000,640x360,2.5675589999999993,,
2025-12-19T02:56:28.460Z,0.018,2,1000,640x360,2.634847999999998,,rebuffer happen
2025-12-19T02:56:28.815Z,0.231,2,1000,640x360,2.654758000000001,,
2025-12-19T02:56:28.888Z,0.236,3,1500,768x432,2.6963669999999986,,
2025-12-19T02:56:29.502Z,0.07,3,1500,768x432,2.683903000000001,,
2025-12-19T02:56:29.544Z,0.025,3,1500,768x432,2.642728999999999,,rebuffer happen
2025-12-19T02:56:30.044Z,0.032,3,1500,768x432,2.778027999999999,,rebuffer happen
2025-12-19T02:56:30.134Z,0.053,3,1500,768x432,2.797925999999997,,
2025-12-19T02:56:30.194Z,0.025,3,1500,768x432,2.8399709999999985,,rebuffer happen
2025-12-19T02:56:30.770Z,0.095,3,1500,768x432,3.005298,,
2025-12-19T02:56:30.845Z,0.019,3,1500,768x432,2.935309,,rebuffer happen
2025-12-19T02:56:31.405Z,0.107,3,1500,768x432,3.1243090000000002,,
2025-12-19T02:56:31.479Z,0.029,3,1500,768x432,3.144171,,rebuffer happen
2025-12-19T02:56:32.043Z,0.128,3,1500,768x432,3.2341000000000015,,
2025-12-19T02:56:32.146Z,0.019,3,1500,768x432,3.2397230000000015,,rebuffer happen
2025-12-19T02:56:32.689Z,0.064,3,1500,768x432,3.3953099999999985,,
2025-12-19T02:56:32.747Z,0.026,3,1500,768x432,3.4381260000000005,,rebuffer happen
2025-12-19T02:56:33.063Z,0.033,3,1500,768x432,3.5828179999999996,,rebuffer happen
2025-12-19T02:56:33.303Z,0.141,3,1500,768x432,3.5778430000000014,,
2025-12-19T02:56:33.430Z,0.031,3,1500,768x432,3.5444780000000016,,rebuffer happen
2025-12-19T02:56:33.742Z,0.246,3,1500,768x432,3.5853060000000028,,
2025-12-19T02:56:33.812Z,0.259,2,1000,640x360,3.6102719999999984,,
2025-12-19T02:56:34.086Z,0.409,2,1000,640x360,3.646224,,
2025-12-19T02:56:34.230Z,0.215,2,1000,640x360,3.533494000000001,,rebuffer happen
2025-12-19T02:56:34.438Z,0.414,2,1000,640x360,3.419402999999999,,
2025-12-19T02:56:34.512Z,0.31,1,600,480x270,3.4127860000000005,,
2025-12-19T02:56:34.513Z,0.291,1,600,480x270,3.4117099999999994,,rebuffer happen
2025-12-19T02:56:34.781Z,0.382,1,600,480x270,3.3072250000000025,,
2025-12-19T02:56:34.858Z,0.348,3,1500,768x432,3.2956439999999994,,
2025-12-19T02:56:34.858Z,0.282,3,1500,768x432,3.2946109999999997,,rebuffer happen
2025-12-19T02:56:35.015Z,0.048,3,1500,768x432,3.1674739999999986,,rebuffer happen
2025-12-19T02:56:35.463Z,0.196,3,1500,768x432,3.3131500000000003,,
2025-12-19T02:56:35.616Z,0.047,3,1500,768x432,3.262388999999999,,rebuffer happen
2025-12-19T02:56:36.073Z,0.24,3,1500,768x432,3.473237000000001,,
2025-12-19T02:56:36.299Z,0.028,3,1500,768x432,3.4423150000000007,,rebuffer happen
2025-12-19T02:56:36.710Z,0.236,3,1500,768x432,3.557327000000001,,
2025-12-19T02:56:36.933Z,0.021,3,1500,768x432,3.5385159999999978,,rebuffer happen
2025-12-19T02:56:37.532Z,0.075,3,1500,768x432,3.6854900000000015,,
2025-12-19T02:56:37.584Z,0.017,2,1000,640x360,3.729386999999999,,rebuffer happen
2025-12-19T02:56:37.611Z,0.017,2,1000,640x360,3.729386999999999,,
2025-12-19T02:56:38.250Z,0.168,2,1000,640x360,4.075139,,
2025-12-19T02:56:38.329Z,0.159,3,1500,768x432,3.996297000000002,,
2025-12-19T02:56:38.384Z,0.025,3,1500,768x432,4.037835999999999,,rebuffer happen
2025-12-19T02:56:38.974Z,0.079,3,1500,768x432,4.194443,,
2025-12-19T02:56:39.035Z,0.021,3,1500,768x432,4.134034,,rebuffer happen
2025-12-19T02:56:39.481Z,0.202,3,1500,768x432,4.319870999999999,,
2025-12-19T02:56:39.652Z,0.033,3,1500,768x432,4.349712,,rebuffer happen
2025-12-19T02:56:40.007Z,0.251,3,1500,768x432,4.3672109999999975,,
2025-12-19T02:56:40.236Z,0.026,3,1500,768x432,4.351128000000003,,rebuffer happen
2025-12-19T02:56:40.678Z,0.227,3,1500,768x432,4.499931,,
2025-12-19T02:56:40.752Z,0.187,2,1000,640x360,4.425736000000001,,
2025-12-19T02:56:40.853Z,0.017,2,1000,640x360,4.533000999999999,,rebuffer happen
2025-12-19T02:56:41.319Z,0.108,2,1000,640x360,4.557015,,rebuffer happen
2025-12-19T02:56:41.370Z,0.031,2,1000,640x360,4.582315999999999,,rebuffer happen
2025-12-19T02:56:41.627Z,0.031,2,1000,640x360,4.785316000000002,,
2025-12-19T02:56:41.670Z,0.027,1,600,480x270,4.841295000000002,,rebuffer happen
2025-12-19T02:56:41.708Z,0.027,1,600,480x270,4.841295000000002,,
2025-12-19T02:56:42.031Z,0.363,1,600,480x270,5.010693999999997,,
2025-12-19T02:56:42.112Z,0.379,3,1500,768x432,4.988628000000002,,
2025-12-19T02:56:42.113Z,0.267,3,1500,768x432,4.987488000000003,,rebuffer happen
2025-12-19T02:56:42.760Z,0.052,3,1500,768x432,4.991802,,
2025-12-19T02:56:42.821Z,0.02,3,1500,768x432,4.932337,,rebuffer happen
2025-12-19T02:56:42.921Z,0.025,3,1500,768x432,5.005689999999998,,rebuffer happen
2025-12-19T02:56:43.272Z,0.033,3,1500,768x432,5.083033999999998,,rebuffer happen
2025-12-19T02:56:43.355Z,0.028,3,1500,768x432,5.115887000000004,,rebuffer happen
2025-12-19T02:56:43.405Z,0.018,3,1500,768x432,5.073179000000003,,rebuffer happen
2025-12-19T02:56:43.408Z,0.018,3,1500,768x432,5.073179000000003,,
2025-12-19T02:56:43.439Z,0.025,3,1500,768x432,5.046306000000005,,rebuffer happen
2025-12-19T02:56:43.939Z,0.066,3,1500,768x432,5.1919020000000025,,rebuffer happen
2025-12-19T02:56:44.048Z,0.08,3,1500,768x432,5.281960000000005,,
2025-12-19T02:56:44.106Z,0.016,3,1500,768x432,5.2299210000000045,,rebuffer happen
2025-12-19T02:56:44.675Z,0.065,3,1500,768x432,5.380894000000001,,
2025-12-19T02:56:44.723Z,0.021,3,1500,768x432,5.333808999999999,,rebuffer happen
2025-12-19T02:56:45.317Z,0.027,3,1500,768x432,5.473061999999999,,
2025-12-19T02:56:45.357Z,0.017,3,1500,768x432,5.530517,,rebuffer happen
2025-12-19T02:56:45.557Z,0.018,3,1500,768x432,5.666057000000002,,rebuffer happen
2025-12-19T02:56:45.956Z,0.078,3,1500,768x432,5.691976,,
2025-12-19T02:56:46.007Z,0.021,3,1500,768x432,5.641311999999999,,rebuffer happen
2025-12-19T02:56:46.191Z,0.03,3,1500,768x432,5.785625999999997,,rebuffer happen
2025-12-19T02:56:46.599Z,0.096,3,1500,768x432,5.813119999999998,,
2025-12-19T02:56:46.658Z,0.03,3,1500,768x432,5.851721000000001,,rebuffer happen
2025-12-19T02:56:47.239Z,0.096,3,1500,768x432,5.912797000000001,,
2025-12-19T02:56:47.309Z,0.02,3,1500,768x432,5.936778999999998,,rebuffer happen
2025-12-19T02:56:47.882Z,0.063,3,1500,768x432,6.101795000000003,,
2025-12-19T02:56:47.942Z,0.017,3,1500,768x432,6.041749000000003,,rebuffer happen
2025-12-19T02:56:48.522Z,0.085,3,1500,768x432,6.192866000000002,,
2025-12-19T02:56:48.576Z,0.026,3,1500,768x432,6.242146000000005,,rebuffer happen
2025-12-19T02:56:49.173Z,0.072,3,1500,768x432,6.3951139999999995,,
2025-12-19T02:56:49.227Z,0.022,3,1500,768x432,6.341679999999997,,rebuffer happen
2025-12-19T02:56:49.815Z,0.088,3,1500,768x432,6.4951170000000005,,
2025-12-19T02:56:49.877Z,0.026,3,1500,768x432,6.549658000000001,,rebuffer happen
2025-12-19T02:56:50.476Z,0.073,3,1500,768x432,6.694646999999996,,
2025-12-19T02:56:50.528Z,0.025,3,1500,768x432,6.6435809999999975,,rebuffer happen
2025-12-19T02:56:51.130Z,0.112,3,1500,768x432,6.842114000000002,,
2025-12-19T02:56:51.228Z,0.018,3,1500,768x432,6.8311530000000005,,rebuffer happen
2025-12-19T02:56:51.784Z,0.083,3,1500,768x432,7.003324999999997,,
2025-12-19T02:56:51.862Z,0.016,3,1500,768x432,7.034677000000002,,rebuffer happen
2025-12-19T02:56:52.451Z,0.081,3,1500,768x432,7.191580999999999,,
2025-12-19T02:56:52.496Z,0.03,3,1500,768x432,7.147114000000002,,rebuffer happen
2025-12-19T02:56:53.104Z,0.109,3,1500,768x432,7.331584999999997,,
2025-12-19T02:56:53.180Z,0.111,2,1000,640x360,7.348578000000003,,
2025-12-19T02:56:53.197Z,0.02,2,1000,640x360,7.332293,,rebuffer happen
2025-12-19T02:56:53.617Z,0.266,2,1000,640x360,7.481544999999997,,
2025-12-19T02:56:53.696Z,0.269,3,1500,768x432,7.503214999999997,,
2025-12-19T02:56:53.864Z,0.028,3,1500,768x432,7.549904000000005,,rebuffer happen
2025-12-19T02:56:54.350Z,0.102,3,1500,768x432,7.620722000000001,,
2025-12-19T02:56:54.431Z,0.024,3,1500,768x432,7.540576999999999,,rebuffer happen
2025-12-19T02:56:55.011Z,0.096,3,1500,768x432,7.702314000000001,,
2025-12-19T02:56:55.081Z,0.019,3,1500,768x432,7.731507999999998,,rebuffer happen
2025-12-19T02:56:55.675Z,0.065,3,1500,768x432,7.871857999999996,,
2025-12-19T02:56:55.715Z,0.018,3,1500,768x432,7.8318729999999945,,rebuffer happen
2025-12-19T02:56:56.200Z,0.017,3,1500,768x432,8.002471,,rebuffer happen
2025-12-19T02:56:56.320Z,0.075,3,1500,768x432,7.983746000000004,,
2025-12-19T02:56:56.366Z,0.023,3,1500,768x432,8.036287999999999,,rebuffer happen
2025-12-19T02:56:56.979Z,0.082,3,1500,768x432,8.210209999999996,,
2025-12-19T02:56:57.050Z,0.024,3,1500,768x432,8.237783,,rebuffer happen
2025-12-19T02:56:57.484Z,0.017,3,1500,768x432,8.365932999999998,,rebuffer happen
2025-12-19T02:56:57.718Z,0.105,3,1500,768x432,8.417777000000001,,
2025-12-19T02:56:57.801Z,0.018,3,1500,768x432,8.435454,,rebuffer happen
2025-12-19T02:56:58.239Z,0.181,3,1500,768x432,8.500335,,
2025-12-19T02:56:58.401Z,0.023,3,1500,768x432,8.540098,,rebuffer happen
2025-12-19T02:56:58.808Z,0.233,3,1500,768x432,8.641825999999995,,
2025-12-19T02:56:59.018Z,0.03,3,1500,768x432,8.643343999999999,,rebuffer happen
2025-12-19T02:56:59.413Z,0.219,3,1500,768x432,8.739156000000001,,
2025-12-19T02:56:59.602Z,0.032,3,1500,768x432,8.745605000000005,,rebuffer happen
2025-12-19T02:57:00.066Z,0.212,3,1500,768x432,8.925037999999994,,
2025-12-19T02:57:00.252Z,0.019,3,1500,768x432,8.937657999999999,,rebuffer happen
2025-12-19T02:57:00.741Z,0.195,3,1500,768x432,9.002898000000002,,
2025-12-19T02:57:00.920Z,0.021,3,1500,768x432,9.040537,,rebuffer happen
2025-12-19T02:57:01.442Z,0.159,3,1500,768x432,9.168942000000001,,
2025-12-19T02:57:01.571Z,0.022,3,1500,768x432,9.241978999999994,,rebuffer happen
2025-12-19T02:57:02.149Z,0.136,3,1500,768x432,9.452932000000004,,
2025-12-19T02:57:02.271Z,0.017,3,1500,768x432,9.430413999999999,,rebuffer happen
2025-12-19T02:57:02.862Z,0.111,3,1500,768x432,9.621611000000001,,
2025-12-19T02:57:02.938Z,0.028,3,1500,768x432,9.546598000000003,,rebuffer happen
2025-12-19T02:57:03.582Z,0.099,3,1500,768x432,9.814378999999995,,
2025-12-19T02:57:03.655Z,0.019,3,1500,768x432,9.834166000000003,,rebuffer happen
2025-12-19T02:57:04.023Z,0.055,3,1500,768x432,9.93517,,rebuffer happen
2025-12-19T02:57:04.056Z,0.025,3,1500,768x432,10.013173000000002,,rebuffer happen
2025-12-19T02:57:04.298Z,0.069,3,1500,768x432,9.985046999999994,,
2025-12-19T02:57:04.339Z,0.021,3,1500,768x432,9.944395999999998,,rebuffer happen
2025-12-19T02:57:04.740Z,0.028,3,1500,768x432,10.121348000000005,,rebuffer happen
2025-12-19T02:57:04.978Z,0.08,3,1500,768x432,10.19415,,
2025-12-19T02:57:05.023Z,0.028,2,1000,640x360,10.149982999999999,,rebuffer happen
2025-12-19T02:57:05.045Z,0.028,2,1000,640x360,10.149982999999999,,
2025-12-19T02:57:05.479Z,0.267,2,1000,640x360,10.385843999999999,,
2025-12-19T02:57:05.557Z,0.27,3,1500,768x432,10.307496,,
2025-12-19T02:57:05.724Z,0.026,3,1500,768x432,10.347762000000003,,rebuffer happen
2025-12-19T02:57:06.206Z,0.087,3,1500,768x432,10.412416,,
2025-12-19T02:57:06.274Z,0.023,3,1500,768x432,10.437718999999994,,rebuffer happen
2025-12-19T02:57:06.860Z,0.078,3,1500,768x432,10.596096000000003,,
2025-12-19T02:57:06.908Z,0.025,3,1500,768x432,10.549006000000006,,rebuffer happen
2025-12-19T02:57:07.375Z,0.031,3,1500,768x432,10.721804000000006,,rebuffer happen
2025-12-19T02:57:07.499Z,0.072,3,1500,768x432,10.704479,,
2025-12-19T02:57:07.558Z,0.026,3,1500,768x432,10.741239999999998,,rebuffer happen
2025-12-19T02:57:08.154Z,0.093,3,1500,768x432,10.893774999999998,,
2025-12-19T02:57:08.209Z,0.019,3,1500,768x432,10.838788000000001,,rebuffer happen
2025-12-19T02:57:08.710Z,0.031,3,1500,768x432,10.985178000000005,,rebuffer happen
2025-12-19T02:57:08.803Z,0.077,3,1500,768x432,10.998463999999998,,
2025-12-19T02:57:08.876Z,0.019,3,1500,768x432,11.040857000000003,,rebuffer happen
2025-12-19T02:57:09.327Z,0.033,3,1500,768x432,11.114396999999997,,rebuffer happen
2025-12-19T02:57:09.457Z,0.078,3,1500,768x432,11.198293999999997,,
2025-12-19T02:57:09.527Z,0.022,3,1500,768x432,11.136144999999999,,rebuffer happen
2025-12-19T02:57:10.071Z,0.106,3,1500,768x432,11.341099,,
2025-12-19T02:57:10.177Z,0.022,3,1500,768x432,11.346998,,rebuffer happen
2025-12-19T02:57:10.698Z,0.142,3,1500,768x432,11.453762999999995,,
2025-12-19T02:57:10.811Z,0.022,3,1500,768x432,11.435893,,rebuffer happen
2025-12-19T02:57:11.344Z,0.093,3,1500,768x432,11.539443999999996,,
2025-12-19T02:57:11.445Z,0.024,3,1500,768x432,11.549891000000002,,rebuffer happen
2025-12-19T02:57:11.973Z,0.164,3,1500,768x432,11.793092999999999,,
2025-12-19T02:57:12.113Z,0.027,3,1500,768x432,11.748936999999998,,rebuffer happen
2025-12-19T02:57:12.726Z,0.071,3,1500,768x432,11.881563,,
2025-12-19T02:57:12.763Z,0.026,3,1500,768x432,11.939867,,rebuffer happen
2025-12-19T02:57:13.197Z,0.059,3,1500,768x432,12.111964999999998,,rebuffer happen
2025-12-19T02:57:13.230Z,0.03,3,1500,768x432,12.082524999999997,,rebuffer happen
2025-12-19T02:57:13.410Z,0.093,3,1500,768x432,12.116315999999998,,
2025-12-19T02:57:13.480Z,0.026,3,1500,768x432,12.138751999999997,,rebuffer happen
2025-12-19T02:57:13.797Z,0.018,3,1500,768x432,12.298440999999997,,rebuffer happen
2025-12-19T02:57:14.064Z,0.032,3,1500,768x432,12.445916999999994,,rebuffer happen
2025-12-19T02:57:14.245Z,0.074,3,1500,768x432,12.388829000000001,,
2025-12-19T02:57:14.297Z,0.024,3,1500,768x432,12.436288999999995,,rebuffer happen
2025-12-19T02:57:14.431Z,0.029,3,1500,768x432,12.509271999999996,,rebuffer happen
2025-12-19T02:57:14.873Z,0.109,3,1500,768x432,12.615400999999991,,
2025-12-19T02:57:14.948Z,0.029,3,1500,768x432,12.642139,,rebuffer happen
2025-12-19T02:57:15.508Z,0.072,3,1500,768x432,12.681255,,
2025-12-19T02:57:15.548Z,0.029,3,1500,768x432,12.741410000000009,,rebuffer happen
2025-12-19T02:57:16.149Z,0.06,3,1500,768x432,12.908204999999995,,rebuffer happen
2025-12-19T02:57:16.199Z,0.029,3,1500,768x432,12.861473999999994,,
2025-12-19T02:57:16.200Z,0.047,3,1500,768x432,12.861473999999994,,rebuffer happen
2025-12-19T02:57:16.232Z,0.018,3,1500,768x432,12.832017999999998,,rebuffer happen
2025-12-19T02:57:16.812Z,0.093,3,1500,768x432,13.003241000000003,,
2025-12-19T02:57:16.883Z,0.024,3,1500,768x432,13.036235000000005,,rebuffer happen
2025-12-19T02:57:17.454Z,0.126,3,1500,768x432,13.239024000000008,,
2025-12-19T02:57:17.550Z,0.023,3,1500,768x432,13.237636000000002,,rebuffer happen
2025-12-19T02:57:18.133Z,0.104,3,1500,768x432,13.312741000000003,,
2025-12-19T02:57:18.201Z,0.019,3,1500,768x432,13.335727000000006,,rebuffer happen
2025-12-19T02:57:18.401Z,0.03,3,1500,768x432,13.480905,,rebuffer happen
2025-12-19T02:57:18.802Z,0.076,3,1500,768x432,13.503149,,
2025-12-19T02:57:18.884Z,0.016,3,1500,768x432,13.529472999999996,,rebuffer happen
2025-12-19T02:57:19.034Z,0.028,3,1500,768x432,13.609939999999995,,rebuffer happen
2025-12-19T02:57:19.439Z,0.104,3,1500,768x432,13.619821000000002,,
2025-12-19T02:57:19.519Z,0.029,3,1500,768x432,13.643421000000004,,rebuffer happen
2025-12-19T02:57:19.869Z,0.055,3,1500,768x432,13.836067,,rebuffer happen
2025-12-19T02:57:19.902Z,0.025,3,1500,768x432,13.806053999999996,,rebuffer happen
2025-12-19T02:57:20.127Z,0.096,3,1500,768x432,13.81712300000001,,
2025-12-19T02:57:20.202Z,0.022,3,1500,768x432,13.835265000000007,,rebuffer happen
2025-12-19T02:57:20.369Z,0,3,1500,768x432,13.985167000000004,,rebuffer happen
2025-12-19T02:57:20.372Z,0,3,1500,768x432,13.985167000000004,,rebuffer happen
2025-12-19T02:57:20.839Z,0,3,1500,768x432,14.382166999999995,,
2025-12-19T02:57:21.465Z,0,3,1500,768x432,15.079166999999998,,
2025-12-19T02:57:21.797Z,0.29,3,1500,768x432,3.0022850000000005,,rebuffer happen
2025-12-19T02:57:21.878Z,0.284,3,1500,768x432,3.0405800000000056,,rebuffer happen
2025-12-19T02:57:21.983Z,0.289,3,1500,768x432,3.0399810000000116,,rebuffer happen
2025-12-19T02:57:22.089Z,0.32,3,1500,768x432,3.0284770000000094,,
2025-12-19T02:57:22.262Z,0.14,3,1500,768x432,3.053830000000005,,rebuffer happen
2025-12-19T02:57:22.726Z,0.097,3,1500,768x432,2.9482610000000022,,
2025-12-19T02:57:22.838Z,0.022,3,1500,768x432,2.9475180000000023,,rebuffer happen
2025-12-19T02:57:23.388Z,0.019,3,1500,768x432,3.070329000000001,,rebuffer happen
2025-12-19T02:57:23.393Z,0.019,3,1500,768x432,3.070329000000001,,
2025-12-19T02:57:23.422Z,0.028,3,1500,768x432,3.0459209999999928,,rebuffer happen
2025-12-19T02:57:23.822Z,0.03,3,1500,768x432,3.190221000000008,,rebuffer happen
2025-12-19T02:57:23.905Z,0.025,3,1500,768x432,3.2118559999999974,,rebuffer happen
2025-12-19T02:57:24.022Z,0.024,3,1500,768x432,3.2037229999999965,,rebuffer happen
2025-12-19T02:57:24.072Z,0.016,3,1500,768x432,3.2622070000000036,,rebuffer happen
2025-12-19T02:57:24.088Z,0.016,3,1500,768x432,3.2622070000000036,,
2025-12-19T02:57:24.122Z,0.02,3,1500,768x432,3.2320260000000047,,rebuffer happen
2025-12-19T02:57:24.606Z,0.019,3,1500,768x432,3.3998169999999988,,rebuffer happen
2025-12-19T02:57:24.756Z,0.059,3,1500,768x432,3.4787230000000022,,
2025-12-19T02:57:24.757Z,0.056,3,1500,768x432,3.4787230000000022,,rebuffer happen
2025-12-19T02:57:24.789Z,0.027,3,1500,768x432,3.449493000000004,,rebuffer happen
2025-12-19T02:57:25.280Z,0.195,3,1500,768x432,3.610122000000004,,
2025-12-19T02:57:25.440Z,0.028,3,1500,768x432,3.5438620000000043,,rebuffer happen
2025-12-19T02:57:25.940Z,0.089,3,1500,768x432,3.6039829999999995,,
2025-12-19T02:57:26.007Z,0.024,3,1500,768x432,3.6501499999999965,,rebuffer happen
2025-12-19T02:57:26.425Z,0.018,3,1500,768x432,3.764035000000007,,rebuffer happen
2025-12-19T02:57:26.457Z,0.026,3,1500,768x432,3.8417869999999965,,rebuffer happen
2025-12-19T02:57:26.574Z,0.019,3,1500,768x432,3.8667970000000054,,rebuffer happen
2025-12-19T02:57:26.624Z,0.025,3,1500,768x432,3.8397230000000064,,rebuffer happen
2025-12-19T02:57:26.708Z,0.033,3,1500,768x432,3.878834999999995,,rebuffer happen
2025-12-19T02:57:26.749Z,0.033,3,1500,768x432,3.9818349999999896,,
2025-12-19T02:57:26.791Z,0.03,3,1500,768x432,3.9451879999999875,,rebuffer happen
2025-12-19T02:57:27.275Z,0.026,3,1500,768x432,4.145826,,rebuffer happen
2025-12-19T02:57:27.325Z,0.017,3,1500,768x432,4.102677,,rebuffer happen
2025-12-19T02:57:27.559Z,0.028,3,1500,768x432,4.281954999999996,,rebuffer happen
2025-12-19T02:57:27.576Z,0.028,3,1500,768x432,4.281954999999996,,
2025-12-19T02:57:27.625Z,0.019,3,1500,768x432,4.239126999999996,,rebuffer happen
2025-12-19T02:57:28.131Z,0.163,3,1500,768x432,4.390526999999992,,
2025-12-19T02:57:28.276Z,0.033,3,1500,768x432,4.453592999999998,,rebuffer happen
2025-12-19T02:57:28.719Z,0.198,3,1500,768x432,4.533906999999999,,
2025-12-19T02:57:28.909Z,0.021,3,1500,768x432,4.533025000000009,,rebuffer happen
2025-12-19T02:57:29.353Z,0.176,3,1500,768x432,4.701789999999988,,
2025-12-19T02:57:29.510Z,0.032,3,1500,768x432,4.6540490000000005,,rebuffer happen
2025-12-19T02:57:29.894Z,0.024,3,1500,768x432,4.811008000000001,,rebuffer happen
2025-12-19T02:57:30.327Z,0.022,3,1500,768x432,4.973962,,rebuffer happen
2025-12-19T02:57:30.341Z,0.022,3,1500,768x432,4.973962,,
2025-12-19T02:57:30.377Z,0.024,3,1500,768x432,5.046055999999993,,rebuffer happen
2025-12-19T02:57:30.511Z,0.023,3,1500,768x432,5.108339000000001,,rebuffer happen
2025-12-19T02:57:30.919Z,0.105,3,1500,768x432,5.123663999999991,,
2025-12-19T02:57:31.011Z,0.025,3,1500,768x432,5.150666000000001,,rebuffer happen
2025-12-19T02:57:31.145Z,0.029,3,1500,768x432,5.208761999999993,,rebuffer happen
2025-12-19T02:57:31.555Z,0.109,3,1500,768x432,5.330587999999992,,
2025-12-19T02:57:31.645Z,0.021,3,1500,768x432,5.240932000000001,,rebuffer happen
2025-12-19T02:57:31.912Z,0.022,3,1500,768x432,5.503971000000007,,rebuffer happen
2025-12-19T02:57:31.979Z,0.029,3,1500,768x432,5.576537000000002,,rebuffer happen
2025-12-19T02:57:32.029Z,0.026,3,1500,768x432,5.540158000000005,,rebuffer happen
2025-12-19T02:57:32.095Z,0.028,3,1500,768x432,5.607262000000006,,rebuffer happen
2025-12-19T02:57:32.145Z,0.019,3,1500,768x432,5.565232000000009,,rebuffer happen
2025-12-19T02:57:32.245Z,0.021,3,1500,768x432,5.615661000000003,,rebuffer happen
2025-12-19T02:57:32.395Z,0.022,3,1500,768x432,5.735550999999987,,rebuffer happen
2025-12-19T02:57:32.462Z,0.028,3,1500,768x432,5.817807000000002,,rebuffer happen
2025-12-19T02:57:32.513Z,0.022,3,1500,768x432,5.778900000000007,,rebuffer happen
2025-12-19T02:57:32.579Z,0.023,3,1500,768x432,5.839937999999989,,rebuffer happen
2025-12-19T02:57:32.728Z,0.058,3,1500,768x432,5.879316000000003,,
2025-12-19T02:57:32.729Z,0.057,2,1000,640x360,5.878443000000004,,rebuffer happen
2025-12-19T02:57:32.762Z,0.028,2,1000,640x360,5.9460129999999936,,rebuffer happen
2025-12-19T02:57:32.796Z,0.028,2,1000,640x360,5.9460129999999936,,
2025-12-19T02:57:33.313Z,0.021,2,1000,640x360,6.2364649999999955,,rebuffer happen
2025-12-19T02:57:33.346Z,0.027,2,1000,640x360,6.2086849999999885,,rebuffer happen
2025-12-19T02:57:33.396Z,0.019,2,1000,640x360,6.267273000000003,,rebuffer happen
2025-12-19T02:57:33.463Z,0.018,2,1000,640x360,6.330546999999996,,rebuffer happen
2025-12-19T02:57:33.563Z,0.024,2,1000,640x360,6.370229000000009,,rebuffer happen
2025-12-19T02:57:33.613Z,0.023,2,1000,640x360,6.335908000000003,,rebuffer happen
2025-12-19T02:57:33.777Z,0.09,2,1000,640x360,6.520375000000001,,
2025-12-19T02:57:33.864Z,0.03,2,1000,640x360,6.554231999999999,,rebuffer happen
2025-12-19T02:57:33.947Z,0.062,2,1000,640x360,6.608081999999996,,rebuffer happen
2025-12-19T02:57:34.336Z,0.154,2,1000,640x360,6.549007000000003,,
2025-12-19T02:57:34.447Z,0.021,2,1000,640x360,6.634763000000007,,rebuffer happen
2025-12-19T02:57:34.597Z,0.03,2,1000,640x360,6.710059999999999,,rebuffer happen
2025-12-19T02:57:34.914Z,0.032,2,1000,640x360,6.710988,,rebuffer happen
2025-12-19T02:57:35.014Z,0.031,2,1000,640x360,6.745490000000004,,rebuffer happen
2025-12-19T02:57:35.131Z,0.027,2,1000,640x360,6.774539000000004,,rebuffer happen
2025-12-19T02:57:35.181Z,0.027,2,1000,640x360,6.874538999999999,,
2025-12-19T02:57:35.231Z,0.015,2,1000,640x360,6.829968999999991,,rebuffer happen
2025-12-19T02:57:35.482Z,0.018,2,1000,640x360,7.097127999999998,,rebuffer happen
2025-12-19T02:57:35.515Z,0.024,2,1000,640x360,7.069604999999996,,rebuffer happen
2025-12-19T02:57:35.631Z,0.026,2,1000,640x360,7.073964000000004,,rebuffer happen
2025-12-19T02:57:35.682Z,0.017,2,1000,640x360,7.131124999999997,,rebuffer happen
2025-12-19T02:57:35.732Z,0.027,2,1000,640x360,7.1082469999999915,,rebuffer happen
2025-12-19T02:57:35.782Z,0.027,2,1000,640x360,7.174345000000002,,rebuffer happen
2025-12-19T02:57:35.932Z,0.023,2,1000,640x360,7.170312999999993,,rebuffer happen
2025-12-19T02:57:35.998Z,0.029,2,1000,640x360,7.243062000000009,,rebuffer happen
2025-12-19T02:57:36.049Z,0.021,2,1000,640x360,7.301640999999989,,rebuffer happen
2025-12-19T02:57:36.115Z,0.019,2,1000,640x360,7.266115999999997,,rebuffer happen
2025-12-19T02:57:36.133Z,0.019,2,1000,640x360,7.266115999999997,,
2025-12-19T02:57:36.165Z,0.025,2,1000,640x360,7.3400139999999965,,rebuffer happen
2025-12-19T02:57:36.800Z,0.029,2,1000,640x360,7.515445999999997,,rebuffer happen
2025-12-19T02:57:36.849Z,0.024,2,1000,640x360,7.570417999999989,,rebuffer happen
2025-12-19T02:57:37.069Z,0.024,2,1000,640x360,7.774417999999997,,
2025-12-19T02:57:37.116Z,0.015,2,1000,640x360,7.7327999999999975,,rebuffer happen
2025-12-19T02:57:37.804Z,0.128,2,1000,640x360,8.020128,,
2025-12-19T02:57:37.900Z,0.019,2,1000,640x360,8.032549999999986,,rebuffer happen
2025-12-19T02:57:38.579Z,0.084,2,1000,640x360,8.27381100000001,,
2025-12-19T02:57:38.617Z,0.023,2,1000,640x360,8.235832000000002,,rebuffer happen
2025-12-19T02:57:39.188Z,0.175,2,1000,640x360,8.500204999999994,,
2025-12-19T02:57:39.618Z,0.255,2,1000,640x360,8.474345,,
2025-12-19T02:57:40.047Z,0.33,2,1000,640x360,8.547759,,
2025-12-19T02:57:40.171Z,0.192,2,1000,640x360,8.47800500000001,,rebuffer happen
2025-12-19T02:57:40.460Z,0.335,2,1000,640x360,8.459448000000009,,
2025-12-19T02:57:40.605Z,0.155,2,1000,640x360,8.335915,,rebuffer happen
2025-12-19T02:57:40.894Z,0.272,2,1000,640x360,8.287830999999997,,
2025-12-19T02:57:41.315Z,0.342,2,1000,640x360,8.241776999999999,,
2025-12-19T02:57:41.443Z,0.205,2,1000,640x360,8.151370999999997,,rebuffer happen
2025-12-19T02:57:41.753Z,0.267,2,1000,640x360,8.197085999999999,,
2025-12-19T02:57:42.089Z,0.357,2,1000,640x360,8.071185,,
2025-12-19T02:57:42.191Z,0.238,2,1000,640x360,8.022677000000002,,rebuffer happen
2025-12-19T02:57:42.470Z,0.382,2,1000,640x360,8.008565000000004,,
2025-12-19T02:57:42.597Z,0.294,2,1000,640x360,7.975943000000001,,rebuffer happen
2025-12-19T02:57:42.838Z,0.479,2,1000,640x360,7.919139000000001,,
2025-12-19T02:57:43.185Z,0.509,2,1000,640x360,7.819779999999994,,
2025-12-19T02:57:43.348Z,0.287,2,1000,640x360,7.767522,,rebuffer happen
2025-12-19T02:57:43.362Z,0.299,2,1000,640x360,7.746236999999994,,rebuffer happen
2025-12-19T02:57:43.581Z,0.401,2,1000,640x360,7.6185820000000035,,
2025-12-19T02:57:43.659Z,0.287,2,1000,640x360,7.611902999999998,,rebuffer happen
2025-12-19T02:57:43.993Z,0.396,2,1000,640x360,7.520782000000011,,
2025-12-19T02:57:44.082Z,0.267,2,1000,640x360,7.482582000000008,,rebuffer happen
2025-12-19T02:57:44.379Z,0.411,2,1000,640x360,7.42857699999999,,
2025-12-19T02:57:44.601Z,0.213,2,1000,640x360,7.331932000000009,,rebuffer happen
2025-12-19T02:57:44.802Z,0.279,2,1000,640x360,7.232747000000003,,rebuffer happen
2025-12-19T02:57:44.804Z,0.279,2,1000,640x360,7.229427999999999,,
2025-12-19T02:57:44.989Z,0.032,2,1000,640x360,7.150538999999995,,rebuffer happen
2025-12-19T02:57:44.990Z,0.032,2,1000,640x360,7.150538999999995,,rebuffer happen
2025-12-19T02:57:45.271Z,0.309,2,1000,640x360,7.255964000000006,,
2025-12-19T02:57:45.473Z,0.036,2,1000,640x360,7.158966000000007,,rebuffer happen
2025-12-19T02:57:45.474Z,0.036,2,1000,640x360,7.158966000000007,,rebuffer happen
2025-12-19T02:57:45.775Z,0.36,2,1000,640x360,7.264758999999998,,
2025-12-19T02:57:45.899Z,0.223,2,1000,640x360,7.247696000000005,,rebuffer happen
2025-12-19T02:57:46.040Z,0.026,2,1000,640x360,7.144353999999993,,rebuffer happen
2025-12-19T02:57:46.268Z,0.314,2,1000,640x360,7.250624000000002,,
2025-12-19T02:57:46.474Z,0.044,2,1000,640x360,7.160736,,rebuffer happen
2025-12-19T02:57:46.474Z,0.044,2,1000,640x360,7.160736,,rebuffer happen
2025-12-19T02:57:46.752Z,0.305,2,1000,640x360,7.2424489999999935,,
2025-12-19T02:57:46.995Z,0.117,2,1000,640x360,7.200557000000003,,rebuffer happen
2025-12-19T02:57:47.215Z,0.345,2,1000,640x360,7.179760999999999,,
2025-12-19T02:57:47.277Z,0.298,3,1500,768x432,7.225682999999989,,rebuffer happen
2025-12-19T02:57:47.290Z,0.298,3,1500,768x432,7.206569000000002,,
2025-12-19T02:57:47.508Z,0.03,3,1500,768x432,7.1521570000000025,,rebuffer happen
2025-12-19T02:57:47.972Z,0.119,3,1500,768x432,7.235703000000001,,
2025-12-19T02:57:48.075Z,0.021,3,1500,768x432,7.243995999999996,,rebuffer happen
2025-12-19T02:57:48.459Z,0.058,3,1500,768x432,7.370610999999997,,rebuffer happen
2025-12-19T02:57:48.627Z,0.101,3,1500,768x432,7.326256000000001,,
2025-12-19T02:57:48.726Z,0.018,3,1500,768x432,7.337699999999998,,rebuffer happen
2025-12-19T02:57:49.110Z,0.026,3,1500,768x432,7.476641999999998,,rebuffer happen
2025-12-19T02:57:49.176Z,0.032,3,1500,768x432,7.510918000000004,,rebuffer happen
2025-12-19T02:57:49.310Z,0.026,3,1500,768x432,7.510394000000005,,rebuffer happen
2025-12-19T02:57:49.359Z,0.016,3,1500,768x432,7.564531000000002,,rebuffer happen
2025-12-19T02:57:49.380Z,0.016,3,1500,768x432,7.564531000000002,,
2025-12-19T02:57:49.409Z,0.024,3,1500,768x432,7.539026000000007,,rebuffer happen
2025-12-19T02:57:49.577Z,0.03,3,1500,768x432,7.710093999999998,,rebuffer happen
2025-12-19T02:57:50.024Z,0.068,3,1500,768x432,7.710262,,
2025-12-19T02:57:50.077Z,0.031,3,1500,768x432,7.7521580000000085,,rebuffer happen
2025-12-19T02:57:50.581Z,0.142,3,1500,768x432,7.86572000000001,,
2025-12-19T02:57:50.710Z,0.018,3,1500,768x432,7.831713000000008,,rebuffer happen
2025-12-19T02:57:51.247Z,0.05,3,1500,768x432,7.888789000000003,,
2025-12-19T02:57:51.295Z,0.029,3,1500,768x432,7.942323000000002,,rebuffer happen
2025-12-19T02:57:51.628Z,0.032,3,1500,768x432,8.080936000000008,,rebuffer happen
2025-12-19T02:57:52.040Z,0.081,3,1500,768x432,8.209241000000006,,
2025-12-19T02:57:52.112Z,0.022,3,1500,768x432,8.23508799999999,,rebuffer happen
2025-12-19T02:57:52.228Z,0.02,3,1500,768x432,8.303036000000006,,rebuffer happen
2025-12-19T02:57:52.642Z,0.105,3,1500,768x432,8.310984000000005,,
2025-12-19T02:57:52.712Z,0.02,3,1500,768x432,8.33945,,rebuffer happen
2025-12-19T02:57:53.280Z,0.031,3,1500,768x432,8.479022999999998,,rebuffer happen
2025-12-19T02:57:53.289Z,0.031,3,1500,768x432,8.479022999999998,,
2025-12-19T02:57:53.329Z,0.029,3,1500,768x432,8.443812000000008,,rebuffer happen
2025-12-19T02:57:53.496Z,0.029,3,1500,768x432,8.607705999999993,,rebuffer happen
2025-12-19T02:57:53.763Z,0.031,3,1500,768x432,8.644942,,rebuffer happen
2025-12-19T02:57:53.830Z,0.015,3,1500,768x432,8.595223000000004,,rebuffer happen
2025-12-19T02:57:54.011Z,0.095,3,1500,768x432,8.705067,,
2025-12-19T02:57:54.097Z,0.015,3,1500,768x432,8.738383999999996,,rebuffer happen
2025-12-19T02:57:54.147Z,0.023,3,1500,768x432,8.802612999999994,,rebuffer happen
2025-12-19T02:57:54.482Z,0.169,3,1500,768x432,8.78782799999999,,
2025-12-19T02:57:54.630Z,0.025,3,1500,768x432,8.742154,,rebuffer happen
2025-12-19T02:57:55.104Z,0.137,3,1500,768x432,8.852132000000012,,
2025-12-19T02:57:55.214Z,0.021,3,1500,768x432,8.83555899999999,,rebuffer happen
2025-12-19T02:57:55.364Z,0.024,3,1500,768x432,9.003801999999993,,rebuffer happen
2025-12-19T02:57:55.654Z,0.238,3,1500,768x432,9.060534000000004,,
2025-12-19T02:57:55.882Z,0.029,3,1500,768x432,9.042918999999998,,rebuffer happen
2025-12-19T02:57:56.251Z,0.191,3,1500,768x432,9.122590000000002,,
2025-12-19T02:57:56.432Z,0.025,3,1500,768x432,9.040278999999998,,rebuffer happen
2025-12-19T02:57:56.977Z,0.1,3,1500,768x432,9.22771800000001,,
2025-12-19T02:57:57.066Z,0.025,3,1500,768x432,9.242345999999998,,rebuffer happen
2025-12-19T02:57:57.283Z,0.02,3,1500,768x432,9.401922999999996,,rebuffer happen
2025-12-19T02:57:57.595Z,0.193,3,1500,768x432,9.423334999999994,,
2025-12-19T02:57:57.783Z,0.018,3,1500,768x432,9.431467999999995,,rebuffer happen
2025-12-19T02:57:58.206Z,0.187,3,1500,768x432,9.513998,,
2025-12-19T02:57:58.367Z,0.03,3,1500,768x432,9.54614699999999,,rebuffer happen
2025-12-19T02:57:58.853Z,0.169,3,1500,768x432,9.686673999999996,,
2025-12-19T02:57:59.001Z,0.031,3,1500,768x432,9.652626999999995,,rebuffer happen
2025-12-19T02:57:59.551Z,0.132,3,1500,768x432,9.859950999999995,,
2025-12-19T02:57:59.668Z,0.029,3,1500,768x432,9.843909999999994,,rebuffer happen
2025-12-19T02:58:00.285Z,0.091,3,1500,768x432,9.996288000000007,,
2025-12-19T02:58:00.335Z,0.026,3,1500,768x432,9.94647400000001,,rebuffer happen
2025-12-19T02:58:00.836Z,0.06,3,1500,768x432,10.147965,,rebuffer happen
2025-12-19T02:58:01.002Z,0.071,3,1500,768x432,10.196587000000008,,
2025-12-19T02:58:01.069Z,0.016,3,1500,768x432,10.229703,,rebuffer happen
2025-12-19T02:58:01.470Z,0.031,3,1500,768x432,10.378754,,rebuffer happen
2025-12-19T02:58:01.697Z,0.074,3,1500,768x432,10.376693000000003,,
2025-12-19T02:58:01.736Z,0.027,3,1500,768x432,10.340698000000003,,rebuffer happen
2025-12-19T02:58:02.070Z,0.03,3,1500,768x432,10.550849,,rebuffer happen
2025-12-19T02:58:02.327Z,0.094,3,1500,768x432,10.499790999999988,,
2025-12-19T02:58:02.387Z,0.027,3,1500,768x432,10.539827000000002,,rebuffer happen
2025-12-19T02:58:02.939Z,0.077,3,1500,768x432,10.617784,,
2025-12-19T02:58:03.004Z,0.026,3,1500,768x432,10.645374000000004,,rebuffer happen
2025-12-19T02:58:03.171Z,0.016,3,1500,768x432,10.802102000000005,,rebuffer happen
2025-12-19T02:58:03.552Z,0.125,3,1500,768x432,10.835989000000012,,
2025-12-19T02:58:03.638Z,0.032,3,1500,768x432,10.750535,,rebuffer happen
2025-12-19T02:58:03.788Z,0.026,3,1500,768x432,10.913731999999996,,rebuffer happen
2025-12-19T02:58:04.209Z,0.086,3,1500,768x432,10.917565999999994,,
2025-12-19T02:58:04.288Z,0.021,3,1500,768x432,10.938330000000008,,rebuffer happen
2025-12-19T02:58:04.422Z,0.025,3,1500,768x432,11.00764000000001,,rebuffer happen
2025-12-19T02:58:04.605Z,0.018,3,1500,768x432,11.078570000000013,,rebuffer happen
2025-12-19T02:58:04.962Z,0.065,3,1500,768x432,11.204076,,
2025-12-19T02:58:05.022Z,0.027,3,1500,768x432,11.143708000000004,,rebuffer happen
2025-12-19T02:58:05.561Z,0.069,3,1500,768x432,11.322942000000012,,
2025-12-19T02:58:05.640Z,0.02,3,1500,768x432,11.244976000000008,,rebuffer happen
2025-12-19T02:58:06.151Z,0.094,3,1500,768x432,11.421407000000002,,
2025-12-19T02:58:06.240Z,0.02,3,1500,768x432,11.333134999999999,,rebuffer happen
2025-12-19T02:58:06.373Z,0.02,3,1500,768x432,11.50960099999999,,rebuffer happen
2025-12-19T02:58:06.753Z,0.13,3,1500,768x432,11.543458999999999,,
2025-12-19T02:58:06.857Z,0.026,3,1500,768x432,11.54522999999999,,rebuffer happen
2025-12-19T02:58:07.241Z,0.026,3,1500,768x432,11.57314000000001,,rebuffer happen
2025-12-19T02:58:07.324Z,0.028,3,1500,768x432,11.610902999999993,,rebuffer happen
2025-12-19T02:58:07.441Z,0.026,3,1500,768x432,11.606641999999994,,rebuffer happen
2025-12-19T02:58:07.491Z,0.02,3,1500,768x432,11.667237999999998,,rebuffer happen
2025-12-19T02:58:07.505Z,0.02,3,1500,768x432,11.667237999999998,,
2025-12-19T02:58:07.541Z,0.022,3,1500,768x432,11.635764000000009,,rebuffer happen
2025-12-19T02:58:07.691Z,0.022,3,1500,768x432,11.808272000000002,,rebuffer happen
2025-12-19T02:58:07.908Z,0.062,3,1500,768x432,11.809691999999998,,rebuffer happen
2025-12-19T02:58:08.025Z,0.017,3,1500,768x432,11.797161000000003,,rebuffer happen
2025-12-19T02:58:08.161Z,0.08,3,1500,768x432,11.902140000000003,,
2025-12-19T02:58:08.225Z,0.022,3,1500,768x432,11.844527,,rebuffer happen
2025-12-19T02:58:08.325Z,0.022,3,1500,768x432,11.905529000000001,,rebuffer happen
2025-12-19T02:58:08.787Z,0.069,3,1500,768x432,11.989864999999995,,
2025-12-19T02:58:08.842Z,0.023,3,1500,768x432,11.939201999999995,,rebuffer happen
2025-12-19T02:58:09.142Z,0.024,3,1500,768x432,12.037109999999998,,rebuffer happen
2025-12-19T02:58:09.293Z,0.025,3,1500,768x432,12.106017000000008,,rebuffer happen
2025-12-19T02:58:09.429Z,0.055,3,1500,768x432,12.097381999999996,,
2025-12-19T02:58:09.476Z,0.03,3,1500,768x432,12.143189000000007,,rebuffer happen
2025-12-19T02:58:09.943Z,0.026,3,1500,768x432,12.205669999999998,,rebuffer happen
2025-12-19T02:58:10.022Z,0.107,3,1500,768x432,12.235774000000006,,
2025-12-19T02:58:10.127Z,0.029,3,1500,768x432,12.245448999999994,,rebuffer happen
2025-12-19T02:58:10.335Z,0.355,3,1500,768x432,12.268979000000002,,
2025-12-19T02:58:10.384Z,0.3,3,1500,768x432,12.319362999999996,,rebuffer happen
2025-12-19T02:58:10.853Z,0.249,3,1500,768x432,12.300143000000006,,
2025-12-19T02:58:11.419Z,0.23,3,1500,768x432,12.231482999999997,,
2025-12-19T02:58:11.594Z,0.04,3,1500,768x432,12.258848,,rebuffer happen
2025-12-19T02:58:12.050Z,0.158,3,1500,768x432,12.368465,,
2025-12-19T02:58:12.179Z,0.024,3,1500,768x432,12.336820000000003,,rebuffer happen
2025-12-19T02:58:12.627Z,0.145,3,1500,768x432,12.37051600000001,,
2025-12-19T02:58:12.745Z,0.031,3,1500,768x432,12.344965000000002,,rebuffer happen
2025-12-19T02:58:13.214Z,0.202,3,1500,768x432,12.500395999999995,,
2025-12-19T02:58:13.379Z,0.021,3,1500,768x432,12.536144000000007,,rebuffer happen
2025-12-19T02:58:13.801Z,0.206,3,1500,768x432,12.613159999999993,,
2025-12-19T02:58:13.980Z,0.032,3,1500,768x432,12.649958000000012,,rebuffer happen
2025-12-19T02:58:14.113Z,0.025,3,1500,768x432,12.704658000000009,,rebuffer happen
2025-12-19T02:58:14.560Z,0.086,3,1500,768x432,12.802904999999996,,
2025-12-19T02:58:14.630Z,0.02,3,1500,768x432,12.733098999999996,,rebuffer happen
2025-12-19T02:58:15.237Z,0.092,3,1500,768x432,12.905722999999995,,
2025-12-19T02:58:15.298Z,0.033,3,1500,768x432,12.950338000000002,,rebuffer happen
2025-12-19T02:58:15.915Z,0.111,3,1500,768x432,13.141096000000005,,
2025-12-19T02:58:15.998Z,0.032,3,1500,768x432,13.145604000000006,,rebuffer happen
2025-12-19T02:58:16.500Z,0.211,3,1500,768x432,13.320980000000006,,
2025-12-19T02:58:16.682Z,0.022,3,1500,768x432,13.334057999999999,,rebuffer happen
2025-12-19T02:58:17.082Z,0.025,3,1500,768x432,13.447621999999996,,rebuffer happen
2025-12-19T02:58:17.166Z,0.02,3,1500,768x432,13.471695999999994,,rebuffer happen
2025-12-19T02:58:17.216Z,0.025,3,1500,768x432,13.443999000000005,,rebuffer happen
2025-12-19T02:58:17.299Z,0.025,3,1500,768x432,13.473424999999992,,rebuffer happen
2025-12-19T02:58:17.316Z,0.025,3,1500,768x432,13.473424999999992,,
2025-12-19T02:58:17.349Z,0.03,3,1500,768x432,13.545005000000003,,rebuffer happen
2025-12-19T02:58:17.948Z,0.136,3,1500,768x432,13.762683999999993,,
2025-12-19T02:58:18.067Z,0.031,3,1500,768x432,13.752291999999997,,rebuffer happen
2025-12-19T02:58:18.575Z,0.173,3,1500,768x432,13.887523999999985,,
2025-12-19T02:58:18.717Z,0.025,3,1500,768x432,13.83962000000001,,rebuffer happen
2025-12-19T02:58:18.975Z,0,3,1500,768x432,13.958833999999982,,rebuffer happen
2025-12-19T02:58:19.388Z,0,3,1500,768x432,14.346833999999987,,
2025-12-19T02:58:20.144Z,0,3,1500,768x432,15.046834000000004,,
2025-12-19T02:58:20.531Z,0.28,3,1500,768x432,3.093092999999982,,rebuffer happen
2025-12-19T02:58:20.698Z,0.263,3,1500,768x432,3.0923899999999946,,
2025-12-19T02:58:21.271Z,0.205,3,1500,768x432,3.1351169999999797,,
2025-12-19T02:58:21.470Z,0.02,3,1500,768x432,3.1337439999999788,,rebuffer happen
2025-12-19T02:58:21.846Z,0.201,3,1500,768x432,3.13060999999999,,
2025-12-19T02:58:22.053Z,0.025,3,1500,768x432,3.23852500000001,,rebuffer happen
2025-12-19T02:58:22.422Z,0.239,3,1500,768x432,3.2649059999999963,,
2025-12-19T02:58:22.654Z,0.021,3,1500,768x432,3.3408660000000054,,rebuffer happen
2025-12-19T02:58:23.091Z,0.176,3,1500,768x432,3.3884000000000185,,
2025-12-19T02:58:23.237Z,0.024,3,1500,768x432,3.3459469999999953,,rebuffer happen
2025-12-19T02:58:23.789Z,0.116,3,1500,768x432,3.5620210000000156,,
2025-12-19T02:58:23.905Z,0.025,3,1500,768x432,3.5449319999999886,,rebuffer happen
2025-12-19T02:58:24.389Z,0.02,3,1500,768x432,3.7416350000000023,,rebuffer happen
2025-12-19T02:58:24.605Z,0.017,3,1500,768x432,3.8302320000000236,,rebuffer happen
2025-12-19T02:58:24.672Z,0.029,3,1500,768x432,3.8785349999999994,,rebuffer happen
2025-12-19T02:58:24.689Z,0.029,3,1500,768x432,3.8785349999999994,,
2025-12-19T02:58:24.739Z,0.019,3,1500,768x432,3.835661999999985,,rebuffer happen
2025-12-19T02:58:25.256Z,0.028,3,1500,768x432,4.0446810000000255,,rebuffer happen
2025-12-19T02:58:25.316Z,0.057,3,1500,768x432,3.9897550000000024,,
2025-12-19T02:58:25.373Z,0.017,3,1500,768x432,4.030929999999984,,rebuffer happen
2025-12-19T02:58:25.739Z,0.032,3,1500,768x432,4.086654999999979,,rebuffer happen
2025-12-19T02:58:25.966Z,0.075,3,1500,768x432,4.1848659999999995,,
2025-12-19T02:58:26.006Z,0.029,3,1500,768x432,4.148738999999978,,rebuffer happen
2025-12-19T02:58:26.568Z,0.085,3,1500,768x432,4.302102000000019,,
2025-12-19T02:58:26.640Z,0.017,3,1500,768x432,4.230142999999998,,rebuffer happen
2025-12-19T02:58:26.757Z,0.028,3,1500,768x432,4.407683999999989,,rebuffer happen
2025-12-19T02:58:27.208Z,0.08,3,1500,768x432,4.395799000000011,,
2025-12-19T02:58:27.274Z,0.018,3,1500,768x432,4.432646000000005,,rebuffer happen
2025-12-19T02:58:27.407Z,0.022,3,1500,768x432,4.509437999999989,,rebuffer happen
2025-12-19T02:58:27.794Z,0.1,3,1500,768x432,4.529172000000017,,
2025-12-19T02:58:27.891Z,0.019,3,1500,768x432,4.542757000000023,,rebuffer happen
2025-12-19T02:58:28.008Z,0.028,3,1500,768x432,4.613999999999976,,rebuffer happen
2025-12-19T02:58:28.308Z,0.022,3,1500,768x432,4.636408000000017,,rebuffer happen
2025-12-19T02:58:28.451Z,0.082,3,1500,768x432,4.714900999999998,,
2025-12-19T02:58:28.542Z,0.016,3,1500,768x432,4.633999000000017,,rebuffer happen
2025-12-19T02:58:28.675Z,0.025,3,1500,768x432,4.804024999999996,,rebuffer happen
2025-12-19T02:58:29.057Z,0.166,3,1500,768x432,4.874108000000007,,
2025-12-19T02:58:29.193Z,0.026,3,1500,768x432,4.84875199999999,,rebuffer happen
2025-12-19T02:58:29.426Z,0.031,3,1500,768x432,4.889740999999987,,rebuffer happen
2025-12-19T02:58:29.720Z,0.098,3,1500,768x432,4.919312999999988,,
2025-12-19T02:58:29.793Z,0.03,3,1500,768x432,4.946257000000003,,rebuffer happen
2025-12-19T02:58:30.392Z,0.08,3,1500,768x432,5.090761000000015,,
2025-12-19T02:58:30.443Z,0.022,3,1500,768x432,5.039387000000005,,rebuffer happen
2025-12-19T02:58:30.760Z,0.057,3,1500,768x432,5.269880000000001,,rebuffer happen
2025-12-19T02:58:31.022Z,0.115,3,1500,768x432,5.238866999999999,,
2025-12-19T02:58:31.127Z,0.017,3,1500,768x432,5.230199999999996,,rebuffer happen
2025-12-19T02:58:31.651Z,0.077,3,1500,768x432,5.426034999999985,,
2025-12-19T02:58:31.744Z,0.017,3,1500,768x432,5.33346899999998,,rebuffer happen
2025-12-19T02:58:31.894Z,0.025,3,1500,768x432,5.505652999999995,,rebuffer happen
2025-12-19T02:58:32.277Z,0.133,3,1500,768x432,5.5696259999999995,,
2025-12-19T02:58:32.395Z,0.029,3,1500,768x432,5.547463999999991,,rebuffer happen
2025-12-19T02:58:32.830Z,0.029,3,1500,768x432,5.615465999999998,,rebuffer happen
2025-12-19T02:58:32.951Z,0.071,3,1500,768x432,5.701803000000012,,
2025-12-19T02:58:33.012Z,0.024,3,1500,768x432,5.6412559999999985,,rebuffer happen
2025-12-19T02:58:33.430Z,0.029,3,1500,768x432,5.782092000000006,,rebuffer happen
2025-12-19T02:58:33.638Z,0.06,3,1500,768x432,5.788599999999974,,
2025-12-19T02:58:33.679Z,0.033,3,1500,768x432,5.845317999999992,,rebuffer happen
2025-12-19T02:58:34.254Z,0.102,3,1500,768x432,6.034042999999997,,
2025-12-19T02:58:34.346Z,0.022,3,1500,768x432,6.034233,,rebuffer happen
2025-12-19T02:58:34.480Z,0.021,3,1500,768x432,6.100499000000013,,rebuffer happen
2025-12-19T02:58:34.939Z,0.075,3,1500,768x432,6.0824750000000165,,
2025-12-19T02:58:34.980Z,0.028,3,1500,768x432,6.150289000000015,,rebuffer happen
2025-12-19T02:58:35.554Z,0.104,3,1500,768x432,6.326245,,
2025-12-19T02:58:35.631Z,0.03,3,1500,768x432,6.249693000000008,,rebuffer happen
2025-12-19T02:58:36.212Z,0.088,3,1500,768x432,6.384919999999994,,
2025-12-19T02:58:36.265Z,0.02,3,1500,768x432,6.433240000000012,,rebuffer happen
2025-12-19T02:58:36.832Z,0.075,3,1500,768x432,6.504566000000011,,
2025-12-19T02:58:36.898Z,0.026,3,1500,768x432,6.539990999999986,,rebuffer happen
2025-12-19T02:58:37.049Z,0.028,3,1500,768x432,6.708356000000009,,rebuffer happen
2025-12-19T02:58:37.446Z,0.113,3,1500,768x432,6.6408460000000105,,
2025-12-19T02:58:37.533Z,0.031,3,1500,768x432,6.643328000000025,,rebuffer happen
2025-12-19T02:58:37.716Z,0.021,3,1500,768x432,6.801079000000016,,rebuffer happen
2025-12-19T02:58:38.100Z,0.131,3,1500,768x432,6.847943000000015,,
2025-12-19T02:58:38.217Z,0.018,3,1500,768x432,6.840508,,rebuffer happen
2025-12-19T02:58:38.333Z,0.018,3,1500,768x432,6.9007330000000024,,rebuffer happen
2025-12-19T02:58:38.760Z,0.094,3,1500,768x432,7.000312000000008,,
2025-12-19T02:58:38.834Z,0.017,3,1500,768x432,6.930442999999997,,rebuffer happen
2025-12-19T02:58:39.412Z,0.067,3,1500,768x432,7.093509000000012,,
2025-12-19T02:58:39.451Z,0.033,3,1500,768x432,7.146006999999997,,rebuffer happen
2025-12-19T02:58:40.055Z,0.107,3,1500,768x432,7.3226729999999804,,
2025-12-19T02:58:40.135Z,0.022,3,1500,768x432,7.243375999999984,,rebuffer happen
2025-12-19T02:58:40.686Z,0.081,3,1500,768x432,7.4064400000000035,,
2025-12-19T02:58:40.752Z,0.023,3,1500,768x432,7.4402609999999925,,rebuffer happen
2025-12-19T02:58:41.342Z,0.069,3,1500,768x432,7.490197999999992,,
2025-12-19T02:58:41.386Z,0.021,3,1500,768x432,7.541449,,rebuffer happen
2025-12-19T02:58:41.586Z,0.064,3,1500,768x432,7.676992000000013,,rebuffer happen
2025-12-19T02:58:42.003Z,0.089,3,1500,768x432,7.686480000000017,,
2025-12-19T02:58:42.053Z,0.025,3,1500,768x432,7.739048999999994,,rebuffer happen
2025-12-19T02:58:42.612Z,0.081,3,1500,768x432,7.810232999999982,,
2025-12-19T02:58:42.670Z,0.031,3,1500,768x432,7.84328099999999,,rebuffer happen
2025-12-19T02:58:43.212Z,0.112,3,1500,768x432,7.95514799999998,,
2025-12-19T02:58:43.321Z,0.018,3,1500,768x432,7.937975999999992,,rebuffer happen
2025-12-19T02:58:43.810Z,0.135,3,1500,768x432,8.061116999999996,,
2025-12-19T02:58:43.938Z,0.017,3,1500,768x432,8.030944000000005,,rebuffer happen
2025-12-19T02:58:44.481Z,0.064,3,1500,768x432,8.18638900000002,,
2025-12-19T02:58:44.539Z,0.017,3,1500,768x432,8.129322000000002,,rebuffer happen
2025-12-19T02:58:45.089Z,0.023,3,1500,768x432,8.338623999999982,,rebuffer happen
2025-12-19T02:58:45.156Z,0.033,3,1500,768x432,8.384966999999989,,rebuffer happen
2025-12-19T02:58:45.162Z,0.033,3,1500,768x432,8.384966999999989,,
2025-12-19T02:58:45.206Z,0.028,3,1500,768x432,8.346394000000004,,rebuffer happen
2025-12-19T02:58:45.789Z,0.029,3,1500,768x432,8.511532000000017,,rebuffer happen
2025-12-19T02:58:45.839Z,0.021,3,1500,768x432,8.469860000000011,,rebuffer happen
2025-12-19T02:58:45.843Z,0.021,3,1500,768x432,8.469860000000011,,
2025-12-19T02:58:45.873Z,0.028,3,1500,768x432,8.550834000000009,,rebuffer happen
2025-12-19T02:58:46.490Z,0.024,3,1500,768x432,8.675024000000008,,rebuffer happen
2025-12-19T02:58:46.491Z,0.024,3,1500,768x432,8.675024000000008,,
2025-12-19T02:58:46.540Z,0.015,3,1500,768x432,8.632620000000003,,rebuffer happen
2025-12-19T02:58:46.840Z,0.031,3,1500,768x432,8.783915000000007,,rebuffer happen
2025-12-19T02:58:47.134Z,0.09,3,1500,768x432,8.806731000000013,,
2025-12-19T02:58:47.207Z,0.021,3,1500,768x432,8.836528999999985,,rebuffer happen
2025-12-19T02:58:47.357Z,0.02,3,1500,768x432,9.000280000000004,,rebuffer happen
2025-12-19T02:58:47.720Z,0.139,3,1500,768x432,8.974821999999989,,
2025-12-19T02:58:47.858Z,0.02,3,1500,768x432,9.033508999999981,,rebuffer happen
2025-12-19T02:58:48.108Z,0.026,3,1500,768x432,9.073114000000004,,rebuffer happen
2025-12-19T02:58:48.412Z,0.08,3,1500,768x432,9.108452999999997,,
2025-12-19T02:58:48.475Z,0.022,3,1500,768x432,9.140525000000025,,rebuffer happen
2025-12-19T02:58:48.642Z,0.023,3,1500,768x432,9.203158000000002,,rebuffer happen
2025-12-19T02:58:48.859Z,0.028,3,1500,768x432,9.318961999999999,,rebuffer happen
2025-12-19T02:58:49.075Z,0.104,3,1500,768x432,9.32387,,
2025-12-19T02:58:49.159Z,0.024,3,1500,768x432,9.348228000000006,,rebuffer happen
2025-12-19T02:58:49.276Z,0.026,3,1500,768x432,9.41023899999999,,rebuffer happen
2025-12-19T02:58:49.593Z,0.022,3,1500,768x432,9.435160000000025,,rebuffer happen
2025-12-19T02:58:49.709Z,0.019,3,1500,768x432,9.470816000000013,,rebuffer happen
2025-12-19T02:58:49.826Z,0.017,3,1500,768x432,9.463342000000011,,rebuffer happen
2025-12-19T02:58:49.850Z,0.017,3,1500,768x432,9.565342000000015,,
2025-12-19T02:58:49.876Z,0.027,3,1500,768x432,9.542423000000014,,rebuffer happen
2025-12-19T02:58:50.394Z,0.027,3,1500,768x432,9.653648000000004,,rebuffer happen
2025-12-19T02:58:50.464Z,0.094,3,1500,768x432,9.692720999999977,,
2025-12-19T02:58:50.526Z,0.017,3,1500,768x432,9.636472999999995,,rebuffer happen
2025-12-19T02:58:50.643Z,0.019,3,1500,768x432,9.698809000000011,,rebuffer happen
2025-12-19T02:58:51.080Z,0.065,3,1500,768x432,9.798239999999993,,
2025-12-19T02:58:51.144Z,0.017,3,1500,768x432,9.734845000000007,,rebuffer happen
2025-12-19T02:58:51.277Z,0.024,3,1500,768x432,9.904455000000013,,rebuffer happen
2025-12-19T02:58:51.728Z,0.056,3,1500,768x432,9.879380999999995,,rebuffer happen
2025-12-19T02:58:51.730Z,0.056,3,1500,768x432,9.877095999999995,,
2025-12-19T02:58:51.761Z,0.026,3,1500,768x432,9.942731000000009,,rebuffer happen
2025-12-19T02:58:52.161Z,0.022,3,1500,768x432,10.072163999999987,,rebuffer happen
2025-12-19T02:58:52.211Z,0.028,3,1500,768x432,10.044648999999993,,rebuffer happen
2025-12-19T02:58:52.377Z,0.106,3,1500,768x432,10.098590000000002,,
2025-12-19T02:58:52.445Z,0.026,3,1500,768x432,10.038107999999994,,rebuffer happen
2025-12-19T02:58:52.845Z,0.026,3,1500,768x432,10.145817999999991,,rebuffer happen
2025-12-19T02:58:53.027Z,0.087,3,1500,768x432,10.180904999999996,,
2025-12-19T02:58:53.079Z,0.021,3,1500,768x432,10.233187000000015,,rebuffer happen
2025-12-19T02:58:53.196Z,0.032,3,1500,768x432,10.316115999999994,,rebuffer happen
2025-12-19T02:58:53.572Z,0.177,3,1500,768x432,10.393360000000001,,
2025-12-19T02:58:53.730Z,0.024,3,1500,768x432,10.346722999999997,,rebuffer happen
2025-12-19T02:58:54.048Z,0.215,3,1500,768x432,10.44202900000002,,
2025-12-19T02:58:54.247Z,0.03,3,1500,768x432,10.34878900000001,,rebuffer happen
2025-12-19T02:58:54.555Z,0.285,3,1500,768x432,10.509163000000001,,
2025-12-19T02:58:54.830Z,0.017,3,1500,768x432,10.433580000000006,,rebuffer happen
2025-12-19T02:58:55.187Z,0.193,3,1500,768x432,10.517378000000008,,
2025-12-19T02:58:55.364Z,0.028,3,1500,768x432,10.550602999999995,,rebuffer happen
2025-12-19T02:58:55.838Z,0.215,3,1500,768x432,10.635144999999994,,
2025-12-19T02:58:56.048Z,0.017,3,1500,768x432,10.730806000000001,,rebuffer happen
2025-12-19T02:58:56.554Z,0.144,3,1500,768x432,10.855091999999985,,
2025-12-19T02:58:56.665Z,0.029,3,1500,768x432,10.85122899999999,,rebuffer happen
2025-12-19T02:58:57.201Z,0.192,3,1500,768x432,11.013590999999991,,
2025-12-19T02:58:57.366Z,0.032,3,1500,768x432,11.044207,,rebuffer happen
2025-12-19T02:58:57.870Z,0.189,3,1500,768x432,11.204992000000004,,
2025-12-19T02:58:58.033Z,0.019,3,1500,768x432,11.141413999999997,,rebuffer happen
2025-12-19T02:58:58.183Z,0.029,3,1500,768x432,11.311469999999986,,rebuffer happen
2025-12-19T02:58:58.266Z,0.033,3,1500,768x432,11.352632,,rebuffer happen
2025-12-19T02:58:58.316Z,0.029,3,1500,768x432,11.315535000000011,,rebuffer happen
2025-12-19T02:58:58.639Z,0.095,3,1500,768x432,11.323163999999991,,
2025-12-19T02:58:58.717Z,0.032,3,1500,768x432,11.351293999999996,,rebuffer happen
2025-12-19T02:58:59.367Z,0.039,3,1500,768x432,11.585982000000001,,
2025-12-19T02:58:59.368Z,0.029,3,1500,768x432,11.585982000000001,,rebuffer happen
2025-12-19T02:58:59.417Z,0.019,3,1500,768x432,11.542316,,rebuffer happen
2025-12-19T02:58:59.885Z,0.059,3,1500,768x432,11.749274000000014,,rebuffer happen
2025-12-19T02:59:00.022Z,0.086,3,1500,768x432,11.717403999999988,,
2025-12-19T02:59:00.101Z,0.03,3,1500,768x432,11.742225000000019,,rebuffer happen
2025-12-19T02:59:00.636Z,0.085,3,1500,768x432,11.83706699999999,,
2025-12-19T02:59:00.718Z,0.033,3,1500,768x432,11.846407,,rebuffer happen
2025-12-19T02:59:01.312Z,0.084,3,1500,768x432,11.993217000000016,,
2025-12-19T02:59:01.369Z,0.022,3,1500,768x432,12.04030899999998,,rebuffer happen
2025-12-19T02:59:01.536Z,0.024,3,1500,768x432,12.108955000000009,,rebuffer happen
2025-12-19T02:59:01.986Z,0.021,3,1500,768x432,12.20130499999999,,rebuffer happen
2025-12-19T02:59:02.155Z,0.054,3,1500,768x432,12.380810999999994,,
2025-12-19T02:59:02.203Z,0.02,3,1500,768x432,12.338246999999996,,rebuffer happen
2025-12-19T02:59:02.570Z,0.03,3,1500,768x432,12.412048999999996,,rebuffer happen
2025-12-19T02:59:02.684Z,0.093,3,1500,768x432,12.41785200000001,,
2025-12-19T02:59:02.753Z,0.028,3,1500,768x432,12.443838999999997,,rebuffer happen
2025-12-19T02:59:02.887Z,0.028,3,1500,768x432,12.507449999999977,,rebuffer happen
2025-12-19T02:59:03.230Z,0.171,3,1500,768x432,12.47984599999998,,
2025-12-19T02:59:03.370Z,0.024,3,1500,768x432,12.548012999999997,,rebuffer happen
2025-12-19T02:59:03.654Z,0.028,3,1500,768x432,12.648927000000015,,rebuffer happen
2025-12-19T02:59:03.771Z,0.025,3,1500,768x432,12.63910899999999,,rebuffer happen
2025-12-19T02:59:03.918Z,0.084,3,1500,768x432,12.619485999999995,,
2025-12-19T02:59:04.004Z,0.02,3,1500,768x432,12.632272,,rebuffer happen
2025-12-19T02:59:04.138Z,0.026,3,1500,768x432,12.704890000000006,,rebuffer happen
2025-12-19T02:59:04.421Z,0.029,3,1500,768x432,12.777076999999991,,rebuffer happen
2025-12-19T02:59:04.596Z,0.094,3,1500,768x432,12.809010999999998,,
2025-12-19T02:59:04.671Z,0.021,3,1500,768x432,12.844723999999985,,rebuffer happen
2025-12-19T02:59:04.822Z,0.019,3,1500,768x432,12.904484999999994,,rebuffer happen
2025-12-19T02:59:05.110Z,0.237,3,1500,768x432,12.956980999999985,,
2025-12-19T02:59:05.322Z,0.03,3,1500,768x432,12.948696999999981,,rebuffer happen
2025-12-19T02:59:05.715Z,0.18,3,1500,768x432,13.014669999999995,,
2025-12-19T02:59:05.889Z,0.026,3,1500,768x432,13.05259000000001,,rebuffer happen
2025-12-19T02:59:06.314Z,0.197,3,1500,768x432,13.127835000000005,,
2025-12-19T02:59:06.506Z,0.022,3,1500,768x432,13.139976000000019,,rebuffer happen
2025-12-19T02:59:06.956Z,0.196,3,1500,768x432,13.329989000000012,,
2025-12-19T02:59:07.157Z,0.018,3,1500,768x432,13.340802999999994,,rebuffer happen
2025-12-19T02:59:07.665Z,0.139,3,1500,768x432,13.462861000000004,,
2025-12-19T02:59:07.791Z,0.017,3,1500,768x432,13.430454999999995,,rebuffer happen
2025-12-19T02:59:08.158Z,0.021,3,1500,768x432,13.634691000000004,,rebuffer happen
2025-12-19T02:59:08.208Z,0.021,3,1500,768x432,13.601651000000004,,rebuffer happen
2025-12-19T02:59:08.241Z,0.027,3,1500,768x432,13.573633999999998,,rebuffer happen
2025-12-19T02:59:08.408Z,0.027,3,1500,768x432,13.743165000000005,,rebuffer happen
2025-12-19T02:59:08.525Z,0.019,3,1500,768x432,13.733566999999994,,rebuffer happen
2025-12-19T02:59:08.558Z,0.028,3,1500,768x432,13.811097999999987,,rebuffer happen
2025-12-19T02:59:08.610Z,0.061,3,1500,768x432,13.792387999999988,,
2025-12-19T02:59:08.675Z,0.017,3,1500,768x432,13.835994999999997,,rebuffer happen
2025-12-19T02:59:09.217Z,0.039,3,1500,768x432,13.882056999999975,,
2025-12-19T02:59:09.259Z,0.025,3,1500,768x432,13.939813000000015,,rebuffer happen
2025-12-19T02:59:09.521Z,0,3,1500,768x432,13.95783400000002,,rebuffer happen
2025-12-19T02:59:09.937Z,0,3,1500,768x432,14.347834000000006,,
2025-12-19T02:59:10.662Z,0,3,1500,768x432,15.157834000000008,,
2025-12-19T02:59:11.041Z,0.293,3,1500,768x432,3.2061609999999803,,rebuffer happen
2025-12-19T02:59:11.362Z,0.179,3,1500,768x432,3.218543000000011,,
2025-12-19T02:59:11.527Z,0.027,3,1500,768x432,3.1483810000000005,,rebuffer happen
2025-12-19T02:59:11.761Z,0.028,3,1500,768x432,3.277872000000002,,rebuffer happen
2025-12-19T02:59:11.811Z,0.018,3,1500,768x432,3.2340870000000166,,rebuffer happen
2025-12-19T02:59:11.844Z,0.022,3,1500,768x432,3.205315000000013,,rebuffer happen
2025-12-19T02:59:11.995Z,0.028,3,1500,768x432,3.280845999999997,,rebuffer happen
2025-12-19T02:59:12.094Z,0.073,3,1500,768x432,3.286172000000022,,
2025-12-19T02:59:12.144Z,0.025,3,1500,768x432,3.2380430000000047,,rebuffer happen
2025-12-19T02:59:12.511Z,0.033,3,1500,768x432,3.418974999999989,,rebuffer happen
2025-12-19T02:59:12.595Z,0.027,3,1500,768x432,3.4407870000000003,,rebuffer happen
2025-12-19T02:59:12.645Z,0.018,3,1500,768x432,3.397904000000011,,rebuffer happen
2025-12-19T02:59:12.678Z,0.022,3,1500,768x432,3.468052,,rebuffer happen
2025-12-19T02:59:12.787Z,0.068,3,1500,768x432,3.4926130000000057,,
2025-12-19T02:59:12.828Z,0.027,3,1500,768x432,3.4557330000000093,,rebuffer happen
2025-12-19T02:59:13.128Z,0.031,3,1500,768x432,3.5843169999999986,,rebuffer happen
2025-12-19T02:59:13.312Z,0.026,3,1500,768x432,3.6138030000000185,,rebuffer happen
2025-12-19T02:59:13.478Z,0.071,3,1500,768x432,3.6819500000000005,,
2025-12-19T02:59:13.529Z,0.021,3,1500,768x432,3.636336,,rebuffer happen
2025-12-19T02:59:13.712Z,0.017,3,1500,768x432,3.767302000000001,,rebuffer happen
2025-12-19T02:59:14.196Z,0.029,3,1500,768x432,3.877964999999989,,rebuffer happen
2025-12-19T02:59:14.198Z,0.029,3,1500,768x432,3.877964999999989,,
2025-12-19T02:59:14.246Z,0.022,3,1500,768x432,3.8377009999999814,,rebuffer happen
2025-12-19T02:59:14.819Z,0.091,3,1500,768x432,4.0018129999999985,,
2025-12-19T02:59:14.896Z,0.017,3,1500,768x432,4.029230999999982,,rebuffer happen
2025-12-19T02:59:15.030Z,0.03,3,1500,768x432,4.075608000000017,,rebuffer happen
2025-12-19T02:59:15.460Z,0.073,3,1500,768x432,4.18435599999998,,
2025-12-19T02:59:15.497Z,0.027,3,1500,768x432,4.147876999999994,,rebuffer happen
2025-12-19T02:59:15.647Z,0.027,3,1500,768x432,4.306456999999995,,rebuffer happen
2025-12-19T02:59:15.797Z,0.024,3,1500,768x432,4.273762000000005,,rebuffer happen
2025-12-19T02:59:16.090Z,0.12,3,1500,768x432,4.338054999999997,,
2025-12-19T02:59:16.181Z,0.032,3,1500,768x432,4.346598,,rebuffer happen
2025-12-19T02:59:16.613Z,0.172,3,1500,768x432,4.402107999999998,,
2025-12-19T02:59:16.781Z,0.019,3,1500,768x432,4.440585999999996,,rebuffer happen
2025-12-19T02:59:17.177Z,0.161,3,1500,768x432,4.516693000000004,,
2025-12-19T02:59:17.348Z,0.022,3,1500,768x432,4.535465999999985,,rebuffer happen
2025-12-19T02:59:17.762Z,0.175,3,1500,768x432,4.610973000000001,,
2025-12-19T02:59:17.932Z,0.027,3,1500,768x432,4.542771000000016,,rebuffer happen
2025-12-19T02:59:18.406Z,0.146,3,1500,768x432,4.67537999999999,,
2025-12-19T02:59:18.550Z,0.018,3,1500,768x432,4.7331609999999955,,rebuffer happen
2025-12-19T02:59:19.117Z,0.02,3,1500,768x432,4.806252000000001,,rebuffer happen
2025-12-19T02:59:19.266Z,0.053,3,1500,768x432,4.981864000000002,,
2025-12-19T02:59:19.317Z,0.024,3,1500,768x432,4.936095999999992,,rebuffer happen
2025-12-19T02:59:19.900Z,0.071,3,1500,768x432,5.070297000000011,,
2025-12-19T02:59:19.901Z,0.054,3,1500,768x432,5.069333999999998,,rebuffer happen
2025-12-19T02:59:19.934Z,0.025,3,1500,768x432,5.040018000000003,,rebuffer happen
2025-12-19T02:59:20.402Z,0.031,3,1500,768x432,5.178191999999996,,rebuffer happen
2025-12-19T02:59:20.518Z,0.019,3,1500,768x432,5.166045999999994,,rebuffer happen
2025-12-19T02:59:20.521Z,0.019,3,1500,768x432,5.166045999999994,,
2025-12-19T02:59:20.551Z,0.026,3,1500,768x432,5.240671999999989,,rebuffer happen
2025-12-19T02:59:21.102Z,0.033,3,1500,768x432,5.312187999999992,,rebuffer happen
2025-12-19T02:59:21.142Z,0.044,3,1500,768x432,5.277156000000019,,
2025-12-19T02:59:21.185Z,0.022,3,1500,768x432,5.3355820000000165,,rebuffer happen
2025-12-19T02:59:21.773Z,0.08,3,1500,768x432,5.479535999999996,,
2025-12-19T02:59:21.819Z,0.023,3,1500,768x432,5.436595000000011,,rebuffer happen
2025-12-19T02:59:22.386Z,0.073,3,1500,768x432,5.584981999999997,,
2025-12-19T02:59:22.436Z,0.02,3,1500,768x432,5.535409000000016,,rebuffer happen
2025-12-19T02:59:23.006Z,0.08,3,1500,768x432,5.688956999999988,,
2025-12-19T02:59:23.053Z,0.028,3,1500,768x432,5.741377,,rebuffer happen
2025-12-19T02:59:23.641Z,0.075,3,1500,768x432,5.782362999999975,,
2025-12-19T02:59:23.687Z,0.022,3,1500,768x432,5.842795000000024,,rebuffer happen
2025-12-19T02:59:24.293Z,0.09,3,1500,768x432,5.989691000000022,,
2025-12-19T02:59:24.338Z,0.03,3,1500,768x432,5.945343000000008,,rebuffer happen
2025-12-19T02:59:24.805Z,0.03,3,1500,768x432,6.11006900000001,,rebuffer happen
2025-12-19T02:59:24.954Z,0.075,3,1500,768x432,6.179092999999995,,
2025-12-19T02:59:25.005Z,0.019,3,1500,768x432,6.133776999999981,,rebuffer happen
2025-12-19T02:59:25.322Z,0.031,3,1500,768x432,6.249210000000005,,rebuffer happen
2025-12-19T02:59:25.557Z,0.098,3,1500,768x432,6.333798000000002,,
2025-12-19T02:59:25.655Z,0.023,3,1500,768x432,6.3405329999999935,,rebuffer happen
2025-12-19T02:59:25.789Z,0.019,3,1500,768x432,6.399656999999991,,rebuffer happen
2025-12-19T02:59:26.173Z,0.026,3,1500,768x432,6.446134000000001,,rebuffer happen
2025-12-19T02:59:26.273Z,0.026,3,1500,768x432,6.506058999999993,,rebuffer happen
2025-12-19T02:59:26.294Z,0.059,3,1500,768x432,6.488090999999997,,
2025-12-19T02:59:26.356Z,0.019,3,1500,768x432,6.5338219999999865,,rebuffer happen
2025-12-19T02:59:26.890Z,0.024,3,1500,768x432,6.575887999999992,,rebuffer happen
2025-12-19T02:59:26.892Z,0.024,3,1500,768x432,6.575887999999992,,
2025-12-19T02:59:26.940Z,0.015,3,1500,768x432,6.533780999999976,,rebuffer happen
2025-12-19T02:59:27.057Z,0.017,3,1500,768x432,6.697213000000005,,rebuffer happen
2025-12-19T02:59:27.090Z,0.024,3,1500,768x432,6.670497000000012,,rebuffer happen
2025-12-19T02:59:27.524Z,0.019,3,1500,768x432,6.668948999999998,,rebuffer happen
2025-12-19T02:59:27.538Z,0.019,3,1500,768x432,6.668948999999998,,
2025-12-19T02:59:27.574Z,0.022,3,1500,768x432,6.741034000000013,,rebuffer happen
2025-12-19T02:59:28.121Z,0.082,3,1500,768x432,6.816573000000005,,
2025-12-19T02:59:28.191Z,0.028,3,1500,768x432,6.841239999999999,,rebuffer happen
2025-12-19T02:59:28.474Z,0.03,3,1500,768x432,6.9441070000000025,,rebuffer happen
2025-12-19T02:59:28.558Z,0.025,3,1500,768x432,6.980917000000005,,rebuffer happen
2025-12-19T02:59:28.782Z,0.077,3,1500,768x432,6.987876,,
2025-12-19T02:59:28.825Z,0.029,3,1500,768x432,6.947217999999992,,rebuffer happen
2025-12-19T02:59:29.405Z,0.062,3,1500,768x432,7.081403000000023,,
2025-12-19T02:59:29.442Z,0.027,3,1500,768x432,7.044866000000013,,rebuffer happen
2025-12-19T02:59:29.848Z,0.255,3,1500,768x432,7.2828890000000115,,
2025-12-19T02:59:30.360Z,0.024,3,1500,768x432,7.27131399999999,,rebuffer happen
2025-12-19T02:59:30.543Z,0.015,3,1500,768x432,7.2378420000000006,,rebuffer happen
2025-12-19T02:59:30.593Z,0.026,3,1500,768x432,7.307024999999982,,rebuffer happen
2025-12-19T02:59:30.656Z,0.059,3,1500,768x432,7.364993999999996,,
2025-12-19T02:59:30.693Z,0.018,3,1500,768x432,7.331963999999999,,rebuffer happen
2025-12-19T02:59:31.246Z,0.179,3,1500,768x432,7.502811000000008,,
2025-12-19T02:59:31.411Z,0.024,3,1500,768x432,7.539942999999994,,rebuffer happen
2025-12-19T02:59:31.829Z,0.193,3,1500,768x432,7.632652000000007,,
2025-12-19T02:59:32.027Z,0.032,3,1500,768x432,7.650293000000005,,rebuffer happen
2025-12-19T02:59:32.459Z,0.181,3,1500,768x432,7.818396999999976,,
2025-12-19T02:59:32.644Z,0.019,3,1500,768x432,7.7419280000000015,,rebuffer happen
2025-12-19T02:59:33.077Z,0.195,3,1500,768x432,7.93548100000001,,
2025-12-19T02:59:33.278Z,0.017,3,1500,768x432,7.934485999999993,,rebuffer happen
2025-12-19T02:59:33.713Z,0.022,3,1500,768x432,8.009339000000011,,rebuffer happen
2025-12-19T02:59:33.782Z,0.103,3,1500,768x432,8.041388000000012,,
2025-12-19T02:59:33.895Z,0.024,3,1500,768x432,8.036598999999995,,rebuffer happen
2025-12-19T02:59:34.096Z,0.028,3,1500,768x432,8.208400000000012,,rebuffer happen
2025-12-19T02:59:34.179Z,0.023,3,1500,768x432,8.244017999999983,,rebuffer happen
2025-12-19T02:59:34.363Z,0.029,3,1500,768x432,8.351664,,rebuffer happen
2025-12-19T02:59:34.529Z,0.023,3,1500,768x432,8.308443000000011,,rebuffer happen
2025-12-19T02:59:34.596Z,0.019,3,1500,768x432,8.365633000000003,,rebuffer happen
2025-12-19T02:59:34.646Z,0.023,3,1500,768x432,8.336498000000006,,rebuffer happen
2025-12-19T02:59:34.696Z,0.026,3,1500,768x432,8.406543999999997,,rebuffer happen
2025-12-19T02:59:34.741Z,0.06,3,1500,768x432,8.371564000000006,,
2025-12-19T02:59:34.780Z,0.024,3,1500,768x432,8.438034000000016,,rebuffer happen
2025-12-19T02:59:35.231Z,0.02,3,1500,768x432,8.471126999999996,,rebuffer happen
2025-12-19T02:59:35.263Z,0.026,3,1500,768x432,8.539501000000001,,rebuffer happen
2025-12-19T02:59:35.340Z,0.074,3,1500,768x432,8.479073999999997,,
2025-12-19T02:59:35.397Z,0.015,3,1500,768x432,8.534609999999986,,rebuffer happen
2025-12-19T02:59:35.938Z,0.065,3,1500,768x432,8.601832000000002,,
2025-12-19T02:59:35.997Z,0.027,3,1500,768x432,8.64005899999998,,rebuffer happen
2025-12-19T02:59:36.489Z,0.176,3,1500,768x432,8.784733999999986,,
2025-12-19T02:59:36.632Z,0.017,3,1500,768x432,8.735962,,rebuffer happen
2025-12-19T02:59:37.104Z,0.16,3,1500,768x432,8.855587000000014,,
2025-12-19T02:59:37.215Z,0.032,3,1500,768x432,8.845358000000004,,rebuffer happen
2025-12-19T02:59:37.448Z,0.021,3,1500,768x432,9.035649000000006,,rebuffer happen
2025-12-19T02:59:37.762Z,0.146,3,1500,768x432,9.070133999999996,,
2025-12-19T02:59:37.899Z,0.029,3,1500,768x432,9.042142999999982,,rebuffer happen
2025-12-19T02:59:38.400Z,0.032,3,1500,768x432,9.112303999999995,,rebuffer happen
2025-12-19T02:59:38.466Z,0.02,3,1500,768x432,9.168353999999994,,rebuffer happen
2025-12-19T02:59:38.476Z,0.02,3,1500,768x432,9.168353999999994,,
2025-12-19T02:59:38.516Z,0.018,3,1500,768x432,9.13314600000001,,rebuffer happen
2025-12-19T02:59:38.816Z,0.025,3,1500,768x432,9.278827000000007,,rebuffer happen
2025-12-19T02:59:38.916Z,0.027,3,1500,768x432,9.341495000000009,,rebuffer happen
2025-12-19T02:59:38.966Z,0.02,3,1500,768x432,9.411518000000001,,rebuffer happen
2025-12-19T02:59:39.016Z,0.023,3,1500,768x432,9.380968000000024,,rebuffer happen
2025-12-19T02:59:39.083Z,0.021,3,1500,768x432,9.437229000000002,,rebuffer happen
2025-12-19T02:59:39.133Z,0.027,3,1500,768x432,9.410156,,rebuffer happen
2025-12-19T02:59:39.200Z,0.025,3,1500,768x432,9.474806000000001,,rebuffer happen
2025-12-19T02:59:39.266Z,0.019,3,1500,768x432,9.535792000000015,,rebuffer happen
2025-12-19T02:59:39.317Z,0.023,3,1500,768x432,9.50584600000002,,rebuffer happen
2025-12-19T02:59:39.367Z,0.028,3,1500,768x432,9.577000999999996,,rebuffer happen
2025-12-19T02:59:39.373Z,0.028,3,1500,768x432,9.577000999999996,,
2025-12-19T02:59:39.417Z,0.023,3,1500,768x432,9.538714999999996,,rebuffer happen
2025-12-19T02:59:39.899Z,0.106,3,1500,768x432,9.651274,,
2025-12-19T02:59:40.017Z,0.02,3,1500,768x432,9.632159999999999,,rebuffer happen
2025-12-19T02:59:40.458Z,0.127,3,1500,768x432,9.743308999999982,,
2025-12-19T02:59:40.568Z,0.021,3,1500,768x432,9.734339000000006,,rebuffer happen
2025-12-19T02:59:40.898Z,0.264,3,1500,768x432,9.748493999999994,,
2025-12-19T02:59:41.101Z,0.031,3,1500,768x432,9.749919000000006,,rebuffer happen
2025-12-19T02:59:41.465Z,0.2,3,1500,768x432,9.81990399999998,,
2025-12-19T02:59:41.635Z,0.024,3,1500,768x432,9.74054799999999,,rebuffer happen
2025-12-19T02:59:42.133Z,0.186,3,1500,768x432,9.876574000000005,,
2025-12-19T02:59:42.269Z,0.022,3,1500,768x432,9.945527999999996,,rebuffer happen
2025-12-19T02:59:42.436Z,0.022,3,1500,768x432,10.005633000000017,,rebuffer happen
2025-12-19T02:59:42.620Z,0.028,3,1500,768x432,10.046578000000011,,rebuffer happen
2025-12-19T02:59:42.669Z,0.018,3,1500,768x432,10.103021000000012,,rebuffer happen
2025-12-19T02:59:42.719Z,0.015,3,1500,768x432,10.067092000000002,,rebuffer happen
2025-12-19T02:59:42.753Z,0.02,3,1500,768x432,10.138011000000006,,rebuffer happen
2025-12-19T02:59:42.786Z,0.028,3,1500,768x432,10.112718000000001,,rebuffer happen
2025-12-19T02:59:42.901Z,0.107,3,1500,768x432,10.13025300000001,,
2025-12-19T02:59:42.986Z,0.027,3,1500,768x432,10.143530999999996,,rebuffer happen
2025-12-19T02:59:43.430Z,0.262,3,1500,768x432,10.29194800000002,,
2025-12-19T02:59:43.509Z,0.208,2,1000,640x360,10.315379000000007,,
2025-12-19T02:59:43.687Z,0.019,2,1000,640x360,10.341820999999982,,rebuffer happen
2025-12-19T02:59:44.004Z,0.027,2,1000,640x360,10.381281999999999,,rebuffer happen
2025-12-19T02:59:44.160Z,0.117,2,1000,640x360,10.438135999999986,,
2025-12-19T02:59:44.271Z,0.021,2,1000,640x360,10.434188000000006,,rebuffer happen
2025-12-19T02:59:44.736Z,0.212,2,1000,640x360,10.538256999999987,,
2025-12-19T02:59:44.938Z,0.025,2,1000,640x360,10.539664999999985,,rebuffer happen
2025-12-19T02:59:45.197Z,0.272,2,1000,640x360,10.600166999999999,,
2025-12-19T02:59:45.730Z,0.234,2,1000,640x360,10.564365999999978,,
2025-12-19T02:59:46.135Z,0.347,2,1000,640x360,10.559612999999985,,
2025-12-19T02:59:46.261Z,0.144,2,1000,640x360,10.571763000000004,,rebuffer happen
2025-12-19T02:59:46.560Z,0.25,2,1000,640x360,10.466672999999986,,
2025-12-19T02:59:46.634Z,0.252,3,1500,768x432,10.392306999999988,,
2025-12-19T02:59:46.789Z,0.023,3,1500,768x432,10.436429000000004,,rebuffer happen
2025-12-19T02:59:47.290Z,0.056,3,1500,768x432,10.506499999999988,,rebuffer happen
2025-12-19T02:59:47.302Z,0.056,3,1500,768x432,10.506499999999988,,
2025-12-19T02:59:47.373Z,0.025,3,1500,768x432,10.542786000000007,,rebuffer happen
2025-12-19T02:59:47.950Z,0.081,3,1500,768x432,10.699066999999985,,
2025-12-19T02:59:48.007Z,0.027,3,1500,768x432,10.642060999999984,,rebuffer happen
2025-12-19T02:59:48.590Z,0.1,3,1500,768x432,10.806467999999995,,
2025-12-19T02:59:48.658Z,0.025,3,1500,768x432,10.83901400000002,,rebuffer happen
2025-12-19T02:59:48.908Z,0.026,3,1500,768x432,10.943806000000023,,rebuffer happen
2025-12-19T02:59:49.285Z,0.088,3,1500,768x432,11.025665000000004,,
2025-12-19T02:59:49.358Z,0.03,3,1500,768x432,11.047820999999999,,rebuffer happen
2025-12-19T02:59:49.788Z,0.209,3,1500,768x432,11.133850000000024,,
2025-12-19T02:59:49.975Z,0.032,3,1500,768x432,11.155649000000011,,rebuffer happen
2025-12-19T02:59:50.313Z,0.258,3,1500,768x432,11.184294999999992,,
2025-12-19T02:59:50.542Z,0.031,3,1500,768x432,11.155840000000012,,rebuffer happen
2025-12-19T02:59:51.010Z,0.03,3,1500,768x432,11.279665999999992,,rebuffer happen
2025-12-19T02:59:51.215Z,0.094,3,1500,768x432,11.410398000000015,,
2025-12-19T02:59:51.293Z,0.019,3,1500,768x432,11.431376999999998,,rebuffer happen
2025-12-19T02:59:51.627Z,0.028,3,1500,768x432,11.574324000000018,,rebuffer happen
2025-12-19T02:59:51.710Z,0.024,3,1500,768x432,11.60381000000001,,rebuffer happen
2025-12-19T02:59:51.760Z,0.026,3,1500,768x432,11.672935999999993,,rebuffer happen
2025-12-19T02:59:51.844Z,0.022,3,1500,768x432,11.602094999999991,,rebuffer happen
2025-12-19T02:59:51.877Z,0.024,3,1500,768x432,11.669779999999975,,rebuffer happen
2025-12-19T02:59:51.960Z,0.022,3,1500,768x432,11.703140999999988,,rebuffer happen
2025-12-19T02:59:51.994Z,0.028,3,1500,768x432,11.675850999999994,,rebuffer happen
2025-12-19T02:59:52.023Z,0.028,3,1500,768x432,11.675850999999994,,
2025-12-19T02:59:52.060Z,0.028,3,1500,768x432,11.740791000000002,,rebuffer happen
2025-12-19T02:59:52.660Z,0.063,3,1500,768x432,11.87203199999999,,
2025-12-19T02:59:52.694Z,0.022,3,1500,768x432,11.838471999999996,,rebuffer happen
2025-12-19T02:59:53.228Z,0.031,3,1500,768x432,11.944738999999998,,rebuffer happen
2025-12-19T02:59:53.362Z,0.08,3,1500,768x432,12.091998999999987,,
2025-12-19T02:59:53.428Z,0.018,3,1500,768x432,12.03299899999999,,rebuffer happen
2025-12-19T02:59:53.838Z,0.167,3,1500,768x432,12.10326599999999,,
2025-12-19T02:59:54.012Z,0.03,3,1500,768x432,12.15506099999999,,rebuffer happen
2025-12-19T02:59:54.489Z,0.122,3,1500,768x432,12.219487000000015,,
2025-12-19T02:59:54.579Z,0.017,3,1500,768x432,12.229870000000005,,rebuffer happen
2025-12-19T02:59:54.997Z,0.021,3,1500,768x432,12.33615499999999,,rebuffer happen
2025-12-19T02:59:55.297Z,0.091,3,1500,768x432,12.49521999999999,,
2025-12-19T02:59:55.363Z,0.017,3,1500,768x432,12.533842000000021,,rebuffer happen
2025-12-19T02:59:55.830Z,0.018,3,1500,768x432,12.57329200000001,,rebuffer happen
2025-12-19T02:59:55.880Z,0.017,3,1500,768x432,12.630862000000008,,rebuffer happen
2025-12-19T02:59:55.914Z,0.023,3,1500,768x432,12.602704999999986,,rebuffer happen
2025-12-19T02:59:55.961Z,0.056,3,1500,768x432,12.667423999999983,,
2025-12-19T02:59:55.997Z,0.022,3,1500,768x432,12.635086000000001,,rebuffer happen
2025-12-19T02:59:56.581Z,0.018,3,1500,768x432,12.764625000000024,,rebuffer happen
2025-12-19T02:59:56.589Z,0.018,3,1500,768x432,12.764625000000024,,
2025-12-19T02:59:56.614Z,0.029,3,1500,768x432,12.74275800000001,,rebuffer happen
2025-12-19T02:59:57.231Z,0.018,3,1500,768x432,12.869601999999986,,rebuffer happen
2025-12-19T02:59:57.233Z,0.018,3,1500,768x432,12.869601999999986,,
2025-12-19T02:59:57.265Z,0.023,3,1500,768x432,12.937814000000003,,rebuffer happen
2025-12-19T02:59:57.699Z,0.05,3,1500,768x432,13.042549000000008,,rebuffer happen
2025-12-19T02:59:57.732Z,0.021,3,1500,768x432,13.012899000000004,,rebuffer happen
2025-12-19T02:59:57.765Z,0.029,3,1500,768x432,13.07685699999999,,rebuffer happen
2025-12-19T02:59:57.815Z,0.027,3,1500,768x432,13.041762000000006,,rebuffer happen
2025-12-19T02:59:57.899Z,0.02,3,1500,768x432,13.066989000000007,,rebuffer happen
2025-12-19T02:59:57.912Z,0.02,3,1500,768x432,13.066989000000007,,
2025-12-19T02:59:57.949Z,0.021,3,1500,768x432,13.134906999999998,,rebuffer happen
2025-12-19T02:59:58.518Z,0.076,3,1500,768x432,13.189425999999997,,
2025-12-19T02:59:58.566Z,0.023,3,1500,768x432,13.235984000000002,,rebuffer happen
2025-12-19T02:59:58.733Z,0.028,3,1500,768x432,13.277270999999985,,rebuffer happen
2025-12-19T02:59:59.146Z,0.102,3,1500,768x432,13.312609999999978,,
2025-12-19T02:59:59.216Z,0.027,3,1500,768x432,13.339808000000005,,rebuffer happen
2025-12-19T02:59:59.700Z,0.019,3,1500,768x432,13.473248000000012,,rebuffer happen
2025-12-19T02:59:59.733Z,0.024,3,1500,768x432,13.444580000000002,,rebuffer happen
2025-12-19T02:59:59.784Z,0.017,3,1500,768x432,13.498007999999999,,rebuffer happen
2025-12-19T02:59:59.833Z,0.017,3,1500,768x432,13.465079000000003,,rebuffer happen
2025-12-19T02:59:59.838Z,0.017,3,1500,768x432,13.465079000000003,,
2025-12-19T02:59:59.867Z,0.026,3,1500,768x432,13.54235300000002,,rebuffer happen
2025-12-19T03:00:00.436Z,0.083,3,1500,768x432,13.599962000000005,,
2025-12-19T03:00:00.501Z,0.021,3,1500,768x432,13.63834300000002,,rebuffer happen
2025-12-19T03:00:01.033Z,0.072,3,1500,768x432,13.704115999999999,,
2025-12-19T03:00:01.101Z,0.023,3,1500,768x432,13.740491999999989,,rebuffer happen
2025-12-19T03:00:01.598Z,0.097,3,1500,768x432,13.845508999999993,,
2025-12-19T03:00:01.702Z,0.026,3,1500,768x432,13.839647000000014,,rebuffer happen
2025-12-19T03:00:02.073Z,0.224,3,1500,768x432,13.935384999999997,,
2025-12-19T03:00:02.583Z,0.214,3,1500,768x432,13.924565000000001,,
2025-12-19T03:00:02.769Z,0.023,3,1500,768x432,13.937005,,rebuffer happen
2025-12-19T03:00:03.040Z,0,3,1500,768x432,13.759833999999984,,rebuffer happen
2025-12-19T03:00:03.237Z,0,3,1500,768x432,13.961833999999982,,
2025-12-19T03:00:03.766Z,0,3,1500,768x432,14.545833999999985,,
2025-12-19T03:00:04.286Z,0.277,3,1500,768x432,2.789708999999988,,rebuffer happen
2025-12-19T03:00:04.363Z,0.258,3,1500,768x432,2.7767020000000002,,
2025-12-19T03:00:04.554Z,0.018,3,1500,768x432,2.733194999999995,,rebuffer happen
2025-12-19T03:00:04.977Z,0.159,3,1500,768x432,2.7660789999999906,,
2025-12-19T03:00:05.105Z,0.025,3,1500,768x432,2.740000999999978,,rebuffer happen
2025-12-19T03:00:05.581Z,0.243,3,1500,768x432,2.981630999999993,,
2025-12-19T03:00:05.822Z,0.021,3,1500,768x432,2.9489340000000084,,rebuffer happen
2025-12-19T03:00:05.955Z,0.025,3,1500,768x432,3.113106999999985,,rebuffer happen
2025-12-19T03:00:06.289Z,0.023,3,1500,768x432,3.114441999999997,,rebuffer happen
2025-12-19T03:00:06.339Z,0.022,3,1500,768x432,3.0800700000000063,,rebuffer happen
2025-12-19T03:00:06.372Z,0.027,3,1500,768x432,3.1454519999999775,,rebuffer happen
2025-12-19T03:00:06.456Z,0.026,3,1500,768x432,3.180614999999989,,rebuffer happen
2025-12-19T03:00:06.470Z,0.026,3,1500,768x432,3.180614999999989,,
2025-12-19T03:00:06.506Z,0.028,3,1500,768x432,3.1493810000000053,,rebuffer happen
2025-12-19T03:00:07.090Z,0.032,3,1500,768x432,3.385362999999984,,rebuffer happen
2025-12-19T03:00:07.308Z,0.077,3,1500,768x432,3.525256000000013,,
2025-12-19T03:00:07.390Z,0.026,3,1500,768x432,3.540294999999986,,rebuffer happen
2025-12-19T03:00:07.956Z,0.115,3,1500,768x432,3.7321349999999995,,
2025-12-19T03:00:08.040Z,0.026,3,1500,768x432,3.648461999999995,,rebuffer happen
2025-12-19T03:00:08.458Z,0.029,3,1500,768x432,3.8415250000000185,,rebuffer happen
2025-12-19T03:00:08.557Z,0.029,3,1500,768x432,3.8806590000000085,,rebuffer happen
2025-12-19T03:00:08.674Z,0.029,3,1500,768x432,3.8886240000000214,,rebuffer happen
2025-12-19T03:00:08.684Z,0.029,3,1500,768x432,3.8886240000000214,,
2025-12-19T03:00:08.724Z,0.026,3,1500,768x432,3.8529430000000104,,rebuffer happen
2025-12-19T03:00:09.125Z,0.03,3,1500,768x432,3.9469609999999875,,rebuffer happen
2025-12-19T03:00:09.270Z,0.081,3,1500,768x432,4.009136000000012,,
2025-12-19T03:00:09.341Z,0.023,3,1500,768x432,3.9382360000000176,,rebuffer happen
2025-12-19T03:00:09.458Z,0.023,3,1500,768x432,4.101866000000001,,rebuffer happen
2025-12-19T03:00:09.900Z,0.066,3,1500,768x432,4.103996999999993,,
2025-12-19T03:00:09.958Z,0.02,3,1500,768x432,4.134826000000004,,rebuffer happen
2025-12-19T03:00:10.109Z,0.018,3,1500,768x432,4.2003819999999905,,rebuffer happen
2025-12-19T03:00:10.326Z,0.033,3,1500,768x432,4.216673999999983,,rebuffer happen
2025-12-19T03:00:10.526Z,0.023,3,1500,768x432,4.236455999999976,,rebuffer happen
2025-12-19T03:00:10.577Z,0.056,3,1500,768x432,4.327425000000005,,
2025-12-19T03:00:10.659Z,0.033,3,1500,768x432,4.347206999999997,,rebuffer happen
2025-12-19T03:00:11.080Z,0.191,3,1500,768x432,4.409233,,
2025-12-19T03:00:11.243Z,0.021,3,1500,768x432,4.34151700000001,,rebuffer happen
2025-12-19T03:00:11.537Z,0.251,3,1500,768x432,4.383723000000003,,
2025-12-19T03:00:11.777Z,0.024,3,1500,768x432,4.44344000000001,,rebuffer happen
2025-12-19T03:00:12.163Z,0.188,3,1500,768x432,4.489091999999999,,
2025-12-19T03:00:12.311Z,0.023,3,1500,768x432,4.442401999999987,,rebuffer happen
2025-12-19T03:00:12.477Z,0.022,3,1500,768x432,4.614489999999989,,rebuffer happen
2025-12-19T03:00:12.817Z,0.155,3,1500,768x432,4.5928989999999885,,
2025-12-19T03:00:12.994Z,0.02,3,1500,768x432,4.638693000000018,,rebuffer happen
2025-12-19T03:00:13.458Z,0.18,3,1500,768x432,4.817445000000021,,
2025-12-19T03:00:13.628Z,0.023,3,1500,768x432,4.741592999999995,,rebuffer happen
2025-12-19T03:00:14.162Z,0.138,3,1500,768x432,4.985956999999985,,
2025-12-19T03:00:14.312Z,0.019,3,1500,768x432,4.93850599999999,,rebuffer happen
2025-12-19T03:00:14.861Z,0.15,3,1500,768x432,5.181754999999981,,
2025-12-19T03:00:15.013Z,0.017,3,1500,768x432,5.136946999999992,,rebuffer happen
2025-12-19T03:00:15.526Z,0.205,3,1500,768x432,5.323048,,
2025-12-19T03:00:15.697Z,0.028,3,1500,768x432,5.353170000000006,,rebuffer happen
2025-12-19T03:00:16.172Z,0.239,3,1500,768x432,5.548543999999993,,
2025-12-19T03:00:16.380Z,0.023,3,1500,768x432,5.536578999999989,,rebuffer happen
2025-12-19T03:00:16.919Z,0.127,3,1500,768x432,5.6659489999999835,,
2025-12-19T03:00:17.031Z,0.03,3,1500,768x432,5.647763999999995,,rebuffer happen
2025-12-19T03:00:17.599Z,0.176,3,1500,768x432,5.892599000000018,,
2025-12-19T03:00:17.749Z,0.03,3,1500,768x432,5.944503999999995,,rebuffer happen
2025-12-19T03:00:18.320Z,0.121,3,1500,768x432,6.053371999999996,,
2025-12-19T03:00:18.389Z,0.135,2,1000,640x360,6.079002000000003,,
2025-12-19T03:00:18.432Z,0.023,2,1000,640x360,6.036767999999995,,rebuffer happen
2025-12-19T03:00:18.943Z,0.27,2,1000,640x360,6.310453000000024,,
2025-12-19T03:00:19.511Z,0.203,2,1000,640x360,6.344550999999996,,
2025-12-19T03:00:19.717Z,0.02,2,1000,640x360,6.333629000000002,,rebuffer happen
2025-12-19T03:00:20.073Z,0.206,2,1000,640x360,6.430622999999997,,
2025-12-19T03:00:20.267Z,0.022,2,1000,640x360,6.4341579999999965,,rebuffer happen
2025-12-19T03:00:20.641Z,0.203,2,1000,640x360,6.371463000000006,,
2025-12-19T03:00:20.767Z,0.03,2,1000,640x360,6.447064999999981,,rebuffer happen
2025-12-19T03:00:21.139Z,0.222,2,1000,640x360,6.457560999999998,,
2025-12-19T03:00:21.737Z,0.135,2,1000,640x360,6.463285999999982,,
2025-12-19T03:00:21.868Z,0.017,2,1000,640x360,6.530471000000006,,rebuffer happen
2025-12-19T03:00:22.369Z,0.026,2,1000,640x360,6.581997000000001,,rebuffer happen
2025-12-19T03:00:22.390Z,0.026,2,1000,640x360,6.581997000000001,,
2025-12-19T03:00:22.435Z,0.019,2,1000,640x360,6.541943000000003,,rebuffer happen
2025-12-19T03:00:22.746Z,0.301,2,1000,640x360,6.623205999999982,,
2025-12-19T03:00:22.747Z,0.299,2,1000,640x360,6.712565000000012,,rebuffer happen
2025-12-19T03:00:23.092Z,0.294,2,1000,640x360,6.672953000000007,,rebuffer happen
2025-12-19T03:00:23.160Z,0.293,2,1000,640x360,6.7183390000000145,,rebuffer happen
2025-12-19T03:00:23.223Z,0.296,2,1000,640x360,6.655248999999998,,rebuffer happen
2025-12-19T03:00:23.250Z,0.296,2,1000,640x360,6.718553000000014,,
2025-12-19T03:00:23.395Z,0.224,2,1000,640x360,6.673489000000018,,rebuffer happen
2025-12-19T03:00:23.586Z,0.3,2,1000,640x360,6.680716999999987,,rebuffer happen
2025-12-19T03:00:23.645Z,0.277,2,1000,640x360,6.591891999999973,,rebuffer happen
2025-12-19T03:00:23.809Z,0.138,2,1000,640x360,6.577399000000014,,
2025-12-19T03:00:24.226Z,0.247,2,1000,640x360,6.581146999999987,,
2025-12-19T03:00:24.698Z,0.264,2,1000,640x360,6.611605999999995,,
2025-12-19T03:00:25.124Z,0.343,2,1000,640x360,6.540520999999984,,
2025-12-19T03:00:25.270Z,0.14,2,1000,640x360,6.521386000000007,,rebuffer happen
2025-12-19T03:00:25.569Z,0.265,2,1000,640x360,6.4872139999999945,,
2025-12-19T03:00:25.931Z,0.384,2,1000,640x360,6.401782000000026,,
2025-12-19T03:00:26.118Z,0.141,2,1000,640x360,6.320204999999987,,rebuffer happen
2025-12-19T03:00:26.469Z,0.258,2,1000,640x360,6.372105000000005,,
2025-12-19T03:00:26.547Z,0.233,3,1500,768x432,6.294390000000021,,
2025-12-19T03:00:26.689Z,0.033,3,1500,768x432,6.350363999999985,,rebuffer happen
2025-12-19T03:00:27.150Z,0.199,3,1500,768x432,6.518278999999978,,
2025-12-19T03:00:27.323Z,0.03,3,1500,768x432,6.443457999999993,,rebuffer happen
2025-12-19T03:00:27.820Z,0.179,3,1500,768x432,6.577092999999991,,
2025-12-19T03:00:27.957Z,0.022,3,1500,768x432,6.635381999999993,,rebuffer happen
2025-12-19T03:00:28.140Z,0.022,3,1500,768x432,6.706327999999985,,rebuffer happen
2025-12-19T03:00:28.524Z,0.021,3,1500,768x432,6.740464000000003,,rebuffer happen
2025-12-19T03:00:28.607Z,0.02,3,1500,768x432,6.7693920000000105,,rebuffer happen
2025-12-19T03:00:28.630Z,0.02,3,1500,768x432,6.7693920000000105,,
2025-12-19T03:00:28.657Z,0.027,3,1500,768x432,6.841689000000002,,rebuffer happen
2025-12-19T03:00:29.024Z,0.026,3,1500,768x432,6.973661000000021,,rebuffer happen
2025-12-19T03:00:29.141Z,0.024,3,1500,768x432,6.972430000000031,,rebuffer happen
2025-12-19T03:00:29.174Z,0.028,3,1500,768x432,7.0407439999999895,,rebuffer happen
2025-12-19T03:00:29.258Z,0.026,3,1500,768x432,7.0770370000000185,,rebuffer happen
2025-12-19T03:00:29.368Z,0.074,3,1500,768x432,7.086871000000002,,
2025-12-19T03:00:29.408Z,0.023,3,1500,768x432,7.0472839999999906,,rebuffer happen
2025-12-19T03:00:29.932Z,0.123,3,1500,768x432,7.177026000000012,,
2025-12-19T03:00:30.059Z,0.023,3,1500,768x432,7.238495000000029,,rebuffer happen
2025-12-19T03:00:30.586Z,0.104,3,1500,768x432,7.311696000000012,,
2025-12-19T03:00:30.659Z,0.026,3,1500,768x432,7.34113099999999,,rebuffer happen
2025-12-19T03:00:31.187Z,0.124,3,1500,768x432,7.450549999999964,,
2025-12-19T03:00:31.293Z,0.031,3,1500,768x432,7.449943999999988,,rebuffer happen
2025-12-19T03:00:31.758Z,0.182,3,1500,768x432,7.620139000000023,,
2025-12-19T03:00:31.927Z,0.029,3,1500,768x432,7.5474720000000275,,rebuffer happen
2025-12-19T03:00:32.227Z,0.021,3,1500,768x432,7.6369689999999935,,rebuffer happen
2025-12-19T03:00:32.415Z,0.132,3,1500,768x432,7.651337000000012,,
2025-12-19T03:00:32.527Z,0.025,3,1500,768x432,7.651609000000008,,rebuffer happen
2025-12-19T03:00:33.072Z,0.088,3,1500,768x432,7.823252000000025,,
2025-12-19T03:00:33.144Z,0.031,3,1500,768x432,7.751622000000026,,rebuffer happen
2025-12-19T03:00:33.633Z,0.175,3,1500,768x432,7.90277599999996,,
2025-12-19T03:00:33.778Z,0.033,3,1500,768x432,7.95471699999996,,rebuffer happen
2025-12-19T03:00:34.062Z,0.027,3,1500,768x432,8.04043999999999,,rebuffer happen
2025-12-19T03:00:34.178Z,0.028,3,1500,768x432,8.046386999999982,,rebuffer happen
2025-12-19T03:00:34.312Z,0.028,3,1500,768x432,8.05323900000002,,rebuffer happen
2025-12-19T03:00:34.362Z,0.021,3,1500,768x432,8.101268000000005,,rebuffer happen
2025-12-19T03:00:34.412Z,0.022,3,1500,768x432,8.068804999999998,,rebuffer happen
2025-12-19T03:00:34.415Z,0.022,3,1500,768x432,8.068804999999998,,
2025-12-19T03:00:34.445Z,0.029,3,1500,768x432,8.042146000000002,,rebuffer happen
2025-12-19T03:00:35.079Z,0.028,3,1500,768x432,8.316874000000041,,rebuffer happen
2025-12-19T03:00:35.129Z,0.018,3,1500,768x432,8.273203000000024,,
2025-12-19T03:00:35.130Z,0.049,3,1500,768x432,8.271853000000021,,rebuffer happen
2025-12-19T03:00:35.163Z,0.021,3,1500,768x432,8.337275000000034,,rebuffer happen
2025-12-19T03:00:35.330Z,0.021,3,1500,768x432,8.399826000000019,,rebuffer happen
2025-12-19T03:00:35.380Z,0.028,3,1500,768x432,8.475235999999995,,rebuffer happen
2025-12-19T03:00:35.797Z,0.032,3,1500,768x432,8.488476999999989,,rebuffer happen
2025-12-19T03:00:35.799Z,0.032,3,1500,768x432,8.488476999999989,,
2025-12-19T03:00:35.846Z,0.023,3,1500,768x432,8.446708000000001,,rebuffer happen
2025-12-19T03:00:36.097Z,0.022,3,1500,768x432,8.644423000000018,,rebuffer happen
2025-12-19T03:00:36.497Z,0.068,3,1500,768x432,8.685236999999972,,
2025-12-19T03:00:36.547Z,0.022,3,1500,768x432,8.735424000000023,,rebuffer happen
2025-12-19T03:00:37.100Z,0.135,3,1500,768x432,8.847017999999991,,
2025-12-19T03:00:37.214Z,0.019,3,1500,768x432,8.836909999999989,,rebuffer happen
2025-12-19T03:00:37.702Z,0.122,3,1500,768x432,8.935013999999967,,
2025-12-19T03:00:37.798Z,0.025,3,1500,768x432,8.939921999999967,,rebuffer happen
2025-12-19T03:00:37.932Z,0.023,3,1500,768x432,9.003737999999998,,rebuffer happen
2025-12-19T03:00:38.165Z,0.031,3,1500,768x432,9.08419600000002,,rebuffer happen
2025-12-19T03:00:38.316Z,0.126,3,1500,768x432,9.045414999999991,,
2025-12-19T03:00:38.679Z,0.261,3,1500,768x432,9.094453999999985,,
2025-12-19T03:00:39.223Z,0.213,3,1500,768x432,9.06611799999996,,
2025-12-19T03:00:39.449Z,0.02,3,1500,768x432,9.133055000000013,,rebuffer happen
2025-12-19T03:00:39.933Z,0.033,3,1500,768x432,9.112230000000011,,rebuffer happen
2025-12-19T03:00:40.233Z,0.023,3,1500,768x432,9.37055700000002,,rebuffer happen
2025-12-19T03:00:40.237Z,0.023,3,1500,768x432,9.37055700000002,,
2025-12-19T03:00:40.284Z,0.015,3,1500,768x432,9.43137200000001,,rebuffer happen
2025-12-19T03:00:40.861Z,0.138,3,1500,768x432,9.63985299999996,,
2025-12-19T03:00:40.951Z,0.033,3,1500,768x432,9.646729999999991,,rebuffer happen
2025-12-19T03:00:41.525Z,0.087,3,1500,768x432,9.685181999999998,,
2025-12-19T03:00:41.568Z,0.028,3,1500,768x432,9.740749999999991,,rebuffer happen
2025-12-19T03:00:42.141Z,0.099,3,1500,768x432,9.806269999999984,,
2025-12-19T03:00:42.202Z,0.032,3,1500,768x432,9.847550000000012,,rebuffer happen
2025-12-19T03:00:42.419Z,0.025,3,1500,768x432,9.93874100000005,,rebuffer happen
2025-12-19T03:00:42.704Z,0.165,3,1500,768x432,9.988443999999959,,
2025-12-19T03:00:42.852Z,0.025,3,1500,768x432,10.040715999999975,,rebuffer happen
2025-12-19T03:00:43.320Z,0.017,3,1500,768x432,10.008545000000026,,rebuffer happen
2025-12-19T03:00:43.436Z,0.017,3,1500,768x432,10.070225999999991,,rebuffer happen
2025-12-19T03:00:43.468Z,0.017,3,1500,768x432,10.164225999999985,,
2025-12-19T03:00:43.503Z,0.02,3,1500,768x432,10.133105999999998,,rebuffer happen
2025-12-19T03:00:44.091Z,0.107,3,1500,768x432,10.330364999999972,,
2025-12-19T03:00:44.170Z,0.032,3,1500,768x432,10.347908999999959,,rebuffer happen
2025-12-19T03:00:44.320Z,0.03,3,1500,768x432,10.415774000000056,,rebuffer happen
2025-12-19T03:00:44.722Z,0.121,3,1500,768x432,10.44966199999999,,
2025-12-19T03:00:44.837Z,0.023,3,1500,768x432,10.435641000000032,,rebuffer happen
2025-12-19T03:00:44.954Z,0.029,3,1500,768x432,10.616206999999974,,rebuffer happen
2025-12-19T03:00:45.413Z,0.081,3,1500,768x432,10.590644999999995,,
2025-12-19T03:00:45.454Z,0.032,3,1500,768x432,10.65271100000001,,rebuffer happen
2025-12-19T03:00:45.898Z,0.208,3,1500,768x432,10.74350000000004,,
2025-12-19T03:00:46.383Z,0.257,3,1500,768x432,10.765039000000002,,
2025-12-19T03:00:46.928Z,0.216,3,1500,768x432,10.742146999999989,,
2025-12-19T03:00:46.999Z,0.22,2,1000,640x360,10.77822900000001,,
2025-12-19T03:00:47.406Z,0.021,2,1000,640x360,10.767368000000033,,rebuffer happen
2025-12-19T03:00:47.484Z,0.175,2,1000,640x360,10.803674999999998,,
2025-12-19T03:00:47.564Z,0.19,3,1500,768x432,10.83350200000001,,
2025-12-19T03:00:47.673Z,0.02,3,1500,768x432,10.838774999999998,,rebuffer happen
2025-12-19T03:00:48.073Z,0.02,3,1500,768x432,11.06907000000001,,rebuffer happen
2025-12-19T03:00:48.107Z,0.028,3,1500,768x432,11.043051000000048,,rebuffer happen
2025-12-19T03:00:48.190Z,0.025,3,1500,768x432,11.080334999999991,,rebuffer happen
2025-12-19T03:00:48.240Z,0.055,3,1500,768x432,11.043688999999972,,rebuffer happen
2025-12-19T03:00:48.393Z,0.078,3,1500,768x432,11.109878999999978,,
2025-12-19T03:00:48.457Z,0.026,3,1500,768x432,11.146787000000018,,rebuffer happen
2025-12-19T03:00:49.023Z,0.152,3,1500,768x432,11.270811000000037,,
2025-12-19T03:00:49.141Z,0.032,3,1500,768x432,11.24679900000001,,rebuffer happen
2025-12-19T03:00:49.725Z,0.026,3,1500,768x432,11.405242999999984,,rebuffer happen
2025-12-19T03:00:49.881Z,0.059,3,1500,768x432,11.598798999999985,,
2025-12-19T03:00:49.941Z,0.02,3,1500,768x432,11.544366999999966,,rebuffer happen
2025-12-19T03:00:50.292Z,0.024,3,1500,768x432,11.673883999999987,,rebuffer happen
2025-12-19T03:00:50.455Z,0.109,3,1500,768x432,11.720230000000015,,
2025-12-19T03:00:50.525Z,0.031,3,1500,768x432,11.650262999999995,,rebuffer happen
2025-12-19T03:00:51.091Z,0.087,3,1500,768x432,11.813751999999965,,
2025-12-19T03:00:51.159Z,0.032,3,1500,768x432,11.855158000000017,,rebuffer happen
2025-12-19T03:00:51.609Z,0.019,3,1500,768x432,11.932702000000006,,rebuffer happen
2025-12-19T03:00:51.726Z,0.028,3,1500,768x432,11.942702999999995,,rebuffer happen
2025-12-19T03:00:51.809Z,0.059,3,1500,768x432,11.972330999999997,,
2025-12-19T03:00:51.810Z,0.057,3,1500,768x432,11.971798999999976,,rebuffer happen
2025-12-19T03:00:51.843Z,0.028,3,1500,768x432,11.942668999999967,,rebuffer happen
2025-12-19T03:00:52.093Z,0.024,3,1500,768x432,12.145433999999966,,rebuffer happen
2025-12-19T03:00:52.435Z,0.122,3,1500,768x432,12.13900000000001,,
2025-12-19T03:00:52.543Z,0.018,3,1500,768x432,12.13456199999996,,rebuffer happen
2025-12-19T03:00:53.047Z,0.114,3,1500,768x432,12.321965000000034,,
2025-12-19T03:00:53.127Z,0.029,3,1500,768x432,12.242031999999995,,rebuffer happen
2025-12-19T03:00:53.572Z,0.187,3,1500,768x432,12.413958999999977,,
2025-12-19T03:00:53.745Z,0.019,3,1500,768x432,12.332268999999997,,rebuffer happen
2025-12-19T03:00:54.135Z,0.211,3,1500,768x432,12.427311999999972,,
2025-12-19T03:00:54.329Z,0.022,3,1500,768x432,12.444091000000014,,rebuffer happen
2025-12-19T03:00:54.758Z,0.196,3,1500,768x432,12.619291000000032,,
2025-12-19T03:00:54.929Z,0.033,3,1500,768x432,12.546073000000035,,rebuffer happen
2025-12-19T03:00:55.455Z,0.142,3,1500,768x432,12.768883000000017,,
2025-12-19T03:00:55.580Z,0.023,3,1500,768x432,12.741766999999982,,rebuffer happen
2025-12-19T03:00:56.141Z,0.106,3,1500,768x432,12.848482999999987,,
2025-12-19T03:00:56.247Z,0.024,3,1500,768x432,12.936224000000038,,rebuffer happen
2025-12-19T03:00:56.840Z,0.091,3,1500,768x432,13.027670999999998,,
2025-12-19T03:00:56.930Z,0.017,3,1500,768x432,13.031416999999976,,rebuffer happen
2025-12-19T03:00:57.314Z,0.017,3,1500,768x432,13.197047999999995,,rebuffer happen
2025-12-19T03:00:57.348Z,0.022,3,1500,768x432,13.269270000000006,,rebuffer happen
2025-12-19T03:00:57.699Z,0.111,3,1500,768x432,13.392770000000041,,
2025-12-19T03:00:57.748Z,0.028,3,1500,768x432,13.441058999999996,,rebuffer happen
2025-12-19T03:00:58.335Z,0.053,3,1500,768x432,13.479237000000012,,
2025-12-19T03:00:58.382Z,0.017,3,1500,768x432,13.535665999999992,,rebuffer happen
2025-12-19T03:00:58.954Z,0.074,3,1500,768x432,13.692003999999997,,
2025-12-19T03:00:58.999Z,0.03,3,1500,768x432,13.647426999999993,,rebuffer happen
2025-12-19T03:00:59.569Z,0.088,3,1500,768x432,13.799030000000016,,
2025-12-19T03:00:59.616Z,0.027,3,1500,768x432,13.75235200000003,,rebuffer happen
2025-12-19T03:01:00.187Z,0.075,3,1500,768x432,13.884038000000032,,
2025-12-19T03:01:00.233Z,0.024,3,1500,768x432,13.838616000000002,,rebuffer happen
2025-12-19T03:01:00.497Z,0,3,1500,768x432,13.915501000000006,,rebuffer happen
2025-12-19T03:01:00.879Z,0,3,1500,768x432,14.319501000000002,,
2025-12-19T03:01:01.827Z,0,3,1500,768x432,15.215501000000017,,
2025-12-19T03:01:02.040Z,0.288,3,1500,768x432,3.3793620000000146,,rebuffer happen
2025-12-19T03:01:02.253Z,0.279,3,1500,768x432,3.4322100000000546,,rebuffer happen
2025-12-19T03:01:02.300Z,0.299,3,1500,768x432,3.385366000000033,,rebuffer happen
2025-12-19T03:01:02.363Z,0.271,3,1500,768x432,3.3849610000000325,,rebuffer happen
2025-12-19T03:01:02.436Z,0.258,3,1500,768x432,3.275536000000045,,
2025-12-19T03:01:02.586Z,0.038,3,1500,768x432,3.2559629999999515,,rebuffer happen
2025-12-19T03:01:02.919Z,0.023,3,1500,768x432,3.269661000000042,,rebuffer happen
2025-12-19T03:01:02.952Z,0.028,3,1500,768x432,3.346480999999983,,rebuffer happen
2025-12-19T03:01:03.093Z,0.086,3,1500,768x432,3.3142110000000002,,
2025-12-19T03:01:03.169Z,0.025,3,1500,768x432,3.348027000000002,,rebuffer happen
2025-12-19T03:01:03.303Z,0.016,3,1500,768x432,3.398492000000033,,rebuffer happen
2025-12-19T03:01:03.730Z,0.062,3,1500,768x432,3.39540599999998,,
2025-12-19T03:01:03.786Z,0.02,3,1500,768x432,3.4359000000000037,,rebuffer happen
2025-12-19T03:01:03.936Z,0.051,3,1500,768x432,3.5038089999999897,,rebuffer happen
2025-12-19T03:01:04.351Z,0.094,3,1500,768x432,3.605860000000007,,
2025-12-19T03:01:04.420Z,0.02,3,1500,768x432,3.5373749999999973,,rebuffer happen
2025-12-19T03:01:04.553Z,0.017,3,1500,768x432,3.697853000000009,,rebuffer happen
2025-12-19T03:01:04.998Z,0.088,3,1500,768x432,3.701459,,
2025-12-19T03:01:05.054Z,0.026,3,1500,768x432,3.739958999999999,,rebuffer happen
2025-12-19T03:01:05.204Z,0.022,3,1500,768x432,3.809140999999954,,rebuffer happen
2025-12-19T03:01:05.597Z,0.106,3,1500,768x432,3.84713899999997,,
2025-12-19T03:01:05.704Z,0.028,3,1500,768x432,3.8452609999999936,,rebuffer happen
2025-12-19T03:01:06.176Z,0.172,3,1500,768x432,3.9921300000000315,,
2025-12-19T03:01:06.322Z,0.032,3,1500,768x432,3.94877299999996,,rebuffer happen
2025-12-19T03:01:06.639Z,0.033,3,1500,768x432,4.046300000000031,,rebuffer happen
2025-12-19T03:01:06.837Z,0.129,3,1500,768x432,4.059545999999955,,
2025-12-19T03:01:06.972Z,0.017,3,1500,768x432,4.133476999999971,,rebuffer happen
2025-12-19T03:01:07.089Z,0.029,3,1500,768x432,4.217641000000015,,rebuffer happen
2025-12-19T03:01:07.471Z,0.14,3,1500,768x432,4.271351999999979,,
2025-12-19T03:01:07.606Z,0.02,3,1500,768x432,4.24128300000001,,rebuffer happen
2025-12-19T03:01:07.873Z,0.022,3,1500,768x432,4.368842000000029,,rebuffer happen
2025-12-19T03:01:07.906Z,0.027,3,1500,768x432,4.340745000000027,,rebuffer happen
2025-12-19T03:01:07.990Z,0.025,3,1500,768x432,4.373139000000037,,rebuffer happen
2025-12-19T03:01:08.122Z,0.119,3,1500,768x432,4.360834000000011,,
2025-12-19T03:01:08.240Z,0.03,3,1500,768x432,4.34876799999995,,rebuffer happen
2025-12-19T03:01:08.540Z,0.03,3,1500,768x432,4.478178000000014,,rebuffer happen
2025-12-19T03:01:08.852Z,0.079,3,1500,768x432,4.609902000000034,,
2025-12-19T03:01:08.924Z,0.02,3,1500,768x432,4.538867000000039,,rebuffer happen
2025-12-19T03:01:09.074Z,0.021,3,1500,768x432,4.710619000000008,,rebuffer happen
2025-12-19T03:01:09.341Z,0.028,3,1500,768x432,4.683818000000031,,rebuffer happen
2025-12-19T03:01:09.532Z,0.087,3,1500,768x432,4.715902999999969,,
2025-12-19T03:01:09.624Z,0.018,3,1500,768x432,4.732190000000003,,rebuffer happen
2025-12-19T03:01:09.724Z,0.026,3,1500,768x432,4.809285000000045,,rebuffer happen
2025-12-19T03:01:10.142Z,0.144,3,1500,768x432,4.847451999999976,,
2025-12-19T03:01:10.241Z,0.029,3,1500,768x432,4.843739000000028,,rebuffer happen
2025-12-19T03:01:10.558Z,0.019,3,1500,768x432,5.03499400000004,,rebuffer happen
2025-12-19T03:01:10.608Z,0.051,3,1500,768x432,4.999465000000043,,rebuffer happen
2025-12-19T03:01:10.642Z,0.021,3,1500,768x432,4.969628999999998,,rebuffer happen
2025-12-19T03:01:10.675Z,0.03,3,1500,768x432,5.043047999999999,,rebuffer happen
2025-12-19T03:01:10.826Z,0.028,3,1500,768x432,5.006910000000005,,rebuffer happen
2025-12-19T03:01:10.858Z,0.061,3,1500,768x432,5.081795,,
2025-12-19T03:01:10.909Z,0.022,3,1500,768x432,5.0363080000000195,,rebuffer happen
2025-12-19T03:01:11.059Z,0.022,3,1500,768x432,5.210144000000014,,rebuffer happen
2025-12-19T03:01:11.408Z,0.183,3,1500,768x432,5.199662000000046,,
2025-12-19T03:01:11.825Z,0.256,3,1500,768x432,5.1942339999999945,,
2025-12-19T03:01:12.468Z,0.138,3,1500,768x432,5.245090000000005,,
2025-12-19T03:01:12.577Z,0.023,3,1500,768x432,5.23924999999997,,rebuffer happen
2025-12-19T03:01:12.710Z,0.025,3,1500,768x432,5.314558999999974,,rebuffer happen
2025-12-19T03:01:12.794Z,0.023,3,1500,768x432,5.341085000000021,,rebuffer happen
2025-12-19T03:01:12.827Z,0.029,3,1500,768x432,5.3139659999999935,,rebuffer happen
2025-12-19T03:01:12.877Z,0.024,3,1500,768x432,5.379609999999957,,rebuffer happen
2025-12-19T03:01:12.927Z,0.029,3,1500,768x432,5.35163399999999,,rebuffer happen
2025-12-19T03:01:12.977Z,0.025,3,1500,768x432,5.410821999999996,,rebuffer happen
2025-12-19T03:01:13.029Z,0.029,3,1500,768x432,5.3821100000000115,,rebuffer happen
2025-12-19T03:01:13.110Z,0.03,3,1500,768x432,5.416838000000041,,rebuffer happen
2025-12-19T03:01:13.194Z,0.058,3,1500,768x432,5.437647000000027,,rebuffer happen
2025-12-19T03:01:13.254Z,0.068,3,1500,768x432,5.481461000000024,,
2025-12-19T03:01:13.294Z,0.029,3,1500,768x432,5.442042000000015,,rebuffer happen
2025-12-19T03:01:13.849Z,0.112,3,1500,768x432,5.626590999999962,,
2025-12-19T03:01:13.944Z,0.019,3,1500,768x432,5.531293000000005,,rebuffer happen
2025-12-19T03:01:14.403Z,0.185,3,1500,768x432,5.687624000000028,,
2025-12-19T03:01:14.545Z,0.027,3,1500,768x432,5.642747999999983,,rebuffer happen
2025-12-19T03:01:14.695Z,0.033,3,1500,768x432,5.780584000000033,,rebuffer happen
2025-12-19T03:01:14.762Z,0.018,3,1500,768x432,5.8312930000000165,,rebuffer happen
2025-12-19T03:01:14.829Z,0.049,3,1500,768x432,5.795810000000017,,rebuffer happen
2025-12-19T03:01:14.862Z,0.019,3,1500,768x432,5.865108999999961,,rebuffer happen
2025-12-19T03:01:14.896Z,0.028,3,1500,768x432,5.840309999999988,,rebuffer happen
2025-12-19T03:01:15.012Z,0.019,3,1500,768x432,5.865442999999971,,rebuffer happen
2025-12-19T03:01:15.062Z,0.018,3,1500,768x432,5.930927999999994,,rebuffer happen
2025-12-19T03:01:15.246Z,0.024,3,1500,768x432,5.870169999999973,,rebuffer happen
2025-12-19T03:01:15.365Z,0.024,3,1500,768x432,6.072169999999971,,
2025-12-19T03:01:15.396Z,0.031,3,1500,768x432,6.045888999999988,,rebuffer happen
2025-12-19T03:01:15.919Z,0.216,3,1500,768x432,6.235261000000037,,
2025-12-19T03:01:16.113Z,0.029,3,1500,768x432,6.242670000000032,,rebuffer happen
2025-12-19T03:01:16.576Z,0.139,3,1500,768x432,6.356486999999959,,
2025-12-19T03:01:16.697Z,0.021,3,1500,768x432,6.334671999999955,,rebuffer happen
2025-12-19T03:01:16.980Z,0.032,3,1500,768x432,6.483821999999975,,rebuffer happen
2025-12-19T03:01:17.251Z,0.1,3,1500,768x432,6.53278899999998,,
2025-12-19T03:01:17.347Z,0.023,3,1500,768x432,6.536659000000043,,rebuffer happen
2025-12-19T03:01:17.514Z,0.021,3,1500,768x432,6.601628000000005,,rebuffer happen
2025-12-19T03:01:17.973Z,0.187,3,1500,768x432,6.812100999999984,,
2025-12-19T03:01:18.148Z,0.022,3,1500,768x432,6.836476000000005,,rebuffer happen
2025-12-19T03:01:18.498Z,0.032,3,1500,768x432,6.8118539999999825,,rebuffer happen
2025-12-19T03:01:18.632Z,0.028,3,1500,768x432,6.809572000000003,,rebuffer happen
2025-12-19T03:01:18.676Z,0.027,3,1500,768x432,6.873291999999992,,
2025-12-19T03:01:18.715Z,0.02,3,1500,768x432,6.834622000000024,,rebuffer happen
2025-12-19T03:01:19.271Z,0.098,3,1500,768x432,7.020407000000034,,
2025-12-19T03:01:19.349Z,0.026,3,1500,768x432,7.038076999999987,,rebuffer happen
2025-12-19T03:01:19.810Z,0.19,3,1500,768x432,7.112889999999993,,
2025-12-19T03:01:19.983Z,0.028,3,1500,768x432,7.150817000000018,,rebuffer happen
2025-12-19T03:01:20.098Z,0.322,3,1500,768x432,7.15317600000003,,
2025-12-19T03:01:20.126Z,0.758,3,1500,768x432,7.119075000000009,,
2025-12-19T03:01:20.756Z,0.162,3,1500,768x432,6.879398000000037,,rebuffer happen
2025-12-19T03:01:21.066Z,0.138,3,1500,768x432,6.860807999999963,,
2025-12-19T03:01:21.184Z,0.031,3,1500,768x432,6.853533999999968,,rebuffer happen
2025-12-19T03:01:21.713Z,0.101,3,1500,768x432,6.92728500000004,,
2025-12-19T03:01:21.785Z,0.033,3,1500,768x432,6.9454580000000306,,rebuffer happen
2025-12-19T03:01:22.368Z,0.02,3,1500,768x432,7.076346999999998,,rebuffer happen
2025-12-19T03:01:22.371Z,0.02,3,1500,768x432,7.076346999999998,,
2025-12-19T03:01:22.401Z,0.026,3,1500,768x432,7.049716999999987,,rebuffer happen
2025-12-19T03:01:22.999Z,0.082,3,1500,768x432,7.189181000000019,,
2025-12-19T03:01:23.053Z,0.021,3,1500,768x432,7.2398000000000025,,rebuffer happen
2025-12-19T03:01:23.419Z,0.03,3,1500,768x432,7.277011000000016,,rebuffer happen
2025-12-19T03:01:23.621Z,0.087,3,1500,768x432,7.3107499999999845,,
2025-12-19T03:01:23.687Z,0.027,3,1500,768x432,7.341880000000003,,rebuffer happen
2025-12-19T03:01:24.259Z,0.071,3,1500,768x432,7.487109000000032,,
2025-12-19T03:01:24.303Z,0.03,3,1500,768x432,7.4429850000000215,,rebuffer happen
2025-12-19T03:01:24.704Z,0.029,3,1500,768x432,7.577381000000003,,rebuffer happen
2025-12-19T03:01:24.916Z,0.084,3,1500,768x432,7.580936000000008,,
2025-12-19T03:01:24.953Z,0.031,3,1500,768x432,7.646042000000023,,rebuffer happen
2025-12-19T03:01:25.121Z,0.029,3,1500,768x432,7.716615999999988,,rebuffer happen
2025-12-19T03:01:25.571Z,0.074,3,1500,768x432,7.781920999999954,,
2025-12-19T03:01:25.572Z,0.056,3,1500,768x432,7.780754000000002,,rebuffer happen
2025-12-19T03:01:25.604Z,0.028,3,1500,768x432,7.752154999999959,,rebuffer happen
2025-12-19T03:01:26.088Z,0.029,3,1500,768x432,7.912111999999979,,rebuffer happen
2025-12-19T03:01:26.234Z,0.071,3,1500,768x432,7.8857589999999504,,
2025-12-19T03:01:26.288Z,0.019,3,1500,768x432,7.932166999999993,,rebuffer happen
2025-12-19T03:01:26.889Z,0.02,3,1500,768x432,8.070512000000008,,rebuffer happen
2025-12-19T03:01:26.902Z,0.02,3,1500,768x432,8.070512000000008,,
2025-12-19T03:01:26.939Z,0.021,3,1500,768x432,8.038287999999966,,rebuffer happen
2025-12-19T03:01:27.105Z,0.022,3,1500,768x432,8.204009000000042,,rebuffer happen
2025-12-19T03:01:27.222Z,0.02,3,1500,768x432,8.203642000000002,,rebuffer happen
2025-12-19T03:01:27.565Z,0.082,3,1500,768x432,8.29767899999996,,
2025-12-19T03:01:27.622Z,0.028,3,1500,768x432,8.240871999999968,,rebuffer happen
2025-12-19T03:01:28.079Z,0.185,3,1500,768x432,8.421828000000005,,
2025-12-19T03:01:28.257Z,0.023,3,1500,768x432,8.441334999999981,,rebuffer happen
2025-12-19T03:01:28.617Z,0.222,3,1500,768x432,8.455822000000012,,
2025-12-19T03:01:28.823Z,0.028,3,1500,768x432,8.455891000000008,,rebuffer happen
2025-12-19T03:01:29.232Z,0.23,3,1500,768x432,8.537153999999987,,
2025-12-19T03:01:29.424Z,0.031,3,1500,768x432,8.549392000000012,,rebuffer happen
2025-12-19T03:01:29.919Z,0.176,3,1500,768x432,8.69328200000001,,
2025-12-19T03:01:30.075Z,0.021,3,1500,768x432,8.733889999999974,,rebuffer happen
2025-12-19T03:01:30.325Z,0.027,3,1500,768x432,8.843725000000006,,rebuffer happen
2025-12-19T03:01:30.592Z,0.026,3,1500,768x432,8.911471000000006,,rebuffer happen
2025-12-19T03:01:30.625Z,0.03,3,1500,768x432,8.881389000000013,,rebuffer happen
2025-12-19T03:01:30.766Z,0.075,3,1500,768x432,8.977494999999976,,
2025-12-19T03:01:30.808Z,0.025,3,1500,768x432,8.939329999999984,,rebuffer happen
2025-12-19T03:01:31.176Z,0.021,3,1500,768x432,9.179438000000005,,rebuffer happen
2025-12-19T03:01:31.209Z,0.029,3,1500,768x432,9.154395999999963,,rebuffer happen
2025-12-19T03:01:31.259Z,0.029,3,1500,768x432,9.214072999999985,,rebuffer happen
2025-12-19T03:01:31.309Z,0.02,3,1500,768x432,9.171410999999978,,rebuffer happen
2025-12-19T03:01:31.626Z,0.033,3,1500,768x432,9.278483999999992,,rebuffer happen
2025-12-19T03:01:31.626Z,0.033,3,1500,768x432,9.278483999999992,,
2025-12-19T03:01:31.676Z,0.022,3,1500,768x432,9.338295000000016,,rebuffer happen
2025-12-19T03:01:32.218Z,0.1,3,1500,768x432,9.407719999999983,,
2025-12-19T03:01:32.293Z,0.02,3,1500,768x432,9.433426999999995,,rebuffer happen
2025-12-19T03:01:32.426Z,0.017,3,1500,768x432,9.49899499999998,,rebuffer happen
2025-12-19T03:01:32.856Z,0.075,3,1500,768x432,9.611597000000017,,
2025-12-19T03:01:32.927Z,0.027,3,1500,768x432,9.548011000000031,,rebuffer happen
2025-12-19T03:01:33.093Z,0.021,3,1500,768x432,9.702229999999986,,rebuffer happen
2025-12-19T03:01:33.491Z,0.112,3,1500,768x432,9.756203999999968,,
2025-12-19T03:01:33.611Z,0.017,3,1500,768x432,9.729199999999992,,rebuffer happen
2025-12-19T03:01:34.122Z,0.11,3,1500,768x432,9.830998999999963,,
2025-12-19T03:01:34.211Z,0.025,3,1500,768x432,9.838244999999972,,rebuffer happen
2025-12-19T03:01:34.755Z,0.125,3,1500,768x432,10.062559999999962,,
2025-12-19T03:01:34.879Z,0.026,3,1500,768x432,10.04720900000001,,rebuffer happen
2025-12-19T03:01:35.390Z,0.143,3,1500,768x432,10.151994000000002,,
2025-12-19T03:01:35.496Z,0.031,3,1500,768x432,10.145023000000037,,rebuffer happen
2025-12-19T03:01:36.022Z,0.172,3,1500,768x432,10.293169999999975,,
2025-12-19T03:01:36.180Z,0.02,3,1500,768x432,10.33578399999999,,rebuffer happen
2025-12-19T03:01:36.730Z,0.024,3,1500,768x432,10.411608000000001,,rebuffer happen
2025-12-19T03:01:36.862Z,0.024,3,1500,768x432,10.604608000000042,,
2025-12-19T03:01:36.947Z,0.016,3,1500,768x432,10.628340000000037,,rebuffer happen
2025-12-19T03:01:37.214Z,0.028,3,1500,768x432,10.673669000000018,,rebuffer happen
2025-12-19T03:01:37.297Z,0.022,3,1500,768x432,10.702527999999973,,rebuffer happen
2025-12-19T03:01:37.330Z,0.028,3,1500,768x432,10.674510999999995,,rebuffer happen
2025-12-19T03:01:37.414Z,0.027,3,1500,768x432,10.706855000000019,,rebuffer happen
2025-12-19T03:01:37.497Z,0.022,3,1500,768x432,10.734849999999994,,rebuffer happen
2025-12-19T03:01:37.581Z,0.02,3,1500,768x432,10.765404999999987,,rebuffer happen
2025-12-19T03:01:37.583Z,0.02,3,1500,768x432,10.765404999999987,,
2025-12-19T03:01:37.614Z,0.026,3,1500,768x432,10.738251999999989,,rebuffer happen
2025-12-19T03:01:38.165Z,0.027,3,1500,768x432,10.939020000000028,,rebuffer happen
2025-12-19T03:01:38.198Z,0.031,3,1500,768x432,10.909988999999996,,rebuffer happen
2025-12-19T03:01:38.246Z,0.064,3,1500,768x432,10.873212000000024,,
2025-12-19T03:01:38.281Z,0.03,3,1500,768x432,10.943224999999984,,rebuffer happen
2025-12-19T03:01:38.799Z,0.027,3,1500,768x432,11.082968999999991,,rebuffer happen
2025-12-19T03:01:38.914Z,0.031,3,1500,768x432,11.07348300000001,,
2025-12-19T03:01:38.948Z,0.027,3,1500,768x432,11.139971000000003,,rebuffer happen
2025-12-19T03:01:39.466Z,0.028,3,1500,768x432,11.28174899999999,,rebuffer happen
2025-12-19T03:01:39.554Z,0.109,3,1500,768x432,11.321998000000008,,
2025-12-19T03:01:39.649Z,0.02,3,1500,768x432,11.333045999999968,,rebuffer happen
2025-12-19T03:01:40.040Z,0.168,3,1500,768x432,11.284152000000006,,
2025-12-19T03:01:40.516Z,0.028,3,1500,768x432,11.31389999999999,,rebuffer happen
2025-12-19T03:01:40.600Z,0.024,3,1500,768x432,11.33720199999999,,rebuffer happen
2025-12-19T03:01:40.700Z,0.019,3,1500,768x432,11.367643999999984,,rebuffer happen
2025-12-19T03:01:40.702Z,0.019,3,1500,768x432,11.367643999999984,,
2025-12-19T03:01:40.733Z,0.025,3,1500,768x432,11.340444999999988,,rebuffer happen
2025-12-19T03:01:41.050Z,0.024,3,1500,768x432,11.540430000000015,,rebuffer happen
2025-12-19T03:01:41.083Z,0.029,3,1500,768x432,11.51224400000001,,rebuffer happen
2025-12-19T03:01:41.133Z,0.021,3,1500,768x432,11.471046999999999,,rebuffer happen
2025-12-19T03:01:41.167Z,0.027,3,1500,768x432,11.543912000000034,,rebuffer happen
2025-12-19T03:01:41.250Z,0.023,3,1500,768x432,11.573024999999973,,rebuffer happen
2025-12-19T03:01:41.284Z,0.028,3,1500,768x432,11.544806999999992,,rebuffer happen
2025-12-19T03:01:41.361Z,0.06,3,1500,768x432,11.581900000000019,,
2025-12-19T03:01:41.417Z,0.016,3,1500,768x432,11.532182000000034,,rebuffer happen
2025-12-19T03:01:41.930Z,0.121,3,1500,768x432,11.62976999999995,,
2025-12-19T03:01:42.018Z,0.027,3,1500,768x432,11.641285000000039,,rebuffer happen
2025-12-19T03:01:42.460Z,0.183,3,1500,768x432,11.792508999999995,,
2025-12-19T03:01:42.618Z,0.019,3,1500,768x432,11.733045000000004,,rebuffer happen
2025-12-19T03:01:42.819Z,0.018,3,1500,768x432,11.796812000000045,,rebuffer happen
2025-12-19T03:01:43.102Z,0.028,3,1500,768x432,11.942610000000002,,rebuffer happen
2025-12-19T03:01:43.185Z,0.026,3,1500,768x432,11.972487000000001,,rebuffer happen
2025-12-19T03:01:43.302Z,0.02,3,1500,768x432,11.968724000000009,,rebuffer happen
2025-12-19T03:01:43.308Z,0.02,3,1500,768x432,11.968724000000009,,
2025-12-19T03:01:43.335Z,0.029,3,1500,768x432,11.944794000000002,,rebuffer happen
2025-12-19T03:01:44.023Z,0.103,3,1500,768x432,12.225048999999956,,
2025-12-19T03:01:44.103Z,0.027,3,1500,768x432,12.239312999999981,,rebuffer happen
2025-12-19T03:01:44.670Z,0.019,3,1500,768x432,12.432316999999955,,rebuffer happen
2025-12-19T03:01:44.703Z,0.025,3,1500,768x432,12.40519999999998,,rebuffer happen
2025-12-19T03:01:44.753Z,0.022,3,1500,768x432,12.467521000000033,,rebuffer happen
2025-12-19T03:01:44.761Z,0.022,3,1500,768x432,12.467521000000033,,
2025-12-19T03:01:44.803Z,0.018,3,1500,768x432,12.430695000000014,,rebuffer happen
2025-12-19T03:01:45.304Z,0.023,3,1500,768x432,12.56908100000004,,rebuffer happen
2025-12-19T03:01:45.337Z,0.029,3,1500,768x432,12.541917000000012,,rebuffer happen
2025-12-19T03:01:45.417Z,0.079,3,1500,768x432,12.579878000000008,,
2025-12-19T03:01:45.454Z,0.031,3,1500,768x432,12.644999999999982,,rebuffer happen
2025-12-19T03:01:45.737Z,0.024,3,1500,768x432,12.711457999999993,,rebuffer happen
2025-12-19T03:01:46.080Z,0.087,3,1500,768x432,12.808010999999965,,
2025-12-19T03:01:46.138Z,0.024,3,1500,768x432,12.750777999999968,,rebuffer happen
2025-12-19T03:01:46.771Z,0.024,3,1500,768x432,13.183187999999973,,rebuffer happen
2025-12-19T03:01:46.821Z,0.022,3,1500,768x432,13.147733000000017,,rebuffer happen
2025-12-19T03:01:46.871Z,0.017,3,1500,768x432,13.203607999999974,,rebuffer happen
2025-12-19T03:01:46.905Z,0.022,3,1500,768x432,13.174594000000013,,rebuffer happen
2025-12-19T03:01:46.955Z,0.025,3,1500,768x432,13.238837999999987,,rebuffer happen
2025-12-19T03:01:47.005Z,0.025,3,1500,768x432,13.204862999999989,,rebuffer happen
2025-12-19T03:01:47.105Z,0.017,3,1500,768x432,13.27219500000001,,rebuffer happen
2025-12-19T03:01:47.106Z,0.017,3,1500,768x432,13.27219500000001,,
2025-12-19T03:01:47.139Z,0.022,3,1500,768x432,13.243412999999975,,rebuffer happen
2025-12-19T03:01:47.723Z,0.021,3,1500,768x432,13.802313000000026,,rebuffer happen
2025-12-19T03:01:47.772Z,0.017,3,1500,768x432,13.874999000000003,,rebuffer happen
2025-12-19T03:01:47.856Z,0.022,3,1500,768x432,13.939396999999985,,rebuffer happen
2025-12-19T03:01:47.956Z,0,3,1500,768x432,13.980166999999994,,rebuffer happen
2025-12-19T03:01:47.956Z,0,3,1500,768x432,13.980166999999994,,rebuffer happen
2025-12-19T03:01:49.501Z,0,3,1500,768x432,15.490166999999985,,
2025-12-19T03:01:50.984Z,0,3,1500,768x432,16.987167,,
2025-12-19T03:01:51.238Z,0.251,3,1500,768x432,5.071198999999979,,rebuffer happen
2025-12-19T03:01:51.376Z,0.045,3,1500,768x432,5.071831999999972,,rebuffer happen
2025-12-19T03:01:51.525Z,0.028,3,1500,768x432,5.082132999999999,,rebuffer happen
2025-12-19T03:01:51.576Z,0.018,3,1500,768x432,5.13224299999996,,rebuffer happen
2025-12-19T03:01:51.642Z,0.03,3,1500,768x432,5.110850999999968,,rebuffer happen
2025-12-19T03:01:51.709Z,0.023,3,1500,768x432,5.1793630000000235,,rebuffer happen
2025-12-19T03:01:51.792Z,0.024,3,1500,768x432,5.241962000000001,,rebuffer happen
2025-12-19T03:01:51.859Z,0.03,3,1500,768x432,5.321971000000019,,rebuffer happen
2025-12-19T03:01:51.959Z,0.026,3,1500,768x432,5.382087000000013,,rebuffer happen
2025-12-19T03:01:52.059Z,0.025,3,1500,768x432,5.438045999999986,,rebuffer happen
2025-12-19T03:01:52.159Z,0.017,3,1500,768x432,5.495701999999994,,rebuffer happen
2025-12-19T03:01:52.243Z,0.016,3,1500,768x432,5.462011000000018,,rebuffer happen
2025-12-19T03:01:52.276Z,0.028,3,1500,768x432,5.545508000000041,,rebuffer happen
2025-12-19T03:01:52.393Z,0.018,3,1500,768x432,5.5980990000000475,,rebuffer happen
2025-12-19T03:01:52.476Z,0.015,3,1500,768x432,5.672154999999975,,rebuffer happen
2025-12-19T03:01:52.528Z,0.015,3,1500,768x432,5.672154999999975,,
2025-12-19T03:01:52.560Z,0.021,2,1000,640x360,5.736698000000047,,rebuffer happen
2025-12-19T03:01:52.607Z,0.021,2,1000,640x360,5.736698000000047,,
2025-12-19T03:01:53.010Z,0.025,2,1000,640x360,6.112426999999968,,rebuffer happen
2025-12-19T03:01:53.244Z,0.02,2,1000,640x360,6.108513000000016,,rebuffer happen
2025-12-19T03:01:53.277Z,0.026,2,1000,640x360,6.172239000000047,,rebuffer happen
2025-12-19T03:01:53.327Z,0.029,2,1000,640x360,6.14158900000001,,rebuffer happen
2025-12-19T03:01:53.377Z,0.029,2,1000,640x360,6.2078559999999925,,rebuffer happen
2025-12-19T03:01:53.427Z,0.025,2,1000,640x360,6.170891999999981,,rebuffer happen
2025-12-19T03:01:53.477Z,0.019,2,1000,640x360,6.239405999999974,,rebuffer happen
2025-12-19T03:01:53.510Z,0.024,2,1000,640x360,6.211443999999972,,rebuffer happen
2025-12-19T03:01:53.561Z,0.026,2,1000,640x360,6.272382999999991,,rebuffer happen
2025-12-19T03:01:53.593Z,0.026,2,1000,640x360,6.272382999999991,,
2025-12-19T03:01:53.627Z,0.029,2,1000,640x360,6.242416999999989,,rebuffer happen
2025-12-19T03:01:54.011Z,0.027,2,1000,640x360,6.61693299999996,,rebuffer happen
2025-12-19T03:01:54.294Z,0.025,2,1000,640x360,6.641548,,rebuffer happen
2025-12-19T03:01:54.378Z,0.019,2,1000,640x360,6.667524999999955,,rebuffer happen
2025-12-19T03:01:54.461Z,0.027,2,1000,640x360,6.7499500000000126,,rebuffer happen
2025-12-19T03:01:54.561Z,0.022,2,1000,640x360,6.771455000000003,,rebuffer happen
2025-12-19T03:01:54.574Z,0.022,2,1000,640x360,6.771455000000003,,
2025-12-19T03:01:54.611Z,0.021,2,1000,640x360,6.737887999999998,,rebuffer happen
2025-12-19T03:01:55.012Z,0.028,2,1000,640x360,7.118309999999951,,rebuffer happen
2025-12-19T03:01:55.212Z,0.027,2,1000,640x360,7.153251000000012,,rebuffer happen
2025-12-19T03:01:55.295Z,0.021,2,1000,640x360,7.168040000000019,,rebuffer happen
2025-12-19T03:01:55.429Z,0.027,2,1000,640x360,7.245812999999998,,rebuffer happen
2025-12-19T03:01:55.529Z,0.019,2,1000,640x360,7.264737000000025,,rebuffer happen
2025-12-19T03:01:55.645Z,0.021,2,1000,640x360,7.269844000000035,,rebuffer happen
2025-12-19T03:01:55.652Z,0.021,2,1000,640x360,7.367843999999991,,
2025-12-19T03:01:55.696Z,0.015,1,600,480x270,7.328856999999971,,rebuffer happen
2025-12-19T03:01:55.717Z,0.015,1,600,480x270,7.328856999999971,,
2025-12-19T03:01:56.149Z,0.266,1,600,480x270,7.591792999999996,,
2025-12-19T03:01:56.717Z,0.221,1,600,480x270,7.521430000000009,,
2025-12-19T03:01:56.914Z,0.024,1,600,480x270,7.547945000000027,,rebuffer happen
2025-12-19T03:01:56.947Z,0.03,1,600,480x270,7.608690000000024,,rebuffer happen
2025-12-19T03:01:57.236Z,0.209,1,600,480x270,7.537724999999966,,
2025-12-19T03:01:57.430Z,0.029,1,600,480x270,7.554013999999995,,rebuffer happen
2025-12-19T03:01:57.481Z,0.02,1,600,480x270,7.600545000000011,,rebuffer happen
2025-12-19T03:01:57.734Z,0.246,1,600,480x270,7.582885000000033,,
2025-12-19T03:01:58.298Z,0.018,1,600,480x270,7.6326179999999795,,rebuffer happen
2025-12-19T03:01:58.348Z,0.019,1,600,480x270,7.699141999999995,,rebuffer happen
2025-12-19T03:01:58.398Z,0.018,1,600,480x270,7.664419000000009,,rebuffer happen
2025-12-19T03:01:58.431Z,0.027,1,600,480x270,7.640802000000008,,rebuffer happen
2025-12-19T03:01:58.498Z,0.016,1,600,480x270,7.697582000000011,,rebuffer happen
2025-12-19T03:01:58.581Z,0.016,1,600,480x270,7.762842000000035,,rebuffer happen
2025-12-19T03:01:58.589Z,0.016,1,600,480x270,7.762842000000035,,
2025-12-19T03:01:58.615Z,0.026,1,600,480x270,7.739935000000003,,rebuffer happen
2025-12-19T03:01:58.781Z,0.022,1,600,480x270,7.868421000000012,,rebuffer happen
2025-12-19T03:01:58.865Z,0.031,1,600,480x270,7.945968999999991,,rebuffer happen
2025-12-19T03:01:59.264Z,0.109,1,600,480x270,8.034763999999996,,
2025-12-19T03:01:59.366Z,0.02,1,600,480x270,8.044860999999969,,rebuffer happen
2025-12-19T03:01:59.751Z,0.294,1,600,480x270,8.24446800000004,,rebuffer happen
2025-12-19T03:01:59.771Z,0.294,1,600,480x270,8.224860000000035,,
2025-12-19T03:01:59.898Z,0.19,1,600,480x270,8.214544999999987,,rebuffer happen
2025-12-19T03:02:00.032Z,0.028,1,600,480x270,8.149122000000034,,rebuffer happen
2025-12-19T03:02:00.387Z,0.259,1,600,480x270,8.266777000000047,,
2025-12-19T03:02:00.616Z,0.024,1,600,480x270,8.250613999999985,,rebuffer happen
2025-12-19T03:02:00.974Z,0.238,1,600,480x270,8.367088000000024,,
2025-12-19T03:02:01.200Z,0.026,1,600,480x270,8.344432999999981,,rebuffer happen
2025-12-19T03:02:01.570Z,0.201,1,600,480x270,8.419836000000032,,
2025-12-19T03:02:01.734Z,0.031,1,600,480x270,8.349518999999987,,rebuffer happen
2025-12-19T03:02:02.001Z,0.024,1,600,480x270,8.439598999999987,,rebuffer happen
2025-12-19T03:02:02.203Z,0.185,1,600,480x270,8.52973499999996,,
2025-12-19T03:02:02.419Z,0.03,1,600,480x270,8.518272000000024,,rebuffer happen
2025-12-19T03:02:02.672Z,0.204,1,600,480x270,8.57124600000003,,
2025-12-19T03:02:03.182Z,0.24,1,600,480x270,8.567170000000033,,
2025-12-19T03:02:03.693Z,0.221,1,600,480x270,8.556759999999997,,
2025-12-19T03:02:04.271Z,0.241,1,600,480x270,8.593585000000019,,
2025-12-19T03:02:04.419Z,0.028,1,600,480x270,8.546374000000014,,rebuffer happen
2025-12-19T03:02:04.780Z,0.202,1,600,480x270,8.641553999999985,,
2025-12-19T03:02:05.236Z,0.263,1,600,480x270,8.590328,,
2025-12-19T03:02:05.735Z,0.265,1,600,480x270,8.591452000000004,,
2025-12-19T03:02:05.988Z,0.045,1,600,480x270,8.661821999999972,,rebuffer happen
2025-12-19T03:02:06.264Z,0.258,1,600,480x270,8.708745999999962,,
2025-12-19T03:02:06.793Z,0.228,1,600,480x270,8.676906999999972,,
2025-12-19T03:02:07.347Z,0.193,1,600,480x270,8.720101999999997,,
2025-12-19T03:02:07.522Z,0.032,1,600,480x270,8.653448000000026,,rebuffer happen
2025-12-19T03:02:07.867Z,0.228,1,600,480x270,8.751680000000022,,
2025-12-19T03:02:08.073Z,0.028,1,600,480x270,8.743044999999995,,rebuffer happen
2025-12-19T03:02:08.390Z,0.242,1,600,480x270,8.75368599999996,,
2025-12-19T03:02:08.607Z,0.02,1,600,480x270,8.733874000000014,,rebuffer happen
2025-12-19T03:02:08.979Z,0.148,1,600,480x270,8.783038999999974,,
2025-12-19T03:02:09.432Z,0.202,1,600,480x270,8.728422000000023,,
2025-12-19T03:02:09.907Z,0.231,1,600,480x270,8.760266999999999,,
2025-12-19T03:02:10.413Z,0.268,1,600,480x270,8.756807999999978,,
2025-12-19T03:02:10.658Z,0.03,1,600,480x270,8.82019600000001,,rebuffer happen
2025-12-19T03:02:10.958Z,0.233,1,600,480x270,8.843097999999998,,
2025-12-19T03:02:11.158Z,0.02,1,600,480x270,8.844069999999988,,rebuffer happen
2025-12-19T03:02:11.521Z,0.212,1,600,480x270,8.828858999999966,,
2025-12-19T03:02:11.709Z,0.018,1,600,480x270,8.836101999999983,,rebuffer happen
2025-12-19T03:02:12.068Z,0.264,1,600,480x270,8.95080999999999,,
2025-12-19T03:02:12.276Z,0.03,1,600,480x270,8.946618,,rebuffer happen
2025-12-19T03:02:12.615Z,0.242,1,600,480x270,8.965792000000022,,
2025-12-19T03:02:12.843Z,0.025,1,600,480x270,8.937081000000035,,rebuffer happen
2025-12-19T03:02:13.161Z,0.234,1,600,480x270,9.071206000000018,,
2025-12-19T03:02:13.410Z,0.032,1,600,480x270,9.026650999999958,,rebuffer happen
2025-12-19T03:02:13.692Z,0.224,1,600,480x270,9.044460999999956,,
2025-12-19T03:02:13.910Z,0.018,1,600,480x270,9.044134999999983,,rebuffer happen
2025-12-19T03:02:13.944Z,0.023,1,600,480x270,9.015877999999987,,rebuffer happen
2025-12-19T03:02:14.284Z,0.201,1,600,480x270,9.091580000000022,,
2025-12-19T03:02:14.428Z,0.033,1,600,480x270,9.059681000000012,,rebuffer happen
2025-12-19T03:02:14.762Z,0.268,1,600,480x270,9.179458000000011,,
2025-12-19T03:02:15.258Z,0.262,1,600,480x270,9.194113000000016,,
2025-12-19T03:02:15.852Z,0.188,1,600,480x270,9.204533999999967,,
2025-12-19T03:02:16.029Z,0.022,1,600,480x270,9.143869000000052,,rebuffer happen
2025-12-19T03:02:16.341Z,0.243,1,600,480x270,9.175190000000043,,
2025-12-19T03:02:16.829Z,0.276,1,600,480x270,9.190837000000045,,
2025-12-19T03:02:17.320Z,0.269,1,600,480x270,9.199183000000005,,
2025-12-19T03:02:17.564Z,0.039,1,600,480x270,9.26676500000002,,rebuffer happen
2025-12-19T03:02:17.820Z,0.332,1,600,480x270,9.253188999999963,,
2025-12-19T03:02:18.014Z,0.046,1,600,480x270,9.164642999999955,,rebuffer happen
2025-12-19T03:02:18.015Z,0.046,1,600,480x270,9.164642999999955,,rebuffer happen
2025-12-19T03:02:18.529Z,0.093,1,600,480x270,9.24277699999999,,
2025-12-19T03:02:18.631Z,0.024,1,600,480x270,9.237436000000002,,rebuffer happen
2025-12-19T03:02:18.782Z,0.023,1,600,480x270,9.404256999999973,,rebuffer happen
2025-12-19T03:02:19.093Z,0.197,1,600,480x270,9.410267999999974,,
2025-12-19T03:02:19.265Z,0.019,1,600,480x270,9.445366999999976,,rebuffer happen
2025-12-19T03:02:19.620Z,0.228,1,600,480x270,9.440527999999972,,
2025-12-19T03:02:20.093Z,0.276,1,600,480x270,9.493949999999984,,
2025-12-19T03:02:20.604Z,0.252,1,600,480x270,9.473281999999983,,
2025-12-19T03:02:21.132Z,0.215,1,600,480x270,9.455659000000026,,
2025-12-19T03:02:21.334Z,0.036,1,600,480x270,9.463696000000027,,rebuffer happen
2025-12-19T03:02:21.673Z,0.229,1,600,480x270,9.540283999999986,,
2025-12-19T03:02:22.198Z,0.212,1,600,480x270,9.5231,,
2025-12-19T03:02:22.722Z,0.19,1,600,480x270,9.500610999999992,,
2025-12-19T03:02:22.885Z,0.026,1,600,480x270,9.54382099999998,,rebuffer happen
2025-12-19T03:02:23.251Z,0.167,1,600,480x270,9.61109300000004,,
2025-12-19T03:02:23.419Z,0.027,1,600,480x270,9.548104000000023,,rebuffer happen
2025-12-19T03:02:23.786Z,0.191,1,600,480x270,9.596812,,
2025-12-19T03:02:23.953Z,0.033,1,600,480x270,9.650282000000004,,rebuffer happen
2025-12-19T03:02:24.326Z,0.181,1,600,480x270,9.602067000000034,,
2025-12-19T03:02:24.470Z,0.032,1,600,480x270,9.645530000000008,,rebuffer happen
2025-12-19T03:02:24.838Z,0.203,1,600,480x270,9.63250499999998,,
2025-12-19T03:02:25.053Z,0.019,1,600,480x270,9.738297999999986,,rebuffer happen
2025-12-19T03:02:25.305Z,0.306,1,600,480x270,9.745169999999973,,
2025-12-19T03:02:25.427Z,0.147,1,600,480x270,9.660216000000048,,rebuffer happen
2025-12-19T03:02:25.503Z,0.032,1,600,480x270,9.645393000000013,,rebuffer happen
2025-12-19T03:02:25.799Z,0.331,1,600,480x270,9.76228900000001,,
2025-12-19T03:02:26.034Z,0.133,1,600,480x270,9.754302000000052,,rebuffer happen
2025-12-19T03:02:26.104Z,0.029,1,600,480x270,9.741251999999974,,rebuffer happen
2025-12-19T03:02:26.287Z,0.345,1,600,480x270,9.789834000000042,,
2025-12-19T03:02:26.362Z,0.295,1,600,480x270,9.809943999999973,,rebuffer happen
2025-12-19T03:02:26.554Z,0.018,1,600,480x270,9.731912000000023,,rebuffer happen
2025-12-19T03:02:26.654Z,0.029,1,600,480x270,9.816219999999987,,rebuffer happen
2025-12-19T03:02:26.807Z,0.322,1,600,480x270,9.784140999999977,,
2025-12-19T03:02:26.908Z,0.281,1,600,480x270,9.808283999999958,,rebuffer happen
2025-12-19T03:02:27.155Z,0.033,1,600,480x270,9.847344000000021,,rebuffer happen
2025-12-19T03:02:27.387Z,0.349,1,600,480x270,9.854767999999979,,
2025-12-19T03:02:27.605Z,0.028,1,600,480x270,9.74300900000003,,rebuffer happen
2025-12-19T03:02:27.606Z,0.028,1,600,480x270,9.74300900000003,,rebuffer happen
2025-12-19T03:02:27.984Z,0.271,1,600,480x270,9.902798000000018,,
2025-12-19T03:02:28.239Z,0.03,1,600,480x270,9.85179400000004,,rebuffer happen
2025-12-19T03:02:28.606Z,0.229,1,600,480x270,9.956769000000008,,
2025-12-19T03:02:28.823Z,0.029,1,600,480x270,9.942305999999974,,rebuffer happen
2025-12-19T03:02:29.179Z,0.277,1,600,480x270,10.084922000000006,,
2025-12-19T03:02:29.423Z,0.029,1,600,480x270,10.042152000000044,,rebuffer happen
2025-12-19T03:02:29.725Z,0.226,1,600,480x270,10.050366999999994,,
2025-12-19T03:02:29.940Z,0.028,1,600,480x270,10.04456399999998,,rebuffer happen
2025-12-19T03:02:30.243Z,0.282,1,600,480x270,10.110280000000046,,
2025-12-19T03:02:30.767Z,0.252,1,600,480x270,10.180258000000038,,
2025-12-19T03:02:31.008Z,0.03,1,600,480x270,10.154830000000004,,rebuffer happen
2025-12-19T03:02:31.272Z,0.267,1,600,480x270,10.214606000000003,,
2025-12-19T03:02:31.804Z,0.237,1,600,480x270,10.189662999999996,,
2025-12-19T03:02:32.042Z,0.03,1,600,480x270,10.15083199999998,,rebuffer happen
2025-12-19T03:02:32.338Z,0.269,1,600,480x270,10.19633200000004,,
2025-12-19T03:02:32.853Z,0.244,1,600,480x270,10.287697999999978,,
2025-12-19T03:02:33.093Z,0.029,1,600,480x270,10.243121999999971,,rebuffer happen
2025-12-19T03:02:33.412Z,0.283,1,600,480x270,10.30407299999996,,
2025-12-19T03:02:33.985Z,0.22,1,600,480x270,10.334294999999997,,
2025-12-19T03:02:34.177Z,0.017,1,600,480x270,10.342372999999952,,rebuffer happen
2025-12-19T03:02:34.549Z,0.233,1,600,480x270,10.440021000000002,,
2025-12-19T03:02:34.744Z,0.03,1,600,480x270,10.356641000000025,,rebuffer happen
2025-12-19T03:02:35.117Z,0.245,1,600,480x270,10.430492000000015,,
2025-12-19T03:02:35.312Z,0.02,1,600,480x270,10.440651000000003,,rebuffer happen
2025-12-19T03:02:35.671Z,0.174,1,600,480x270,10.517549000000031,,
2025-12-19T03:02:36.221Z,0.231,1,600,480x270,10.470368000000008,,
2025-12-19T03:02:36.346Z,0.023,1,600,480x270,10.436525000000017,,rebuffer happen
2025-12-19T03:02:36.462Z,0.023,1,600,480x270,10.57631200000003,,rebuffer happen
2025-12-19T03:02:36.680Z,0.249,1,600,480x270,10.586563000000012,,
2025-12-19T03:02:37.195Z,0.285,1,600,480x270,10.586287000000027,,
2025-12-19T03:02:37.621Z,0.301,1,600,480x270,10.573012000000006,,
2025-12-19T03:02:37.788Z,0.181,1,600,480x270,10.595357999999976,,rebuffer happen
2025-12-19T03:02:38.040Z,0.41,1,600,480x270,10.53738999999996,,
2025-12-19T03:02:38.207Z,0.181,1,600,480x270,10.496642000000008,,rebuffer happen
2025-12-19T03:02:38.297Z,0.046,1,600,480x270,10.459794999999986,,rebuffer happen
2025-12-19T03:02:38.459Z,0.375,1,600,480x270,10.536947999999995,,
2025-12-19T03:02:38.748Z,0.049,1,600,480x270,10.462514999999996,,rebuffer happen
2025-12-19T03:02:38.749Z,0.049,1,600,480x270,10.462514999999996,,rebuffer happen
2025-12-19T03:02:38.905Z,0.445,1,600,480x270,10.456957000000045,,
2025-12-19T03:02:39.181Z,0.043,1,600,480x270,10.369208000000015,,rebuffer happen
2025-12-19T03:02:39.182Z,0.043,1,600,480x270,10.369208000000015,,rebuffer happen
2025-12-19T03:02:39.441Z,0.168,1,600,480x270,10.381327999999996,,rebuffer happen
2025-12-19T03:02:39.532Z,0.032,1,600,480x270,10.354293999999982,,rebuffer happen
2025-12-19T03:02:39.730Z,0.164,1,600,480x270,10.476184999999987,,
2025-12-19T03:02:39.882Z,0.017,1,600,480x270,10.534516999999994,,rebuffer happen
2025-12-19T03:02:40.377Z,0.132,1,600,480x270,10.686579999999992,,
2025-12-19T03:02:40.516Z,0.024,1,600,480x270,10.641928000000007,,rebuffer happen
2025-12-19T03:02:40.926Z,0.205,1,600,480x270,10.731059000000016,,
2025-12-19T03:02:41.459Z,0.187,1,600,480x270,10.820867999999962,,
2025-12-19T03:02:41.633Z,0.022,1,600,480x270,10.74340699999999,,rebuffer happen
2025-12-19T03:02:41.935Z,0.27,1,600,480x270,10.781807000000015,,
2025-12-19T03:02:42.491Z,0.215,1,600,480x270,10.827202999999997,,
2025-12-19T03:02:42.668Z,0.033,1,600,480x270,10.851589999999987,,rebuffer happen
2025-12-19T03:02:43.022Z,0.211,1,600,480x270,10.850252000000012,,
2025-12-19T03:02:43.474Z,0.258,1,600,480x270,10.893640000000005,,
2025-12-19T03:02:44.039Z,0.212,1,600,480x270,10.848472000000015,,
2025-12-19T03:02:44.236Z,0.03,1,600,480x270,10.85379800000004,,rebuffer happen
2025-12-19T03:02:44.525Z,0.261,1,600,480x270,10.882738000000018,,
2025-12-19T03:02:45.053Z,0.251,1,600,480x270,10.981340999999986,,
2025-12-19T03:02:45.286Z,0.031,1,600,480x270,10.950548000000026,,rebuffer happen
2025-12-19T03:02:45.574Z,0.249,1,600,480x270,10.987633000000017,,
2025-12-19T03:02:46.109Z,0.191,1,600,480x270,10.953468999999984,,
2025-12-19T03:02:46.555Z,0.266,1,600,480x270,11.00761399999999,,
2025-12-19T03:02:47.041Z,0.326,1,600,480x270,10.935242000000017,,
2025-12-19T03:02:47.144Z,0.212,1,600,480x270,10.929710999999998,,rebuffer happen
2025-12-19T03:02:47.255Z,0.046,1,600,480x270,10.958714000000043,,rebuffer happen
2025-12-19T03:02:47.496Z,0.331,1,600,480x270,10.97381999999999,,
2025-12-19T03:02:47.644Z,0.149,1,600,480x270,10.864171999999996,,rebuffer happen
2025-12-19T03:02:47.722Z,0.033,1,600,480x270,10.85616200000004,,rebuffer happen
2025-12-19T03:02:48.046Z,0.364,1,600,480x270,10.972117999999966,,
2025-12-19T03:02:48.256Z,0.038,1,600,480x270,10.952739999999949,,rebuffer happen
2025-12-19T03:02:48.257Z,0.038,1,600,480x270,10.952739999999949,,rebuffer happen
2025-12-19T03:02:48.641Z,0.302,1,600,480x270,11.03736200000003,,
2025-12-19T03:02:48.765Z,0.201,1,600,480x270,11.116016000000002,,rebuffer happen
2025-12-19T03:02:48.940Z,0.028,1,600,480x270,11.052597999999989,,rebuffer happen
2025-12-19T03:02:49.213Z,0.369,1,600,480x270,11.182018000000028,,
2025-12-19T03:02:49.440Z,0.03,1,600,480x270,11.043427000000008,,rebuffer happen
2025-12-19T03:02:49.440Z,0.03,1,600,480x270,11.043427000000008,,rebuffer happen
2025-12-19T03:02:49.830Z,0.326,1,600,480x270,11.257036000000028,,
2025-12-19T03:02:49.969Z,0.151,1,600,480x270,11.270066000000043,,rebuffer happen
2025-12-19T03:02:50.040Z,0.045,1,600,480x270,11.164195000000007,,rebuffer happen
2025-12-19T03:02:50.552Z,0.251,1,600,480x270,11.454313000000013,,
2025-12-19T03:02:50.775Z,0.018,1,600,480x270,11.434573,,rebuffer happen
2025-12-19T03:02:51.287Z,0.174,1,600,480x270,11.580018999999993,,
2025-12-19T03:02:51.426Z,0.025,1,600,480x270,11.549448999999981,,rebuffer happen
2025-12-19T03:02:51.943Z,0.213,1,600,480x270,11.732952999999952,,
2025-12-19T03:02:52.125Z,0.03,1,600,480x270,11.742689999999982,,rebuffer happen
2025-12-19T03:02:52.522Z,0.244,1,600,480x270,11.869706000000008,,
2025-12-19T03:02:52.760Z,0.019,1,600,480x270,11.94412299999999,,rebuffer happen
2025-12-19T03:02:53.209Z,0.151,1,600,480x270,11.955689000000007,,
2025-12-19T03:02:53.326Z,0.023,1,600,480x270,11.947039000000018,,rebuffer happen
2025-12-19T03:02:53.772Z,0.18,1,600,480x270,12.107485999999994,,
2025-12-19T03:02:53.944Z,0.023,1,600,480x270,12.041133000000002,,rebuffer happen
2025-12-19T03:02:54.359Z,0.196,1,600,480x270,12.202429999999993,,
2025-12-19T03:02:54.527Z,0.017,1,600,480x270,12.144586000000004,,rebuffer happen
2025-12-19T03:02:54.627Z,0.023,1,600,480x270,12.208335000000034,,rebuffer happen
2025-12-19T03:02:54.893Z,0.266,1,600,480x270,12.27922799999999,,
2025-12-19T03:02:55.128Z,0.03,1,600,480x270,12.248325000000023,,rebuffer happen
2025-12-19T03:02:55.470Z,0.203,1,600,480x270,12.333608999999967,,
2025-12-19T03:02:55.661Z,0.026,1,600,480x270,12.342175999999995,,rebuffer happen
2025-12-19T03:02:55.942Z,0.258,1,600,480x270,12.30003800000003,,
2025-12-19T03:02:56.493Z,0.227,1,600,480x270,12.344912000000022,,
2025-12-19T03:02:56.730Z,0.128,1,600,480x270,12.311394000000007,,rebuffer happen
2025-12-19T03:02:57.112Z,0.144,1,600,480x270,12.360806999999966,,
2025-12-19T03:02:57.230Z,0.022,1,600,480x270,12.336349999999982,,rebuffer happen
2025-12-19T03:02:57.515Z,0.263,1,600,480x270,12.421091999999987,,
2025-12-19T03:02:57.727Z,0.195,1,600,480x270,12.408688999999981,,rebuffer happen
2025-12-19T03:02:57.957Z,0.383,1,600,480x270,12.504779999999982,,
2025-12-19T03:02:58.145Z,0.138,1,600,480x270,12.350212999999997,,rebuffer happen
2025-12-19T03:02:58.614Z,0.032,1,600,480x270,12.31248800000003,,rebuffer happen
2025-12-19T03:02:58.799Z,0.032,1,600,480x270,12.512488000000019,,
2025-12-19T03:02:58.881Z,0.024,1,600,480x270,12.537797000000012,,rebuffer happen
2025-12-19T03:02:59.269Z,0.242,1,600,480x270,12.656566000000055,,
2025-12-19T03:02:59.773Z,0.277,1,600,480x270,12.650496000000032,,
2025-12-19T03:03:00.258Z,0.235,1,600,480x270,12.675258999999983,,
2025-12-19T03:03:00.756Z,0.236,1,600,480x270,12.680890999999974,,
2025-12-19T03:03:01.047Z,0.494,1,600,480x270,12.692001000000005,,
2025-12-19T03:03:01.359Z,0.508,1,600,480x270,12.535863000000006,,
2025-12-19T03:03:01.698Z,0.499,1,600,480x270,12.318933000000015,,
2025-12-19T03:03:01.976Z,0.219,1,600,480x270,12.202118999999982,,rebuffer happen
2025-12-19T03:03:02.268Z,0.236,1,600,480x270,12.162061999999992,,
2025-12-19T03:03:02.484Z,0.033,1,600,480x270,12.150547000000017,,rebuffer happen
2025-12-19T03:03:02.550Z,0.095,1,600,480x270,12.208896000000038,,rebuffer happen
2025-12-19T03:03:02.743Z,0.323,1,600,480x270,12.142975000000035,,
2025-12-19T03:03:02.826Z,0.248,1,600,480x270,12.161119999999983,,rebuffer happen
2025-12-19T03:03:03.259Z,0.282,1,600,480x270,12.20032500000002,,
2025-12-19T03:03:03.518Z,0.017,1,600,480x270,12.131383000000028,,rebuffer happen
2025-12-19T03:03:03.742Z,0.298,1,600,480x270,12.145029999999963,,rebuffer happen
2025-12-19T03:03:03.759Z,0.298,1,600,480x270,12.23956099999998,,
2025-12-19T03:03:03.784Z,0.289,1,600,480x270,12.214850000000013,,rebuffer happen
2025-12-19T03:03:04.234Z,0.356,1,600,480x270,12.16998799999999,,
2025-12-19T03:03:04.326Z,0.258,1,600,480x270,12.171550000000025,,rebuffer happen
2025-12-19T03:03:04.536Z,0.029,1,600,480x270,12.147200999999995,,rebuffer happen
2025-12-19T03:03:04.986Z,0.02,1,600,480x270,12.233595999999977,,rebuffer happen
2025-12-19T03:03:05.292Z,0.087,1,600,480x270,12.505040000000008,,
2025-12-19T03:03:05.370Z,0.016,1,600,480x270,12.53695300000004,,rebuffer happen
2025-12-19T03:03:06.005Z,0.225,1,600,480x270,12.844394999999963,,
2025-12-19T03:03:06.431Z,0.229,1,600,480x270,12.809812000000022,,
2025-12-19T03:03:06.781Z,0.397,1,600,480x270,12.824064999999962,,
2025-12-19T03:03:06.899Z,0.284,1,600,480x270,12.801716999999996,,rebuffer happen
2025-12-19T03:03:07.134Z,0.456,1,600,480x270,12.65142800000001,,
2025-12-19T03:03:07.225Z,0.295,1,600,480x270,12.613116999999988,,rebuffer happen
2025-12-19T03:03:07.305Z,0.3,1,600,480x270,12.613473999999997,,rebuffer happen
2025-12-19T03:03:07.538Z,0.469,1,600,480x270,12.570131000000003,,
2025-12-19T03:03:07.708Z,0.257,1,600,480x270,12.504756999999984,,rebuffer happen
2025-12-19T03:03:08.019Z,0.378,1,600,480x270,12.479442000000006,,
2025-12-19T03:03:08.150Z,0.189,1,600,480x270,12.470719999999972,,rebuffer happen
2025-12-19T03:03:08.632Z,0.114,1,600,480x270,12.32468,,
2025-12-19T03:03:08.706Z,0.03,1,600,480x270,12.34630100000004,,rebuffer happen
2025-12-19T03:03:08.872Z,0.021,1,600,480x270,12.474497000000042,,rebuffer happen
2025-12-19T03:03:08.906Z,0.027,1,600,480x270,12.447725000000048,,rebuffer happen
2025-12-19T03:03:09.229Z,0.143,1,600,480x270,12.44641999999999,,
2025-12-19T03:03:09.340Z,0.022,1,600,480x270,12.435075999999981,,rebuffer happen
2025-12-19T03:03:09.707Z,0.228,1,600,480x270,12.509310000000028,,
2025-12-19T03:03:10.190Z,0.019,1,600,480x270,12.53203099999996,,rebuffer happen
2025-12-19T03:03:10.223Z,0.029,1,600,480x270,12.508715999999993,,rebuffer happen
2025-12-19T03:03:10.324Z,0.021,1,600,480x270,12.543883999999991,,rebuffer happen
2025-12-19T03:03:10.407Z,0.019,1,600,480x270,12.568367000000023,,rebuffer happen
2025-12-19T03:03:10.417Z,0.019,1,600,480x270,12.568367000000023,,
2025-12-19T03:03:10.457Z,0.017,1,600,480x270,12.629272000000014,,rebuffer happen
2025-12-19T03:03:10.758Z,0.019,1,600,480x270,12.798286000000019,,rebuffer happen
2025-12-19T03:03:10.824Z,0.023,1,600,480x270,12.769090000000006,,rebuffer happen
2025-12-19T03:03:10.874Z,0.021,1,600,480x270,12.835950000000025,,rebuffer happen
2025-12-19T03:03:10.907Z,0.029,1,600,480x270,12.810554000000025,,rebuffer happen
2025-12-19T03:03:11.008Z,0.021,1,600,480x270,12.83314999999999,,rebuffer happen
2025-12-19T03:03:11.041Z,0.028,1,600,480x270,12.806754000000012,,rebuffer happen
2025-12-19T03:03:11.091Z,0.029,1,600,480x270,12.879113000000018,,rebuffer happen
2025-12-19T03:03:11.188Z,0.089,1,600,480x270,12.909234000000026,,
2025-12-19T03:03:11.241Z,0.032,1,600,480x270,12.858222000000012,,rebuffer happen
2025-12-19T03:03:11.291Z,0.027,1,600,480x270,12.908652999999958,,rebuffer happen
2025-12-19T03:03:11.691Z,0.022,1,600,480x270,12.945727000000034,,rebuffer happen
2025-12-19T03:03:11.932Z,0.077,1,600,480x270,13.127595999999983,,
2025-12-19T03:03:12.009Z,0.027,1,600,480x270,13.143464999999992,,rebuffer happen
2025-12-19T03:03:12.644Z,0.291,1,600,480x270,13.571491000000037,,rebuffer happen
2025-12-19T03:03:12.709Z,0.258,1,600,480x270,13.582645000000014,,
2025-12-19T03:03:12.909Z,0.019,1,600,480x270,13.54017600000003,,rebuffer happen
2025-12-19T03:03:13.471Z,0.117,1,600,480x270,13.755452000000048,,
2025-12-19T03:03:13.576Z,0.029,1,600,480x270,13.744971000000021,,rebuffer happen
2025-12-19T03:03:14.042Z,0.195,1,600,480x270,13.827159999999992,,
2025-12-19T03:03:14.227Z,0.023,1,600,480x270,13.838198999999975,,rebuffer happen
2025-12-19T03:03:14.327Z,0.021,1,600,480x270,13.905226000000027,,rebuffer happen
2025-12-19T03:03:14.563Z,0.272,1,600,480x270,13.993939000000012,,
2025-12-19T03:03:15.100Z,0.267,1,600,480x270,13.95775199999997,,
2025-12-19T03:03:15.345Z,0.022,1,600,480x270,13.901621000000034,,rebuffer happen
2025-12-19T03:03:15.574Z,0,1,600,480x270,13.812500999999997,,rebuffer happen
2025-12-19T03:03:15.726Z,0,1,600,480x270,13.91650100000004,,
2025-12-19T03:03:16.336Z,0,1,600,480x270,14.52350100000001,,
2025-12-19T03:03:16.602Z,0.262,1,600,480x270,2.983996999999988,,rebuffer happen
2025-12-19T03:03:16.879Z,0.371,1,600,480x270,2.9094420000000127,,
2025-12-19T03:03:17.009Z,0.195,1,600,480x270,2.8088129999999865,,rebuffer happen
2025-12-19T03:03:17.278Z,0.299,1,600,480x270,2.790890999999988,,rebuffer happen
2025-12-19T03:03:17.319Z,0.331,1,600,480x270,2.7495630000000233,,
2025-12-19T03:03:17.363Z,0.281,1,600,480x270,2.7995540000000005,,rebuffer happen
2025-12-19T03:03:17.531Z,0.298,1,600,480x270,2.711557999999968,,rebuffer happen
2025-12-19T03:03:17.725Z,0.27,1,600,480x270,2.7170429999999897,,rebuffer happen
2025-12-19T03:03:17.826Z,0.252,1,600,480x270,2.681242999999995,,
2025-12-19T03:03:18.419Z,0.211,1,600,480x270,2.709500000000048,,
2025-12-19T03:03:18.581Z,0.023,1,600,480x270,2.7389400000000137,,rebuffer happen
2025-12-19T03:03:18.898Z,0.272,1,600,480x270,2.7788189999999986,,
2025-12-19T03:03:19.367Z,0.323,1,600,480x270,2.8100630000000137,,
2025-12-19T03:03:19.368Z,0.296,1,600,480x270,2.809393,,rebuffer happen
2025-12-19T03:03:19.867Z,0.215,1,600,480x270,2.7440540000000055,,
2025-12-19T03:03:20.081Z,0.084,1,600,480x270,2.7328190000000063,,rebuffer happen
2025-12-19T03:03:20.404Z,0.219,1,600,480x270,2.7250960000000077,,
2025-12-19T03:03:20.583Z,0.033,1,600,480x270,2.7462300000000255,,rebuffer happen
2025-12-19T03:03:20.919Z,0.287,1,600,480x270,2.806662000000017,,
2025-12-19T03:03:21.126Z,0.274,1,600,480x270,2.7871580000000336,,rebuffer happen
2025-12-19T03:03:21.288Z,0.357,1,600,480x270,2.7482689999999934,,
2025-12-19T03:03:21.316Z,0.291,1,600,480x270,2.706756999999982,,rebuffer happen
2025-12-19T03:03:21.611Z,0.472,1,600,480x270,2.693714,,
2025-12-19T03:03:21.957Z,0.523,1,600,480x270,2.6406729999999925,,
2025-12-19T03:03:22.422Z,0.22,1,600,480x270,2.3737950000000296,,rebuffer happen
2025-12-19T03:03:22.568Z,0.219,1,600,480x270,2.4096130000000358,,
2025-12-19T03:03:22.734Z,0.029,1,600,480x270,2.346334000000013,,rebuffer happen
2025-12-19T03:03:23.284Z,0.029,1,600,480x270,2.6795360000000414,,rebuffer happen
2025-12-19T03:03:23.368Z,0.028,1,600,480x270,2.720478000000014,,rebuffer happen
2025-12-19T03:03:23.484Z,0.026,1,600,480x270,2.7082730000000197,,rebuffer happen
2025-12-19T03:03:23.526Z,0.032,1,600,480x270,2.6722480000000246,,
2025-12-19T03:03:23.551Z,0.032,1,600,480x270,2.7459289999999896,,rebuffer happen
2025-12-19T03:03:24.275Z,0.174,1,600,480x270,3.1000890000000254,,
2025-12-19T03:03:24.667Z,0.296,1,600,480x270,3.1092279999999732,,
2025-12-19T03:03:25.087Z,0.384,1,600,480x270,3.0570089999999936,,
2025-12-19T03:03:25.154Z,0.23,1,600,480x270,3.0504659999999717,,rebuffer happen
2025-12-19T03:03:25.521Z,0.268,1,600,480x270,2.8750049999999874,,
2025-12-19T03:03:26.006Z,0.297,1,600,480x270,2.9049549999999726,,
2025-12-19T03:03:26.212Z,0.285,1,600,480x270,2.9019800000000373,,rebuffer happen
2025-12-19T03:03:26.350Z,0.376,1,600,480x270,2.895280000000014,,
2025-12-19T03:03:26.439Z,0.279,1,600,480x270,2.76233400000001,,rebuffer happen
2025-12-19T03:03:26.556Z,0.296,1,600,480x270,2.8487519999999904,,rebuffer happen
2025-12-19T03:03:26.927Z,0.285,1,600,480x270,2.775812999999971,,
2025-12-19T03:03:27.454Z,0.031,1,600,480x270,2.8433820000000196,,rebuffer happen
2025-12-19T03:03:27.555Z,0.025,1,600,480x270,2.8730039999999804,,rebuffer happen
2025-12-19T03:03:27.671Z,0.019,1,600,480x270,2.9128469999999993,,rebuffer happen
2025-12-19T03:03:27.737Z,0.052,1,600,480x270,2.8800860000000057,,
2025-12-19T03:03:27.771Z,0.022,1,600,480x270,2.9435019999999668,,rebuffer happen
2025-12-19T03:03:28.352Z,0.249,1,600,480x270,3.262268000000006,,
2025-12-19T03:03:28.848Z,0.225,1,600,480x270,3.266198999999972,,
2025-12-19T03:03:29.379Z,0.204,1,600,480x270,3.242504999999994,,
2025-12-19T03:03:29.818Z,0.266,1,600,480x270,3.196836000000019,,
2025-12-19T03:03:30.210Z,0.299,1,600,480x270,3.2165239999999926,,rebuffer happen
2025-12-19T03:03:30.321Z,0.292,1,600,480x270,3.201774999999998,,
2025-12-19T03:03:30.691Z,0.285,1,600,480x270,3.2305109999999786,,rebuffer happen
2025-12-19T03:03:30.770Z,0.323,1,600,480x270,3.21346299999999,,
2025-12-19T03:03:30.770Z,0.3,1,600,480x270,3.2131319999999732,,rebuffer happen
2025-12-19T03:03:30.959Z,0.298,1,600,480x270,3.213667999999984,,rebuffer happen
2025-12-19T03:03:31.129Z,0.336,1,600,480x270,3.054568999999958,,
2025-12-19T03:03:31.168Z,0.284,1,600,480x270,3.1036300000000097,,rebuffer happen
2025-12-19T03:03:31.439Z,0.368,1,600,480x270,2.899417000000028,,
2025-12-19T03:03:31.900Z,0.21,1,600,480x270,2.7637210000000323,,rebuffer happen
2025-12-19T03:03:31.903Z,0.21,1,600,480x270,2.759289000000024,,
2025-12-19T03:03:32.058Z,0.028,1,600,480x270,2.7484130000000278,,rebuffer happen
2025-12-19T03:03:32.575Z,0.03,1,600,480x270,2.813996999999972,,rebuffer happen
2025-12-19T03:03:32.625Z,0.019,1,600,480x270,2.7695509999999786,,rebuffer happen
2025-12-19T03:03:32.632Z,0.019,1,600,480x270,2.7695509999999786,,
2025-12-19T03:03:32.659Z,0.029,1,600,480x270,2.843364000000008,,rebuffer happen
2025-12-19T03:03:33.059Z,0.021,1,600,480x270,3.1389709999999695,,rebuffer happen
2025-12-19T03:03:33.320Z,0.158,1,600,480x270,3.10840300000001,,
2025-12-19T03:03:33.755Z,0.238,1,600,480x270,3.166242000000011,,
2025-12-19T03:03:34.127Z,0.287,1,600,480x270,3.1013419999999883,,rebuffer happen
2025-12-19T03:03:34.172Z,0.343,1,600,480x270,3.1327890000000025,,
2025-12-19T03:03:34.298Z,0.199,1,600,480x270,3.0533300000000168,,rebuffer happen
2025-12-19T03:03:34.607Z,0.274,1,600,480x270,2.9980860000000007,,
2025-12-19T03:03:34.877Z,0.48,1,600,480x270,3.016917000000035,,
2025-12-19T03:03:35.098Z,0.689,1,600,480x270,2.9078329999999823,,
2025-12-19T03:03:35.271Z,0.882,1,600,480x270,2.848295999999948,,
2025-12-19T03:03:35.492Z,1.077,1,600,480x270,2.7239380000000324,,
2025-12-19T03:03:35.712Z,1.272,1,600,480x270,2.5947780000000193,,
2025-12-19T03:03:35.972Z,1.423,1,600,480x270,2.54701399999999,,
2025-12-19T03:03:36.183Z,1.621,1,600,480x270,2.4395079999999894,,
2025-12-19T03:03:36.425Z,1.774,1,600,480x270,2.2921140000000264,,
2025-12-19T03:03:37.111Z,1.433,1,600,480x270,2.1545130000000086,,
2025-12-19T03:03:37.184Z,1.439,2,1000,640x360,2.1709710000000086,,
2025-12-19T03:03:37.590Z,1.336,2,1000,640x360,2.0679360000000315,,
2025-12-19T03:03:38.053Z,1.334,2,1000,640x360,2.0626470000000268,,
2025-12-19T03:03:38.134Z,1.297,3,1500,768x432,1.9754780000000096,,
2025-12-19T03:03:38.611Z,1.264,3,1500,768x432,1.962220000000002,,
2025-12-19T03:03:39.362Z,1.013,3,1500,768x432,1.9962960000000294,,
2025-12-19T03:03:39.432Z,0.977,2,1000,640x360,1.9248780000000352,,
2025-12-19T03:03:39.898Z,0.917,2,1000,640x360,1.9596480000000156,,
2025-12-19T03:03:39.968Z,0.887,3,1500,768x432,1.9904650000000288,,
2025-12-19T03:03:40.368Z,0.946,3,1500,768x432,1.9837050000000431,,
2025-12-19T03:03:40.863Z,0.976,3,1500,768x432,1.9893059999999991,,
2025-12-19T03:03:41.485Z,0.84,3,1500,768x432,1.966115000000002,,
2025-12-19T03:03:42.166Z,0.714,3,1500,768x432,1.980372999999986,,
2025-12-19T03:03:42.857Z,0.465,3,1500,768x432,2.0013959999999997,,
2025-12-19T03:03:42.934Z,0.457,2,1000,640x360,1.9246440000000007,,
2025-12-19T03:03:43.141Z,0.26,2,1000,640x360,1.9069780000000378,,rebuffer happen
2025-12-19T03:03:43.426Z,0.386,2,1000,640x360,1.9213400000000433,,
2025-12-19T03:03:43.497Z,0.407,3,1500,768x432,1.958186000000012,,
2025-12-19T03:03:43.686Z,0.148,3,1500,768x432,1.9607280000000173,,rebuffer happen
2025-12-19T03:03:44.118Z,0.027,3,1500,768x432,1.9548690000000306,,rebuffer happen
2025-12-19T03:03:44.260Z,0.086,3,1500,768x432,2.0165009999999484,,
2025-12-19T03:03:44.335Z,0.029,3,1500,768x432,1.943920999999989,,rebuffer happen
2025-12-19T03:03:44.668Z,0.031,3,1500,768x432,2.1772869999999784,,rebuffer happen
2025-12-19T03:03:44.919Z,0.023,3,1500,768x432,2.18017100000003,,rebuffer happen
2025-12-19T03:03:44.992Z,0.088,3,1500,768x432,2.211527999999987,,
2025-12-19T03:03:45.069Z,0.019,3,1500,768x432,2.242883000000006,,rebuffer happen
2025-12-19T03:03:45.202Z,0.03,3,1500,768x432,2.315070999999989,,rebuffer happen
2025-12-19T03:03:45.624Z,0.12,3,1500,768x432,2.342378999999994,,
2025-12-19T03:03:45.719Z,0.028,3,1500,768x432,2.341013999999973,,rebuffer happen
2025-12-19T03:03:45.853Z,0.025,3,1500,768x432,2.5111289999999826,,rebuffer happen
2025-12-19T03:03:46.258Z,0.112,3,1500,768x432,2.526491999999962,,
2025-12-19T03:03:46.353Z,0.017,3,1500,768x432,2.5356629999999996,,rebuffer happen
2025-12-19T03:03:46.470Z,0.026,3,1500,768x432,2.6117490000000316,,rebuffer happen
2025-12-19T03:03:46.909Z,0.108,3,1500,768x432,2.6298289999999724,,
2025-12-19T03:03:46.987Z,0.033,3,1500,768x432,2.646039999999971,,rebuffer happen
2025-12-19T03:03:47.137Z,0.029,3,1500,768x432,2.7164240000000177,,rebuffer happen
2025-12-19T03:03:47.551Z,0.082,3,1500,768x432,2.8168719999999894,,
2025-12-19T03:03:47.638Z,0.017,3,1500,768x432,2.7302819999999883,,rebuffer happen
2025-12-19T03:03:47.771Z,0.024,3,1500,768x432,2.9123879999999644,,rebuffer happen
2025-12-19T03:03:48.172Z,0.03,3,1500,768x432,2.9469349999999963,,rebuffer happen
2025-12-19T03:03:48.233Z,0.079,3,1500,768x432,2.9000090000000114,,
2025-12-19T03:03:48.288Z,0.031,3,1500,768x432,2.9505440000000362,,rebuffer happen
2025-12-19T03:03:48.472Z,0.02,3,1500,768x432,3.1077580000000466,,rebuffer happen
2025-12-19T03:03:48.655Z,0.026,3,1500,768x432,3.1390349999999785,,rebuffer happen
2025-12-19T03:03:48.944Z,0.144,3,1500,768x432,3.1612030000000004,,
2025-12-19T03:03:49.072Z,0.018,3,1500,768x432,3.235134999999957,,rebuffer happen
2025-12-19T03:03:49.479Z,0.143,3,1500,768x432,3.280906000000016,,
2025-12-19T03:03:49.606Z,0.03,3,1500,768x432,3.2477519999999913,,rebuffer happen
2025-12-19T03:03:50.092Z,0.114,3,1500,768x432,3.336435999999992,,
2025-12-19T03:03:50.190Z,0.019,3,1500,768x432,3.342655000000036,,rebuffer happen
2025-12-19T03:03:50.688Z,0.145,3,1500,768x432,3.453286999999989,,
2025-12-19T03:03:50.807Z,0.022,3,1500,768x432,3.4450459999999907,,rebuffer happen
2025-12-19T03:03:51.258Z,0.171,3,1500,768x432,3.6091669999999567,,
2025-12-19T03:03:51.424Z,0.029,3,1500,768x432,3.5431469999999763,,rebuffer happen
2025-12-19T03:03:51.835Z,0.219,3,1500,768x432,3.653724000000011,,
2025-12-19T03:03:52.041Z,0.03,3,1500,768x432,3.6542069999999853,,rebuffer happen
2025-12-19T03:03:52.510Z,0.211,3,1500,768x432,3.7832839999999806,,
2025-12-19T03:03:52.658Z,0.018,3,1500,768x432,3.8412660000000187,,rebuffer happen
2025-12-19T03:03:52.859Z,0.016,3,1500,768x432,3.9953629999999976,,rebuffer happen
2025-12-19T03:03:53.161Z,0.2,3,1500,768x432,4.040589000000011,,
2025-12-19T03:03:53.359Z,0.026,3,1500,768x432,4.039105000000006,,rebuffer happen
2025-12-19T03:03:53.792Z,0.215,3,1500,768x432,4.132707000000039,,
2025-12-19T03:03:53.993Z,0.024,3,1500,768x432,4.145329000000004,,rebuffer happen
2025-12-19T03:03:54.497Z,0.187,3,1500,768x432,4.293205,,
2025-12-19T03:03:54.660Z,0.018,3,1500,768x432,4.342910000000018,,rebuffer happen
2025-12-19T03:03:55.060Z,0.023,3,1500,768x432,4.4790420000000495,,rebuffer happen
2025-12-19T03:03:55.110Z,0.027,3,1500,768x432,4.449207999999999,,rebuffer happen
2025-12-19T03:03:55.160Z,0.018,3,1500,768x432,4.504480999999998,,rebuffer happen
2025-12-19T03:03:55.211Z,0.019,3,1500,768x432,4.4713950000000295,,rebuffer happen
2025-12-19T03:03:55.277Z,0.03,3,1500,768x432,4.545019000000025,,rebuffer happen
2025-12-19T03:03:55.361Z,0.02,3,1500,768x432,4.599104000000011,,rebuffer happen
2025-12-19T03:03:55.409Z,0.053,3,1500,768x432,4.5643289999999865,,
2025-12-19T03:03:55.444Z,0.021,3,1500,768x432,4.533405000000016,,rebuffer happen
2025-12-19T03:03:56.073Z,0.068,3,1500,768x432,4.781831999999952,,
2025-12-19T03:03:56.111Z,0.027,3,1500,768x432,4.744387999999958,,rebuffer happen
2025-12-19T03:03:56.688Z,0.082,3,1500,768x432,4.9090550000000235,,
2025-12-19T03:03:56.762Z,0.023,3,1500,768x432,4.942799000000036,,rebuffer happen
2025-12-19T03:03:57.112Z,0.024,3,1500,768x432,5.007930999999985,,rebuffer happen
2025-12-19T03:03:57.343Z,0.087,3,1500,768x432,5.024543999999992,,
2025-12-19T03:03:57.429Z,0.02,3,1500,768x432,5.044527000000016,,rebuffer happen
2025-12-19T03:03:57.930Z,0.112,3,1500,768x432,5.127807999999959,,
2025-12-19T03:03:58.013Z,0.03,3,1500,768x432,5.1508400000000165,,rebuffer happen
2025-12-19T03:03:58.534Z,0.128,3,1500,768x432,5.234882000000027,,
2025-12-19T03:03:58.630Z,0.027,3,1500,768x432,5.240072999999995,,rebuffer happen
2025-12-19T03:03:59.125Z,0.162,3,1500,768x432,5.368493999999998,,
2025-12-19T03:03:59.264Z,0.017,3,1500,768x432,5.433547999999973,,rebuffer happen
2025-12-19T03:03:59.676Z,0.192,3,1500,768x432,5.525158000000033,,
2025-12-19T03:03:59.865Z,0.024,3,1500,768x432,5.5360919999999965,,rebuffer happen
2025-12-19T03:04:00.154Z,0.201,3,1500,768x432,5.632733999999971,,
2025-12-19T03:04:00.181Z,0.6,3,1500,768x432,5.60501899999997,,
2025-12-19T03:04:00.258Z,0.747,2,1000,640x360,5.6053699999999935,,
2025-12-19T03:04:00.669Z,0.242,2,1000,640x360,5.394121999999982,,rebuffer happen
2025-12-19T03:04:01.009Z,0.175,2,1000,640x360,5.293412999999987,,
2025-12-19T03:04:01.084Z,0.18,3,1500,768x432,5.31872199999998,,
2025-12-19T03:04:01.165Z,0.023,3,1500,768x432,5.3399780000000305,,rebuffer happen
2025-12-19T03:04:01.727Z,0.064,3,1500,768x432,5.3751289999999585,,
2025-12-19T03:04:01.766Z,0.021,3,1500,768x432,5.434906000000012,,rebuffer happen
2025-12-19T03:04:02.350Z,0.029,3,1500,768x432,5.577424999999948,,rebuffer happen
2025-12-19T03:04:02.353Z,0.029,3,1500,768x432,5.577424999999948,,
2025-12-19T03:04:02.400Z,0.019,3,1500,768x432,5.534121999999968,,rebuffer happen
2025-12-19T03:04:02.957Z,0.07,3,1500,768x432,5.687849000000028,,
2025-12-19T03:04:03.000Z,0.031,3,1500,768x432,5.645245000000045,,rebuffer happen
2025-12-19T03:04:03.577Z,0.086,3,1500,768x432,5.784943999999996,,
2025-12-19T03:04:03.618Z,0.031,3,1500,768x432,5.744715999999983,,rebuffer happen
2025-12-19T03:04:04.201Z,0.032,3,1500,768x432,5.880989,,rebuffer happen
2025-12-19T03:04:04.203Z,0.032,3,1500,768x432,5.880989,,
2025-12-19T03:04:04.251Z,0.023,3,1500,768x432,5.937439999999981,,rebuffer happen
2025-12-19T03:04:04.826Z,0.066,3,1500,768x432,5.9776919999999905,,
2025-12-19T03:04:04.868Z,0.025,3,1500,768x432,6.038690000000031,,rebuffer happen
2025-12-19T03:04:05.451Z,0.081,3,1500,768x432,6.196904000000018,,
2025-12-19T03:04:05.502Z,0.029,3,1500,768x432,6.146155000000022,,rebuffer happen
2025-12-19T03:04:06.108Z,0.083,3,1500,768x432,6.289679999999976,,
2025-12-19T03:04:06.153Z,0.031,3,1500,768x432,6.344233999999972,,rebuffer happen
2025-12-19T03:04:06.487Z,0.023,3,1500,768x432,6.436068999999975,,rebuffer happen
2025-12-19T03:04:06.736Z,0.1,3,1500,768x432,6.4337920000000395,,
2025-12-19T03:04:06.837Z,0.016,3,1500,768x432,6.431840000000022,,rebuffer happen
2025-12-19T03:04:07.311Z,0.1,3,1500,768x432,6.507567999999992,,
2025-12-19T03:04:07.387Z,0.018,3,1500,768x432,6.538263000000029,,rebuffer happen
2025-12-19T03:04:07.931Z,0.062,3,1500,768x432,6.594308000000012,,
2025-12-19T03:04:07.988Z,0.025,3,1500,768x432,6.637734000000023,,rebuffer happen
2025-12-19T03:04:08.574Z,0.079,3,1500,768x432,6.787009000000012,,
2025-12-19T03:04:08.622Z,0.026,3,1500,768x432,6.739576999999997,,rebuffer happen
2025-12-19T03:04:09.223Z,0.08,3,1500,768x432,6.888454000000024,,
2025-12-19T03:04:09.272Z,0.025,3,1500,768x432,6.9396339999999554,,rebuffer happen
2025-12-19T03:04:09.861Z,0.09,3,1500,768x432,7.097239000000002,,
2025-12-19T03:04:09.923Z,0.021,3,1500,768x432,7.0358229999999935,,rebuffer happen
2025-12-19T03:04:10.505Z,0.104,3,1500,768x432,7.217156999999986,,
2025-12-19T03:04:10.573Z,0.029,3,1500,768x432,7.241420000000005,,rebuffer happen
2025-12-19T03:04:11.168Z,0.094,3,1500,768x432,7.399749999999983,,
2025-12-19T03:04:11.224Z,0.031,3,1500,768x432,7.344342999999981,,rebuffer happen
2025-12-19T03:04:11.809Z,0.078,3,1500,768x432,7.517612999999983,,
2025-12-19T03:04:11.891Z,0.02,3,1500,768x432,7.539800000000014,,rebuffer happen
2025-12-19T03:04:12.419Z,0.123,3,1500,768x432,7.661681999999985,,
2025-12-19T03:04:12.542Z,0.024,3,1500,768x432,7.643838000000017,,rebuffer happen
2025-12-19T03:04:13.081Z,0.074,3,1500,768x432,7.845865000000003,,
2025-12-19T03:04:13.175Z,0.033,3,1500,768x432,7.859716999999989,,rebuffer happen
2025-12-19T03:04:13.456Z,0.291,3,1500,768x432,7.979632000000038,,rebuffer happen
2025-12-19T03:04:13.490Z,0.307,3,1500,768x432,7.928567000000044,,
2025-12-19T03:04:13.564Z,0.307,2,1000,640x360,7.911044000000004,,
2025-12-19T03:04:13.565Z,0.194,2,1000,640x360,7.9098920000000135,,rebuffer happen
2025-12-19T03:04:13.709Z,0.026,2,1000,640x360,7.839475999999991,,rebuffer happen
2025-12-19T03:04:13.892Z,0.356,2,1000,640x360,7.88844899999998,,
2025-12-19T03:04:13.971Z,0.372,3,1500,768x432,7.926382999999987,,
2025-12-19T03:04:14.143Z,0.044,3,1500,768x432,7.762303000000031,,rebuffer happen
2025-12-19T03:04:14.144Z,0.044,3,1500,768x432,7.762303000000031,,rebuffer happen
2025-12-19T03:04:14.610Z,0.023,3,1500,768x432,7.9398780000000215,,rebuffer happen
2025-12-19T03:04:14.843Z,0.025,3,1500,768x432,8.044780000000003,,rebuffer happen
2025-12-19T03:04:14.893Z,0.022,3,1500,768x432,8.103233999999986,,rebuffer happen
2025-12-19T03:04:14.993Z,0.016,3,1500,768x432,8.165021000000024,,rebuffer happen
2025-12-19T03:04:15.030Z,0.016,3,1500,768x432,8.165021000000024,,
2025-12-19T03:04:15.060Z,0.022,3,1500,768x432,8.236432999999977,,rebuffer happen
2025-12-19T03:04:15.694Z,0.025,3,1500,768x432,8.380051000000037,,rebuffer happen
2025-12-19T03:04:15.695Z,0.025,3,1500,768x432,8.380051000000037,,
2025-12-19T03:04:15.744Z,0.015,3,1500,768x432,8.336610000000007,,rebuffer happen
2025-12-19T03:04:15.878Z,0.021,3,1500,768x432,8.500154000000009,,rebuffer happen
2025-12-19T03:04:16.284Z,0.12,3,1500,768x432,8.535065000000031,,
2025-12-19T03:04:16.378Z,0.026,3,1500,768x432,8.541044999999997,,rebuffer happen
2025-12-19T03:04:16.929Z,0.055,3,1500,768x432,8.591529999999977,,
2025-12-19T03:04:16.978Z,0.027,2,1000,640x360,8.641386000000011,,rebuffer happen
2025-12-19T03:04:17.006Z,0.027,2,1000,640x360,8.641386000000011,,
2025-12-19T03:04:17.443Z,0.256,2,1000,640x360,8.76845800000001,,
2025-12-19T03:04:17.519Z,0.185,3,1500,768x432,8.785897000000034,,
2025-12-19T03:04:17.662Z,0.031,3,1500,768x432,8.845402000000036,,rebuffer happen
2025-12-19T03:04:18.139Z,0.119,3,1500,768x432,8.837360000000047,,
2025-12-19T03:04:18.229Z,0.032,3,1500,768x432,8.858159,,rebuffer happen
2025-12-19T03:04:18.766Z,0.076,3,1500,768x432,9.02606800000001,,
2025-12-19T03:04:18.863Z,0.018,3,1500,768x432,9.032352000000003,,rebuffer happen
2025-12-19T03:04:19.405Z,0.082,3,1500,768x432,9.102120000000014,,
2025-12-19T03:04:19.464Z,0.019,3,1500,768x432,9.13271199999997,,rebuffer happen
2025-12-19T03:04:19.797Z,0.025,3,1500,768x432,9.239961999999991,,rebuffer happen
2025-12-19T03:04:19.914Z,0.025,3,1500,768x432,9.238422000000014,,rebuffer happen
2025-12-19T03:04:20.048Z,0.025,3,1500,768x432,9.338978999999995,,rebuffer happen
2025-12-19T03:04:20.104Z,0.092,3,1500,768x432,9.294982000000005,,
2025-12-19T03:04:20.164Z,0.026,3,1500,768x432,9.339046999999994,,rebuffer happen
2025-12-19T03:04:20.314Z,0.015,3,1500,768x432,9.396573999999987,,rebuffer happen
2025-12-19T03:04:20.731Z,0.099,3,1500,768x432,9.410994999999957,,
2025-12-19T03:04:20.798Z,0.026,3,1500,768x432,9.44070499999998,,rebuffer happen
2025-12-19T03:04:20.932Z,0.028,3,1500,768x432,9.509496000000013,,rebuffer happen
2025-12-19T03:04:21.206Z,0.242,3,1500,768x432,9.583981999999992,,
2025-12-19T03:04:21.449Z,0.025,3,1500,768x432,9.637886000000037,,rebuffer happen
2025-12-19T03:04:21.845Z,0.174,3,1500,768x432,9.589777000000026,,
2025-12-19T03:04:21.999Z,0.021,3,1500,768x432,9.634038999999973,,rebuffer happen
2025-12-19T03:04:22.474Z,0.173,3,1500,768x432,9.78060099999999,,
2025-12-19T03:04:22.617Z,0.025,3,1500,768x432,9.747932000000048,,rebuffer happen
2025-12-19T03:04:23.091Z,0.176,3,1500,768x432,9.902176999999995,,
2025-12-19T03:04:23.251Z,0.031,3,1500,768x432,9.947113000000002,,rebuffer happen
2025-12-19T03:04:23.655Z,0.246,3,1500,768x432,10.06203499999998,,
2025-12-19T03:04:23.884Z,0.027,3,1500,768x432,10.04389100000003,,rebuffer happen
2025-12-19T03:04:24.134Z,0.021,3,1500,768x432,10.10607600000003,,rebuffer happen
2025-12-19T03:04:24.335Z,0.198,3,1500,768x432,10.134528999999986,,
2025-12-19T03:04:24.535Z,0.021,3,1500,768x432,10.145184000000029,,rebuffer happen
2025-12-19T03:04:24.868Z,0.241,3,1500,768x432,10.247933000000046,,
2025-12-19T03:04:25.085Z,0.018,3,1500,768x432,10.235160999999948,,rebuffer happen
2025-12-19T03:04:25.482Z,0.216,3,1500,768x432,10.33526599999999,,
2025-12-19T03:04:25.669Z,0.021,3,1500,768x432,10.334857,,rebuffer happen
2025-12-19T03:04:26.127Z,0.226,3,1500,768x432,10.426380999999992,,
2025-12-19T03:04:26.671Z,0.181,3,1500,768x432,10.492362000000014,,
2025-12-19T03:04:26.820Z,0.019,3,1500,768x432,10.439755999999988,,rebuffer happen
2025-12-19T03:04:26.870Z,0.025,3,1500,768x432,10.50603000000001,,rebuffer happen
2025-12-19T03:04:27.246Z,0.137,3,1500,768x432,10.444204999999954,,
2025-12-19T03:04:27.354Z,0.024,3,1500,768x432,10.53719000000001,,rebuffer happen
2025-12-19T03:04:27.470Z,0.022,3,1500,768x432,10.606513000000007,,rebuffer happen
2025-12-19T03:04:27.831Z,0.166,3,1500,768x432,10.57492400000001,,
2025-12-19T03:04:27.971Z,0.029,3,1500,768x432,10.64962300000002,,rebuffer happen
2025-12-19T03:04:28.305Z,0.027,3,1500,768x432,10.677234999999996,,rebuffer happen
2025-12-19T03:04:28.521Z,0.024,3,1500,768x432,10.81161400000002,,rebuffer happen
2025-12-19T03:04:28.555Z,0.03,3,1500,768x432,10.882404000000008,,rebuffer happen
2025-12-19T03:04:28.621Z,0.027,3,1500,768x432,10.84685300000001,,rebuffer happen
2025-12-19T03:04:28.705Z,0.02,3,1500,768x432,10.900329,,rebuffer happen
2025-12-19T03:04:28.755Z,0.029,3,1500,768x432,10.98364399999997,,rebuffer happen
2025-12-19T03:04:28.786Z,0.029,3,1500,768x432,10.98364399999997,,
2025-12-19T03:04:28.838Z,0.016,3,1500,768x432,10.937449999999956,,rebuffer happen
2025-12-19T03:04:29.499Z,0.041,3,1500,768x432,11.18833699999999,,
2025-12-19T03:04:29.539Z,0.033,3,1500,768x432,11.149361999999996,,rebuffer happen
2025-12-19T03:04:30.142Z,0.101,3,1500,768x432,11.324056999999982,,
2025-12-19T03:04:30.223Z,0.024,3,1500,768x432,11.342867999999953,,rebuffer happen
2025-12-19T03:04:30.795Z,0.089,3,1500,768x432,11.504618999999991,,
2025-12-19T03:04:30.856Z,0.028,3,1500,768x432,11.545364000000006,,rebuffer happen
2025-12-19T03:04:31.432Z,0.086,3,1500,768x432,11.594825000000014,,
2025-12-19T03:04:31.490Z,0.024,3,1500,768x432,11.92009999999999,,rebuffer happen
2025-12-19T03:04:31.841Z,0.023,3,1500,768x432,11.98631499999999,,rebuffer happen
2025-12-19T03:04:32.091Z,0.03,3,1500,768x432,12.091878000000008,,rebuffer happen
2025-12-19T03:04:32.141Z,0.022,3,1500,768x432,12.050823999999977,,rebuffer happen
2025-12-19T03:04:32.152Z,0.022,3,1500,768x432,12.154823999999962,,
2025-12-19T03:04:32.191Z,0.021,3,1500,768x432,12.120273999999995,,rebuffer happen
2025-12-19T03:04:32.721Z,0.078,3,1500,768x432,12.182037000000037,,
2025-12-19T03:04:32.775Z,0.02,3,1500,768x432,12.214030999999977,,rebuffer happen
2025-12-19T03:04:32.892Z,0.027,3,1500,768x432,12.29015099999998,,rebuffer happen
2025-12-19T03:04:33.325Z,0.097,3,1500,768x432,12.286475999999993,,
2025-12-19T03:04:33.392Z,0.024,3,1500,768x432,12.319524999999999,,rebuffer happen
2025-12-19T03:04:33.676Z,0.032,3,1500,768x432,12.470475000000022,,rebuffer happen
2025-12-19T03:04:33.859Z,0.032,3,1500,768x432,12.493787999999995,,rebuffer happen
2025-12-19T03:04:33.943Z,0.03,3,1500,768x432,12.425245000000018,,rebuffer happen
2025-12-19T03:04:33.983Z,0.08,3,1500,768x432,12.500151999999957,,
2025-12-19T03:04:34.059Z,0.027,3,1500,768x432,12.523942000000034,,rebuffer happen
2025-12-19T03:04:34.546Z,0.117,3,1500,768x432,12.529104000000018,,
2025-12-19T03:04:34.660Z,0.018,3,1500,768x432,12.621334999999988,,rebuffer happen
2025-12-19T03:04:34.760Z,0.028,3,1500,768x432,12.69079800000003,,rebuffer happen
2025-12-19T03:04:34.936Z,0.289,3,1500,768x432,12.643793000000016,,
2025-12-19T03:04:35.024Z,0.291,3,1500,768x432,12.657425999999987,,rebuffer happen
2025-12-19T03:04:35.177Z,0.295,3,1500,768x432,12.631957,,rebuffer happen
2025-12-19T03:04:35.419Z,0.234,3,1500,768x432,12.528192000000047,,
2025-12-19T03:04:35.861Z,0.022,3,1500,768x432,12.591604000000018,,rebuffer happen
2025-12-19T03:04:35.927Z,0.022,3,1500,768x432,12.557935999999984,,rebuffer happen
2025-12-19T03:04:35.997Z,0.089,3,1500,768x432,12.608857999999998,,
2025-12-19T03:04:36.198Z,0.281,3,1500,768x432,12.618579999999952,,rebuffer happen
2025-12-19T03:04:36.479Z,0.124,3,1500,768x432,12.538377999999966,,
2025-12-19T03:04:36.595Z,0.021,3,1500,768x432,12.517307000000017,,rebuffer happen
2025-12-19T03:04:36.762Z,0.032,3,1500,768x432,12.633978000000013,,rebuffer happen
2025-12-19T03:04:36.845Z,0.026,3,1500,768x432,12.56073600000002,,rebuffer happen
2025-12-19T03:04:36.895Z,0.026,3,1500,768x432,12.620893000000024,,rebuffer happen
2025-12-19T03:04:37.045Z,0.027,3,1500,768x432,12.594242000000008,,rebuffer happen
2025-12-19T03:04:37.178Z,0.022,3,1500,768x432,12.684077000000002,,rebuffer happen
2025-12-19T03:04:37.229Z,0.02,3,1500,768x432,12.649175000000014,,rebuffer happen
2025-12-19T03:04:37.240Z,0.02,3,1500,768x432,12.649175000000014,,
2025-12-19T03:04:37.278Z,0.02,3,1500,768x432,12.723108000000025,,rebuffer happen
2025-12-19T03:04:37.679Z,0.022,3,1500,768x432,12.887270999999998,,rebuffer happen
2025-12-19T03:04:37.712Z,0.026,3,1500,768x432,12.85821199999998,,rebuffer happen
2025-12-19T03:04:37.829Z,0.027,3,1500,768x432,12.854368000000022,,rebuffer happen
2025-12-19T03:04:37.913Z,0.056,3,1500,768x432,12.889304000000038,,rebuffer happen
2025-12-19T03:04:37.946Z,0.027,3,1500,768x432,12.859496000000036,,rebuffer happen
2025-12-19T03:04:37.950Z,0.027,3,1500,768x432,12.95549600000004,,
2025-12-19T03:04:37.996Z,0.02,3,1500,768x432,12.915593999999999,,rebuffer happen
2025-12-19T03:04:38.629Z,0.081,3,1500,768x432,13.071106999999984,,
2025-12-19T03:04:38.680Z,0.023,3,1500,768x432,13.11977300000001,,rebuffer happen
2025-12-19T03:04:39.330Z,0.017,3,1500,768x432,13.253452000000038,,rebuffer happen
2025-12-19T03:04:39.338Z,0.017,3,1500,768x432,13.253452000000038,,
2025-12-19T03:04:39.363Z,0.027,3,1500,768x432,13.322606000000007,,rebuffer happen
2025-12-19T03:04:39.781Z,0.031,3,1500,768x432,13.498932000000025,,rebuffer happen
2025-12-19T03:04:40.017Z,0.088,3,1500,768x432,13.487827000000038,,
2025-12-19T03:04:40.081Z,0.029,3,1500,768x432,13.524531999999965,,rebuffer happen
2025-12-19T03:04:40.619Z,0.124,3,1500,768x432,13.624490000000037,,
2025-12-19T03:04:40.715Z,0.033,3,1500,768x432,13.628127000000006,,rebuffer happen
2025-12-19T03:04:40.848Z,0.022,3,1500,768x432,13.783622000000037,,rebuffer happen
2025-12-19T03:04:41.282Z,0.022,3,1500,768x432,13.783361999999954,,rebuffer happen
2025-12-19T03:04:41.348Z,0.017,3,1500,768x432,13.846063999999956,,rebuffer happen
2025-12-19T03:04:41.364Z,0.017,3,1500,768x432,13.846063999999956,,
2025-12-19T03:04:41.399Z,0.021,3,1500,768x432,13.816299999999956,,rebuffer happen
2025-12-19T03:04:41.668Z,0,3,1500,768x432,13.861167000000023,,rebuffer happen
2025-12-19T03:04:41.995Z,0,3,1500,768x432,14.166166999999973,,
2025-12-19T03:04:42.617Z,0,3,1500,768x432,14.772166999999968,,
2025-12-19T03:04:43.150Z,0.263,3,1500,768x432,2.9609099999999557,,rebuffer happen
2025-12-19T03:04:43.268Z,0.241,3,1500,768x432,2.8826690000000212,,
2025-12-19T03:04:43.418Z,0.022,3,1500,768x432,2.8204559999999788,,rebuffer happen
2025-12-19T03:04:43.923Z,0.068,3,1500,768x432,2.8745930000000044,,
2025-12-19T03:04:43.967Z,0.026,3,1500,768x432,2.921532999999954,,rebuffer happen
2025-12-19T03:04:44.468Z,0.065,3,1500,768x432,3.059417999999937,,rebuffer happen
2025-12-19T03:04:44.552Z,0.024,3,1500,768x432,3.089817000000039,,rebuffer happen
2025-12-19T03:04:44.585Z,0.03,3,1500,768x432,3.06264699999997,,rebuffer happen
2025-12-19T03:04:44.592Z,0.03,3,1500,768x432,3.06264699999997,,
2025-12-19T03:04:44.634Z,0.026,3,1500,768x432,3.0250770000000102,,rebuffer happen
2025-12-19T03:04:45.218Z,0.082,3,1500,768x432,3.170993000000067,,
2025-12-19T03:04:45.268Z,0.026,3,1500,768x432,3.221232999999984,,rebuffer happen
2025-12-19T03:04:45.869Z,0.025,3,1500,768x432,3.361220000000003,,rebuffer happen
2025-12-19T03:04:45.874Z,0.025,3,1500,768x432,3.361220000000003,,
2025-12-19T03:04:45.919Z,0.019,3,1500,768x432,3.3212439999999788,,rebuffer happen
2025-12-19T03:04:46.513Z,0.066,3,1500,768x432,3.4562690000000202,,
2025-12-19T03:04:46.553Z,0.021,3,1500,768x432,3.521800999999982,,rebuffer happen
2025-12-19T03:04:47.152Z,0.077,3,1500,768x432,3.6658439999999928,,
2025-12-19T03:04:47.203Z,0.019,3,1500,768x432,3.6149189999999862,,rebuffer happen
2025-12-19T03:04:47.781Z,0.088,3,1500,768x432,3.78922799999998,,
2025-12-19T03:04:47.837Z,0.029,3,1500,768x432,3.7367649999999912,,rebuffer happen
2025-12-19T03:04:48.436Z,0.068,3,1500,768x432,3.84843699999999,,
2025-12-19T03:04:48.471Z,0.018,3,1500,768x432,3.9202920000000177,,rebuffer happen
2025-12-19T03:04:49.057Z,0.102,3,1500,768x432,4.096142999999984,,
2025-12-19T03:04:49.122Z,0.031,3,1500,768x432,4.03162199999997,,rebuffer happen
2025-12-19T03:04:49.707Z,0.098,3,1500,768x432,4.186739999999986,,
2025-12-19T03:04:49.772Z,0.017,3,1500,768x432,4.2172669999999925,,rebuffer happen
2025-12-19T03:04:50.329Z,0.083,3,1500,768x432,4.293612999999937,,
2025-12-19T03:04:50.406Z,0.02,3,1500,768x432,4.315457999999921,,rebuffer happen
2025-12-19T03:04:50.990Z,0.023,3,1500,768x432,4.45187199999998,,rebuffer happen
2025-12-19T03:04:50.997Z,0.023,3,1500,768x432,4.45187199999998,,
2025-12-19T03:04:51.040Z,0.018,3,1500,768x432,4.4137419999999565,,rebuffer happen
2025-12-19T03:04:51.657Z,0.023,3,1500,768x432,4.662319000000025,,rebuffer happen
2025-12-19T03:04:51.670Z,0.023,3,1500,768x432,4.662319000000025,,
2025-12-19T03:04:51.707Z,0.024,3,1500,768x432,4.629794000000061,,rebuffer happen
2025-12-19T03:04:52.329Z,0.069,3,1500,768x432,4.7572320000000445,,
2025-12-19T03:04:52.374Z,0.017,3,1500,768x432,4.814111000000025,,rebuffer happen
2025-12-19T03:04:52.967Z,0.075,3,1500,768x432,4.96555699999999,,
2025-12-19T03:04:53.008Z,0.028,3,1500,768x432,4.924318999999969,,rebuffer happen
2025-12-19T03:04:53.617Z,0.095,3,1500,768x432,5.074292000000014,,
2025-12-19T03:04:53.675Z,0.021,3,1500,768x432,5.120486000000028,,rebuffer happen
2025-12-19T03:04:54.209Z,0.017,3,1500,768x432,5.214788999999996,,rebuffer happen
2025-12-19T03:04:54.242Z,0.024,3,1500,768x432,5.1883889999999155,,rebuffer happen
2025-12-19T03:04:54.293Z,0.023,3,1500,768x432,5.258032999999955,,rebuffer happen
2025-12-19T03:04:54.313Z,0.023,3,1500,768x432,5.258032999999955,,
2025-12-19T03:04:54.359Z,0.015,3,1500,768x432,5.311467999999991,,rebuffer happen
2025-12-19T03:04:54.923Z,0.094,3,1500,768x432,5.38880000000006,,
2025-12-19T03:04:54.993Z,0.018,3,1500,768x432,5.417695999999978,,rebuffer happen
2025-12-19T03:04:55.560Z,0.031,3,1500,768x432,5.5656040000000075,,rebuffer happen
2025-12-19T03:04:55.562Z,0.031,3,1500,768x432,5.5656040000000075,,
2025-12-19T03:04:55.610Z,0.021,3,1500,768x432,5.5223179999999275,,rebuffer happen
2025-12-19T03:04:56.194Z,0.018,3,1500,768x432,5.691801999999939,,rebuffer happen
2025-12-19T03:04:56.227Z,0.027,3,1500,768x432,5.667675999999915,,rebuffer happen
2025-12-19T03:04:56.248Z,0.027,3,1500,768x432,5.75667599999997,,
2025-12-19T03:04:56.294Z,0.019,3,1500,768x432,5.715954000000011,,rebuffer happen
2025-12-19T03:04:56.876Z,0.07,3,1500,768x432,5.851460000000088,,
2025-12-19T03:04:56.911Z,0.02,3,1500,768x432,5.816490000000044,,rebuffer happen
2025-12-19T03:04:57.493Z,0.075,3,1500,768x432,5.974146000000019,,
2025-12-19T03:04:57.545Z,0.021,3,1500,768x432,5.922187000000008,,rebuffer happen
2025-12-19T03:04:58.140Z,0.072,3,1500,768x432,6.068147999999951,,
2025-12-19T03:04:58.179Z,0.033,3,1500,768x432,6.135461999999961,,rebuffer happen
2025-12-19T03:04:58.813Z,0.023,3,1500,768x432,6.255495999999994,,rebuffer happen
2025-12-19T03:04:58.815Z,0.023,3,1500,768x432,6.255495999999994,,
2025-12-19T03:04:58.846Z,0.028,3,1500,768x432,6.227956999999947,,rebuffer happen
2025-12-19T03:04:59.464Z,0.028,3,1500,768x432,6.462913000000071,,rebuffer happen
2025-12-19T03:04:59.475Z,0.028,3,1500,768x432,6.462913000000071,,
2025-12-19T03:04:59.513Z,0.028,3,1500,768x432,6.429200000000037,,rebuffer happen
2025-12-19T03:05:00.136Z,0.09,3,1500,768x432,6.580624000000057,,
2025-12-19T03:05:00.181Z,0.027,3,1500,768x432,6.626365000000078,,rebuffer happen
2025-12-19T03:05:00.781Z,0.026,3,1500,768x432,6.753366999999912,,rebuffer happen
2025-12-19T03:05:00.797Z,0.026,3,1500,768x432,6.753366999999912,,
2025-12-19T03:05:00.831Z,0.029,3,1500,768x432,6.723172999999974,,rebuffer happen
2025-12-19T03:05:01.442Z,0.086,3,1500,768x432,6.867809999999963,,
2025-12-19T03:05:01.482Z,0.029,3,1500,768x432,6.93324999999993,,rebuffer happen
2025-12-19T03:05:02.080Z,0.07,3,1500,768x432,7.067424999999957,,
2025-12-19T03:05:02.132Z,0.018,3,1500,768x432,7.015509999999949,,rebuffer happen
2025-12-19T03:05:02.733Z,0.033,3,1500,768x432,7.162969999999973,,rebuffer happen
2025-12-19T03:05:02.739Z,0.033,3,1500,768x432,7.162969999999973,,
2025-12-19T03:05:02.783Z,0.028,3,1500,768x432,7.222161999999912,,rebuffer happen
2025-12-19T03:05:03.394Z,0.087,3,1500,768x432,7.376657999999907,,
2025-12-19T03:05:03.450Z,0.017,3,1500,768x432,7.414158000000043,,rebuffer happen
2025-12-19T03:05:04.050Z,0.018,3,1500,768x432,7.5471710000000485,,rebuffer happen
2025-12-19T03:05:04.057Z,0.018,3,1500,768x432,7.5471710000000485,,
2025-12-19T03:05:04.084Z,0.028,3,1500,768x432,7.523347999999942,,rebuffer happen
2025-12-19T03:05:04.668Z,0.017,3,1500,768x432,7.713289000000032,,rebuffer happen
2025-12-19T03:05:04.701Z,0.02,3,1500,768x432,7.683542999999986,,rebuffer happen
2025-12-19T03:05:04.751Z,0.019,3,1500,768x432,7.750389999999925,,rebuffer happen
2025-12-19T03:05:04.762Z,0.019,3,1500,768x432,7.750389999999925,,
2025-12-19T03:05:04.801Z,0.017,3,1500,768x432,7.715608999999972,,rebuffer happen
2025-12-19T03:05:05.235Z,0.06,3,1500,768x432,7.822754000000032,,rebuffer happen
2025-12-19T03:05:05.268Z,0.03,3,1500,768x432,7.8967870000000175,,rebuffer happen
2025-12-19T03:05:05.352Z,0.027,3,1500,768x432,7.922604999999976,,rebuffer happen
2025-12-19T03:05:05.435Z,0.02,3,1500,768x432,7.848580999999967,,rebuffer happen
2025-12-19T03:05:05.445Z,0.02,3,1500,768x432,7.848580999999967,,
2025-12-19T03:05:05.485Z,0.018,3,1500,768x432,7.912369000000012,,rebuffer happen
2025-12-19T03:05:06.086Z,0.032,3,1500,768x432,8.070037999999954,,rebuffer happen
2025-12-19T03:05:06.093Z,0.032,3,1500,768x432,8.070037999999954,,
2025-12-19T03:05:06.135Z,0.026,3,1500,768x432,8.030619000000002,,rebuffer happen
2025-12-19T03:05:06.743Z,0.101,3,1500,768x432,8.171272000000044,,
2025-12-19T03:05:06.786Z,0.032,3,1500,768x432,8.238977999999975,,rebuffer happen
2025-12-19T03:05:07.405Z,0.087,3,1500,768x432,8.374312000000032,,
2025-12-19T03:05:07.453Z,0.023,3,1500,768x432,8.420296000000008,,rebuffer happen
2025-12-19T03:05:08.068Z,0.073,3,1500,768x432,8.56327500000009,,
2025-12-19T03:05:08.104Z,0.02,3,1500,768x432,8.52786900000001,,rebuffer happen
2025-12-19T03:05:08.638Z,0.022,3,1500,768x432,8.629890000000046,,rebuffer happen
2025-12-19T03:05:08.671Z,0.027,3,1500,768x432,8.688145000000077,,rebuffer happen
2025-12-19T03:05:08.721Z,0.024,3,1500,768x432,8.651939000000084,,rebuffer happen
2025-12-19T03:05:08.729Z,0.024,3,1500,768x432,8.651939000000084,,
2025-12-19T03:05:08.771Z,0.02,3,1500,768x432,8.71679400000005,,rebuffer happen
2025-12-19T03:05:09.352Z,0.075,3,1500,768x432,8.878116000000091,,
2025-12-19T03:05:09.405Z,0.025,3,1500,768x432,8.825367000000028,,rebuffer happen
2025-12-19T03:05:09.974Z,0.124,3,1500,768x432,9.016358999999966,,
2025-12-19T03:05:10.072Z,0.02,3,1500,768x432,9.027520000000095,,rebuffer happen
2025-12-19T03:05:10.623Z,0.062,3,1500,768x432,9.083143000000064,,
2025-12-19T03:05:10.673Z,0.027,3,1500,768x432,9.122190000000046,,rebuffer happen
2025-12-19T03:05:11.304Z,0.08,3,1500,768x432,9.26552300000003,,
2025-12-19T03:05:11.340Z,0.029,3,1500,768x432,9.23024399999997,,rebuffer happen
2025-12-19T03:05:11.940Z,0.028,3,1500,768x432,9.392591000000039,,rebuffer happen
2025-12-19T03:05:11.990Z,0.062,3,1500,768x432,9.457844999999907,,
2025-12-19T03:05:11.991Z,0.052,3,1500,768x432,9.457844999999907,,rebuffer happen
2025-12-19T03:05:12.024Z,0.023,3,1500,768x432,9.428692999999953,,rebuffer happen
2025-12-19T03:05:12.524Z,0.02,3,1500,768x432,9.594336999999996,,rebuffer happen
2025-12-19T03:05:12.558Z,0.028,3,1500,768x432,9.656660999999986,,rebuffer happen
2025-12-19T03:05:12.641Z,0.026,3,1500,768x432,9.587916999999948,,rebuffer happen
2025-12-19T03:05:12.682Z,0.059,3,1500,768x432,9.664707000000021,,
2025-12-19T03:05:12.724Z,0.02,3,1500,768x432,9.62686999999994,,rebuffer happen
2025-12-19T03:05:13.325Z,0.022,3,1500,768x432,9.751671999999985,,rebuffer happen
2025-12-19T03:05:13.326Z,0.022,3,1500,768x432,9.751671999999985,,
2025-12-19T03:05:13.358Z,0.023,3,1500,768x432,9.821000000000026,,rebuffer happen
2025-12-19T03:05:13.955Z,0.074,3,1500,768x432,9.968405999999959,,
2025-12-19T03:05:14.009Z,0.021,3,1500,768x432,9.915454999999952,,rebuffer happen
2025-12-19T03:05:14.576Z,0.029,3,1500,768x432,10.061935000000062,,rebuffer happen
2025-12-19T03:05:14.578Z,0.029,3,1500,768x432,10.061935000000062,,
2025-12-19T03:05:14.626Z,0.02,3,1500,768x432,10.019868999999971,,rebuffer happen
2025-12-19T03:05:15.210Z,0.029,3,1500,768x432,10.157654999999977,,rebuffer happen
2025-12-19T03:05:15.212Z,0.029,3,1500,768x432,10.157654999999977,,
2025-12-19T03:05:15.260Z,0.02,3,1500,768x432,10.21518900000001,,rebuffer happen
2025-12-19T03:05:15.844Z,0.032,3,1500,768x432,10.264591999999993,,rebuffer happen
2025-12-19T03:05:15.847Z,0.032,3,1500,768x432,10.35959200000002,,
2025-12-19T03:05:15.894Z,0.024,3,1500,768x432,10.318099999999959,,rebuffer happen
2025-12-19T03:05:16.494Z,0.023,3,1500,768x432,10.455029999999965,,rebuffer happen
2025-12-19T03:05:16.495Z,0.023,3,1500,768x432,10.455029999999965,,
2025-12-19T03:05:16.528Z,0.028,3,1500,768x432,10.426225000000045,,rebuffer happen
2025-12-19T03:05:17.145Z,0.031,3,1500,768x432,10.568750000000023,,rebuffer happen
2025-12-19T03:05:17.145Z,0.031,3,1500,768x432,10.568750000000023,,
2025-12-19T03:05:17.195Z,0.021,3,1500,768x432,10.615104000000088,,rebuffer happen
2025-12-19T03:05:17.745Z,0.032,3,1500,768x432,10.696790999999962,,rebuffer happen
2025-12-19T03:05:17.795Z,0.023,3,1500,768x432,10.751038999999992,,rebuffer happen
2025-12-19T03:05:17.797Z,0.023,3,1500,768x432,10.751038999999992,,
2025-12-19T03:05:17.829Z,0.028,3,1500,768x432,10.72263799999996,,rebuffer happen
2025-12-19T03:05:18.396Z,0.031,3,1500,768x432,10.896294000000012,,rebuffer happen
2025-12-19T03:05:18.428Z,0.064,3,1500,768x432,10.87072599999999,,
2025-12-19T03:05:18.479Z,0.027,3,1500,768x432,10.922264999999925,,rebuffer happen
2025-12-19T03:05:19.063Z,0.106,3,1500,768x432,11.088666999999987,,
2025-12-19T03:05:19.130Z,0.025,3,1500,768x432,11.022757999999953,,rebuffer happen
2025-12-19T03:05:19.691Z,0.065,3,1500,768x432,11.17581999999993,,
2025-12-19T03:05:19.747Z,0.022,3,1500,768x432,11.216910999999982,,rebuffer happen
2025-12-19T03:05:20.330Z,0.074,3,1500,768x432,11.265895,,
2025-12-19T03:05:20.381Z,0.018,3,1500,768x432,11.313384999999926,,rebuffer happen
2025-12-19T03:05:20.977Z,0.054,3,1500,768x432,11.451186000000007,,
2025-12-19T03:05:21.014Z,0.019,3,1500,768x432,11.413716000000022,,rebuffer happen
2025-12-19T03:05:21.612Z,0.069,3,1500,768x432,11.564563000000021,,
2025-12-19T03:05:21.648Z,0.027,3,1500,768x432,11.623342999999977,,rebuffer happen
2025-12-19T03:05:22.248Z,0.059,3,1500,768x432,11.749059999999986,,
2025-12-19T03:05:22.249Z,0.053,3,1500,768x432,11.748432000000093,,rebuffer happen
2025-12-19T03:05:22.282Z,0.023,3,1500,768x432,11.71886500000005,,rebuffer happen
2025-12-19T03:05:22.884Z,0.073,3,1500,768x432,11.873180000000048,,
2025-12-19T03:05:22.933Z,0.019,3,1500,768x432,11.82518200000004,,rebuffer happen
2025-12-19T03:05:23.083Z,0.023,3,1500,768x432,11.988504000000034,,rebuffer happen
2025-12-19T03:05:23.529Z,0.053,3,1500,768x432,11.95338300000003,,
2025-12-19T03:05:23.550Z,0.033,3,1500,768x432,12.02971500000001,,rebuffer happen
2025-12-19T03:05:24.152Z,0.086,3,1500,768x432,12.170031999999992,,
2025-12-19T03:05:24.200Z,0.021,3,1500,768x432,12.121913000000063,,rebuffer happen
2025-12-19T03:05:24.351Z,0.022,3,1500,768x432,12.287603999999988,,rebuffer happen
2025-12-19T03:05:24.784Z,0.107,3,1500,768x432,12.310848000000078,,
2025-12-19T03:05:24.868Z,0.025,3,1500,768x432,12.325603000000001,,rebuffer happen
2025-12-19T03:05:24.985Z,0.027,3,1500,768x432,12.391285000000039,,rebuffer happen
2025-12-19T03:05:25.423Z,0.096,3,1500,768x432,12.382068000000004,,
2025-12-19T03:05:25.485Z,0.025,3,1500,768x432,12.419866999999954,,rebuffer happen
2025-12-19T03:05:26.065Z,0.054,3,1500,768x432,12.583058000000051,,
2025-12-19T03:05:26.119Z,0.025,3,1500,768x432,12.529676999999992,,rebuffer happen
2025-12-19T03:05:26.269Z,0.09,3,1500,768x432,12.687059999999974,,rebuffer happen
2025-12-19T03:05:26.692Z,0.1,3,1500,768x432,12.67872299999999,,
2025-12-19T03:05:26.753Z,0.021,3,1500,768x432,12.721126000000027,,rebuffer happen
2025-12-19T03:05:26.919Z,0.021,3,1500,768x432,12.786746999999991,,rebuffer happen
2025-12-19T03:05:27.335Z,0.098,3,1500,768x432,12.798498000000109,,
2025-12-19T03:05:27.403Z,0.026,3,1500,768x432,12.822926000000052,,rebuffer happen
2025-12-19T03:05:27.963Z,0.105,3,1500,768x432,13.005983000000015,,
2025-12-19T03:05:28.037Z,0.031,3,1500,768x432,12.932880000000068,,rebuffer happen
2025-12-19T03:05:28.593Z,0.086,3,1500,768x432,13.094701999999984,,
2025-12-19T03:05:28.671Z,0.017,3,1500,768x432,13.126066000000037,,rebuffer happen
2025-12-19T03:05:29.241Z,0.084,3,1500,768x432,13.188220999999999,,
2025-12-19T03:05:29.305Z,0.024,3,1500,768x432,13.222936000000004,,rebuffer happen
2025-12-19T03:05:29.869Z,0.115,3,1500,768x432,13.424640000000068,,
2025-12-19T03:05:29.955Z,0.033,3,1500,768x432,13.433447000000001,,rebuffer happen
2025-12-19T03:05:30.522Z,0.101,3,1500,768x432,13.489160999999967,,
2025-12-19T03:05:30.589Z,0.028,3,1500,768x432,13.523650999999973,,rebuffer happen
2025-12-19T03:05:31.177Z,0.09,3,1500,768x432,13.68412699999999,,
2025-12-19T03:05:31.239Z,0.021,3,1500,768x432,13.621551000000068,,rebuffer happen
2025-12-19T03:05:31.835Z,0.063,3,1500,768x432,13.780990000000088,,
2025-12-19T03:05:31.890Z,0.022,3,1500,768x432,13.821332999999981,,rebuffer happen
2025-12-19T03:05:32.057Z,0.022,3,1500,768x432,13.992861000000062,,rebuffer happen
2025-12-19T03:05:32.176Z,0,3,1500,768x432,13.89750099999992,,rebuffer happen
2025-12-19T03:05:32.550Z,0,3,1500,768x432,14.209500999999932,,
2025-12-19T03:05:33.232Z,0,3,1500,768x432,14.89750099999992,,
2025-12-19T03:05:33.423Z,0.261,3,1500,768x432,3.033681999999999,,rebuffer happen
2025-12-19T03:05:33.874Z,0.237,3,1500,768x432,3.046243000000004,,
2025-12-19T03:05:34.537Z,0.104,3,1500,768x432,3.0041689999999335,,
2025-12-19T03:05:34.609Z,0.027,3,1500,768x432,3.0277169999999387,,rebuffer happen
2025-12-19T03:05:35.109Z,0.027,3,1500,768x432,3.1578479999999445,,rebuffer happen
2025-12-19T03:05:35.190Z,0.074,3,1500,768x432,3.184816000000069,,
2025-12-19T03:05:35.260Z,0.027,3,1500,768x432,3.233172999999965,,rebuffer happen
2025-12-19T03:05:35.855Z,0.084,3,1500,768x432,3.3833530000000565,,
2025-12-19T03:05:35.927Z,0.016,3,1500,768x432,3.3187410000000455,,rebuffer happen
2025-12-19T03:05:36.487Z,0.093,3,1500,768x432,3.495380999999952,,
2025-12-19T03:05:36.560Z,0.028,3,1500,768x432,3.529466999999954,,rebuffer happen
2025-12-19T03:05:37.105Z,0.117,3,1500,768x432,3.6341650000000527,,
2025-12-19T03:05:37.211Z,0.023,3,1500,768x432,3.62198699999999,,rebuffer happen
2025-12-19T03:05:37.726Z,0.142,3,1500,768x432,3.740688000000091,,
2025-12-19T03:05:37.862Z,0.017,3,1500,768x432,3.8176730000000134,,rebuffer happen
2025-12-19T03:05:38.360Z,0.12,3,1500,768x432,3.928252999999927,,
2025-12-19T03:05:38.462Z,0.031,3,1500,768x432,3.934529999999995,,rebuffer happen
2025-12-19T03:05:38.988Z,0.176,3,1500,768x432,4.083243000000039,,
2025-12-19T03:05:39.146Z,0.024,3,1500,768x432,4.019592999999986,,rebuffer happen
2025-12-19T03:05:39.599Z,0.2,3,1500,768x432,4.188971000000038,,
2025-12-19T03:05:39.763Z,0.031,3,1500,768x432,4.2285060000000385,,rebuffer happen
2025-12-19T03:05:40.229Z,0.19,3,1500,768x432,4.288738999999964,,
2025-12-19T03:05:40.397Z,0.025,3,1500,768x432,4.331782999999973,,rebuffer happen
2025-12-19T03:05:40.866Z,0.168,3,1500,768x432,4.4746470000000045,,
2025-12-19T03:05:41.014Z,0.032,3,1500,768x432,4.429928000000018,,rebuffer happen
2025-12-19T03:05:41.535Z,0.184,3,1500,768x432,4.577672000000007,,
2025-12-19T03:05:41.698Z,0.02,3,1500,768x432,4.614520000000084,,rebuffer happen
2025-12-19T03:05:42.202Z,0.172,3,1500,768x432,4.750161000000048,,
2025-12-19T03:05:42.332Z,0.026,3,1500,768x432,4.723910000000046,,rebuffer happen
2025-12-19T03:05:42.869Z,0.123,3,1500,768x432,4.946280000000002,,
2025-12-19T03:05:42.999Z,0.021,3,1500,768x432,4.9251540000000205,,rebuffer happen
2025-12-19T03:05:43.539Z,0.124,3,1500,768x432,5.032420000000002,,
2025-12-19T03:05:43.650Z,0.027,3,1500,768x432,5.124376999999981,,rebuffer happen
2025-12-19T03:05:44.199Z,0.138,3,1500,768x432,5.256303000000003,,
2025-12-19T03:05:44.334Z,0.017,3,1500,768x432,5.21546699999999,,rebuffer happen
2025-12-19T03:05:44.840Z,0.124,3,1500,768x432,5.317807000000016,,
2025-12-19T03:05:44.934Z,0.026,3,1500,768x432,5.332228999999984,,rebuffer happen
2025-12-19T03:05:45.489Z,0.121,3,1500,768x432,5.524864000000093,,
2025-12-19T03:05:45.585Z,0.028,3,1500,768x432,5.533998999999994,,rebuffer happen
2025-12-19T03:05:46.166Z,0.122,3,1500,768x432,5.7097290000000385,,
2025-12-19T03:05:46.252Z,0.028,3,1500,768x432,5.723964000000024,,rebuffer happen
2025-12-19T03:05:46.825Z,0.12,3,1500,768x432,5.817357000000015,,
2025-12-19T03:05:46.936Z,0.017,3,1500,768x432,5.8165729999999485,,rebuffer happen
2025-12-19T03:05:47.501Z,0.082,3,1500,768x432,5.976526999999919,,
2025-12-19T03:05:47.553Z,0.024,3,1500,768x432,6.019472999999948,,rebuffer happen
2025-12-19T03:05:48.187Z,0.019,3,1500,768x432,6.1607680000000755,,rebuffer happen
2025-12-19T03:05:48.194Z,0.019,3,1500,768x432,6.1607680000000755,,
2025-12-19T03:05:48.220Z,0.03,3,1500,768x432,6.1380040000000236,,rebuffer happen
2025-12-19T03:05:48.520Z,0.065,3,1500,768x432,6.302172000000041,,rebuffer happen
2025-12-19T03:05:48.787Z,0.025,3,1500,768x432,6.358879999999999,,rebuffer happen
2025-12-19T03:05:48.837Z,0.021,3,1500,768x432,6.321382000000085,,rebuffer happen
2025-12-19T03:05:48.904Z,0.029,3,1500,768x432,6.365239999999972,,rebuffer happen
2025-12-19T03:05:48.916Z,0.029,3,1500,768x432,6.365239999999972,,
2025-12-19T03:05:48.954Z,0.03,3,1500,768x432,6.4251449999999295,,rebuffer happen
2025-12-19T03:05:49.488Z,0.018,3,1500,768x432,6.55180299999995,,rebuffer happen
2025-12-19T03:05:49.521Z,0.028,3,1500,768x432,6.528934999999933,,rebuffer happen
2025-12-19T03:05:49.605Z,0.06,3,1500,768x432,6.562241999999969,,
2025-12-19T03:05:49.655Z,0.022,3,1500,768x432,6.623475999999982,,rebuffer happen
2025-12-19T03:05:50.239Z,0.104,3,1500,768x432,6.684368999999947,,
2025-12-19T03:05:50.305Z,0.021,3,1500,768x432,6.717057000000068,,rebuffer happen
2025-12-19T03:05:50.849Z,0.091,3,1500,768x432,6.911844999999971,,
2025-12-19T03:05:50.939Z,0.024,3,1500,768x432,6.821955000000003,,rebuffer happen
2025-12-19T03:05:51.479Z,0.115,3,1500,768x432,7.028815000000009,,
2025-12-19T03:05:51.590Z,0.021,3,1500,768x432,7.016057000000046,,rebuffer happen
2025-12-19T03:05:52.224Z,0.02,3,1500,768x432,7.151411999999937,,rebuffer happen
2025-12-19T03:05:52.229Z,0.02,3,1500,768x432,7.151411999999937,,
2025-12-19T03:05:52.257Z,0.029,3,1500,768x432,7.2344790000000785,,rebuffer happen
2025-12-19T03:05:52.791Z,0.02,3,1500,768x432,7.421056000000021,,rebuffer happen
2025-12-19T03:05:52.824Z,0.023,3,1500,768x432,7.391609000000017,,rebuffer happen
2025-12-19T03:05:52.907Z,0.023,3,1500,768x432,7.423567000000048,,rebuffer happen
2025-12-19T03:05:52.974Z,0.021,3,1500,768x432,7.490420000000086,,rebuffer happen
2025-12-19T03:05:53.006Z,0.055,3,1500,768x432,7.462598000000071,,
2025-12-19T03:05:53.041Z,0.029,3,1500,768x432,7.431583000000046,,rebuffer happen
2025-12-19T03:05:53.625Z,0.032,3,1500,768x432,7.593690000000038,,rebuffer happen
2025-12-19T03:05:53.685Z,0.065,3,1500,768x432,7.658062000000086,,
2025-12-19T03:05:53.725Z,0.028,3,1500,768x432,7.622790000000009,,rebuffer happen
2025-12-19T03:05:54.175Z,0.021,3,1500,768x432,7.7934060000000045,,rebuffer happen
2025-12-19T03:05:54.275Z,0.031,3,1500,768x432,7.794383000000039,,rebuffer happen
2025-12-19T03:05:54.334Z,0.064,3,1500,768x432,7.7600250000000415,,
2025-12-19T03:05:54.375Z,0.027,3,1500,768x432,7.823203000000035,,rebuffer happen
2025-12-19T03:05:54.970Z,0.071,3,1500,768x432,7.956506999999988,,
2025-12-19T03:05:55.009Z,0.017,3,1500,768x432,7.917944999999918,,rebuffer happen
2025-12-19T03:05:55.593Z,0.021,3,1500,768x432,8.060630999999944,,rebuffer happen
2025-12-19T03:05:55.607Z,0.021,3,1500,768x432,8.060630999999944,,
2025-12-19T03:05:55.643Z,0.022,3,1500,768x432,8.02898899999991,,rebuffer happen
2025-12-19T03:05:56.224Z,0.079,3,1500,768x432,8.161113,,
2025-12-19T03:05:56.260Z,0.027,3,1500,768x432,8.22199599999999,,rebuffer happen
2025-12-19T03:05:56.811Z,0.027,3,1500,768x432,8.296085999999946,,rebuffer happen
2025-12-19T03:05:56.861Z,0.018,3,1500,768x432,8.345684000000006,,rebuffer happen
2025-12-19T03:05:56.862Z,0.018,3,1500,768x432,8.345684000000006,,
2025-12-19T03:05:56.894Z,0.023,3,1500,768x432,8.317474999999945,,rebuffer happen
2025-12-19T03:05:57.495Z,0.033,3,1500,768x432,8.464640000000031,,rebuffer happen
2025-12-19T03:05:57.508Z,0.033,3,1500,768x432,8.464640000000031,,
2025-12-19T03:05:57.544Z,0.032,3,1500,768x432,8.43003299999998,,rebuffer happen
2025-12-19T03:05:58.155Z,0.064,3,1500,768x432,8.662268999999924,,
2025-12-19T03:05:58.195Z,0.02,3,1500,768x432,8.622331999999915,,rebuffer happen
2025-12-19T03:05:58.762Z,0.025,3,1500,768x432,8.790720999999962,,rebuffer happen
2025-12-19T03:05:58.795Z,0.029,3,1500,768x432,8.761662999999999,,rebuffer happen
2025-12-19T03:05:58.802Z,0.029,3,1500,768x432,8.761662999999999,,
2025-12-19T03:05:58.846Z,0.023,3,1500,768x432,8.722803999999996,,rebuffer happen
2025-12-19T03:05:58.996Z,0.028,3,1500,768x432,8.890138999999976,,rebuffer happen
2025-12-19T03:05:59.442Z,0.099,3,1500,768x432,8.877351999999973,,
2025-12-19T03:05:59.496Z,0.028,3,1500,768x432,8.930500000000052,,rebuffer happen
2025-12-19T03:06:00.090Z,0.058,3,1500,768x432,9.082193999999959,,
2025-12-19T03:06:00.147Z,0.019,3,1500,768x432,9.113991000000055,,rebuffer happen
2025-12-19T03:06:00.697Z,0.033,3,1500,768x432,9.199357000000077,,rebuffer happen
2025-12-19T03:06:00.747Z,0.026,3,1500,768x432,9.255250000000046,,rebuffer happen
2025-12-19T03:06:00.752Z,0.026,3,1500,768x432,9.255250000000046,,
2025-12-19T03:06:00.797Z,0.02,3,1500,768x432,9.215446000000043,,rebuffer happen
2025-12-19T03:06:00.931Z,0.026,3,1500,768x432,9.288181999999892,,rebuffer happen
2025-12-19T03:06:01.391Z,0.06,3,1500,768x432,9.366839999999911,,
2025-12-19T03:06:01.431Z,0.022,3,1500,768x432,9.326888999999937,,rebuffer happen
2025-12-19T03:06:02.048Z,0.022,3,1500,768x432,9.551857999999925,,rebuffer happen
2025-12-19T03:06:02.050Z,0.022,3,1500,768x432,9.551857999999925,,
2025-12-19T03:06:02.082Z,0.028,3,1500,768x432,9.524262000000022,,rebuffer happen
2025-12-19T03:06:02.649Z,0.031,3,1500,768x432,9.69335000000001,,rebuffer happen
2025-12-19T03:06:02.697Z,0.065,3,1500,768x432,9.65623000000005,,
2025-12-19T03:06:02.732Z,0.03,3,1500,768x432,9.625411999999983,,rebuffer happen
2025-12-19T03:06:03.345Z,0.087,3,1500,768x432,9.760186999999974,,
2025-12-19T03:06:03.383Z,0.024,3,1500,768x432,9.81836199999998,,rebuffer happen
2025-12-19T03:06:03.982Z,0.113,3,1500,768x432,9.997527999999988,,
2025-12-19T03:06:04.050Z,0.03,3,1500,768x432,10.024149999999963,,rebuffer happen
2025-12-19T03:06:04.630Z,0.092,3,1500,768x432,10.081532999999922,,
2025-12-19T03:06:04.684Z,0.031,3,1500,768x432,10.12612200000001,,rebuffer happen
2025-12-19T03:06:05.291Z,0.069,3,1500,768x432,10.268031000000065,,
2025-12-19T03:06:05.334Z,0.03,3,1500,768x432,10.225336000000084,,rebuffer happen
2025-12-19T03:06:05.948Z,0.068,3,1500,768x432,10.46793799999989,,
2025-12-19T03:06:06.002Z,0.018,3,1500,768x432,10.414957999999956,,rebuffer happen
2025-12-19T03:06:06.168Z,0.025,3,1500,768x432,10.592591999999968,,rebuffer happen
2025-12-19T03:06:06.607Z,0.067,3,1500,768x432,10.564677999999958,,
2025-12-19T03:06:06.652Z,0.025,3,1500,768x432,10.62028900000007,,rebuffer happen
2025-12-19T03:06:06.819Z,0.026,3,1500,768x432,10.692279999999982,,rebuffer happen
2025-12-19T03:06:07.278Z,0.083,3,1500,768x432,10.776595000000043,,
2025-12-19T03:06:07.319Z,0.033,3,1500,768x432,10.735181000000011,,rebuffer happen
2025-12-19T03:06:07.924Z,0.104,3,1500,768x432,10.905933000000005,,
2025-12-19T03:06:08.003Z,0.018,3,1500,768x432,10.913139000000001,,rebuffer happen
2025-12-19T03:06:08.420Z,0.032,3,1500,768x432,11.041753999999969,,rebuffer happen
2025-12-19T03:06:08.581Z,0.077,3,1500,768x432,11.076198999999974,,
2025-12-19T03:06:08.637Z,0.024,3,1500,768x432,11.02049199999999,,rebuffer happen
2025-12-19T03:06:09.104Z,0.019,3,1500,768x432,11.215553,,rebuffer happen
2025-12-19T03:06:09.271Z,0.029,3,1500,768x432,11.26120800000001,,rebuffer happen
2025-12-19T03:06:09.272Z,0.029,3,1500,768x432,11.26120800000001,,
2025-12-19T03:06:09.321Z,0.019,3,1500,768x432,11.217972999999915,,rebuffer happen
2025-12-19T03:06:09.755Z,0.025,3,1500,768x432,11.45787299999995,,rebuffer happen
2025-12-19T03:06:09.961Z,0.077,3,1500,768x432,11.464939999999956,,
2025-12-19T03:06:10.005Z,0.026,3,1500,768x432,11.421158999999989,,rebuffer happen
2025-12-19T03:06:10.472Z,0.062,3,1500,768x432,11.627607000000012,,rebuffer happen
2025-12-19T03:06:10.655Z,0.031,3,1500,768x432,11.66547700000001,,rebuffer happen
2025-12-19T03:06:10.657Z,0.031,3,1500,768x432,11.66547700000001,,
2025-12-19T03:06:10.705Z,0.021,3,1500,768x432,11.622943999999961,,rebuffer happen
2025-12-19T03:06:10.889Z,0.084,3,1500,768x432,11.778538000000026,,rebuffer happen
2025-12-19T03:06:11.156Z,0.031,3,1500,768x432,11.83183299999996,,rebuffer happen
2025-12-19T03:06:11.239Z,0.057,3,1500,768x432,11.75771599999996,,rebuffer happen
2025-12-19T03:06:11.343Z,0.065,3,1500,768x432,11.7679270000001,,
2025-12-19T03:06:11.389Z,0.022,3,1500,768x432,11.825834999999984,,rebuffer happen
2025-12-19T03:06:11.573Z,0.02,3,1500,768x432,11.988637999999924,,rebuffer happen
2025-12-19T03:06:12.017Z,0.088,3,1500,768x432,11.966146999999978,,
2025-12-19T03:06:12.057Z,0.03,3,1500,768x432,12.034924000000046,,rebuffer happen
2025-12-19T03:06:12.685Z,0.075,3,1500,768x432,12.17404399999998,,
2025-12-19T03:06:12.724Z,0.026,3,1500,768x432,12.135381000000052,,rebuffer happen
2025-12-19T03:06:13.074Z,0.028,3,1500,768x432,12.358624999999961,,rebuffer happen
2025-12-19T03:06:13.191Z,0.029,3,1500,768x432,12.358557000000019,,rebuffer happen
2025-12-19T03:06:13.274Z,0.02,3,1500,768x432,12.387344999999982,,rebuffer happen
2025-12-19T03:06:13.391Z,0.024,3,1500,768x432,12.390637999999967,,rebuffer happen
2025-12-19T03:06:13.430Z,0.058,3,1500,768x432,12.35920699999997,,
2025-12-19T03:06:13.474Z,0.021,3,1500,768x432,12.419107000000054,,rebuffer happen
2025-12-19T03:06:14.025Z,0.022,3,1500,768x432,12.592514000000051,,rebuffer happen
2025-12-19T03:06:14.142Z,0.021,3,1500,768x432,12.584273999999937,,rebuffer happen
2025-12-19T03:06:14.175Z,0.026,3,1500,768x432,12.664924000000042,,rebuffer happen
2025-12-19T03:06:14.177Z,0.026,3,1500,768x432,12.664924000000042,,
2025-12-19T03:06:14.225Z,0.017,3,1500,768x432,12.62277800000004,,rebuffer happen
2025-12-19T03:06:14.609Z,0.03,3,1500,768x432,12.83932500000003,,rebuffer happen
2025-12-19T03:06:14.692Z,0.026,3,1500,768x432,12.862404000000083,,rebuffer happen
2025-12-19T03:06:14.926Z,0.027,3,1500,768x432,12.865926000000059,,rebuffer happen
2025-12-19T03:06:14.931Z,0.027,3,1500,768x432,12.865926000000059,,
2025-12-19T03:06:14.976Z,0.021,3,1500,768x432,12.916342999999983,,rebuffer happen
2025-12-19T03:06:15.176Z,0.023,3,1500,768x432,13.092928000000029,,rebuffer happen
2025-12-19T03:06:15.543Z,0.02,3,1500,768x432,13.053324999999973,,rebuffer happen
2025-12-19T03:06:15.576Z,0.028,3,1500,768x432,13.122150000000033,,rebuffer happen
2025-12-19T03:06:15.648Z,0.074,3,1500,768x432,13.173665000000028,,
2025-12-19T03:06:15.709Z,0.022,3,1500,768x432,13.118624999999952,,rebuffer happen
2025-12-19T03:06:15.893Z,0.024,3,1500,768x432,13.292986000000042,,rebuffer happen
2025-12-19T03:06:16.127Z,0.023,3,1500,768x432,13.291744000000108,,rebuffer happen
2025-12-19T03:06:16.277Z,0.024,3,1500,768x432,13.360334999999964,,rebuffer happen
2025-12-19T03:06:16.393Z,0.028,3,1500,768x432,13.359129000000053,,rebuffer happen
2025-12-19T03:06:16.399Z,0.028,3,1500,768x432,13.359129000000053,,
2025-12-19T03:06:16.443Z,0.022,2,1000,640x360,13.319878000000017,,rebuffer happen
2025-12-19T03:06:16.470Z,0.022,2,1000,640x360,13.42987800000003,,
2025-12-19T03:06:16.958Z,0.237,2,1000,640x360,13.631297000000018,,
2025-12-19T03:06:17.457Z,0.239,2,1000,640x360,13.642689000000018,,
2025-12-19T03:06:17.977Z,0.233,2,1000,640x360,13.627704999999992,,
2025-12-19T03:06:18.045Z,0.176,3,1500,768x432,13.560086999999953,,
2025-12-19T03:06:18.178Z,0.032,3,1500,768x432,13.626071000000024,,rebuffer happen
2025-12-19T03:06:18.595Z,0.028,3,1500,768x432,13.729190000000017,,rebuffer happen
2025-12-19T03:06:18.745Z,0.022,3,1500,768x432,13.692791000000057,,rebuffer happen
2025-12-19T03:06:18.790Z,0.055,3,1500,768x432,13.752918999999906,,
2025-12-19T03:06:18.829Z,0.024,3,1500,768x432,13.718578999999977,,rebuffer happen
2025-12-19T03:06:19.029Z,0.033,3,1500,768x432,13.898275000000012,,rebuffer happen
2025-12-19T03:06:19.296Z,0,3,1500,768x432,13.929834000000028,,rebuffer happen
2025-12-19T03:06:19.569Z,0,3,1500,768x432,14.228834000000006,,
2025-12-19T03:06:20.139Z,0,3,1500,768x432,14.735834000000068,,
2025-12-19T03:06:20.661Z,0.274,3,1500,768x432,2.9690610000000106,,rebuffer happen
2025-12-19T03:06:20.735Z,0.288,3,1500,768x432,2.858842999999979,,
2025-12-19T03:06:21.281Z,0.196,3,1500,768x432,2.8927380000000085,,
2025-12-19T03:06:21.742Z,0.217,3,1500,768x432,2.8237380000000485,,
2025-12-19T03:06:21.974Z,0.428,3,1500,768x432,2.9110430000000633,,
2025-12-19T03:06:22.137Z,0.773,3,1500,768x432,2.7711790000000747,,
2025-12-19T03:06:22.320Z,0.996,3,1500,768x432,2.699961999999914,,
2025-12-19T03:06:22.620Z,1.049,3,1500,768x432,2.5519089999999096,,
2025-12-19T03:06:22.876Z,1.201,3,1500,768x432,2.5337999999999283,,
2025-12-19T03:06:23.195Z,1.335,3,1500,768x432,2.4451139999999896,,
2025-12-19T03:06:23.498Z,1.406,3,1500,768x432,2.3143310000000383,,
2025-12-19T03:06:23.912Z,1.393,3,1500,768x432,2.197033000000033,,
2025-12-19T03:06:24.285Z,1.397,3,1500,768x432,2.1195820000000367,,
2025-12-19T03:06:24.529Z,1.519,3,1500,768x432,2.0268879999999854,,
2025-12-19T03:06:24.774Z,1.741,3,1500,768x432,2.054010999999946,,
2025-12-19T03:06:25.024Z,2.061,3,1500,768x432,1.977532999999994,,
2025-12-19T03:06:25.498Z,2.089,3,1500,768x432,1.9825939999999491,,
2025-12-19T03:06:25.576Z,2.025,2,1000,640x360,1.994387999999958,,
2025-12-19T03:06:26.012Z,2.04,2,1000,640x360,1.9572989999999209,,
2025-12-19T03:06:26.092Z,2.062,1,600,480x270,1.9771829999999682,,
2025-12-19T03:06:26.484Z,2.076,1,600,480x270,1.9806330000000116,,
2025-12-19T03:06:26.994Z,2.052,1,600,480x270,1.9605309999999463,,
2025-12-19T03:06:27.073Z,1.992,3,1500,768x432,1.9753070000000434,,
2025-12-19T03:06:27.507Z,2.075,3,1500,768x432,1.9427309999999807,,
2025-12-19T03:06:27.585Z,1.97,0,200,320x180,1.9683929999999918,,
2025-12-19T03:06:27.991Z,2.095,0,200,320x180,1.9609959999999091,,
2025-12-19T03:06:28.069Z,2.064,1,600,480x270,1.991472999999928,,
2025-12-19T03:06:28.601Z,1.947,1,600,480x270,1.9554650000000038,,
2025-12-19T03:06:28.679Z,1.9,3,1500,768x432,1.9724429999999984,,
2025-12-19T03:06:29.335Z,1.72,3,1500,768x432,1.929467999999929,,
2025-12-19T03:06:29.411Z,1.722,2,1000,640x360,1.9460100000000011,,
2025-12-19T03:06:29.816Z,1.731,2,1000,640x360,1.9320940000000064,,
2025-12-19T03:06:30.265Z,1.779,2,1000,640x360,1.9839099999999235,,
2025-12-19T03:06:30.331Z,1.789,3,1500,768x432,1.9174879999999348,,
2025-12-19T03:06:30.940Z,1.634,3,1500,768x432,1.9222539999999526,,
2025-12-19T03:06:31.571Z,1.484,3,1500,768x432,1.9815309999999045,,
2025-12-19T03:06:32.196Z,1.374,3,1500,768x432,1.9517789999999877,,
2025-12-19T03:06:32.819Z,1.249,3,1500,768x432,1.933450999999991,,
2025-12-19T03:06:33.344Z,1.209,3,1500,768x432,1.9104399999999941,,
2025-12-19T03:06:33.891Z,1.15,3,1500,768x432,1.9742619999999533,,
2025-12-19T03:06:34.467Z,1.094,3,1500,768x432,1.9851190000000543,,
2025-12-19T03:06:35.102Z,0.95,3,1500,768x432,1.9710450000000037,,
2025-12-19T03:06:35.778Z,0.792,3,1500,768x432,1.969310000000064,,
2025-12-19T03:06:36.499Z,0.552,3,1500,768x432,1.9507310000000189,,
2025-12-19T03:06:37.014Z,0.274,3,1500,768x432,1.9399680000000217,,rebuffer happen
2025-12-19T03:06:37.387Z,0.173,3,1500,768x432,1.9629350000000159,,
2025-12-19T03:06:37.528Z,0.027,3,1500,768x432,1.927347999999938,,rebuffer happen
2025-12-19T03:06:38.062Z,0.032,3,1500,768x432,2.0688880000000154,,rebuffer happen
2025-12-19T03:06:38.065Z,0.032,3,1500,768x432,2.0688880000000154,,
2025-12-19T03:06:38.111Z,0.025,3,1500,768x432,2.0281610000000683,,rebuffer happen
2025-12-19T03:06:38.529Z,0.023,3,1500,768x432,2.1222830000000386,,rebuffer happen
2025-12-19T03:06:38.612Z,0.019,3,1500,768x432,2.1542049999999335,,rebuffer happen
2025-12-19T03:06:38.645Z,0.027,3,1500,768x432,2.128511000000003,,rebuffer happen
2025-12-19T03:06:38.695Z,0.022,3,1500,768x432,2.1831070000000636,,rebuffer happen
2025-12-19T03:06:38.728Z,0.028,3,1500,768x432,2.1558919999999944,,rebuffer happen
2025-12-19T03:06:38.738Z,0.028,3,1500,768x432,2.1558919999999944,,
2025-12-19T03:06:38.778Z,0.026,3,1500,768x432,2.2223470000000134,,rebuffer happen
2025-12-19T03:06:39.379Z,0.019,3,1500,768x432,2.3540669999999864,,rebuffer happen
2025-12-19T03:06:39.388Z,0.019,3,1500,768x432,2.3540669999999864,,
2025-12-19T03:06:39.412Z,0.029,3,1500,768x432,2.3307680000000346,,rebuffer happen
2025-12-19T03:06:40.040Z,0.068,3,1500,768x432,2.458118000000013,,
2025-12-19T03:06:40.080Z,0.021,3,1500,768x432,2.526181999999949,,rebuffer happen
2025-12-19T03:06:40.580Z,0.018,3,1500,768x432,2.657359999999926,,rebuffer happen
2025-12-19T03:06:40.613Z,0.023,3,1500,768x432,2.6293079999999236,,rebuffer happen
2025-12-19T03:06:40.697Z,0.022,3,1500,768x432,2.649919000000068,,rebuffer happen
2025-12-19T03:06:40.723Z,0.022,3,1500,768x432,2.649919000000068,,
2025-12-19T03:06:40.763Z,0.019,3,1500,768x432,2.713955999999939,,rebuffer happen
2025-12-19T03:06:40.897Z,0.028,3,1500,768x432,2.7906059999999115,,rebuffer happen
2025-12-19T03:06:41.381Z,0.018,3,1500,768x432,2.8527050000000145,,rebuffer happen
2025-12-19T03:06:41.387Z,0.018,3,1500,768x432,2.8527050000000145,,
2025-12-19T03:06:41.414Z,0.027,3,1500,768x432,2.828828000000044,,rebuffer happen
2025-12-19T03:06:42.031Z,0.019,3,1500,768x432,2.9486539999999195,,rebuffer happen
2025-12-19T03:06:42.033Z,0.019,3,1500,768x432,2.9486539999999195,,
2025-12-19T03:06:42.064Z,0.024,3,1500,768x432,3.0189120000000003,,rebuffer happen
2025-12-19T03:06:42.581Z,0.025,3,1500,768x432,3.157322000000022,,rebuffer happen
2025-12-19T03:06:42.715Z,0.02,3,1500,768x432,3.1488620000000083,,rebuffer happen
2025-12-19T03:06:42.725Z,0.02,3,1500,768x432,3.1488620000000083,,
2025-12-19T03:06:42.765Z,0.018,3,1500,768x432,3.2147109999999657,,rebuffer happen
2025-12-19T03:06:43.249Z,0.024,3,1500,768x432,3.353385000000003,,rebuffer happen
2025-12-19T03:06:43.365Z,0.025,3,1500,768x432,3.36529500000006,,rebuffer happen
2025-12-19T03:06:43.369Z,0.025,3,1500,768x432,3.36529500000006,,
2025-12-19T03:06:43.400Z,0.03,3,1500,768x432,3.336915999999974,,rebuffer happen
2025-12-19T03:06:44.042Z,0.066,3,1500,768x432,3.4612829999999803,,
2025-12-19T03:06:44.083Z,0.018,3,1500,768x432,3.5153649999999743,,rebuffer happen
2025-12-19T03:06:44.681Z,0.069,3,1500,768x432,3.6762359999999035,,
2025-12-19T03:06:44.735Z,0.016,3,1500,768x432,3.6238459999999577,,rebuffer happen
2025-12-19T03:06:45.217Z,0.029,3,1500,768x432,3.766976999999997,,rebuffer happen
2025-12-19T03:06:45.318Z,0.057,3,1500,768x432,3.7862180000000762,,rebuffer happen
2025-12-19T03:06:45.352Z,0.028,3,1500,768x432,3.8594960000000356,,rebuffer happen
2025-12-19T03:06:45.356Z,0.028,3,1500,768x432,3.8594960000000356,,
2025-12-19T03:06:45.400Z,0.023,3,1500,768x432,3.821431999999959,,rebuffer happen
2025-12-19T03:06:45.986Z,0.024,3,1500,768x432,3.9531549999999243,,rebuffer happen
2025-12-19T03:06:45.991Z,0.024,3,1500,768x432,3.9531549999999243,,
2025-12-19T03:06:46.035Z,0.02,3,1500,768x432,3.915732999999932,,rebuffer happen
2025-12-19T03:06:46.615Z,0.091,3,1500,768x432,4.069694000000027,,
2025-12-19T03:06:46.669Z,0.021,3,1500,768x432,4.116747000000032,,rebuffer happen
2025-12-19T03:06:47.252Z,0.032,3,1500,768x432,4.260657000000037,,rebuffer happen
2025-12-19T03:06:47.257Z,0.032,3,1500,768x432,4.260657000000037,,
2025-12-19T03:06:47.302Z,0.025,3,1500,768x432,4.220948000000021,,rebuffer happen
2025-12-19T03:06:47.646Z,0.192,3,1500,768x432,4.314396999999985,,
2025-12-19T03:06:47.709Z,0.254,3,1500,768x432,4.349983000000066,,rebuffer happen
2025-12-19T03:06:47.721Z,0.254,3,1500,768x432,4.329157000000009,,
2025-12-19T03:06:47.799Z,0.333,0,200,320x180,4.313067000000046,,
2025-12-19T03:06:47.804Z,0.212,0,200,320x180,4.308832000000052,,rebuffer happen
2025-12-19T03:06:47.986Z,0.033,0,200,320x180,4.338306999999986,,rebuffer happen
2025-12-19T03:06:49.873Z,0.033,0,200,320x180,6.233307000000082,,