timestamp,bufferLevel,qualityIndex,bitrateKbps,resolution,liveLatency,predictedKbps,rebuffer
2025-12-22T09:32:04.650Z,0,1,600,480x270,0.924,,
2025-12-22T09:32:04.653Z,0,1,600,480x270,0.924,,rebuffer happen
2025-12-22T09:32:04.676Z,0.1,1,600,480x270,0.923659,,rebuffer happen
2025-12-22T09:32:04.934Z,0.209,1,600,480x270,0.9796570000000001,,
2025-12-22T09:32:05.034Z,0.264,0,200,320x180,1.059699,971,
2025-12-22T09:32:05.154Z,0.539,0,200,320x180,1.059968,971,
2025-12-22T09:32:05.294Z,0.934,0,200,320x180,1.0808520000000001,1148,
2025-12-22T09:32:05.456Z,1.357,0,200,320x180,1.199446,1137,
2025-12-22T09:32:05.860Z,1.65,0,200,320x180,1.371616,1156,
2025-12-22T09:32:06.331Z,1.791,0,200,320x180,1.51184,1167,
2025-12-22T09:32:06.862Z,2.017,0,200,320x180,1.7300740000000001,1161,
2025-12-22T09:32:07.407Z,2.077,0,200,320x180,1.8237950000000003,1147,
2025-12-22T09:32:07.897Z,2.182,0,200,320x180,1.8989740000000004,1149,
2025-12-22T09:32:08.726Z,1.875,0,200,320x180,1.910974,1157,
2025-12-22T09:32:08.794Z,1.892,2,1000,640x360,1.947248,1183,
2025-12-22T09:32:09.423Z,1.752,2,1000,640x360,1.9380840000000004,1183,
2025-12-22T09:32:09.969Z,1.652,2,1000,640x360,1.9852480000000003,1174,
2025-12-22T09:32:10.477Z,1.674,2,1000,640x360,1.9773969999999998,1200,
2025-12-22T09:32:10.977Z,1.659,2,1000,640x360,1.9825880000000007,1230,
2025-12-22T09:32:11.520Z,1.62,2,1000,640x360,1.9331889999999996,1375,
2025-12-22T09:32:12.022Z,1.641,2,1000,640x360,1.9426089999999991,1380,
2025-12-22T09:32:12.537Z,1.574,2,1000,640x360,1.9315650000000009,1346,
2025-12-22T09:32:13.019Z,1.621,2,1000,640x360,1.9385010000000005,1346,
2025-12-22T09:32:13.515Z,1.636,2,1000,640x360,1.94618,1445,
2025-12-22T09:32:14.013Z,1.617,2,1000,640x360,1.9519929999999999,1429,
2025-12-22T09:32:14.522Z,1.617,2,1000,640x360,1.9413909999999994,1412,
2025-12-22T09:32:15.014Z,1.605,2,1000,640x360,1.9533909999999999,1407,
2025-12-22T09:32:15.531Z,1.622,2,1000,640x360,1.930301,1398,
2025-12-22T09:32:16.036Z,1.619,2,1000,640x360,1.931647,1404,
2025-12-22T09:32:16.530Z,1.612,2,1000,640x360,1.9273499999999988,1391,
2025-12-22T09:32:17.037Z,1.592,2,1000,640x360,1.9236519999999988,1443,
2025-12-22T09:32:17.568Z,1.56,2,1000,640x360,1.9943549999999988,1440,
2025-12-22T09:32:18.089Z,1.553,2,1000,640x360,1.9668910000000004,1440,
2025-12-22T09:32:18.597Z,1.554,2,1000,640x360,1.9674960000000006,1429,
2025-12-22T09:32:19.114Z,1.532,2,1000,640x360,1.946662,1430,
2025-12-22T09:32:19.643Z,1.487,2,1000,640x360,1.9133479999999992,1408,
2025-12-22T09:32:20.176Z,1.458,2,1000,640x360,1.9905889999999982,1404,
2025-12-22T09:32:20.842Z,1.309,2,1000,640x360,1.9382670000000015,1391,
2025-12-22T09:32:21.273Z,1.372,2,1000,640x360,1.9927779999999977,1330,
2025-12-22T09:32:21.764Z,1.381,2,1000,640x360,2.004766,1351,
2025-12-22T09:32:22.276Z,1.365,2,1000,640x360,1.9815180000000012,1330,
2025-12-22T09:32:22.792Z,1.358,2,1000,640x360,1.9711360000000013,1338,
2025-12-22T09:32:23.308Z,1.334,2,1000,640x360,1.9486290000000004,1362,
2025-12-22T09:32:23.858Z,1.3,2,1000,640x360,2.0142810000000004,1333,
2025-12-22T09:32:24.415Z,1.232,2,1000,640x360,1.9496399999999987,1331,
2025-12-22T09:32:24.997Z,1.153,2,1000,640x360,1.9761950000000006,1295,
2025-12-22T09:32:25.383Z,1.248,2,1000,640x360,1.981141000000001,1310,
2025-12-22T09:32:25.737Z,1.382,2,1000,640x360,1.9228400000000008,1310,
2025-12-22T09:32:26.187Z,1.443,2,1000,640x360,1.9756050000000016,1245,
2025-12-22T09:32:26.730Z,1.424,2,1000,640x360,1.9297210000000007,1259,
2025-12-22T09:32:27.265Z,1.38,2,1000,640x360,1.9933809999999994,1229,
2025-12-22T09:32:27.793Z,1.364,2,1000,640x360,1.9741859999999996,1196,
2025-12-22T09:32:28.325Z,1.322,2,1000,640x360,1.940804,1322,
2025-12-22T09:32:29.011Z,1.137,2,1000,640x360,1.9630650000000003,1233,
2025-12-22T09:32:29.799Z,0.842,2,1000,640x360,1.9622370000000018,1228,
2025-12-22T09:32:29.877Z,0.842,1,600,480x270,1.991615000000003,1247,
2025-12-22T09:32:30.337Z,0.813,1,600,480x270,1.9235119999999988,1247,
2025-12-22T09:32:30.622Z,0.998,1,600,480x270,1.941948,1224,
2025-12-22T09:32:30.929Z,1.176,1,600,480x270,1.938017000000002,1233,
2025-12-22T09:32:31.251Z,1.337,1,600,480x270,1.9084010000000013,1233,
2025-12-22T09:32:32.076Z,1.101,1,600,480x270,1.9905779999999993,1154,
2025-12-22T09:32:32.550Z,1.069,1,600,480x270,1.9054150000000014,1067,
2025-12-22T09:32:32.946Z,1.173,1,600,480x270,1.9264669999999988,1061,
2025-12-22T09:32:33.324Z,1.303,1,600,480x270,1.9404090000000025,1068,
2025-12-22T09:32:33.393Z,1.31,2,1000,640x360,1.9765580000000007,1068,
2025-12-22T09:32:34.015Z,1.119,2,1000,640x360,1.9407400000000017,1068,
2025-12-22T09:32:34.642Z,0.992,2,1000,640x360,1.9109879999999997,1081,
2025-12-22T09:32:35.276Z,0.858,2,1000,640x360,1.9764059999999972,1068,
2025-12-22T09:32:35.911Z,0.73,2,1000,640x360,1.9572129999999959,1080,
2025-12-22T09:32:36.563Z,0.587,2,1000,640x360,1.9991629999999994,1053,
2025-12-22T09:32:37.205Z,0.453,2,1000,640x360,1.9571189999999987,1047,
2025-12-22T09:32:37.279Z,0.441,1,600,480x270,1.9942769999999967,1040,
2025-12-22T09:32:37.429Z,0.246,1,600,480x270,1.9354580000000006,1040,rebuffer happen
2025-12-22T09:32:37.485Z,0.289,1,600,480x270,1.9704679999999968,1040,rebuffer happen
2025-12-22T09:32:37.653Z,0.479,1,600,480x270,1.907989999999998,1040,
2025-12-22T09:32:37.962Z,0.678,1,600,480x270,2.0132429999999957,1041,
2025-12-22T09:32:38.302Z,0.827,1,600,480x270,1.974060999999999,1050,
2025-12-22T09:32:38.627Z,0.977,1,600,480x270,1.9352310000000017,1050,
2025-12-22T09:32:38.957Z,1.173,1,600,480x270,2.0024409999999975,1059,
2025-12-22T09:32:39.282Z,1.349,1,600,480x270,1.977411999999994,1081,
2025-12-22T09:32:39.601Z,1.512,1,600,480x270,1.9564359999999965,1081,
2025-12-22T09:32:39.955Z,1.677,1,600,480x270,2.0026480000000006,1182,
2025-12-22T09:32:40.265Z,1.853,1,600,480x270,1.988045999999997,1190,
2025-12-22T09:32:40.593Z,2.023,1,600,480x270,1.9662059999999997,1190,
2025-12-22T09:32:40.679Z,2.044,2,1000,640x360,1.9949849999999998,1191,
2025-12-22T09:32:41.213Z,1.937,2,1000,640x360,1.946435000000001,1191,
2025-12-22T09:32:41.759Z,1.894,2,1000,640x360,2.014803999999998,1189,
2025-12-22T09:32:42.303Z,1.849,2,1000,640x360,1.959499000000001,1192,
2025-12-22T09:32:42.838Z,1.799,2,1000,640x360,1.920304999999999,1195,
2025-12-22T09:32:43.377Z,1.757,2,1000,640x360,1.987318000000002,1195,
2025-12-22T09:32:44.010Z,1.601,2,1000,640x360,1.950877999999996,1190,
2025-12-22T09:32:44.522Z,1.617,2,1000,640x360,1.931750000000001,1189,
2025-12-22T09:32:45.087Z,1.528,2,1000,640x360,1.9866700000000037,1188,
2025-12-22T09:32:45.658Z,1.477,2,1000,640x360,2.0044910000000016,1237,
2025-12-22T09:32:46.262Z,1.378,2,1000,640x360,2.008102000000001,1219,
2025-12-22T09:32:46.859Z,1.275,2,1000,640x360,2.0007610000000042,1211,
2025-12-22T09:32:47.471Z,1.161,2,1000,640x360,1.9822969999999955,1203,
2025-12-22T09:32:48.080Z,1.052,2,1000,640x360,1.9748989999999935,1194,
2025-12-22T09:32:48.687Z,0.951,2,1000,640x360,1.9810719999999975,1191,
2025-12-22T09:32:48.765Z,0.915,1,600,480x270,1.9053460000000015,1141,
2025-12-22T09:32:49.133Z,0.992,1,600,480x270,1.9380439999999979,1141,
2025-12-22T09:32:49.500Z,1.118,1,600,480x270,1.9536619999999942,1161,
2025-12-22T09:32:49.930Z,1.247,1,600,480x270,1.94388,1143,
2025-12-22T09:32:50.409Z,1.217,1,600,480x270,1.9518400000000042,1143,
2025-12-22T09:32:50.873Z,1.245,1,600,480x270,1.9898189999999971,1134,
2025-12-22T09:32:51.340Z,1.267,1,600,480x270,1.9132670000000047,1083,
2025-12-22T09:32:51.834Z,1.291,1,600,480x270,1.9321350000000024,1067,
2025-12-22T09:32:52.334Z,1.274,1,600,480x270,1.919587,1041,
2025-12-22T09:32:52.406Z,1.304,2,1000,640x360,1.9568019999999962,1035,
2025-12-22T09:32:53.165Z,0.998,2,1000,640x360,1.998829999999998,1035,
2025-12-22T09:32:53.950Z,0.74,2,1000,640x360,1.9146269999999959,1021,
2025-12-22T09:32:54.697Z,0.451,2,1000,640x360,1.9750709999999998,1009,
2025-12-22T09:32:54.989Z,0.204,2,1000,640x360,1.9875869999999978,993,rebuffer happen
2025-12-22T09:32:55.466Z,0.209,2,1000,640x360,2.0170540000000017,993,
2025-12-22T09:32:55.630Z,0.029,2,1000,640x360,1.9503350000000026,968,rebuffer happen
2025-12-22T09:32:56.214Z,0.088,2,1000,640x360,2.1058069999999987,968,
2025-12-22T09:32:56.281Z,0.018,1,600,480x270,2.132154,929,rebuffer happen
2025-12-22T09:32:56.297Z,0.018,1,600,480x270,2.132154,929,
2025-12-22T09:32:56.729Z,0.312,1,600,480x270,2.333763999999995,929,
2025-12-22T09:32:56.797Z,0.247,1,600,480x270,2.373806000000002,947,rebuffer happen
2025-12-22T09:32:57.114Z,0.324,1,600,480x270,2.2370829999999984,947,
2025-12-22T09:32:57.285Z,0.162,1,600,480x270,2.2149339999999995,1043,rebuffer happen
2025-12-22T09:32:57.472Z,0.354,1,600,480x270,2.2108610000000013,1043,
2025-12-22T09:32:57.597Z,0.269,1,600,480x270,2.196159999999999,1038,rebuffer happen
2025-12-22T09:32:57.753Z,0.207,1,600,480x270,2.1872959999999964,1038,rebuffer happen
2025-12-22T09:32:57.901Z,0.374,1,600,480x270,2.1162239999999954,1038,
2025-12-22T09:32:58.042Z,0.258,1,600,480x270,2.0426259999999985,1038,rebuffer happen
2025-12-22T09:32:58.230Z,0.504,1,600,480x270,2.0266850000000005,1038,
2025-12-22T09:32:58.591Z,0.601,1,600,480x270,2.030118999999999,1089,
2025-12-22T09:32:58.944Z,0.725,1,600,480x270,1.9515710000000013,1032,
2025-12-22T09:32:59.295Z,0.847,1,600,480x270,1.9827569999999994,1012,
2025-12-22T09:32:59.656Z,0.992,1,600,480x270,2.0158619999999985,1012,
2025-12-22T09:32:59.728Z,1,2,1000,640x360,1.9510679999999994,1042,
2025-12-22T09:33:00.322Z,0.816,2,1000,640x360,1.9510870000000011,1042,
2025-12-22T09:33:00.904Z,0.736,2,1000,640x360,1.963206999999997,1049,
2025-12-22T09:33:01.480Z,0.653,2,1000,640x360,1.9720409999999973,1058,
2025-12-22T09:33:02.136Z,0.48,2,1000,640x360,1.9154660000000021,1050,
2025-12-22T09:33:02.687Z,0.463,2,1000,640x360,1.9739570000000057,1032,
2025-12-22T09:33:02.859Z,0.284,2,1000,640x360,2.0041280000000015,1059,rebuffer happen
2025-12-22T09:33:03.354Z,0.347,2,1000,640x360,2.003515,1059,
2025-12-22T09:33:03.354Z,0.288,2,1000,640x360,2.0027900000000045,1059,rebuffer happen
2025-12-22T09:33:03.433Z,0.288,1,600,480x270,1.9238190000000017,1074,
2025-12-22T09:33:03.770Z,0.352,1,600,480x270,1.9898560000000032,1074,
2025-12-22T09:33:03.943Z,0.3,1,600,480x270,1.9176630000000046,1071,rebuffer happen
2025-12-22T09:33:04.110Z,0.512,1,600,480x270,1.954101999999999,1071,
2025-12-22T09:33:04.443Z,0.691,1,600,480x270,1.9154570000000035,1084,
2025-12-22T09:33:04.778Z,0.876,1,600,480x270,1.9995770000000022,1088,
2025-12-22T09:33:05.114Z,1.024,1,600,480x270,1.9519480000000016,1088,
2025-12-22T09:33:05.365Z,1.256,1,600,480x270,1.9931660000000022,1091,
2025-12-22T09:33:05.605Z,1.534,1,600,480x270,1.9486130000000017,1091,
2025-12-22T09:33:05.850Z,1.757,1,600,480x270,1.935732999999999,1085,
2025-12-22T09:33:06.162Z,1.982,1,600,480x270,2.0088069999999973,1085,
2025-12-22T09:33:06.505Z,2.116,1,600,480x270,1.9543960000000027,1095,
2025-12-22T09:33:06.973Z,2.115,1,600,480x270,1.9851470000000049,1103,
2025-12-22T09:33:07.043Z,2.169,2,1000,640x360,1.9141779999999997,1113,
2025-12-22T09:33:07.709Z,1.879,2,1000,640x360,1.9485810000000043,1113,
2025-12-22T09:33:08.259Z,1.884,2,1000,640x360,1.9951049999999952,1119,
2025-12-22T09:33:08.825Z,1.803,2,1000,640x360,1.938215999999997,1138,
2025-12-22T09:33:09.780Z,1.387,2,1000,640x360,1.9917170000000084,1153,
2025-12-22T09:33:10.476Z,1.166,2,1000,640x360,1.9925720000000098,1160,
2025-12-22T09:33:11.242Z,0.916,2,1000,640x360,1.9136340000000018,1128,
2025-12-22T09:33:11.322Z,0.828,1,600,480x270,1.932389999999998,1086,
2025-12-22T09:33:11.802Z,0.846,1,600,480x270,1.9687880000000035,1086,
2025-12-22T09:33:12.379Z,0.745,1,600,480x270,1.9787849999999878,1073,
2025-12-22T09:33:12.872Z,0.779,1,600,480x270,1.9989730000000066,1040,
2025-12-22T09:33:13.559Z,0.541,1,600,480x270,1.9934439999999967,1034,
2025-12-22T09:33:14.000Z,0.638,1,600,480x270,1.9760519999999957,1013,
2025-12-22T09:33:14.423Z,0.721,1,600,480x270,1.9360279999999932,997,
2025-12-22T09:33:14.823Z,0.8,1,600,480x270,1.941205999999994,997,
2025-12-22T09:33:15.248Z,0.892,1,600,480x270,1.9077279999999917,963,
2025-12-22T09:33:15.694Z,0.938,1,600,480x270,1.968357999999995,1076,
2025-12-22T09:33:16.137Z,1.022,1,600,480x270,1.9195749999999947,1011,
2025-12-22T09:33:16.575Z,1.082,1,600,480x270,1.979967000000002,1001,
2025-12-22T09:33:16.938Z,1.195,1,600,480x270,1.9295919999999995,978,
2025-12-22T09:33:17.355Z,1.287,1,600,480x270,2.002416999999994,954,
2025-12-22T09:33:17.736Z,1.402,1,600,480x270,1.9381539999999973,954,
2025-12-22T09:33:18.073Z,1.556,1,600,480x270,1.9916650000000118,1019,
2025-12-22T09:33:18.341Z,1.78,1,600,480x270,1.9201979999999992,1023,
2025-12-22T09:33:18.425Z,1.802,2,1000,640x360,1.932477999999989,1023,
2025-12-22T09:33:18.866Z,1.773,2,1000,640x360,2.0185659999999928,1023,
2025-12-22T09:33:19.332Z,1.807,2,1000,640x360,1.9427400000000006,1084,
2025-12-22T09:33:20.042Z,1.605,2,1000,640x360,1.9251229999999993,1074,
2025-12-22T09:33:20.497Z,1.642,2,1000,640x360,1.9550040000000024,1089,
2025-12-22T09:33:20.982Z,1.64,2,1000,640x360,1.9788309999999996,1104,
2025-12-22T09:33:21.480Z,1.659,2,1000,640x360,1.9760749999999945,1119,
2025-12-22T09:33:22.089Z,1.536,2,1000,640x360,1.9760480000000058,1131,
2025-12-22T09:33:22.431Z,1.69,2,1000,640x360,1.9245130000000046,1148,
2025-12-22T09:33:22.955Z,1.684,2,1000,640x360,1.9995489999999876,1148,
2025-12-22T09:33:23.545Z,1.595,2,1000,640x360,1.9177609999999987,1152,
2025-12-22T09:33:24.286Z,1.435,2,1000,640x360,1.978574000000009,1157,
2025-12-22T09:33:25.320Z,0.866,2,1000,640x360,1.9460470000000072,1166,
2025-12-22T09:33:25.401Z,0.819,1,600,480x270,1.9546840000000003,1122,
2025-12-22T09:33:26.044Z,0.597,1,600,480x270,1.9320060000000012,1122,
2025-12-22T09:33:26.742Z,0.417,1,600,480x270,1.9143439999999998,1067,
2025-12-22T09:33:26.967Z,0.206,1,600,480x270,1.9971979999999974,978,rebuffer happen
2025-12-22T09:33:27.436Z,0.221,1,600,480x270,1.9292209999999983,978,
2025-12-22T09:33:27.624Z,0.018,1,600,480x270,1.9407640000000015,967,rebuffer happen
2025-12-22T09:33:28.124Z,0.033,1,600,480x270,1.9939329999999984,967,rebuffer happen
2025-12-22T09:33:28.136Z,0.033,1,600,480x270,1.9939329999999984,967,
2025-12-22T09:33:28.191Z,0.017,1,600,480x270,2.036315000000002,1052,rebuffer happen
2025-12-22T09:33:28.830Z,0.053,1,600,480x270,2.1988970000000023,1052,
2025-12-22T09:33:28.874Z,0.026,0,200,320x180,2.2476580000000013,945,rebuffer happen
2025-12-22T09:33:28.903Z,0.026,0,200,320x180,2.2476580000000013,945,
2025-12-22T09:33:29.129Z,0.302,0,200,320x180,2.295334000000011,945,
2025-12-22T09:33:29.390Z,0.482,0,200,320x180,2.239295999999996,956,
2025-12-22T09:33:29.673Z,0.661,0,200,320x180,2.196360999999996,956,
2025-12-22T09:33:29.864Z,0.905,0,200,320x180,2.1592899999999986,909,
2025-12-22T09:33:30.089Z,1.198,0,200,320x180,2.092523,909,
2025-12-22T09:33:30.310Z,1.439,0,200,320x180,2.0348919999999993,902,
2025-12-22T09:33:30.527Z,1.697,0,200,320x180,1.9912240000000025,902,
2025-12-22T09:33:30.768Z,1.905,0,200,320x180,2.045822000000001,894,
2025-12-22T09:33:30.978Z,2.228,0,200,320x180,2.02226499999999,894,
2025-12-22T09:33:31.364Z,2.271,0,200,320x180,2.0078379999999925,910,
2025-12-22T09:33:31.895Z,2.314,0,200,320x180,1.975880999999987,902,
2025-12-22T09:33:32.397Z,2.288,0,200,320x180,1.962411000000003,921,
2025-12-22T09:33:32.475Z,2.208,1,600,480x270,1.9901490000000024,921,
2025-12-22T09:33:33.100Z,2.035,1,600,480x270,1.9669850000000082,928,
2025-12-22T09:33:33.592Z,2.034,1,600,480x270,1.9743509999999986,977,
2025-12-22T09:33:34.148Z,1.976,1,600,480x270,1.9184939999999955,954,
2025-12-22T09:33:34.594Z,2.024,1,600,480x270,1.9578810000000004,998,
2025-12-22T09:33:35.126Z,1.994,1,600,480x270,1.9288250000000033,1002,
2025-12-22T09:33:35.599Z,2.04,1,600,480x270,1.9551800000000128,1028,
2025-12-22T09:33:36.144Z,2.011,1,600,480x270,1.9138679999999937,1045,
2025-12-22T09:33:36.217Z,1.997,2,1000,640x360,1.9439390000000003,1034,
2025-12-22T09:33:36.874Z,1.759,2,1000,640x360,1.9960159999999973,1034,
2025-12-22T09:33:37.468Z,1.684,2,1000,640x360,1.9883549999999985,1037,
2025-12-22T09:33:38.202Z,1.441,2,1000,640x360,1.9646960000000036,1048,
2025-12-22T09:33:39.189Z,1.015,2,1000,640x360,1.9737109999999944,1030,
2025-12-22T09:33:39.908Z,0.776,2,1000,640x360,1.9538610000000034,1007,
2025-12-22T09:33:39.981Z,0.733,1,600,480x270,1.991145000000003,948,
2025-12-22T09:33:40.484Z,0.64,1,600,480x270,1.9806030000000021,948,
2025-12-22T09:33:41.012Z,0.608,1,600,480x270,1.9590589999999963,956,
2025-12-22T09:33:41.431Z,0.714,1,600,480x270,1.9245750000000044,946,
2025-12-22T09:33:42.010Z,0.707,1,600,480x270,1.9519249999999886,946,
2025-12-22T09:33:42.450Z,0.674,1,600,480x270,1.9051230000000032,922,
2025-12-22T09:33:42.971Z,0.658,1,600,480x270,1.9885179999999991,914,
2025-12-22T09:33:43.511Z,0.573,1,600,480x270,1.941646999999989,931,
2025-12-22T09:33:43.946Z,0.684,1,600,480x270,1.9147799999999933,933,
2025-12-22T09:33:44.310Z,0.823,1,600,480x270,1.9505470000000003,913,
2025-12-22T09:33:44.641Z,0.979,1,600,480x270,1.9256309999999957,913,
2025-12-22T09:33:44.981Z,1.163,1,600,480x270,1.9865219999999937,927,
2025-12-22T09:33:45.343Z,1.281,1,600,480x270,1.9280720000000002,924,
2025-12-22T09:33:45.688Z,1.444,1,600,480x270,1.9709429999999912,924,
2025-12-22T09:33:46.047Z,1.57,1,600,480x270,1.9108839999999958,940,
2025-12-22T09:33:46.389Z,1.741,1,600,480x270,1.9690290000000061,957,
2025-12-22T09:33:46.731Z,1.898,1,600,480x270,1.9213929999999948,957,
2025-12-22T09:33:47.067Z,2.03,1,600,480x270,1.9905630000000087,1008,
2025-12-22T09:33:47.529Z,2.082,1,600,480x270,1.9273269999999911,1007,
2025-12-22T09:33:48.161Z,1.962,1,600,480x270,1.996775999999997,1023,
2025-12-22T09:33:48.242Z,1.982,2,1000,640x360,1.9143059999999963,1030,
2025-12-22T09:33:48.762Z,1.905,2,1000,640x360,2.0152810000000017,1030,
2025-12-22T09:33:49.289Z,1.848,2,1000,640x360,1.9775089999999977,1027,
2025-12-22T09:33:49.820Z,1.811,2,1000,640x360,1.9403930000000003,1035,
2025-12-22T09:33:50.474Z,1.668,2,1000,640x360,1.9867749999999944,1046,
2025-12-22T09:33:51.055Z,1.588,2,1000,640x360,2.0003930000000025,1060,
2025-12-22T09:33:51.603Z,1.54,2,1000,640x360,1.9585270000000037,1073,
2025-12-22T09:33:52.141Z,1.496,2,1000,640x360,1.9246240000000086,1076,
2025-12-22T09:33:52.659Z,1.474,2,1000,640x360,2.003540000000001,1075,
2025-12-22T09:33:52.976Z,1.67,2,1000,640x360,1.9934359999999884,1084,
2025-12-22T09:33:53.338Z,1.778,2,1000,640x360,1.9215039999999988,1095,
2025-12-22T09:33:53.790Z,1.84,2,1000,640x360,1.9664479999999998,1095,
2025-12-22T09:33:54.361Z,1.767,2,1000,640x360,1.9990449999999953,1110,
2025-12-22T09:33:54.859Z,1.786,2,1000,640x360,2.0019160000000085,1094,
2025-12-22T09:33:55.357Z,1.76,2,1000,640x360,1.995625000000004,1112,
2025-12-22T09:33:55.860Z,1.793,2,1000,640x360,2.0074379999999934,1112,
2025-12-22T09:33:56.491Z,1.641,2,1000,640x360,1.9641979999999961,1128,
2025-12-22T09:33:57.162Z,1.516,2,1000,640x360,2.010429000000002,1127,
2025-12-22T09:33:57.842Z,1.294,2,1000,640x360,1.9209649999999954,1115,
2025-12-22T09:33:58.431Z,1.205,2,1000,640x360,1.923293000000001,1121,
2025-12-22T09:33:59.226Z,0.909,2,1000,640x360,1.9364910000000037,1104,
2025-12-22T09:33:59.301Z,0.912,1,600,480x270,1.956907000000001,1103,
2025-12-22T09:33:59.700Z,0.941,1,600,480x270,1.9737930000000006,1103,
2025-12-22T09:34:00.085Z,1.04,1,600,480x270,1.9730830000000026,1104,
2025-12-22T09:34:00.599Z,1.051,1,600,480x270,1.9518039999999957,1085,
2025-12-22T09:34:01.033Z,1.114,1,600,480x270,1.9328469999999953,1084,
2025-12-22T09:34:01.486Z,1.167,1,600,480x270,1.9700189999999935,1068,
2025-12-22T09:34:01.965Z,1.206,1,600,480x270,2.0102930000000043,1059,
2025-12-22T09:34:02.400Z,1.243,1,600,480x270,1.9696679999999986,1035,
2025-12-22T09:34:02.820Z,1.304,1,600,480x270,1.9416539999999998,1035,
2025-12-22T09:34:03.172Z,1.445,1,600,480x270,1.9921290000000056,1010,
2025-12-22T09:34:03.517Z,1.601,1,600,480x270,1.9344919999999917,1031,
2025-12-22T09:34:03.596Z,1.62,2,1000,640x360,1.9568239999999975,1034,
2025-12-22T09:34:04.143Z,1.503,2,1000,640x360,1.9126220000000131,1034,
2025-12-22T09:34:04.690Z,1.453,2,1000,640x360,1.9752420000000086,1060,
2025-12-22T09:34:05.238Z,1.409,2,1000,640x360,1.9207660000000004,1068,
2025-12-22T09:34:05.775Z,1.371,2,1000,640x360,1.9972660000000104,1081,
2025-12-22T09:34:06.317Z,1.324,2,1000,640x360,1.9486540000000048,1066,
2025-12-22T09:34:07.020Z,1.126,2,1000,640x360,1.9392250000000075,1084,
2025-12-22T09:34:07.482Z,1.172,2,1000,640x360,1.9745259999999973,1084,
2025-12-22T09:34:07.997Z,1.134,2,1000,640x360,1.9572089999999918,1097,
2025-12-22T09:34:08.597Z,1.042,2,1000,640x360,1.9641100000000051,1111,
2025-12-22T09:34:09.098Z,1.05,2,1000,640x360,1.9611349999999987,1109,
2025-12-22T09:34:09.593Z,1.05,2,1000,640x360,1.9589070000000106,1112,
2025-12-22T09:34:10.297Z,0.868,2,1000,640x360,1.9612209999999948,1119,
2025-12-22T09:34:10.372Z,0.812,1,600,480x270,1.9925640000000016,1115,
2025-12-22T09:34:10.725Z,0.916,1,600,480x270,1.9483769999999936,1115,
2025-12-22T09:34:11.068Z,1.068,1,600,480x270,2.0051950000000005,1123,
2025-12-22T09:34:11.400Z,1.24,1,600,480x270,1.9667749999999984,1118,
2025-12-22T09:34:11.781Z,1.361,1,600,480x270,1.984981999999988,1118,
2025-12-22T09:34:12.173Z,1.43,1,600,480x270,1.9832150000000155,1146,
2025-12-22T09:34:12.484Z,1.648,1,600,480x270,1.9729779999999835,1129,
2025-12-22T09:34:12.800Z,1.823,1,600,480x270,1.9568069999999977,1142,
2025-12-22T09:34:13.202Z,1.961,1,600,480x270,1.9597889999999865,1142,
2025-12-22T09:34:13.540Z,2.079,1,600,480x270,1.915214000000006,1151,
2025-12-22T09:34:14.064Z,2.063,1,600,480x270,2.007341999999994,1154,
2025-12-22T09:34:14.138Z,2.035,2,1000,640x360,1.9313690000000179,1163,
2025-12-22T09:34:14.841Z,1.845,2,1000,640x360,1.9434460000000229,1163,
2025-12-22T09:34:15.639Z,1.509,2,1000,640x360,1.9220559999999978,1160,
2025-12-22T09:34:16.250Z,1.406,2,1000,640x360,1.9051909999999737,1159,
2025-12-22T09:34:17.010Z,1.129,2,1000,640x360,1.951278000000002,1154,
2025-12-22T09:34:17.743Z,0.922,2,1000,640x360,1.923811999999998,1100,
2025-12-22T09:34:17.819Z,0.888,1,600,480x270,1.9572479999999928,1044,
2025-12-22T09:34:18.286Z,0.879,1,600,480x270,1.9816399999999987,1044,
2025-12-22T09:34:18.721Z,0.912,1,600,480x270,1.9487169999999878,1055,
2025-12-22T09:34:19.252Z,0.883,1,600,480x270,1.9162849999999878,1023,
2025-12-22T09:34:19.741Z,0.94,1,600,480x270,1.93212299999999,1034,
2025-12-22T09:34:20.196Z,0.927,1,600,480x270,1.9673050000000103,1016,
2025-12-22T09:34:20.666Z,0.976,1,600,480x270,2.0050959999999804,1016,
2025-12-22T09:34:21.089Z,1.054,1,600,480x270,1.9673899999999946,997,
2025-12-22T09:34:21.570Z,1.018,1,600,480x270,1.9811079999999777,985,
2025-12-22T09:34:22.035Z,1.097,1,600,480x270,1.9360010000000045,984,
2025-12-22T09:34:22.388Z,1.217,1,600,480x270,1.9749319999999955,982,
2025-12-22T09:34:22.797Z,1.34,1,600,480x270,1.9774710000000084,982,
2025-12-22T09:34:23.171Z,1.463,1,600,480x270,1.9992479999999944,948,
2025-12-22T09:34:23.572Z,1.548,1,600,480x270,1.988884999999982,971,
2025-12-22T09:34:23.963Z,1.666,1,600,480x270,1.99309199999999,962,
2025-12-22T09:34:24.031Z,1.678,2,1000,640x360,1.924964999999986,1056,
2025-12-22T09:34:24.674Z,1.45,2,1000,640x360,1.9919859999999971,1056,
2025-12-22T09:34:25.308Z,1.342,2,1000,640x360,1.947667000000024,1124,
2025-12-22T09:34:25.950Z,1.21,2,1000,640x360,1.9211620000000096,1090,
2025-12-22T09:34:26.581Z,1.041,2,1000,640x360,1.9798910000000092,1086,
2025-12-22T09:34:27.221Z,0.911,2,1000,640x360,1.9452770000000044,1047,
2025-12-22T09:34:27.891Z,0.751,2,1000,640x360,1.9720120000000065,1018,
2025-12-22T09:34:27.963Z,0.706,1,600,480x270,1.9917669999999816,1059,
2025-12-22T09:34:28.344Z,0.79,1,600,480x270,1.9103230000000053,1059,
2025-12-22T09:34:28.698Z,0.92,1,600,480x270,1.9590340000000026,1063,
2025-12-22T09:34:29.057Z,1.064,1,600,480x270,2.0027919999999995,1112,
2025-12-22T09:34:29.406Z,1.225,1,600,480x270,1.9479630000000157,1099,
2025-12-22T09:34:29.770Z,1.335,1,600,480x270,1.9960660000000132,1099,
2025-12-22T09:34:30.143Z,1.497,1,600,480x270,1.9271450000000243,1116,
2025-12-22T09:34:30.482Z,1.632,1,600,480x270,1.9740639999999985,1114,
2025-12-22T09:34:30.820Z,1.807,1,600,480x270,1.9564949999999897,1109,
2025-12-22T09:34:31.162Z,1.97,1,600,480x270,2.0046979999999905,1109,
2025-12-22T09:34:31.522Z,2.1,1,600,480x270,1.933497999999986,1127,
2025-12-22T09:34:31.591Z,2.092,2,1000,640x360,1.9704209999999875,1130,
2025-12-22T09:34:32.244Z,1.916,2,1000,640x360,1.9105579999999804,1130,
2025-12-22T09:34:32.805Z,1.829,2,1000,640x360,1.9507650000000183,1123,
2025-12-22T09:34:33.350Z,1.784,2,1000,640x360,1.909070000000014,1115,
2025-12-22T09:34:33.995Z,1.687,2,1000,640x360,1.9832719999999995,1118,
2025-12-22T09:34:34.568Z,1.563,2,1000,640x360,1.992529999999988,1122,
2025-12-22T09:34:35.317Z,1.315,2,1000,640x360,1.9468149999999866,1150,
2025-12-22T09:34:36.132Z,1.012,2,1000,640x360,1.9452629999999829,1152,
2025-12-22T09:34:37.001Z,0.633,2,1000,640x360,1.9592679999999802,1142,
2025-12-22T09:34:37.072Z,0.645,1,600,480x270,1.995556999999991,1109,
2025-12-22T09:34:37.563Z,0.534,1,600,480x270,1.9930889999999977,1109,
2025-12-22T09:34:38.100Z,0.525,1,600,480x270,1.9606509999999844,1024,
2025-12-22T09:34:38.656Z,0.513,1,600,480x270,2.0050860000000057,986,
2025-12-22T09:34:38.912Z,0.275,1,600,480x270,1.9558250000000044,976,rebuffer happen
2025-12-22T09:34:39.210Z,0.426,1,600,480x270,1.960915,976,
2025-12-22T09:34:39.694Z,0.446,1,600,480x270,1.963042999999999,972,
2025-12-22T09:34:39.847Z,0.294,1,600,480x270,1.9086240000000032,963,rebuffer happen
2025-12-22T09:34:40.163Z,0.462,1,600,480x270,1.9976289999999892,963,
2025-12-22T09:34:40.347Z,0.291,1,600,480x270,1.905698000000001,944,rebuffer happen
2025-12-22T09:34:40.651Z,0.463,1,600,480x270,1.9193229999999915,944,
2025-12-22T09:34:41.156Z,0.471,1,600,480x270,2.000774000000007,949,
2025-12-22T09:34:41.426Z,0.278,1,600,480x270,1.9348290000000077,930,rebuffer happen
2025-12-22T09:34:41.719Z,0.409,1,600,480x270,1.9511489999999867,930,
2025-12-22T09:34:41.933Z,0.245,1,600,480x270,1.9369230000000073,923,rebuffer happen
2025-12-22T09:34:42.107Z,0.525,1,600,480x270,1.9573999999999785,923,
2025-12-22T09:34:42.421Z,0.71,1,600,480x270,1.9401630000000125,961,
2025-12-22T09:34:42.746Z,0.885,1,600,480x270,1.926259000000016,961,
2025-12-22T09:34:43.069Z,1.082,1,600,480x270,1.9981240000000184,1003,
2025-12-22T09:34:43.393Z,1.228,1,600,480x270,1.9690239999999903,997,
2025-12-22T09:34:43.700Z,1.426,1,600,480x270,1.9660580000000039,997,
2025-12-22T09:34:44.030Z,1.606,1,600,480x270,1.9444009999999992,1009,
2025-12-22T09:34:44.450Z,1.714,1,600,480x270,1.9182399999999973,1020,
2025-12-22T09:34:44.528Z,1.694,2,1000,640x360,1.929524000000015,1069,
2025-12-22T09:34:44.949Z,1.672,2,1000,640x360,1.9162019999999984,1069,
2025-12-22T09:34:45.409Z,1.744,2,1000,640x360,1.948471999999981,1067,
2025-12-22T09:34:45.935Z,1.7,2,1000,640x360,1.9317540000000122,1067,
2025-12-22T09:34:46.470Z,1.658,2,1000,640x360,1.9891839999999945,1085,
2025-12-22T09:34:46.902Z,1.74,2,1000,640x360,1.9638190000000009,1141,
2025-12-22T09:34:47.422Z,1.697,2,1000,640x360,1.9430049999999994,1141,
2025-12-22T09:34:47.892Z,1.764,2,1000,640x360,1.985557,1137,
2025-12-22T09:34:48.419Z,1.716,2,1000,640x360,1.9434239999999932,1198,
2025-12-22T09:34:49.072Z,1.554,2,1000,640x360,1.981285999999983,1240,
2025-12-22T09:34:50.241Z,0.888,2,1000,640x360,1.9251270000000034,1216,
2025-12-22T09:34:50.313Z,0.899,1,600,480x270,1.944279999999992,1180,
2025-12-22T09:34:50.718Z,0.937,1,600,480x270,1.953407999999996,1180,
2025-12-22T09:34:51.240Z,0.89,1,600,480x270,1.923045000000002,1146,
2025-12-22T09:34:51.757Z,0.882,1,600,480x270,2.014823000000007,1137,
2025-12-22T09:34:52.173Z,0.984,1,600,480x270,1.9934800000000052,1099,
2025-12-22T09:34:52.804Z,0.81,1,600,480x270,1.9540800000000047,1039,
2025-12-22T09:34:53.439Z,0.707,1,600,480x270,1.9166519999999991,986,
2025-12-22T09:34:54.000Z,0.63,1,600,480x270,1.9576059999999984,965,
2025-12-22T09:34:54.523Z,0.602,1,600,480x270,1.9329199999999958,1069,
2025-12-22T09:34:55.015Z,0.615,1,600,480x270,1.952918000000011,955,
2025-12-22T09:34:55.503Z,0.651,1,600,480x270,1.9522599999999954,1076,
2025-12-22T09:34:55.946Z,0.654,1,600,480x270,1.9239160000000197,1040,
2025-12-22T09:34:56.224Z,0.889,1,600,480x270,1.9409029999999916,1130,
2025-12-22T09:34:56.585Z,1.053,1,600,480x270,1.968859000000009,1130,
2025-12-22T09:34:56.660Z,1.053,2,1000,640x360,1.8999029999999948,1106,
2025-12-22T09:34:57.823Z,0.435,2,1000,640x360,1.9438159999999982,1106,
2025-12-22T09:34:57.921Z,0.22,2,1000,640x360,1.9411650000000122,1099,rebuffer happen
2025-12-22T09:34:58.115Z,0.026,2,1000,640x360,1.9488819999999976,1099,rebuffer happen
2025-12-22T09:34:58.554Z,0.153,2,1000,640x360,2.0702070000000106,1099,
2025-12-22T09:34:58.682Z,0.032,2,1000,640x360,2.0511140000000125,1080,rebuffer happen
2025-12-22T09:34:59.082Z,0.025,2,1000,640x360,2.2129919999999856,1080,rebuffer happen
2025-12-22T09:34:59.290Z,0.104,2,1000,640x360,2.222525999999988,1080,
2025-12-22T09:34:59.366Z,0.029,2,1000,640x360,2.246910999999983,964,rebuffer happen
2025-12-22T09:34:59.983Z,0.029,2,1000,640x360,2.41832100000002,964,rebuffer happen
2025-12-22T09:35:00.035Z,0.062,2,1000,640x360,2.388802999999996,964,
2025-12-22T09:35:00.083Z,0.023,1,600,480x270,2.4394829999999956,987,rebuffer happen
2025-12-22T09:35:00.113Z,0.023,1,600,480x270,2.4394829999999956,987,
2025-12-22T09:35:00.474Z,0.246,1,600,480x270,2.573367999999988,987,
2025-12-22T09:35:00.859Z,0.311,1,600,480x270,2.578633000000025,991,
2025-12-22T09:35:01.001Z,0.165,1,600,480x270,2.4937170000000037,991,rebuffer happen
2025-12-22T09:35:01.233Z,0.367,1,600,480x270,2.386269999999996,991,
2025-12-22T09:35:01.360Z,0.243,1,600,480x270,2.4627889999999866,967,rebuffer happen
2025-12-22T09:35:01.607Z,0.469,1,600,480x270,2.3927539999999965,967,
2025-12-22T09:35:01.810Z,0.26,1,600,480x270,2.351315999999997,963,rebuffer happen
2025-12-22T09:35:01.993Z,0.48,1,600,480x270,2.2886170000000163,963,
2025-12-22T09:35:02.218Z,0.174,1,600,480x270,2.192641000000009,932,rebuffer happen
2025-12-22T09:35:02.404Z,0.441,1,600,480x270,2.1574580000000196,932,
2025-12-22T09:35:02.633Z,0.199,1,600,480x270,2.090479000000016,932,rebuffer happen
2025-12-22T09:35:02.848Z,0.41,1,600,480x270,2.0532770000000085,932,
2025-12-22T09:35:03.004Z,0.252,1,600,480x270,2.0707559999999887,947,rebuffer happen
2025-12-22T09:35:03.296Z,0.415,1,600,480x270,2.038602999999995,947,
2025-12-22T09:35:03.495Z,0.266,1,600,480x270,2.015287999999998,963,rebuffer happen
2025-12-22T09:35:03.711Z,0.485,1,600,480x270,2.0152040000000113,963,
2025-12-22T09:35:04.133Z,0.533,1,600,480x270,1.9675510000000145,928,
2025-12-22T09:35:04.600Z,0.524,1,600,480x270,1.9839910000000032,951,
2025-12-22T09:35:05.042Z,0.601,1,600,480x270,1.9196660000000065,963,
2025-12-22T09:35:05.527Z,0.59,1,600,480x270,1.925512000000026,963,
2025-12-22T09:35:05.993Z,0.66,1,600,480x270,1.9633610000000203,966,
2025-12-22T09:35:06.419Z,0.692,1,600,480x270,1.9493260000000134,976,
2025-12-22T09:35:06.834Z,0.813,1,600,480x270,1.9352739999999926,976,
2025-12-22T09:35:07.263Z,0.852,1,600,480x270,1.999869000000018,933,
2025-12-22T09:35:07.623Z,0.998,1,600,480x270,1.9313879999999983,953,
2025-12-22T09:35:08.022Z,1.128,1,600,480x270,1.9467980000000011,934,
2025-12-22T09:35:08.441Z,1.182,1,600,480x270,1.9205589999999972,1017,
2025-12-22T09:35:08.893Z,1.252,1,600,480x270,1.9949809999999957,970,
2025-12-22T09:35:09.479Z,1.15,1,600,480x270,1.990442999999999,970,
2025-12-22T09:35:09.911Z,1.235,1,600,480x270,1.9479450000000043,946,
2025-12-22T09:35:10.341Z,1.299,1,600,480x270,1.9192520000000002,946,
2025-12-22T09:35:10.785Z,1.36,1,600,480x270,1.9824000000000126,914,
2025-12-22T09:35:11.232Z,1.391,1,600,480x270,1.9239829999999927,918,
2025-12-22T09:35:11.651Z,1.502,1,600,480x270,1.91596100000001,894,
2025-12-22T09:35:12.082Z,1.566,1,600,480x270,1.9905779999999993,890,
2025-12-22T09:35:12.512Z,1.627,1,600,480x270,1.956546000000003,910,
2025-12-22T09:35:12.964Z,1.679,1,600,480x270,2.011209000000008,887,
2025-12-22T09:35:13.419Z,1.711,1,600,480x270,1.9424130000000162,877,
2025-12-22T09:35:13.841Z,1.787,1,600,480x270,1.9263610000000142,877,
2025-12-22T09:35:14.311Z,1.809,1,600,480x270,1.9560480000000098,912,
2025-12-22T09:35:14.608Z,2.018,1,600,480x270,1.9513749999999845,948,
2025-12-22T09:35:14.982Z,2.141,1,600,480x270,1.9886940000000095,980,
2025-12-22T09:35:15.458Z,2.161,1,600,480x270,2.001589999999993,986,
2025-12-22T09:35:15.986Z,2.143,1,600,480x270,1.9876509999999996,996,
2025-12-22T09:35:16.469Z,2.149,1,600,480x270,1.9892079999999908,1008,
2025-12-22T09:35:16.902Z,2.234,1,600,480x270,1.972011000000009,1010,
2025-12-22T09:35:17.568Z,2.062,1,600,480x270,1.9873990000000106,1023,
2025-12-22T09:35:17.644Z,2.026,2,1000,640x360,1.9116129999999885,1027,
2025-12-22T09:35:18.123Z,1.994,2,1000,640x360,1.9327670000000126,1027,
2025-12-22T09:35:18.627Z,1.991,2,1000,640x360,1.9347669999999937,1056,
2025-12-22T09:35:19.174Z,1.946,2,1000,640x360,1.990335999999985,1058,
2025-12-22T09:35:19.646Z,1.985,2,1000,640x360,1.9099569999999915,1085,
2025-12-22T09:35:20.242Z,1.882,2,1000,640x360,1.919368999999989,1097,
2025-12-22T09:35:21.160Z,1.503,2,1000,640x360,2.0114169999999945,1103,
2025-12-22T09:35:21.627Z,1.51,2,1000,640x360,1.940386999999987,1115,
2025-12-22T09:35:22.117Z,1.524,2,1000,640x360,1.9422969999999964,1124,
2025-12-22T09:35:22.571Z,1.557,2,1000,640x360,1.9819729999999822,1122,
2025-12-22T09:35:23.075Z,1.556,2,1000,640x360,1.9808419999999956,1173,
2025-12-22T09:35:23.603Z,1.524,2,1000,640x360,1.9521469999999965,1164,
2025-12-22T09:35:24.173Z,1.468,2,1000,640x360,1.9864780000000053,1168,
2025-12-22T09:35:24.836Z,1.31,2,1000,640x360,1.9462689999999725,1168,
2025-12-22T09:35:25.259Z,1.354,2,1000,640x360,2.0059590000000185,1176,
2025-12-22T09:35:25.694Z,1.46,2,1000,640x360,1.9723839999999768,1173,
2025-12-22T09:35:25.993Z,1.631,2,1000,640x360,1.9647579999999891,1179,
2025-12-22T09:35:26.352Z,1.777,2,1000,640x360,1.905255000000011,1180,
2025-12-22T09:35:26.971Z,1.695,2,1000,640x360,1.984802000000002,1180,
2025-12-22T09:35:27.954Z,1.196,2,1000,640x360,2.0066930000000127,1208,
2025-12-22T09:35:28.650Z,0.979,2,1000,640x360,1.9080789999999865,1233,
2025-12-22T09:35:28.715Z,0.994,1,600,480x270,1.9524859999999933,1207,
2025-12-22T09:35:29.411Z,0.737,1,600,480x270,1.9499820000000057,1207,
2025-12-22T09:35:30.127Z,0.496,1,600,480x270,1.9345720000000028,1162,
2025-12-22T09:35:30.341Z,0.297,1,600,480x270,1.9241210000000137,1122,rebuffer happen
2025-12-22T09:35:30.713Z,0.435,1,600,480x270,1.9456889999999873,1122,
2025-12-22T09:35:30.891Z,0.25,1,600,480x270,1.971351999999996,1059,rebuffer happen
2025-12-22T09:35:31.445Z,0.182,1,600,480x270,1.9147260000000017,1059,
2025-12-22T09:35:31.626Z,0.017,1,600,480x270,1.938133999999991,1003,rebuffer happen
2025-12-22T09:35:31.965Z,0.231,1,600,480x270,2.085671999999988,1003,
2025-12-22T09:35:32.193Z,0.031,1,600,480x270,2.0474140000000034,934,rebuffer happen
2025-12-22T09:35:32.482Z,0.28,1,600,480x270,2.099550999999991,934,
2025-12-22T09:35:32.560Z,0.22,0,200,320x180,2.1229119999999853,930,
2025-12-22T09:35:32.770Z,0.49,0,200,320x180,2.121596000000011,930,
2025-12-22T09:35:32.975Z,0.773,0,200,320x180,2.079350000000005,930,
2025-12-22T09:35:33.176Z,1.045,0,200,320x180,2.0641669999999976,898,
2025-12-22T09:35:33.383Z,1.239,0,200,320x180,2.0241450000000043,898,
2025-12-22T09:35:33.501Z,1.563,0,200,320x180,1.9960220000000106,898,
2025-12-22T09:35:33.629Z,1.977,0,200,320x180,1.9758530000000007,883,
2025-12-22T09:35:33.851Z,2.266,0,200,320x180,1.9474270000000047,883,
2025-12-22T09:35:34.347Z,2.283,0,200,320x180,1.9250490000000013,900,
2025-12-22T09:35:34.897Z,2.269,0,200,320x180,1.9743390000000147,917,
2025-12-22T09:35:35.350Z,2.284,0,200,320x180,1.9135589999999922,922,
2025-12-22T09:35:35.836Z,2.254,0,200,320x180,1.930626999999987,934,
2025-12-22T09:35:35.974Z,2.227,1,600,480x270,1.992588000000012,934,
2025-12-22T09:35:36.562Z,2.048,1,600,480x270,1.991501999999997,947,
2025-12-22T09:35:37.120Z,2.005,1,600,480x270,1.938522000000006,1029,
2025-12-22T09:35:37.540Z,2.093,1,600,480x270,1.91950700000001,1021,
2025-12-22T09:35:38.040Z,2.075,1,600,480x270,1.9145770000000084,1070,
2025-12-22T09:35:38.564Z,2.056,1,600,480x270,1.9993610000000217,1057,
2025-12-22T09:35:39.078Z,2.035,1,600,480x270,1.9896630000000073,1055,
2025-12-22T09:35:39.517Z,2.103,1,600,480x270,1.9365439999999978,1069,
2025-12-22T09:35:39.592Z,2.121,2,1000,640x360,1.9607509999999877,1083,
2025-12-22T09:35:40.301Z,1.849,2,1000,640x360,1.954131000000018,1083,
2025-12-22T09:35:41.060Z,1.601,2,1000,640x360,2.005394999999993,1077,
2025-12-22T09:35:41.757Z,1.406,2,1000,640x360,2.0130769999999814,1038,
2025-12-22T09:35:42.435Z,1.206,2,1000,640x360,1.9211570000000222,1024,
2025-12-22T09:35:43.081Z,1.062,2,1000,640x360,1.9797800000000052,1030,
2025-12-22T09:35:43.643Z,0.984,2,1000,640x360,1.9185620000000085,1000,
2025-12-22T09:35:43.712Z,0.996,1,600,480x270,1.9419899999999757,1110,
2025-12-22T09:35:44.081Z,1.058,1,600,480x270,1.9786639999999807,1110,
2025-12-22T09:35:44.414Z,1.224,1,600,480x270,1.9383449999999982,1066,
2025-12-22T09:35:44.849Z,1.295,1,600,480x270,1.9236379999999826,1066,
2025-12-22T09:35:45.209Z,1.415,1,600,480x270,1.9489859999999908,1028,
2025-12-22T09:35:45.731Z,1.402,1,600,480x270,1.9362299999999948,1010,
2025-12-22T09:35:46.146Z,1.5,1,600,480x270,1.9220160000000135,1001,
2025-12-22T09:35:46.669Z,1.457,1,600,480x270,1.990179999999981,965,
2025-12-22T09:35:47.219Z,1.424,1,600,480x270,1.9378659999999854,945,
2025-12-22T09:35:47.749Z,1.404,1,600,480x270,1.920000999999985,949,
2025-12-22T09:35:48.282Z,1.369,1,600,480x270,1.9899560000000065,898,
2025-12-22T09:35:48.810Z,1.341,1,600,480x270,1.9557470000000023,869,
2025-12-22T09:35:49.386Z,1.239,1,600,480x270,1.9827680000000214,873,
2025-12-22T09:35:49.739Z,1.362,1,600,480x270,1.9365279999999814,980,
2025-12-22T09:35:50.384Z,1.26,1,600,480x270,1.9721320000000162,950,
2025-12-22T09:35:50.883Z,1.247,1,600,480x270,1.9818329999999946,890,
2025-12-22T09:35:51.328Z,1.285,1,600,480x270,1.927866000000023,885,
2025-12-22T09:35:51.873Z,1.265,1,600,480x270,1.997285000000005,875,
2025-12-22T09:35:52.432Z,1.22,1,600,480x270,1.9284040000000005,893,
2025-12-22T09:35:53.015Z,1.078,1,600,480x270,1.9433310000000006,850,
2025-12-22T09:35:53.566Z,1.096,1,600,480x270,1.9865819999999985,838,
2025-12-22T09:35:54.035Z,1.101,1,600,480x270,1.9231619999999907,847,
2025-12-22T09:35:54.357Z,1.262,1,600,480x270,1.9957540000000051,861,
2025-12-22T09:35:54.689Z,1.438,1,600,480x270,1.98318900000001,861,
2025-12-22T09:35:55.077Z,1.548,1,600,480x270,1.9809039999999811,894,
2025-12-22T09:35:55.365Z,1.769,1,600,480x270,1.993567999999982,910,
2025-12-22T09:35:55.709Z,1.93,1,600,480x270,1.955145999999985,910,
2025-12-22T09:35:56.060Z,2.07,1,600,480x270,2.010558000000003,951,
2025-12-22T09:35:56.468Z,2.134,1,600,480x270,1.9980529999999987,966,
2025-12-22T09:35:56.972Z,2.15,1,600,480x270,1.9877109999999902,973,
2025-12-22T09:35:57.685Z,1.954,1,600,480x270,1.978129999999993,980,
2025-12-22T09:35:58.230Z,1.889,1,600,480x270,1.9304480000000126,981,
2025-12-22T09:35:58.615Z,1.982,1,600,480x270,1.948270000000008,998,
2025-12-22T09:35:59.077Z,2.09,1,600,480x270,1.9862889999999993,1010,
2025-12-22T09:35:59.538Z,2.109,1,600,480x270,1.9143960000000106,1023,
2025-12-22T09:35:59.606Z,2.088,2,1000,640x360,1.9462350000000015,1039,
2025-12-22T09:36:00.250Z,1.876,2,1000,640x360,1.9219740000000058,1039,
2025-12-22T09:36:00.881Z,1.739,2,1000,640x360,1.9749520000000018,1037,
2025-12-22T09:36:01.400Z,1.745,2,1000,640x360,1.958564999999993,1051,
2025-12-22T09:36:01.821Z,1.812,2,1000,640x360,1.9399220000000241,1097,
2025-12-22T09:36:02.295Z,1.848,2,1000,640x360,1.9597529999999779,1083,
2025-12-22T09:36:02.861Z,1.775,2,1000,640x360,2.0092300000000023,1102,
2025-12-22T09:36:03.315Z,1.806,2,1000,640x360,1.9438480000000027,1113,
2025-12-22T09:36:03.971Z,1.677,2,1000,640x360,2.0042170000000112,1099,
2025-12-22T09:36:04.526Z,1.591,2,1000,640x360,1.930560000000014,1109,
2025-12-22T09:36:05.129Z,1.504,2,1000,640x360,1.9315129999999954,1099,
2025-12-22T09:36:05.740Z,1.392,2,1000,640x360,1.9175659999999937,1069,
2025-12-22T09:36:06.596Z,1.065,2,1000,640x360,1.9564440000000047,1063,
2025-12-22T09:36:06.674Z,1.04,1,600,480x270,1.9941619999999887,996,
2025-12-22T09:36:07.160Z,0.969,1,600,480x270,2.003073999999998,996,
2025-12-22T09:36:07.702Z,0.929,1,600,480x270,1.96105399999999,955,
2025-12-22T09:36:08.256Z,0.896,1,600,480x270,2.0032230000000197,1059,
2025-12-22T09:36:08.889Z,0.779,1,600,480x270,1.9873699999999985,1004,
2025-12-22T09:36:09.510Z,0.62,1,600,480x270,1.949434999999994,1002,
2025-12-22T09:36:10.077Z,0.573,1,600,480x270,1.9898640000000114,1055,
2025-12-22T09:36:10.642Z,0.502,1,600,480x270,1.9213499999999897,1051,
2025-12-22T09:36:10.925Z,0.251,1,600,480x270,1.9360949999999946,1089,rebuffer happen
2025-12-22T09:36:11.043Z,0.3,1,600,480x270,1.914939000000004,1089,rebuffer happen
2025-12-22T09:36:11.299Z,0.332,1,600,480x270,1.968816000000004,1089,
2025-12-22T09:36:11.421Z,0.221,1,600,480x270,1.9403649999999857,1012,rebuffer happen
2025-12-22T09:36:12.069Z,0.09,1,600,480x270,2.005597999999992,1012,
2025-12-22T09:36:12.142Z,0.018,0,200,320x180,1.9330750000000023,1019,rebuffer happen
2025-12-22T09:36:12.145Z,0.018,0,200,320x180,1.9330750000000023,1019,
2025-12-22T09:36:12.297Z,0.422,0,200,320x180,2.075234999999992,1019,
2025-12-22T09:36:12.491Z,0.75,0,200,320x180,2.084678999999994,1019,
2025-12-22T09:36:12.710Z,0.998,0,200,320x180,2.0438789999999756,1005,
2025-12-22T09:36:12.854Z,1.29,0,200,320x180,2.0832080000000133,1005,
2025-12-22T09:36:13.020Z,1.625,0,200,320x180,2.00533200000001,1005,
2025-12-22T09:36:13.155Z,2.021,0,200,320x180,2.052271999999988,990,
2025-12-22T09:36:13.526Z,2.133,0,200,320x180,1.9547440000000051,990,
2025-12-22T09:36:14.010Z,2.183,0,200,320x180,1.9683399999999835,990,
2025-12-22T09:36:14.527Z,2.148,0,200,320x180,1.9359460000000013,1005,
2025-12-22T09:36:14.947Z,2.229,0,200,320x180,1.9177899999999966,974,
2025-12-22T09:36:15.380Z,2.236,0,200,320x180,1.9754850000000204,996,
2025-12-22T09:36:15.552Z,2.247,1,600,480x270,1.9000870000000134,994,
2025-12-22T09:36:16.144Z,1.979,1,600,480x270,1.9190490000000011,994,
2025-12-22T09:36:16.557Z,2.065,1,600,480x270,2.0016140000000178,993,
2025-12-22T09:36:17.035Z,2.091,1,600,480x270,1.9235769999999945,1018,
2025-12-22T09:36:17.613Z,2.021,1,600,480x270,1.9417219999999986,1012,
2025-12-22T09:36:18.094Z,2.066,1,600,480x270,1.9734809999999925,995,
2025-12-22T09:36:18.572Z,2.047,1,600,480x270,1.9824990000000184,1019,
2025-12-22T09:36:19.173Z,1.98,1,600,480x270,1.9819899999999961,1017,
2025-12-22T09:36:19.245Z,1.966,2,1000,640x360,1.9098390000000052,1027,
2025-12-22T09:36:19.952Z,1.692,2,1000,640x360,1.914697000000018,1027,
2025-12-22T09:36:20.407Z,1.712,2,1000,640x360,1.9533610000000294,1017,
2025-12-22T09:36:21.057Z,1.599,2,1000,640x360,2.001909000000012,1017,
2025-12-22T09:36:21.672Z,1.493,2,1000,640x360,1.9965649999999755,1037,
2025-12-22T09:36:22.267Z,1.369,2,1000,640x360,1.9919199999999933,1061,
2025-12-22T09:36:22.889Z,1.244,2,1000,640x360,1.9679819999999495,1060,
2025-12-22T09:36:23.409Z,1.22,2,1000,640x360,1.9587250000000154,1073,
2025-12-22T09:36:23.923Z,1.206,2,1000,640x360,1.9489700000000312,1077,
2025-12-22T09:36:24.445Z,1.175,2,1000,640x360,1.9152420000000347,1091,
2025-12-22T09:36:24.777Z,1.353,2,1000,640x360,1.9783140000000117,1097,
2025-12-22T09:36:25.120Z,1.497,2,1000,640x360,1.9370369999999753,1097,
2025-12-22T09:36:26.038Z,1.123,2,1000,640x360,1.9211009999999646,1094,
2025-12-22T09:36:26.648Z,1.004,2,1000,640x360,1.9233769999999595,1099,
2025-12-22T09:36:26.720Z,0.984,1,600,480x270,1.9444950000000176,1116,
2025-12-22T09:36:27.065Z,1.05,1,600,480x270,2.0027350000000297,1116,
2025-12-22T09:36:27.487Z,1.151,1,600,480x270,1.9658640000000105,1124,
2025-12-22T09:36:27.903Z,1.245,1,600,480x270,1.970741999999973,1109,
2025-12-22T09:36:28.371Z,1.253,1,600,480x270,1.9849700000000325,1109,
2025-12-22T09:36:28.826Z,1.282,1,600,480x270,1.932944999999961,1081,
2025-12-22T09:36:29.309Z,1.33,1,600,480x270,1.9510660000000257,1091,
2025-12-22T09:36:29.718Z,1.43,1,600,480x270,1.9592200000000162,1070,
2025-12-22T09:36:30.152Z,1.473,1,600,480x270,1.914022999999986,1068,
2025-12-22T09:36:30.229Z,1.424,2,1000,640x360,1.9273129999999696,1054,
2025-12-22T09:36:30.795Z,1.351,2,1000,640x360,1.9728700000000003,1054,
2025-12-22T09:36:31.259Z,1.366,2,1000,640x360,2.0019989999999552,1034,
2025-12-22T09:36:32.064Z,1.088,2,1000,640x360,2.013189000000011,992,
2025-12-22T09:36:33.136Z,0.503,2,1000,640x360,1.931573999999955,975,
2025-12-22T09:36:33.412Z,0.227,2,1000,640x360,1.952666000000022,959,rebuffer happen
2025-12-22T09:36:33.858Z,0.292,2,1000,640x360,2.0070049999999924,959,
2025-12-22T09:36:33.941Z,0.287,1,600,480x270,1.9232059999999933,939,
2025-12-22T09:36:34.127Z,0.019,1,600,480x270,1.9341830000000186,939,rebuffer happen
2025-12-22T09:36:34.323Z,0.29,1,600,480x270,1.976885999999979,939,rebuffer happen
2025-12-22T09:36:34.395Z,0.282,1,600,480x270,1.9950699999999983,939,
2025-12-22T09:36:34.734Z,0.439,1,600,480x270,1.962898999999993,954,
2025-12-22T09:36:35.084Z,0.578,1,600,480x270,1.9908320000000117,980,
2025-12-22T09:36:35.485Z,0.612,1,600,480x270,1.9914019999999937,1005,
2025-12-22T09:36:35.862Z,0.776,1,600,480x270,2.0145350000000235,1009,
2025-12-22T09:36:36.209Z,0.947,1,600,480x270,1.9538080000000377,1009,
2025-12-22T09:36:36.527Z,1.093,1,600,480x270,1.9267130000000066,1074,
2025-12-22T09:36:36.861Z,1.292,1,600,480x270,2.0158870000000206,1058,
2025-12-22T09:36:37.216Z,1.412,1,600,480x270,1.9504979999999819,1058,
2025-12-22T09:36:37.593Z,1.528,1,600,480x270,1.9641509999999585,1053,
2025-12-22T09:36:37.662Z,1.494,2,1000,640x360,1.9971049999999764,1059,
2025-12-22T09:36:38.302Z,1.341,2,1000,640x360,1.9645800000000122,1059,
2025-12-22T09:36:38.909Z,1.226,2,1000,640x360,1.949054999999987,1069,
2025-12-22T09:36:39.674Z,0.975,2,1000,640x360,1.9922849999999812,1068,
2025-12-22T09:36:40.287Z,0.859,2,1000,640x360,1.9726979999999799,1041,
2025-12-22T09:36:40.860Z,0.802,2,1000,640x360,2.0178619999999796,1060,
2025-12-22T09:36:41.419Z,0.756,2,1000,640x360,1.9386969999999906,1101,
2025-12-22T09:36:41.495Z,0.723,1,600,480x270,1.9735000000000014,1088,
2025-12-22T09:36:41.843Z,0.804,1,600,480x270,1.9147120000000086,1088,
2025-12-22T09:36:42.197Z,0.949,1,600,480x270,1.962919999999997,1124,
2025-12-22T09:36:42.522Z,1.095,1,600,480x270,1.9371410000000537,1118,
2025-12-22T09:36:42.851Z,1.295,1,600,480x270,1.9131189999999947,1125,
2025-12-22T09:36:43.215Z,1.395,1,600,480x270,1.9473420000000488,1125,
2025-12-22T09:36:43.557Z,1.574,1,600,480x270,1.9992690000000266,1113,
2025-12-22T09:36:43.926Z,1.679,1,600,480x270,1.9359600000000228,1128,
2025-12-22T09:36:44.318Z,1.782,1,600,480x270,1.9416700000000446,1128,
2025-12-22T09:36:44.588Z,2.032,1,600,480x270,1.9636910000000398,1135,
2025-12-22T09:36:44.963Z,2.167,1,600,480x270,2.003127999999947,1140,
2025-12-22T09:36:45.040Z,2.187,2,1000,640x360,1.924462999999946,1145,
2025-12-22T09:36:45.681Z,1.945,2,1000,640x360,1.981047999999987,1145,
2025-12-22T09:36:46.349Z,1.808,2,1000,640x360,1.9097770000000196,1134,
2025-12-22T09:36:47.024Z,1.608,2,1000,640x360,1.9309279999999944,1154,
2025-12-22T09:36:47.631Z,1.509,2,1000,640x360,1.9344669999999837,1147,
2025-12-22T09:36:48.185Z,1.463,2,1000,640x360,1.9730900000000133,1128,
2025-12-22T09:36:48.792Z,1.354,2,1000,640x360,1.984845000000007,1124,
2025-12-22T09:36:49.343Z,1.281,2,1000,640x360,1.9271170000000097,1180,
2025-12-22T09:36:49.967Z,1.223,2,1000,640x360,1.9953929999999787,1169,
2025-12-22T09:36:50.501Z,1.129,2,1000,640x360,1.9509419999999977,1180,
2025-12-22T09:36:50.881Z,1.257,2,1000,640x360,1.9849360000000047,1189,
2025-12-22T09:36:51.232Z,1.384,2,1000,640x360,1.920911999999987,1189,
2025-12-22T09:36:51.686Z,1.439,2,1000,640x360,1.9811540000000036,1182,
2025-12-22T09:36:52.175Z,1.483,2,1000,640x360,1.9914550000000304,1196,
2025-12-22T09:36:52.716Z,1.413,2,1000,640x360,1.9374590000000467,1191,
2025-12-22T09:36:53.287Z,1.326,2,1000,640x360,1.9726740000000405,1189,
2025-12-22T09:36:54.239Z,0.896,2,1000,640x360,1.916503999999975,1203,
2025-12-22T09:36:54.312Z,0.901,1,600,480x270,1.9441899999999919,1185,
2025-12-22T09:36:54.700Z,0.897,1,600,480x270,1.9605020000000195,1185,
2025-12-22T09:36:55.139Z,0.98,1,600,480x270,1.9265100000000075,1170,
2025-12-22T09:36:55.580Z,1.052,1,600,480x270,1.9747919999999795,1107,
2025-12-22T09:36:55.998Z,1.106,1,600,480x270,1.9663740000000303,1121,
2025-12-22T09:36:56.478Z,1.142,1,600,480x270,1.9842950000000315,1198,
2025-12-22T09:36:56.893Z,1.276,1,600,480x270,1.9740820000000099,1163,
2025-12-22T09:36:57.227Z,1.41,1,600,480x270,1.935023000000001,1163,
2025-12-22T09:36:57.643Z,1.482,1,600,480x270,1.9132810000000404,1173,
2025-12-22T09:36:57.723Z,1.498,2,1000,640x360,1.9449309999999969,1177,
2025-12-22T09:36:58.300Z,1.332,2,1000,640x360,1.9643669999999815,1177,
2025-12-22T09:36:58.915Z,1.257,2,1000,640x360,1.9560189999999693,1179,
2025-12-22T09:36:59.527Z,1.072,2,1000,640x360,1.9274959999999624,1183,
2025-12-22T09:37:00.153Z,0.981,2,1000,640x360,2.0012479999999755,1184,
2025-12-22T09:37:00.738Z,0.909,2,1000,640x360,1.9283770000000118,1186,
2025-12-22T09:37:01.456Z,0.706,2,1000,640x360,2.0006409999999732,1185,
2025-12-22T09:37:01.532Z,0.633,1,600,480x270,1.9234439999999609,1177,
2025-12-22T09:37:01.940Z,0.712,1,600,480x270,1.924950000000024,1177,
2025-12-22T09:37:02.231Z,0.89,1,600,480x270,1.9251409999999964,1127,
2025-12-22T09:37:02.651Z,0.973,1,600,480x270,1.922126999999989,1127,
2025-12-22T09:37:03.057Z,1.084,1,600,480x270,2.00403399999999,1062,
2025-12-22T09:37:03.418Z,1.203,1,600,480x270,1.9370569999999816,1180,
2025-12-22T09:37:03.758Z,1.379,1,600,480x270,2.000982000000022,1180,
2025-12-22T09:37:04.315Z,1.381,1,600,480x270,1.9384230000000002,1187,
2025-12-22T09:37:04.656Z,1.482,1,600,480x270,2.005374999999958,1124,
2025-12-22T09:37:05.071Z,1.554,1,600,480x270,1.9903600000000097,1121,
2025-12-22T09:37:05.142Z,1.572,2,1000,640x360,1.9186470000000213,1201,
2025-12-22T09:37:05.789Z,1.35,2,1000,640x360,1.9817790000000173,1201,
2025-12-22T09:37:06.512Z,1.123,2,1000,640x360,1.940195000000017,1172,
2025-12-22T09:37:07.176Z,0.946,2,1000,640x360,1.9801590000000147,1178,
2025-12-22T09:37:07.789Z,0.833,2,1000,640x360,1.9724630000000047,1171,
2025-12-22T09:37:08.341Z,0.802,2,1000,640x360,1.9180979999999863,1225,
2025-12-22T09:37:08.569Z,0.925,2,1000,640x360,1.9846479999999929,1191,
2025-12-22T09:37:08.603Z,1.455,2,1000,640x360,1.950427999999988,1202,
2025-12-22T09:37:09.535Z,1.107,2,1000,640x360,1.9180059999999912,1202,
2025-12-22T09:37:10.106Z,1.041,2,1000,640x360,1.9646449999999618,1196,
2025-12-22T09:37:10.662Z,0.98,2,1000,640x360,1.9961129999999798,1180,
2025-12-22T09:37:10.743Z,0.981,1,600,480x270,1.9151549999999702,1202,
2025-12-22T09:37:11.061Z,1.06,1,600,480x270,1.9953449999999862,1202,
2025-12-22T09:37:11.382Z,1.235,1,600,480x270,1.9734559999999988,1202,
2025-12-22T09:37:11.699Z,1.417,1,600,480x270,1.956579999999974,1202,
2025-12-22T09:37:12.018Z,1.6,1,600,480x270,1.9385800000000017,1205,
2025-12-22T09:37:12.321Z,1.808,1,600,480x270,1.9374310000000037,1242,
2025-12-22T09:37:12.729Z,1.974,1,600,480x270,1.9337429999999927,1242,
2025-12-22T09:37:13.060Z,2.041,1,600,480x270,2.0031250000000114,1223,
2025-12-22T09:37:13.524Z,2.071,1,600,480x270,1.9286189999999692,1243,
2025-12-22T09:37:13.952Z,2.189,1,600,480x270,1.9155880000000138,1244,
2025-12-22T09:37:14.135Z,2.126,2,1000,640x360,1.9257060000000479,1254,
2025-12-22T09:37:14.644Z,1.97,2,1000,640x360,1.9113360000000057,1254,
2025-12-22T09:37:15.223Z,1.909,2,1000,640x360,1.943524000000025,1255,
2025-12-22T09:37:15.820Z,1.811,2,1000,640x360,1.9337429999999927,1253,
2025-12-22T09:37:16.504Z,1.628,2,1000,640x360,1.9575060000000235,1231,
2025-12-22T09:37:17.193Z,1.43,2,1000,640x360,1.970149000000049,1232,
2025-12-22T09:37:17.689Z,1.461,2,1000,640x360,1.980401000000029,1233,
2025-12-22T09:37:18.231Z,1.392,2,1000,640x360,1.9348000000000525,1237,
2025-12-22T09:37:18.790Z,1.356,2,1000,640x360,1.9838980000000106,1278,
2025-12-22T09:37:19.343Z,1.28,2,1000,640x360,1.9283680000000345,1264,
2025-12-22T09:37:19.902Z,1.229,2,1000,640x360,1.9588279999999827,1248,
2025-12-22T09:37:20.492Z,1.139,2,1000,640x360,1.9629110000000196,1225,
2025-12-22T09:37:21.062Z,1.071,2,1000,640x360,2.0027000000000044,1229,
2025-12-22T09:37:21.748Z,0.893,2,1000,640x360,1.917667999999992,1155,
2025-12-22T09:37:21.825Z,0.9,1,600,480x270,1.951313999999968,1215,
2025-12-22T09:37:22.123Z,1.012,1,600,480x270,1.9452830000000176,1215,
2025-12-22T09:37:22.440Z,1.178,1,600,480x270,1.9135670000000005,1176,
2025-12-22T09:37:22.752Z,1.4,1,600,480x270,1.921699999999987,1180,
2025-12-22T09:37:23.068Z,1.561,1,600,480x270,1.9987159999999449,1180,
2025-12-22T09:37:23.295Z,1.842,1,600,480x270,1.9769380000000183,1152,
2025-12-22T09:37:23.632Z,1.999,1,600,480x270,1.935487999999964,1152,
2025-12-22T09:37:24.001Z,2.129,1,600,480x270,1.9603290000000015,1221,
2025-12-22T09:37:24.482Z,2.149,1,600,480x270,1.9745439999999803,1180,
2025-12-22T09:37:25.025Z,2.177,1,600,480x270,1.942013999999972,1210,
2025-12-22T09:37:25.229Z,1.955,2,1000,640x360,1.9304239999999595,1207,
2025-12-22T09:37:25.901Z,1.738,2,1000,640x360,1.9661600000000021,1207,
2025-12-22T09:37:26.569Z,1.559,2,1000,640x360,1.9831369999999993,1243,
2025-12-22T09:37:27.207Z,1.456,2,1000,640x360,1.9577469999999835,1242,
2025-12-22T09:37:27.760Z,1.378,2,1000,640x360,2.004517000000021,1247,
2025-12-22T09:37:28.344Z,1.254,2,1000,640x360,1.9204059999999572,1239,
2025-12-22T09:37:28.751Z,1.371,2,1000,640x360,1.9055700000000115,1216,
2025-12-22T09:37:29.647Z,1.012,2,1000,640x360,1.9220149999999876,1168,
2025-12-22T09:37:29.719Z,0.956,1,600,480x270,1.9502519999999777,1203,
2025-12-22T09:37:30.061Z,1.064,1,600,480x270,2.004707000000053,1203,
2025-12-22T09:37:30.354Z,1.266,1,600,480x270,2.00097999999997,1158,
2025-12-22T09:37:30.772Z,1.357,1,600,480x270,2.007844999999975,1158,
2025-12-22T09:37:31.169Z,1.485,1,600,480x270,1.9957479999999919,1178,
2025-12-22T09:37:31.545Z,1.602,1,600,480x270,1.9115729999999758,1246,
2025-12-22T09:37:31.912Z,1.691,1,600,480x270,1.94468999999998,1214,
2025-12-22T09:37:32.302Z,1.831,1,600,480x270,1.9521910000000275,1214,
2025-12-22T09:37:32.645Z,1.974,1,600,480x270,1.9201289999999744,1178,
2025-12-22T09:37:33.033Z,2.085,1,600,480x270,1.927170999999987,1212,
2025-12-22T09:37:33.129Z,2.036,2,1000,640x360,1.9258069999999634,1180,
2025-12-22T09:37:33.749Z,1.889,2,1000,640x360,1.9104440000000409,1180,
2025-12-22T09:37:34.292Z,1.843,2,1000,640x360,1.9719590000000267,1126,
2025-12-22T09:37:34.841Z,1.799,2,1000,640x360,1.9313300000000027,1123,
2025-12-22T09:37:35.507Z,1.636,2,1000,640x360,1.9519030000000157,1129,
2025-12-22T09:37:36.095Z,1.534,2,1000,640x360,1.9635030000000029,1133,
2025-12-22T09:37:36.729Z,1.426,2,1000,640x360,1.9259529999999927,1242,
2025-12-22T09:37:37.223Z,1.419,2,1000,640x360,1.9365779999999972,1194,
2025-12-22T09:37:37.721Z,1.427,2,1000,640x360,1.9429460000000063,1206,
2025-12-22T09:37:38.219Z,1.418,2,1000,640x360,1.937991000000011,1210,
2025-12-22T09:37:38.787Z,1.38,2,1000,640x360,1.9812280000000442,1212,
2025-12-22T09:37:39.379Z,1.262,2,1000,640x360,1.9786980000000085,1238,
2025-12-22T09:37:39.913Z,1.221,2,1000,640x360,1.9497939999999971,1227,
2025-12-22T09:37:40.593Z,1.018,2,1000,640x360,1.958549000000005,1226,
2025-12-22T09:37:41.059Z,1.09,2,1000,640x360,2.0014790000000175,1221,
2025-12-22T09:37:41.600Z,1.026,2,1000,640x360,1.9625130000000013,1233,
2025-12-22T09:37:42.230Z,0.923,2,1000,640x360,1.9381629999999745,1218,
2025-12-22T09:37:42.306Z,0.909,1,600,480x270,1.9567720000000008,1146,
2025-12-22T09:37:42.722Z,0.867,1,600,480x270,1.944765000000018,1146,
2025-12-22T09:37:43.151Z,0.993,1,600,480x270,1.9096440000000143,1138,
2025-12-22T09:37:43.619Z,1.033,1,600,480x270,1.9436699999999973,1144,
2025-12-22T09:37:43.931Z,1.193,1,600,480x270,1.9324970000000121,1096,
2025-12-22T09:37:44.324Z,1.301,1,600,480x270,1.9336630000000241,1096,
2025-12-22T09:37:44.683Z,1.447,1,600,480x270,1.9867659999999887,1037,
2025-12-22T09:37:45.029Z,1.599,1,600,480x270,1.939549999999997,1074,
2025-12-22T09:37:45.620Z,1.514,1,600,480x270,1.9341289999999844,1151,
2025-12-22T09:37:46.097Z,1.526,1,600,480x270,1.9717279999999846,1091,
2025-12-22T09:37:46.175Z,1.475,2,1000,640x360,1.9904750000000035,1081,
2025-12-22T09:37:46.830Z,1.332,2,1000,640x360,1.9417349999999942,1081,
2025-12-22T09:37:47.664Z,0.964,2,1000,640x360,1.9926110000000108,1076,
2025-12-22T09:37:48.352Z,0.788,2,1000,640x360,1.9023859999999786,1070,
2025-12-22T09:37:48.895Z,0.757,2,1000,640x360,1.972120000000018,1084,
2025-12-22T09:37:49.471Z,0.66,2,1000,640x360,1.9826630000000023,1139,
2025-12-22T09:37:49.982Z,0.662,2,1000,640x360,1.9798490000000015,1152,
2025-12-22T09:37:50.067Z,0.656,1,600,480x270,1.988570999999979,1170,
2025-12-22T09:37:50.394Z,0.726,1,600,480x270,1.959304999999972,1170,
2025-12-22T09:37:50.745Z,0.879,1,600,480x270,1.9147389999999973,1170,
2025-12-22T09:37:51.074Z,1.043,1,600,480x270,1.9885810000000106,1181,
2025-12-22T09:37:51.431Z,1.249,1,600,480x270,1.926932000000022,1177,
2025-12-22T09:37:51.705Z,1.415,1,600,480x270,1.9517609999999763,1177,
2025-12-22T09:37:52.030Z,1.589,1,600,480x270,1.9235330000000204,1191,
2025-12-22T09:37:52.362Z,1.768,1,600,480x270,1.9916949999999929,1191,
2025-12-22T09:37:52.686Z,1.938,1,600,480x270,1.9892320000000154,1191,
2025-12-22T09:37:53.036Z,2.097,1,600,480x270,1.928670000000011,1199,
2025-12-22T09:37:53.498Z,2.12,1,600,480x270,1.9566189999999892,1205,
2025-12-22T09:37:53.575Z,2.14,2,1000,640x360,1.9875410000000215,1209,
2025-12-22T09:37:54.226Z,1.924,2,1000,640x360,1.9345139999999788,1209,
2025-12-22T09:37:54.841Z,1.808,2,1000,640x360,1.9234870000000228,1220,
2025-12-22T09:37:55.344Z,1.791,2,1000,640x360,1.9095720000000256,1232,
2025-12-22T09:37:55.916Z,1.726,2,1000,640x360,1.9455039999999713,1204,
2025-12-22T09:37:56.547Z,1.586,2,1000,640x360,1.9140639999999962,1177,
2025-12-22T09:37:57.247Z,1.448,2,1000,640x360,1.9154209999999807,1127,
2025-12-22T09:37:57.903Z,1.245,2,1000,640x360,1.9708549999999718,1113,
2025-12-22T09:37:58.561Z,1.074,2,1000,640x360,2.0004539999999906,1116,
2025-12-22T09:37:59.210Z,0.926,2,1000,640x360,1.945492999999999,1078,
2025-12-22T09:37:59.287Z,0.912,1,600,480x270,1.974000999999987,1041,
2025-12-22T09:37:59.680Z,0.939,1,600,480x270,1.9819859999999494,1041,
2025-12-22T09:38:00.067Z,1.064,1,600,480x270,1.9884590000000344,1020,
2025-12-22T09:38:00.502Z,1.146,1,600,480x270,1.9554489999999873,1001,
2025-12-22T09:38:00.857Z,1.282,1,600,480x270,2.0054930000000013,980,
2025-12-22T09:38:01.236Z,1.386,1,600,480x270,1.9202280000000087,980,
2025-12-22T09:38:01.663Z,1.46,1,600,480x270,2.0040730000000053,979,
2025-12-22T09:38:02.042Z,1.589,1,600,480x270,1.9234240000000113,1095,
2025-12-22T09:38:02.400Z,1.704,1,600,480x270,1.9622699999999895,1060,
2025-12-22T09:38:02.767Z,1.856,1,600,480x270,2.001846999999998,1060,
2025-12-22T09:38:02.841Z,1.873,2,1000,640x360,1.927445999999975,1056,
2025-12-22T09:38:03.426Z,1.708,2,1000,640x360,1.9402069999999867,1056,
2025-12-22T09:38:04.283Z,1.367,2,1000,640x360,1.9851710000000367,1058,
2025-12-22T09:38:04.910Z,1.211,2,1000,640x360,1.9511810000000196,1083,
2025-12-22T09:38:05.466Z,1.167,2,1000,640x360,1.9921719999999823,1048,
2025-12-22T09:38:06.017Z,1.154,2,1000,640x360,1.9497370000000274,1028,
2025-12-22T09:38:06.691Z,0.956,2,1000,640x360,1.9668520000000171,1043,
2025-12-22T09:38:06.779Z,0.949,1,600,480x270,1.9898299999999836,1061,
2025-12-22T09:38:07.152Z,0.983,1,600,480x270,1.9154829999999947,1061,
2025-12-22T09:38:07.540Z,1.067,1,600,480x270,1.9137799999999743,1030,
2025-12-22T09:38:07.919Z,1.221,1,600,480x270,1.941646999999989,1005,
2025-12-22T09:38:08.300Z,1.336,1,600,480x270,1.9544599999999832,1005,
2025-12-22T09:38:08.681Z,1.453,1,600,480x270,1.9787049999999908,986,
2025-12-22T09:38:09.166Z,1.504,1,600,480x270,1.9944750000000226,1087,
2025-12-22T09:38:10.055Z,1.056,1,600,480x270,2.003768999999977,1007,
2025-12-22T09:38:10.897Z,0.739,1,600,480x270,1.9793000000000234,956,
2025-12-22T09:38:11.683Z,0.432,1,600,480x270,1.9886319999999955,870,
2025-12-22T09:38:11.754Z,0.462,0,200,320x180,1.9173230000000103,845,
2025-12-22T09:38:11.856Z,0.289,0,200,320x180,2.005619999999965,845,rebuffer happen
2025-12-22T09:38:12.039Z,0.537,0,200,320x180,1.9310839999999985,845,
2025-12-22T09:38:12.398Z,0.745,0,200,320x180,1.9661009999999806,790,
2025-12-22T09:38:12.778Z,0.863,0,200,320x180,1.9876730000000293,790,
2025-12-22T09:38:13.185Z,0.987,0,200,320x180,1.970119000000011,724,
2025-12-22T09:38:13.592Z,1.059,0,200,320x180,1.9647410000000036,703,
2025-12-22T09:38:13.998Z,1.18,0,200,320x180,1.9757749999999987,683,
2025-12-22T09:38:14.342Z,1.299,0,200,320x180,1.9267570000000092,665,
2025-12-22T09:38:14.663Z,1.381,0,200,320x180,1.995978999999977,665,
2025-12-22T09:38:14.993Z,1.611,0,200,320x180,1.9606180000000109,648,
2025-12-22T09:38:15.308Z,1.796,0,200,320x180,1.9569490000000087,618,
2025-12-22T09:38:15.635Z,1.984,0,200,320x180,1.928658999999982,618,
2025-12-22T09:38:15.963Z,2.172,0,200,320x180,1.9954270000000065,594,
2025-12-22T09:38:16.362Z,2.192,0,200,320x180,1.9983050000000162,607,
2025-12-22T09:38:16.903Z,2.267,0,200,320x180,1.9601169999999684,623,
2025-12-22T09:38:16.983Z,2.238,1,600,480x270,1.9752750000000106,623,
2025-12-22T09:38:17.538Z,2.08,1,600,480x270,1.9140340000000151,639,
2025-12-22T09:38:18.045Z,2.049,1,600,480x270,1.9182430000000181,692,
2025-12-22T09:38:18.551Z,2.068,1,600,480x270,1.904168000000027,739,
2025-12-22T09:38:19.066Z,2.067,1,600,480x270,2.0017540000000054,771,
2025-12-22T09:38:19.553Z,2.04,1,600,480x270,2.002441000000033,783,
2025-12-22T09:38:20.057Z,2.107,1,600,480x270,2.004310999999973,835,
2025-12-22T09:38:20.493Z,2.138,1,600,480x270,1.9592739999999935,873,
2025-12-22T09:38:21.025Z,2.107,1,600,480x270,1.9337269999999762,898,
2025-12-22T09:38:21.445Z,2.14,1,600,480x270,1.9114210000000185,900,
2025-12-22T09:38:21.962Z,2.166,1,600,480x270,2.008388000000025,915,
2025-12-22T09:38:22.459Z,2.127,1,600,480x270,1.9956720000000132,917,
2025-12-22T09:38:22.970Z,2.165,1,600,480x270,2.0036630000000173,926,
2025-12-22T09:38:23.992Z,1.636,1,600,480x270,1.976917999999955,934,
2025-12-22T09:38:24.635Z,1.479,1,600,480x270,1.9225999999999885,904,
2025-12-22T09:38:25.195Z,1.45,1,600,480x270,1.9609009999999785,899,
2025-12-22T09:38:25.774Z,1.362,1,600,480x270,1.9905989999999747,861,
2025-12-22T09:38:26.275Z,1.353,1,600,480x270,1.983333000000016,820,
2025-12-22T09:38:26.796Z,1.363,1,600,480x270,1.9800840000000335,802,
2025-12-22T09:38:27.384Z,1.249,1,600,480x270,1.985545000000002,771,
2025-12-22T09:38:27.825Z,1.323,1,600,480x270,1.934082999999987,900,
2025-12-22T09:38:28.358Z,1.294,1,600,480x270,2.0005540000000224,846,
2025-12-22T09:38:28.866Z,1.261,1,600,480x270,2.001453999999967,855,
2025-12-22T09:38:29.339Z,1.281,1,600,480x270,1.9278249999999844,853,
2025-12-22T09:38:29.724Z,1.398,1,600,480x270,1.9449879999999666,890,
2025-12-22T09:38:30.120Z,1.508,1,600,480x270,1.9511359999999627,893,
2025-12-22T09:38:30.445Z,1.633,1,600,480x270,1.914790000000039,894,
2025-12-22T09:38:30.790Z,1.846,1,600,480x270,1.9957980000000362,899,
2025-12-22T09:38:31.128Z,2,1,600,480x270,1.9372070000000008,899,
2025-12-22T09:38:31.506Z,2.083,1,600,480x270,1.951437999999996,897,
2025-12-22T09:38:32.047Z,2.041,1,600,480x270,1.9079249999999774,910,
2025-12-22T09:38:32.548Z,2.07,1,600,480x270,1.9148700000000076,918,
2025-12-22T09:38:33.071Z,2.049,1,600,480x270,1.9849950000000263,927,
2025-12-22T09:38:33.635Z,2.013,1,600,480x270,1.9222030000000245,943,
2025-12-22T09:38:34.132Z,1.956,1,600,480x270,1.9243079999999964,943,
2025-12-22T09:38:34.587Z,2.003,1,600,480x270,1.9694949999999949,961,
2025-12-22T09:38:35.044Z,2.087,1,600,480x270,1.9225739999999973,956,
2025-12-22T09:38:35.597Z,2.023,1,600,480x270,1.9588340000000244,962,
2025-12-22T09:38:36.005Z,2.135,1,600,480x270,1.9773190000000227,970,
2025-12-22T09:38:36.540Z,2.11,1,600,480x270,1.927744999999959,984,
2025-12-22T09:38:36.991Z,2.135,1,600,480x270,1.9695029999999747,991,
2025-12-22T09:38:37.533Z,2.097,1,600,480x270,1.9226700000000392,1006,
2025-12-22T09:38:38.006Z,2.119,1,600,480x270,1.9501349999999888,1012,
2025-12-22T09:38:38.539Z,2.087,1,600,480x270,1.9143669999999702,1023,
2025-12-22T09:38:38.606Z,2.098,2,1000,640x360,1.9582609999999931,1048,
2025-12-22T09:38:39.291Z,1.857,2,1000,640x360,1.966942999999958,1048,
2025-12-22T09:38:39.774Z,1.874,2,1000,640x360,2.009968000000015,1067,
2025-12-22T09:38:40.268Z,1.875,2,1000,640x360,1.995537000000013,1075,
2025-12-22T09:38:41.080Z,1.541,2,1000,640x360,1.988098999999977,1100,
2025-12-22T09:38:41.593Z,1.506,2,1000,640x360,1.9686479999999733,1107,
2025-12-22T09:38:42.185Z,1.47,2,1000,640x360,1.9759290000000078,1111,
2025-12-22T09:38:42.760Z,1.407,2,1000,640x360,2.009280999999987,1097,
2025-12-22T09:38:43.323Z,1.298,2,1000,640x360,1.941328999999996,1118,
2025-12-22T09:38:43.551Z,1.566,2,1000,640x360,1.9010519999999929,1155,
2025-12-22T09:38:43.873Z,1.779,2,1000,640x360,2.00463000000002,1134,
2025-12-22T09:38:44.358Z,1.781,2,1000,640x360,2.0017579999999953,1134,
2025-12-22T09:38:44.947Z,1.688,2,1000,640x360,1.9120829999999955,1137,
2025-12-22T09:38:45.479Z,1.652,2,1000,640x360,1.9739660000000185,1137,
2025-12-22T09:38:46.058Z,1.588,2,1000,640x360,2.0018269999999916,1139,
2025-12-22T09:38:46.639Z,1.481,2,1000,640x360,1.9227030000000127,1148,
2025-12-22T09:38:47.236Z,1.43,2,1000,640x360,1.923864999999978,1146,
2025-12-22T09:38:48.338Z,0.812,2,1000,640x360,1.924416000000008,1150,
2025-12-22T09:38:48.408Z,0.798,1,600,480x270,1.9619200000000205,1143,
2025-12-22T09:38:48.832Z,0.786,1,600,480x270,1.9249719999999684,1143,
2025-12-22T09:38:49.093Z,1.026,1,600,480x270,1.962537999999995,1141,
2025-12-22T09:38:49.295Z,1.28,1,600,480x270,1.9642499999999927,1150,
2025-12-22T09:38:49.525Z,1.604,1,600,480x270,1.938130000000001,1150,
2025-12-22T09:38:49.777Z,1.854,1,600,480x270,1.9798069999999939,1147,
2025-12-22T09:38:50.080Z,2.051,1,600,480x270,1.975999999999999,1147,
2025-12-22T09:38:50.516Z,2.114,1,600,480x270,1.9373989999999708,1164,
2025-12-22T09:38:50.988Z,2.138,1,600,480x270,1.97658899999999,1159,
2025-12-22T09:38:51.430Z,2.201,1,600,480x270,1.9289899999999989,1165,
2025-12-22T09:38:52.069Z,2.05,1,600,480x270,2.0122650000000135,1170,
2025-12-22T09:38:52.143Z,2.082,2,1000,640x360,1.9363309999999956,1167,
2025-12-22T09:38:52.905Z,1.737,2,1000,640x360,1.953895999999986,1167,
2025-12-22T09:38:53.556Z,1.573,2,1000,640x360,1.9990739999999505,1144,
2025-12-22T09:38:54.159Z,1.53,2,1000,640x360,2.00142500000004,1154,
2025-12-22T09:38:54.767Z,1.362,2,1000,640x360,2.0022430000000213,1175,
2025-12-22T09:38:55.344Z,1.302,2,1000,640x360,1.9123879999999644,1166,
2025-12-22T09:38:55.887Z,1.275,2,1000,640x360,1.986611000000039,1177,
2025-12-22T09:38:56.458Z,1.176,2,1000,640x360,1.9987879999999905,1178,
2025-12-22T09:38:56.998Z,1.169,2,1000,640x360,1.9775269999999523,1182,
2025-12-22T09:38:57.468Z,1.171,2,1000,640x360,1.9976840000000493,1191,
2025-12-22T09:38:57.821Z,1.328,2,1000,640x360,1.9406749999999988,1224,
2025-12-22T09:38:58.173Z,1.472,2,1000,640x360,1.9897850000000403,1224,
2025-12-22T09:38:58.652Z,1.48,2,1000,640x360,1.9058489999999892,1191,
2025-12-22T09:38:59.378Z,1.254,2,1000,640x360,1.975482999999997,1199,
2025-12-22T09:39:00.273Z,0.877,2,1000,640x360,1.9933369999999968,1205,
2025-12-22T09:39:00.338Z,0.832,1,600,480x270,1.9264180000000124,1195,
2025-12-22T09:39:00.695Z,0.932,1,600,480x270,1.9701909999999998,1195,
2025-12-22T09:39:01.065Z,1.09,1,600,480x270,2.0110090000000014,1202,
2025-12-22T09:39:01.506Z,1.134,1,600,480x270,1.9638289999999756,1198,
2025-12-22T09:39:01.947Z,1.191,1,600,480x270,1.910904999999957,1182,
2025-12-22T09:39:02.383Z,1.284,1,600,480x270,1.970261999999991,1151,
2025-12-22T09:39:02.760Z,1.323,1,600,480x270,2.0027049999999917,1151,
2025-12-22T09:39:03.161Z,1.462,1,600,480x270,2.00291900000002,1130,
2025-12-22T09:39:03.540Z,1.594,1,600,480x270,1.9154040000000236,1110,
2025-12-22T09:39:03.917Z,1.731,1,600,480x270,1.9470339999999737,1112,
2025-12-22T09:39:03.985Z,1.731,2,1000,640x360,1.9836140000000455,1112,
2025-12-22T09:39:04.738Z,1.423,2,1000,640x360,1.9414229999999861,1112,
2025-12-22T09:39:05.474Z,1.165,2,1000,640x360,1.993925000000047,1081,
2025-12-22T09:39:06.261Z,0.889,2,1000,640x360,2.000481999999977,1059,
2025-12-22T09:39:06.966Z,0.661,2,1000,640x360,2.0039429999999925,1054,
2025-12-22T09:39:07.667Z,0.471,2,1000,640x360,2.004395000000045,1033,
2025-12-22T09:39:07.739Z,0.476,1,600,480x270,1.939325999999994,1000,
2025-12-22T09:39:07.870Z,0.279,1,600,480x270,1.9951389999999947,1000,rebuffer happen
2025-12-22T09:39:08.308Z,0.33,1,600,480x270,1.9545559999999682,1000,
2025-12-22T09:39:08.533Z,0.113,1,600,480x270,1.9294189999999958,946,rebuffer happen
2025-12-22T09:39:08.959Z,0.207,1,600,480x270,2.007657999999992,946,
2025-12-22T09:39:09.121Z,0.026,1,600,480x270,1.942515999999955,924,rebuffer happen
2025-12-22T09:39:09.627Z,0.184,1,600,480x270,2.1096109999999726,924,
2025-12-22T09:39:09.805Z,0.018,1,600,480x270,2.1349730000000022,877,rebuffer happen
2025-12-22T09:39:09.988Z,0.019,1,600,480x270,2.30072100000001,877,rebuffer happen
2025-12-22T09:39:10.439Z,0.021,1,600,480x270,2.271330999999975,877,rebuffer happen
2025-12-22T09:39:10.475Z,0.021,1,600,480x270,2.3703309999999647,877,
2025-12-22T09:39:10.505Z,0.028,1,600,480x270,2.343693999999971,835,rebuffer happen
2025-12-22T09:39:10.789Z,0.023,1,600,480x270,2.6077680000000214,835,rebuffer happen
2025-12-22T09:39:10.839Z,0.022,1,600,480x270,2.5731839999999693,835,rebuffer happen
2025-12-22T09:39:11.167Z,0.161,1,600,480x270,2.6815489999999613,835,
2025-12-22T09:39:11.244Z,0.166,0,200,320x180,2.604612999999972,763,
2025-12-22T09:39:11.446Z,0.375,0,200,320x180,2.603798999999981,763,
2025-12-22T09:39:11.620Z,0.673,0,200,320x180,2.5907269999999585,776,
2025-12-22T09:39:11.789Z,0.91,0,200,320x180,2.554525999999953,776,
2025-12-22T09:39:11.974Z,1.174,0,200,320x180,2.486806999999999,776,
2025-12-22T09:39:12.143Z,1.388,0,200,320x180,2.3364050000000134,764,
2025-12-22T09:39:12.349Z,1.605,0,200,320x180,2.248657000000037,764,
2025-12-22T09:39:12.578Z,1.862,0,200,320x180,2.2468709999999987,764,
2025-12-22T09:39:12.852Z,2.015,0,200,320x180,2.1068560000000502,761,
2025-12-22T09:39:13.042Z,2.246,0,200,320x180,2.0724720000000048,761,
2025-12-22T09:39:13.337Z,2.365,0,200,320x180,2.0258979999999838,751,
2025-12-22T09:39:13.887Z,2.347,0,200,320x180,2.0361409999999864,780,
2025-12-22T09:39:14.437Z,2.22,0,200,320x180,1.9428159999999934,795,
2025-12-22T09:39:14.661Z,2.11,1,600,480x270,1.919021999999984,827,
2025-12-22T09:39:15.425Z,1.725,1,600,480x270,1.9539359999999988,827,
2025-12-22T09:39:15.981Z,1.655,1,600,480x270,1.9805389999999647,856,
2025-12-22T09:39:16.287Z,1.849,1,600,480x270,1.9678930000000037,880,
2025-12-22T09:39:16.600Z,2.019,1,600,480x270,1.9520150000000172,880,
2025-12-22T09:39:17.012Z,2.106,1,600,480x270,1.9433369999999854,891,
2025-12-22T09:39:17.533Z,2.087,1,600,480x270,1.925794000000053,927,
2025-12-22T09:39:17.969Z,2.198,1,600,480x270,1.993947999999989,941,
2025-12-22T09:39:18.610Z,2.023,1,600,480x270,1.947445000000016,960,
2025-12-22T09:39:19.306Z,1.852,1,600,480x270,1.9605099999999993,970,
2025-12-22T09:39:19.801Z,1.835,1,600,480x270,1.9645309999999654,963,
2025-12-22T09:39:20.195Z,1.94,1,600,480x270,1.9638709999999833,996,
2025-12-22T09:39:20.686Z,1.947,1,600,480x270,1.9709689999999682,994,
2025-12-22T09:39:21.238Z,1.903,1,600,480x270,1.9158140000000117,1009,
2025-12-22T09:39:21.755Z,1.893,1,600,480x270,2.0102319999999736,1013,
2025-12-22T09:39:21.826Z,1.894,2,1000,640x360,1.9383070000000089,1024,
2025-12-22T09:39:22.434Z,1.712,2,1000,640x360,1.9207249999999476,1024,
2025-12-22T09:39:23.004Z,1.655,2,1000,640x360,1.9750950000000103,1015,
2025-12-22T09:39:23.514Z,1.63,2,1000,640x360,1.9457590000000096,994,
2025-12-22T09:39:24.478Z,1.23,2,1000,640x360,1.9891880000000128,975,
2025-12-22T09:39:25.704Z,0.494,2,1000,640x360,1.959384,926,
2025-12-22T09:39:25.777Z,0.442,1,600,480x270,1.994976999999949,909,
2025-12-22T09:39:25.980Z,0.164,1,600,480x270,1.9865279999999643,909,rebuffer happen
2025-12-22T09:39:26.445Z,0.2,1,600,480x270,1.911011999999971,909,
2025-12-22T09:39:26.885Z,0.258,1,600,480x270,1.995147999999972,905,
2025-12-22T09:39:27.305Z,0.326,1,600,480x270,1.9688959999999724,905,
2025-12-22T09:39:27.432Z,0.289,1,600,480x270,1.9365209999999706,901,rebuffer happen
2025-12-22T09:39:27.767Z,0.387,1,600,480x270,2.003471999999988,901,
2025-12-22T09:39:27.932Z,0.249,1,600,480x270,1.933838000000037,888,rebuffer happen
2025-12-22T09:39:27.992Z,0.287,1,600,480x270,1.9689339999999902,888,rebuffer happen
2025-12-22T09:39:28.248Z,0.379,1,600,480x270,1.9102139999999963,888,
2025-12-22T09:39:28.353Z,0.286,1,600,480x270,1.9013699999999858,882,rebuffer happen
2025-12-22T09:39:28.593Z,0.539,1,600,480x270,1.963686999999993,882,
2025-12-22T09:39:28.823Z,0.765,1,600,480x270,1.9331090000000017,928,
2025-12-22T09:39:29.116Z,1.016,1,600,480x270,1.9393119999999726,928,
2025-12-22T09:39:29.407Z,1.224,1,600,480x270,1.9476149999999848,959,
2025-12-22T09:39:29.755Z,1.383,1,600,480x270,2.0067549999999983,959,
2025-12-22T09:39:30.029Z,1.645,1,600,480x270,1.9371449999999868,972,
2025-12-22T09:39:30.344Z,1.788,1,600,480x270,1.918643999999972,973,
2025-12-22T09:39:31.264Z,1.36,1,600,480x270,1.9945840000000317,973,
2025-12-22T09:39:31.671Z,1.447,1,600,480x270,1.9876789999999573,987,
2025-12-22T09:39:31.993Z,1.629,1,600,480x270,1.966998999999987,983,
2025-12-22T09:39:32.247Z,1.897,1,600,480x270,1.9095209999999838,982,
2025-12-22T09:39:32.651Z,1.98,1,600,480x270,1.9063550000000191,982,
2025-12-22T09:39:33.119Z,1.999,1,600,480x270,1.9355860000000007,995,
2025-12-22T09:39:33.527Z,2.089,1,600,480x270,1.9273789999999735,995,
2025-12-22T09:39:33.986Z,2.163,1,600,480x270,1.9779570000000035,1002,
2025-12-22T09:39:34.523Z,2.114,1,600,480x270,1.9360570000000052,1002,
2025-12-22T09:39:35.012Z,2.105,1,600,480x270,1.9514920000000302,1002,
2025-12-22T09:39:35.519Z,2.099,1,600,480x270,1.937027999999998,1024,
2025-12-22T09:39:35.586Z,2.106,2,1000,640x360,1.9730240000000094,1031,
2025-12-22T09:39:36.286Z,1.851,2,1000,640x360,1.9816640000000234,1031,
2025-12-22T09:39:36.895Z,1.747,2,1000,640x360,1.9713649999999916,1033,
2025-12-22T09:39:37.514Z,1.615,2,1000,640x360,1.9386619999999652,1060,
2025-12-22T09:39:38.024Z,1.61,2,1000,640x360,1.9311180000000263,1065,
2025-12-22T09:39:38.567Z,1.563,2,1000,640x360,1.9949739999999565,1086,
2025-12-22T09:39:39.128Z,1.509,2,1000,640x360,1.9364630000000034,1083,
2025-12-22T09:39:39.681Z,1.46,2,1000,640x360,1.9837860000000092,1086,
2025-12-22T09:39:40.262Z,1.368,2,1000,640x360,1.9908260000000269,1091,
2025-12-22T09:39:40.884Z,1.263,2,1000,640x360,1.9870369999999866,1089,
2025-12-22T09:39:41.379Z,1.258,2,1000,640x360,1.984484000000009,1108,
2025-12-22T09:39:42.063Z,1.076,2,1000,640x360,2.001334999999983,1118,
2025-12-22T09:39:42.714Z,0.911,2,1000,640x360,1.9543509999999742,1101,
2025-12-22T09:39:42.795Z,0.934,1,600,480x270,1.9823200000000156,1089,
2025-12-22T09:39:43.191Z,0.92,1,600,480x270,1.9708739999999807,1089,
2025-12-22T09:39:43.577Z,1.042,1,600,480x270,1.9756849999999986,1087,
2025-12-22T09:39:43.963Z,1.138,1,600,480x270,2.0129670000000033,1082,
2025-12-22T09:39:44.385Z,1.239,1,600,480x270,1.973544000000004,1057,
2025-12-22T09:39:44.771Z,1.355,1,600,480x270,1.989912000000004,1057,
2025-12-22T09:39:45.178Z,1.459,1,600,480x270,1.978242000000023,1058,
2025-12-22T09:39:45.717Z,1.437,1,600,480x270,1.9399540000000002,1009,
2025-12-22T09:39:46.136Z,1.488,1,600,480x270,1.9199489999999741,976,
2025-12-22T09:39:46.523Z,1.59,1,600,480x270,1.9413069999999948,984,
2025-12-22T09:39:46.601Z,1.613,2,1000,640x360,1.9524200000000178,1076,
2025-12-22T09:39:47.272Z,1.368,2,1000,640x360,1.9916810000000282,1076,
2025-12-22T09:39:47.846Z,1.298,2,1000,640x360,1.9272760000000062,977,
2025-12-22T09:39:48.388Z,1.271,2,1000,640x360,1.9738629999999944,1013,
2025-12-22T09:39:48.910Z,1.24,2,1000,640x360,1.9518869999999993,1110,
2025-12-22T09:39:49.394Z,1.236,2,1000,640x360,1.9623860000000377,1082,
2025-12-22T09:39:49.778Z,1.288,2,1000,640x360,1.9906530000000089,1084,
2025-12-22T09:39:49.810Z,1.712,2,1000,640x360,1.958434000000011,1101,
2025-12-22T09:39:50.788Z,1.363,2,1000,640x360,1.9780199999999581,1101,
2025-12-22T09:39:51.410Z,1.274,2,1000,640x360,1.9487700000000245,1114,
2025-12-22T09:39:51.955Z,1.183,2,1000,640x360,1.9987179999999967,1174,
2025-12-22T09:39:52.520Z,1.125,2,1000,640x360,1.938619000000017,1164,
2025-12-22T09:39:53.060Z,1.063,2,1000,640x360,1.9975640000000112,1166,
2025-12-22T09:39:53.609Z,1.008,2,1000,640x360,1.9504150000000209,1166,
2025-12-22T09:39:54.150Z,0.98,2,1000,640x360,1.9087200000000166,1159,
2025-12-22T09:39:54.224Z,0.97,1,600,480x270,1.943728999999962,1167,
2025-12-22T09:39:54.558Z,1.072,1,600,480x270,1.9949780000000032,1167,
2025-12-22T09:39:54.902Z,1.211,1,600,480x270,1.9707029999999577,1158,
2025-12-22T09:39:55.284Z,1.336,1,600,480x270,1.9774930000000381,1158,
2025-12-22T09:39:55.606Z,1.512,1,600,480x270,1.9515399999999659,1144,
2025-12-22T09:39:55.957Z,1.663,1,600,480x270,2.0015430000000265,1178,
2025-12-22T09:39:56.322Z,1.81,1,600,480x270,1.933210000000031,1171,
2025-12-22T09:39:56.685Z,1.949,1,600,480x270,1.9851510000000303,1171,
2025-12-22T09:39:57.157Z,1.992,1,600,480x270,2.002132999999958,1181,
2025-12-22T09:39:57.633Z,2.003,1,600,480x270,1.9285360000000082,1203,
2025-12-22T09:39:57.698Z,2.007,2,1000,640x360,1.967696999999987,1204,
2025-12-22T09:39:58.301Z,1.842,2,1000,640x360,1.9623770000000036,1204,
2025-12-22T09:39:58.878Z,1.761,2,1000,640x360,1.9843690000000151,1200,
2025-12-22T09:39:59.435Z,1.699,2,1000,640x360,1.9194759999999746,1154,
2025-12-22T09:40:00.054Z,1.565,2,1000,640x360,1.9979849999999715,1160,
2025-12-22T09:40:00.331Z,1.8,2,1000,640x360,1.9377000000000066,1098,
2025-12-22T09:40:00.781Z,1.877,2,1000,640x360,1.98674299999999,1098,
2025-12-22T09:40:02.052Z,1.159,2,1000,640x360,1.918875000000014,1162,
2025-12-22T09:40:02.935Z,0.704,2,1000,640x360,1.922132999999974,1083,
2025-12-22T09:40:03.010Z,0.707,1,600,480x270,1.9470329999999763,1074,
2025-12-22T09:40:03.493Z,0.647,1,600,480x270,1.9654029999999807,1074,
2025-12-22T09:40:03.949Z,0.688,1,600,480x270,1.9037999999999897,1067,
2025-12-22T09:40:04.370Z,0.771,1,600,480x270,1.9966610000000173,1063,
2025-12-22T09:40:04.821Z,0.807,1,600,480x270,1.9410440000000335,1063,
2025-12-22T09:40:05.287Z,0.82,1,600,480x270,1.9688840000000027,1004,
2025-12-22T09:40:05.745Z,0.904,1,600,480x270,1.9275309999999877,1026,
2025-12-22T09:40:06.257Z,0.835,1,600,480x270,2.00523000000004,994,
2025-12-22T09:40:06.739Z,0.884,1,600,480x270,1.9203840000000127,990,
2025-12-22T09:40:07.110Z,1.039,1,600,480x270,1.9538410000000113,976,
2025-12-22T09:40:07.492Z,1.141,1,600,480x270,1.9606079999999793,996,
2025-12-22T09:40:07.863Z,1.263,1,600,480x270,2.004198000000031,981,
2025-12-22T09:40:07.936Z,1.237,2,1000,640x360,1.930470000000014,981,
2025-12-22T09:40:08.508Z,1.12,2,1000,640x360,1.956438999999989,981,
2025-12-22T09:40:09.085Z,1.064,2,1000,640x360,1.9767499999999814,1062,
2025-12-22T09:40:09.758Z,0.887,2,1000,640x360,2.0065830000000346,1058,
2025-12-22T09:40:10.149Z,0.992,2,1000,640x360,1.9186299999999505,1074,
2025-12-22T09:40:10.686Z,0.979,2,1000,640x360,1.9726929999999925,1080,
2025-12-22T09:40:11.304Z,0.86,2,1000,640x360,1.9634040000000255,1096,
2025-12-22T09:40:11.387Z,0.834,1,600,480x270,1.973590999999999,1053,
2025-12-22T09:40:11.608Z,0.976,1,600,480x270,1.9478480000000218,1053,
2025-12-22T09:40:11.871Z,1.256,1,600,480x270,1.991378999999995,1054,
2025-12-22T09:40:12.187Z,1.435,1,600,480x270,1.9691379999999867,1054,
2025-12-22T09:40:12.727Z,1.416,1,600,480x270,1.9420140000000288,1059,
2025-12-22T09:40:13.224Z,1.402,1,600,480x270,1.9370549999999866,1052,
2025-12-22T09:40:13.691Z,1.446,1,600,480x270,1.9736159999999927,1064,
2025-12-22T09:40:14.151Z,1.471,1,600,480x270,1.9123460000000136,1080,
2025-12-22T09:40:14.571Z,1.56,1,600,480x270,1.9896790000000237,1060,
2025-12-22T09:40:15.065Z,1.524,1,600,480x270,1.990694000000019,1093,
2025-12-22T09:40:15.132Z,1.572,2,1000,640x360,1.9238349999999969,1093,
2025-12-22T09:40:15.651Z,1.505,2,1000,640x360,1.9083880000000022,1093,
2025-12-22T09:40:16.197Z,1.412,2,1000,640x360,1.970704000000012,1145,
2025-12-22T09:40:16.775Z,1.385,2,1000,640x360,1.9878669999999943,1133,
2025-12-22T09:40:17.298Z,1.346,2,1000,640x360,1.9615759999999796,1146,
2025-12-22T09:40:17.676Z,1.448,2,1000,640x360,1.991704000000027,1139,
2025-12-22T09:40:18.020Z,1.622,2,1000,640x360,1.947637000000043,1148,
2025-12-22T09:40:18.477Z,1.509,2,1000,640x360,1.9770689999999718,1151,
2025-12-22T09:40:18.955Z,1.725,2,1000,640x360,1.9992440000000329,1144,
2025-12-22T09:40:19.613Z,1.53,2,1000,640x360,1.942209000000048,1156,
2025-12-22T09:40:20.404Z,1.242,2,1000,640x360,1.9598650000000362,1167,
2025-12-22T09:40:21.358Z,0.755,2,1000,640x360,1.9966350000000261,1221,
2025-12-22T09:40:21.440Z,0.78,1,600,480x270,1.9146329999999807,1192,
2025-12-22T09:40:22.011Z,0.66,1,600,480x270,1.9494300000000067,1192,
2025-12-22T09:40:22.627Z,0.498,1,600,480x270,1.931607999999983,1173,
2025-12-22T09:40:23.169Z,0.447,1,600,480x270,2.0063650000000166,1134,
2025-12-22T09:40:23.371Z,0.272,1,600,480x270,1.9890739999999596,1068,rebuffer happen
2025-12-22T09:40:23.819Z,0.369,1,600,480x270,1.946442999999988,1068,
2025-12-22T09:40:23.904Z,0.238,1,600,480x270,1.9566980000000171,1136,rebuffer happen
2025-12-22T09:40:24.299Z,0.313,1,600,480x270,1.9639680000000226,1136,
2025-12-22T09:40:24.426Z,0.216,1,600,480x270,1.934549000000004,1041,rebuffer happen
2025-12-22T09:40:24.544Z,0.297,1,600,480x270,1.9254099999999994,1041,rebuffer happen
2025-12-22T09:40:24.723Z,0.412,1,600,480x270,1.9401209999999764,1041,
2025-12-22T09:40:24.949Z,0.262,1,600,480x270,1.9144190000000094,1138,rebuffer happen
2025-12-22T09:40:25.226Z,0.425,1,600,480x270,2.0324790000000235,1138,
2025-12-22T09:40:25.384Z,0.243,1,600,480x270,2.0430820000000267,1044,rebuffer happen
2025-12-22T09:40:25.586Z,0.297,1,600,480x270,2.0345990000000143,1044,rebuffer happen
2025-12-22T09:40:25.804Z,0.31,1,600,480x270,2.0216819999999984,1044,
2025-12-22T09:40:26.017Z,0.153,1,600,480x270,1.996266999999989,1034,rebuffer happen
2025-12-22T09:40:26.334Z,0.27,1,600,480x270,1.966999000000044,1034,
2025-12-22T09:40:26.413Z,0.263,0,200,320x180,1.9854759999999487,968,
2025-12-22T09:40:26.478Z,0.286,0,200,320x180,2.0287849999999708,968,rebuffer happen
2025-12-22T09:40:26.528Z,0.541,0,200,320x180,1.9758789999999635,968,
2025-12-22T09:40:26.728Z,0.86,0,200,320x180,1.98698399999995,992,
2025-12-22T09:40:26.894Z,1.188,0,200,320x180,2.013171,992,
2025-12-22T09:40:27.048Z,1.535,0,200,320x180,1.9562389999999823,992,
2025-12-22T09:40:27.182Z,1.901,0,200,320x180,2.0058730000000082,939,
2025-12-22T09:40:27.616Z,1.925,0,200,320x180,1.9551289999999995,939,
2025-12-22T09:40:28.090Z,1.969,0,200,320x180,1.9798979999999915,948,
2025-12-22T09:40:28.654Z,1.922,0,200,320x180,2.001860000000022,919,
2025-12-22T09:40:29.139Z,1.891,0,200,320x180,1.9149100000000203,889,
2025-12-22T09:40:29.668Z,1.905,0,200,320x180,1.9951130000000035,878,
2025-12-22T09:40:30.171Z,1.864,0,200,320x180,1.9880319999999756,883,
2025-12-22T09:40:30.248Z,1.886,1,600,480x270,1.9099410000000034,884,
2025-12-22T09:40:30.684Z,1.875,1,600,480x270,1.9783160000000066,884,
2025-12-22T09:40:31.193Z,1.864,1,600,480x270,1.969936999999959,929,
2025-12-22T09:40:31.709Z,1.845,1,600,480x270,1.957917000000009,949,
2025-12-22T09:40:32.198Z,1.868,1,600,480x270,1.9766500000000065,964,
2025-12-22T09:40:32.697Z,1.856,1,600,480x270,1.970803999999987,1005,
2025-12-22T09:40:33.202Z,1.833,1,600,480x270,1.9566280000000233,1031,
2025-12-22T09:40:33.698Z,1.849,1,600,480x270,1.9734260000000177,1078,
2025-12-22T09:40:33.774Z,1.801,2,1000,640x360,1.9960419999999885,1072,
2025-12-22T09:40:34.292Z,1.765,2,1000,640x360,1.9666119999999978,1072,
2025-12-22T09:40:35.044Z,1.521,2,1000,640x360,1.9274819999999977,1078,
2025-12-22T09:40:35.941Z,1.163,2,1000,640x360,1.9335360000000605,1045,
2025-12-22T09:40:36.846Z,0.716,2,1000,640x360,1.9192610000000627,971,
2025-12-22T09:40:37.718Z,0.279,2,1000,640x360,1.948174999999992,1058,rebuffer happen
2025-12-22T09:40:37.781Z,0.249,2,1000,640x360,1.9893849999999702,1058,
2025-12-22T09:40:37.855Z,0.281,1,600,480x270,1.9156909999999243,982,
2025-12-22T09:40:38.045Z,0.018,1,600,480x270,1.9198650000000725,982,rebuffer happen
2025-12-22T09:40:38.382Z,0.216,1,600,480x270,2.0138859999999568,982,
2025-12-22T09:40:38.918Z,0.177,1,600,480x270,2.00434000000007,916,
2025-12-22T09:40:39.095Z,0.022,1,600,480x270,2.0271169999999756,929,rebuffer happen
2025-12-22T09:40:39.487Z,0.218,1,600,480x270,2.0920730000000276,929,
2025-12-22T09:40:39.662Z,0.018,1,600,480x270,2.121564000000035,910,rebuffer happen
2025-12-22T09:40:40.022Z,0.217,1,600,480x270,2.1207389999999577,910,
2025-12-22T09:40:40.246Z,0.025,1,600,480x270,2.1013940000000275,870,rebuffer happen
2025-12-22T09:40:40.554Z,0.211,1,600,480x270,2.1967859999999746,870,
2025-12-22T09:40:40.730Z,0.03,1,600,480x270,2.135674999999992,860,rebuffer happen
2025-12-22T09:40:41.018Z,0.285,1,600,480x270,2.20016499999997,860,
2025-12-22T09:40:41.434Z,0.338,1,600,480x270,2.1705310000000964,874,
2025-12-22T09:40:41.527Z,0.252,1,600,480x270,2.1550869999999804,874,rebuffer happen
2025-12-22T09:40:41.885Z,0.396,1,600,480x270,2.1710259999999835,874,
2025-12-22T09:40:42.020Z,0.232,1,600,480x270,2.1015780000000177,870,rebuffer happen
2025-12-22T09:40:42.282Z,0.414,1,600,480x270,2.1196860000000015,870,
2025-12-22T09:40:42.425Z,0.275,1,600,480x270,2.0453370000000177,890,rebuffer happen
2025-12-22T09:40:42.490Z,0.299,1,600,480x270,2.0713949999999386,890,rebuffer happen
2025-12-22T09:40:42.735Z,0.428,1,600,480x270,2.0185109999999895,890,
2025-12-22T09:40:43.184Z,0.457,1,600,480x270,2.0462949999999864,851,
2025-12-22T09:40:43.265Z,0.436,0,200,320x180,2.0501789999999573,831,
2025-12-22T09:40:43.412Z,0.638,0,200,320x180,1.9995280000000548,831,
2025-12-22T09:40:43.573Z,0.968,0,200,320x180,2.0228499999999485,831,
2025-12-22T09:40:43.733Z,1.339,0,200,320x180,1.955016999999998,869,
2025-12-22T09:40:43.938Z,1.636,0,200,320x180,1.948884000000021,869,
2025-12-22T09:40:44.089Z,1.933,0,200,320x180,1.9952880000000732,877,
2025-12-22T09:40:44.330Z,2.212,0,200,320x180,1.935561000000007,877,
2025-12-22T09:40:44.834Z,2.209,0,200,320x180,1.9451799999999366,887,
2025-12-22T09:40:45.399Z,2.186,0,200,320x180,1.959735999999907,893,
2025-12-22T09:40:45.889Z,2.179,0,200,320x180,1.9854109999999991,922,
2025-12-22T09:40:46.335Z,2.222,0,200,320x180,1.9294069999999692,912,
2025-12-22T09:40:46.675Z,1.985,1,600,480x270,1.9963070000000016,917,
2025-12-22T09:40:47.143Z,1.925,1,600,480x270,1.9373880000000554,917,
2025-12-22T09:40:47.578Z,1.958,1,600,480x270,1.9860199999999395,926,
2025-12-22T09:40:48.029Z,2.022,1,600,480x270,1.9278719999999794,914,
2025-12-22T09:40:48.492Z,2.058,1,600,480x270,1.9661990000000742,929,
2025-12-22T09:40:48.975Z,2.064,1,600,480x270,1.9835140000000138,912,
2025-12-22T09:40:49.464Z,2.078,1,600,480x270,1.9941919999999982,939,
2025-12-22T09:40:49.989Z,2.072,1,600,480x270,1.9780629999999064,934,
2025-12-22T09:40:50.495Z,2.025,1,600,480x270,1.9677419999999302,947,
2025-12-22T09:40:50.998Z,2.051,1,600,480x270,1.9798499999999422,955,
2025-12-22T09:40:51.543Z,2.024,1,600,480x270,1.9214829999999665,965,
2025-12-22T09:40:52.067Z,1.984,1,600,480x270,1.9907349999999724,970,
2025-12-22T09:40:52.462Z,2.072,1,600,480x270,1.9939699999999903,960,
2025-12-22T09:40:52.974Z,2.075,1,600,480x270,1.9882329999999229,969,
2025-12-22T09:40:53.525Z,2.025,1,600,480x270,1.927116000000069,969,
2025-12-22T09:40:54.024Z,2.026,1,600,480x270,1.9404230000000098,973,
2025-12-22T09:40:54.522Z,2.015,1,600,480x270,1.9338689999999588,968,
2025-12-22T09:40:54.989Z,2.077,1,600,480x270,1.9798510000000533,979,
2025-12-22T09:40:55.486Z,2.052,1,600,480x270,1.9710760000000391,978,
2025-12-22T09:40:56.010Z,2.038,1,600,480x270,1.9450130000000172,981,
2025-12-22T09:40:56.520Z,2.024,1,600,480x270,1.9359339999999747,980,
2025-12-22T09:40:57.019Z,2.035,1,600,480x270,1.9387770000000728,991,
2025-12-22T09:40:57.535Z,2.016,1,600,480x270,1.9183229999999867,979,
2025-12-22T09:40:58.029Z,2.031,1,600,480x270,1.9377600000000257,988,
2025-12-22T09:40:58.541Z,1.988,1,600,480x270,1.9127240000000256,991,
2025-12-22T09:40:59.019Z,2.04,1,600,480x270,1.9600309999999581,987,
2025-12-22T09:40:59.531Z,2.016,1,600,480x270,1.9289620000000696,993,
2025-12-22T09:41:00.057Z,2.015,1,600,480x270,2.019651999999951,994,
2025-12-22T09:41:00.596Z,1.959,1,600,480x270,1.96573699999999,1001,
2025-12-22T09:41:01.117Z,1.941,1,600,480x270,1.9439169999999422,1011,
2025-12-22T09:41:01.595Z,1.951,1,600,480x270,1.9567560000000412,1023,
2025-12-22T09:41:01.677Z,1.954,2,1000,640x360,1.9925339999999778,1033,
2025-12-22T09:41:02.205Z,1.84,2,1000,640x360,1.9610139999999774,1033,
2025-12-22T09:41:02.733Z,1.831,2,1000,640x360,1.9398660000000518,1047,
2025-12-22T09:41:03.272Z,1.787,2,1000,640x360,1.9936830000000327,1050,
2025-12-22T09:41:03.777Z,1.791,2,1000,640x360,1.9985400000000482,1071,
2025-12-22T09:41:04.328Z,1.724,2,1000,640x360,1.9351430000000391,1076,
2025-12-22T09:41:04.847Z,1.698,2,1000,640x360,1.9129110000000082,1078,
2025-12-22T09:41:05.377Z,1.655,2,1000,640x360,1.987818999999945,1094,
2025-12-22T09:41:05.923Z,1.65,2,1000,640x360,1.948857999999973,1097,
2025-12-22T09:41:06.447Z,1.607,2,1000,640x360,1.9074550000000272,1101,
2025-12-22T09:41:06.951Z,1.617,2,1000,640x360,1.9127869999999803,1103,
2025-12-22T09:41:07.486Z,1.546,2,1000,640x360,1.9773899999999003,1119,
2025-12-22T09:41:07.997Z,1.587,2,1000,640x360,1.9801640000000589,1129,
2025-12-22T09:41:08.522Z,1.548,2,1000,640x360,1.934351000000106,1132,
2025-12-22T09:41:09.026Z,1.517,2,1000,640x360,1.929422000000045,1134,
2025-12-22T09:41:09.544Z,1.509,2,1000,640x360,1.9090660000000526,1139,
2025-12-22T09:41:10.060Z,1.478,2,1000,640x360,1.9980580000000145,1134,
2025-12-22T09:41:10.562Z,1.48,2,1000,640x360,1.9978740000000244,1137,
2025-12-22T09:41:11.080Z,1.481,2,1000,640x360,1.9884309999999914,1172,
2025-12-22T09:41:11.601Z,1.45,2,1000,640x360,1.9607859999999846,1169,
2025-12-22T09:41:12.127Z,1.43,2,1000,640x360,1.9391370000000734,1219,
2025-12-22T09:41:12.653Z,1.39,2,1000,640x360,2.0019340000000057,1203,
2025-12-22T09:41:13.171Z,1.384,2,1000,640x360,1.9847809999999981,1206,
2025-12-22T09:41:13.879Z,1.203,2,1000,640x360,1.982454999999959,1212,
2025-12-22T09:41:14.727Z,0.857,2,1000,640x360,1.9409670000000006,1177,
2025-12-22T09:41:14.811Z,0.837,1,600,480x270,1.9571650000000318,1164,
2025-12-22T09:41:15.315Z,0.745,1,600,480x270,1.951620000000048,1164,
2025-12-22T09:41:15.823Z,0.752,1,600,480x270,1.9605320000000575,1101,
2025-12-22T09:41:16.341Z,0.699,1,600,480x270,1.9286640000000261,1081,
2025-12-22T09:41:16.859Z,0.675,1,600,480x270,2.0036589999999705,1024,
2025-12-22T09:41:17.404Z,0.643,1,600,480x270,1.9601059999999961,1003,
2025-12-22T09:41:17.930Z,0.61,1,600,480x270,1.9342940000000226,954,
2025-12-22T09:41:18.443Z,0.58,1,600,480x270,1.9176909999999907,941,
2025-12-22T09:41:18.967Z,0.565,1,600,480x270,2.007429000000002,938,
2025-12-22T09:41:19.494Z,0.559,1,600,480x270,1.9604970000000321,907,
2025-12-22T09:41:20.004Z,0.565,1,600,480x270,1.9779880000000958,901,
2025-12-22T09:41:20.398Z,0.654,1,600,480x270,1.9664490000000114,914,
2025-12-22T09:41:20.790Z,0.762,1,600,480x270,1.9677000000000362,914,
2025-12-22T09:41:21.195Z,0.839,1,600,480x270,1.9608369999999695,944,
2025-12-22T09:41:21.605Z,0.942,1,600,480x270,1.9570830000000115,1021,
2025-12-22T09:41:22.007Z,1.058,1,600,480x270,1.9588220000000547,971,
2025-12-22T09:41:22.371Z,1.163,1,600,480x270,1.9852539999999408,1001,
2025-12-22T09:41:22.775Z,1.296,1,600,480x270,1.9946709999999257,1001,
2025-12-22T09:41:23.169Z,1.368,1,600,480x270,1.9892629999999372,979,
2025-12-22T09:41:23.559Z,1.488,1,600,480x270,1.9972430000000259,985,
2025-12-22T09:41:23.945Z,1.616,1,600,480x270,1.9211700000000747,1003,
2025-12-22T09:41:24.325Z,1.726,1,600,480x270,1.9439219999999295,986,
2025-12-22T09:41:24.720Z,1.834,1,600,480x270,1.9422849999999698,986,
2025-12-22T09:41:25.102Z,1.935,1,600,480x270,1.9587940000000117,1000,
2025-12-22T09:41:25.488Z,2.044,1,600,480x270,1.9705280000000585,1026,
2025-12-22T09:41:25.557Z,2.062,2,1000,640x360,1.9008929999999964,1039,
2025-12-22T09:41:26.211Z,1.837,2,1000,640x360,1.943587999999977,1039,
2025-12-22T09:41:26.857Z,1.673,2,1000,640x360,2.0025880000000598,987,
2025-12-22T09:41:27.518Z,1.534,2,1000,640x360,1.941677000000027,1017,
2025-12-22T09:41:28.185Z,1.374,2,1000,640x360,1.9755340000000388,1067,
2025-12-22T09:41:28.893Z,1.196,2,1000,640x360,1.9710129999999708,1053,
2025-12-22T09:41:29.595Z,0.954,2,1000,640x360,1.9668249999999716,1054,
2025-12-22T09:41:29.671Z,0.94,1,600,480x270,1.9891619999999648,1059,
2025-12-22T09:41:30.084Z,0.951,1,600,480x270,1.9758410000000595,1059,
2025-12-22T09:41:30.530Z,1.023,1,600,480x270,1.923208000000045,1050,
2025-12-22T09:41:30.948Z,1.085,1,600,480x270,1.9185559999999668,1049,
2025-12-22T09:41:31.385Z,1.168,1,600,480x270,1.97219199999995,1021,
2025-12-22T09:41:31.822Z,1.244,1,600,480x270,1.9473839999999427,1021,
2025-12-22T09:41:32.268Z,1.287,1,600,480x270,1.995243999999957,987,
2025-12-22T09:41:32.715Z,1.342,1,600,480x270,1.9527570000000196,1079,
2025-12-22T09:41:33.153Z,1.401,1,600,480x270,2.002014000000031,1040,
2025-12-22T09:41:33.221Z,1.4,2,1000,640x360,1.9338169999999764,1037,
2025-12-22T09:41:33.899Z,1.155,2,1000,640x360,1.9630779999999959,1037,
2025-12-22T09:41:34.651Z,0.923,2,1000,640x360,1.9152390000000423,1050,
2025-12-22T09:41:35.378Z,0.697,2,1000,640x360,1.9811730000000125,1041,
2025-12-22T09:41:36.093Z,0.469,2,1000,640x360,1.969019000000003,1079,
2025-12-22T09:41:36.261Z,0.295,2,1000,640x360,2.003166999999962,1064,rebuffer happen
2025-12-22T09:41:36.886Z,0.213,2,1000,640x360,1.9785930000000462,1064,
2025-12-22T09:41:36.961Z,0.172,1,600,480x270,1.9032020000000784,1093,
2025-12-22T09:41:37.026Z,0.033,1,600,480x270,1.9426539999999477,1093,rebuffer happen
2025-12-22T09:41:37.418Z,0.232,1,600,480x270,2.0502709999999524,1093,
2025-12-22T09:41:37.872Z,0.31,1,600,480x270,2.1097760000000108,1076,
2025-12-22T09:41:38.032Z,0.246,1,600,480x270,2.0529710000000705,1056,rebuffer happen
2025-12-22T09:41:38.179Z,0.3,1,600,480x270,2.1080800000000863,1056,rebuffer happen
2025-12-22T09:41:38.345Z,0.355,1,600,480x270,2.0350819999999885,1056,
2025-12-22T09:41:38.438Z,0.226,1,600,480x270,2.03487599999994,1062,rebuffer happen
2025-12-22T09:41:38.810Z,0.299,1,600,480x270,2.0366160000000946,1062,rebuffer happen
2025-12-22T09:41:38.811Z,0.299,1,600,480x270,2.0349800000000187,1062,
2025-12-22T09:41:38.888Z,0.246,1,600,480x270,2.0512990000000855,1003,rebuffer happen
2025-12-22T09:41:39.184Z,0.287,1,600,480x270,2.0204650000000584,1003,rebuffer happen
2025-12-22T09:41:39.236Z,0.298,1,600,480x270,1.964676000000054,1003,rebuffer happen
2025-12-22T09:41:39.290Z,0.293,1,600,480x270,2.014738999999963,1003,
2025-12-22T09:41:39.413Z,0.176,1,600,480x270,1.9782770000000482,1001,rebuffer happen
2025-12-22T09:41:39.745Z,0.345,1,600,480x270,1.956534999999917,1001,
2025-12-22T09:41:39.873Z,0.273,1,600,480x270,2.008632000000034,1082,rebuffer happen
2025-12-22T09:41:39.933Z,0.277,1,600,480x270,1.9462200000000394,1082,rebuffer happen
2025-12-22T09:41:40.202Z,0.376,1,600,480x270,1.9887610000000677,1082,
2025-12-22T09:41:40.307Z,0.266,1,600,480x270,1.9752690000000257,1023,rebuffer happen
2025-12-22T09:41:40.685Z,0.357,1,600,480x270,1.990617000000043,1023,
2025-12-22T09:41:40.846Z,0.257,1,600,480x270,1.9311309999999366,1001,rebuffer happen
2025-12-22T09:41:41.171Z,0.399,1,600,480x270,1.9952030000000605,1001,
2025-12-22T09:41:41.273Z,0.285,1,600,480x270,1.9894630000000006,1032,rebuffer happen
2025-12-22T09:41:41.606Z,0.455,1,600,480x270,1.950358999999935,1032,
2025-12-22T09:41:42.072Z,0.461,1,600,480x270,1.9943360000000894,1060,
2025-12-22T09:41:42.535Z,0.527,1,600,480x270,1.9292779999999539,1086,
2025-12-22T09:41:42.963Z,0.586,1,600,480x270,2.000870999999961,1068,
2025-12-22T09:41:43.366Z,0.681,1,600,480x270,1.9879260000000158,1074,
2025-12-22T09:41:43.729Z,0.823,1,600,480x270,1.9443199999999479,1074,
2025-12-22T09:41:44.096Z,0.953,1,600,480x270,1.9696480000000065,1077,
2025-12-22T09:41:44.496Z,1.05,1,600,480x270,1.9691689999999653,1115,
2025-12-22T09:41:44.571Z,1.055,2,1000,640x360,1.9849229999999807,1103,
2025-12-22T09:41:45.240Z,0.866,2,1000,640x360,1.918796000000043,1103,
2025-12-22T09:41:45.906Z,0.71,2,1000,640x360,1.9613130000000183,1113,
2025-12-22T09:41:46.508Z,0.557,2,1000,640x360,1.9582060000000183,1111,
2025-12-22T09:41:47.123Z,0.398,2,1000,640x360,1.9358250000000226,1114,
2025-12-22T09:41:47.339Z,0.245,2,1000,640x360,1.9135499999999865,1113,rebuffer happen
2025-12-22T09:41:47.654Z,0.299,2,1000,640x360,2.0014639999999417,1113,rebuffer happen
2025-12-22T09:41:47.735Z,0.326,2,1000,640x360,1.920349999999985,1113,
2025-12-22T09:41:47.913Z,0.14,2,1000,640x360,1.9472349999999778,1103,rebuffer happen
2025-12-22T09:41:48.335Z,0.225,2,1000,640x360,1.932186999999999,1103,
2025-12-22T09:41:48.419Z,0.207,1,600,480x270,1.9337010000000419,1156,
2025-12-22T09:41:48.519Z,0.033,1,600,480x270,1.934989000000087,1156,rebuffer happen
2025-12-22T09:41:48.777Z,0.355,1,600,480x270,2.0767680000000155,1156,
2025-12-22T09:41:48.957Z,0.23,1,600,480x270,2.068971999999917,1133,rebuffer happen
2025-12-22T09:41:49.148Z,0.451,1,600,480x270,1.964507000000026,1133,
2025-12-22T09:41:49.515Z,0.562,1,600,480x270,1.9675970000000689,1130,
2025-12-22T09:41:49.879Z,0.684,1,600,480x270,1.9957950000000437,1142,
2025-12-22T09:41:50.245Z,0.808,1,600,480x270,1.9185160000000678,1142,
2025-12-22T09:41:50.607Z,0.942,1,600,480x270,1.9502239999999347,1143,
2025-12-22T09:41:50.971Z,1.079,1,600,480x270,1.9954239999999572,1142,
2025-12-22T09:41:51.336Z,1.211,1,600,480x270,1.9193380000000388,1145,
2025-12-22T09:41:51.708Z,1.339,1,600,480x270,1.946309000000042,1145,
2025-12-22T09:41:52.067Z,1.48,1,600,480x270,1.9995499999999993,1142,
2025-12-22T09:41:52.142Z,1.485,2,1000,640x360,1.9242550000000165,1143,
2025-12-22T09:41:52.733Z,1.335,2,1000,640x360,1.9345559999999296,1143,
2025-12-22T09:41:53.366Z,1.192,2,1000,640x360,2.001323999999954,1142,
2025-12-22T09:41:54.242Z,0.863,2,1000,640x360,1.9193860000000313,1189,
2025-12-22T09:41:55.091Z,0.488,2,1000,640x360,1.972317999999973,1149,
2025-12-22T09:41:55.415Z,0.204,2,1000,640x360,1.9426440000000866,1063,rebuffer happen
2025-12-22T09:41:55.943Z,0.136,2,1000,640x360,1.920423000000028,1063,
2025-12-22T09:41:56.015Z,0.08,1,600,480x270,1.942837999999938,1129,
2025-12-22T09:41:56.025Z,0.028,1,600,480x270,1.9332569999999123,1129,rebuffer happen
2025-12-22T09:41:56.521Z,0.269,1,600,480x270,2.169475000000034,1129,
2025-12-22T09:41:56.759Z,0.035,1,600,480x270,2.23605299999997,1053,rebuffer happen
2025-12-22T09:41:57.036Z,0.27,1,600,480x270,2.1921899999999823,1053,
2025-12-22T09:41:57.560Z,0.269,1,600,480x270,2.270758999999998,1020,
2025-12-22T09:41:57.810Z,0.032,1,600,480x270,2.244662999999946,1009,rebuffer happen
2025-12-22T09:41:58.091Z,0.266,1,600,480x270,2.2911210000000892,1009,
2025-12-22T09:41:58.377Z,0.031,1,600,480x270,2.3043930000000046,982,rebuffer happen
2025-12-22T09:41:58.639Z,0.245,1,600,480x270,2.2697580000000244,982,
2025-12-22T09:41:58.878Z,0.022,1,600,480x270,2.3290339999999787,962,rebuffer happen
2025-12-22T09:41:59.151Z,0.251,1,600,480x270,2.2870120000000043,962,
2025-12-22T09:41:59.679Z,0.267,1,600,480x270,2.351835000000051,968,
2025-12-22T09:41:59.760Z,0.247,0,200,320x180,2.2705000000000837,971,
2025-12-22T09:41:59.922Z,0.503,0,200,320x180,2.3102720000000545,971,
2025-12-22T09:42:00.074Z,0.759,0,200,320x180,2.3069000000000415,971,
2025-12-22T09:42:00.225Z,1.019,0,200,320x180,2.212368999999967,946,
2025-12-22T09:42:00.384Z,1.313,0,200,320x180,2.195426999999995,946,
2025-12-22T09:42:00.545Z,1.677,0,200,320x180,2.103597000000036,946,
2025-12-22T09:42:00.714Z,2.001,0,200,320x180,2.1297230000000127,917,
2025-12-22T09:42:00.876Z,2.27,0,200,320x180,2.1205099999999675,917,
2025-12-22T09:42:01.331Z,2.294,0,200,320x180,1.9995270000000573,943,
2025-12-22T09:42:01.835Z,2.254,0,200,320x180,1.9913750000000618,945,
2025-12-22T09:42:02.352Z,2.175,0,200,320x180,1.9371459999999843,955,
2025-12-22T09:42:02.857Z,2.24,0,200,320x180,2.0124289999999974,961,
2025-12-22T09:42:03.156Z,1.929,1,600,480x270,1.9061040000000276,951,
2025-12-22T09:42:03.586Z,1.961,1,600,480x270,1.9628000000000156,951,
2025-12-22T09:42:04.010Z,2.038,1,600,480x270,1.9454000000000633,970,
2025-12-22T09:42:04.502Z,2.032,1,600,480x270,1.9519930000000159,981,
2025-12-22T09:42:05.009Z,2.036,1,600,480x270,1.9536600000000135,1001,
2025-12-22T09:42:05.506Z,2.028,1,600,480x270,1.9454469999999446,1007,
2025-12-22T09:42:06.010Z,2.036,1,600,480x270,1.96392400000002,998,
2025-12-22T09:42:06.505Z,2.031,1,600,480x270,1.9538789999999153,1040,
2025-12-22T09:42:06.930Z,2.124,1,600,480x270,1.946282999999994,1014,
2025-12-22T09:42:07.004Z,2.143,2,1000,640x360,1.9764079999999922,1014,
2025-12-22T09:42:07.626Z,1.921,2,1000,640x360,1.9361310000000458,1059,
2025-12-22T09:42:08.144Z,1.9,2,1000,640x360,1.9110170000000153,1044,
2025-12-22T09:42:08.676Z,1.87,2,1000,640x360,1.9943460000000641,1052,
2025-12-22T09:42:09.205Z,1.84,2,1000,640x360,1.9574600000000828,1055,
2025-12-22T09:42:09.712Z,1.84,2,1000,640x360,1.9540459999999484,1059,
2025-12-22T09:42:10.200Z,1.851,2,1000,640x360,1.9607969999999568,1062,
2025-12-22T09:42:10.656Z,1.89,2,1000,640x360,2.0045750000000453,1062,
2025-12-22T09:42:11.079Z,1.981,2,1000,640x360,1.9901889999999867,1058,
2025-12-22T09:42:11.589Z,1.932,2,1000,640x360,1.9650879999999233,1080,
2025-12-22T09:42:12.091Z,1.969,2,1000,640x360,1.9779949999999644,1075,
2025-12-22T09:42:12.596Z,1.958,2,1000,640x360,1.96358500000008,1096,
2025-12-22T09:42:13.048Z,1.998,2,1000,640x360,1.9075090000000046,1099,
2025-12-22T09:42:13.514Z,2.029,2,1000,640x360,1.9505390000000489,1107,
2025-12-22T09:42:13.875Z,2.167,2,1000,640x360,1.9915130000000545,1115,
2025-12-22T09:42:14.347Z,2.196,2,1000,640x360,1.9163919999999735,1115,
2025-12-22T09:42:14.848Z,2.203,2,1000,640x360,1.9273909999999432,1119,
2025-12-22T09:42:15.473Z,2.068,2,1000,640x360,1.986532000000011,1115,
2025-12-22T09:42:15.892Z,2.145,2,1000,640x360,1.9684439999999768,1113,
2025-12-22T09:42:16.503Z,2.031,2,1000,640x360,1.9492370000000392,1115,
2025-12-22T09:42:16.971Z,2.032,2,1000,640x360,1.9842360000000099,1114,
2025-12-22T09:42:17.578Z,1.958,2,1000,640x360,1.9792459999999892,1116,
2025-12-22T09:42:18.026Z,2.016,2,1000,640x360,1.9399920000000748,1106,
2025-12-22T09:42:18.403Z,2.001,2,1000,640x360,1.9528149999999869,1112,
2025-12-22T09:42:18.900Z,2.019,2,1000,640x360,1.9684630000000425,1108,
2025-12-22T09:42:19.412Z,2.128,2,1000,640x360,1.9451840000000402,1107,
2025-12-22T09:42:19.900Z,2.03,2,1000,640x360,1.9800430000000233,1102,
2025-12-22T09:42:20.357Z,2.086,2,1000,640x360,2.0101549999999406,1103,
2025-12-22T09:42:20.851Z,2.122,2,1000,640x360,1.9152789999999413,1126,
2025-12-22T09:42:21.584Z,1.947,2,1000,640x360,1.9763249999999744,1134,
2025-12-22T09:42:21.851Z,2.203,2,1000,640x360,1.9187870000000657,1157,
2025-12-22T09:42:22.918Z,1.715,2,1000,640x360,1.9661250000000337,1145,
2025-12-22T09:42:23.676Z,1.44,2,1000,640x360,1.9940209999999752,1126,
2025-12-22T09:42:24.228Z,1.312,2,1000,640x360,1.941500000000019,1136,
2025-12-22T09:42:24.817Z,1.262,2,1000,640x360,1.9486380000000736,1128,
2025-12-22T09:42:25.422Z,1.15,2,1000,640x360,1.9427459999999428,1126,
2025-12-22T09:42:26.029Z,1.033,2,1000,640x360,1.9357449999999972,1134,
2025-12-22T09:42:26.613Z,0.955,2,1000,640x360,1.949630999999954,1135,
2025-12-22T09:42:26.685Z,0.938,1,600,480x270,1.9816879999999628,1139,
2025-12-22T09:42:27.022Z,1.035,1,600,480x270,1.9536650000000009,1139,
2025-12-22T09:42:27.360Z,1.189,1,600,480x270,2.0046619999999393,1168,
2025-12-22T09:42:27.653Z,1.394,1,600,480x270,1.9073880000000827,1168,
2025-12-22T09:42:27.959Z,1.593,1,600,480x270,2.018016999999986,1159,
2025-12-22T09:42:28.279Z,1.777,1,600,480x270,1.9833380000000034,1153,
2025-12-22T09:42:28.597Z,1.96,1,600,480x270,1.9661569999999529,1153,
2025-12-22T09:42:29.861Z,1.262,1,600,480x270,2.006689999999935,1172,
2025-12-22T09:42:30.225Z,1.322,1,600,480x270,1.934660000000008,1171,
2025-12-22T09:42:30.308Z,1.328,2,1000,640x360,1.946837999999957,1174,
2025-12-22T09:42:31.021Z,1.047,2,1000,640x360,1.957279000000085,1174,
2025-12-22T09:42:31.577Z,0.96,2,1000,640x360,1.9794789999999693,1170,
2025-12-22T09:42:32.148Z,0.916,2,1000,640x360,1.9315679999999702,1222,
2025-12-22T09:42:32.689Z,0.856,2,1000,640x360,1.9651679999999487,1264,
2025-12-22T09:42:33.250Z,0.807,2,1000,640x360,1.9089699999999539,1228,
2025-12-22T09:42:33.820Z,0.755,2,1000,640x360,1.9431440000000748,1246,
2025-12-22T09:42:33.893Z,0.737,1,600,480x270,1.9693129999999428,1234,
2025-12-22T09:42:34.226Z,0.814,1,600,480x270,1.9325700000000552,1234,
2025-12-22T09:42:34.565Z,0.979,1,600,480x270,1.994589000000019,1237,
2025-12-22T09:42:34.911Z,1.158,1,600,480x270,1.9549550000000409,1237,
2025-12-22T09:42:35.236Z,1.302,1,600,480x270,1.9294700000000375,1237,
2025-12-22T09:42:35.579Z,1.465,1,600,480x270,1.9733699999999317,1231,
2025-12-22T09:42:35.921Z,1.641,1,600,480x270,1.957437999999911,1233,
2025-12-22T09:42:36.281Z,1.773,1,600,480x270,1.9807220000000143,1233,
2025-12-22T09:42:36.612Z,1.925,1,600,480x270,1.9422889999999597,1234,
2025-12-22T09:42:36.991Z,2.087,1,600,480x270,1.97324500000002,1240,
2025-12-22T09:42:37.417Z,2.126,1,600,480x270,1.9370820000000322,1245,
2025-12-22T09:42:37.487Z,2.134,2,1000,640x360,1.9722090000000208,1245,
2025-12-22T09:42:37.930Z,2.128,2,1000,640x360,1.9286180000000286,1251,
2025-12-22T09:42:38.783Z,1.337,2,1000,640x360,1.984642000000008,1230,
2025-12-22T09:42:40.057Z,0.108,2,1000,640x360,2.0133140000000367,944,rebuffer happen
2025-12-22T09:42:40.146Z,0.018,2,1000,640x360,1.9236569999999347,944,rebuffer happen
2025-12-22T09:42:40.837Z,0.018,2,1000,640x360,2.619656999999961,944,