timestamp,bufferLevel,qualityIndex,bitrateKbps,resolution,liveLatency,predictedKbps,rebuffer
2025-12-22T11:51:39.110Z,0,2,1000,640x360,0.875,,
2025-12-22T11:51:39.112Z,0,2,1000,640x360,0.875,,rebuffer happen
2025-12-22T11:51:39.136Z,0.1,2,1000,640x360,0.874604,,rebuffer happen
2025-12-22T11:51:39.265Z,0.018,2,1000,640x360,0.9388730000000001,,rebuffer happen
2025-12-22T11:51:39.381Z,0.02,2,1000,640x360,0.974832,,rebuffer happen
2025-12-22T11:51:39.448Z,0.025,2,1000,640x360,1.046573,,rebuffer happen
2025-12-22T11:51:39.665Z,0.099,2,1000,640x360,1.0530190000000001,,
2025-12-22T11:51:39.776Z,0.098,0,200,320x180,0.979423,853,
2025-12-22T11:51:39.777Z,0.024,0,200,320x180,1.141423,853,rebuffer happen
2025-12-22T11:51:39.916Z,0.489,0,200,320x180,1.2457559999999999,853,
2025-12-22T11:51:40.085Z,0.834,0,200,320x180,1.2070509999999999,953,
2025-12-22T11:51:40.234Z,1.236,0,200,320x180,1.3051720000000002,954,
2025-12-22T11:51:40.451Z,1.63,0,200,320x180,1.390933,908,
2025-12-22T11:51:40.933Z,1.866,0,200,320x180,1.615746,908,
2025-12-22T11:51:41.426Z,2.033,0,200,320x180,1.7774329999999998,891,
2025-12-22T11:51:41.975Z,2.069,0,200,320x180,1.84923,914,
2025-12-22T11:51:42.464Z,2.149,0,200,320x180,1.9103029999999999,927,
2025-12-22T11:51:43.359Z,1.783,0,200,320x180,1.9650839999999996,937,
2025-12-22T11:51:43.431Z,1.753,1,600,480x270,1.987457,912,
2025-12-22T11:51:43.841Z,1.802,1,600,480x270,1.9720489999999997,912,
2025-12-22T11:51:44.289Z,1.847,1,600,480x270,1.9380609999999994,904,
2025-12-22T11:51:44.753Z,1.909,1,600,480x270,1.9657410000000004,937,
2025-12-22T11:51:45.176Z,1.975,1,600,480x270,1.949388,940,
2025-12-22T11:51:45.624Z,2.023,1,600,480x270,1.9971950000000005,945,
2025-12-22T11:51:46.133Z,2.029,1,600,480x270,1.9981549999999997,948,
2025-12-22T11:51:46.673Z,1.955,1,600,480x270,1.9516560000000007,963,
2025-12-22T11:51:47.111Z,2.039,1,600,480x270,1.911589000000001,963,
2025-12-22T11:51:47.666Z,2.017,1,600,480x270,1.9550549999999998,971,
2025-12-22T11:51:48.125Z,2.028,1,600,480x270,2.003525,997,
2025-12-22T11:51:48.650Z,1.996,1,600,480x270,1.9771040000000006,1001,
2025-12-22T11:51:49.145Z,2.012,1,600,480x270,1.9775539999999996,1016,
2025-12-22T11:51:49.641Z,2.007,1,600,480x270,1.9784310000000005,1025,
2025-12-22T11:51:50.129Z,2.033,1,600,480x270,1.992014000000001,1020,
2025-12-22T11:51:50.628Z,2.018,1,600,480x270,1.989535,1022,
2025-12-22T11:51:51.141Z,2.005,1,600,480x270,1.9795619999999996,1019,
2025-12-22T11:51:51.617Z,2.03,1,600,480x270,2.0053970000000003,1015,
2025-12-22T11:51:52.076Z,2.073,1,600,480x270,1.946662,1017,
2025-12-22T11:51:52.584Z,2.063,1,600,480x270,1.9366230000000009,1021,
2025-12-22T11:51:52.652Z,2.075,2,1000,640x360,1.9701429999999984,1031,
2025-12-22T11:51:53.334Z,1.815,2,1000,640x360,1.9931470000000004,1031,
2025-12-22T11:51:54.008Z,1.663,2,1000,640x360,1.9042519999999996,1003,
2025-12-22T11:51:54.663Z,1.486,2,1000,640x360,1.9509350000000012,997,
2025-12-22T11:51:55.463Z,1.194,2,1000,640x360,1.9652840000000023,1007,
2025-12-22T11:51:56.032Z,1.152,2,1000,640x360,1.9806469999999994,1001,
2025-12-22T11:51:56.642Z,1.036,2,1000,640x360,1.991223999999999,1071,
2025-12-22T11:51:57.271Z,0.891,2,1000,640x360,1.9528730000000003,1044,
2025-12-22T11:51:57.353Z,0.853,1,600,480x270,1.9785970000000006,1055,
2025-12-22T11:51:57.741Z,0.917,1,600,480x270,1.9751420000000017,1055,
2025-12-22T11:51:58.135Z,1.021,1,600,480x270,1.987451,1053,
2025-12-22T11:51:58.530Z,1.126,1,600,480x270,1.9899109999999993,1053,
2025-12-22T11:51:58.922Z,1.234,1,600,480x270,1.9925229999999985,1029,
2025-12-22T11:51:59.297Z,1.363,1,600,480x270,1.9229839999999996,997,
2025-12-22T11:51:59.540Z,1.603,1,600,480x270,1.9909379999999999,1015,
2025-12-22T11:51:59.782Z,1.86,1,600,480x270,1.939791999999997,1015,
2025-12-22T11:52:00.069Z,2.068,1,600,480x270,1.950324000000002,1016,
2025-12-22T11:52:00.582Z,2.136,1,600,480x270,1.9405649999999994,1036,
2025-12-22T11:52:00.751Z,2.076,2,1000,640x360,1.9728290000000008,1050,
2025-12-22T11:52:01.279Z,1.88,2,1000,640x360,1.9415499999999994,1050,
2025-12-22T11:52:01.783Z,1.857,2,1000,640x360,1.946206,1037,
2025-12-22T11:52:02.306Z,1.843,2,1000,640x360,1.9140820000000005,1055,
2025-12-22T11:52:02.978Z,1.673,2,1000,640x360,1.9357919999999993,1058,
2025-12-22T11:52:03.760Z,1.406,2,1000,640x360,1.9556439999999995,1067,
2025-12-22T11:52:04.336Z,1.334,2,1000,640x360,1.9879130000000025,1082,
2025-12-22T11:52:04.740Z,1.414,2,1000,640x360,1.9798299999999998,1129,
2025-12-22T11:52:05.151Z,1.492,2,1000,640x360,1.9696219999999975,1114,
2025-12-22T11:52:05.587Z,1.555,2,1000,640x360,1.9416019999999996,1114,
2025-12-22T11:52:06.882Z,0.759,2,1000,640x360,1.9418819999999997,1128,
2025-12-22T11:52:06.960Z,0.776,1,600,480x270,1.956820999999998,1132,
2025-12-22T11:52:07.443Z,0.7,1,600,480x270,1.9750429999999994,1132,
2025-12-22T11:52:07.875Z,0.768,1,600,480x270,1.9421309999999998,1119,
2025-12-22T11:52:08.278Z,0.88,1,600,480x270,1.9402599999999985,1120,
2025-12-22T11:52:08.645Z,0.997,1,600,480x270,1.968949000000002,1124,
2025-12-22T11:52:09.056Z,1.1,1,600,480x270,1.9625309999999985,1124,
2025-12-22T11:52:09.466Z,1.199,1,600,480x270,1.9594710000000006,1126,
2025-12-22T11:52:09.880Z,1.282,1,600,480x270,1.9368109999999987,1122,
2025-12-22T11:52:10.280Z,1.361,1,600,480x270,1.9583089999999963,1111,
2025-12-22T11:52:10.709Z,1.443,1,600,480x270,1.9150740000000006,1114,
2025-12-22T11:52:10.786Z,1.46,2,1000,640x360,1.9458710000000004,1108,
2025-12-22T11:52:11.446Z,1.228,2,1000,640x360,1.9689769999999989,1108,
2025-12-22T11:52:12.120Z,1.052,2,1000,640x360,2.0001689999999996,1109,
2025-12-22T11:52:12.794Z,0.877,2,1000,640x360,1.9239710000000017,1100,
2025-12-22T11:52:13.395Z,0.78,2,1000,640x360,1.9302829999999958,1102,
2025-12-22T11:52:13.909Z,0.757,2,1000,640x360,1.9151139999999955,1163,
2025-12-22T11:52:14.424Z,0.758,2,1000,640x360,2.0189319999999995,1153,
2025-12-22T11:52:14.503Z,0.754,1,600,480x270,1.937424,1160,
2025-12-22T11:52:14.824Z,0.82,1,600,480x270,1.9996189999999956,1160,
2025-12-22T11:52:15.152Z,1.014,1,600,480x270,1.9701359999999966,1165,
2025-12-22T11:52:15.466Z,1.177,1,600,480x270,1.9495739999999984,1165,
2025-12-22T11:52:15.768Z,1.369,1,600,480x270,1.9505089999999967,1190,
2025-12-22T11:52:16.079Z,1.534,1,600,480x270,1.9314469999999986,1183,
2025-12-22T11:52:16.395Z,1.756,1,600,480x270,1.927866999999999,1183,
2025-12-22T11:52:16.727Z,1.923,1,600,480x270,1.9860499999999988,1199,
2025-12-22T11:52:17.043Z,2.096,1,600,480x270,1.9731039999999993,1188,
2025-12-22T11:52:17.510Z,2.146,1,600,480x270,1.909714000000001,1193,
2025-12-22T11:52:18.034Z,2.104,1,600,480x270,1.9868640000000042,1210,
2025-12-22T11:52:18.110Z,2.124,2,1000,640x360,1.912427000000001,1210,
2025-12-22T11:52:18.640Z,2.003,2,1000,640x360,1.986032999999999,1207,
2025-12-22T11:52:19.166Z,1.985,2,1000,640x360,1.9516130000000018,1203,
2025-12-22T11:52:19.694Z,1.96,2,1000,640x360,1.9211170000000024,1198,
2025-12-22T11:52:20.314Z,1.84,2,1000,640x360,1.9983520000000041,1200,
2025-12-22T11:52:20.954Z,1.682,2,1000,640x360,1.971295000000005,1162,
2025-12-22T11:52:21.585Z,1.572,2,1000,640x360,1.9308649999999972,1152,
2025-12-22T11:52:22.225Z,1.44,2,1000,640x360,2.013665000000003,1142,
2025-12-22T11:52:22.860Z,1.298,2,1000,640x360,1.9651429999999976,1188,
2025-12-22T11:52:23.493Z,1.179,2,1000,640x360,1.9498510000000024,1187,
2025-12-22T11:52:24.128Z,1.056,2,1000,640x360,2.0054560000000023,1166,
2025-12-22T11:52:24.757Z,0.878,2,1000,640x360,1.9644340000000042,1135,
2025-12-22T11:52:24.840Z,0.904,1,600,480x270,1.9734130000000007,1141,
2025-12-22T11:52:25.224Z,0.92,1,600,480x270,1.9966399999999993,1141,
2025-12-22T11:52:25.599Z,1.058,1,600,480x270,1.9159679999999994,1136,
2025-12-22T11:52:25.989Z,1.181,1,600,480x270,1.9270040000000037,1136,
2025-12-22T11:52:26.395Z,1.272,1,600,480x270,1.9359979999999979,1100,
2025-12-22T11:52:26.791Z,1.393,1,600,480x270,1.9273839999999964,1202,
2025-12-22T11:52:27.122Z,1.516,1,600,480x270,1.9985970000000037,1160,
2025-12-22T11:52:27.450Z,1.688,1,600,480x270,1.962496999999999,1160,
2025-12-22T11:52:27.792Z,1.86,1,600,480x270,1.9211840000000038,1186,
2025-12-22T11:52:28.127Z,2.016,1,600,480x270,1.9914419999999993,1212,
2025-12-22T11:52:28.234Z,2.037,2,1000,640x360,1.9928950000000043,1212,
2025-12-22T11:52:28.784Z,1.863,2,1000,640x360,1.9352109999999954,1212,
2025-12-22T11:52:29.334Z,1.822,2,1000,640x360,1.9962760000000017,1205,
2025-12-22T11:52:29.951Z,1.701,2,1000,640x360,1.966197000000001,1188,
2025-12-22T11:52:30.516Z,1.658,2,1000,640x360,2.008073000000003,1187,
2025-12-22T11:52:31.188Z,1.463,2,1000,640x360,1.924469000000002,1192,
2025-12-22T11:52:31.712Z,1.465,2,1000,640x360,1.9068830000000005,1175,
2025-12-22T11:52:32.255Z,1.401,2,1000,640x360,1.970725999999999,1162,
2025-12-22T11:52:32.832Z,1.347,2,1000,640x360,1.9926919999999981,1217,
2025-12-22T11:52:33.378Z,1.303,2,1000,640x360,1.947816000000003,1241,
2025-12-22T11:52:33.972Z,1.194,2,1000,640x360,1.943677000000001,1222,
2025-12-22T11:52:34.583Z,1.061,2,1000,640x360,1.9466099999999997,1217,
2025-12-22T11:52:35.182Z,0.978,2,1000,640x360,1.9496249999999975,1214,
2025-12-22T11:52:35.260Z,0.986,1,600,480x270,1.9723809999999986,1217,
2025-12-22T11:52:35.596Z,1.062,1,600,480x270,1.9311840000000018,1217,
2025-12-22T11:52:35.990Z,1.135,1,600,480x270,1.9358859999999964,1217,
2025-12-22T11:52:36.349Z,1.296,1,600,480x270,1.9834180000000003,1198,
2025-12-22T11:52:36.742Z,1.413,1,600,480x270,1.973747000000003,1208,
2025-12-22T11:52:37.106Z,1.546,1,600,480x270,1.9184629999999956,1201,
2025-12-22T11:52:37.454Z,1.688,1,600,480x270,1.9684179999999998,1201,
2025-12-22T11:52:37.820Z,1.836,1,600,480x270,1.9998620000000003,1175,
2025-12-22T11:52:38.193Z,1.955,1,600,480x270,1.9363859999999988,1179,
2025-12-22T11:52:38.572Z,2.061,1,600,480x270,1.9517789999999948,1193,
2025-12-22T11:52:38.659Z,2.094,2,1000,640x360,1.9634459999999976,1193,
2025-12-22T11:52:39.086Z,2.053,2,1000,640x360,1.9335790000000017,1197,
2025-12-22T11:52:39.563Z,2.056,2,1000,640x360,1.9647289999999984,1205,
2025-12-22T11:52:40.212Z,1.945,2,1000,640x360,1.9068530000000052,1202,
2025-12-22T11:52:41.078Z,1.588,2,1000,640x360,1.9364729999999994,1203,
2025-12-22T11:52:42.010Z,1.149,2,1000,640x360,1.9099900000000005,1101,
2025-12-22T11:52:42.840Z,0.808,2,1000,640x360,1.980553999999998,1056,
2025-12-22T11:52:42.907Z,0.82,1,600,480x270,1.9129279999999937,1017,
2025-12-22T11:52:43.326Z,0.806,1,600,480x270,2.017056999999994,1017,
2025-12-22T11:52:43.767Z,0.854,1,600,480x270,1.953154000000005,992,
2025-12-22T11:52:44.263Z,0.905,1,600,480x270,1.964027999999999,982,
2025-12-22T11:52:45.120Z,0.544,1,600,480x270,2.0021989999999903,949,
2025-12-22T11:52:45.435Z,0.225,1,600,480x270,1.9854350000000096,1084,rebuffer happen
2025-12-22T11:52:45.790Z,0.358,1,600,480x270,1.9271659999999997,1084,
2025-12-22T11:52:45.954Z,0.206,1,600,480x270,1.961211999999989,976,rebuffer happen
2025-12-22T11:52:46.382Z,0.278,1,600,480x270,1.9608690000000024,976,
2025-12-22T11:52:46.731Z,0.436,1,600,480x270,2.0022699999999958,1057,
2025-12-22T11:52:46.925Z,0.281,1,600,480x270,2.005167,1063,rebuffer happen
2025-12-22T11:52:47.123Z,0.549,1,600,480x270,2.0100130000000007,1063,
2025-12-22T11:52:47.442Z,0.722,1,600,480x270,1.9985149999999976,1063,
2025-12-22T11:52:47.893Z,0.723,1,600,480x270,1.9348690000000062,1086,
2025-12-22T11:52:48.216Z,0.919,1,600,480x270,2.0066929999999985,1109,
2025-12-22T11:52:48.504Z,1.15,1,600,480x270,1.9137470000000008,1139,
2025-12-22T11:52:48.580Z,1.159,2,1000,640x360,1.943829000000008,1139,
2025-12-22T11:52:49.061Z,1.099,2,1000,640x360,1.9597689999999943,1139,
2025-12-22T11:52:49.556Z,1.097,2,1000,640x360,1.968435999999997,1155,
2025-12-22T11:52:50.062Z,1.098,2,1000,640x360,1.949854000000002,1159,
2025-12-22T11:52:50.573Z,1.096,2,1000,640x360,1.9475269999999938,1165,
2025-12-22T11:52:51.072Z,1.078,2,1000,640x360,1.9519739999999928,1229,
2025-12-22T11:52:51.487Z,1.188,2,1000,640x360,1.9527190000000019,1211,
2025-12-22T11:52:52.005Z,1.168,2,1000,640x360,1.9087900000000104,1232,
2025-12-22T11:52:52.625Z,1.046,2,1000,640x360,2.0039569999999998,1227,
2025-12-22T11:52:53.197Z,0.974,2,1000,640x360,1.9254479999999887,1244,
2025-12-22T11:52:53.266Z,0.971,1,600,480x270,1.9649029999999925,1251,
2025-12-22T11:52:53.538Z,1.061,1,600,480x270,1.980138999999994,1251,
2025-12-22T11:52:53.831Z,1.275,1,600,480x270,1.985317000000009,1251,
2025-12-22T11:52:54.141Z,1.512,1,600,480x270,1.9795339999999868,1245,
2025-12-22T11:52:54.669Z,1.51,1,600,480x270,1.9551160000000039,1245,
2025-12-22T11:52:54.984Z,1.654,1,600,480x270,1.9371239999999972,1236,
2025-12-22T11:52:55.302Z,1.818,1,600,480x270,1.9279559999999947,1236,
2025-12-22T11:52:55.644Z,2.003,1,600,480x270,1.9773119999999977,1234,
2025-12-22T11:52:56.059Z,2.044,1,600,480x270,1.953269000000006,1246,
2025-12-22T11:52:56.421Z,2.214,1,600,480x270,2.020228000000003,1253,
2025-12-22T11:52:56.684Z,2.092,2,1000,640x360,1.9510530000000017,1253,
2025-12-22T11:52:57.258Z,1.91,2,1000,640x360,1.9628310000000084,1273,
2025-12-22T11:52:57.897Z,1.767,2,1000,640x360,1.922064000000006,1260,
2025-12-22T11:52:58.532Z,1.68,2,1000,640x360,1.9865100000000098,1242,
2025-12-22T11:52:59.026Z,1.637,2,1000,640x360,1.9865860000000026,1201,
2025-12-22T11:52:59.542Z,1.631,2,1000,640x360,1.9879299999999915,1174,
2025-12-22T11:53:00.080Z,1.57,2,1000,640x360,1.9433369999999996,1147,
2025-12-22T11:53:00.626Z,1.563,2,1000,640x360,2.008812000000006,1268,
2025-12-22T11:53:01.145Z,1.497,2,1000,640x360,1.981702999999996,1219,
2025-12-22T11:53:01.655Z,1.497,2,1000,640x360,1.9701780000000042,1235,
2025-12-22T11:53:02.193Z,1.467,2,1000,640x360,1.9362330000000014,1235,
2025-12-22T11:53:02.714Z,1.43,2,1000,640x360,2.003216000000009,1241,
2025-12-22T11:53:03.248Z,1.416,2,1000,640x360,1.9830430000000092,1239,
2025-12-22T11:53:03.654Z,1.517,2,1000,640x360,1.9687649999999906,1249,
2025-12-22T11:53:04.131Z,1.533,2,1000,640x360,1.9877619999999894,1249,
2025-12-22T11:53:04.579Z,1.573,2,1000,640x360,1.9531690000000026,1241,
2025-12-22T11:53:05.012Z,1.652,2,1000,640x360,1.914939000000004,1236,
2025-12-22T11:53:05.500Z,1.638,2,1000,640x360,1.9273150000000072,1231,
2025-12-22T11:53:06.042Z,1.608,2,1000,640x360,1.9717489999999884,1247,
2025-12-22T11:53:06.558Z,1.623,2,1000,640x360,1.9574889999999954,1295,
2025-12-22T11:53:07.117Z,1.558,2,1000,640x360,2.0029229999999956,1280,
2025-12-22T11:53:07.745Z,1.431,2,1000,640x360,1.9724230000000063,1260,
2025-12-22T11:53:08.361Z,1.301,2,1000,640x360,1.961432000000002,1254,
2025-12-22T11:53:08.986Z,1.153,2,1000,640x360,1.928022999999996,1230,
2025-12-22T11:53:09.596Z,1.055,2,1000,640x360,1.9272279999999995,1168,
2025-12-22T11:53:10.214Z,0.976,2,1000,640x360,2.0058130000000034,1130,
2025-12-22T11:53:10.287Z,0.889,1,600,480x270,1.9314800000000076,1112,
2025-12-22T11:53:10.670Z,0.972,1,600,480x270,1.950628000000009,1112,
2025-12-22T11:53:11.034Z,1.117,1,600,480x270,1.9784590000000009,1121,
2025-12-22T11:53:11.406Z,1.232,1,600,480x270,1.9189819999999997,1121,
2025-12-22T11:53:11.770Z,1.351,1,600,480x270,1.9521950000000032,1152,
2025-12-22T11:53:12.108Z,1.542,1,600,480x270,1.9177819999999883,1161,
2025-12-22T11:53:12.482Z,1.692,1,600,480x270,1.957065,1161,
2025-12-22T11:53:13.017Z,1.66,1,600,480x270,2.0015530000000012,1134,
2025-12-22T11:53:13.434Z,1.713,1,600,480x270,1.9857720000000114,1111,
2025-12-22T11:53:13.886Z,1.713,1,600,480x270,1.9329570000000018,1097,
2025-12-22T11:53:13.955Z,1.774,2,1000,640x360,1.9700600000000037,1116,
2025-12-22T11:53:14.759Z,1.4,2,1000,640x360,1.9633790000000033,1116,
2025-12-22T11:53:15.301Z,1.382,2,1000,640x360,1.9256299999999982,1058,
2025-12-22T11:53:16.009Z,1.143,2,1000,640x360,1.911997999999997,1041,
2025-12-22T11:53:16.623Z,1.062,2,1000,640x360,2.0013639999999953,1022,
2025-12-22T11:53:17.324Z,0.82,2,1000,640x360,1.999482999999998,1045,
2025-12-22T11:53:17.394Z,0.838,1,600,480x270,1.928404999999998,1025,
2025-12-22T11:53:17.850Z,0.788,1,600,480x270,1.9688450000000017,1025,
2025-12-22T11:53:18.241Z,0.904,1,600,480x270,1.9745160000000084,1018,
2025-12-22T11:53:18.642Z,0.996,1,600,480x270,1.9736900000000048,1024,
2025-12-22T11:53:19.004Z,1.136,1,600,480x270,1.908920000000009,1024,
2025-12-22T11:53:19.359Z,1.3,1,600,480x270,1.9596919999999898,986,
2025-12-22T11:53:19.733Z,1.409,1,600,480x270,1.9887820000000005,999,
2025-12-22T11:53:20.089Z,1.562,1,600,480x270,1.9251509999999996,993,
2025-12-22T11:53:20.450Z,1.715,1,600,480x270,1.9762029999999982,993,
2025-12-22T11:53:20.811Z,1.846,1,600,480x270,1.9080029999999937,1067,
2025-12-22T11:53:20.883Z,1.851,2,1000,640x360,1.9326099999999968,1066,
2025-12-22T11:53:21.454Z,1.692,2,1000,640x360,1.961281999999997,1066,
2025-12-22T11:53:22.026Z,1.628,2,1000,640x360,1.9978129999999936,1089,
2025-12-22T11:53:22.623Z,1.511,2,1000,640x360,1.9924490000000077,1060,
2025-12-22T11:53:23.353Z,1.346,2,1000,640x360,1.966735,1068,
2025-12-22T11:53:23.897Z,1.283,2,1000,640x360,1.9193039999999968,1094,
2025-12-22T11:53:24.445Z,1.215,2,1000,640x360,1.9814250000000015,1107,
2025-12-22T11:53:25.006Z,1.162,2,1000,640x360,1.9067909999999983,1122,
2025-12-22T11:53:25.665Z,1.009,2,1000,640x360,1.9583159999999964,1112,
2025-12-22T11:53:26.214Z,0.941,2,1000,640x360,2.0047930000000065,1124,
2025-12-22T11:53:26.292Z,0.949,1,600,480x270,1.9263130000000075,1126,
2025-12-22T11:53:26.613Z,1.02,1,600,480x270,2.0019579999999877,1126,
2025-12-22T11:53:26.954Z,1.118,1,600,480x270,1.9593289999999968,1126,
2025-12-22T11:53:27.285Z,1.371,1,600,480x270,1.932696000000007,1166,
2025-12-22T11:53:27.513Z,1.64,1,600,480x270,2.0026709999999923,1155,
2025-12-22T11:53:27.766Z,1.886,1,600,480x270,1.951188000000002,1155,
2025-12-22T11:53:28.076Z,2.062,1,600,480x270,1.9355460000000022,1172,
2025-12-22T11:53:28.561Z,2.096,1,600,480x270,1.964461,1170,
2025-12-22T11:53:28.995Z,2.136,1,600,480x270,1.9261920000000003,1160,
2025-12-22T11:53:29.492Z,2.161,1,600,480x270,1.932801000000012,1176,
2025-12-22T11:53:29.701Z,2.152,2,1000,640x360,1.9241579999999914,1176,
2025-12-22T11:53:30.189Z,1.965,2,1000,640x360,1.9312259999999952,1176,
2025-12-22T11:53:30.809Z,1.83,2,1000,640x360,1.905296000000007,1177,
2025-12-22T11:53:31.362Z,1.803,2,1000,640x360,1.9546059999999983,1163,
2025-12-22T11:53:31.912Z,1.739,2,1000,640x360,1.9095410000000044,1156,
2025-12-22T11:53:32.401Z,1.758,2,1000,640x360,1.9186359999999922,1162,
2025-12-22T11:53:33.004Z,1.643,2,1000,640x360,1.9084149999999909,1204,
2025-12-22T11:53:33.508Z,1.663,2,1000,640x360,1.916247999999996,1196,
2025-12-22T11:53:33.995Z,1.654,2,1000,640x360,1.918196000000009,1208,
2025-12-22T11:53:34.659Z,1.489,2,1000,640x360,1.9541819999999888,1195,
2025-12-22T11:53:35.252Z,1.408,2,1000,640x360,1.9673329999999964,1211,
2025-12-22T11:53:35.822Z,1.327,2,1000,640x360,1.9933329999999927,1216,
2025-12-22T11:53:36.416Z,1.249,2,1000,640x360,2.0046820000000025,1207,
2025-12-22T11:53:36.896Z,1.266,2,1000,640x360,1.9193890000000096,1209,
2025-12-22T11:53:37.388Z,1.297,2,1000,640x360,1.9436489999999935,1193,
2025-12-22T11:53:37.876Z,1.276,2,1000,640x360,1.9504459999999995,1204,
2025-12-22T11:53:38.376Z,1.303,2,1000,640x360,1.9606580000000093,1214,
2025-12-22T11:53:38.862Z,1.294,2,1000,640x360,1.956462000000002,1232,
2025-12-22T11:53:39.519Z,1.132,2,1000,640x360,1.9946960000000047,1220,
2025-12-22T11:53:40.245Z,0.906,2,1000,640x360,1.9800199999999961,1208,
2025-12-22T11:53:40.324Z,0.92,1,600,480x270,1.9001169999999945,1196,
2025-12-22T11:53:40.759Z,0.903,1,600,480x270,1.9607910000000004,1196,
2025-12-22T11:53:41.188Z,0.931,1,600,480x270,1.9506530000000026,1130,
2025-12-22T11:53:41.743Z,0.828,1,600,480x270,1.9825809999999962,1133,
2025-12-22T11:53:42.161Z,1.003,1,600,480x270,1.9714310000000097,1052,
2025-12-22T11:53:42.591Z,1.098,1,600,480x270,1.934051999999994,1052,
2025-12-22T11:53:43.049Z,1.129,1,600,480x270,1.9773470000000088,1008,
2025-12-22T11:53:43.438Z,1.209,1,600,480x270,1.9802839999999975,1004,
2025-12-22T11:53:43.866Z,1.312,1,600,480x270,1.950049000000007,983,
2025-12-22T11:53:44.405Z,1.235,1,600,480x270,1.9174079999999947,975,
2025-12-22T11:53:44.841Z,1.314,1,600,480x270,1.9733360000000033,952,
2025-12-22T11:53:45.184Z,1.465,1,600,480x270,1.9410749999999979,936,
2025-12-22T11:53:45.517Z,1.643,1,600,480x270,2.0072970000000083,963,
2025-12-22T11:53:45.897Z,1.757,1,600,480x270,1.9181569999999937,963,
2025-12-22T11:53:46.297Z,1.857,1,600,480x270,1.9444069999999982,953,
2025-12-22T11:53:46.589Z,2.042,1,600,480x270,1.9337610000000183,1002,
2025-12-22T11:53:47.015Z,2.125,1,600,480x270,2.000676999999996,1007,
2025-12-22T11:53:47.086Z,2.101,2,1000,640x360,1.930014,1007,
2025-12-22T11:53:47.731Z,1.909,2,1000,640x360,1.9873599999999954,1039,
2025-12-22T11:53:48.258Z,1.898,2,1000,640x360,1.9573560000000043,1033,
2025-12-22T11:53:48.894Z,1.758,2,1000,640x360,1.9261270000000081,1071,
2025-12-22T11:53:49.558Z,1.614,2,1000,640x360,1.9628040000000055,1032,
2025-12-22T11:53:50.351Z,1.331,2,1000,640x360,1.9907730000000186,1090,
2025-12-22T11:53:50.937Z,1.231,2,1000,640x360,1.9838239999999985,1068,
2025-12-22T11:53:51.529Z,1.139,2,1000,640x360,1.9864010000000007,1148,
2025-12-22T11:53:52.029Z,1.131,2,1000,640x360,1.9838480000000231,1110,
2025-12-22T11:53:52.544Z,1.107,2,1000,640x360,1.976949999999988,1136,
2025-12-22T11:53:53.018Z,1.131,2,1000,640x360,1.99856299999999,1135,
2025-12-22T11:53:53.582Z,1.126,2,1000,640x360,1.9454800000000034,1139,
2025-12-22T11:53:54.056Z,1.104,2,1000,640x360,1.9641739999999857,1157,
2025-12-22T11:53:54.562Z,1.107,2,1000,640x360,1.9633210000000076,1169,
2025-12-22T11:53:55.085Z,1.074,2,1000,640x360,1.929885999999982,1179,
2025-12-22T11:53:55.572Z,1.066,2,1000,640x360,1.942606999999981,1178,
2025-12-22T11:53:56.078Z,1.082,2,1000,640x360,1.943963999999994,1199,
2025-12-22T11:53:56.578Z,1.074,2,1000,640x360,1.9485809999999901,1214,
2025-12-22T11:53:57.095Z,1.052,2,1000,640x360,1.9218180000000018,1186,
2025-12-22T11:53:57.612Z,1.05,2,1000,640x360,1.9065259999999853,1202,
2025-12-22T11:53:58.108Z,1.041,2,1000,640x360,1.9079590000000053,1204,
2025-12-22T11:53:58.656Z,1.001,2,1000,640x360,1.9738450000000114,1216,
2025-12-22T11:53:59.200Z,0.963,2,1000,640x360,1.9127540000000067,1197,
2025-12-22T11:53:59.277Z,0.959,1,600,480x270,1.939659999999975,1208,
2025-12-22T11:53:59.608Z,1.054,1,600,480x270,1.9053160000000275,1208,
2025-12-22T11:53:59.962Z,1.141,1,600,480x270,1.9542940000000044,1208,
2025-12-22T11:54:00.300Z,1.363,1,600,480x270,1.9140030000000081,1195,
2025-12-22T11:54:00.631Z,1.508,1,600,480x270,1.9843429999999955,1189,
2025-12-22T11:54:00.935Z,1.715,1,600,480x270,1.9790009999999825,1189,
2025-12-22T11:54:01.245Z,1.9,1,600,480x270,1.9857519999999909,1198,
2025-12-22T11:54:01.570Z,2.072,1,600,480x270,1.9585110000000157,1187,
2025-12-22T11:54:02.022Z,2.116,1,600,480x270,1.9908630000000187,1197,
2025-12-22T11:54:02.523Z,2.123,1,600,480x270,2.006621999999993,1201,
2025-12-22T11:54:02.673Z,2.143,2,1000,640x360,1.9463750000000175,1201,
2025-12-22T11:54:03.226Z,1.936,2,1000,640x360,2.0123570000000086,1207,
2025-12-22T11:54:03.760Z,1.912,2,1000,640x360,1.9606200000000058,1191,
2025-12-22T11:54:04.270Z,1.874,2,1000,640x360,1.9508950000000027,1211,
2025-12-22T11:54:04.795Z,1.858,2,1000,640x360,1.9263500000000136,1171,
2025-12-22T11:54:05.372Z,1.793,2,1000,640x360,1.9537979999999777,1142,
2025-12-22T11:54:05.940Z,1.698,2,1000,640x360,1.9724799999999902,1119,
2025-12-22T11:54:06.491Z,1.667,2,1000,640x360,1.931968000000012,1113,
2025-12-22T11:54:07.033Z,1.63,2,1000,640x360,1.9867399999999975,1131,
2025-12-22T11:54:07.575Z,1.6,2,1000,640x360,1.9482810000000086,1150,
2025-12-22T11:54:08.098Z,1.566,2,1000,640x360,1.9181850000000225,1194,
2025-12-22T11:54:08.706Z,1.48,2,1000,640x360,1.9114599999999768,1149,
2025-12-22T11:54:09.240Z,1.39,2,1000,640x360,1.9840099999999836,1176,
2025-12-22T11:54:09.923Z,1.205,2,1000,640x360,1.9981940000000122,1192,
2025-12-22T11:54:10.438Z,1.233,2,1000,640x360,1.9816399999999987,1183,
2025-12-22T11:54:10.980Z,1.146,2,1000,640x360,1.9354120000000137,1187,
2025-12-22T11:54:11.526Z,1.136,2,1000,640x360,2.0105339999999785,1174,
2025-12-22T11:54:12.158Z,0.987,2,1000,640x360,1.966859999999997,1177,
2025-12-22T11:54:12.711Z,0.955,2,1000,640x360,1.9123599999999783,1200,
2025-12-22T11:54:12.776Z,0.95,1,600,480x270,1.9375739999999837,1195,
2025-12-22T11:54:13.139Z,0.989,1,600,480x270,1.9756450000000143,1195,
2025-12-22T11:54:13.428Z,1.19,1,600,480x270,1.9865769999999827,1195,
2025-12-22T11:54:13.723Z,1.43,1,600,480x270,1.9905239999999935,1197,
2025-12-22T11:54:14.055Z,1.582,1,600,480x270,1.9572770000000048,1197,
2025-12-22T11:54:14.393Z,1.764,1,600,480x270,1.929271,1197,
2025-12-22T11:54:14.764Z,1.886,1,600,480x270,1.963312000000002,1196,
2025-12-22T11:54:15.108Z,2.043,1,600,480x270,1.9145219999999767,1210,
2025-12-22T11:54:15.527Z,2.121,1,600,480x270,1.9958589999999958,1216,
2025-12-22T11:54:16.031Z,2.109,1,600,480x270,1.9859399999999994,1218,
2025-12-22T11:54:16.187Z,2.009,2,1000,640x360,1.9362610000000018,1218,
2025-12-22T11:54:16.762Z,1.892,2,1000,640x360,1.9566519999999912,1225,
2025-12-22T11:54:17.323Z,1.808,2,1000,640x360,2.0131939999999986,1230,
2025-12-22T11:54:17.859Z,1.804,2,1000,640x360,1.9692609999999888,1222,
2025-12-22T11:54:18.429Z,1.708,2,1000,640x360,1.9915550000000053,1219,
2025-12-22T11:54:19.184Z,1.474,2,1000,640x360,1.947461000000004,1219,
2025-12-22T11:54:19.623Z,1.548,2,1000,640x360,1.999099000000001,1227,
2025-12-22T11:54:20.083Z,1.579,2,1000,640x360,1.9311380000000042,1227,
2025-12-22T11:54:20.632Z,1.521,2,1000,640x360,1.9929520000000025,1230,
2025-12-22T11:54:21.188Z,1.462,2,1000,640x360,1.9269910000000152,1231,
2025-12-22T11:54:21.631Z,1.507,2,1000,640x360,1.9815580000000068,1233,
2025-12-22T11:54:22.174Z,1.472,2,1000,640x360,1.9464860000000215,1233,
2025-12-22T11:54:22.660Z,1.503,2,1000,640x360,1.9563810000000217,1225,
2025-12-22T11:54:23.230Z,1.433,2,1000,640x360,2.0094270000000165,1225,
2025-12-22T11:54:23.779Z,1.34,2,1000,640x360,1.9386290000000201,1205,
2025-12-22T11:54:24.471Z,1.169,2,1000,640x360,1.9555299999999818,1198,
2025-12-22T11:54:24.916Z,1.244,2,1000,640x360,1.9966319999999769,1217,
2025-12-22T11:54:25.402Z,1.258,2,1000,640x360,1.9191190000000233,1217,
2025-12-22T11:54:25.879Z,1.259,2,1000,640x360,1.9418310000000076,1222,
2025-12-22T11:54:26.304Z,1.347,2,1000,640x360,1.9215960000000223,1265,
2025-12-22T11:54:26.875Z,1.274,2,1000,640x360,1.9394650000000127,1253,
2025-12-22T11:54:27.401Z,1.257,2,1000,640x360,1.9358070000000112,1259,
2025-12-22T11:54:27.954Z,1.229,2,1000,640x360,1.9645830000000046,1264,
2025-12-22T11:54:28.433Z,1.228,2,1000,640x360,1.9853329999999971,1259,
2025-12-22T11:54:28.920Z,1.228,2,1000,640x360,1.9955030000000136,1264,
2025-12-22T11:54:29.490Z,1.18,2,1000,640x360,1.9311199999999928,1301,
2025-12-22T11:54:29.933Z,1.219,2,1000,640x360,1.9897109999999998,1345,
2025-12-22T11:54:30.238Z,1.381,2,1000,640x360,1.979438000000016,1335,
2025-12-22T11:54:30.761Z,1.405,2,1000,640x360,1.9517270000000053,1331,
2025-12-22T11:54:32.145Z,0.606,2,1000,640x360,1.986301999999995,1318,
2025-12-22T11:54:32.214Z,0.52,1,600,480x270,1.9243920000000116,1156,
2025-12-22T11:54:32.469Z,0.203,1,600,480x270,1.9649650000000065,1156,rebuffer happen
2025-12-22T11:54:32.639Z,0.032,1,600,480x270,1.997696000000019,1156,rebuffer happen
2025-12-22T11:54:32.853Z,0.333,1,600,480x270,2.0152420000000006,1156,
2025-12-22T11:54:33.172Z,0.024,1,600,480x270,1.9903429999999958,1087,rebuffer happen
2025-12-22T11:54:33.173Z,0.024,1,600,480x270,1.9895710000000122,1087,rebuffer happen
2025-12-22T11:54:33.473Z,0.221,1,600,480x270,1.9907829999999933,1087,
2025-12-22T11:54:33.690Z,0.018,1,600,480x270,1.9787020000000268,1007,rebuffer happen
2025-12-22T11:54:33.994Z,0.273,1,600,480x270,2.0254460000000165,1007,
2025-12-22T11:54:34.219Z,0.291,1,600,480x270,2.11764500000001,972,rebuffer happen
2025-12-22T11:54:34.425Z,0.333,1,600,480x270,2.0836030000000108,972,
2025-12-22T11:54:34.485Z,0.254,1,600,480x270,2.016097000000002,943,rebuffer happen
2025-12-22T11:54:34.790Z,0.294,1,600,480x270,1.989498000000026,943,rebuffer happen
2025-12-22T11:54:34.905Z,0.312,1,600,480x270,1.9573149999999941,943,
2025-12-22T11:54:35.020Z,0.179,1,600,480x270,2.040469999999999,921,rebuffer happen
2025-12-22T11:54:35.318Z,0.385,1,600,480x270,2.0549230000000023,921,
2025-12-22T11:54:35.532Z,0.202,1,600,480x270,2.028948000000014,909,rebuffer happen
2025-12-22T11:54:35.801Z,0.402,1,600,480x270,1.9565819999999974,909,
2025-12-22T11:54:36.053Z,0.231,1,600,480x270,1.9869019999999864,879,rebuffer happen
2025-12-22T11:54:36.272Z,0.411,1,600,480x270,1.9742689999999925,879,
2025-12-22T11:54:36.474Z,0.205,1,600,480x270,1.9718929999999943,872,rebuffer happen
2025-12-22T11:54:36.636Z,0.531,1,600,480x270,1.9950979999999845,872,
2025-12-22T11:54:37.016Z,0.606,1,600,480x270,2.003789000000012,872,
2025-12-22T11:54:37.398Z,0.762,1,600,480x270,1.9265350000000012,899,
2025-12-22T11:54:37.751Z,0.9,1,600,480x270,1.976569000000012,937,
2025-12-22T11:54:38.112Z,1.028,1,600,480x270,1.9084590000000219,945,
2025-12-22T11:54:38.513Z,1.148,1,600,480x270,1.908664999999985,945,
2025-12-22T11:54:38.888Z,1.266,1,600,480x270,1.9344049999999982,974,
2025-12-22T11:54:39.301Z,1.358,1,600,480x270,1.9452260000000194,996,
2025-12-22T11:54:39.696Z,1.479,1,600,480x270,1.9312439999999924,1023,
2025-12-22T11:54:40.058Z,1.582,1,600,480x270,1.9571519999999794,1000,
2025-12-22T11:54:40.140Z,1.581,2,1000,640x360,1.9862720000000138,1000,
2025-12-22T11:54:40.697Z,1.455,2,1000,640x360,1.9188249999999982,1000,
2025-12-22T11:54:41.273Z,1.396,2,1000,640x360,1.9523259999999993,1034,
2025-12-22T11:54:41.765Z,1.401,2,1000,640x360,1.9545109999999966,1075,
2025-12-22T11:54:42.299Z,1.363,2,1000,640x360,1.9307589999999948,1128,
2025-12-22T11:54:42.861Z,1.294,2,1000,640x360,1.9690879999999993,1119,
2025-12-22T11:54:43.436Z,1.257,2,1000,640x360,2.0032819999999845,1133,
2025-12-22T11:54:44.117Z,1.021,2,1000,640x360,2.000824999999992,1141,
2025-12-22T11:54:44.582Z,1.091,2,1000,640x360,1.931112000000013,1145,
2025-12-22T11:54:45.061Z,1.1,2,1000,640x360,1.9622779999999977,1145,
2025-12-22T11:54:45.562Z,1.101,2,1000,640x360,1.9623449999999991,1152,
2025-12-22T11:54:46.072Z,1.076,2,1000,640x360,1.9400329999999997,1159,
2025-12-22T11:54:46.554Z,1.11,2,1000,640x360,1.9710509999999886,1162,
2025-12-22T11:54:47.062Z,1.097,2,1000,640x360,1.9544250000000147,1175,
2025-12-22T11:54:47.565Z,1.106,2,1000,640x360,1.971874999999983,1175,
2025-12-22T11:54:48.073Z,1.086,2,1000,640x360,1.9422930000000065,1162,
2025-12-22T11:54:48.602Z,1.048,2,1000,640x360,1.9160679999999957,1180,
2025-12-22T11:54:49.086Z,1.052,2,1000,640x360,1.9338950000000068,1170,
2025-12-22T11:54:49.862Z,0.795,2,1000,640x360,1.9636340000000132,1184,
2025-12-22T11:54:49.930Z,0.739,1,600,480x270,1.9877719999999783,1179,
2025-12-22T11:54:50.310Z,0.855,1,600,480x270,1.9131959999999992,1179,
2025-12-22T11:54:50.715Z,0.925,1,600,480x270,2.002994000000001,1178,
2025-12-22T11:54:51.095Z,1.046,1,600,480x270,1.9208169999999996,1152,
2025-12-22T11:54:51.520Z,1.13,1,600,480x270,2.0100669999999923,1152,
2025-12-22T11:54:51.910Z,1.251,1,600,480x270,1.9065280000000087,1041,
2025-12-22T11:54:52.227Z,1.428,1,600,480x270,2.009494999999987,1056,
2025-12-22T11:54:52.752Z,1.432,1,600,480x270,1.9846900000000005,1016,
2025-12-22T11:54:53.122Z,1.524,1,600,480x270,1.9993340000000046,1022,
2025-12-22T11:54:53.461Z,1.65,1,600,480x270,1.9543939999999793,1022,
2025-12-22T11:54:53.838Z,1.77,1,600,480x270,1.9812029999999936,978,
2025-12-22T11:54:54.270Z,1.84,1,600,480x270,1.9503229999999974,974,
2025-12-22T11:54:54.690Z,1.922,1,600,480x270,1.9274000000000058,985,
2025-12-22T11:54:55.436Z,1.716,1,600,480x270,1.994968,998,
2025-12-22T11:54:55.734Z,1.922,1,600,480x270,1.9891550000000109,1006,
2025-12-22T11:54:56.026Z,2.104,1,600,480x270,1.9966839999999877,1012,
2025-12-22T11:54:56.097Z,2.107,2,1000,640x360,1.9276199999999903,1012,
2025-12-22T11:54:56.650Z,2.011,2,1000,640x360,1.9757080000000258,1051,
2025-12-22T11:54:57.193Z,1.958,2,1000,640x360,1.9349239999999952,1024,
2025-12-22T11:54:57.743Z,1.905,2,1000,640x360,1.9772690000000068,1027,
2025-12-22T11:54:58.318Z,1.861,2,1000,640x360,2.0055729999999983,1018,
2025-12-22T11:54:58.999Z,1.65,2,1000,640x360,1.9163750000000164,1086,
2025-12-22T11:54:59.407Z,1.751,2,1000,640x360,1.9136829999999918,1105,
2025-12-22T11:54:59.846Z,1.805,2,1000,640x360,1.9752670000000023,1115,
2025-12-22T11:55:00.147Z,1.996,2,1000,640x360,1.9732660000000237,1113,
2025-12-22T11:55:00.620Z,2.115,2,1000,640x360,2.010462000000018,1133,
2025-12-22T11:55:01.213Z,1.954,2,1000,640x360,2.0050540000000012,1138,
2025-12-22T11:55:01.830Z,1.822,2,1000,640x360,1.9890680000000032,1161,
2025-12-22T11:55:02.285Z,1.869,2,1000,640x360,1.930784999999986,1133,
2025-12-22T11:55:03.051Z,1.611,2,1000,640x360,1.9618879999999876,1148,
2025-12-22T11:55:03.746Z,1.417,2,1000,640x360,1.9712300000000198,1163,
2025-12-22T11:55:04.281Z,1.386,2,1000,640x360,1.960125000000005,1159,
2025-12-22T11:55:04.915Z,1.238,2,1000,640x360,2.0033559999999966,1175,
2025-12-22T11:55:05.396Z,1.264,2,1000,640x360,1.9228629999999782,1160,
2025-12-22T11:55:05.901Z,1.261,2,1000,640x360,1.9157109999999875,1169,
2025-12-22T11:55:06.432Z,1.229,2,1000,640x360,1.9840370000000007,1153,
2025-12-22T11:55:06.960Z,1.201,2,1000,640x360,1.9513709999999946,1172,
2025-12-22T11:55:07.486Z,1.182,2,1000,640x360,1.934332000000012,1175,
2025-12-22T11:55:08.055Z,1.103,2,1000,640x360,1.958090999999996,1179,
2025-12-22T11:55:08.464Z,1.194,2,1000,640x360,1.9598019999999963,1181,
2025-12-22T11:55:09.196Z,0.97,2,1000,640x360,1.9177390000000116,1182,
2025-12-22T11:55:09.277Z,0.963,1,600,480x270,1.9437250000000006,1126,
2025-12-22T11:55:10.002Z,0.643,1,600,480x270,1.9239900000000034,1126,
2025-12-22T11:55:10.503Z,0.642,1,600,480x270,1.9116730000000075,972,
2025-12-22T11:55:11.009Z,0.636,1,600,480x270,1.9142399999999782,1012,
2025-12-22T11:55:11.575Z,0.56,1,600,480x270,1.941884999999985,964,
2025-12-22T11:55:11.998Z,0.648,1,600,480x270,1.9226899999999887,951,
2025-12-22T11:55:12.528Z,0.646,1,600,480x270,2.0070499999999925,917,
2025-12-22T11:55:13.179Z,0.488,1,600,480x270,1.9356580000000179,857,
2025-12-22T11:55:13.260Z,0.481,0,200,320x180,1.9585109999999872,828,
2025-12-22T11:55:13.442Z,0.706,0,200,320x180,1.9792769999999962,828,
2025-12-22T11:55:13.586Z,1.027,0,200,320x180,1.9419509999999889,828,
2025-12-22T11:55:13.798Z,1.368,0,200,320x180,1.9214719999999943,828,
2025-12-22T11:55:14.007Z,1.623,0,200,320x180,1.9126609999999857,811,
2025-12-22T11:55:14.190Z,1.947,0,200,320x180,1.9373830000000112,811,
2025-12-22T11:55:14.473Z,2.219,0,200,320x180,1.9420149999999978,796,
2025-12-22T11:55:14.998Z,2.138,0,200,320x180,1.9297870000000046,807,
2025-12-22T11:55:15.558Z,2.1,0,200,320x180,1.9628350000000125,815,
2025-12-22T11:55:16.065Z,2.071,0,200,320x180,1.9565220000000068,842,
2025-12-22T11:55:16.563Z,2.151,0,200,320x180,1.9637690000000134,824,
2025-12-22T11:55:16.656Z,2.105,1,600,480x270,1.964587000000023,824,
2025-12-22T11:55:17.017Z,2.124,1,600,480x270,1.9998310000000004,830,
2025-12-22T11:55:17.540Z,2.119,1,600,480x270,1.9812049999999886,848,
2025-12-22T11:55:18.004Z,2.153,1,600,480x270,1.9205269999999928,920,
2025-12-22T11:55:18.602Z,2.04,1,600,480x270,1.9142380000000117,920,
2025-12-22T11:55:19.023Z,2.118,1,600,480x270,1.9924210000000073,942,
2025-12-22T11:55:19.684Z,1.953,1,600,480x270,1.932263000000006,952,
2025-12-22T11:55:20.081Z,2.059,1,600,480x270,1.9322919999999897,975,
2025-12-22T11:55:20.683Z,1.968,1,600,480x270,1.9499679999999842,986,
2025-12-22T11:55:21.205Z,1.963,1,600,480x270,1.924589999999995,983,
2025-12-22T11:55:21.608Z,2.057,1,600,480x270,1.916815000000014,978,
2025-12-22T11:55:22.077Z,2.063,1,600,480x270,1.94559000000001,1026,
2025-12-22T11:55:22.568Z,2.076,1,600,480x270,1.949641000000014,1016,
2025-12-22T11:55:22.635Z,2.055,2,1000,640x360,1.9808219999999892,1016,
2025-12-22T11:55:23.390Z,1.845,2,1000,640x360,1.9254949999999837,1034,
2025-12-22T11:55:23.826Z,1.817,2,1000,640x360,1.987638000000004,1045,
2025-12-22T11:55:24.588Z,1.57,2,1000,640x360,1.931994000000003,1034,
2025-12-22T11:55:25.147Z,1.499,2,1000,640x360,1.9853439999999978,1048,
2025-12-22T11:55:25.700Z,1.489,2,1000,640x360,1.927064999999999,1052,
2025-12-22T11:55:26.296Z,1.349,2,1000,640x360,1.9270190000000014,1059,
2025-12-22T11:55:26.940Z,1.224,2,1000,640x360,1.9830750000000137,1069,
2025-12-22T11:55:27.670Z,0.983,2,1000,640x360,1.9463539999999853,1083,
2025-12-22T11:55:27.748Z,0.989,1,600,480x270,1.9742619999999818,1117,
2025-12-22T11:55:28.148Z,0.997,1,600,480x270,1.9842160000000035,1117,
2025-12-22T11:55:28.503Z,1.155,1,600,480x270,1.9258310000000165,1117,
2025-12-22T11:55:28.794Z,1.327,1,600,480x270,1.9244239999999877,1137,
2025-12-22T11:55:29.115Z,1.513,1,600,480x270,2.001531,1132,
2025-12-22T11:55:29.487Z,1.677,1,600,480x270,1.94962799999999,1132,
2025-12-22T11:55:29.747Z,1.911,1,600,480x270,1.9800340000000176,1129,
2025-12-22T11:55:30.071Z,2.081,1,600,480x270,1.9482590000000073,1124,
2025-12-22T11:55:30.509Z,2.129,1,600,480x270,1.9070619999999963,1136,
2025-12-22T11:55:31.015Z,2.17,1,600,480x270,1.998425999999995,1143,
2025-12-22T11:55:31.152Z,2.066,2,1000,640x360,1.973183000000006,1143,
2025-12-22T11:55:31.613Z,2.026,2,1000,640x360,2.00029600000002,1151,
2025-12-22T11:55:32.449Z,1.702,2,1000,640x360,1.9681799999999896,1162,
2025-12-22T11:55:33.271Z,1.395,2,1000,640x360,1.9617939999999976,1152,
2025-12-22T11:55:33.903Z,1.258,2,1000,640x360,1.91285400000001,1164,
2025-12-22T11:55:34.547Z,1.145,2,1000,640x360,1.9850470000000087,1230,
2025-12-22T11:55:35.078Z,1.088,2,1000,640x360,1.9358330000000024,1213,
2025-12-22T11:55:35.613Z,1.028,2,1000,640x360,2.0009740000000136,1225,
2025-12-22T11:55:36.211Z,0.945,2,1000,640x360,1.914777000000015,1236,
2025-12-22T11:55:36.287Z,0.953,1,600,480x270,1.9317279999999926,1241,
2025-12-22T11:55:36.567Z,1.088,1,600,480x270,1.9524849999999958,1241,
2025-12-22T11:55:36.816Z,1.291,1,600,480x270,2.001035999999999,1241,
2025-12-22T11:55:37.106Z,1.545,1,600,480x270,1.9087900000000104,1240,
2025-12-22T11:55:37.426Z,1.722,1,600,480x270,1.9967519999999865,1240,
2025-12-22T11:55:37.696Z,1.913,1,600,480x270,1.93098599999999,1244,
2025-12-22T11:55:38.074Z,2.063,1,600,480x270,1.9384399999999857,1232,
2025-12-22T11:55:38.496Z,2.155,1,600,480x270,1.9299429999999802,1248,
2025-12-22T11:55:38.997Z,2.143,1,600,480x270,1.9268660000000182,1251,
2025-12-22T11:55:39.516Z,2.124,1,600,480x270,2.001013999999998,1256,
2025-12-22T11:55:39.686Z,2.065,2,1000,640x360,1.9289950000000147,1256,
2025-12-22T11:55:40.366Z,1.788,2,1000,640x360,1.9593940000000032,1258,
2025-12-22T11:55:40.918Z,1.719,2,1000,640x360,1.9950749999999857,1229,
2025-12-22T11:55:41.547Z,1.653,2,1000,640x360,1.978332000000023,1262,
2025-12-22T11:55:42.177Z,1.482,2,1000,640x360,1.9444830000000195,1295,
2025-12-22T11:55:42.845Z,1.327,2,1000,640x360,1.9769939999999906,1324,
2025-12-22T11:55:43.523Z,1.132,2,1000,640x360,1.9990569999999934,1340,
2025-12-22T11:55:44.140Z,1.016,2,1000,640x360,1.9789730000000247,1310,
2025-12-22T11:55:44.759Z,0.895,2,1000,640x360,1.9561199999999985,1310,
2025-12-22T11:55:44.836Z,0.901,1,600,480x270,1.9895539999999983,1335,
2025-12-22T11:55:45.272Z,0.874,1,600,480x270,1.949764000000016,1335,
2025-12-22T11:55:45.811Z,0.921,1,600,480x270,1.9074679999999944,1304,
2025-12-22T11:55:46.089Z,1.064,1,600,480x270,1.9230620000000158,1315,
2025-12-22T11:55:46.408Z,1.244,1,600,480x270,1.9183570000000145,1315,
2025-12-22T11:55:46.839Z,1.327,1,600,480x270,1.982705999999979,1285,
2025-12-22T11:55:47.104Z,1.537,1,600,480x270,1.9183000000000163,1295,
2025-12-22T11:55:47.443Z,1.718,1,600,480x270,1.9925870000000145,1295,
2025-12-22T11:55:47.775Z,1.887,1,600,480x270,1.9567629999999951,1241,
2025-12-22T11:55:48.127Z,2.017,1,600,480x270,1.9895390000000077,1320,
2025-12-22T11:55:48.236Z,2.018,2,1000,640x360,1.9908660000000111,1320,
2025-12-22T11:55:48.736Z,1.918,2,1000,640x360,1.9880589999999927,1320,
2025-12-22T11:55:49.425Z,1.729,2,1000,640x360,1.9948060000000112,1249,
2025-12-22T11:55:49.918Z,1.731,2,1000,640x360,1.9970690000000104,1240,
2025-12-22T11:55:50.452Z,1.708,2,1000,640x360,1.9731299999999976,1243,
2025-12-22T11:55:51.052Z,1.609,2,1000,640x360,1.962346999999994,1307,
2025-12-22T11:55:51.586Z,1.582,2,1000,640x360,1.9442929999999876,1296,
2025-12-22T11:55:52.055Z,1.609,2,1000,640x360,1.961404999999985,1307,
2025-12-22T11:55:52.583Z,1.567,2,1000,640x360,1.9303290000000004,1295,
2025-12-22T11:55:53.073Z,1.576,2,1000,640x360,1.9529629999999827,1309,
2025-12-22T11:55:53.539Z,1.613,2,1000,640x360,1.9804670000000044,1293,
2025-12-22T11:55:54.131Z,1.548,2,1000,640x360,1.992102000000017,1296,
2025-12-22T11:55:54.660Z,1.495,2,1000,640x360,1.9583609999999965,1259,
2025-12-22T11:55:55.083Z,1.554,2,1000,640x360,1.941079999999971,1295,
2025-12-22T11:55:55.710Z,1.475,2,1000,640x360,1.915303999999992,1247,
2025-12-22T11:55:56.319Z,1.372,2,1000,640x360,2.007378000000017,1301,
2025-12-22T11:55:57.051Z,1.131,2,1000,640x360,1.968471999999963,1293,
2025-12-22T11:55:57.805Z,0.851,2,1000,640x360,1.9129140000000007,1252,
2025-12-22T11:55:57.885Z,0.853,1,600,480x270,1.9409949999999867,1253,
2025-12-22T11:55:58.324Z,0.825,1,600,480x270,2.008454000000029,1253,
2025-12-22T11:55:58.743Z,0.92,1,600,480x270,1.988345000000038,1187,
2025-12-22T11:55:59.135Z,1.01,1,600,480x270,1.9846479999999929,1182,
2025-12-22T11:55:59.386Z,1.252,1,600,480x270,1.9462350000000015,1182,
2025-12-22T11:55:59.645Z,1.488,1,600,480x270,1.9785739999999805,1154,
2025-12-22T11:56:00.249Z,1.441,1,600,480x270,1.9839829999999665,1154,
2025-12-22T11:56:00.780Z,1.38,1,600,480x270,1.9392740000000117,1083,
2025-12-22T11:56:01.192Z,1.452,1,600,480x270,1.9274650000000406,1045,
2025-12-22T11:56:01.600Z,1.557,1,600,480x270,1.9294970000000262,1067,
2025-12-22T11:56:01.677Z,1.51,2,1000,640x360,1.9441090000000258,1067,
2025-12-22T11:56:02.298Z,1.382,2,1000,640x360,1.930866999999978,1067,
2025-12-22T11:56:03.048Z,1.08,2,1000,640x360,1.9738579999999502,1149,
2025-12-22T11:56:03.539Z,1.133,2,1000,640x360,1.9853590000000167,1160,
2025-12-22T11:56:04.051Z,1.086,2,1000,640x360,1.964778000000024,1173,
2025-12-22T11:56:04.576Z,1.063,2,1000,640x360,1.9397839999999746,1177,
2025-12-22T11:56:05.012Z,1.139,2,1000,640x360,1.9041880000000333,1281,
2025-12-22T11:56:05.423Z,1.228,2,1000,640x360,2.0016780000000267,1245,
2025-12-22T11:56:05.753Z,1.386,2,1000,640x360,1.9656930000000443,1293,
2025-12-22T11:56:06.324Z,1.332,2,1000,640x360,1.9962309999999661,1274,
2025-12-22T11:56:07.084Z,1.065,2,1000,640x360,1.9292259999999715,1267,
2025-12-22T11:56:07.580Z,1.067,2,1000,640x360,1.9419730000000186,1270,
2025-12-22T11:56:08.335Z,0.815,2,1000,640x360,1.9786700000000224,1265,
2025-12-22T11:56:08.410Z,0.824,1,600,480x270,1.9030389999999784,1260,
2025-12-22T11:56:08.711Z,0.927,1,600,480x270,1.9043050000000221,1260,
2025-12-22T11:56:09.041Z,1.119,1,600,480x270,1.9771110000000363,1263,
2025-12-22T11:56:09.352Z,1.279,1,600,480x270,1.9640999999999735,1263,
2025-12-22T11:56:09.676Z,1.486,1,600,480x270,1.939707999999996,1257,
2025-12-22T11:56:10.125Z,1.521,1,600,480x270,1.9930059999999798,1267,
2025-12-22T11:56:10.528Z,1.618,1,600,480x270,1.997885999999994,1267,
2025-12-22T11:56:10.950Z,1.677,1,600,480x270,1.9657349999999951,1176,
2025-12-22T11:56:11.390Z,1.763,1,600,480x270,1.9461039999999912,1292,
2025-12-22T11:56:11.883Z,1.781,1,600,480x270,1.9325509999999895,1192,
2025-12-22T11:56:11.965Z,1.778,2,1000,640x360,1.9568340000000148,1212,
2025-12-22T11:56:12.763Z,1.41,2,1000,640x360,1.9519129999999905,1212,
2025-12-22T11:56:13.521Z,1.139,2,1000,640x360,1.9925589999999715,1195,
2025-12-22T11:56:14.498Z,0.665,2,1000,640x360,1.9266129999999748,1161,
2025-12-22T11:56:15.257Z,0.422,2,1000,640x360,1.972660000000019,1113,
2025-12-22T11:56:15.483Z,0.186,2,1000,640x360,1.9462159999999926,1221,rebuffer happen
2025-12-22T11:56:15.998Z,0.185,2,1000,640x360,1.9290639999999826,1221,
2025-12-22T11:56:16.074Z,0.165,1,600,480x270,1.9473619999999983,1144,
2025-12-22T11:56:16.141Z,0.024,1,600,480x270,1.9881349999999998,1144,rebuffer happen
2025-12-22T11:56:16.483Z,0.278,1,600,480x270,2.0326929999999948,1144,
2025-12-22T11:56:16.883Z,0.369,1,600,480x270,2.0330830000000333,1101,
2025-12-22T11:56:16.948Z,0.297,1,600,480x270,2.051001000000042,1110,rebuffer happen
2025-12-22T11:56:17.273Z,0.475,1,600,480x270,2.01590699999997,1110,
2025-12-22T11:56:17.627Z,0.557,1,600,480x270,2.0309629999999856,1137,
2025-12-22T11:56:17.984Z,0.711,1,600,480x270,1.9558930000000032,1137,
2025-12-22T11:56:18.350Z,0.844,1,600,480x270,2.005100999999968,1159,
2025-12-22T11:56:18.728Z,0.932,1,600,480x270,2.005552000000023,1128,
2025-12-22T11:56:19.139Z,0.977,1,600,480x270,1.9865049999999655,1103,
2025-12-22T11:56:19.594Z,1.064,1,600,480x270,1.9316749999999843,1103,
2025-12-22T11:56:19.676Z,1.068,2,1000,640x360,1.9438570000000368,1106,
2025-12-22T11:56:20.151Z,0.994,2,1000,640x360,1.9615459999999985,1106,
2025-12-22T11:56:20.640Z,1.026,2,1000,640x360,1.9754929999999717,1070,
2025-12-22T11:56:21.209Z,0.944,2,1000,640x360,1.9130529999999908,1083,
2025-12-22T11:56:21.934Z,0.749,2,1000,640x360,1.9822240000000306,1156,
2025-12-22T11:56:22.660Z,0.503,2,1000,640x360,1.9698390000000359,1111,
2025-12-22T11:56:22.945Z,0.249,2,1000,640x360,1.974002999999982,1078,rebuffer happen
2025-12-22T11:56:23.321Z,0.361,2,1000,640x360,2.0254749999999717,1078,
2025-12-22T11:56:23.398Z,0.312,1,600,480x270,1.9463589999999726,1048,
2025-12-22T11:56:23.398Z,0.284,1,600,480x270,1.9458459999999604,1048,rebuffer happen
2025-12-22T11:56:23.739Z,0.431,1,600,480x270,1.9934460000000058,1048,
2025-12-22T11:56:24.126Z,0.528,1,600,480x270,1.9996340000000146,1043,
2025-12-22T11:56:24.444Z,0.727,1,600,480x270,1.9801689999999894,1043,
2025-12-22T11:56:24.777Z,0.876,1,600,480x270,1.9438200000000165,1098,
2025-12-22T11:56:25.109Z,1.007,1,600,480x270,1.9076590000000238,1093,
2025-12-22T11:56:25.324Z,1.299,1,600,480x270,2.0052330000000325,1093,
2025-12-22T11:56:25.540Z,1.615,1,600,480x270,1.9765059999999721,1123,
2025-12-22T11:56:25.805Z,1.815,1,600,480x270,1.9156070000000227,1123,
2025-12-22T11:56:26.025Z,2.113,1,600,480x270,1.9864190000000121,1096,
2025-12-22T11:56:26.471Z,2.179,1,600,480x270,1.960518000000036,1138,
2025-12-22T11:56:27.008Z,2.132,1,600,480x270,1.9106060000000298,1152,
2025-12-22T11:56:27.085Z,2.128,2,1000,640x360,1.9412039999999706,1152,
2025-12-22T11:56:28.098Z,1.532,2,1000,640x360,1.924350000000004,1155,
2025-12-22T11:56:28.726Z,1.464,2,1000,640x360,1.9869579999999587,1161,
2025-12-22T11:56:29.346Z,1.311,2,1000,640x360,1.9808059999999728,1188,
2025-12-22T11:56:29.926Z,1.202,2,1000,640x360,1.9877830000000358,1183,
2025-12-22T11:56:30.501Z,1.151,2,1000,640x360,1.9289830000000165,1173,
2025-12-22T11:56:31.081Z,1.07,2,1000,640x360,1.9328219999999874,1168,
2025-12-22T11:56:31.632Z,1.057,2,1000,640x360,2.00251099999997,1168,
2025-12-22T11:56:32.165Z,0.987,2,1000,640x360,1.9479220000000055,1155,
2025-12-22T11:56:32.237Z,0.993,1,600,480x270,1.9890589999999975,1158,
2025-12-22T11:56:32.617Z,0.977,1,600,480x270,1.9975489999999922,1158,
2025-12-22T11:56:32.964Z,1.186,1,600,480x270,1.9475639999999999,1158,
2025-12-22T11:56:33.320Z,1.352,1,600,480x270,2.0047050000000013,1146,
2025-12-22T11:56:33.674Z,1.453,1,600,480x270,1.9488249999999994,1144,
2025-12-22T11:56:34.051Z,1.6,1,600,480x270,1.9728920000000016,1150,
2025-12-22T11:56:34.381Z,1.736,1,600,480x270,1.9451010000000224,1150,
2025-12-22T11:56:34.768Z,1.873,1,600,480x270,1.9546140000000491,1129,
2025-12-22T11:56:35.105Z,2.034,1,600,480x270,1.9084119999999984,1157,
2025-12-22T11:56:35.455Z,2.207,1,600,480x270,1.9789119999999798,1170,
2025-12-22T11:56:35.649Z,2.14,2,1000,640x360,1.9835560000000214,1170,
2025-12-22T11:56:36.336Z,1.823,2,1000,640x360,1.9893490000000043,1191,
2025-12-22T11:56:37.126Z,1.532,2,1000,640x360,1.995711999999969,1192,
2025-12-22T11:56:37.702Z,1.469,2,1000,640x360,1.917615000000012,1170,
2025-12-22T11:56:38.247Z,1.422,2,1000,640x360,1.9794190000000071,1182,
2025-12-22T11:56:39.178Z,1.011,2,1000,640x360,1.9486720000000446,1187,
2025-12-22T11:56:39.252Z,0.989,1,600,480x270,1.9899629999999888,1178,
2025-12-22T11:56:39.575Z,1.057,1,600,480x270,1.9520160000000146,1178,
2025-12-22T11:56:39.981Z,1.162,1,600,480x270,1.9407040000000393,1178,
2025-12-22T11:56:40.380Z,1.258,1,600,480x270,1.9382349999999633,1207,
2025-12-22T11:56:40.830Z,1.326,1,600,480x270,1.988898000000006,1191,
2025-12-22T11:56:41.211Z,1.433,1,600,480x270,1.9119349999999713,1199,
2025-12-22T11:56:41.537Z,1.62,1,600,480x270,1.9791500000000042,1193,
2025-12-22T11:56:41.858Z,1.751,1,600,480x270,1.9562099999999987,1193,
2025-12-22T11:56:42.088Z,2.091,1,600,480x270,1.927550999999994,1161,
2025-12-22T11:56:42.456Z,2.187,1,600,480x270,1.9641249999999673,1172,
2025-12-22T11:56:42.660Z,2.209,2,1000,640x360,1.9603800000000433,1172,
2025-12-22T11:56:43.755Z,1.39,2,1000,640x360,1.9765840000000026,1162,
2025-12-22T11:56:44.331Z,1.324,2,1000,640x360,1.9900440000000117,1171,
2025-12-22T11:56:44.851Z,1.296,2,1000,640x360,1.9656239999999912,1186,
2025-12-22T11:56:45.353Z,1.298,2,1000,640x360,1.9657980000000066,1197,
2025-12-22T11:56:45.843Z,1.319,2,1000,640x360,1.9769530000000373,1186,
2025-12-22T11:56:46.357Z,1.309,2,1000,640x360,1.9672270000000367,1196,
2025-12-22T11:56:46.878Z,1.297,2,1000,640x360,1.9406270000000063,1245,
2025-12-22T11:56:47.396Z,1.288,2,1000,640x360,1.9289379999999596,1276,
2025-12-22T11:56:47.903Z,1.261,2,1000,640x360,1.9142790000000218,1316,
2025-12-22T11:56:48.412Z,1.269,2,1000,640x360,1.9189680000000067,1305,
2025-12-22T11:56:48.948Z,1.205,2,1000,640x360,1.9718639999999823,1312,
2025-12-22T11:56:49.379Z,1.271,2,1000,640x360,1.9434839999999554,1303,
2025-12-22T11:56:49.835Z,1.315,2,1000,640x360,1.9837739999999826,1296,
2025-12-22T11:56:50.337Z,1.317,2,1000,640x360,1.9819899999999961,1289,
2025-12-22T11:56:51.047Z,1.111,2,1000,640x360,1.965170999999998,1294,
2025-12-22T11:56:52.034Z,0.62,2,1000,640x360,1.9866350000000352,1261,
2025-12-22T11:56:52.110Z,0.607,1,600,480x270,1.9139040000000023,1223,
2025-12-22T11:56:52.610Z,0.547,1,600,480x270,1.9172850000000494,1223,
2025-12-22T11:56:53.050Z,0.599,1,600,480x270,1.970295999999962,1154,
2025-12-22T11:56:53.588Z,0.578,1,600,480x270,1.9283760000000143,1129,
2025-12-22T11:56:54.101Z,0.561,1,600,480x270,1.9120869999999854,1111,
2025-12-22T11:56:54.601Z,0.563,1,600,480x270,1.9194870000000037,1050,
2025-12-22T11:56:55.071Z,0.574,1,600,480x270,1.9427530000000388,1020,
2025-12-22T11:56:55.562Z,0.609,1,600,480x270,1.9674229999999966,940,
2025-12-22T11:56:56.037Z,0.607,1,600,480x270,1.975432000000012,956,
2025-12-22T11:56:56.684Z,0.487,1,600,480x270,1.9416889999999967,910,
2025-12-22T11:56:57.123Z,0.531,1,600,480x270,1.9908020000000306,896,
2025-12-22T11:56:57.463Z,0.683,1,600,480x270,1.9505750000000148,896,
2025-12-22T11:56:57.799Z,0.842,1,600,480x270,1.925184999999999,1026,
2025-12-22T11:56:58.138Z,1.005,1,600,480x270,1.9813190000000418,988,
2025-12-22T11:56:58.382Z,1.248,1,600,480x270,1.938918000000001,988,
2025-12-22T11:56:58.740Z,1.413,1,600,480x270,1.9756980000000226,1025,
2025-12-22T11:56:58.820Z,1.42,2,1000,640x360,1.8953000000000202,1092,
2025-12-22T11:56:59.403Z,1.283,2,1000,640x360,1.9237020000000484,1092,
2025-12-22T11:56:59.910Z,1.271,2,1000,640x360,1.9130999999999858,1080,
2025-12-22T11:57:00.325Z,1.33,2,1000,640x360,2.0135349999999903,1108,
2025-12-22T11:57:01.036Z,1.116,2,1000,640x360,1.9859969999999976,1166,
2025-12-22T11:57:01.771Z,0.919,2,1000,640x360,1.9569020000000137,1150,
2025-12-22T11:57:02.456Z,0.723,2,1000,640x360,1.972772999999961,1158,
2025-12-22T11:57:02.534Z,0.639,1,600,480x270,1.9883540000000153,1226,
2025-12-22T11:57:02.906Z,0.735,1,600,480x270,1.9152199999999766,1226,
2025-12-22T11:57:03.280Z,0.88,1,600,480x270,1.9464310000000182,1232,
2025-12-22T11:57:03.511Z,1.135,1,600,480x270,1.9142239999999902,1232,
2025-12-22T11:57:03.999Z,1.155,1,600,480x270,1.91802899999999,1232,
2025-12-22T11:57:04.337Z,1.34,1,600,480x270,1.9980649999999969,1262,
2025-12-22T11:57:04.606Z,1.541,1,600,480x270,1.9173220000000128,1258,
2025-12-22T11:57:04.992Z,1.662,1,600,480x270,1.924024999999972,1258,
2025-12-22T11:57:05.370Z,1.788,1,600,480x270,1.9744199999999523,1248,
2025-12-22T11:57:05.718Z,1.955,1,600,480x270,2.0055229999999824,1262,
2025-12-22T11:57:06.062Z,2.077,1,600,480x270,1.9504630000000134,1259,
2025-12-22T11:57:06.143Z,2.082,2,1000,640x360,1.9744850000000156,1259,
2025-12-22T11:57:06.841Z,1.83,2,1000,640x360,1.9734730000000127,1267,
2025-12-22T11:57:07.353Z,1.816,2,1000,640x360,1.9645620000000008,1268,
2025-12-22T11:57:07.897Z,1.767,2,1000,640x360,1.9173359999999775,1251,
2025-12-22T11:57:08.430Z,1.731,2,1000,640x360,1.9925989999999842,1237,
2025-12-22T11:57:08.934Z,1.733,2,1000,640x360,1.9836369999999874,1241,
2025-12-22T11:57:09.447Z,1.72,2,1000,640x360,1.9806420000000458,1229,
2025-12-22T11:57:10.083Z,1.548,2,1000,640x360,1.9314820000000168,1218,
2025-12-22T11:57:10.771Z,1.396,2,1000,640x360,1.9477940000000444,1214,
2025-12-22T11:57:11.513Z,1.176,2,1000,640x360,2.0020260000000007,1188,
2025-12-22T11:57:12.096Z,1.072,2,1000,640x360,1.9262020000000462,1136,
2025-12-22T11:57:12.680Z,0.982,2,1000,640x360,1.9437709999999697,1137,
2025-12-22T11:57:12.754Z,0.937,1,600,480x270,1.974962000000005,1141,
2025-12-22T11:57:13.111Z,1.044,1,600,480x270,1.9054429999999911,1141,
2025-12-22T11:57:13.526Z,1.112,1,600,480x270,2.0107059999999706,1141,
2025-12-22T11:57:13.941Z,1.218,1,600,480x270,1.9796850000000177,1110,
2025-12-22T11:57:14.350Z,1.293,1,600,480x270,1.9790599999999472,1109,
2025-12-22T11:57:14.840Z,1.329,1,600,480x270,1.9828489999999874,1093,
2025-12-22T11:57:15.204Z,1.454,1,600,480x270,1.9150559999999928,1208,
2025-12-22T11:57:15.597Z,1.535,1,600,480x270,1.9323170000000118,1130,
2025-12-22T11:57:16.000Z,1.641,1,600,480x270,1.9155259999999998,1130,
2025-12-22T11:57:16.416Z,1.724,1,600,480x270,2.0054359999999747,1100,
2025-12-22T11:57:16.507Z,1.729,2,1000,640x360,1.9131909999999834,1088,
2025-12-22T11:57:17.167Z,1.51,2,1000,640x360,1.9608690000000024,1088,
2025-12-22T11:57:17.851Z,1.31,2,1000,640x360,1.9651630000000182,1087,
2025-12-22T11:57:18.360Z,1.3,2,1000,640x360,1.9627839999999992,1218,
2025-12-22T11:57:19.006Z,1.15,2,1000,640x360,1.9062440000000151,1151,
2025-12-22T11:57:19.586Z,1.056,2,1000,640x360,1.9426389999999856,1047,
2025-12-22T11:57:20.167Z,1.009,2,1000,640x360,1.9627100000000155,1096,
2025-12-22T11:57:21.107Z,0.567,2,1000,640x360,1.921715000000006,1151,
2025-12-22T11:57:21.176Z,0.554,1,600,480x270,1.9514649999999847,1149,
2025-12-22T11:57:21.623Z,0.525,1,600,480x270,2.0068899999999985,1149,
2025-12-22T11:57:22.014Z,0.628,1,600,480x270,2.0003110000000106,1125,
2025-12-22T11:57:22.463Z,0.705,1,600,480x270,1.953738000000044,1124,
2025-12-22T11:57:22.870Z,0.73,1,600,480x270,1.948757999999998,1154,
2025-12-22T11:57:23.266Z,0.913,1,600,480x270,1.962116999999978,1174,
2025-12-22T11:57:23.607Z,1.052,1,600,480x270,1.9269199999999955,1167,
2025-12-22T11:57:23.965Z,1.18,1,600,480x270,1.9520390000000134,1167,
2025-12-22T11:57:24.307Z,1.35,1,600,480x270,1.9134779999999978,1170,
2025-12-22T11:57:24.668Z,1.5,1,600,480x270,1.9599150000000236,1168,
2025-12-22T11:57:24.746Z,1.475,2,1000,640x360,1.9694380000000251,1177,
2025-12-22T11:57:25.329Z,1.348,2,1000,640x360,1.995792999999992,1177,
2025-12-22T11:57:25.885Z,1.295,2,1000,640x360,1.9297339999999963,1175,
2025-12-22T11:57:26.418Z,1.252,2,1000,640x360,1.9995949999999993,1186,
2025-12-22T11:57:27.009Z,1.142,2,1000,640x360,1.902846000000011,1168,
2025-12-22T11:57:27.600Z,1.039,2,1000,640x360,1.9238409999999817,1237,
2025-12-22T11:57:28.183Z,0.99,2,1000,640x360,1.9339770000000271,1268,
2025-12-22T11:57:28.269Z,0.98,1,600,480x270,1.947683999999981,1238,
2025-12-22T11:57:28.654Z,1.016,1,600,480x270,1.9659480000000258,1238,
2025-12-22T11:57:29.027Z,1.128,1,600,480x270,1.9849629999999934,1238,
2025-12-22T11:57:29.400Z,1.265,1,600,480x270,1.9245860000000334,1213,
2025-12-22T11:57:29.822Z,1.321,1,600,480x270,2.002765000000011,1215,
2025-12-22T11:57:30.150Z,1.509,1,600,480x270,1.9696069999999963,1213,
2025-12-22T11:57:30.488Z,1.656,1,600,480x270,1.9323459999999955,1213,
2025-12-22T11:57:30.849Z,1.792,1,600,480x270,1.9694390000000226,1206,
2025-12-22T11:57:31.237Z,1.918,1,600,480x270,2.0010689999999727,1215,
2025-12-22T11:57:31.650Z,2.013,1,600,480x270,1.971937999999966,1217,
2025-12-22T11:57:31.718Z,2.016,2,1000,640x360,1.902655999999979,1217,
2025-12-22T11:57:32.350Z,1.807,2,1000,640x360,1.9698700000000144,1217,
2025-12-22T11:57:32.986Z,1.683,2,1000,640x360,1.9299030000000243,1230,
2025-12-22T11:57:33.617Z,1.555,2,1000,640x360,2.0020639999999617,1217,
2025-12-22T11:57:34.237Z,1.433,2,1000,640x360,1.9790179999999964,1224,
2025-12-22T11:57:34.925Z,1.261,2,1000,640x360,1.9920629999999733,1262,
2025-12-22T11:57:35.492Z,1.171,2,1000,640x360,1.9364480000000412,1251,
2025-12-22T11:57:36.115Z,1.019,2,1000,640x360,2.0023930000000405,1237,
2025-12-22T11:57:36.831Z,0.84,2,1000,640x360,1.9841610000000287,1226,
2025-12-22T11:57:36.905Z,0.828,1,600,480x270,1.910250000000019,1221,
2025-12-22T11:57:37.295Z,0.869,1,600,480x270,1.9300980000000436,1221,
2025-12-22T11:57:37.649Z,0.977,1,600,480x270,1.9745189999999866,1202,
2025-12-22T11:57:38.025Z,1.111,1,600,480x270,1.997103999999979,1202,
2025-12-22T11:57:38.401Z,1.246,1,600,480x270,1.9268059999999991,1140,
2025-12-22T11:57:38.922Z,1.226,1,600,480x270,1.9918819999999755,1123,
2025-12-22T11:57:39.356Z,1.312,1,600,480x270,1.9834869999999682,1151,
2025-12-22T11:57:39.728Z,1.417,1,600,480x270,1.9943130000000338,1108,
2025-12-22T11:57:40.079Z,1.561,1,600,480x270,1.9343489999999974,1118,
2025-12-22T11:57:40.472Z,1.684,1,600,480x270,1.9428700000000276,1118,
2025-12-22T11:57:40.555Z,1.688,2,1000,640x360,1.959355999999957,1039,
2025-12-22T11:57:41.238Z,1.431,2,1000,640x360,1.9815659999999866,1039,
2025-12-22T11:57:41.916Z,1.242,2,1000,640x360,1.9995840000000271,1033,
2025-12-22T11:57:42.616Z,1.056,2,1000,640x360,2.0032540000000267,1209,
2025-12-22T11:57:43.290Z,0.863,2,1000,640x360,1.9494399999999814,1135,
2025-12-22T11:57:43.974Z,0.7,2,1000,640x360,1.9417740000000094,1135,
2025-12-22T11:57:44.047Z,0.623,1,600,480x270,1.9742500000000405,1039,
2025-12-22T11:57:44.453Z,0.705,1,600,480x270,1.9685840000000212,1039,
2025-12-22T11:57:44.876Z,0.782,1,600,480x270,1.9365000000000236,1043,
2025-12-22T11:57:45.275Z,0.868,1,600,480x270,1.9465450000000146,1011,
2025-12-22T11:57:45.645Z,1,1,600,480x270,1.9716960000000086,1034,
2025-12-22T11:57:46.027Z,1.129,1,600,480x270,1.9929139999999848,1034,
2025-12-22T11:57:46.421Z,1.229,1,600,480x270,1.9996440000000462,1028,
2025-12-22T11:57:46.816Z,1.296,1,600,480x270,1.999791000000016,1030,
2025-12-22T11:57:47.269Z,1.376,1,600,480x270,1.9685460000000035,1019,
2025-12-22T11:57:47.725Z,1.424,1,600,480x270,2.0049789999999916,1131,
2025-12-22T11:57:47.794Z,1.442,2,1000,640x360,1.9336819999999761,1150,
2025-12-22T11:57:48.596Z,1.068,2,1000,640x360,1.927031999999997,1150,
2025-12-22T11:57:49.197Z,0.955,2,1000,640x360,1.9247159999999894,1141,
2025-12-22T11:57:49.756Z,0.919,2,1000,640x360,1.962515000000053,1149,
2025-12-22T11:57:50.312Z,0.849,2,1000,640x360,1.9105029999999488,1211,
2025-12-22T11:57:50.860Z,0.805,2,1000,640x360,1.9647249999999872,1200,
2025-12-22T11:57:51.408Z,0.771,2,1000,640x360,1.9206989999999564,1201,
2025-12-22T11:57:51.498Z,0.765,1,600,480x270,1.9357820000000174,1242,
2025-12-22T11:57:51.827Z,0.83,1,600,480x270,1.9914600000000178,1242,
2025-12-22T11:57:52.164Z,0.993,1,600,480x270,1.9585700000000088,1210,
2025-12-22T11:57:52.482Z,1.175,1,600,480x270,1.9496340000000032,1210,
2025-12-22T11:57:52.832Z,1.315,1,600,480x270,1.9893260000000055,1221,
2025-12-22T11:57:53.195Z,1.459,1,600,480x270,1.9225749999999948,1205,
2025-12-22T11:57:53.550Z,1.569,1,600,480x270,1.9689640000000281,1208,
2025-12-22T11:57:53.920Z,1.718,1,600,480x270,1.9998390000000086,1208,
2025-12-22T11:57:54.296Z,1.842,1,600,480x270,1.9312059999999747,1218,
2025-12-22T11:57:54.624Z,2.01,1,600,480x270,2.003685999999959,1205,
2025-12-22T11:57:55.009Z,2.144,1,600,480x270,1.9041180000000395,1203,
2025-12-22T11:57:55.075Z,2.15,2,1000,640x360,1.940919000000008,1203,
2025-12-22T11:57:55.817Z,1.855,2,1000,640x360,2.002386999999999,1214,
2025-12-22T11:57:56.261Z,1.862,2,1000,640x360,1.9716849999999795,1190,
2025-12-22T11:57:56.719Z,1.931,2,1000,640x360,2.0052729999999883,1158,
2025-12-22T11:57:57.199Z,1.942,2,1000,640x360,1.9238809999999944,1180,
2025-12-22T11:57:57.696Z,1.948,2,1000,640x360,1.9259869999999637,1176,
2025-12-22T11:57:58.672Z,1.497,2,1000,640x360,1.9548539999999548,1173,
2025-12-22T11:57:59.384Z,1.307,2,1000,640x360,1.94366100000002,1221,
2025-12-22T11:57:59.987Z,1.167,2,1000,640x360,1.9378729999999678,1238,
2025-12-22T11:58:00.591Z,1.089,2,1000,640x360,1.9373580000000175,1222,
2025-12-22T11:58:01.163Z,0.989,2,1000,640x360,1.9543729999999755,1230,
2025-12-22T11:58:01.240Z,0.997,1,600,480x270,1.9895710000000122,1221,
2025-12-22T11:58:01.583Z,1.082,1,600,480x270,1.9403029999999717,1221,
2025-12-22T11:58:01.955Z,1.196,1,600,480x270,1.9691839999999843,1220,
2025-12-22T11:58:02.214Z,1.428,1,600,480x270,2.0043100000000322,1227,
2025-12-22T11:58:02.545Z,1.616,1,600,480x270,1.9697180000000003,1229,
2025-12-22T11:58:02.827Z,1.779,1,600,480x270,1.9871919999999932,1229,
2025-12-22T11:58:03.161Z,1.984,1,600,480x270,1.9748599999999783,1237,
2025-12-22T11:58:03.508Z,2.138,1,600,480x270,1.9148229999999558,1230,
2025-12-22T11:58:04.024Z,2.113,1,600,480x270,1.986758000000009,1237,
2025-12-22T11:58:04.470Z,2.181,1,600,480x270,1.9583189999999604,1247,
2025-12-22T11:58:04.644Z,2.138,2,1000,640x360,1.981303999999966,1247,
2025-12-22T11:58:05.156Z,1.99,2,1000,640x360,1.9730089999999905,1253,
2025-12-22T11:58:05.635Z,2.021,2,1000,640x360,2.002778000000035,1250,
2025-12-22T11:58:06.171Z,1.981,2,1000,640x360,1.9583700000000022,1250,
2025-12-22T11:58:06.738Z,1.883,2,1000,640x360,1.977154999999982,1254,
2025-12-22T11:58:07.231Z,1.916,2,1000,640x360,1.9901729999999702,1227,
2025-12-22T11:58:07.900Z,1.742,2,1000,640x360,1.9171079999999847,1248,
2025-12-22T11:58:08.765Z,1.426,2,1000,640x360,1.9577859999999987,1234,
2025-12-22T11:58:09.537Z,1.138,2,1000,640x360,1.9940760000000068,1225,
2025-12-22T11:58:10.266Z,0.967,2,1000,640x360,1.966436999999985,1191,
2025-12-22T11:58:10.346Z,0.901,1,600,480x270,1.9782999999999902,1182,
2025-12-22T11:58:10.731Z,0.926,1,600,480x270,1.9910279999999716,1182,
2025-12-22T11:58:11.137Z,1.006,1,600,480x270,1.9881660000000352,1144,
2025-12-22T11:58:11.529Z,1.13,1,600,480x270,1.9925939999999969,1144,
2025-12-22T11:58:11.932Z,1.209,1,600,480x270,1.9848049999999944,1124,
2025-12-22T11:58:12.307Z,1.349,1,600,480x270,1.9206119999999487,1074,
2025-12-22T11:58:12.746Z,1.4,1,600,480x270,1.973731999999984,1072,
2025-12-22T11:58:13.121Z,1.523,1,600,480x270,2.004413999999997,1051,
2025-12-22T11:58:13.527Z,1.662,1,600,480x270,2.016963999999973,1051,
2025-12-22T11:58:14.016Z,1.643,1,600,480x270,2.002949000000001,1063,
2025-12-22T11:58:14.085Z,1.645,2,1000,640x360,1.933665000000019,1082,
2025-12-22T11:58:14.625Z,1.543,2,1000,640x360,1.99230399999999,1082,
2025-12-22T11:58:15.149Z,1.532,2,1000,640x360,1.9793510000000083,1089,
2025-12-22T11:58:16.016Z,1.137,2,1000,640x360,1.9971269999999777,1210,
2025-12-22T11:58:16.530Z,1.146,2,1000,640x360,1.9948040000000447,1179,
2025-12-22T11:58:17.120Z,1.048,2,1000,640x360,2.0042499999999563,1174,
2025-12-22T11:58:17.725Z,0.967,2,1000,640x360,1.9998850000000061,1167,
2025-12-22T11:58:17.802Z,0.876,1,600,480x270,1.9206929999999716,1176,
2025-12-22T11:58:18.171Z,0.937,1,600,480x270,1.9475160000000074,1176,
2025-12-22T11:58:18.383Z,1.257,1,600,480x270,1.9340530000000058,1182,
2025-12-22T11:58:18.606Z,1.548,1,600,480x270,1.9066399999999817,1182,
2025-12-22T11:58:18.858Z,1.761,1,600,480x270,1.9643639999999891,1182,
2025-12-22T11:58:19.288Z,1.852,1,600,480x270,1.9289359999999647,1171,
2025-12-22T11:58:19.637Z,2.003,1,600,480x270,1.9785379999999577,1153,
2025-12-22T11:58:20.067Z,2.072,1,600,480x270,1.9451549999999997,1193,
2025-12-22T11:58:20.554Z,2.095,1,600,480x270,1.979029999999966,1186,
2025-12-22T11:58:21.038Z,2.102,1,600,480x270,1.9860380000000077,1193,
2025-12-22T11:58:21.206Z,2.12,2,1000,640x360,1.9203820000000178,1193,
2025-12-22T11:58:22.250Z,1.404,2,1000,640x360,1.977878999999973,1193,
2025-12-22T11:58:22.766Z,1.396,2,1000,640x360,1.95726099999996,1235,
2025-12-22T11:58:23.199Z,1.437,2,1000,640x360,1.9233620000000542,1230,
2025-12-22T11:58:23.554Z,1.576,2,1000,640x360,1.967285000000004,1273,
2025-12-22T11:58:23.927Z,1.704,2,1000,640x360,1.9859780000000455,1273,
2025-12-22T11:58:24.326Z,1.845,2,1000,640x360,1.9965929999999616,1246,
2025-12-22T11:58:24.837Z,1.825,2,1000,640x360,1.983947999999998,1263,
2025-12-22T11:58:25.413Z,1.765,2,1000,640x360,1.9220589999999902,1268,
2025-12-22T11:58:25.931Z,1.71,2,1000,640x360,1.9898860000000127,1268,
2025-12-22T11:58:26.373Z,1.8,2,1000,640x360,1.9679679999999848,1259,
2025-12-22T11:58:27.026Z,1.64,2,1000,640x360,1.9931300000000078,1310,
2025-12-22T11:58:27.752Z,1.403,2,1000,640x360,1.9623710000000187,1300,
2025-12-22T11:58:28.624Z,1.036,2,1000,640x360,1.9936989999999923,1332,
2025-12-22T11:58:29.359Z,0.824,2,1000,640x360,1.9686940000000277,1304,
2025-12-22T11:58:29.433Z,0.812,1,600,480x270,1.9992369999999937,1297,
2025-12-22T11:58:29.914Z,0.731,1,600,480x270,2.0019649999999842,1297,
2025-12-22T11:58:30.336Z,0.851,1,600,480x270,1.9985419999999863,1268,
2025-12-22T11:58:30.695Z,0.96,1,600,480x270,1.9323370000000182,1208,
2025-12-22T11:58:31.114Z,1.031,1,600,480x270,2.003595999999959,1214,
2025-12-22T11:58:31.556Z,1.102,1,600,480x270,1.959450000000004,1214,
2025-12-22T11:58:31.898Z,1.201,1,600,480x270,1.9188500000000204,1177,
2025-12-22T11:58:32.177Z,1.473,1,600,480x270,1.9461220000000026,1145,
2025-12-22T11:58:32.471Z,1.69,1,600,480x270,1.95924500000001,1145,
2025-12-22T11:58:32.790Z,1.869,1,600,480x270,1.9338319999999953,1145,
2025-12-22T11:58:32.860Z,1.87,2,1000,640x360,1.9566240000000334,1090,
2025-12-22T11:58:33.721Z,1.441,2,1000,640x360,2.0024099999999976,1090,
2025-12-22T11:58:34.895Z,0.787,2,1000,640x360,1.929108000000042,1051,
2025-12-22T11:58:35.716Z,0.51,2,1000,640x360,2.000109000000009,996,
2025-12-22T11:58:35.876Z,0.284,2,1000,640x360,1.9385559999999487,972,rebuffer happen
2025-12-22T11:58:36.422Z,0.221,2,1000,640x360,2.0056699999999523,972,
2025-12-22T11:58:36.501Z,0.242,1,600,480x270,1.9269049999999766,985,
2025-12-22T11:58:36.640Z,0.059,1,600,480x270,1.9791850000000295,985,rebuffer happen
2025-12-22T11:58:36.723Z,0.019,1,600,480x270,2.0147790000000327,985,rebuffer happen
2025-12-22T11:58:37.007Z,0.185,1,600,480x270,1.950616000000025,985,
2025-12-22T11:58:37.191Z,0.025,1,600,480x270,1.9816359999999804,981,rebuffer happen
2025-12-22T11:58:37.488Z,0.259,1,600,480x270,2.0171439999999734,981,
2025-12-22T11:58:37.935Z,0.311,1,600,480x270,2.064452000000017,965,
2025-12-22T11:58:37.955Z,0.29,1,600,480x270,2.0444420000000036,943,rebuffer happen
2025-12-22T11:58:38.385Z,0.365,1,600,480x270,2.017261000000019,943,
2025-12-22T11:58:38.527Z,0.2,1,600,480x270,2.0673700000000395,956,rebuffer happen
2025-12-22T11:58:38.800Z,0.376,1,600,480x270,1.957982999999956,956,
2025-12-22T11:58:38.983Z,0.277,1,600,480x270,1.9655159999999796,952,rebuffer happen
2025-12-22T11:58:39.203Z,0.482,1,600,480x270,1.9569430000000239,952,
2025-12-22T11:58:39.621Z,0.575,1,600,480x270,2.0349160000000097,921,
2025-12-22T11:58:40.049Z,0.61,1,600,480x270,1.9845699999999624,921,
2025-12-22T11:58:40.500Z,0.67,1,600,480x270,1.9346120000000155,914,
2025-12-22T11:58:41.015Z,0.625,1,600,480x270,2.000005000000044,919,
2025-12-22T11:58:41.409Z,0.75,1,600,480x270,1.9116730000000075,888,
2025-12-22T11:58:41.745Z,0.921,1,600,480x270,1.9758319999999685,929,
2025-12-22T11:58:42.013Z,1.137,1,600,480x270,1.9992980000000102,930,
2025-12-22T11:58:42.308Z,1.356,1,600,480x270,1.925942999999961,930,
2025-12-22T11:58:42.616Z,1.53,1,600,480x270,2.008020999999985,989,
2025-12-22T11:58:43.008Z,1.714,1,600,480x270,1.9058440000000019,989,
2025-12-22T11:58:43.091Z,1.578,2,1000,640x360,1.9244410000000016,1040,
2025-12-22T11:58:43.599Z,1.56,2,1000,640x360,1.9206270000000245,1040,
2025-12-22T11:58:44.110Z,1.529,2,1000,640x360,1.9075070000000096,1055,
2025-12-22T11:58:44.594Z,1.581,2,1000,640x360,1.9297470000000203,1078,
2025-12-22T11:58:45.185Z,1.465,2,1000,640x360,1.9467309999999998,1083,
2025-12-22T11:58:45.669Z,1.485,2,1000,640x360,1.9466469999999845,1092,
2025-12-22T11:58:46.159Z,1.517,2,1000,640x360,1.9623100000000022,1102,
2025-12-22T11:58:46.679Z,1.49,2,1000,640x360,1.9466109999999617,1102,
2025-12-22T11:58:47.233Z,1.433,2,1000,640x360,1.984346999999957,1107,
2025-12-22T11:58:47.756Z,1.407,2,1000,640x360,1.9611620000000016,1159,
2025-12-22T11:58:48.116Z,1.537,2,1000,640x360,1.9984029999999962,1187,
2025-12-22T11:58:48.459Z,1.704,2,1000,640x360,1.9608920000000012,1187,
2025-12-22T11:58:48.920Z,1.719,2,1000,640x360,1.9939380000000142,1213,
2025-12-22T11:58:49.727Z,1.453,2,1000,640x360,1.9948539999999753,1214,
2025-12-22T11:58:50.516Z,1.161,2,1000,640x360,2.006413000000009,1218,
2025-12-22T11:58:51.113Z,1.03,2,1000,640x360,2.0025870000000054,1208,
2025-12-22T11:58:51.518Z,1.159,2,1000,640x360,2.0116780000000176,1221,
2025-12-22T11:58:51.931Z,1.224,2,1000,640x360,1.998248999999987,1229,
2025-12-22T11:58:52.386Z,1.286,2,1000,640x360,1.9411270000000513,1267,
2025-12-22T11:58:52.884Z,1.257,2,1000,640x360,1.9391179999999508,1250,
2025-12-22T11:58:53.280Z,1.361,2,1000,640x360,1.940053999999975,1305,
2025-12-22T11:58:53.913Z,1.263,2,1000,640x360,1.9990999999999985,1288,
2025-12-22T11:58:55.095Z,0.555,2,1000,640x360,1.9171179999999595,1294,
2025-12-22T11:58:55.174Z,0.563,1,600,480x270,1.9395640000000185,1328,
2025-12-22T11:58:55.431Z,0.228,1,600,480x270,1.981932000000029,1328,rebuffer happen
2025-12-22T11:58:55.712Z,0.462,1,600,480x270,1.9103660000000104,1328,
2025-12-22T11:58:56.138Z,0.522,1,600,480x270,1.990175000000022,1327,
2025-12-22T11:58:56.600Z,0.537,1,600,480x270,1.9194090000000301,1327,
2025-12-22T11:58:56.998Z,0.661,1,600,480x270,1.913864999999987,1404,
2025-12-22T11:58:57.422Z,0.739,1,600,480x270,1.9947729999999524,1362,
2025-12-22T11:58:57.814Z,0.845,1,600,480x270,1.9994939999999701,1345,
2025-12-22T11:58:58.126Z,1.019,1,600,480x270,2.0038419999999633,1343,
2025-12-22T11:58:58.394Z,1.239,1,600,480x270,1.9260479999999802,1343,
2025-12-22T11:58:58.799Z,1.424,1,600,480x270,1.9152429999999754,1370,
2025-12-22T11:58:58.874Z,1.361,2,1000,640x360,1.9435379999999896,1395,
2025-12-22T11:58:59.920Z,0.791,2,1000,640x360,1.996469999999988,1395,
2025-12-22T11:59:00.607Z,0.562,2,1000,640x360,1.9100420000000327,1372,
2025-12-22T11:59:01.089Z,0.549,2,1000,640x360,1.92483500000003,1338,
2025-12-22T11:59:01.571Z,0.595,2,1000,640x360,1.94449800000001,1345,
2025-12-22T11:59:02.074Z,0.593,2,1000,640x360,1.9390539999999987,1318,
2025-12-22T11:59:02.611Z,0.558,2,1000,640x360,1.9062490000000025,1325,
2025-12-22T11:59:02.680Z,0.552,1,600,480x270,1.9352089999999862,1319,
2025-12-22T11:59:02.977Z,0.656,1,600,480x270,1.944475999999952,1319,
2025-12-22T11:59:03.219Z,0.9,1,600,480x270,2.012813000000051,1319,
2025-12-22T11:59:03.523Z,1.121,1,600,480x270,2.0012009999999805,1307,
2025-12-22T11:59:03.822Z,1.335,1,600,480x270,1.9946820000000116,1307,
2025-12-22T11:59:04.184Z,1.476,1,600,480x270,1.9455330000000117,1280,
2025-12-22T11:59:04.470Z,1.702,1,600,480x270,1.9550880000000461,1272,
2025-12-22T11:59:04.796Z,1.855,1,600,480x270,1.9218200000000252,1272,
2025-12-22T11:59:05.754Z,1.412,1,600,480x270,1.9602050000000304,1222,
2025-12-22T11:59:06.191Z,1.468,1,600,480x270,1.9437770000000114,1217,
2025-12-22T11:59:06.265Z,1.474,2,1000,640x360,1.9648940000000152,1235,
2025-12-22T11:59:06.921Z,1.267,2,1000,640x360,1.9993579999999724,1235,
2025-12-22T11:59:07.348Z,1.327,2,1000,640x360,1.9850149999999758,1211,
2025-12-22T11:59:07.966Z,1.211,2,1000,640x360,1.9506089999999858,1242,
2025-12-22T11:59:08.546Z,1.106,2,1000,640x360,1.9717810000000213,1267,
2025-12-22T11:59:08.889Z,1.217,2,1000,640x360,1.9247100000000046,1277,
2025-12-22T11:59:09.357Z,1.295,2,1000,640x360,1.9749239999999872,1271,
2025-12-22T11:59:09.907Z,1.255,2,1000,640x360,1.9149710000000368,1318,
2025-12-22T11:59:10.450Z,1.192,2,1000,640x360,1.967360000000042,1292,
2025-12-22T11:59:11.060Z,1.076,2,1000,640x360,1.9569859999999721,1313,
2025-12-22T11:59:11.662Z,1.006,2,1000,640x360,1.9649540000000343,1303,
2025-12-22T11:59:12.253Z,0.924,2,1000,640x360,1.9702369999999974,1320,
2025-12-22T11:59:12.334Z,0.888,1,600,480x270,1.9942829999999958,1302,
2025-12-22T11:59:12.668Z,0.939,1,600,480x270,1.9544860000000313,1302,
2025-12-22T11:59:13.011Z,1.151,1,600,480x270,1.9008969999999863,1295,
2025-12-22T11:59:13.339Z,1.277,1,600,480x270,1.9931770000000029,1295,
2025-12-22T11:59:13.656Z,1.493,1,600,480x270,1.9668080000000145,1243,
2025-12-22T11:59:13.967Z,1.666,1,600,480x270,1.9640249999999924,1243,
2025-12-22T11:59:14.321Z,1.826,1,600,480x270,2.0017250000000217,1214,
2025-12-22T11:59:14.670Z,1.967,1,600,480x270,1.9450620000000072,1326,
2025-12-22T11:59:14.963Z,2.174,1,600,480x270,1.9537479999999618,1300,
2025-12-22T11:59:15.506Z,2.137,1,600,480x270,1.9128630000000157,1314,
2025-12-22T11:59:15.728Z,2.158,2,1000,640x360,1.991378999999995,1314,
2025-12-22T11:59:16.214Z,1.951,2,1000,640x360,2.0048830000000066,1314,
2025-12-22T11:59:16.677Z,1.963,2,1000,640x360,1.9517740000000003,1319,
2025-12-22T11:59:17.146Z,1.997,2,1000,640x360,1.976095999999984,1330,
2025-12-22T11:59:17.661Z,1.949,2,1000,640x360,1.9584970000000226,1322,
2025-12-22T11:59:18.194Z,1.946,2,1000,640x360,1.9210449999999923,1344,
2025-12-22T11:59:18.665Z,1.971,2,1000,640x360,1.9559849999999983,1349,
2025-12-22T11:59:19.181Z,1.959,2,1000,640x360,1.9527709999999843,1359,
2025-12-22T11:59:19.910Z,1.751,2,1000,640x360,1.9079780000000142,1342,
2025-12-22T11:59:20.410Z,1.729,2,1000,640x360,1.9141759999999977,1362,
2025-12-22T11:59:20.932Z,1.738,2,1000,640x360,1.981899999999996,1388,
2025-12-22T11:59:21.675Z,1.492,2,1000,640x360,1.945178999999996,1368,
2025-12-22T11:59:22.372Z,1.266,2,1000,640x360,1.947678000000053,1398,
2025-12-22T11:59:23.089Z,1.071,2,1000,640x360,1.932801999999981,1446,
2025-12-22T11:59:23.780Z,0.856,2,1000,640x360,1.9452620000000138,1401,
2025-12-22T11:59:23.846Z,0.88,1,600,480x270,1.9736250000000268,1399,
2025-12-22T11:59:24.196Z,0.915,1,600,480x270,1.919871999999998,1399,
2025-12-22T11:59:24.496Z,1.137,1,600,480x270,1.9192540000000236,1366,
2025-12-22T11:59:24.533Z,1.582,1,600,480x270,1.989180000000033,1366,
2025-12-22T11:59:25.472Z,1.196,1,600,480x270,1.955075000000022,1366,
2025-12-22T11:59:26.158Z,1.005,1,600,480x270,1.9675209999999765,1305,
2025-12-22T11:59:26.637Z,1.03,1,600,480x270,2.001876999999979,1193,
2025-12-22T11:59:27.001Z,1.169,1,600,480x270,1.930308000000025,1177,
2025-12-22T11:59:27.337Z,1.29,1,600,480x270,1.9861679999999637,1188,
2025-12-22T11:59:27.406Z,1.271,2,1000,640x360,1.9162749999999846,1177,
2025-12-22T11:59:27.986Z,1.179,2,1000,640x360,1.9322419999999738,1177,
2025-12-22T11:59:28.570Z,1.097,2,1000,640x360,1.9537629999999808,1187,
2025-12-22T11:59:29.139Z,1.011,2,1000,640x360,1.9859899999999584,1203,
2025-12-22T11:59:29.718Z,0.968,2,1000,640x360,2.004359000000022,1206,
2025-12-22T11:59:30.310Z,0.819,2,1000,640x360,1.902642999999955,1214,
2025-12-22T11:59:30.859Z,0.82,2,1000,640x360,1.9691629999999805,1186,
2025-12-22T11:59:30.934Z,0.799,1,600,480x270,1.987769999999955,1179,
2025-12-22T11:59:31.271Z,0.873,1,600,480x270,1.9519379999999842,1179,
2025-12-22T11:59:31.633Z,1.023,1,600,480x270,1.9933639999999855,1158,
2025-12-22T11:59:31.989Z,1.163,1,600,480x270,1.9318349999999782,1158,
2025-12-22T11:59:32.349Z,1.311,1,600,480x270,1.971542999999997,1215,
2025-12-22T11:59:32.723Z,1.407,1,600,480x270,1.9986260000000016,1193,
2025-12-22T11:59:33.077Z,1.574,1,600,480x270,1.9412680000000364,1205,
2025-12-22T11:59:33.444Z,1.724,1,600,480x270,1.9815029999999751,1205,
2025-12-22T11:59:33.812Z,1.841,1,600,480x270,1.9127550000000042,1202,
2025-12-22T11:59:34.135Z,1.995,1,600,480x270,1.9878060000000346,1211,
2025-12-22T11:59:34.459Z,2.252,1,600,480x270,1.9773979999999938,1187,
2025-12-22T11:59:34.537Z,2.22,2,1000,640x360,2.0055490000000304,1187,
2025-12-22T11:59:35.060Z,2.091,2,1000,640x360,1.9576079999999934,1205,
2025-12-22T11:59:36.087Z,1.561,2,1000,640x360,1.929097000000013,1216,
2025-12-22T11:59:36.691Z,1.469,2,1000,640x360,1.9230809999999678,1201,
2025-12-22T11:59:37.167Z,1.498,2,1000,640x360,1.962914000000012,1222,
2025-12-22T11:59:37.679Z,1.474,2,1000,640x360,1.946469000000036,1269,
2025-12-22T11:59:38.178Z,1.487,2,1000,640x360,1.9505010000000311,1311,
2025-12-22T11:59:38.683Z,1.471,2,1000,640x360,1.947607000000005,1302,
2025-12-22T11:59:39.180Z,1.485,2,1000,640x360,1.9445140000000265,1341,
2025-12-22T11:59:39.682Z,1.479,2,1000,640x360,1.9399879999999712,1329,
2025-12-22T11:59:40.226Z,1.436,2,1000,640x360,1.9947139999999877,1341,
2025-12-22T11:59:40.750Z,1.402,2,1000,640x360,1.966844999999978,1376,
2025-12-22T11:59:41.182Z,1.485,2,1000,640x360,1.9481959999999958,1361,
2025-12-22T11:59:41.709Z,1.461,2,1000,640x360,1.9108209999999985,1356,
2025-12-22T11:59:42.282Z,1.394,2,1000,640x360,1.9622249999999894,1349,
2025-12-22T11:59:42.767Z,1.401,2,1000,640x360,1.9604199999999992,1339,
2025-12-22T11:59:43.261Z,1.389,2,1000,640x360,1.9518640000000005,1348,
2025-12-22T11:59:43.859Z,1.325,2,1000,640x360,1.9560109999999895,1326,
2025-12-22T11:59:44.180Z,1.473,2,1000,640x360,1.938592999999969,1330,
2025-12-22T11:59:44.628Z,1.546,2,1000,640x360,1.9920270000000073,1333,
2025-12-22T11:59:45.143Z,1.534,2,1000,640x360,1.978399999999965,1333,
2025-12-22T11:59:45.585Z,1.565,2,1000,640x360,1.934866999999997,1331,
2025-12-22T11:59:46.051Z,1.599,2,1000,640x360,1.9677969999999618,1329,
2025-12-22T11:59:46.524Z,1.64,2,1000,640x360,2.007909999999981,1319,
2025-12-22T11:59:47.268Z,1.396,2,1000,640x360,1.9538709999999924,1331,
2025-12-22T11:59:48.013Z,1.138,2,1000,640x360,1.9998989999999708,1259,
2025-12-22T11:59:48.629Z,1.034,2,1000,640x360,1.9864310000000387,1278,
2025-12-22T11:59:49.242Z,0.929,2,1000,640x360,1.9795210000000338,1306,
2025-12-22T11:59:49.323Z,0.924,1,600,480x270,1.8979750000000308,1347,
2025-12-22T11:59:49.722Z,0.931,1,600,480x270,1.9929260000000113,1347,
2025-12-22T11:59:50.226Z,0.96,1,600,480x270,2.0059310000000323,1352,
2025-12-22T11:59:50.531Z,1.126,1,600,480x270,2.0046859999999924,1342,
2025-12-22T11:59:50.850Z,1.286,1,600,480x270,1.9674980000000346,1342,
2025-12-22T11:59:51.178Z,1.433,1,600,480x270,1.942149000000029,1345,
2025-12-22T11:59:51.493Z,1.645,1,600,480x270,1.922839999999951,1332,
2025-12-22T11:59:51.762Z,1.843,1,600,480x270,1.9641919999999686,1332,
2025-12-22T11:59:52.003Z,2.137,1,600,480x270,1.9144430000000057,1313,
2025-12-22T11:59:52.437Z,2.07,1,600,480x270,1.9775730000000067,1321,
2025-12-22T11:59:52.722Z,1.995,2,1000,640x360,1.8932140000000004,1321,
2025-12-22T11:59:53.180Z,1.97,2,1000,640x360,1.9436850000000163,1321,
2025-12-22T11:59:53.855Z,1.807,2,1000,640x360,1.967000999999982,1303,
2025-12-22T11:59:54.526Z,1.619,2,1000,640x360,1.9974679999999694,1277,
2025-12-22T11:59:55.141Z,1.514,2,1000,640x360,1.9782089999999926,1288,
2025-12-22T11:59:55.787Z,1.39,2,1000,640x360,1.9352399999999648,1260,
2025-12-22T11:59:56.442Z,1.21,2,1000,640x360,1.9818099999999959,1218,
2025-12-22T11:59:56.971Z,1.168,2,1000,640x360,1.9525109999999586,1216,
2025-12-22T11:59:57.662Z,1.044,2,1000,640x360,1.953138000000024,1238,
2025-12-22T11:59:57.731Z,0.956,1,600,480x270,1.99008699999996,1238,
2025-12-22T11:59:58.027Z,1.077,1,600,480x270,1.985352999999975,1238,
2025-12-22T11:59:58.298Z,1.367,1,600,480x270,1.93059199999999,1222,
2025-12-22T11:59:58.606Z,1.555,1,600,480x270,1.915187000000003,1296,
2025-12-22T11:59:58.980Z,1.659,1,600,480x270,1.9373229999999921,1296,
2025-12-22T11:59:59.324Z,1.856,1,600,480x270,2.0092690000000175,1273,
2025-12-22T11:59:59.676Z,1.977,1,600,480x270,1.9483599999999797,1288,
2025-12-22T12:00:00.072Z,2.058,1,600,480x270,2.0280579999999873,1260,
2025-12-22T12:00:00.472Z,2.136,1,600,480x270,1.999324999999999,1260,
2025-12-22T12:00:01.009Z,2.062,1,600,480x270,1.9297259999999596,1296,
2025-12-22T12:00:01.146Z,1.957,2,1000,640x360,1.9959430000000111,1280,
2025-12-22T12:00:01.695Z,1.869,2,1000,640x360,1.928637999999978,1280,
2025-12-22T12:00:02.246Z,1.813,2,1000,640x360,1.981363999999985,1263,
2025-12-22T12:00:02.802Z,1.736,2,1000,640x360,1.927726000000007,1236,
2025-12-22T12:00:03.351Z,1.718,2,1000,640x360,1.9843779999999924,1244,
2025-12-22T12:00:03.919Z,1.643,2,1000,640x360,1.9984320000000366,1234,
2025-12-22T12:00:04.477Z,1.585,2,1000,640x360,1.941393000000005,1279,
2025-12-22T12:00:05.011Z,1.545,2,1000,640x360,1.9002199999999903,1258,
2025-12-22T12:00:05.554Z,1.503,2,1000,640x360,1.962534000000005,1266,
2025-12-22T12:00:06.102Z,1.45,2,1000,640x360,1.9274609999999939,1292,
2025-12-22T12:00:06.618Z,1.453,2,1000,640x360,2.0041229999999928,1266,
2025-12-22T12:00:07.121Z,1.434,2,1000,640x360,2.0016880000000015,1300,
2025-12-22T12:00:07.624Z,1.44,2,1000,640x360,1.9977210000000127,1279,
2025-12-22T12:00:08.131Z,1.425,2,1000,640x360,1.9869150000000104,1248,
2025-12-22T12:00:08.631Z,1.424,2,1000,640x360,1.987562999999966,1249,
2025-12-22T12:00:09.134Z,1.407,2,1000,640x360,1.9906670000000304,1216,
2025-12-22T12:00:09.637Z,1.421,2,1000,640x360,1.9887599999999566,1215,
2025-12-22T12:00:10.137Z,1.419,2,1000,640x360,1.9935859999999934,1209,
2025-12-22T12:00:10.665Z,1.393,2,1000,640x360,1.9527490000000398,1321,
2025-12-22T12:00:11.178Z,1.373,2,1000,640x360,1.9479729999999904,1287,
2025-12-22T12:00:11.673Z,1.377,2,1000,640x360,1.9470319999999788,1290,
2025-12-22T12:00:12.188Z,1.356,2,1000,640x360,1.9293289999999388,1287,
2025-12-22T12:00:12.697Z,1.335,2,1000,640x360,1.92015200000003,1290,
2025-12-22T12:00:13.202Z,1.36,2,1000,640x360,1.9245030000000725,1324,
2025-12-22T12:00:13.769Z,1.33,2,1000,640x360,1.9471680000000333,1315,
2025-12-22T12:00:14.613Z,0.968,2,1000,640x360,1.9024800000000823,1311,
2025-12-22T12:00:14.683Z,0.942,1,600,480x270,1.9316099999999778,1208,
2025-12-22T12:00:15.161Z,0.917,1,600,480x270,1.9719660000000658,1208,
2025-12-22T12:00:15.672Z,0.893,1,600,480x270,1.9466579999999567,1322,
2025-12-22T12:00:16.157Z,0.901,1,600,480x270,1.959626999999955,1254,
2025-12-22T12:00:16.693Z,0.83,1,600,480x270,1.9339899999999943,1254,
2025-12-22T12:00:17.222Z,0.857,1,600,480x270,2.0012479999999186,1146,
2025-12-22T12:00:17.736Z,0.825,1,600,480x270,1.9914099999999735,1075,
2025-12-22T12:00:18.258Z,0.806,1,600,480x270,1.964890999999966,1087,
2025-12-22T12:00:18.769Z,0.79,1,600,480x270,1.9547440000000051,1063,
2025-12-22T12:00:19.375Z,0.715,1,600,480x270,1.9510230000000774,1048,
2025-12-22T12:00:19.744Z,0.82,1,600,480x270,1.984156999999982,1008,
2025-12-22T12:00:20.063Z,0.969,1,600,480x270,1.9544060000000627,1053,
2025-12-22T12:00:20.471Z,1.093,1,600,480x270,1.9628300000000536,1053,
2025-12-22T12:00:20.538Z,1.099,2,1000,640x360,2.0041889999999967,1076,
2025-12-22T12:00:21.093Z,0.982,2,1000,640x360,1.923622000000023,1076,
2025-12-22T12:00:21.639Z,0.923,2,1000,640x360,1.9809639999999717,1110,
2025-12-22T12:00:22.212Z,0.846,2,1000,640x360,1.9079510000000255,1241,
2025-12-22T12:00:22.857Z,0.69,2,1000,640x360,1.959021000000007,1241,
2025-12-22T12:00:23.440Z,0.616,2,1000,640x360,1.980203000000074,1221,
2025-12-22T12:00:24.033Z,0.52,2,1000,640x360,1.9832010000000082,1230,
2025-12-22T12:00:24.105Z,0.52,1,600,480x270,1.9135519999999815,1223,
2025-12-22T12:00:24.453Z,0.606,1,600,480x270,1.9839030000000548,1223,
2025-12-22T12:00:24.779Z,0.776,1,600,480x270,1.9503089999999474,1246,
2025-12-22T12:00:25.122Z,0.924,1,600,480x270,1.991359999999986,1226,
2025-12-22T12:00:25.469Z,1.079,1,600,480x270,1.945728000000031,1226,
2025-12-22T12:00:25.817Z,1.229,1,600,480x270,1.9965700000000197,1221,
2025-12-22T12:00:26.172Z,1.366,1,600,480x270,1.9546589999999924,1226,
2025-12-22T12:00:26.552Z,1.508,1,600,480x270,1.9699909999999363,1235,
2025-12-22T12:00:26.916Z,1.638,1,600,480x270,1.9994439999999258,1235,
2025-12-22T12:00:27.208Z,1.838,1,600,480x270,1.9136859999999842,1294,
2025-12-22T12:00:27.495Z,2.041,1,600,480x270,1.921467000000007,1285,
2025-12-22T12:00:27.568Z,2.046,2,1000,640x360,1.948641000000066,1285,
2025-12-22T12:00:28.087Z,1.955,2,1000,640x360,1.939752999999996,1285,
2025-12-22T12:00:28.603Z,1.96,2,1000,640x360,1.933224999999993,1280,
2025-12-22T12:00:29.105Z,1.94,2,1000,640x360,1.9240349999998898,1276,
2025-12-22T12:00:29.586Z,1.983,2,1000,640x360,1.9468480000000454,1276,
2025-12-22T12:00:30.073Z,1.977,2,1000,640x360,1.949657000000002,1286,
2025-12-22T12:00:30.581Z,1.967,2,1000,640x360,1.9438780000000406,1294,
2025-12-22T12:00:31.098Z,1.944,2,1000,640x360,1.9241639999999052,1298,
2025-12-22T12:00:31.616Z,1.929,2,1000,640x360,1.9994540000000143,1290,
2025-12-22T12:00:32.148Z,1.899,2,1000,640x360,1.9748650000000225,1312,
2025-12-22T12:00:32.670Z,1.881,2,1000,640x360,1.950044000000048,1293,
2025-12-22T12:00:33.351Z,1.732,2,1000,640x360,1.9914689999999382,1306,
2025-12-22T12:00:34.035Z,1.52,2,1000,640x360,1.9800670000000764,1282,
2025-12-22T12:00:34.731Z,1.299,2,1000,640x360,1.9855590000000802,1265,
2025-12-22T12:00:35.435Z,1.149,2,1000,640x360,1.9790890000000445,1193,
2025-12-22T12:00:36.144Z,0.912,2,1000,640x360,1.9773020000000088,1309,
2025-12-22T12:00:36.218Z,0.901,1,600,480x270,1.9047440000000506,1205,
2025-12-22T12:00:36.675Z,0.897,1,600,480x270,1.9528149999999869,1205,
2025-12-22T12:00:37.123Z,0.929,1,600,480x270,2.000479000000041,1225,
2025-12-22T12:00:37.556Z,0.992,1,600,480x270,1.9688110000000734,1225,
2025-12-22T12:00:37.983Z,1.073,1,600,480x270,1.9364689999999882,1225,
2025-12-22T12:00:38.436Z,1.118,1,600,480x270,1.9851069999999709,1223,
2025-12-22T12:00:38.820Z,1.233,1,600,480x270,2.0002969999999323,1183,
2025-12-22T12:00:39.253Z,1.295,1,600,480x270,1.9643219999999246,1180,
2025-12-22T12:00:39.569Z,1.476,1,600,480x270,1.95331299999998,1169,
2025-12-22T12:00:39.649Z,1.486,2,1000,640x360,1.973512000000028,1169,
2025-12-22T12:00:40.176Z,1.375,2,1000,640x360,1.9560379999999213,1169,
2025-12-22T12:00:40.706Z,1.367,2,1000,640x360,1.9236310000000003,1190,
2025-12-22T12:00:41.226Z,1.341,2,1000,640x360,2.0029049999999415,1196,
2025-12-22T12:00:41.734Z,1.346,2,1000,640x360,1.9924129999999423,1178,
2025-12-22T12:00:42.261Z,1.297,2,1000,640x360,1.9595709999999826,1293,
2025-12-22T12:00:42.767Z,1.279,2,1000,640x360,1.9484219999999368,1260,
2025-12-22T12:00:43.297Z,1.272,2,1000,640x360,1.930011000000036,1268,
2025-12-22T12:00:43.804Z,1.241,2,1000,640x360,1.9119910000000573,1264,
2025-12-22T12:00:44.324Z,1.242,2,1000,640x360,1.998158999999987,1270,
2025-12-22T12:00:44.846Z,1.213,2,1000,640x360,1.9823089999999866,1276,
2025-12-22T12:00:45.364Z,1.209,2,1000,640x360,1.9684280000000172,1280,
2025-12-22T12:00:45.908Z,1.153,2,1000,640x360,1.9119460000000572,1277,
2025-12-22T12:00:46.437Z,1.12,2,1000,640x360,1.9876940000000332,1284,
2025-12-22T12:00:46.972Z,1.098,2,1000,640x360,1.950612000000092,1298,
2025-12-22T12:00:47.513Z,1.037,2,1000,640x360,2.00454000000002,1295,
2025-12-22T12:00:48.046Z,1.01,2,1000,640x360,1.9686209999999846,1288,
2025-12-22T12:00:48.572Z,0.989,2,1000,640x360,1.9474800000000414,1290,
2025-12-22T12:00:48.650Z,0.985,1,600,480x270,1.9766049999999495,1275,
2025-12-22T12:00:48.968Z,1.077,1,600,480x270,1.9456689999999526,1275,
2025-12-22T12:00:49.279Z,1.27,1,600,480x270,1.9537280000000692,1254,
2025-12-22T12:00:49.605Z,1.451,1,600,480x270,1.9177940000000717,1304,
2025-12-22T12:00:49.927Z,1.622,1,600,480x270,1.998211000000083,1304,
2025-12-22T12:00:50.250Z,1.809,1,600,480x270,1.9914099999999735,1273,
2025-12-22T12:00:50.582Z,1.968,1,600,480x270,1.9484080000000858,1281,
2025-12-22T12:00:50.917Z,2.125,1,600,480x270,2.003167000000076,1281,
2025-12-22T12:00:51.462Z,2.095,1,600,480x270,1.9621180000000322,1260,
2025-12-22T12:00:51.912Z,2.118,1,600,480x270,1.8994089999999915,1286,
2025-12-22T12:00:52.054Z,2.128,2,1000,640x360,1.9694180000000188,1276,
2025-12-22T12:00:52.903Z,1.697,2,1000,640x360,1.921699999999987,1276,
2025-12-22T12:00:53.758Z,1.329,2,1000,640x360,1.968757000000096,1197,
2025-12-22T12:00:54.626Z,0.952,2,1000,640x360,2.00682699999993,1109,
2025-12-22T12:00:55.457Z,0.593,2,1000,640x360,1.9667200000000093,1074,
2025-12-22T12:00:55.526Z,0.603,1,600,480x270,1.9930370000000721,1032,
2025-12-22T12:00:55.799Z,0.256,1,600,480x270,1.9248290000000452,1032,rebuffer happen
2025-12-22T12:00:56.037Z,0.521,1,600,480x270,1.979628000000048,1032,
2025-12-22T12:00:56.326Z,0.3,1,600,480x270,1.9924949999999626,954,rebuffer happen
2025-12-22T12:00:56.601Z,0.46,1,600,480x270,1.9179080000000113,954,
2025-12-22T12:00:56.856Z,0.233,1,600,480x270,1.9587119999999913,1075,rebuffer happen
2025-12-22T12:00:56.971Z,0.284,1,600,480x270,1.9433559999999943,1075,rebuffer happen
2025-12-22T12:00:57.151Z,0.43,1,600,480x270,1.9848269999999957,1075,
2025-12-22T12:00:57.354Z,0.248,1,600,480x270,1.9747209999999313,988,rebuffer happen
2025-12-22T12:00:57.502Z,0.297,1,600,480x270,1.934951999999953,988,rebuffer happen
2025-12-22T12:00:57.668Z,0.401,1,600,480x270,1.9532779999999548,988,
2025-12-22T12:00:57.766Z,0.293,1,600,480x270,1.9514520000000175,970,rebuffer happen
2025-12-22T12:00:58.176Z,0.383,1,600,480x270,1.9481499999999414,970,
2025-12-22T12:00:58.304Z,0.274,1,600,480x270,1.9432069999999158,938,rebuffer happen
2025-12-22T12:00:58.614Z,0.445,1,600,480x270,2.020893000000001,938,
2025-12-22T12:00:58.839Z,0.297,1,600,480x270,1.9921939999999267,938,rebuffer happen
2025-12-22T12:00:59.037Z,0.527,1,600,480x270,1.9864220000000614,938,
2025-12-22T12:00:59.454Z,0.605,1,600,480x270,1.9648400000000947,959,
2025-12-22T12:00:59.868Z,0.685,1,600,480x270,1.9460229999999683,938,
2025-12-22T12:01:00.279Z,0.775,1,600,480x270,1.9391290000000936,965,
2025-12-22T12:01:00.697Z,0.854,1,600,480x270,1.9287400000000616,942,
2025-12-22T12:01:01.109Z,0.943,1,600,480x270,1.9070679999999811,973,
2025-12-22T12:01:01.524Z,1.036,1,600,480x270,2.0022780000000466,973,
2025-12-22T12:01:01.945Z,1.109,1,600,480x270,1.969261000000074,987,
2025-12-22T12:01:02.011Z,1.087,2,1000,640x360,1.902243999999996,1084,
2025-12-22T12:01:02.702Z,0.893,2,1000,640x360,1.9315840000000435,1084,
2025-12-22T12:01:03.337Z,0.717,2,1000,640x360,1.9820369999999912,1078,
2025-12-22T12:01:04.004Z,0.547,2,1000,640x360,1.9077700000000277,1067,
2025-12-22T12:01:04.670Z,0.385,2,1000,640x360,1.9517170000000306,1152,
2025-12-22T12:01:04.888Z,0.166,2,1000,640x360,1.9365980000000036,1126,rebuffer happen
2025-12-22T12:01:05.319Z,0.255,2,1000,640x360,2.0125399999999445,1126,
2025-12-22T12:01:05.546Z,0.021,2,1000,640x360,1.9801290000000336,1128,rebuffer happen
2025-12-22T12:01:05.907Z,0.217,2,1000,640x360,1.9857269999999971,1128,
2025-12-22T12:01:05.980Z,0.211,1,600,480x270,2.0066380000000663,1126,
2025-12-22T12:01:06.097Z,0.024,1,600,480x270,1.9831490000000258,1126,rebuffer happen
2025-12-22T12:01:06.322Z,0.351,1,600,480x270,2.1402830000000677,1126,
2025-12-22T12:01:06.492Z,0.246,1,600,480x270,2.046098000000029,1133,rebuffer happen
2025-12-22T12:01:06.668Z,0.458,1,600,480x270,2.0481209999999237,1133,
2025-12-22T12:01:07.036Z,0.566,1,600,480x270,2.036646000000019,1129,
2025-12-22T12:01:07.400Z,0.692,1,600,480x270,1.9581380000000763,1129,
2025-12-22T12:01:07.767Z,0.805,1,600,480x270,1.9776190000000042,1141,
2025-12-22T12:01:08.113Z,0.937,1,600,480x270,2.0175279999999702,1131,
2025-12-22T12:01:08.481Z,1.081,1,600,480x270,1.9494459999999663,1131,
2025-12-22T12:01:08.823Z,1.215,1,600,480x270,2.003641000000016,1140,
2025-12-22T12:01:09.161Z,1.397,1,600,480x270,1.9770109999999477,1144,
2025-12-22T12:01:09.495Z,1.567,1,600,480x270,1.9332869999999502,1144,
2025-12-22T12:01:09.576Z,1.505,2,1000,640x360,1.9491760000000795,1146,
2025-12-22T12:01:10.146Z,1.43,2,1000,640x360,1.9681869999999435,1146,
2025-12-22T12:01:10.696Z,1.351,2,1000,640x360,1.9201040000000376,1153,
2025-12-22T12:01:11.246Z,1.329,2,1000,640x360,1.9739789999999857,1147,
2025-12-22T12:01:11.835Z,1.219,2,1000,640x360,1.978071,1192,
2025-12-22T12:01:12.425Z,1.144,2,1000,640x360,2.007270999999946,1179,
2025-12-22T12:01:12.982Z,1.065,2,1000,640x360,1.9309930000000577,1171,
2025-12-22T12:01:13.519Z,1.053,2,1000,640x360,2.0118760000000293,1174,
2025-12-22T12:01:14.064Z,0.984,2,1000,640x360,1.9494919999999638,1176,
2025-12-22T12:01:14.133Z,0.99,1,600,480x270,1.9959340000000338,1221,
2025-12-22T12:01:14.472Z,1.098,1,600,480x270,1.9708409999999503,1221,
2025-12-22T12:01:14.854Z,1.218,1,600,480x270,1.9721549999999297,1215,
2025-12-22T12:01:15.256Z,1.314,1,600,480x270,1.9732070000000022,1220,
2025-12-22T12:01:15.688Z,1.361,1,600,480x270,1.9320539999999937,1212,
2025-12-22T12:01:16.114Z,1.442,1,600,480x270,2.00143700000001,1253,
2025-12-22T12:01:16.524Z,1.516,1,600,480x270,1.9910440000001017,1253,
2025-12-22T12:01:16.885Z,1.661,1,600,480x270,1.9364219999999932,1252,
2025-12-22T12:01:17.225Z,1.833,1,600,480x270,2.0034509999999273,1241,
2025-12-22T12:01:17.572Z,1.983,1,600,480x270,1.9633869999998979,1243,
2025-12-22T12:01:17.650Z,1.971,2,1000,640x360,1.9698479999999563,1243,
2025-12-22T12:01:18.236Z,1.822,2,1000,640x360,1.9791950000000043,1243,
2025-12-22T12:01:18.828Z,1.729,2,1000,640x360,1.9872759999999516,1245,
2025-12-22T12:01:19.429Z,1.609,2,1000,640x360,1.9904020000000173,1262,
2025-12-22T12:01:19.990Z,1.559,2,1000,640x360,1.925391999999988,1246,
2025-12-22T12:01:20.558Z,1.49,2,1000,640x360,1.9730220000000145,1258,
2025-12-22T12:01:21.119Z,1.44,2,1000,640x360,1.9982899999999972,1247,
2025-12-22T12:01:21.673Z,1.379,2,1000,640x360,1.9552969999999732,1249,
2025-12-22T12:01:22.232Z,1.349,2,1000,640x360,1.9964290000000346,1281,
2025-12-22T12:01:22.767Z,1.266,2,1000,640x360,1.9587870000000294,1295,
2025-12-22T12:01:23.323Z,1.245,2,1000,640x360,2.006644000000051,1298,
2025-12-22T12:01:23.854Z,1.169,2,1000,640x360,1.967281000000071,1302,
2025-12-22T12:01:24.403Z,1.162,2,1000,640x360,1.918109999999956,1296,
2025-12-22T12:01:24.951Z,1.091,2,1000,640x360,1.9620840000000044,1303,
2025-12-22T12:01:25.507Z,1.025,2,1000,640x360,1.9221019999999953,1359,
2025-12-22T12:01:26.061Z,0.989,2,1000,640x360,1.954260999999974,1335,
2025-12-22T12:01:26.137Z,0.991,1,600,480x270,1.9951859999999897,1341,
2025-12-22T12:01:26.486Z,1.078,1,600,480x270,1.9438139999999748,1341,
2025-12-22T12:01:26.847Z,1.197,1,600,480x270,1.97663,1376,
2025-12-22T12:01:27.203Z,1.349,1,600,480x270,1.9219279999999799,1343,
2025-12-22T12:01:27.576Z,1.487,1,600,480x270,1.9395309999999881,1334,
2025-12-22T12:01:27.946Z,1.614,1,600,480x270,1.9739399999999705,1334,
2025-12-22T12:01:28.301Z,1.753,1,600,480x270,1.9233339999999544,1379,
2025-12-22T12:01:28.678Z,1.859,1,600,480x270,1.9378849999999375,1356,
2025-12-22T12:01:29.035Z,1.998,1,600,480x270,1.9809020000000146,1364,
2025-12-22T12:01:29.444Z,2.1,1,600,480x270,1.9843779999999924,1364,
2025-12-22T12:01:29.544Z,2.063,2,1000,640x360,1.9795759999999518,1359,
2025-12-22T12:01:30.208Z,1.862,2,1000,640x360,1.9189290000000483,1359,
2025-12-22T12:01:30.807Z,1.752,2,1000,640x360,1.9147509999999102,1345,
2025-12-22T12:01:31.396Z,1.651,2,1000,640x360,1.9274070000000165,1318,
2025-12-22T12:01:31.963Z,1.598,2,1000,640x360,1.9499020000000655,1322,
2025-12-22T12:01:32.558Z,1.479,2,1000,640x360,1.9617929999999433,1305,
2025-12-22T12:01:33.162Z,1.399,2,1000,640x360,1.966224000000011,1276,
2025-12-22T12:01:33.681Z,1.383,2,1000,640x360,1.943913000000066,1281,
2025-12-22T12:01:34.227Z,1.33,2,1000,640x360,2.002753000000098,1278,
2025-12-22T12:01:34.750Z,1.314,2,1000,640x360,1.9732510000000048,1307,
2025-12-22T12:01:35.243Z,1.321,2,1000,640x360,1.9826759999999695,1282,
2025-12-22T12:01:35.792Z,1.254,2,1000,640x360,1.9301360000000614,1302,
2025-12-22T12:01:36.317Z,1.243,2,1000,640x360,1.999484999999936,1294,
2025-12-22T12:01:36.848Z,1.206,2,1000,640x360,1.9713919999999234,1319,
2025-12-22T12:01:37.387Z,1.19,2,1000,640x360,1.9381400000000895,1313,
2025-12-22T12:01:37.923Z,1.149,2,1000,640x360,1.9977039999999988,1311,
2025-12-22T12:01:38.443Z,1.126,2,1000,640x360,1.9827380000000403,1321,
2025-12-22T12:01:38.964Z,1.095,2,1000,640x360,1.9557949999999664,1315,
2025-12-22T12:01:39.485Z,1.076,2,1000,640x360,1.9433599999999842,1318,
2025-12-22T12:01:40.001Z,1.066,2,1000,640x360,1.911670000000072,1330,
2025-12-22T12:01:40.648Z,0.921,2,1000,640x360,1.9645799999999554,1323,
2025-12-22T12:01:40.723Z,0.905,1,600,480x270,1.8896169999999302,1315,
2025-12-22T12:01:41.116Z,0.935,1,600,480x270,2.00253900000007,1315,
2025-12-22T12:01:41.541Z,1.001,1,600,480x270,1.9847469999999703,1252,
2025-12-22T12:01:41.936Z,1.116,1,600,480x270,1.9917100000000119,1232,
2025-12-22T12:01:42.333Z,1.231,1,600,480x270,1.9977290000000494,1178,
2025-12-22T12:01:42.746Z,1.326,1,600,480x270,1.9831449999999222,1160,
2025-12-22T12:01:43.129Z,1.411,1,600,480x270,1.9885150000000067,1158,
2025-12-22T12:01:43.532Z,1.519,1,600,480x270,1.9915869999999813,1158,
2025-12-22T12:01:43.917Z,1.65,1,600,480x270,1.9992950000000747,1170,
2025-12-22T12:01:44.297Z,1.747,1,600,480x270,1.923721999999998,1111,
2025-12-22T12:01:44.363Z,1.765,2,1000,640x360,1.965125999999941,1229,
2025-12-22T12:01:44.938Z,1.598,2,1000,640x360,1.978640999999925,1229,
2025-12-22T12:01:45.509Z,1.561,2,1000,640x360,1.910066000000029,1138,
2025-12-22T12:01:46.027Z,1.512,2,1000,640x360,1.9849730000000818,1150,
2025-12-22T12:01:46.637Z,1.453,2,1000,640x360,1.9929319999999962,1144,
2025-12-22T12:01:47.125Z,1.429,2,1000,640x360,1.9873099999999795,1133,
2025-12-22T12:01:47.603Z,1.438,2,1000,640x360,1.9088179999999966,1274,
2025-12-22T12:01:48.040Z,1.503,2,1000,640x360,1.9749479999999267,1238,
2025-12-22T12:01:48.451Z,1.599,2,1000,640x360,1.9671130000000403,1289,
2025-12-22T12:01:48.671Z,1.876,2,1000,640x360,1.9450299999999743,1259,
2025-12-22T12:01:48.963Z,2.12,2,1000,640x360,1.9581049999999323,1269,
2025-12-22T12:01:49.416Z,2.166,2,1000,640x360,2.0053329999999505,1269,
2025-12-22T12:01:49.917Z,2.167,2,1000,640x360,1.9995559999999841,1259,
2025-12-22T12:01:50.442Z,2.151,2,1000,640x360,1.980052999999998,1270,
2025-12-22T12:01:50.941Z,2.15,2,1000,640x360,1.9749269999999797,1273,
2025-12-22T12:01:51.420Z,2.176,2,1000,640x360,2.015611999999919,1282,
2025-12-22T12:01:51.935Z,2.101,2,1000,640x360,1.9910630000000538,1276,
2025-12-22T12:01:52.401Z,2.138,2,1000,640x360,1.9190209999999297,1275,
2025-12-22T12:01:52.928Z,2.155,2,1000,640x360,1.9854550000000017,1310,
2025-12-22T12:01:53.427Z,2.092,2,1000,640x360,1.9923849999998993,1297,
2025-12-22T12:01:53.969Z,2.078,2,1000,640x360,1.957983000000013,1298,
2025-12-22T12:01:54.424Z,2.115,2,1000,640x360,1.9966390000000729,1297,
2025-12-22T12:01:54.923Z,2.11,2,1000,640x360,2.000583000000006,1282,
2025-12-22T12:01:55.432Z,2.114,2,1000,640x360,2.0037099999999555,1270,
2025-12-22T12:01:56.207Z,1.833,2,1000,640x360,1.9084739999999556,1239,
2025-12-22T12:01:56.412Z,2.141,2,1000,640x360,1.9110790000000861,1199,
2025-12-22T12:01:57.669Z,1.371,2,1000,640x360,1.9524200000000747,1199,
2025-12-22T12:01:58.591Z,0.969,2,1000,640x360,1.927548999999999,1072,
2025-12-22T12:01:58.681Z,0.891,1,600,480x270,1.9430039999999735,1054,
2025-12-22T12:01:59.297Z,0.788,1,600,480x270,1.9351270000000795,1054,
2025-12-22T12:01:59.734Z,0.812,1,600,480x270,1.9895070000000032,1018,
2025-12-22T12:02:00.094Z,0.939,1,600,480x270,1.926003000000037,1007,
2025-12-22T12:02:00.495Z,1.036,1,600,480x270,1.9336059999999407,1007,
2025-12-22T12:02:00.867Z,1.171,1,600,480x270,1.9500350000000708,1089,
2025-12-22T12:02:01.232Z,1.318,1,600,480x270,1.981538999999998,1040,
2025-12-22T12:02:01.599Z,1.45,1,600,480x270,1.9162860000000137,1044,
2025-12-22T12:02:01.915Z,1.621,1,600,480x270,1.9990609999999833,1044,
2025-12-22T12:02:02.249Z,1.794,1,600,480x270,1.9864189999999553,1042,
2025-12-22T12:02:02.316Z,1.772,2,1000,640x360,1.9186919999999645,1037,
2025-12-22T12:02:02.880Z,1.667,2,1000,640x360,1.9374450000000252,1037,
2025-12-22T12:02:03.417Z,1.629,2,1000,640x360,2.010311999999999,1031,
2025-12-22T12:02:04.641Z,0.934,2,1000,640x360,1.996311999999989,1040,
2025-12-22T12:02:05.339Z,0.725,2,1000,640x360,1.9876079999999092,1046,
2025-12-22T12:02:06.108Z,0.454,2,1000,640x360,1.9217439999999897,1066,
2025-12-22T12:02:06.182Z,0.407,1,600,480x270,1.9487260000000788,1090,
2025-12-22T12:02:06.295Z,0.265,1,600,480x270,1.9234669999999596,1090,rebuffer happen
2025-12-22T12:02:06.553Z,0.501,1,600,480x270,1.973916000000031,1090,
2025-12-22T12:02:06.896Z,0.651,1,600,480x270,1.923626000000013,1075,
2025-12-22T12:02:07.218Z,0.828,1,600,480x270,2.012124999999969,1083,
2025-12-22T12:02:07.559Z,0.992,1,600,480x270,1.9697649999999385,1093,
2025-12-22T12:02:07.900Z,1.147,1,600,480x270,1.9203559999999698,1093,
2025-12-22T12:02:08.241Z,1.305,1,600,480x270,1.97438800000009,1189,
2025-12-22T12:02:08.580Z,1.465,1,600,480x270,1.940874000000008,1163,
2025-12-22T12:02:08.926Z,1.632,1,600,480x270,1.9993729999999914,1163,
2025-12-22T12:02:09.250Z,1.792,1,600,480x270,1.978605000000016,1178,
2025-12-22T12:02:09.604Z,1.961,1,600,480x270,1.9174800000000687,1166,
2025-12-22T12:02:09.671Z,1.953,2,1000,640x360,1.959987999999953,1166,
2025-12-22T12:02:10.199Z,1.85,2,1000,640x360,1.933614999999918,1166,
2025-12-22T12:02:10.798Z,1.762,2,1000,640x360,1.921530999999959,1185,
2025-12-22T12:02:11.342Z,1.701,2,1000,640x360,1.9833429999999908,1213,
2025-12-22T12:02:11.877Z,1.681,2,1000,640x360,1.9392669999999725,1204,
2025-12-22T12:02:12.428Z,1.619,2,1000,640x360,2.000707000000034,1219,
2025-12-22T12:02:12.777Z,1.784,2,1000,640x360,1.9473019999999224,1217,
2025-12-22T12:02:12.856Z,1.777,2,1000,640x360,1.9614400000000387,1218,
2025-12-22T12:02:14.388Z,0.267,2,1000,640x360,1.9349960000000692,1218,rebuffer happen
2025-12-22T12:02:14.636Z,0.018,2,1000,640x360,1.984796000000074,1218,rebuffer happen
2025-12-22T12:02:15.154Z,0.018,2,1000,640x360,2.4837960000000976,1218,