timestamp,bufferLevel,qualityIndex,bitrateKbps,resolution,liveLatency,predictedKbps,rebuffer
2025-12-17T05:45:57.165Z,0,2,1000,640x360,1.1305,,
2025-12-17T05:45:57.170Z,0,2,1000,640x360,1.1305,,rebuffer happen
2025-12-17T05:45:57.571Z,0,2,1000,640x360,1.3865,,
2025-12-17T05:45:57.649Z,0.5,1,600,480x270,1.434748,,
2025-12-17T05:45:57.961Z,0.257,1,600,480x270,1.537135,,rebuffer happen
2025-12-17T05:45:57.962Z,0.257,1,600,480x270,1.536484,,
2025-12-17T05:45:58.307Z,0.584,1,600,480x270,1.7142789999999999,,
2025-12-17T05:45:58.675Z,0.845,1,600,480x270,1.817008,,
2025-12-17T05:45:59.016Z,1.072,1,600,480x270,1.842826,,
2025-12-17T05:45:59.733Z,0.987,1,600,480x270,1.9019599999999999,,
2025-12-17T05:45:59.947Z,1.227,1,600,480x270,1.9000989999999998,,
2025-12-17T05:46:01.179Z,0.437,1,600,480x270,1.9921249999999997,,
2025-12-17T05:46:01.635Z,0.676,1,600,480x270,1.9454599999999997,,
2025-12-17T05:46:02.132Z,0.646,1,600,480x270,1.9390739999999997,,
2025-12-17T05:46:02.437Z,0.877,1,600,480x270,1.9548129999999997,,
2025-12-17T05:46:02.505Z,1.098,2,1000,640x360,1.9759660000000006,,
2025-12-17T05:46:03.079Z,0.587,2,1000,640x360,2.002135,,
2025-12-17T05:46:03.158Z,1.012,1,600,480x270,1.9226210000000004,,
2025-12-17T05:46:03.503Z,0.819,1,600,480x270,1.986949,,
2025-12-17T05:46:03.835Z,0.794,1,600,480x270,1.9565599999999996,,
2025-12-17T05:46:04.181Z,1.017,1,600,480x270,1.995634,,
2025-12-17T05:46:04.523Z,1.259,1,600,480x270,1.967657,,
2025-12-17T05:46:05.402Z,0.704,1,600,480x270,1.9848169999999996,,
2025-12-17T05:46:05.755Z,0.934,1,600,480x270,1.9242810000000006,,
2025-12-17T05:46:06.148Z,1.164,1,600,480x270,1.9265169999999987,,
2025-12-17T05:46:06.495Z,1.137,1,600,480x270,1.986091,,
2025-12-17T05:46:07.365Z,0.834,1,600,480x270,1.9082600000000003,,
2025-12-17T05:46:07.727Z,1.022,1,600,480x270,1.9586520000000007,,
2025-12-17T05:46:08.098Z,1.043,1,600,480x270,1.9823330000000006,,
2025-12-17T05:46:08.441Z,1.272,1,600,480x270,1.9422549999999994,,
2025-12-17T05:46:09.285Z,0.985,1,600,480x270,1.9924359999999997,,
2025-12-17T05:46:09.661Z,0.946,1,600,480x270,1.9234000000000009,,
2025-12-17T05:46:10.033Z,1.18,1,600,480x270,1.9450420000000008,,
2025-12-17T05:46:10.864Z,0.877,1,600,480x270,1.9158840000000001,,
2025-12-17T05:46:11.203Z,1.116,1,600,480x270,1.9677119999999988,,
2025-12-17T05:46:11.547Z,1.098,1,600,480x270,1.9500229999999998,,
2025-12-17T05:46:12.398Z,0.785,1,600,480x270,1.981145999999999,,
2025-12-17T05:46:12.470Z,1.198,2,1000,640x360,1.9162039999999987,,
2025-12-17T05:46:13.011Z,0.761,2,1000,640x360,1.972373000000001,,
2025-12-17T05:46:13.085Z,1.072,1,600,480x270,1.996490999999999,,
2025-12-17T05:46:13.478Z,0.696,1,600,480x270,2.000540000000001,,
2025-12-17T05:46:13.751Z,0.96,1,600,480x270,1.9300069999999998,,
2025-12-17T05:46:14.081Z,1.195,1,600,480x270,1.9988650000000003,,
2025-12-17T05:46:14.914Z,0.896,1,600,480x270,1.9642769999999992,,
2025-12-17T05:46:15.262Z,0.868,1,600,480x270,1.9087120000000013,,
2025-12-17T05:46:15.600Z,1.031,1,600,480x270,1.9870280000000022,,
2025-12-17T05:46:15.942Z,1.168,1,600,480x270,1.9379969999999993,,
2025-12-17T05:46:16.763Z,1.062,1,600,480x270,1.9278829999999978,,
2025-12-17T05:46:17.185Z,0.917,1,600,480x270,1.9991330000000005,,
2025-12-17T05:46:17.503Z,1.229,1,600,480x270,1.9748589999999986,,
2025-12-17T05:46:18.319Z,0.935,1,600,480x270,1.950378999999998,,
2025-12-17T05:46:18.698Z,0.914,1,600,480x270,1.9776799999999994,,
2025-12-17T05:46:19.140Z,1.141,1,600,480x270,1.9371469999999995,,
2025-12-17T05:46:19.533Z,1.122,1,600,480x270,1.963911999999997,,
2025-12-17T05:46:20.400Z,0.819,1,600,480x270,1.990154999999998,,
2025-12-17T05:46:20.767Z,0.959,1,600,480x270,1.9174439999999997,,
2025-12-17T05:46:21.270Z,1.028,1,600,480x270,1.90897,,
2025-12-17T05:46:21.887Z,0.715,1,600,480x270,1.9916359999999997,,
2025-12-17T05:46:22.373Z,0.952,1,600,480x270,2.0025450000000014,,
2025-12-17T05:46:22.688Z,0.924,1,600,480x270,1.9852530000000002,,
2025-12-17T05:46:23.012Z,1.16,1,600,480x270,1.968166,,
2025-12-17T05:46:23.800Z,0.868,1,600,480x270,1.983201000000001,,
2025-12-17T05:46:24.473Z,0.834,1,600,480x270,2.0118849999999995,,
2025-12-17T05:46:24.551Z,1.086,2,1000,640x360,1.938293999999999,,
2025-12-17T05:46:25.143Z,0.546,2,1000,640x360,1.9422500000000014,,
2025-12-17T05:46:25.216Z,0.951,1,600,480x270,1.9583929999999974,,
2025-12-17T05:46:25.544Z,0.75,1,600,480x270,1.9565139999999985,,
2025-12-17T05:46:25.616Z,1.026,2,1000,640x360,1.9783299999999997,,
2025-12-17T05:46:26.145Z,0.481,2,1000,640x360,1.9342210000000009,,
2025-12-17T05:46:26.223Z,0.953,1,600,480x270,1.961985000000002,,
2025-12-17T05:46:26.554Z,0.683,1,600,480x270,1.927496999999999,,
2025-12-17T05:46:26.859Z,0.823,1,600,480x270,1.915571,,
2025-12-17T05:46:27.186Z,0.915,1,600,480x270,1.9865599999999972,,
2025-12-17T05:46:27.524Z,1.103,1,600,480x270,1.9580260000000003,,
2025-12-17T05:46:28.369Z,0.853,1,600,480x270,1.919234999999997,,
2025-12-17T05:46:28.454Z,1.224,2,1000,640x360,1.9376769999999972,,
2025-12-17T05:46:28.995Z,0.828,2,1000,640x360,1.9861160000000027,,
2025-12-17T05:46:29.064Z,1.059,1,600,480x270,1.9155480000000011,,
2025-12-17T05:46:29.394Z,0.771,1,600,480x270,1.9945850000000007,,
2025-12-17T05:46:29.472Z,1.202,2,1000,640x360,1.924592999999998,,
2025-12-17T05:46:30.014Z,0.772,2,1000,640x360,1.9709619999999966,,
2025-12-17T05:46:30.095Z,1.063,1,600,480x270,1.9967909999999982,,
2025-12-17T05:46:30.506Z,0.7,1,600,480x270,1.972369999999998,,
2025-12-17T05:46:30.850Z,0.835,1,600,480x270,1.9230090000000004,,
2025-12-17T05:46:31.254Z,0.93,1,600,480x270,1.9155090000000001,,
2025-12-17T05:46:31.668Z,1.122,1,600,480x270,1.9202510000000004,,
2025-12-17T05:46:32.065Z,1.136,1,600,480x270,1.9084240000000037,,
2025-12-17T05:46:32.933Z,0.845,1,600,480x270,1.9536990000000003,,
2025-12-17T05:46:33.328Z,0.806,1,600,480x270,1.9514400000000052,,
2025-12-17T05:46:33.736Z,0.962,1,600,480x270,1.9526230000000027,,
2025-12-17T05:46:34.104Z,1.008,1,600,480x270,1.9783379999999937,,
2025-12-17T05:46:34.508Z,1.22,1,600,480x270,1.9803089999999983,,
2025-12-17T05:46:35.379Z,0.936,1,600,480x270,1.9980309999999974,,
2025-12-17T05:46:35.779Z,0.908,1,600,480x270,2.0039939999999987,,
2025-12-17T05:46:36.175Z,1.14,1,600,480x270,1.998038000000001,,
2025-12-17T05:46:36.601Z,1.119,1,600,480x270,1.9929479999999984,,
2025-12-17T05:46:36.939Z,1.35,1,600,480x270,1.9442589999999953,,
2025-12-17T05:46:37.816Z,0.788,1,600,480x270,1.955561000000003,,
2025-12-17T05:46:38.213Z,1.015,1,600,480x270,1.9721839999999986,,
2025-12-17T05:46:38.591Z,1.157,1,600,480x270,1.9832239999999999,,
2025-12-17T05:46:38.973Z,1.221,1,600,480x270,1.9994209999999981,,
2025-12-17T05:46:39.866Z,0.929,1,600,480x270,1.910578000000001,,
2025-12-17T05:46:40.243Z,0.865,1,600,480x270,1.9363430000000008,,
2025-12-17T05:46:40.627Z,1.014,1,600,480x270,1.9678520000000006,,
2025-12-17T05:46:41.020Z,1.104,1,600,480x270,1.955129999999997,,
2025-12-17T05:46:41.882Z,0.816,1,600,480x270,2.0090879999999984,,
2025-12-17T05:46:42.295Z,1.046,1,600,480x270,1.9773039999999966,,
2025-12-17T05:46:42.678Z,1.003,1,600,480x270,1.9977389999999957,,
2025-12-17T05:46:43.064Z,1.237,1,600,480x270,1.9153599999999997,,
2025-12-17T05:46:43.946Z,0.674,1,600,480x270,1.9267260000000022,,
2025-12-17T05:46:44.804Z,0.382,1,600,480x270,1.979025,,
2025-12-17T05:46:44.898Z,0.791,0,200,320x180,1.9931780000000003,,
2025-12-17T05:46:45.217Z,0.907,0,200,320x180,1.9658200000000008,,
2025-12-17T05:46:45.521Z,1.061,0,200,320x180,1.9730890000000016,,
2025-12-17T05:46:45.834Z,1.232,0,200,320x180,1.9474689999999981,,
2025-12-17T05:46:46.149Z,1.378,0,200,320x180,1.9396020000000007,,
2025-12-17T05:46:46.475Z,1.583,0,200,320x180,2.002118000000003,,
2025-12-17T05:46:46.803Z,1.755,0,200,320x180,1.9719400000000036,,
2025-12-17T05:46:47.121Z,1.926,0,200,320x180,1.9633759999999967,,
2025-12-17T05:46:47.469Z,2.115,0,200,320x180,1.916376999999997,,
2025-12-17T05:46:47.563Z,2.123,3,1500,768x432,1.9125809999999959,,
2025-12-17T05:46:49.501Z,0.106,3,1500,768x432,2.000131000000003,,rebuffer happen
2025-12-17T05:46:49.576Z,0.029,3,1500,768x432,2.0109250000000003,,rebuffer happen
2025-12-17T05:46:50.755Z,0.029,3,1500,768x432,3.109925000000004,,
2025-12-17T05:46:50.824Z,0.529,0,200,320x180,3.1622410000000016,,
2025-12-17T05:46:51.142Z,0.546,0,200,320x180,3.0287659999999974,,
2025-12-17T05:46:51.376Z,0.654,0,200,320x180,3.003111000000004,,
2025-12-17T05:46:51.453Z,0.661,2,1000,640x360,2.9259899999999988,,
2025-12-17T05:46:51.702Z,0.27,2,1000,640x360,2.8524520000000066,,rebuffer happen
2025-12-17T05:46:51.862Z,0.031,2,1000,640x360,2.7229699999999966,,rebuffer happen
2025-12-17T05:46:52.023Z,0.031,2,1000,640x360,2.9189700000000016,,
2025-12-17T05:46:52.090Z,0.531,0,200,320x180,2.9585930000000005,,
2025-12-17T05:46:52.218Z,0.762,0,200,320x180,2.8890639999999976,,
2025-12-17T05:46:52.294Z,0.807,1,600,480x270,2.8848430000000036,,
2025-12-17T05:46:52.631Z,0.332,1,600,480x270,2.7089,,
2025-12-17T05:46:52.697Z,0.694,0,200,320x180,2.711789000000003,,
2025-12-17T05:46:52.820Z,0.867,0,200,320x180,2.635908999999998,,
2025-12-17T05:46:52.900Z,0.946,1,600,480x270,2.6114409999999992,,
2025-12-17T05:46:53.297Z,0.425,1,600,480x270,2.439421000000003,,
2025-12-17T05:46:53.367Z,0.752,0,200,320x180,2.353424000000004,,
2025-12-17T05:46:53.491Z,0.955,0,200,320x180,2.4219779999999957,,
2025-12-17T05:46:53.572Z,1.034,2,1000,640x360,2.307227999999995,,
2025-12-17T05:46:54.138Z,0.363,2,1000,640x360,2.1425389999999993,,
2025-12-17T05:46:54.209Z,0.658,1,600,480x270,2.160727999999999,,
2025-12-17T05:46:54.509Z,0.216,1,600,480x270,2.1054109999999966,,rebuffer happen
2025-12-17T05:46:54.590Z,0.216,1,600,480x270,2.1058939999999993,,
2025-12-17T05:46:54.959Z,0.416,1,600,480x270,1.9973049999999972,,
2025-12-17T05:46:55.342Z,0.33,1,600,480x270,1.9691540000000032,,
2025-12-17T05:46:55.688Z,0.565,1,600,480x270,2.0199110000000005,,
2025-12-17T05:46:56.034Z,0.786,1,600,480x270,1.9572940000000045,,
2025-12-17T05:46:56.386Z,0.729,1,600,480x270,2.003883000000002,,
2025-12-17T05:46:56.744Z,0.963,1,600,480x270,1.9492620000000045,,
2025-12-17T05:46:57.109Z,1.176,1,600,480x270,1.9660560000000018,,
2025-12-17T05:46:57.377Z,1.296,1,600,480x270,2.0015259999999984,,
2025-12-17T05:46:58.158Z,1.131,1,600,480x270,1.9152500000000003,,
2025-12-17T05:46:58.533Z,1.098,1,600,480x270,1.940256000000005,,
2025-12-17T05:46:58.616Z,1.558,0,200,320x180,1.958081,,
2025-12-17T05:46:58.795Z,1.75,0,200,320x180,1.9803309999999996,,
2025-12-17T05:46:58.868Z,1.796,1,600,480x270,1.9069360000000017,,
2025-12-17T05:46:59.864Z,0.781,1,600,480x270,1.9265450000000044,,
2025-12-17T05:46:59.961Z,1.239,0,200,320x180,1.9362359999999939,,
2025-12-17T05:47:00.134Z,1.45,0,200,320x180,1.9471329999999938,,
2025-12-17T05:47:00.212Z,1.41,1,600,480x270,1.9776409999999984,,
2025-12-17T05:47:00.643Z,0.979,1,600,480x270,1.930809999999994,,
2025-12-17T05:47:00.725Z,1.449,0,200,320x180,1.9478340000000003,,
2025-12-17T05:47:00.861Z,1.618,0,200,320x180,1.9167000000000058,,
2025-12-17T05:47:00.944Z,1.675,1,600,480x270,1.9418519999999972,,
2025-12-17T05:47:01.919Z,0.916,1,600,480x270,1.963273000000001,,
2025-12-17T05:47:01.988Z,1.153,0,200,320x180,1.9908959999999922,,
2025-12-17T05:47:02.202Z,1.375,0,200,320x180,1.9769679999999994,,
2025-12-17T05:47:02.283Z,1.384,2,1000,640x360,1.9880430000000047,,
2025-12-17T05:47:03.172Z,0.588,2,1000,640x360,2.001455000000007,,
2025-12-17T05:47:03.253Z,0.919,0,200,320x180,1.9190000000000111,,
2025-12-17T05:47:03.431Z,1.105,0,200,320x180,1.9496699999999976,,
2025-12-17T05:47:03.504Z,1.169,2,1000,640x360,1.9752100000000041,,
2025-12-17T05:47:04.297Z,0.524,2,1000,640x360,1.973236,,
2025-12-17T05:47:04.375Z,0.756,1,600,480x270,1.895280999999997,,
2025-12-17T05:47:04.861Z,0.493,1,600,480x270,1.9219429999999988,,
2025-12-17T05:47:05.256Z,0.447,1,600,480x270,1.918223999999995,,
2025-12-17T05:47:05.833Z,0.426,1,600,480x270,1.9501430000000113,,
2025-12-17T05:47:06.219Z,0.4,1,600,480x270,1.9527000000000072,,
2025-12-17T05:47:06.559Z,0.634,1,600,480x270,1.9272729999999996,,
2025-12-17T05:47:06.918Z,0.858,1,600,480x270,1.9547929999999951,,
2025-12-17T05:47:07.283Z,0.829,1,600,480x270,1.9932270000000045,,
2025-12-17T05:47:07.661Z,1.075,1,600,480x270,1.9199009999999959,,
2025-12-17T05:47:08.024Z,1.275,1,600,480x270,1.954780999999997,,
2025-12-17T05:47:08.897Z,0.751,1,600,480x270,1.994337999999999,,
2025-12-17T05:47:09.202Z,0.973,1,600,480x270,1.975106000000011,,
2025-12-17T05:47:09.607Z,1.21,1,600,480x270,1.9737690000000043,,
2025-12-17T05:47:10.076Z,1.18,1,600,480x270,2.0011149999999986,,
2025-12-17T05:47:11.003Z,0.592,1,600,480x270,1.97466,,
2025-12-17T05:47:11.309Z,0.831,1,600,480x270,1.9675750000000107,,
2025-12-17T05:47:11.616Z,1.078,1,600,480x270,1.9706630000000018,,
2025-12-17T05:47:11.938Z,1.294,1,600,480x270,1.9482500000000016,,
2025-12-17T05:47:12.972Z,0.729,1,600,480x270,1.9999310000000037,,
2025-12-17T05:47:13.324Z,0.831,1,600,480x270,1.9485310000000027,,
2025-12-17T05:47:13.670Z,0.949,1,600,480x270,1.9145340000000033,,
2025-12-17T05:47:13.997Z,1.109,1,600,480x270,1.9879530000000045,,
2025-12-17T05:47:14.865Z,0.883,1,600,480x270,1.9177179999999936,,
2025-12-17T05:47:15.120Z,0.981,1,600,480x270,1.9598340000000007,,
2025-12-17T05:47:15.465Z,1.342,1,600,480x270,1.9201289999999887,,
2025-12-17T05:47:16.331Z,0.786,1,600,480x270,1.946637999999993,,
2025-12-17T05:47:16.698Z,1.022,1,600,480x270,1.9939020000000056,,
2025-12-17T05:47:17.062Z,1.135,1,600,480x270,1.9173200000000037,,
2025-12-17T05:47:17.908Z,0.695,1,600,480x270,1.97663,,
2025-12-17T05:47:18.263Z,0.929,1,600,480x270,1.915423000000004,,
2025-12-17T05:47:18.612Z,1.172,1,600,480x270,1.9770520000000005,,
2025-12-17T05:47:18.964Z,1.136,1,600,480x270,1.9173159999999996,,
2025-12-17T05:47:19.803Z,0.847,1,600,480x270,1.9914320000000032,,
2025-12-17T05:47:20.160Z,1.067,1,600,480x270,1.9230620000000016,,
2025-12-17T05:47:20.512Z,1.293,1,600,480x270,1.9914469999999937,,
2025-12-17T05:47:21.375Z,0.745,1,600,480x270,2.002433999999994,,
2025-12-17T05:47:21.634Z,0.97,1,600,480x270,1.9472630000000066,,
2025-12-17T05:47:21.949Z,1.208,1,600,480x270,1.9288350000000065,,
2025-12-17T05:47:22.781Z,0.904,1,600,480x270,2.0044109999999904,,
2025-12-17T05:47:23.094Z,1.121,1,600,480x270,1.9882280000000065,,
2025-12-17T05:47:23.435Z,1.353,1,600,480x270,1.9525289999999984,,
2025-12-17T05:47:24.268Z,1.061,1,600,480x270,1.9074110000000104,,
2025-12-17T05:47:24.567Z,1.025,1,600,480x270,1.9196939999999927,,
2025-12-17T05:47:25.372Z,0.723,1,600,480x270,2.0032460000000043,,
2025-12-17T05:47:25.723Z,0.954,1,600,480x270,1.9524809999999917,,
2025-12-17T05:47:26.069Z,1.19,1,600,480x270,1.903254000000004,,
2025-12-17T05:47:26.898Z,0.902,1,600,480x270,1.9787630000000007,,
2025-12-17T05:47:27.291Z,0.832,1,600,480x270,1.9790259999999904,,
2025-12-17T05:47:27.640Z,0.986,1,600,480x270,1.956513000000001,,
2025-12-17T05:47:28.011Z,1.119,1,600,480x270,1.9706139999999976,,
2025-12-17T05:47:28.854Z,0.774,1,600,480x270,1.921869000000001,,
2025-12-17T05:47:29.245Z,1.008,1,600,480x270,1.939146000000008,,
2025-12-17T05:47:29.616Z,0.976,1,600,480x270,1.9622730000000104,,
2025-12-17T05:47:29.944Z,1.213,1,600,480x270,1.931036000000006,,
2025-12-17T05:47:30.781Z,0.907,1,600,480x270,2.0041460000000058,,
2025-12-17T05:47:31.184Z,1.152,1,600,480x270,1.9875100000000003,,
2025-12-17T05:47:31.505Z,1.124,1,600,480x270,1.9842980000000097,,
2025-12-17T05:47:32.368Z,0.814,1,600,480x270,1.912435000000002,,
2025-12-17T05:47:32.761Z,1.047,1,600,480x270,1.9144369999999924,,
2025-12-17T05:47:33.033Z,1.292,1,600,480x270,1.9487069999999989,,
2025-12-17T05:47:33.899Z,0.735,1,600,480x270,1.9908429999999981,,
2025-12-17T05:47:34.249Z,0.85,1,600,480x270,1.9304990000000117,,
2025-12-17T05:47:34.610Z,1.2,1,600,480x270,1.9704860000000082,,
2025-12-17T05:47:34.954Z,1.168,1,600,480x270,1.9258449999999954,,
2025-12-17T05:47:35.799Z,0.867,1,600,480x270,1.9840719999999976,,
2025-12-17T05:47:36.118Z,1.035,1,600,480x270,1.9565180000000026,,
2025-12-17T05:47:36.489Z,1.181,1,600,480x270,1.990491999999989,,
2025-12-17T05:47:37.383Z,0.767,1,600,480x270,1.9909549999999996,,
2025-12-17T05:47:37.822Z,1.013,1,600,480x270,1.962648999999999,,
2025-12-17T05:47:38.225Z,0.973,1,600,480x270,1.960053000000002,,
2025-12-17T05:47:38.655Z,0.943,1,600,480x270,1.9229350000000096,,
2025-12-17T05:47:39.068Z,1.162,1,600,480x270,1.90925399999999,,
2025-12-17T05:47:39.999Z,0.619,1,600,480x270,1.9788599999999974,,
2025-12-17T05:47:40.391Z,0.85,1,600,480x270,1.988821999999999,,
2025-12-17T05:47:40.817Z,0.831,1,600,480x270,1.9648250000000047,,
2025-12-17T05:47:41.383Z,0.788,1,600,480x270,2.002690000000001,,
2025-12-17T05:47:41.810Z,1.03,1,600,480x270,1.9665079999999904,,
2025-12-17T05:47:42.168Z,0.927,1,600,480x270,1.919431000000003,,
2025-12-17T05:47:42.552Z,1.071,1,600,480x270,1.9251289999999983,,
2025-12-17T05:47:43.460Z,0.672,1,600,480x270,1.929479999999998,,
2025-12-17T05:47:43.942Z,0.904,1,600,480x270,1.9390049999999945,,
2025-12-17T05:47:44.345Z,0.868,1,600,480x270,1.9382519999999914,,
2025-12-17T05:47:44.834Z,0.836,1,600,480x270,1.9454350000000034,,
2025-12-17T05:47:45.230Z,1.022,1,600,480x270,1.9423670000000044,,
2025-12-17T05:47:45.531Z,1.165,1,600,480x270,1.9620790000000028,,
2025-12-17T05:47:46.360Z,0.737,1,600,480x270,1.9199179999999956,,
2025-12-17T05:47:46.750Z,0.971,1,600,480x270,1.9342639999999989,,
2025-12-17T05:47:47.222Z,0.917,1,600,480x270,1.9526359999999983,,
2025-12-17T05:47:47.615Z,1.184,1,600,480x270,1.9656610000000114,,
2025-12-17T05:47:47.983Z,1.144,1,600,480x270,2.0000029999999924,,
2025-12-17T05:47:48.848Z,0.851,1,600,480x270,1.939325999999994,,
2025-12-17T05:47:49.318Z,0.82,1,600,480x270,1.950876000000008,,
2025-12-17T05:47:49.759Z,1.059,1,600,480x270,1.9288970000000063,,
2025-12-17T05:47:50.194Z,1.02,1,600,480x270,1.9864390000000043,,
2025-12-17T05:47:50.563Z,1.251,1,600,480x270,1.919955999999999,,
2025-12-17T05:47:51.496Z,0.696,1,600,480x270,1.9867480000000057,,
2025-12-17T05:47:51.858Z,0.929,1,600,480x270,1.9179989999999947,,
2025-12-17T05:47:52.202Z,0.896,1,600,480x270,1.975949,,
2025-12-17T05:47:52.643Z,1.136,1,600,480x270,1.9356580000000037,,
2025-12-17T05:47:53.052Z,1.097,1,600,480x270,1.919622000000004,,
2025-12-17T05:47:53.961Z,0.808,1,600,480x270,1.9192680000000024,,
2025-12-17T05:47:54.438Z,0.77,1,600,480x270,1.9459499999999963,,
2025-12-17T05:47:54.905Z,0.755,1,600,480x270,1.985584000000003,,
2025-12-17T05:47:55.330Z,0.983,1,600,480x270,1.9478000000000009,,
2025-12-17T05:47:55.765Z,0.938,1,600,480x270,1.9166700000000105,,
2025-12-17T05:47:56.311Z,0.914,1,600,480x270,1.9581369999999936,,
2025-12-17T05:47:56.389Z,1.277,0,200,320x180,1.9917889999999971,,
2025-12-17T05:47:56.981Z,1.142,0,200,320x180,2.0001919999999984,,
2025-12-17T05:47:57.619Z,0.982,0,200,320x180,1.972879000000006,,
2025-12-17T05:47:58.333Z,0.753,0,200,320x180,1.938360000000003,,
2025-12-17T05:47:58.892Z,0.739,0,200,320x180,2.003855999999999,,
2025-12-17T05:47:58.970Z,0.645,1,600,480x270,1.923694999999995,,
2025-12-17T05:47:59.317Z,0.276,1,600,480x270,1.969465999999997,,rebuffer happen
2025-12-17T05:47:59.388Z,0.219,1,600,480x270,1.9947330000000107,,
2025-12-17T05:47:59.906Z,0.191,1,600,480x270,1.975443999999996,,rebuffer happen
2025-12-17T05:47:59.917Z,0.191,1,600,480x270,1.9643009999999919,,
2025-12-17T05:48:00.426Z,0.181,1,600,480x270,1.9622589999999889,,rebuffer happen
2025-12-17T05:48:00.427Z,0.181,1,600,480x270,1.9610659999999882,,
2025-12-17T05:48:00.493Z,0.679,0,200,320x180,2.000980999999996,,
2025-12-17T05:48:00.990Z,0.567,0,200,320x180,1.9934790000000078,,
2025-12-17T05:48:01.548Z,0.547,0,200,320x180,1.9397289999999998,,
2025-12-17T05:48:02.075Z,0.496,0,200,320x180,2.004397999999995,,
2025-12-17T05:48:02.667Z,0.439,0,200,320x180,1.93168,,
2025-12-17T05:48:02.759Z,0.444,1,600,480x270,1.930131000000003,,
2025-12-17T05:48:02.824Z,0.282,1,600,480x270,1.9659909999999883,,rebuffer happen
2025-12-17T05:48:03.070Z,0.033,1,600,480x270,1.913271999999992,,rebuffer happen
2025-12-17T05:48:03.203Z,0.033,1,600,480x270,2.1242719999999906,,
2025-12-17T05:48:03.600Z,0.102,1,600,480x270,2.096184000000008,,rebuffer happen
2025-12-17T05:48:03.670Z,0.022,1,600,480x270,2.016773999999998,,rebuffer happen
2025-12-17T05:48:03.693Z,0.022,1,600,480x270,2.1037740000000014,,
2025-12-17T05:48:03.766Z,0.522,0,200,320x180,2.0389020000000073,,
2025-12-17T05:48:04.171Z,0.533,0,200,320x180,2.0085220000000135,,
2025-12-17T05:48:04.267Z,0.505,1,600,480x270,1.9988969999999995,,
2025-12-17T05:48:04.410Z,0.277,1,600,480x270,2.0632189999999895,,rebuffer happen
2025-12-17T05:48:04.655Z,0.026,1,600,480x270,2.014082999999985,,rebuffer happen
2025-12-17T05:48:04.762Z,0.026,1,600,480x270,2.106082999999998,,
2025-12-17T05:48:04.840Z,0.525,0,200,320x180,2.142641999999995,,
2025-12-17T05:48:05.199Z,0.494,0,200,320x180,2.1262320000000017,,
2025-12-17T05:48:05.275Z,0.545,1,600,480x270,2.134902999999994,,
2025-12-17T05:48:05.450Z,0.28,1,600,480x270,2.060576999999995,,rebuffer happen
2025-12-17T05:48:05.706Z,0.017,1,600,480x270,2.103514000000004,,rebuffer happen
2025-12-17T05:48:05.753Z,0.017,1,600,480x270,2.103514000000004,,
2025-12-17T05:48:06.189Z,0.028,1,600,480x270,2.116716000000011,,rebuffer happen
2025-12-17T05:48:06.190Z,0.028,1,600,480x270,2.116716000000011,,rebuffer happen
2025-12-17T05:48:06.347Z,0.028,1,600,480x270,2.210716000000005,,
2025-12-17T05:48:06.426Z,0.528,0,200,320x180,2.2395469999999875,,
2025-12-17T05:48:06.857Z,0.457,0,200,320x180,2.092168999999984,,
2025-12-17T05:48:06.935Z,0.412,1,600,480x270,2.1007390000000044,,
2025-12-17T05:48:06.986Z,0.255,1,600,480x270,2.1504480000000115,,rebuffer happen
2025-12-17T05:48:07.174Z,0.032,1,600,480x270,2.1128750000000025,,rebuffer happen
2025-12-17T05:48:07.365Z,0.032,1,600,480x270,2.2148750000000064,,
2025-12-17T05:48:07.660Z,0.177,1,600,480x270,2.1595239999999762,,rebuffer happen
2025-12-17T05:48:07.808Z,0.021,1,600,480x270,2.206468000000001,,rebuffer happen
2025-12-17T05:48:07.839Z,0.021,1,600,480x270,2.206468000000001,,
2025-12-17T05:48:08.068Z,0.297,1,600,480x270,2.1835270000000264,,rebuffer happen
2025-12-17T05:48:08.274Z,0.027,1,600,480x270,2.208964000000009,,rebuffer happen
2025-12-17T05:48:08.376Z,0.027,1,600,480x270,2.3109640000000127,,
2025-12-17T05:48:08.758Z,0.032,1,600,480x270,2.1173,,rebuffer happen
2025-12-17T05:48:08.759Z,0.032,1,600,480x270,2.1173,,rebuffer happen
2025-12-17T05:48:08.926Z,0.032,1,600,480x270,2.3163000000000125,,
2025-12-17T05:48:09.002Z,0.532,0,200,320x180,2.3449310000000025,,
2025-12-17T05:48:09.487Z,0.375,0,200,320x180,2.2540290000000027,,
2025-12-17T05:48:09.553Z,0.287,1,600,480x270,2.167494000000005,,rebuffer happen
2025-12-17T05:48:09.565Z,0.287,1,600,480x270,2.1520140000000083,,
2025-12-17T05:48:09.759Z,0.025,1,600,480x270,2.110492999999991,,rebuffer happen
2025-12-17T05:48:10.042Z,0.025,1,600,480x270,2.4064929999999833,,
2025-12-17T05:48:10.125Z,0.525,0,200,320x180,2.44315499999999,,
2025-12-17T05:48:10.590Z,0.463,0,200,320x180,2.4298239999999964,,
2025-12-17T05:48:10.919Z,0.251,0,200,320x180,2.2655320000000074,,rebuffer happen
2025-12-17T05:48:10.991Z,0.288,0,200,320x180,2.2779960000000017,,rebuffer happen
2025-12-17T05:48:11.114Z,0.227,0,200,320x180,2.215792999999991,,
2025-12-17T05:48:11.596Z,0.251,0,200,320x180,2.2453590000000077,,
2025-12-17T05:48:11.674Z,0.22,1,600,480x270,2.256651000000005,,
2025-12-17T05:48:11.827Z,0.022,1,600,480x270,2.2176500000000203,,rebuffer happen
2025-12-17T05:48:12.096Z,0.022,1,600,480x270,2.508650000000017,,
2025-12-17T05:48:12.528Z,0.044,1,600,480x270,2.427311000000003,,rebuffer happen
2025-12-17T05:48:12.528Z,0.044,1,600,480x270,2.427311000000003,,rebuffer happen
2025-12-17T05:48:12.686Z,0.044,1,600,480x270,2.6273109999999917,,
2025-12-17T05:48:12.765Z,0.522,0,200,320x180,2.526578999999998,,
2025-12-17T05:48:13.169Z,0.413,0,200,320x180,2.3371999999999957,,
2025-12-17T05:48:13.252Z,0.273,0,200,320x180,2.3190099999999916,,rebuffer happen
2025-12-17T05:48:13.327Z,0.3,0,200,320x180,2.313490999999999,,rebuffer happen
2025-12-17T05:48:13.699Z,0.249,0,200,320x180,2.3022929999999917,,
2025-12-17T05:48:14.196Z,0.202,0,200,320x180,2.317380000000014,,
2025-12-17T05:48:14.693Z,0.207,0,200,320x180,2.3221320000000105,,
2025-12-17T05:48:15.220Z,0.187,0,200,320x180,2.2901659999999993,,
2025-12-17T05:48:15.327Z,0.154,1,600,480x270,2.285640000000001,,
2025-12-17T05:48:15.397Z,0.034,1,600,480x270,2.3215409999999963,,rebuffer happen
2025-12-17T05:48:15.767Z,0.034,1,600,480x270,2.613540999999998,,
2025-12-17T05:48:16.181Z,0.03,1,600,480x270,2.6090989999999863,,rebuffer happen
2025-12-17T05:48:16.182Z,0.03,1,600,480x270,2.6090989999999863,,rebuffer happen
2025-12-17T05:48:16.342Z,0.03,1,600,480x270,2.7160989999999856,,
2025-12-17T05:48:16.420Z,0.525,0,200,320x180,2.7041550000000143,,
2025-12-17T05:48:16.796Z,0.391,0,200,320x180,2.545859000000007,,
2025-12-17T05:48:16.871Z,0.363,1,600,480x270,2.4357899999999972,,
2025-12-17T05:48:16.872Z,0.253,1,600,480x270,2.5336739999999907,,rebuffer happen
2025-12-17T05:48:17.048Z,0.026,1,600,480x270,2.4195489999999893,,rebuffer happen
2025-12-17T05:48:17.340Z,0.026,1,600,480x270,2.707549,,
2025-12-17T05:48:17.578Z,0.233,1,600,480x270,2.7202020000000005,,rebuffer happen
2025-12-17T05:48:17.716Z,0.03,1,600,480x270,2.611565000000013,,rebuffer happen
2025-12-17T05:48:17.900Z,0.03,1,600,480x270,2.813565000000011,,
2025-12-17T05:48:17.979Z,0.53,0,200,320x180,2.7431809999999928,,
2025-12-17T05:48:18.384Z,0.418,0,200,320x180,2.6646949999999947,,
2025-12-17T05:48:18.462Z,0.383,1,600,480x270,2.5945839999999976,,
2025-12-17T05:48:18.514Z,0.267,1,600,480x270,2.657340000000005,,rebuffer happen
2025-12-17T05:48:18.750Z,0.02,1,600,480x270,2.6038359999999727,,rebuffer happen
2025-12-17T05:48:18.888Z,0.02,1,600,480x270,2.8018359999999802,,
2025-12-17T05:48:19.267Z,0.039,1,600,480x270,2.6215500000000134,,rebuffer happen
2025-12-17T05:48:19.267Z,0.039,1,600,480x270,2.6215500000000134,,rebuffer happen
2025-12-17T05:48:19.396Z,0.039,1,600,480x270,2.8195499999999925,,
2025-12-17T05:48:19.619Z,0.285,1,600,480x270,2.7666410000000212,,rebuffer happen
2025-12-17T05:48:19.784Z,0.04,1,600,480x270,2.7234090000000037,,rebuffer happen
2025-12-17T05:48:19.961Z,0.04,1,600,480x270,2.833408999999989,,
2025-12-17T05:48:20.036Z,0.526,0,200,320x180,2.8243480000000147,,
2025-12-17T05:48:20.439Z,0.398,0,200,320x180,2.6265339999999924,,
2025-12-17T05:48:20.516Z,0.34,1,600,480x270,2.6066040000000044,,
2025-12-17T05:48:20.517Z,0.225,1,600,480x270,2.6054860000000133,,rebuffer happen
2025-12-17T05:48:20.701Z,0.017,1,600,480x270,2.602690999999993,,rebuffer happen
2025-12-17T05:48:20.926Z,0.017,1,600,480x270,2.80269100000001,,
2025-12-17T05:48:21.227Z,0.1,1,600,480x270,2.6815890000000024,,rebuffer happen
2025-12-17T05:48:21.268Z,0.038,1,600,480x270,2.6198610000000144,,rebuffer happen
2025-12-17T05:48:21.445Z,0.038,1,600,480x270,2.8218610000000126,,
2025-12-17T05:48:21.780Z,0.091,1,600,480x270,2.779165000000006,,rebuffer happen
2025-12-17T05:48:21.836Z,0.031,1,600,480x270,2.719385000000017,,rebuffer happen
2025-12-17T05:48:21.933Z,0.031,1,600,480x270,2.8143850000000157,,
2025-12-17T05:48:22.353Z,0.022,1,600,480x270,2.710673000000014,,rebuffer happen
2025-12-17T05:48:22.353Z,0.022,1,600,480x270,2.710673000000014,,rebuffer happen
2025-12-17T05:48:22.469Z,0.022,1,600,480x270,2.804673000000008,,
2025-12-17T05:48:22.803Z,0.046,1,600,480x270,2.7345009999999945,,rebuffer happen
2025-12-17T05:48:22.803Z,0.046,1,600,480x270,2.7345009999999945,,rebuffer happen
2025-12-17T05:48:23.032Z,0.046,1,600,480x270,2.9385010000000023,,
2025-12-17T05:48:23.123Z,0.515,0,200,320x180,2.918495000000007,,
2025-12-17T05:48:23.589Z,0.304,0,200,320x180,2.730290999999994,,
2025-12-17T05:48:23.590Z,0.243,0,200,320x180,2.7293559999999957,,rebuffer happen
2025-12-17T05:48:24.100Z,0.204,0,200,320x180,2.7093989999999906,,
2025-12-17T05:48:24.588Z,0.226,0,200,320x180,2.7275319999999965,,
2025-12-17T05:48:25.138Z,0.19,0,200,320x180,2.675473000000011,,
2025-12-17T05:48:25.215Z,0.129,1,600,480x270,2.697931000000011,,
2025-12-17T05:48:25.305Z,0.028,1,600,480x270,2.7207459999999912,,rebuffer happen
2025-12-17T05:48:25.724Z,0.028,1,600,480x270,3.1097460000000012,,
2025-12-17T05:48:26.089Z,0.026,1,600,480x270,3.016166999999996,,rebuffer happen
2025-12-17T05:48:26.090Z,0.026,1,600,480x270,3.016166999999996,,rebuffer happen
2025-12-17T05:48:26.325Z,0.026,1,600,480x270,3.2071669999999983,,
2025-12-17T05:48:26.403Z,0.498,0,200,320x180,3.2081639999999823,,
2025-12-17T05:48:26.846Z,0.325,0,200,320x180,2.9448659999999904,,
2025-12-17T05:48:26.846Z,0.263,0,200,320x180,2.943880000000007,,rebuffer happen
2025-12-17T05:48:27.381Z,0.242,0,200,320x180,3.0065350000000137,,
2025-12-17T05:48:27.462Z,0.183,1,600,480x270,2.929777999999999,,
2025-12-17T05:48:27.574Z,0.028,1,600,480x270,3.010290999999995,,rebuffer happen
2025-12-17T05:48:27.899Z,0.028,1,600,480x270,3.308290999999997,,
2025-12-17T05:48:28.099Z,0.27,1,600,480x270,3.2561520000000144,,rebuffer happen
2025-12-17T05:48:28.258Z,0.033,1,600,480x270,3.1193959999999947,,rebuffer happen
2025-12-17T05:48:28.389Z,0.033,1,600,480x270,3.3163959999999975,,
2025-12-17T05:48:28.690Z,0.167,1,600,480x270,3.2504749999999945,,rebuffer happen
2025-12-17T05:48:28.775Z,0.04,1,600,480x270,3.223838999999998,,rebuffer happen
2025-12-17T05:48:28.886Z,0.04,1,600,480x270,3.324838999999997,,
2025-12-17T05:48:28.965Z,0.54,0,200,320x180,3.2544530000000123,,
2025-12-17T05:48:29.365Z,0.399,0,200,320x180,3.1166240000000016,,
2025-12-17T05:48:29.445Z,0.384,1,600,480x270,3.13462100000001,,
2025-12-17T05:48:29.572Z,0.151,1,600,480x270,3.1323910000000126,,rebuffer happen
2025-12-17T05:48:29.642Z,0.046,1,600,480x270,3.0277750000000196,,rebuffer happen
2025-12-17T05:48:29.939Z,0.046,1,600,480x270,3.330775000000017,,
2025-12-17T05:48:30.017Z,0.546,0,200,320x180,3.3682850000000144,,
2025-12-17T05:48:30.386Z,0.503,0,200,320x180,3.317186000000021,,
2025-12-17T05:48:30.479Z,0.497,1,600,480x270,3.201402999999999,,
2025-12-17T05:48:30.701Z,0.085,1,600,480x270,3.179932000000008,,rebuffer happen
2025-12-17T05:48:30.726Z,0.048,1,600,480x270,3.142154000000005,,rebuffer happen
2025-12-17T05:48:30.939Z,0.048,1,600,480x270,3.3281539999999836,,
2025-12-17T05:48:31.022Z,0.51,0,200,320x180,3.346445000000017,,
2025-12-17T05:48:31.439Z,0.388,0,200,320x180,3.1839660000000265,,
2025-12-17T05:48:31.517Z,0.398,3,1500,768x432,3.2092059999999947,,
2025-12-17T05:48:31.566Z,0.256,3,1500,768x432,3.137504999999976,,rebuffer happen
2025-12-17T05:48:31.727Z,0.015,3,1500,768x432,3.0986039999999946,,rebuffer happen
2025-12-17T05:48:32.362Z,0.015,3,1500,768x432,3.7016040000000032,,
2025-12-17T05:48:32.443Z,0.515,1,600,480x270,3.729908999999992,,
2025-12-17T05:48:32.649Z,0.189,1,600,480x270,3.6702890000000252,,rebuffer happen
2025-12-17T05:48:32.736Z,0.189,1,600,480x270,3.6380670000000066,,
2025-12-17T05:48:32.744Z,0.546,1,600,480x270,3.6262629999999945,,rebuffer happen
2025-12-17T05:48:33.072Z,0.301,1,600,480x270,3.699407000000008,,
2025-12-17T05:48:33.386Z,0.275,1,600,480x270,3.5567819999999983,,rebuffer happen
2025-12-17T05:48:33.409Z,0.275,1,600,480x270,3.521007999999995,,
2025-12-17T05:48:33.476Z,0.738,0,200,320x180,3.4210479999999848,,
2025-12-17T05:48:33.861Z,0.62,0,200,320x180,3.2450190000000134,,
2025-12-17T05:48:34.326Z,0.424,0,200,320x180,3.0583990000000085,,
2025-12-17T05:48:34.403Z,0.347,3,1500,768x432,3.046368000000001,,
2025-12-17T05:48:34.404Z,0.26,3,1500,768x432,3.0452530000000024,,rebuffer happen
2025-12-17T05:48:34.613Z,0.022,3,1500,768x432,3.0058760000000007,,rebuffer happen
2025-12-17T05:48:35.165Z,0.022,3,1500,768x432,3.511876000000001,,
2025-12-17T05:48:35.234Z,0.518,1,600,480x270,3.5154640000000086,,
2025-12-17T05:48:35.398Z,0.23,1,600,480x270,3.513403000000011,,rebuffer happen
2025-12-17T05:48:35.530Z,0.032,1,600,480x270,3.413977999999986,,rebuffer happen
2025-12-17T05:48:35.589Z,0.032,1,600,480x270,3.518978000000004,,
2025-12-17T05:48:35.902Z,0.191,1,600,480x270,3.4722779999999887,,rebuffer happen
2025-12-17T05:48:35.906Z,0.191,1,600,480x270,3.4660049999999956,,
2025-12-17T05:48:36.225Z,0.46,1,600,480x270,3.288753000000014,,
2025-12-17T05:48:36.729Z,0.313,1,600,480x270,3.205636999999996,,
2025-12-17T05:48:36.805Z,0.609,0,200,320x180,3.1828199999999924,,
2025-12-17T05:48:37.187Z,0.438,0,200,320x180,3.0059459999999945,,
2025-12-17T05:48:37.458Z,0.253,0,200,320x180,2.7996869999999774,,rebuffer happen
2025-12-17T05:48:37.799Z,0.053,0,200,320x180,2.767415999999997,,rebuffer happen
2025-12-17T05:48:37.814Z,0.053,0,200,320x180,2.767415999999997,,
2025-12-17T05:48:37.882Z,0.025,1,600,480x270,2.815985000000012,,rebuffer happen
2025-12-17T05:48:37.893Z,0.025,1,600,480x270,2.815985000000012,,
2025-12-17T05:48:38.268Z,0.025,1,600,480x270,3.111985000000004,,
2025-12-17T05:48:38.649Z,0.047,1,600,480x270,3.039675000000017,,rebuffer happen
2025-12-17T05:48:38.650Z,0.047,1,600,480x270,3.039675000000017,,rebuffer happen
2025-12-17T05:48:38.819Z,0.047,1,600,480x270,3.237674999999996,,
2025-12-17T05:48:38.894Z,0.547,0,200,320x180,3.2708049999999957,,
2025-12-17T05:48:39.364Z,0.332,0,200,320x180,2.985468999999995,,
2025-12-17T05:48:39.445Z,0.303,1,600,480x270,3.023959999999988,,
2025-12-17T05:48:39.446Z,0.231,1,600,480x270,3.023156,,rebuffer happen
2025-12-17T05:48:39.633Z,0.019,1,600,480x270,3.0023889999999938,,rebuffer happen
2025-12-17T05:48:39.945Z,0.019,1,600,480x270,3.312388999999996,,
2025-12-17T05:48:40.023Z,0.519,0,200,320x180,3.343909999999994,,
2025-12-17T05:48:40.481Z,0.392,0,200,320x180,3.2910009999999943,,
2025-12-17T05:48:40.642Z,0.268,0,200,320x180,3.149107000000015,,rebuffer happen
2025-12-17T05:48:41.185Z,0.126,0,200,320x180,3.183636999999976,,
2025-12-17T05:48:41.266Z,0.049,1,600,480x270,3.102768999999995,,
2025-12-17T05:48:41.268Z,0.017,1,600,480x270,3.1008209999999963,,rebuffer happen
2025-12-17T05:48:41.805Z,0.017,1,600,480x270,3.7058210000000145,,
2025-12-17T05:48:42.051Z,0.284,1,600,480x270,3.671522999999979,,rebuffer happen
2025-12-17T05:48:42.213Z,0.284,1,600,480x270,3.632021000000009,,
2025-12-17T05:48:42.287Z,0.539,0,200,320x180,3.6158009999999763,,
2025-12-17T05:48:42.740Z,0.247,0,200,320x180,3.3627240000000143,,rebuffer happen
2025-12-17T05:48:42.766Z,0.247,0,200,320x180,3.3231870000000185,,
2025-12-17T05:48:43.274Z,0.22,0,200,320x180,3.3754030000000057,,
2025-12-17T05:48:43.741Z,0.29,0,200,320x180,3.3229499999999916,,
2025-12-17T05:48:43.820Z,0.23,2,1000,640x360,3.338220000000007,,
2025-12-17T05:48:43.954Z,0.018,2,1000,640x360,3.2985559999999907,,rebuffer happen
2025-12-17T05:48:44.645Z,0.018,2,1000,640x360,3.9985560000000078,,
2025-12-17T05:48:44.722Z,0.518,1,600,480x270,4.037125000000003,,
2025-12-17T05:48:44.910Z,0.185,1,600,480x270,3.9731769999999926,,rebuffer happen
2025-12-17T05:48:45.005Z,0.043,1,600,480x270,3.924907999999988,,rebuffer happen
2025-12-17T05:48:45.376Z,0.043,1,600,480x270,4.323907999999989,,
2025-12-17T05:48:45.634Z,0.26,1,600,480x270,4.251619000000005,,rebuffer happen
2025-12-17T05:48:45.776Z,0.26,1,600,480x270,4.232676000000026,,
2025-12-17T05:48:45.857Z,0.509,0,200,320x180,4.1107310000000155,,
2025-12-17T05:48:46.020Z,0.672,0,200,320x180,4.074415999999985,,
2025-12-17T05:48:46.098Z,0.594,2,1000,640x360,4.05123500000002,,
2025-12-17T05:48:46.332Z,0.217,2,1000,640x360,3.9014110000000244,,rebuffer happen
2025-12-17T05:48:46.473Z,0.057,2,1000,640x360,3.9385819999999967,,rebuffer happen
2025-12-17T05:48:46.826Z,0.057,2,1000,640x360,4.239582000000013,,
2025-12-17T05:48:46.900Z,0.557,1,600,480x270,4.278144999999995,,
2025-12-17T05:48:47.082Z,0.291,1,600,480x270,4.27302899999998,,rebuffer happen
2025-12-17T05:48:47.203Z,0.146,1,600,480x270,4.196257000000003,,
2025-12-17T05:48:47.273Z,0.608,0,200,320x180,4.092004000000003,,
2025-12-17T05:48:47.597Z,0.643,0,200,320x180,4.078023000000002,,
2025-12-17T05:48:47.675Z,0.582,1,600,480x270,3.960437999999982,,
2025-12-17T05:48:47.802Z,0.276,1,600,480x270,3.9564639999999827,,rebuffer happen
2025-12-17T05:48:48.057Z,0.021,1,600,480x270,3.9035169999999937,,rebuffer happen
2025-12-17T05:48:48.065Z,0.021,1,600,480x270,3.9035169999999937,,
2025-12-17T05:48:48.318Z,0.207,1,600,480x270,3.891169000000019,,rebuffer happen
2025-12-17T05:48:48.508Z,0.028,1,600,480x270,3.9093909999999994,,rebuffer happen
2025-12-17T05:48:48.593Z,0.028,1,600,480x270,4.011391000000003,,
2025-12-17T05:48:48.880Z,0.204,1,600,480x270,3.993622000000016,,rebuffer happen
2025-12-17T05:48:48.991Z,0.038,1,600,480x270,3.920205999999979,,rebuffer happen
2025-12-17T05:48:49.015Z,0.038,1,600,480x270,3.920205999999979,,
2025-12-17T05:48:49.093Z,0.538,0,200,320x180,3.9598510000000147,,
2025-12-17T05:48:49.438Z,0.627,0,200,320x180,3.8842500000000086,,
2025-12-17T05:48:49.515Z,0.601,2,1000,640x360,3.9154649999999833,,
2025-12-17T05:48:49.789Z,0.126,2,1000,640x360,3.8088830000000087,,rebuffer happen
2025-12-17T05:48:49.842Z,0.047,2,1000,640x360,3.7293579999999906,,rebuffer happen
2025-12-17T05:48:50.099Z,0.047,2,1000,640x360,4.031357999999983,,
2025-12-17T05:48:50.173Z,0.547,1,600,480x270,3.9717679999999973,,
2025-12-17T05:48:50.485Z,0.308,1,600,480x270,4.015273000000008,,
2025-12-17T05:48:50.776Z,0.33,1,600,480x270,3.883213999999981,,
2025-12-17T05:48:50.856Z,0.696,0,200,320x180,3.764323999999988,,
2025-12-17T05:48:51.229Z,0.579,0,200,320x180,3.5996260000000007,,
2025-12-17T05:48:51.306Z,0.519,1,600,480x270,3.588099999999997,,
2025-12-17T05:48:51.430Z,0.279,1,600,480x270,3.562685000000016,,rebuffer happen
2025-12-17T05:48:51.677Z,0.032,1,600,480x270,3.613516000000004,,rebuffer happen
2025-12-17T05:48:51.839Z,0.032,1,600,480x270,3.716516000000013,,
2025-12-17T05:48:52.153Z,0.138,1,600,480x270,3.624824000000018,,rebuffer happen
2025-12-17T05:48:52.227Z,0.035,1,600,480x270,3.6152620000000013,,rebuffer happen
2025-12-17T05:48:52.237Z,0.035,1,600,480x270,3.6152620000000013,,
2025-12-17T05:48:52.504Z,0.288,1,600,480x270,3.6776690000000087,,rebuffer happen
2025-12-17T05:48:52.615Z,0.288,1,600,480x270,3.605230000000006,,
2025-12-17T05:48:52.869Z,0.241,1,600,480x270,3.4236199999999997,,rebuffer happen
2025-12-17T05:48:53.006Z,0.241,1,600,480x270,3.4275610000000256,,
2025-12-17T05:48:53.072Z,0.5,0,200,320x180,3.3280129999999986,,
2025-12-17T05:48:53.523Z,0.4,0,200,320x180,3.267317999999989,,
2025-12-17T05:48:53.601Z,0.345,3,1500,768x432,3.264113999999978,,
2025-12-17T05:48:53.602Z,0.28,3,1500,768x432,3.262981999999994,,rebuffer happen
2025-12-17T05:48:53.779Z,0.016,3,1500,768x432,3.1996560000000045,,rebuffer happen
2025-12-17T05:48:54.283Z,0.016,3,1500,768x432,3.69665599999999,,
2025-12-17T05:48:54.363Z,0.488,1,600,480x270,3.6184769999999844,,
2025-12-17T05:48:54.571Z,0.251,1,600,480x270,3.731527,,rebuffer happen
2025-12-17T05:48:54.706Z,0.086,1,600,480x270,3.651625999999993,,
2025-12-17T05:48:55.038Z,0.128,1,600,480x270,3.5125759999999957,,rebuffer happen
2025-12-17T05:48:55.096Z,0.041,1,600,480x270,3.521458999999993,,rebuffer happen
2025-12-17T05:48:55.104Z,0.041,1,600,480x270,3.521458999999993,,
2025-12-17T05:48:55.173Z,0.541,0,200,320x180,3.4602390000000014,,
2025-12-17T05:48:55.306Z,0.821,0,200,320x180,3.5432420000000207,,
2025-12-17T05:48:55.374Z,0.822,3,1500,768x432,3.4663950000000057,,
2025-12-17T05:48:55.864Z,0.05,3,1500,768x432,3.241033999999985,,rebuffer happen
2025-12-17T05:48:55.864Z,0.05,3,1500,768x432,3.241033999999985,,rebuffer happen
2025-12-17T05:48:56.418Z,0.05,3,1500,768x432,3.8350340000000074,,
2025-12-17T05:48:56.496Z,0.502,1,600,480x270,3.8677669999999864,,
2025-12-17T05:48:56.661Z,0.232,1,600,480x270,3.7180180000000007,,rebuffer happen
2025-12-17T05:48:56.798Z,0.027,1,600,480x270,3.7170519999999954,,rebuffer happen
2025-12-17T05:48:56.947Z,0.027,1,600,480x270,3.811052000000018,,
2025-12-17T05:48:57.026Z,0.527,0,200,320x180,3.854171000000008,,
2025-12-17T05:48:57.160Z,0.792,0,200,320x180,3.762441999999993,,
2025-12-17T05:48:57.228Z,0.694,2,1000,640x360,3.7706660000000056,,
2025-12-17T05:48:57.592Z,0.287,2,1000,640x360,3.772521000000012,,rebuffer happen
2025-12-17T05:48:57.849Z,0.03,2,1000,640x360,3.7183670000000006,,rebuffer happen
2025-12-17T05:48:57.926Z,0.03,2,1000,640x360,3.81136699999999,,
2025-12-17T05:48:58.007Z,0.504,1,600,480x270,3.820855000000023,,
2025-12-17T05:48:58.120Z,0.271,1,600,480x270,3.7518400000000156,,rebuffer happen
2025-12-17T05:48:58.282Z,0.028,1,600,480x270,3.7123040000000174,,rebuffer happen
2025-12-17T05:48:58.436Z,0.028,1,600,480x270,3.8193040000000167,,
2025-12-17T05:48:58.682Z,0.227,1,600,480x270,3.817358999999982,,rebuffer happen
2025-12-17T05:48:58.816Z,0.03,1,600,480x270,3.7144890000000146,,rebuffer happen
2025-12-17T05:48:58.916Z,0.03,1,600,480x270,3.8224889999999903,,
2025-12-17T05:48:59.300Z,0.031,1,600,480x270,3.7146590000000117,,rebuffer happen
2025-12-17T05:48:59.300Z,0.031,1,600,480x270,3.7146590000000117,,rebuffer happen
2025-12-17T05:48:59.369Z,0.031,1,600,480x270,3.7146590000000117,,
2025-12-17T05:48:59.553Z,0.274,1,600,480x270,3.659380999999996,,rebuffer happen
2025-12-17T05:48:59.717Z,0.029,1,600,480x270,3.6148239999999987,,rebuffer happen
2025-12-17T05:48:59.871Z,0.029,1,600,480x270,3.809823999999992,,
2025-12-17T05:48:59.954Z,0.529,0,200,320x180,3.735761999999994,,
2025-12-17T05:49:00.129Z,0.661,0,200,320x180,3.6935100000000034,,
2025-12-17T05:49:00.440Z,0.539,1,600,480x270,3.5904199999999946,,
2025-12-17T05:49:00.474Z,0.272,1,600,480x270,3.6557359999999903,,rebuffer happen
2025-12-17T05:49:00.701Z,0.03,1,600,480x270,3.6184829999999977,,rebuffer happen
2025-12-17T05:49:00.876Z,0.03,1,600,480x270,3.8144829999999956,,
2025-12-17T05:49:01.195Z,0.109,1,600,480x270,3.694995000000006,,rebuffer happen
2025-12-17T05:49:01.285Z,0.004,1,600,480x270,3.6844179999999938,,rebuffer happen
2025-12-17T05:49:01.287Z,0.004,1,600,480x270,3.6844179999999938,,
2025-12-17T05:49:01.540Z,0.277,1,600,480x270,3.660527000000002,,rebuffer happen
2025-12-17T05:49:01.632Z,0.258,1,600,480x270,3.6595240000000047,,
2025-12-17T05:49:01.914Z,0.345,1,600,480x270,3.6273730000000057,,
2025-12-17T05:49:01.990Z,0.843,0,200,320x180,3.617143999999996,,
2025-12-17T05:49:02.102Z,1.072,0,200,320x180,3.5412850000000162,,
2025-12-17T05:49:02.176Z,1.059,2,1000,640x360,3.4305820000000153,,
2025-12-17T05:49:02.731Z,0.315,2,1000,640x360,3.206674000000021,,
2025-12-17T05:49:02.804Z,0.617,0,200,320x180,3.194402999999994,,
2025-12-17T05:49:02.925Z,0.814,0,200,320x180,3.1215850000000103,,
2025-12-17T05:49:03.005Z,0.725,3,1500,768x432,3.0949449999999956,,
2025-12-17T05:49:03.351Z,0.198,3,1500,768x432,2.878376000000003,,rebuffer happen
2025-12-17T05:49:03.470Z,0.054,3,1500,768x432,2.834955999999977,,rebuffer happen
2025-12-17T05:49:04.177Z,0.054,3,1500,768x432,3.6339559999999835,,
2025-12-17T05:49:04.255Z,0.493,1,600,480x270,3.570426999999995,,
2025-12-17T05:49:04.432Z,0.284,1,600,480x270,3.577179000000001,,rebuffer happen
2025-12-17T05:49:04.601Z,0.15,1,600,480x270,3.5503920000000164,,
2025-12-17T05:49:04.947Z,0.38,1,600,480x270,3.437137999999976,,
2025-12-17T05:49:05.019Z,0.643,0,200,320x180,3.4232640000000174,,
2025-12-17T05:49:05.141Z,0.809,0,200,320x180,3.3352090000000203,,
2025-12-17T05:49:05.206Z,0.843,1,600,480x270,3.3357000000000028,,
2025-12-17T05:49:05.569Z,0.411,1,600,480x270,3.197862000000015,,
2025-12-17T05:49:05.645Z,0.787,0,200,320x180,3.1781090000000063,,
2025-12-17T05:49:05.767Z,1.001,0,200,320x180,3.0957579999999894,,
2025-12-17T05:49:05.832Z,1.016,3,1500,768x432,3.100321000000008,,
2025-12-17T05:49:06.384Z,0.122,3,1500,768x432,2.9089759999999956,,rebuffer happen
2025-12-17T05:49:06.439Z,0.042,3,1500,768x432,2.8281659999999818,,rebuffer happen
2025-12-17T05:49:06.660Z,0.042,3,1500,768x432,3.0231660000000034,,
2025-12-17T05:49:06.734Z,0.52,0,200,320x180,3.0378840000000196,,
2025-12-17T05:49:06.861Z,0.721,0,200,320x180,2.948516000000012,,
2025-12-17T05:49:06.934Z,0.767,2,1000,640x360,2.9424580000000162,,
2025-12-17T05:49:07.181Z,0.288,2,1000,640x360,2.8783829999999853,,rebuffer happen
2025-12-17T05:49:07.423Z,0.026,2,1000,640x360,2.8070400000000006,,rebuffer happen
2025-12-17T05:49:07.504Z,0.026,2,1000,640x360,2.9080399999999997,,
2025-12-17T05:49:07.574Z,0.526,1,600,480x270,2.8539519999999925,,
2025-12-17T05:49:07.907Z,0.038,1,600,480x270,2.8226720000000114,,rebuffer happen
2025-12-17T05:49:07.907Z,0.038,1,600,480x270,2.8226720000000114,,rebuffer happen
2025-12-17T05:49:07.915Z,0.038,1,600,480x270,2.8226720000000114,,
2025-12-17T05:49:08.170Z,0.259,1,600,480x270,2.74265299999999,,rebuffer happen
2025-12-17T05:49:08.235Z,0.259,1,600,480x270,2.7427390000000003,,
2025-12-17T05:49:08.663Z,0.421,1,600,480x270,2.5672069999999962,,
2025-12-17T05:49:08.949Z,0.391,1,600,480x270,2.4450319999999977,,
2025-12-17T05:49:09.024Z,0.641,0,200,320x180,2.4373640000000023,,
2025-12-17T05:49:09.148Z,0.885,0,200,320x180,2.3604380000000162,,
2025-12-17T05:49:09.226Z,0.879,2,1000,640x360,2.3649150000000247,,
2025-12-17T05:49:09.718Z,0.456,2,1000,640x360,2.2558579999999893,,
2025-12-17T05:49:09.788Z,0.611,1,600,480x270,2.2585389999999848,,
2025-12-17T05:49:10.027Z,0.265,1,600,480x270,2.1536549999999863,,rebuffer happen
2025-12-17T05:49:10.113Z,0.265,1,600,480x270,2.1431359999999984,,
2025-12-17T05:49:10.416Z,0.443,1,600,480x270,2.1114029999999957,,
2025-12-17T05:49:10.489Z,0.816,2,1000,640x360,2.1389929999999993,,
2025-12-17T05:49:10.852Z,0.383,2,1000,640x360,2.0228700000000117,,
2025-12-17T05:49:10.925Z,0.841,1,600,480x270,2.050190000000015,,
2025-12-17T05:49:11.338Z,0.582,1,600,480x270,1.9821750000000122,,
2025-12-17T05:49:11.409Z,0.79,2,1000,640x360,2.008072999999996,,
2025-12-17T05:49:11.880Z,0.233,2,1000,640x360,2.018546000000015,,rebuffer happen
2025-12-17T05:49:12.077Z,0.029,2,1000,640x360,2.0112709999999936,,rebuffer happen
2025-12-17T05:49:12.112Z,0.029,2,1000,640x360,2.0112709999999936,,
2025-12-17T05:49:12.191Z,0.529,1,600,480x270,2.053526000000005,,
2025-12-17T05:49:12.380Z,0.287,1,600,480x270,2.075277,,rebuffer happen
2025-12-17T05:49:12.455Z,0.287,1,600,480x270,1.992480999999998,,
2025-12-17T05:49:12.749Z,0.396,1,600,480x270,1.9720780000000104,,
2025-12-17T05:49:13.090Z,0.764,1,600,480x270,2.0155599999999936,,
2025-12-17T05:49:13.416Z,0.718,1,600,480x270,1.9835300000000018,,
2025-12-17T05:49:14.025Z,0.67,1,600,480x270,1.9537359999999921,,
2025-12-17T05:49:14.338Z,0.898,1,600,480x270,1.9423140000000103,,
2025-12-17T05:49:14.682Z,1.045,1,600,480x270,2.0033710000000156,,
2025-12-17T05:49:14.997Z,1.099,1,600,480x270,1.9833069999999964,,
2025-12-17T05:49:15.863Z,0.814,1,600,480x270,1.920802000000009,,
2025-12-17T05:49:16.255Z,1.041,1,600,480x270,1.9267069999999933,,
2025-12-17T05:49:16.660Z,1.007,1,600,480x270,1.9147839999999974,,
2025-12-17T05:49:17.207Z,0.914,1,600,480x270,1.970472000000001,,
2025-12-17T05:49:17.498Z,1.171,1,600,480x270,1.9777100000000019,,
2025-12-17T05:49:18.305Z,0.913,1,600,480x270,1.975859999999983,,
2025-12-17T05:49:18.540Z,1.061,1,600,480x270,1.9513120000000015,,
2025-12-17T05:49:19.277Z,0.843,1,600,480x270,1.9992409999999836,,
2025-12-17T05:49:19.617Z,1.093,1,600,480x270,1.9725540000000024,,
2025-12-17T05:49:20.055Z,1.052,1,600,480x270,1.9330620000000067,,
2025-12-17T05:49:20.860Z,0.761,1,600,480x270,1.9140250000000094,,
2025-12-17T05:49:21.379Z,0.73,1,600,480x270,2.002346999999986,,
2025-12-17T05:49:21.882Z,0.961,1,600,480x270,1.997792000000004,,
2025-12-17T05:49:22.292Z,0.93,1,600,480x270,1.990791999999999,,
2025-12-17T05:49:22.804Z,0.9,1,600,480x270,1.9767789999999934,,
2025-12-17T05:49:23.165Z,1.128,1,600,480x270,1.9071859999999958,,
2025-12-17T05:49:23.513Z,1.108,1,600,480x270,1.9859440000000177,,
2025-12-17T05:49:24.348Z,0.79,1,600,480x270,1.933573999999993,,
2025-12-17T05:49:24.435Z,1.208,2,1000,640x360,1.9456150000000036,,
2025-12-17T05:49:25.006Z,0.765,2,1000,640x360,1.9789940000000001,,
2025-12-17T05:49:25.073Z,1.085,1,600,480x270,1.9117639999999767,,
2025-12-17T05:49:25.435Z,0.738,1,600,480x270,1.9392210000000034,,
2025-12-17T05:49:25.823Z,0.972,1,600,480x270,1.9535619999999767,,
2025-12-17T05:49:26.109Z,1.208,1,600,480x270,1.9627639999999928,,
2025-12-17T05:49:26.421Z,1.185,1,600,480x270,1.9690650000000005,,
2025-12-17T05:49:27.421Z,0.806,1,600,480x270,1.96425499999998,,
2025-12-17T05:49:27.768Z,0.851,1,600,480x270,1.9137330000000077,,
2025-12-17T05:49:28.098Z,1.084,1,600,480x270,1.9837860000000092,,
2025-12-17T05:49:28.451Z,1.22,1,600,480x270,1.9265550000000076,,
2025-12-17T05:49:29.228Z,1.023,1,600,480x270,1.9551490000000058,,
2025-12-17T05:49:29.573Z,1.109,1,600,480x270,1.9987120000000118,,
2025-12-17T05:49:30.474Z,0.701,1,600,480x270,2.0051509999999837,,
2025-12-17T05:49:30.777Z,0.933,1,600,480x270,2.00350499999999,,
2025-12-17T05:49:31.100Z,1.167,1,600,480x270,1.9832930000000033,,
2025-12-17T05:49:31.442Z,1.321,1,600,480x270,1.9474260000000072,,
2025-12-17T05:49:31.514Z,1.645,2,1000,640x360,1.9681460000000186,,
2025-12-17T05:49:32.625Z,0.588,2,1000,640x360,1.9711989999999844,,
2025-12-17T05:49:32.703Z,0.98,1,600,480x270,1.9853530000000035,,
2025-12-17T05:49:33.006Z,0.816,1,600,480x270,1.9737169999999935,,
2025-12-17T05:49:33.350Z,0.774,1,600,480x270,1.935368000000011,,
2025-12-17T05:49:33.711Z,1.006,1,600,480x270,1.9673830000000123,,
2025-12-17T05:49:34.023Z,1.248,1,600,480x270,1.964273999999989,,
2025-12-17T05:49:34.838Z,0.937,1,600,480x270,1.9401479999999935,,
2025-12-17T05:49:35.131Z,1.178,1,600,480x270,1.9481369999999743,,
2025-12-17T05:49:35.389Z,1.31,1,600,480x270,1.9943719999999985,,
2025-12-17T05:49:35.686Z,1.439,2,1000,640x360,1.992968999999988,,
2025-12-17T05:49:36.069Z,1.061,2,1000,640x360,1.9050239999999974,,
2025-12-17T05:49:36.138Z,1.523,1,600,480x270,1.9340890000000002,,
2025-12-17T05:49:36.384Z,1.352,1,600,480x270,1.9954210000000216,,
2025-12-17T05:49:36.465Z,1.69,2,1000,640x360,1.9162350000000004,,
2025-12-17T05:49:37.511Z,0.597,2,1000,640x360,1.9905479999999898,,
2025-12-17T05:49:37.591Z,1.026,1,600,480x270,2.0031339999999886,,
2025-12-17T05:49:37.847Z,0.769,1,600,480x270,1.946374999999989,,
2025-12-17T05:49:38.229Z,0.996,1,600,480x270,1.9516950000000008,,
2025-12-17T05:49:38.531Z,1.229,1,600,480x270,1.9444560000000024,,
2025-12-17T05:49:39.418Z,0.929,1,600,480x270,1.9703069999999911,,
2025-12-17T05:49:39.500Z,1.174,2,1000,640x360,1.9803639999999803,,
2025-12-17T05:49:40.172Z,0.631,2,1000,640x360,2.0002540000000124,,
2025-12-17T05:49:40.248Z,0.855,1,600,480x270,1.9229200000000048,,
2025-12-17T05:49:40.574Z,0.597,1,600,480x270,2.004983999999979,,
2025-12-17T05:49:40.651Z,1.021,2,1000,640x360,1.927316999999988,,
2025-12-17T05:49:41.161Z,0.569,2,1000,640x360,1.9157629999999983,,
2025-12-17T05:49:41.685Z,0.545,2,1000,640x360,1.9984409999999855,,
2025-12-17T05:49:41.759Z,0.918,1,600,480x270,1.922550000000001,,
2025-12-17T05:49:42.122Z,0.508,1,600,480x270,1.9594890000000191,,
2025-12-17T05:49:42.346Z,0.85,1,600,480x270,1.9283900000000074,,
2025-12-17T05:49:42.737Z,0.979,1,600,480x270,1.935879,,
2025-12-17T05:49:43.058Z,1.123,1,600,480x270,1.913189000000017,,
2025-12-17T05:49:43.853Z,0.91,1,600,480x270,1.919274999999999,,
2025-12-17T05:49:44.193Z,1.016,1,600,480x270,1.9877989999999954,,
2025-12-17T05:49:44.547Z,1.123,1,600,480x270,1.9384870000000092,,
2025-12-17T05:49:45.394Z,0.817,1,600,480x270,1.9935909999999808,,
2025-12-17T05:49:45.474Z,1.2,2,1000,640x360,1.9211209999999994,,
2025-12-17T05:49:45.990Z,0.795,2,1000,640x360,1.992557000000005,,
2025-12-17T05:49:46.065Z,1.106,1,600,480x270,1.915614000000005,,
2025-12-17T05:49:46.356Z,0.757,1,600,480x270,1.9167390000000069,,
2025-12-17T05:49:46.421Z,1.236,2,1000,640x360,1.9663940000000082,,
2025-12-17T05:49:46.874Z,0.741,2,1000,640x360,2.015084999999999,,
2025-12-17T05:49:46.954Z,1.162,1,600,480x270,1.932360999999986,,
2025-12-17T05:49:47.298Z,0.922,1,600,480x270,1.9791569999999865,,
2025-12-17T05:49:47.703Z,0.936,1,600,480x270,1.9794159999999863,,
2025-12-17T05:49:47.989Z,1.168,1,600,480x270,1.9889670000000024,,
2025-12-17T05:49:48.839Z,0.872,1,600,480x270,1.9477290000000096,,
2025-12-17T05:49:49.189Z,0.97,1,600,480x270,1.9977320000000134,,
2025-12-17T05:49:49.510Z,1.11,1,600,480x270,1.985050000000001,,
2025-12-17T05:49:50.322Z,0.768,1,600,480x270,1.9554610000000139,,
2025-12-17T05:49:50.829Z,1.03,1,600,480x270,1.9581760000000088,,
2025-12-17T05:49:51.389Z,0.718,1,600,480x270,1.9969190000000197,,
2025-12-17T05:49:51.781Z,0.948,1,600,480x270,1.9952339999999822,,
2025-12-17T05:49:52.152Z,1.084,1,600,480x270,1.9337969999999984,,
2025-12-17T05:49:52.559Z,1.148,1,600,480x270,1.9158569999999884,,
2025-12-17T05:49:53.386Z,0.85,1,600,480x270,1.9897809999999936,,
2025-12-17T05:49:53.753Z,1.093,1,600,480x270,1.9317369999999983,,
2025-12-17T05:49:54.049Z,1.057,1,600,480x270,1.927738000000005,,
2025-12-17T05:49:54.820Z,1.042,1,600,480x270,1.971749999999986,,
2025-12-17T05:49:55.121Z,0.995,1,600,480x270,1.9571810000000198,,
2025-12-17T05:49:55.451Z,1.228,1,600,480x270,1.939596999999992,,
2025-12-17T05:49:56.239Z,0.93,1,600,480x270,1.9336080000000209,,
2025-12-17T05:49:56.629Z,1.174,1,600,480x270,1.9483879999999942,,
2025-12-17T05:49:56.945Z,1.406,1,600,480x270,1.9364510000000053,,
2025-12-17T05:49:57.751Z,1.101,1,600,480x270,1.9369450000000086,,
2025-12-17T05:49:58.087Z,1.07,1,600,480x270,1.988488999999987,,
2025-12-17T05:49:58.973Z,0.779,1,600,480x270,2.009426000000019,,
2025-12-17T05:49:59.322Z,0.848,1,600,480x270,1.95247599999999,,
2025-12-17T05:49:59.684Z,0.98,1,600,480x270,1.9896579999999915,,
2025-12-17T05:50:00.056Z,1.132,1,600,480x270,1.919981000000007,,
2025-12-17T05:50:00.953Z,0.651,1,600,480x270,1.930074000000019,,
2025-12-17T05:50:01.324Z,0.883,1,600,480x270,1.959682000000015,,
2025-12-17T05:50:01.661Z,1.109,1,600,480x270,1.9253420000000006,,
2025-12-17T05:50:02.004Z,1.088,1,600,480x270,1.9683630000000107,,
2025-12-17T05:50:02.882Z,0.805,1,600,480x270,2.0040010000000166,,
2025-12-17T05:50:03.366Z,0.751,1,600,480x270,1.9086849999999913,,
2025-12-17T05:50:03.595Z,1.227,1,600,480x270,1.985241000000002,,
2025-12-17T05:50:04.116Z,1.216,1,600,480x270,1.965767999999997,,
2025-12-17T05:50:04.490Z,1.185,1,600,480x270,1.987903000000017,,
2025-12-17T05:50:05.231Z,0.896,1,600,480x270,1.939877999999993,,
2025-12-17T05:50:05.525Z,1.144,1,600,480x270,1.9567349999999806,,
2025-12-17T05:50:06.315Z,0.837,1,600,480x270,1.962820999999991,,
2025-12-17T05:50:06.633Z,1.089,1,600,480x270,1.9642680000000041,,
2025-12-17T05:50:06.927Z,1.222,1,600,480x270,1.9572720000000174,,
2025-12-17T05:50:07.801Z,1,1,600,480x270,1.9753149999999948,,
2025-12-17T05:50:08.101Z,1.095,1,600,480x270,1.972789000000006,,
2025-12-17T05:50:08.437Z,1.211,1,600,480x270,1.9347659999999962,,
2025-12-17T05:50:09.289Z,0.91,1,600,480x270,1.9851910000000146,,
2025-12-17T05:50:09.603Z,1.158,2,1000,640x360,1.9793400000000076,,
2025-12-17T05:50:10.117Z,0.615,2,1000,640x360,1.9549240000000054,,
2025-12-17T05:50:10.182Z,0.937,1,600,480x270,1.9898239999999987,,
2025-12-17T05:50:10.453Z,0.842,1,600,480x270,1.929314000000005,,
2025-12-17T05:50:10.529Z,1.078,2,1000,640x360,1.9611400000000003,,
2025-12-17T05:50:11.046Z,0.55,2,1000,640x360,1.9361000000000104,,
2025-12-17T05:50:11.122Z,1.049,1,600,480x270,1.9564599999999928,,
2025-12-17T05:50:11.405Z,0.778,1,600,480x270,1.9783590000000117,,
2025-12-17T05:50:11.481Z,1.192,2,1000,640x360,1.9095120000000065,,
2025-12-17T05:50:11.938Z,0.774,2,1000,640x360,1.951137000000017,,
2025-12-17T05:50:12.012Z,1.146,1,600,480x270,1.969237000000021,,
2025-12-17T05:50:12.379Z,0.728,1,600,480x270,2.0007109999999955,,
2025-12-17T05:50:12.664Z,0.955,1,600,480x270,1.9109540000000038,,
2025-12-17T05:50:12.906Z,1.188,1,600,480x270,1.9704550000000154,,
2025-12-17T05:50:13.735Z,0.895,1,600,480x270,1.9538530000000094,,
2025-12-17T05:50:13.820Z,1.334,2,1000,640x360,1.9607030000000236,,
2025-12-17T05:50:14.434Z,0.866,2,1000,640x360,1.9578350000000455,,
2025-12-17T05:50:15.099Z,0.573,2,1000,640x360,1.9751770000000306,,
2025-12-17T05:50:15.175Z,0.994,1,600,480x270,1.8980710000000158,,
2025-12-17T05:50:15.602Z,0.561,1,600,480x270,1.9996519999999691,,
2025-12-17T05:50:16.005Z,0.692,1,600,480x270,1.9781810000000064,,
2025-12-17T05:50:16.410Z,0.734,1,600,480x270,1.9710230000000024,,
2025-12-17T05:50:16.756Z,0.935,1,600,480x270,1.9175349999999867,,
2025-12-17T05:50:16.980Z,1.198,1,600,480x270,1.992543000000012,,
2025-12-17T05:50:17.705Z,0.889,1,600,480x270,1.971979000000033,,
2025-12-17T05:50:18.239Z,0.868,1,600,480x270,1.9325069999999869,,
2025-12-17T05:50:18.716Z,1.106,1,600,480x270,1.9716080000000034,,
2025-12-17T05:50:19.095Z,1.071,1,600,480x270,1.9880440000000021,,
2025-12-17T05:50:19.442Z,1.298,1,600,480x270,1.9428270000000225,,
2025-12-17T05:50:20.259Z,1.007,1,600,480x270,1.9175169999999753,,
2025-12-17T05:50:20.596Z,1.244,1,600,480x270,1.9792890000000511,,
2025-12-17T05:50:20.932Z,1.201,1,600,480x270,1.93893300000002,,
2025-12-17T05:50:21.770Z,0.913,1,600,480x270,1.9181799999999498,,
2025-12-17T05:50:22.084Z,1.142,1,600,480x270,1.9946879999999965,,
2025-12-17T05:50:22.913Z,0.86,1,600,480x270,1.9657810000000495,,
2025-12-17T05:50:23.162Z,1.08,1,600,480x270,1.9106629999999996,,
2025-12-17T05:50:23.386Z,1.278,1,600,480x270,1.9942199999999843,,
2025-12-17T05:50:23.464Z,1.709,2,1000,640x360,1.9236869999999726,,
2025-12-17T05:50:24.556Z,0.754,2,1000,640x360,1.9485450000000242,,
2025-12-17T05:50:25.334Z,0.461,2,1000,640x360,1.9504810000000248,,
2025-12-17T05:50:25.854Z,0.431,2,1000,640x360,1.9297940000000153,,
2025-12-17T05:50:25.931Z,0.669,1,600,480x270,1.9468430000000012,,
2025-12-17T05:50:26.372Z,0.326,1,600,480x270,2.002042000000017,,
2025-12-17T05:50:26.448Z,0.72,2,1000,640x360,1.9339489999999842,,
2025-12-17T05:50:26.892Z,0.376,2,1000,640x360,1.9865060000000199,,
2025-12-17T05:50:26.963Z,0.703,1,600,480x270,1.9145310000000109,,
2025-12-17T05:50:27.294Z,0.327,1,600,480x270,1.9843079999999986,,
2025-12-17T05:50:27.710Z,0.564,1,600,480x270,1.9746240000000057,,
2025-12-17T05:50:28.093Z,0.54,1,600,480x270,1.9832400000000234,,
2025-12-17T05:50:28.414Z,0.772,1,600,480x270,1.965278000000012,,
2025-12-17T05:50:28.737Z,1.015,1,600,480x270,1.9574080000000436,,
2025-12-17T05:50:29.071Z,1.243,1,600,480x270,2.002443000000028,,
2025-12-17T05:50:29.927Z,0.679,1,600,480x270,1.946173999999985,,
2025-12-17T05:50:30.304Z,0.91,1,600,480x270,1.9680060000000026,,
2025-12-17T05:50:30.692Z,0.934,1,600,480x270,1.9863299999999526,,
2025-12-17T05:50:31.066Z,1.068,1,600,480x270,1.9072239999999852,,
2025-12-17T05:50:32.089Z,0.551,1,600,480x270,1.9833439999999882,,
2025-12-17T05:50:32.426Z,0.788,1,600,480x270,1.96401800000001,,
2025-12-17T05:50:32.750Z,1.033,1,600,480x270,1.9288989999999444,,
2025-12-17T05:50:33.055Z,1.262,1,600,480x270,1.922978999999998,,
2025-12-17T05:50:34.115Z,0.694,1,600,480x270,1.9565820000000258,,
2025-12-17T05:50:34.193Z,0.93,2,1000,640x360,1.9869410000000016,,
2025-12-17T05:50:34.687Z,0.674,2,1000,640x360,1.9937529999999697,,
2025-12-17T05:50:34.767Z,0.904,1,600,480x270,1.9132339999999886,,
2025-12-17T05:50:35.057Z,0.621,1,600,480x270,1.9169720000000439,,
2025-12-17T05:50:35.353Z,0.75,1,600,480x270,1.9208980000000224,,
2025-12-17T05:50:35.648Z,1.073,1,600,480x270,1.9318000000000097,,
2025-12-17T05:50:35.717Z,1.443,2,1000,640x360,1.9584749999999644,,
2025-12-17T05:50:36.211Z,1.009,2,1000,640x360,1.9639459999999644,,
2025-12-17T05:50:36.723Z,1.023,2,1000,640x360,1.960830000000044,,
2025-12-17T05:50:37.273Z,0.92,2,1000,640x360,1.9993910000000028,,
2025-12-17T05:50:37.340Z,1.317,1,600,480x270,1.9324530000000095,,
2025-12-17T05:50:37.571Z,1.048,1,600,480x270,2.002091000000007,,
2025-12-17T05:50:38.348Z,0.921,1,600,480x270,1.9335059999999658,,
2025-12-17T05:50:38.416Z,1.244,2,1000,640x360,1.9663270000000352,,
2025-12-17T05:50:38.876Z,0.904,2,1000,640x360,1.9992490000000203,,
2025-12-17T05:50:38.945Z,1.218,1,600,480x270,1.9301270000000272,,
2025-12-17T05:50:39.292Z,0.867,1,600,480x270,1.9849439999999845,,
2025-12-17T05:50:39.367Z,1.297,2,1000,640x360,1.912994000000026,,
2025-12-17T05:50:39.978Z,0.837,2,1000,640x360,2.0001589999999965,,
2025-12-17T05:50:40.052Z,1.065,1,600,480x270,1.9260549999999625,,
2025-12-17T05:50:40.428Z,0.8,1,600,480x270,1.9565240000000017,,
2025-12-17T05:50:40.790Z,1.044,1,600,480x270,1.9907800000000293,,
2025-12-17T05:50:41.189Z,1.01,1,600,480x270,1.9926229999999805,,
2025-12-17T05:50:41.519Z,1.242,1,600,480x270,1.9748219999999606,,
2025-12-17T05:50:42.360Z,0.94,1,600,480x270,1.9207099999999855,,
2025-12-17T05:50:42.752Z,0.912,1,600,480x270,1.9234119999999848,,
2025-12-17T05:50:42.972Z,1.148,1,600,480x270,2.0016829999999572,,
2025-12-17T05:50:43.689Z,1.125,1,600,480x270,1.9987629999999967,,
2025-12-17T05:50:43.959Z,1.358,1,600,480x270,1.9261279999999488,,
2025-12-17T05:50:44.698Z,1.073,1,600,480x270,1.9961649999999622,,
2025-12-17T05:50:44.997Z,1.302,1,600,480x270,1.9848810000000299,,
2025-12-17T05:50:45.821Z,1.018,1,600,480x270,1.9820139999999924,,
2025-12-17T05:50:46.381Z,0.97,1,600,480x270,2.0112549999999487,,
2025-12-17T05:50:46.751Z,0.938,1,600,480x270,1.9271849999999517,,
2025-12-17T05:50:47.208Z,0.898,1,600,480x270,1.9705850000000282,,
2025-12-17T05:50:47.691Z,1.142,1,600,480x270,1.9936910000000125,,
2025-12-17T05:50:48.145Z,1.072,1,600,480x270,1.9407939999999826,,
2025-12-17T05:50:48.673Z,1.074,1,600,480x270,2.00375600000001,,
2025-12-17T05:50:49.103Z,1.033,1,600,480x270,1.971636999999987,,
2025-12-17T05:50:49.479Z,1.267,1,600,480x270,2.013286999999991,,
2025-12-17T05:50:50.399Z,0.716,1,600,480x270,1.9964950000000385,,
2025-12-17T05:50:50.817Z,0.944,1,600,480x270,1.9659960000000183,,
2025-12-17T05:50:51.227Z,0.909,1,600,480x270,1.9534649999999942,,
2025-12-17T05:50:51.644Z,1.152,1,600,480x270,1.9394340000000057,,
2025-12-17T05:50:52.068Z,1.097,1,600,480x270,1.9135880000000043,,
2025-12-17T05:50:52.919Z,0.823,1,600,480x270,1.9597679999999968,,
2025-12-17T05:50:53.280Z,0.995,1,600,480x270,2.000748999999985,,
2025-12-17T05:50:53.588Z,1.026,1,600,480x270,1.9996699999999805,,
2025-12-17T05:50:54.327Z,0.983,1,600,480x270,1.9553189999999745,,
2025-12-17T05:50:54.403Z,1.218,2,1000,640x360,1.9770110000000045,,
2025-12-17T05:50:54.976Z,0.688,2,1000,640x360,1.9967570000000023,,
2025-12-17T05:50:55.063Z,1.114,1,600,480x270,1.9092390000000137,,
2025-12-17T05:50:55.391Z,0.76,1,600,480x270,1.9794219999999996,,
2025-12-17T05:50:55.674Z,1.162,1,600,480x270,1.9990080000000034,,
2025-12-17T05:50:55.948Z,1.399,1,600,480x270,1.9283819999999992,,
2025-12-17T05:50:56.905Z,0.842,1,600,480x270,1.9826009999999883,,
2025-12-17T05:50:57.179Z,0.922,1,600,480x270,1.9943219999999542,,
2025-12-17T05:50:57.500Z,1.114,1,600,480x270,1.9909849999999665,,
2025-12-17T05:50:58.332Z,1.012,1,600,480x270,1.9405970000000252,,
2025-12-17T05:50:58.404Z,1.233,2,1000,640x360,1.9751929999999902,,
2025-12-17T05:50:59.064Z,0.704,2,1000,640x360,1.9150300000000016,,
2025-12-17T05:50:59.139Z,1.026,1,600,480x270,1.9406260000000088,,
2025-12-17T05:50:59.504Z,0.678,1,600,480x270,1.96972999999997,,
2025-12-17T05:50:59.851Z,0.87,1,600,480x270,1.9318000000000097,,
2025-12-17T05:51:00.179Z,1.008,1,600,480x270,1.9914199999999482,,
2025-12-17T05:51:00.361Z,1.372,1,600,480x270,1.9218989999999962,,
2025-12-17T05:51:00.906Z,1.348,1,600,480x270,1.9752340000000004,,
2025-12-17T05:51:00.981Z,1.689,0,200,320x180,1.8990740000000415,,
2025-12-17T05:51:01.107Z,1.949,0,200,320x180,1.9722329999999602,,
2025-12-17T05:51:01.181Z,1.985,2,1000,640x360,1.8966739999999618,,
2025-12-17T05:51:02.393Z,0.756,2,1000,640x360,1.990335000000016,,
2025-12-17T05:51:02.473Z,1.197,1,600,480x270,1.9102960000000166,,
2025-12-17T05:51:02.916Z,0.723,1,600,480x270,1.953929999999957,,
2025-12-17T05:51:03.333Z,0.958,1,600,480x270,1.9391560000000254,,
2025-12-17T05:51:03.737Z,0.932,1,600,480x270,1.9423330000000192,,
2025-12-17T05:51:04.106Z,1.024,1,600,480x270,1.969677000000047,,
2025-12-17T05:51:04.511Z,1.142,1,600,480x270,1.970166000000006,,
2025-12-17T05:51:05.384Z,0.827,1,600,480x270,1.9954309999999964,,
2025-12-17T05:51:05.785Z,0.818,1,600,480x270,2.0094119999999975,,
2025-12-17T05:51:06.187Z,1.034,1,600,480x270,1.9880909999999972,,
2025-12-17T05:51:06.549Z,1.275,1,600,480x270,1.9557790000000068,,
2025-12-17T05:51:06.618Z,1.53,2,1000,640x360,1.9826869999999985,,
2025-12-17T05:51:07.051Z,1.251,2,1000,640x360,1.9414519999999698,,
2025-12-17T05:51:07.132Z,1.479,1,600,480x270,1.947821000000033,,
2025-12-17T05:51:07.431Z,1.222,1,600,480x270,1.949715000000026,,
2025-12-17T05:51:08.246Z,0.907,1,600,480x270,1.935686999999973,,
2025-12-17T05:51:08.595Z,1.15,1,600,480x270,1.9848059999999919,,
2025-12-17T05:51:08.963Z,1.294,1,600,480x270,1.913690000000031,,
2025-12-17T05:51:09.812Z,0.828,1,600,480x270,1.9706429999999955,,
2025-12-17T05:51:10.115Z,1.058,1,600,480x270,1.9740899999999897,,
2025-12-17T05:51:10.466Z,1.289,1,600,480x270,1.927238999999986,,
2025-12-17T05:51:10.533Z,1.637,2,1000,640x360,1.9610230000000115,,
2025-12-17T05:51:11.559Z,0.73,2,1000,640x360,1.9187220000000025,,
2025-12-17T05:51:11.627Z,1.033,1,600,480x270,1.9593899999999849,,
2025-12-17T05:51:11.956Z,0.697,1,600,480x270,1.9239140000000248,,
2025-12-17T05:51:12.271Z,0.931,1,600,480x270,1.9987710000000334,,
2025-12-17T05:51:12.600Z,1.17,1,600,480x270,1.9800740000000019,,
2025-12-17T05:51:12.918Z,1.337,1,600,480x270,1.965137000000027,,
2025-12-17T05:51:13.959Z,0.843,1,600,480x270,1.92813799999999,,
2025-12-17T05:51:14.333Z,0.802,1,600,480x270,1.9379279999999994,,
2025-12-17T05:51:14.728Z,1.058,1,600,480x270,1.9675989999999501,,
2025-12-17T05:51:15.119Z,1.015,1,600,480x270,1.961006999999995,,
2025-12-17T05:51:15.517Z,1.245,1,600,480x270,1.9614210000000298,,
2025-12-17T05:51:16.317Z,0.945,1,600,480x270,1.9529090000000338,,
2025-12-17T05:51:16.720Z,0.915,1,600,480x270,1.9562070000000062,,
2025-12-17T05:51:17.132Z,1.021,1,600,480x270,1.9377329999999802,,
2025-12-17T05:51:17.496Z,1.128,1,600,480x270,1.9855300000000398,,
2025-12-17T05:51:18.295Z,0.81,1,600,480x270,1.9844060000000354,,
2025-12-17T05:51:18.826Z,0.789,1,600,480x270,1.968968000000018,,
2025-12-17T05:51:19.327Z,1.017,1,600,480x270,1.9565650000000119,,
2025-12-17T05:51:19.820Z,0.917,1,600,480x270,1.9640059999999835,,
2025-12-17T05:51:20.256Z,0.958,1,600,480x270,1.918516000000011,,
2025-12-17T05:51:20.653Z,1.202,1,600,480x270,1.9305960000000368,,
2025-12-17T05:51:20.883Z,1.327,1,600,480x270,1.9889029999999934,,
2025-12-17T05:51:21.879Z,0.875,1,600,480x270,2.0051410000000374,,
2025-12-17T05:51:22.209Z,0.885,1,600,480x270,1.9625979999999572,,
2025-12-17T05:51:22.488Z,1.337,1,600,480x270,1.998486000000014,,
2025-12-17T05:51:23.400Z,0.769,1,600,480x270,1.9810749999999757,,
2025-12-17T05:51:23.778Z,0.938,1,600,480x270,2.0191839999999956,,
2025-12-17T05:51:24.126Z,0.985,1,600,480x270,1.9539550000000077,,
2025-12-17T05:51:24.489Z,1.209,1,600,480x270,1.993065999999999,,
2025-12-17T05:51:25.359Z,0.915,1,600,480x270,1.9263189999999781,,
2025-12-17T05:51:25.436Z,1.231,2,1000,640x360,1.9500380000000064,,
2025-12-17T05:51:25.972Z,0.89,2,1000,640x360,2.003171000000009,,
2025-12-17T05:51:26.047Z,1.121,1,600,480x270,1.9270999999999958,,
2025-12-17T05:51:26.403Z,0.852,1,600,480x270,1.98043100000001,,
2025-12-17T05:51:26.753Z,1.034,1,600,480x270,1.9313470000000166,,
2025-12-17T05:51:27.070Z,1.053,1,600,480x270,1.9187309999999798,,
2025-12-17T05:51:27.859Z,0.776,1,600,480x270,1.9411819999999693,,
2025-12-17T05:51:28.184Z,1.002,1,600,480x270,2.0006680000000188,,
2025-12-17T05:51:28.251Z,1.413,2,1000,640x360,1.9328140000000076,,
2025-12-17T05:51:28.783Z,0.969,2,1000,640x360,1.9929199999999696,,
2025-12-17T05:51:29.355Z,0.928,2,1000,640x360,1.917745000000025,,
2025-12-17T05:51:29.808Z,0.903,2,1000,640x360,1.9699569999999653,,
2025-12-17T05:51:30.260Z,0.868,2,1000,640x360,1.9144420000000082,,
2025-12-17T05:51:30.710Z,1.043,2,1000,640x360,1.9760989999999765,,
2025-12-17T05:51:30.777Z,1.334,1,600,480x270,1.907118999999966,,
2025-12-17T05:51:31.094Z,1.063,1,600,480x270,1.987072000000012,,
2025-12-17T05:51:31.166Z,1.499,2,1000,640x360,1.91384800000003,,
2025-12-17T05:51:31.699Z,1.058,2,1000,640x360,2.00148200000001,,
2025-12-17T05:51:31.771Z,1.409,1,600,480x270,1.927644999999984,,
2025-12-17T05:51:32.080Z,1.077,1,600,480x270,1.9984360000000265,,
2025-12-17T05:51:32.977Z,0.712,1,600,480x270,1.9956190000000333,,
2025-12-17T05:51:33.045Z,1.113,2,1000,640x360,1.9270930000000135,,
2025-12-17T05:51:33.481Z,0.686,2,1000,640x360,2.005892000000017,,
2025-12-17T05:51:33.560Z,1.116,1,600,480x270,1.9258530000000178,,
2025-12-17T05:51:33.879Z,0.75,1,600,480x270,1.9951389999999947,,
2025-12-17T05:51:34.360Z,0.873,1,600,480x270,1.9136250000000246,,
2025-12-17T05:51:34.818Z,0.855,1,600,480x270,1.9638120000000185,,
2025-12-17T05:51:35.280Z,0.814,1,600,480x270,1.9966960000000427,,
2025-12-17T05:51:35.787Z,1.072,1,600,480x270,1.9995040000000017,,
2025-12-17T05:51:36.122Z,1.028,1,600,480x270,1.9693710000000237,,
2025-12-17T05:51:36.547Z,1.211,1,600,480x270,1.925518000000011,,
2025-12-17T05:51:37.427Z,0.69,1,600,480x270,1.957335999999998,,
2025-12-17T05:51:37.801Z,0.924,1,600,480x270,1.9841659999999592,,
2025-12-17T05:51:38.440Z,0.893,1,600,480x270,1.9394120000000044,,
2025-12-17T05:51:38.957Z,0.867,1,600,480x270,1.9198000000000093,,
2025-12-17T05:51:39.403Z,0.774,1,600,480x270,1.976805000000013,,
2025-12-17T05:51:39.947Z,0.813,1,600,480x270,1.9328600000000051,,
2025-12-17T05:51:40.503Z,0.766,1,600,480x270,1.9836929999999597,,
2025-12-17T05:51:40.855Z,0.753,1,600,480x270,1.9347920000000158,,
2025-12-17T05:51:41.188Z,0.946,1,600,480x270,1.990692000000024,,
2025-12-17T05:51:41.496Z,1.216,1,600,480x270,1.983017000000018,,
2025-12-17T05:51:42.296Z,0.91,1,600,480x270,1.9759760000000028,,
2025-12-17T05:51:42.593Z,1.017,1,600,480x270,1.9884600000000319,,
2025-12-17T05:51:42.906Z,1.385,1,600,480x270,1.9807260000000042,,
2025-12-17T05:51:43.713Z,1.097,1,600,480x270,1.9764549999999872,,
2025-12-17T05:51:43.784Z,1.328,2,1000,640x360,1.9994060000000218,,
2025-12-17T05:51:44.273Z,1.06,2,1000,640x360,2.000579000000016,,
2025-12-17T05:51:44.349Z,1.289,1,600,480x270,1.924599999999998,,
2025-12-17T05:51:44.655Z,1.023,1,600,480x270,1.9183570000000145,,
2025-12-17T05:51:44.966Z,1.258,1,600,480x270,1.908174000000031,,
2025-12-17T05:51:45.773Z,0.949,1,600,480x270,2.0002940000000535,,
2025-12-17T05:51:45.843Z,1.275,2,1000,640x360,1.9301900000000387,,
2025-12-17T05:51:46.355Z,0.902,2,1000,640x360,1.9309769999999844,,
2025-12-17T05:51:46.970Z,0.638,2,1000,640x360,1.904941000000008,,
2025-12-17T05:51:47.042Z,1.123,1,600,480x270,1.9316119999999728,,
2025-12-17T05:51:47.411Z,0.796,1,600,480x270,1.9702220000000352,,
2025-12-17T05:51:47.823Z,0.847,1,600,480x270,1.965215999999998,,
2025-12-17T05:51:48.143Z,1.054,1,600,480x270,1.9311680000000138,,
2025-12-17T05:51:48.474Z,1.195,1,600,480x270,2.0051280000000133,,
2025-12-17T05:51:49.332Z,1.005,1,600,480x270,1.9421439999999848,,
2025-12-17T05:51:49.715Z,0.976,1,600,480x270,1.9576069999999959,,
2025-12-17T05:51:50.111Z,1.209,1,600,480x270,1.9617189999999596,,
2025-12-17T05:51:50.497Z,1.184,1,600,480x270,1.9881020000000262,,
2025-12-17T05:51:51.383Z,0.869,1,600,480x270,1.9990950000000112,,
2025-12-17T05:51:51.770Z,0.85,1,600,480x270,1.9112370000000283,,
2025-12-17T05:51:52.143Z,1.079,1,600,480x270,1.9398740000000316,,
2025-12-17T05:51:52.558Z,1.051,1,600,480x270,1.9310649999999896,,
2025-12-17T05:51:53.426Z,0.755,1,600,480x270,1.957365999999979,,
2025-12-17T05:51:53.809Z,0.999,1,600,480x270,1.9809730000000059,,
2025-12-17T05:51:54.263Z,0.96,1,600,480x270,1.9115279999999757,,
2025-12-17T05:51:54.639Z,0.976,1,600,480x270,1.9365809999999897,,
2025-12-17T05:51:55.012Z,1.113,1,600,480x270,1.9687270000000012,,
2025-12-17T05:51:55.895Z,0.86,1,600,480x270,1.980696000000023,,
2025-12-17T05:51:56.277Z,0.837,1,600,480x270,1.9996150000000057,,
2025-12-17T05:51:56.824Z,0.802,1,600,480x270,1.962707000000023,,
2025-12-17T05:51:57.259Z,0.919,1,600,480x270,1.912744000000032,,
2025-12-17T05:51:57.657Z,1.008,1,600,480x270,1.9181169999999952,,
2025-12-17T05:51:58.008Z,1.201,1,600,480x270,1.975403999999969,,
2025-12-17T05:51:58.924Z,0.669,1,600,480x270,1.9551050000000032,,
2025-12-17T05:51:59.340Z,0.915,1,600,480x270,1.9430380000000014,,
2025-12-17T05:51:59.735Z,0.874,1,600,480x270,1.9394970000000171,,
2025-12-17T05:52:00.133Z,1.111,1,600,480x270,1.9377880000000118,,
2025-12-17T05:52:00.505Z,1.102,1,600,480x270,1.9866739999999936,,
2025-12-17T05:52:01.358Z,0.78,1,600,480x270,1.9214599999999677,,
2025-12-17T05:52:01.741Z,0.991,1,600,480x270,1.9609340000000088,,
2025-12-17T05:52:02.107Z,0.992,1,600,480x270,1.9743419999999787,,
2025-12-17T05:52:02.460Z,1.231,1,600,480x270,1.9140790000000152,,
2025-12-17T05:52:03.281Z,0.923,1,600,480x270,1.997240999999974,,
2025-12-17T05:52:03.621Z,1.172,1,600,480x270,1.9613579999999615,,
2025-12-17T05:52:03.969Z,1.126,1,600,480x270,1.904594999999972,,
2025-12-17T05:52:04.822Z,0.84,1,600,480x270,1.9625780000000077,,
2025-12-17T05:52:05.218Z,1.069,1,600,480x270,1.9670549999999594,,
2025-12-17T05:52:05.620Z,1.061,1,600,480x270,1.9734430000000316,,
2025-12-17T05:52:06.048Z,1.154,1,600,480x270,1.9389120000000162,,
2025-12-17T05:52:06.980Z,0.708,1,600,480x270,1.9966269999999895,,
2025-12-17T05:52:07.419Z,0.679,1,600,480x270,1.9575730000000249,,
2025-12-17T05:52:07.826Z,0.851,1,600,480x270,1.9467270000000099,,
2025-12-17T05:52:08.234Z,0.883,1,600,480x270,1.939614000000006,,
2025-12-17T05:52:08.645Z,1.129,1,600,480x270,1.9468169999999532,,
2025-12-17T05:52:09.049Z,1.078,1,600,480x270,1.9257749999999874,,
2025-12-17T05:52:09.971Z,0.792,1,600,480x270,2.0093070000000353,,
2025-12-17T05:52:10.374Z,0.759,1,600,480x270,1.998927999999978,,
2025-12-17T05:52:10.802Z,0.896,1,600,480x270,1.9764000000000124,,
2025-12-17T05:52:11.242Z,0.95,1,600,480x270,1.92962,,
2025-12-17T05:52:11.696Z,0.926,1,600,480x270,1.9890679999999747,,
2025-12-17T05:52:12.165Z,1.158,1,600,480x270,1.9073019999999588,,
2025-12-17T05:52:12.570Z,1.093,1,600,480x270,1.9178299999999808,,
2025-12-17T05:52:13.469Z,0.829,1,600,480x270,1.915077999999994,,
2025-12-17T05:52:13.896Z,0.813,1,600,480x270,1.9975660000000062,,
2025-12-17T05:52:14.247Z,1.042,1,600,480x270,1.9366070000000377,,
2025-12-17T05:52:14.509Z,1.27,1,600,480x270,1.9843960000000038,,
2025-12-17T05:52:14.579Z,1.599,2,1000,640x360,1.9220760000000041,,
2025-12-17T05:52:15.519Z,0.724,2,1000,640x360,1.9649850000000129,,
2025-12-17T05:52:15.594Z,1.081,1,600,480x270,1.9979730000000018,,
2025-12-17T05:52:15.867Z,0.84,1,600,480x270,1.908615999999995,,
2025-12-17T05:52:16.159Z,0.978,1,600,480x270,1.9196400000000153,,
2025-12-17T05:52:16.685Z,1.127,1,600,480x270,1.994258000000002,,
2025-12-17T05:52:17.088Z,1.121,1,600,480x270,1.9884720000000016,,
2025-12-17T05:52:17.970Z,0.824,1,600,480x270,1.9081980000000272,,
2025-12-17T05:52:18.327Z,0.763,1,600,480x270,1.9536109999999667,,
2025-12-17T05:52:18.641Z,1.037,1,600,480x270,1.9613299999999754,,
2025-12-17T05:52:18.984Z,1.264,1,600,480x270,2.011593000000005,,
2025-12-17T05:52:19.857Z,0.955,1,600,480x270,1.9273919999999976,,
2025-12-17T05:52:20.171Z,0.92,1,600,480x270,1.998960000000011,,
2025-12-17T05:52:20.603Z,1.162,1,600,480x270,1.9828249999999912,,
2025-12-17T05:52:21.012Z,1.136,1,600,480x270,1.9615949999999884,,
2025-12-17T05:52:21.953Z,0.847,1,600,480x270,1.9340119999999956,,
2025-12-17T05:52:22.415Z,0.806,1,600,480x270,1.9722579999999539,,
2025-12-17T05:52:22.896Z,0.787,1,600,480x270,1.9960519999999633,,
2025-12-17T05:52:23.267Z,1.014,1,600,480x270,1.912559999999985,,
2025-12-17T05:52:23.682Z,0.976,1,600,480x270,1.9943989999999872,,
2025-12-17T05:52:24.056Z,1.212,1,600,480x270,1.9177779999999984,,
2025-12-17T05:52:24.972Z,0.641,1,600,480x270,2.0020260000000007,,
2025-12-17T05:52:25.412Z,0.793,1,600,480x270,1.9687860000000228,,
2025-12-17T05:52:25.840Z,0.852,1,600,480x270,1.9471360000000004,,
2025-12-17T05:52:26.304Z,0.812,1,600,480x270,1.9735000000000014,,
2025-12-17T05:52:26.845Z,0.784,1,600,480x270,1.936796999999956,,
2025-12-17T05:52:27.369Z,0.748,1,600,480x270,1.9102660000000355,,
2025-12-17T05:52:27.729Z,0.999,1,600,480x270,1.9561459999999897,,
2025-12-17T05:52:28.064Z,1.207,1,600,480x270,1.9144360000000233,,
2025-12-17T05:52:28.980Z,0.665,1,600,480x270,2.001845000000003,,
2025-12-17T05:52:29.316Z,0.892,1,600,480x270,1.9584689999999796,,
2025-12-17T05:52:29.692Z,1.134,1,600,480x270,1.9933719999999653,,
2025-12-17T05:52:30.016Z,1.101,1,600,480x270,1.9649709999999914,,
2025-12-17T05:52:30.895Z,0.813,1,600,480x270,1.9985949999999661,,
2025-12-17T05:52:31.230Z,0.899,1,600,480x270,1.9517660000000205,,
2025-12-17T05:52:31.619Z,1.029,1,600,480x270,1.9717509999999834,,
2025-12-17T05:52:32.060Z,1.191,1,600,480x270,1.9210790000000202,,
2025-12-17T05:52:32.844Z,0.942,1,600,480x270,1.9370490000000018,,
2025-12-17T05:52:33.145Z,1.065,1,600,480x270,1.925403000000017,,
2025-12-17T05:52:33.705Z,1.149,1,600,480x270,1.9750850000000355,,
2025-12-17T05:52:34.036Z,1.118,1,600,480x270,1.935579999999959,,
2025-12-17T05:52:34.895Z,0.831,1,600,480x270,1.987322000000006,,
2025-12-17T05:52:35.309Z,0.782,1,600,480x270,1.9694670000000087,,
2025-12-17T05:52:35.751Z,1.008,1,600,480x270,1.953202000000033,,
2025-12-17T05:52:35.972Z,1.267,1,600,480x270,2.012685000000033,,
2025-12-17T05:52:36.713Z,0.959,1,600,480x270,1.973688999999979,,
2025-12-17T05:52:36.990Z,1.191,1,600,480x270,1.9833390000000009,,
2025-12-17T05:52:37.946Z,0.897,1,600,480x270,1.938176999999996,,
2025-12-17T05:52:38.332Z,0.86,1,600,480x270,1.9435980000000086,,
2025-12-17T05:52:38.764Z,0.838,1,600,480x270,1.930140999999992,,
2025-12-17T05:52:39.157Z,1.066,1,600,480x270,1.9203870000000052,,
2025-12-17T05:52:39.556Z,1.057,1,600,480x270,1.9439219999999864,,
2025-12-17T05:52:40.888Z,0.204,1,600,480x270,1.9854530000000068,,rebuffer happen
2025-12-17T05:52:40.898Z,0.204,1,600,480x270,1.975354999999979,,
2025-12-17T05:52:41.416Z,0.183,1,600,480x270,1.9766349999999875,,rebuffer happen
2025-12-17T05:52:41.433Z,0.183,1,600,480x270,1.9586209999999937,,
2025-12-17T05:52:41.736Z,0.414,1,600,480x270,1.950446999999997,,
2025-12-17T05:52:41.971Z,0.651,1,600,480x270,1.9168300000000045,,
2025-12-17T05:52:42.236Z,0.884,1,600,480x270,1.9346899999999891,,
2025-12-17T05:52:42.527Z,1.094,1,600,480x270,1.9572529999999801,,
2025-12-17T05:52:43.378Z,0.818,1,600,480x270,2.002504999999985,,
2025-12-17T05:52:43.794Z,1.024,1,600,480x270,1.9923499999999876,,
2025-12-17T05:52:44.161Z,1.029,1,600,480x270,1.9200219999999604,,
2025-12-17T05:52:44.466Z,1.26,1,600,480x270,1.9169799999999668,,
2025-12-17T05:52:45.439Z,0.699,1,600,480x270,1.9484499999999798,,
2025-12-17T05:52:45.915Z,0.852,1,600,480x270,1.9720620000000508,,
2025-12-17T05:52:46.389Z,0.894,1,600,480x270,1.989892999999995,,
2025-12-17T05:52:46.872Z,0.87,1,600,480x270,2.005073999999979,,
2025-12-17T05:52:47.317Z,0.834,1,600,480x270,1.9532439999999838,,
2025-12-17T05:52:47.707Z,1.072,1,600,480x270,1.9832650000000172,,
2025-12-17T05:52:48.039Z,1.203,1,600,480x270,1.940842000000032,,
2025-12-17T05:52:48.879Z,0.755,1,600,480x270,2.015053000000023,,
2025-12-17T05:52:49.224Z,0.98,1,600,480x270,1.9595190000000002,,
2025-12-17T05:52:49.487Z,1.213,1,600,480x270,1.993317999999988,,
2025-12-17T05:52:50.192Z,0.912,1,600,480x270,1.98539999999997,,
2025-12-17T05:52:50.414Z,1.184,1,600,480x270,1.9717979999999784,,
2025-12-17T05:52:51.172Z,1.116,1,600,480x270,2.000370000000032,,
2025-12-17T05:52:51.604Z,1.101,1,600,480x270,1.988740000000007,,
2025-12-17T05:52:52.067Z,1.058,1,600,480x270,1.9115449999999896,,
2025-12-17T05:52:52.890Z,0.773,1,600,480x270,2.0029069999999933,,
2025-12-17T05:52:53.185Z,0.987,1,600,480x270,1.9945940000000064,,
2025-12-17T05:52:53.522Z,1.222,1,600,480x270,1.9576770000000465,,
2025-12-17T05:52:54.335Z,0.93,1,600,480x270,1.9398360000000139,,
2025-12-17T05:52:54.420Z,1.188,2,1000,640x360,1.9624680000000012,,
2025-12-17T05:52:54.903Z,0.819,2,1000,640x360,1.9713750000000232,,
2025-12-17T05:52:54.980Z,1.124,1,600,480x270,1.8942330000000425,,
2025-12-17T05:52:55.289Z,0.857,1,600,480x270,1.9900610000000256,,
2025-12-17T05:52:55.607Z,1.092,1,600,480x270,1.977907000000016,,
2025-12-17T05:52:55.898Z,1.214,1,600,480x270,1.9836080000000038,,
2025-12-17T05:52:56.700Z,1.062,1,600,480x270,1.9933469999999716,,
2025-12-17T05:52:57.003Z,1.135,1,600,480x270,1.9780319999999847,,
2025-12-17T05:52:57.818Z,0.977,1,600,480x270,1.961907999999994,,
2025-12-17T05:52:57.900Z,1.203,2,1000,640x360,1.974129000000005,,
2025-12-17T05:52:58.515Z,0.68,2,1000,640x360,1.968086000000028,,
2025-12-17T05:52:58.583Z,1.081,1,600,480x270,1.9931189999999788,,
2025-12-17T05:52:58.976Z,0.647,1,600,480x270,2.0012089999999603,,
2025-12-17T05:52:59.302Z,0.879,1,600,480x270,1.9688889999999901,,
2025-12-17T05:52:59.580Z,1.082,1,600,480x270,2.0101040000000125,,
2025-12-17T05:53:00.372Z,0.819,1,600,480x270,2.0024970000000053,,
2025-12-17T05:53:00.438Z,1.22,2,1000,640x360,1.9434840000000122,,
2025-12-17T05:53:00.941Z,0.789,2,1000,640x360,1.9450540000000274,,
2025-12-17T05:53:01.013Z,1.098,1,600,480x270,1.98093300000005,,
2025-12-17T05:53:01.524Z,0.716,1,600,480x270,1.9495339999999715,,
2025-12-17T05:53:02.078Z,0.727,1,600,480x270,2.0001209999999787,,
2025-12-17T05:53:02.153Z,0.963,0,200,320x180,1.9246689999999944,,
2025-12-17T05:53:02.320Z,1.246,0,200,320x180,1.9583470000000034,,
2025-12-17T05:53:02.390Z,1.271,2,1000,640x360,1.9934709999999995,,
2025-12-17T05:53:03.224Z,0.387,2,1000,640x360,1.9490470000000073,,
2025-12-17T05:53:03.292Z,0.866,0,200,320x180,1.9880220000000008,,
2025-12-17T05:53:03.419Z,1.117,0,200,320x180,1.9641839999999888,,
2025-12-17T05:53:03.497Z,1.145,2,1000,640x360,1.9981280000000083,,
2025-12-17T05:53:04.327Z,0.326,2,1000,640x360,1.943967999999984,,
2025-12-17T05:53:04.401Z,0.763,1,600,480x270,1.9790910000000395,,
2025-12-17T05:53:04.878Z,0.306,1,600,480x270,2.0075729999999794,,
2025-12-17T05:53:04.949Z,0.722,0,200,320x180,1.9350049999999896,,
2025-12-17T05:53:05.095Z,0.957,0,200,320x180,1.9803499999999872,,
2025-12-17T05:53:05.167Z,1,2,1000,640x360,1.906599999999969,,
2025-12-17T05:53:05.858Z,0.237,2,1000,640x360,1.9258349999999496,,rebuffer happen
2025-12-17T05:53:06.066Z,0.237,2,1000,640x360,1.920958999999982,,
2025-12-17T05:53:06.069Z,0.523,0,200,320x180,1.9176889999999958,,rebuffer happen
2025-12-17T05:53:06.141Z,0.523,0,200,320x180,1.945301000000029,,
2025-12-17T05:53:06.346Z,0.729,0,200,320x180,1.9529570000000263,,
2025-12-17T05:53:06.419Z,0.761,2,1000,640x360,1.9727190000000405,,
2025-12-17T05:53:06.872Z,0.225,2,1000,640x360,2.0052350000000274,,rebuffer happen
2025-12-17T05:53:06.998Z,0.225,2,1000,640x360,1.9854910000000245,,
2025-12-17T05:53:07.071Z,0.595,0,200,320x180,2.0008619999999837,,
2025-12-17T05:53:07.192Z,0.807,0,200,320x180,1.989689999999996,,
2025-12-17T05:53:07.272Z,0.827,2,1000,640x360,1.9966610000000173,,
2025-12-17T05:53:07.936Z,0.156,2,1000,640x360,1.939292000000023,,rebuffer happen
2025-12-17T05:53:08.001Z,0.156,2,1000,640x360,1.9715199999999982,,
2025-12-17T05:53:08.074Z,0.59,0,200,320x180,1.997731999999985,,
2025-12-17T05:53:08.283Z,0.816,0,200,320x180,1.9992560000000026,,
2025-12-17T05:53:08.355Z,0.807,2,1000,640x360,1.9298200000000065,,
2025-12-17T05:53:08.990Z,0.102,2,1000,640x360,1.9908170000000496,,rebuffer happen
2025-12-17T05:53:09.055Z,0.037,2,1000,640x360,1.925138000000004,,rebuffer happen
2025-12-17T05:53:09.163Z,0.037,2,1000,640x360,2.018137999999965,,
2025-12-17T05:53:09.240Z,0.537,1,600,480x270,2.054828999999984,,
2025-12-17T05:53:09.448Z,0.284,1,600,480x270,2.0670900000000074,,rebuffer happen
2025-12-17T05:53:09.689Z,0.019,1,600,480x270,2.1089039999999954,,rebuffer happen
2025-12-17T05:53:09.716Z,0.019,1,600,480x270,2.1089039999999954,,
2025-12-17T05:53:09.945Z,0.282,1,600,480x270,2.074678000000006,,rebuffer happen
2025-12-17T05:53:09.992Z,0.282,1,600,480x270,2.1078919999999925,,
2025-12-17T05:53:10.275Z,0.478,1,600,480x270,2.082035000000019,,
2025-12-17T05:53:10.571Z,0.658,1,600,480x270,2.081678000000011,,
2025-12-17T05:53:10.898Z,0.762,1,600,480x270,2.0250110000000063,,
2025-12-17T05:53:11.134Z,1.127,1,600,480x270,1.9836069999999495,,
2025-12-17T05:53:11.522Z,1.349,1,600,480x270,1.9958320000000072,,
2025-12-17T05:53:12.575Z,0.768,1,600,480x270,2.006668999999988,,
2025-12-17T05:53:13.023Z,0.731,1,600,480x270,1.9506240000000048,,
2025-12-17T05:53:13.375Z,0.954,1,600,480x270,2.0010489999999663,,
2025-12-17T05:53:13.752Z,0.919,1,600,480x270,1.9234580000000392,,
2025-12-17T05:53:14.068Z,1.153,1,600,480x270,1.907857999999976,,
2025-12-17T05:53:14.932Z,0.864,1,600,480x270,1.9494229999999675,,
2025-12-17T05:53:15.252Z,0.841,1,600,480x270,1.921258000000023,,
2025-12-17T05:53:15.485Z,1.338,1,600,480x270,2.002663000000041,,
2025-12-17T05:53:15.559Z,1.58,2,1000,640x360,1.93248600000004,,
2025-12-17T05:53:16.369Z,0.775,2,1000,640x360,1.9131689999999821,,
2025-12-17T05:53:17.000Z,0.752,2,1000,640x360,1.9935769999999593,,
2025-12-17T05:53:17.069Z,1.102,1,600,480x270,1.9224309999999605,,
2025-12-17T05:53:17.541Z,0.652,1,600,480x270,1.9397519999999986,,
2025-12-17T05:53:17.986Z,0.681,1,600,480x270,1.9958589999999958,,
2025-12-17T05:53:18.269Z,0.912,1,600,480x270,1.9089050000000043,,
2025-12-17T05:53:18.542Z,1.076,1,600,480x270,1.9420069999999896,,
2025-12-17T05:53:19.352Z,0.847,1,600,480x270,1.925358000000017,,
2025-12-17T05:53:19.427Z,1.24,2,1000,640x360,1.953614000000016,,
2025-12-17T05:53:19.902Z,0.832,2,1000,640x360,1.9872949999999605,,
2025-12-17T05:53:19.969Z,1.142,1,600,480x270,1.9192679999999882,,
2025-12-17T05:53:20.240Z,1.061,1,600,480x270,1.9382910000000493,,
2025-12-17T05:53:20.456Z,1.268,1,600,480x270,1.9281280000000152,,
2025-12-17T05:53:20.526Z,1.647,2,1000,640x360,1.9780600000000277,,
2025-12-17T05:53:21.572Z,0.735,2,1000,640x360,2.0067419999999743,,
2025-12-17T05:53:21.659Z,0.965,1,600,480x270,1.9190719999999715,,
2025-12-17T05:53:21.952Z,0.695,1,600,480x270,1.9268789999999854,,
2025-12-17T05:53:22.300Z,0.93,1,600,480x270,1.9711209999999824,,
2025-12-17T05:53:22.576Z,1.108,1,600,480x270,2.0063880000000154,,
2025-12-17T05:53:23.409Z,0.854,1,600,480x270,1.9769520000000398,,
2025-12-17T05:53:24.328Z,0.302,1,600,480x270,1.9541750000000206,,
2025-12-17T05:53:24.402Z,0.762,2,1000,640x360,1.9804570000000012,,
2025-12-17T05:53:24.819Z,0.288,2,1000,640x360,1.9782189999999673,,rebuffer happen
2025-12-17T05:53:24.934Z,0.288,2,1000,640x360,1.953439000000003,,
2025-12-17T05:53:25.010Z,0.668,1,600,480x270,1.9833509999999706,,
2025-12-17T05:53:25.331Z,0.514,1,600,480x270,1.9500949999999762,,
2025-12-17T05:53:25.589Z,0.726,1,600,480x270,1.9897080000000074,,
2025-12-17T05:53:25.996Z,0.711,1,600,480x270,1.9860819999999535,,
2025-12-17T05:53:26.404Z,0.937,1,600,480x270,1.9847800000000007,,
2025-12-17T05:53:26.631Z,1.135,1,600,480x270,1.958654000000024,,
2025-12-17T05:53:26.952Z,1.147,1,600,480x270,1.9247659999999769,,
2025-12-17T05:53:27.784Z,0.857,1,600,480x270,1.9941709999999944,,
2025-12-17T05:53:28.189Z,1.086,1,600,480x270,1.9851719999999773,,
2025-12-17T05:53:28.609Z,1.072,1,600,480x270,1.9949100000000044,,
2025-12-17T05:53:29.054Z,1.297,1,600,480x270,1.9324250000000234,,
2025-12-17T05:53:30.005Z,0.742,1,600,480x270,1.9823860000000195,,
2025-12-17T05:53:30.455Z,0.704,1,600,480x270,1.9349010000000249,,
2025-12-17T05:53:30.860Z,0.823,1,600,480x270,1.9195119999999974,,
2025-12-17T05:53:31.261Z,0.897,1,600,480x270,1.9160660000000007,,
2025-12-17T05:53:31.644Z,1.11,1,600,480x270,1.9459719999999834,,
2025-12-17T05:53:32.046Z,1.105,1,600,480x270,1.9304050000000075,,
2025-12-17T05:53:32.955Z,0.806,1,600,480x270,1.9291099999999801,,
2025-12-17T05:53:33.437Z,0.766,1,600,480x270,1.9483979999999974,,
2025-12-17T05:53:33.788Z,0.932,1,600,480x270,2.0084429999999998,,
2025-12-17T05:53:34.216Z,0.978,1,600,480x270,1.9756270000000313,,
2025-12-17T05:53:34.611Z,1.199,1,600,480x270,1.9706429999999955,,
2025-12-17T05:53:35.002Z,1.178,1,600,480x270,1.9766329999999925,,
2025-12-17T05:53:35.907Z,0.889,1,600,480x270,1.973545999999999,,
2025-12-17T05:53:36.313Z,0.852,1,600,480x270,1.969159999999988,,
2025-12-17T05:53:36.751Z,1.011,1,600,480x270,1.9335760000000164,,
2025-12-17T05:53:37.147Z,1.06,1,600,480x270,1.9359509999999887,,
2025-12-17T05:53:37.567Z,1.024,1,600,480x270,1.9045879999999897,,
2025-12-17T05:53:38.645Z,0.454,1,600,480x270,1.9349100000000021,,
2025-12-17T05:53:39.078Z,0.687,1,600,480x270,1.998529000000019,,
2025-12-17T05:53:39.494Z,0.663,1,600,480x270,1.9902500000000032,,
2025-12-17T05:53:39.932Z,0.9,1,600,480x270,1.9449089999999956,,
2025-12-17T05:53:40.295Z,0.795,1,600,480x270,1.9843380000000366,,
2025-12-17T05:53:40.664Z,0.939,1,600,480x270,1.9224389999999971,,
2025-12-17T05:53:41.036Z,1.076,1,600,480x270,1.9454809999999725,,
2025-12-17T05:53:41.882Z,0.762,1,600,480x270,1.9965699999999629,,
2025-12-17T05:53:42.150Z,0.982,1,600,480x270,1.9297109999999975,,
2025-12-17T05:53:42.183Z,1.439,1,600,480x270,1.9873949999999923,,
2025-12-17T05:53:42.279Z,1.907,0,200,320x180,1.8907019999999761,,
2025-12-17T05:53:42.362Z,2.167,0,200,320x180,1.918692999999962,,
2025-12-17T05:53:42.433Z,2.23,3,1500,768x432,1.9428969999999595,,
2025-12-17T05:53:44.311Z,0.377,3,1500,768x432,1.9653190000000222,,
2025-12-17T05:53:44.399Z,0.748,1,600,480x270,1.971445000000017,,
2025-12-17T05:53:44.781Z,0.352,1,600,480x270,1.999682000000007,,
2025-12-17T05:53:45.137Z,0.509,1,600,480x270,1.9411219999999503,,
2025-12-17T05:53:45.486Z,0.658,1,600,480x270,1.997995000000003,,
2025-12-17T05:53:45.815Z,0.785,1,600,480x270,1.973133999999959,,
2025-12-17T05:53:46.171Z,1.016,1,600,480x270,1.9074979999999755,,
2025-12-17T05:53:46.542Z,1.25,1,600,480x270,1.9521100000000047,,
2025-12-17T05:53:47.393Z,0.777,1,600,480x270,1.9919699999999807,,
2025-12-17T05:53:47.768Z,0.91,1,600,480x270,1.9071389999999724,,
2025-12-17T05:53:48.100Z,1.031,1,600,480x270,1.9722699999999804,,
2025-12-17T05:53:48.428Z,1.171,1,600,480x270,1.9657320000000027,,
2025-12-17T05:53:49.254Z,1.097,1,600,480x270,1.9308919999999716,,
2025-12-17T05:53:49.601Z,1.087,1,600,480x270,1.9847709999999665,,
2025-12-17T05:53:49.942Z,1.234,1,600,480x270,1.9351649999999836,,
2025-12-17T05:53:50.801Z,1.03,1,600,480x270,1.990665999999976,,
2025-12-17T05:53:51.133Z,0.981,1,600,480x270,1.9557639999999878,,
2025-12-17T05:53:51.471Z,1.214,1,600,480x270,2.005382999999995,,
2025-12-17T05:53:52.311Z,0.908,1,600,480x270,1.9641699999999673,,
2025-12-17T05:53:52.675Z,1.147,1,600,480x270,2.002119999999991,,
2025-12-17T05:53:52.848Z,1.348,1,600,480x270,1.9248460000000023,,
2025-12-17T05:53:53.548Z,1.098,1,600,480x270,1.9461220000000026,,
2025-12-17T05:53:54.644Z,0.542,1,600,480x270,1.9480419999999867,,
2025-12-17T05:53:55.131Z,0.493,1,600,480x270,1.9493190000000027,,
2025-12-17T05:53:55.495Z,0.724,1,600,480x270,1.9909040000000005,,
2025-12-17T05:53:55.835Z,0.965,1,600,480x270,1.9389090000000238,,
2025-12-17T05:53:56.156Z,1.119,1,600,480x270,1.9146600000000262,,
2025-12-17T05:53:56.498Z,1.162,1,600,480x270,1.9779989999999543,,
2025-12-17T05:53:57.347Z,0.866,1,600,480x270,1.9260790000000156,,
2025-12-17T05:53:57.694Z,1.108,1,600,480x270,1.9913459999999645,,
2025-12-17T05:53:58.080Z,1.067,1,600,480x270,1.9923019999999951,,
2025-12-17T05:53:58.939Z,0.783,1,600,480x270,1.944671000000028,,
2025-12-17T05:53:59.260Z,0.883,1,600,480x270,1.9237190000000055,,
2025-12-17T05:53:59.601Z,1.024,1,600,480x270,1.9727059999999597,,
2025-12-17T05:53:59.937Z,1.164,1,600,480x270,1.9375390000000152,,
2025-12-17T05:54:00.783Z,0.918,1,600,480x270,2.0038279999999986,,
2025-12-17T05:54:01.134Z,1.075,1,600,480x270,1.9477840000000128,,
2025-12-17T05:54:01.554Z,1.121,1,600,480x270,1.9207440000000133,,
2025-12-17T05:54:02.285Z,0.807,1,600,480x270,1.9992359999999962,,
2025-12-17T05:54:02.536Z,1.068,1,600,480x270,1.9485090000000014,,
2025-12-17T05:54:03.370Z,0.749,1,600,480x270,1.91102699999999,,
2025-12-17T05:54:03.587Z,1.22,1,600,480x270,1.9866830000000277,,
2025-12-17T05:54:04.338Z,0.959,1,600,480x270,1.9483559999999898,,
2025-12-17T05:54:04.640Z,1.201,1,600,480x270,1.9427939999999921,,
2025-12-17T05:54:05.129Z,1.156,1,600,480x270,1.9460670000000277,,
2025-12-17T05:54:05.580Z,1.142,1,600,480x270,1.9999479999999608,,
2025-12-17T05:54:06.545Z,0.576,1,600,480x270,1.9604249999999865,,
2025-12-17T05:54:07.022Z,0.701,1,600,480x270,1.9641750000000116,,
2025-12-17T05:54:07.455Z,0.772,1,600,480x270,1.935309000000018,,
2025-12-17T05:54:08.036Z,0.756,1,600,480x270,1.9498760000000175,,
2025-12-17T05:54:08.391Z,0.718,1,600,480x270,1.99290400000001,,
2025-12-17T05:54:08.766Z,0.902,1,600,480x270,1.9108479999999872,,
2025-12-17T05:54:09.159Z,1.033,1,600,480x270,1.9121279999999956,,
2025-12-17T05:54:09.529Z,1.156,1,600,480x270,1.9557050000000231,,
2025-12-17T05:54:10.345Z,0.847,1,600,480x270,1.928021000000001,,
2025-12-17T05:54:10.623Z,1.102,1,600,480x270,1.9735149999999635,,
2025-12-17T05:54:10.925Z,1.247,1,600,480x270,1.9520689999999945,,
2025-12-17T05:54:11.720Z,1.034,1,600,480x270,1.9730599999999754,,
2025-12-17T05:54:12.234Z,0.997,1,600,480x270,1.942154999999957,,
2025-12-17T05:54:12.689Z,0.952,1,600,480x270,1.9859160000000315,,
2025-12-17T05:54:13.103Z,1.192,1,600,480x270,1.9700770000000034,,
2025-12-17T05:54:13.550Z,1.172,1,600,480x270,1.934946000000025,,
2025-12-17T05:54:14.485Z,0.865,1,600,480x270,2.0124339999999847,,
2025-12-17T05:54:14.887Z,0.839,1,600,480x270,1.993663999999967,,
2025-12-17T05:54:15.331Z,0.8,1,600,480x270,1.941124000000002,,
2025-12-17T05:54:15.659Z,1.008,1,600,480x270,1.9317849999999908,,
2025-12-17T05:54:15.940Z,1.285,1,600,480x270,1.9536559999999668,,
2025-12-17T05:54:16.756Z,0.975,1,600,480x270,1.923546999999985,,
2025-12-17T05:54:17.152Z,0.938,1,600,480x270,1.9184430000000248,,
2025-12-17T05:54:17.513Z,1.187,1,600,480x270,1.9631630000000087,,
2025-12-17T05:54:18.356Z,1.201,1,600,480x270,1.9908100000000104,,
2025-12-17T05:54:18.435Z,1.195,2,1000,640x360,2.0126409999999737,,
2025-12-17T05:54:19.042Z,0.974,2,1000,640x360,1.9703939999999989,,
2025-12-17T05:54:19.117Z,0.978,1,600,480x270,1.9842399999999998,,
2025-12-17T05:54:19.471Z,1.041,1,600,480x270,2.0341869999999744,,
2025-12-17T05:54:19.554Z,0.986,2,1000,640x360,1.9575979999999618,,
2025-12-17T05:54:20.117Z,0.894,2,1000,640x360,1.9707989999999995,,
2025-12-17T05:54:20.192Z,0.885,3,1500,768x432,2.0025210000000015,,
2025-12-17T05:54:21.083Z,0.417,3,1500,768x432,1.989103,,
2025-12-17T05:54:21.158Z,0.356,2,1000,640x360,1.91236600000002,,
2025-12-17T05:54:21.354Z,0.167,2,1000,640x360,1.9183460000000423,,rebuffer happen
2025-12-17T05:54:21.639Z,0.286,2,1000,640x360,1.950522000000035,,rebuffer happen
2025-12-17T05:54:21.686Z,0.296,2,1000,640x360,1.996388999999965,,
2025-12-17T05:54:21.757Z,0.235,2,1000,640x360,1.925598999999977,,rebuffer happen
2025-12-17T05:54:22.224Z,0.265,2,1000,640x360,1.9558640000000196,,
2025-12-17T05:54:22.756Z,0.239,2,1000,640x360,1.9364909999999895,,
2025-12-17T05:54:22.826Z,0.248,0,200,320x180,1.9756179999999972,,
2025-12-17T05:54:22.950Z,0.512,0,200,320x180,1.9437030000000277,,
2025-12-17T05:54:23.029Z,0.505,3,1500,768x432,1.9590559999999755,,
2025-12-17T05:54:23.220Z,0.28,3,1500,768x432,1.9661989999999605,,rebuffer happen
2025-12-17T05:54:23.532Z,0.286,3,1500,768x432,1.981666999999959,,rebuffer happen
2025-12-17T05:54:23.802Z,0.191,3,1500,768x432,2.009036999999978,,
2025-12-17T05:54:23.984Z,0.032,3,1500,768x432,2.016126999999983,,rebuffer happen
2025-12-17T05:54:24.367Z,0.028,3,1500,768x432,1.9888990000000035,,rebuffer happen
2025-12-17T05:54:24.417Z,0.023,3,1500,768x432,2.042369000000008,,rebuffer happen
2025-12-17T05:54:24.467Z,0.016,3,1500,768x432,2.001798000000008,,rebuffer happen
2025-12-17T05:54:24.501Z,0.022,3,1500,768x432,2.0841909999999757,,rebuffer happen
2025-12-17T05:54:24.551Z,0.026,3,1500,768x432,2.0556310000000053,,rebuffer happen
2025-12-17T05:54:24.564Z,0.026,3,1500,768x432,2.0556310000000053,,
2025-12-17T05:54:24.601Z,0.027,3,1500,768x432,2.11638099999999,,rebuffer happen
2025-12-17T05:54:25.018Z,0.031,3,1500,768x432,2.290834000000018,,rebuffer happen
2025-12-17T05:54:25.101Z,0.02,3,1500,768x432,2.303677999999991,,rebuffer happen
2025-12-17T05:54:25.151Z,0.017,3,1500,768x432,2.267614999999978,,rebuffer happen
2025-12-17T05:54:25.184Z,0.024,3,1500,768x432,2.3485509999999863,,rebuffer happen
2025-12-17T05:54:25.234Z,0.029,3,1500,768x432,2.32042899999999,,rebuffer happen
2025-12-17T05:54:25.335Z,0.02,3,1500,768x432,2.3377780000000143,,rebuffer happen
2025-12-17T05:54:25.356Z,0.02,3,1500,768x432,2.3377780000000143,,
2025-12-17T05:54:25.385Z,0.028,3,1500,768x432,2.413201000000015,,rebuffer happen
2025-12-17T05:54:25.835Z,0.027,3,1500,768x432,2.544083999999998,,rebuffer happen
2025-12-17T05:54:25.885Z,0.022,3,1500,768x432,2.606176000000005,,rebuffer happen
2025-12-17T05:54:25.935Z,0.027,3,1500,768x432,2.5780280000000175,,rebuffer happen
2025-12-17T05:54:25.985Z,0.028,3,1500,768x432,2.644721000000004,,rebuffer happen
2025-12-17T05:54:26.035Z,0.027,3,1500,768x432,2.6103259999999864,,rebuffer happen
2025-12-17T05:54:26.085Z,0.024,3,1500,768x432,2.6774409999999875,,rebuffer happen
2025-12-17T05:54:26.135Z,0.017,3,1500,768x432,2.6377519999999777,,rebuffer happen
2025-12-17T05:54:26.138Z,0.017,3,1500,768x432,2.6377519999999777,,
2025-12-17T05:54:26.169Z,0.024,0,200,320x180,2.611392999999964,,rebuffer happen
2025-12-17T05:54:26.211Z,0.024,0,200,320x180,2.7073929999999677,,
2025-12-17T05:54:26.345Z,0.434,0,200,320x180,2.7398959999999875,,
2025-12-17T05:54:26.413Z,0.456,2,1000,640x360,2.794659000000024,,
2025-12-17T05:54:26.488Z,0.294,2,1000,640x360,2.7845709999999713,,rebuffer happen
2025-12-17T05:54:26.928Z,0.255,2,1000,640x360,2.6351209999999696,,
2025-12-17T05:54:27.009Z,0.217,3,1500,768x432,2.663421000000028,,
2025-12-17T05:54:27.153Z,0.028,3,1500,768x432,2.615730000000042,,rebuffer happen
2025-12-17T05:54:27.537Z,0.025,3,1500,768x432,2.7167860000000132,,rebuffer happen
2025-12-17T05:54:27.570Z,0.029,3,1500,768x432,2.6879279999999994,,rebuffer happen
2025-12-17T05:54:27.620Z,0.028,3,1500,768x432,2.745771999999988,,rebuffer happen
2025-12-17T05:54:27.687Z,0.018,3,1500,768x432,2.801994000000036,,rebuffer happen
2025-12-17T05:54:27.737Z,0.016,3,1500,768x432,2.7669140000000425,,rebuffer happen
2025-12-17T05:54:27.787Z,0.026,3,1500,768x432,2.8502260000000206,,rebuffer happen
2025-12-17T05:54:27.847Z,0.026,3,1500,768x432,2.8502260000000206,,
2025-12-17T05:54:27.887Z,0.025,3,1500,768x432,2.91079000000002,,rebuffer happen
2025-12-17T05:54:28.270Z,0.031,3,1500,768x432,3.0811299999999733,,rebuffer happen
2025-12-17T05:54:28.337Z,0.018,3,1500,768x432,3.135388999999975,,rebuffer happen
2025-12-17T05:54:28.387Z,0.022,3,1500,768x432,3.2050760000000196,,rebuffer happen
2025-12-17T05:54:28.454Z,0.028,3,1500,768x432,3.1776550000000157,,rebuffer happen
2025-12-17T05:54:28.537Z,0.023,3,1500,768x432,3.240113000000065,,rebuffer happen
2025-12-17T05:54:28.604Z,0.021,3,1500,768x432,3.303592999999978,,rebuffer happen
2025-12-17T05:54:28.671Z,0.019,3,1500,768x432,3.369082999999989,,rebuffer happen
2025-12-17T05:54:28.738Z,0.019,3,1500,768x432,3.3353890000000206,,rebuffer happen
2025-12-17T05:54:28.804Z,0.023,3,1500,768x432,3.405627000000038,,rebuffer happen
2025-12-17T05:54:28.871Z,0.029,3,1500,768x432,3.4796400000000176,,rebuffer happen
2025-12-17T05:54:28.954Z,0.023,3,1500,768x432,3.4406620000000316,,rebuffer happen
2025-12-17T05:54:28.983Z,0.023,3,1500,768x432,3.5416620000000307,,
2025-12-17T05:54:29.021Z,0.021,2,1000,640x360,3.506373999999994,,rebuffer happen
2025-12-17T05:54:29.051Z,0.021,2,1000,640x360,3.506373999999994,,
2025-12-17T05:54:29.672Z,0.031,2,1000,640x360,3.84862099999998,,rebuffer happen
2025-12-17T05:54:29.805Z,0.017,2,1000,640x360,3.8347479999999905,,rebuffer happen
2025-12-17T05:54:29.811Z,0.017,2,1000,640x360,3.8347479999999905,,
2025-12-17T05:54:29.838Z,0.027,1,600,480x270,3.8107259999999883,,rebuffer happen
2025-12-17T05:54:29.889Z,0.027,1,600,480x270,3.9117259999999874,,
2025-12-17T05:54:30.345Z,0.256,1,600,480x270,4.044719999999984,,
2025-12-17T05:54:30.820Z,0.286,1,600,480x270,4.078799999999944,,
2025-12-17T05:54:31.284Z,0.323,1,600,480x270,4.116356000000053,,
2025-12-17T05:54:31.439Z,0.176,1,600,480x270,4.065379000000007,,rebuffer happen
2025-12-17T05:54:31.776Z,0.27,1,600,480x270,4.073801000000003,,
2025-12-17T05:54:32.285Z,0.277,1,600,480x270,4.072027000000048,,
2025-12-17T05:54:32.359Z,0.275,3,1500,768x432,4.001122000000009,,
2025-12-17T05:54:32.557Z,0.021,3,1500,768x432,4.02031599999998,,rebuffer happen
2025-12-17T05:54:32.841Z,0.017,3,1500,768x432,4.14402599999994,,rebuffer happen
2025-12-17T05:54:32.891Z,0.018,3,1500,768x432,4.207490000000007,,rebuffer happen
2025-12-17T05:54:32.958Z,0.024,3,1500,768x432,4.179208000000017,,rebuffer happen
2025-12-17T05:54:33.025Z,0.029,3,1500,768x432,4.2475990000000365,,rebuffer happen
2025-12-17T05:54:33.108Z,0.025,3,1500,768x432,4.31217700000002,,rebuffer happen
2025-12-17T05:54:33.174Z,0.024,3,1500,768x432,4.375054999999975,,rebuffer happen
2025-12-17T05:54:33.241Z,0.023,3,1500,768x432,4.340424999999982,,rebuffer happen
2025-12-17T05:54:33.308Z,0.026,3,1500,768x432,4.411829999999895,,rebuffer happen
2025-12-17T05:54:33.391Z,0.015,3,1500,768x432,4.4681889999999385,,rebuffer happen
2025-12-17T05:54:33.441Z,0.022,3,1500,768x432,4.4427599999999074,,rebuffer happen
2025-12-17T05:54:33.483Z,0.022,3,1500,768x432,4.54376000000002,,
2025-12-17T05:54:33.525Z,0.019,2,1000,640x360,4.507007000000044,,rebuffer happen
2025-12-17T05:54:33.574Z,0.019,2,1000,640x360,4.507007000000044,,
2025-12-17T05:54:34.242Z,0.028,2,1000,640x360,4.825518999999986,,rebuffer happen
2025-12-17T05:54:34.292Z,0.017,2,1000,640x360,4.873511000000008,,rebuffer happen
2025-12-17T05:54:34.342Z,0.023,2,1000,640x360,4.846412999999984,,rebuffer happen
2025-12-17T05:54:34.347Z,0.023,2,1000,640x360,4.846412999999984,,
2025-12-17T05:54:34.392Z,0.016,0,200,320x180,4.90432300000009,,rebuffer happen
2025-12-17T05:54:34.430Z,0.016,0,200,320x180,4.90432300000009,,
2025-12-17T05:54:34.606Z,0.394,0,200,320x180,4.982805999999982,,
2025-12-17T05:54:34.773Z,0.632,0,200,320x180,4.957673,,
2025-12-17T05:54:34.933Z,0.86,0,200,320x180,4.8271219999999175,,
2025-12-17T05:54:35.004Z,0.93,2,1000,640x360,4.81561499999998,,
2025-12-17T05:54:35.653Z,0.437,2,1000,640x360,4.50573200000008,,
2025-12-17T05:54:35.830Z,0.184,2,1000,640x360,4.4355319999999665,,rebuffer happen
2025-12-17T05:54:36.161Z,0.301,2,1000,640x360,4.384290999999962,,
2025-12-17T05:54:36.162Z,0.286,2,1000,640x360,4.383653999999979,,rebuffer happen
2025-12-17T05:54:36.237Z,0.286,3,1500,768x432,4.400071000000025,,
2025-12-17T05:54:36.444Z,0.015,3,1500,768x432,4.408015999999975,,rebuffer happen
2025-12-17T05:54:36.778Z,0.02,3,1500,768x432,4.50496099999998,,rebuffer happen
2025-12-17T05:54:36.827Z,0.016,3,1500,768x432,4.467858999999976,,rebuffer happen
2025-12-17T05:54:36.861Z,0.025,3,1500,768x432,4.443698999999924,,rebuffer happen
2025-12-17T05:54:36.928Z,0.017,3,1500,768x432,4.508159999999975,,rebuffer happen
2025-12-17T05:54:36.994Z,0.023,3,1500,768x432,4.544529000000011,,rebuffer happen
2025-12-17T05:54:37.011Z,0.023,3,1500,768x432,4.544529000000011,,
2025-12-17T05:54:37.044Z,0.027,0,200,320x180,4.51497100000006,,rebuffer happen
2025-12-17T05:54:37.080Z,0.027,0,200,320x180,4.617971000000011,,
2025-12-17T05:54:37.184Z,0.407,0,200,320x180,4.661788999999999,,
2025-12-17T05:54:37.298Z,0.811,0,200,320x180,4.650995999999964,,
2025-12-17T05:54:37.414Z,1.15,0,200,320x180,4.584541999999942,,
2025-12-17T05:54:37.529Z,1.478,0,200,320x180,4.514185999999995,,
2025-12-17T05:54:37.647Z,1.801,0,200,320x180,4.440389999999979,,
2025-12-17T05:54:37.762Z,2.157,0,200,320x180,4.362764999999968,,
2025-12-17T05:54:37.897Z,2.425,0,200,320x180,4.367299000000003,,
2025-12-17T05:54:38.016Z,2.748,0,200,320x180,4.282872999999995,,
2025-12-17T05:54:38.119Z,3.107,0,200,320x180,4.2255439999999,,
2025-12-17T05:54:38.258Z,3.417,0,200,320x180,4.116431000000034,,
2025-12-17T05:54:38.386Z,3.761,0,200,320x180,4.151602000000025,,
2025-12-17T05:54:38.485Z,4.115,0,200,320x180,4.098317999999949,,
2025-12-17T05:54:38.624Z,4.389,0,200,320x180,3.990650999999957,,
2025-12-17T05:54:39.133Z,4.091,0,200,320x180,3.7237859999999046,,
2025-12-17T05:54:39.645Z,3.917,0,200,320x180,3.5158709999999473,,
2025-12-17T05:54:40.148Z,3.661,0,200,320x180,3.2691619999999375,,
2025-12-17T05:54:40.699Z,3.51,0,200,320x180,3.132612999999992,,
2025-12-17T05:54:41.134Z,3.279,0,200,320x180,2.8849500000000035,,
2025-12-17T05:54:41.667Z,3.147,0,200,320x180,2.7235800000000836,,
2025-12-17T05:54:42.132Z,2.894,0,200,320x180,2.529824000000076,,
2025-12-17T05:54:42.644Z,2.743,0,200,320x180,2.3057420000000093,,
2025-12-17T05:54:43.167Z,2.512,0,200,320x180,2.113012000000026,,
2025-12-17T05:54:43.692Z,2.398,0,200,320x180,2.0976969999999255,,
2025-12-17T05:54:44.221Z,2.292,0,200,320x180,2.0124399999999696,,
2025-12-17T05:54:44.725Z,2.302,0,200,320x180,1.996159999999918,,
2025-12-17T05:54:45.172Z,2.316,0,200,320x180,2.018159999999966,,
2025-12-17T05:54:45.678Z,2.321,0,200,320x180,2.0277300000000196,,
2025-12-17T05:54:46.180Z,2.301,0,200,320x180,2.0107400000000553,,
2025-12-17T05:54:46.671Z,2.304,0,200,320x180,2.005282999999963,,
2025-12-17T05:54:47.151Z,2.319,0,200,320x180,1.9300280000001067,,
2025-12-17T05:54:47.703Z,2.248,0,200,320x180,1.975082000000043,,
2025-12-17T05:54:48.187Z,2.286,0,200,320x180,1.9836010000000215,,
2025-12-17T05:54:48.667Z,2.314,0,200,320x180,1.9225860000000239,,
2025-12-17T05:54:49.174Z,2.3,0,200,320x180,1.9988240000000133,,
2025-12-17T05:54:49.640Z,2.309,0,200,320x180,1.9537000000000262,,
2025-12-17T05:54:50.155Z,2.316,0,200,320x180,1.9244209999999384,,
2025-12-17T05:54:50.653Z,2.282,0,200,320x180,1.9233609999999999,,
2025-12-17T05:54:51.154Z,2.314,0,200,320x180,1.923234999999977,,
2025-12-17T05:54:51.657Z,2.313,0,200,320x180,1.9242309999999634,,
2025-12-17T05:54:52.159Z,2.308,0,200,320x180,1.9170760000000655,,
2025-12-17T05:54:52.656Z,2.32,0,200,320x180,1.9296980000000303,,
2025-12-17T05:54:53.179Z,2.31,0,200,320x180,1.9941869999998971,,
2025-12-17T05:54:53.673Z,2.31,0,200,320x180,2.014179000000013,,
2025-12-17T05:54:54.167Z,2.301,0,200,320x180,1.9148989999999912,,
2025-12-17T05:54:54.697Z,2.337,0,200,320x180,2.011421999999925,,
2025-12-17T05:54:55.198Z,2.316,0,200,320x180,1.9807739999999967,,
2025-12-17T05:54:55.696Z,2.314,0,200,320x180,1.9922209999999723,,
2025-12-17T05:54:56.196Z,2.235,0,200,320x180,1.9888270000000148,,
2025-12-17T05:54:56.694Z,2.326,0,200,320x180,1.9943080000000464,,
2025-12-17T05:54:57.150Z,2.318,0,200,320x180,1.9260110000000168,,
2025-12-17T05:54:57.662Z,2.316,0,200,320x180,1.9252629999999726,,
2025-12-17T05:54:58.161Z,2.33,0,200,320x180,1.917936999999938,,
2025-12-17T05:54:58.659Z,2.328,0,200,320x180,1.9341629999998986,,
2025-12-17T05:54:59.208Z,2.311,0,200,320x180,1.97830799999997,,
2025-12-17T05:54:59.721Z,2.298,0,200,320x180,1.9549549999999272,,
2025-12-17T05:55:00.224Z,2.284,0,200,320x180,1.955473999999981,,
2025-12-17T05:55:00.726Z,2.258,0,200,320x180,1.956711999999925,,
2025-12-17T05:55:01.159Z,2.305,0,200,320x180,1.9141919999999573,,
2025-12-17T05:55:01.656Z,2.318,0,200,320x180,1.9249600000000555,,
2025-12-17T05:55:02.160Z,2.305,0,200,320x180,1.9137160000000222,,
2025-12-17T05:55:02.715Z,2.317,0,200,320x180,1.9737739999999349,,
2025-12-17T05:55:03.214Z,2.307,0,200,320x180,1.961029999999937,,
2025-12-17T05:55:03.653Z,2.315,0,200,320x180,1.9222140000000536,,
2025-12-17T05:55:04.172Z,2.297,0,200,320x180,1.9989729999999781,,
2025-12-17T05:55:04.707Z,2.258,0,200,320x180,1.973231999999939,,
2025-12-17T05:55:05.209Z,2.301,0,200,320x180,1.9713809999999512,,
2025-12-17T05:55:05.706Z,2.31,0,200,320x180,1.9784690000000182,,
2025-12-17T05:55:06.220Z,2.3,0,200,320x180,1.9567800000000943,,
2025-12-17T05:55:06.715Z,2.317,0,200,320x180,1.967269999999985,,
2025-12-17T05:55:07.169Z,2.305,0,200,320x180,1.9113230000000385,,
2025-12-17T05:55:07.649Z,2.316,0,200,320x180,1.9298390000000154,,
2025-12-17T05:55:08.211Z,2.301,0,200,320x180,1.972658000000024,,
2025-12-17T05:55:08.711Z,2.265,0,200,320x180,1.9658279999999877,,
2025-12-17T05:55:09.148Z,2.319,0,200,320x180,1.9250710000000026,,
2025-12-17T05:55:09.706Z,2.307,0,200,320x180,1.9750870000000305,,
2025-12-17T05:55:10.205Z,2.31,0,200,320x180,1.9728700000000572,,
2025-12-17T05:55:10.664Z,2.317,0,200,320x180,1.9230509999999867,,
2025-12-17T05:55:11.141Z,2.324,0,200,320x180,1.9381230000000187,,
2025-12-17T05:55:11.694Z,2.334,0,200,320x180,2.010631999999987,,
2025-12-17T05:55:12.209Z,2.316,0,200,320x180,1.9796069999999872,,
2025-12-17T05:55:12.706Z,2.312,0,200,320x180,1.97797300000002,,
2025-12-17T05:55:13.205Z,2.275,0,200,320x180,1.972297000000026,,
2025-12-17T05:55:13.640Z,2.331,0,200,320x180,1.9438310000000456,,
2025-12-17T05:55:14.172Z,2.337,0,200,320x180,2.0004959999999983,,
2025-12-17T05:55:14.684Z,2.339,0,200,320x180,1.9914779999999155,,
2025-12-17T05:55:15.168Z,2.319,0,200,320x180,1.9077950000000783,,
2025-12-17T05:55:15.619Z,2.359,0,200,320x180,1.9654030000000375,,
2025-12-17T05:55:16.107Z,2.357,0,200,320x180,1.966043999999897,,
2025-12-17T05:55:16.673Z,2.326,0,200,320x180,2.000921000000062,,
2025-12-17T05:55:17.172Z,2.293,0,200,320x180,1.9991649999999481,,
2025-12-17T05:55:17.639Z,2.333,0,200,320x180,1.9460880000000316,,
2025-12-17T05:55:18.135Z,2.331,0,200,320x180,1.9411479999999983,,
2025-12-17T05:55:18.685Z,2.322,0,200,320x180,1.9906399999999849,,
2025-12-17T05:55:19.199Z,2.319,0,200,320x180,1.9730409999999665,,
2025-12-17T05:55:19.699Z,2.328,0,200,320x180,1.9821050000000469,,
2025-12-17T05:55:20.198Z,2.283,0,200,320x180,1.9751479999999901,,
2025-12-17T05:55:20.649Z,2.32,0,200,320x180,1.9244810000000143,,
2025-12-17T05:55:21.160Z,2.305,0,200,320x180,1.914686999999958,,
2025-12-17T05:55:21.693Z,2.278,0,200,320x180,1.9940279999999575,,
2025-12-17T05:55:22.197Z,2.321,0,200,320x180,1.9863840000000437,,
2025-12-17T05:55:22.690Z,2.32,0,200,320x180,1.9883569999999509,,
2025-12-17T05:55:23.134Z,2.297,0,200,320x180,1.936721999999918,,
2025-12-17T05:55:23.631Z,2.307,0,200,320x180,1.9466950000000907,,
2025-12-17T05:55:24.132Z,2.3,0,200,320x180,1.9437889999999243,,
2025-12-17T05:55:24.637Z,2.326,0,200,320x180,1.9397930000000088,,
2025-12-17T05:55:25.136Z,2.328,0,200,320x180,1.9413299999999936,,
2025-12-17T05:55:25.641Z,2.328,0,200,320x180,1.9459229999999934,,
2025-12-17T05:55:26.168Z,2.346,0,200,320x180,1.9033429999999498,,
2025-12-17T05:55:26.668Z,2.306,0,200,320x180,1.9121209999999564,,
2025-12-17T05:55:27.137Z,2.332,0,200,320x180,1.9395690000000059,,
2025-12-17T05:55:27.665Z,2.315,0,200,320x180,1.9087409999999636,,
2025-12-17T05:55:28.164Z,2.343,0,200,320x180,1.9106689999999844,,
2025-12-17T05:55:28.659Z,2.359,0,200,320x180,1.9217559999999594,,
2025-12-17T05:55:29.170Z,2.31,0,200,320x180,1.9100550000000567,,
2025-12-17T05:55:29.667Z,2.323,0,200,320x180,1.9130150000000867,,
2025-12-17T05:55:30.164Z,2.313,0,200,320x180,1.908702000000062,,
2025-12-17T05:55:30.627Z,2.346,0,200,320x180,1.9528999999999996,,
2025-12-17T05:55:31.148Z,2.327,0,200,320x180,1.9241599999999153,,
2025-12-17T05:55:31.656Z,2.33,0,200,320x180,1.9141119999999319,,
2025-12-17T05:55:32.158Z,2.307,0,200,320x180,1.9189740000000484,,
2025-12-17T05:55:32.669Z,2.303,0,200,320x180,1.909591999999975,,
2025-12-17T05:55:33.207Z,2.3,0,200,320x180,1.9635710000000017,,
2025-12-17T05:55:33.715Z,2.302,0,200,320x180,1.9588390000000118,,
2025-12-17T05:55:34.154Z,2.312,0,200,320x180,1.9204059999999572,,
2025-12-17T05:55:34.707Z,2.264,0,200,320x180,1.9793379999999843,,
2025-12-17T05:55:35.218Z,2.304,0,200,320x180,1.95641999999998,,
2025-12-17T05:55:35.670Z,2.329,0,200,320x180,1.9177430000000868,,
2025-12-17T05:55:36.175Z,2.291,0,200,320x180,2.001054999999951,,
2025-12-17T05:55:36.704Z,2.309,0,200,320x180,1.9747730000000274,,
2025-12-17T05:55:37.202Z,2.278,0,200,320x180,1.9733209999999417,,
2025-12-17T05:55:37.710Z,2.276,0,200,320x180,1.9745430000000397,,
2025-12-17T05:55:38.206Z,2.29,0,200,320x180,1.9658969999999272,,
2025-12-17T05:55:38.715Z,2.238,0,200,320x180,1.9616309999998975,,
2025-12-17T05:55:39.210Z,2.306,0,200,320x180,1.9735510000000431,,
2025-12-17T05:55:39.706Z,2.314,0,200,320x180,1.9828350000000228,,
2025-12-17T05:55:40.205Z,2.304,0,200,320x180,1.9724790000000212,,
2025-12-17T05:55:40.715Z,2.294,0,200,320x180,1.9710329999999203,,
2025-12-17T05:55:41.200Z,2.318,0,200,320x180,1.976974000000041,,
2025-12-17T05:55:41.703Z,2.307,0,200,320x180,1.9728870000000143,,
2025-12-17T05:55:42.157Z,2.314,0,200,320x180,1.918596999999977,,
2025-12-17T05:55:42.668Z,2.303,0,200,320x180,1.9126360000000204,,
2025-12-17T05:55:43.164Z,2.301,0,200,320x180,1.9089600000000928,,
2025-12-17T05:55:43.667Z,2.307,0,200,320x180,1.9203240000000505,,
2025-12-17T05:55:44.168Z,2.3,0,200,320x180,1.9104320000000143,,
2025-12-17T05:55:44.755Z,2.305,0,200,320x180,1.930796999999984,,
2025-12-17T05:55:45.325Z,2.225,0,200,320x180,1.9572349999999687,,
2025-12-17T05:55:45.714Z,2.264,0,200,320x180,1.9734659999999167,,
2025-12-17T05:55:46.196Z,2.282,0,200,320x180,1.9887579999999616,,
2025-12-17T05:55:46.775Z,2.249,0,200,320x180,2.0022710000000643,,
2025-12-17T05:55:47.488Z,2.02,0,200,320x180,1.996994000000086,,
2025-12-17T05:55:48.144Z,1.874,0,200,320x180,1.9379780000000437,,
2025-12-17T05:55:48.764Z,1.731,0,200,320x180,1.9226919999999836,,
2025-12-17T05:55:49.277Z,1.71,0,200,320x180,2.0006439999999657,,
2025-12-17T05:55:49.812Z,1.655,0,200,320x180,1.9627229999999827,,
2025-12-17T05:55:50.385Z,1.584,0,200,320x180,1.9895480000000134,,
2025-12-17T05:55:50.881Z,1.602,0,200,320x180,2.001449999999977,,
2025-12-17T05:55:51.410Z,1.573,0,200,320x180,1.9810609999999542,,
2025-12-17T05:55:51.908Z,1.577,0,200,320x180,1.977151000000049,,
2025-12-17T05:55:52.328Z,1.634,0,200,320x180,1.956303000000048,,
2025-12-17T05:55:52.840Z,1.671,0,200,320x180,1.9506739999999354,,
2025-12-17T05:55:53.288Z,1.696,0,200,320x180,1.9895020000000159,,
2025-12-17T05:55:53.784Z,1.748,0,200,320x180,2.0039389999999457,,
2025-12-17T05:55:54.233Z,1.752,0,200,320x180,1.9433270000000675,,
2025-12-17T05:55:54.747Z,1.771,0,200,320x180,1.9278790000000754,,
2025-12-17T05:55:55.309Z,1.707,0,200,320x180,1.9712260000000015,,
2025-12-17T05:55:55.791Z,1.73,0,200,320x180,1.9923089999999775,,
2025-12-17T05:55:56.414Z,1.569,0,200,320x180,1.9801069999999754,,
2025-12-17T05:55:56.930Z,1.593,0,200,320x180,1.9488010000000031,,
2025-12-17T05:55:57.354Z,1.666,0,200,320x180,1.9233229999999821,,
2025-12-17T05:55:58.089Z,1.378,0,200,320x180,1.985390999999936,,
2025-12-17T05:55:58.866Z,1.089,0,200,320x180,1.9101670000000013,,
2025-12-17T05:55:59.585Z,0.901,0,200,320x180,1.990733999999975,,
2025-12-17T05:56:00.086Z,0.933,0,200,320x180,1.988764999999944,,
2025-12-17T05:56:00.717Z,0.816,0,200,320x180,1.9612889999999652,,
2025-12-17T05:56:01.489Z,0.533,0,200,320x180,2.003187999999909,,
2025-12-17T05:56:01.976Z,0.286,0,200,320x180,2.007857000000058,,rebuffer happen
2025-12-17T05:56:02.355Z,0.135,0,200,320x180,1.9306430000000319,,
2025-12-17T05:56:02.715Z,0.023,0,200,320x180,1.9836819999999307,,rebuffer happen
2025-12-17T05:56:02.765Z,0.022,0,200,320x180,1.9494189999999207,,rebuffer happen
2025-12-17T05:56:02.815Z,0.028,0,200,320x180,2.0150070000000824,,rebuffer happen
2025-12-17T05:56:02.965Z,0.022,0,200,320x180,2.0052760000000944,,rebuffer happen
2025-12-17T05:56:03.041Z,0.089,0,200,320x180,2.049211000000014,,
2025-12-17T05:56:03.082Z,0.029,0,200,320x180,2.1128199999999424,,rebuffer happen
2025-12-17T05:56:03.282Z,0.033,0,200,320x180,2.154582000000005,,rebuffer happen
2025-12-17T05:56:03.349Z,0.025,0,200,320x180,2.1127760000000535,,rebuffer happen
2025-12-17T05:56:03.482Z,0.019,0,200,320x180,2.2098459999999704,,rebuffer happen
2025-12-17T05:56:03.515Z,0.029,0,200,320x180,2.1865400000000363,,rebuffer happen
2025-12-17T05:56:03.599Z,0.021,0,200,320x180,2.239457000000016,,rebuffer happen
2025-12-17T05:56:03.649Z,0.026,0,200,320x180,2.210647999999992,,rebuffer happen
2025-12-17T05:56:03.716Z,0.028,0,200,320x180,2.2877389999999878,,rebuffer happen
2025-12-17T05:56:03.782Z,0.023,0,200,320x180,2.338999000000058,,rebuffer happen
2025-12-17T05:56:03.802Z,0.023,0,200,320x180,2.338999000000058,,
2025-12-17T05:56:03.832Z,0.029,0,200,320x180,2.3122110000000475,,rebuffer happen
2025-12-17T05:56:04.033Z,0.023,0,200,320x180,2.346595999999977,,rebuffer happen
2025-12-17T05:56:04.099Z,0.015,0,200,320x180,2.400421000000051,,rebuffer happen
2025-12-17T05:56:04.149Z,0.023,0,200,320x180,2.374738000000093,,rebuffer happen
2025-12-17T05:56:04.216Z,0.023,0,200,320x180,2.447082000000023,,rebuffer happen
2025-12-17T05:56:04.350Z,0.024,0,200,320x180,2.4411269999999377,,rebuffer happen
2025-12-17T05:56:04.427Z,0.09,0,200,320x180,2.499651999999969,,
2025-12-17T05:56:04.783Z,0.233,0,200,320x180,2.546952000000033,,
2025-12-17T05:56:04.960Z,0.253,0,200,320x180,2.480546000000004,,rebuffer happen
2025-12-17T05:56:05.189Z,0.247,0,200,320x180,2.465430000000083,,
2025-12-17T05:56:05.413Z,0.293,0,200,320x180,2.4484790000000203,,rebuffer happen
2025-12-17T05:56:05.563Z,0.315,0,200,320x180,2.333701000000019,,
2025-12-17T05:56:05.678Z,0.25,0,200,320x180,2.374398000000042,,rebuffer happen
2025-12-17T05:56:06.014Z,0.376,0,200,320x180,2.308212000000026,,
2025-12-17T05:56:06.184Z,0.295,0,200,320x180,2.2810950000000503,,rebuffer happen
2025-12-17T05:56:06.220Z,0.279,0,200,320x180,2.232048000000077,,rebuffer happen
2025-12-17T05:56:06.357Z,0.279,0,200,320x180,2.1698860000000195,,rebuffer happen
2025-12-17T05:56:06.419Z,0.293,0,200,320x180,2.213079999999991,,
2025-12-17T05:56:06.485Z,0.29,0,200,320x180,2.254002000000014,,rebuffer happen
2025-12-17T05:56:06.782Z,0.278,0,200,320x180,2.173151999999959,,rebuffer happen
2025-12-17T05:56:06.856Z,0.332,0,200,320x180,2.08346999999992,,
2025-12-17T05:56:06.857Z,0.288,0,200,320x180,2.082696999999939,,rebuffer happen
2025-12-17T05:56:07.214Z,0.349,0,200,320x180,2.0531579999999394,,
2025-12-17T05:56:07.512Z,0.579,0,200,320x180,2.0725640000000567,,
2025-12-17T05:56:07.808Z,0.785,0,200,320x180,2.0388530000000173,,
2025-12-17T05:56:08.227Z,0.825,0,200,320x180,1.993584999999939,,
2025-12-17T05:56:08.568Z,0.939,0,200,320x180,1.932645999999977,,
2025-12-17T05:56:08.849Z,1.115,0,200,320x180,1.936329999999998,,
2025-12-17T05:56:09.218Z,1.304,0,200,320x180,1.9626550000000407,,
2025-12-17T05:56:09.452Z,1.501,0,200,320x180,1.925832000000014,,
2025-12-17T05:56:09.812Z,1.709,0,200,320x180,1.9765310000000227,,
2025-12-17T05:56:10.030Z,1.919,0,200,320x180,1.944174999999973,,
2025-12-17T05:56:10.343Z,2.156,0,200,320x180,1.9403230000000349,,
2025-12-17T05:56:10.672Z,2.347,0,200,320x180,2.0073790000000145,,
2025-12-17T05:56:11.107Z,2.36,0,200,320x180,1.9683599999999615,,
2025-12-17T05:56:11.610Z,2.373,0,200,320x180,1.9791360000000395,,
2025-12-17T05:56:12.107Z,2.362,0,200,320x180,1.971855000000005,,
2025-12-17T05:56:12.606Z,2.384,0,200,320x180,1.9903529999999137,,
2025-12-17T05:56:13.110Z,2.364,0,200,320x180,1.9732890000000225,,
2025-12-17T05:56:13.666Z,2.303,0,200,320x180,1.9086959999999635,,
2025-12-17T05:56:14.099Z,2.397,0,200,320x180,1.9734210000000303,,
2025-12-17T05:56:14.635Z,2.335,0,200,320x180,1.941090000000031,,
2025-12-17T05:56:15.224Z,2.296,0,200,320x180,1.9579540000000861,,
2025-12-17T05:56:15.708Z,2.319,0,200,320x180,1.9819740000000365,,
2025-12-17T05:56:16.251Z,2.247,0,200,320x180,1.9271080000000893,,
2025-12-17T05:56:16.699Z,2.285,0,200,320x180,1.9946220000000494,,
2025-12-17T05:56:17.198Z,2.273,0,200,320x180,1.9805479999999989,,
2025-12-17T05:56:17.731Z,2.286,0,200,320x180,1.9435909999999694,,
2025-12-17T05:56:18.229Z,2.28,0,200,320x180,1.9449829999999793,,
2025-12-17T05:56:18.732Z,2.252,0,200,320x180,1.9417439999999715,,
2025-12-17T05:56:19.145Z,2.286,0,200,320x180,1.9305830000000697,,
2025-12-17T05:56:19.678Z,2.345,0,200,320x180,2.008328000000006,,
2025-12-17T05:56:20.140Z,2.327,0,200,320x180,1.9360239999999749,,
2025-12-17T05:56:20.676Z,2.291,0,200,320x180,2.01882599999999,,
2025-12-17T05:56:22.065Z,1.478,0,200,320x180,1.905795000000012,,
2025-12-17T05:56:22.439Z,1.523,0,200,320x180,1.9329060000000027,,
2025-12-17T05:56:22.875Z,1.644,0,200,320x180,1.9993089999999256,,
2025-12-17T05:56:23.295Z,1.724,0,200,320x180,1.9884380000000874,,
2025-12-17T05:56:23.717Z,1.809,0,200,320x180,1.964038999999957,,
2025-12-17T05:56:24.122Z,1.911,0,200,320x180,1.9590129999999135,,
2025-12-17T05:56:24.513Z,2.016,0,200,320x180,1.9903400000000602,,
2025-12-17T05:56:24.888Z,2.082,0,200,320x180,1.9966739999999845,,
2025-12-17T05:56:25.281Z,2.184,0,200,320x180,1.990542000000005,,
2025-12-17T05:56:25.685Z,2.294,0,200,320x180,2.0130759999999555,,
2025-12-17T05:56:26.148Z,2.326,0,200,320x180,1.932965000000081,,
2025-12-17T05:56:26.686Z,2.283,0,200,320x180,1.9924550000000636,,
2025-12-17T05:56:27.182Z,2.282,0,200,320x180,1.9879889999999705,,
2025-12-17T05:56:27.676Z,2.333,0,200,320x180,2.00367499999993,,
2025-12-17T05:56:28.146Z,2.32,0,200,320x180,1.9266020000000026,,
2025-12-17T05:56:28.694Z,2.339,0,200,320x180,2.0002880000000687,,
2025-12-17T05:56:29.190Z,2.329,0,200,320x180,1.990931000000046,,
2025-12-17T05:56:29.703Z,2.337,0,200,320x180,1.9935690000000932,,
2025-12-17T05:56:30.116Z,2.379,0,200,320x180,1.9662819999999783,,
2025-12-17T05:56:31.045Z,1.567,0,200,320x180,1.9424080000000004,,
2025-12-17T05:56:32.514Z,0.089,0,200,320x180,1.9840510000000222,,rebuffer happen
2025-12-17T05:56:32.559Z,0.046,0,200,320x180,1.940631000000053,,rebuffer happen
2025-12-17T05:56:33.146Z,0.046,0,200,320x180,2.530631000000085,,