timestamp,bufferLevel,qualityIndex,bitrateKbps,resolution,liveLatency,predictedKbps,rebuffer
2025-12-17T08:41:33.355Z,0,2,1000,640x360,1.6225,,
2025-12-17T08:41:33.359Z,0,2,1000,640x360,1.6225,,rebuffer happen
2025-12-17T08:41:33.794Z,0,2,1000,640x360,2.1115,,
2025-12-17T08:41:33.870Z,0.5,1,600,480x270,1.8909449999999999,,
2025-12-17T08:41:34.165Z,0.661,1,600,480x270,1.932057,,
2025-12-17T08:41:34.481Z,0.88,1,600,480x270,1.941745,,
2025-12-17T08:41:34.554Z,0.89,2,1000,640x360,1.8734600000000001,,
2025-12-17T08:41:34.918Z,0.662,2,1000,640x360,1.922055,,
2025-12-17T08:41:34.992Z,0.944,1,600,480x270,1.9544730000000001,,
2025-12-17T08:41:35.299Z,1.098,1,600,480x270,1.9634040000000001,,
2025-12-17T08:41:35.526Z,1.254,1,600,480x270,1.9371639999999999,,
2025-12-17T08:41:35.782Z,1.636,1,600,480x270,1.9795200000000002,,
2025-12-17T08:41:36.604Z,1.351,1,600,480x270,1.978917,,
2025-12-17T08:41:37.111Z,1.315,1,600,480x270,1.9547740000000005,,
2025-12-17T08:41:37.182Z,1.306,2,1000,640x360,1.9913060000000002,,
2025-12-17T08:41:37.875Z,0.545,2,1000,640x360,1.994809,,
2025-12-17T08:41:37.942Z,1.038,1,600,480x270,1.9266570000000005,,
2025-12-17T08:41:38.276Z,1.131,1,600,480x270,1.995705,,
2025-12-17T08:41:38.347Z,1.078,2,1000,640x360,1.9271500000000001,,
2025-12-17T08:41:38.899Z,0.725,2,1000,640x360,1.9654750000000005,,
2025-12-17T08:41:38.987Z,0.986,1,600,480x270,1.975009,,
2025-12-17T08:41:39.298Z,1.119,1,600,480x270,1.9626399999999995,,
2025-12-17T08:41:39.379Z,1.114,3,1500,768x432,1.9928430000000006,,
2025-12-17T08:41:40.149Z,0.426,3,1500,768x432,1.9172719999999996,,
2025-12-17T08:41:40.218Z,0.764,1,600,480x270,1.9401509999999993,,
2025-12-17T08:41:40.537Z,0.878,1,600,480x270,1.9499520000000006,,
2025-12-17T08:41:40.608Z,0.892,2,1000,640x360,1.9659899999999997,,
2025-12-17T08:41:41.120Z,0.355,2,1000,640x360,1.947137999999999,,
2025-12-17T08:41:41.185Z,0.797,1,600,480x270,1.9909559999999997,,
2025-12-17T08:41:41.527Z,0.878,1,600,480x270,1.942384999999999,,
2025-12-17T08:41:41.840Z,1.076,1,600,480x270,1.9260800000000007,,
2025-12-17T08:41:41.919Z,1.066,2,1000,640x360,1.940916999999999,,
2025-12-17T08:41:42.429Z,0.539,2,1000,640x360,1.9500270000000004,,
2025-12-17T08:41:42.511Z,0.989,1,600,480x270,1.9540419999999994,,
2025-12-17T08:41:42.818Z,1.102,1,600,480x270,1.9446130000000004,,
2025-12-17T08:41:42.888Z,1.097,3,1500,768x432,1.9733350000000005,,
2025-12-17T08:41:43.650Z,0.484,3,1500,768x432,1.9203600000000005,,
2025-12-17T08:41:43.729Z,0.703,1,600,480x270,1.9407379999999996,,
2025-12-17T08:41:44.033Z,0.861,1,600,480x270,1.9382140000000003,,
2025-12-17T08:41:44.103Z,0.883,2,1000,640x360,1.9595420000000008,,
2025-12-17T08:41:44.638Z,0.418,2,1000,640x360,1.9370330000000013,,
2025-12-17T08:41:44.711Z,0.789,1,600,480x270,1.9615599999999986,,
2025-12-17T08:41:45.021Z,0.879,1,600,480x270,1.9450319999999994,,
2025-12-17T08:41:45.100Z,0.877,2,1000,640x360,1.967865999999999,,
2025-12-17T08:41:45.599Z,0.367,2,1000,640x360,1.9897620000000007,,
2025-12-17T08:41:45.677Z,0.77,1,600,480x270,2.0114490000000007,,
2025-12-17T08:41:45.994Z,0.924,1,600,480x270,1.9796770000000006,,
2025-12-17T08:41:46.067Z,0.9,3,1500,768x432,2.002072,,
2025-12-17T08:41:46.631Z,0.29,3,1500,768x432,1.9486939999999997,,rebuffer happen
2025-12-17T08:41:46.898Z,0.019,3,1500,768x432,1.975232,,rebuffer happen
2025-12-17T08:41:47.153Z,0.019,3,1500,768x432,2.171232,,
2025-12-17T08:41:47.227Z,0.519,1,600,480x270,2.2077550000000006,,
2025-12-17T08:41:47.655Z,0.472,1,600,480x270,2.1391219999999986,,
2025-12-17T08:41:47.725Z,0.436,3,1500,768x432,2.1455649999999995,,
2025-12-17T08:41:47.822Z,0.273,3,1500,768x432,2.1197909999999993,,rebuffer happen
2025-12-17T08:41:48.049Z,0.017,3,1500,768x432,2.0653159999999975,,rebuffer happen
2025-12-17T08:41:48.835Z,0.017,3,1500,768x432,2.8693159999999995,,
2025-12-17T08:41:48.910Z,0.468,1,600,480x270,2.9017440000000025,,
2025-12-17T08:41:49.101Z,0.165,1,600,480x270,2.8209800000000005,,rebuffer happen
2025-12-17T08:41:49.365Z,0.295,1,600,480x270,2.7804409999999997,,rebuffer happen
2025-12-17T08:41:49.373Z,0.295,1,600,480x270,2.768593000000001,,
2025-12-17T08:41:49.567Z,0.031,1,600,480x270,2.678419999999999,,rebuffer happen
2025-12-17T08:41:49.568Z,0.031,1,600,480x270,2.678419999999999,,rebuffer happen
2025-12-17T08:41:49.850Z,0.261,1,600,480x270,2.6282200000000007,,
2025-12-17T08:41:49.925Z,0.277,2,1000,640x360,2.6548580000000026,,
2025-12-17T08:41:50.101Z,0.027,2,1000,640x360,2.6787340000000004,,rebuffer happen
2025-12-17T08:41:50.662Z,0.027,2,1000,640x360,3.2757340000000017,,
2025-12-17T08:41:50.758Z,0.504,1,600,480x270,3.161041000000001,,
2025-12-17T08:41:50.894Z,0.208,1,600,480x270,3.156184999999999,,rebuffer happen
2025-12-17T08:41:51.337Z,0.218,1,600,480x270,3.0464509999999976,,
2025-12-17T08:41:51.408Z,0.188,3,1500,768x432,3.076436000000001,,
2025-12-17T08:41:51.502Z,0.032,3,1500,768x432,3.0785750000000007,,rebuffer happen
2025-12-17T08:41:52.394Z,0.032,3,1500,768x432,3.978575000000003,,
2025-12-17T08:41:52.473Z,0.532,1,600,480x270,4.016053999999997,,
2025-12-17T08:41:52.866Z,0.378,1,600,480x270,3.8332669999999993,,
2025-12-17T08:41:53.048Z,0.148,1,600,480x270,3.6617239999999995,,rebuffer happen
2025-12-17T08:41:53.320Z,0.326,1,600,480x270,3.6807909999999993,,
2025-12-17T08:41:53.363Z,0.277,2,1000,640x360,3.6332120000000003,,rebuffer happen
2025-12-17T08:41:53.390Z,0.277,2,1000,640x360,3.6861390000000007,,
2025-12-17T08:41:53.520Z,0.042,2,1000,640x360,3.6018800000000013,,rebuffer happen
2025-12-17T08:41:54.044Z,0.042,2,1000,640x360,4.087880000000002,,
2025-12-17T08:41:54.123Z,0.541,0,200,320x180,4.128296000000002,,
2025-12-17T08:41:54.247Z,0.856,0,200,320x180,4.113493999999999,,
2025-12-17T08:41:54.324Z,0.801,2,1000,640x360,4.144426000000003,,
2025-12-17T08:41:54.676Z,0.264,2,1000,640x360,4.010551999999997,,rebuffer happen
2025-12-17T08:41:54.821Z,0.046,2,1000,640x360,3.8965460000000007,,rebuffer happen
2025-12-17T08:41:54.849Z,0.046,2,1000,640x360,3.8965460000000007,,
2025-12-17T08:41:54.918Z,0.546,1,600,480x270,3.9383690000000016,,
2025-12-17T08:41:55.241Z,0.588,1,600,480x270,3.8395480000000006,,
2025-12-17T08:41:55.574Z,0.595,1,600,480x270,3.755548000000001,,
2025-12-17T08:41:55.816Z,0.73,1,600,480x270,3.592890999999998,,
2025-12-17T08:41:55.884Z,0.743,2,1000,640x360,3.5991600000000012,,
2025-12-17T08:41:56.130Z,0.273,2,1000,640x360,3.432414999999999,,rebuffer happen
2025-12-17T08:41:56.215Z,0.251,2,1000,640x360,3.426703,,
2025-12-17T08:41:56.290Z,0.68,1,600,480x270,3.454426999999999,,
2025-12-17T08:41:56.576Z,0.772,1,600,480x270,3.3980580000000025,,
2025-12-17T08:41:56.649Z,0.75,2,1000,640x360,3.288322000000001,,
2025-12-17T08:41:56.944Z,0.2,2,1000,640x360,3.146013,,rebuffer happen
2025-12-17T08:41:57.057Z,0.032,2,1000,640x360,3.081308,,rebuffer happen
2025-12-17T08:41:57.174Z,0.032,2,1000,640x360,3.2793080000000003,,
2025-12-17T08:41:57.254Z,0.504,1,600,480x270,3.1892919999999982,,
2025-12-17T08:41:57.384Z,0.28,1,600,480x270,3.193391000000002,,rebuffer happen
2025-12-17T08:41:57.554Z,0.496,1,600,480x270,3.038795999999998,,
2025-12-17T08:41:57.826Z,0.587,1,600,480x270,2.9445879999999995,,
2025-12-17T08:41:58.100Z,0.676,1,600,480x270,2.8303629999999984,,
2025-12-17T08:41:58.480Z,0.666,1,600,480x270,2.691223000000001,,
2025-12-17T08:41:58.551Z,0.643,2,1000,640x360,2.5859489999999994,,
2025-12-17T08:41:58.891Z,0.037,2,1000,640x360,2.488410000000002,,rebuffer happen
2025-12-17T08:41:58.892Z,0.037,2,1000,640x360,2.488410000000002,,rebuffer happen
2025-12-17T08:41:59.302Z,0.037,2,1000,640x360,2.8914100000000005,,
2025-12-17T08:41:59.373Z,0.49,1,600,480x270,2.9221770000000014,,
2025-12-17T08:41:59.522Z,0.285,1,600,480x270,2.8086410000000015,,rebuffer happen
2025-12-17T08:41:59.628Z,0.294,1,600,480x270,2.7461860000000016,,rebuffer happen
2025-12-17T08:41:59.788Z,0.343,1,600,480x270,2.7109720000000017,,
2025-12-17T08:41:59.915Z,0.266,1,600,480x270,2.615704000000001,,rebuffer happen
2025-12-17T08:42:00.082Z,0.468,1,600,480x270,2.638883,,
2025-12-17T08:42:00.242Z,0.286,1,600,480x270,2.497968,,rebuffer happen
2025-12-17T08:42:00.393Z,0.56,1,600,480x270,2.5142039999999994,,
2025-12-17T08:42:00.467Z,0.51,2,1000,640x360,2.539797,,
2025-12-17T08:42:00.745Z,0.093,2,1000,640x360,2.3524309999999993,,rebuffer happen
2025-12-17T08:42:00.793Z,0.026,2,1000,640x360,2.3801720000000017,,rebuffer happen
2025-12-17T08:42:01.003Z,0.026,2,1000,640x360,2.572172000000002,,
2025-12-17T08:42:01.076Z,0.491,0,200,320x180,2.6004749999999994,,
2025-12-17T08:42:01.312Z,0.734,0,200,320x180,2.4628680000000003,,
2025-12-17T08:42:01.389Z,0.585,1,600,480x270,2.445857,,
2025-12-17T08:42:01.570Z,0.242,1,600,480x270,2.3918500000000016,,rebuffer happen
2025-12-17T08:42:01.875Z,0.413,1,600,480x270,2.3744619999999976,,
2025-12-17T08:42:02.040Z,0.267,1,600,480x270,2.2462120000000034,,rebuffer happen
2025-12-17T08:42:02.126Z,0.281,1,600,480x270,2.227222000000001,,rebuffer happen
2025-12-17T08:42:02.268Z,0.35,1,600,480x270,2.249252000000002,,
2025-12-17T08:42:02.392Z,0.264,1,600,480x270,2.210422000000001,,rebuffer happen
2025-12-17T08:42:02.689Z,0.377,1,600,480x270,2.146566,,
2025-12-17T08:42:02.823Z,0.262,1,600,480x270,2.077016999999998,,rebuffer happen
2025-12-17T08:42:03.080Z,0.435,1,600,480x270,2.0752249999999997,,
2025-12-17T08:42:03.476Z,0.515,1,600,480x270,2.0558600000000027,,
2025-12-17T08:42:03.543Z,0.509,2,1000,640x360,1.9823540000000008,,
2025-12-17T08:42:03.718Z,0.245,2,1000,640x360,1.9962680000000006,,rebuffer happen
2025-12-17T08:42:03.929Z,0.03,2,1000,640x360,1.9756919999999987,,rebuffer happen
2025-12-17T08:42:04.181Z,0.03,2,1000,640x360,2.2786919999999995,,
2025-12-17T08:42:04.246Z,0.524,1,600,480x270,2.2057610000000025,,
2025-12-17T08:42:04.630Z,0.497,1,600,480x270,2.1612110000000015,,
2025-12-17T08:42:05.047Z,0.517,1,600,480x270,2.0548290000000016,,
2025-12-17T08:42:05.124Z,0.497,3,1500,768x432,2.0579949999999982,,
2025-12-17T08:42:05.238Z,0.275,3,1500,768x432,2.0249500000000005,,rebuffer happen
2025-12-17T08:42:05.497Z,0.029,3,1500,768x432,2.0861330000000002,,rebuffer happen
2025-12-17T08:42:06.092Z,0.029,3,1500,768x432,2.678132999999999,,
2025-12-17T08:42:06.172Z,0.529,1,600,480x270,2.7119089999999986,,
2025-12-17T08:42:06.531Z,0.496,1,600,480x270,2.5686159999999987,,
2025-12-17T08:42:06.611Z,0.48,2,1000,640x360,2.539716999999996,,
2025-12-17T08:42:06.692Z,0.273,2,1000,640x360,2.521227000000003,,rebuffer happen
2025-12-17T08:42:06.881Z,0.029,2,1000,640x360,2.475004999999996,,rebuffer happen
2025-12-17T08:42:07.135Z,0.029,2,1000,640x360,2.6800050000000013,,
2025-12-17T08:42:07.220Z,0.529,1,600,480x270,2.7084780000000066,,
2025-12-17T08:42:07.536Z,0.575,1,600,480x270,2.651675999999995,,
2025-12-17T08:42:07.862Z,0.63,1,600,480x270,2.573769999999996,,
2025-12-17T08:42:07.927Z,0.625,2,1000,640x360,2.4787120000000016,,
2025-12-17T08:42:08.136Z,0.227,2,1000,640x360,2.3877650000000017,,rebuffer happen
2025-12-17T08:42:08.299Z,0.032,2,1000,640x360,2.381126000000002,,rebuffer happen
2025-12-17T08:42:08.448Z,0.032,2,1000,640x360,2.4831259999999986,,
2025-12-17T08:42:08.816Z,0.03,2,1000,640x360,2.37688,,rebuffer happen
2025-12-17T08:42:08.817Z,0.03,2,1000,640x360,2.37688,,rebuffer happen
2025-12-17T08:42:08.976Z,0.03,2,1000,640x360,2.579880000000003,,
2025-12-17T08:42:09.054Z,0.53,1,600,480x270,2.5099330000000037,,
2025-12-17T08:42:09.383Z,0.523,1,600,480x270,2.4729370000000017,,
2025-12-17T08:42:09.460Z,0.515,2,1000,640x360,2.3633280000000028,,
2025-12-17T08:42:09.573Z,0.246,2,1000,640x360,2.4056050000000013,,rebuffer happen
2025-12-17T08:42:09.784Z,0.019,2,1000,640x360,2.364495000000005,,rebuffer happen
2025-12-17T08:42:09.993Z,0.019,2,1000,640x360,2.5684950000000057,,
2025-12-17T08:42:10.069Z,0.489,1,600,480x270,2.489678000000005,,
2025-12-17T08:42:10.217Z,0.292,1,600,480x270,2.4778809999999964,,rebuffer happen
2025-12-17T08:42:10.398Z,0.473,1,600,480x270,2.4546179999999964,,
2025-12-17T08:42:10.476Z,0.507,3,1500,768x432,2.484953999999995,,
2025-12-17T08:42:10.649Z,0.24,3,1500,768x432,2.3978639999999984,,rebuffer happen
2025-12-17T08:42:10.785Z,0.047,3,1500,768x432,2.4069489999999973,,rebuffer happen
2025-12-17T08:42:11.261Z,0.047,3,1500,768x432,2.893948999999999,,
2025-12-17T08:42:11.335Z,0.519,1,600,480x270,2.8251279999999994,,
2025-12-17T08:42:11.664Z,0.491,1,600,480x270,2.754979999999996,,
2025-12-17T08:42:11.994Z,0.537,1,600,480x270,2.5702050000000014,,
2025-12-17T08:42:12.072Z,0.517,2,1000,640x360,2.5495519999999985,,
2025-12-17T08:42:12.319Z,0.047,2,1000,640x360,2.395823,,rebuffer happen
2025-12-17T08:42:12.320Z,0.047,2,1000,640x360,2.395823,,rebuffer happen
2025-12-17T08:42:12.593Z,0.047,2,1000,640x360,2.6938229999999947,,
2025-12-17T08:42:12.857Z,0.29,2,1000,640x360,2.6398849999999996,,rebuffer happen
2025-12-17T08:42:13.036Z,0.025,2,1000,640x360,2.5769030000000015,,rebuffer happen
2025-12-17T08:42:13.129Z,0.025,2,1000,640x360,2.673903000000003,,
2025-12-17T08:42:13.196Z,0.476,1,600,480x270,2.704487999999998,,
2025-12-17T08:42:13.308Z,0.293,1,600,480x270,2.639826999999997,,rebuffer happen
2025-12-17T08:42:13.667Z,0.433,1,600,480x270,2.635968999999996,,
2025-12-17T08:42:13.838Z,0.138,1,600,480x270,2.499900000000004,,rebuffer happen
2025-12-17T08:42:14.166Z,0.25,1,600,480x270,2.5309140000000028,,
2025-12-17T08:42:14.603Z,0.352,1,600,480x270,2.503665000000005,,
2025-12-17T08:42:14.798Z,0.14,1,600,480x270,2.423836999999999,,rebuffer happen
2025-12-17T08:42:15.063Z,0.281,1,600,480x270,2.4090889999999945,,
2025-12-17T08:42:15.140Z,0.262,2,1000,640x360,2.331409999999998,,
2025-12-17T08:42:15.305Z,0.021,2,1000,640x360,2.378413000000002,,rebuffer happen
2025-12-17T08:42:15.880Z,0.021,2,1000,640x360,2.9734130000000007,,
2025-12-17T08:42:15.955Z,0.521,1,600,480x270,2.912913000000003,,
2025-12-17T08:42:16.167Z,0.267,1,600,480x270,2.949544000000003,,rebuffer happen
2025-12-17T08:42:16.431Z,0.33,1,600,480x270,2.788740000000004,,
2025-12-17T08:42:16.629Z,0.041,1,600,480x270,2.695748000000002,,rebuffer happen
2025-12-17T08:42:16.639Z,0.027,1,600,480x270,2.681738000000003,,rebuffer happen
2025-12-17T08:42:16.879Z,0.296,1,600,480x270,2.758626999999997,,
2025-12-17T08:42:16.896Z,0.293,1,600,480x270,2.741940999999997,,rebuffer happen
2025-12-17T08:42:17.073Z,0.032,1,600,480x270,2.6822739999999996,,rebuffer happen
2025-12-17T08:42:17.354Z,0.268,1,600,480x270,2.643880000000003,,
2025-12-17T08:42:17.832Z,0.315,1,600,480x270,2.6616460000000046,,
2025-12-17T08:42:17.873Z,0.272,2,1000,640x360,2.731605000000002,,rebuffer happen
2025-12-17T08:42:17.901Z,0.271,2,1000,640x360,2.7040349999999975,,
2025-12-17T08:42:18.124Z,0.022,2,1000,640x360,2.6693,,rebuffer happen
2025-12-17T08:42:18.677Z,0.022,2,1000,640x360,3.280299999999997,,
2025-12-17T08:42:18.745Z,0.522,1,600,480x270,3.2260709999999975,,
2025-12-17T08:42:18.997Z,0.295,1,600,480x270,3.242744000000002,,rebuffer happen
2025-12-17T08:42:19.222Z,0.351,1,600,480x270,3.1147009999999966,,
2025-12-17T08:42:19.326Z,0.203,1,600,480x270,3.0525930000000017,,rebuffer happen
2025-12-17T08:42:19.602Z,0.346,1,600,480x270,3.0129400000000004,,
2025-12-17T08:42:19.679Z,0.365,2,1000,640x360,3.042178,,
2025-12-17T08:42:19.680Z,0.288,2,1000,640x360,3.0414479999999955,,rebuffer happen
2025-12-17T08:42:19.926Z,0.028,2,1000,640x360,2.9840950000000035,,rebuffer happen
2025-12-17T08:42:20.296Z,0.028,2,1000,640x360,3.374095000000004,,
2025-12-17T08:42:20.365Z,0.528,1,600,480x270,3.320286000000003,,
2025-12-17T08:42:20.730Z,0.412,1,600,480x270,3.195584999999994,,
2025-12-17T08:42:20.913Z,0.237,1,600,480x270,3.1242250000000027,,rebuffer happen
2025-12-17T08:42:21.107Z,0.438,1,600,480x270,3.103800999999997,,
2025-12-17T08:42:21.243Z,0.247,1,600,480x270,3.0001180000000005,,rebuffer happen
2025-12-17T08:42:21.510Z,0.414,1,600,480x270,2.9871320000000026,,
2025-12-17T08:42:21.583Z,0.439,3,1500,768x432,2.988177999999998,,
2025-12-17T08:42:21.776Z,0.042,3,1500,768x432,2.888778000000002,,rebuffer happen
2025-12-17T08:42:21.778Z,0.041,3,1500,768x432,2.8881349999999983,,rebuffer happen
2025-12-17T08:42:22.496Z,0.041,3,1500,768x432,3.589134999999999,,
2025-12-17T08:42:22.573Z,0.482,1,600,480x270,3.618575,,
2025-12-17T08:42:22.716Z,0.291,1,600,480x270,3.503264999999999,,rebuffer happen
2025-12-17T08:42:22.938Z,0.364,1,600,480x270,3.382538000000004,,
2025-12-17T08:42:23.088Z,0.233,1,600,480x270,3.3465289999999968,,rebuffer happen
2025-12-17T08:42:23.311Z,0.453,1,600,480x270,3.304994999999998,,
2025-12-17T08:42:23.491Z,0.283,1,600,480x270,3.2644629999999992,,rebuffer happen
2025-12-17T08:42:23.671Z,0.409,1,600,480x270,3.1929719999999975,,
2025-12-17T08:42:23.849Z,0.247,1,600,480x270,3.0270730000000015,,rebuffer happen
2025-12-17T08:42:23.895Z,0.278,1,600,480x270,3.0658320000000003,,rebuffer happen
2025-12-17T08:42:24.044Z,0.393,1,600,480x270,2.9335280000000026,,
2025-12-17T08:42:24.162Z,0.211,1,600,480x270,2.958791000000005,,rebuffer happen
2025-12-17T08:42:24.412Z,0.371,1,600,480x270,2.8171999999999997,,
2025-12-17T08:42:24.584Z,0.174,1,600,480x270,2.763568999999997,,rebuffer happen
2025-12-17T08:42:24.779Z,0.353,1,600,480x270,2.706109000000005,,
2025-12-17T08:42:24.849Z,0.36,2,1000,640x360,2.636634000000001,,
2025-12-17T08:42:24.849Z,0.29,2,1000,640x360,2.635907000000003,,rebuffer happen
2025-12-17T08:42:25.113Z,0.027,2,1000,640x360,2.6848499999999973,,rebuffer happen
2025-12-17T08:42:25.437Z,0.027,2,1000,640x360,2.976849999999999,,
2025-12-17T08:42:25.519Z,0.527,1,600,480x270,3.0071960000000004,,
2025-12-17T08:42:25.717Z,0.299,1,600,480x270,2.9798350000000013,,rebuffer happen
2025-12-17T08:42:25.912Z,0.432,1,600,480x270,2.8898590000000013,,
2025-12-17T08:42:25.988Z,0.44,3,1500,768x432,2.8733900000000006,,
2025-12-17T08:42:26.164Z,0.064,3,1500,768x432,2.8138560000000012,,rebuffer happen
2025-12-17T08:42:26.197Z,0.031,3,1500,768x432,2.7802909999999983,,rebuffer happen
2025-12-17T08:42:27.028Z,0.031,3,1500,768x432,3.5812910000000002,,
2025-12-17T08:42:27.100Z,0.531,1,600,480x270,3.6242030000000014,,
2025-12-17T08:42:27.520Z,0.286,1,600,480x270,3.598002000000001,,rebuffer happen
2025-12-17T08:42:27.602Z,0.295,1,600,480x270,3.575033999999995,,rebuffer happen
2025-12-17T08:42:27.657Z,0.393,1,600,480x270,3.4930979999999963,,
2025-12-17T08:42:27.722Z,0.346,0,200,320x180,3.4987509999999986,,
2025-12-17T08:42:27.723Z,0.247,0,200,320x180,3.497612999999994,,rebuffer happen
2025-12-17T08:42:27.872Z,0.5,0,200,320x180,3.5192750000000004,,
2025-12-17T08:42:27.942Z,0.564,3,1500,768x432,3.4490829999999946,,
2025-12-17T08:42:28.249Z,0.043,3,1500,768x432,3.2933769999999996,,rebuffer happen
2025-12-17T08:42:28.249Z,0.043,3,1500,768x432,3.2933769999999996,,rebuffer happen
2025-12-17T08:42:29.049Z,0.043,3,1500,768x432,4.089377000000006,,
2025-12-17T08:42:29.126Z,0.543,1,600,480x270,4.127681000000003,,
2025-12-17T08:42:29.592Z,0.443,1,600,480x270,4.084840999999997,,
2025-12-17T08:42:29.783Z,0.152,1,600,480x270,4.005576999999995,,rebuffer happen
2025-12-17T08:42:30.060Z,0.328,1,600,480x270,3.989131999999998,,
2025-12-17T08:42:30.151Z,0.225,1,600,480x270,3.872171999999999,,rebuffer happen
2025-12-17T08:42:30.284Z,0.027,1,600,480x270,3.8827190000000016,,rebuffer happen
2025-12-17T08:42:30.536Z,0.273,1,600,480x270,3.8653050000000064,,rebuffer happen
2025-12-17T08:42:30.544Z,0.273,1,600,480x270,3.852564000000001,,
2025-12-17T08:42:30.718Z,0.035,1,600,480x270,3.781278999999998,,rebuffer happen
2025-12-17T08:42:31.058Z,0.26,1,600,480x270,3.814670999999997,,
2025-12-17T08:42:31.138Z,0.256,2,1000,640x360,3.8229770000000016,,
2025-12-17T08:42:31.284Z,0.031,2,1000,640x360,3.876609000000002,,rebuffer happen
2025-12-17T08:42:31.892Z,0.031,2,1000,640x360,4.476608999999996,,
2025-12-17T08:42:31.964Z,0.531,1,600,480x270,4.418425999999997,,
2025-12-17T08:42:32.142Z,0.239,1,600,480x270,4.352182999999997,,rebuffer happen
2025-12-17T08:42:32.332Z,0.292,1,600,480x270,4.276342,,rebuffer happen
2025-12-17T08:42:32.394Z,0.299,1,600,480x270,4.277915,,rebuffer happen
2025-12-17T08:42:32.412Z,0.299,1,600,480x270,4.250551999999999,,
2025-12-17T08:42:32.479Z,0.304,0,200,320x180,4.259357000000001,,
2025-12-17T08:42:32.480Z,0.204,0,200,320x180,4.258274,,rebuffer happen
2025-12-17T08:42:32.603Z,0.287,0,200,320x180,4.166584999999998,,rebuffer happen
2025-12-17T08:42:32.645Z,0.383,0,200,320x180,4.103002999999994,,
2025-12-17T08:42:32.825Z,0.679,0,200,320x180,4.035868000000001,,
2025-12-17T08:42:32.995Z,0.856,0,200,320x180,3.9830980000000054,,
2025-12-17T08:42:33.072Z,0.832,1,600,480x270,3.9631510000000034,,
2025-12-17T08:42:33.528Z,0.67,1,600,480x270,3.722010999999995,,
2025-12-17T08:42:33.989Z,0.478,1,600,480x270,3.5380090000000024,,
2025-12-17T08:42:34.056Z,0.484,0,200,320x180,3.4376220000000046,,
2025-12-17T08:42:34.218Z,0.602,0,200,320x180,3.3944309999999973,,
2025-12-17T08:42:34.288Z,0.641,1,600,480x270,3.385224000000001,,
2025-12-17T08:42:34.739Z,0.426,1,600,480x270,3.199306,,
2025-12-17T08:42:34.886Z,0.225,1,600,480x270,3.1745810000000034,,rebuffer happen
2025-12-17T08:42:35.213Z,0.344,1,600,480x270,3.0958649999999963,,
2025-12-17T08:42:35.255Z,0.293,1,600,480x270,3.0466749999999934,,rebuffer happen
2025-12-17T08:42:35.561Z,0.447,1,600,480x270,3.1019059999999996,,
2025-12-17T08:42:35.630Z,0.4,0,200,320x180,2.999955,,
2025-12-17T08:42:35.750Z,0.631,0,200,320x180,2.920681000000002,,
2025-12-17T08:42:35.816Z,0.615,2,1000,640x360,2.9335180000000065,,
2025-12-17T08:42:36.055Z,0.217,2,1000,640x360,2.764575999999991,,rebuffer happen
2025-12-17T08:42:36.189Z,0.016,2,1000,640x360,2.7661150000000063,,rebuffer happen
2025-12-17T08:42:36.463Z,0.016,2,1000,640x360,3.064114999999994,,
2025-12-17T08:42:36.535Z,0.516,1,600,480x270,3.005659999999992,,
2025-12-17T08:42:36.708Z,0.284,1,600,480x270,3.0334300000000027,,rebuffer happen
2025-12-17T08:42:36.955Z,0.434,1,600,480x270,2.8674449999999965,,
2025-12-17T08:42:37.034Z,0.382,0,200,320x180,2.843232999999991,,
2025-12-17T08:42:37.035Z,0.294,0,200,320x180,2.841859999999997,,rebuffer happen
2025-12-17T08:42:37.190Z,0.59,0,200,320x180,2.888427000000007,,
2025-12-17T08:42:37.267Z,0.59,2,1000,640x360,2.7978630000000067,,
2025-12-17T08:42:37.508Z,0.236,2,1000,640x360,2.7840149999999966,,rebuffer happen
2025-12-17T08:42:37.640Z,0.041,2,1000,640x360,2.697775,,rebuffer happen
2025-12-17T08:42:37.985Z,0.041,2,1000,640x360,3.089774999999996,,
2025-12-17T08:42:38.066Z,0.541,0,200,320x180,3.0249669999999966,,
2025-12-17T08:42:38.213Z,0.805,0,200,320x180,3.032034000000003,,
2025-12-17T08:42:38.284Z,0.785,1,600,480x270,3.039247000000003,,
2025-12-17T08:42:38.652Z,0.655,1,600,480x270,2.846024,,
2025-12-17T08:42:38.724Z,0.628,0,200,320x180,2.8395989999999998,,
2025-12-17T08:42:38.862Z,0.817,0,200,320x180,2.8275660000000045,,
2025-12-17T08:42:38.944Z,0.881,1,600,480x270,2.70425800000001,,
2025-12-17T08:42:39.365Z,0.292,1,600,480x270,2.6094250000000017,,rebuffer happen
2025-12-17T08:42:39.560Z,0.281,1,600,480x270,2.594223999999997,,rebuffer happen
2025-12-17T08:42:39.645Z,0.29,1,600,480x270,2.4700670000000002,,rebuffer happen
2025-12-17T08:42:39.681Z,0.29,1,600,480x270,2.5273380000000003,,
2025-12-17T08:42:39.892Z,0.025,1,600,480x270,2.4829130000000106,,rebuffer happen
2025-12-17T08:42:40.141Z,0.313,1,600,480x270,2.481381000000013,,
2025-12-17T08:42:40.210Z,0.325,2,1000,640x360,2.4874769999999984,,
2025-12-17T08:42:40.211Z,0.241,2,1000,640x360,2.4863849999999985,,rebuffer happen
2025-12-17T08:42:40.409Z,0.019,2,1000,640x360,2.4674169999999975,,rebuffer happen
2025-12-17T08:42:40.748Z,0.019,2,1000,640x360,2.7644169999999946,,
2025-12-17T08:42:41.006Z,0.251,2,1000,640x360,2.800837999999999,,rebuffer happen
2025-12-17T08:42:41.143Z,0.048,2,1000,640x360,2.708095,,rebuffer happen
2025-12-17T08:42:41.281Z,0.048,2,1000,640x360,2.894094999999993,,
2025-12-17T08:42:41.348Z,0.548,1,600,480x270,2.834496999999999,,
2025-12-17T08:42:41.574Z,0.26,1,600,480x270,2.818128999999999,,rebuffer happen
2025-12-17T08:42:41.660Z,0.3,1,600,480x270,2.7789960000000065,,rebuffer happen
2025-12-17T08:42:41.762Z,0.368,1,600,480x270,2.7293650000000014,,
2025-12-17T08:42:41.928Z,0.133,1,600,480x270,2.5856489999999894,,rebuffer happen
2025-12-17T08:42:42.121Z,0.356,1,600,480x270,2.506802999999991,,
2025-12-17T08:42:42.197Z,0.241,1,600,480x270,2.4872960000000006,,rebuffer happen
2025-12-17T08:42:42.609Z,0.265,1,600,480x270,2.4419929999999965,,
2025-12-17T08:42:42.690Z,0.286,2,1000,640x360,2.455481000000006,,
2025-12-17T08:42:42.877Z,0.018,2,1000,640x360,2.471164999999999,,rebuffer happen
2025-12-17T08:42:43.232Z,0.018,2,1000,640x360,2.766165000000001,,
2025-12-17T08:42:43.299Z,0.518,1,600,480x270,2.8139970000000005,,
2025-12-17T08:42:43.589Z,0.576,1,600,480x270,2.744234000000006,,
2025-12-17T08:42:43.671Z,0.485,3,1500,768x432,2.7140289999999965,,
2025-12-17T08:42:43.880Z,0.159,3,1500,768x432,2.6114089999999948,,rebuffer happen
2025-12-17T08:42:43.995Z,0.023,3,1500,768x432,2.569283999999996,,rebuffer happen
2025-12-17T08:42:44.449Z,0.023,3,1500,768x432,2.971283999999997,,
2025-12-17T08:42:44.517Z,0.523,2,1000,640x360,3.014015999999998,,
2025-12-17T08:42:44.786Z,0.07,2,1000,640x360,2.924708999999993,,rebuffer happen
2025-12-17T08:42:44.812Z,0.03,2,1000,640x360,2.8849089999999933,,rebuffer happen
2025-12-17T08:42:45.055Z,0.03,2,1000,640x360,3.078908999999996,,
2025-12-17T08:42:45.123Z,0.516,1,600,480x270,3.099211000000011,,
2025-12-17T08:42:45.250Z,0.294,1,600,480x270,3.007462000000004,,rebuffer happen
2025-12-17T08:42:45.449Z,0.466,1,600,480x270,2.909700000000001,,
2025-12-17T08:42:45.771Z,0.504,1,600,480x270,2.835334000000003,,
2025-12-17T08:42:45.841Z,0.481,2,1000,640x360,2.729618000000002,,
2025-12-17T08:42:46.044Z,0.072,2,1000,640x360,2.628066000000004,,rebuffer happen
2025-12-17T08:42:46.063Z,0.045,2,1000,640x360,2.694751999999994,,rebuffer happen
2025-12-17T08:42:46.369Z,0.045,2,1000,640x360,2.991751999999991,,
2025-12-17T08:42:46.596Z,0.239,2,1000,640x360,2.8900430000000057,,rebuffer happen
2025-12-17T08:42:46.731Z,0.038,2,1000,640x360,2.7976819999999947,,rebuffer happen
2025-12-17T08:42:46.817Z,0.038,2,1000,640x360,2.888682000000003,,
2025-12-17T08:42:46.888Z,0.538,1,600,480x270,2.9209279999999893,,
2025-12-17T08:42:47.228Z,0.551,1,600,480x270,2.7726920000000064,,
2025-12-17T08:42:47.310Z,0.487,3,1500,768x432,2.751825999999994,,
2025-12-17T08:42:47.532Z,0.195,3,1500,768x432,2.748872999999989,,rebuffer happen
2025-12-17T08:42:47.698Z,0.028,3,1500,768x432,2.781080000000003,,rebuffer happen
2025-12-17T08:42:48.278Z,0.028,3,1500,768x432,3.375079999999997,,
2025-12-17T08:42:48.349Z,0.528,1,600,480x270,3.3191010000000034,,
2025-12-17T08:42:48.713Z,0.498,1,600,480x270,3.2661800000000056,,
2025-12-17T08:42:49.008Z,0.559,1,600,480x270,3.1282950000000085,,
2025-12-17T08:42:49.080Z,0.552,2,1000,640x360,3.119829999999993,,
2025-12-17T08:42:49.287Z,0.155,2,1000,640x360,3.004394000000005,,rebuffer happen
2025-12-17T08:42:49.366Z,0.062,2,1000,640x360,3.0082949999999897,,rebuffer happen
2025-12-17T08:42:49.575Z,0.062,2,1000,640x360,3.210295000000002,,
2025-12-17T08:42:49.654Z,0.517,1,600,480x270,3.1333880000000107,,
2025-12-17T08:42:49.831Z,0.254,1,600,480x270,3.075243999999998,,rebuffer happen
2025-12-17T08:42:49.957Z,0.536,1,600,480x270,2.981926999999999,,
2025-12-17T08:42:50.389Z,0.22,1,600,480x270,2.8677279999999996,,rebuffer happen
2025-12-17T08:42:50.463Z,0.34,1,600,480x270,2.8971439999999973,,
2025-12-17T08:42:50.531Z,0.348,2,1000,640x360,2.828943999999993,,
2025-12-17T08:42:50.532Z,0.279,2,1000,640x360,2.8281439999999947,,rebuffer happen
2025-12-17T08:42:50.784Z,0.028,2,1000,640x360,2.874279999999999,,rebuffer happen
2025-12-17T08:42:50.985Z,0.028,2,1000,640x360,3.073279999999997,,
2025-12-17T08:42:51.057Z,0.481,1,600,480x270,3.0084429999999998,,
2025-12-17T08:42:51.373Z,0.497,1,600,480x270,2.9635609999999986,,
2025-12-17T08:42:51.446Z,0.517,2,1000,640x360,2.897401000000002,,
2025-12-17T08:42:51.577Z,0.292,2,1000,640x360,2.939727000000005,,rebuffer happen
2025-12-17T08:42:51.751Z,0.032,2,1000,640x360,2.7883920000000018,,rebuffer happen
2025-12-17T08:42:52.053Z,0.032,2,1000,640x360,3.0823919999999987,,
2025-12-17T08:42:52.131Z,0.532,0,200,320x180,3.118000000000009,,
2025-12-17T08:42:52.341Z,0.686,0,200,320x180,3.072220999999999,,
2025-12-17T08:42:52.410Z,0.725,1,600,480x270,3.1169110000000018,,
2025-12-17T08:42:52.694Z,0.828,1,600,480x270,3.061259000000007,,
2025-12-17T08:42:53.128Z,0.701,1,600,480x270,2.821034999999995,,
2025-12-17T08:42:53.578Z,0.514,1,600,480x270,2.646563999999998,,
2025-12-17T08:42:54.035Z,0.32,1,600,480x270,2.382845000000003,,
2025-12-17T08:42:54.132Z,0.201,1,600,480x270,2.3574580000000083,,rebuffer happen
2025-12-17T08:42:54.254Z,0.031,1,600,480x270,2.278145000000009,,rebuffer happen
2025-12-17T08:42:54.462Z,0.351,1,600,480x270,2.400398999999993,,
2025-12-17T08:42:54.532Z,0.309,2,1000,640x360,2.3192729999999955,,
2025-12-17T08:42:54.533Z,0.271,2,1000,640x360,2.3182669999999916,,rebuffer happen
2025-12-17T08:42:54.704Z,0.035,2,1000,640x360,2.2830859999999973,,rebuffer happen
2025-12-17T08:42:55.179Z,0.035,2,1000,640x360,2.785086000000007,,
2025-12-17T08:42:55.258Z,0.503,0,200,320x180,2.7014020000000016,,
2025-12-17T08:42:55.369Z,0.762,0,200,320x180,2.769677999999999,,
2025-12-17T08:42:55.444Z,0.813,2,1000,640x360,2.702147999999994,,
2025-12-17T08:42:55.760Z,0.29,2,1000,640x360,2.6369569999999953,,rebuffer happen
2025-12-17T08:42:55.938Z,0.027,2,1000,640x360,2.4840520000000055,,rebuffer happen
2025-12-17T08:42:56.140Z,0.027,2,1000,640x360,2.6860520000000037,,
2025-12-17T08:42:56.208Z,0.474,0,200,320x180,2.709280000000007,,
2025-12-17T08:42:56.350Z,0.743,0,200,320x180,2.609538999999998,,
2025-12-17T08:42:56.430Z,0.763,3,1500,768x432,2.6478850000000023,,
2025-12-17T08:42:56.731Z,0.268,3,1500,768x432,2.523750000000007,,rebuffer happen
2025-12-17T08:42:56.889Z,0.04,3,1500,768x432,2.4973540000000014,,rebuffer happen
2025-12-17T08:42:57.424Z,0.04,3,1500,768x432,2.9993539999999967,,
2025-12-17T08:42:57.493Z,0.54,1,600,480x270,3.0375700000000023,,
2025-12-17T08:42:57.903Z,0.462,1,600,480x270,2.904606000000001,,
2025-12-17T08:42:58.314Z,0.343,1,600,480x270,2.677616999999998,,
2025-12-17T08:42:58.415Z,0.223,1,600,480x270,2.635140000000007,,rebuffer happen
2025-12-17T08:42:58.720Z,0.314,1,600,480x270,2.5964469999999977,,
2025-12-17T08:42:59.008Z,0.391,1,600,480x270,2.470493999999988,,
2025-12-17T08:42:59.082Z,0.354,2,1000,640x360,2.4748539999999934,,
2025-12-17T08:42:59.273Z,0.044,2,1000,640x360,2.3992039999999974,,rebuffer happen
2025-12-17T08:42:59.274Z,0.043,2,1000,640x360,2.397919999999999,,rebuffer happen
2025-12-17T08:42:59.660Z,0.043,2,1000,640x360,2.7899200000000093,,
2025-12-17T08:42:59.738Z,0.543,1,600,480x270,2.727402000000012,,
2025-12-17T08:43:00.088Z,0.475,1,600,480x270,2.629248000000004,,
2025-12-17T08:43:00.435Z,0.485,1,600,480x270,2.4328509999999994,,
2025-12-17T08:43:00.806Z,0.444,1,600,480x270,2.3026119999999963,,
2025-12-17T08:43:00.966Z,0.274,1,600,480x270,2.291960000000003,,rebuffer happen
2025-12-17T08:43:01.212Z,0.4,1,600,480x270,2.1706430000000125,,
2025-12-17T08:43:01.278Z,0.414,2,1000,640x360,2.1772749999999945,,
2025-12-17T08:43:01.397Z,0.207,2,1000,640x360,2.1525529999999975,,rebuffer happen
2025-12-17T08:43:01.543Z,0.029,2,1000,640x360,2.0827939999999927,,rebuffer happen
2025-12-17T08:43:01.848Z,0.029,2,1000,640x360,2.3747939999999943,,
2025-12-17T08:43:01.919Z,0.529,1,600,480x270,2.418565000000001,,
2025-12-17T08:43:02.066Z,0.271,1,600,480x270,2.419002000000006,,rebuffer happen
2025-12-17T08:43:02.269Z,0.489,1,600,480x270,2.33941200000001,,
2025-12-17T08:43:02.680Z,0.457,1,600,480x270,2.198892999999998,,
2025-12-17T08:43:02.864Z,0.22,1,600,480x270,2.1664710000000014,,rebuffer happen
2025-12-17T08:43:03.114Z,0.441,1,600,480x270,2.0793350000000004,,
2025-12-17T08:43:03.369Z,0.142,1,600,480x270,2.097699999999989,,rebuffer happen
2025-12-17T08:43:03.508Z,0.447,1,600,480x270,2.048574000000002,,
2025-12-17T08:43:03.725Z,0.275,1,600,480x270,2.028088000000011,,rebuffer happen
2025-12-17T08:43:03.987Z,0.484,1,600,480x270,2.0345999999999975,,
2025-12-17T08:43:04.067Z,0.486,3,1500,768x432,1.9476370000000003,,
2025-12-17T08:43:04.197Z,0.259,3,1500,768x432,2.010920999999996,,rebuffer happen
2025-12-17T08:43:04.445Z,0.017,3,1500,768x432,1.9705069999999978,,rebuffer happen
2025-12-17T08:43:04.997Z,0.017,3,1500,768x432,2.5655069999999967,,
2025-12-17T08:43:05.064Z,0.517,1,600,480x270,2.513211999999996,,
2025-12-17T08:43:05.249Z,0.248,1,600,480x270,2.4950060000000036,,rebuffer happen
2025-12-17T08:43:05.459Z,0.511,1,600,480x270,2.5669929999999965,,
2025-12-17T08:43:05.532Z,0.459,2,1000,640x360,2.486436999999995,,
2025-12-17T08:43:05.770Z,0.097,2,1000,640x360,2.4515579999999915,,rebuffer happen
2025-12-17T08:43:05.813Z,0.036,2,1000,640x360,2.391213999999991,,rebuffer happen
2025-12-17T08:43:06.160Z,0.036,2,1000,640x360,2.782213999999996,,
2025-12-17T08:43:06.228Z,0.536,1,600,480x270,2.7286849999999987,,
2025-12-17T08:43:06.414Z,0.289,1,600,480x270,2.6697889999999944,,rebuffer happen
2025-12-17T08:43:06.624Z,0.383,1,600,480x270,2.558367000000004,,
2025-12-17T08:43:06.793Z,0.261,1,600,480x270,2.511094,,rebuffer happen
2025-12-17T08:43:06.977Z,0.378,1,600,480x270,2.446393999999998,,
2025-12-17T08:43:07.137Z,0.233,1,600,480x270,2.313527999999991,,rebuffer happen
2025-12-17T08:43:07.307Z,0.418,1,600,480x270,2.282111999999998,,
2025-12-17T08:43:07.476Z,0.24,1,600,480x270,2.259914000000009,,rebuffer happen
2025-12-17T08:43:07.673Z,0.384,1,600,480x270,2.1907910000000044,,
2025-12-17T08:43:07.741Z,0.432,2,1000,640x360,2.1058440000000047,,
2025-12-17T08:43:07.928Z,0.13,2,1000,640x360,2.0881590000000045,,rebuffer happen
2025-12-17T08:43:07.998Z,0.048,2,1000,640x360,2.09872,,rebuffer happen
2025-12-17T08:43:08.396Z,0.048,2,1000,640x360,2.4997200000000106,,
2025-12-17T08:43:08.473Z,0.548,1,600,480x270,2.5349039999999974,,
2025-12-17T08:43:08.816Z,0.525,1,600,480x270,2.3682830000000052,,
2025-12-17T08:43:08.892Z,0.521,2,1000,640x360,2.3623410000000007,,
2025-12-17T08:43:09.051Z,0.193,2,1000,640x360,2.250311999999994,,rebuffer happen
2025-12-17T08:43:09.199Z,0.023,2,1000,640x360,2.2699640000000016,,rebuffer happen
2025-12-17T08:43:09.470Z,0.023,2,1000,640x360,2.568963999999994,,
2025-12-17T08:43:09.550Z,0.523,1,600,480x270,2.5047950000000014,,
2025-12-17T08:43:09.898Z,0.521,1,600,480x270,2.4962739999999997,,
2025-12-17T08:43:10.199Z,0.592,1,600,480x270,2.3685510000000107,,
2025-12-17T08:43:10.270Z,0.539,2,1000,640x360,2.2708120000000065,,
2025-12-17T08:43:10.520Z,0.273,2,1000,640x360,2.3186840000000046,,rebuffer happen
2025-12-17T08:43:10.751Z,0.031,2,1000,640x360,2.2806340000000063,,rebuffer happen
2025-12-17T08:43:10.838Z,0.031,2,1000,640x360,2.3766339999999957,,
2025-12-17T08:43:10.909Z,0.531,1,600,480x270,2.4271439999999984,,
2025-12-17T08:43:11.241Z,0.512,1,600,480x270,2.254102000000003,,
2025-12-17T08:43:11.627Z,0.568,1,600,480x270,2.2389419999999944,,
2025-12-17T08:43:12.033Z,0.582,1,600,480x270,2.1132709999999975,,
2025-12-17T08:43:12.112Z,0.52,2,1000,640x360,2.112205000000003,,
2025-12-17T08:43:12.334Z,0.2,2,1000,640x360,2.056664000000012,,rebuffer happen
2025-12-17T08:43:12.502Z,0.03,2,1000,640x360,2.0874589999999955,,rebuffer happen
2025-12-17T08:43:12.637Z,0.03,2,1000,640x360,2.183458999999999,,
2025-12-17T08:43:12.705Z,0.53,1,600,480x270,2.2241649999999993,,
2025-12-17T08:43:13.038Z,0.537,1,600,480x270,2.1089839999999924,,
2025-12-17T08:43:13.112Z,0.513,2,1000,640x360,2.105949999999993,,
2025-12-17T08:43:13.287Z,0.248,2,1000,640x360,2.1056779999999975,,rebuffer happen
2025-12-17T08:43:13.519Z,0.023,2,1000,640x360,2.0813619999999986,,rebuffer happen
2025-12-17T08:43:13.707Z,0.023,2,1000,640x360,2.268361999999996,,
2025-12-17T08:43:13.781Z,0.523,1,600,480x270,2.3188140000000033,,
2025-12-17T08:43:13.951Z,0.271,1,600,480x270,2.1869409999999903,,rebuffer happen
2025-12-17T08:43:14.145Z,0.487,1,600,480x270,2.131717000000009,,
2025-12-17T08:43:14.222Z,0.483,2,1000,640x360,2.1345990000000086,,
2025-12-17T08:43:14.321Z,0.265,2,1000,640x360,2.1210180000000065,,rebuffer happen
2025-12-17T08:43:14.520Z,0.028,2,1000,640x360,2.0740219999999994,,rebuffer happen
2025-12-17T08:43:14.888Z,0.028,2,1000,640x360,2.4760220000000004,,
2025-12-17T08:43:14.965Z,0.528,1,600,480x270,2.413000999999994,,
2025-12-17T08:43:15.329Z,0.461,1,600,480x270,2.3400879999999944,,
2025-12-17T08:43:15.508Z,0.28,1,600,480x270,2.301171999999994,,rebuffer happen
2025-12-17T08:43:15.714Z,0.42,1,600,480x270,2.22600700000001,,
2025-12-17T08:43:15.848Z,0.29,1,600,480x270,2.1426040000000057,,rebuffer happen
2025-12-17T08:43:16.086Z,0.495,1,600,480x270,2.1407860000000056,,
2025-12-17T08:43:16.166Z,0.452,2,1000,640x360,2.044166000000004,,
2025-12-17T08:43:16.306Z,0.232,2,1000,640x360,2.0829980000000035,,rebuffer happen
2025-12-17T08:43:16.522Z,0.019,2,1000,640x360,2.0732169999999996,,rebuffer happen
2025-12-17T08:43:16.763Z,0.019,2,1000,640x360,2.367217000000011,,
2025-12-17T08:43:16.836Z,0.504,1,600,480x270,2.2870710000000116,,
2025-12-17T08:43:17.004Z,0.243,1,600,480x270,2.2612939999999924,,rebuffer happen
2025-12-17T08:43:17.058Z,0.284,1,600,480x270,2.201944999999995,,rebuffer happen
2025-12-17T08:43:17.197Z,0.471,1,600,480x270,2.220405999999997,,
2025-12-17T08:43:17.272Z,0.466,2,1000,640x360,2.216089000000011,,
2025-12-17T08:43:17.326Z,0.298,2,1000,640x360,2.146053000000009,,rebuffer happen
2025-12-17T08:43:17.589Z,0.021,2,1000,640x360,2.169843,,rebuffer happen
2025-12-17T08:43:17.933Z,0.021,2,1000,640x360,2.477842999999993,,
2025-12-17T08:43:18.010Z,0.521,1,600,480x270,2.5140619999999956,,
2025-12-17T08:43:18.387Z,0.17,1,600,480x270,2.462061999999989,,rebuffer happen
2025-12-17T08:43:18.541Z,0.308,1,600,480x270,2.3620109999999954,,
2025-12-17T08:43:18.618Z,0.31,2,1000,640x360,2.3787690000000055,,
2025-12-17T08:43:18.619Z,0.233,2,1000,640x360,2.378419000000008,,rebuffer happen
2025-12-17T08:43:18.824Z,0.028,2,1000,640x360,2.37695699999999,,rebuffer happen
2025-12-17T08:43:19.239Z,0.028,2,1000,640x360,2.7849569999999915,,
2025-12-17T08:43:19.307Z,0.528,1,600,480x270,2.824870000000004,,
2025-12-17T08:43:19.680Z,0.463,1,600,480x270,2.7053240000000045,,
2025-12-17T08:43:19.811Z,0.289,1,600,480x270,2.603949,,rebuffer happen
2025-12-17T08:43:20.058Z,0.42,1,600,480x270,2.457815999999994,,
2025-12-17T08:43:20.144Z,0.283,1,600,480x270,2.428413000000006,,rebuffer happen
2025-12-17T08:43:20.480Z,0.362,1,600,480x270,2.4244549999999947,,
2025-12-17T08:43:20.557Z,0.373,3,1500,768x432,2.3157509999999917,,
2025-12-17T08:43:20.558Z,0.264,3,1500,768x432,2.3147269999999907,,rebuffer happen
2025-12-17T08:43:20.759Z,0.025,3,1500,768x432,2.270926000000003,,rebuffer happen
2025-12-17T08:43:21.565Z,0.025,3,1500,768x432,3.1709260000000086,,
2025-12-17T08:43:21.647Z,0.525,1,600,480x270,3.103873000000007,,
2025-12-17T08:43:21.810Z,0.297,1,600,480x270,3.10951,,rebuffer happen
2025-12-17T08:43:22.103Z,0.445,1,600,480x270,3.1001970000000085,,
2025-12-17T08:43:22.232Z,0.295,1,600,480x270,3.0117760000000118,,rebuffer happen
2025-12-17T08:43:22.325Z,0.293,1,600,480x270,2.9719180000000023,,rebuffer happen
2025-12-17T08:43:22.386Z,0.283,1,600,480x270,2.99555500000001,,rebuffer happen
2025-12-17T08:43:22.494Z,0.379,1,600,480x270,2.935338999999999,,
2025-12-17T08:43:22.615Z,0.208,1,600,480x270,2.8625880000000024,,rebuffer happen
2025-12-17T08:43:22.945Z,0.285,1,600,480x270,2.7349710000000016,,
2025-12-17T08:43:23.014Z,0.286,2,1000,640x360,2.773293999999993,,
2025-12-17T08:43:23.211Z,0.021,2,1000,640x360,2.766592000000003,,rebuffer happen
2025-12-17T08:43:23.386Z,0.021,2,1000,640x360,2.968592000000001,,
2025-12-17T08:43:23.467Z,0.521,1,600,480x270,2.9032749999999936,,
2025-12-17T08:43:23.777Z,0.515,1,600,480x270,2.8495790000000056,,
2025-12-17T08:43:23.844Z,0.502,0,200,320x180,2.749520000000004,,
2025-12-17T08:43:23.976Z,0.717,0,200,320x180,2.761109999999988,,
2025-12-17T08:43:24.044Z,0.652,2,1000,640x360,2.658808999999991,,
2025-12-17T08:43:24.284Z,0.244,2,1000,640x360,2.591082,,rebuffer happen
2025-12-17T08:43:24.528Z,0.02,2,1000,640x360,2.5781479999999988,,rebuffer happen
2025-12-17T08:43:24.662Z,0.02,2,1000,640x360,2.7681479999999965,,
2025-12-17T08:43:24.746Z,0.52,1,600,480x270,2.6997319999999974,,
2025-12-17T08:43:25.054Z,0.527,1,600,480x270,2.5821499999999986,,
2025-12-17T08:43:25.346Z,0.579,1,600,480x270,2.446353000000002,,
2025-12-17T08:43:25.421Z,0.549,2,1000,640x360,2.433475999999999,,
2025-12-17T08:43:25.595Z,0.235,2,1000,640x360,2.3861150000000038,,rebuffer happen
2025-12-17T08:43:25.746Z,0.026,2,1000,640x360,2.2842270000000013,,rebuffer happen
2025-12-17T08:43:25.907Z,0.026,2,1000,640x360,2.4732269999999943,,
2025-12-17T08:43:25.984Z,0.526,1,600,480x270,2.5125069999999994,,
2025-12-17T08:43:26.347Z,0.444,1,600,480x270,2.3144609999999943,,
2025-12-17T08:43:26.420Z,0.467,3,1500,768x432,2.3500449999999944,,
2025-12-17T08:43:26.547Z,0.254,3,1500,768x432,2.304185000000004,,rebuffer happen
2025-12-17T08:43:26.714Z,0.023,3,1500,768x432,2.280918,,rebuffer happen
2025-12-17T08:43:27.270Z,0.023,3,1500,768x432,2.8739180000000033,,
2025-12-17T08:43:27.338Z,0.523,1,600,480x270,2.8198110000000014,,
2025-12-17T08:43:27.675Z,0.593,1,600,480x270,2.8200410000000034,,
2025-12-17T08:43:27.965Z,0.639,1,600,480x270,2.6847570000000047,,
2025-12-17T08:43:28.357Z,0.55,1,600,480x270,2.4164710000000014,,
2025-12-17T08:43:28.693Z,0.564,1,600,480x270,2.3438060000000007,,
2025-12-17T08:43:28.760Z,0.588,2,1000,640x360,2.2533460000000076,,
2025-12-17T08:43:29.061Z,0.095,2,1000,640x360,2.2416449999999912,,rebuffer happen
2025-12-17T08:43:29.116Z,0.03,2,1000,640x360,2.1768909999999977,,rebuffer happen
2025-12-17T08:43:29.284Z,0.03,2,1000,640x360,2.3828910000000008,,
2025-12-17T08:43:29.357Z,0.53,1,600,480x270,2.3243599999999986,,
2025-12-17T08:43:29.771Z,0.431,1,600,480x270,2.2663869999999946,,
2025-12-17T08:43:29.840Z,0.379,2,1000,640x360,2.176430999999994,,
2025-12-17T08:43:29.918Z,0.224,2,1000,640x360,2.1696420000000103,,rebuffer happen
2025-12-17T08:43:30.066Z,0.038,2,1000,640x360,2.187701000000004,,rebuffer happen
2025-12-17T08:43:30.477Z,0.038,2,1000,640x360,2.59070100000001,,
2025-12-17T08:43:30.850Z,0.027,2,1000,640x360,2.3786229999999904,,rebuffer happen
2025-12-17T08:43:30.851Z,0.027,2,1000,640x360,2.3786229999999904,,rebuffer happen
2025-12-17T08:43:31.270Z,0.027,2,1000,640x360,2.8746229999999997,,
2025-12-17T08:43:31.350Z,0.527,0,200,320x180,2.8031660000000045,,
2025-12-17T08:43:31.533Z,0.657,0,200,320x180,2.749773999999988,,
2025-12-17T08:43:31.603Z,0.698,1,600,480x270,2.742289999999997,,
2025-12-17T08:43:31.839Z,0.278,1,600,480x270,2.5924790000000115,,rebuffer happen
2025-12-17T08:43:31.918Z,0.293,1,600,480x270,2.5730839999999944,,rebuffer happen
2025-12-17T08:43:32.072Z,0.417,1,600,480x270,2.546986000000004,,
2025-12-17T08:43:32.148Z,0.4,0,200,320x180,2.4367870000000096,,
2025-12-17T08:43:32.149Z,0.29,0,200,320x180,2.4356580000000037,,rebuffer happen
2025-12-17T08:43:32.313Z,0.612,0,200,320x180,2.4590400000000017,,
2025-12-17T08:43:32.396Z,0.603,1,600,480x270,2.454228999999998,,
2025-12-17T08:43:32.596Z,0.246,1,600,480x270,2.361083000000008,,rebuffer happen
2025-12-17T08:43:32.683Z,0.289,1,600,480x270,2.339963999999995,,rebuffer happen
2025-12-17T08:43:32.830Z,0.401,1,600,480x270,2.2355270000000047,,
2025-12-17T08:43:32.973Z,0.195,1,600,480x270,2.243867999999992,,rebuffer happen
2025-12-17T08:43:33.275Z,0.375,1,600,480x270,2.225044000000011,,
2025-12-17T08:43:33.347Z,0.365,0,200,320x180,2.1429310000000044,,
2025-12-17T08:43:33.348Z,0.283,0,200,320x180,2.1422760000000096,,rebuffer happen
2025-12-17T08:43:33.534Z,0.55,0,200,320x180,2.142664999999994,,
2025-12-17T08:43:33.611Z,0.594,1,600,480x270,2.154699999999991,,
2025-12-17T08:43:33.770Z,0.3,1,600,480x270,2.155349000000001,,rebuffer happen
2025-12-17T08:43:34.047Z,0.501,1,600,480x270,2.0793800000000005,,
2025-12-17T08:43:34.126Z,0.519,3,1500,768x432,2.079239000000001,,
2025-12-17T08:43:34.302Z,0.218,3,1500,768x432,2.0640849999999915,,rebuffer happen
2025-12-17T08:43:34.520Z,0.019,3,1500,768x432,2.065336000000002,,rebuffer happen
2025-12-17T08:43:35.174Z,0.019,3,1500,768x432,2.764336,,
2025-12-17T08:43:35.249Z,0.485,1,600,480x270,2.688379999999995,,
2025-12-17T08:43:35.451Z,0.177,1,600,480x270,2.592770999999999,,rebuffer happen
2025-12-17T08:43:35.618Z,0.298,1,600,480x270,2.548558,,rebuffer happen
2025-12-17T08:43:35.686Z,0.315,1,600,480x270,2.5588619999999906,,
2025-12-17T08:43:35.686Z,0.298,1,600,480x270,2.5579139999999967,,rebuffer happen
2025-12-17T08:43:35.888Z,0.017,1,600,480x270,2.4657509999999974,,rebuffer happen
2025-12-17T08:43:36.132Z,0.289,1,600,480x270,2.4385350000000017,,
2025-12-17T08:43:36.654Z,0.29,1,600,480x270,2.428270999999995,,
2025-12-17T08:43:37.013Z,0.399,1,600,480x270,2.4498680000000093,,
2025-12-17T08:43:37.166Z,0.239,1,600,480x270,2.424828000000005,,rebuffer happen
2025-12-17T08:43:37.381Z,0.445,1,600,480x270,2.3935649999999953,,
2025-12-17T08:43:37.447Z,0.419,2,1000,640x360,2.313360000000003,,
2025-12-17T08:43:37.689Z,0.025,2,1000,640x360,2.279449999999997,,rebuffer happen
2025-12-17T08:43:37.690Z,0.025,2,1000,640x360,2.279449999999997,,rebuffer happen
2025-12-17T08:43:38.098Z,0.025,2,1000,640x360,2.6804499999999933,,
2025-12-17T08:43:38.177Z,0.5,0,200,320x180,2.683126999999999,,
2025-12-17T08:43:38.303Z,0.762,0,200,320x180,2.6106690000000015,,
2025-12-17T08:43:38.379Z,0.75,3,1500,768x432,2.627965000000003,,
2025-12-17T08:43:38.742Z,0.197,3,1500,768x432,2.4458780000000075,,rebuffer happen
2025-12-17T08:43:38.874Z,0.009,3,1500,768x432,2.462692000000004,,rebuffer happen
2025-12-17T08:43:39.168Z,0.009,3,1500,768x432,2.759692000000001,,
2025-12-17T08:43:39.237Z,0.482,0,200,320x180,2.6879050000000007,,
2025-12-17T08:43:39.387Z,0.682,0,200,320x180,2.711075000000008,,
2025-12-17T08:43:39.458Z,0.746,3,1500,768x432,2.6125880000000024,,
2025-12-17T08:43:39.891Z,0.025,3,1500,768x432,2.4777209999999883,,rebuffer happen
2025-12-17T08:43:39.891Z,0.025,3,1500,768x432,2.4777209999999883,,rebuffer happen
2025-12-17T08:43:40.380Z,0.025,3,1500,768x432,2.9767209999999977,,
2025-12-17T08:43:40.455Z,0.504,1,600,480x270,2.891444000000007,,
2025-12-17T08:43:40.599Z,0.258,1,600,480x270,2.8779580000000067,,rebuffer happen
2025-12-17T08:43:40.645Z,0.288,1,600,480x270,2.8088400000000036,,rebuffer happen
2025-12-17T08:43:40.813Z,0.393,1,600,480x270,2.7607930000000067,,
2025-12-17T08:43:40.943Z,0.211,1,600,480x270,2.6615639999999985,,rebuffer happen
2025-12-17T08:43:41.170Z,0.45,1,600,480x270,2.701813999999999,,
2025-12-17T08:43:41.237Z,0.413,2,1000,640x360,2.622084000000001,,
2025-12-17T08:43:41.367Z,0.209,2,1000,640x360,2.66235300000001,,rebuffer happen
2025-12-17T08:43:41.509Z,0.017,2,1000,640x360,2.56339100000001,,rebuffer happen
2025-12-17T08:43:41.910Z,0.017,2,1000,640x360,2.962391000000011,,
2025-12-17T08:43:41.989Z,0.517,1,600,480x270,2.999212,,
2025-12-17T08:43:42.164Z,0.254,1,600,480x270,2.9707270000000108,,rebuffer happen
2025-12-17T08:43:42.392Z,0.383,1,600,480x270,2.8727829999999983,,
2025-12-17T08:43:42.470Z,0.377,2,1000,640x360,2.882581000000002,,
2025-12-17T08:43:42.567Z,0.193,2,1000,640x360,2.847237000000007,,rebuffer happen
2025-12-17T08:43:42.677Z,0.03,2,1000,640x360,2.7791270000000026,,rebuffer happen
2025-12-17T08:43:42.954Z,0.03,2,1000,640x360,2.97712700000001,,
2025-12-17T08:43:43.033Z,0.53,0,200,320x180,3.012473,,
2025-12-17T08:43:43.141Z,0.827,0,200,320x180,3.0149129999999786,,
2025-12-17T08:43:43.221Z,0.783,3,1500,768x432,3.007788000000005,,
2025-12-17T08:43:43.741Z,0.077,3,1500,768x432,2.8268759999999986,,rebuffer happen
2025-12-17T08:43:43.778Z,0.023,3,1500,768x432,2.8683280000000195,,rebuffer happen
2025-12-17T08:43:43.956Z,0.023,3,1500,768x432,2.9703280000000234,,
2025-12-17T08:43:44.030Z,0.523,1,600,480x270,3.011080000000021,,
2025-12-17T08:43:44.210Z,0.298,1,600,480x270,2.943915999999973,,rebuffer happen
2025-12-17T08:43:44.348Z,0.515,1,600,480x270,2.8469220000000064,,
2025-12-17T08:43:44.421Z,0.501,3,1500,768x432,2.8829550000000097,,
2025-12-17T08:43:44.597Z,0.258,3,1500,768x432,2.910886000000005,,rebuffer happen
2025-12-17T08:43:44.745Z,0.038,3,1500,768x432,2.7849959999999783,,rebuffer happen
2025-12-17T08:43:45.267Z,0.038,3,1500,768x432,3.386995999999982,,
2025-12-17T08:43:45.343Z,0.501,1,600,480x270,3.3186389999999903,,
2025-12-17T08:43:45.698Z,0.561,1,600,480x270,3.3198399999999992,,
2025-12-17T08:43:46.176Z,0.33,1,600,480x270,3.092804000000001,,
2025-12-17T08:43:46.310Z,0.176,1,600,480x270,2.989498999999995,,rebuffer happen
2025-12-17T08:43:46.499Z,0.43,1,600,480x270,2.955869000000007,,
2025-12-17T08:43:46.579Z,0.407,2,1000,640x360,2.9413820000000044,,
2025-12-17T08:43:46.580Z,0.287,2,1000,640x360,2.9402550000000076,,rebuffer happen
2025-12-17T08:43:46.830Z,0.028,2,1000,640x360,2.8787220000000104,,rebuffer happen
2025-12-17T08:43:47.131Z,0.028,2,1000,640x360,3.1787219999999934,,
2025-12-17T08:43:47.201Z,0.528,1,600,480x270,3.2225660000000005,,
2025-12-17T08:43:47.531Z,0.571,1,600,480x270,3.123595999999992,,
2025-12-17T08:43:47.899Z,0.5,1,600,480x270,2.9623750000000086,,
2025-12-17T08:43:48.217Z,0.524,1,600,480x270,2.7944889999999987,,
2025-12-17T08:43:48.568Z,0.555,1,600,480x270,2.7189930000000118,,
2025-12-17T08:43:48.635Z,0.526,2,1000,640x360,2.619452999999993,,
2025-12-17T08:43:48.932Z,0.032,2,1000,640x360,2.4840859999999907,,rebuffer happen
2025-12-17T08:43:48.932Z,0.032,2,1000,640x360,2.4840859999999907,,rebuffer happen
2025-12-17T08:43:49.156Z,0.032,2,1000,640x360,2.6810859999999934,,
2025-12-17T08:43:49.231Z,0.502,1,600,480x270,2.7047899999999743,,
2025-12-17T08:43:49.360Z,0.296,1,600,480x270,2.709130000000016,,rebuffer happen
2025-12-17T08:43:49.562Z,0.47,1,600,480x270,2.6132980000000146,,
2025-12-17T08:43:49.691Z,0.275,1,600,480x270,2.5214719999999886,,rebuffer happen
2025-12-17T08:43:49.893Z,0.489,1,600,480x270,2.433627999999999,,
2025-12-17T08:43:50.216Z,0.515,1,600,480x270,2.2751139999999737,,
2025-12-17T08:43:50.295Z,0.477,2,1000,640x360,2.2695119999999918,,
2025-12-17T08:43:50.422Z,0.296,2,1000,640x360,2.2430570000000216,,rebuffer happen
2025-12-17T08:43:50.667Z,0.02,2,1000,640x360,2.272911999999991,,rebuffer happen
2025-12-17T08:43:50.848Z,0.02,2,1000,640x360,2.37391199999999,,
2025-12-17T08:43:50.920Z,0.52,1,600,480x270,2.410788000000025,,
2025-12-17T08:43:51.263Z,0.475,1,600,480x270,2.3368619999999964,,
2025-12-17T08:43:51.580Z,0.614,1,600,480x270,2.2772840000000087,,
2025-12-17T08:43:51.916Z,0.675,1,600,480x270,2.144679999999994,,
2025-12-17T08:43:51.994Z,0.604,2,1000,640x360,2.1503250000000094,,
2025-12-17T08:43:52.262Z,0.268,2,1000,640x360,2.1164169999999842,,rebuffer happen
2025-12-17T08:43:52.518Z,0.03,2,1000,640x360,2.0773930000000007,,rebuffer happen
2025-12-17T08:43:52.525Z,0.03,2,1000,640x360,2.0773930000000007,,
2025-12-17T08:43:52.775Z,0.272,2,1000,640x360,2.1339749999999924,,rebuffer happen
2025-12-17T08:43:52.985Z,0.028,2,1000,640x360,2.076201999999995,,rebuffer happen
2025-12-17T08:43:53.083Z,0.028,2,1000,640x360,2.1832019999999943,,
2025-12-17T08:43:53.161Z,0.528,1,600,480x270,2.1138030000000185,,
2025-12-17T08:43:53.492Z,0.588,1,600,480x270,2.1392099999999914,,
2025-12-17T08:43:53.569Z,0.566,2,1000,640x360,2.0464939999999956,,
2025-12-17T08:43:53.773Z,0.256,2,1000,640x360,2.102302999999978,,rebuffer happen
2025-12-17T08:43:53.969Z,0.03,2,1000,640x360,2.081017000000003,,rebuffer happen
2025-12-17T08:43:54.123Z,0.03,2,1000,640x360,2.186017000000021,,
2025-12-17T08:43:54.195Z,0.53,1,600,480x270,2.2263250000000028,,
2025-12-17T08:43:54.550Z,0.571,1,600,480x270,2.1198540000000037,,
2025-12-17T08:43:54.631Z,0.572,3,1500,768x432,2.115899999999982,,
2025-12-17T08:43:54.789Z,0.272,3,1500,768x432,2.120377999999988,,rebuffer happen
2025-12-17T08:43:54.987Z,0.038,3,1500,768x432,2.0901199999999847,,rebuffer happen
2025-12-17T08:43:55.413Z,0.038,3,1500,768x432,2.487119999999976,,
2025-12-17T08:43:55.495Z,0.538,2,1000,640x360,2.518327999999997,,
2025-12-17T08:43:55.780Z,0.069,2,1000,640x360,2.4198710000000005,,rebuffer happen
2025-12-17T08:43:55.804Z,0.036,2,1000,640x360,2.3868920000000173,,rebuffer happen
2025-12-17T08:43:56.038Z,0.036,2,1000,640x360,2.590892000000025,,
2025-12-17T08:43:56.104Z,0.514,1,600,480x270,2.613731999999999,,
2025-12-17T08:43:56.250Z,0.252,1,600,480x270,2.50976799999998,,rebuffer happen
2025-12-17T08:43:56.425Z,0.514,1,600,480x270,2.458250000000021,,
2025-12-17T08:43:56.749Z,0.551,1,600,480x270,2.295226999999983,,
2025-12-17T08:43:57.073Z,0.609,1,600,480x270,2.2596690000000024,,
2025-12-17T08:43:57.153Z,0.52,2,1000,640x360,2.155505000000005,,
2025-12-17T08:43:57.376Z,0.238,2,1000,640x360,2.185547000000014,,rebuffer happen
2025-12-17T08:43:57.589Z,0.019,2,1000,640x360,2.1716769999999883,,rebuffer happen
2025-12-17T08:43:57.686Z,0.019,2,1000,640x360,2.2656769999999824,,
2025-12-17T08:43:57.750Z,0.479,1,600,480x270,2.210981000000004,,
2025-12-17T08:43:58.082Z,0.514,1,600,480x270,2.1857439999999997,,
2025-12-17T08:43:58.425Z,0.643,1,600,480x270,2.082464999999985,,
2025-12-17T08:43:58.500Z,0.594,2,1000,640x360,2.1035210000000006,,
2025-12-17T08:43:58.819Z,0.176,2,1000,640x360,2.033619000000016,,rebuffer happen
2025-12-17T08:43:58.957Z,0.029,2,1000,640x360,1.982198000000011,,rebuffer happen
2025-12-17T08:43:59.027Z,0.029,2,1000,640x360,2.0821980000000053,,
2025-12-17T08:43:59.092Z,0.529,1,600,480x270,2.124752000000001,,
2025-12-17T08:43:59.441Z,0.624,1,600,480x270,2.074353000000002,,
2025-12-17T08:43:59.515Z,0.581,3,1500,768x432,2.0953839999999957,,
2025-12-17T08:43:59.754Z,0.267,3,1500,768x432,2.0143539999999973,,rebuffer happen
2025-12-17T08:43:59.958Z,0.036,3,1500,768x432,1.9850819999999771,,rebuffer happen
2025-12-17T08:44:00.261Z,0.036,3,1500,768x432,2.3830819999999733,,
2025-12-17T08:44:00.326Z,0.536,1,600,480x270,2.332587999999987,,
2025-12-17T08:44:00.647Z,0.627,1,600,480x270,2.2771809999999846,,
2025-12-17T08:44:00.970Z,0.693,1,600,480x270,2.2488620000000026,,
2025-12-17T08:44:01.293Z,0.756,1,600,480x270,2.1366899999999873,,
2025-12-17T08:44:01.607Z,0.897,1,600,480x270,2.068522999999999,,
2025-12-17T08:44:01.685Z,0.916,2,1000,640x360,2.0883389999999906,,
2025-12-17T08:44:02.199Z,0.383,2,1000,640x360,2.006744999999995,,
2025-12-17T08:44:02.281Z,0.758,1,600,480x270,2.0279199999999946,,
2025-12-17T08:44:02.566Z,0.868,1,600,480x270,2.027721999999983,,
2025-12-17T08:44:02.641Z,0.826,2,1000,640x360,1.949198999999993,,
2025-12-17T08:44:03.159Z,0.264,2,1000,640x360,1.916179999999997,,rebuffer happen
2025-12-17T08:44:03.217Z,0.264,2,1000,640x360,1.9506689999999764,,
2025-12-17T08:44:03.282Z,0.704,1,600,480x270,1.9850829999999746,,
2025-12-17T08:44:03.605Z,0.787,1,600,480x270,1.974833000000018,,
2025-12-17T08:44:03.677Z,0.818,2,1000,640x360,1.992451999999986,,
2025-12-17T08:44:04.210Z,0.204,2,1000,640x360,1.9536429999999996,,rebuffer happen
2025-12-17T08:44:04.304Z,0.204,2,1000,640x360,1.9656280000000095,,
2025-12-17T08:44:04.389Z,0.606,1,600,480x270,1.9769159999999886,,
2025-12-17T08:44:04.695Z,0.719,1,600,480x270,1.9743549999999743,,
2025-12-17T08:44:04.764Z,0.67,3,1500,768x432,1.9043369999999982,,
2025-12-17T08:44:05.278Z,0.136,3,1500,768x432,1.989276999999987,,rebuffer happen
2025-12-17T08:44:05.395Z,0.026,3,1500,768x432,1.9734000000000265,,rebuffer happen
2025-12-17T08:44:05.483Z,0.026,3,1500,768x432,2.0714000000000112,,
2025-12-17T08:44:05.560Z,0.526,2,1000,640x360,2.009149000000008,,
2025-12-17T08:44:05.933Z,0.064,2,1000,640x360,2.0129539999999793,,rebuffer happen
2025-12-17T08:44:05.962Z,0.032,2,1000,640x360,2.0784360000000106,,rebuffer happen
2025-12-17T08:44:06.049Z,0.032,2,1000,640x360,2.0784360000000106,,
2025-12-17T08:44:06.122Z,0.51,1,600,480x270,2.1092000000000155,,
2025-12-17T08:44:06.460Z,0.546,1,600,480x270,2.136020000000002,,
2025-12-17T08:44:06.532Z,0.557,3,1500,768x432,2.051920999999993,,
2025-12-17T08:44:06.767Z,0.232,3,1500,768x432,2.08540499999998,,rebuffer happen
2025-12-17T08:44:06.963Z,0.032,3,1500,768x432,2.0820859999999755,,rebuffer happen
2025-12-17T08:44:07.320Z,0.032,3,1500,768x432,2.3830859999999916,,
2025-12-17T08:44:07.390Z,0.532,2,1000,640x360,2.423433000000017,,
2025-12-17T08:44:07.747Z,0.031,2,1000,640x360,2.2863640000000203,,rebuffer happen
2025-12-17T08:44:07.748Z,0.031,2,1000,640x360,2.2863640000000203,,rebuffer happen
2025-12-17T08:44:07.847Z,0.031,2,1000,640x360,2.3793640000000096,,
2025-12-17T08:44:07.920Z,0.495,1,600,480x270,2.4074090000000012,,
2025-12-17T08:44:08.337Z,0.419,1,600,480x270,2.2349490000000003,,
2025-12-17T08:44:08.736Z,0.464,1,600,480x270,2.194761999999997,,
2025-12-17T08:44:08.921Z,0.274,1,600,480x270,2.1538920000000132,,rebuffer happen
2025-12-17T08:44:09.168Z,0.432,1,600,480x270,2.1758700000000033,,
2025-12-17T08:44:09.332Z,0.224,1,600,480x270,2.0791749999999922,,rebuffer happen
2025-12-17T08:44:09.621Z,0.417,1,600,480x270,2.0799439999999834,,
2025-12-17T08:44:09.844Z,0.238,1,600,480x270,2.0234550000000127,,rebuffer happen
2025-12-17T08:44:10.127Z,0.385,1,600,480x270,2.0329550000000154,,
2025-12-17T08:44:10.346Z,0.169,1,600,480x270,1.9909759999999892,,rebuffer happen
2025-12-17T08:44:10.594Z,0.394,1,600,480x270,2.0377069999999833,,
2025-12-17T08:44:10.801Z,0.173,1,600,480x270,2.028948000000014,,rebuffer happen
2025-12-17T08:44:11.068Z,0.388,1,600,480x270,2.0366439999999955,,
2025-12-17T08:44:11.160Z,0.288,1,600,480x270,2.0339959999999735,,rebuffer happen
2025-12-17T08:44:11.552Z,0.388,1,600,480x270,1.9515730000000246,,
2025-12-17T08:44:11.622Z,0.402,2,1000,640x360,1.9790099999999882,,
2025-12-17T08:44:11.733Z,0.211,2,1000,640x360,1.9601150000000018,,rebuffer happen
2025-12-17T08:44:11.901Z,0.034,2,1000,640x360,1.981866000000025,,rebuffer happen
2025-12-17T08:44:12.426Z,0.034,2,1000,640x360,2.4828660000000013,,
2025-12-17T08:44:12.497Z,0.534,1,600,480x270,2.5227649999999926,,
2025-12-17T08:44:12.702Z,0.258,1,600,480x270,2.5045189999999877,,rebuffer happen
2025-12-17T08:44:12.887Z,0.291,1,600,480x270,2.4455509999999947,,rebuffer happen
2025-12-17T08:44:12.975Z,0.321,1,600,480x270,2.418754000000007,,
2025-12-17T08:44:13.204Z,0.111,1,600,480x270,2.2989359999999976,,rebuffer happen
2025-12-17T08:44:13.434Z,0.296,1,600,480x270,2.271365000000003,,
2025-12-17T08:44:13.497Z,0.249,1,600,480x270,2.2946159999999907,,rebuffer happen
2025-12-17T08:44:13.653Z,0.042,1,600,480x270,2.1885189999999852,,rebuffer happen
2025-12-17T08:44:13.943Z,0.256,1,600,480x270,2.2238330000000133,,
2025-12-17T08:44:14.011Z,0.266,2,1000,640x360,2.252824000000004,,
2025-12-17T08:44:14.186Z,0.023,2,1000,640x360,2.270208999999994,,rebuffer happen
2025-12-17T08:44:15.049Z,0.023,2,1000,640x360,3.0732089999999914,,
2025-12-17T08:44:15.131Z,0.523,1,600,480x270,3.1133489999999995,,
2025-12-17T08:44:15.556Z,0.513,1,600,480x270,3.017763000000002,,
2025-12-17T08:44:15.698Z,0.29,1,600,480x270,3.0065170000000023,,rebuffer happen
2025-12-17T08:44:15.953Z,0.399,1,600,480x270,2.829199999999986,,
2025-12-17T08:44:16.036Z,0.251,1,600,480x270,2.799254000000019,,rebuffer happen
2025-12-17T08:44:16.376Z,0.262,1,600,480x270,2.7520999999999844,,
2025-12-17T08:44:16.847Z,0.332,1,600,480x270,2.692344999999989,,
2025-12-17T08:44:16.989Z,0.136,1,600,480x270,2.696043000000003,,rebuffer happen
2025-12-17T08:44:17.248Z,0.335,1,600,480x270,2.565169999999995,,
2025-12-17T08:44:17.314Z,0.317,2,1000,640x360,2.608756999999997,,
2025-12-17T08:44:17.315Z,0.25,2,1000,640x360,2.6080730000000187,,rebuffer happen
2025-12-17T08:44:17.539Z,0.03,2,1000,640x360,2.5768539999999973,,rebuffer happen
2025-12-17T08:44:18.032Z,0.03,2,1000,640x360,3.080853999999988,,
2025-12-17T08:44:18.112Z,0.506,1,600,480x270,3.0958590000000186,,
2025-12-17T08:44:18.314Z,0.205,1,600,480x270,2.994948999999991,,rebuffer happen
2025-12-17T08:44:18.536Z,0.355,1,600,480x270,2.908006999999998,,
2025-12-17T08:44:18.598Z,0.27,1,600,480x270,2.916507999999993,,rebuffer happen
2025-12-17T08:44:18.773Z,0.042,1,600,480x270,2.8657770000000085,,rebuffer happen
2025-12-17T08:44:18.989Z,0.323,1,600,480x270,2.883987999999988,,
2025-12-17T08:44:19.051Z,0.271,2,1000,640x360,2.828357000000011,,rebuffer happen
2025-12-17T08:44:19.062Z,0.271,2,1000,640x360,2.8104960000000005,,
2025-12-17T08:44:19.240Z,0.028,2,1000,640x360,2.7742819999999995,,rebuffer happen
2025-12-17T08:44:19.856Z,0.028,2,1000,640x360,3.3862819999999942,,
2025-12-17T08:44:19.924Z,0.513,1,600,480x270,3.402554000000009,,
2025-12-17T08:44:20.038Z,0.279,1,600,480x270,3.3249639999999943,,rebuffer happen
2025-12-17T08:44:20.554Z,0.169,1,600,480x270,3.241275999999999,,
2025-12-17T08:44:20.920Z,0.307,1,600,480x270,3.2724440000000072,,
2025-12-17T08:44:20.958Z,0.284,1,600,480x270,3.234636999999992,,rebuffer happen
2025-12-17T08:44:21.317Z,0.288,1,600,480x270,3.210373000000004,,rebuffer happen
2025-12-17T08:44:21.336Z,0.288,1,600,480x270,3.1922969999999964,,
2025-12-17T08:44:21.406Z,0.312,2,1000,640x360,3.198294000000004,,
2025-12-17T08:44:21.407Z,0.247,2,1000,640x360,3.197249999999997,,rebuffer happen
2025-12-17T08:44:21.542Z,0.045,2,1000,640x360,3.0971370000000036,,rebuffer happen
2025-12-17T08:44:22.013Z,0.045,2,1000,640x360,3.5911370000000034,,
2025-12-17T08:44:22.092Z,0.488,0,200,320x180,3.597004999999996,,
2025-12-17T08:44:22.198Z,0.782,0,200,320x180,3.552467000000007,,
2025-12-17T08:44:22.279Z,0.791,2,1000,640x360,3.5242729999999938,,
2025-12-17T08:44:22.600Z,0.196,2,1000,640x360,3.346057000000002,,rebuffer happen
2025-12-17T08:44:22.710Z,0.032,2,1000,640x360,3.2843949999999893,,rebuffer happen
2025-12-17T08:44:23.006Z,0.032,2,1000,640x360,3.5783950000000004,,
2025-12-17T08:44:23.086Z,0.532,0,200,320x180,3.618949999999984,,
2025-12-17T08:44:23.241Z,0.773,0,200,320x180,3.5067999999999984,,
2025-12-17T08:44:23.320Z,0.76,1,600,480x270,3.4890709999999956,,
2025-12-17T08:44:23.724Z,0.628,1,600,480x270,3.3820550000000082,,
2025-12-17T08:44:24.116Z,0.551,1,600,480x270,3.198636999999991,,
2025-12-17T08:44:24.512Z,0.554,1,600,480x270,3.107662000000005,,
2025-12-17T08:44:24.930Z,0.448,1,600,480x270,2.9101090000000056,,
2025-12-17T08:44:25.104Z,0.268,1,600,480x270,2.860437999999988,,rebuffer happen
2025-12-17T08:44:25.201Z,0.29,1,600,480x270,2.808101999999991,,rebuffer happen
2025-12-17T08:44:25.303Z,0.359,1,600,480x270,2.7494070000000193,,
2025-12-17T08:44:25.553Z,0.538,1,600,480x270,2.60793799999999,,
2025-12-17T08:44:25.876Z,0.571,1,600,480x270,2.5318519999999864,,
2025-12-17T08:44:26.359Z,0.358,1,600,480x270,2.3583429999999908,,
2025-12-17T08:44:26.646Z,0.023,1,600,480x270,2.1801209999999855,,rebuffer happen
2025-12-17T08:44:26.647Z,0.023,1,600,480x270,2.1801209999999855,,rebuffer happen
2025-12-17T08:44:26.853Z,0.347,1,600,480x270,2.1974209999999914,,
2025-12-17T08:44:26.917Z,0.274,2,1000,640x360,2.2246399999999937,,rebuffer happen
2025-12-17T08:44:26.927Z,0.274,2,1000,640x360,2.2104889999999955,,
2025-12-17T08:44:27.113Z,0.031,2,1000,640x360,2.1895059999999944,,rebuffer happen
2025-12-17T08:44:27.562Z,0.031,2,1000,640x360,2.6785059999999987,,
2025-12-17T08:44:27.643Z,0.531,1,600,480x270,2.614089000000007,,
2025-12-17T08:44:27.789Z,0.252,1,600,480x270,2.6005580000000066,,rebuffer happen
2025-12-17T08:44:28.028Z,0.414,1,600,480x270,2.451299000000006,,
2025-12-17T08:44:28.356Z,0.449,1,600,480x270,2.3100359999999966,,
2025-12-17T08:44:28.426Z,0.455,3,1500,768x432,2.3459080000000085,,
2025-12-17T08:44:28.507Z,0.288,3,1500,768x432,2.3346270000000118,,rebuffer happen
2025-12-17T08:44:28.698Z,0.024,3,1500,768x432,2.2727509999999995,,rebuffer happen
2025-12-17T08:44:29.154Z,0.024,3,1500,768x432,2.675750999999991,,
2025-12-17T08:44:29.234Z,0.524,1,600,480x270,2.705266999999992,,
2025-12-17T08:44:29.496Z,0.645,1,600,480x270,2.7130369999999857,,
2025-12-17T08:44:29.560Z,0.667,2,1000,640x360,2.6181219999999996,,
2025-12-17T08:44:29.762Z,0.274,2,1000,640x360,2.622903000000008,,rebuffer happen
2025-12-17T08:44:29.915Z,0.049,2,1000,640x360,2.4953140000000076,,rebuffer happen
2025-12-17T08:44:30.057Z,0.049,2,1000,640x360,2.594313999999997,,
2025-12-17T08:44:30.133Z,0.549,1,600,480x270,2.641373999999985,,
2025-12-17T08:44:30.432Z,0.581,1,600,480x270,2.5339170000000024,,
2025-12-17T08:44:30.762Z,0.6,1,600,480x270,2.4467909999999904,,
2025-12-17T08:44:31.116Z,0.572,1,600,480x270,2.2515070000000037,,
2025-12-17T08:44:31.194Z,0.605,2,1000,640x360,2.253953999999993,,
2025-12-17T08:44:31.418Z,0.246,2,1000,640x360,2.2009589999999832,,rebuffer happen
2025-12-17T08:44:31.617Z,0.021,2,1000,640x360,2.174204000000003,,rebuffer happen
2025-12-17T08:44:31.783Z,0.021,2,1000,640x360,2.367204000000015,,
2025-12-17T08:44:31.851Z,0.521,1,600,480x270,2.313865000000021,,
2025-12-17T08:44:32.164Z,0.503,1,600,480x270,2.2963359999999966,,
2025-12-17T08:44:32.238Z,0.55,2,1000,640x360,2.1974779999999896,,
2025-12-17T08:44:32.412Z,0.26,2,1000,640x360,2.210024000000004,,rebuffer happen
2025-12-17T08:44:32.618Z,0.032,2,1000,640x360,2.1776380000000017,,rebuffer happen
2025-12-17T08:44:32.815Z,0.032,2,1000,640x360,2.386638000000005,,
2025-12-17T08:44:32.891Z,0.465,1,600,480x270,2.4014650000000017,,
2025-12-17T08:44:33.264Z,0.435,1,600,480x270,2.2821159999999736,,
2025-12-17T08:44:33.614Z,0.513,1,600,480x270,2.1674899999999866,,
2025-12-17T08:44:33.688Z,0.437,3,1500,768x432,2.169623999999999,,
2025-12-17T08:44:33.942Z,0.111,3,1500,768x432,2.0618169999999907,,rebuffer happen
2025-12-17T08:44:34.036Z,0.017,3,1500,768x432,2.0629539999999906,,rebuffer happen
2025-12-17T08:44:34.536Z,0.017,3,1500,768x432,2.5709540000000004,,
2025-12-17T08:44:34.604Z,0.495,2,1000,640x360,2.5916750000000093,,
2025-12-17T08:44:34.834Z,0.107,2,1000,640x360,2.4540179999999907,,rebuffer happen
2025-12-17T08:44:34.886Z,0.033,2,1000,640x360,2.478779000000003,,rebuffer happen
2025-12-17T08:44:35.218Z,0.033,2,1000,640x360,2.778778999999986,,
2025-12-17T08:44:35.296Z,0.533,1,600,480x270,2.8164969999999983,,
2025-12-17T08:44:35.504Z,0.277,1,600,480x270,2.77021400000001,,rebuffer happen
2025-12-17T08:44:35.704Z,0.402,1,600,480x270,2.657708999999983,,
2025-12-17T08:44:35.872Z,0.196,1,600,480x270,2.614089000000007,,rebuffer happen
2025-12-17T08:44:36.117Z,0.355,1,600,480x270,2.534532000000013,,
2025-12-17T08:44:36.214Z,0.241,1,600,480x270,2.5016669999999976,,rebuffer happen
2025-12-17T08:44:36.521Z,0.393,1,600,480x270,2.42888099999999,,
2025-12-17T08:44:36.631Z,0.26,1,600,480x270,2.3725829999999917,,rebuffer happen
2025-12-17T08:44:36.861Z,0.374,1,600,480x270,2.349420000000009,,
2025-12-17T08:44:36.991Z,0.261,1,600,480x270,2.2825960000000123,,rebuffer happen
2025-12-17T08:44:37.235Z,0.443,1,600,480x270,2.2326809999999853,,
2025-12-17T08:44:37.308Z,0.429,2,1000,640x360,2.229984999999999,,
2025-12-17T08:44:37.547Z,0.156,2,1000,640x360,2.2087569999999914,,rebuffer happen
2025-12-17T08:44:37.655Z,0.029,2,1000,640x360,2.175365999999997,,rebuffer happen
2025-12-17T08:44:37.958Z,0.029,2,1000,640x360,2.4803660000000036,,
2025-12-17T08:44:38.026Z,0.523,1,600,480x270,2.498205000000013,,
2025-12-17T08:44:38.180Z,0.222,1,600,480x270,2.4777870000000064,,rebuffer happen
2025-12-17T08:44:38.440Z,0.346,1,600,480x270,2.306442000000004,,
2025-12-17T08:44:38.635Z,0.16,1,600,480x270,2.2387760000000014,,rebuffer happen
2025-12-17T08:44:38.974Z,0.165,1,600,480x270,2.278568000000007,,rebuffer happen
2025-12-17T08:44:38.991Z,0.197,1,600,480x270,2.255701000000016,,
2025-12-17T08:44:39.156Z,0.023,1,600,480x270,2.170090999999985,,rebuffer happen
2025-12-17T08:44:39.395Z,0.325,1,600,480x270,2.2810069999999882,,
2025-12-17T08:44:39.473Z,0.312,2,1000,640x360,2.283136000000013,,
2025-12-17T08:44:39.474Z,0.234,2,1000,640x360,2.2819939999999974,,rebuffer happen
2025-12-17T08:44:39.623Z,0.036,2,1000,640x360,2.187671999999992,,rebuffer happen
2025-12-17T08:44:40.103Z,0.036,2,1000,640x360,2.688671999999997,,
2025-12-17T08:44:40.170Z,0.502,0,200,320x180,2.7120399999999734,,
2025-12-17T08:44:40.307Z,0.687,0,200,320x180,2.6115449999999782,,
2025-12-17T08:44:40.373Z,0.763,1,600,480x270,2.639715999999993,,
2025-12-17T08:44:40.787Z,0.606,1,600,480x270,2.469732999999991,,
2025-12-17T08:44:41.179Z,0.595,1,600,480x270,2.3127470000000017,,
2025-12-17T08:44:41.583Z,0.599,1,600,480x270,2.2389499999999884,,
2025-12-17T08:44:41.990Z,0.584,1,600,480x270,2.1264189999999985,,
2025-12-17T08:44:42.417Z,0.566,1,600,480x270,2.028535000000005,,
2025-12-17T08:44:42.788Z,0.654,1,600,480x270,2.0227610000000027,,
2025-12-17T08:44:42.866Z,0.654,2,1000,640x360,1.9390109999999936,,
2025-12-17T08:44:43.338Z,0.093,2,1000,640x360,1.9401429999999777,,rebuffer happen
2025-12-17T08:44:43.352Z,0.093,2,1000,640x360,1.9261679999999899,,
2025-12-17T08:44:43.429Z,0.52,1,600,480x270,1.9468559999999968,,
2025-12-17T08:44:43.809Z,0.6,1,600,480x270,1.9602889999999888,,
2025-12-17T08:44:43.879Z,0.551,2,1000,640x360,1.9947939999999846,,
2025-12-17T08:44:44.136Z,0.278,2,1000,640x360,1.9251659999999902,,rebuffer happen
2025-12-17T08:44:44.366Z,0.278,2,1000,640x360,2.000475000000023,,
2025-12-17T08:44:44.665Z,0.251,2,1000,640x360,2.0016760000000033,,rebuffer happen
2025-12-17T08:44:44.876Z,0.251,2,1000,640x360,1.9886769999999956,,
2025-12-17T08:44:44.958Z,0.484,1,600,480x270,1.9070700000000045,,
2025-12-17T08:44:45.232Z,0.66,1,600,480x270,1.929887000000008,,
2025-12-17T08:44:45.299Z,0.68,2,1000,640x360,1.9595130000000154,,
2025-12-17T08:44:45.724Z,0.198,2,1000,640x360,1.9448699999999803,,rebuffer happen
2025-12-17T08:44:45.822Z,0.198,2,1000,640x360,1.9472030000000018,,
2025-12-17T08:44:45.891Z,0.598,1,600,480x270,1.9741470000000163,,
2025-12-17T08:44:46.175Z,0.73,1,600,480x270,1.986770000000007,,
2025-12-17T08:44:46.250Z,0.739,3,1500,768x432,1.9107380000000092,,
2025-12-17T08:44:46.770Z,0.399,3,1500,768x432,2.0104789999999753,,
2025-12-17T08:44:46.839Z,0.614,1,600,480x270,1.939313999999996,,
2025-12-17T08:44:47.232Z,0.684,1,600,480x270,1.9405280000000005,,
2025-12-17T08:44:47.307Z,0.683,3,1500,768x432,1.953676999999999,,
2025-12-17T08:44:47.864Z,0.05,3,1500,768x432,2.0006480000000124,,rebuffer happen
2025-12-17T08:44:47.897Z,0.017,3,1500,768x432,1.967850999999996,,rebuffer happen
2025-12-17T08:44:47.982Z,0.017,3,1500,768x432,2.0678509999999903,,
2025-12-17T08:44:48.057Z,0.517,1,600,480x270,2.0069199999999796,,
2025-12-17T08:44:48.309Z,0.632,1,600,480x270,2.0335560000000044,,
2025-12-17T08:44:48.587Z,0.844,1,600,480x270,2.046222,,
2025-12-17T08:44:48.651Z,0.897,2,1000,640x360,1.9749240000000157,,
2025-12-17T08:44:49.147Z,0.492,2,1000,640x360,1.9434349999999938,,
2025-12-17T08:44:49.230Z,0.722,1,600,480x270,1.9608479999999986,,
2025-12-17T08:44:49.596Z,0.79,1,600,480x270,1.996561999999983,,
2025-12-17T08:44:49.664Z,0.851,2,1000,640x360,1.9253379999999822,,
2025-12-17T08:44:50.287Z,0.137,2,1000,640x360,1.9887540000000001,,rebuffer happen
2025-12-17T08:44:50.416Z,0.016,2,1000,640x360,1.9686550000000125,,rebuffer happen
2025-12-17T08:44:50.734Z,0.016,2,1000,640x360,2.2686549999999954,,
2025-12-17T08:44:50.813Z,0.516,1,600,480x270,2.3050469999999734,,
2025-12-17T08:44:51.157Z,0.555,1,600,480x270,2.196357000000006,,
2025-12-17T08:44:51.502Z,0.635,1,600,480x270,2.187612999999999,,
2025-12-17T08:44:51.574Z,0.631,3,1500,768x432,2.1880100000000198,,
2025-12-17T08:44:51.770Z,0.293,3,1500,768x432,2.138754000000006,,rebuffer happen
2025-12-17T08:44:52.001Z,0.02,3,1500,768x432,2.076156999999995,,rebuffer happen
2025-12-17T08:44:52.346Z,0.02,3,1500,768x432,2.370157000000006,,
2025-12-17T08:44:52.414Z,0.52,1,600,480x270,2.420429000000013,,
2025-12-17T08:44:52.771Z,0.534,1,600,480x270,2.352874999999983,,
2025-12-17T08:44:53.154Z,0.475,1,600,480x270,2.147718999999995,,
2025-12-17T08:44:53.224Z,0.49,2,1000,640x360,2.1517390000000205,,
2025-12-17T08:44:53.316Z,0.287,2,1000,640x360,2.134100999999987,,rebuffer happen
2025-12-17T08:44:53.602Z,0.028,2,1000,640x360,2.178430999999989,,rebuffer happen
2025-12-17T08:44:53.898Z,0.028,2,1000,640x360,2.482430999999991,,
2025-12-17T08:44:53.977Z,0.49,1,600,480x270,2.50394,,
2025-12-17T08:44:54.302Z,0.291,1,600,480x270,2.338719999999995,,rebuffer happen
2025-12-17T08:44:54.375Z,0.285,1,600,480x270,2.374640999999997,,rebuffer happen
2025-12-17T08:44:54.517Z,0.274,1,600,480x270,2.3246440000000064,,
2025-12-17T08:44:54.583Z,0.277,2,1000,640x360,2.370622999999995,,
2025-12-17T08:44:54.770Z,0.026,2,1000,640x360,2.37291399999998,,rebuffer happen
2025-12-17T08:44:55.069Z,0.026,2,1000,640x360,2.681914000000006,,
2025-12-17T08:44:55.146Z,0.526,1,600,480x270,2.6211190000000215,,
2025-12-17T08:44:55.444Z,0.685,1,600,480x270,2.610894000000002,,
2025-12-17T08:44:55.675Z,0.823,1,600,480x270,2.5660560000000032,,
2025-12-17T08:44:55.912Z,0.948,1,600,480x270,2.4240420000000142,,
2025-12-17T08:44:56.221Z,1.054,1,600,480x270,2.2834080000000085,,
2025-12-17T08:44:56.616Z,1.027,1,600,480x270,2.178720999999996,,
2025-12-17T08:44:56.688Z,0.989,2,1000,640x360,2.183143000000001,,
2025-12-17T08:44:57.166Z,0.648,2,1000,640x360,2.110024999999979,,
2025-12-17T08:44:57.231Z,0.847,1,600,480x270,2.035108999999977,,
2025-12-17T08:44:57.696Z,0.784,1,600,480x270,2.044667000000004,,
2025-12-17T08:44:57.763Z,0.762,2,1000,640x360,1.971636000000018,,
2025-12-17T08:44:58.250Z,0.195,2,1000,640x360,1.9524089999999887,,rebuffer happen
2025-12-17T08:44:58.422Z,0.027,2,1000,640x360,1.9728619999999921,,rebuffer happen
2025-12-17T08:44:58.494Z,0.027,2,1000,640x360,2.0828619999999773,,
2025-12-17T08:44:58.575Z,0.527,1,600,480x270,2.1116680000000088,,
2025-12-17T08:44:58.969Z,0.517,1,600,480x270,2.076053999999999,,
2025-12-17T08:44:59.043Z,0.499,3,1500,768x432,1.9949220000000025,,
2025-12-17T08:44:59.219Z,0.248,3,1500,768x432,2.005268000000001,,rebuffer happen
2025-12-17T08:44:59.440Z,0.022,3,1500,768x432,1.9678269999999998,,rebuffer happen
2025-12-17T08:44:59.955Z,0.022,3,1500,768x432,2.4678269999999998,,
2025-12-17T08:45:00.030Z,0.522,1,600,480x270,2.513364999999993,,
2025-12-17T08:45:00.366Z,0.48,1,600,480x270,2.469192000000021,,
2025-12-17T08:45:00.434Z,0.522,3,1500,768x432,2.408570999999995,,
2025-12-17T08:45:00.741Z,0.036,3,1500,768x432,2.292714000000018,,rebuffer happen
2025-12-17T08:45:00.741Z,0.036,3,1500,768x432,2.292714000000018,,rebuffer happen
2025-12-17T08:45:01.207Z,0.036,3,1500,768x432,2.791714000000013,,
2025-12-17T08:45:01.273Z,0.536,1,600,480x270,2.831827000000004,,
2025-12-17T08:45:01.612Z,0.614,1,600,480x270,2.7549060000000054,,
2025-12-17T08:45:01.955Z,0.605,1,600,480x270,2.5547889999999995,,
2025-12-17T08:45:02.293Z,0.609,1,600,480x270,2.452190999999999,,
2025-12-17T08:45:02.363Z,0.551,2,1000,640x360,2.360428999999982,,
2025-12-17T08:45:02.604Z,0.173,2,1000,640x360,2.3320420000000013,,rebuffer happen
2025-12-17T08:45:02.743Z,0.03,2,1000,640x360,2.2774259999999913,,rebuffer happen
2025-12-17T08:45:03.020Z,0.03,2,1000,640x360,2.575425999999993,,
2025-12-17T08:45:03.101Z,0.53,1,600,480x270,2.611017000000004,,
2025-12-17T08:45:03.394Z,0.595,1,600,480x270,2.5877399999999966,,
2025-12-17T08:45:03.727Z,0.646,1,600,480x270,2.4120169999999916,,
2025-12-17T08:45:04.261Z,0.421,1,600,480x270,2.263418999999999,,
2025-12-17T08:45:04.415Z,0.223,1,600,480x270,2.1778579999999863,,rebuffer happen
2025-12-17T08:45:04.612Z,0.454,1,600,480x270,2.128426999999988,,
2025-12-17T08:45:04.966Z,0.535,1,600,480x270,2.1012929999999983,,
2025-12-17T08:45:05.361Z,0.575,1,600,480x270,2.0631759999999986,,
2025-12-17T08:45:05.427Z,0.586,2,1000,640x360,1.9973080000000039,,
2025-12-17T08:45:05.670Z,0.288,2,1000,640x360,2.0439230000000066,,rebuffer happen
2025-12-17T08:45:05.887Z,0.288,2,1000,640x360,2.017515000000003,,
2025-12-17T08:45:05.961Z,0.515,1,600,480x270,2.0260999999999854,,
2025-12-17T08:45:06.337Z,0.598,1,600,480x270,1.9373519999999758,,
2025-12-17T08:45:06.412Z,0.59,2,1000,640x360,1.969426999999996,,
2025-12-17T08:45:06.730Z,0.201,2,1000,640x360,1.9506870000000163,,rebuffer happen
2025-12-17T08:45:06.896Z,0.03,2,1000,640x360,1.986853999999994,,rebuffer happen
2025-12-17T08:45:07.147Z,0.03,2,1000,640x360,2.179854000000006,,
2025-12-17T08:45:07.223Z,0.525,1,600,480x270,2.1970300000000123,,
2025-12-17T08:45:07.556Z,0.568,1,600,480x270,2.1129580000000203,,
2025-12-17T08:45:07.630Z,0.564,2,1000,640x360,2.1282400000000052,,
2025-12-17T08:45:07.959Z,0.07,2,1000,640x360,2.116019999999992,,rebuffer happen
2025-12-17T08:45:07.997Z,0.028,2,1000,640x360,2.073463000000004,,rebuffer happen
2025-12-17T08:45:08.199Z,0.028,2,1000,640x360,2.2784630000000163,,
2025-12-17T08:45:08.269Z,0.482,1,600,480x270,2.2176190000000133,,
2025-12-17T08:45:08.644Z,0.514,1,600,480x270,2.152200999999991,,
2025-12-17T08:45:09.043Z,0.499,1,600,480x270,2.0444870000000037,,
2025-12-17T08:45:09.425Z,0.575,1,600,480x270,2.015859000000006,,
2025-12-17T08:45:09.963Z,0.492,1,600,480x270,2.032711999999975,,
2025-12-17T08:45:10.564Z,0.364,1,600,480x270,2.0116429999999923,,
2025-12-17T08:45:10.650Z,0.277,1,600,480x270,1.923921000000007,,rebuffer happen
2025-12-17T08:45:11.089Z,0.332,1,600,480x270,1.9760180000000105,,
2025-12-17T08:45:11.190Z,0.223,1,600,480x270,1.983274999999992,,rebuffer happen
2025-12-17T08:45:11.575Z,0.356,1,600,480x270,2.0009839999999883,,
2025-12-17T08:45:11.645Z,0.277,1,600,480x270,1.9300020000000018,,rebuffer happen
2025-12-17T08:45:11.987Z,0.268,1,600,480x270,1.9922669999999982,,rebuffer happen
2025-12-17T08:45:12.073Z,0.354,1,600,480x270,1.9938410000000033,,
2025-12-17T08:45:12.201Z,0.287,1,600,480x270,1.967061000000001,,rebuffer happen
2025-12-17T08:45:12.502Z,0.425,1,600,480x270,1.980306999999982,,
2025-12-17T08:45:12.931Z,0.474,1,600,480x270,1.9332449999999994,,
2025-12-17T08:45:13.012Z,0.487,2,1000,640x360,1.9586659999999938,,
2025-12-17T08:45:13.129Z,0.285,2,1000,640x360,1.935194000000024,,rebuffer happen
2025-12-17T08:45:13.401Z,0.017,2,1000,640x360,1.963245999999998,,rebuffer happen
2025-12-17T08:45:13.647Z,0.017,2,1000,640x360,2.1642459999999915,,
2025-12-17T08:45:13.729Z,0.506,1,600,480x270,2.182986999999997,,
2025-12-17T08:45:13.872Z,0.245,1,600,480x270,2.202368000000007,,rebuffer happen
2025-12-17T08:45:14.202Z,0.269,1,600,480x270,2.1547589999999843,,rebuffer happen
2025-12-17T08:45:14.248Z,0.331,1,600,480x270,2.098009999999988,,
2025-12-17T08:45:14.322Z,0.344,0,200,320x180,2.1058360000000107,,
2025-12-17T08:45:14.323Z,0.254,0,200,320x180,2.104863999999992,,rebuffer happen
2025-12-17T08:45:14.478Z,0.591,0,200,320x180,2.162920000000014,,
2025-12-17T08:45:14.557Z,0.61,2,1000,640x360,2.0685259999999914,,
2025-12-17T08:45:14.969Z,0.034,2,1000,640x360,2.087116000000009,,rebuffer happen
2025-12-17T08:45:14.970Z,0.034,2,1000,640x360,2.087116000000009,,rebuffer happen
2025-12-17T08:45:15.533Z,0.034,2,1000,640x360,2.5881160000000136,,
2025-12-17T08:45:15.603Z,0.534,1,600,480x270,2.626833000000005,,
2025-12-17T08:45:15.886Z,0.62,1,600,480x270,2.567452000000003,,
2025-12-17T08:45:16.254Z,0.573,1,600,480x270,2.3424610000000143,,
2025-12-17T08:45:16.633Z,0.606,1,600,480x270,2.258597999999978,,
2025-12-17T08:45:16.980Z,0.66,1,600,480x270,2.1998849999999948,,
2025-12-17T08:45:17.054Z,0.648,2,1000,640x360,2.104777999999982,,
2025-12-17T08:45:17.355Z,0.196,2,1000,640x360,2.043545999999992,,rebuffer happen
2025-12-17T08:45:17.505Z,0.021,2,1000,640x360,2.0707769999999925,,rebuffer happen
2025-12-17T08:45:17.580Z,0.021,2,1000,640x360,2.1787769999999966,,
2025-12-17T08:45:17.662Z,0.521,1,600,480x270,2.112907000000007,,
2025-12-17T08:45:17.994Z,0.577,1,600,480x270,2.1294750000000136,,
2025-12-17T08:45:18.067Z,0.528,2,1000,640x360,2.0409150000000125,,
2025-12-17T08:45:18.306Z,0.215,2,1000,640x360,2.0610080000000153,,rebuffer happen
2025-12-17T08:45:18.522Z,0.017,2,1000,640x360,2.0656960000000026,,rebuffer happen
2025-12-17T08:45:18.665Z,0.017,2,1000,640x360,2.267696000000001,,
2025-12-17T08:45:18.945Z,0.21,2,1000,640x360,2.1563500000000033,,rebuffer happen
2025-12-17T08:45:19.035Z,0.21,2,1000,640x360,2.1426020000000108,,
2025-12-17T08:45:19.111Z,0.573,1,600,480x270,2.145509000000004,,
2025-12-17T08:45:19.500Z,0.557,1,600,480x270,2.1285860000000127,,
2025-12-17T08:45:19.583Z,0.579,2,1000,640x360,2.1620729999999924,,
2025-12-17T08:45:19.849Z,0.186,2,1000,640x360,2.0432790000000125,,rebuffer happen
2025-12-17T08:45:19.990Z,0.024,2,1000,640x360,2.0745179999999834,,rebuffer happen
2025-12-17T08:45:20.069Z,0.024,2,1000,640x360,2.177517999999992,,
2025-12-17T08:45:20.140Z,0.524,1,600,480x270,2.121479999999991,,
2025-12-17T08:45:20.435Z,0.647,1,600,480x270,2.112398000000013,,
2025-12-17T08:45:20.510Z,0.664,2,1000,640x360,2.1196180000000027,,
2025-12-17T08:45:20.764Z,0.269,2,1000,640x360,2.119279000000006,,rebuffer happen
2025-12-17T08:45:21.008Z,0.023,2,1000,640x360,2.0752720000000124,,rebuffer happen
2025-12-17T08:45:21.013Z,0.023,2,1000,640x360,2.0752720000000124,,
2025-12-17T08:45:21.280Z,0.251,2,1000,640x360,2.0966439999999977,,rebuffer happen
2025-12-17T08:45:21.525Z,0.022,2,1000,640x360,2.075589000000008,,rebuffer happen
2025-12-17T08:45:21.603Z,0.022,2,1000,640x360,2.168588999999997,,
2025-12-17T08:45:21.886Z,0.234,2,1000,640x360,2.1830229999999915,,rebuffer happen
2025-12-17T08:45:22.058Z,0.021,2,1000,640x360,2.0718689999999924,,rebuffer happen
2025-12-17T08:45:22.254Z,0.021,2,1000,640x360,2.2678689999999904,,
2025-12-17T08:45:22.333Z,0.462,1,600,480x270,2.2915160000000014,,
2025-12-17T08:45:22.477Z,0.283,1,600,480x270,2.296954999999997,,rebuffer happen
2025-12-17T08:45:22.677Z,0.46,1,600,480x270,2.2315499999999986,,
2025-12-17T08:45:23.012Z,0.588,1,600,480x270,2.108417000000003,,
2025-12-17T08:45:23.092Z,0.56,2,1000,640x360,2.1152620000000013,,
2025-12-17T08:45:23.331Z,0.185,2,1000,640x360,2.039814000000007,,rebuffer happen
2025-12-17T08:45:23.493Z,0.017,2,1000,640x360,2.076059000000015,,rebuffer happen
2025-12-17T08:45:23.568Z,0.017,2,1000,640x360,2.163059000000004,,
2025-12-17T08:45:23.638Z,0.517,1,600,480x270,2.107274999999987,,
2025-12-17T08:45:23.941Z,0.605,1,600,480x270,2.0558220000000063,,
2025-12-17T08:45:24.011Z,0.608,2,1000,640x360,2.069671999999997,,
2025-12-17T08:45:24.287Z,0.207,2,1000,640x360,2.056746000000004,,rebuffer happen
2025-12-17T08:45:24.477Z,0.028,2,1000,640x360,2.0761050000000125,,rebuffer happen
2025-12-17T08:45:24.618Z,0.028,2,1000,640x360,2.175105000000002,,
2025-12-17T08:45:24.697Z,0.528,1,600,480x270,2.2104109999999935,,
2025-12-17T08:45:24.949Z,0.659,1,600,480x270,2.120272,,
2025-12-17T08:45:25.259Z,0.781,1,600,480x270,2.130451000000022,,
2025-12-17T08:45:25.338Z,0.772,2,1000,640x360,2.0424810000000093,,
2025-12-17T08:45:25.811Z,0.187,2,1000,640x360,2.0370550000000094,,rebuffer happen
2025-12-17T08:45:25.845Z,0.187,2,1000,640x360,1.9999420000000043,,
2025-12-17T08:45:25.930Z,0.636,1,600,480x270,2.004788999999988,,
2025-12-17T08:45:26.199Z,0.724,1,600,480x270,2.0189410000000123,,
2025-12-17T08:45:26.274Z,0.732,2,1000,640x360,2.029010999999997,,
2025-12-17T08:45:26.688Z,0.343,2,1000,640x360,2.0062149999999974,,
2025-12-17T08:45:26.762Z,0.748,1,600,480x270,1.9284809999999766,,
2025-12-17T08:45:27.228Z,0.699,1,600,480x270,1.9446780000000103,,
2025-12-17T08:45:27.309Z,0.693,3,1500,768x432,1.959969000000001,,
2025-12-17T08:45:27.676Z,0.241,3,1500,768x432,1.9870540000000005,,rebuffer happen
2025-12-17T08:45:27.897Z,0.019,3,1500,768x432,1.966431,,rebuffer happen
2025-12-17T08:45:28.320Z,0.019,3,1500,768x432,2.368430999999987,,
2025-12-17T08:45:28.403Z,0.519,2,1000,640x360,2.398448000000002,,
2025-12-17T08:45:28.702Z,0.041,2,1000,640x360,2.2973230000000058,,rebuffer happen
2025-12-17T08:45:28.714Z,0.025,2,1000,640x360,2.281552000000005,,rebuffer happen
2025-12-17T08:45:28.977Z,0.025,2,1000,640x360,2.5755519999999876,,
2025-12-17T08:45:29.059Z,0.525,1,600,480x270,2.509761999999995,,
2025-12-17T08:45:29.415Z,0.555,1,600,480x270,2.4965469999999925,,
2025-12-17T08:45:29.479Z,0.534,2,1000,640x360,2.523317999999989,,
2025-12-17T08:45:29.770Z,0.073,2,1000,640x360,2.4216930000000048,,rebuffer happen
2025-12-17T08:45:29.798Z,0.034,2,1000,640x360,2.3826449999999966,,rebuffer happen
2025-12-17T08:45:29.974Z,0.034,2,1000,640x360,2.581645000000009,,
2025-12-17T08:45:30.039Z,0.534,1,600,480x270,2.5303480000000036,,
2025-12-17T08:45:30.331Z,0.479,1,600,480x270,2.415029000000004,,
2025-12-17T08:45:30.414Z,0.569,2,1000,640x360,2.3966120000000046,,
2025-12-17T08:45:30.586Z,0.206,2,1000,640x360,2.3550610000000063,,rebuffer happen
2025-12-17T08:45:30.733Z,0.06,2,1000,640x360,2.312989999999985,,rebuffer happen
2025-12-17T08:45:31.008Z,0.06,2,1000,640x360,2.6119899999999916,,
2025-12-17T08:45:31.086Z,0.56,1,600,480x270,2.643067000000002,,
2025-12-17T08:45:31.353Z,0.711,1,600,480x270,2.5699229999999886,,
2025-12-17T08:45:31.427Z,0.722,3,1500,768x432,2.6104119999999966,,
2025-12-17T08:45:31.791Z,0.177,3,1500,768x432,2.5237029999999834,,rebuffer happen
2025-12-17T08:45:31.883Z,0.045,3,1500,768x432,2.4966790000000003,,rebuffer happen
2025-12-17T08:45:31.961Z,0.045,3,1500,768x432,2.592679000000004,,
2025-12-17T08:45:32.036Z,0.495,1,600,480x270,2.5266029999999944,,
2025-12-17T08:45:32.304Z,0.593,1,600,480x270,2.435972000000021,,
2025-12-17T08:45:32.607Z,0.675,1,600,480x270,2.3473009999999874,,
2025-12-17T08:45:32.675Z,0.69,2,1000,640x360,2.345528999999999,,
2025-12-17T08:45:32.943Z,0.231,2,1000,640x360,2.183852999999999,,rebuffer happen
2025-12-17T08:45:33.076Z,0.231,2,1000,640x360,2.2107179999999858,,
2025-12-17T08:45:33.160Z,0.529,1,600,480x270,2.1053839999999866,,
2025-12-17T08:45:33.498Z,0.576,1,600,480x270,2.133915000000002,,
2025-12-17T08:45:33.569Z,0.585,2,1000,640x360,2.0481690000000015,,
2025-12-17T08:45:33.743Z,0.291,2,1000,640x360,2.0377479999999935,,rebuffer happen
2025-12-17T08:45:34.002Z,0.021,2,1000,640x360,2.0674490000000105,,rebuffer happen
2025-12-17T08:45:34.069Z,0.021,2,1000,640x360,2.1754490000000146,,
2025-12-17T08:45:34.144Z,0.521,1,600,480x270,2.115296999999998,,
2025-12-17T08:45:34.432Z,0.634,1,600,480x270,2.108994000000024,,
2025-12-17T08:45:34.504Z,0.655,2,1000,640x360,2.137830000000008,,
2025-12-17T08:45:34.786Z,0.254,2,1000,640x360,2.102133999999978,,rebuffer happen
2025-12-17T08:45:34.986Z,0.024,2,1000,640x360,2.0740029999999763,,rebuffer happen
2025-12-17T08:45:35.126Z,0.024,2,1000,640x360,2.1730029999999942,,
2025-12-17T08:45:35.206Z,0.524,1,600,480x270,2.208697000000001,,
2025-12-17T08:45:35.588Z,0.556,1,600,480x270,2.2063909999999964,,
2025-12-17T08:45:35.912Z,0.656,1,600,480x270,2.103853000000015,,
2025-12-17T08:45:35.982Z,0.656,2,1000,640x360,2.1282150000000115,,
2025-12-17T08:45:36.315Z,0.182,2,1000,640x360,2.0342250000000206,,rebuffer happen
2025-12-17T08:45:36.470Z,0.029,2,1000,640x360,2.0813940000000173,,rebuffer happen
2025-12-17T08:45:36.593Z,0.029,2,1000,640x360,2.1813940000000116,,
2025-12-17T08:45:36.671Z,0.529,1,600,480x270,2.1186779999999885,,
2025-12-17T08:45:36.901Z,0.262,1,600,480x270,2.144221999999985,,rebuffer happen
2025-12-17T08:45:37.026Z,0.535,1,600,480x270,2.0976909999999975,,
2025-12-17T08:45:37.108Z,0.467,3,1500,768x432,2.093568999999974,,
2025-12-17T08:45:37.264Z,0.258,3,1500,768x432,2.108413000000013,,rebuffer happen
2025-12-17T08:45:37.504Z,0.021,3,1500,768x432,2.068165999999991,,rebuffer happen
2025-12-17T08:45:38.016Z,0.021,3,1500,768x432,2.5731659999999863,,
2025-12-17T08:45:38.089Z,0.51,1,600,480x270,2.5814100000000053,,
2025-12-17T08:45:38.184Z,0.297,1,600,480x270,2.551004000000006,,rebuffer happen
2025-12-17T08:45:38.483Z,0.435,1,600,480x270,2.509857000000011,,
2025-12-17T08:45:38.555Z,0.401,3,1500,768x432,2.4388440000000173,,
2025-12-17T08:45:38.806Z,0.027,3,1500,768x432,2.3745839999999987,,rebuffer happen
2025-12-17T08:45:38.806Z,0.027,3,1500,768x432,2.3745839999999987,,rebuffer happen
2025-12-17T08:45:39.391Z,0.027,3,1500,768x432,2.9765840000000026,,
2025-12-17T08:45:39.461Z,0.527,2,1000,640x360,2.9202459999999917,,
2025-12-17T08:45:39.640Z,0.285,2,1000,640x360,2.932575000000014,,rebuffer happen
2025-12-17T08:45:39.806Z,0.036,2,1000,640x360,2.8880860000000155,,rebuffer happen
2025-12-17T08:45:40.027Z,0.036,2,1000,640x360,3.0900860000000137,,
2025-12-17T08:45:40.104Z,0.508,1,600,480x270,3.1007590000000107,,
2025-12-17T08:45:40.286Z,0.247,1,600,480x270,3.0276409999999885,,rebuffer happen
2025-12-17T08:45:40.526Z,0.402,1,600,480x270,2.971954000000011,,
2025-12-17T08:45:40.602Z,0.423,3,1500,768x432,2.994148999999993,,
2025-12-17T08:45:40.733Z,0.152,3,1500,768x432,2.898977000000002,,rebuffer happen
2025-12-17T08:45:40.807Z,0.042,3,1500,768x432,2.8873920000000055,,rebuffer happen
2025-12-17T08:45:41.513Z,0.042,3,1500,768x432,3.591391999999985,,
2025-12-17T08:45:41.587Z,0.542,2,1000,640x360,3.6278179999999907,,
2025-12-17T08:45:41.842Z,0.113,2,1000,640x360,3.461470999999989,,rebuffer happen
2025-12-17T08:45:41.908Z,0.031,2,1000,640x360,3.48965800000002,,rebuffer happen
2025-12-17T08:45:42.133Z,0.031,2,1000,640x360,3.6866580000000226,,
2025-12-17T08:45:42.207Z,0.51,1,600,480x270,3.698077999999981,,
2025-12-17T08:45:42.371Z,0.265,1,600,480x270,3.6852300000000184,,rebuffer happen
2025-12-17T08:45:42.597Z,0.441,1,600,480x270,3.5785849999999755,,
2025-12-17T08:45:42.698Z,0.276,1,600,480x270,3.529009000000002,,rebuffer happen
2025-12-17T08:45:43.106Z,0.3,1,600,480x270,3.3993370000000027,,
2025-12-17T08:45:43.107Z,0.253,1,600,480x270,3.3986419999999953,,rebuffer happen
2025-12-17T08:45:43.180Z,0.253,2,1000,640x360,3.4344499999999982,,
2025-12-17T08:45:43.342Z,0.02,2,1000,640x360,3.36853099999999,,rebuffer happen
2025-12-17T08:45:43.734Z,0.02,2,1000,640x360,3.7655309999999815,,
2025-12-17T08:45:43.810Z,0.52,1,600,480x270,3.806166999999988,,
2025-12-17T08:45:43.975Z,0.284,1,600,480x270,3.8062679999999887,,rebuffer happen
2025-12-17T08:45:44.203Z,0.425,1,600,480x270,3.6563229999999862,,
2025-12-17T08:45:44.308Z,0.285,1,600,480x270,3.6023529999999937,,rebuffer happen
2025-12-17T08:45:44.598Z,0.384,1,600,480x270,3.516133999999994,,
2025-12-17T08:45:44.661Z,0.275,1,600,480x270,3.5219789999999875,,rebuffer happen
2025-12-17T08:45:45.025Z,0.321,1,600,480x270,3.3561050000000137,,
2025-12-17T08:45:45.139Z,0.132,1,600,480x270,3.2790660000000003,,rebuffer happen
2025-12-17T08:45:45.419Z,0.332,1,600,480x270,3.293750000000017,,
2025-12-17T08:45:45.461Z,0.298,2,1000,640x360,3.345258000000001,,rebuffer happen
2025-12-17T08:45:45.493Z,0.298,2,1000,640x360,3.2971349999999973,,
2025-12-17T08:45:45.711Z,0.024,2,1000,640x360,3.280290000000008,,rebuffer happen
2025-12-17T08:45:46.363Z,0.024,2,1000,640x360,3.9722899999999868,,
2025-12-17T08:45:46.431Z,0.524,1,600,480x270,3.9184759999999983,,
2025-12-17T08:45:46.591Z,0.279,1,600,480x270,3.925488999999999,,rebuffer happen
2025-12-17T08:45:46.851Z,0.405,1,600,480x270,3.7374930000000006,,
2025-12-17T08:45:46.969Z,0.212,1,600,480x270,3.7671200000000056,,rebuffer happen
2025-12-17T08:45:47.293Z,0.339,1,600,480x270,3.7088299999999776,,
2025-12-17T08:45:47.339Z,0.3,1,600,480x270,3.6535519999999906,,rebuffer happen
2025-12-17T08:45:47.775Z,0.259,1,600,480x270,3.5895459999999844,,
2025-12-17T08:45:48.167Z,0.344,1,600,480x270,3.5977840000000185,,
2025-12-17T08:45:48.234Z,0.35,2,1000,640x360,3.5310210000000097,,
2025-12-17T08:45:48.235Z,0.284,2,1000,640x360,3.530286000000018,,rebuffer happen
2025-12-17T08:45:48.497Z,0.026,2,1000,640x360,3.5861600000000067,,rebuffer happen
2025-12-17T08:45:48.748Z,0.026,2,1000,640x360,3.7731600000000185,,
2025-12-17T08:45:48.829Z,0.514,1,600,480x270,3.7749970000000133,,
2025-12-17T08:45:49.021Z,0.27,1,600,480x270,3.6826989999999853,,rebuffer happen
2025-12-17T08:45:49.197Z,0.399,1,600,480x270,3.624042999999972,,
2025-12-17T08:45:49.285Z,0.241,1,600,480x270,3.6010510000000124,,rebuffer happen
2025-12-17T08:45:49.553Z,0.451,1,600,480x270,3.4914890000000014,,
2025-12-17T08:45:49.716Z,0.233,1,600,480x270,3.448208999999963,,rebuffer happen
2025-12-17T08:45:49.877Z,0.431,1,600,480x270,3.4036099999999863,,
2025-12-17T08:45:50.078Z,0.257,1,600,480x270,3.3103989999999897,,rebuffer happen
2025-12-17T08:45:50.184Z,0.281,1,600,480x270,3.2955460000000016,,rebuffer happen
2025-12-17T08:45:50.207Z,0.292,1,600,480x270,3.272771000000006,,rebuffer happen
2025-12-17T08:45:50.305Z,0.406,1,600,480x270,3.2297709999999995,,
2025-12-17T08:45:50.632Z,0.397,1,600,480x270,3.0570960000000014,,
2025-12-17T08:45:50.705Z,0.404,3,1500,768x432,3.046215000000018,,
2025-12-17T08:45:50.706Z,0.295,3,1500,768x432,3.0445469999999943,,rebuffer happen
2025-12-17T08:45:50.882Z,0.032,3,1500,768x432,2.98337699999999,,rebuffer happen
2025-12-17T08:45:51.472Z,0.032,3,1500,768x432,3.5843769999999893,,
2025-12-17T08:45:51.548Z,0.532,1,600,480x270,3.523798999999997,,
2025-12-17T08:45:51.942Z,0.423,1,600,480x270,3.3896330000000034,,
2025-12-17T08:45:52.316Z,0.402,1,600,480x270,3.2341299999999933,,
2025-12-17T08:45:52.391Z,0.333,3,1500,768x432,3.241786999999988,,
2025-12-17T08:45:52.392Z,0.291,3,1500,768x432,3.2408120000000054,,rebuffer happen
2025-12-17T08:45:52.617Z,0.026,3,1500,768x432,3.1793160000000285,,rebuffer happen
2025-12-17T08:45:53.302Z,0.026,3,1500,768x432,3.879316000000017,,
2025-12-17T08:45:53.376Z,0.477,1,600,480x270,3.9164240000000063,,
2025-12-17T08:45:53.796Z,0.347,1,600,480x270,3.71318100000002,,
2025-12-17T08:45:53.941Z,0.14,1,600,480x270,3.5875689999999736,,rebuffer happen
2025-12-17T08:45:54.001Z,0.05,1,600,480x270,3.599309000000005,,rebuffer happen
2025-12-17T08:45:54.191Z,0.371,1,600,480x270,3.6444249999999556,,
2025-12-17T08:45:54.253Z,0.29,1,600,480x270,3.5511339999999905,,rebuffer happen
2025-12-17T08:45:54.591Z,0.387,1,600,480x270,3.5455880000000093,,
2025-12-17T08:45:54.735Z,0.218,1,600,480x270,3.4430880000000457,,rebuffer happen
2025-12-17T08:45:54.921Z,0.452,1,600,480x270,3.419195000000002,,
2025-12-17T08:45:55.129Z,0.631,1,600,480x270,3.3127420000000143,,
2025-12-17T08:45:55.350Z,0.828,1,600,480x270,3.200833999999986,,
2025-12-17T08:45:55.415Z,0.85,2,1000,640x360,3.247288000000026,,
2025-12-17T08:45:55.859Z,0.23,2,1000,640x360,3.1762449999999944,,rebuffer happen
2025-12-17T08:45:55.986Z,0.041,2,1000,640x360,3.095371,,rebuffer happen
2025-12-17T08:45:56.340Z,0.041,2,1000,640x360,3.393371000000002,,
2025-12-17T08:45:56.703Z,0.027,2,1000,640x360,3.2848379999999793,,rebuffer happen
2025-12-17T08:45:56.704Z,0.027,2,1000,640x360,3.2848379999999793,,rebuffer happen
2025-12-17T08:45:56.932Z,0.027,2,1000,640x360,3.474837999999977,,
2025-12-17T08:45:57.014Z,0.505,1,600,480x270,3.4644630000000234,,
2025-12-17T08:45:57.116Z,0.266,1,600,480x270,3.4168150000000423,,rebuffer happen
2025-12-17T08:45:57.349Z,0.414,1,600,480x270,3.2852570000000014,,
2025-12-17T08:45:57.421Z,0.436,3,1500,768x432,3.3215430000000197,,
2025-12-17T08:45:57.671Z,0.028,3,1500,768x432,3.2839889999999627,,rebuffer happen
2025-12-17T08:45:57.672Z,0.028,3,1500,768x432,3.2839889999999627,,rebuffer happen
2025-12-17T08:45:58.173Z,0.028,3,1500,768x432,3.7859889999999723,,
2025-12-17T08:45:58.246Z,0.508,1,600,480x270,3.701543000000015,,
2025-12-17T08:45:58.556Z,0.548,1,600,480x270,3.6168180000000234,,
2025-12-17T08:45:58.891Z,0.697,1,600,480x270,3.508852999999988,,
2025-12-17T08:45:58.976Z,0.498,2,1000,640x360,3.480370999999991,,
2025-12-17T08:45:59.239Z,0.04,2,1000,640x360,3.2941240000000107,,rebuffer happen
2025-12-17T08:45:59.239Z,0.04,2,1000,640x360,3.2941240000000107,,rebuffer happen
2025-12-17T08:45:59.483Z,0.04,2,1000,640x360,3.5911239999999793,,
2025-12-17T08:45:59.775Z,0.124,2,1000,640x360,3.470859999999959,,rebuffer happen
2025-12-17T08:45:59.839Z,0.028,2,1000,640x360,3.374842000000001,,rebuffer happen
2025-12-17T08:46:00.018Z,0.028,2,1000,640x360,3.5808420000000183,,
2025-12-17T08:46:00.101Z,0.528,1,600,480x270,3.6147210000000314,,
2025-12-17T08:46:00.229Z,0.296,1,600,480x270,3.5167390000000296,,rebuffer happen
2025-12-17T08:46:00.400Z,0.539,1,600,480x270,3.4915340000000015,,
2025-12-17T08:46:00.729Z,0.509,1,600,480x270,3.2938760000000116,,
2025-12-17T08:46:00.802Z,0.541,2,1000,640x360,3.276789000000008,,
2025-12-17T08:46:00.901Z,0.284,2,1000,640x360,3.239483000000007,,rebuffer happen
2025-12-17T08:46:01.057Z,0.049,2,1000,640x360,3.098158000000012,,rebuffer happen
2025-12-17T08:46:01.226Z,0.049,2,1000,640x360,3.30215800000002,,
2025-12-17T08:46:01.302Z,0.549,1,600,480x270,3.3340390000000184,,
2025-12-17T08:46:01.526Z,0.742,1,600,480x270,3.28682299999997,,
2025-12-17T08:46:01.899Z,0.684,1,600,480x270,3.1345750000000407,,
2025-12-17T08:46:02.325Z,0.545,1,600,480x270,2.9059950000000185,,
2025-12-17T08:46:02.395Z,0.493,3,1500,768x432,2.9207329999999843,,
2025-12-17T08:46:02.523Z,0.284,3,1500,768x432,2.8307889999999816,,rebuffer happen
2025-12-17T08:46:02.725Z,0.02,3,1500,768x432,2.770768999999973,,rebuffer happen
2025-12-17T08:46:03.094Z,0.02,3,1500,768x432,3.1657690000000116,,
2025-12-17T08:46:03.162Z,0.52,2,1000,640x360,3.111726000000033,,
2025-12-17T08:46:03.370Z,0.231,2,1000,640x360,3.187062000000026,,rebuffer happen
2025-12-17T08:46:03.593Z,0.024,2,1000,640x360,3.1832170000000133,,rebuffer happen
2025-12-17T08:46:03.863Z,0.024,2,1000,640x360,3.470216999999991,,
2025-12-17T08:46:04.123Z,0.204,2,1000,640x360,3.350391000000002,,rebuffer happen
2025-12-17T08:46:04.226Z,0.049,2,1000,640x360,3.29451499999999,,rebuffer happen
2025-12-17T08:46:04.281Z,0.049,2,1000,640x360,3.395514999999989,,
2025-12-17T08:46:04.352Z,0.518,1,600,480x270,3.3322369999999637,,
2025-12-17T08:46:04.639Z,0.622,1,600,480x270,3.28523899999999,,
2025-12-17T08:46:04.961Z,0.639,1,600,480x270,3.203848999999991,,
2025-12-17T08:46:05.042Z,0.554,2,1000,640x360,3.082392000000027,,
2025-12-17T08:46:05.295Z,0.156,2,1000,640x360,3.0063789999999813,,rebuffer happen
2025-12-17T08:46:05.394Z,0.052,2,1000,640x360,3.0029990000000453,,rebuffer happen
2025-12-17T08:46:05.536Z,0.052,2,1000,640x360,3.0999990000000253,,
2025-12-17T08:46:05.764Z,0.29,2,1000,640x360,3.1407839999999965,,rebuffer happen
2025-12-17T08:46:05.961Z,0.021,2,1000,640x360,3.0683480000000145,,rebuffer happen
2025-12-17T08:46:06.014Z,0.021,2,1000,640x360,3.0683480000000145,,
2025-12-17T08:46:06.224Z,0.277,2,1000,640x360,3.0231850000000122,,rebuffer happen
2025-12-17T08:46:06.429Z,0.277,2,1000,640x360,2.9793940000000134,,
2025-12-17T08:46:06.761Z,0.077,2,1000,640x360,2.9244830000000093,,rebuffer happen
2025-12-17T08:46:06.795Z,0.026,2,1000,640x360,2.874095000000011,,rebuffer happen
2025-12-17T08:46:06.886Z,0.026,2,1000,640x360,2.9750950000000103,,
2025-12-17T08:46:06.959Z,0.526,1,600,480x270,2.90999400000004,,
2025-12-17T08:46:07.248Z,0.57,1,600,480x270,2.839323000000036,,
2025-12-17T08:46:07.566Z,0.596,1,600,480x270,2.7651220000000194,,
2025-12-17T08:46:07.893Z,0.594,1,600,480x270,2.578800000000001,,
2025-12-17T08:46:07.970Z,0.576,2,1000,640x360,2.56130399999995,,
2025-12-17T08:46:08.289Z,0.056,2,1000,640x360,2.414449999999988,,rebuffer happen
2025-12-17T08:46:08.296Z,0.045,2,1000,640x360,2.404229999999984,,rebuffer happen
2025-12-17T08:46:08.479Z,0.045,2,1000,640x360,2.5922299999999723,,
2025-12-17T08:46:08.819Z,0.099,2,1000,640x360,2.4578659999999672,,rebuffer happen
2025-12-17T08:46:08.864Z,0.035,2,1000,640x360,2.4852369999999837,,rebuffer happen
2025-12-17T08:46:09.264Z,0.035,2,1000,640x360,2.885236999999961,,
2025-12-17T08:46:09.343Z,0.535,0,200,320x180,2.8149009999999635,,
2025-12-17T08:46:09.492Z,0.68,0,200,320x180,2.814161000000013,,
2025-12-17T08:46:09.645Z,0.977,0,200,320x180,2.682156999999961,,
2025-12-17T08:46:09.720Z,1.002,1,600,480x270,2.664720999999986,,
2025-12-17T08:46:10.120Z,0.843,1,600,480x270,2.477335000000039,,
2025-12-17T08:46:10.584Z,0.769,1,600,480x270,2.385110999999995,,
2025-12-17T08:46:11.040Z,0.645,1,600,480x270,2.1586169999999925,,
2025-12-17T08:46:11.112Z,0.612,2,1000,640x360,2.166667000000018,,
2025-12-17T08:46:11.522Z,0.08,2,1000,640x360,2.1260050000000206,,rebuffer happen
2025-12-17T08:46:11.566Z,0.027,2,1000,640x360,2.178607999999997,,rebuffer happen
2025-12-17T08:46:11.813Z,0.027,2,1000,640x360,2.379608000000019,,
2025-12-17T08:46:11.893Z,0.474,0,200,320x180,2.4037309999999934,,
2025-12-17T08:46:12.009Z,0.752,0,200,320x180,2.340530000000001,,
2025-12-17T08:46:12.081Z,0.795,2,1000,640x360,2.350123999999994,,
2025-12-17T08:46:12.583Z,0.042,2,1000,640x360,2.1980560000000082,,rebuffer happen
2025-12-17T08:46:12.584Z,0.042,2,1000,640x360,2.1980560000000082,,rebuffer happen
2025-12-17T08:46:12.772Z,0.042,2,1000,640x360,2.3960559999999873,,
2025-12-17T08:46:12.846Z,0.542,0,200,320x180,2.336451000000011,,
2025-12-17T08:46:12.996Z,0.765,0,200,320x180,2.3210730000000126,,
2025-12-17T08:46:13.080Z,0.775,1,600,480x270,2.31736699999999,,
2025-12-17T08:46:13.555Z,0.551,1,600,480x270,2.089275999999984,,
2025-12-17T08:46:14.081Z,0.404,1,600,480x270,2.06397800000002,,
2025-12-17T08:46:14.155Z,0.418,2,1000,640x360,1.9824839999999995,,
2025-12-17T08:46:14.421Z,0.062,2,1000,640x360,2.012079999999969,,rebuffer happen
2025-12-17T08:46:14.451Z,0.031,2,1000,640x360,1.9803719999999885,,rebuffer happen
2025-12-17T08:46:14.696Z,0.031,2,1000,640x360,2.2793719999999666,,
2025-12-17T08:46:14.767Z,0.527,1,600,480x270,2.198129999999992,,
2025-12-17T08:46:15.078Z,0.559,1,600,480x270,2.193523999999968,,
2025-12-17T08:46:15.414Z,0.649,1,600,480x270,2.1089609999999652,,
2025-12-17T08:46:15.486Z,0.661,3,1500,768x432,2.1421490000000176,,
2025-12-17T08:46:15.770Z,0.261,3,1500,768x432,2.1064140000000293,,rebuffer happen
2025-12-17T08:46:15.969Z,0.033,3,1500,768x432,2.088909000000001,,rebuffer happen
2025-12-17T08:46:16.560Z,0.033,3,1500,768x432,2.678909000000033,,
2025-12-17T08:46:16.637Z,0.506,1,600,480x270,2.594745000000046,,
2025-12-17T08:46:16.754Z,0.277,1,600,480x270,2.528152999999975,,rebuffer happen
2025-12-17T08:46:17.040Z,0.368,1,600,480x270,2.437080999999978,,
2025-12-17T08:46:17.232Z,0.15,1,600,480x270,2.3787550000000124,,rebuffer happen
2025-12-17T08:46:17.421Z,0.4,1,600,480x270,2.3516930000000116,,
2025-12-17T08:46:17.498Z,0.405,2,1000,640x360,2.38626899999997,,
2025-12-17T08:46:17.553Z,0.273,2,1000,640x360,2.331903999999952,,rebuffer happen
2025-12-17T08:46:17.738Z,0.029,2,1000,640x360,2.277068999999983,,rebuffer happen
2025-12-17T08:46:18.076Z,0.029,2,1000,640x360,2.67906899999997,,
2025-12-17T08:46:18.153Z,0.529,1,600,480x270,2.617604999999969,,
2025-12-17T08:46:18.556Z,0.506,1,600,480x270,2.545585000000017,,
2025-12-17T08:46:18.624Z,0.499,2,1000,640x360,2.5539510000000405,,
2025-12-17T08:46:18.786Z,0.162,2,1000,640x360,2.5082219999999893,,rebuffer happen
2025-12-17T08:46:18.922Z,0.02,2,1000,640x360,2.4692150000000197,,rebuffer happen
2025-12-17T08:46:19.189Z,0.02,2,1000,640x360,2.7672150000000215,,
2025-12-17T08:46:19.263Z,0.52,1,600,480x270,2.7084159999999997,,
2025-12-17T08:46:19.615Z,0.557,1,600,480x270,2.6967179999999757,,
2025-12-17T08:46:19.999Z,0.487,1,600,480x270,2.5407730000000015,,
2025-12-17T08:46:20.064Z,0.482,2,1000,640x360,2.446780999999987,,
2025-12-17T08:46:20.238Z,0.135,2,1000,640x360,2.3829840000000218,,rebuffer happen
2025-12-17T08:46:20.340Z,0.03,2,1000,640x360,2.3765109999999936,,rebuffer happen
2025-12-17T08:46:20.462Z,0.03,2,1000,640x360,2.578510999999992,,
2025-12-17T08:46:20.533Z,0.53,1,600,480x270,2.5217869999999607,,
2025-12-17T08:46:20.750Z,0.7,1,600,480x270,2.442610000000002,,
2025-12-17T08:46:20.830Z,0.694,2,1000,640x360,2.435795999999982,,
2025-12-17T08:46:21.144Z,0.133,2,1000,640x360,2.2856610000000046,,rebuffer happen
2025-12-17T08:46:21.224Z,0.024,2,1000,640x360,2.2701979999999935,,rebuffer happen
2025-12-17T08:46:21.303Z,0.024,2,1000,640x360,2.372198000000026,,
2025-12-17T08:46:21.372Z,0.498,1,600,480x270,2.400332999999989,,
2025-12-17T08:46:21.591Z,0.664,1,600,480x270,2.301130999999998,,
2025-12-17T08:46:21.848Z,0.806,1,600,480x270,2.1636139999999955,,
2025-12-17T08:46:21.919Z,0.809,2,1000,640x360,2.164228000000037,,
2025-12-17T08:46:22.290Z,0.255,2,1000,640x360,2.1047099999999546,,rebuffer happen
2025-12-17T08:46:22.428Z,0.255,2,1000,640x360,2.0814619999999877,,
2025-12-17T08:46:22.825Z,0.168,2,1000,640x360,2.0170929999999885,,rebuffer happen
2025-12-17T08:46:22.958Z,0.022,2,1000,640x360,1.9797519999999622,,rebuffer happen
2025-12-17T08:46:23.257Z,0.022,2,1000,640x360,2.267751999999973,,
2025-12-17T08:46:23.335Z,0.522,1,600,480x270,2.2981450000000336,,
2025-12-17T08:46:23.522Z,0.272,1,600,480x270,2.3238920000000007,,rebuffer happen
2025-12-17T08:46:23.660Z,0.548,1,600,480x270,2.3292600000000334,,
2025-12-17T08:46:23.880Z,0.288,1,600,480x270,2.24551299999996,,rebuffer happen
2025-12-17T08:46:24.027Z,0.58,1,600,480x270,2.151603000000023,,
2025-12-17T08:46:24.399Z,0.666,1,600,480x270,2.123929999999973,,
2025-12-17T08:46:24.478Z,0.666,3,1500,768x432,2.149680999999987,,
2025-12-17T08:46:24.828Z,0.199,3,1500,768x432,2.049525000000017,,rebuffer happen
2025-12-17T08:46:24.977Z,0.029,3,1500,768x432,2.0808210000000145,,rebuffer happen
2025-12-17T08:46:25.214Z,0.029,3,1500,768x432,2.2758210000000076,,
2025-12-17T08:46:25.290Z,0.509,1,600,480x270,2.2921249999999986,,
2025-12-17T08:46:25.478Z,0.241,1,600,480x270,2.2591970000000288,,rebuffer happen
2025-12-17T08:46:25.672Z,0.433,1,600,480x270,2.202551000000028,,
2025-12-17T08:46:25.745Z,0.406,2,1000,640x360,2.1099609999999984,,
2025-12-17T08:46:26.011Z,0.036,2,1000,640x360,2.089519999999993,,rebuffer happen
2025-12-17T08:46:26.012Z,0.036,2,1000,640x360,2.089519999999993,,rebuffer happen
2025-12-17T08:46:26.232Z,0.036,2,1000,640x360,2.28352000000001,,
2025-12-17T08:46:26.308Z,0.508,1,600,480x270,2.3039660000000026,,
2025-12-17T08:46:26.610Z,0.595,1,600,480x270,2.246559999999988,,
2025-12-17T08:46:26.936Z,0.668,1,600,480x270,2.118975999999975,,
2025-12-17T08:46:27.011Z,0.673,2,1000,640x360,2.1247379999999794,,
2025-12-17T08:46:27.336Z,0.189,2,1000,640x360,2.0425450000000183,,rebuffer happen
2025-12-17T08:46:27.479Z,0.027,2,1000,640x360,2.085794999999962,,rebuffer happen
2025-12-17T08:46:27.510Z,0.027,2,1000,640x360,2.085794999999962,,
2025-12-17T08:46:27.576Z,0.503,1,600,480x270,2.1132929999999988,,
2025-12-17T08:46:27.896Z,0.607,1,600,480x270,2.048249999999996,,
2025-12-17T08:46:27.964Z,0.572,3,1500,768x432,2.072219999999959,,
2025-12-17T08:46:28.272Z,0.187,3,1500,768x432,2.0395340000000033,,rebuffer happen
2025-12-17T08:46:28.446Z,0.025,3,1500,768x432,1.9717469999999935,,rebuffer happen
2025-12-17T08:46:28.852Z,0.025,3,1500,768x432,2.3747469999999566,,
2025-12-17T08:46:28.917Z,0.525,2,1000,640x360,2.4198389999999677,,
2025-12-17T08:46:29.239Z,0.052,2,1000,640x360,2.3055610000000115,,rebuffer happen
2025-12-17T08:46:29.247Z,0.041,2,1000,640x360,2.294712000000004,,rebuffer happen
2025-12-17T08:46:29.459Z,0.041,2,1000,640x360,2.488711999999964,,
2025-12-17T08:46:29.739Z,0.172,2,1000,640x360,2.4251580000000104,,rebuffer happen
2025-12-17T08:46:29.881Z,0.017,2,1000,640x360,2.4637950000000046,,rebuffer happen
2025-12-17T08:46:29.969Z,0.017,2,1000,640x360,2.5677949999999896,,
2025-12-17T08:46:30.040Z,0.517,1,600,480x270,2.504105999999979,,
2025-12-17T08:46:30.384Z,0.513,1,600,480x270,2.472129999999993,,
2025-12-17T08:46:30.462Z,0.498,3,1500,768x432,2.3762399999999957,,
2025-12-17T08:46:30.684Z,0.114,3,1500,768x432,2.368926999999985,,rebuffer happen
2025-12-17T08:46:30.748Z,0.026,3,1500,768x432,2.281146999999976,,rebuffer happen
2025-12-17T08:46:31.128Z,0.026,3,1500,768x432,2.6731469999999717,,
2025-12-17T08:46:31.195Z,0.526,1,600,480x270,2.726120000000037,,
2025-12-17T08:46:31.433Z,0.663,1,600,480x270,2.6447780000000307,,
2025-12-17T08:46:31.510Z,0.686,2,1000,640x360,2.6635909999999967,,
2025-12-17T08:46:31.804Z,0.2,2,1000,640x360,2.5517979999999625,,rebuffer happen
2025-12-17T08:46:31.916Z,0.037,2,1000,640x360,2.483195999999964,,rebuffer happen
2025-12-17T08:46:32.080Z,0.037,2,1000,640x360,2.6871959999999717,,
2025-12-17T08:46:32.152Z,0.537,1,600,480x270,2.630976999999973,,
2025-12-17T08:46:32.471Z,0.597,1,600,480x270,2.6520509999999717,,
2025-12-17T08:46:32.545Z,0.593,3,1500,768x432,2.544288999999992,,
2025-12-17T08:46:32.707Z,0.25,3,1500,768x432,2.5045959999999923,,rebuffer happen
2025-12-17T08:46:32.850Z,0.044,3,1500,768x432,2.3957889999999793,,rebuffer happen
2025-12-17T08:46:33.259Z,0.044,3,1500,768x432,2.8897890000000075,,
2025-12-17T08:46:33.324Z,0.544,1,600,480x270,2.8401660000000106,,
2025-12-17T08:46:33.593Z,0.637,1,600,480x270,2.7855729999999994,,
2025-12-17T08:46:34.041Z,0.542,1,600,480x270,2.523680000000013,,
2025-12-17T08:46:34.312Z,0.577,1,600,480x270,2.425942999999961,,
2025-12-17T08:46:34.664Z,0.657,1,600,480x270,2.387532999999962,,
2025-12-17T08:46:35.001Z,0.635,1,600,480x270,2.230863999999997,,
2025-12-17T08:46:35.073Z,0.681,2,1000,640x360,2.2355120000000284,,
2025-12-17T08:46:35.505Z,0.103,2,1000,640x360,2.1561770000000138,,rebuffer happen
2025-12-17T08:46:35.552Z,0.046,2,1000,640x360,2.098647000000028,,rebuffer happen
2025-12-17T08:46:35.675Z,0.046,2,1000,640x360,2.3016470000000027,,
2025-12-17T08:46:35.744Z,0.546,1,600,480x270,2.2469299999999635,,
2025-12-17T08:46:36.043Z,0.626,1,600,480x270,2.179621999999995,,
2025-12-17T08:46:36.327Z,0.763,1,600,480x270,2.116454000000033,,
2025-12-17T08:46:36.401Z,0.745,2,1000,640x360,2.1399079999999913,,
2025-12-17T08:46:36.861Z,0.304,2,1000,640x360,2.0840749999999844,,
2025-12-17T08:46:36.932Z,0.609,1,600,480x270,2.004925999999955,,
2025-12-17T08:46:37.073Z,0.752,1,600,480x270,2.049265000000048,,
2025-12-17T08:46:37.149Z,0.889,2,1000,640x360,1.9675190000000384,,
2025-12-17T08:46:37.177Z,0.821,2,1000,640x360,2.0416679999999587,,
2025-12-17T08:46:37.243Z,1.291,0,200,320x180,1.9705389999999738,,
2025-12-17T08:46:37.357Z,1.582,0,200,320x180,1.949590999999998,,
2025-12-17T08:46:37.432Z,1.546,3,1500,768x432,1.9949790000000007,,
2025-12-17T08:46:38.219Z,0.715,3,1500,768x432,1.9578199999999697,,
2025-12-17T08:46:38.301Z,1.206,1,600,480x270,1.983818000000042,,
2025-12-17T08:46:38.648Z,1.237,1,600,480x270,1.9320500000000038,,
2025-12-17T08:46:38.726Z,1.286,2,1000,640x360,1.959586999999999,,
2025-12-17T08:46:39.249Z,0.91,2,1000,640x360,1.9221299999999815,,
2025-12-17T08:46:39.321Z,1.144,1,600,480x270,1.9428519999999594,,
2025-12-17T08:46:39.634Z,1.279,1,600,480x270,1.9577040000000352,,
2025-12-17T08:46:39.711Z,1.3,2,1000,640x360,1.966608000000008,,
2025-12-17T08:46:40.252Z,0.855,2,1000,640x360,1.9162550000000351,,
2025-12-17T08:46:40.319Z,1.164,1,600,480x270,1.942278999999985,,
2025-12-17T08:46:40.640Z,1.254,1,600,480x270,1.9334630000000175,,
2025-12-17T08:46:40.709Z,1.275,2,1000,640x360,1.958123999999998,,
2025-12-17T08:46:41.275Z,0.775,2,1000,640x360,1.985379000000023,,
2025-12-17T08:46:41.352Z,1.137,1,600,480x270,1.9109620000000405,,
2025-12-17T08:46:41.700Z,1.223,1,600,480x270,1.9648240000000214,,
2025-12-17T08:46:41.774Z,1.217,2,1000,640x360,1.9917149999999992,,
2025-12-17T08:46:42.326Z,0.712,2,1000,640x360,1.9345739999999978,,
2025-12-17T08:46:42.400Z,1.085,1,600,480x270,1.9779100000000085,,
2025-12-17T08:46:42.774Z,1.148,1,600,480x270,1.9951070000000186,,
2025-12-17T08:46:42.842Z,1.147,3,1500,768x432,1.9258010000000354,,
2025-12-17T08:46:43.482Z,0.551,3,1500,768x432,2.0043249999999944,,
2025-12-17T08:46:43.563Z,0.912,1,600,480x270,1.9260419999999954,,
2025-12-17T08:46:43.861Z,1.035,1,600,480x270,2.009764999999959,,
2025-12-17T08:46:43.941Z,1.061,2,1000,640x360,1.9283039999999687,,
2025-12-17T08:46:44.482Z,0.597,2,1000,640x360,1.9945259999999507,,
2025-12-17T08:46:44.565Z,0.947,1,600,480x270,2.0199680000000058,,
2025-12-17T08:46:44.916Z,0.992,1,600,480x270,1.9652099999999564,,
2025-12-17T08:46:44.985Z,1.012,2,1000,640x360,1.9879339999999956,,
2025-12-17T08:46:45.645Z,0.277,2,1000,640x360,1.9304940000000101,,rebuffer happen
2025-12-17T08:46:45.649Z,0.277,2,1000,640x360,1.926162999999974,,
2025-12-17T08:46:45.719Z,0.772,1,600,480x270,1.9495650000000069,,
2025-12-17T08:46:46.066Z,0.829,1,600,480x270,2.001602000000048,,
2025-12-17T08:46:46.140Z,0.817,3,1500,768x432,1.926005000000032,,
2025-12-17T08:46:46.720Z,0.2,3,1500,768x432,1.9606599999999617,,rebuffer happen
2025-12-17T08:46:46.895Z,0.2,3,1500,768x432,1.9694529999999872,,
2025-12-17T08:46:46.896Z,0.523,3,1500,768x432,1.9694529999999872,,rebuffer happen
2025-12-17T08:46:46.965Z,0.523,1,600,480x270,1.9150339999999915,,
2025-12-17T08:46:47.333Z,0.571,1,600,480x270,1.9594569999999862,,
2025-12-17T08:46:47.402Z,0.612,2,1000,640x360,1.9963089999999966,,
2025-12-17T08:46:47.702Z,0.239,2,1000,640x360,1.9968690000000038,,rebuffer happen
2025-12-17T08:46:47.912Z,0.239,2,1000,640x360,1.9774889999999914,,
2025-12-17T08:46:47.913Z,0.518,2,1000,640x360,1.9772729999999683,,rebuffer happen
2025-12-17T08:46:47.979Z,0.495,1,600,480x270,2.0065060000000017,,
2025-12-17T08:46:48.289Z,0.585,1,600,480x270,1.9894009999999867,,
2025-12-17T08:46:48.367Z,0.619,2,1000,640x360,1.9144919999999956,,
2025-12-17T08:46:48.666Z,0.267,2,1000,640x360,2.0194799999999873,,rebuffer happen
2025-12-17T08:46:48.888Z,0.217,2,1000,640x360,1.9924100000000067,,
2025-12-17T08:46:48.960Z,0.542,1,600,480x270,1.9210350000000176,,
2025-12-17T08:46:49.288Z,0.628,1,600,480x270,1.9830430000000092,,
2025-12-17T08:46:49.603Z,0.793,1,600,480x270,1.9746800000000349,,
2025-12-17T08:46:49.675Z,0.821,2,1000,640x360,1.9987130000000093,,
2025-12-17T08:46:50.304Z,0.107,2,1000,640x360,1.9612230000000181,,rebuffer happen
2025-12-17T08:46:50.365Z,0.107,2,1000,640x360,2.0017160000000445,,
2025-12-17T08:46:50.837Z,0.083,2,1000,640x360,1.928672000000006,,rebuffer happen
2025-12-17T08:46:50.896Z,0.083,2,1000,640x360,1.9685289999999895,,
2025-12-17T08:46:50.972Z,0.522,1,600,480x270,1.9931550000000016,,
2025-12-17T08:46:51.287Z,0.631,1,600,480x270,1.9850529999999935,,
2025-12-17T08:46:51.362Z,0.626,2,1000,640x360,1.9139509999999973,,
2025-12-17T08:46:51.637Z,0.279,2,1000,640x360,1.924777000000006,,rebuffer happen
2025-12-17T08:46:51.882Z,0.032,2,1000,640x360,1.9781229999999823,,rebuffer happen
2025-12-17T08:46:51.896Z,0.032,2,1000,640x360,1.9781229999999823,,
2025-12-17T08:46:51.968Z,0.532,1,600,480x270,1.9217749999999683,,
2025-12-17T08:46:52.279Z,0.656,1,600,480x270,2.0303710000000024,,
2025-12-17T08:46:52.356Z,0.676,3,1500,768x432,1.9529309999999782,,
2025-12-17T08:46:52.685Z,0.26,3,1500,768x432,2.0072320000000445,,rebuffer happen
2025-12-17T08:46:52.900Z,0.033,3,1500,768x432,1.978811999999948,,rebuffer happen
2025-12-17T08:46:52.942Z,0.033,3,1500,768x432,1.978811999999948,,
2025-12-17T08:46:53.010Z,0.498,1,600,480x270,2.029389999999978,,
2025-12-17T08:46:53.333Z,0.616,1,600,480x270,1.9785650000000032,,
2025-12-17T08:46:53.404Z,0.597,3,1500,768x432,1.9982709999999884,,
2025-12-17T08:46:53.704Z,0.235,3,1500,768x432,1.986643000000015,,rebuffer happen
2025-12-17T08:46:53.917Z,0.021,3,1500,768x432,1.9680180000000291,,rebuffer happen
2025-12-17T08:46:54.168Z,0.021,3,1500,768x432,2.276018000000022,,
2025-12-17T08:46:54.246Z,0.521,1,600,480x270,2.213393999999994,,
2025-12-17T08:46:54.519Z,0.691,1,600,480x270,2.2248030000000085,,
2025-12-17T08:46:54.589Z,0.678,2,1000,640x360,2.231520000000046,,
2025-12-17T08:46:54.949Z,0.312,2,1000,640x360,2.084670000000017,,
2025-12-17T08:46:55.024Z,0.599,1,600,480x270,2.0856769999999756,,
2025-12-17T08:46:55.423Z,0.59,1,600,480x270,2.0565429999999765,,
2025-12-17T08:46:55.491Z,0.599,3,1500,768x432,2.0884490000000255,,
2025-12-17T08:46:55.771Z,0.222,3,1500,768x432,2.079866000000038,,rebuffer happen
2025-12-17T08:46:55.952Z,0.024,3,1500,768x432,1.973259999999982,,rebuffer happen
2025-12-17T08:46:56.320Z,0.024,3,1500,768x432,2.379259999999988,,
2025-12-17T08:46:56.408Z,0.524,2,1000,640x360,2.396943999999962,,
2025-12-17T08:46:56.600Z,0.215,2,1000,640x360,2.3701899999999796,,rebuffer happen
2025-12-17T08:46:56.736Z,0.027,2,1000,640x360,2.276867999999979,,rebuffer happen
2025-12-17T08:46:57.010Z,0.027,2,1000,640x360,2.5738679999999476,,
2025-12-17T08:46:57.082Z,0.527,1,600,480x270,2.6258530000000064,,
2025-12-17T08:46:57.408Z,0.628,1,600,480x270,2.587504000000024,,
2025-12-17T08:46:57.486Z,0.64,2,1000,640x360,2.6320080000000416,,
2025-12-17T08:46:57.786Z,0.15,2,1000,640x360,2.502164999999991,,rebuffer happen
2025-12-17T08:46:57.870Z,0.03,2,1000,640x360,2.4808850000000007,,rebuffer happen
2025-12-17T08:46:57.973Z,0.03,2,1000,640x360,2.5878849999999716,,
2025-12-17T08:46:58.050Z,0.478,1,600,480x270,2.518558999999982,,
2025-12-17T08:46:58.250Z,0.655,1,600,480x270,2.421261999999956,,
2025-12-17T08:46:58.687Z,0.572,1,600,480x270,2.334901000000002,,
2025-12-17T08:46:58.767Z,0.497,3,1500,768x432,2.3257619999999974,,
2025-12-17T08:46:58.932Z,0.255,3,1500,768x432,2.2048750000000155,,rebuffer happen
2025-12-17T08:46:59.105Z,0.031,3,1500,768x432,2.181919999999991,,rebuffer happen
2025-12-17T08:46:59.457Z,0.031,3,1500,768x432,2.4779199999999832,,
2025-12-17T08:46:59.527Z,0.525,2,1000,640x360,2.4978909999999814,,
2025-12-17T08:46:59.629Z,0.298,2,1000,640x360,2.4435290000000123,,rebuffer happen
2025-12-17T08:46:59.822Z,0.019,2,1000,640x360,2.3702729999999974,,rebuffer happen
2025-12-17T08:46:59.963Z,0.019,2,1000,640x360,2.567273,,
2025-12-17T08:47:00.039Z,0.519,1,600,480x270,2.5056899999999587,,
2025-12-17T08:47:00.388Z,0.501,1,600,480x270,2.448264999999992,,
2025-12-17T08:47:00.464Z,0.5,2,1000,640x360,2.4406419999999684,,
2025-12-17T08:47:00.577Z,0.234,2,1000,640x360,2.3820729999999912,,rebuffer happen
2025-12-17T08:47:00.773Z,0.02,2,1000,640x360,2.3720619999999712,,rebuffer happen
2025-12-17T08:47:01.085Z,0.02,2,1000,640x360,2.680061999999964,,
2025-12-17T08:47:01.179Z,0.52,1,600,480x270,2.6968969999999786,,
2025-12-17T08:47:01.679Z,0.413,1,600,480x270,2.6776500000000283,,
2025-12-17T08:47:01.839Z,0.19,1,600,480x270,2.5369329999999763,,rebuffer happen
2025-12-17T08:47:02.216Z,0.215,1,600,480x270,2.481151000000011,,
2025-12-17T08:47:02.288Z,0.227,2,1000,640x360,2.5035070000000132,,
2025-12-17T08:47:02.424Z,0.025,2,1000,640x360,2.472341999999969,,rebuffer happen
2025-12-17T08:47:03.265Z,0.025,2,1000,640x360,3.37134199999997,,
2025-12-17T08:47:03.351Z,0.525,0,200,320x180,3.3013149999999882,,
2025-12-17T08:47:03.502Z,0.739,0,200,320x180,3.3457280000000083,,
2025-12-17T08:47:03.586Z,0.795,3,1500,768x432,3.3308269999999993,,
2025-12-17T08:47:04.009Z,0.036,3,1500,768x432,3.087741000000051,,rebuffer happen
2025-12-17T08:47:04.010Z,0.036,3,1500,768x432,3.087741000000051,,rebuffer happen
2025-12-17T08:47:04.778Z,0.036,3,1500,768x432,3.8817410000000336,,
2025-12-17T08:47:04.851Z,0.515,1,600,480x270,3.797069000000022,,
2025-12-17T08:47:05.074Z,0.117,1,600,480x270,3.777985000000001,,rebuffer happen
2025-12-17T08:47:05.351Z,0.234,1,600,480x270,3.595548000000008,,
2025-12-17T08:47:05.823Z,0.282,1,600,480x270,3.637494000000004,,
2025-12-17T08:47:06.303Z,0.301,1,600,480x270,3.6481509999999844,,
2025-12-17T08:47:06.304Z,0.295,1,600,480x270,3.64716599999997,,rebuffer happen
2025-12-17T08:47:06.578Z,0.023,1,600,480x270,3.6800460000000044,,rebuffer happen
2025-12-17T08:47:06.851Z,0.252,1,600,480x270,3.6277979999999843,,
2025-12-17T08:47:07.211Z,0.392,1,600,480x270,3.6617630000000077,,
2025-12-17T08:47:07.286Z,0.411,2,1000,640x360,3.6981910000000084,,
2025-12-17T08:47:07.367Z,0.261,2,1000,640x360,3.71461800000003,,rebuffer happen
2025-12-17T08:47:07.579Z,0.026,2,1000,640x360,3.6804919999999584,,rebuffer happen
2025-12-17T08:47:07.942Z,0.026,2,1000,640x360,3.974491999999998,,
2025-12-17T08:47:08.020Z,0.526,1,600,480x270,4.01150100000001,,
2025-12-17T08:47:08.338Z,0.541,1,600,480x270,3.8913009999999986,,
2025-12-17T08:47:08.413Z,0.522,3,1500,768x432,3.8937399999999798,,
2025-12-17T08:47:08.629Z,0.125,3,1500,768x432,3.7816379999999867,,rebuffer happen
2025-12-17T08:47:08.680Z,0.049,3,1500,768x432,3.7951229999999896,,rebuffer happen
2025-12-17T08:47:09.177Z,0.049,3,1500,768x432,4.296123000000023,,
2025-12-17T08:47:09.250Z,0.53,0,200,320x180,4.212488000000008,,
2025-12-17T08:47:09.362Z,0.782,0,200,320x180,4.27350100000001,,
2025-12-17T08:47:09.438Z,0.824,3,1500,768x432,4.205003000000033,,
2025-12-17T08:47:09.931Z,0.04,3,1500,768x432,3.9864800000000287,,rebuffer happen
2025-12-17T08:47:09.931Z,0.04,3,1500,768x432,3.9864800000000287,,rebuffer happen
2025-12-17T08:47:10.279Z,0.04,3,1500,768x432,4.390480000000025,,
2025-12-17T08:47:10.362Z,0.539,0,200,320x180,4.323103000000003,,
2025-12-17T08:47:10.497Z,0.802,0,200,320x180,4.376553000000001,,
2025-12-17T08:47:10.565Z,0.829,1,600,480x270,4.273209999999949,,
2025-12-17T08:47:10.937Z,0.656,1,600,480x270,4.124206000000015,,
2025-12-17T08:47:11.377Z,0.523,1,600,480x270,3.985593999999992,,
2025-12-17T08:47:11.703Z,0.552,1,600,480x270,3.7982509999999934,,
2025-12-17T08:47:12.054Z,0.489,1,600,480x270,3.580565999999976,,
2025-12-17T08:47:12.413Z,0.481,1,600,480x270,3.4314580000000205,,
2025-12-17T08:47:12.595Z,0.275,1,600,480x270,3.3584449999999606,,rebuffer happen
2025-12-17T08:47:12.764Z,0.429,1,600,480x270,3.3052210000000173,,
2025-12-17T08:47:12.929Z,0.274,1,600,480x270,3.1695020000000227,,rebuffer happen
2025-12-17T08:47:13.115Z,0.436,1,600,480x270,3.07590399999998,,
2025-12-17T08:47:13.278Z,0.252,1,600,480x270,3.0339539999999943,,rebuffer happen
2025-12-17T08:47:13.502Z,0.411,1,600,480x270,2.931921999999986,,
2025-12-17T08:47:13.613Z,0.286,1,600,480x270,2.8649220000000355,,rebuffer happen
2025-12-17T08:47:13.746Z,0.506,1,600,480x270,2.7683869999999615,,
2025-12-17T08:47:14.028Z,0.6,1,600,480x270,2.647250999999983,,
2025-12-17T08:47:14.288Z,0.715,1,600,480x270,2.5598960000000375,,
2025-12-17T08:47:14.363Z,0.714,2,1000,640x360,2.4743389999999863,,
2025-12-17T08:47:14.709Z,0.175,2,1000,640x360,2.424271000000033,,rebuffer happen
2025-12-17T08:47:14.793Z,0.175,2,1000,640x360,2.412531999999999,,
2025-12-17T08:47:14.862Z,0.554,1,600,480x270,2.3141279999999824,,
2025-12-17T08:47:15.280Z,0.381,1,600,480x270,2.2429239999999595,,
2025-12-17T08:47:15.625Z,0.465,1,600,480x270,2.109994000000029,,
2025-12-17T08:47:15.703Z,0.374,2,1000,640x360,2.108944000000008,,
2025-12-17T08:47:15.770Z,0.282,2,1000,640x360,2.1380459999999744,,rebuffer happen
2025-12-17T08:47:15.985Z,0.027,2,1000,640x360,2.075047999999981,,rebuffer happen
2025-12-17T08:47:16.180Z,0.027,2,1000,640x360,2.2820479999999748,,
2025-12-17T08:47:16.247Z,0.527,1,600,480x270,2.2294430000000034,,
2025-12-17T08:47:16.412Z,0.295,1,600,480x270,2.2489350000000172,,rebuffer happen
2025-12-17T08:47:16.609Z,0.522,1,600,480x270,2.1991319999999632,,
2025-12-17T08:47:16.681Z,0.539,2,1000,640x360,2.202319999999986,,
2025-12-17T08:47:17.036Z,0.007,2,1000,640x360,2.0570510000000013,,rebuffer happen
2025-12-17T08:47:17.037Z,0.007,2,1000,640x360,2.0570510000000013,,rebuffer happen
2025-12-17T08:47:17.204Z,0.007,2,1000,640x360,2.261051000000009,,
2025-12-17T08:47:17.288Z,0.507,1,600,480x270,2.2852189999999837,,
2025-12-17T08:47:17.580Z,0.545,1,600,480x270,2.2884940000000142,,
2025-12-17T08:47:17.661Z,0.631,2,1000,640x360,2.179593000000011,,
2025-12-17T08:47:17.838Z,0.287,2,1000,640x360,2.1329279999999926,,rebuffer happen
2025-12-17T08:47:18.104Z,0.018,2,1000,640x360,2.1764779999999746,,rebuffer happen
2025-12-17T08:47:18.205Z,0.018,2,1000,640x360,2.2694779999999923,,
2025-12-17T08:47:18.621Z,0.04,2,1000,640x360,2.1986309999999776,,rebuffer happen
2025-12-17T08:47:18.622Z,0.04,2,1000,640x360,2.1986309999999776,,rebuffer happen
2025-12-17T08:47:18.674Z,0.04,2,1000,640x360,2.2926309999999717,,
2025-12-17T08:47:18.756Z,0.54,1,600,480x270,2.218956999999989,,
2025-12-17T08:47:19.049Z,0.642,1,600,480x270,2.176639000000023,,
2025-12-17T08:47:19.128Z,0.63,2,1000,640x360,2.180067000000008,,
2025-12-17T08:47:19.410Z,0.202,2,1000,640x360,2.1532250000000204,,rebuffer happen
2025-12-17T08:47:19.556Z,0.024,2,1000,640x360,2.0836679999999888,,rebuffer happen
2025-12-17T08:47:19.605Z,0.024,2,1000,640x360,2.170667999999978,,
2025-12-17T08:47:19.687Z,0.497,1,600,480x270,2.1891499999999837,,
2025-12-17T08:47:20.001Z,0.54,1,600,480x270,2.1027260000000183,,
2025-12-17T08:47:20.074Z,0.539,2,1000,640x360,2.1195510000000013,,
2025-12-17T08:47:20.358Z,0.147,2,1000,640x360,1.9977160000000254,,rebuffer happen
2025-12-17T08:47:20.472Z,0.031,2,1000,640x360,2.0833529999999882,,rebuffer happen
2025-12-17T08:47:20.740Z,0.031,2,1000,640x360,2.283352999999977,,
2025-12-17T08:47:20.819Z,0.531,1,600,480x270,2.313449999999989,,
2025-12-17T08:47:21.184Z,0.545,1,600,480x270,2.307693000000029,,
2025-12-17T08:47:21.609Z,0.561,1,600,480x270,2.209458999999981,,
2025-12-17T08:47:21.690Z,0.552,3,1500,768x432,2.195317999999986,,
2025-12-17T08:47:21.805Z,0.296,3,1500,768x432,2.1542839999999615,,rebuffer happen
2025-12-17T08:47:22.074Z,0.024,3,1500,768x432,2.180753999999979,,rebuffer happen
2025-12-17T08:47:22.762Z,0.024,3,1500,768x432,2.87175400000001,,
2025-12-17T08:47:22.832Z,0.524,1,600,480x270,2.8162169999999946,,
2025-12-17T08:47:23.229Z,0.388,1,600,480x270,2.6461360000000127,,
2025-12-17T08:47:23.366Z,0.22,1,600,480x270,2.6729389999999853,,rebuffer happen
2025-12-17T08:47:23.671Z,0.374,1,600,480x270,2.6371540000000095,,
2025-12-17T08:47:23.834Z,0.186,1,600,480x270,2.509380999999962,,rebuffer happen
2025-12-17T08:47:24.087Z,0.318,1,600,480x270,2.4599739999999883,,
2025-12-17T08:47:24.193Z,0.155,1,600,480x270,2.4016940000000204,,rebuffer happen
2025-12-17T08:47:24.509Z,0.289,1,600,480x270,2.337182999999982,,
2025-12-17T08:47:24.582Z,0.29,3,1500,768x432,2.3628630000000044,,
2025-12-17T08:47:24.776Z,0.024,3,1500,768x432,2.37055799999996,,rebuffer happen
2025-12-17T08:47:25.689Z,0.024,3,1500,768x432,3.270557999999994,,
2025-12-17T08:47:25.767Z,0.524,1,600,480x270,3.2081230000000005,,
2025-12-17T08:47:26.116Z,0.436,1,600,480x270,3.0885000000000105,,
2025-12-17T08:47:26.451Z,0.443,1,600,480x270,2.907609999999977,,
2025-12-17T08:47:26.757Z,0.485,1,600,480x270,2.760690000000011,,
2025-12-17T08:47:27.085Z,0.531,1,600,480x270,2.6588989999999626,,
2025-12-17T08:47:27.154Z,0.51,2,1000,640x360,2.5562529999999697,,
2025-12-17T08:47:27.236Z,0.288,2,1000,640x360,2.5480499999999893,,rebuffer happen
2025-12-17T08:47:27.462Z,0.03,2,1000,640x360,2.5772630000000163,,rebuffer happen
2025-12-17T08:47:27.746Z,0.03,2,1000,640x360,2.7782629999999813,,
2025-12-17T08:47:27.822Z,0.53,1,600,480x270,2.8169249999999693,,
2025-12-17T08:47:28.149Z,0.596,1,600,480x270,2.72514799999999,,
2025-12-17T08:47:28.478Z,0.595,1,600,480x270,2.66395,,
2025-12-17T08:47:28.809Z,0.609,1,600,480x270,2.4781739999999672,,
2025-12-17T08:47:29.130Z,0.666,1,600,480x270,2.3120289999999954,,
2025-12-17T08:47:29.486Z,0.697,1,600,480x270,2.230002000000013,,
2025-12-17T08:47:29.558Z,0.683,2,1000,640x360,2.1362629999999854,,
2025-12-17T08:47:29.801Z,0.284,2,1000,640x360,2.1370880000000056,,rebuffer happen
2025-12-17T08:47:30.016Z,0.228,2,1000,640x360,2.1144180000000006,,
2025-12-17T08:47:30.088Z,0.559,1,600,480x270,2.135638999999969,,
2025-12-17T08:47:30.389Z,0.628,1,600,480x270,2.0982030000000123,,
2025-12-17T08:47:30.463Z,0.651,2,1000,640x360,2.0126750000000015,,
2025-12-17T08:47:30.920Z,0.054,2,1000,640x360,2.0125940000000355,,rebuffer happen
2025-12-17T08:47:30.948Z,0.024,2,1000,640x360,1.982925000000023,,rebuffer happen
2025-12-17T08:47:31.047Z,0.024,2,1000,640x360,2.0759250000000407,,
2025-12-17T08:47:31.120Z,0.524,1,600,480x270,2.115376000000026,,
2025-12-17T08:47:31.436Z,0.638,1,600,480x270,2.1024949999999762,,
2025-12-17T08:47:31.510Z,0.618,3,1500,768x432,2.119338999999968,,
2025-12-17T08:47:31.748Z,0.289,3,1500,768x432,2.036127000000022,,rebuffer happen
2025-12-17T08:47:31.982Z,0.021,3,1500,768x432,2.073492999999985,,rebuffer happen
2025-12-17T08:47:32.201Z,0.021,3,1500,768x432,2.272492999999997,,
2025-12-17T08:47:32.275Z,0.495,1,600,480x270,2.296371000000022,,
2025-12-17T08:47:32.422Z,0.296,1,600,480x270,2.20808999999997,,rebuffer happen
2025-12-17T08:47:32.576Z,0.541,1,600,480x270,2.2079219999999964,,
2025-12-17T08:47:32.904Z,0.637,1,600,480x270,2.1106790000000046,,
2025-12-17T08:47:32.977Z,0.655,2,1000,640x360,2.118109000000004,,
2025-12-17T08:47:33.309Z,0.183,2,1000,640x360,2.0315570000000207,,rebuffer happen
2025-12-17T08:47:33.483Z,0.019,2,1000,640x360,2.066035999999997,,rebuffer happen
2025-12-17T08:47:33.702Z,0.019,2,1000,640x360,2.2730360000000474,,
2025-12-17T08:47:33.773Z,0.495,1,600,480x270,2.2962969999999814,,
2025-12-17T08:47:34.162Z,0.42,1,600,480x270,2.1864719999999807,,
2025-12-17T08:47:34.240Z,0.44,2,1000,640x360,2.0917369999999664,,
2025-12-17T08:47:34.508Z,0.079,2,1000,640x360,2.125220000000013,,rebuffer happen
2025-12-17T08:47:34.551Z,0.03,2,1000,640x360,2.07566300000002,,rebuffer happen
2025-12-17T08:47:34.700Z,0.03,2,1000,640x360,2.2826630000000137,,
2025-12-17T08:47:34.777Z,0.53,1,600,480x270,2.3161849999999617,,
2025-12-17T08:47:35.045Z,0.626,1,600,480x270,2.1803469999999834,,
2025-12-17T08:47:35.117Z,0.568,2,1000,640x360,2.178371000000027,,
2025-12-17T08:47:35.356Z,0.244,2,1000,640x360,2.090728000000013,,rebuffer happen
2025-12-17T08:47:35.535Z,0.026,2,1000,640x360,2.0727719999999863,,rebuffer happen
2025-12-17T08:47:35.686Z,0.026,2,1000,640x360,2.280772000000013,,
2025-12-17T08:47:35.758Z,0.526,1,600,480x270,2.2231370000000084,,
2025-12-17T08:47:36.087Z,0.537,1,600,480x270,2.2004040000000487,,
2025-12-17T08:47:36.164Z,0.554,2,1000,640x360,2.205278000000021,,
2025-12-17T08:47:36.305Z,0.28,2,1000,640x360,2.1276230000000282,,rebuffer happen
2025-12-17T08:47:36.553Z,0.03,2,1000,640x360,2.0797230000000013,,rebuffer happen
2025-12-17T08:47:36.703Z,0.03,2,1000,640x360,2.282722999999976,,
2025-12-17T08:47:36.788Z,0.53,1,600,480x270,2.308682000000033,,
2025-12-17T08:47:37.106Z,0.549,1,600,480x270,2.211909999999989,,
2025-12-17T08:47:37.180Z,0.55,2,1000,640x360,2.2099289999999883,,
2025-12-17T08:47:37.358Z,0.238,2,1000,640x360,2.0864779999999996,,rebuffer happen
2025-12-17T08:47:37.570Z,0.022,2,1000,640x360,2.1705630000000156,,rebuffer happen
2025-12-17T08:47:37.713Z,0.022,2,1000,640x360,2.2785630000000197,,
2025-12-17T08:47:37.790Z,0.499,1,600,480x270,2.293701999999996,,
2025-12-17T08:47:38.107Z,0.489,1,600,480x270,2.1658539999999675,,
2025-12-17T08:47:38.181Z,0.501,2,1000,640x360,2.182495000000017,,
2025-12-17T08:47:38.374Z,0.203,2,1000,640x360,2.162879999999973,,rebuffer happen
2025-12-17T08:47:38.537Z,0.021,2,1000,640x360,2.075287000000003,,rebuffer happen
2025-12-17T08:47:38.714Z,0.021,2,1000,640x360,2.2722870000000057,,
2025-12-17T08:47:38.791Z,0.521,1,600,480x270,2.30480399999999,,
2025-12-17T08:47:39.107Z,0.54,1,600,480x270,2.188867000000016,,
2025-12-17T08:47:39.183Z,0.542,2,1000,640x360,2.20409699999999,,
2025-12-17T08:47:39.343Z,0.252,2,1000,640x360,2.1039609999999698,,rebuffer happen
2025-12-17T08:47:39.522Z,0.036,2,1000,640x360,2.091735999999969,,rebuffer happen
2025-12-17T08:47:39.679Z,0.036,2,1000,640x360,2.289736000000005,,
2025-12-17T08:47:39.745Z,0.536,1,600,480x270,2.236769000000038,,
2025-12-17T08:47:39.925Z,0.265,1,600,480x270,2.217199999999991,,rebuffer happen
2025-12-17T08:47:40.061Z,0.289,1,600,480x270,2.2370939999999564,,rebuffer happen
2025-12-17T08:47:40.202Z,0.402,1,600,480x270,2.166702999999984,,
2025-12-17T08:47:40.293Z,0.295,1,600,480x270,2.146158000000014,,rebuffer happen
2025-12-17T08:47:40.687Z,0.414,1,600,480x270,2.147269999999992,,
2025-12-17T08:47:40.850Z,0.203,1,600,480x270,2.0532650000000103,,rebuffer happen
2025-12-17T08:47:41.006Z,0.02,1,600,480x270,2.075054000000023,,rebuffer happen
2025-12-17T08:47:41.186Z,0.348,1,600,480x270,2.113996000000043,,
2025-12-17T08:47:41.283Z,0.275,1,600,480x270,2.129056999999989,,rebuffer happen
2025-12-17T08:47:41.683Z,0.361,1,600,480x270,2.121360999999979,,
2025-12-17T08:47:41.816Z,0.227,1,600,480x270,2.0730220000000372,,rebuffer happen
2025-12-17T08:47:41.990Z,0.023,1,600,480x270,2.0829929999999877,,rebuffer happen
2025-12-17T08:47:42.251Z,0.338,1,600,480x270,2.0768490000000384,,
2025-12-17T08:47:42.472Z,0.114,1,600,480x270,2.1732229999999504,,rebuffer happen
2025-12-17T08:47:42.557Z,0.02,1,600,480x270,2.078707999999949,,rebuffer happen
2025-12-17T08:47:42.608Z,0.02,1,600,480x270,2.1407740000000217,,rebuffer happen
2025-12-17T08:47:42.827Z,0.278,1,600,480x270,2.1482349999999997,,
2025-12-17T08:47:43.091Z,0.03,1,600,480x270,2.18203299999999,,rebuffer happen
2025-12-17T08:47:43.454Z,0.23,1,600,480x270,2.190721999999994,,
2025-12-17T08:47:43.675Z,0.023,1,600,480x270,2.280618000000004,,rebuffer happen
2025-12-17T08:47:44.025Z,0.269,1,600,480x270,2.3204959999999915,,
2025-12-17T08:47:44.259Z,0.03,1,600,480x270,2.277530000000013,,rebuffer happen
2025-12-17T08:47:44.571Z,0.247,1,600,480x270,2.412372000000005,,
2025-12-17T08:47:44.655Z,0.19,3,1500,768x432,2.3280200000000377,,
2025-12-17T08:47:44.809Z,0.023,3,1500,768x432,2.3771469999999795,,rebuffer happen
2025-12-17T08:47:45.859Z,0.023,3,1500,768x432,3.469146999999964,,
2025-12-17T08:47:45.931Z,0.523,1,600,480x270,3.4124850000000038,,
2025-12-17T08:47:46.338Z,0.476,1,600,480x270,3.3201139999999896,,
2025-12-17T08:47:46.569Z,0.296,1,600,480x270,3.3091810000000237,,rebuffer happen
2025-12-17T08:47:46.741Z,0.394,1,600,480x270,3.1553179999999657,,
2025-12-17T08:47:46.821Z,0.404,0,200,320x180,3.1299280000000067,,
2025-12-17T08:47:46.822Z,0.283,0,200,320x180,3.1288170000000264,,rebuffer happen
2025-12-17T08:47:46.963Z,0.577,0,200,320x180,3.169955000000016,,
2025-12-17T08:47:47.038Z,0.62,1,600,480x270,3.0574080000000095,,
2025-12-17T08:47:47.194Z,0.274,1,600,480x270,3.0196899999999687,,rebuffer happen
2025-12-17T08:47:47.444Z,0.53,1,600,480x270,2.9934900000000084,,
2025-12-17T08:47:47.521Z,0.521,2,1000,640x360,2.9791680000000156,,
2025-12-17T08:47:47.727Z,0.124,2,1000,640x360,2.875483000000031,,rebuffer happen
2025-12-17T08:47:47.778Z,0.048,2,1000,640x360,2.89354000000003,,rebuffer happen
2025-12-17T08:47:48.184Z,0.048,2,1000,640x360,3.296539999999993,,
2025-12-17T08:47:48.258Z,0.548,0,200,320x180,3.2371009999999956,,
2025-12-17T08:47:48.400Z,0.782,0,200,320x180,3.291979999999967,,
2025-12-17T08:47:48.476Z,0.834,2,1000,640x360,3.3182500000000346,,
2025-12-17T08:47:48.841Z,0.276,2,1000,640x360,3.12607799999995,,rebuffer happen
2025-12-17T08:47:48.996Z,0.044,2,1000,640x360,3.0971610000000283,,rebuffer happen
2025-12-17T08:47:49.166Z,0.044,2,1000,640x360,3.294161000000031,,
2025-12-17T08:47:49.242Z,0.544,0,200,320x180,3.2336010000000215,,
2025-12-17T08:47:49.399Z,0.723,0,200,320x180,3.2218539999999507,,
2025-12-17T08:47:49.474Z,0.775,1,600,480x270,3.2138459999999895,,
2025-12-17T08:47:49.944Z,0.534,1,600,480x270,2.915617999999995,,
2025-12-17T08:47:50.056Z,0.292,1,600,480x270,2.8403559999999857,,rebuffer happen
2025-12-17T08:47:50.374Z,0.396,1,600,480x270,2.8919139999999857,,
2025-12-17T08:47:50.440Z,0.358,0,200,320x180,2.793489999999963,,
2025-12-17T08:47:50.597Z,0.593,0,200,320x180,2.7589660000000436,,
2025-12-17T08:47:50.674Z,0.606,1,600,480x270,2.740125999999975,,
2025-12-17T08:47:50.832Z,0.291,1,600,480x270,2.608093999999994,,rebuffer happen
2025-12-17T08:47:51.098Z,0.527,1,600,480x270,2.632407999999998,,
2025-12-17T08:47:51.264Z,0.279,1,600,480x270,2.596771999999987,,rebuffer happen
2025-12-17T08:47:51.532Z,0.384,1,600,480x270,2.437779999999975,,
2025-12-17T08:47:51.646Z,0.227,1,600,480x270,2.3815270000000055,,rebuffer happen
2025-12-17T08:47:51.854Z,0.412,1,600,480x270,2.279545999999982,,
2025-12-17T08:47:52.057Z,0.289,1,600,480x270,2.20159000000001,,rebuffer happen
2025-12-17T08:47:52.198Z,0.42,1,600,480x270,2.2116419999999835,,
2025-12-17T08:47:52.559Z,0.559,1,600,480x270,2.1986400000000117,,
2025-12-17T08:47:52.866Z,0.681,1,600,480x270,2.13250400000004,,
2025-12-17T08:47:53.428Z,0.544,1,600,480x270,2.011862000000008,,
2025-12-17T08:47:53.871Z,0.588,1,600,480x270,2.0424150000000054,,
2025-12-17T08:47:53.950Z,0.595,2,1000,640x360,1.9576270000000022,,
2025-12-17T08:47:54.305Z,0.136,2,1000,640x360,1.9869689999999878,,rebuffer happen
2025-12-17T08:47:54.434Z,0.017,2,1000,640x360,1.963707999999997,,rebuffer happen
2025-12-17T08:47:54.550Z,0.017,2,1000,640x360,2.0697079999999914,,
2025-12-17T08:47:54.619Z,0.517,1,600,480x270,2.1092210000000478,,
2025-12-17T08:47:54.973Z,0.535,1,600,480x270,2.1143710000000056,,
2025-12-17T08:47:55.042Z,0.56,2,1000,640x360,2.035274999999956,,
2025-12-17T08:47:55.233Z,0.265,2,1000,640x360,2.010956999999962,,rebuffer happen
2025-12-17T08:47:55.485Z,0.019,2,1000,640x360,2.0717900000000213,,rebuffer happen
2025-12-17T08:47:55.613Z,0.019,2,1000,640x360,2.1657900000000154,,
2025-12-17T08:47:55.682Z,0.519,1,600,480x270,2.2107619999999883,,
2025-12-17T08:47:56.036Z,0.477,1,600,480x270,2.096767,,
2025-12-17T08:47:56.103Z,0.543,2,1000,640x360,2.109929999999963,,
2025-12-17T08:47:56.241Z,0.297,2,1000,640x360,2.042733999999996,,rebuffer happen
2025-12-17T08:47:56.536Z,0.018,2,1000,640x360,2.0719839999999863,,rebuffer happen
2025-12-17T08:47:56.759Z,0.018,2,1000,640x360,2.2739839999999845,,
2025-12-17T08:47:56.838Z,0.489,1,600,480x270,2.2828910000000064,,
2025-12-17T08:47:57.131Z,0.529,1,600,480x270,2.1932800000000157,,
2025-12-17T08:47:57.522Z,0.618,1,600,480x270,2.102183000000025,,
2025-12-17T08:47:57.602Z,0.55,2,1000,640x360,2.1082549999999856,,
2025-12-17T08:47:57.864Z,0.147,2,1000,640x360,2.092425999999989,,rebuffer happen
2025-12-17T08:47:57.970Z,0.028,2,1000,640x360,2.075761,,rebuffer happen
2025-12-17T08:47:58.140Z,0.028,2,1000,640x360,2.183761000000004,,
2025-12-17T08:47:58.209Z,0.528,1,600,480x270,2.224669000000006,,
2025-12-17T08:47:58.565Z,0.559,1,600,480x270,2.210252999999966,,
2025-12-17T08:47:58.648Z,0.558,3,1500,768x432,2.104524999999967,,
2025-12-17T08:47:58.778Z,0.288,3,1500,768x432,2.135044999999991,,rebuffer happen
2025-12-17T08:47:59.004Z,0.02,3,1500,768x432,2.0698980000000233,,rebuffer happen
2025-12-17T08:47:59.610Z,0.02,3,1500,768x432,2.675898000000018,,
2025-12-17T08:47:59.678Z,0.52,1,600,480x270,2.719604000000004,,
2025-12-17T08:48:00.041Z,0.476,1,600,480x270,2.5542770000000132,,
2025-12-17T08:48:00.329Z,0.588,1,600,480x270,2.434615000000008,,
2025-12-17T08:48:00.399Z,0.583,3,1500,768x432,2.434314000000029,,
2025-12-17T08:48:00.589Z,0.218,3,1500,768x432,2.3773949999999786,,rebuffer happen
2025-12-17T08:48:00.773Z,0.029,3,1500,768x432,2.3745030000000042,,rebuffer happen
2025-12-17T08:48:01.155Z,0.029,3,1500,768x432,2.6805029999999874,,
2025-12-17T08:48:01.239Z,0.529,1,600,480x270,2.7122249999999894,,
2025-12-17T08:48:01.523Z,0.689,1,600,480x270,2.7476669999999785,,
2025-12-17T08:48:01.599Z,0.655,2,1000,640x360,2.7737750000000005,,
2025-12-17T08:48:01.832Z,0.271,2,1000,640x360,2.631416999999999,,rebuffer happen
2025-12-17T08:48:01.991Z,0.036,2,1000,640x360,2.581723000000011,,rebuffer happen
2025-12-17T08:48:02.101Z,0.036,2,1000,640x360,2.6847230000000195,,
2025-12-17T08:48:02.175Z,0.536,1,600,480x270,2.7284270000000106,,
2025-12-17T08:48:02.381Z,0.255,1,600,480x270,2.707210000000032,,rebuffer happen
2025-12-17T08:48:02.498Z,0.536,1,600,480x270,2.6281230000000164,,
2025-12-17T08:48:02.833Z,0.545,1,600,480x270,2.439081999999985,,
2025-12-17T08:48:03.051Z,0.278,1,600,480x270,2.3379039999999804,,rebuffer happen
2025-12-17T08:48:03.098Z,0.28,1,600,480x270,2.3665900000000306,,rebuffer happen
2025-12-17T08:48:03.192Z,0.569,1,600,480x270,2.330422999999996,,
2025-12-17T08:48:03.267Z,0.582,2,1000,640x360,2.2260259999999903,,
2025-12-17T08:48:03.459Z,0.281,2,1000,640x360,2.2332400000000234,,rebuffer happen
2025-12-17T08:48:03.675Z,0.024,2,1000,640x360,2.272701999999981,,rebuffer happen
2025-12-17T08:48:04.010Z,0.024,2,1000,640x360,2.5697020000000066,,
2025-12-17T08:48:04.081Z,0.524,1,600,480x270,2.623040000000003,,
2025-12-17T08:48:04.290Z,0.25,1,600,480x270,2.5665779999999927,,rebuffer happen
2025-12-17T08:48:04.507Z,0.465,1,600,480x270,2.52657099999999,,
2025-12-17T08:48:04.581Z,0.439,3,1500,768x432,2.5193499999999744,,
2025-12-17T08:48:04.725Z,0.165,3,1500,768x432,2.411340999999993,,rebuffer happen
2025-12-17T08:48:04.809Z,0.045,3,1500,768x432,2.3950269999999705,,rebuffer happen
2025-12-17T08:48:05.426Z,0.045,3,1500,768x432,2.991026999999974,,
2025-12-17T08:48:05.501Z,0.545,2,1000,640x360,3.031600000000026,,
2025-12-17T08:48:05.843Z,0.034,2,1000,640x360,2.8837799999999447,,rebuffer happen
2025-12-17T08:48:05.844Z,0.034,2,1000,640x360,2.8837799999999447,,rebuffer happen
2025-12-17T08:48:06.020Z,0.034,2,1000,640x360,3.0807799999999474,,
2025-12-17T08:48:06.097Z,0.534,1,600,480x270,3.1204399999999737,,
2025-12-17T08:48:06.253Z,0.275,1,600,480x270,2.992128999999977,,rebuffer happen
2025-12-17T08:48:06.484Z,0.377,1,600,480x270,2.951071000000013,,
2025-12-17T08:48:06.550Z,0.404,2,1000,640x360,2.8516500000000065,,
2025-12-17T08:48:06.632Z,0.184,2,1000,640x360,2.8376380000000268,,rebuffer happen
2025-12-17T08:48:06.761Z,0.024,2,1000,640x360,2.8711399999999685,,rebuffer happen
2025-12-17T08:48:07.112Z,0.024,2,1000,640x360,3.172139999999956,,
2025-12-17T08:48:07.177Z,0.524,1,600,480x270,3.2195970000000216,,
2025-12-17T08:48:07.533Z,0.607,1,600,480x270,3.114440000000002,,
2025-12-17T08:48:07.830Z,0.572,1,600,480x270,2.9725390000000402,,
2025-12-17T08:48:08.183Z,0.544,1,600,480x270,2.837194000000011,,
2025-12-17T08:48:08.252Z,0.59,2,1000,640x360,2.733651000000009,,
2025-12-17T08:48:08.491Z,0.15,2,1000,640x360,2.6959269999999833,,rebuffer happen
2025-12-17T08:48:08.562Z,0.045,2,1000,640x360,2.694135000000017,,rebuffer happen
2025-12-17T08:48:08.796Z,0.045,2,1000,640x360,2.8941350000000057,,
2025-12-17T08:48:08.861Z,0.486,1,600,480x270,2.8177709999999934,,
2025-12-17T08:48:09.016Z,0.272,1,600,480x270,2.7843349999999987,,rebuffer happen
2025-12-17T08:48:09.218Z,0.417,1,600,480x270,2.685863999999981,,
2025-12-17T08:48:09.283Z,0.437,3,1500,768x432,2.6858290000000125,,
2025-12-17T08:48:09.349Z,0.26,3,1500,768x432,2.605916000000036,,rebuffer happen
2025-12-17T08:48:09.496Z,0.044,3,1500,768x432,2.5932149999999865,,rebuffer happen
2025-12-17T08:48:10.164Z,0.044,3,1500,768x432,3.292214999999999,,
2025-12-17T08:48:10.235Z,0.544,1,600,480x270,3.235987000000023,,
2025-12-17T08:48:10.502Z,0.708,1,600,480x270,3.2787640000000238,,
2025-12-17T08:48:10.577Z,0.686,3,1500,768x432,3.298242000000016,,
2025-12-17T08:48:10.816Z,0.287,3,1500,768x432,3.1345380000000205,,rebuffer happen
2025-12-17T08:48:10.981Z,0.041,3,1500,768x432,3.08985899999999,,rebuffer happen
2025-12-17T08:48:11.248Z,0.041,3,1500,768x432,3.287859000000026,,
2025-12-17T08:48:11.326Z,0.541,1,600,480x270,3.328836000000024,,
2025-12-17T08:48:11.782Z,0.277,1,600,480x270,3.1900469999999927,,rebuffer happen
2025-12-17T08:48:11.849Z,0.277,1,600,480x270,3.1226669999999785,,
2025-12-17T08:48:11.919Z,0.276,2,1000,640x360,3.1523819999999887,,
2025-12-17T08:48:12.099Z,0.027,2,1000,640x360,3.1779450000000224,,rebuffer happen
2025-12-17T08:48:12.416Z,0.027,2,1000,640x360,3.47894500000001,,
2025-12-17T08:48:12.640Z,0.258,2,1000,640x360,3.404149000000018,,rebuffer happen
2025-12-17T08:48:12.783Z,0.045,2,1000,640x360,3.3968659999999886,,rebuffer happen
2025-12-17T08:48:12.947Z,0.045,2,1000,640x360,3.4968660000000114,,
2025-12-17T08:48:13.029Z,0.545,1,600,480x270,3.5238050000000385,,
2025-12-17T08:48:13.405Z,0.472,1,600,480x270,3.4152750000000083,,
2025-12-17T08:48:13.481Z,0.466,3,1500,768x432,3.4550050000000283,,
2025-12-17T08:48:13.611Z,0.264,3,1500,768x432,3.4143740000000093,,rebuffer happen
2025-12-17T08:48:13.767Z,0.03,3,1500,768x432,3.3821669999999813,,rebuffer happen
2025-12-17T08:48:14.318Z,0.03,3,1500,768x432,3.881167000000005,,
2025-12-17T08:48:14.385Z,0.509,1,600,480x270,3.9027639999999906,,
2025-12-17T08:48:14.579Z,0.673,1,600,480x270,3.8123599999999556,,
2025-12-17T08:48:14.666Z,0.664,2,1000,640x360,3.6827749999999924,,
2025-12-17T08:48:14.826Z,0.296,2,1000,640x360,3.6455869999999777,,rebuffer happen
2025-12-17T08:48:14.993Z,0.296,2,1000,640x360,3.5959569999999985,,
2025-12-17T08:48:15.001Z,0.533,0,200,320x180,3.5851020000000062,,rebuffer happen
2025-12-17T08:48:15.074Z,0.475,0,200,320x180,3.614655999999968,,
2025-12-17T08:48:15.171Z,0.804,0,200,320x180,3.564604999999972,,
2025-12-17T08:48:15.246Z,0.818,2,1000,640x360,3.4534029999999802,,
2025-12-17T08:48:15.735Z,0.038,2,1000,640x360,3.2968740000000025,,rebuffer happen
2025-12-17T08:48:15.735Z,0.038,2,1000,640x360,3.2968740000000025,,rebuffer happen
2025-12-17T08:48:15.860Z,0.038,2,1000,640x360,3.4838739999999575,,
2025-12-17T08:48:15.931Z,0.538,0,200,320x180,3.426603,,
2025-12-17T08:48:16.041Z,0.796,0,200,320x180,3.401264000000026,,
2025-12-17T08:48:16.120Z,0.855,1,600,480x270,3.383968999999979,,
2025-12-17T08:48:16.489Z,0.761,1,600,480x270,3.331998999999996,,
2025-12-17T08:48:16.554Z,0.749,2,1000,640x360,3.247965000000022,,
2025-12-17T08:48:16.872Z,0.22,2,1000,640x360,3.179121000000009,,rebuffer happen
2025-12-17T08:48:17.002Z,0.026,2,1000,640x360,3.075298000000032,,rebuffer happen
2025-12-17T08:48:17.139Z,0.026,2,1000,640x360,3.1812980000000266,,
2025-12-17T08:48:17.207Z,0.526,0,200,320x180,3.2229280000000244,,
2025-12-17T08:48:17.333Z,0.722,0,200,320x180,3.156366999999989,,
2025-12-17T08:48:17.411Z,0.809,3,1500,768x432,3.1942300000000046,,
2025-12-17T08:48:17.789Z,0.241,3,1500,768x432,3.094413999999972,,rebuffer happen
2025-12-17T08:48:17.920Z,0.045,3,1500,768x432,2.997910999999988,,rebuffer happen
2025-12-17T08:48:18.884Z,0.045,3,1500,768x432,3.9929109999999923,,
2025-12-17T08:48:18.966Z,0.545,1,600,480x270,3.9295490000000086,,
2025-12-17T08:48:19.185Z,0.195,1,600,480x270,3.9196509999999876,,rebuffer happen
2025-12-17T08:48:19.429Z,0.396,1,600,480x270,3.8543789999999944,,
2025-12-17T08:48:19.511Z,0.273,1,600,480x270,3.8193319999999744,,rebuffer happen
2025-12-17T08:48:19.720Z,0.446,1,600,480x270,3.713721000000021,,
2025-12-17T08:48:19.790Z,0.372,3,1500,768x432,3.703692999999987,,
2025-12-17T08:48:20.021Z,0.008,3,1500,768x432,3.5616699999999923,,rebuffer happen
2025-12-17T08:48:20.022Z,0.008,3,1500,768x432,3.5616699999999923,,rebuffer happen
2025-12-17T08:48:20.329Z,0.008,3,1500,768x432,3.859669999999994,,
2025-12-17T08:48:20.403Z,0.508,2,1000,640x360,3.89591200000001,,
2025-12-17T08:48:20.562Z,0.278,2,1000,640x360,3.9260929999999803,,rebuffer happen
2025-12-17T08:48:20.722Z,0.038,2,1000,640x360,3.7937619999999583,,rebuffer happen
2025-12-17T08:48:20.776Z,0.038,2,1000,640x360,3.8887619999999856,,
2025-12-17T08:48:20.853Z,0.538,1,600,480x270,3.826675000000023,,
2025-12-17T08:48:21.096Z,0.629,1,600,480x270,3.776071999999999,,
2025-12-17T08:48:21.168Z,0.627,2,1000,640x360,3.6685679999999934,,
2025-12-17T08:48:21.506Z,0.12,2,1000,640x360,3.67655000000002,,rebuffer happen
2025-12-17T08:48:21.556Z,0.045,2,1000,640x360,3.601572000000033,,rebuffer happen
2025-12-17T08:48:21.672Z,0.045,2,1000,640x360,3.803572000000031,,
2025-12-17T08:48:21.748Z,0.545,1,600,480x270,3.7432680000000005,,
2025-12-17T08:48:22.098Z,0.491,1,600,480x270,3.6516149999999925,,
2025-12-17T08:48:22.412Z,0.549,1,600,480x270,3.493931000000032,,
2025-12-17T08:48:22.676Z,0.673,1,600,480x270,3.4003039999999487,,
2025-12-17T08:48:23.061Z,0.578,1,600,480x270,3.2222079999999664,,
2025-12-17T08:48:23.139Z,0.549,2,1000,640x360,3.10558199999997,,
2025-12-17T08:48:23.363Z,0.144,2,1000,640x360,3.0922630000000026,,rebuffer happen
2025-12-17T08:48:23.474Z,0.037,2,1000,640x360,3.0826059999999984,,rebuffer happen
2025-12-17T08:48:23.872Z,0.037,2,1000,640x360,3.483606000000009,,
2025-12-17T08:48:23.944Z,0.537,1,600,480x270,3.4267980000000193,,
2025-12-17T08:48:24.345Z,0.411,1,600,480x270,3.2809259999999654,,
2025-12-17T08:48:24.410Z,0.434,3,1500,768x432,3.3303080000000023,,
2025-12-17T08:48:24.535Z,0.263,3,1500,768x432,3.3108849999999848,,rebuffer happen
2025-12-17T08:48:24.759Z,0.039,3,1500,768x432,3.2900789999999915,,rebuffer happen
2025-12-17T08:48:25.168Z,0.039,3,1500,768x432,3.785078999999996,,
2025-12-17T08:48:25.252Z,0.539,1,600,480x270,3.7164809999999875,,
2025-12-17T08:48:25.640Z,0.501,1,600,480x270,3.6854040000000055,,
2025-12-17T08:48:25.720Z,0.53,2,1000,640x360,3.658994000000007,,
2025-12-17T08:48:25.818Z,0.265,2,1000,640x360,3.6104050000000143,,rebuffer happen
2025-12-17T08:48:25.977Z,0.027,2,1000,640x360,3.5801079999999956,,rebuffer happen
2025-12-17T08:48:26.241Z,0.027,2,1000,640x360,3.7741080000000125,,
2025-12-17T08:48:26.306Z,0.527,1,600,480x270,3.8228960000000143,,
2025-12-17T08:48:26.585Z,0.56,1,600,480x270,3.7203949999999963,,
2025-12-17T08:48:26.935Z,0.551,1,600,480x270,3.4994889999999828,,
2025-12-17T08:48:27.007Z,0.549,2,1000,640x360,3.486598000000015,,
2025-12-17T08:48:27.277Z,0.036,2,1000,640x360,3.383815000000027,,rebuffer happen
2025-12-17T08:48:27.278Z,0.036,2,1000,640x360,3.383815000000027,,rebuffer happen
2025-12-17T08:48:27.584Z,0.036,2,1000,640x360,3.6838149999999814,,
2025-12-17T08:48:27.662Z,0.536,1,600,480x270,3.621520999999973,,
2025-12-17T08:48:28.028Z,0.503,1,600,480x270,3.5367860000000064,,
2025-12-17T08:48:28.287Z,0.589,1,600,480x270,3.4498140000000035,,
2025-12-17T08:48:28.573Z,0.69,1,600,480x270,3.33029300000004,,
2025-12-17T08:48:28.887Z,0.707,1,600,480x270,3.1530440000000226,,
2025-12-17T08:48:29.443Z,0.446,1,600,480x270,2.8833570000000464,,
2025-12-17T08:48:29.590Z,0.202,1,600,480x270,2.849221,,rebuffer happen
2025-12-17T08:48:30.020Z,0.232,1,600,480x270,2.780198999999982,,
2025-12-17T08:48:30.104Z,0.234,2,1000,640x360,2.8003589999999576,,
2025-12-17T08:48:30.230Z,0.025,2,1000,640x360,2.7757899999999722,,rebuffer happen
2025-12-17T08:48:30.810Z,0.025,2,1000,640x360,3.372790000000009,,
2025-12-17T08:48:30.883Z,0.525,1,600,480x270,3.4138960000000225,,
2025-12-17T08:48:31.247Z,0.521,1,600,480x270,3.2642789999999877,,
2025-12-17T08:48:31.321Z,0.439,0,200,320x180,3.246438000000012,,
2025-12-17T08:48:31.472Z,0.686,0,200,320x180,3.259810000000016,,
2025-12-17T08:48:31.554Z,0.59,1,600,480x270,3.137429999999995,,
2025-12-17T08:48:31.948Z,0.552,1,600,480x270,2.939858999999956,,
2025-12-17T08:48:32.085Z,0.289,1,600,480x270,2.9449559999999906,,rebuffer happen
2025-12-17T08:48:32.359Z,0.453,1,600,480x270,2.863460000000032,,
2025-12-17T08:48:32.761Z,0.419,1,600,480x270,2.7537080000000174,,
2025-12-17T08:48:32.879Z,0.23,1,600,480x270,2.6781499999999596,,rebuffer happen
2025-12-17T08:48:33.138Z,0.328,1,600,480x270,2.500425000000007,,
2025-12-17T08:48:33.182Z,0.285,1,600,480x270,2.5311770000000138,,rebuffer happen
2025-12-17T08:48:33.491Z,0.378,1,600,480x270,2.4421540000000164,,
2025-12-17T08:48:33.557Z,0.313,3,1500,768x432,2.3484569999999962,,
2025-12-17T08:48:33.557Z,0.295,3,1500,768x432,2.347962999999993,,rebuffer happen
2025-12-17T08:48:33.783Z,0.021,3,1500,768x432,2.3690090000000055,,rebuffer happen
2025-12-17T08:48:34.650Z,0.021,3,1500,768x432,3.1680089999999836,,
2025-12-17T08:48:34.728Z,0.521,1,600,480x270,3.207131000000004,,
2025-12-17T08:48:35.124Z,0.425,1,600,480x270,3.081362000000013,,
2025-12-17T08:48:35.373Z,0.295,1,600,480x270,3.0534620000000245,,rebuffer happen
2025-12-17T08:48:35.545Z,0.42,1,600,480x270,2.9755159999999705,,
2025-12-17T08:48:35.618Z,0.422,2,1000,640x360,2.995473000000004,,
2025-12-17T08:48:35.748Z,0.165,2,1000,640x360,2.9189060000000495,,rebuffer happen
2025-12-17T08:48:35.834Z,0.036,2,1000,640x360,2.885298999999975,,rebuffer happen
2025-12-17T08:48:36.423Z,0.036,2,1000,640x360,3.490298999999993,,
2025-12-17T08:48:36.491Z,0.491,1,600,480x270,3.520629999999983,,
2025-12-17T08:48:36.637Z,0.257,1,600,480x270,3.4166669999999613,,rebuffer happen
2025-12-17T08:48:36.836Z,0.224,1,600,480x270,3.3047370000000456,,rebuffer happen
2025-12-17T08:48:36.962Z,0.298,1,600,480x270,3.348479999999995,,
2025-12-17T08:48:37.038Z,0.3,2,1000,640x360,3.2727439999999888,,
2025-12-17T08:48:37.236Z,0.027,2,1000,640x360,3.2734500000000253,,rebuffer happen
2025-12-17T08:48:37.784Z,0.027,2,1000,640x360,3.8824500000000057,,
2025-12-17T08:48:37.864Z,0.527,1,600,480x270,3.8184550000000286,,
2025-12-17T08:48:38.023Z,0.288,1,600,480x270,3.801679999999976,,rebuffer happen
2025-12-17T08:48:38.229Z,0.439,1,600,480x270,3.6990979999999922,,
2025-12-17T08:48:38.395Z,0.274,1,600,480x270,3.690343999999982,,rebuffer happen
2025-12-17T08:48:38.616Z,0.517,1,600,480x270,3.6482260000000224,,
2025-12-17T08:48:38.817Z,0.202,1,600,480x270,3.558595999999966,,rebuffer happen
2025-12-17T08:48:39.026Z,0.381,1,600,480x270,3.447010999999975,,
2025-12-17T08:48:39.108Z,0.305,3,1500,768x432,3.412319000000025,,
2025-12-17T08:48:39.109Z,0.264,3,1500,768x432,3.411212999999975,,rebuffer happen
2025-12-17T08:48:39.271Z,0.022,3,1500,768x432,3.374684000000002,,rebuffer happen
2025-12-17T08:48:40.405Z,0.022,3,1500,768x432,4.478683999999987,,
2025-12-17T08:48:40.475Z,0.505,1,600,480x270,4.491922999999986,,
2025-12-17T08:48:40.598Z,0.256,1,600,480x270,4.407095000000027,,rebuffer happen
2025-12-17T08:48:40.855Z,0.381,1,600,480x270,4.217326000000014,,
2025-12-17T08:48:40.975Z,0.258,1,600,480x270,4.240423999999962,,rebuffer happen
2025-12-17T08:48:41.181Z,0.396,1,600,480x270,4.130431999999985,,
2025-12-17T08:48:41.257Z,0.382,2,1000,640x360,4.016502000000003,,
2025-12-17T08:48:41.257Z,0.268,2,1000,640x360,4.015369000000021,,rebuffer happen
2025-12-17T08:48:41.456Z,0.048,2,1000,640x360,4.004042000000027,,rebuffer happen
2025-12-17T08:48:41.841Z,0.048,2,1000,640x360,4.396042000000023,,
2025-12-17T08:48:41.913Z,0.529,1,600,480x270,4.420995000000005,,
2025-12-17T08:48:42.335Z,0.361,1,600,480x270,4.188754000000017,,
2025-12-17T08:48:42.401Z,0.339,2,1000,640x360,4.240336000000013,,
2025-12-17T08:48:42.402Z,0.28,2,1000,640x360,4.239708000000007,,rebuffer happen
2025-12-17T08:48:42.674Z,0.019,2,1000,640x360,4.269820999999979,,rebuffer happen
2025-12-17T08:48:42.984Z,0.019,2,1000,640x360,4.574820999999986,,
2025-12-17T08:48:43.059Z,0.519,1,600,480x270,4.515537999999992,,
2025-12-17T08:48:43.394Z,0.561,1,600,480x270,4.490062000000023,,
2025-12-17T08:48:43.763Z,0.479,1,600,480x270,4.339567999999986,,
2025-12-17T08:48:44.154Z,0.416,1,600,480x270,4.051078000000018,,
2025-12-17T08:48:44.264Z,0.239,1,600,480x270,4.089129999999955,,rebuffer happen
2025-12-17T08:48:44.536Z,0.372,1,600,480x270,3.942455999999993,,
2025-12-17T08:48:44.813Z,0.451,1,600,480x270,3.82994199999996,,
2025-12-17T08:48:45.053Z,0.63,1,600,480x270,3.6728499999999826,,
2025-12-17T08:48:45.314Z,0.716,1,600,480x270,3.575683999999967,,
2025-12-17T08:48:45.775Z,0.571,1,600,480x270,3.3845739999999864,,
2025-12-17T08:48:46.100Z,0.117,1,600,480x270,3.2069629999999734,,rebuffer happen
2025-12-17T08:48:46.502Z,0.14,1,600,480x270,3.1917809999999918,,
2025-12-17T08:48:46.627Z,0.02,1,600,480x270,3.1778700000000413,,rebuffer happen
2025-12-17T08:48:47.050Z,0.266,1,600,480x270,3.3025289999999927,,
2025-12-17T08:48:47.130Z,0.255,2,1000,640x360,3.3326359999999795,,
2025-12-17T08:48:47.277Z,0.029,2,1000,640x360,3.3745720000000006,,rebuffer happen
2025-12-17T08:48:47.559Z,0.029,2,1000,640x360,3.5765719999999988,,
2025-12-17T08:48:47.636Z,0.529,1,600,480x270,3.6134010000000103,,
2025-12-17T08:48:47.913Z,0.618,1,600,480x270,3.552436,,
2025-12-17T08:48:48.207Z,0.656,1,600,480x270,3.408254999999997,,
2025-12-17T08:48:48.276Z,0.65,3,1500,768x432,3.3990629999999555,,
2025-12-17T08:48:48.455Z,0.289,3,1500,768x432,3.2361000000000217,,rebuffer happen
2025-12-17T08:48:48.645Z,0.021,3,1500,768x432,3.172341000000017,,rebuffer happen
2025-12-17T08:48:49.073Z,0.021,3,1500,768x432,3.6663410000000454,,
2025-12-17T08:48:49.145Z,0.521,1,600,480x270,3.6098479999999995,,
2025-12-17T08:48:49.370Z,0.654,1,600,480x270,3.6209029999999984,,
2025-12-17T08:48:49.440Z,0.675,3,1500,768x432,3.5573329999999714,,
2025-12-17T08:48:49.713Z,0.204,3,1500,768x432,3.4554500000000417,,rebuffer happen
2025-12-17T08:48:49.829Z,0.029,3,1500,768x432,3.3761129999999753,,rebuffer happen
2025-12-17T08:48:50.423Z,0.029,3,1500,768x432,3.979112999999984,,
2025-12-17T08:48:50.505Z,0.529,1,600,480x270,4.010561999999993,,
2025-12-17T08:48:50.953Z,0.259,1,600,480x270,3.8116249999999923,,rebuffer happen
2025-12-17T08:48:51.057Z,0.237,1,600,480x270,3.805472000000009,,
2025-12-17T08:48:51.164Z,0.15,2,1000,640x360,3.7927459999999655,,
2025-12-17T08:48:51.281Z,0.02,2,1000,640x360,3.866894000000002,,rebuffer happen
2025-12-17T08:48:51.846Z,0.02,2,1000,640x360,4.368894000000012,,
2025-12-17T08:48:51.929Z,0.52,1,600,480x270,4.4037910000000124,,
2025-12-17T08:48:52.274Z,0.521,1,600,480x270,4.363297999999986,,
2025-12-17T08:48:52.649Z,0.464,1,600,480x270,4.1048679999999536,,
2025-12-17T08:48:52.964Z,0.472,1,600,480x270,4.0348789999999894,,
2025-12-17T08:48:53.306Z,0.458,1,600,480x270,3.820398999999952,,
2025-12-17T08:48:53.635Z,0.529,1,600,480x270,3.680694000000017,,
2025-12-17T08:48:53.898Z,0.616,1,600,480x270,3.583326999999997,,
2025-12-17T08:48:54.130Z,0.755,1,600,480x270,3.4385520000000156,,
2025-12-17T08:48:54.209Z,0.679,3,1500,768x432,3.407859999999971,,
2025-12-17T08:48:54.683Z,0.034,3,1500,768x432,3.28592900000001,,rebuffer happen
2025-12-17T08:48:54.684Z,0.034,3,1500,768x432,3.28592900000001,,rebuffer happen
2025-12-17T08:48:55.269Z,0.034,3,1500,768x432,3.8879289999999855,,
2025-12-17T08:48:55.347Z,0.5,0,200,320x180,3.82487900000001,,
2025-12-17T08:48:55.529Z,0.762,0,200,320x180,3.823247999999978,,
2025-12-17T08:48:55.599Z,0.776,1,600,480x270,3.825807999999995,,
2025-12-17T08:48:56.099Z,0.43,1,600,480x270,3.5685119999999984,,
2025-12-17T08:48:56.425Z,0.469,1,600,480x270,3.439358000000027,,
2025-12-17T08:48:56.734Z,0.526,1,600,480x270,3.274567999999988,,
2025-12-17T08:48:57.076Z,0.511,1,600,480x270,3.1535749999999894,,
2025-12-17T08:48:57.436Z,0.46,1,600,480x270,2.9180430000000115,,
2025-12-17T08:48:57.746Z,0.516,1,600,480x270,2.7529159999999706,,
2025-12-17T08:48:57.994Z,0.593,1,600,480x270,2.6940500000000043,,
2025-12-17T08:48:58.061Z,0.637,3,1500,768x432,2.5931230000000483,,
2025-12-17T08:48:58.259Z,0.245,3,1500,768x432,2.590262999999993,,rebuffer happen
2025-12-17T08:48:58.453Z,0.023,3,1500,768x432,2.4729770000000144,,rebuffer happen
2025-12-17T08:48:58.959Z,0.023,3,1500,768x432,2.970977000000005,,
2025-12-17T08:48:59.030Z,0.505,1,600,480x270,2.9859220000000164,,
2025-12-17T08:48:59.335Z,0.493,1,600,480x270,2.842014000000006,,
2025-12-17T08:48:59.402Z,0.476,2,1000,640x360,2.842079999999953,,
2025-12-17T08:48:59.516Z,0.227,2,1000,640x360,2.7737059999999474,,rebuffer happen
2025-12-17T08:48:59.638Z,0.046,2,1000,640x360,2.6947470000000067,,rebuffer happen
2025-12-17T08:49:00.091Z,0.046,2,1000,640x360,3.195746999999983,,
2025-12-17T08:49:00.171Z,0.546,0,200,320x180,3.1318410000000085,,
2025-12-17T08:49:00.269Z,0.823,0,200,320x180,3.18813700000004,,
2025-12-17T08:49:00.339Z,0.834,1,600,480x270,3.0956820000000107,,
2025-12-17T08:49:00.707Z,0.728,1,600,480x270,3.0079560000000356,,
2025-12-17T08:49:00.773Z,0.75,3,1500,768x432,3.0014429999999948,,
2025-12-17T08:49:01.189Z,0.031,3,1500,768x432,2.7869079999999826,,rebuffer happen
2025-12-17T08:49:01.189Z,0.031,3,1500,768x432,2.7869079999999826,,rebuffer happen
2025-12-17T08:49:02.329Z,0.031,3,1500,768x432,3.8909080000000245,,
2025-12-17T08:49:02.397Z,0.531,1,600,480x270,3.922376999999983,,
2025-12-17T08:49:02.613Z,0.22,1,600,480x270,3.877679999999998,,rebuffer happen
2025-12-17T08:49:02.876Z,0.361,1,600,480x270,3.826563999999962,,
2025-12-17T08:49:02.944Z,0.378,2,1000,640x360,3.7590769999999907,,
2025-12-17T08:49:02.974Z,0.281,2,1000,640x360,3.826909999999998,,rebuffer happen
2025-12-17T08:49:03.207Z,0.017,2,1000,640x360,3.764359000000013,,rebuffer happen
2025-12-17T08:49:03.698Z,0.017,2,1000,640x360,4.268359000000032,,
2025-12-17T08:49:03.770Z,0.487,1,600,480x270,4.1920709999999985,,
2025-12-17T08:49:04.066Z,0.486,1,600,480x270,4.141527999999994,,
2025-12-17T08:49:04.553Z,0.315,1,600,480x270,3.8706230000000232,,
2025-12-17T08:49:04.651Z,0.242,1,600,480x270,3.8316800000000057,,rebuffer happen
2025-12-17T08:49:05.038Z,0.241,1,600,480x270,3.7742719999999963,,
2025-12-17T08:49:05.110Z,0.197,2,1000,640x360,3.8094409999999925,,
2025-12-17T08:49:05.242Z,0.023,2,1000,640x360,3.7721449999999663,,rebuffer happen
2025-12-17T08:49:05.544Z,0.023,2,1000,640x360,4.069144999999992,,
2025-12-17T08:49:05.611Z,0.523,1,600,480x270,4.116613000000029,,
2025-12-17T08:49:05.982Z,0.524,1,600,480x270,4.069188999999994,,
2025-12-17T08:49:06.207Z,0.173,1,600,480x270,3.918344999999988,,rebuffer happen
2025-12-17T08:49:06.411Z,0.433,1,600,480x270,3.872029999999995,,
2025-12-17T08:49:06.486Z,0.423,2,1000,640x360,3.9017969999999877,,
2025-12-17T08:49:06.569Z,0.281,2,1000,640x360,3.9275109999999813,,rebuffer happen
2025-12-17T08:49:06.794Z,0.05,2,1000,640x360,3.9030370000000403,,rebuffer happen
2025-12-17T08:49:07.154Z,0.05,2,1000,640x360,4.197037000000023,,
2025-12-17T08:49:07.234Z,0.55,1,600,480x270,4.233266000000015,,
2025-12-17T08:49:07.604Z,0.614,1,600,480x270,4.280539999999974,,
2025-12-17T08:49:07.960Z,0.6,1,600,480x270,4.141314999999963,,
2025-12-17T08:49:08.033Z,0.527,2,1000,640x360,4.031831999999952,,
2025-12-17T08:49:08.328Z,0.043,2,1000,640x360,3.888791000000026,,rebuffer happen
2025-12-17T08:49:08.328Z,0.043,2,1000,640x360,3.888791000000026,,rebuffer happen
2025-12-17T08:49:08.618Z,0.043,2,1000,640x360,4.19079099999999,,
2025-12-17T08:49:08.850Z,0.282,2,1000,640x360,4.128053000000023,,rebuffer happen
2025-12-17T08:49:09.012Z,0.04,2,1000,640x360,4.097640000000013,,rebuffer happen
2025-12-17T08:49:09.187Z,0.04,2,1000,640x360,4.28764000000001,,
2025-12-17T08:49:09.266Z,0.54,1,600,480x270,4.2172069999999735,,
2025-12-17T08:49:09.606Z,0.579,1,600,480x270,4.210125000000005,,
2025-12-17T08:49:09.674Z,0.555,2,1000,640x360,4.202566999999988,,
2025-12-17T08:49:09.801Z,0.264,2,1000,640x360,4.123251000000039,,rebuffer happen
2025-12-17T08:49:09.996Z,0.052,2,1000,640x360,4.1003579999999715,,rebuffer happen
2025-12-17T08:49:10.201Z,0.052,2,1000,640x360,4.301357999999993,,
2025-12-17T08:49:10.271Z,0.506,1,600,480x270,4.3349379999999655,,
2025-12-17T08:49:10.584Z,0.624,1,600,480x270,4.284516999999994,,
2025-12-17T08:49:10.900Z,0.655,1,600,480x270,4.114066000000037,,
2025-12-17T08:49:10.973Z,0.646,2,1000,640x360,4.102525999999955,,
2025-12-17T08:49:11.271Z,0.109,2,1000,640x360,3.9665840000000117,,rebuffer happen
2025-12-17T08:49:11.314Z,0.045,2,1000,640x360,3.90290600000003,,rebuffer happen
2025-12-17T08:49:11.523Z,0.045,2,1000,640x360,4.095906000000014,,
2025-12-17T08:49:11.833Z,0.115,2,1000,640x360,3.969258000000025,,rebuffer happen
2025-12-17T08:49:11.881Z,0.043,2,1000,640x360,3.992432000000008,,rebuffer happen
2025-12-17T08:49:12.149Z,0.043,2,1000,640x360,4.19343200000003,,
2025-12-17T08:49:12.219Z,0.543,0,200,320x180,4.228514000000018,,
2025-12-17T08:49:12.326Z,0.807,0,200,320x180,4.234560999999985,,
2025-12-17T08:49:12.407Z,0.865,3,1500,768x432,4.225532999999984,,
2025-12-17T08:49:12.898Z,0.039,3,1500,768x432,3.9909260000000017,,rebuffer happen
2025-12-17T08:49:12.899Z,0.039,3,1500,768x432,3.9909260000000017,,rebuffer happen
2025-12-17T08:49:13.164Z,0.039,3,1500,768x432,4.2849259999999845,,
2025-12-17T08:49:13.233Z,0.539,0,200,320x180,4.230891999999983,,
2025-12-17T08:49:13.335Z,0.848,0,200,320x180,4.239679999999964,,
2025-12-17T08:49:13.403Z,0.87,3,1500,768x432,4.279500999999982,,
2025-12-17T08:49:13.957Z,0.016,3,1500,768x432,3.9645300000000248,,rebuffer happen
2025-12-17T08:49:13.966Z,0.002,3,1500,768x432,4.050190999999984,,rebuffer happen
2025-12-17T08:49:14.309Z,0.002,3,1500,768x432,4.355190999999991,,
2025-12-17T08:49:14.389Z,0.502,0,200,320x180,4.385317999999984,,
2025-12-17T08:49:14.556Z,0.764,0,200,320x180,4.307801999999981,,
2025-12-17T08:49:14.715Z,0.904,0,200,320x180,4.261371999999994,,
2025-12-17T08:49:14.794Z,0.933,2,1000,640x360,4.2464049999999816,,
2025-12-17T08:49:15.286Z,0.154,2,1000,640x360,4.002112000000011,,rebuffer happen
2025-12-17T08:49:15.384Z,0.047,2,1000,640x360,3.9951770000000124,,rebuffer happen
2025-12-17T08:49:15.514Z,0.047,2,1000,640x360,4.097177000000045,,
2025-12-17T08:49:15.901Z,0.041,2,1000,640x360,3.9906199999999785,,rebuffer happen
2025-12-17T08:49:15.902Z,0.041,2,1000,640x360,3.9906199999999785,,rebuffer happen
2025-12-17T08:49:16.208Z,0.041,2,1000,640x360,4.287620000000004,,
2025-12-17T08:49:16.281Z,0.541,0,200,320x180,4.3298599999999965,,
2025-12-17T08:49:16.430Z,0.764,0,200,320x180,4.237378999999976,,
2025-12-17T08:49:16.583Z,0.986,0,200,320x180,4.21259299999997,,
2025-12-17T08:49:16.755Z,1.301,0,200,320x180,4.058675999999991,,
2025-12-17T08:49:16.893Z,1.514,0,200,320x180,4.041982999999959,,
2025-12-17T08:49:17.062Z,1.802,0,200,320x180,3.9919929999999795,,
2025-12-17T08:49:17.191Z,2.108,0,200,320x180,3.9089309999999955,,
2025-12-17T08:49:17.322Z,2.38,0,200,320x180,3.807615999999996,,
2025-12-17T08:49:17.458Z,2.747,0,200,320x180,3.7681929999999966,,
2025-12-17T08:49:17.591Z,3.114,0,200,320x180,3.769902000000002,,
2025-12-17T08:49:17.679Z,3.316,0,200,320x180,3.7370789999999943,,
2025-12-17T08:49:17.709Z,3.7,0,200,320x180,3.6919019999999705,,
2025-12-17T08:49:18.242Z,3.708,0,200,320x180,3.399116000000049,,
2025-12-17T08:49:18.774Z,3.536,0,200,320x180,3.320213000000024,,
2025-12-17T08:49:19.243Z,3.296,0,200,320x180,3.025297999999964,,
2025-12-17T08:49:19.760Z,3.077,0,200,320x180,2.8618660000000204,,
2025-12-17T08:49:20.259Z,2.83,0,200,320x180,2.5283339999999725,,
2025-12-17T08:49:20.777Z,2.556,0,200,320x180,2.385299000000032,,
2025-12-17T08:49:21.292Z,2.343,0,200,320x180,2.193708000000015,,
2025-12-17T08:49:21.805Z,2.252,0,200,320x180,2.0951279999999883,,
2025-12-17T08:49:22.352Z,2.161,0,200,320x180,1.9787220000000048,,
2025-12-17T08:49:22.821Z,2.127,0,200,320x180,1.996485000000007,,
2025-12-17T08:49:23.287Z,2.149,0,200,320x180,2.001078000000007,,
2025-12-17T08:49:23.753Z,2.17,0,200,320x180,1.9262479999999869,,
2025-12-17T08:49:24.207Z,2.209,0,200,320x180,1.9624569999999721,,
2025-12-17T08:49:24.692Z,2.185,0,200,320x180,1.9755559999999832,,
2025-12-17T08:49:25.192Z,2.251,0,200,320x180,1.9726679999999988,,
2025-12-17T08:49:25.648Z,2.267,0,200,320x180,1.9184000000000196,,
2025-12-17T08:49:26.181Z,2.243,0,200,320x180,1.9800640000000271,,
2025-12-17T08:49:26.696Z,2.262,0,200,320x180,1.9869389999999498,,
2025-12-17T08:49:27.134Z,2.282,0,200,320x180,1.9309849999999642,,
2025-12-17T08:49:27.579Z,2.273,0,200,320x180,2.010183999999981,,
2025-12-17T08:49:28.072Z,2.348,0,200,320x180,2.0000559999999723,,
2025-12-17T08:49:28.573Z,2.346,0,200,320x180,1.9993049999999926,,
2025-12-17T08:49:29.118Z,2.289,0,200,320x180,1.9427290000000426,,
2025-12-17T08:49:29.611Z,2.217,0,200,320x180,1.9566549999999552,,
2025-12-17T08:49:30.150Z,2.242,0,200,320x180,1.9171460000000025,,
2025-12-17T08:49:30.634Z,2.271,0,200,320x180,1.9433629999999766,,
2025-12-17T08:49:31.099Z,2.297,0,200,320x180,1.9668499999999653,,
2025-12-17T08:49:31.581Z,2.333,0,200,320x180,1.9990080000000034,,
2025-12-17T08:49:32.082Z,2.341,0,200,320x180,1.9897880000000328,,
2025-12-17T08:49:32.582Z,2.316,0,200,320x180,1.9889200000000073,,
2025-12-17T08:49:33.077Z,2.252,0,200,320x180,1.983569999999986,,
2025-12-17T08:49:33.599Z,2.295,0,200,320x180,1.9626610000000255,,
2025-12-17T08:49:34.122Z,2.292,0,200,320x180,1.9383510000000115,,
2025-12-17T08:49:34.623Z,2.325,0,200,320x180,1.9538309999999797,,
2025-12-17T08:49:35.079Z,2.316,0,200,320x180,1.9919120000000134,,
2025-12-17T08:49:35.622Z,2.337,0,200,320x180,1.9562720000000127,,
2025-12-17T08:49:36.117Z,2.296,0,200,320x180,1.9490839999999707,,
2025-12-17T08:49:36.576Z,2.321,0,200,320x180,1.9886769999999956,,
2025-12-17T08:49:37.137Z,2.307,0,200,320x180,1.9246169999999552,,
2025-12-17T08:49:37.572Z,2.296,0,200,320x180,1.9900949999999966,,
2025-12-17T08:49:38.065Z,2.325,0,200,320x180,1.9937770000000228,,
2025-12-17T08:49:38.574Z,2.309,0,200,320x180,1.9961920000000077,,
2025-12-17T08:49:39.065Z,2.328,0,200,320x180,1.9991540000000327,,
2025-12-17T08:49:39.575Z,2.28,0,200,320x180,2.0038360000000353,,
2025-12-17T08:49:40.136Z,2.306,0,200,320x180,1.9285560000000146,,
2025-12-17T08:49:40.560Z,2.263,0,200,320x180,2.000362999999993,,
2025-12-17T08:49:41.123Z,2.253,0,200,320x180,1.9361749999999915,,
2025-12-17T08:49:41.625Z,2.257,0,200,320x180,1.9405849999999987,,
2025-12-17T08:49:42.082Z,2.344,0,200,320x180,1.9778070000000412,,
2025-12-17T08:49:42.695Z,2.184,0,200,320x180,1.9676850000000172,,
2025-12-17T08:49:43.143Z,2.25,0,200,320x180,1.927250000000015,,
2025-12-17T08:49:43.605Z,2.299,0,200,320x180,1.9690709999999854,,
2025-12-17T08:49:44.099Z,2.296,0,200,320x180,1.9635860000000207,,
2025-12-17T08:49:44.562Z,2.262,0,200,320x180,1.997165999999993,,
2025-12-17T08:49:45.065Z,2.326,0,200,320x180,1.9955570000000193,,
2025-12-17T08:49:45.561Z,2.335,0,200,320x180,2.004550999999992,,
2025-12-17T08:49:46.060Z,2.306,0,200,320x180,2.000450999999998,,
2025-12-17T08:49:46.664Z,2.287,0,200,320x180,2.007953999999984,,
2025-12-17T08:49:47.257Z,2.1,0,200,320x180,1.910250000000019,,
2025-12-17T08:49:47.821Z,2.072,0,200,320x180,1.942165999999986,,
2025-12-17T08:49:48.416Z,2.028,0,200,320x180,1.9649420000000077,,
2025-12-17T08:49:48.881Z,2.019,0,200,320x180,2.000390999999979,,
2025-12-17T08:49:49.272Z,2.144,0,200,320x180,1.991345000000024,,
2025-12-17T08:49:49.680Z,2.223,0,200,320x180,1.9841110000000413,,
2025-12-17T08:49:50.135Z,2.252,0,200,320x180,1.9261549999999943,,
2025-12-17T08:49:50.586Z,2.291,0,200,320x180,1.9813120000000026,,
2025-12-17T08:49:51.072Z,2.254,0,200,320x180,1.9906299999999533,,
2025-12-17T08:49:51.601Z,2.278,0,200,320x180,1.9805920000000015,,
2025-12-17T08:49:52.105Z,2.296,0,200,320x180,1.9651460000000043,,
2025-12-17T08:49:52.588Z,2.328,0,200,320x180,1.99777499999999,,
2025-12-17T08:49:53.145Z,2.301,0,200,320x180,1.9296350000000189,,
2025-12-17T08:49:54.356Z,1.539,0,200,320x180,2.1964639999999918,,
2025-12-17T08:49:54.504Z,1.864,0,200,320x180,2.2253019999999992,,
2025-12-17T08:49:54.753Z,2.11,0,200,320x180,2.097660000000019,,
2025-12-17T08:49:55.299Z,1.952,0,200,320x180,2.0608419999999796,,
2025-12-17T08:49:55.780Z,1.873,0,200,320x180,2.0283300000000395,,
2025-12-17T08:49:56.310Z,1.815,0,200,320x180,1.9781869999999913,,
2025-12-17T08:49:56.871Z,1.734,0,200,320x180,2.0073679999999854,,
2025-12-17T08:49:57.369Z,1.742,0,200,320x180,2.0082009999999855,,
2025-12-17T08:49:57.916Z,1.726,0,200,320x180,1.9541590000000042,,
2025-12-17T08:49:58.384Z,1.764,0,200,320x180,1.9749209999999948,,
2025-12-17T08:49:58.853Z,1.79,0,200,320x180,1.909245999999996,,
2025-12-17T08:49:59.321Z,1.781,0,200,320x180,1.940206000000046,,
2025-12-17T08:49:59.821Z,1.803,0,200,320x180,1.9477159999999571,,
2025-12-17T08:50:00.320Z,1.823,0,200,320x180,1.9401600000000485,,
2025-12-17T08:50:00.783Z,1.866,0,200,320x180,1.9919140000000084,,
2025-12-17T08:50:01.260Z,1.846,0,200,320x180,2.0002079999999864,,
2025-12-17T08:50:01.712Z,1.911,0,200,320x180,1.95780400000001,,
2025-12-17T08:50:02.147Z,1.955,0,200,320x180,1.9124499999999784,,
2025-12-17T08:50:02.664Z,1.94,0,200,320x180,2.0008550000000014,,
2025-12-17T08:50:03.118Z,2.016,0,200,320x180,1.943192999999951,,
2025-12-17T08:50:03.616Z,2.038,0,200,320x180,1.9581090000000358,,
2025-12-17T08:50:04.099Z,2.006,0,200,320x180,1.9759220000000255,,
2025-12-17T08:50:04.616Z,2.025,0,200,320x180,1.9588189999999486,,
2025-12-17T08:50:05.152Z,2.005,0,200,320x180,1.913152000000025,,
2025-12-17T08:50:05.615Z,2.048,0,200,320x180,1.972332999999992,,
2025-12-17T08:50:06.133Z,1.994,0,200,320x180,1.9342930000000251,,
2025-12-17T08:50:06.570Z,2.06,0,200,320x180,1.9962029999999231,,
2025-12-17T08:50:07.084Z,2.02,0,200,320x180,1.9888429999999744,,
2025-12-17T08:50:07.598Z,2.063,0,200,320x180,1.9807590000000346,,
2025-12-17T08:50:08.082Z,2.04,0,200,320x180,1.9904290000000628,,
2025-12-17T08:50:08.597Z,2.039,0,200,320x180,1.9861270000000104,,
2025-12-17T08:50:09.108Z,2.051,0,200,320x180,1.9623679999999695,,
2025-12-17T08:50:09.569Z,2.056,0,200,320x180,2.0118870000000015,,
2025-12-17T08:50:10.079Z,2.025,0,200,320x180,1.9961190000000215,,
2025-12-17T08:50:10.595Z,2.025,0,200,320x180,1.9750449999999091,,
2025-12-17T08:50:11.110Z,2.044,0,200,320x180,1.9482769999999618,,
2025-12-17T08:50:11.597Z,2.054,0,200,320x180,1.9774099999999635,,
2025-12-17T08:50:12.067Z,2.056,0,200,320x180,2.0006060000000616,,
2025-12-17T08:50:12.582Z,2.033,0,200,320x180,2.001029000000017,,
2025-12-17T08:50:13.110Z,2.053,0,200,320x180,1.9601219999999557,,
2025-12-17T08:50:13.592Z,1.998,0,200,320x180,1.9931430000000319,,
2025-12-17T08:50:14.135Z,2.025,0,200,320x180,1.9320999999999913,,
2025-12-17T08:50:14.621Z,2.006,0,200,320x180,1.93931299999997,,
2025-12-17T08:50:15.083Z,2.019,0,200,320x180,1.975994999999898,,
2025-12-17T08:50:15.574Z,2.036,0,200,320x180,1.9928859999999986,,
2025-12-17T08:50:16.115Z,2.039,0,200,320x180,1.9592039999999997,,
2025-12-17T08:50:16.565Z,2.072,0,200,320x180,2.0064889999999878,,
2025-12-17T08:50:17.100Z,2.024,0,200,320x180,1.9726550000000316,,
2025-12-17T08:50:17.564Z,2.054,0,200,320x180,2.017356999999947,,
2025-12-17T08:50:18.094Z,1.998,0,200,320x180,1.9777420000000347,,
2025-12-17T08:50:18.623Z,1.98,0,200,320x180,1.938615000000027,,
2025-12-17T08:50:19.107Z,2.026,0,200,320x180,1.957400000000007,,
2025-12-17T08:50:19.603Z,2.003,0,200,320x180,1.96717000000001,,
2025-12-17T08:50:20.215Z,1.901,0,200,320x180,1.9575519999999642,,
2025-12-17T08:50:20.650Z,1.987,0,200,320x180,1.919559999999933,,
2025-12-17T08:50:21.209Z,1.941,0,200,320x180,1.959265000000073,,
2025-12-17T08:50:21.695Z,1.966,0,200,320x180,1.9801609999999528,,
2025-12-17T08:50:22.253Z,1.941,0,200,320x180,1.911882999999989,,
2025-12-17T08:50:22.756Z,1.847,0,200,320x180,1.9078349999999773,,
2025-12-17T08:50:23.295Z,1.86,0,200,320x180,1.974266000000057,,
2025-12-17T08:50:23.795Z,1.865,0,200,320x180,1.9747449999999844,,
2025-12-17T08:50:24.229Z,1.882,0,200,320x180,1.935886000000096,,
2025-12-17T08:50:24.791Z,1.871,0,200,320x180,1.9786390000000438,,
2025-12-17T08:50:25.307Z,1.818,0,200,320x180,1.9560900000000174,,
2025-12-17T08:50:25.818Z,1.829,0,200,320x180,1.9531590000000278,,
2025-12-17T08:50:26.349Z,1.786,0,200,320x180,1.913569999999936,,
2025-12-17T08:50:26.872Z,1.732,0,200,320x180,1.9901579999999512,,
2025-12-17T08:50:27.407Z,1.7,0,200,320x180,1.9635129999999208,,
2025-12-17T08:50:27.904Z,1.69,0,200,320x180,1.962756000000013,,
2025-12-17T08:50:28.459Z,1.669,0,200,320x180,1.9105950000000576,,
2025-12-17T08:50:28.976Z,1.63,0,200,320x180,1.9910460000000967,,
2025-12-17T08:50:29.460Z,1.695,0,200,320x180,2.011457999999948,,
2025-12-17T08:50:29.949Z,1.651,0,200,320x180,1.9212300000000369,,
2025-12-17T08:50:30.441Z,1.709,0,200,320x180,1.9371059999999716,,
2025-12-17T08:50:30.925Z,1.759,0,200,320x180,1.9547589999999673,,
2025-12-17T08:50:31.344Z,1.756,0,200,320x180,1.926994000000036,,
2025-12-17T08:50:31.824Z,1.834,0,200,320x180,1.9372469999999566,,
2025-12-17T08:50:32.237Z,1.899,0,200,320x180,1.9224060000000236,,
2025-12-17T08:50:32.722Z,1.919,0,200,320x180,1.947067000000061,,
2025-12-17T08:50:33.115Z,1.989,0,200,320x180,1.9493999999999687,,
2025-12-17T08:50:33.576Z,2.005,0,200,320x180,2.000444000000016,,
2025-12-17T08:50:34.105Z,2.022,0,200,320x180,1.9610959999999977,,
2025-12-17T08:50:34.617Z,2.059,0,200,320x180,1.9760139999999637,,
2025-12-17T08:50:35.083Z,1.994,0,200,320x180,1.9839989999999261,,
2025-12-17T08:50:35.612Z,1.993,0,200,320x180,1.948554999999942,,
2025-12-17T08:50:36.084Z,2.039,0,200,320x180,1.9879590000000462,,
2025-12-17T08:50:36.583Z,2.044,0,200,320x180,1.993031999999971,,
2025-12-17T08:50:37.081Z,2.043,0,200,320x180,1.9890970000000152,,
2025-12-17T08:50:37.615Z,2.053,0,200,320x180,1.9571640000000343,,
2025-12-17T08:50:38.082Z,2.042,0,200,320x180,1.991484000000014,,
2025-12-17T08:50:38.594Z,2.078,0,200,320x180,1.988020000000006,,
2025-12-17T08:50:39.060Z,2.069,0,200,320x180,2.0054009999998925,,
2025-12-17T08:50:39.592Z,2.031,0,200,320x180,1.974362000000042,,
2025-12-17T08:50:40.074Z,2.046,0,200,320x180,1.9892599999999447,,
2025-12-17T08:50:40.573Z,2.053,0,200,320x180,1.9902209999999059,,
2025-12-17T08:50:41.121Z,2.036,0,200,320x180,1.940095000000042,,
2025-12-17T08:50:41.588Z,2.04,0,200,320x180,1.982120000000009,,
2025-12-17T08:50:42.072Z,2.052,0,200,320x180,1.990310999999906,,
2025-12-17T08:50:42.569Z,2.068,0,200,320x180,2.0163860000000113,,
2025-12-17T08:50:43.115Z,2.046,0,200,320x180,1.9488359999999147,,
2025-12-17T08:50:43.597Z,2.027,0,200,320x180,1.9802779999999984,,
2025-12-17T08:50:44.113Z,2.013,0,200,320x180,1.9586360000000695,,
2025-12-17T08:50:44.613Z,2.046,0,200,320x180,1.9598530000000665,,
2025-12-17T08:50:45.100Z,2.055,0,200,320x180,1.9721590000000333,,
2025-12-17T08:50:45.598Z,2.044,0,200,320x180,1.9685210000000097,,
2025-12-17T08:50:46.065Z,2.058,0,200,320x180,2.0025890000000572,,
2025-12-17T08:50:46.564Z,2.074,0,200,320x180,2.014682999999991,,
2025-12-17T08:50:47.091Z,2.065,0,200,320x180,1.9778430000000071,,
2025-12-17T08:50:47.608Z,2.029,0,200,320x180,1.9598860000000968,,
2025-12-17T08:50:48.074Z,2.049,0,200,320x180,1.9871289999999817,,
2025-12-17T08:50:48.601Z,2.054,0,200,320x180,1.973703999999998,,
2025-12-17T08:50:49.102Z,2.055,0,200,320x180,1.9697850000000017,,
2025-12-17T08:50:49.602Z,2.041,0,200,320x180,1.9642639999999574,,
2025-12-17T08:50:50.127Z,2.028,0,200,320x180,1.9389220000000478,,
2025-12-17T08:50:50.593Z,2.078,0,200,320x180,1.9863180000000966,,
2025-12-17T08:50:51.109Z,2.05,0,200,320x180,1.9602700000000368,,
2025-12-17T08:50:51.579Z,2.01,0,200,320x180,1.9904010000000198,,
2025-12-17T08:50:52.077Z,2.045,0,200,320x180,1.9889280000001008,,
2025-12-17T08:50:52.574Z,2.024,0,200,320x180,1.9916449999999486,,
2025-12-17T08:50:53.059Z,2.053,0,200,320x180,2.0007499999999254,,
2025-12-17T08:50:53.592Z,2.035,0,200,320x180,1.980128000000036,,
2025-12-17T08:50:54.087Z,2.036,0,200,320x180,1.974648000000002,,
2025-12-17T08:50:54.588Z,2.082,0,200,320x180,1.9849169999999958,,
2025-12-17T08:50:55.087Z,2.052,0,200,320x180,1.9760440000000017,,
2025-12-17T08:50:55.602Z,2.059,0,200,320x180,1.9641689999999699,,
2025-12-17T08:50:56.103Z,2.018,0,200,320x180,1.9732380000000376,,
2025-12-17T08:50:56.568Z,2.053,0,200,320x180,2.0010049999999637,,
2025-12-17T08:50:57.104Z,2.054,0,200,320x180,1.971787000000063,,
2025-12-17T08:50:57.598Z,2.027,0,200,320x180,1.9787559999999758,,
2025-12-17T08:50:58.098Z,2.056,0,200,320x180,1.9749189999999999,,
2025-12-17T08:50:58.611Z,2.054,0,200,320x180,1.968236999999931,,
2025-12-17T08:50:59.109Z,2.048,0,200,320x180,1.960992000000033,,
2025-12-17T08:50:59.592Z,2.064,0,200,320x180,1.9768619999999828,,
2025-12-17T08:51:00.063Z,2.058,0,200,320x180,2.000357000000008,,
2025-12-17T08:51:00.596Z,2.023,0,200,320x180,1.972507999999948,,
2025-12-17T08:51:01.093Z,2.062,0,200,320x180,1.97319200000004,,
2025-12-17T08:51:01.590Z,2.034,0,200,320x180,1.9802039999999579,,
2025-12-17T08:51:02.076Z,2.048,0,200,320x180,1.9906240000000253,,
2025-12-17T08:51:02.562Z,2.075,0,200,320x180,2.01247699999999,,
2025-12-17T08:51:03.062Z,2.043,0,200,320x180,2.003900000000044,,
2025-12-17T08:51:03.627Z,2.03,0,200,320x180,1.9425469999999905,,
2025-12-17T08:51:04.129Z,1.993,0,200,320x180,1.93764299999998,,
2025-12-17T08:51:04.625Z,2.008,0,200,320x180,1.938464999999951,,
2025-12-17T08:51:05.141Z,1.984,0,200,320x180,1.926074999999969,,
2025-12-17T08:51:05.629Z,2,0,200,320x180,1.9362909999999829,,
2025-12-17T08:51:06.130Z,2.027,0,200,320x180,1.9357490000001008,,
2025-12-17T08:51:06.598Z,2.068,0,200,320x180,1.9823780000000397,,
2025-12-17T08:51:07.071Z,2.034,0,200,320x180,1.9913519999998925,,
2025-12-17T08:51:07.610Z,2.06,0,200,320x180,1.9713560000000143,,
2025-12-17T08:51:08.141Z,2.047,0,200,320x180,1.922476999999958,,
2025-12-17T08:51:08.219Z,1.987,3,1500,768x432,1.9422559999999294,,
2025-12-17T08:51:09.079Z,1.577,3,1500,768x432,1.9850390000000289,,
2025-12-17T08:51:09.167Z,1.47,0,200,320x180,1.8964149999999336,,
2025-12-17T08:51:09.309Z,1.762,0,200,320x180,1.9497159999999667,,
2025-12-17T08:51:09.564Z,2.041,0,200,320x180,1.9986919999998918,,
2025-12-17T08:51:10.116Z,2.037,0,200,320x180,1.9591560000000072,,
2025-12-17T08:51:10.581Z,2.048,0,200,320x180,1.9969920000000911,,
2025-12-17T08:51:11.114Z,2.015,0,200,320x180,1.956974999999943,,
2025-12-17T08:51:11.592Z,2.06,0,200,320x180,1.9715239999999312,,
2025-12-17T08:51:12.104Z,2.014,0,200,320x180,1.9580829999999878,,
2025-12-17T08:51:12.568Z,2.068,0,200,320x180,2.003029999999967,,
2025-12-17T08:51:13.065Z,2.06,0,200,320x180,2.003359000000046,,
2025-12-17T08:51:13.574Z,2.028,0,200,320x180,1.9879799999999932,,
2025-12-17T08:51:14.073Z,2.049,0,200,320x180,1.9872329999999465,,
2025-12-17T08:51:14.584Z,2.078,0,200,320x180,1.9960969999999634,,
2025-12-17T08:51:15.066Z,2.058,0,200,320x180,2.0014110000000755,,
2025-12-17T08:51:15.613Z,2.042,0,200,320x180,1.9594940000000634,,
2025-12-17T08:51:16.109Z,2.024,0,200,320x180,1.9574830000000247,,
2025-12-17T08:51:16.575Z,2.019,0,200,320x180,1.998004999999921,,
2025-12-17T08:51:17.072Z,2.053,0,200,320x180,1.9912290000000894,,
2025-12-17T08:51:17.571Z,2.015,0,200,320x180,1.9899709999999686,,
2025-12-17T08:51:18.119Z,2.037,0,200,320x180,1.9414339999999584,,
2025-12-17T08:51:18.618Z,2.043,0,200,320x180,1.9466320000000223,,
2025-12-17T08:51:19.114Z,2.04,0,200,320x180,1.9582329999999502,,
2025-12-17T08:51:19.553Z,2.074,0,200,320x180,1.9127140000000509,,
2025-12-17T08:51:20.055Z,2.039,0,200,320x180,1.9100399999999809,,
2025-12-17T08:51:20.615Z,2.049,0,200,320x180,1.9669699999999466,,
2025-12-17T08:51:21.112Z,2.007,0,200,320x180,1.960362000000032,,
2025-12-17T08:51:21.596Z,1.991,0,200,320x180,1.9816649999999072,,
2025-12-17T08:51:22.081Z,2.049,0,200,320x180,1.993304999999964,,
2025-12-17T08:51:22.577Z,2.05,0,200,320x180,1.993957000000023,,
2025-12-17T08:51:23.095Z,2.031,0,200,320x180,1.9732229999999618,,
2025-12-17T08:51:23.580Z,2.039,0,200,320x180,1.9879019999999628,,
2025-12-17T08:51:24.079Z,2.022,0,200,320x180,1.9897429999999758,,
2025-12-17T08:51:24.575Z,2.052,0,200,320x180,1.9946199999999408,,
2025-12-17T08:51:25.060Z,2.011,0,200,320x180,2.001188999999954,,
2025-12-17T08:51:25.595Z,2.038,0,200,320x180,1.986654999999928,,
2025-12-17T08:51:26.062Z,2.064,0,200,320x180,2.0038660000000164,,
2025-12-17T08:51:26.559Z,2.065,0,200,320x180,1.9124960000000328,,
2025-12-17T08:51:27.106Z,2.048,0,200,320x180,1.9566969999999628,,
2025-12-17T08:51:27.574Z,2.045,0,200,320x180,1.9896529999999757,,
2025-12-17T08:51:28.119Z,1.999,0,200,320x180,1.942164000000048,,
2025-12-17T08:51:28.573Z,2.061,0,200,320x180,2.000746000000049,,
2025-12-17T08:51:29.073Z,2.055,0,200,320x180,1.9920080000000553,,
2025-12-17T08:51:29.573Z,2.019,0,200,320x180,2.0117480000000114,,
2025-12-17T08:51:30.072Z,2.059,0,200,320x180,1.9970500000000584,,
2025-12-17T08:51:30.578Z,2.047,0,200,320x180,1.9920309999999972,,
2025-12-17T08:51:31.059Z,2.011,0,200,320x180,1.911856000000057,,
2025-12-17T08:51:31.573Z,2.055,0,200,320x180,1.9959949999999935,,
2025-12-17T08:51:32.075Z,2.079,0,200,320x180,1.9904559999999947,,
2025-12-17T08:51:32.604Z,2.063,0,200,320x180,1.9681939999999258,,
2025-12-17T08:51:33.105Z,2.053,0,200,320x180,1.9619069999999965,,
2025-12-17T08:51:33.574Z,2.036,0,200,320x180,2.0076879999999164,,
2025-12-17T08:51:34.067Z,2.064,0,200,320x180,2.0068169999999554,,
2025-12-17T08:51:34.598Z,2.054,0,200,320x180,1.9746599999999717,,
2025-12-17T08:51:35.081Z,2.067,0,200,320x180,1.9876239999999825,,
2025-12-17T08:51:35.599Z,2.06,0,200,320x180,1.9792669999999362,,
2025-12-17T08:51:36.111Z,2.045,0,200,320x180,1.9588699999999335,,
2025-12-17T08:51:36.562Z,2.05,0,200,320x180,2.00836199999992,,
2025-12-17T08:51:37.091Z,2.068,0,200,320x180,1.9751449999999977,,
2025-12-17T08:51:37.606Z,2.068,0,200,320x180,1.9767099999999118,,
2025-12-17T08:51:38.106Z,2.034,0,200,320x180,1.9634549999999535,,
2025-12-17T08:51:38.556Z,2.079,0,200,320x180,1.9158449999999903,,
2025-12-17T08:51:39.077Z,2.044,0,200,320x180,1.9893379999999752,,
2025-12-17T08:51:39.580Z,2.08,0,200,320x180,1.9933340000000044,,
2025-12-17T08:51:40.100Z,2.057,0,200,320x180,1.9724820000000136,,
2025-12-17T08:51:40.568Z,2.012,0,200,320x180,2.0090599999999768,,
2025-12-17T08:51:41.067Z,2.057,0,200,320x180,2.0018380000000207,,
2025-12-17T08:51:41.565Z,2.071,0,200,320x180,2.0152660000001106,,
2025-12-17T08:51:42.076Z,2.062,0,200,320x180,1.9930719999999837,,
2025-12-17T08:51:42.574Z,2.084,0,200,320x180,1.9919780000000173,,
2025-12-17T08:51:43.070Z,2.05,0,200,320x180,1.988858999999934,,
2025-12-17T08:51:43.585Z,2.072,0,200,320x180,1.9912509999999202,,
2025-12-17T08:51:44.087Z,2.069,0,200,320x180,1.9738609999999426,,
2025-12-17T08:51:44.571Z,2.041,0,200,320x180,1.9989349999999604,,
2025-12-17T08:51:45.066Z,2.059,0,200,320x180,2.0024760000000015,,
2025-12-17T08:51:45.560Z,2.077,0,200,320x180,2.0142689999998993,,
2025-12-17T08:51:46.090Z,2.072,0,200,320x180,1.9744479999999385,,
2025-12-17T08:51:46.601Z,2.039,0,200,320x180,1.9765529999999671,,
2025-12-17T08:51:47.084Z,2.071,0,200,320x180,1.9887509999999793,,
2025-12-17T08:51:47.598Z,2.058,0,200,320x180,1.9726229999999987,,
2025-12-17T08:51:48.099Z,2.056,0,200,320x180,1.9721960000000536,,
2025-12-17T08:51:48.598Z,2.063,0,200,320x180,1.9678139999999757,,
2025-12-17T08:51:49.096Z,2.061,0,200,320x180,1.9740749999999707,,
2025-12-17T08:51:49.595Z,2.073,0,200,320x180,1.9856989999999541,,
2025-12-17T08:51:50.044Z,2.058,0,200,320x180,1.9307340000000295,,
2025-12-17T08:51:50.560Z,2.01,0,200,320x180,2.0008039999999028,,
2025-12-17T08:51:51.087Z,2.015,0,200,320x180,1.973165999999992,,
2025-12-17T08:51:51.566Z,2.046,0,200,320x180,2.004413999999997,,
2025-12-17T08:51:52.066Z,2.039,0,200,320x180,1.9989679999999908,,
2025-12-17T08:51:52.603Z,2.022,0,200,320x180,1.9627739999999676,,
2025-12-17T08:51:53.101Z,2.07,0,200,320x180,1.9591159999999945,,
2025-12-17T08:51:53.554Z,2.053,0,200,320x180,1.92297300000007,,
2025-12-17T08:51:54.067Z,2.038,0,200,320x180,2.0029930000000604,,
2025-12-17T08:51:54.583Z,2.068,0,200,320x180,1.9933559999999488,,
2025-12-17T08:51:55.111Z,1.992,0,200,320x180,1.958458999999948,,
2025-12-17T08:51:55.580Z,2.04,0,200,320x180,1.9887519999999768,,
2025-12-17T08:51:56.081Z,2.074,0,200,320x180,1.98800499999993,,
2025-12-17T08:51:56.652Z,1.982,0,200,320x180,1.9166369999999233,,
2025-12-17T08:51:58.011Z,1.078,0,200,320x180,1.9618720000000849,,
2025-12-17T08:51:58.405Z,1.202,0,200,320x180,1.9631539999999177,,
2025-12-17T08:51:58.825Z,1.313,0,200,320x180,1.9403639999999314,,
2025-12-17T08:51:59.198Z,1.406,0,200,320x180,1.960884999999962,,
2025-12-17T08:51:59.604Z,1.515,0,200,320x180,1.97515599999997,,
2025-12-17T08:52:00.056Z,1.636,0,200,320x180,1.9134950000000117,,
2025-12-17T08:52:00.416Z,1.695,0,200,320x180,1.9619769999999335,,
2025-12-17T08:52:00.853Z,1.805,0,200,320x180,1.9121430000000146,,
2025-12-17T08:52:01.242Z,1.912,0,200,320x180,1.9259590000000344,,
2025-12-17T08:52:01.646Z,2.013,0,200,320x180,1.9293219999999565,,
2025-12-17T08:52:02.066Z,2.037,0,200,320x180,2.0006779999999935,,
2025-12-17T08:52:02.558Z,2.056,0,200,320x180,1.9171329999999216,,
2025-12-17T08:52:03.065Z,2.074,0,200,320x180,2.002872000000025,,
2025-12-17T08:52:03.580Z,2.06,0,200,320x180,1.9986679999999524,,
2025-12-17T08:52:04.065Z,2.045,0,200,320x180,2.0066770000000815,,
2025-12-17T08:52:04.560Z,2.046,0,200,320x180,2.003894999999943,,
2025-12-17T08:52:05.110Z,2.076,0,200,320x180,1.9584639999999354,,
2025-12-17T08:52:05.593Z,2.065,0,200,320x180,1.97487000000001,,
2025-12-17T08:52:05.984Z,2.183,0,200,320x180,1.9890589999999975,,
2025-12-17T08:52:07.043Z,1.127,0,200,320x180,1.931314000000043,,
2025-12-17T08:52:08.077Z,0.156,0,200,320x180,1.9919419999999946,,rebuffer happen
2025-12-17T08:52:08.212Z,0.02,0,200,320x180,1.9539270000000215,,rebuffer happen
2025-12-17T08:52:09.097Z,0.02,0,200,320x180,2.8569270000000415,,