timestamp,bufferLevel,qualityIndex,bitrateKbps,resolution,liveLatency,predictedKbps,rebuffer
2025-12-19T07:16:10.514Z,0,2,1000,640x360,0.7475,,
2025-12-19T07:16:10.520Z,0,2,1000,640x360,0.7475,,rebuffer happen
2025-12-19T07:16:11.406Z,0,2,1000,640x360,1.6445,,
2025-12-19T07:16:11.476Z,0.5,0,200,320x180,1.7545,,
2025-12-19T07:16:11.622Z,0.903,0,200,320x180,1.848989,,
2025-12-19T07:16:11.694Z,0.907,1,600,480x270,1.790164,,
2025-12-19T07:16:12.141Z,0.956,1,600,480x270,1.9165639999999997,,
2025-12-19T07:16:12.474Z,1.162,1,600,480x270,1.9078320000000002,,
2025-12-19T07:16:12.868Z,1.239,1,600,480x270,1.937692,,
2025-12-19T07:16:13.183Z,1.361,1,600,480x270,1.9382890000000002,,
2025-12-19T07:16:13.518Z,1.646,1,600,480x270,1.9066950000000003,,
2025-12-19T07:16:14.619Z,1.101,1,600,480x270,1.904283,,
2025-12-19T07:16:15.290Z,1.013,1,600,480x270,1.9459490000000002,,
2025-12-19T07:16:15.891Z,0.749,1,600,480x270,1.93377,,
2025-12-19T07:16:15.959Z,0.787,2,1000,640x360,1.9600360000000006,,
2025-12-19T07:16:16.600Z,0.316,2,1000,640x360,1.9251069999999997,,
2025-12-19T07:16:16.674Z,0.551,1,600,480x270,1.9588679999999998,,
2025-12-19T07:16:17.027Z,0.646,1,600,480x270,1.9924729999999995,,
2025-12-19T07:16:17.107Z,0.65,2,1000,640x360,1.9205519999999998,,
2025-12-19T07:16:17.431Z,0.258,2,1000,640x360,2.0000219999999995,,rebuffer happen
2025-12-19T07:16:17.655Z,0.029,2,1000,640x360,1.976921,,rebuffer happen
2025-12-19T07:16:17.722Z,0.029,2,1000,640x360,2.0719210000000006,,
2025-12-19T07:16:17.795Z,0.529,1,600,480x270,2.014762,,
2025-12-19T07:16:18.145Z,0.609,1,600,480x270,2.0598590000000003,,
2025-12-19T07:16:18.217Z,0.578,2,1000,640x360,1.9802240000000007,,
2025-12-19T07:16:18.441Z,0.284,2,1000,640x360,2.0281460000000004,,rebuffer happen
2025-12-19T07:16:18.689Z,0.021,2,1000,640x360,1.9686789999999998,,rebuffer happen
2025-12-19T07:16:18.889Z,0.021,2,1000,640x360,2.1646789999999996,,
2025-12-19T07:16:18.964Z,0.472,1,600,480x270,2.2012479999999988,,
2025-12-19T07:16:19.344Z,0.527,1,600,480x270,2.173546,,
2025-12-19T07:16:19.757Z,0.499,1,600,480x270,2.0748569999999997,,
2025-12-19T07:16:20.131Z,0.634,1,600,480x270,2.076689,,
2025-12-19T07:16:20.204Z,0.628,2,1000,640x360,2.0114779999999985,,
2025-12-19T07:16:20.526Z,0.213,2,1000,640x360,1.9581040000000005,,rebuffer happen
2025-12-19T07:16:20.708Z,0.03,2,1000,640x360,1.9795999999999996,,rebuffer happen
2025-12-19T07:16:20.816Z,0.03,2,1000,640x360,2.073599999999999,,
2025-12-19T07:16:20.892Z,0.53,1,600,480x270,2.1140570000000007,,
2025-12-19T07:16:21.271Z,0.596,1,600,480x270,2.1350979999999993,,
2025-12-19T07:16:21.672Z,0.598,1,600,480x270,2.0582779999999996,,
2025-12-19T07:16:22.045Z,0.673,1,600,480x270,2.0424439999999997,,
2025-12-19T07:16:22.451Z,0.764,1,600,480x270,2.003126999999999,,
2025-12-19T07:16:22.520Z,0.76,2,1000,640x360,1.9307929999999995,,
2025-12-19T07:16:23.098Z,0.1,2,1000,640x360,1.9423379999999995,,rebuffer happen
2025-12-19T07:16:23.143Z,0.1,2,1000,640x360,2.0011039999999998,,
2025-12-19T07:16:23.217Z,0.553,1,600,480x270,1.925528,,
2025-12-19T07:16:23.587Z,0.594,1,600,480x270,1.9404419999999991,,
2025-12-19T07:16:23.655Z,0.543,2,1000,640x360,1.977599999999999,,
2025-12-19T07:16:23.894Z,0.285,2,1000,640x360,1.9316759999999995,,rebuffer happen
2025-12-19T07:16:24.177Z,0.017,2,1000,640x360,1.9655569999999987,,rebuffer happen
2025-12-19T07:16:24.252Z,0.017,2,1000,640x360,2.0585569999999986,,
2025-12-19T07:16:24.341Z,0.517,1,600,480x270,2.0931370000000005,,
2025-12-19T07:16:24.715Z,0.546,1,600,480x270,1.9886780000000002,,
2025-12-19T07:16:25.096Z,0.631,1,600,480x270,1.9908069999999984,,
2025-12-19T07:16:25.170Z,0.638,2,1000,640x360,2.017465999999999,,
2025-12-19T07:16:25.503Z,0.224,2,1000,640x360,1.966692,,rebuffer happen
2025-12-19T07:16:25.695Z,0.021,2,1000,640x360,1.9668669999999988,,rebuffer happen
2025-12-19T07:16:25.768Z,0.021,2,1000,640x360,2.070866999999998,,
2025-12-19T07:16:25.841Z,0.521,1,600,480x270,2.1129570000000015,,
2025-12-19T07:16:26.227Z,0.541,1,600,480x270,2.1042489999999994,,
2025-12-19T07:16:26.622Z,0.599,1,600,480x270,2.059434999999999,,
2025-12-19T07:16:27.054Z,0.625,1,600,480x270,2.001640000000002,,
2025-12-19T07:16:27.122Z,0.659,2,1000,640x360,1.9401090000000014,,
2025-12-19T07:16:27.549Z,0.155,2,1000,640x360,1.9998640000000005,,rebuffer happen
2025-12-19T07:16:27.680Z,0.021,2,1000,640x360,1.9691019999999995,,rebuffer happen
2025-12-19T07:16:27.916Z,0.021,2,1000,640x360,2.172101999999999,,
2025-12-19T07:16:27.999Z,0.505,1,600,480x270,2.173862999999997,,
2025-12-19T07:16:28.316Z,0.596,1,600,480x270,2.1366290000000028,,
2025-12-19T07:16:28.390Z,0.593,2,1000,640x360,2.149692999999999,,
2025-12-19T07:16:28.642Z,0.185,2,1000,640x360,2.127554,,rebuffer happen
2025-12-19T07:16:28.781Z,0.028,2,1000,640x360,2.0830979999999997,,rebuffer happen
2025-12-19T07:16:28.961Z,0.028,2,1000,640x360,2.271098000000002,,
2025-12-19T07:16:29.027Z,0.497,1,600,480x270,2.209301,,
2025-12-19T07:16:29.399Z,0.487,1,600,480x270,2.133005999999998,,
2025-12-19T07:16:29.478Z,0.484,2,1000,640x360,2.127333,,
2025-12-19T07:16:29.565Z,0.276,2,1000,640x360,2.1272940000000027,,rebuffer happen
2025-12-19T07:16:29.782Z,0.029,2,1000,640x360,2.0760889999999996,,rebuffer happen
2025-12-19T07:16:30.039Z,0.029,2,1000,640x360,2.3760890000000003,,
2025-12-19T07:16:30.119Z,0.497,1,600,480x270,2.2931859999999986,,
2025-12-19T07:16:30.444Z,0.503,1,600,480x270,2.256926,,
2025-12-19T07:16:30.773Z,0.583,1,600,480x270,2.1291009999999986,,
2025-12-19T07:16:30.851Z,0.514,2,1000,640x360,2.134673999999997,,
2025-12-19T07:16:31.097Z,0.215,2,1000,640x360,2.063215000000003,,rebuffer happen
2025-12-19T07:16:31.283Z,0.017,2,1000,640x360,2.063486000000001,,rebuffer happen
2025-12-19T07:16:31.387Z,0.017,2,1000,640x360,2.163485999999999,,
2025-12-19T07:16:31.462Z,0.517,1,600,480x270,2.1982989999999987,,
2025-12-19T07:16:31.812Z,0.477,1,600,480x270,2.0908770000000025,,
2025-12-19T07:16:31.881Z,0.539,2,1000,640x360,2.1015719999999973,,
2025-12-19T07:16:32.074Z,0.239,2,1000,640x360,2.0864100000000008,,rebuffer happen
2025-12-19T07:16:32.250Z,0.034,2,1000,640x360,2.0847489999999986,,rebuffer happen
2025-12-19T07:16:32.269Z,0.034,2,1000,640x360,2.0847489999999986,,
2025-12-19T07:16:32.335Z,0.534,1,600,480x270,2.1262299999999996,,
2025-12-19T07:16:32.573Z,0.731,1,600,480x270,2.091069000000001,,
2025-12-19T07:16:32.645Z,0.697,2,1000,640x360,2.1066869999999973,,
2025-12-19T07:16:32.977Z,0.284,2,1000,640x360,2.0325169999999986,,rebuffer happen
2025-12-19T07:16:33.086Z,0.217,2,1000,640x360,2.017011,,
2025-12-19T07:16:33.160Z,0.671,1,600,480x270,2.052253999999998,,
2025-12-19T07:16:33.499Z,0.747,1,600,480x270,1.9863389999999974,,
2025-12-19T07:16:33.564Z,0.738,2,1000,640x360,2.0104880000000023,,
2025-12-19T07:16:34.087Z,0.383,2,1000,640x360,1.977678000000001,,
2025-12-19T07:16:34.437Z,0.261,2,1000,640x360,2.0031789999999994,,rebuffer happen
2025-12-19T07:16:34.604Z,0.261,2,1000,640x360,1.9391979999999975,,
2025-12-19T07:16:34.683Z,0.561,1,600,480x270,1.9522319999999986,,
2025-12-19T07:16:34.961Z,0.716,1,600,480x270,1.9654039999999995,,
2025-12-19T07:16:35.027Z,0.723,3,1500,768x432,1.8991030000000002,,
2025-12-19T07:16:35.433Z,0.258,3,1500,768x432,2.012695000000001,,rebuffer happen
2025-12-19T07:16:35.653Z,0.033,3,1500,768x432,1.9785009999999978,,rebuffer happen
2025-12-19T07:16:36.024Z,0.033,3,1500,768x432,2.3745009999999986,,
2025-12-19T07:16:36.104Z,0.533,2,1000,640x360,2.3106679999999997,,
2025-12-19T07:16:36.279Z,0.265,2,1000,640x360,2.318815999999998,,rebuffer happen
2025-12-19T07:16:36.454Z,0.03,2,1000,640x360,2.2820950000000018,,rebuffer happen
2025-12-19T07:16:36.873Z,0.03,2,1000,640x360,2.6720949999999988,,
2025-12-19T07:16:36.946Z,0.53,1,600,480x270,2.7124399999999973,,
2025-12-19T07:16:37.096Z,0.298,1,600,480x270,2.6080289999999984,,rebuffer happen
2025-12-19T07:16:37.315Z,0.445,1,600,480x270,2.4928659999999994,,
2025-12-19T07:16:37.383Z,0.441,3,1500,768x432,2.4859930000000006,,
2025-12-19T07:16:37.508Z,0.163,3,1500,768x432,2.4053889999999996,,rebuffer happen
2025-12-19T07:16:37.588Z,0.048,3,1500,768x432,2.397103999999999,,rebuffer happen
2025-12-19T07:16:37.977Z,0.048,3,1500,768x432,2.7901039999999995,,
2025-12-19T07:16:38.054Z,0.548,1,600,480x270,2.8283590000000025,,
2025-12-19T07:16:38.302Z,0.615,1,600,480x270,2.6969199999999987,,
2025-12-19T07:16:38.568Z,0.703,1,600,480x270,2.596948000000001,,
2025-12-19T07:16:39.242Z,0.409,1,600,480x270,2.3997600000000006,,
2025-12-19T07:16:39.450Z,0.167,1,600,480x270,2.3120399999999997,,rebuffer happen
2025-12-19T07:16:39.632Z,0.334,1,600,480x270,2.296603000000001,,
2025-12-19T07:16:39.701Z,0.354,3,1500,768x432,2.227261000000002,,
2025-12-19T07:16:39.702Z,0.285,3,1500,768x432,2.2265630000000023,,rebuffer happen
2025-12-19T07:16:39.957Z,0.031,3,1500,768x432,2.272464999999997,,rebuffer happen
2025-12-19T07:16:40.448Z,0.031,3,1500,768x432,2.7744649999999993,,
2025-12-19T07:16:40.526Z,0.5,2,1000,640x360,2.689389000000002,,
2025-12-19T07:16:40.626Z,0.299,2,1000,640x360,2.7454910000000012,,rebuffer happen
2025-12-19T07:16:40.824Z,0.033,2,1000,640x360,2.6785669999999975,,rebuffer happen
2025-12-19T07:16:41.543Z,0.033,2,1000,640x360,3.3785670000000003,,
2025-12-19T07:16:41.886Z,0.074,2,1000,640x360,3.2195099999999996,,rebuffer happen
2025-12-19T07:16:41.908Z,0.041,2,1000,640x360,3.1864089999999976,,rebuffer happen
2025-12-19T07:16:42.060Z,0.041,2,1000,640x360,3.387408999999998,,
2025-12-19T07:16:42.408Z,0.036,2,1000,640x360,3.178011999999999,,rebuffer happen
2025-12-19T07:16:42.409Z,0.036,2,1000,640x360,3.178011999999999,,rebuffer happen
2025-12-19T07:16:42.579Z,0.036,2,1000,640x360,3.378012000000002,,
2025-12-19T07:16:42.659Z,0.536,1,600,480x270,3.4053439999999995,,
2025-12-19T07:16:42.803Z,0.282,1,600,480x270,3.2963780000000007,,rebuffer happen
2025-12-19T07:16:42.971Z,0.451,1,600,480x270,3.2476220000000033,,
2025-12-19T07:16:43.310Z,0.559,1,600,480x270,3.1186449999999972,,
2025-12-19T07:16:43.389Z,0.572,3,1500,768x432,3.1082870000000007,,
2025-12-19T07:16:43.518Z,0.261,3,1500,768x432,3.006205999999999,,rebuffer happen
2025-12-19T07:16:43.660Z,0.05,3,1500,768x432,2.9980600000000024,,rebuffer happen
2025-12-19T07:16:44.292Z,0.05,3,1500,768x432,3.5950599999999966,,
2025-12-19T07:16:44.377Z,0.55,1,600,480x270,3.6282890000000023,,
2025-12-19T07:16:44.794Z,0.394,1,600,480x270,3.449717999999997,,
2025-12-19T07:16:44.861Z,0.403,0,200,320x180,3.452527,,
2025-12-19T07:16:44.999Z,0.548,0,200,320x180,3.3425290000000025,,
2025-12-19T07:16:45.080Z,0.597,2,1000,640x360,3.3536520000000003,,
2025-12-19T07:16:45.317Z,0.262,2,1000,640x360,3.307196999999995,,rebuffer happen
2025-12-19T07:16:45.461Z,0.046,2,1000,640x360,3.287267,,rebuffer happen
2025-12-19T07:16:45.741Z,0.046,2,1000,640x360,3.591266999999995,,
2025-12-19T07:16:45.814Z,0.546,0,200,320x180,3.5336249999999936,,
2025-12-19T07:16:45.956Z,0.84,0,200,320x180,3.6068309999999997,,
2025-12-19T07:16:46.030Z,0.832,3,1500,768x432,3.5150149999999982,,
2025-12-19T07:16:46.525Z,0.037,3,1500,768x432,3.3836119999999994,,rebuffer happen
2025-12-19T07:16:46.529Z,0.032,3,1500,768x432,3.378389999999996,,rebuffer happen
2025-12-19T07:16:47.010Z,0.032,3,1500,768x432,3.7753899999999945,,
2025-12-19T07:16:47.089Z,0.492,0,200,320x180,3.792256000000002,,
2025-12-19T07:16:47.227Z,0.703,0,200,320x180,3.793754,,
2025-12-19T07:16:47.307Z,0.745,1,600,480x270,3.6733169999999973,,
2025-12-19T07:16:47.722Z,0.54,1,600,480x270,3.545604999999995,,
2025-12-19T07:16:48.126Z,0.427,1,600,480x270,3.395164000000001,,
2025-12-19T07:16:48.278Z,0.225,1,600,480x270,3.2699309999999997,,rebuffer happen
2025-12-19T07:16:48.388Z,0.294,1,600,480x270,3.2066910000000064,,rebuffer happen
2025-12-19T07:16:48.529Z,0.328,1,600,480x270,3.1985370000000017,,
2025-12-19T07:16:48.657Z,0.158,1,600,480x270,3.1035660000000007,,rebuffer happen
2025-12-19T07:16:48.922Z,0.291,1,600,480x270,3.1349839999999958,,rebuffer happen
2025-12-19T07:16:48.952Z,0.335,1,600,480x270,3.090021,,
2025-12-19T07:16:49.022Z,0.242,1,600,480x270,3.0852140000000006,,rebuffer happen
2025-12-19T07:16:49.374Z,0.324,1,600,480x270,2.9611829999999983,,
2025-12-19T07:16:49.388Z,0.299,2,1000,640x360,2.9475979999999993,,rebuffer happen
2025-12-19T07:16:49.446Z,0.299,2,1000,640x360,2.964538999999995,,
2025-12-19T07:16:49.631Z,0.027,2,1000,640x360,2.970989000000003,,rebuffer happen
2025-12-19T07:16:50.060Z,0.027,2,1000,640x360,3.375989000000004,,
2025-12-19T07:16:50.131Z,0.487,1,600,480x270,3.4044219999999967,,
2025-12-19T07:16:50.286Z,0.297,1,600,480x270,3.2809969999999993,,rebuffer happen
2025-12-19T07:16:50.464Z,0.469,1,600,480x270,3.216735,,
2025-12-19T07:16:50.623Z,0.292,1,600,480x270,3.1697789999999983,,rebuffer happen
2025-12-19T07:16:50.800Z,0.464,1,600,480x270,3.0047849999999983,,
2025-12-19T07:16:50.957Z,0.225,1,600,480x270,2.979573000000002,,rebuffer happen
2025-12-19T07:16:51.140Z,0.508,1,600,480x270,2.9601919999999993,,
2025-12-19T07:16:51.226Z,0.43,2,1000,640x360,2.9670479999999984,,
2025-12-19T07:16:51.483Z,0.042,2,1000,640x360,2.783421000000004,,rebuffer happen
2025-12-19T07:16:51.484Z,0.042,2,1000,640x360,2.783421000000004,,rebuffer happen
2025-12-19T07:16:51.773Z,0.042,2,1000,640x360,3.0964209999999994,,
2025-12-19T07:16:51.842Z,0.542,1,600,480x270,3.1382679999999965,,
2025-12-19T07:16:52.226Z,0.57,1,600,480x270,3.1276870000000017,,
2025-12-19T07:16:52.294Z,0.528,2,1000,640x360,3.0589340000000007,,
2025-12-19T07:16:52.534Z,0.153,2,1000,640x360,2.9985169999999997,,rebuffer happen
2025-12-19T07:16:52.617Z,0.029,2,1000,640x360,2.874534000000004,,rebuffer happen
2025-12-19T07:16:52.778Z,0.029,2,1000,640x360,3.0715339999999998,,
2025-12-19T07:16:52.857Z,0.529,1,600,480x270,3.108359,,
2025-12-19T07:16:53.193Z,0.562,1,600,480x270,3.003609999999995,,
2025-12-19T07:16:53.263Z,0.555,3,1500,768x432,3.0074609999999993,,
2025-12-19T07:16:53.391Z,0.261,3,1500,768x432,2.911028999999999,,rebuffer happen
2025-12-19T07:16:53.601Z,0.041,3,1500,768x432,2.894145999999999,,rebuffer happen
2025-12-19T07:16:54.010Z,0.041,3,1500,768x432,3.283146000000002,,
2025-12-19T07:16:54.076Z,0.541,1,600,480x270,3.342897999999998,,
2025-12-19T07:16:54.406Z,0.498,1,600,480x270,3.1737859999999998,,
2025-12-19T07:16:54.478Z,0.524,2,1000,640x360,3.157857,,
2025-12-19T07:16:54.670Z,0.129,2,1000,640x360,3.073433999999999,,rebuffer happen
2025-12-19T07:16:54.735Z,0.032,2,1000,640x360,3.0842069999999993,,rebuffer happen
2025-12-19T07:16:55.039Z,0.032,2,1000,640x360,3.3832069999999987,,
2025-12-19T07:16:55.436Z,0.044,2,1000,640x360,3.2859300000000005,,rebuffer happen
2025-12-19T07:16:55.437Z,0.044,2,1000,640x360,3.2859300000000005,,rebuffer happen
2025-12-19T07:16:55.612Z,0.044,2,1000,640x360,3.3939299999999974,,
2025-12-19T07:16:55.680Z,0.544,1,600,480x270,3.4243919999999974,,
2025-12-19T07:16:56.018Z,0.493,1,600,480x270,3.2409299999999988,,
2025-12-19T07:16:56.414Z,0.552,1,600,480x270,3.158752,,
2025-12-19T07:16:56.605Z,0.298,1,600,480x270,3.088317999999994,,rebuffer happen
2025-12-19T07:16:56.823Z,0.418,1,600,480x270,3.048045000000002,,
2025-12-19T07:16:56.890Z,0.403,3,1500,768x432,2.948931999999999,,
2025-12-19T07:16:57.005Z,0.133,3,1500,768x432,2.8740670000000037,,rebuffer happen
2025-12-19T07:16:57.121Z,0.018,3,1500,768x432,2.9599369999999965,,rebuffer happen
2025-12-19T07:16:57.976Z,0.018,3,1500,768x432,3.7609369999999984,,
2025-12-19T07:16:58.062Z,0.518,1,600,480x270,3.7896420000000006,,
2025-12-19T07:16:58.187Z,0.272,1,600,480x270,3.717461,,rebuffer happen
2025-12-19T07:16:58.485Z,0.319,1,600,480x270,3.5717379999999963,,
2025-12-19T07:16:58.562Z,0.324,0,200,320x180,3.551562000000004,,
2025-12-19T07:16:58.563Z,0.208,0,200,320x180,3.550367999999999,,rebuffer happen
2025-12-19T07:16:58.702Z,0.489,0,200,320x180,3.441383000000002,,
2025-12-19T07:16:58.783Z,0.495,1,600,480x270,3.4220200000000034,,
2025-12-19T07:16:58.972Z,0.095,1,600,480x270,3.3415699999999973,,rebuffer happen
2025-12-19T07:16:59.178Z,0.36,1,600,480x270,3.315379,,
2025-12-19T07:16:59.251Z,0.26,1,600,480x270,3.3026879999999963,,rebuffer happen
2025-12-19T07:16:59.611Z,0.257,1,600,480x270,3.128961000000004,,
2025-12-19T07:16:59.683Z,0.274,2,1000,640x360,3.1483520000000027,,
2025-12-19T07:16:59.856Z,0.03,2,1000,640x360,3.1800369999999987,,rebuffer happen
2025-12-19T07:17:00.352Z,0.03,2,1000,640x360,3.6740369999999984,,
2025-12-19T07:17:00.432Z,0.504,1,600,480x270,3.5844820000000013,,
2025-12-19T07:17:00.526Z,0.299,1,600,480x270,3.646516999999996,,rebuffer happen
2025-12-19T07:17:00.883Z,0.409,1,600,480x270,3.542250000000003,,
2025-12-19T07:17:00.980Z,0.268,1,600,480x270,3.5221909999999994,,rebuffer happen
2025-12-19T07:17:01.261Z,0.414,1,600,480x270,3.4844989999999996,,
2025-12-19T07:17:01.334Z,0.433,0,200,320x180,3.4697609999999983,,
2025-12-19T07:17:01.475Z,0.571,0,200,320x180,3.3552990000000023,,
2025-12-19T07:17:01.555Z,0.614,1,600,480x270,3.3396779999999993,,
2025-12-19T07:17:01.702Z,0.274,1,600,480x270,3.2174770000000024,,rebuffer happen
2025-12-19T07:17:01.951Z,0.496,1,600,480x270,3.257825000000004,,
2025-12-19T07:17:02.023Z,0.493,2,1000,640x360,3.1613830000000007,,
2025-12-19T07:17:02.237Z,0.131,2,1000,640x360,3.1849190000000007,,rebuffer happen
2025-12-19T07:17:02.292Z,0.049,2,1000,640x360,3.1029809999999998,,rebuffer happen
2025-12-19T07:17:02.661Z,0.049,2,1000,640x360,3.4919810000000027,,
2025-12-19T07:17:02.741Z,0.549,0,200,320x180,3.5306789999999992,,
2025-12-19T07:17:02.875Z,0.744,0,200,320x180,3.461291000000003,,
2025-12-19T07:17:03.017Z,1.063,0,200,320x180,3.3545209999999983,,
2025-12-19T07:17:03.101Z,1.036,1,600,480x270,3.367744000000002,,
2025-12-19T07:17:03.494Z,0.926,1,600,480x270,3.1721919999999955,,
2025-12-19T07:17:03.917Z,0.789,1,600,480x270,2.9383139999999983,,
2025-12-19T07:17:04.349Z,0.712,1,600,480x270,2.865881999999999,,
2025-12-19T07:17:04.723Z,0.655,1,600,480x270,2.709769999999999,,
2025-12-19T07:17:05.106Z,0.638,1,600,480x270,2.490285,,
2025-12-19T07:17:05.179Z,0.644,2,1000,640x360,2.528102000000004,,
2025-12-19T07:17:05.473Z,0.169,2,1000,640x360,2.4214610000000008,,rebuffer happen
2025-12-19T07:17:05.561Z,0.045,2,1000,640x360,2.389136999999998,,rebuffer happen
2025-12-19T07:17:05.823Z,0.045,2,1000,640x360,2.6891370000000023,,
2025-12-19T07:17:05.896Z,0.545,0,200,320x180,2.6319599999999994,,
2025-12-19T07:17:06.029Z,0.813,0,200,320x180,2.7126500000000036,,
2025-12-19T07:17:06.114Z,0.797,2,1000,640x360,2.6023800000000037,,
2025-12-19T07:17:06.612Z,0.031,2,1000,640x360,2.377594000000002,,rebuffer happen
2025-12-19T07:17:06.613Z,0.031,2,1000,640x360,2.377594000000002,,rebuffer happen
2025-12-19T07:17:06.744Z,0.031,2,1000,640x360,2.580594000000005,,
2025-12-19T07:17:06.818Z,0.51,0,200,320x180,2.4976780000000005,,
2025-12-19T07:17:06.969Z,0.67,0,200,320x180,2.470353000000003,,
2025-12-19T07:17:07.037Z,0.728,1,600,480x270,2.4832269999999994,,
2025-12-19T07:17:07.421Z,0.614,1,600,480x270,2.3793560000000014,,
2025-12-19T07:17:07.791Z,0.622,1,600,480x270,2.1869629999999987,,
2025-12-19T07:17:07.864Z,0.558,3,1500,768x432,2.1854419999999948,,
2025-12-19T07:17:08.214Z,0.172,3,1500,768x432,2.113273999999997,,rebuffer happen
2025-12-19T07:17:08.363Z,0.022,3,1500,768x432,2.1667929999999984,,rebuffer happen
2025-12-19T07:17:08.853Z,0.022,3,1500,768x432,2.6667929999999984,,
2025-12-19T07:17:08.928Z,0.494,1,600,480x270,2.586835999999998,,
2025-12-19T07:17:09.250Z,0.534,1,600,480x270,2.5980929999999987,,
2025-12-19T07:17:09.319Z,0.466,2,1000,640x360,2.497441000000002,,
2025-12-19T07:17:09.432Z,0.283,2,1000,640x360,2.5264899999999955,,rebuffer happen
2025-12-19T07:17:09.598Z,0.045,2,1000,640x360,2.3866370000000003,,rebuffer happen
2025-12-19T07:17:09.878Z,0.045,2,1000,640x360,2.688637,,
2025-12-19T07:17:09.944Z,0.545,1,600,480x270,2.735040000000005,,
2025-12-19T07:17:10.255Z,0.53,1,600,480x270,2.6258479999999977,,
2025-12-19T07:17:10.563Z,0.63,1,600,480x270,2.470380999999996,,
2025-12-19T07:17:10.893Z,0.659,1,600,480x270,2.2990059999999986,,
2025-12-19T07:17:10.971Z,0.607,2,1000,640x360,2.300163000000005,,
2025-12-19T07:17:11.195Z,0.282,2,1000,640x360,2.223869999999998,,rebuffer happen
2025-12-19T07:17:11.383Z,0.036,2,1000,640x360,2.178734999999996,,rebuffer happen
2025-12-19T07:17:11.518Z,0.036,2,1000,640x360,2.286735,,
2025-12-19T07:17:11.597Z,0.536,1,600,480x270,2.3168909999999983,,
2025-12-19T07:17:11.922Z,0.532,1,600,480x270,2.2964369999999974,,
2025-12-19T07:17:12.155Z,0.757,1,600,480x270,2.2534770000000037,,
2025-12-19T07:17:12.238Z,0.78,3,1500,768x432,2.2462459999999993,,
2025-12-19T07:17:12.708Z,0.114,3,1500,768x432,2.0643499999999975,,rebuffer happen
2025-12-19T07:17:12.784Z,0.025,3,1500,768x432,2.0697699999999983,,rebuffer happen
2025-12-19T07:17:12.892Z,0.025,3,1500,768x432,2.17577,,
2025-12-19T07:17:12.971Z,0.525,1,600,480x270,2.2102369999999993,,
2025-12-19T07:17:13.214Z,0.625,1,600,480x270,2.1235090000000056,,
2025-12-19T07:17:13.519Z,0.793,1,600,480x270,2.039133999999997,,
2025-12-19T07:17:13.594Z,0.738,3,1500,768x432,2.048513000000007,,
2025-12-19T07:17:14.097Z,0.153,3,1500,768x432,2.0073440000000033,,rebuffer happen
2025-12-19T07:17:14.185Z,0.058,3,1500,768x432,2.006129999999999,,rebuffer happen
2025-12-19T07:17:14.381Z,0.058,3,1500,768x432,2.2101300000000066,,
2025-12-19T07:17:14.451Z,0.512,1,600,480x270,2.24361600000001,,
2025-12-19T07:17:14.753Z,0.607,1,600,480x270,2.1510710000000017,,
2025-12-19T07:17:14.828Z,0.609,2,1000,640x360,2.059337999999997,,
2025-12-19T07:17:15.066Z,0.242,2,1000,640x360,2.0923879999999997,,rebuffer happen
2025-12-19T07:17:15.253Z,0.027,2,1000,640x360,2.069170000000007,,rebuffer happen
2025-12-19T07:17:15.383Z,0.027,2,1000,640x360,2.1781700000000015,,
2025-12-19T07:17:15.450Z,0.497,1,600,480x270,2.2087290000000053,,
2025-12-19T07:17:15.722Z,0.568,1,600,480x270,2.160654000000001,,
2025-12-19T07:17:16.041Z,0.735,1,600,480x270,2.093500000000006,,
2025-12-19T07:17:16.587Z,0.618,1,600,480x270,1.9797870000000017,,
2025-12-19T07:17:16.664Z,0.638,3,1500,768x432,1.9982159999999993,,
2025-12-19T07:17:17.104Z,0.107,3,1500,768x432,1.9531520000000029,,rebuffer happen
2025-12-19T07:17:17.187Z,0.02,3,1500,768x432,1.9693550000000073,,rebuffer happen
2025-12-19T07:17:17.484Z,0.02,3,1500,768x432,2.2623550000000137,,
2025-12-19T07:17:17.564Z,0.52,1,600,480x270,2.297389999999993,,
2025-12-19T07:17:17.712Z,0.267,1,600,480x270,2.221240999999992,,rebuffer happen
2025-12-19T07:17:17.965Z,0.417,1,600,480x270,2.1818910000000074,,
2025-12-19T07:17:18.180Z,0.286,1,600,480x270,2.169300000000007,,rebuffer happen
2025-12-19T07:17:18.333Z,0.547,1,600,480x270,2.190505999999999,,
2025-12-19T07:17:18.780Z,0.483,1,600,480x270,2.0582940000000036,,
2025-12-19T07:17:19.141Z,0.595,1,600,480x270,2.052560999999997,,
2025-12-19T07:17:19.222Z,0.6,2,1000,640x360,1.9643180000000058,,
2025-12-19T07:17:19.569Z,0.142,2,1000,640x360,1.9847079999999977,,rebuffer happen
2025-12-19T07:17:19.673Z,0.034,2,1000,640x360,1.9855379999999911,,rebuffer happen
2025-12-19T07:17:19.876Z,0.034,2,1000,640x360,2.178537999999989,,
2025-12-19T07:17:19.955Z,0.494,1,600,480x270,2.2015580000000057,,
2025-12-19T07:17:20.279Z,0.565,1,600,480x270,2.131171000000009,,
2025-12-19T07:17:20.589Z,0.704,1,600,480x270,2.0526279999999986,,
2025-12-19T07:17:20.907Z,0.841,1,600,480x270,1.9870169999999945,,
2025-12-19T07:17:21.221Z,1.026,1,600,480x270,2.073065999999997,,
2025-12-19T07:17:21.301Z,0.992,3,1500,768x432,1.9846940000000046,,
2025-12-19T07:17:22.053Z,0.146,3,1500,768x432,1.9894590000000107,,rebuffer happen
2025-12-19T07:17:22.135Z,0.146,3,1500,768x432,2.003752999999989,,
2025-12-19T07:17:22.223Z,0.56,1,600,480x270,1.9139419999999916,,
2025-12-19T07:17:22.553Z,0.647,1,600,480x270,1.9774689999999993,,
2025-12-19T07:17:22.628Z,0.569,2,1000,640x360,1.9000600000000105,,
2025-12-19T07:17:22.973Z,0.206,2,1000,640x360,1.9478289999999987,,rebuffer happen
2025-12-19T07:17:23.159Z,0.029,2,1000,640x360,1.9701770000000067,,rebuffer happen
2025-12-19T07:17:23.235Z,0.029,2,1000,640x360,2.071177000000006,,
2025-12-19T07:17:23.312Z,0.529,1,600,480x270,2.01040900000001,,
2025-12-19T07:17:23.617Z,0.611,1,600,480x270,1.9831879999999984,,
2025-12-19T07:17:23.688Z,0.628,2,1000,640x360,1.9983529999999945,,
2025-12-19T07:17:23.957Z,0.261,2,1000,640x360,2.0032580000000024,,rebuffer happen
2025-12-19T07:17:24.210Z,0.022,2,1000,640x360,1.9654749999999979,,rebuffer happen
2025-12-19T07:17:24.324Z,0.022,2,1000,640x360,2.1664749999999913,,
2025-12-19T07:17:24.388Z,0.522,1,600,480x270,2.1166239999999874,,
2025-12-19T07:17:24.849Z,0.431,1,600,480x270,2.072649999999996,,
2025-12-19T07:17:25.271Z,0.467,1,600,480x270,2.033334999999994,,
2025-12-19T07:17:25.624Z,0.595,1,600,480x270,2.03958999999999,,
2025-12-19T07:17:25.696Z,0.596,2,1000,640x360,1.9641730000000024,,
2025-12-19T07:17:26.070Z,0.135,2,1000,640x360,1.9867590000000064,,rebuffer happen
2025-12-19T07:17:26.178Z,0.024,2,1000,640x360,1.9697639999999978,,rebuffer happen
2025-12-19T07:17:26.243Z,0.024,2,1000,640x360,2.073763999999997,,
2025-12-19T07:17:26.322Z,0.524,1,600,480x270,2.0109939999999966,,
2025-12-19T07:17:26.669Z,0.595,1,600,480x270,2.038357000000005,,
2025-12-19T07:17:27.292Z,0.467,1,600,480x270,1.9944359999999932,,
2025-12-19T07:17:27.658Z,0.573,1,600,480x270,2.000653,,
2025-12-19T07:17:27.725Z,0.501,2,1000,640x360,1.9303349999999995,,
2025-12-19T07:17:28.042Z,0.155,2,1000,640x360,2.0025949999999995,,rebuffer happen
2025-12-19T07:17:28.180Z,0.017,2,1000,640x360,1.959824999999995,,rebuffer happen
2025-12-19T07:17:28.316Z,0.017,2,1000,640x360,2.067824999999999,,
2025-12-19T07:17:28.399Z,0.517,1,600,480x270,2.0952060000000046,,
2025-12-19T07:17:28.755Z,0.48,1,600,480x270,2.0831739999999996,,
2025-12-19T07:17:28.820Z,0.499,2,1000,640x360,2.0094470000000086,,
2025-12-19T07:17:28.979Z,0.277,2,1000,640x360,2.030440999999996,,rebuffer happen
2025-12-19T07:17:29.247Z,0.017,2,1000,640x360,2.0666499999999957,,rebuffer happen
2025-12-19T07:17:29.558Z,0.017,2,1000,640x360,2.362650000000002,,
2025-12-19T07:17:29.628Z,0.517,1,600,480x270,2.4043879999999973,,
2025-12-19T07:17:29.867Z,0.634,1,600,480x270,2.3446289999999976,,
2025-12-19T07:17:30.230Z,0.685,1,600,480x270,2.2598509999999976,,
2025-12-19T07:17:30.616Z,0.723,1,600,480x270,2.06308700000001,,
2025-12-19T07:17:31.016Z,0.802,1,600,480x270,1.999760000000009,,
2025-12-19T07:17:31.386Z,0.834,1,600,480x270,1.9988139999999959,,
2025-12-19T07:17:31.741Z,0.955,1,600,480x270,2.0230300000000057,,
2025-12-19T07:17:31.822Z,0.974,2,1000,640x360,1.9376780000000053,,
2025-12-19T07:17:32.435Z,0.256,2,1000,640x360,2.0114969999999914,,rebuffer happen
2025-12-19T07:17:32.436Z,0.256,2,1000,640x360,2.0095579999999984,,
2025-12-19T07:17:32.510Z,0.754,1,600,480x270,1.933513000000005,,
2025-12-19T07:17:32.875Z,0.803,1,600,480x270,1.952341000000004,,
2025-12-19T07:17:32.945Z,0.806,2,1000,640x360,1.9910779999999875,,
2025-12-19T07:17:33.495Z,0.191,2,1000,640x360,1.9343379999999968,,rebuffer happen
2025-12-19T07:17:33.548Z,0.191,2,1000,640x360,1.9846100000000035,,
2025-12-19T07:17:33.617Z,0.636,1,600,480x270,1.914796999999993,,
2025-12-19T07:17:33.981Z,0.692,1,600,480x270,1.942966999999996,,
2025-12-19T07:17:34.349Z,0.824,1,600,480x270,1.9696679999999986,,
2025-12-19T07:17:34.721Z,0.951,1,600,480x270,1.9984780000000057,,
2025-12-19T07:17:34.796Z,0.956,2,1000,640x360,1.9226380000000063,,
2025-12-19T07:17:35.411Z,0.309,2,1000,640x360,1.9188389999999913,,
2025-12-19T07:17:35.493Z,0.771,1,600,480x270,1.9442360000000036,,
2025-12-19T07:17:35.776Z,0.89,1,600,480x270,1.9448679999999996,,
2025-12-19T07:17:35.851Z,0.903,3,1500,768x432,1.9731619999999879,,
2025-12-19T07:17:36.425Z,0.254,3,1500,768x432,1.999393000000012,,rebuffer happen
2025-12-19T07:17:36.654Z,0.025,3,1500,768x432,1.977998999999997,,rebuffer happen
2025-12-19T07:17:36.999Z,0.025,3,1500,768x432,2.2669989999999984,,
2025-12-19T07:17:37.085Z,0.525,0,200,320x180,2.297583000000003,,
2025-12-19T07:17:37.247Z,0.764,0,200,320x180,2.2893880000000024,,
2025-12-19T07:17:37.316Z,0.74,3,1500,768x432,2.1952640000000088,,
2025-12-19T07:17:37.713Z,0.133,3,1500,768x432,2.074093000000005,,rebuffer happen
2025-12-19T07:17:37.804Z,0.024,3,1500,768x432,2.073010999999994,,rebuffer happen
2025-12-19T07:17:38.531Z,0.024,3,1500,768x432,2.8660110000000003,,
2025-12-19T07:17:38.611Z,0.469,1,600,480x270,2.794944000000001,,
2025-12-19T07:17:38.815Z,0.25,1,600,480x270,2.6970939999999928,,rebuffer happen
2025-12-19T07:17:38.979Z,0.293,1,600,480x270,2.7024060000000105,,rebuffer happen
2025-12-19T07:17:39.124Z,0.311,1,600,480x270,2.766345000000001,,
2025-12-19T07:17:39.258Z,0.129,1,600,480x270,2.671699000000004,,rebuffer happen
2025-12-19T07:17:39.322Z,0.035,1,600,480x270,2.6761920000000003,,rebuffer happen
2025-12-19T07:17:39.677Z,0.236,1,600,480x270,2.668134000000009,,
2025-12-19T07:17:39.752Z,0.226,3,1500,768x432,2.6964320000000015,,
2025-12-19T07:17:39.873Z,0.031,3,1500,768x432,2.6829639999999984,,rebuffer happen
2025-12-19T07:17:41.107Z,0.031,3,1500,768x432,3.872963999999996,,
2025-12-19T07:17:41.188Z,0.531,1,600,480x270,3.9114820000000066,,
2025-12-19T07:17:41.412Z,0.134,1,600,480x270,3.788372999999993,,rebuffer happen
2025-12-19T07:17:41.681Z,0.347,1,600,480x270,3.792474999999996,,
2025-12-19T07:17:41.723Z,0.299,0,200,320x180,3.843289999999996,,rebuffer happen
2025-12-19T07:17:41.750Z,0.299,0,200,320x180,3.802493999999996,,
2025-12-19T07:17:41.959Z,0.515,0,200,320x180,3.7875020000000035,,
2025-12-19T07:17:42.031Z,0.51,2,1000,640x360,3.7878860000000003,,
2025-12-19T07:17:42.256Z,0.17,2,1000,640x360,3.715223000000009,,rebuffer happen
2025-12-19T07:17:42.341Z,0.042,2,1000,640x360,3.6832739999999973,,rebuffer happen
2025-12-19T07:17:43.038Z,0.042,2,1000,640x360,4.38827400000001,,
2025-12-19T07:17:43.108Z,0.542,1,600,480x270,4.333249000000009,,
2025-12-19T07:17:43.393Z,0.271,1,600,480x270,4.225587000000004,,rebuffer happen
2025-12-19T07:17:43.482Z,0.389,1,600,480x270,4.180098000000001,,
2025-12-19T07:17:43.659Z,0.173,1,600,480x270,4.1266470000000055,,rebuffer happen
2025-12-19T07:17:43.742Z,0.048,1,600,480x270,4.09033500000001,,rebuffer happen
2025-12-19T07:17:43.911Z,0.378,1,600,480x270,4.042518000000001,,
2025-12-19T07:17:43.989Z,0.383,2,1000,640x360,4.045736999999988,,
2025-12-19T07:17:43.991Z,0.293,2,1000,640x360,4.044243999999992,,rebuffer happen
2025-12-19T07:17:44.276Z,0.024,2,1000,640x360,4.069231000000002,,rebuffer happen
2025-12-19T07:17:44.567Z,0.024,2,1000,640x360,4.369230999999999,,
2025-12-19T07:17:44.644Z,0.524,1,600,480x270,4.41622799999999,,
2025-12-19T07:17:44.805Z,0.222,1,600,480x270,4.269019,,rebuffer happen
2025-12-19T07:17:45.047Z,0.383,1,600,480x270,4.216778000000005,,
2025-12-19T07:17:45.128Z,0.352,2,1000,640x360,4.109761000000006,,
2025-12-19T07:17:45.129Z,0.265,2,1000,640x360,4.214675,,rebuffer happen
2025-12-19T07:17:45.277Z,0.043,2,1000,640x360,4.0905329999999935,,rebuffer happen
2025-12-19T07:17:45.744Z,0.043,2,1000,640x360,4.591532999999998,,
2025-12-19T07:17:45.824Z,0.489,1,600,480x270,4.520705000000007,,
2025-12-19T07:17:46.004Z,0.269,1,600,480x270,4.443482000000003,,rebuffer happen
2025-12-19T07:17:46.220Z,0.392,1,600,480x270,4.447760000000002,,
2025-12-19T07:17:46.341Z,0.226,1,600,480x270,4.372025000000008,,rebuffer happen
2025-12-19T07:17:46.579Z,0.376,1,600,480x270,4.272722000000002,,
2025-12-19T07:17:46.651Z,0.396,2,1000,640x360,4.275411000000005,,
2025-12-19T07:17:46.841Z,0.045,2,1000,640x360,4.191675000000004,,rebuffer happen
2025-12-19T07:17:46.845Z,0.04,2,1000,640x360,4.18663500000001,,rebuffer happen
2025-12-19T07:17:47.148Z,0.04,2,1000,640x360,4.485635000000002,,
2025-12-19T07:17:47.229Z,0.491,1,600,480x270,4.514382999999995,,
2025-12-19T07:17:47.376Z,0.245,1,600,480x270,4.393349999999998,,rebuffer happen
2025-12-19T07:17:47.586Z,0.372,1,600,480x270,4.279168999999996,,
2025-12-19T07:17:47.721Z,0.294,1,600,480x270,4.268832000000003,,rebuffer happen
2025-12-19T07:17:47.847Z,0.271,1,600,480x270,4.1812400000000025,,rebuffer happen
2025-12-19T07:17:48.000Z,0.375,1,600,480x270,4.075673000000009,,
2025-12-19T07:17:48.075Z,0.332,2,1000,640x360,4.099015999999992,,
2025-12-19T07:17:48.076Z,0.248,2,1000,640x360,4.098416999999998,,rebuffer happen
2025-12-19T07:17:48.313Z,0.02,2,1000,640x360,4.071038999999999,,rebuffer happen
2025-12-19T07:17:48.573Z,0.02,2,1000,640x360,4.371038999999996,,
2025-12-19T07:17:48.639Z,0.52,1,600,480x270,4.417885999999996,,
2025-12-19T07:17:48.994Z,0.481,1,600,480x270,4.202897000000007,,
2025-12-19T07:17:49.061Z,0.399,2,1000,640x360,4.211729000000005,,
2025-12-19T07:17:49.112Z,0.283,2,1000,640x360,4.134930999999995,,rebuffer happen
2025-12-19T07:17:49.280Z,0.031,2,1000,640x360,4.075951000000003,,rebuffer happen
2025-12-19T07:17:49.636Z,0.031,2,1000,640x360,4.481951000000009,,
2025-12-19T07:17:49.718Z,0.531,1,600,480x270,4.415632000000002,,
2025-12-19T07:17:50.034Z,0.52,1,600,480x270,4.36735800000001,,
2025-12-19T07:17:50.109Z,0.486,2,1000,640x360,4.273776000000012,,
2025-12-19T07:17:50.332Z,0.086,2,1000,640x360,4.236989999999992,,rebuffer happen
2025-12-19T07:17:50.364Z,0.038,2,1000,640x360,4.1887219999999985,,rebuffer happen
2025-12-19T07:17:50.803Z,0.038,2,1000,640x360,4.5907219999999995,,
2025-12-19T07:17:50.885Z,0.506,0,200,320x180,4.596983999999992,,
2025-12-19T07:17:51.013Z,0.704,0,200,320x180,4.508459000000002,,
2025-12-19T07:17:51.089Z,0.755,2,1000,640x360,4.523990999999995,,
2025-12-19T07:17:51.436Z,0.213,2,1000,640x360,4.454436000000001,,rebuffer happen
2025-12-19T07:17:51.549Z,0.044,2,1000,640x360,4.393008000000009,,rebuffer happen
2025-12-19T07:17:51.779Z,0.044,2,1000,640x360,4.597008000000002,,
2025-12-19T07:17:51.853Z,0.533,0,200,320x180,4.599283999999997,,
2025-12-19T07:17:52.017Z,0.72,0,200,320x180,4.447870000000009,,
2025-12-19T07:17:52.085Z,0.648,2,1000,640x360,4.480466000000007,,
2025-12-19T07:17:52.324Z,0.273,2,1000,640x360,4.418222999999998,,rebuffer happen
2025-12-19T07:17:52.566Z,0.025,2,1000,640x360,4.370365000000007,,rebuffer happen
2025-12-19T07:17:52.681Z,0.025,2,1000,640x360,4.468365000000006,,
2025-12-19T07:17:52.758Z,0.525,1,600,480x270,4.505815999999996,,
2025-12-19T07:17:53.135Z,0.48,1,600,480x270,4.4204969999999975,,
2025-12-19T07:17:53.333Z,0.269,1,600,480x270,4.312420000000003,,rebuffer happen
2025-12-19T07:17:53.537Z,0.379,1,600,480x270,4.230845000000002,,
2025-12-19T07:17:53.635Z,0.243,1,600,480x270,4.198220000000006,,rebuffer happen
2025-12-19T07:17:53.948Z,0.348,1,600,480x270,4.089463999999992,,
2025-12-19T07:17:54.135Z,0.12,1,600,480x270,4.076404000000011,,rebuffer happen
2025-12-19T07:17:54.365Z,0.373,1,600,480x270,4.017319999999998,,
2025-12-19T07:17:54.441Z,0.31,3,1500,768x432,4.0431700000000035,,
2025-12-19T07:17:54.442Z,0.291,3,1500,768x432,4.0419860000000085,,rebuffer happen
2025-12-19T07:17:54.685Z,0.024,3,1500,768x432,3.9743160000000017,,rebuffer happen
2025-12-19T07:17:55.597Z,0.024,3,1500,768x432,4.867316000000002,,
2025-12-19T07:17:55.676Z,0.524,1,600,480x270,4.913664999999995,,
2025-12-19T07:17:55.862Z,0.252,1,600,480x270,4.870587999999998,,rebuffer happen
2025-12-19T07:17:56.110Z,0.429,1,600,480x270,4.779229000000001,,
2025-12-19T07:17:56.189Z,0.436,2,1000,640x360,4.817969000000005,,
2025-12-19T07:17:56.272Z,0.291,2,1000,640x360,4.836129999999997,,rebuffer happen
2025-12-19T07:17:56.536Z,0.019,2,1000,640x360,4.863630999999998,,rebuffer happen
2025-12-19T07:17:56.762Z,0.019,2,1000,640x360,5.060631000000001,,
2025-12-19T07:17:56.844Z,0.491,1,600,480x270,5.083757999999989,,
2025-12-19T07:17:57.004Z,0.191,1,600,480x270,4.936013000000003,,rebuffer happen
2025-12-19T07:17:57.190Z,0.488,1,600,480x270,4.942357999999999,,
2025-12-19T07:17:57.264Z,0.493,3,1500,768x432,4.9608810000000005,,
2025-12-19T07:17:57.537Z,0.044,3,1500,768x432,4.8857,,rebuffer happen
2025-12-19T07:17:57.538Z,0.044,3,1500,768x432,4.8857,,rebuffer happen
2025-12-19T07:17:58.083Z,0.044,3,1500,768x432,5.386700000000005,,
2025-12-19T07:17:58.159Z,0.544,1,600,480x270,5.424517000000009,,
2025-12-19T07:17:58.520Z,0.579,1,600,480x270,5.393984000000003,,
2025-12-19T07:17:58.589Z,0.551,3,1500,768x432,5.290273999999997,,
2025-12-19T07:17:58.826Z,0.094,3,1500,768x432,5.241242999999997,,rebuffer happen
2025-12-19T07:17:58.871Z,0.031,3,1500,768x432,5.178042999999988,,rebuffer happen
2025-12-19T07:17:59.632Z,0.031,3,1500,768x432,5.974042999999995,,
2025-12-19T07:17:59.713Z,0.504,1,600,480x270,5.883484999999993,,
2025-12-19T07:18:00.057Z,0.464,1,600,480x270,5.787617999999995,,
2025-12-19T07:18:00.122Z,0.445,3,1500,768x432,5.729797000000005,,
2025-12-19T07:18:00.296Z,0.167,3,1500,768x432,5.708341000000004,,rebuffer happen
2025-12-19T07:18:00.407Z,0.002,3,1500,768x432,5.644874999999999,,rebuffer happen
2025-12-19T07:18:00.914Z,0.002,3,1500,768x432,6.146874999999994,,
2025-12-19T07:18:00.989Z,0.502,0,200,320x180,6.189790000000002,,
2025-12-19T07:18:01.113Z,0.776,0,200,320x180,6.131877000000003,,
2025-12-19T07:18:01.191Z,0.789,3,1500,768x432,6.127386000000001,,
2025-12-19T07:18:01.456Z,0.276,3,1500,768x432,6.017005999999995,,rebuffer happen
2025-12-19T07:18:01.607Z,0.05,3,1500,768x432,5.892140999999995,,rebuffer happen
2025-12-19T07:18:02.212Z,0.05,3,1500,768x432,6.49514099999999,,
2025-12-19T07:18:02.283Z,0.55,1,600,480x270,6.535083,,
2025-12-19T07:18:02.658Z,0.522,1,600,480x270,6.441074,,
2025-12-19T07:18:02.732Z,0.497,2,1000,640x360,6.4289130000000085,,
2025-12-19T07:18:02.834Z,0.234,2,1000,640x360,6.384998999999993,,rebuffer happen
2025-12-19T07:18:02.991Z,0.031,2,1000,640x360,6.275753000000009,,rebuffer happen
2025-12-19T07:18:03.255Z,0.031,2,1000,640x360,6.577753000000001,,
2025-12-19T07:18:03.526Z,0.296,2,1000,640x360,6.642306000000005,,rebuffer happen
2025-12-19T07:18:03.780Z,0.26,2,1000,640x360,6.581772999999998,,
2025-12-19T07:18:03.851Z,0.516,1,600,480x270,6.574579999999997,,
2025-12-19T07:18:04.158Z,0.505,1,600,480x270,6.42522799999999,,
2025-12-19T07:18:04.224Z,0.482,2,1000,640x360,6.326032999999995,,
2025-12-19T07:18:04.315Z,0.247,2,1000,640x360,6.293734999999998,,rebuffer happen
2025-12-19T07:18:04.460Z,0.031,2,1000,640x360,6.275965999999997,,rebuffer happen
2025-12-19T07:18:04.520Z,0.031,2,1000,640x360,6.275965999999997,,
2025-12-19T07:18:04.599Z,0.531,1,600,480x270,6.3099479999999915,,
2025-12-19T07:18:04.842Z,0.625,1,600,480x270,6.265010000000004,,
2025-12-19T07:18:05.142Z,0.732,1,600,480x270,6.199297999999999,,
2025-12-19T07:18:05.223Z,0.744,3,1500,768x432,6.126414999999994,,
2025-12-19T07:18:05.524Z,0.241,3,1500,768x432,6.086388999999997,,rebuffer happen
2025-12-19T07:18:05.677Z,0.012,3,1500,768x432,5.965188000000012,,rebuffer happen
2025-12-19T07:18:06.005Z,0.012,3,1500,768x432,6.254188000000013,,
2025-12-19T07:18:06.085Z,0.459,1,600,480x270,6.288578999999999,,
2025-12-19T07:18:06.378Z,0.504,1,600,480x270,6.145792,,
2025-12-19T07:18:06.446Z,0.427,2,1000,640x360,6.147290000000012,,
2025-12-19T07:18:06.695Z,0.027,2,1000,640x360,5.970202999999998,,rebuffer happen
2025-12-19T07:18:06.695Z,0.027,2,1000,640x360,5.970202999999998,,rebuffer happen
2025-12-19T07:18:06.921Z,0.027,2,1000,640x360,6.268203,,
2025-12-19T07:18:06.996Z,0.499,1,600,480x270,6.187874000000008,,
2025-12-19T07:18:07.266Z,0.618,1,600,480x270,6.165226000000004,,
2025-12-19T07:18:07.623Z,0.564,1,600,480x270,6.019990000000007,,
2025-12-19T07:18:07.958Z,0.597,1,600,480x270,5.819060999999991,,
2025-12-19T07:18:08.290Z,0.563,1,600,480x270,5.628105000000005,,
2025-12-19T07:18:08.368Z,0.577,2,1000,640x360,5.6037469999999985,,
2025-12-19T07:18:08.557Z,0.178,2,1000,640x360,5.524741000000006,,rebuffer happen
2025-12-19T07:18:08.679Z,0.04,2,1000,640x360,5.48239199999999,,rebuffer happen
2025-12-19T07:18:08.831Z,0.04,2,1000,640x360,5.682391999999993,,
2025-12-19T07:18:08.911Z,0.54,1,600,480x270,5.618042000000003,,
2025-12-19T07:18:09.288Z,0.526,1,600,480x270,5.590108999999998,,
2025-12-19T07:18:09.363Z,0.516,2,1000,640x360,5.571684999999988,,
2025-12-19T07:18:09.476Z,0.26,2,1000,640x360,5.511632999999989,,rebuffer happen
2025-12-19T07:18:09.631Z,0.029,2,1000,640x360,5.480572999999993,,rebuffer happen
2025-12-19T07:18:09.938Z,0.029,2,1000,640x360,5.775572999999994,,
2025-12-19T07:18:10.017Z,0.529,0,200,320x180,5.712203000000002,,
2025-12-19T07:18:10.125Z,0.824,0,200,320x180,5.812721999999994,,
2025-12-19T07:18:10.203Z,0.835,3,1500,768x432,5.716819000000001,,
2025-12-19T07:18:10.534Z,0.274,3,1500,768x432,5.628698,,rebuffer happen
2025-12-19T07:18:10.698Z,0.028,3,1500,768x432,5.473969999999994,,rebuffer happen
2025-12-19T07:18:11.264Z,0.028,3,1500,768x432,6.071969999999993,,
2025-12-19T07:18:11.344Z,0.528,1,600,480x270,6.117929999999987,,
2025-12-19T07:18:11.715Z,0.49,1,600,480x270,5.9338499999999925,,
2025-12-19T07:18:12.107Z,0.449,1,600,480x270,5.790021999999993,,
2025-12-19T07:18:12.186Z,0.448,3,1500,768x432,5.826104000000001,,
2025-12-19T07:18:12.299Z,0.22,3,1500,768x432,5.7619689999999935,,rebuffer happen
2025-12-19T07:18:12.416Z,0.045,3,1500,768x432,5.690242999999995,,rebuffer happen
2025-12-19T07:18:13.136Z,0.045,3,1500,768x432,6.490242999999992,,
2025-12-19T07:18:13.211Z,0.545,1,600,480x270,6.4297889999999995,,
2025-12-19T07:18:13.402Z,0.233,1,600,480x270,6.340679999999992,,rebuffer happen
2025-12-19T07:18:13.587Z,0.469,1,600,480x270,6.325350999999998,,
2025-12-19T07:18:13.664Z,0.474,2,1000,640x360,6.339990999999998,,
2025-12-19T07:18:13.737Z,0.289,2,1000,640x360,6.330408000000006,,rebuffer happen
2025-12-19T07:18:13.901Z,0.044,2,1000,640x360,6.189409999999995,,rebuffer happen
2025-12-19T07:18:14.219Z,0.044,2,1000,640x360,6.4994099999999975,,
2025-12-19T07:18:14.288Z,0.544,1,600,480x270,6.530469999999994,,
2025-12-19T07:18:14.631Z,0.536,1,600,480x270,6.485247000000001,,
2025-12-19T07:18:14.985Z,0.509,1,600,480x270,6.255047000000005,,
2025-12-19T07:18:15.330Z,0.538,1,600,480x270,6.1722620000000035,,
2025-12-19T07:18:15.487Z,0.296,1,600,480x270,6.048315000000002,,rebuffer happen
2025-12-19T07:18:15.780Z,0.353,1,600,480x270,5.907900999999995,,
2025-12-19T07:18:15.822Z,0.293,1,600,480x270,5.9367519999999985,,rebuffer happen
2025-12-19T07:18:15.986Z,0.049,1,600,480x270,5.793481,,rebuffer happen
2025-12-19T07:18:16.211Z,0.327,1,600,480x270,5.776564000000008,,
2025-12-19T07:18:16.238Z,0.295,0,200,320x180,5.836421000000001,,rebuffer happen
2025-12-19T07:18:16.287Z,0.295,0,200,320x180,5.7613369999999975,,
2025-12-19T07:18:16.440Z,0.484,0,200,320x180,5.734471999999997,,
2025-12-19T07:18:16.520Z,0.391,1,600,480x270,5.614633999999995,,
2025-12-19T07:18:16.725Z,0.097,1,600,480x270,5.606718000000001,,rebuffer happen
2025-12-19T07:18:16.962Z,0.305,1,600,480x270,5.545979000000003,,
2025-12-19T07:18:17.034Z,0.233,1,600,480x270,5.587196000000006,,rebuffer happen
2025-12-19T07:18:17.170Z,0.029,1,600,480x270,5.478275999999994,,rebuffer happen
2025-12-19T07:18:17.587Z,0.022,1,600,480x270,5.476050999999998,,rebuffer happen
2025-12-19T07:18:17.609Z,0.022,1,600,480x270,5.476050999999998,,
2025-12-19T07:18:17.686Z,0.119,2,1000,640x360,5.486556000000007,,
2025-12-19T07:18:17.704Z,0.027,2,1000,640x360,5.468890000000002,,rebuffer happen
2025-12-19T07:18:18.278Z,0.027,2,1000,640x360,6.069889999999987,,
2025-12-19T07:18:18.356Z,0.527,1,600,480x270,6.10623600000001,,
2025-12-19T07:18:18.493Z,0.26,1,600,480x270,6.001113000000004,,rebuffer happen
2025-12-19T07:18:18.746Z,0.373,1,600,480x270,5.923386999999991,,
2025-12-19T07:18:18.931Z,0.136,1,600,480x270,5.844272000000004,,rebuffer happen
2025-12-19T07:18:19.203Z,0.282,1,600,480x270,5.722570999999988,,
2025-12-19T07:18:19.603Z,0.398,1,600,480x270,5.695275999999993,,
2025-12-19T07:18:19.778Z,0.16,1,600,480x270,5.649578000000005,,rebuffer happen
2025-12-19T07:18:20.031Z,0.335,1,600,480x270,5.67049999999999,,
2025-12-19T07:18:20.094Z,0.261,2,1000,640x360,5.613840999999994,,rebuffer happen
2025-12-19T07:18:20.105Z,0.261,2,1000,640x360,5.596672999999996,,
2025-12-19T07:18:20.289Z,0.02,2,1000,640x360,5.575429999999997,,rebuffer happen
2025-12-19T07:18:21.001Z,0.02,2,1000,640x360,6.262430000000009,,
2025-12-19T07:18:21.073Z,0.52,1,600,480x270,6.308105000000012,,
2025-12-19T07:18:21.276Z,0.268,1,600,480x270,6.222244999999987,,rebuffer happen
2025-12-19T07:18:21.512Z,0.363,1,600,480x270,6.085957000000008,,
2025-12-19T07:18:21.621Z,0.181,1,600,480x270,6.1237549999999885,,rebuffer happen
2025-12-19T07:18:21.908Z,0.352,1,600,480x270,6.010452000000001,,
2025-12-19T07:18:22.027Z,0.186,1,600,480x270,6.033973000000003,,rebuffer happen
2025-12-19T07:18:22.242Z,0.402,1,600,480x270,5.960131000000004,,
2025-12-19T07:18:22.318Z,0.408,2,1000,640x360,5.883660000000006,,
2025-12-19T07:18:22.384Z,0.266,2,1000,640x360,5.907736000000014,,rebuffer happen
2025-12-19T07:18:22.608Z,0.031,2,1000,640x360,5.877156999999997,,rebuffer happen
2025-12-19T07:18:22.949Z,0.031,2,1000,640x360,6.2771570000000025,,
2025-12-19T07:18:23.018Z,0.531,1,600,480x270,6.2249300000000005,,
2025-12-19T07:18:23.398Z,0.393,1,600,480x270,6.112987999999987,,
2025-12-19T07:18:23.706Z,0.502,1,600,480x270,5.942994999999996,,
2025-12-19T07:18:24.023Z,0.51,1,600,480x270,5.865137000000004,,
2025-12-19T07:18:24.096Z,0.521,2,1000,640x360,5.798898000000008,,
2025-12-19T07:18:24.409Z,0.036,2,1000,640x360,5.677264000000008,,rebuffer happen
2025-12-19T07:18:24.410Z,0.036,2,1000,640x360,5.677264000000008,,rebuffer happen
2025-12-19T07:18:24.635Z,0.036,2,1000,640x360,5.984263999999996,,
2025-12-19T07:18:24.721Z,0.507,0,200,320x180,5.888363999999996,,
2025-12-19T07:18:24.845Z,0.741,0,200,320x180,5.905971999999991,,
2025-12-19T07:18:24.925Z,0.674,1,600,480x270,5.875344000000013,,
2025-12-19T07:18:25.317Z,0.644,1,600,480x270,5.701148999999987,,
2025-12-19T07:18:25.698Z,0.593,1,600,480x270,5.527909999999991,,
2025-12-19T07:18:26.208Z,0.412,1,600,480x270,5.385237999999987,,
2025-12-19T07:18:26.281Z,0.377,2,1000,640x360,5.405805000000015,,
2025-12-19T07:18:26.333Z,0.284,2,1000,640x360,5.4320410000000265,,rebuffer happen
2025-12-19T07:18:26.511Z,0.017,2,1000,640x360,5.265208000000001,,rebuffer happen
2025-12-19T07:18:26.875Z,0.017,2,1000,640x360,5.659208000000007,,
2025-12-19T07:18:26.950Z,0.517,0,200,320x180,5.69849099999999,,
2025-12-19T07:18:27.093Z,0.738,0,200,320x180,5.645470000000017,,
2025-12-19T07:18:27.169Z,0.796,1,600,480x270,5.623988999999995,,
2025-12-19T07:18:27.508Z,0.66,1,600,480x270,5.415639999999996,,
2025-12-19T07:18:27.897Z,0.598,1,600,480x270,5.230953999999997,,
2025-12-19T07:18:28.265Z,0.573,1,600,480x270,5.1263560000000155,,
2025-12-19T07:18:28.659Z,0.458,1,600,480x270,4.9387760000000185,,
2025-12-19T07:18:29.063Z,0.465,1,600,480x270,4.756415000000004,,
2025-12-19T07:18:29.133Z,0.409,2,1000,640x360,4.790503000000001,,
2025-12-19T07:18:29.279Z,0.145,2,1000,640x360,4.698223000000013,,rebuffer happen
2025-12-19T07:18:29.347Z,0.043,2,1000,640x360,4.689450999999991,,rebuffer happen
2025-12-19T07:18:29.932Z,0.043,2,1000,640x360,5.294450999999981,,
2025-12-19T07:18:30.008Z,0.543,0,200,320x180,5.232057999999995,,
2025-12-19T07:18:30.204Z,0.725,0,200,320x180,5.205849999999998,,
2025-12-19T07:18:30.273Z,0.762,1,600,480x270,5.201996000000008,,
2025-12-19T07:18:30.741Z,0.441,1,600,480x270,5.009539000000018,,
2025-12-19T07:18:30.949Z,0.147,1,600,480x270,4.896103000000011,,rebuffer happen
2025-12-19T07:18:31.216Z,0.279,1,600,480x270,4.787533999999994,,rebuffer happen
2025-12-19T07:18:31.253Z,0.311,1,600,480x270,4.843068000000017,,
2025-12-19T07:18:31.253Z,0.29,1,600,480x270,4.842667000000006,,rebuffer happen
2025-12-19T07:18:31.415Z,0.048,1,600,480x270,4.6949419999999975,,rebuffer happen
2025-12-19T07:18:31.686Z,0.29,1,600,480x270,4.800459999999987,,rebuffer happen
2025-12-19T07:18:31.726Z,0.316,1,600,480x270,4.843312999999995,,
2025-12-19T07:18:31.726Z,0.296,1,600,480x270,4.842979000000014,,rebuffer happen
2025-12-19T07:18:31.949Z,0.017,1,600,480x270,4.774450000000002,,rebuffer happen
2025-12-19T07:18:32.183Z,0.29,1,600,480x270,4.7506799999999885,,
2025-12-19T07:18:32.206Z,0.287,1,600,480x270,4.730006000000003,,rebuffer happen
2025-12-19T07:18:32.683Z,0.297,1,600,480x270,4.7506779999999935,,
2025-12-19T07:18:32.737Z,0.255,1,600,480x270,4.805935000000005,,rebuffer happen
2025-12-19T07:18:32.883Z,0.037,1,600,480x270,4.679082000000022,,rebuffer happen
2025-12-19T07:18:33.150Z,0.25,1,600,480x270,4.769072999999992,,
2025-12-19T07:18:33.224Z,0.315,3,1500,768x432,4.6955739999999935,,
2025-12-19T07:18:33.225Z,0.241,3,1500,768x432,4.786823999999996,,rebuffer happen
2025-12-19T07:18:33.433Z,0.033,3,1500,768x432,4.786599999999993,,rebuffer happen
2025-12-19T07:18:34.461Z,0.033,3,1500,768x432,5.787599999999998,,
2025-12-19T07:18:34.540Z,0.509,1,600,480x270,5.793177000000014,,
2025-12-19T07:18:34.746Z,0.136,1,600,480x270,5.686194,,rebuffer happen
2025-12-19T07:18:35.007Z,0.373,1,600,480x270,5.623494999999991,,
2025-12-19T07:18:35.104Z,0.232,1,600,480x270,5.575406000000015,,rebuffer happen
2025-12-19T07:18:35.483Z,0.248,1,600,480x270,5.519108000000017,,
2025-12-19T07:18:35.819Z,0.407,1,600,480x270,5.476920000000007,,
2025-12-19T07:18:35.896Z,0.4,3,1500,768x432,5.453824999999995,,
2025-12-19T07:18:36.087Z,0.065,3,1500,768x432,5.408111000000019,,rebuffer happen
2025-12-19T07:18:36.102Z,0.042,3,1500,768x432,5.3853110000000015,,rebuffer happen
2025-12-19T07:18:36.650Z,0.042,3,1500,768x432,5.987311000000005,,
2025-12-19T07:18:36.734Z,0.542,1,600,480x270,6.017492000000004,,
2025-12-19T07:18:37.081Z,0.59,1,600,480x270,5.931985999999995,,
2025-12-19T07:18:37.155Z,0.578,3,1500,768x432,5.9626149999999996,,
2025-12-19T07:18:37.428Z,0.106,3,1500,768x432,5.848800000000011,,rebuffer happen
2025-12-19T07:18:37.470Z,0.044,3,1500,768x432,5.786414000000008,,rebuffer happen
2025-12-19T07:18:37.990Z,0.044,3,1500,768x432,6.285414000000003,,
2025-12-19T07:18:38.063Z,0.544,1,600,480x270,6.3267079999999964,,
2025-12-19T07:18:38.394Z,0.607,1,600,480x270,6.245675000000006,,
2025-12-19T07:18:38.724Z,0.602,1,600,480x270,6.149961000000019,,
2025-12-19T07:18:39.051Z,0.622,1,600,480x270,5.980675999999988,,
2025-12-19T07:18:39.120Z,0.613,2,1000,640x360,5.8781859999999995,,
2025-12-19T07:18:39.319Z,0.232,2,1000,640x360,5.774421999999987,,rebuffer happen
2025-12-19T07:18:39.471Z,0.021,2,1000,640x360,5.762835999999993,,rebuffer happen
2025-12-19T07:18:39.663Z,0.021,2,1000,640x360,5.964835999999991,,
2025-12-19T07:18:39.742Z,0.521,1,600,480x270,6.000339999999994,,
2025-12-19T07:18:39.899Z,0.256,1,600,480x270,5.864494000000008,,rebuffer happen
2025-12-19T07:18:40.083Z,0.483,1,600,480x270,5.826775999999995,,
2025-12-19T07:18:40.159Z,0.483,2,1000,640x360,5.868673999999999,,
2025-12-19T07:18:40.273Z,0.244,2,1000,640x360,5.7908330000000205,,rebuffer happen
2025-12-19T07:18:40.406Z,0.046,2,1000,640x360,5.689077999999995,,rebuffer happen
2025-12-19T07:18:40.679Z,0.046,2,1000,640x360,5.989078000000006,,
2025-12-19T07:18:40.748Z,0.546,1,600,480x270,6.031849000000022,,
2025-12-19T07:18:41.078Z,0.597,1,600,480x270,5.95132000000001,,
2025-12-19T07:18:41.158Z,0.609,3,1500,768x432,5.980554000000012,,
2025-12-19T07:18:41.456Z,0.112,3,1500,768x432,5.862527,,rebuffer happen
2025-12-19T07:18:41.506Z,0.036,3,1500,768x432,5.786996999999985,,rebuffer happen
2025-12-19T07:18:41.907Z,0.036,3,1500,768x432,6.177997000000005,,
2025-12-19T07:18:41.983Z,0.5,1,600,480x270,6.202885999999978,,
2025-12-19T07:18:42.142Z,0.287,1,600,480x270,6.1711349999999925,,rebuffer happen
2025-12-19T07:18:42.314Z,0.466,1,600,480x270,6.005969999999991,,
2025-12-19T07:18:42.473Z,0.291,1,600,480x270,5.970225999999997,,rebuffer happen
2025-12-19T07:18:42.673Z,0.436,1,600,480x270,5.871145999999982,,
2025-12-19T07:18:42.747Z,0.422,2,1000,640x360,5.870375999999993,,
2025-12-19T07:18:42.831Z,0.188,2,1000,640x360,5.829729000000015,,rebuffer happen
2025-12-19T07:18:42.925Z,0.048,2,1000,640x360,5.789359999999988,,rebuffer happen
2025-12-19T07:18:43.432Z,0.048,2,1000,640x360,6.290359999999993,,
2025-12-19T07:18:43.511Z,0.532,1,600,480x270,6.194891000000013,,
2025-12-19T07:18:43.667Z,0.285,1,600,480x270,6.163351000000006,,rebuffer happen
2025-12-19T07:18:43.901Z,0.358,1,600,480x270,6.011223999999999,,
2025-12-19T07:18:43.981Z,0.366,0,200,320x180,5.991726,,
2025-12-19T07:18:43.982Z,0.246,0,200,320x180,5.990657999999996,,rebuffer happen
2025-12-19T07:18:44.151Z,0.56,0,200,320x180,6.0154679999999985,,
2025-12-19T07:18:44.215Z,0.568,1,600,480x270,5.920138999999978,,
2025-12-19T07:18:44.402Z,0.226,1,600,480x270,5.841351000000003,,rebuffer happen
2025-12-19T07:18:44.588Z,0.427,1,600,480x270,5.761599999999987,,
2025-12-19T07:18:44.790Z,0.144,1,600,480x270,5.6592939999999885,,rebuffer happen
2025-12-19T07:18:45.053Z,0.293,1,600,480x270,5.667524000000014,,
2025-12-19T07:18:45.213Z,0.16,1,600,480x270,5.601688999999993,,rebuffer happen
2025-12-19T07:18:45.499Z,0.317,1,600,480x270,5.570204999999987,,
2025-12-19T07:18:45.568Z,0.318,2,1000,640x360,5.59498099999999,,
2025-12-19T07:18:45.569Z,0.249,2,1000,640x360,5.594246999999996,,rebuffer happen
2025-12-19T07:18:45.793Z,0.017,2,1000,640x360,5.562850999999995,,rebuffer happen
2025-12-19T07:18:46.450Z,0.017,2,1000,640x360,6.265850999999998,,
2025-12-19T07:18:46.522Z,0.517,1,600,480x270,6.2086769999999945,,
2025-12-19T07:18:46.901Z,0.403,1,600,480x270,6.074149000000006,,
2025-12-19T07:18:47.008Z,0.27,1,600,480x270,6.011741000000001,,rebuffer happen
2025-12-19T07:18:47.120Z,0.293,1,600,480x270,6.100967999999995,,rebuffer happen
2025-12-19T07:18:47.303Z,0.354,1,600,480x270,5.931610000000006,,
2025-12-19T07:18:47.369Z,0.286,1,600,480x270,5.927984000000009,,rebuffer happen
2025-12-19T07:18:47.721Z,0.407,1,600,480x270,5.936024000000003,,
2025-12-19T07:18:47.858Z,0.221,1,600,480x270,5.830773999999991,,rebuffer happen
2025-12-19T07:18:48.044Z,0.275,1,600,480x270,5.821145000000001,,rebuffer happen
2025-12-19T07:18:48.142Z,0.287,1,600,480x270,5.795243999999997,,rebuffer happen
2025-12-19T07:18:48.168Z,0.287,1,600,480x270,5.75618799999998,,
2025-12-19T07:18:48.179Z,0.298,1,600,480x270,5.739785999999981,,rebuffer happen
2025-12-19T07:18:48.578Z,0.263,1,600,480x270,5.609829000000019,,
2025-12-19T07:18:48.645Z,0.265,2,1000,640x360,5.652422000000001,,
2025-12-19T07:18:48.813Z,0.031,2,1000,640x360,5.577337,,rebuffer happen
2025-12-19T07:18:49.282Z,0.031,2,1000,640x360,6.074336999999986,,
2025-12-19T07:18:49.359Z,0.493,1,600,480x270,6.103632000000005,,
2025-12-19T07:18:49.672Z,0.471,1,600,480x270,5.935174000000018,,
2025-12-19T07:18:49.972Z,0.542,1,600,480x270,5.779851000000008,,
2025-12-19T07:18:50.317Z,0.56,1,600,480x270,5.617916000000008,,
2025-12-19T07:18:50.672Z,0.527,1,600,480x270,5.481601999999981,,
2025-12-19T07:18:51.050Z,0.481,1,600,480x270,5.332647000000009,,
2025-12-19T07:18:51.125Z,0.489,3,1500,768x432,5.265312999999992,,
2025-12-19T07:18:51.331Z,0.163,3,1500,768x432,5.305148000000003,,rebuffer happen
2025-12-19T07:18:51.415Z,0.037,3,1500,768x432,5.179472000000004,,rebuffer happen
2025-12-19T07:18:52.002Z,0.037,3,1500,768x432,5.780472000000003,,
2025-12-19T07:18:52.073Z,0.49,0,200,320x180,5.825448999999992,,
2025-12-19T07:18:52.195Z,0.743,0,200,320x180,5.735376000000002,,
2025-12-19T07:18:52.276Z,0.76,1,600,480x270,5.7245519999999885,,
2025-12-19T07:18:52.640Z,0.609,1,600,480x270,5.566960999999992,,
2025-12-19T07:18:53.009Z,0.595,1,600,480x270,5.312071000000003,,
2025-12-19T07:18:53.086Z,0.568,0,200,320x180,5.337927000000008,,
2025-12-19T07:18:53.223Z,0.848,0,200,320x180,5.384257999999988,,
2025-12-19T07:18:53.289Z,0.76,1,600,480x270,5.28572699999998,,
2025-12-19T07:18:53.626Z,0.724,1,600,480x270,5.178611999999987,,
2025-12-19T07:18:54.015Z,0.661,1,600,480x270,4.906131999999985,,
2025-12-19T07:18:54.083Z,0.599,3,1500,768x432,4.924439000000007,,
2025-12-19T07:18:54.289Z,0.273,3,1500,768x432,4.821318999999988,,rebuffer happen
2025-12-19T07:18:54.517Z,0.023,3,1500,768x432,4.7751460000000066,,rebuffer happen
2025-12-19T07:18:55.221Z,0.023,3,1500,768x432,5.565145999999999,,
2025-12-19T07:18:55.301Z,0.523,1,600,480x270,5.500737999999984,,
2025-12-19T07:18:55.627Z,0.449,1,600,480x270,5.417398999999989,,
2025-12-19T07:18:55.973Z,0.453,1,600,480x270,5.197566999999992,,
2025-12-19T07:18:56.052Z,0.45,0,200,320x180,5.194974000000002,,
2025-12-19T07:18:56.207Z,0.648,0,200,320x180,5.0889410000000055,,
2025-12-19T07:18:56.284Z,0.634,2,1000,640x360,5.06753599999999,,
2025-12-19T07:18:56.441Z,0.284,2,1000,640x360,5.0337860000000205,,rebuffer happen
2025-12-19T07:18:56.603Z,0.043,2,1000,640x360,4.885124999999988,,rebuffer happen
2025-12-19T07:18:56.966Z,0.043,2,1000,640x360,5.293124999999975,,
2025-12-19T07:18:57.033Z,0.543,0,200,320x180,5.33180200000001,,
2025-12-19T07:18:57.158Z,0.834,0,200,320x180,5.309438999999998,,
2025-12-19T07:18:57.235Z,0.86,2,1000,640x360,5.290053,,
2025-12-19T07:18:57.659Z,0.109,2,1000,640x360,5.058853999999997,,rebuffer happen
2025-12-19T07:18:57.703Z,0.043,2,1000,640x360,4.992657000000008,,rebuffer happen
2025-12-19T07:18:57.903Z,0.043,2,1000,640x360,5.184657000000016,,
2025-12-19T07:18:57.969Z,0.503,0,200,320x180,5.226090999999997,,
2025-12-19T07:18:58.109Z,0.801,0,200,320x180,5.162401999999986,,
2025-12-19T07:18:58.186Z,0.821,3,1500,768x432,5.200587000000013,,
2025-12-19T07:18:58.687Z,0.021,3,1500,768x432,4.967626999999993,,rebuffer happen
2025-12-19T07:18:58.688Z,0.021,3,1500,768x432,4.967626999999993,,rebuffer happen
2025-12-19T07:18:59.158Z,0.021,3,1500,768x432,5.4636270000000025,,
2025-12-19T07:18:59.247Z,0.473,1,600,480x270,5.473318000000006,,
2025-12-19T07:18:59.435Z,0.184,1,600,480x270,5.393041000000011,,rebuffer happen
2025-12-19T07:18:59.682Z,0.383,1,600,480x270,5.327054000000004,,
2025-12-19T07:18:59.749Z,0.295,2,1000,640x360,5.34948799999998,,rebuffer happen
2025-12-19T07:18:59.760Z,0.295,2,1000,640x360,5.332937999999984,,
2025-12-19T07:18:59.922Z,0.036,2,1000,640x360,5.278510000000011,,rebuffer happen
2025-12-19T07:19:00.634Z,0.036,2,1000,640x360,5.979510000000005,,
2025-12-19T07:19:00.730Z,0.469,1,600,480x270,5.893772000000013,,
2025-12-19T07:19:00.855Z,0.296,1,600,480x270,5.908524,,rebuffer happen
2025-12-19T07:19:01.055Z,0.426,1,600,480x270,5.827305999999993,,
2025-12-19T07:19:01.443Z,0.487,1,600,480x270,5.727902,,
2025-12-19T07:19:01.643Z,0.24,1,600,480x270,5.615505999999982,,rebuffer happen
2025-12-19T07:19:01.745Z,0.287,1,600,480x270,5.571041000000008,,rebuffer happen
2025-12-19T07:19:01.865Z,0.37,1,600,480x270,5.532068999999979,,
2025-12-19T07:19:02.174Z,0.437,1,600,480x270,5.414986999999996,,
2025-12-19T07:19:02.547Z,0.166,1,600,480x270,5.242174000000006,,rebuffer happen
2025-12-19T07:19:02.651Z,0.268,1,600,480x270,5.237664999999993,,
2025-12-19T07:19:03.105Z,0.338,1,600,480x270,5.17906099999999,,
2025-12-19T07:19:03.289Z,0.096,1,600,480x270,5.109911000000011,,rebuffer happen
2025-12-19T07:19:03.556Z,0.291,1,600,480x270,5.106403,,
2025-12-19T07:19:03.930Z,0.363,1,600,480x270,5.119720999999998,,
2025-12-19T07:19:04.065Z,0.192,1,600,480x270,5.043394999999975,,rebuffer happen
2025-12-19T07:19:04.298Z,0.402,1,600,480x270,4.94584500000002,,
2025-12-19T07:19:04.372Z,0.404,2,1000,640x360,4.980682999999999,,
2025-12-19T07:19:04.425Z,0.278,2,1000,640x360,5.023370999999997,,rebuffer happen
2025-12-19T07:19:04.676Z,0.027,2,1000,640x360,4.974389000000002,,rebuffer happen
2025-12-19T07:19:05.096Z,0.027,2,1000,640x360,5.374389000000008,,
2025-12-19T07:19:05.167Z,0.48,1,600,480x270,5.409764999999993,,
2025-12-19T07:19:05.347Z,0.293,1,600,480x270,5.342821999999984,,rebuffer happen
2025-12-19T07:19:05.436Z,0.26,1,600,480x270,5.303050000000013,,rebuffer happen
2025-12-19T07:19:05.556Z,0.357,1,600,480x270,5.226998000000009,,
2025-12-19T07:19:05.802Z,0.488,1,600,480x270,5.064872999999977,,
2025-12-19T07:19:06.128Z,0.565,1,600,480x270,5.0310599999999965,,
2025-12-19T07:19:06.213Z,0.585,2,1000,640x360,4.953997000000015,,
2025-12-19T07:19:06.535Z,0.054,2,1000,640x360,4.9053499999999985,,rebuffer happen
2025-12-19T07:19:06.544Z,0.041,2,1000,640x360,4.8928339999999935,,rebuffer happen
2025-12-19T07:19:07.267Z,0.041,2,1000,640x360,5.583833999999996,,
2025-12-19T07:19:07.336Z,0.541,1,600,480x270,5.632577999999995,,
2025-12-19T07:19:07.597Z,0.095,1,600,480x270,5.44479800000002,,rebuffer happen
2025-12-19T07:19:07.628Z,0.182,1,600,480x270,5.492604,,rebuffer happen
2025-12-19T07:19:07.777Z,0.394,1,600,480x270,5.4389209999999935,,
2025-12-19T07:19:07.903Z,0.202,1,600,480x270,5.348106999999999,,rebuffer happen
2025-12-19T07:19:08.171Z,0.355,1,600,480x270,5.313738000000001,,
2025-12-19T07:19:08.245Z,0.369,3,1500,768x432,5.313017000000002,,
2025-12-19T07:19:08.246Z,0.258,3,1500,768x432,5.312015000000002,,rebuffer happen
2025-12-19T07:19:08.396Z,0.034,3,1500,768x432,5.176048000000009,,rebuffer happen
2025-12-19T07:19:09.066Z,0.034,3,1500,768x432,5.880047999999988,,
2025-12-19T07:19:09.132Z,0.534,2,1000,640x360,5.924358999999981,,
2025-12-19T07:19:09.446Z,0.028,2,1000,640x360,5.784522999999979,,rebuffer happen
2025-12-19T07:19:09.447Z,0.028,2,1000,640x360,5.784522999999979,,rebuffer happen
2025-12-19T07:19:09.625Z,0.028,2,1000,640x360,5.970522999999986,,
2025-12-19T07:19:09.695Z,0.528,1,600,480x270,5.915739000000002,,
2025-12-19T07:19:09.992Z,0.521,1,600,480x270,5.792168000000004,,
2025-12-19T07:19:10.253Z,0.762,1,600,480x270,5.826746999999983,,
2025-12-19T07:19:10.333Z,0.777,2,1000,640x360,5.800720999999982,,
2025-12-19T07:19:10.621Z,0.227,2,1000,640x360,5.668007999999986,,rebuffer happen
2025-12-19T07:19:10.747Z,0.037,2,1000,640x360,5.587506999999988,,rebuffer happen
2025-12-19T07:19:10.827Z,0.037,2,1000,640x360,5.681506999999982,,
2025-12-19T07:19:10.897Z,0.537,1,600,480x270,5.626427000000007,,
2025-12-19T07:19:11.196Z,0.673,1,600,480x270,5.628890000000013,,
2025-12-19T07:19:11.271Z,0.684,2,1000,640x360,5.666480000000007,,
2025-12-19T07:19:11.538Z,0.218,2,1000,640x360,5.56108500000002,,rebuffer happen
2025-12-19T07:19:11.682Z,0.002,2,1000,640x360,5.443366999999995,,rebuffer happen
2025-12-19T07:19:11.805Z,0.002,2,1000,640x360,5.548367000000013,,
2025-12-19T07:19:11.878Z,0.502,1,600,480x270,5.595696000000004,,
2025-12-19T07:19:12.052Z,0.24,1,600,480x270,5.582557000000008,,rebuffer happen
2025-12-19T07:19:12.102Z,0.299,1,600,480x270,5.507829000000015,,rebuffer happen
2025-12-19T07:19:12.224Z,0.441,1,600,480x270,5.524772999999982,,
2025-12-19T07:19:12.580Z,0.453,1,600,480x270,5.299756000000002,,
2025-12-19T07:19:12.655Z,0.447,3,1500,768x432,5.284608999999989,,
2025-12-19T07:19:12.737Z,0.213,3,1500,768x432,5.255443999999983,,rebuffer happen
2025-12-19T07:19:12.899Z,0.035,3,1500,768x432,5.176122000000021,,rebuffer happen
2025-12-19T07:19:13.525Z,0.035,3,1500,768x432,5.881122000000005,,
2025-12-19T07:19:13.591Z,0.535,2,1000,640x360,5.829080000000005,,
2025-12-19T07:19:13.861Z,0.139,2,1000,640x360,5.789748000000003,,rebuffer happen
2025-12-19T07:19:13.933Z,0.031,2,1000,640x360,5.776341000000002,,rebuffer happen
2025-12-19T07:19:14.197Z,0.031,2,1000,640x360,5.976341000000019,,
2025-12-19T07:19:14.260Z,0.506,1,600,480x270,6.019848999999994,,
2025-12-19T07:19:14.438Z,0.298,1,600,480x270,5.9399600000000135,,rebuffer happen
2025-12-19T07:19:14.634Z,0.475,1,600,480x270,5.9141970000000015,,
2025-12-19T07:19:14.714Z,0.472,3,1500,768x432,5.7944639999999765,,
2025-12-19T07:19:14.918Z,0.049,3,1500,768x432,5.697028000000017,,rebuffer happen
2025-12-19T07:19:14.918Z,0.049,3,1500,768x432,5.697028000000017,,rebuffer happen
2025-12-19T07:19:15.507Z,0.049,3,1500,768x432,6.294027999999997,,
2025-12-19T07:19:15.583Z,0.549,2,1000,640x360,6.333203999999995,,
2025-12-19T07:19:15.935Z,0.027,2,1000,640x360,6.27072800000002,,rebuffer happen
2025-12-19T07:19:15.936Z,0.027,2,1000,640x360,6.27072800000002,,rebuffer happen
2025-12-19T07:19:16.156Z,0.027,2,1000,640x360,6.479727999999994,,
2025-12-19T07:19:16.412Z,0.172,2,1000,640x360,6.322321999999986,,rebuffer happen
2025-12-19T07:19:16.536Z,0.025,2,1000,640x360,6.367536999999999,,rebuffer happen
2025-12-19T07:19:16.717Z,0.025,2,1000,640x360,6.4765370000000075,,
2025-12-19T07:19:16.797Z,0.478,1,600,480x270,6.482830000000007,,
2025-12-19T07:19:16.967Z,0.215,1,600,480x270,6.423259999999999,,rebuffer happen
2025-12-19T07:19:17.123Z,0.453,1,600,480x270,6.410579000000013,,
2025-12-19T07:19:17.441Z,0.494,1,600,480x270,6.2345969999999795,,
2025-12-19T07:19:17.752Z,0.526,1,600,480x270,6.072013999999996,,
2025-12-19T07:19:18.009Z,0.621,1,600,480x270,5.878520000000009,,
2025-12-19T07:19:18.089Z,0.636,2,1000,640x360,5.904402999999974,,
2025-12-19T07:19:18.401Z,0.114,2,1000,640x360,5.763258999999977,,rebuffer happen
2025-12-19T07:19:18.454Z,0.035,2,1000,640x360,5.778182000000015,,rebuffer happen
2025-12-19T07:19:18.566Z,0.035,2,1000,640x360,5.876182,,
2025-12-19T07:19:18.640Z,0.514,1,600,480x270,5.8907820000000015,,
2025-12-19T07:19:18.764Z,0.297,1,600,480x270,5.807421000000005,,rebuffer happen
2025-12-19T07:19:18.942Z,0.482,1,600,480x270,5.737983000000014,,
2025-12-19T07:19:19.014Z,0.452,2,1000,640x360,5.630179999999996,,
2025-12-19T07:19:19.251Z,0.166,2,1000,640x360,5.707118000000008,,rebuffer happen
2025-12-19T07:19:19.354Z,0.024,2,1000,640x360,5.671971000000013,,rebuffer happen
2025-12-19T07:19:19.605Z,0.024,2,1000,640x360,5.866971000000007,,
2025-12-19T07:19:19.683Z,0.524,1,600,480x270,5.904525000000007,,
2025-12-19T07:19:19.833Z,0.282,1,600,480x270,5.896194000000008,,rebuffer happen
2025-12-19T07:19:20.106Z,0.354,1,600,480x270,5.709512999999987,,
2025-12-19T07:19:20.155Z,0.294,1,600,480x270,5.735861999999997,,rebuffer happen
2025-12-19T07:19:20.418Z,0.4,1,600,480x270,5.542575999999997,,
2025-12-19T07:19:20.532Z,0.228,1,600,480x270,5.581470999999993,,rebuffer happen
2025-12-19T07:19:20.731Z,0.43,1,600,480x270,5.473123999999984,,
2025-12-19T07:19:20.862Z,0.266,1,600,480x270,5.374543000000017,,rebuffer happen
2025-12-19T07:19:21.051Z,0.452,1,600,480x270,5.312666000000007,,
2025-12-19T07:19:21.120Z,0.464,2,1000,640x360,5.250212000000005,,
2025-12-19T07:19:21.389Z,0.038,2,1000,640x360,5.184618,,rebuffer happen
2025-12-19T07:19:21.390Z,0.038,2,1000,640x360,5.184618,,rebuffer happen
2025-12-19T07:19:21.644Z,0.038,2,1000,640x360,5.479617999999988,,
2025-12-19T07:19:21.727Z,0.538,1,600,480x270,5.411851999999982,,
2025-12-19T07:19:22.170Z,0.523,1,600,480x270,5.449705999999992,,
2025-12-19T07:19:22.242Z,0.494,3,1500,768x432,5.458618999999999,,
2025-12-19T07:19:22.449Z,0.097,3,1500,768x432,5.339201000000003,,rebuffer happen
2025-12-19T07:19:22.490Z,0.035,3,1500,768x432,5.277248000000014,,rebuffer happen
2025-12-19T07:19:23.389Z,0.035,3,1500,768x432,6.180248000000006,,
2025-12-19T07:19:23.472Z,0.535,1,600,480x270,6.213398999999981,,
2025-12-19T07:19:23.652Z,0.281,1,600,480x270,6.199577000000005,,rebuffer happen
2025-12-19T07:19:23.723Z,0.274,1,600,480x270,6.185507999999999,,rebuffer happen
2025-12-19T07:19:23.817Z,0.299,1,600,480x270,6.043814999999995,,rebuffer happen
2025-12-19T07:19:23.907Z,0.298,1,600,480x270,6.017673000000002,,rebuffer happen
2025-12-19T07:19:23.943Z,0.33,1,600,480x270,6.058070000000015,,
2025-12-19T07:19:24.017Z,0.31,0,200,320x180,5.94781900000001,,
2025-12-19T07:19:24.017Z,0.199,0,200,320x180,5.946787999999998,,rebuffer happen
2025-12-19T07:19:24.179Z,0.456,0,200,320x180,5.938883000000004,,
2025-12-19T07:19:24.261Z,0.494,1,600,480x270,5.918222000000014,,
2025-12-19T07:19:24.359Z,0.225,1,600,480x270,5.873005000000006,,rebuffer happen
2025-12-19T07:19:24.751Z,0.277,1,600,480x270,5.844380000000001,,
2025-12-19T07:19:25.223Z,0.318,1,600,480x270,5.877024000000006,,
2025-12-19T07:19:25.416Z,0.14,1,600,480x270,5.7899699999999825,,rebuffer happen
2025-12-19T07:19:25.816Z,0.177,1,600,480x270,5.728365999999994,,
2025-12-19T07:19:25.885Z,0.173,2,1000,640x360,5.754244999999997,,
2025-12-19T07:19:25.960Z,0.031,2,1000,640x360,5.772356000000002,,rebuffer happen
2025-12-19T07:19:26.614Z,0.031,2,1000,640x360,6.379356000000001,,
2025-12-19T07:19:26.697Z,0.526,1,600,480x270,6.36415199999999,,
2025-12-19T07:19:26.987Z,0.287,1,600,480x270,6.243261999999987,,rebuffer happen
2025-12-19T07:19:27.151Z,0.289,1,600,480x270,6.259348999999986,,
2025-12-19T07:19:27.244Z,0.245,1,600,480x270,6.262326999999999,,rebuffer happen
2025-12-19T07:19:27.590Z,0.342,1,600,480x270,6.193594999999988,,
2025-12-19T07:19:27.661Z,0.348,0,200,320x180,6.189337999999992,,
2025-12-19T07:19:27.662Z,0.24,0,200,320x180,6.188352000000009,,rebuffer happen
2025-12-19T07:19:27.823Z,0.405,0,200,320x180,6.143081999999993,,
2025-12-19T07:19:27.894Z,0.498,1,600,480x270,6.0371470000000045,,
2025-12-19T07:19:28.000Z,0.299,1,600,480x270,5.975217000000015,,rebuffer happen
2025-12-19T07:19:28.183Z,0.281,1,600,480x270,5.930189000000013,,rebuffer happen
2025-12-19T07:19:28.221Z,0.291,1,600,480x270,5.966577999999998,,rebuffer happen
2025-12-19T07:19:28.328Z,0.282,1,600,480x270,5.912768999999997,,
2025-12-19T07:19:28.407Z,0.233,3,1500,768x432,5.823807999999985,,
2025-12-19T07:19:28.545Z,0.036,3,1500,768x432,5.878892000000008,,rebuffer happen
2025-12-19T07:19:29.195Z,0.036,3,1500,768x432,6.484892000000002,,
2025-12-19T07:19:29.280Z,0.536,1,600,480x270,6.509032000000019,,
2025-12-19T07:19:29.752Z,0.325,1,600,480x270,6.348252000000002,,
2025-12-19T07:19:29.753Z,0.293,1,600,480x270,6.347375999999997,,rebuffer happen
2025-12-19T07:19:30.081Z,0.413,1,600,480x270,6.261292999999995,,
2025-12-19T07:19:30.149Z,0.369,2,1000,640x360,6.283592999999996,,
2025-12-19T07:19:30.231Z,0.218,2,1000,640x360,6.269046000000003,,rebuffer happen
2025-12-19T07:19:30.347Z,0.044,2,1000,640x360,6.186151000000024,,rebuffer happen
2025-12-19T07:19:30.675Z,0.044,2,1000,640x360,6.495151000000021,,
2025-12-19T07:19:30.756Z,0.544,0,200,320x180,6.528658000000007,,
2025-12-19T07:19:30.876Z,0.763,0,200,320x180,6.512011000000001,,
2025-12-19T07:19:30.944Z,0.861,2,1000,640x360,6.529685000000001,,
2025-12-19T07:19:31.415Z,0.14,2,1000,640x360,6.282972999999998,,rebuffer happen
2025-12-19T07:19:31.498Z,0.016,2,1000,640x360,6.263553000000002,,rebuffer happen
2025-12-19T07:19:31.499Z,0.016,2,1000,640x360,6.263553000000002,,
2025-12-19T07:19:31.567Z,0.516,0,200,320x180,6.3081320000000005,,
2025-12-19T07:19:31.697Z,0.755,0,200,320x180,6.278763999999995,,
2025-12-19T07:19:31.768Z,0.743,1,600,480x270,6.272046000000017,,
2025-12-19T07:19:32.165Z,0.296,1,600,480x270,6.082960999999983,,rebuffer happen
2025-12-19T07:19:32.279Z,0.293,1,600,480x270,6.002894999999995,,rebuffer happen
2025-12-19T07:19:32.461Z,0.283,1,600,480x270,6.020760999999993,,
2025-12-19T07:19:32.531Z,0.273,2,1000,640x360,5.950182000000012,,
2025-12-19T07:19:32.716Z,0.019,2,1000,640x360,5.9605200000000025,,rebuffer happen
2025-12-19T07:19:33.086Z,0.019,2,1000,640x360,6.372520000000009,,
2025-12-19T07:19:33.156Z,0.503,1,600,480x270,6.387430999999992,,
2025-12-19T07:19:33.497Z,0.432,1,600,480x270,6.17240000000001,,
2025-12-19T07:19:33.814Z,0.461,1,600,480x270,5.9919100000000185,,
2025-12-19T07:19:34.181Z,0.435,1,600,480x270,5.851709,,
2025-12-19T07:19:34.305Z,0.22,1,600,480x270,5.761691000000013,,rebuffer happen
2025-12-19T07:19:34.572Z,0.307,1,600,480x270,5.6700910000000135,,
2025-12-19T07:19:34.654Z,0.319,0,200,320x180,5.644970999999998,,
2025-12-19T07:19:34.654Z,0.196,0,200,320x180,5.643923000000001,,rebuffer happen
2025-12-19T07:19:34.782Z,0.493,0,200,320x180,5.545788000000016,,
2025-12-19T07:19:34.854Z,0.414,1,600,480x270,5.545361000000014,,
2025-12-19T07:19:34.937Z,0.273,1,600,480x270,5.515119999999996,,rebuffer happen
2025-12-19T07:19:34.968Z,0.293,1,600,480x270,5.468635000000006,,rebuffer happen
2025-12-19T07:19:35.082Z,0.29,1,600,480x270,5.436097999999987,,rebuffer happen
2025-12-19T07:19:35.252Z,0.288,1,600,480x270,5.466668999999996,,rebuffer happen
2025-12-19T07:19:35.393Z,0.274,1,600,480x270,5.421266000000003,,
2025-12-19T07:19:35.464Z,0.28,2,1000,640x360,5.451228000000015,,
2025-12-19T07:19:35.651Z,0.022,2,1000,640x360,5.465960999999993,,rebuffer happen
2025-12-19T07:19:35.950Z,0.022,2,1000,640x360,5.763960999999995,,
2025-12-19T07:19:36.025Z,0.522,1,600,480x270,5.7042299999999955,,
2025-12-19T07:19:36.336Z,0.485,1,600,480x270,5.639904000000001,,
2025-12-19T07:19:36.569Z,0.658,1,600,480x270,5.498545000000007,,
2025-12-19T07:19:36.650Z,0.647,0,200,320x180,5.470579000000015,,
2025-12-19T07:19:36.744Z,0.896,0,200,320x180,5.438721000000015,,
2025-12-19T07:19:36.820Z,0.884,3,1500,768x432,5.324441000000007,,
2025-12-19T07:19:37.246Z,0.179,3,1500,768x432,5.231111999999996,,rebuffer happen
2025-12-19T07:19:37.336Z,0.044,3,1500,768x432,5.190809999999999,,rebuffer happen
2025-12-19T07:19:37.763Z,0.044,3,1500,768x432,5.5848100000000045,,
2025-12-19T07:19:37.833Z,0.491,0,200,320x180,5.629016000000007,,
2025-12-19T07:19:37.974Z,0.72,0,200,320x180,5.528513000000004,,
2025-12-19T07:19:38.050Z,0.776,3,1500,768x432,5.522424000000001,,
2025-12-19T07:19:38.396Z,0.21,3,1500,768x432,5.365199999999987,,rebuffer happen
2025-12-19T07:19:38.504Z,0.049,3,1500,768x432,5.290468000000004,,rebuffer happen
2025-12-19T07:19:38.782Z,0.049,3,1500,768x432,5.5904680000000155,,
2025-12-19T07:19:38.864Z,0.549,0,200,320x180,5.624929000000009,,
2025-12-19T07:19:39.020Z,0.733,0,200,320x180,5.621291999999983,,
2025-12-19T07:19:39.098Z,0.762,2,1000,640x360,5.514659999999992,,
2025-12-19T07:19:39.521Z,0.04,2,1000,640x360,5.382139999999993,,rebuffer happen
2025-12-19T07:19:39.521Z,0.04,2,1000,640x360,5.382139999999993,,rebuffer happen
2025-12-19T07:19:39.883Z,0.04,2,1000,640x360,5.682140000000004,,
2025-12-19T07:19:39.956Z,0.54,0,200,320x180,5.724557000000004,,
2025-12-19T07:19:40.086Z,0.781,0,200,320x180,5.668877000000009,,
2025-12-19T07:19:40.159Z,0.825,1,600,480x270,5.658449999999988,,
2025-12-19T07:19:40.683Z,0.419,1,600,480x270,5.373250000000013,,
2025-12-19T07:19:40.848Z,0.184,1,600,480x270,5.338307000000015,,rebuffer happen
2025-12-19T07:19:40.951Z,0.296,1,600,480x270,5.272362000000015,,rebuffer happen
2025-12-19T07:19:41.064Z,0.337,1,600,480x270,5.232087000000007,,
2025-12-19T07:19:41.127Z,0.284,2,1000,640x360,5.231422999999978,,rebuffer happen
2025-12-19T07:19:41.140Z,0.284,2,1000,640x360,5.210903000000002,,
2025-12-19T07:19:41.289Z,0.041,2,1000,640x360,5.097255999999987,,rebuffer happen
2025-12-19T07:19:41.719Z,0.041,2,1000,640x360,5.485255999999993,,
2025-12-19T07:19:41.791Z,0.541,0,200,320x180,5.524569000000014,,
2025-12-19T07:19:41.949Z,0.747,0,200,320x180,5.500233000000009,,
2025-12-19T07:19:42.026Z,0.757,1,600,480x270,5.385220000000004,,
2025-12-19T07:19:42.384Z,0.62,1,600,480x270,5.286512999999985,,
2025-12-19T07:19:42.460Z,0.641,0,200,320x180,5.273633999999987,,
2025-12-19T07:19:42.601Z,0.826,0,200,320x180,5.165707999999995,,
2025-12-19T07:19:42.678Z,0.788,1,600,480x270,5.143378999999982,,
2025-12-19T07:19:43.055Z,0.633,1,600,480x270,5.000069999999994,,
2025-12-19T07:19:43.128Z,0.654,3,1500,768x432,4.93439699999999,,
2025-12-19T07:19:43.415Z,0.167,3,1500,768x432,4.80943000000002,,rebuffer happen
2025-12-19T07:19:43.508Z,0.029,3,1500,768x432,4.776529000000011,,rebuffer happen
2025-12-19T07:19:43.799Z,0.029,3,1500,768x432,5.072529000000003,,
2025-12-19T07:19:43.878Z,0.529,0,200,320x180,5.107387000000017,,
2025-12-19T07:19:43.989Z,0.791,0,200,320x180,5.117345999999998,,
2025-12-19T07:19:44.067Z,0.799,2,1000,640x360,5.103999999999985,,
2025-12-19T07:19:44.558Z,0.022,2,1000,640x360,4.864163999999988,,rebuffer happen
2025-12-19T07:19:44.559Z,0.022,2,1000,640x360,4.864163999999988,,rebuffer happen
2025-12-19T07:19:44.873Z,0.022,2,1000,640x360,5.1641639999999995,,
2025-12-19T07:19:44.940Z,0.522,0,200,320x180,5.211859000000004,,
2025-12-19T07:19:45.106Z,0.8,0,200,320x180,5.138238000000001,,
2025-12-19T07:19:45.172Z,0.796,1,600,480x270,5.1486519999999985,,
2025-12-19T07:19:45.513Z,0.671,1,600,480x270,4.931256999999988,,
2025-12-19T07:19:45.899Z,0.605,1,600,480x270,4.75909200000001,,
2025-12-19T07:19:46.186Z,0.695,1,600,480x270,4.684230999999983,,
2025-12-19T07:19:46.565Z,0.701,1,600,480x270,4.516278,,
2025-12-19T07:19:46.638Z,0.674,3,1500,768x432,4.513848999999993,,
2025-12-19T07:19:46.877Z,0.206,3,1500,768x432,4.356921999999997,,rebuffer happen
2025-12-19T07:19:47.027Z,0.025,3,1500,768x432,4.368610000000018,,rebuffer happen
2025-12-19T07:19:47.736Z,0.025,3,1500,768x432,5.067610000000002,,
2025-12-19T07:19:47.812Z,0.525,1,600,480x270,5.006666999999993,,
2025-12-19T07:19:47.950Z,0.293,1,600,480x270,5.004483999999991,,rebuffer happen
2025-12-19T07:19:48.138Z,0.552,1,600,480x270,4.9958520000000135,,
2025-12-19T07:19:48.487Z,0.549,1,600,480x270,4.772339999999986,,
2025-12-19T07:19:48.857Z,0.495,1,600,480x270,4.622042000000022,,
2025-12-19T07:19:48.924Z,0.435,0,200,320x180,4.520969000000008,,
2025-12-19T07:19:49.062Z,0.641,0,200,320x180,4.511844999999994,,
2025-12-19T07:19:49.142Z,0.669,3,1500,768x432,4.501131000000015,,
2025-12-19T07:19:49.395Z,0.17,3,1500,768x432,4.325988999999993,,rebuffer happen
2025-12-19T07:19:49.529Z,0.028,3,1500,768x432,4.3789890000000185,,rebuffer happen
2025-12-19T07:19:50.123Z,0.028,3,1500,768x432,4.971989000000008,,
2025-12-19T07:19:50.203Z,0.528,1,600,480x270,4.9081410000000005,,
2025-12-19T07:19:50.619Z,0.422,1,600,480x270,4.751193999999998,,
2025-12-19T07:19:50.733Z,0.271,1,600,480x270,4.781530000000004,,rebuffer happen
2025-12-19T07:19:50.765Z,0.29,1,600,480x270,4.733063999999985,,rebuffer happen
2025-12-19T07:19:50.829Z,0.294,1,600,480x270,4.744342999999986,,rebuffer happen
2025-12-19T07:19:51.100Z,0.339,1,600,480x270,4.6705809999999985,,
2025-12-19T07:19:51.169Z,0.305,2,1000,640x360,4.688314999999989,,
2025-12-19T07:19:51.170Z,0.24,2,1000,640x360,4.687279999999987,,rebuffer happen
2025-12-19T07:19:51.364Z,0.031,2,1000,640x360,4.679124000000002,,rebuffer happen
2025-12-19T07:19:51.837Z,0.031,2,1000,640x360,5.181123999999983,,
2025-12-19T07:19:51.920Z,0.475,1,600,480x270,5.106119000000007,,
2025-12-19T07:19:52.305Z,0.477,1,600,480x270,5.003457000000026,,
2025-12-19T07:19:52.703Z,0.35,1,600,480x270,4.810925999999995,,
2025-12-19T07:19:52.804Z,0.28,1,600,480x270,4.7549960000000056,,rebuffer happen
2025-12-19T07:19:53.041Z,0.393,1,600,480x270,4.713317999999987,,
2025-12-19T07:19:53.144Z,0.248,1,600,480x270,4.658681999999999,,rebuffer happen
2025-12-19T07:19:53.233Z,0.28,1,600,480x270,4.634278999999992,,rebuffer happen
2025-12-19T07:19:53.398Z,0.346,1,600,480x270,4.48025100000001,,
2025-12-19T07:19:53.497Z,0.184,1,600,480x270,4.425304000000011,,rebuffer happen
2025-12-19T07:19:53.624Z,0.293,1,600,480x270,4.437945000000013,,rebuffer happen
2025-12-19T07:19:53.722Z,0.35,1,600,480x270,4.387207000000018,,
2025-12-19T07:19:53.753Z,0.3,1,600,480x270,4.341280000000012,,rebuffer happen
2025-12-19T07:19:54.027Z,0.292,1,600,480x270,4.373889999999989,,rebuffer happen
2025-12-19T07:19:54.142Z,0.353,1,600,480x270,4.294663999999983,,
2025-12-19T07:19:54.294Z,0.126,1,600,480x270,4.177798999999993,,rebuffer happen
2025-12-19T07:19:54.407Z,0.29,1,600,480x270,4.103107999999992,,rebuffer happen
2025-12-19T07:19:54.488Z,0.313,1,600,480x270,4.07580999999999,,
2025-12-19T07:19:54.559Z,0.229,0,200,320x180,4.077315999999996,,rebuffer happen
2025-12-19T07:19:54.570Z,0.229,0,200,320x180,4.060320999999988,,
2025-12-19T07:19:54.729Z,0.452,0,200,320x180,4.022875999999997,,
2025-12-19T07:19:54.870Z,0.71,0,200,320x180,3.905189000000007,,
2025-12-19T07:19:55.041Z,0.952,0,200,320x180,3.86051599999999,,
2025-12-19T07:19:55.114Z,0.976,2,1000,640x360,3.777478000000002,,
2025-12-19T07:19:55.618Z,0.175,2,1000,640x360,3.5215419999999824,,rebuffer happen
2025-12-19T07:19:55.718Z,0.026,2,1000,640x360,3.469107000000008,,rebuffer happen
2025-12-19T07:19:55.986Z,0.026,2,1000,640x360,3.776106999999996,,
2025-12-19T07:19:56.066Z,0.526,0,200,320x180,3.8047129999999925,,
2025-12-19T07:19:56.210Z,0.746,0,200,320x180,3.7833559999999977,,
2025-12-19T07:19:56.283Z,0.758,1,600,480x270,3.787245000000013,,
2025-12-19T07:19:56.815Z,0.473,1,600,480x270,3.4847179999999867,,
2025-12-19T07:19:56.888Z,0.442,0,200,320x180,3.483859999999993,,
2025-12-19T07:19:56.970Z,0.244,0,200,320x180,3.4540870000000155,,rebuffer happen
2025-12-19T07:19:56.999Z,0.3,0,200,320x180,3.409712000000013,,rebuffer happen
2025-12-19T07:19:57.076Z,0.49,0,200,320x180,3.400127999999995,,
2025-12-19T07:19:57.348Z,0.655,0,200,320x180,3.296175000000005,,
2025-12-19T07:19:57.500Z,0.887,0,200,320x180,3.1642630000000054,,
2025-12-19T07:19:57.572Z,0.922,1,600,480x270,3.1666469999999833,,
2025-12-19T07:19:58.274Z,0.307,1,600,480x270,2.859747999999996,,
2025-12-19T07:19:58.350Z,0.308,0,200,320x180,2.8410729999999944,,
2025-12-19T07:19:58.351Z,0.195,0,200,320x180,2.839798000000002,,rebuffer happen
2025-12-19T07:19:58.540Z,0.419,0,200,320x180,2.8391440000000046,,
2025-12-19T07:19:58.615Z,0.497,1,600,480x270,2.7639560000000074,,
2025-12-19T07:19:58.823Z,0.12,1,600,480x270,2.764415999999983,,rebuffer happen
2025-12-19T07:19:58.887Z,0.026,1,600,480x270,2.670380999999992,,rebuffer happen
2025-12-19T07:19:59.144Z,0.305,1,600,480x270,2.766202000000021,,
2025-12-19T07:19:59.181Z,0.266,0,200,320x180,2.7118420000000185,,rebuffer happen
2025-12-19T07:19:59.224Z,0.266,0,200,320x180,2.744279000000006,,
2025-12-19T07:19:59.337Z,0.036,0,200,320x180,2.678003000000018,,rebuffer happen
2025-12-19T07:19:59.410Z,0.337,0,200,320x180,2.6271210000000167,,
2025-12-19T07:19:59.489Z,0.484,1,600,480x270,2.6561570000000074,,
2025-12-19T07:19:59.597Z,0.283,1,600,480x270,2.6240860000000055,,rebuffer happen
2025-12-19T07:19:59.771Z,0.026,1,600,480x270,2.57493199999999,,rebuffer happen
2025-12-19T07:20:00.125Z,0.224,1,600,480x270,2.651543999999973,,
2025-12-19T07:20:00.305Z,0.026,1,600,480x270,2.5683310000000006,,rebuffer happen
2025-12-19T07:20:00.638Z,0.03,1,600,480x270,2.737683000000004,,rebuffer happen
2025-12-19T07:20:00.797Z,0.191,1,600,480x270,2.74309599999998,,
2025-12-19T07:20:00.874Z,0.2,3,1500,768x432,2.78326899999999,,
2025-12-19T07:20:00.989Z,0.019,3,1500,768x432,2.7632639999999924,,rebuffer happen
2025-12-19T07:20:02.188Z,0.019,3,1500,768x432,3.9632640000000094,,
2025-12-19T07:20:02.261Z,0.519,1,600,480x270,4.006202999999999,,
2025-12-19T07:20:02.425Z,0.248,1,600,480x270,3.991847000000007,,rebuffer happen
2025-12-19T07:20:02.941Z,0.204,1,600,480x270,3.9009340000000066,,
2025-12-19T07:20:03.074Z,0.022,1,600,480x270,3.8663580000000195,,rebuffer happen
2025-12-19T07:20:03.391Z,0.089,1,600,480x270,3.9971590000000106,,rebuffer happen
2025-12-19T07:20:03.629Z,0.122,1,600,480x270,4.078553999999997,,
2025-12-19T07:20:03.720Z,0.111,0,200,320x180,3.9869480000000124,,
2025-12-19T07:20:03.741Z,0.017,0,200,320x180,4.05864200000002,,rebuffer happen
2025-12-19T07:20:04.003Z,0.287,0,200,320x180,4.100189999999998,,rebuffer happen
2025-12-19T07:20:04.009Z,0.287,0,200,320x180,4.090264999999988,,
2025-12-19T07:20:04.359Z,0.456,0,200,320x180,4.098239000000007,,
2025-12-19T07:20:04.580Z,0.628,0,200,320x180,3.9702139999999986,,
2025-12-19T07:20:04.802Z,0.718,0,200,320x180,3.8248710000000017,,
2025-12-19T07:20:05.037Z,0.875,0,200,320x180,3.7860450000000014,,
2025-12-19T07:20:05.107Z,0.907,1,600,480x270,3.697329999999994,,
2025-12-19T07:20:05.755Z,0.426,1,600,480x270,3.414463999999981,,
2025-12-19T07:20:05.827Z,0.372,0,200,320x180,3.306746000000004,,
2025-12-19T07:20:05.827Z,0.263,0,200,320x180,3.4116690000000176,,rebuffer happen
2025-12-19T07:20:06.056Z,0.492,0,200,320x180,3.370508000000001,,
2025-12-19T07:20:06.125Z,0.516,1,600,480x270,3.266715000000005,,
2025-12-19T07:20:06.376Z,0.036,1,600,480x270,3.1875689999999963,,rebuffer happen
2025-12-19T07:20:06.377Z,0.036,1,600,480x270,3.1875689999999963,,rebuffer happen
2025-12-19T07:20:06.760Z,0.026,1,600,480x270,3.367678000000012,,rebuffer happen
2025-12-19T07:20:06.927Z,0.02,1,600,480x270,3.431874999999991,,rebuffer happen
2025-12-19T07:20:06.977Z,0.03,1,600,480x270,3.4086340000000064,,rebuffer happen
2025-12-19T07:20:07.060Z,0.018,1,600,480x270,3.4662560000000155,,rebuffer happen
2025-12-19T07:20:07.094Z,0.029,1,600,480x270,3.4443039999999883,,rebuffer happen
2025-12-19T07:20:07.177Z,0.019,1,600,480x270,3.500272999999993,,rebuffer happen
2025-12-19T07:20:07.188Z,0.019,1,600,480x270,3.500272999999993,,
2025-12-19T07:20:07.227Z,0.019,1,600,480x270,3.561031999999983,,rebuffer happen
2025-12-19T07:20:07.961Z,0.022,1,600,480x270,3.9025239999999997,,rebuffer happen
2025-12-19T07:20:08.385Z,0.122,1,600,480x270,4.224232000000001,,
2025-12-19T07:20:08.445Z,0.021,0,200,320x180,4.26263800000001,,rebuffer happen
2025-12-19T07:20:08.456Z,0.021,0,200,320x180,4.26263800000001,,
2025-12-19T07:20:08.715Z,0.3,0,200,320x180,4.335652999999979,,
2025-12-19T07:20:08.925Z,0.074,0,200,320x180,4.319001999999983,,rebuffer happen
2025-12-19T07:20:09.136Z,0.322,0,200,320x180,4.283303999999987,,
2025-12-19T07:20:09.251Z,0.239,0,200,320x180,4.295164999999997,,rebuffer happen
2025-12-19T07:20:09.426Z,0.539,0,200,320x180,4.290763999999996,,
2025-12-19T07:20:09.496Z,0.546,1,600,480x270,4.220510999999988,,
2025-12-19T07:20:09.853Z,0.482,1,600,480x270,4.091092000000003,,
2025-12-19T07:20:10.205Z,0.427,1,600,480x270,3.866927000000004,,
2025-12-19T07:20:10.497Z,0.488,1,600,480x270,3.724673999999993,,
2025-12-19T07:20:10.769Z,0.55,1,600,480x270,3.628547000000026,,
2025-12-19T07:20:11.060Z,0.65,1,600,480x270,3.506729000000007,,
2025-12-19T07:20:11.131Z,0.619,2,1000,640x360,3.520391999999987,,
2025-12-19T07:20:11.370Z,0.222,2,1000,640x360,3.3654249999999877,,rebuffer happen
2025-12-19T07:20:11.497Z,0.032,2,1000,640x360,3.2851339999999993,,rebuffer happen
2025-12-19T07:20:11.668Z,0.032,2,1000,640x360,3.4731339999999875,,
2025-12-19T07:20:11.741Z,0.532,1,600,480x270,3.524473999999998,,
2025-12-19T07:20:12.029Z,0.518,1,600,480x270,3.398864000000003,,
2025-12-19T07:20:12.214Z,0.273,1,600,480x270,3.2152449999999817,,rebuffer happen
2025-12-19T07:20:12.399Z,0.503,1,600,480x270,3.1370239999999967,,
2025-12-19T07:20:12.556Z,0.26,1,600,480x270,3.106874000000005,,rebuffer happen
2025-12-19T07:20:12.726Z,0.577,1,600,480x270,3.131321000000014,,
2025-12-19T07:20:12.800Z,0.584,2,1000,640x360,3.0575270000000216,,
2025-12-19T07:20:13.090Z,0.119,2,1000,640x360,2.9735000000000014,,rebuffer happen
2025-12-19T07:20:13.149Z,0.032,2,1000,640x360,2.9805780000000084,,rebuffer happen
2025-12-19T07:20:13.338Z,0.032,2,1000,640x360,3.1765780000000063,,
2025-12-19T07:20:13.402Z,0.532,0,200,320x180,3.125470000000007,,
2025-12-19T07:20:13.522Z,0.798,0,200,320x180,3.152983000000006,,
2025-12-19T07:20:13.607Z,0.809,2,1000,640x360,3.0254520000000014,,
2025-12-19T07:20:13.940Z,0.184,2,1000,640x360,2.927276000000006,,rebuffer happen
2025-12-19T07:20:14.066Z,0.018,2,1000,640x360,2.866878000000014,,rebuffer happen
2025-12-19T07:20:14.301Z,0.018,2,1000,640x360,3.062878000000012,,
2025-12-19T07:20:14.372Z,0.497,1,600,480x270,3.0890629999999817,,
2025-12-19T07:20:14.583Z,0.256,1,600,480x270,2.9737559999999803,,rebuffer happen
2025-12-19T07:20:14.700Z,0.47,1,600,480x270,2.940049999999985,,
2025-12-19T07:20:14.780Z,0.453,2,1000,640x360,2.9327499999999986,,
2025-12-19T07:20:14.863Z,0.267,2,1000,640x360,2.9197029999999984,,rebuffer happen
2025-12-19T07:20:15.017Z,0.038,2,1000,640x360,2.7850229999999954,,rebuffer happen
2025-12-19T07:20:15.392Z,0.038,2,1000,640x360,3.1890229999999917,,
2025-12-19T07:20:15.467Z,0.488,1,600,480x270,3.2167689999999993,,
2025-12-19T07:20:15.707Z,0.178,1,600,480x270,3.060036999999994,,rebuffer happen
2025-12-19T07:20:15.837Z,0.393,1,600,480x270,3.0684699999999907,,
2025-12-19T07:20:15.904Z,0.416,3,1500,768x432,2.9679999999999893,,
2025-12-19T07:20:16.076Z,0.085,3,1500,768x432,2.938682,,rebuffer happen
2025-12-19T07:20:16.101Z,0.048,3,1500,768x432,2.901664000000011,,rebuffer happen
2025-12-19T07:20:17.012Z,0.048,3,1500,768x432,3.790664000000021,,
2025-12-19T07:20:17.088Z,0.548,0,200,320x180,3.8291799999999796,,
2025-12-19T07:20:17.245Z,0.749,0,200,320x180,3.856606999999997,,
2025-12-19T07:20:17.322Z,0.706,1,600,480x270,3.7410209999999893,,
2025-12-19T07:20:17.764Z,0.538,1,600,480x270,3.565268000000003,,
2025-12-19T07:20:17.958Z,0.233,1,600,480x270,3.481927000000013,,rebuffer happen
2025-12-19T07:20:18.209Z,0.392,1,600,480x270,3.318123999999983,,
2025-12-19T07:20:18.416Z,0.066,1,600,480x270,3.20841200000001,,rebuffer happen
2025-12-19T07:20:18.731Z,0.195,1,600,480x270,3.2623590000000036,,
2025-12-19T07:20:18.920Z,0.023,1,600,480x270,3.264510999999999,,rebuffer happen
2025-12-19T07:20:19.346Z,0.247,1,600,480x270,3.2696060000000102,,
2025-12-19T07:20:19.415Z,0.122,2,1000,640x360,3.200738000000001,,
2025-12-19T07:20:19.437Z,0.032,2,1000,640x360,3.285119000000009,,rebuffer happen
2025-12-19T07:20:19.920Z,0.032,2,1000,640x360,3.7731190000000083,,
2025-12-19T07:20:19.992Z,0.499,1,600,480x270,3.700070000000011,,
2025-12-19T07:20:20.351Z,0.503,1,600,480x270,3.690983999999986,,
2025-12-19T07:20:20.429Z,0.545,0,200,320x180,3.671947000000017,,
2025-12-19T07:20:20.603Z,0.624,0,200,320x180,3.5147440000000074,,
2025-12-19T07:20:20.677Z,0.667,1,600,480x270,3.4980589999999836,,
2025-12-19T07:20:20.975Z,0.6,1,600,480x270,3.358753000000007,,
2025-12-19T07:20:21.367Z,0.701,1,600,480x270,3.327731,,
2025-12-19T07:20:21.749Z,0.628,1,600,480x270,3.1679259999999942,,
2025-12-19T07:20:22.158Z,0.524,1,600,480x270,2.9557760000000144,,
2025-12-19T07:20:22.539Z,0.453,1,600,480x270,2.791454999999985,,
2025-12-19T07:20:22.738Z,0.21,1,600,480x270,2.6973020000000076,,rebuffer happen
2025-12-19T07:20:23.089Z,0.266,1,600,480x270,2.6325120000000197,,
2025-12-19T07:20:23.164Z,0.223,2,1000,640x360,2.6548799999999915,,
2025-12-19T07:20:23.357Z,0.019,2,1000,640x360,2.660675999999995,,rebuffer happen
2025-12-19T07:20:23.962Z,0.019,2,1000,640x360,3.2606759999999895,,
2025-12-19T07:20:24.042Z,0.519,0,200,320x180,3.305183999999997,,
2025-12-19T07:20:24.219Z,0.722,0,200,320x180,3.2039109999999766,,
2025-12-19T07:20:24.292Z,0.73,1,600,480x270,3.189126000000016,,
2025-12-19T07:20:24.869Z,0.34,1,600,480x270,2.9279300000000035,,
2025-12-19T07:20:24.869Z,0.282,1,600,480x270,2.9269859999999994,,rebuffer happen
2025-12-19T07:20:24.944Z,0.282,0,200,320x180,2.9172100000000114,,
2025-12-19T07:20:25.103Z,0.521,0,200,320x180,2.863804000000016,,
2025-12-19T07:20:25.178Z,0.519,3,1500,768x432,2.8981239999999957,,
2025-12-19T07:20:25.335Z,0.234,3,1500,768x432,2.8759550000000047,,rebuffer happen
2025-12-19T07:20:25.476Z,0.026,3,1500,768x432,2.7763289999999756,,rebuffer happen
2025-12-19T07:20:26.330Z,0.026,3,1500,768x432,3.673328999999967,,
2025-12-19T07:20:26.408Z,0.526,1,600,480x270,3.6095249999999908,,
2025-12-19T07:20:26.538Z,0.268,1,600,480x270,3.611615999999998,,rebuffer happen
2025-12-19T07:20:26.947Z,0.27,1,600,480x270,3.4899970000000167,,
2025-12-19T07:20:27.177Z,0.017,1,600,480x270,3.467835999999977,,rebuffer happen
2025-12-19T07:20:27.473Z,0.26,1,600,480x270,3.508201000000014,,
2025-12-19T07:20:27.711Z,0.024,1,600,480x270,3.473625999999996,,rebuffer happen
2025-12-19T07:20:27.958Z,0.27,1,600,480x270,3.542225000000002,,
2025-12-19T07:20:28.030Z,0.284,3,1500,768x432,3.470282999999995,,
2025-12-19T07:20:28.244Z,0.028,3,1500,768x432,3.569882999999976,,rebuffer happen
2025-12-19T07:20:29.194Z,0.028,3,1500,768x432,4.4748830000000055,,
2025-12-19T07:20:29.261Z,0.528,1,600,480x270,4.5241680000000315,,
2025-12-19T07:20:29.600Z,0.505,1,600,480x270,4.3505910000000085,,
2025-12-19T07:20:29.669Z,0.497,3,1500,768x432,4.341546999999991,,
2025-12-19T07:20:29.831Z,0.151,3,1500,768x432,4.302951000000007,,rebuffer happen
2025-12-19T07:20:29.913Z,0.029,3,1500,768x432,4.180355999999989,,rebuffer happen
2025-12-19T07:20:30.453Z,0.029,3,1500,768x432,4.777355999999969,,
2025-12-19T07:20:30.532Z,0.476,1,600,480x270,4.8073289999999815,,
2025-12-19T07:20:30.935Z,0.453,1,600,480x270,4.710154999999986,,
2025-12-19T07:20:31.321Z,0.477,1,600,480x270,4.589987000000008,,
2025-12-19T07:20:31.442Z,0.3,1,600,480x270,4.512102999999968,,rebuffer happen
2025-12-19T07:20:31.717Z,0.456,1,600,480x270,4.410291000000029,,
2025-12-19T07:20:32.010Z,0.291,1,600,480x270,4.2986929999999575,,rebuffer happen
2025-12-19T07:20:32.160Z,0.322,1,600,480x270,4.278038999999978,,
2025-12-19T07:20:32.229Z,0.335,2,1000,640x360,4.175568999999996,,
2025-12-19T07:20:32.229Z,0.232,2,1000,640x360,4.282447999999988,,rebuffer happen
2025-12-19T07:20:32.398Z,0.024,2,1000,640x360,4.171285999999952,,rebuffer happen
2025-12-19T07:20:32.799Z,0.024,2,1000,640x360,4.575285999999949,,
2025-12-19T07:20:32.882Z,0.524,1,600,480x270,4.601019000000008,,
2025-12-19T07:20:33.293Z,0.457,1,600,480x270,4.510093999999981,,
2025-12-19T07:20:33.443Z,0.277,1,600,480x270,4.494046999999966,,rebuffer happen
2025-12-19T07:20:33.649Z,0.537,1,600,480x270,4.482012999999995,,
2025-12-19T07:20:33.721Z,0.516,2,1000,640x360,4.469311000000005,,
2025-12-19T07:20:33.982Z,0.036,2,1000,640x360,4.285455000000013,,rebuffer happen
2025-12-19T07:20:33.983Z,0.036,2,1000,640x360,4.285455000000013,,rebuffer happen
2025-12-19T07:20:34.084Z,0.036,2,1000,640x360,4.378454999999974,,
2025-12-19T07:20:34.159Z,0.536,1,600,480x270,4.428429999999992,,
2025-12-19T07:20:34.395Z,0.659,1,600,480x270,4.313942999999995,,
2025-12-19T07:20:34.472Z,0.672,0,200,320x180,4.306510000000003,,
2025-12-19T07:20:34.640Z,0.86,0,200,320x180,4.255580000000009,,
2025-12-19T07:20:34.723Z,0.803,3,1500,768x432,4.13212900000002,,
2025-12-19T07:20:35.038Z,0.217,3,1500,768x432,4.061194999999998,,rebuffer happen
2025-12-19T07:20:35.150Z,0.049,3,1500,768x432,4.001978000000008,,rebuffer happen
2025-12-19T07:20:35.670Z,0.049,3,1500,768x432,4.497978000000046,,
2025-12-19T07:20:35.747Z,0.549,0,200,320x180,4.528410000000008,,
2025-12-19T07:20:35.925Z,0.728,0,200,320x180,4.516483999999991,,
2025-12-19T07:20:35.999Z,0.747,1,600,480x270,4.40536400000002,,
2025-12-19T07:20:36.420Z,0.605,1,600,480x270,4.366955999999959,,
2025-12-19T07:20:36.827Z,0.529,1,600,480x270,4.16376600000001,,
2025-12-19T07:20:37.262Z,0.579,1,600,480x270,4.050474000000008,,
2025-12-19T07:20:37.507Z,0.243,1,600,480x270,3.8842279999999505,,rebuffer happen
2025-12-19T07:20:37.719Z,0.381,1,600,480x270,3.836550999999986,,
2025-12-19T07:20:37.810Z,0.257,1,600,480x270,3.7981829999999945,,rebuffer happen
2025-12-19T07:20:38.204Z,0.27,1,600,480x270,3.697497999999996,,
2025-12-19T07:20:38.589Z,0.354,1,600,480x270,3.7177189999999882,,
2025-12-19T07:20:38.662Z,0.356,3,1500,768x432,3.725730999999996,,
2025-12-19T07:20:38.663Z,0.268,3,1500,768x432,3.7247130000000084,,rebuffer happen
2025-12-19T07:20:38.853Z,0.02,3,1500,768x432,3.6619969999999853,,rebuffer happen
2025-12-19T07:20:39.418Z,0.02,3,1500,768x432,4.161996999999985,,
2025-12-19T07:20:39.489Z,0.52,1,600,480x270,4.205833999999982,,
2025-12-19T07:20:39.813Z,0.504,1,600,480x270,4.036690999999962,,
2025-12-19T07:20:40.109Z,0.594,1,600,480x270,3.9399009999999635,,
2025-12-19T07:20:40.188Z,0.536,2,1000,640x360,3.970932000000005,,
2025-12-19T07:20:40.441Z,0.14,2,1000,640x360,3.8815849999999728,,rebuffer happen
2025-12-19T07:20:40.505Z,0.045,2,1000,640x360,3.7865589999999543,,rebuffer happen
2025-12-19T07:20:40.960Z,0.045,2,1000,640x360,4.2875589999999875,,
2025-12-19T07:20:41.041Z,0.545,0,200,320x180,4.329476,,
2025-12-19T07:20:41.209Z,0.676,0,200,320x180,4.171307000000013,,
2025-12-19T07:20:41.277Z,0.726,1,600,480x270,4.181081000000006,,
2025-12-19T07:20:41.682Z,0.476,1,600,480x270,3.9607879999999795,,
2025-12-19T07:20:41.831Z,0.294,1,600,480x270,3.9353930000000332,,rebuffer happen
2025-12-19T07:20:42.105Z,0.295,1,600,480x270,3.7397599999999898,,rebuffer happen
2025-12-19T07:20:42.250Z,0.144,1,600,480x270,3.727418,,rebuffer happen
2025-12-19T07:20:42.283Z,0.144,1,600,480x270,3.6782180000000153,,
2025-12-19T07:20:42.339Z,0.043,0,200,320x180,3.6859699999999975,,rebuffer happen
2025-12-19T07:20:42.348Z,0.043,0,200,320x180,3.6859699999999975,,
2025-12-19T07:20:42.508Z,0.46,0,200,320x180,3.7057989999999563,,
2025-12-19T07:20:42.582Z,0.464,2,1000,640x360,3.741769999999974,,
2025-12-19T07:20:42.759Z,0.143,2,1000,640x360,3.683829000000003,,rebuffer happen
2025-12-19T07:20:42.823Z,0.047,2,1000,640x360,3.6898259999999823,,rebuffer happen
2025-12-19T07:20:43.101Z,0.047,2,1000,640x360,3.8918259999999805,,
2025-12-19T07:20:43.351Z,0.189,2,1000,640x360,3.830931000000021,,rebuffer happen
2025-12-19T07:20:43.457Z,0.031,2,1000,640x360,3.773734999999988,,rebuffer happen
2025-12-19T07:20:43.738Z,0.031,2,1000,640x360,4.076734999999985,,
2025-12-19T07:20:43.816Z,0.531,0,200,320x180,4.006800999999996,,
2025-12-19T07:20:43.963Z,0.705,0,200,320x180,3.9985090000000127,,
2025-12-19T07:20:44.032Z,0.711,1,600,480x270,3.997361999999953,,
2025-12-19T07:20:44.340Z,0.794,1,600,480x270,3.944915999999978,,
2025-12-19T07:20:44.637Z,0.866,1,600,480x270,3.788050999999996,,
2025-12-19T07:20:44.962Z,0.861,1,600,480x270,3.5972739999999703,,
2025-12-19T07:20:45.292Z,0.865,1,600,480x270,3.419214000000011,,
2025-12-19T07:20:45.645Z,0.834,1,600,480x270,3.297296000000017,,
2025-12-19T07:20:46.011Z,0.746,1,600,480x270,3.043455999999992,,
2025-12-19T07:20:46.363Z,0.807,1,600,480x270,2.9694169999999644,,
2025-12-19T07:20:46.437Z,0.799,2,1000,640x360,2.958030000000008,,
2025-12-19T07:20:46.724Z,0.282,2,1000,640x360,2.823020999999983,,rebuffer happen
2025-12-19T07:20:46.893Z,0.029,2,1000,640x360,2.671551999999963,,rebuffer happen
2025-12-19T07:20:47.149Z,0.029,2,1000,640x360,2.97455199999996,,
2025-12-19T07:20:47.427Z,0.127,2,1000,640x360,2.875704999999982,,rebuffer happen
2025-12-19T07:20:47.527Z,0.02,2,1000,640x360,2.8687439999999924,,rebuffer happen
2025-12-19T07:20:47.719Z,0.02,2,1000,640x360,2.968744000000015,,
2025-12-19T07:20:47.797Z,0.462,1,600,480x270,2.9849249999999756,,
2025-12-19T07:20:47.929Z,0.28,1,600,480x270,2.9923789999999713,,rebuffer happen
2025-12-19T07:20:48.094Z,0.497,1,600,480x270,2.8634660000000167,,
2025-12-19T07:20:48.411Z,0.543,1,600,480x270,2.6915610000000356,,
2025-12-19T07:20:48.761Z,0.545,1,600,480x270,2.5626379999999926,,
2025-12-19T07:20:49.114Z,0.526,1,600,480x270,2.4025930000000244,,
2025-12-19T07:20:49.435Z,0.59,1,600,480x270,2.349677999999983,,
2025-12-19T07:20:49.768Z,0.675,1,600,480x270,2.1994939999999588,,
2025-12-19T07:20:50.107Z,0.747,1,600,480x270,2.09829000000002,,
2025-12-19T07:20:50.188Z,0.694,2,1000,640x360,2.122363000000007,,
2025-12-19T07:20:50.528Z,0.272,2,1000,640x360,2.1211769999999888,,rebuffer happen
2025-12-19T07:20:50.746Z,0.021,2,1000,640x360,2.0634090000000356,,rebuffer happen
2025-12-19T07:20:50.747Z,0.021,2,1000,640x360,2.0634090000000356,,
2025-12-19T07:20:50.826Z,0.521,1,600,480x270,2.0005760000000237,,
2025-12-19T07:20:51.192Z,0.558,1,600,480x270,2.0423589999999763,,
2025-12-19T07:20:51.263Z,0.594,2,1000,640x360,2.054191000000003,,
2025-12-19T07:20:51.546Z,0.199,2,1000,640x360,2.0458869999999933,,rebuffer happen
2025-12-19T07:20:51.697Z,0.034,2,1000,640x360,1.9775539999999978,,rebuffer happen
2025-12-19T07:20:51.884Z,0.034,2,1000,640x360,2.1815540000000055,,
2025-12-19T07:20:51.963Z,0.534,1,600,480x270,2.212317999999982,,
2025-12-19T07:20:52.227Z,0.672,1,600,480x270,2.239032000000009,,
2025-12-19T07:20:52.536Z,0.818,1,600,480x270,2.1494519999999966,,
2025-12-19T07:20:52.857Z,0.922,1,600,480x270,2.0710680000000252,,
2025-12-19T07:20:53.269Z,0.977,1,600,480x270,2.018581999999981,,
2025-12-19T07:20:53.668Z,1.036,1,600,480x270,1.9843309999999974,,
2025-12-19T07:20:54.039Z,1.132,1,600,480x270,2.0026429999999777,,
2025-12-19T07:20:54.117Z,1.103,2,1000,640x360,1.9231280000000197,,
2025-12-19T07:20:54.676Z,0.563,2,1000,640x360,1.960572999999954,,
2025-12-19T07:20:54.755Z,1.004,1,600,480x270,1.9738990000000172,,
2025-12-19T07:20:55.151Z,1.008,1,600,480x270,1.9753580000000284,,
2025-12-19T07:20:55.223Z,1.033,2,1000,640x360,1.9022380000000112,,
2025-12-19T07:20:55.769Z,0.499,2,1000,640x360,1.9605080000000044,,
2025-12-19T07:20:55.851Z,0.842,1,600,480x270,1.9719440000000077,,
2025-12-19T07:20:56.202Z,0.933,1,600,480x270,1.9471679999999765,,
2025-12-19T07:20:56.268Z,0.988,2,1000,640x360,1.9728220000000078,,
2025-12-19T07:20:56.833Z,0.441,2,1000,640x360,1.9913239999999632,,
2025-12-19T07:20:56.914Z,0.848,1,600,480x270,1.9085339999999746,,
2025-12-19T07:20:57.130Z,1.049,1,600,480x270,2.0096000000000345,,
2025-12-19T07:20:57.208Z,1.058,3,1500,768x432,1.9397610000000327,,
2025-12-19T07:20:57.845Z,0.387,3,1500,768x432,1.9932000000000016,,
2025-12-19T07:20:57.920Z,0.84,1,600,480x270,1.9179849999999874,,
2025-12-19T07:20:58.199Z,0.968,1,600,480x270,1.9370670000000132,,
2025-12-19T07:20:58.279Z,0.988,2,1000,640x360,1.9502710000000434,,
2025-12-19T07:20:58.785Z,0.557,2,1000,640x360,1.9490769999999884,,
2025-12-19T07:20:58.856Z,0.895,1,600,480x270,1.9733979999999747,,
2025-12-19T07:20:59.149Z,1.028,1,600,480x270,1.9758199999999988,,
2025-12-19T07:20:59.229Z,1.034,2,1000,640x360,1.9958369999999945,,
2025-12-19T07:20:59.814Z,0.499,2,1000,640x360,1.9203360000000202,,
2025-12-19T07:20:59.886Z,0.847,1,600,480x270,1.9412490000000275,,
2025-12-19T07:21:00.452Z,0.733,1,600,480x270,1.9847120000000018,,
2025-12-19T07:21:00.523Z,0.718,2,1000,640x360,1.911721,,
2025-12-19T07:21:01.008Z,0.171,2,1000,640x360,1.922580000000039,,rebuffer happen
2025-12-19T07:21:01.155Z,0.037,2,1000,640x360,1.9912669999999935,,rebuffer happen
2025-12-19T07:21:01.675Z,0.037,2,1000,640x360,2.4802669999999694,,
2025-12-19T07:21:01.752Z,0.537,1,600,480x270,2.514790000000005,,
2025-12-19T07:21:02.008Z,0.209,1,600,480x270,2.4593269999999734,,rebuffer happen
2025-12-19T07:21:02.169Z,0.534,1,600,480x270,2.505794999999978,,
2025-12-19T07:21:02.236Z,0.52,2,1000,640x360,2.5242999999999824,,
2025-12-19T07:21:02.364Z,0.297,2,1000,640x360,2.4510159999999814,,rebuffer happen
2025-12-19T07:21:02.590Z,0.025,2,1000,640x360,2.3669360000000097,,rebuffer happen
2025-12-19T07:21:02.864Z,0.025,2,1000,640x360,2.669936000000007,,
2025-12-19T07:21:02.935Z,0.525,1,600,480x270,2.7136370000000056,,
2025-12-19T07:21:03.112Z,0.295,1,600,480x270,2.6411569999999642,,rebuffer happen
2025-12-19T07:21:03.294Z,0.292,1,600,480x270,2.580088000000046,,rebuffer happen
2025-12-19T07:21:03.384Z,0.37,1,600,480x270,2.538027999999997,,
2025-12-19T07:21:03.450Z,0.298,1,600,480x270,2.5461479999999597,,rebuffer happen
2025-12-19T07:21:03.624Z,0.046,1,600,480x270,2.4873939999999948,,rebuffer happen
2025-12-19T07:21:03.874Z,0.284,1,600,480x270,2.4667370000000233,,
2025-12-19T07:21:03.944Z,0.313,2,1000,640x360,2.4845940000000155,,
2025-12-19T07:21:03.945Z,0.229,2,1000,640x360,2.4836500000000115,,rebuffer happen
2025-12-19T07:21:04.091Z,0.055,2,1000,640x360,2.403148999999985,,rebuffer happen
2025-12-19T07:21:04.586Z,0.055,2,1000,640x360,2.900148999999999,,
2025-12-19T07:21:04.663Z,0.532,1,600,480x270,2.9090170000000057,,
2025-12-19T07:21:04.846Z,0.262,1,600,480x270,2.8403770000000463,,rebuffer happen
2025-12-19T07:21:05.040Z,0.463,1,600,480x270,2.8280260000000226,,
2025-12-19T07:21:05.118Z,0.482,2,1000,640x360,2.757624000000021,,
2025-12-19T07:21:05.260Z,0.216,2,1000,640x360,2.765962000000002,,rebuffer happen
2025-12-19T07:21:05.375Z,0.045,2,1000,640x360,2.6889449999999897,,rebuffer happen
2025-12-19T07:21:05.833Z,0.045,2,1000,640x360,3.1879449999999565,,
2025-12-19T07:21:05.910Z,0.494,0,200,320x180,3.118546999999978,,
2025-12-19T07:21:06.079Z,0.668,0,200,320x180,3.097622000000001,,
2025-12-19T07:21:06.145Z,0.756,2,1000,640x360,3.151584000000014,,
2025-12-19T07:21:06.429Z,0.281,2,1000,640x360,3.031538000000012,,rebuffer happen
2025-12-19T07:21:06.593Z,0.037,2,1000,640x360,2.879240999999979,,rebuffer happen
2025-12-19T07:21:06.803Z,0.037,2,1000,640x360,3.080241000000001,,
2025-12-19T07:21:06.874Z,0.506,0,200,320x180,3.1118299999999977,,
2025-12-19T07:21:07.041Z,0.703,0,200,320x180,3.0709280000000376,,
2025-12-19T07:21:07.107Z,0.702,1,600,480x270,2.9850959999999986,,
2025-12-19T07:21:07.497Z,0.566,1,600,480x270,2.797879000000023,,
2025-12-19T07:21:07.904Z,0.482,1,600,480x270,2.590061999999989,,
2025-12-19T07:21:08.298Z,0.43,1,600,480x270,2.497233000000051,,
2025-12-19T07:21:08.374Z,0.452,2,1000,640x360,2.4844300000000317,,
2025-12-19T07:21:08.454Z,0.226,2,1000,640x360,2.4701729999999884,,rebuffer happen
2025-12-19T07:21:08.611Z,0.029,2,1000,640x360,2.3735340000000065,,rebuffer happen
2025-12-19T07:21:08.956Z,0.029,2,1000,640x360,2.774534000000017,,
2025-12-19T07:21:09.028Z,0.529,1,600,480x270,2.71736599999997,,
2025-12-19T07:21:09.319Z,0.588,1,600,480x270,2.653165999999999,,
2025-12-19T07:21:09.752Z,0.47,1,600,480x270,2.501664000000005,,
2025-12-19T07:21:09.918Z,0.253,1,600,480x270,2.3677680000000123,,rebuffer happen
2025-12-19T07:21:10.163Z,0.451,1,600,480x270,2.412716000000046,,
2025-12-19T07:21:10.230Z,0.442,2,1000,640x360,2.334260000000029,,
2025-12-19T07:21:10.375Z,0.189,2,1000,640x360,2.339751000000035,,rebuffer happen
2025-12-19T07:21:10.513Z,0.019,2,1000,640x360,2.26279999999997,,rebuffer happen
2025-12-19T07:21:10.806Z,0.019,2,1000,640x360,2.560799999999972,,
2025-12-19T07:21:10.889Z,0.519,1,600,480x270,2.6017100000000255,,
2025-12-19T07:21:11.208Z,0.574,1,600,480x270,2.5072450000000117,,
2025-12-19T07:21:11.738Z,0.396,1,600,480x270,2.3500629999999774,,
2025-12-19T07:21:11.832Z,0.174,1,600,480x270,2.3273940000000266,,rebuffer happen
2025-12-19T07:21:12.061Z,0.406,1,600,480x270,2.300735999999972,,
2025-12-19T07:21:12.140Z,0.415,2,1000,640x360,2.3077989999999886,,
2025-12-19T07:21:12.191Z,0.289,2,1000,640x360,2.2397339999999986,,rebuffer happen
2025-12-19T07:21:12.398Z,0.026,2,1000,640x360,2.1761880000000247,,rebuffer happen
2025-12-19T07:21:12.743Z,0.026,2,1000,640x360,2.5671879999999874,,
2025-12-19T07:21:12.810Z,0.526,1,600,480x270,2.516931999999997,,
2025-12-19T07:21:13.201Z,0.543,1,600,480x270,2.510089999999991,,
2025-12-19T07:21:13.457Z,0.226,1,600,480x270,2.438747000000035,,rebuffer happen
2025-12-19T07:21:13.674Z,0.393,1,600,480x270,2.3365799999999695,,
2025-12-19T07:21:13.823Z,0.215,1,600,480x270,2.3257659999999873,,rebuffer happen
2025-12-19T07:21:13.909Z,0.297,1,600,480x270,2.207837999999981,,rebuffer happen
2025-12-19T07:21:14.024Z,0.401,1,600,480x270,2.2532540000000267,,
2025-12-19T07:21:14.108Z,0.407,2,1000,640x360,2.177605000000028,,
2025-12-19T07:21:14.252Z,0.203,2,1000,640x360,2.2450380000000223,,rebuffer happen
2025-12-19T07:21:14.399Z,0.023,2,1000,640x360,2.176292999999987,,rebuffer happen
2025-12-19T07:21:14.668Z,0.023,2,1000,640x360,2.4692929999999933,,
2025-12-19T07:21:14.748Z,0.482,1,600,480x270,2.486344000000031,,
2025-12-19T07:21:14.895Z,0.3,1,600,480x270,2.3843929999999887,,rebuffer happen
2025-12-19T07:21:15.052Z,0.469,1,600,480x270,2.37663299999997,,
2025-12-19T07:21:15.122Z,0.494,3,1500,768x432,2.2945399999999836,,
2025-12-19T07:21:15.416Z,0.039,3,1500,768x432,2.1877830000000245,,rebuffer happen
2025-12-19T07:21:15.417Z,0.039,3,1500,768x432,2.1877830000000245,,rebuffer happen
2025-12-19T07:21:15.532Z,0.039,3,1500,768x432,2.391783000000032,,
2025-12-19T07:21:15.609Z,0.539,0,200,320x180,2.3299949999999967,,
2025-12-19T07:21:15.637Z,0.695,0,200,320x180,2.3999829999999633,,
2025-12-19T07:21:15.716Z,0.911,1,600,480x270,2.3130179999999996,,
2025-12-19T07:21:16.371Z,0.281,1,600,480x270,2.194086000000027,,rebuffer happen
2025-12-19T07:21:16.529Z,0.364,1,600,480x270,2.1904930000000036,,
2025-12-19T07:21:16.599Z,0.327,2,1000,640x360,2.10371200000003,,
2025-12-19T07:21:16.600Z,0.255,2,1000,640x360,2.1028780000000324,,rebuffer happen
2025-12-19T07:21:16.768Z,0.053,2,1000,640x360,2.0989079999999944,,rebuffer happen
2025-12-19T07:21:17.468Z,0.053,2,1000,640x360,2.802908000000002,,
2025-12-19T07:21:17.541Z,0.553,1,600,480x270,2.845031000000006,,
2025-12-19T07:21:17.815Z,0.164,1,600,480x270,2.6501860000000192,,rebuffer happen
2025-12-19T07:21:18.171Z,0.295,1,600,480x270,2.689824000000044,,
2025-12-19T07:21:18.655Z,0.203,1,600,480x270,2.718272000000013,,
2025-12-19T07:21:19.185Z,0.213,1,600,480x270,2.6819130000000087,,
2025-12-19T07:21:19.679Z,0.253,1,600,480x270,2.6886579999999753,,
2025-12-19T07:21:20.226Z,0.199,1,600,480x270,2.7603520000000117,,
2025-12-19T07:21:20.421Z,0.019,1,600,480x270,2.760518999999988,,rebuffer happen
2025-12-19T07:21:20.690Z,0.246,1,600,480x270,2.7215400000000045,,
2025-12-19T07:21:21.237Z,0.236,1,600,480x270,2.7903499999999894,,
2025-12-19T07:21:21.757Z,0.204,1,600,480x270,2.771029999999996,,
2025-12-19T07:21:21.955Z,0.025,1,600,480x270,2.7783680000000004,,rebuffer happen
2025-12-19T07:21:22.123Z,0.025,1,600,480x270,2.8351319999999873,,rebuffer happen
2025-12-19T07:21:22.329Z,0.153,1,600,480x270,2.8573410000000194,,
2025-12-19T07:21:22.767Z,0.23,1,600,480x270,2.8272460000000024,,
2025-12-19T07:21:23.260Z,0.293,1,600,480x270,2.8271219999999744,,
2025-12-19T07:21:23.789Z,0.241,1,600,480x270,2.7985799999999585,,
2025-12-19T07:21:23.861Z,0.257,2,1000,640x360,2.8262210000000323,,
2025-12-19T07:21:24.024Z,0.023,2,1000,640x360,2.865138999999999,,rebuffer happen
2025-12-19T07:21:24.657Z,0.023,2,1000,640x360,3.4641390000000456,,
2025-12-19T07:21:24.734Z,0.523,1,600,480x270,3.5051540000000045,,
2025-12-19T07:21:24.950Z,0.22,1,600,480x270,3.4338500000000067,,rebuffer happen
2025-12-19T07:21:25.257Z,0.369,1,600,480x270,3.3662860000000023,,
2025-12-19T07:21:25.328Z,0.324,0,200,320x180,3.2606460000000084,,
2025-12-19T07:21:25.328Z,0.218,0,200,320x180,3.367615999999998,,rebuffer happen
2025-12-19T07:21:25.470Z,0.502,0,200,320x180,3.3140089999999987,,
2025-12-19T07:21:25.548Z,0.566,3,1500,768x432,3.330625999999995,,
2025-12-19T07:21:25.858Z,0.033,3,1500,768x432,3.187305999999978,,rebuffer happen
2025-12-19T07:21:25.859Z,0.033,3,1500,768x432,3.187305999999978,,rebuffer happen
2025-12-19T07:21:26.610Z,0.033,3,1500,768x432,3.8803060000000187,,
2025-12-19T07:21:26.686Z,0.51,1,600,480x270,3.892727999999977,,
2025-12-19T07:21:26.902Z,0.156,1,600,480x270,3.7730830000000424,,rebuffer happen
2025-12-19T07:21:27.193Z,0.322,1,600,480x270,3.7677510000000325,,
2025-12-19T07:21:27.372Z,0.058,1,600,480x270,3.705467999999996,,rebuffer happen
2025-12-19T07:21:27.393Z,0.027,1,600,480x270,3.674584999999979,,rebuffer happen
2025-12-19T07:21:27.693Z,0.265,1,600,480x270,3.722766999999976,,
2025-12-19T07:21:27.758Z,0.224,2,1000,640x360,3.7559009999999944,,
2025-12-19T07:21:27.944Z,0.029,2,1000,640x360,3.7852169999999887,,rebuffer happen
2025-12-19T07:21:28.516Z,0.029,2,1000,640x360,4.2772169999999505,,
2025-12-19T07:21:28.584Z,0.529,1,600,480x270,4.320395000000019,,
2025-12-19T07:21:28.801Z,0.277,1,600,480x270,4.291179,,rebuffer happen
2025-12-19T07:21:28.831Z,0.266,1,600,480x270,4.340856000000031,,rebuffer happen
2025-12-19T07:21:29.038Z,0.384,1,600,480x270,4.241602999999998,,
2025-12-19T07:21:29.194Z,0.257,1,600,480x270,4.201215999999988,,rebuffer happen
2025-12-19T07:21:29.526Z,0.393,1,600,480x270,4.2344549999999685,,
2025-12-19T07:21:29.752Z,0.12,1,600,480x270,4.095641999999998,,rebuffer happen
2025-12-19T07:21:29.988Z,0.278,1,600,480x270,4.034999999999968,,
2025-12-19T07:21:30.534Z,0.185,1,600,480x270,4.106938000000014,,rebuffer happen
2025-12-19T07:21:30.568Z,0.209,1,600,480x270,4.073004000000026,,
2025-12-19T07:21:30.638Z,0.175,2,1000,640x360,4.0952310000000125,,
2025-12-19T07:21:30.762Z,0.023,2,1000,640x360,4.064892999999984,,rebuffer happen
2025-12-19T07:21:31.161Z,0.023,2,1000,640x360,4.47089299999999,,
2025-12-19T07:21:31.392Z,0.266,2,1000,640x360,4.409319000000039,,rebuffer happen
2025-12-19T07:21:31.547Z,0.035,2,1000,640x360,4.376422999999988,,rebuffer happen
2025-12-19T07:21:31.682Z,0.035,2,1000,640x360,4.482422999999983,,
2025-12-19T07:21:31.748Z,0.535,1,600,480x270,4.517536000000007,,
2025-12-19T07:21:32.061Z,0.515,1,600,480x270,4.382166999999981,,
2025-12-19T07:21:32.139Z,0.449,2,1000,640x360,4.378764999999987,,
2025-12-19T07:21:32.332Z,0.143,2,1000,640x360,4.290419999999983,,rebuffer happen
2025-12-19T07:21:32.397Z,0.045,2,1000,640x360,4.192617999999982,,rebuffer happen
2025-12-19T07:21:32.680Z,0.045,2,1000,640x360,4.490617999999984,,
2025-12-19T07:21:32.745Z,0.545,1,600,480x270,4.535619999999994,,
2025-12-19T07:21:32.971Z,0.735,1,600,480x270,4.473450000000014,,
2025-12-19T07:21:33.038Z,0.73,2,1000,640x360,4.485721000000012,,
2025-12-19T07:21:33.464Z,0.09,2,1000,640x360,4.343971999999951,,rebuffer happen
2025-12-19T07:21:33.498Z,0.04,2,1000,640x360,4.293003999999996,,rebuffer happen
2025-12-19T07:21:33.577Z,0.04,2,1000,640x360,4.387004000000047,,
2025-12-19T07:21:33.645Z,0.528,1,600,480x270,4.410176999999976,,
2025-12-19T07:21:33.991Z,0.44,1,600,480x270,4.192002000000002,,
2025-12-19T07:21:34.285Z,0.654,1,600,480x270,4.197898000000009,,
2025-12-19T07:21:34.525Z,0.778,1,600,480x270,4.139380999999958,,
2025-12-19T07:21:34.953Z,0.656,1,600,480x270,3.9022580000000175,,
2025-12-19T07:21:35.359Z,0.532,1,600,480x270,3.6978960000000143,,
2025-12-19T07:21:35.431Z,0.49,2,1000,640x360,3.685798000000034,,
2025-12-19T07:21:35.624Z,0.153,2,1000,640x360,3.59861699999999,,rebuffer happen
2025-12-19T07:21:35.700Z,0.04,2,1000,640x360,3.4855139999999665,,rebuffer happen
2025-12-19T07:21:36.075Z,0.04,2,1000,640x360,3.886513999999977,,
2025-12-19T07:21:36.434Z,0.031,2,1000,640x360,3.774657999999988,,rebuffer happen
2025-12-19T07:21:36.435Z,0.031,2,1000,640x360,3.774657999999988,,rebuffer happen
2025-12-19T07:21:36.632Z,0.031,2,1000,640x360,3.9776580000000195,,
2025-12-19T07:21:36.701Z,0.531,1,600,480x270,3.9156130000000076,,
2025-12-19T07:21:37.040Z,0.451,1,600,480x270,3.8183740000000057,,
2025-12-19T07:21:37.115Z,0.47,2,1000,640x360,3.7503510000000233,,
2025-12-19T07:21:37.401Z,0.032,2,1000,640x360,3.6748739999999884,,rebuffer happen
2025-12-19T07:21:37.402Z,0.032,2,1000,640x360,3.6748739999999884,,rebuffer happen
2025-12-19T07:21:37.482Z,0.032,2,1000,640x360,3.7868740000000116,,
2025-12-19T07:21:37.555Z,0.532,1,600,480x270,3.8157580000000166,,
2025-12-19T07:21:37.932Z,0.286,1,600,480x270,3.6714549999999804,,rebuffer happen
2025-12-19T07:21:38.026Z,0.324,1,600,480x270,3.670761999999968,,
2025-12-19T07:21:38.100Z,0.324,3,1500,768x432,3.6042429999999968,,
2025-12-19T07:21:38.101Z,0.257,3,1500,768x432,3.6036609999999882,,rebuffer happen
2025-12-19T07:21:38.335Z,0.032,3,1500,768x432,3.674804999999992,,rebuffer happen
2025-12-19T07:21:38.868Z,0.032,3,1500,768x432,4.174804999999992,,
2025-12-19T07:21:38.940Z,0.532,1,600,480x270,4.225583999999969,,
2025-12-19T07:21:39.214Z,0.656,1,600,480x270,4.116278999999963,,
2025-12-19T07:21:39.610Z,0.583,1,600,480x270,3.9188669999999775,,
2025-12-19T07:21:39.986Z,0.498,1,600,480x270,3.756065000000035,,
2025-12-19T07:21:40.329Z,0.54,1,600,480x270,3.6849640000000363,,
2025-12-19T07:21:40.689Z,0.484,1,600,480x270,3.441159999999968,,
2025-12-19T07:21:40.851Z,0.286,1,600,480x270,3.3992959999999925,,rebuffer happen
2025-12-19T07:21:40.953Z,0.299,1,600,480x270,3.342466999999999,,rebuffer happen
2025-12-19T07:21:41.055Z,0.451,1,600,480x270,3.3118410000000154,,
2025-12-19T07:21:41.386Z,0.522,1,600,480x270,3.173048999999992,,
2025-12-19T07:21:41.736Z,0.532,1,600,480x270,3.052099000000055,,
2025-12-19T07:21:41.890Z,0.277,1,600,480x270,2.9197959999999625,,rebuffer happen
2025-12-19T07:21:42.073Z,0.503,1,600,480x270,2.861953999999969,,
2025-12-19T07:21:42.386Z,0.559,1,600,480x270,2.6996630000000437,,
2025-12-19T07:21:42.705Z,0.585,1,600,480x270,2.5229400000000055,,
2025-12-19T07:21:43.087Z,0.543,1,600,480x270,2.4046299999999974,,
2025-12-19T07:21:43.162Z,0.535,2,1000,640x360,2.418551999999977,,
2025-12-19T07:21:43.337Z,0.226,2,1000,640x360,2.369839000000013,,rebuffer happen
2025-12-19T07:21:43.523Z,0.023,2,1000,640x360,2.3679389999999785,,rebuffer happen
2025-12-19T07:21:43.768Z,0.023,2,1000,640x360,2.567939000000024,,
2025-12-19T07:21:43.850Z,0.514,1,600,480x270,2.569229000000007,,
2025-12-19T07:21:44.007Z,0.265,1,600,480x270,2.448691999999994,,rebuffer happen
2025-12-19T07:21:44.050Z,0.283,1,600,480x270,2.4946029999999837,,rebuffer happen
2025-12-19T07:21:44.212Z,0.481,1,600,480x270,2.441549000000009,,
2025-12-19T07:21:44.284Z,0.488,2,1000,640x360,2.459816000000046,,
2025-12-19T07:21:44.413Z,0.246,2,1000,640x360,2.4018650000000434,,rebuffer happen
2025-12-19T07:21:44.574Z,0.016,2,1000,640x360,2.359899999999982,,rebuffer happen
2025-12-19T07:21:44.788Z,0.016,2,1000,640x360,2.5609000000000037,,
2025-12-19T07:21:44.865Z,0.485,1,600,480x270,2.5812080000000037,,
2025-12-19T07:21:45.176Z,0.529,1,600,480x270,2.472104999999999,,
2025-12-19T07:21:45.256Z,0.526,3,1500,768x432,2.453911000000005,,
2025-12-19T07:21:45.363Z,0.257,3,1500,768x432,2.399185999999986,,rebuffer happen
2025-12-19T07:21:45.541Z,0.026,3,1500,768x432,2.368719999999996,,rebuffer happen
2025-12-19T07:21:46.160Z,0.026,3,1500,768x432,2.972720000000038,,
2025-12-19T07:21:46.234Z,0.491,1,600,480x270,2.993637000000035,,
2025-12-19T07:21:46.434Z,0.219,1,600,480x270,2.8978589999999826,,rebuffer happen
2025-12-19T07:21:46.685Z,0.321,1,600,480x270,2.7847439999999892,,
2025-12-19T07:21:46.869Z,0.153,1,600,480x270,2.800940999999966,,rebuffer happen
2025-12-19T07:21:47.136Z,0.297,1,600,480x270,2.8096049999999764,,rebuffer happen
2025-12-19T07:21:47.170Z,0.297,1,600,480x270,2.759038999999973,,
2025-12-19T07:21:47.311Z,0.104,1,600,480x270,2.6596660000000156,,rebuffer happen
2025-12-19T07:21:47.360Z,0.033,1,600,480x270,2.6814960000000383,,rebuffer happen
2025-12-19T07:21:47.621Z,0.286,1,600,480x270,2.7944860000000062,,rebuffer happen
2025-12-19T07:21:47.622Z,0.286,1,600,480x270,2.7922960000000216,,
2025-12-19T07:21:47.683Z,0.26,1,600,480x270,2.7018530000000283,,rebuffer happen
2025-12-19T07:21:47.826Z,0.048,1,600,480x270,2.6938350000000355,,rebuffer happen
2025-12-19T07:21:48.190Z,0.265,1,600,480x270,2.7008480000000077,,
2025-12-19T07:21:48.604Z,0.335,1,600,480x270,2.6788910000000214,,
2025-12-19T07:21:48.675Z,0.319,3,1500,768x432,2.6747100000000046,,
2025-12-19T07:21:48.676Z,0.234,3,1500,768x432,2.6741890000000126,,rebuffer happen
2025-12-19T07:21:48.844Z,0.027,3,1500,768x432,2.6826350000000048,,rebuffer happen
2025-12-19T07:21:49.741Z,0.027,3,1500,768x432,3.572634999999991,,
2025-12-19T07:21:49.812Z,0.527,1,600,480x270,3.515784999999994,,
2025-12-19T07:21:50.012Z,0.217,1,600,480x270,3.430897000000016,,rebuffer happen
2025-12-19T07:21:50.264Z,0.371,1,600,480x270,3.423415000000034,,
2025-12-19T07:21:50.345Z,0.378,0,200,320x180,3.412372000000005,,
2025-12-19T07:21:50.346Z,0.257,0,200,320x180,3.411321999999984,,rebuffer happen
2025-12-19T07:21:50.494Z,0.46,0,200,320x180,3.280977000000007,,
2025-12-19T07:21:50.676Z,0.777,0,200,320x180,3.210462000000007,,
2025-12-19T07:21:50.748Z,0.74,1,600,480x270,3.194182000000012,,
2025-12-19T07:21:51.232Z,0.56,1,600,480x270,3.101654999999994,,
2025-12-19T07:21:51.533Z,0.587,1,600,480x270,2.9490620000000263,,
2025-12-19T07:21:51.882Z,0.584,1,600,480x270,2.7226440000000025,,
2025-12-19T07:21:51.950Z,0.575,0,200,320x180,2.719403,,
2025-12-19T07:21:52.051Z,0.755,0,200,320x180,2.6827329999999847,,
2025-12-19T07:21:52.121Z,0.841,3,1500,768x432,2.619782999999984,,
2025-12-19T07:21:52.550Z,0.246,3,1500,768x432,2.588047999999958,,rebuffer happen
2025-12-19T07:21:52.698Z,0.028,3,1500,768x432,2.4727889999999775,,rebuffer happen
2025-12-19T07:21:52.986Z,0.028,3,1500,768x432,2.78078899999997,,
2025-12-19T07:21:53.054Z,0.528,0,200,320x180,2.815973999999983,,
2025-12-19T07:21:53.224Z,0.737,0,200,320x180,2.792252000000019,,
2025-12-19T07:21:53.289Z,0.746,2,1000,640x360,2.6964510000000246,,
2025-12-19T07:21:53.698Z,0.048,2,1000,640x360,2.4902890000000184,,rebuffer happen
2025-12-19T07:21:53.699Z,0.048,2,1000,640x360,2.4902890000000184,,rebuffer happen
2025-12-19T07:21:54.010Z,0.048,2,1000,640x360,2.8002890000000207,,
2025-12-19T07:21:54.085Z,0.548,0,200,320x180,2.8300080000000207,,
2025-12-19T07:21:54.216Z,0.839,0,200,320x180,2.7937880000000064,,
2025-12-19T07:21:54.288Z,0.83,1,600,480x270,2.7974820000000022,,
2025-12-19T07:21:54.731Z,0.573,1,600,480x270,2.634447000000023,,
2025-12-19T07:21:55.225Z,0.459,1,600,480x270,2.4169599999999605,,
2025-12-19T07:21:55.284Z,0.288,2,1000,640x360,2.3342010000000073,,rebuffer happen
2025-12-19T07:21:55.299Z,0.288,2,1000,640x360,2.312973999999997,,
2025-12-19T07:21:55.466Z,0.036,2,1000,640x360,2.2879710000000273,,rebuffer happen
2025-12-19T07:21:55.912Z,0.036,2,1000,640x360,2.679971000000023,,
2025-12-19T07:21:55.989Z,0.536,0,200,320x180,2.717246999999986,,
2025-12-19T07:21:56.204Z,0.742,0,200,320x180,2.715334000000041,,
2025-12-19T07:21:56.270Z,0.713,3,1500,768x432,2.743805000000009,,
2025-12-19T07:21:56.717Z,0.034,3,1500,768x432,2.487606000000028,,rebuffer happen
2025-12-19T07:21:56.718Z,0.034,3,1500,768x432,2.487606000000028,,rebuffer happen
2025-12-19T07:21:57.079Z,0.034,3,1500,768x432,2.879606000000024,,
2025-12-19T07:21:57.162Z,0.534,1,600,480x270,2.909317000000044,,
2025-12-19T07:21:57.536Z,0.402,1,600,480x270,2.8015080000000125,,
2025-12-19T07:21:57.688Z,0.298,1,600,480x270,2.683719999999994,,rebuffer happen
2025-12-19T07:21:57.772Z,0.272,1,600,480x270,2.6482050000000186,,rebuffer happen
2025-12-19T07:21:57.917Z,0.403,1,600,480x270,2.5341999999999985,,
2025-12-19T07:21:58.038Z,0.255,1,600,480x270,2.568363999999974,,rebuffer happen
2025-12-19T07:21:58.148Z,0.296,1,600,480x270,2.5080370000000016,,rebuffer happen
2025-12-19T07:21:58.325Z,0.302,1,600,480x270,2.4476680000000215,,
2025-12-19T07:21:58.396Z,0.305,2,1000,640x360,2.34769799999998,,
2025-12-19T07:21:58.397Z,0.205,2,1000,640x360,2.3465980000000286,,rebuffer happen
2025-12-19T07:21:58.535Z,0.024,2,1000,640x360,2.3652399999999716,,rebuffer happen
2025-12-19T07:21:58.951Z,0.024,2,1000,640x360,2.770240000000001,,
2025-12-19T07:21:59.024Z,0.524,1,600,480x270,2.8130610000000047,,
2025-12-19T07:21:59.316Z,0.566,1,600,480x270,2.6078229999999962,,
2025-12-19T07:21:59.657Z,0.546,1,600,480x270,2.5099850000000288,,
2025-12-19T07:22:00.009Z,0.56,1,600,480x270,2.304530999999997,,
2025-12-19T07:22:00.346Z,0.629,1,600,480x270,2.2854050000000257,,
2025-12-19T07:22:00.419Z,0.563,2,1000,640x360,2.188137999999981,,
2025-12-19T07:22:00.672Z,0.215,2,1000,640x360,2.1623179999999707,,rebuffer happen
2025-12-19T07:22:00.854Z,0.033,2,1000,640x360,2.1816239999999993,,rebuffer happen
2025-12-19T07:22:01.002Z,0.033,2,1000,640x360,2.2746239999999602,,
2025-12-19T07:22:01.072Z,0.509,1,600,480x270,2.303803999999957,,
2025-12-19T07:22:01.418Z,0.48,1,600,480x270,2.1384030000000394,,
2025-12-19T07:22:01.493Z,0.493,2,1000,640x360,2.1397870000000125,,
2025-12-19T07:22:01.651Z,0.197,2,1000,640x360,2.138573000000008,,rebuffer happen
2025-12-19T07:22:01.772Z,0.053,2,1000,640x360,2.1036659999999756,,rebuffer happen
2025-12-19T07:22:02.076Z,0.053,2,1000,640x360,2.395665999999949,,
2025-12-19T07:22:02.146Z,0.508,1,600,480x270,2.4330790000000206,,
2025-12-19T07:22:02.530Z,0.443,1,600,480x270,2.300799999999981,,
2025-12-19T07:22:02.834Z,0.523,1,600,480x270,2.2072130000000243,,
2025-12-19T07:22:03.148Z,0.707,1,600,480x270,2.137814999999989,,
2025-12-19T07:22:03.228Z,0.609,2,1000,640x360,2.137690999999961,,
2025-12-19T07:22:03.590Z,0.177,2,1000,640x360,2.025562999999977,,rebuffer happen
2025-12-19T07:22:03.740Z,0.023,2,1000,640x360,2.0730310000000145,,rebuffer happen
2025-12-19T07:22:03.784Z,0.023,2,1000,640x360,2.0730310000000145,,
2025-12-19T07:22:03.849Z,0.523,1,600,480x270,2.1154089999999997,,
2025-12-19T07:22:04.207Z,0.632,1,600,480x270,2.084750999999983,,
2025-12-19T07:22:04.301Z,0.57,2,1000,640x360,2.08531899999997,,
2025-12-19T07:22:04.536Z,0.257,2,1000,640x360,2.098366999999996,,rebuffer happen
2025-12-19T07:22:04.741Z,0.024,2,1000,640x360,2.065437999999972,,rebuffer happen
2025-12-19T07:22:04.898Z,0.024,2,1000,640x360,2.1694380000000137,,
2025-12-19T07:22:04.984Z,0.524,1,600,480x270,2.1996990000000096,,
2025-12-19T07:22:05.348Z,0.516,1,600,480x270,2.15207700000002,,
2025-12-19T07:22:05.419Z,0.428,2,1000,640x360,2.066079000000002,,
2025-12-19T07:22:05.547Z,0.263,2,1000,640x360,2.11411099999998,,rebuffer happen
2025-12-19T07:22:05.741Z,0.038,2,1000,640x360,2.080580999999995,,rebuffer happen
2025-12-19T07:22:06.025Z,0.038,2,1000,640x360,2.3845809999999688,,
2025-12-19T07:22:06.104Z,0.538,1,600,480x270,2.322112000000004,,
2025-12-19T07:22:06.481Z,0.459,1,600,480x270,2.225159000000019,,
2025-12-19T07:22:06.854Z,0.464,1,600,480x270,2.1398100000000113,,
2025-12-19T07:22:07.267Z,0.528,1,600,480x270,2.0568079999999895,,
2025-12-19T07:22:07.343Z,0.441,2,1000,640x360,2.0823460000000296,,
2025-12-19T07:22:07.566Z,0.177,2,1000,640x360,2.033064999999965,,rebuffer happen
2025-12-19T07:22:07.676Z,0.064,2,1000,640x360,2.0082760000000235,,rebuffer happen
2025-12-19T07:22:07.872Z,0.064,2,1000,640x360,2.211275999999998,,
2025-12-19T07:22:07.948Z,0.503,1,600,480x270,2.2373629999999594,,
2025-12-19T07:22:08.297Z,0.587,1,600,480x270,2.165561999999966,,
2025-12-19T07:22:08.705Z,0.595,1,600,480x270,2.0522060000000124,,
2025-12-19T07:22:08.772Z,0.565,2,1000,640x360,2.0811879999999974,,
2025-12-19T07:22:09.005Z,0.259,2,1000,640x360,2.009034999999983,,rebuffer happen
2025-12-19T07:22:09.244Z,0.018,2,1000,640x360,2.063582999999994,,rebuffer happen
2025-12-19T07:22:09.383Z,0.018,2,1000,640x360,2.166583000000003,,
2025-12-19T07:22:09.456Z,0.518,1,600,480x270,2.201981999999987,,
2025-12-19T07:22:09.805Z,0.506,1,600,480x270,2.0822049999999876,,
2025-12-19T07:22:09.877Z,0.538,2,1000,640x360,2.100689999999986,,
2025-12-19T07:22:10.037Z,0.258,2,1000,640x360,2.099969999999985,,rebuffer happen
2025-12-19T07:22:10.262Z,0.025,2,1000,640x360,2.0706030000000055,,rebuffer happen
2025-12-19T07:22:10.459Z,0.025,2,1000,640x360,2.27360299999998,,
2025-12-19T07:22:10.531Z,0.477,1,600,480x270,2.3049839999999904,,
2025-12-19T07:22:10.879Z,0.492,1,600,480x270,2.1616750000000025,,
2025-12-19T07:22:11.382Z,0.408,1,600,480x270,2.056443999999999,,
2025-12-19T07:22:11.449Z,0.408,2,1000,640x360,2.0760400000000345,,
2025-12-19T07:22:11.534Z,0.235,2,1000,640x360,2.0885149999999726,,rebuffer happen
2025-12-19T07:22:11.730Z,0.033,2,1000,640x360,2.074444999999969,,rebuffer happen
2025-12-19T07:22:12.046Z,0.033,2,1000,640x360,2.384444999999971,,
2025-12-19T07:22:12.121Z,0.533,1,600,480x270,2.324860000000001,,
2025-12-19T07:22:12.484Z,0.543,1,600,480x270,2.287612000000024,,
2025-12-19T07:22:12.555Z,0.49,2,1000,640x360,2.281237000000033,,
2025-12-19T07:22:12.787Z,0.135,2,1000,640x360,2.1826149999999984,,rebuffer happen
2025-12-19T07:22:12.864Z,0.038,2,1000,640x360,2.1841340000000287,,rebuffer happen
2025-12-19T07:22:13.108Z,0.038,2,1000,640x360,2.3881340000000364,,
2025-12-19T07:22:13.181Z,0.525,1,600,480x270,2.397999000000027,,
2025-12-19T07:22:13.371Z,0.285,1,600,480x270,2.3268090000000257,,rebuffer happen
2025-12-19T07:22:13.538Z,0.459,1,600,480x270,2.3060370000000034,,
2025-12-19T07:22:13.603Z,0.455,2,1000,640x360,2.218265000000031,,
2025-12-19T07:22:13.661Z,0.288,2,1000,640x360,2.2295030000000224,,rebuffer happen
2025-12-19T07:22:13.898Z,0.031,2,1000,640x360,2.1760790000000156,,rebuffer happen
2025-12-19T07:22:14.245Z,0.031,2,1000,640x360,2.5820789999999647,,
2025-12-19T07:22:14.321Z,0.531,1,600,480x270,2.521947999999952,,
2025-12-19T07:22:14.678Z,0.516,1,600,480x270,2.4541699999999764,,
2025-12-19T07:22:14.744Z,0.482,3,1500,768x432,2.470503000000008,,
2025-12-19T07:22:14.965Z,0.106,3,1500,768x432,2.360221000000024,,rebuffer happen
2025-12-19T07:22:15.016Z,0.036,3,1500,768x432,2.2901300000000333,,rebuffer happen
2025-12-19T07:22:15.633Z,0.036,3,1500,768x432,2.979129999999998,,
2025-12-19T07:22:15.711Z,0.536,1,600,480x270,2.9174939999999765,,
2025-12-19T07:22:16.069Z,0.512,1,600,480x270,2.86953299999999,,
2025-12-19T07:22:16.429Z,0.492,1,600,480x270,2.73544899999996,,
2025-12-19T07:22:16.796Z,0.449,1,600,480x270,2.495760999999959,,
2025-12-19T07:22:17.165Z,0.48,1,600,480x270,2.4294099999999617,,
2025-12-19T07:22:17.239Z,0.473,2,1000,640x360,2.417773000000011,,
2025-12-19T07:22:17.368Z,0.187,2,1000,640x360,2.3316619999999944,,rebuffer happen
2025-12-19T07:22:17.518Z,0.026,2,1000,640x360,2.276520000000005,,rebuffer happen
2025-12-19T07:22:17.787Z,0.026,2,1000,640x360,2.5735200000000304,,
2025-12-19T07:22:17.861Z,0.526,1,600,480x270,2.6086200000000304,,
2025-12-19T07:22:18.175Z,0.593,1,600,480x270,2.5565110000000004,,
2025-12-19T07:22:18.249Z,0.605,3,1500,768x432,2.5405810000000315,,
2025-12-19T07:22:18.440Z,0.222,3,1500,768x432,2.468214000000046,,rebuffer happen
2025-12-19T07:22:18.585Z,0.022,3,1500,768x432,2.366113999999982,,rebuffer happen
2025-12-19T07:22:19.024Z,0.022,3,1500,768x432,2.863113999999996,,
2025-12-19T07:22:19.093Z,0.522,1,600,480x270,2.808200999999997,,
2025-12-19T07:22:19.353Z,0.291,1,600,480x270,2.7359969999999976,,rebuffer happen
2025-12-19T07:22:19.431Z,0.449,1,600,480x270,2.7222249999999804,,
2025-12-19T07:22:19.501Z,0.474,3,1500,768x432,2.6183490000000234,,
2025-12-19T07:22:19.644Z,0.158,3,1500,768x432,2.6071810000000255,,rebuffer happen
2025-12-19T07:22:19.720Z,0.048,3,1500,768x432,2.4977819999999724,,rebuffer happen
2025-12-19T07:22:20.321Z,0.048,3,1500,768x432,3.1897819999999797,,
2025-12-19T07:22:20.387Z,0.548,1,600,480x270,3.137630999999999,,
2025-12-19T07:22:20.755Z,0.528,1,600,480x270,3.063445999999999,,
2025-12-19T07:22:20.967Z,0.239,1,600,480x270,2.9477190000000064,,rebuffer happen
2025-12-19T07:22:21.135Z,0.463,1,600,480x270,2.920001999999954,,
2025-12-19T07:22:21.302Z,0.229,1,600,480x270,2.7731850000000122,,rebuffer happen
2025-12-19T07:22:21.550Z,0.434,1,600,480x270,2.805480999999986,,
2025-12-19T07:22:21.619Z,0.439,2,1000,640x360,2.7101189999999633,,
2025-12-19T07:22:21.717Z,0.213,2,1000,640x360,2.6546979999999962,,rebuffer happen
2025-12-19T07:22:21.838Z,0.035,2,1000,640x360,2.683214000000021,,rebuffer happen
2025-12-19T07:22:22.230Z,0.035,2,1000,640x360,3.076213999999993,,
2025-12-19T07:22:22.312Z,0.535,1,600,480x270,3.0106059999999957,,
2025-12-19T07:22:22.450Z,0.293,1,600,480x270,3.0386349999999993,,rebuffer happen
2025-12-19T07:22:22.671Z,0.449,1,600,480x270,2.90485799999999,,
2025-12-19T07:22:22.817Z,0.244,1,600,480x270,2.787005000000022,,rebuffer happen
2025-12-19T07:22:23.015Z,0.453,1,600,480x270,2.6958679999999617,,
2025-12-19T07:22:23.175Z,0.29,1,600,480x270,2.739771000000019,,rebuffer happen
2025-12-19T07:22:23.363Z,0.512,1,600,480x270,2.665459999999996,,
2025-12-19T07:22:23.696Z,0.497,1,600,480x270,2.470347000000004,,
2025-12-19T07:22:24.050Z,0.518,1,600,480x270,2.369833999999969,,
2025-12-19T07:22:24.128Z,0.528,2,1000,640x360,2.299652999999978,,
2025-12-19T07:22:24.473Z,0.026,2,1000,640x360,2.270623999999998,,rebuffer happen
2025-12-19T07:22:24.474Z,0.026,2,1000,640x360,2.270623999999998,,rebuffer happen
2025-12-19T07:22:24.684Z,0.026,2,1000,640x360,2.4706239999999866,,
2025-12-19T07:22:24.753Z,0.485,1,600,480x270,2.507739000000015,,
2025-12-19T07:22:24.939Z,0.297,1,600,480x270,2.4471080000000143,,rebuffer happen
2025-12-19T07:22:25.095Z,0.504,1,600,480x270,2.35465099999999,,
2025-12-19T07:22:25.174Z,0.513,3,1500,768x432,2.3877479999999878,,
2025-12-19T07:22:25.333Z,0.268,3,1500,768x432,2.4225769999999898,,rebuffer happen
2025-12-19T07:22:25.508Z,0.024,3,1500,768x432,2.272344999999973,,rebuffer happen
2025-12-19T07:22:25.961Z,0.024,3,1500,768x432,2.766345000000001,,
2025-12-19T07:22:26.030Z,0.524,1,600,480x270,2.7115459999999985,,
2025-12-19T07:22:26.389Z,0.392,1,600,480x270,2.5830270000000155,,
2025-12-19T07:22:26.558Z,0.258,1,600,480x270,2.544830999999988,,rebuffer happen
2025-12-19T07:22:26.771Z,0.483,1,600,480x270,2.524444000000017,,
2025-12-19T07:22:26.937Z,0.297,1,600,480x270,2.4718709999999646,,rebuffer happen
2025-12-19T07:22:27.149Z,0.449,1,600,480x270,2.4121769999999856,,
2025-12-19T07:22:27.294Z,0.298,1,600,480x270,2.3203869999999824,,rebuffer happen
2025-12-19T07:22:27.546Z,0.454,1,600,480x270,2.3074250000000234,,
2025-12-19T07:22:27.617Z,0.465,2,1000,640x360,2.212038000000007,,
2025-12-19T07:22:27.872Z,0.033,2,1000,640x360,2.1794160000000034,,rebuffer happen
2025-12-19T07:22:27.876Z,0.028,2,1000,640x360,2.174903000000029,,rebuffer happen
2025-12-19T07:22:28.137Z,0.028,2,1000,640x360,2.470903000000021,,
2025-12-19T07:22:28.227Z,0.528,1,600,480x270,2.397118999999975,,
2025-12-19T07:22:28.534Z,0.518,1,600,480x270,2.3698989999999753,,
2025-12-19T07:22:28.616Z,0.431,2,1000,640x360,2.2559549999999717,,
2025-12-19T07:22:28.894Z,0.038,2,1000,640x360,2.1829139999999825,,rebuffer happen
2025-12-19T07:22:28.894Z,0.038,2,1000,640x360,2.1829139999999825,,rebuffer happen
2025-12-19T07:22:29.239Z,0.038,2,1000,640x360,2.5849139999999693,,
2025-12-19T07:22:29.316Z,0.538,1,600,480x270,2.5240200000000073,,
2025-12-19T07:22:29.598Z,0.555,1,600,480x270,2.4118950000000154,,
2025-12-19T07:22:29.672Z,0.568,2,1000,640x360,2.4086829999999964,,
2025-12-19T07:22:29.956Z,0.062,2,1000,640x360,2.3080040000000395,,rebuffer happen
2025-12-19T07:22:29.978Z,0.032,2,1000,640x360,2.2784730000000195,,rebuffer happen
2025-12-19T07:22:30.110Z,0.032,2,1000,640x360,2.3814729999999713,,
2025-12-19T07:22:30.184Z,0.532,1,600,480x270,2.4145410000000425,,
2025-12-19T07:22:30.478Z,0.591,1,600,480x270,2.330318000000034,,
2025-12-19T07:22:30.773Z,0.682,1,600,480x270,2.232747999999958,,
2025-12-19T07:22:31.321Z,0.48,1,600,480x270,2.1398469999999747,,
2025-12-19T07:22:31.707Z,0.516,1,600,480x270,2.0053439999999796,,
2025-12-19T07:22:31.785Z,0.552,2,1000,640x360,2.012862000000041,,
2025-12-19T07:22:32.099Z,0.137,2,1000,640x360,1.979725999999971,,rebuffer happen
2025-12-19T07:22:32.197Z,0.033,2,1000,640x360,1.9755069999999932,,rebuffer happen
2025-12-19T07:22:32.342Z,0.033,2,1000,640x360,2.1845069999999964,,
2025-12-19T07:22:32.423Z,0.533,1,600,480x270,2.119156999999973,,
2025-12-19T07:22:32.778Z,0.572,1,600,480x270,2.0875990000000115,,
2025-12-19T07:22:32.857Z,0.544,2,1000,640x360,2.1039609999999698,,
2025-12-19T07:22:33.254Z,0.048,2,1000,640x360,2.0917969999999855,,rebuffer happen
2025-12-19T07:22:33.264Z,0.037,2,1000,640x360,2.0807290000000194,,rebuffer happen
2025-12-19T07:22:33.386Z,0.037,2,1000,640x360,2.189729,,
2025-12-19T07:22:33.452Z,0.537,1,600,480x270,2.23256200000003,,
2025-12-19T07:22:33.794Z,0.556,1,600,480x270,2.1180120000000215,,
2025-12-19T07:22:33.874Z,0.574,2,1000,640x360,2.1294719999999643,,
2025-12-19T07:22:34.051Z,0.271,2,1000,640x360,2.1124489999999696,,rebuffer happen
2025-12-19T07:22:34.265Z,0.021,2,1000,640x360,2.06208799999996,,rebuffer happen
2025-12-19T07:22:34.497Z,0.021,2,1000,640x360,2.266087999999968,,
2025-12-19T07:22:34.575Z,0.497,1,600,480x270,2.2903689999999983,,
2025-12-19T07:22:34.879Z,0.533,1,600,480x270,2.1824270000000183,,
2025-12-19T07:22:34.948Z,0.533,2,1000,640x360,2.186897999999985,,
2025-12-19T07:22:35.123Z,0.234,2,1000,640x360,2.1775139999999737,,rebuffer happen
2025-12-19T07:22:35.282Z,0.039,2,1000,640x360,2.0861189999999965,,rebuffer happen
2025-12-19T07:22:35.502Z,0.039,2,1000,640x360,2.2871189999999615,,
2025-12-19T07:22:35.571Z,0.517,1,600,480x270,2.3151019999999676,,
2025-12-19T07:22:35.874Z,0.491,1,600,480x270,2.202493000000004,,
2025-12-19T07:22:36.213Z,0.641,1,600,480x270,2.087537999999995,,
2025-12-19T07:22:36.290Z,0.612,2,1000,640x360,2.1035979999999768,,
2025-12-19T07:22:36.605Z,0.171,2,1000,640x360,2.0198449999999752,,rebuffer happen
2025-12-19T07:22:36.717Z,0.06,2,1000,640x360,2.0021639999999934,,rebuffer happen
2025-12-19T07:22:36.845Z,0.06,2,1000,640x360,2.2041639999999916,,
2025-12-19T07:22:36.913Z,0.56,1,600,480x270,2.1506410000000074,,
2025-12-19T07:22:37.254Z,0.655,1,600,480x270,2.2210580000000277,,
2025-12-19T07:22:37.535Z,0.778,1,600,480x270,2.1610560000000305,,
2025-12-19T07:22:37.614Z,0.813,2,1000,640x360,2.0656450000000177,,
2025-12-19T07:22:38.041Z,0.222,2,1000,640x360,2.0680739999999673,,rebuffer happen
2025-12-19T07:22:38.195Z,0.222,2,1000,640x360,2.005566999999985,,
2025-12-19T07:22:38.269Z,0.55,1,600,480x270,2.017452999999989,,
2025-12-19T07:22:38.607Z,0.574,1,600,480x270,1.9520159999999578,,
2025-12-19T07:22:38.987Z,0.705,1,600,480x270,1.9563150000000178,,
2025-12-19T07:22:39.391Z,0.761,1,600,480x270,1.945840999999973,,
2025-12-19T07:22:39.473Z,0.803,2,1000,640x360,1.9689490000000092,,
2025-12-19T07:22:39.896Z,0.285,2,1000,640x360,1.9262560000000235,,rebuffer happen
2025-12-19T07:22:40.087Z,0.285,2,1000,640x360,1.9410649999999805,,
2025-12-19T07:22:40.157Z,0.599,1,600,480x270,1.9876649999999927,,
2025-12-19T07:22:40.427Z,0.261,1,600,480x270,2.0099929999999517,,rebuffer happen
2025-12-19T07:22:40.571Z,0.597,1,600,480x270,1.9557229999999777,,
2025-12-19T07:22:41.070Z,0.605,1,600,480x270,1.9661349999999516,,
2025-12-19T07:22:41.576Z,0.611,1,600,480x270,1.9667889999999488,,
2025-12-19T07:22:42.022Z,0.56,1,600,480x270,1.998061000000007,,
2025-12-19T07:22:42.422Z,0.762,1,600,480x270,2.0203819999999837,,
2025-12-19T07:22:42.871Z,0.765,1,600,480x270,1.9635069999999928,,
2025-12-19T07:22:42.950Z,0.816,2,1000,640x360,1.9788000000000352,,
2025-12-19T07:22:43.596Z,0.339,2,1000,640x360,1.937072999999998,,
2025-12-19T07:22:43.664Z,0.562,1,600,480x270,1.961182000000008,,
2025-12-19T07:22:44.082Z,0.575,1,600,480x270,1.9493939999999839,,
2025-12-19T07:22:44.148Z,0.599,2,1000,640x360,1.983097999999984,,
2025-12-19T07:22:44.411Z,0.274,2,1000,640x360,1.9177480000000173,,rebuffer happen
2025-12-19T07:22:44.657Z,0.026,2,1000,640x360,1.9675840000000449,,rebuffer happen
2025-12-19T07:22:44.717Z,0.026,2,1000,640x360,1.9675840000000449,,
2025-12-19T07:22:44.788Z,0.526,1,600,480x270,2.015948999999978,,
2025-12-19T07:22:45.137Z,0.612,1,600,480x270,2.075975000000028,,
2025-12-19T07:22:45.210Z,0.594,3,1500,768x432,2.003669000000002,,
2025-12-19T07:22:45.691Z,0.032,3,1500,768x432,1.9735500000000457,,rebuffer happen
2025-12-19T07:22:45.691Z,0.032,3,1500,768x432,1.9735500000000457,,rebuffer happen
2025-12-19T07:22:46.050Z,0.032,3,1500,768x432,2.376550000000009,,
2025-12-19T07:22:46.129Z,0.532,2,1000,640x360,2.3129319999999893,,
2025-12-19T07:22:46.399Z,0.141,2,1000,640x360,2.2833689999999933,,rebuffer happen
2025-12-19T07:22:46.475Z,0.038,2,1000,640x360,2.278297000000009,,rebuffer happen
2025-12-19T07:22:46.754Z,0.038,2,1000,640x360,2.5842969999999923,,
2025-12-19T07:22:46.830Z,0.538,1,600,480x270,2.5242789999999786,,
2025-12-19T07:22:47.239Z,0.533,1,600,480x270,2.57260100000002,,
2025-12-19T07:22:47.519Z,0.607,1,600,480x270,2.3693620000000237,,
2025-12-19T07:22:47.593Z,0.597,2,1000,640x360,2.3577680000000214,,
2025-12-19T07:22:47.799Z,0.224,2,1000,640x360,2.26687400000003,,rebuffer happen
2025-12-19T07:22:47.976Z,0.033,2,1000,640x360,2.2743729999999687,,rebuffer happen
2025-12-19T07:22:48.079Z,0.033,2,1000,640x360,2.38037300000002,,
2025-12-19T07:22:48.148Z,0.533,1,600,480x270,2.4207809999999768,,
2025-12-19T07:22:48.660Z,0.269,1,600,480x270,2.244991999999968,,rebuffer happen
2025-12-19T07:22:48.686Z,0.269,1,600,480x270,2.2100829999999974,,
2025-12-19T07:22:48.994Z,0.413,1,600,480x270,2.1651259999999866,,
2025-12-19T07:22:49.064Z,0.366,2,1000,640x360,2.174954000000014,,
2025-12-19T07:22:49.301Z,0.035,2,1000,640x360,2.0779720000000452,,rebuffer happen
2025-12-19T07:22:49.310Z,0.026,2,1000,640x360,2.068123000000014,,rebuffer happen
2025-12-19T07:22:49.664Z,0.026,2,1000,640x360,2.4751229999999964,,
2025-12-19T07:22:49.732Z,0.526,1,600,480x270,2.5135890000000245,,
2025-12-19T07:22:50.091Z,0.552,1,600,480x270,2.367570999999998,,
2025-12-19T07:22:50.401Z,0.55,1,600,480x270,2.2260840000000144,,
2025-12-19T07:22:50.481Z,0.581,2,1000,640x360,2.218646999999976,,
2025-12-19T07:22:50.629Z,0.279,2,1000,640x360,2.2205640000000244,,rebuffer happen
2025-12-19T07:22:50.688Z,0.279,2,1000,640x360,2.1461000000000467,,
2025-12-19T07:22:50.761Z,0.704,1,600,480x270,2.1619310000000382,,
2025-12-19T07:22:50.958Z,0.855,1,600,480x270,2.1146329999999693,,
2025-12-19T07:22:51.041Z,0.873,2,1000,640x360,2.1278599999999983,,
2025-12-19T07:22:51.499Z,0.332,2,1000,640x360,2.0070200000000114,,
2025-12-19T07:22:51.574Z,0.762,1,600,480x270,2.0310380000000237,,
2025-12-19T07:22:51.934Z,0.734,1,600,480x270,2.028874999999971,,
2025-12-19T07:22:52.009Z,0.757,2,1000,640x360,1.949513999999965,,
2025-12-19T07:22:52.493Z,0.223,2,1000,640x360,1.9735379999999623,,rebuffer happen
2025-12-19T07:22:52.516Z,0.223,2,1000,640x360,1.948960999999997,,
2025-12-19T07:22:52.597Z,0.642,1,600,480x270,1.9581359999999677,,
2025-12-19T07:22:52.931Z,0.731,1,600,480x270,2.0154260000000477,,
2025-12-19T07:22:53.242Z,0.926,1,600,480x270,1.9951849999999922,,
2025-12-19T07:22:53.315Z,0.9,2,1000,640x360,1.9204410000000394,,
2025-12-19T07:22:53.846Z,0.349,2,1000,640x360,1.9844009999999912,,
2025-12-19T07:22:53.920Z,0.832,1,600,480x270,1.9091099999999983,,
2025-12-19T07:22:54.580Z,0.568,1,600,480x270,1.9511630000000082,,
2025-12-19T07:22:54.653Z,0.538,3,1500,768x432,1.9739619999999718,,
2025-12-19T07:22:54.901Z,0.277,3,1500,768x432,1.9250519999999938,,rebuffer happen
2025-12-19T07:22:55.165Z,0.026,3,1500,768x432,1.9690349999999626,,rebuffer happen
2025-12-19T07:22:55.401Z,0.026,3,1500,768x432,2.17503499999998,,
2025-12-19T07:22:55.480Z,0.505,1,600,480x270,2.185005999999987,,
2025-12-19T07:22:55.743Z,0.59,1,600,480x270,2.1605069999999955,,
2025-12-19T07:22:55.808Z,0.607,2,1000,640x360,2.0811259999999834,,
2025-12-19T07:22:56.155Z,0.351,2,1000,640x360,2.099934000000019,,
2025-12-19T07:22:56.497Z,0.273,2,1000,640x360,2.0282909999999674,,rebuffer happen
2025-12-19T07:22:56.547Z,0.273,2,1000,640x360,2.0589439999999968,,
2025-12-19T07:22:56.617Z,0.677,1,600,480x270,1.9809920000000147,,
2025-12-19T07:22:56.866Z,0.86,1,600,480x270,2.0073639999999955,,
2025-12-19T07:22:56.940Z,0.865,3,1500,768x432,2.036436999999978,,
2025-12-19T07:22:57.551Z,0.173,3,1500,768x432,2.0176759999999945,,rebuffer happen
2025-12-19T07:22:57.684Z,0.033,3,1500,768x432,1.9815310000000181,,rebuffer happen
2025-12-19T07:22:57.751Z,0.033,3,1500,768x432,2.0795309999999745,,
2025-12-19T07:22:57.833Z,0.533,1,600,480x270,2.1087610000000154,,
2025-12-19T07:22:58.194Z,0.589,1,600,480x270,2.03292399999998,,
2025-12-19T07:22:58.269Z,0.562,3,1500,768x432,2.037618000000009,,
2025-12-19T07:22:58.476Z,0.267,3,1500,768x432,2.0177509999999756,,rebuffer happen
2025-12-19T07:22:58.702Z,0.022,3,1500,768x432,1.9740699999999833,,rebuffer happen
2025-12-19T07:22:59.128Z,0.022,3,1500,768x432,2.470070000000021,,
2025-12-19T07:22:59.204Z,0.522,1,600,480x270,2.409850000000006,,
2025-12-19T07:22:59.484Z,0.574,1,600,480x270,2.3246560000000045,,
2025-12-19T07:22:59.908Z,0.503,1,600,480x270,2.1432080000000155,,
2025-12-19T07:22:59.988Z,0.501,2,1000,640x360,2.1495590000000107,,
2025-12-19T07:23:00.175Z,0.217,2,1000,640x360,2.1611619999999903,,rebuffer happen
2025-12-19T07:23:00.336Z,0.027,2,1000,640x360,2.169924999999978,,rebuffer happen
2025-12-19T07:23:00.777Z,0.027,2,1000,640x360,2.568924999999979,,
2025-12-19T07:23:00.845Z,0.527,1,600,480x270,2.6156330000000025,,
2025-12-19T07:23:01.280Z,0.4,1,600,480x270,2.4596280000000093,,
2025-12-19T07:23:01.395Z,0.248,1,600,480x270,2.389448000000016,,rebuffer happen
2025-12-19T07:23:01.554Z,0.024,1,600,480x270,2.3805130000000077,,rebuffer happen
2025-12-19T07:23:01.716Z,0.364,1,600,480x270,2.325842000000023,,
2025-12-19T07:23:01.796Z,0.384,2,1000,640x360,2.348265999999967,,
2025-12-19T07:23:01.815Z,0.285,2,1000,640x360,2.328616000000011,,rebuffer happen
2025-12-19T07:23:02.021Z,0.019,2,1000,640x360,2.361116999999979,,rebuffer happen
2025-12-19T07:23:02.438Z,0.019,2,1000,640x360,2.761117000000013,,
2025-12-19T07:23:02.513Z,0.519,1,600,480x270,2.7011679999999956,,
2025-12-19T07:23:02.858Z,0.497,1,600,480x270,2.6207800000000248,,
2025-12-19T07:23:03.159Z,0.569,1,600,480x270,2.5123780000000124,,
2025-12-19T07:23:03.520Z,0.534,1,600,480x270,2.3891209999999887,,
2025-12-19T07:23:03.588Z,0.547,2,1000,640x360,2.2935870000000023,,
2025-12-19T07:23:03.827Z,0.128,2,1000,640x360,2.2760830000000283,,rebuffer happen
2025-12-19T07:23:03.923Z,0.017,2,1000,640x360,2.2591980000000262,,rebuffer happen
2025-12-19T07:23:04.128Z,0.017,2,1000,640x360,2.4611980000000244,,
2025-12-19T07:23:04.199Z,0.47,1,600,480x270,2.399027999999987,,
2025-12-19T07:23:04.381Z,0.263,1,600,480x270,2.3379560000000197,,rebuffer happen
2025-12-19T07:23:04.551Z,0.416,1,600,480x270,2.3051619999999957,,
2025-12-19T07:23:04.831Z,0.577,1,600,480x270,2.234536999999989,,
2025-12-19T07:23:04.901Z,0.589,2,1000,640x360,2.1434509999999705,,
2025-12-19T07:23:05.237Z,0.152,2,1000,640x360,2.2039099999999507,,rebuffer happen
2025-12-19T07:23:05.321Z,0.152,2,1000,640x360,2.1902389999999627,,
2025-12-19T07:23:05.396Z,0.547,0,200,320x180,2.0971460000000093,,
2025-12-19T07:23:05.504Z,0.806,0,200,320x180,2.0679190000000176,,
2025-12-19T07:23:05.583Z,0.82,3,1500,768x432,2.071814999999958,,
2025-12-19T07:23:06.040Z,0.211,3,1500,768x432,2.057231999999999,,rebuffer happen
2025-12-19T07:23:06.208Z,0.029,3,1500,768x432,1.9832420000000184,,rebuffer happen
2025-12-19T07:23:06.839Z,0.029,3,1500,768x432,2.6712420000000066,,
2025-12-19T07:23:06.910Z,0.529,1,600,480x270,2.6149729999999636,,
2025-12-19T07:23:07.188Z,0.251,1,600,480x270,2.6014639999999645,,rebuffer happen
2025-12-19T07:23:07.514Z,0.299,1,600,480x270,2.5324900000000525,,
2025-12-19T07:23:07.591Z,0.265,2,1000,640x360,2.554965999999979,,
2025-12-19T07:23:07.776Z,0.025,2,1000,640x360,2.5801289999999995,,rebuffer happen
2025-12-19T07:23:08.290Z,0.025,2,1000,640x360,3.072129000000018,,
2025-12-19T07:23:08.373Z,0.524,1,600,480x270,3.060906999999986,,
2025-12-19T07:23:08.529Z,0.248,1,600,480x270,3.0304779999999596,,rebuffer happen
2025-12-19T07:23:08.591Z,0.296,1,600,480x270,2.9459939999999847,,rebuffer happen
2025-12-19T07:23:08.745Z,0.377,1,600,480x270,2.9209129999999845,,
2025-12-19T07:23:08.845Z,0.217,1,600,480x270,2.8621780000000285,,rebuffer happen
2025-12-19T07:23:09.196Z,0.301,1,600,480x270,2.783770000000004,,
2025-12-19T07:23:09.278Z,0.336,2,1000,640x360,2.801996000000031,,
2025-12-19T07:23:09.279Z,0.254,2,1000,640x360,2.8012800000000198,,rebuffer happen
2025-12-19T07:23:09.461Z,0.028,2,1000,640x360,2.7700100000000134,,rebuffer happen
2025-12-19T07:23:09.868Z,0.028,2,1000,640x360,3.1760100000000193,,
2025-12-19T07:23:09.933Z,0.528,1,600,480x270,3.219101999999964,,
2025-12-19T07:23:10.336Z,0.567,1,600,480x270,3.203109999999981,,
2025-12-19T07:23:10.769Z,0.406,1,600,480x270,2.948904999999968,,
2025-12-19T07:23:10.851Z,0.369,0,200,320x180,2.9264220000000023,,
2025-12-19T07:23:10.852Z,0.281,0,200,320x180,2.925348999999983,,rebuffer happen
2025-12-19T07:23:11.010Z,0.457,0,200,320x180,2.7965280000000234,,
2025-12-19T07:23:11.084Z,0.495,1,600,480x270,2.796075999999971,,
2025-12-19T07:23:11.457Z,0.414,1,600,480x270,2.6471990000000005,,
2025-12-19T07:23:11.582Z,0.217,1,600,480x270,2.560991999999999,,rebuffer happen
2025-12-19T07:23:11.802Z,0.401,1,600,480x270,2.437759999999969,,
2025-12-19T07:23:12.139Z,0.448,1,600,480x270,2.410107000000039,,
2025-12-19T07:23:12.497Z,0.474,1,600,480x270,2.2175940000000196,,
2025-12-19T07:23:12.645Z,0.276,1,600,480x270,2.227877000000035,,rebuffer happen
2025-12-19T07:23:12.919Z,0.404,1,600,480x270,2.076205000000016,,
2025-12-19T07:23:13.000Z,0.427,2,1000,640x360,2.072651999999948,,
2025-12-19T07:23:13.176Z,0.167,2,1000,640x360,2.117411000000004,,rebuffer happen
2025-12-19T07:23:13.297Z,0.027,2,1000,640x360,2.070951999999977,,rebuffer happen
2025-12-19T07:23:13.590Z,0.027,2,1000,640x360,2.369951999999955,,
2025-12-19T07:23:13.674Z,0.498,1,600,480x270,2.3881299999999896,,
2025-12-19T07:23:13.818Z,0.235,1,600,480x270,2.2813449999999875,,rebuffer happen
2025-12-19T07:23:14.061Z,0.443,1,600,480x270,2.264127999999971,,
2025-12-19T07:23:14.143Z,0.405,2,1000,640x360,2.273145999999997,,
2025-12-19T07:23:14.348Z,0.052,2,1000,640x360,2.20516200000003,,rebuffer happen
2025-12-19T07:23:14.381Z,0.018,2,1000,640x360,2.171720999999991,,rebuffer happen
2025-12-19T07:23:14.595Z,0.018,2,1000,640x360,2.359720999999979,,
2025-12-19T07:23:14.672Z,0.483,1,600,480x270,2.394452000000001,,
2025-12-19T07:23:15.000Z,0.489,1,600,480x270,2.2301929999999857,,
2025-12-19T07:23:15.080Z,0.416,2,1000,640x360,2.2429349999999886,,
2025-12-19T07:23:15.178Z,0.272,2,1000,640x360,2.2238310000000183,,rebuffer happen
2025-12-19T07:23:15.366Z,0.029,2,1000,640x360,2.175785000000019,,rebuffer happen
2025-12-19T07:23:15.645Z,0.029,2,1000,640x360,2.4787850000000162,,
2025-12-19T07:23:15.718Z,0.529,1,600,480x270,2.4202399999999784,,
2025-12-19T07:23:16.147Z,0.516,1,600,480x270,2.393859999999961,,
2025-12-19T07:23:16.287Z,0.292,1,600,480x270,2.314058999999986,,rebuffer happen
2025-12-19T07:23:16.500Z,0.468,1,600,480x270,2.2073439999999778,,
2025-12-19T07:23:16.801Z,0.575,1,600,480x270,2.1179370000000404,,
2025-12-19T07:23:16.875Z,0.575,2,1000,640x360,2.13534999999996,,
2025-12-19T07:23:17.221Z,0.122,2,1000,640x360,2.164467000000002,,rebuffer happen
2025-12-19T07:23:17.300Z,0.028,2,1000,640x360,2.070280000000025,,rebuffer happen
2025-12-19T07:23:17.410Z,0.028,2,1000,640x360,2.1792800000000057,,
2025-12-19T07:23:17.482Z,0.528,1,600,480x270,2.213485999999989,,
2025-12-19T07:23:17.872Z,0.512,1,600,480x270,2.1486280000000306,,
2025-12-19T07:23:17.948Z,0.499,3,1500,768x432,2.1492390000000228,,
2025-12-19T07:23:18.107Z,0.239,3,1500,768x432,2.0800629999999956,,rebuffer happen
2025-12-19T07:23:18.284Z,0.026,3,1500,768x432,2.0794579999999883,,rebuffer happen
2025-12-19T07:23:18.761Z,0.026,3,1500,768x432,2.582458000000031,,
2025-12-19T07:23:18.839Z,0.483,1,600,480x270,2.601654999999994,,
2025-12-19T07:23:19.163Z,0.529,1,600,480x270,2.443804,,
2025-12-19T07:23:19.521Z,0.488,1,600,480x270,2.3394199999999614,,
2025-12-19T07:23:19.892Z,0.479,1,600,480x270,2.1474249999999984,,
2025-12-19T07:23:20.272Z,0.591,1,600,480x270,2.122838999999999,,
2025-12-19T07:23:20.353Z,0.572,3,1500,768x432,2.12041499999998,,
2025-12-19T07:23:20.521Z,0.274,3,1500,768x432,2.116329999999948,,rebuffer happen
2025-12-19T07:23:20.770Z,0.022,3,1500,768x432,2.076168999999993,,rebuffer happen
2025-12-19T07:23:20.926Z,0.022,3,1500,768x432,2.263168999999948,,
2025-12-19T07:23:20.996Z,0.522,1,600,480x270,2.20735099999996,,
2025-12-19T07:23:21.222Z,0.656,1,600,480x270,2.2297510000000216,,
2025-12-19T07:23:21.475Z,0.856,1,600,480x270,2.120137999999997,,
2025-12-19T07:23:21.911Z,0.868,1,600,480x270,2.0041689999999903,,
2025-12-19T07:23:21.981Z,0.854,3,1500,768x432,2.0193160000000034,,
2025-12-19T07:23:22.640Z,0.074,3,1500,768x432,2.0202090000000226,,rebuffer happen
2025-12-19T07:23:22.688Z,0.024,3,1500,768x432,1.970706000000007,,rebuffer happen
2025-12-19T07:23:22.974Z,0.024,3,1500,768x432,2.266705999999999,,
2025-12-19T07:23:23.045Z,0.524,1,600,480x270,2.310998999999981,,
2025-12-19T07:23:23.214Z,0.266,1,600,480x270,2.213844999999992,,rebuffer happen
2025-12-19T07:23:23.563Z,0.331,1,600,480x270,2.154385999999988,,
2025-12-19T07:23:23.636Z,0.312,2,1000,640x360,2.1671830000000227,,
2025-12-19T07:23:23.637Z,0.22,2,1000,640x360,2.166193000000021,,rebuffer happen
2025-12-19T07:23:23.806Z,0.023,2,1000,640x360,2.0687260000000265,,rebuffer happen
2025-12-19T07:23:24.074Z,0.023,2,1000,640x360,2.3667260000000283,,
2025-12-19T07:23:24.153Z,0.523,1,600,480x270,2.401209999999992,,
2025-12-19T07:23:24.448Z,0.597,1,600,480x270,2.3172270000000026,,
2025-12-19T07:23:24.764Z,0.657,1,600,480x270,2.2066200000000435,,
2025-12-19T07:23:25.106Z,0.741,1,600,480x270,2.0916859999999815,,
2025-12-19T07:23:25.183Z,0.73,2,1000,640x360,2.1063910000000305,,
2025-12-19T07:23:25.617Z,0.395,2,1000,640x360,2.0022969999999987,,
2025-12-19T07:23:25.684Z,0.586,1,600,480x270,2.019344999999987,,
2025-12-19T07:23:26.131Z,0.631,1,600,480x270,2.038921000000016,,
2025-12-19T07:23:26.198Z,0.594,2,1000,640x360,1.9683790000000272,,
2025-12-19T07:23:26.426Z,0.282,2,1000,640x360,2.0241080000000125,,rebuffer happen
2025-12-19T07:23:26.675Z,0.032,2,1000,640x360,1.9871919999999932,,rebuffer happen
2025-12-19T07:23:27.698Z,0.032,2,1000,640x360,2.9781920000000355,,
2025-12-19T07:23:27.779Z,0.503,1,600,480x270,2.9823030000000017,,
2025-12-19T07:23:27.877Z,0.295,1,600,480x270,2.941800999999998,,rebuffer happen
2025-12-19T07:23:28.093Z,0.017,1,600,480x270,2.860787000000016,,rebuffer happen
2025-12-19T07:23:28.457Z,0.217,1,600,480x270,2.929626999999982,,
2025-12-19T07:23:28.525Z,0.188,3,1500,768x432,2.861018999999999,,
2025-12-19T07:23:28.626Z,0.019,3,1500,768x432,2.9646260000000098,,rebuffer happen
2025-12-19T07:23:29.778Z,0.019,3,1500,768x432,4.067626000000018,,
2025-12-19T07:23:29.855Z,0.519,1,600,480x270,4.098725000000002,,
2025-12-19T07:23:30.219Z,0.291,1,600,480x270,3.9323080000000346,,rebuffer happen
2025-12-19T07:23:30.264Z,0.29,1,600,480x270,3.9643820000000005,,rebuffer happen
2025-12-19T07:23:30.429Z,0.204,1,600,480x270,3.917119000000014,,
2025-12-19T07:23:30.510Z,0.111,0,200,320x180,3.824799999999982,,
2025-12-19T07:23:30.675Z,0.393,0,200,320x180,3.860422999999969,,
2025-12-19T07:23:30.756Z,0.348,2,1000,640x360,3.882068000000004,,
2025-12-19T07:23:30.823Z,0.231,2,1000,640x360,3.8752000000000066,,rebuffer happen
2025-12-19T07:23:30.945Z,0.049,2,1000,640x360,3.803211000000033,,rebuffer happen
2025-12-19T07:23:31.639Z,0.049,2,1000,640x360,4.4992110000000025,,
2025-12-19T07:23:31.722Z,0.549,1,600,480x270,4.432316999999955,,
2025-12-19T07:23:31.966Z,0.292,1,600,480x270,4.367009999999993,,rebuffer happen
2025-12-19T07:23:32.215Z,0.38,1,600,480x270,4.326731999999993,,
2025-12-19T07:23:32.536Z,0.282,1,600,480x270,4.257196000000022,,rebuffer happen
2025-12-19T07:23:32.594Z,0.296,1,600,480x270,4.171299999999974,,rebuffer happen
2025-12-19T07:23:32.614Z,0.296,1,600,480x270,4.140511000000004,,
2025-12-19T07:23:32.959Z,0.373,1,600,480x270,4.125351000000023,,
2025-12-19T07:23:33.033Z,0.351,0,200,320x180,4.11568299999999,,
2025-12-19T07:23:33.034Z,0.272,0,200,320x180,4.115040000000022,,rebuffer happen
2025-12-19T07:23:33.215Z,0.578,0,200,320x180,3.9694279999999935,,
2025-12-19T07:23:33.282Z,0.518,1,600,480x270,3.9628570000000423,,
2025-12-19T07:23:33.530Z,0.08,1,600,480x270,3.889016999999967,,rebuffer happen
2025-12-19T07:23:33.530Z,0.079,1,600,480x270,3.8886329999999703,,rebuffer happen
2025-12-19T07:23:33.945Z,0.172,1,600,480x270,3.90063200000003,,
2025-12-19T07:23:34.014Z,0.154,2,1000,640x360,3.8315730000000485,,
2025-12-19T07:23:34.081Z,0.021,2,1000,640x360,3.8706189999999765,,rebuffer happen
2025-12-19T07:23:34.562Z,0.021,2,1000,640x360,4.362618999999995,,
2025-12-19T07:23:34.641Z,0.484,1,600,480x270,4.392676999999992,,
2025-12-19T07:23:34.938Z,0.483,1,600,480x270,4.243750000000034,,
2025-12-19T07:23:35.222Z,0.631,1,600,480x270,4.169217000000003,,
2025-12-19T07:23:35.295Z,0.625,3,1500,768x432,4.05981300000002,,
2025-12-19T07:23:35.501Z,0.208,3,1500,768x432,3.954991000000007,,rebuffer happen
2025-12-19T07:23:35.616Z,0.037,3,1500,768x432,3.8833270000000084,,rebuffer happen
2025-12-19T07:23:36.018Z,0.037,3,1500,768x432,4.282327000000009,,
2025-12-19T07:23:36.093Z,0.537,1,600,480x270,4.323334000000045,,
2025-12-19T07:23:36.416Z,0.512,1,600,480x270,4.172077999999999,,
2025-12-19T07:23:36.702Z,0.6,1,600,480x270,4.0427740000000085,,
2025-12-19T07:23:36.931Z,0.705,1,600,480x270,3.9975620000000163,,
2025-12-19T07:23:37.221Z,0.9,1,600,480x270,3.971074999999985,,
2025-12-19T07:23:37.291Z,0.929,3,1500,768x432,3.865842999999984,,
2025-12-19T07:23:37.749Z,0.138,3,1500,768x432,3.6854470000000106,,rebuffer happen
2025-12-19T07:23:37.834Z,0.011,3,1500,768x432,3.6590439999999944,,rebuffer happen
2025-12-19T07:23:38.129Z,0.011,3,1500,768x432,3.9580439999999726,,
2025-12-19T07:23:38.203Z,0.511,2,1000,640x360,3.8983499999999935,,
2025-12-19T07:23:38.425Z,0.215,2,1000,640x360,3.9602560000000153,,rebuffer happen
2025-12-19T07:23:38.551Z,0.025,2,1000,640x360,3.8799469999999587,,rebuffer happen
2025-12-19T07:23:38.839Z,0.025,2,1000,640x360,4.176946999999984,,
2025-12-19T07:23:38.919Z,0.525,1,600,480x270,4.112153999999975,,
2025-12-19T07:23:39.190Z,0.684,1,600,480x270,4.104737,,
2025-12-19T07:23:39.511Z,0.7,1,600,480x270,3.9209260000000086,,
2025-12-19T07:23:39.873Z,0.269,1,600,480x270,3.7797110000000202,,rebuffer happen
2025-12-19T07:23:40.418Z,0.101,1,600,480x270,3.739555999999993,,
2025-12-19T07:23:40.486Z,0.027,2,1000,640x360,3.7685149999999794,,rebuffer happen
2025-12-19T07:23:40.493Z,0.027,2,1000,640x360,3.7685149999999794,,
2025-12-19T07:23:41.146Z,0.027,2,1000,640x360,4.468515000000025,,
2025-12-19T07:23:41.225Z,0.527,1,600,480x270,4.406079000000034,,
2025-12-19T07:23:41.603Z,0.442,1,600,480x270,4.275421000000051,,
2025-12-19T07:23:41.915Z,0.498,1,600,480x270,4.101061000000016,,
2025-12-19T07:23:41.989Z,0.459,3,1500,768x432,4.101114999999993,,
2025-12-19T07:23:42.037Z,0.284,3,1500,768x432,4.125153000000012,,rebuffer happen
2025-12-19T07:23:42.271Z,0.032,3,1500,768x432,4.083445999999981,,rebuffer happen
2025-12-19T07:23:43.166Z,0.032,3,1500,768x432,4.974446,,
2025-12-19T07:23:43.256Z,0.532,1,600,480x270,5.002752000000044,,
2025-12-19T07:23:43.597Z,0.265,1,600,480x270,4.845979,,rebuffer happen
2025-12-19T07:23:43.726Z,0.319,1,600,480x270,4.8512099999999805,,
2025-12-19T07:23:43.837Z,0.139,1,600,480x270,4.783043000000021,,rebuffer happen
2025-12-19T07:23:44.009Z,0.401,1,600,480x270,4.70312899999999,,
2025-12-19T07:23:44.085Z,0.45,2,1000,640x360,4.727692999999988,,
2025-12-19T07:23:44.195Z,0.245,2,1000,640x360,4.699390999999991,,rebuffer happen
2025-12-19T07:23:44.339Z,0.029,2,1000,640x360,4.685727999999983,,rebuffer happen
2025-12-19T07:23:44.668Z,0.029,2,1000,640x360,4.970728000000008,,
2025-12-19T07:23:44.736Z,0.529,0,200,320x180,5.018191999999999,,
2025-12-19T07:23:44.893Z,0.825,0,200,320x180,4.9690180000000055,,
2025-12-19T07:23:44.972Z,0.788,1,600,480x270,4.9499419999999645,,
2025-12-19T07:23:45.397Z,0.618,1,600,480x270,4.782423999999992,,
2025-12-19T07:23:45.830Z,0.482,1,600,480x270,4.6289409999999975,,
2025-12-19T07:23:45.991Z,0.237,1,600,480x270,4.486226999999985,,rebuffer happen
2025-12-19T07:23:46.300Z,0.367,1,600,480x270,4.4183909999999855,,
2025-12-19T07:23:46.351Z,0.299,1,600,480x270,4.441972999999962,,rebuffer happen
2025-12-19T07:23:46.712Z,0.284,1,600,480x270,4.339766999999995,,rebuffer happen
2025-12-19T07:23:46.776Z,0.305,1,600,480x270,4.360243999999966,,
2025-12-19T07:23:46.849Z,0.311,2,1000,640x360,4.381612999999959,,
2025-12-19T07:23:46.850Z,0.238,2,1000,640x360,4.380953999999974,,rebuffer happen
2025-12-19T07:23:47.075Z,0.018,2,1000,640x360,4.363959000000023,,rebuffer happen
2025-12-19T07:23:47.488Z,0.018,2,1000,640x360,4.764959000000033,,
2025-12-19T07:23:47.565Z,0.518,1,600,480x270,4.80257899999998,,
2025-12-19T07:23:47.900Z,0.466,1,600,480x270,4.632750999999985,,
2025-12-19T07:23:47.970Z,0.477,2,1000,640x360,4.621457999999961,,
2025-12-19T07:23:48.131Z,0.197,2,1000,640x360,4.649809000000005,,rebuffer happen
2025-12-19T07:23:48.292Z,0.029,2,1000,640x360,4.573350000000005,,rebuffer happen
2025-12-19T07:23:48.528Z,0.029,2,1000,640x360,4.87134999999995,,
2025-12-19T07:23:48.597Z,0.514,1,600,480x270,4.790540999999962,,
2025-12-19T07:23:48.731Z,0.28,1,600,480x270,4.7931389999999965,,rebuffer happen
2025-12-19T07:23:48.915Z,0.477,1,600,480x270,4.625261999999964,,
2025-12-19T07:23:49.080Z,0.292,1,600,480x270,4.60102999999998,,rebuffer happen
2025-12-19T07:23:49.253Z,0.487,1,600,480x270,4.543690999999967,,
2025-12-19T07:23:49.327Z,0.499,0,200,320x180,4.431752000000017,,
2025-12-19T07:23:49.447Z,0.628,0,200,320x180,4.453928000000019,,
2025-12-19T07:23:49.529Z,0.708,1,600,480x270,4.331795,,
2025-12-19T07:23:49.928Z,0.492,1,600,480x270,4.231540999999993,,
2025-12-19T07:23:50.236Z,0.579,1,600,480x270,4.137204000000054,,
2025-12-19T07:23:50.601Z,0.531,1,600,480x270,3.8943119999999567,,
2025-12-19T07:23:50.944Z,0.518,1,600,480x270,3.7824540000000297,,
2025-12-19T07:23:51.281Z,0.522,1,600,480x270,3.5860829999999737,,
2025-12-19T07:23:51.623Z,0.509,1,600,480x270,3.4659300000000144,,
2025-12-19T07:23:51.786Z,0.278,1,600,480x270,3.327510000000018,,rebuffer happen
2025-12-19T07:23:51.957Z,0.475,1,600,480x270,3.2717549999999846,,
2025-12-19T07:23:52.309Z,0.541,1,600,480x270,3.1160490000000323,,
2025-12-19T07:23:52.506Z,0.274,1,600,480x270,3.022105999999951,,rebuffer happen
2025-12-19T07:23:52.639Z,0.547,1,600,480x270,3.0247340000000236,,
2025-12-19T07:23:52.994Z,0.514,1,600,480x270,2.7912900000000036,,
2025-12-19T07:23:53.449Z,0.375,1,600,480x270,2.640782999999999,,
2025-12-19T07:23:53.581Z,0.197,1,600,480x270,2.538324999999986,,rebuffer happen
2025-12-19T07:23:53.786Z,0.461,1,600,480x270,2.5277210000000423,,
2025-12-19T07:23:53.861Z,0.483,3,1500,768x432,2.560533000000021,,
2025-12-19T07:23:53.943Z,0.29,3,1500,768x432,2.5384090000000015,,rebuffer happen
2025-12-19T07:23:54.181Z,0.029,3,1500,768x432,2.4800319999999942,,rebuffer happen
2025-12-19T07:23:54.610Z,0.029,3,1500,768x432,2.8810320000000047,,
2025-12-19T07:23:54.682Z,0.529,1,600,480x270,2.912785000000042,,
2025-12-19T07:23:54.830Z,0.285,1,600,480x270,2.9016750000000116,,rebuffer happen
2025-12-19T07:23:55.011Z,0.467,1,600,480x270,2.725652000000025,,
2025-12-19T07:23:55.089Z,0.437,2,1000,640x360,2.727110000000039,,
2025-12-19T07:23:55.237Z,0.156,2,1000,640x360,2.7100190000000453,,rebuffer happen
2025-12-19T07:23:55.315Z,0.041,2,1000,640x360,2.59513400000003,,rebuffer happen
2025-12-19T07:23:55.576Z,0.041,2,1000,640x360,2.8891340000000127,,
2025-12-19T07:23:55.652Z,0.541,1,600,480x270,2.924855999999977,,
2025-12-19T07:23:55.942Z,0.606,1,600,480x270,2.8753980000000183,,
2025-12-19T07:23:56.226Z,0.736,1,600,480x270,2.7969739999999774,,
2025-12-19T07:23:56.483Z,0.819,1,600,480x270,2.612653000000023,,
2025-12-19T07:23:56.699Z,1.036,1,600,480x270,2.493138999999985,,
2025-12-19T07:23:56.773Z,1.05,2,1000,640x360,2.4946820000000116,,
2025-12-19T07:23:56.805Z,0.941,2,1000,640x360,2.4480550000000108,,
2025-12-19T07:23:56.884Z,1.395,0,200,320x180,2.42743999999999,,
2025-12-19T07:23:56.960Z,1.64,0,200,320x180,2.4136570000000006,,
2025-12-19T07:23:57.039Z,1.671,2,1000,640x360,2.4153029999999944,,
2025-12-19T07:23:57.631Z,1.085,2,1000,640x360,2.2631900000000087,,
2025-12-19T07:23:57.709Z,1.23,1,600,480x270,2.1589200000000233,,
2025-12-19T07:23:58.051Z,1.276,1,600,480x270,2.1344510000000128,,
2025-12-19T07:23:58.130Z,1.286,3,1500,768x432,2.063653000000045,,
2025-12-19T07:23:58.863Z,0.509,3,1500,768x432,2.0313219999999887,,
2025-12-19T07:23:58.941Z,0.889,1,600,480x270,2.0548650000000066,,
2025-12-19T07:23:59.247Z,0.954,1,600,480x270,2.0217680000000087,,
2025-12-19T07:23:59.318Z,0.933,2,1000,640x360,1.9462760000000117,,
2025-12-19T07:23:59.843Z,0.37,2,1000,640x360,1.9910529999999653,,
2025-12-19T07:23:59.912Z,0.848,1,600,480x270,1.920853999999963,,
2025-12-19T07:24:00.232Z,0.951,1,600,480x270,2.0103619999999864,,
2025-12-19T07:24:00.302Z,0.96,2,1000,640x360,1.9383920000000217,,
2025-12-19T07:24:00.862Z,0.327,2,1000,640x360,1.9589179999999828,,
2025-12-19T07:24:00.942Z,0.794,1,600,480x270,1.986941999999999,,
2025-12-19T07:24:01.288Z,0.893,1,600,480x270,1.9395629999999642,,
2025-12-19T07:24:01.364Z,0.897,2,1000,640x360,1.9780799999999772,,
2025-12-19T07:24:01.943Z,0.235,2,1000,640x360,1.9858830000000012,,rebuffer happen
2025-12-19T07:24:01.944Z,0.235,2,1000,640x360,1.9849439999999845,,
2025-12-19T07:24:02.018Z,0.734,1,600,480x270,1.9099410000000034,,
2025-12-19T07:24:02.337Z,0.849,1,600,480x270,2.0115049999999997,,
2025-12-19T07:24:02.406Z,0.855,3,1500,768x432,1.9405760000000214,,
2025-12-19T07:24:03.005Z,0.175,3,1500,768x432,1.9220210000000293,,rebuffer happen
2025-12-19T07:24:03.155Z,0.036,3,1500,768x432,1.9843160000000353,,rebuffer happen
2025-12-19T07:24:03.233Z,0.036,3,1500,768x432,2.077315999999996,,
2025-12-19T07:24:03.312Z,0.536,1,600,480x270,2.0144689999999628,,
2025-12-19T07:24:03.658Z,0.587,1,600,480x270,2.0377520000000118,,
2025-12-19T07:24:04.007Z,0.708,1,600,480x270,1.954905999999994,,
2025-12-19T07:24:04.088Z,0.713,2,1000,640x360,1.9885889999999904,,
2025-12-19T07:24:04.452Z,0.252,2,1000,640x360,1.994827999999984,,rebuffer happen
2025-12-19T07:24:04.656Z,0.231,2,1000,640x360,1.9897119999999973,,
2025-12-19T07:24:04.726Z,0.546,1,600,480x270,1.9196440000000052,,
2025-12-19T07:24:05.085Z,0.618,1,600,480x270,1.9589060000000131,,
2025-12-19T07:24:05.159Z,0.615,3,1500,768x432,2.0021350000000098,,
2025-12-19T07:24:05.539Z,0.157,3,1500,768x432,2.0020430000000147,,rebuffer happen
2025-12-19T07:24:05.673Z,0.017,3,1500,768x432,1.970954000000006,,rebuffer happen
2025-12-19T07:24:06.014Z,0.017,3,1500,768x432,2.261954000000003,,
2025-12-19T07:24:06.080Z,0.517,1,600,480x270,2.308811999999989,,
2025-12-19T07:24:06.443Z,0.503,1,600,480x270,2.2759379999999965,,
2025-12-19T07:24:06.619Z,0.293,1,600,480x270,2.1385970000000043,,rebuffer happen
2025-12-19T07:24:06.727Z,0.289,1,600,480x270,2.2043390000000045,,rebuffer happen
2025-12-19T07:24:06.896Z,0.455,1,600,480x270,2.088846999999987,,
2025-12-19T07:24:07.108Z,0.283,1,600,480x270,2.063165999999967,,rebuffer happen
2025-12-19T07:24:07.379Z,0.423,1,600,480x270,2.079098999999985,,
2025-12-19T07:24:07.606Z,0.625,1,600,480x270,2.0153490000000147,,
2025-12-19T07:24:07.876Z,0.855,1,600,480x270,2.010411999999974,,
2025-12-19T07:24:08.692Z,0.583,1,600,480x270,1.9580720000000156,,
2025-12-19T07:24:08.769Z,0.506,2,1000,640x360,1.9686379999999986,,
2025-12-19T07:24:09.115Z,0.085,2,1000,640x360,1.9270459999999616,,rebuffer happen
2025-12-19T07:24:09.176Z,0.023,2,1000,640x360,1.9642670000000066,,rebuffer happen
2025-12-19T07:24:09.640Z,0.023,2,1000,640x360,2.4712670000000116,,
2025-12-19T07:24:09.720Z,0.469,1,600,480x270,2.401390000000049,,
2025-12-19T07:24:09.851Z,0.267,1,600,480x270,2.408254999999997,,rebuffer happen
2025-12-19T07:24:10.192Z,0.39,1,600,480x270,2.3398860000000354,,
2025-12-19T07:24:10.369Z,0.188,1,600,480x270,2.308337999999992,,rebuffer happen
2025-12-19T07:24:10.622Z,0.301,1,600,480x270,2.293521999999996,,
2025-12-19T07:24:10.702Z,0.349,2,1000,640x360,2.2135869999999613,,
2025-12-19T07:24:10.703Z,0.269,2,1000,640x360,2.212887999999964,,rebuffer happen
2025-12-19T07:24:10.944Z,0.028,2,1000,640x360,2.274810000000002,,rebuffer happen
2025-12-19T07:24:11.427Z,0.028,2,1000,640x360,2.7718099999999595,,
2025-12-19T07:24:11.496Z,0.496,1,600,480x270,2.7037300000000073,,
2025-12-19T07:24:11.666Z,0.209,1,600,480x270,2.6551220000000058,,rebuffer happen
2025-12-19T07:24:11.919Z,0.4,1,600,480x270,2.5661980000000426,,
2025-12-19T07:24:12.033Z,0.294,1,600,480x270,2.6477689999999825,,rebuffer happen
2025-12-19T07:24:12.374Z,0.344,1,600,480x270,2.4937340000000177,,
2025-12-19T07:24:12.547Z,0.104,1,600,480x270,2.4566310000000158,,rebuffer happen
2025-12-19T07:24:12.817Z,0.227,1,600,480x270,2.291468000000009,,
2025-12-19T07:24:13.139Z,0.293,1,600,480x270,2.368567999999982,,rebuffer happen
2025-12-19T07:24:13.202Z,0.273,1,600,480x270,2.281852000000015,,rebuffer happen
2025-12-19T07:24:13.215Z,0.273,1,600,480x270,2.2639330000000086,,
2025-12-19T07:24:13.331Z,0.162,1,600,480x270,2.3080929999999853,,rebuffer happen
2025-12-19T07:24:13.575Z,0.292,1,600,480x270,2.199928,,rebuffer happen
2025-12-19T07:24:13.587Z,0.292,1,600,480x270,2.1877400000000193,,
2025-12-19T07:24:13.666Z,0.337,2,1000,640x360,2.1914129999999545,,
2025-12-19T07:24:13.667Z,0.247,2,1000,640x360,2.1903669999999806,,rebuffer happen
2025-12-19T07:24:13.830Z,0.038,2,1000,640x360,2.18633600000004,,rebuffer happen
2025-12-19T07:24:14.125Z,0.038,2,1000,640x360,2.4843360000000416,,
2025-12-19T07:24:14.213Z,0.538,1,600,480x270,2.4135259999999903,,
2025-12-19T07:24:14.349Z,0.287,1,600,480x270,2.4307110000000307,,rebuffer happen
2025-12-19T07:24:14.564Z,0.484,1,600,480x270,2.3310349999999858,,
2025-12-19T07:24:14.907Z,0.498,1,600,480x270,2.165176000000031,,
2025-12-19T07:24:14.982Z,0.435,2,1000,640x360,2.1634770000000003,,
2025-12-19T07:24:15.144Z,0.255,2,1000,640x360,2.1967590000000428,,rebuffer happen
2025-12-19T07:24:15.332Z,0.021,2,1000,640x360,2.1695250000000215,,rebuffer happen
2025-12-19T07:24:15.510Z,0.021,2,1000,640x360,2.2635250000000156,,
2025-12-19T07:24:15.590Z,0.521,1,600,480x270,2.2974929999999745,,
2025-12-19T07:24:15.756Z,0.274,1,600,480x270,2.282156999999984,,rebuffer happen
2025-12-19T07:24:15.956Z,0.495,1,600,480x270,2.2204889999999864,,
2025-12-19T07:24:16.029Z,0.474,2,1000,640x360,2.125507999999968,,
2025-12-19T07:24:16.128Z,0.268,2,1000,640x360,2.2098080000000095,,rebuffer happen
2025-12-19T07:24:16.332Z,0.011,2,1000,640x360,2.1582349999999906,,rebuffer happen
2025-12-19T07:24:16.681Z,0.011,2,1000,640x360,2.454234999999983,,
2025-12-19T07:24:16.759Z,0.511,1,600,480x270,2.4922690000000216,,
2025-12-19T07:24:16.977Z,0.626,1,600,480x270,2.3974770000000376,,
2025-12-19T07:24:17.054Z,0.653,2,1000,640x360,2.405618000000004,,
2025-12-19T07:24:17.401Z,0.109,2,1000,640x360,2.252520000000004,,rebuffer happen
2025-12-19T07:24:17.466Z,0.021,2,1000,640x360,2.273998000000006,,rebuffer happen
2025-12-19T07:24:17.541Z,0.021,2,1000,640x360,2.3669980000000237,,
2025-12-19T07:24:17.613Z,0.521,1,600,480x270,2.3085550000000126,,
2025-12-19T07:24:17.951Z,0.535,1,600,480x270,2.300752999999986,,
2025-12-19T07:24:18.155Z,0.813,1,600,480x270,2.2873910000000137,,
2025-12-19T07:24:18.234Z,0.836,2,1000,640x360,2.3096970000000283,,
2025-12-19T07:24:18.747Z,0.387,2,1000,640x360,2.142573999999968,,
2025-12-19T07:24:18.812Z,0.554,1,600,480x270,2.0621679999999856,,
2025-12-19T07:24:19.098Z,0.704,1,600,480x270,2.0334470000000238,,
2025-12-19T07:24:19.174Z,0.691,2,1000,640x360,2.056556999999998,,
2025-12-19T07:24:19.584Z,0.148,2,1000,640x360,1.9918200000000184,,rebuffer happen
2025-12-19T07:24:19.702Z,0.023,2,1000,640x360,1.9744590000000244,,rebuffer happen
2025-12-19T07:24:19.978Z,0.023,2,1000,640x360,2.2734590000000026,,
2025-12-19T07:24:20.050Z,0.48,1,600,480x270,2.3035699999999792,,
2025-12-19T07:24:20.225Z,0.224,1,600,480x270,2.2707790000000045,,rebuffer happen
2025-12-19T07:24:20.369Z,0.039,1,600,480x270,2.1950590000000147,,rebuffer happen
2025-12-19T07:24:20.645Z,0.312,1,600,480x270,2.27591799999999,,
2025-12-19T07:24:20.721Z,0.328,3,1500,768x432,2.1767279999999687,,
2025-12-19T07:24:20.721Z,0.228,3,1500,768x432,2.2708110000000374,,rebuffer happen
2025-12-19T07:24:20.919Z,0.02,3,1500,768x432,2.170365000000004,,rebuffer happen
2025-12-19T07:24:21.907Z,0.02,3,1500,768x432,3.1613649999999893,,
2025-12-19T07:24:21.981Z,0.52,1,600,480x270,3.201648999999975,,
2025-12-19T07:24:22.199Z,0.233,1,600,480x270,3.180634999999995,,rebuffer happen
2025-12-19T07:24:22.614Z,0.284,1,600,480x270,3.143978000000004,,
2025-12-19T07:24:22.889Z,0.026,1,600,480x270,3.173628000000008,,rebuffer happen
2025-12-19T07:24:23.200Z,0.297,1,600,480x270,3.2397639999999797,,
2025-12-19T07:24:23.279Z,0.294,2,1000,640x360,3.257286000000022,,
2025-12-19T07:24:23.472Z,0.023,2,1000,640x360,3.26442899999995,,rebuffer happen
2025-12-19T07:24:24.156Z,0.023,2,1000,640x360,3.9664289999999482,,
2025-12-19T07:24:24.252Z,0.523,1,600,480x270,3.9852449999999635,,
2025-12-19T07:24:24.378Z,0.264,1,600,480x270,3.9086639999999875,,rebuffer happen
2025-12-19T07:24:24.684Z,0.346,1,600,480x270,3.8306160000000204,,
2025-12-19T07:24:24.766Z,0.324,2,1000,640x360,3.827028999999982,,
2025-12-19T07:24:24.767Z,0.282,2,1000,640x360,3.826000000000022,,rebuffer happen
2025-12-19T07:24:25.006Z,0.026,2,1000,640x360,3.774148999999966,,rebuffer happen
2025-12-19T07:24:25.530Z,0.026,2,1000,640x360,4.370148999999969,,
2025-12-19T07:24:25.607Z,0.525,1,600,480x270,4.307579999999973,,
2025-12-19T07:24:26.093Z,0.385,1,600,480x270,4.2313290000000165,,
2025-12-19T07:24:26.177Z,0.263,1,600,480x270,4.204782000000023,,rebuffer happen
2025-12-19T07:24:26.530Z,0.3,1,600,480x270,4.184734999999989,,
2025-12-19T07:24:26.608Z,0.225,1,600,480x270,4.075562999999988,,rebuffer happen
2025-12-19T07:24:26.818Z,0.396,1,600,480x270,3.951892999999984,,
2025-12-19T07:24:26.902Z,0.324,2,1000,640x360,3.9330229999999915,,
2025-12-19T07:24:26.903Z,0.282,2,1000,640x360,3.931968999999981,,rebuffer happen
2025-12-19T07:24:27.158Z,0.03,2,1000,640x360,3.9742969999999787,,rebuffer happen
2025-12-19T07:24:27.227Z,0.03,2,1000,640x360,4.075296999999978,,
2025-12-19T07:24:27.308Z,0.476,1,600,480x270,4.000788,,
2025-12-19T07:24:27.546Z,0.451,1,600,480x270,3.9477099999999723,,
2025-12-19T07:24:27.617Z,0.598,2,1000,640x360,3.842237999999952,,
2025-12-19T07:24:27.925Z,0.031,2,1000,640x360,3.7774670000000015,,rebuffer happen
2025-12-19T07:24:27.925Z,0.031,2,1000,640x360,3.7774670000000015,,rebuffer happen
2025-12-19T07:24:28.064Z,0.031,2,1000,640x360,3.8774669999999674,,
2025-12-19T07:24:28.406Z,0.102,2,1000,640x360,3.7503300000000195,,rebuffer happen
2025-12-19T07:24:28.442Z,0.048,2,1000,640x360,3.789291999999989,,rebuffer happen
2025-12-19T07:24:28.690Z,0.048,2,1000,640x360,3.9952920000000063,,
2025-12-19T07:24:28.766Z,0.534,0,200,320x180,3.9865929999999707,,
2025-12-19T07:24:28.881Z,0.755,0,200,320x180,3.91167200000001,,
2025-12-19T07:24:28.953Z,0.769,1,600,480x270,3.909204000000045,,
2025-12-19T07:24:29.313Z,0.706,1,600,480x270,3.7249570000000176,,
2025-12-19T07:24:29.673Z,0.663,1,600,480x270,3.588195999999982,,
2025-12-19T07:24:30.052Z,0.561,1,600,480x270,3.433080000000018,,
2025-12-19T07:24:30.120Z,0.584,3,1500,768x432,3.3308719999999994,,
2025-12-19T07:24:30.311Z,0.197,3,1500,768x432,3.2413970000000063,,rebuffer happen
2025-12-19T07:24:30.410Z,0.048,3,1500,768x432,3.1894760000000133,,rebuffer happen
2025-12-19T07:24:30.860Z,0.048,3,1500,768x432,3.691476000000023,,
2025-12-19T07:24:30.945Z,0.548,2,1000,640x360,3.7279699999999707,,
2025-12-19T07:24:31.215Z,0.187,2,1000,640x360,3.629998999999998,,rebuffer happen
2025-12-19T07:24:31.328Z,0.029,2,1000,640x360,3.6751290000000267,,rebuffer happen
2025-12-19T07:24:32.100Z,0.115,2,1000,640x360,3.938463000000013,,
2025-12-19T07:24:32.162Z,0.024,3,1500,768x432,3.969918000000007,,rebuffer happen
2025-12-19T07:24:32.180Z,0.024,3,1500,768x432,3.969918000000007,,
2025-12-19T07:24:32.860Z,0.073,3,1500,768x432,4.206645999999978,,
2025-12-19T07:24:32.896Z,0.022,0,200,320x180,4.171440000000018,,rebuffer happen
2025-12-19T07:24:32.930Z,0.022,0,200,320x180,4.277440000000013,,
2025-12-19T07:24:33.007Z,0.473,0,200,320x180,4.2406349999999975,,
2025-12-19T07:24:33.085Z,0.871,0,200,320x180,4.262112000000002,,
2025-12-19T07:24:33.200Z,1.235,0,200,320x180,4.196982000000048,,
2025-12-19T07:24:33.292Z,1.533,0,200,320x180,4.159884999999974,,
2025-12-19T07:24:33.379Z,1.951,0,200,320x180,4.12963400000001,,
2025-12-19T07:24:33.504Z,2.28,0,200,320x180,4.051725999999974,,
2025-12-19T07:24:33.607Z,2.613,0,200,320x180,3.987563000000023,,
2025-12-19T07:24:33.704Z,2.982,0,200,320x180,3.944150000000036,,
2025-12-19T07:24:33.808Z,3.345,0,200,320x180,3.8859370000000126,,
2025-12-19T07:24:33.950Z,3.616,0,200,320x180,3.8812679999999773,,
2025-12-19T07:24:34.096Z,3.925,0,200,320x180,3.7993589999999813,,
2025-12-19T07:24:34.398Z,4.03,0,200,320x180,3.6985879999999725,,
2025-12-19T07:24:34.895Z,3.77,0,200,320x180,3.457415000000026,,
2025-12-19T07:24:35.434Z,3.69,0,200,320x180,3.3867210000000227,,
2025-12-19T07:24:35.919Z,3.468,0,200,320x180,3.067410999999993,,
2025-12-19T07:24:36.371Z,3.253,0,200,320x180,2.926630999999986,,
2025-12-19T07:24:36.890Z,2.965,0,200,320x180,2.6478060000000028,,
2025-12-19T07:24:37.371Z,2.797,0,200,320x180,2.470230000000015,,
2025-12-19T07:24:37.874Z,2.564,0,200,320x180,2.25546300000002,,
2025-12-19T07:24:38.357Z,2.488,0,200,320x180,2.188861999999972,,
2025-12-19T07:24:38.856Z,2.377,0,200,320x180,2.0712520000000154,,
2025-12-19T07:24:39.353Z,2.371,0,200,320x180,2.0726530000000025,,
2025-12-19T07:24:39.847Z,2.32,0,200,320x180,2.0204800000000205,,
2025-12-19T07:24:40.401Z,2.319,0,200,320x180,1.9430590000000052,,
2025-12-19T07:24:40.847Z,2.285,0,200,320x180,1.9828029999999899,,
2025-12-19T07:24:41.351Z,2.328,0,200,320x180,1.9832009999999514,,
2025-12-19T07:24:41.861Z,2.291,0,200,320x180,1.9619739999999979,,
2025-12-19T07:24:42.334Z,2.294,0,200,320x180,2.0010209999999233,,
2025-12-19T07:24:42.831Z,2.258,0,200,320x180,1.9980229999999892,,
2025-12-19T07:24:43.346Z,2.334,0,200,320x180,1.986714999999947,,
2025-12-19T07:24:43.832Z,2.293,0,200,320x180,1.999371999999994,,
2025-12-19T07:24:44.329Z,2.326,0,200,320x180,1.9983250000000226,,
2025-12-19T07:24:44.832Z,2.322,0,200,320x180,1.9931490000000167,,
2025-12-19T07:24:45.320Z,2.288,0,200,320x180,1.90992899999992,,
2025-12-19T07:24:45.829Z,2.293,0,200,320x180,1.9950659999999516,,
2025-12-19T07:24:46.316Z,2.32,0,200,320x180,1.907636000000025,,
2025-12-19T07:24:46.831Z,2.289,0,200,320x180,1.988642999999911,,
2025-12-19T07:24:47.332Z,2.299,0,200,320x180,2.000073000000043,,
2025-12-19T07:24:47.850Z,2.274,0,200,320x180,1.973924000000011,,
2025-12-19T07:24:48.348Z,2.309,0,200,320x180,1.972613000000024,,
2025-12-19T07:24:48.851Z,2.305,0,200,320x180,1.9706130000000712,,
2025-12-19T07:24:49.379Z,2.301,0,200,320x180,1.9495809999999665,,
2025-12-19T07:24:49.846Z,2.276,0,200,320x180,1.9753140000000258,,
2025-12-19T07:24:50.329Z,2.32,0,200,320x180,2.0021980000000212,,
2025-12-19T07:24:50.875Z,2.298,0,200,320x180,1.9476110000000517,,
2025-12-19T07:24:51.363Z,2.313,0,200,320x180,1.964886999999976,,
2025-12-19T07:24:51.818Z,2.273,0,200,320x180,1.9071579999999813,,
2025-12-19T07:24:51.884Z,2.335,3,1500,768x432,1.9409529999999222,,
2025-12-19T07:24:53.213Z,1.496,3,1500,768x432,1.912384999999972,,
2025-12-19T07:24:53.287Z,1.466,0,200,320x180,1.9446930000000293,,
2025-12-19T07:24:53.442Z,1.734,0,200,320x180,1.9901700000000346,,
2025-12-19T07:24:53.598Z,2.076,0,200,320x180,1.9264440000000604,,
2025-12-19T07:24:53.860Z,2.277,0,200,320x180,1.9605220000000827,,
2025-12-19T07:24:54.344Z,2.288,0,200,320x180,1.9835539999999128,,
2025-12-19T07:24:54.829Z,2.277,0,200,320x180,2.001092999999969,,
2025-12-19T07:24:55.328Z,2.346,0,200,320x180,2.003359000000046,,
2025-12-19T07:24:55.828Z,2.307,0,200,320x180,1.992165,,
2025-12-19T07:24:56.343Z,2.323,0,200,320x180,1.9954539999999952,,
2025-12-19T07:24:56.844Z,2.315,0,200,320x180,1.9867179999999962,,
2025-12-19T07:24:57.346Z,2.245,0,200,320x180,1.9764749999999367,,
2025-12-19T07:24:57.888Z,2.274,0,200,320x180,1.9405739999999696,,
2025-12-19T07:24:58.357Z,2.32,0,200,320x180,1.9683499999999867,,
2025-12-19T07:24:58.844Z,2.28,0,200,320x180,1.9846049999999877,,
2025-12-19T07:24:59.342Z,2.294,0,200,320x180,1.9971800000000712,,
2025-12-19T07:24:59.408Z,2.289,3,1500,768x432,1.9290790000000015,,
2025-12-19T07:25:00.508Z,1.665,3,1500,768x432,1.9282020000000557,,
2025-12-19T07:25:00.586Z,1.651,0,200,320x180,1.9443959999999834,,
2025-12-19T07:25:00.700Z,1.957,0,200,320x180,1.9226260000000366,,
2025-12-19T07:25:00.814Z,2.354,0,200,320x180,1.9122450000000981,,
2025-12-19T07:25:01.318Z,2.315,0,200,320x180,1.913605000000075,,
2025-12-19T07:25:01.810Z,2.322,0,200,320x180,1.9139709999999468,,
2025-12-19T07:25:02.329Z,2.33,0,200,320x180,2.0018259999999373,,
2025-12-19T07:25:02.823Z,2.33,0,200,320x180,2.000091999999995,,
2025-12-19T07:25:03.325Z,2.305,0,200,320x180,2.0094289999999546,,
2025-12-19T07:25:03.822Z,2.335,0,200,320x180,2.0017760000000635,,
2025-12-19T07:25:04.332Z,2.257,0,200,320x180,1.9896729999999252,,
2025-12-19T07:25:04.825Z,2.296,0,200,320x180,2.0001760000000104,,
2025-12-19T07:25:05.320Z,2.3,0,200,320x180,1.9024550000000318,,
2025-12-19T07:25:05.879Z,2.273,0,200,320x180,1.94213400000001,,
2025-12-19T07:25:06.381Z,2.277,0,200,320x180,1.945463000000018,,
2025-12-19T07:25:06.856Z,2.298,0,200,320x180,1.9654680000001008,,
2025-12-19T07:25:07.344Z,2.317,0,200,320x180,1.9846809999999095,,
2025-12-19T07:25:07.841Z,2.312,0,200,320x180,1.9911469999999554,,
2025-12-19T07:25:08.319Z,2.318,0,200,320x180,1.9199760000000197,,
2025-12-19T07:25:08.821Z,2.27,0,200,320x180,2.005006000000094,,
2025-12-19T07:25:09.319Z,2.34,0,200,320x180,1.9093930000000228,,
2025-12-19T07:25:09.817Z,2.258,0,200,320x180,1.9054720000000316,,
2025-12-19T07:25:10.330Z,2.337,0,200,320x180,2.003140999999914,,
2025-12-19T07:25:10.828Z,2.304,0,200,320x180,2.0000139999999647,,
2025-12-19T07:25:11.330Z,2.344,0,200,320x180,2.0077989999999772,,
2025-12-19T07:25:11.828Z,2.304,0,200,320x180,2.0013320000000476,,
2025-12-19T07:25:12.328Z,2.319,0,200,320x180,2.0143600000000106,,
2025-12-19T07:25:12.831Z,2.203,0,200,320x180,2.00153499999999,,
2025-12-19T07:25:13.345Z,2.277,0,200,320x180,1.9846840000000157,,
2025-12-19T07:25:13.843Z,2.244,0,200,320x180,1.9844510000000355,,
2025-12-19T07:25:14.410Z,2.186,0,200,320x180,1.922523999999953,,
2025-12-19T07:25:14.907Z,2.254,0,200,320x180,1.9206930000000284,,
2025-12-19T07:25:15.389Z,2.264,0,200,320x180,1.9467309999999998,,
2025-12-19T07:25:15.891Z,2.288,0,200,320x180,1.9317330000000084,,
2025-12-19T07:25:16.373Z,2.267,0,200,320x180,1.9609310000000733,,
2025-12-19T07:25:16.871Z,2.192,0,200,320x180,1.9518659999999954,,
2025-12-19T07:25:17.369Z,2.291,0,200,320x180,1.9521259999999074,,
2025-12-19T07:25:17.874Z,2.3,0,200,320x180,1.9610889999999017,,
2025-12-19T07:25:18.370Z,2.289,0,200,320x180,1.9624570000000858,,
2025-12-19T07:25:18.872Z,2.217,0,200,320x180,1.9558550000000423,,
2025-12-19T07:25:19.374Z,2.223,0,200,320x180,1.9519849999999224,,
2025-12-19T07:25:19.869Z,2.224,0,200,320x180,1.9552469999999857,,
2025-12-19T07:25:20.368Z,2.317,0,200,320x180,1.9616519999999582,,
2025-12-19T07:25:20.871Z,2.224,0,200,320x180,1.9654339999999593,,
2025-12-19T07:25:21.347Z,2.274,0,200,320x180,1.9916869999999562,,
2025-12-19T07:25:21.837Z,2.257,0,200,320x180,1.9922000000000253,,
2025-12-19T07:25:22.350Z,2.321,0,200,320x180,1.9722170000000006,,
2025-12-19T07:25:22.835Z,2.31,0,200,320x180,1.9847649999999248,,
2025-12-19T07:25:23.337Z,2.289,0,200,320x180,1.990558999999962,,
2025-12-19T07:25:23.835Z,2.254,0,200,320x180,1.9861400000000913,,
2025-12-19T07:25:24.334Z,2.264,0,200,320x180,1.9955569999999625,,
2025-12-19T07:25:24.839Z,2.319,0,200,320x180,1.9873019999999997,,
2025-12-19T07:25:25.338Z,2.269,0,200,320x180,2.0004860000000235,,
2025-12-19T07:25:25.856Z,2.318,0,200,320x180,1.9708570000000236,,
2025-12-19T07:25:26.342Z,2.316,0,200,320x180,1.9800520000000006,,
2025-12-19T07:25:26.838Z,2.283,0,200,320x180,1.985997999999995,,
2025-12-19T07:25:27.325Z,2.348,0,200,320x180,2.0028350000000046,,
2025-12-19T07:25:27.826Z,2.343,0,200,320x180,2.0000590000000784,,
2025-12-19T07:25:28.322Z,2.356,0,200,320x180,2.008416000000011,,
2025-12-19T07:25:28.806Z,2.318,0,200,320x180,1.9165160000000014,,
2025-12-19T07:25:29.306Z,2.365,0,200,320x180,1.929717000000096,,
2025-12-19T07:25:29.810Z,2.35,0,200,320x180,1.9204829999999902,,
2025-12-19T07:25:30.308Z,2.339,0,200,320x180,1.9365199999999732,,
2025-12-19T07:25:30.823Z,2.348,0,200,320x180,2.007959000000028,,
2025-12-19T07:25:31.323Z,2.317,0,200,320x180,2.0039430000000493,,
2025-12-19T07:25:31.836Z,2.32,0,200,320x180,1.9849189999999908,,
2025-12-19T07:25:32.340Z,2.257,0,200,320x180,1.991743999999926,,
2025-12-19T07:25:32.835Z,2.255,0,200,320x180,1.9870170000000371,,
2025-12-19T07:25:33.338Z,2.263,0,200,320x180,1.9983809999999949,,
2025-12-19T07:25:33.838Z,2.253,0,200,320x180,1.9883700000000317,,
2025-12-19T07:25:34.333Z,2.296,0,200,320x180,2.0070230000000038,,
2025-12-19T07:25:34.853Z,2.29,0,200,320x180,1.9776160000000118,,
2025-12-19T07:25:35.348Z,2.329,0,200,320x180,1.9733870000000024,,
2025-12-19T07:25:35.831Z,2.289,0,200,320x180,1.9938779999999952,,
2025-12-19T07:25:36.328Z,2.298,0,200,320x180,1.9976409999999305,,
2025-12-19T07:25:36.832Z,2.323,0,200,320x180,1.992542999999955,,
2025-12-19T07:25:37.331Z,2.302,0,200,320x180,2.0019419999999855,,
2025-12-19T07:25:37.832Z,2.325,0,200,320x180,2.00172699999996,,
2025-12-19T07:25:38.330Z,2.342,0,200,320x180,2.0175219999999854,,
2025-12-19T07:25:38.819Z,2.288,0,200,320x180,1.9081489999999803,,
2025-12-19T07:25:39.317Z,2.309,0,200,320x180,1.9041260000000193,,
2025-12-19T07:25:39.820Z,2.347,0,200,320x180,1.9996419999999944,,
2025-12-19T07:25:40.306Z,2.285,0,200,320x180,1.920788000000016,,
2025-12-19T07:25:40.814Z,2.306,0,200,320x180,1.9053220000000692,,
2025-12-19T07:25:41.320Z,2.357,0,200,320x180,2.009456,,
2025-12-19T07:25:41.820Z,2.273,0,200,320x180,2.0018609999999626,,
2025-12-19T07:25:42.333Z,2.356,0,200,320x180,2.0145949999999857,,
2025-12-19T07:25:42.835Z,2.344,0,200,320x180,1.9997489999999516,,
2025-12-19T07:25:43.338Z,2.34,0,200,320x180,2.017182000000048,,
2025-12-19T07:25:43.833Z,2.291,0,200,320x180,2.0022969999999987,,
2025-12-19T07:25:44.351Z,2.313,0,200,320x180,1.9789319999999861,,
2025-12-19T07:25:44.882Z,2.29,0,200,320x180,1.9390050000000656,,
2025-12-19T07:25:45.368Z,2.245,0,200,320x180,1.960113999999976,,
2025-12-19T07:25:45.885Z,2.29,0,200,320x180,1.936559000000102,,
2025-12-19T07:25:46.404Z,2.249,0,200,320x180,1.9310100000000148,,
2025-12-19T07:25:46.898Z,2.277,0,200,320x180,1.9246930000000475,,
2025-12-19T07:25:47.399Z,2.295,0,200,320x180,1.9415629999999737,,
2025-12-19T07:25:47.883Z,2.279,0,200,320x180,1.9543459999999868,,
2025-12-19T07:25:48.354Z,2.275,0,200,320x180,1.9749649999999974,,
2025-12-19T07:25:48.851Z,2.237,0,200,320x180,1.9790489999999181,,
2025-12-19T07:25:49.419Z,2.206,0,200,320x180,1.9118330000000014,,
2025-12-19T07:25:49.919Z,2.222,0,200,320x180,1.9010179999999082,,
2025-12-19T07:25:50.416Z,2.278,0,200,320x180,1.9180289999999331,,
2025-12-19T07:25:50.894Z,2.203,0,200,320x180,1.932162999999946,,
2025-12-19T07:25:51.399Z,2.215,0,200,320x180,1.939630999999963,,
2025-12-19T07:25:51.895Z,2.206,0,200,320x180,1.9302139999999781,,
2025-12-19T07:25:52.396Z,2.17,0,200,320x180,1.9275030000000015,,
2025-12-19T07:25:52.895Z,2.201,0,200,320x180,1.9350870000000668,,
2025-12-19T07:25:53.394Z,2.201,0,200,320x180,1.9405139999998937,,
2025-12-19T07:25:53.895Z,2.2,0,200,320x180,1.933655999999928,,
2025-12-19T07:25:54.395Z,2.209,0,200,320x180,1.9428499999999076,,
2025-12-19T07:25:54.897Z,2.2,0,200,320x180,1.9322019999999611,,
2025-12-19T07:25:55.468Z,2.188,0,200,320x180,1.9796300000000429,,
2025-12-19T07:25:55.994Z,2.132,0,200,320x180,1.9379579999999805,,
2025-12-19T07:25:56.522Z,2.15,0,200,320x180,1.9990649999999732,,
2025-12-19T07:25:56.992Z,2.174,0,200,320x180,1.9303360000000112,,
2025-12-19T07:25:57.522Z,2.15,0,200,320x180,2.0002379999999675,,
2025-12-19T07:25:58.021Z,2.149,0,200,320x180,1.9990649999999732,,
2025-12-19T07:25:58.523Z,2.123,0,200,320x180,2.0072020000000066,,
2025-12-19T07:25:58.995Z,2.109,0,200,320x180,1.9391859999999497,,
2025-12-19T07:25:59.499Z,2.089,0,200,320x180,1.9359359999999697,,
2025-12-19T07:25:59.995Z,2.161,0,200,320x180,1.941759999999931,,
2025-12-19T07:26:00.493Z,2.231,0,200,320x180,1.9477479999999332,,
2025-12-19T07:26:00.966Z,2.18,0,200,320x180,1.9684630000000425,,
2025-12-19T07:26:01.462Z,2.182,0,200,320x180,1.9702819999999974,,
2025-12-19T07:26:01.951Z,2.141,0,200,320x180,1.9748129999999264,,
2025-12-19T07:26:02.329Z,2.301,0,200,320x180,2.008338999999978,,
2025-12-19T07:26:02.829Z,2.294,0,200,320x180,1.9932829999999058,,
2025-12-19T07:26:03.330Z,2.307,0,200,320x180,2.007441999999969,,
2025-12-19T07:26:03.828Z,2.264,0,200,320x180,1.999037000000044,,
2025-12-19T07:26:04.331Z,2.314,0,200,320x180,2.0134559999999055,,
2025-12-19T07:26:04.827Z,2.302,0,200,320x180,2.0041889999999967,,
2025-12-19T07:26:05.329Z,2.265,0,200,320x180,1.9985680000000912,,
2025-12-19T07:26:05.825Z,2.262,0,200,320x180,1.9960120000000643,,
2025-12-19T07:26:06.328Z,2.261,0,200,320x180,2.000163999999927,,
2025-12-19T07:26:06.830Z,2.258,0,200,320x180,1.9899139999999989,,
2025-12-19T07:26:07.325Z,2.307,0,200,320x180,2.0104390000000194,,
2025-12-19T07:26:07.829Z,2.261,0,200,320x180,1.9967070000000149,,
2025-12-19T07:26:08.331Z,2.31,0,200,320x180,2.010140000000092,,
2025-12-19T07:26:08.849Z,2.247,0,200,320x180,1.977388000000019,,
2025-12-19T07:26:09.350Z,2.276,0,200,320x180,1.977675999999974,,
2025-12-19T07:26:09.846Z,2.278,0,200,320x180,1.984564999999975,,
2025-12-19T07:26:10.347Z,2.244,0,200,320x180,1.9853030000000444,,
2025-12-19T07:26:10.846Z,2.278,0,200,320x180,1.9813910000000305,,
2025-12-19T07:26:11.351Z,2.213,0,200,320x180,1.9792860000000019,,
2025-12-19T07:26:11.848Z,2.21,0,200,320x180,1.9743390000001,,
2025-12-19T07:26:12.350Z,2.288,0,200,320x180,1.9862660000000005,,
2025-12-19T07:26:12.848Z,2.279,0,200,320x180,1.9758529999999155,,
2025-12-19T07:26:13.350Z,2.208,0,200,320x180,1.9707999999999402,,
2025-12-19T07:26:13.847Z,2.244,0,200,320x180,1.9840770000000703,,
2025-12-19T07:26:14.350Z,2.311,0,200,320x180,1.9902809999999818,,
2025-12-19T07:26:14.850Z,2.274,0,200,320x180,1.9701109999999744,,
2025-12-19T07:26:15.333Z,2.242,0,200,320x180,1.989928999999961,,
2025-12-19T07:26:15.864Z,2.284,0,200,320x180,1.9559479999999212,,
2025-12-19T07:26:16.370Z,2.321,0,200,320x180,1.9700019999999085,,
2025-12-19T07:26:16.845Z,2.252,0,200,320x180,1.9808179999999993,,
2025-12-19T07:26:17.323Z,2.277,0,200,320x180,1.9992429999999786,,
2025-12-19T07:26:17.824Z,2.29,0,200,320x180,1.9989030000000412,,
2025-12-19T07:26:18.344Z,2.322,0,200,320x180,1.982097000000067,,
2025-12-19T07:26:18.411Z,2.324,3,1500,768x432,1.9143060000000105,,
2025-12-19T07:26:19.762Z,1.39,3,1500,768x432,1.9624390000000176,,
2025-12-19T07:26:19.859Z,1.415,0,200,320x180,1.9737089999999853,,
2025-12-19T07:26:19.975Z,1.7,0,200,320x180,1.9503869999999779,,
2025-12-19T07:26:20.062Z,2.085,0,200,320x180,1.961153999999965,,
2025-12-19T07:26:20.264Z,2.237,0,200,320x180,1.9650609999999915,,
2025-12-19T07:26:20.768Z,2.194,0,200,320x180,1.9567769999999882,,
2025-12-19T07:26:21.284Z,2.293,0,200,320x180,1.9630989999999429,,
2025-12-19T07:26:21.766Z,2.311,0,200,320x180,1.9635950000000548,,
2025-12-19T07:26:22.283Z,2.378,0,200,320x180,1.948978000000011,,
2025-12-19T07:26:22.762Z,2.24,0,200,320x180,1.9582900000000336,,
2025-12-19T07:26:23.290Z,2.385,0,200,320x180,1.9362810000000081,,
2025-12-19T07:26:23.804Z,2.319,0,200,320x180,1.9180509999999913,,
2025-12-19T07:26:24.304Z,2.354,0,200,320x180,1.9186870000000908,,
2025-12-19T07:26:24.807Z,2.349,0,200,320x180,1.9168559999999388,,
2025-12-19T07:26:25.305Z,2.379,0,200,320x180,1.9248090000000957,,
2025-12-19T07:26:25.806Z,2.351,0,200,320x180,1.9166099999999915,,
2025-12-19T07:26:26.304Z,2.352,0,200,320x180,1.9171929999999975,,
2025-12-19T07:26:26.806Z,2.349,0,200,320x180,1.9163670000000366,,
2025-12-19T07:26:27.305Z,2.323,0,200,320x180,1.9223870000000716,,
2025-12-19T07:26:27.731Z,2.188,0,200,320x180,1.9903800000000729,,
2025-12-19T07:26:28.352Z,2.317,0,200,320x180,1.9864039999999932,,
2025-12-19T07:26:28.888Z,2.288,0,200,320x180,1.9399060000000645,,
2025-12-19T07:26:29.386Z,2.245,0,200,320x180,1.9438440000000128,,
2025-12-19T07:26:29.922Z,2.219,0,200,320x180,1.999461999999994,,
2025-12-19T07:26:30.418Z,2.252,0,200,320x180,1.9146779999999808,,
2025-12-19T07:26:30.903Z,2.239,0,200,320x180,1.9336029999999482,,
2025-12-19T07:26:31.405Z,2.273,0,200,320x180,1.9195389999999861,,
2025-12-19T07:26:31.902Z,2.272,0,200,320x180,1.9241100000000415,,
2025-12-19T07:26:32.406Z,2.277,0,200,320x180,1.9263509999999542,,
2025-12-19T07:26:32.853Z,2.306,0,200,320x180,1.9702640000000429,,
2025-12-19T07:26:33.339Z,2.339,0,200,320x180,1.9874439999999822,,
2025-12-19T07:26:33.836Z,2.287,0,200,320x180,1.985275999999999,,
2025-12-19T07:26:34.343Z,2.248,0,200,320x180,1.9769579999999678,,
2025-12-19T07:26:34.824Z,2.325,0,200,320x180,2.000034000000028,,
2025-12-19T07:26:35.324Z,2.334,0,200,320x180,2.0038359999999784,,
2025-12-19T07:26:35.875Z,2.257,0,200,320x180,1.9500299999999697,,
2025-12-19T07:26:36.378Z,2.297,0,200,320x180,1.9590049999999337,,
2025-12-19T07:26:36.862Z,2.239,0,200,320x180,1.9687309999999343,,
2025-12-19T07:26:37.362Z,2.316,0,200,320x180,1.9712710000000015,,
2025-12-19T07:26:37.851Z,2.325,0,200,320x180,1.9690089999999145,,
2025-12-19T07:26:38.352Z,2.31,0,200,320x180,1.9841400000000249,,
2025-12-19T07:26:38.850Z,2.306,0,200,320x180,1.9763279999999668,,
2025-12-19T07:26:39.342Z,2.305,0,200,320x180,1.98260300000004,,
2025-12-19T07:26:39.836Z,2.296,0,200,320x180,1.9855230000000574,,
2025-12-19T07:26:40.340Z,2.335,0,200,320x180,1.9873420000000124,,
2025-12-19T07:26:40.839Z,2.328,0,200,320x180,1.9907150000000229,,
2025-12-19T07:26:41.323Z,2.296,0,200,320x180,1.998181000000045,,
2025-12-19T07:26:41.828Z,2.258,0,200,320x180,1.997117000000003,,
2025-12-19T07:26:42.340Z,2.332,0,200,320x180,1.9920680000000175,,
2025-12-19T07:26:42.829Z,2.283,0,200,320x180,1.996962999999937,,
2025-12-19T07:26:43.325Z,2.285,0,200,320x180,2.0001569999999447,,
2025-12-19T07:26:43.808Z,2.367,0,200,320x180,1.9206219999999803,,
2025-12-19T07:26:44.599Z,1.795,0,200,320x180,1.9288530000000037,,
2025-12-19T07:26:45.978Z,0.296,0,200,320x180,1.9541750000000775,,rebuffer happen
2025-12-19T07:26:46.272Z,0.023,0,200,320x180,1.9770569999999452,,rebuffer happen
2025-12-19T07:26:46.776Z,0.023,0,200,320x180,2.473056999999926,,