timestamp,bufferLevel,qualityIndex,bitrateKbps,resolution,liveLatency,predictedKbps,rebuffer
2025-12-22T08:20:33.576Z,0,3,1500,768x432,0.832,,
2025-12-22T08:20:33.579Z,0,3,1500,768x432,0.832,,rebuffer happen
2025-12-22T08:20:35.042Z,0,3,1500,768x432,2.312,,
2025-12-22T08:20:35.252Z,0.5,1,600,480x270,2.312,1100,
2025-12-22T08:20:35.471Z,0.586,1,600,480x270,2.3166130000000003,1100,
2025-12-22T08:20:35.695Z,0.836,1,600,480x270,2.35822,1169,
2025-12-22T08:20:35.879Z,1.086,1,600,480x270,2.2028339999999997,1152,
2025-12-22T08:20:36.093Z,1.256,1,600,480x270,2.2196290000000003,1208,
2025-12-22T08:20:36.262Z,1.451,1,600,480x270,2.105373,1220,
2025-12-22T08:20:36.444Z,1.85,1,600,480x270,2.0884289999999996,1248,
2025-12-22T08:20:37.048Z,1.696,1,600,480x270,1.9976829999999999,1261,
2025-12-22T08:20:37.406Z,1.797,1,600,480x270,2.0191440000000003,1302,
2025-12-22T08:20:37.824Z,1.85,1,600,480x270,1.9844649999999997,1318,
2025-12-22T08:20:38.059Z,2.105,1,600,480x270,1.945036,1363,
2025-12-22T08:20:38.451Z,2.205,1,600,480x270,1.9390740000000002,1384,
2025-12-22T08:20:38.527Z,2.225,2,1000,640x360,1.9648469999999998,1421,
2025-12-22T08:20:40.329Z,0.362,2,1000,640x360,1.9630829999999992,1421,
2025-12-22T08:20:41.112Z,0.059,2,1000,640x360,1.9697959999999997,1157,rebuffer happen
2025-12-22T08:20:41.147Z,0.024,2,1000,640x360,1.9347579999999995,1157,rebuffer happen
2025-12-22T08:20:41.156Z,0.024,2,1000,640x360,1.9347579999999995,1157,
2025-12-22T08:20:41.407Z,0.299,2,1000,640x360,2.014702999999999,969,rebuffer happen
2025-12-22T08:20:41.697Z,0.021,2,1000,640x360,2.0336540000000003,969,rebuffer happen
2025-12-22T08:20:41.979Z,0.021,2,1000,640x360,2.232654,969,
2025-12-22T08:20:42.074Z,0.521,1,600,480x270,2.245654000000001,857,
2025-12-22T08:20:42.220Z,0.271,1,600,480x270,2.286302000000001,857,rebuffer happen
2025-12-22T08:20:42.259Z,0.285,1,600,480x270,2.233188,857,rebuffer happen
2025-12-22T08:20:42.555Z,0.339,1,600,480x270,2.136659999999999,857,
2025-12-22T08:20:42.706Z,0.218,1,600,480x270,2.2064320000000004,928,rebuffer happen
2025-12-22T08:20:43.003Z,0.29,1,600,480x270,2.1800829999999998,928,rebuffer happen
2025-12-22T08:20:43.077Z,0.284,1,600,480x270,2.1028900000000004,928,
2025-12-22T08:20:43.547Z,0.333,1,600,480x270,2.1198949999999996,861,
2025-12-22T08:20:43.598Z,0.262,1,600,480x270,2.174583,850,rebuffer happen
2025-12-22T08:20:44.062Z,0.269,1,600,480x270,2.0722239999999985,850,
2025-12-22T08:20:44.543Z,0.252,1,600,480x270,2.0843939999999996,827,
2025-12-22T08:20:45.059Z,0.241,1,600,480x270,2.080223,819,
2025-12-22T08:20:45.539Z,0.275,1,600,480x270,2.0965740000000004,835,
2025-12-22T08:20:45.609Z,0.276,0,200,320x180,2.124001,844,
2025-12-22T08:20:45.707Z,0.558,0,200,320x180,2.1349,844,
2025-12-22T08:20:45.806Z,0.942,0,200,320x180,2.1106170000000013,859,
2025-12-22T08:20:45.902Z,1.296,0,200,320x180,2.106171,871,
2025-12-22T08:20:46.012Z,1.748,0,200,320x180,2.0762789999999995,892,
2025-12-22T08:20:46.107Z,2.063,0,200,320x180,2.062799,910,
2025-12-22T08:20:46.504Z,2.178,0,200,320x180,2.033842999999999,922,
2025-12-22T08:20:47.035Z,2.171,0,200,320x180,1.996855,929,
2025-12-22T08:20:47.494Z,2.192,0,200,320x180,2.004361000000001,935,
2025-12-22T08:20:47.950Z,2.172,0,200,320x180,1.944509,948,
2025-12-22T08:20:48.485Z,2.246,0,200,320x180,1.9979810000000011,969,
2025-12-22T08:20:48.946Z,2.228,0,200,320x180,1.9376370000000005,984,
2025-12-22T08:20:49.024Z,2.227,1,600,480x270,1.9597010000000008,996,
2025-12-22T08:20:49.464Z,2.233,1,600,480x270,1.9152950000000004,996,
2025-12-22T08:20:49.950Z,2.21,1,600,480x270,1.9354780000000016,1007,
2025-12-22T08:20:50.468Z,2.181,1,600,480x270,1.918652999999999,1018,
2025-12-22T08:20:50.967Z,2.19,1,600,480x270,1.9238849999999985,1033,
2025-12-22T08:20:51.470Z,2.183,1,600,480x270,1.9159229999999994,1049,
2025-12-22T08:20:51.966Z,2.174,1,600,480x270,1.936114,1081,
2025-12-22T08:20:52.476Z,2.175,1,600,480x270,1.9170809999999996,1111,
2025-12-22T08:20:52.542Z,2.195,2,1000,640x360,1.9430320000000023,1111,
2025-12-22T08:20:54.011Z,0.745,2,1000,640x360,1.9846610000000027,1118,
2025-12-22T08:20:54.315Z,0.976,2,1000,640x360,1.9781189999999995,1118,
2025-12-22T08:20:54.595Z,1.186,2,1000,640x360,1.9913659999999993,1108,
2025-12-22T08:20:55.448Z,0.918,2,1000,640x360,1.9360110000000006,1108,
2025-12-22T08:20:55.885Z,0.907,2,1000,640x360,2.018391000000001,1108,
2025-12-22T08:20:56.304Z,1.133,2,1000,640x360,1.9835629999999966,1102,
2025-12-22T08:20:56.723Z,1.026,2,1000,640x360,1.970251000000001,1101,
2025-12-22T08:20:57.138Z,1.053,2,1000,640x360,1.948125000000001,1098,
2025-12-22T08:20:58.182Z,0.49,2,1000,640x360,2.0026270000000004,1098,
2025-12-22T08:20:58.258Z,0.989,1,600,480x270,1.9263030000000008,1095,
2025-12-22T08:20:58.643Z,1.019,1,600,480x270,1.947306000000001,1095,
2025-12-22T08:20:58.970Z,1.208,1,600,480x270,1.9198239999999984,1119,
2025-12-22T08:20:59.161Z,1.49,1,600,480x270,1.9313830000000003,1119,
2025-12-22T08:20:59.363Z,1.795,1,600,480x270,1.923644999999997,1147,
2025-12-22T08:20:59.580Z,2.065,1,600,480x270,2.000273,1147,
2025-12-22T08:21:00.261Z,1.909,1,600,480x270,1.9323559999999986,1161,
2025-12-22T08:21:00.578Z,2.071,1,600,480x270,1.9047309999999982,1206,
2025-12-22T08:21:00.966Z,2.182,1,600,480x270,1.9244209999999988,1215,
2025-12-22T08:21:01.452Z,2.194,1,600,480x270,1.9305829999999986,1222,
2025-12-22T08:21:01.657Z,2.045,2,1000,640x360,1.933917000000001,1239,
2025-12-22T08:21:03.070Z,0.717,2,1000,640x360,1.925423000000002,1235,
2025-12-22T08:21:03.494Z,0.681,2,1000,640x360,1.9923390000000012,1224,
2025-12-22T08:21:03.923Z,0.854,2,1000,640x360,1.9842249999999986,1224,
2025-12-22T08:21:04.353Z,0.891,2,1000,640x360,1.935101999999997,1204,
2025-12-22T08:21:04.785Z,1.119,2,1000,640x360,2.022210000000001,1202,
2025-12-22T08:21:05.217Z,1.099,2,1000,640x360,1.9773579999999988,1194,
2025-12-22T08:21:05.632Z,1.057,2,1000,640x360,1.9612659999999984,1188,
2025-12-22T08:21:06.548Z,0.751,2,1000,640x360,1.942700000000002,1186,
2025-12-22T08:21:06.953Z,0.738,2,1000,640x360,1.9420040000000043,1184,
2025-12-22T08:21:07.372Z,0.968,2,1000,640x360,1.9104060000000018,1184,
2025-12-22T08:21:07.774Z,0.947,2,1000,640x360,1.9307009999999991,1180,
2025-12-22T08:21:08.179Z,1.176,2,1000,640x360,1.9149659999999997,1180,
2025-12-22T08:21:08.586Z,1.138,2,1000,640x360,2.001638,1178,
2025-12-22T08:21:09.494Z,0.83,2,1000,640x360,1.9952010000000016,1175,
2025-12-22T08:21:09.904Z,0.788,2,1000,640x360,1.991261999999999,1175,
2025-12-22T08:21:10.308Z,1.023,2,1000,640x360,1.9750599999999991,1168,
2025-12-22T08:21:10.711Z,0.996,2,1000,640x360,1.9818380000000033,1168,
2025-12-22T08:21:11.127Z,1.103,2,1000,640x360,1.9566779999999966,1167,
2025-12-22T08:21:12.034Z,0.677,2,1000,640x360,1.9559169999999995,1165,
2025-12-22T08:21:12.448Z,0.901,2,1000,640x360,1.9397540000000006,1165,
2025-12-22T08:21:12.862Z,0.883,2,1000,640x360,1.955767999999999,1165,
2025-12-22T08:21:13.329Z,0.85,2,1000,640x360,1.9652949999999976,1158,
2025-12-22T08:21:13.693Z,0.99,2,1000,640x360,1.9944230000000047,1147,
2025-12-22T08:21:14.095Z,1.216,2,1000,640x360,1.9877269999999996,1144,
2025-12-22T08:21:15.006Z,0.748,2,1000,640x360,1.9849350000000001,1138,
2025-12-22T08:21:15.452Z,0.981,2,1000,640x360,1.9281019999999955,1138,
2025-12-22T08:21:15.887Z,0.933,2,1000,640x360,2.013132000000006,1125,
2025-12-22T08:21:16.323Z,0.914,2,1000,640x360,1.9660410000000041,1127,
2025-12-22T08:21:16.759Z,1.141,2,1000,640x360,1.942510999999996,1122,
2025-12-22T08:21:17.189Z,1.13,2,1000,640x360,2.0028760000000005,1119,
2025-12-22T08:21:17.622Z,1.089,2,1000,640x360,1.9642359999999996,1117,
2025-12-22T08:21:18.567Z,0.78,2,1000,640x360,1.9162529999999975,1116,
2025-12-22T08:21:19.142Z,0.76,2,1000,640x360,1.9532099999999986,1114,
2025-12-22T08:21:19.971Z,0.207,2,1000,640x360,1.9212580000000017,1047,rebuffer happen
2025-12-22T08:21:20.077Z,0.207,2,1000,640x360,1.9103390000000005,1047,
2025-12-22T08:21:20.149Z,0.599,1,600,480x270,1.9363809999999972,928,
2025-12-22T08:21:20.707Z,0.481,1,600,480x270,1.9889229999999998,928,
2025-12-22T08:21:20.977Z,0.274,1,600,480x270,1.9243400000000008,885,rebuffer happen
2025-12-22T08:21:21.302Z,0.37,1,600,480x270,1.991070999999998,885,
2025-12-22T08:21:21.565Z,0.217,1,600,480x270,1.9394430000000042,873,rebuffer happen
2025-12-22T08:21:21.887Z,0.313,1,600,480x270,2.0063960000000023,873,
2025-12-22T08:21:21.888Z,0.294,1,600,480x270,2.0057120000000026,873,rebuffer happen
2025-12-22T08:21:22.498Z,0.194,1,600,480x270,1.9950299999999999,847,
2025-12-22T08:21:22.665Z,0.025,1,600,480x270,1.9409299999999945,850,rebuffer happen
2025-12-22T08:21:23.100Z,0.229,1,600,480x270,2.1279729999999972,850,
2025-12-22T08:21:23.298Z,0.021,1,600,480x270,2.133741999999998,830,rebuffer happen
2025-12-22T08:21:23.365Z,0.019,1,600,480x270,2.0983579999999975,830,rebuffer happen
2025-12-22T08:21:23.647Z,0.205,1,600,480x270,2.1303689999999946,830,
2025-12-22T08:21:23.723Z,0.185,0,200,320x180,2.1514139999999955,905,
2025-12-22T08:21:23.911Z,0.401,0,200,320x180,2.1632529999999974,905,
2025-12-22T08:21:24.123Z,0.618,0,200,320x180,2.104915999999996,905,
2025-12-22T08:21:24.339Z,0.927,0,200,320x180,2.0526780000000002,848,
2025-12-22T08:21:24.548Z,1.159,0,200,320x180,2.0129670000000033,848,
2025-12-22T08:21:24.773Z,1.491,0,200,320x180,1.994807999999999,834,
2025-12-22T08:21:24.972Z,1.631,0,200,320x180,1.9787299999999988,834,
2025-12-22T08:21:25.231Z,1.944,0,200,320x180,1.9920320000000018,834,
2025-12-22T08:21:25.463Z,2.225,0,200,320x180,1.9510119999999986,815,
2025-12-22T08:21:25.998Z,2.165,0,200,320x180,2.003574999999998,819,
2025-12-22T08:21:26.499Z,2.203,0,200,320x180,1.9928179999999998,807,
2025-12-22T08:21:26.937Z,2.243,0,200,320x180,1.9685989999999975,825,
2025-12-22T08:21:27.125Z,2.099,1,600,480x270,1.963320000000003,830,
2025-12-22T08:21:27.478Z,2.17,1,600,480x270,1.903700999999998,830,
2025-12-22T08:21:27.997Z,2.149,1,600,480x270,1.9926219999999972,871,
2025-12-22T08:21:28.496Z,2.159,1,600,480x270,1.9896960000000021,908,
2025-12-22T08:21:28.961Z,2.198,1,600,480x270,1.924775000000004,952,
2025-12-22T08:21:29.478Z,2.164,1,600,480x270,1.9097280000000012,1018,
2025-12-22T08:21:29.979Z,2.168,1,600,480x270,1.913260000000001,1012,
2025-12-22T08:21:30.496Z,2.173,1,600,480x270,1.9880560000000003,1031,
2025-12-22T08:21:30.574Z,2.138,2,1000,640x360,1.9110379999999978,1031,
2025-12-22T08:21:32.019Z,0.81,2,1000,640x360,1.961424000000001,1045,
2025-12-22T08:21:32.480Z,0.779,2,1000,640x360,2.000484,1045,
2025-12-22T08:21:32.922Z,0.845,2,1000,640x360,1.9643270000000044,1046,
2025-12-22T08:21:33.360Z,0.982,2,1000,640x360,1.9222210000000004,1048,
2025-12-22T08:21:33.791Z,0.963,2,1000,640x360,2.003403999999996,1052,
2025-12-22T08:21:34.076Z,1.183,2,1000,640x360,1.9158309999999972,1053,
2025-12-22T08:21:34.849Z,0.895,2,1000,640x360,1.9516240000000025,1053,
2025-12-22T08:21:35.220Z,1.112,2,1000,640x360,1.9774250000000038,1053,
2025-12-22T08:21:35.651Z,1.072,2,1000,640x360,1.936076,1055,
2025-12-22T08:21:36.600Z,0.766,2,1000,640x360,1.9838549999999984,1056,
2025-12-22T08:21:37.013Z,0.751,2,1000,640x360,1.9757999999999925,1059,
2025-12-22T08:21:37.444Z,0.96,2,1000,640x360,1.9405740000000051,1059,
2025-12-22T08:21:37.865Z,0.957,2,1000,640x360,1.932813000000003,1059,
2025-12-22T08:21:38.316Z,0.921,2,1000,640x360,1.971314999999997,1062,
2025-12-22T08:21:39.082Z,0.624,2,1000,640x360,2.0012419999999906,1060,
2025-12-22T08:21:39.550Z,0.794,2,1000,640x360,1.937533000000002,1060,
2025-12-22T08:21:40.000Z,0.836,2,1000,640x360,1.999627999999987,1061,
2025-12-22T08:21:40.437Z,0.797,2,1000,640x360,1.945559000000003,1061,
2025-12-22T08:21:40.920Z,0.765,2,1000,640x360,1.9754659999999973,1058,
2025-12-22T08:21:41.364Z,0.997,2,1000,640x360,1.920062999999999,1058,
2025-12-22T08:21:41.886Z,0.974,2,1000,640x360,2.0059850000000097,1057,
2025-12-22T08:21:42.332Z,0.934,2,1000,640x360,1.9527049999999946,1057,
2025-12-22T08:21:42.763Z,1.06,2,1000,640x360,1.9201730000000055,1054,
2025-12-22T08:21:43.186Z,1.138,2,1000,640x360,1.997616999999991,1054,
2025-12-22T08:21:43.623Z,1.105,2,1000,640x360,1.9580059999999975,1054,
2025-12-22T08:21:44.567Z,0.801,2,1000,640x360,1.9124330000000072,1053,
2025-12-22T08:21:45.012Z,0.772,2,1000,640x360,1.972526000000002,1053,
2025-12-22T08:21:45.448Z,0.742,2,1000,640x360,1.9306399999999968,1053,
2025-12-22T08:21:45.857Z,0.99,2,1000,640x360,1.9354069999999979,1050,
2025-12-22T08:21:46.466Z,0.951,2,1000,640x360,1.9185019999999895,1030,
2025-12-22T08:21:46.557Z,1.183,1,600,480x270,1.9235359999999986,975,
2025-12-22T08:21:47.001Z,1.164,1,600,480x270,1.9813690000000008,975,
2025-12-22T08:21:47.400Z,1.249,1,600,480x270,1.9855790000000013,958,
2025-12-22T08:21:47.723Z,1.44,1,600,480x270,1.9701280000000025,996,
2025-12-22T08:21:48.040Z,1.585,1,600,480x270,1.9464679999999959,993,
2025-12-22T08:21:48.379Z,1.785,1,600,480x270,1.9144220000000018,993,
2025-12-22T08:21:49.002Z,1.696,1,600,480x270,1.9908479999999997,1010,
2025-12-22T08:21:49.387Z,1.777,1,600,480x270,1.9931530000000066,1049,
2025-12-22T08:21:49.784Z,1.916,1,600,480x270,2.008675999999994,1046,
2025-12-22T08:21:50.136Z,1.986,1,600,480x270,1.9486090000000047,1065,
2025-12-22T08:21:50.213Z,2.037,2,1000,640x360,1.9746140000000025,1076,
2025-12-22T08:21:51.465Z,0.901,2,1000,640x360,1.9191469999999953,1072,
2025-12-22T08:21:51.825Z,0.875,2,1000,640x360,1.9728240000000028,1039,
2025-12-22T08:21:52.280Z,1.113,2,1000,640x360,2.0033460000000076,1026,
2025-12-22T08:21:52.804Z,1.076,2,1000,640x360,1.9897650000000056,1037,
2025-12-22T08:21:53.316Z,1.002,2,1000,640x360,1.975003000000001,1037,
2025-12-22T08:21:53.717Z,0.998,2,1000,640x360,1.9721349999999944,1037,
2025-12-22T08:21:54.142Z,1.253,2,1000,640x360,1.9523780000000102,1040,
2025-12-22T08:21:55.099Z,0.685,2,1000,640x360,1.9957140000000066,1040,
2025-12-22T08:21:55.560Z,0.65,2,1000,640x360,1.9199350000000095,1045,
2025-12-22T08:21:56.001Z,0.896,2,1000,640x360,1.9910459999999972,1039,
2025-12-22T08:21:56.433Z,0.85,2,1000,640x360,1.9556680000000028,1039,
2025-12-22T08:21:56.886Z,0.826,2,1000,640x360,2.0006059999999906,1044,
2025-12-22T08:21:57.327Z,0.955,2,1000,640x360,1.9647310000000004,1043,
2025-12-22T08:21:57.777Z,1.022,2,1000,640x360,1.9049540000000036,1043,
2025-12-22T08:21:58.119Z,1.207,2,1000,640x360,1.9674720000000008,1043,
2025-12-22T08:21:59.009Z,0.707,2,1000,640x360,1.9888779999999997,1044,
2025-12-22T08:21:59.365Z,0.933,2,1000,640x360,1.9169629999999955,1044,
2025-12-22T08:21:59.707Z,1.165,2,1000,640x360,1.99910899999999,1053,
2025-12-22T08:22:00.096Z,1.147,2,1000,640x360,1.9993079999999992,1053,
2025-12-22T08:22:01.018Z,0.839,2,1000,640x360,1.967053000000007,1056,
2025-12-22T08:22:01.406Z,0.801,2,1000,640x360,1.9820330000000013,1056,
2025-12-22T08:22:01.823Z,1.046,2,1000,640x360,1.969038999999995,1062,
2025-12-22T08:22:02.261Z,1.005,2,1000,640x360,1.9206060000000065,1065,
2025-12-22T08:22:02.741Z,0.988,2,1000,640x360,1.9636090000000053,1070,
2025-12-22T08:22:03.209Z,1.171,2,1000,640x360,1.976276999999996,1070,
2025-12-22T08:22:03.666Z,1.181,2,1000,640x360,1.924284,1074,
2025-12-22T08:22:04.661Z,0.612,2,1000,640x360,1.9366880000000037,1075,
2025-12-22T08:22:05.129Z,0.607,2,1000,640x360,1.9655879999999968,1070,
2025-12-22T08:22:05.578Z,0.818,2,1000,640x360,1.914946999999998,1078,
2025-12-22T08:22:06.055Z,0.769,2,1000,640x360,1.9347620000000063,1080,
2025-12-22T08:22:06.468Z,0.761,2,1000,640x360,1.921252999999993,1084,
2025-12-22T08:22:06.837Z,0.999,2,1000,640x360,1.9500929999999954,1084,
2025-12-22T08:22:07.314Z,0.961,2,1000,640x360,1.972124000000008,1090,
2025-12-22T08:22:07.793Z,0.948,2,1000,640x360,2.006009999999989,1082,
2025-12-22T08:22:08.162Z,1.114,2,1000,640x360,1.9251769999999908,1090,
2025-12-22T08:22:09.069Z,0.616,2,1000,640x360,1.9305439999999976,1089,
2025-12-22T08:22:09.529Z,0.834,2,1000,640x360,1.9594939999999923,1095,
2025-12-22T08:22:09.852Z,1.077,2,1000,640x360,1.9355919999999998,1095,
2025-12-22T08:22:10.292Z,1.04,2,1000,640x360,1.9951550000000111,1098,
2025-12-22T08:22:10.674Z,1.008,2,1000,640x360,1.90861799999999,1096,
2025-12-22T08:22:11.112Z,1.228,2,1000,640x360,1.968007,1094,
2025-12-22T08:22:12.111Z,0.694,2,1000,640x360,1.9873439999999931,1094,
2025-12-22T08:22:12.482Z,0.784,2,1000,640x360,1.9999449999999968,1092,
2025-12-22T08:22:12.893Z,0.906,2,1000,640x360,2.005388999999994,1092,
2025-12-22T08:22:13.321Z,0.855,2,1000,640x360,1.9656480000000016,1090,
2025-12-22T08:22:13.813Z,0.988,2,1000,640x360,1.9749079999999992,1091,
2025-12-22T08:22:14.315Z,1.058,2,1000,640x360,1.97337499999999,1074,
2025-12-22T08:22:14.814Z,1.023,2,1000,640x360,1.974858999999995,1060,
2025-12-22T08:22:15.317Z,0.996,2,1000,640x360,1.972256999999999,1049,
2025-12-22T08:22:15.755Z,0.97,2,1000,640x360,1.9443279999999987,1036,
2025-12-22T08:22:16.175Z,1.17,2,1000,640x360,1.910615000000007,1046,
2025-12-22T08:22:16.605Z,1.167,2,1000,640x360,1.9794720000000012,1051,
2025-12-22T08:22:17.594Z,0.583,2,1000,640x360,1.9925879999999978,1050,
2025-12-22T08:22:18.155Z,0.572,2,1000,640x360,1.9392239999999958,1040,
2025-12-22T08:22:18.579Z,0.799,2,1000,640x360,1.9142390000000091,1036,
2025-12-22T08:22:19.008Z,0.756,2,1000,640x360,1.985365999999999,1040,
2025-12-22T08:22:19.447Z,0.723,2,1000,640x360,1.942459999999997,1040,
2025-12-22T08:22:19.989Z,0.692,2,1000,640x360,1.9953789999999998,1029,
2025-12-22T08:22:20.448Z,0.926,2,1000,640x360,1.9359290000000016,1029,
2025-12-22T08:22:20.918Z,0.918,2,1000,640x360,1.979809000000003,1030,
2025-12-22T08:22:21.382Z,0.865,2,1000,640x360,2.0025109999999984,1025,
2025-12-22T08:22:21.805Z,1.096,2,1000,640x360,1.97945,1023,
2025-12-22T08:22:22.068Z,1.341,2,1000,640x360,1.9122870000000063,1023,
2025-12-22T08:22:22.866Z,1.045,2,1000,640x360,1.9188879999999955,1022,
2025-12-22T08:22:23.239Z,1.013,2,1000,640x360,1.9480360000000019,1022,
2025-12-22T08:22:23.696Z,0.991,2,1000,640x360,2.005158999999992,1018,
2025-12-22T08:22:24.081Z,1.176,2,1000,640x360,2.0056809999999956,1021,
2025-12-22T08:22:24.966Z,0.936,2,1000,640x360,1.9362309999999923,1027,
2025-12-22T08:22:25.363Z,0.878,2,1000,640x360,1.9213500000000039,1027,
2025-12-22T08:22:25.851Z,0.839,2,1000,640x360,1.932647000000003,1049,
2025-12-22T08:22:26.297Z,0.958,2,1000,640x360,1.990011999999993,1049,
2025-12-22T08:22:26.731Z,1.04,2,1000,640x360,1.9585780000000028,1050,
2025-12-22T08:22:27.109Z,1.243,2,1000,640x360,1.9722679999999997,1052,
2025-12-22T08:22:28.127Z,0.712,2,1000,640x360,1.9662129999999962,1053,
2025-12-22T08:22:28.553Z,0.669,2,1000,640x360,1.9288309999999882,1057,
2025-12-22T08:22:28.967Z,0.933,2,1000,640x360,1.934549000000004,1058,
2025-12-22T08:22:29.935Z,0.376,2,1000,640x360,1.9709390000000013,1058,
2025-12-22T08:22:30.004Z,0.755,1,600,480x270,2.0076509999999956,965,
2025-12-22T08:22:30.627Z,0.514,1,600,480x270,1.9565580000000011,965,
2025-12-22T08:22:31.288Z,0.417,1,600,480x270,1.9993009999999884,928,
2025-12-22T08:22:31.428Z,0.241,1,600,480x270,1.9562120000000078,1016,rebuffer happen
2025-12-22T08:22:31.985Z,0.185,1,600,480x270,2.0094919999999945,1016,
2025-12-22T08:22:32.155Z,0.026,1,600,480x270,1.9372869999999978,1064,rebuffer happen
2025-12-22T08:22:32.339Z,0.028,1,600,480x270,2.1071409999999986,1064,rebuffer happen
2025-12-22T08:22:32.615Z,0.215,1,600,480x270,2.162187000000003,1064,
2025-12-22T08:22:32.839Z,0.017,1,600,480x270,2.143104000000008,1010,rebuffer happen
2025-12-22T08:22:33.229Z,0.234,1,600,480x270,2.256340999999992,1010,
2025-12-22T08:22:33.456Z,0.019,1,600,480x270,2.2415170000000018,955,rebuffer happen
2025-12-22T08:22:33.539Z,0.02,1,600,480x270,2.304750999999996,955,rebuffer happen
2025-12-22T08:22:33.817Z,0.228,1,600,480x270,2.3598319999999973,955,
2025-12-22T08:22:33.889Z,0.183,0,200,320x180,2.381650999999991,949,
2025-12-22T08:22:34.105Z,0.431,0,200,320x180,2.350814999999997,949,
2025-12-22T08:22:34.237Z,0.259,0,200,320x180,2.28130800000001,944,rebuffer happen
2025-12-22T08:22:34.370Z,0.545,0,200,320x180,2.195093,944,
2025-12-22T08:22:34.608Z,0.722,0,200,320x180,2.211113999999995,944,
2025-12-22T08:22:34.826Z,0.973,0,200,320x180,2.1368300000000033,889,
2025-12-22T08:22:35.043Z,1.25,0,200,320x180,2.0663620000000122,889,
2025-12-22T08:22:35.247Z,1.513,0,200,320x180,2.031373000000002,889,
2025-12-22T08:22:35.527Z,1.723,0,200,320x180,2.0215139999999963,866,
2025-12-22T08:22:35.748Z,1.92,0,200,320x180,1.9961780000000005,866,
2025-12-22T08:22:35.984Z,2.261,0,200,320x180,2.046317000000002,812,
2025-12-22T08:22:36.440Z,2.192,0,200,320x180,1.9600640000000027,842,
2025-12-22T08:22:36.965Z,2.256,0,200,320x180,1.9490040000000022,847,
2025-12-22T08:22:37.434Z,2.242,0,200,320x180,1.9677939999999978,856,
2025-12-22T08:22:37.510Z,2.244,1,600,480x270,1.9811249999999916,856,
2025-12-22T08:22:38.016Z,2.158,1,600,480x270,1.985985999999997,873,
2025-12-22T08:22:38.465Z,2.19,1,600,480x270,1.9238320000000044,922,
2025-12-22T08:22:38.962Z,2.197,1,600,480x270,1.9263930000000045,962,
2025-12-22T08:22:39.444Z,2.212,1,600,480x270,1.9399230000000074,1006,
2025-12-22T08:22:39.990Z,2.166,1,600,480x270,1.9926460000000077,1013,
2025-12-22T08:22:40.486Z,2.16,1,600,480x270,1.9989999999999952,1039,
2025-12-22T08:22:40.967Z,2.23,1,600,480x270,1.9263700000000057,1058,
2025-12-22T08:22:41.043Z,2.209,2,1000,640x360,1.949382,1058,
2025-12-22T08:22:42.428Z,0.869,2,1000,640x360,1.9623220000000146,1067,
2025-12-22T08:22:42.838Z,0.831,2,1000,640x360,1.9421140000000037,1067,
2025-12-22T08:22:43.229Z,1.069,2,1000,640x360,1.9503529999999785,1069,
2025-12-22T08:22:43.698Z,0.992,2,1000,640x360,1.9876289999999983,1069,
2025-12-22T08:22:44.184Z,1.001,2,1000,640x360,2.0003829999999994,1069,
2025-12-22T08:22:44.767Z,0.984,2,1000,640x360,1.9229259999999897,1070,
2025-12-22T08:22:45.196Z,1.215,2,1000,640x360,1.9898780000000045,1071,
2025-12-22T08:22:45.630Z,1.118,2,1000,640x360,1.9560659999999928,1072,
2025-12-22T08:22:46.548Z,0.622,2,1000,640x360,1.9311859999999967,1073,
2025-12-22T08:22:46.987Z,0.854,2,1000,640x360,1.9975479999999948,1074,
2025-12-22T08:22:47.395Z,0.814,2,1000,640x360,1.9921530000000018,1074,
2025-12-22T08:22:47.899Z,0.784,2,1000,640x360,1.9914780000000007,1072,
2025-12-22T08:22:48.309Z,1.026,2,1000,640x360,1.97077299999998,1066,
2025-12-22T08:22:48.733Z,0.994,2,1000,640x360,1.963058999999987,1070,
2025-12-22T08:22:49.171Z,1.236,2,1000,640x360,1.922019999999975,1072,
2025-12-22T08:22:49.591Z,1.196,2,1000,640x360,1.994921000000005,1072,
2025-12-22T08:22:50.517Z,0.899,2,1000,640x360,1.96140299999999,1072,
2025-12-22T08:22:50.940Z,0.874,2,1000,640x360,1.9478969999999833,1072,
2025-12-22T08:22:51.374Z,0.837,2,1000,640x360,1.9148759999999925,1077,
2025-12-22T08:22:51.807Z,1.076,2,1000,640x360,1.983193,1077,
2025-12-22T08:22:52.224Z,1.043,2,1000,640x360,1.9620589999999822,1079,
2025-12-22T08:22:52.657Z,1.023,2,1000,640x360,1.933023999999989,1079,
2025-12-22T08:22:53.580Z,0.711,2,1000,640x360,1.9995040000000017,1081,
2025-12-22T08:22:54.018Z,0.69,2,1000,640x360,1.9703540000000146,1082,
2025-12-22T08:22:54.452Z,0.89,2,1000,640x360,1.9278070000000014,1082,
2025-12-22T08:22:54.890Z,0.888,2,1000,640x360,1.9948420000000056,1081,
2025-12-22T08:22:55.324Z,0.854,2,1000,640x360,1.9648599999999874,1079,
2025-12-22T08:22:55.771Z,1.086,2,1000,640x360,1.9210199999999986,1079,
2025-12-22T08:22:56.208Z,1.059,2,1000,640x360,1.9850460000000112,1079,
2025-12-22T08:22:56.646Z,1.033,2,1000,640x360,1.9417180000000087,1078,
2025-12-22T08:22:57.584Z,0.728,2,1000,640x360,1.9985380000000248,1078,
2025-12-22T08:22:58.040Z,0.706,2,1000,640x360,1.947147000000001,1079,
2025-12-22T08:22:58.483Z,0.934,2,1000,640x360,1.9999139999999898,1079,
2025-12-22T08:22:58.922Z,0.905,2,1000,640x360,1.9593880000000183,1075,
2025-12-22T08:22:59.350Z,0.871,2,1000,640x360,1.934393,1069,
2025-12-22T08:22:59.767Z,0.994,2,1000,640x360,1.9145129999999995,1070,
2025-12-22T08:23:00.225Z,1.075,2,1000,640x360,1.9613620000000083,1071,
2025-12-22T08:23:00.731Z,1.049,2,1000,640x360,1.9621150000000114,1072,
2025-12-22T08:23:01.180Z,1.005,2,1000,640x360,2.001402999999982,1049,
2025-12-22T08:23:01.635Z,1.178,2,1000,640x360,1.9550179999999955,1061,
2025-12-22T08:23:02.595Z,0.685,2,1000,640x360,2.0021370000000047,1055,
2025-12-22T08:23:03.016Z,0.667,2,1000,640x360,1.9774519999999995,1050,
2025-12-22T08:23:03.523Z,0.889,2,1000,640x360,1.960142999999988,1050,
2025-12-22T08:23:03.974Z,0.863,2,1000,640x360,1.9238140000000215,1034,
2025-12-22T08:23:04.504Z,0.825,2,1000,640x360,1.979580999999996,1041,
2025-12-22T08:23:04.959Z,0.795,2,1000,640x360,1.9330249999999864,1042,
2025-12-22T08:23:05.379Z,1.029,2,1000,640x360,1.9995770000000164,1040,
2025-12-22T08:23:05.815Z,1.007,2,1000,640x360,1.9852489999999818,1043,
2025-12-22T08:23:06.269Z,0.964,2,1000,640x360,1.9117639999999767,1042,
2025-12-22T08:23:06.730Z,1.115,2,1000,640x360,1.9734919999999931,1046,
2025-12-22T08:23:07.145Z,1.178,2,1000,640x360,1.9447540000000174,1038,
2025-12-22T08:23:08.061Z,0.894,2,1000,640x360,1.9417800000000227,1041,
2025-12-22T08:23:08.734Z,0.575,2,1000,640x360,1.9619509999999991,1038,
2025-12-22T08:23:08.814Z,0.938,1,600,480x270,1.9754289999999912,923,
2025-12-22T08:23:09.268Z,0.906,1,600,480x270,1.911703999999986,923,
2025-12-22T08:23:09.757Z,0.904,1,600,480x270,1.9394819999999982,952,
2025-12-22T08:23:10.309Z,0.866,1,600,480x270,1.9863890000000026,922,
2025-12-22T08:23:10.824Z,0.864,1,600,480x270,1.9760539999999764,916,
2025-12-22T08:23:11.332Z,0.846,1,600,480x270,1.9516929999999775,864,
2025-12-22T08:23:11.852Z,0.806,1,600,480x270,1.9327989999999886,834,
2025-12-22T08:23:12.375Z,0.771,1,600,480x270,1.9054030000000068,824,
2025-12-22T08:23:12.898Z,0.769,1,600,480x270,1.9944909999999823,898,
2025-12-22T08:23:12.971Z,0.782,0,200,320x180,1.9197350000000029,837,
2025-12-22T08:23:13.141Z,0.985,0,200,320x180,1.9497470000000021,837,
2025-12-22T08:23:13.324Z,1.269,0,200,320x180,1.9680480000000102,865,
2025-12-22T08:23:13.548Z,1.613,0,200,320x180,1.9420869999999866,865,
2025-12-22T08:23:13.718Z,1.896,0,200,320x180,1.9672119999999893,815,
2025-12-22T08:23:13.954Z,2.228,0,200,320x180,1.9288850000000082,815,
2025-12-22T08:23:14.417Z,2.24,0,200,320x180,1.9723160000000064,842,
2025-12-22T08:23:14.911Z,2.256,0,200,320x180,1.9875240000000076,837,
2025-12-22T08:23:15.459Z,2.242,0,200,320x180,1.925768000000005,851,
2025-12-22T08:23:15.954Z,2.246,0,200,320x180,1.9279320000000268,861,
2025-12-22T08:23:16.465Z,2.234,0,200,320x180,1.9242040000000031,879,
2025-12-22T08:23:16.545Z,2.203,1,600,480x270,1.9387979999999914,879,
2025-12-22T08:23:16.960Z,2.186,1,600,480x270,1.929253000000017,888,
2025-12-22T08:23:17.478Z,2.134,1,600,480x270,1.9067300000000103,942,
2025-12-22T08:23:18.087Z,2.063,1,600,480x270,1.999135999999993,986,
2025-12-22T08:23:18.469Z,2.209,1,600,480x270,1.9100360000000194,1002,
2025-12-22T08:23:18.954Z,2.213,1,600,480x270,1.9491409999999973,1012,
2025-12-22T08:23:19.450Z,2.198,1,600,480x270,1.9457339999999874,1031,
2025-12-22T08:23:19.935Z,2.227,1,600,480x270,1.959493000000009,1050,
2025-12-22T08:23:20.004Z,2.249,2,1000,640x360,2.001667999999995,1050,
2025-12-22T08:23:21.521Z,0.828,2,1000,640x360,1.9616790000000037,1057,
2025-12-22T08:23:21.977Z,0.797,2,1000,640x360,1.9191650000000209,1060,
2025-12-22T08:23:22.461Z,0.755,2,1000,640x360,1.9277309999999943,1059,
2025-12-22T08:23:22.875Z,0.853,2,1000,640x360,1.9123100000000193,1059,
2025-12-22T08:23:23.301Z,0.969,2,1000,640x360,1.9831879999999842,1060,
2025-12-22T08:23:23.796Z,0.926,2,1000,640x360,1.9900409999999908,1060,
2025-12-22T08:23:24.190Z,1.168,2,1000,640x360,1.990048999999999,1061,
2025-12-22T08:23:24.458Z,1.374,2,1000,640x360,1.930880000000002,1061,
2025-12-22T08:23:25.334Z,0.837,2,1000,640x360,1.9613659999999982,1060,
2025-12-22T08:23:26.026Z,0.808,2,1000,640x360,1.961338000000012,1061,
2025-12-22T08:23:26.500Z,0.777,2,1000,640x360,1.9832769999999869,1062,
2025-12-22T08:23:26.943Z,0.752,2,1000,640x360,1.9461619999999868,1062,
2025-12-22T08:23:27.394Z,0.978,2,1000,640x360,1.9944429999999898,1063,
2025-12-22T08:23:27.786Z,0.944,2,1000,640x360,1.994261999999992,1063,
2025-12-22T08:23:28.202Z,1.176,2,1000,640x360,1.9902329999999893,1062,
2025-12-22T08:23:28.554Z,1.15,2,1000,640x360,1.9359619999999893,1063,
2025-12-22T08:23:29.448Z,0.848,2,1000,640x360,1.9403259999999989,1062,
2025-12-22T08:23:29.845Z,0.825,2,1000,640x360,1.9359859999999856,1062,
2025-12-22T08:23:30.273Z,1.059,2,1000,640x360,1.9143799999999942,1066,
2025-12-22T08:23:30.747Z,1.034,2,1000,640x360,1.938576999999981,1067,
2025-12-22T08:23:31.207Z,0.998,2,1000,640x360,1.980830999999995,1070,
2025-12-22T08:23:31.642Z,1.109,2,1000,640x360,1.936507000000006,1073,
2025-12-22T08:23:32.597Z,0.669,2,1000,640x360,1.988900000000001,1073,
2025-12-22T08:23:33.073Z,0.641,2,1000,640x360,1.916134999999997,1077,
2025-12-22T08:23:33.567Z,0.601,2,1000,640x360,1.9109239999999943,1077,
2025-12-22T08:23:34.032Z,0.835,2,1000,640x360,1.953879999999998,1071,
2025-12-22T08:23:34.523Z,0.805,2,1000,640x360,1.9710350000000005,1071,
2025-12-22T08:23:34.931Z,0.783,2,1000,640x360,1.953519,1069,
2025-12-22T08:23:35.341Z,0.99,2,1000,640x360,1.9424470000000156,1072,
2025-12-22T08:23:35.805Z,0.991,2,1000,640x360,1.9846699999999942,1074,
2025-12-22T08:23:36.511Z,0.681,2,1000,640x360,1.97570300000001,1067,
2025-12-22T08:23:36.590Z,1.157,1,600,480x270,1.898569000000009,931,
2025-12-22T08:23:37.038Z,1.123,1,600,480x270,1.9493950000000098,931,
2025-12-22T08:23:37.520Z,1.136,1,600,480x270,1.9659730000000195,963,
2025-12-22T08:23:38.037Z,1.13,1,600,480x270,1.954199000000017,922,
2025-12-22T08:23:38.710Z,0.965,1,600,480x270,1.9871200000000044,929,
2025-12-22T08:23:39.206Z,0.969,1,600,480x270,1.987987000000004,915,
2025-12-22T08:23:39.702Z,0.952,1,600,480x270,1.9849069999999926,879,
2025-12-22T08:23:40.208Z,0.966,1,600,480x270,1.9780120000000068,878,
2025-12-22T08:23:40.724Z,0.942,1,600,480x270,1.9751390000000129,883,
2025-12-22T08:23:41.205Z,0.991,1,600,480x270,1.9852359999999862,878,
2025-12-22T08:23:41.700Z,0.984,1,600,480x270,1.9946329999999932,853,
2025-12-22T08:23:42.159Z,1.017,1,600,480x270,1.9356490000000122,863,
2025-12-22T08:23:42.448Z,1.226,1,600,480x270,1.9361719999999991,832,
2025-12-22T08:23:42.723Z,1.428,1,600,480x270,1.9676450000000045,832,
2025-12-22T08:23:42.977Z,1.671,1,600,480x270,1.9145829999999933,932,
2025-12-22T08:23:43.320Z,1.835,1,600,480x270,1.9588520000000074,932,
2025-12-22T08:23:43.550Z,2.105,1,600,480x270,1.9284269999999992,1024,
2025-12-22T08:23:43.957Z,2.202,1,600,480x270,1.9247009999999989,1006,
2025-12-22T08:23:44.025Z,2.174,2,1000,640x360,1.958139000000017,1006,
2025-12-22T08:23:45.434Z,0.918,2,1000,640x360,1.950839000000002,1023,
2025-12-22T08:23:45.878Z,0.902,2,1000,640x360,1.9316159999999911,1031,
2025-12-22T08:23:46.291Z,1.021,2,1000,640x360,1.9981799999999907,1032,
2025-12-22T08:23:46.586Z,1.091,2,1000,640x360,2.000039000000015,1034,
2025-12-22T08:23:47.649Z,0.528,2,1000,640x360,1.947999999999979,1035,
2025-12-22T08:23:48.024Z,0.7,2,1000,640x360,1.9604649999999992,1039,
2025-12-22T08:23:48.416Z,0.833,2,1000,640x360,1.9674009999999953,1039,
2025-12-22T08:23:48.875Z,0.974,2,1000,640x360,1.9284309999999891,1039,
2025-12-22T08:23:49.296Z,0.926,2,1000,640x360,1.987271000000021,1035,
2025-12-22T08:23:49.804Z,0.915,2,1000,640x360,1.9967049999999915,1034,
2025-12-22T08:23:50.605Z,0.607,2,1000,640x360,1.9898090000000082,1031,
2025-12-22T08:23:51.031Z,0.779,2,1000,640x360,1.951974000000007,1031,
2025-12-22T08:23:51.473Z,0.795,2,1000,640x360,1.9141679999999894,1031,
2025-12-22T08:23:51.883Z,1.048,2,1000,640x360,2.002566999999999,1022,
2025-12-22T08:23:52.337Z,1.006,2,1000,640x360,1.9458239999999876,1020,
2025-12-22T08:23:52.813Z,0.994,2,1000,640x360,1.9794100000000014,1016,
2025-12-22T08:23:53.329Z,0.951,2,1000,640x360,1.9586170000000038,1018,
2025-12-22T08:23:53.946Z,0.905,2,1000,640x360,1.9508649999999932,1011,
2025-12-22T08:23:54.313Z,0.888,2,1000,640x360,1.9785619999999824,1008,
2025-12-22T08:23:54.703Z,1.122,2,1000,640x360,1.9909409999999923,1007,
2025-12-22T08:23:54.964Z,1.327,2,1000,640x360,1.9350770000000068,1003,
2025-12-22T08:23:55.793Z,1.061,2,1000,640x360,1.999561,1004,
2025-12-22T08:23:56.244Z,1.029,2,1000,640x360,1.940829000000008,1006,
2025-12-22T08:23:56.749Z,1.005,2,1000,640x360,1.9495989999999779,1019,
2025-12-22T08:23:57.108Z,1.157,2,1000,640x360,1.988313000000005,1021,
2025-12-22T08:23:58.257Z,0.675,2,1000,640x360,1.941568999999987,1022,
2025-12-22T08:23:58.330Z,0.903,1,600,480x270,1.9624660000000063,1026,
2025-12-22T08:23:58.690Z,0.968,1,600,480x270,2.003299999999996,1026,
2025-12-22T08:23:59.002Z,1.173,1,600,480x270,1.996278000000018,1052,
2025-12-22T08:23:59.390Z,1.273,1,600,480x270,2.006618000000003,1052,
2025-12-22T08:23:59.657Z,1.475,1,600,480x270,1.9401520000000119,1068,
2025-12-22T08:23:59.940Z,1.733,1,600,480x270,1.9522479999999973,1073,
2025-12-22T08:24:00.207Z,1.95,1,600,480x270,1.9765390000000025,1073,
2025-12-22T08:24:00.476Z,2.168,1,600,480x270,1.908159000000012,1093,
2025-12-22T08:24:00.979Z,2.17,1,600,480x270,2.0028440000000103,1100,
2025-12-22T08:24:01.493Z,2.152,1,600,480x270,1.9893979999999942,1117,
2025-12-22T08:24:01.735Z,1.96,2,1000,640x360,1.9728780000000086,1125,
2025-12-22T08:24:02.588Z,1.153,2,1000,640x360,2.002239000000003,1122,
2025-12-22T08:24:03.453Z,0.862,2,1000,640x360,1.932641999999987,1121,
2025-12-22T08:24:04.061Z,0.764,2,1000,640x360,1.9240389999999934,1121,
2025-12-22T08:24:04.567Z,0.778,2,1000,640x360,1.9170129999999972,1114,
2025-12-22T08:24:05.001Z,0.738,2,1000,640x360,1.9826730000000055,1108,
2025-12-22T08:24:05.508Z,0.702,2,1000,640x360,1.9733139999999878,1108,
2025-12-22T08:24:05.851Z,0.945,2,1000,640x360,1.942122999999981,1094,
2025-12-22T08:24:06.334Z,0.913,2,1000,640x360,1.9527229999999918,1095,
2025-12-22T08:24:06.884Z,0.907,2,1000,640x360,2.018745999999993,1092,
2025-12-22T08:24:07.315Z,0.862,2,1000,640x360,1.9821190000000115,1088,
2025-12-22T08:24:07.741Z,1.091,2,1000,640x360,1.9396389999999997,1085,
2025-12-22T08:24:08.188Z,1.053,2,1000,640x360,1.9994649999999865,1079,
2025-12-22T08:24:08.652Z,1.028,2,1000,640x360,1.9367870000000096,1075,
2025-12-22T08:24:09.584Z,0.727,2,1000,640x360,1.9986510000000237,1073,
2025-12-22T08:24:10.026Z,0.705,2,1000,640x360,1.9696039999999755,1072,
2025-12-22T08:24:10.513Z,0.668,2,1000,640x360,1.9732050000000072,1072,
2025-12-22T08:24:10.933Z,0.872,2,1000,640x360,1.963138000000015,1065,
2025-12-22T08:24:11.355Z,0.876,2,1000,640x360,1.9357200000000034,1067,
2025-12-22T08:24:11.742Z,1.106,2,1000,640x360,1.940051000000011,1062,
2025-12-22T08:24:12.082Z,1.279,2,1000,640x360,1.9980820000000108,1064,
2025-12-22T08:24:12.904Z,0.77,2,1000,640x360,1.9843869999999981,1061,
2025-12-22T08:24:13.245Z,1.007,2,1000,640x360,1.9392110000000002,1061,
2025-12-22T08:24:13.692Z,0.989,2,1000,640x360,2.004490000000004,1058,
2025-12-22T08:24:14.100Z,1.211,2,1000,640x360,1.9941069999999854,1064,
2025-12-22T08:24:15.146Z,0.656,2,1000,640x360,1.948822000000007,1060,
2025-12-22T08:24:15.556Z,0.615,2,1000,640x360,1.935085999999984,1058,
2025-12-22T08:24:16.103Z,0.605,2,1000,640x360,1.996752000000015,1057,
2025-12-22T08:24:16.665Z,0.567,2,1000,640x360,1.9349990000000048,1057,
2025-12-22T08:24:17.139Z,0.705,2,1000,640x360,1.9558759999999893,1056,
2025-12-22T08:24:17.582Z,0.747,2,1000,640x360,1.999149000000017,1059,
2025-12-22T08:24:18.030Z,0.719,2,1000,640x360,1.9651629999999898,1063,
2025-12-22T08:24:18.543Z,0.677,2,1000,640x360,1.9483780000000195,1063,
2025-12-22T08:24:18.860Z,0.897,2,1000,640x360,1.945473000000021,1063,
2025-12-22T08:24:19.413Z,0.891,2,1000,640x360,1.971997999999985,1063,
2025-12-22T08:24:19.837Z,0.874,2,1000,640x360,1.975752,1066,
2025-12-22T08:24:20.242Z,1.104,2,1000,640x360,1.951229000000012,1071,
2025-12-22T08:24:20.688Z,1.064,2,1000,640x360,2.0035660000000064,1068,
2025-12-22T08:24:21.158Z,1.024,2,1000,640x360,1.928559000000007,1067,
2025-12-22T08:24:22.211Z,0.461,2,1000,640x360,1.9723610000000065,1066,
2025-12-22T08:24:22.304Z,0.96,1,600,480x270,1.989861999999988,1063,
2025-12-22T08:24:22.543Z,1.125,1,600,480x270,1.9354140000000086,1063,
2025-12-22T08:24:22.815Z,1.313,1,600,480x270,1.981002999999987,1063,
2025-12-22T08:24:23.054Z,1.603,1,600,480x270,1.9393210000000067,1106,
2025-12-22T08:24:23.303Z,1.858,1,600,480x270,1.983430999999996,1107,
2025-12-22T08:24:23.586Z,2.061,1,600,480x270,1.9985469999999737,1107,
2025-12-22T08:24:23.931Z,2.249,1,600,480x270,1.9686010000000067,1148,
2025-12-22T08:24:24.456Z,2.205,1,600,480x270,1.9281300000000101,1145,
2025-12-22T08:24:24.961Z,2.192,1,600,480x270,1.9234930000000077,1163,
2025-12-22T08:24:25.435Z,2.212,1,600,480x270,1.9451420000000041,1177,
2025-12-22T08:24:25.694Z,2.021,2,1000,640x360,1.9941149999999936,1187,
2025-12-22T08:24:26.542Z,1.188,2,1000,640x360,1.937154000000021,1183,
2025-12-22T08:24:27.652Z,0.621,2,1000,640x360,1.93548100000001,1180,
2025-12-22T08:24:28.302Z,0.605,2,1000,640x360,1.9891550000000109,1166,
2025-12-22T08:24:28.828Z,0.57,2,1000,640x360,1.9742420000000038,1158,
2025-12-22T08:24:29.410Z,0.259,2,1000,640x360,1.9801360000000159,1138,rebuffer happen
2025-12-22T08:24:29.652Z,0.025,2,1000,640x360,1.9489240000000052,1138,rebuffer happen
2025-12-22T08:24:29.791Z,0.025,2,1000,640x360,2.1369239999999934,1138,
2025-12-22T08:24:29.869Z,0.525,1,600,480x270,2.0677929999999947,1016,
2025-12-22T08:24:30.014Z,0.298,1,600,480x270,2.1097350000000006,1016,rebuffer happen
2025-12-22T08:24:30.347Z,0.398,1,600,480x270,2.025182000000001,1016,
2025-12-22T08:24:30.515Z,0.258,1,600,480x270,2.041322000000008,977,rebuffer happen
2025-12-22T08:24:30.842Z,0.378,1,600,480x270,2.0053900000000056,977,
2025-12-22T08:24:30.970Z,0.253,1,600,480x270,1.9717039999999884,977,rebuffer happen
2025-12-22T08:24:31.350Z,0.297,1,600,480x270,1.9744529999999827,977,rebuffer happen
2025-12-22T08:24:31.389Z,0.329,1,600,480x270,2.041575000000023,977,
2025-12-22T08:24:31.464Z,0.25,1,600,480x270,1.9674790000000257,946,rebuffer happen
2025-12-22T08:24:31.546Z,0.299,1,600,480x270,1.9763140000000021,946,rebuffer happen
2025-12-22T08:24:31.836Z,0.361,1,600,480x270,2.011121000000003,946,
2025-12-22T08:24:32.225Z,0.481,1,600,480x270,1.9928500000000042,1035,
2025-12-22T08:24:32.654Z,0.534,1,600,480x270,1.937654000000009,964,
2025-12-22T08:24:33.147Z,0.514,1,600,480x270,1.9447490000000016,1064,
2025-12-22T08:24:33.563Z,0.555,1,600,480x270,1.9227339999999913,1008,
2025-12-22T08:24:34.141Z,0.514,1,600,480x270,1.9434369999999888,963,
2025-12-22T08:24:34.378Z,0.291,1,600,480x270,1.9032039999999881,951,rebuffer happen
2025-12-22T08:24:34.609Z,0.566,1,600,480x270,1.982925000000023,951,
2025-12-22T08:24:35.064Z,0.565,1,600,480x270,1.9218840000000057,940,
2025-12-22T08:24:35.584Z,0.589,1,600,480x270,1.9994939999999986,920,
2025-12-22T08:24:35.995Z,0.673,1,600,480x270,2.0058429999999987,888,
2025-12-22T08:24:36.246Z,0.906,1,600,480x270,1.9401729999999873,888,
2025-12-22T08:24:36.517Z,1.129,1,600,480x270,1.9664980000000014,1011,
2025-12-22T08:24:36.796Z,1.347,1,600,480x270,2.0212040000000115,1011,
2025-12-22T08:24:37.107Z,1.566,1,600,480x270,1.9947990000000004,1027,
2025-12-22T08:24:37.176Z,1.577,2,1000,640x360,1.9236620000000073,1056,
2025-12-22T08:24:37.659Z,1.063,2,1000,640x360,1.9352879999999857,1056,
2025-12-22T08:24:38.613Z,0.761,2,1000,640x360,1.9763480000000015,1055,
2025-12-22T08:24:39.052Z,0.733,2,1000,640x360,1.933289000000002,1060,
2025-12-22T08:24:39.566Z,0.697,2,1000,640x360,1.9260900000000163,1060,
2025-12-22T08:24:40.117Z,0.678,2,1000,640x360,1.9814700000000016,1063,
2025-12-22T08:24:40.423Z,0.898,2,1000,640x360,1.9679359999999804,1064,
2025-12-22T08:24:40.852Z,0.89,2,1000,640x360,1.9536860000000047,1064,
2025-12-22T08:24:41.340Z,0.846,2,1000,640x360,1.957125000000019,1069,
2025-12-22T08:24:41.699Z,1.058,2,1000,640x360,1.9891779999999812,1068,
2025-12-22T08:24:42.104Z,1.188,2,1000,640x360,1.9819219999999973,1070,
2025-12-22T08:24:42.977Z,0.75,2,1000,640x360,1.9198180000000207,1071,
2025-12-22T08:24:43.387Z,0.983,2,1000,640x360,2.0006360000000143,1071,
2025-12-22T08:24:43.749Z,0.96,2,1000,640x360,1.956688999999983,1073,
2025-12-22T08:24:44.313Z,0.921,2,1000,640x360,1.980275000000006,1073,
2025-12-22T08:24:44.710Z,1.145,2,1000,640x360,1.9866399999999942,1073,
2025-12-22T08:24:45.149Z,1.134,2,1000,640x360,1.950271000000015,1074,
2025-12-22T08:24:46.135Z,0.555,2,1000,640x360,1.953074000000015,1076,
2025-12-22T08:24:46.579Z,0.794,2,1000,640x360,1.9022350000000188,1078,
2025-12-22T08:24:46.973Z,0.761,2,1000,640x360,1.9106629999999996,1076,
2025-12-22T08:24:47.409Z,0.998,2,1000,640x360,1.9715999999999951,1076,
2025-12-22T08:24:47.810Z,0.97,2,1000,640x360,1.9826109999999915,1078,
2025-12-22T08:24:48.191Z,1.023,2,1000,640x360,1.9942969999999889,1078,
2025-12-22T08:24:48.696Z,1.142,2,1000,640x360,2.0012999999999863,1079,
2025-12-22T08:24:49.134Z,1.148,2,1000,640x360,1.9661069999999938,1065,
2025-12-22T08:24:50.290Z,0.587,2,1000,640x360,2.010920999999996,1070,
2025-12-22T08:24:50.378Z,0.819,1,600,480x270,1.9206680000000063,951,
2025-12-22T08:24:50.923Z,0.75,1,600,480x270,1.9659000000000333,951,
2025-12-22T08:24:51.446Z,0.713,1,600,480x270,1.9441340000000196,988,
2025-12-22T08:24:52.002Z,0.682,1,600,480x270,1.9893519999999967,937,
2025-12-22T08:24:52.591Z,0.563,1,600,480x270,1.9931950000000143,930,
2025-12-22T08:24:53.146Z,0.516,1,600,480x270,1.9425850000000082,917,
2025-12-22T08:24:53.709Z,0.414,1,600,480x270,1.974694999999997,897,
2025-12-22T08:24:54.174Z,0.466,1,600,480x270,1.9107740000000035,901,
2025-12-22T08:24:54.496Z,0.644,1,600,480x270,1.997508000000039,877,
2025-12-22T08:24:54.835Z,0.824,1,600,480x270,1.961129000000028,877,
2025-12-22T08:24:55.571Z,0.671,1,600,480x270,1.9232880000000137,863,
2025-12-22T08:24:55.984Z,0.67,1,600,480x270,2.007468000000017,874,
2025-12-22T08:24:56.266Z,0.882,1,600,480x270,1.9158089999999675,874,
2025-12-22T08:24:56.540Z,1.113,1,600,480x270,1.9369859999999903,984,
2025-12-22T08:24:56.802Z,1.36,1,600,480x270,1.9945490000000063,984,
2025-12-22T08:24:57.084Z,1.572,1,600,480x270,2.0102340000000254,1023,
2025-12-22T08:24:57.167Z,1.595,2,1000,640x360,1.9247540000000072,1018,
2025-12-22T08:24:58.108Z,0.619,2,1000,640x360,1.9926550000000134,1020,
2025-12-22T08:24:58.554Z,0.796,2,1000,640x360,1.933759000000009,1021,
2025-12-22T08:24:59.008Z,0.81,2,1000,640x360,1.983647000000019,1024,
2025-12-22T08:24:59.386Z,1.046,2,1000,640x360,1.9957880000000046,1024,
2025-12-22T08:24:59.743Z,1.014,2,1000,640x360,1.9459529999999745,1024,
2025-12-22T08:25:00.027Z,1.242,2,1000,640x360,1.9731120000000146,1026,
2025-12-22T08:25:01.027Z,0.695,2,1000,640x360,1.9666589999999928,1025,
2025-12-22T08:25:01.683Z,0.65,2,1000,640x360,2.0107309999999643,1026,
2025-12-22T08:25:01.765Z,0.997,1,600,480x270,1.9370899999999551,1028,
2025-12-22T08:25:02.030Z,1.096,1,600,480x270,1.9645049999999742,1028,
2025-12-22T08:25:02.397Z,1.229,1,600,480x270,1.9872159999999894,1028,
2025-12-22T08:25:02.638Z,1.513,1,600,480x270,1.9492989999999963,1056,
2025-12-22T08:25:02.888Z,1.771,1,600,480x270,1.9983659999999759,1065,
2025-12-22T08:25:03.213Z,1.984,1,600,480x270,1.9703899999999521,1065,
2025-12-22T08:25:03.465Z,2.181,1,600,480x270,1.9160930000000462,1098,
2025-12-22T08:25:03.953Z,2.221,1,600,480x270,1.9301269999999704,1102,
2025-12-22T08:25:04.436Z,2.218,1,600,480x270,1.9467260000000124,1126,
2025-12-22T08:25:04.952Z,2.203,1,600,480x270,1.936665000000005,1131,
2025-12-22T08:25:05.171Z,2.203,2,1000,640x360,1.9150980000000004,1146,
2025-12-22T08:25:06.109Z,1.138,2,1000,640x360,1.9903579999999579,1141,
2025-12-22T08:25:07.098Z,0.571,2,1000,640x360,1.9920450000000187,1139,
2025-12-22T08:25:07.579Z,0.719,2,1000,640x360,1.9999520000000075,1133,
2025-12-22T08:25:08.027Z,0.771,2,1000,640x360,1.955979999999954,1128,
2025-12-22T08:25:08.599Z,0.747,2,1000,640x360,1.9826270000000363,1128,
2025-12-22T08:25:09.048Z,0.723,2,1000,640x360,1.9458740000000034,1122,
2025-12-22T08:25:09.486Z,0.683,2,1000,640x360,1.9937869999999975,1116,
2025-12-22T08:25:09.923Z,0.925,2,1000,640x360,1.9693149999999946,1116,
2025-12-22T08:25:10.361Z,0.881,2,1000,640x360,1.920500000000004,1111,
2025-12-22T08:25:10.802Z,1.117,2,1000,640x360,2.0100669999999923,1109,
2025-12-22T08:25:11.230Z,1.068,2,1000,640x360,1.960913000000005,1105,
2025-12-22T08:25:11.659Z,1.068,2,1000,640x360,1.9284000000000106,1104,
2025-12-22T08:25:12.579Z,0.749,2,1000,640x360,1.8995610000000056,1101,
2025-12-22T08:25:13.019Z,0.738,2,1000,640x360,1.9688509999999724,1094,
2025-12-22T08:25:13.467Z,0.885,2,1000,640x360,1.9198240000000055,1094,
2025-12-22T08:25:13.962Z,0.932,2,1000,640x360,1.926437999999962,1088,
2025-12-22T08:25:14.299Z,0.903,2,1000,640x360,1.9855519999999842,1080,
2025-12-22T08:25:14.657Z,1.129,2,1000,640x360,1.9359369999999672,1079,
2025-12-22T08:25:15.573Z,0.837,2,1000,640x360,1.9084960000000137,1078,
2025-12-22T08:25:16.099Z,0.811,2,1000,640x360,1.9897109999999998,1072,
2025-12-22T08:25:16.623Z,0.766,2,1000,640x360,1.964503000000036,1068,
2025-12-22T08:25:17.110Z,0.743,2,1000,640x360,1.9745029999999701,1068,
2025-12-22T08:25:17.551Z,0.709,2,1000,640x360,1.9263819999999896,1061,
2025-12-22T08:25:18.034Z,0.68,2,1000,640x360,1.951629999999966,1062,
2025-12-22T08:25:18.482Z,0.778,2,1000,640x360,1.9989840000000072,1062,
2025-12-22T08:25:18.932Z,0.905,2,1000,640x360,1.968084000000033,1054,
2025-12-22T08:25:19.392Z,0.863,2,1000,640x360,1.997780999999975,1060,
2025-12-22T08:25:19.693Z,1.091,2,1000,640x360,1.990064000000018,1051,
2025-12-22T08:25:19.973Z,1.311,2,1000,640x360,1.9076129999999694,1053,
2025-12-22T08:25:20.824Z,1.035,2,1000,640x360,1.9638219999999933,1051,
2025-12-22T08:25:21.227Z,0.995,2,1000,640x360,1.9605360000000474,1056,
2025-12-22T08:25:21.663Z,1.227,2,1000,640x360,1.9307269999999903,1048,
2025-12-22T08:25:22.603Z,0.666,2,1000,640x360,1.9837170000000128,1049,
2025-12-22T08:25:23.336Z,0.365,2,1000,640x360,1.9484170000000063,1055,
2025-12-22T08:25:23.415Z,0.838,1,600,480x270,1.9682429999999727,1052,
2025-12-22T08:25:23.732Z,0.917,1,600,480x270,1.9527969999999755,1052,
2025-12-22T08:25:24.047Z,1.1,1,600,480x270,1.9384130000000255,1086,
2025-12-22T08:25:24.374Z,1.243,1,600,480x270,1.9080849999999714,1082,
2025-12-22T08:25:24.683Z,1.442,1,600,480x270,2.002556000000027,1082,
2025-12-22T08:25:25.002Z,1.602,1,600,480x270,1.9801689999999894,1110,
2025-12-22T08:25:25.292Z,1.886,1,600,480x270,1.988726999999983,1110,
2025-12-22T08:25:25.555Z,2.114,1,600,480x270,1.9258140000000026,1136,
2025-12-22T08:25:26.003Z,2.16,1,600,480x270,1.986489000000006,1148,
2025-12-22T08:25:26.469Z,2.18,1,600,480x270,1.9110820000000217,1168,
2025-12-22T08:25:26.966Z,2.171,1,600,480x270,1.9367280000000164,1171,
2025-12-22T08:25:27.038Z,2.154,2,1000,640x360,1.9535569999999893,1171,
2025-12-22T08:25:28.512Z,0.826,2,1000,640x360,1.9725119999999947,1181,
2025-12-22T08:25:28.966Z,0.789,2,1000,640x360,1.9195589999999925,1181,
2025-12-22T08:25:29.401Z,0.87,2,1000,640x360,1.9799790000000144,1163,
2025-12-22T08:25:29.886Z,1.006,2,1000,640x360,2.0063169999999673,1160,
2025-12-22T08:25:30.297Z,0.965,2,1000,640x360,1.9890869999999836,1153,
2025-12-22T08:25:30.606Z,1.194,2,1000,640x360,1.980397000000039,1149,
2025-12-22T08:25:31.588Z,0.628,2,1000,640x360,2.0028010000000336,1147,
2025-12-22T08:25:32.132Z,0.614,2,1000,640x360,1.9635920000000056,1140,
2025-12-22T08:25:32.533Z,0.837,2,1000,640x360,1.9558260000000018,1133,
2025-12-22T08:25:32.906Z,0.81,2,1000,640x360,1.984597000000008,1133,
2025-12-22T08:25:33.564Z,0.777,2,1000,640x360,1.928324000000032,1110,
2025-12-22T08:25:33.925Z,0.751,2,1000,640x360,1.968812000000014,1104,
2025-12-22T08:25:34.361Z,0.973,2,1000,640x360,1.9188480000000254,1104,
2025-12-22T08:25:34.808Z,0.965,2,1000,640x360,1.9872490000000198,1089,
2025-12-22T08:25:35.292Z,0.923,2,1000,640x360,1.9960740000000214,1085,
2025-12-22T08:25:35.748Z,1.148,2,1000,640x360,1.9554809999999634,1082,
2025-12-22T08:25:36.147Z,1.126,2,1000,640x360,1.9548970000000168,1073,
2025-12-22T08:25:37.033Z,0.814,2,1000,640x360,1.9515880000000152,1072,
2025-12-22T08:25:37.222Z,1.05,2,1000,640x360,1.960109999999986,1072,
2025-12-22T08:25:37.248Z,1.447,2,1000,640x360,1.9336270000000013,1064,
2025-12-22T08:25:38.526Z,0.728,2,1000,640x360,1.9575959999999668,1063,
2025-12-22T08:25:38.993Z,0.709,2,1000,640x360,2.002892999999972,1062,
2025-12-22T08:25:39.434Z,0.938,2,1000,640x360,1.9494119999999953,1064,
2025-12-22T08:25:39.865Z,0.919,2,1000,640x360,1.9380949999999757,1061,
2025-12-22T08:25:40.291Z,0.971,2,1000,640x360,2.001784999999984,1063,
2025-12-22T08:25:40.722Z,1.107,2,1000,640x360,1.9649929999999927,1063,
2025-12-22T08:25:41.153Z,1.067,2,1000,640x360,1.9302589999999782,1064,
2025-12-22T08:25:42.098Z,0.777,2,1000,640x360,1.986237000000017,1065,
2025-12-22T08:25:42.534Z,0.744,2,1000,640x360,1.9488860000000159,1068,
2025-12-22T08:25:42.956Z,0.722,2,1000,640x360,1.9462950000000205,1068,
2025-12-22T08:25:43.401Z,0.95,2,1000,640x360,1.9812489999999912,1069,
2025-12-22T08:25:43.776Z,0.931,2,1000,640x360,1.928604000000007,1070,
2025-12-22T08:25:44.167Z,1.154,2,1000,640x360,1.9278309999999692,1069,
2025-12-22T08:25:45.085Z,0.602,2,1000,640x360,2.0149639999999636,1069,
2025-12-22T08:25:45.777Z,0.561,2,1000,640x360,1.9157460000000128,1073,
2025-12-22T08:25:45.867Z,0.901,1,600,480x270,1.9207640000000197,972,
2025-12-22T08:25:46.416Z,0.728,1,600,480x270,1.97200399999997,972,
2025-12-22T08:25:46.932Z,0.727,1,600,480x270,1.9626569999999788,943,
2025-12-22T08:25:47.386Z,0.769,1,600,480x270,2.001258000000007,927,
2025-12-22T08:25:47.933Z,0.755,1,600,480x270,1.9677110000000084,919,
2025-12-22T08:25:48.454Z,0.703,1,600,480x270,1.9374990000000025,879,
2025-12-22T08:25:48.955Z,0.725,1,600,480x270,1.9359119999999734,876,
2025-12-22T08:25:49.441Z,0.715,1,600,480x270,1.9373630000000048,868,
2025-12-22T08:25:49.952Z,0.721,1,600,480x270,1.9338129999999865,861,
2025-12-22T08:25:50.023Z,0.717,0,200,320x180,1.9564300000000117,803,
2025-12-22T08:25:50.192Z,0.931,0,200,320x180,1.9921139999999582,803,
2025-12-22T08:25:50.416Z,1.205,0,200,320x180,1.9713560000000143,813,
2025-12-22T08:25:50.587Z,1.519,0,200,320x180,2.0021260000000325,813,
2025-12-22T08:25:50.762Z,1.916,0,200,320x180,1.930751999999984,815,
2025-12-22T08:25:50.939Z,2.178,0,200,320x180,1.9519010000000208,815,
2025-12-22T08:25:51.442Z,2.223,0,200,320x180,1.9386030000000005,824,
2025-12-22T08:25:51.955Z,2.203,0,200,320x180,1.9341479999999933,832,
2025-12-22T08:25:52.504Z,2.198,0,200,320x180,1.9860690000000432,841,
2025-12-22T08:25:53.046Z,2.152,0,200,320x180,1.9392819999999915,847,
2025-12-22T08:25:53.547Z,2.118,0,200,320x180,1.9352630000000204,866,
2025-12-22T08:25:53.625Z,2.087,1,600,480x270,1.961665000000039,865,
2025-12-22T08:25:54.075Z,2.08,1,600,480x270,1.9180360000000292,865,
2025-12-22T08:25:54.556Z,2.101,1,600,480x270,1.9363149999999791,890,
2025-12-22T08:25:55.034Z,2.124,1,600,480x270,1.9512169999999855,954,
2025-12-22T08:25:55.518Z,2.127,1,600,480x270,1.9652899999999818,1002,
2025-12-22T08:25:55.993Z,2.172,1,600,480x270,1.9995690000000081,1010,
2025-12-22T08:25:56.489Z,2.158,1,600,480x270,1.9902700000000095,1028,
2025-12-22T08:25:56.967Z,2.182,1,600,480x270,1.9254399999999805,1045,
2025-12-22T08:25:57.051Z,2.134,2,1000,640x360,1.9370250000000055,1045,
2025-12-22T08:25:58.722Z,0.553,2,1000,640x360,1.9722739999999703,1054,
2025-12-22T08:25:59.134Z,0.782,2,1000,640x360,1.9575320000000147,1056,
2025-12-22T08:25:59.510Z,0.737,2,1000,640x360,1.967694999999992,1055,
2025-12-22T08:26:00.014Z,0.709,2,1000,640x360,1.9765239999999835,1055,
2025-12-22T08:26:00.514Z,0.681,2,1000,640x360,1.9731720000000337,1058,
2025-12-22T08:26:00.919Z,0.919,2,1000,640x360,1.9656929999999875,1052,
2025-12-22T08:26:01.322Z,0.887,2,1000,640x360,1.9618639999999914,1056,
2025-12-22T08:26:01.831Z,0.873,2,1000,640x360,1.974924000000044,1056,
2025-12-22T08:26:02.240Z,1.106,2,1000,640x360,1.9525919999999815,1057,
2025-12-22T08:26:02.659Z,1.062,2,1000,640x360,1.930907999999988,1057,
2025-12-22T08:26:03.573Z,0.758,2,1000,640x360,1.9096620000000257,1059,
2025-12-22T08:26:03.985Z,0.733,2,1000,640x360,2.0049589999999853,1063,
2025-12-22T08:26:04.374Z,0.926,2,1000,640x360,1.9066379999999867,1063,
2025-12-22T08:26:04.869Z,0.934,2,1000,640x360,1.9131629999999973,1062,
2025-12-22T08:26:05.349Z,0.898,2,1000,640x360,1.9322140000000445,1065,
2025-12-22T08:26:05.853Z,0.881,2,1000,640x360,1.9411119999999755,1063,
2025-12-22T08:26:06.244Z,1.112,2,1000,640x360,1.9463930000000005,1063,
2025-12-22T08:26:06.635Z,1.075,2,1000,640x360,1.947765000000004,1064,
2025-12-22T08:26:07.533Z,0.776,2,1000,640x360,1.9535309999999981,1064,
2025-12-22T08:26:07.972Z,0.744,2,1000,640x360,1.9134329999999977,1064,
2025-12-22T08:26:08.443Z,0.934,2,1000,640x360,1.945067999999992,1065,
2025-12-22T08:26:08.878Z,0.951,2,1000,640x360,1.902667000000008,1065,
2025-12-22T08:26:09.413Z,0.911,2,1000,640x360,1.9735450000000014,1066,
2025-12-22T08:26:09.804Z,0.894,2,1000,640x360,1.9886680000000183,1067,
2025-12-22T08:26:10.223Z,1.128,2,1000,640x360,1.961116000000004,1066,
2025-12-22T08:26:10.657Z,1.085,2,1000,640x360,1.928719000000001,1067,
2025-12-22T08:26:11.592Z,0.782,2,1000,640x360,1.9951500000000237,1067,
2025-12-22T08:26:12.024Z,0.765,2,1000,640x360,1.966530999999975,1068,
2025-12-22T08:26:12.466Z,0.73,2,1000,640x360,1.9211119999999937,1068,
2025-12-22T08:26:12.813Z,0.965,2,1000,640x360,1.9695429999999874,1069,
2025-12-22T08:26:13.248Z,0.928,2,1000,640x360,1.9306349999999952,1064,
2025-12-22T08:26:13.646Z,1.167,2,1000,640x360,1.9440960000000018,1062,
2025-12-22T08:26:14.544Z,0.872,2,1000,640x360,1.940950999999984,1058,
2025-12-22T08:26:15.171Z,0.57,2,1000,640x360,1.908366000000001,1054,
2025-12-22T08:26:15.243Z,0.997,1,600,480x270,1.9388529999999946,1053,
2025-12-22T08:26:15.546Z,1.1,1,600,480x270,1.9349960000000124,1053,
2025-12-22T08:26:15.809Z,1.343,1,600,480x270,1.977152999999987,1080,
2025-12-22T08:26:16.133Z,1.535,1,600,480x270,1.9545539999999733,1080,
2025-12-22T08:26:16.451Z,1.706,1,600,480x270,1.9363670000000184,1109,
2025-12-22T08:26:16.751Z,1.895,1,600,480x270,1.9389039999999795,1109,
2025-12-22T08:26:17.096Z,2.044,1,600,480x270,1.9942700000000286,1134,
2025-12-22T08:26:17.447Z,2.21,1,600,480x270,1.9374569999999949,1139,
2025-12-22T08:26:17.967Z,2.195,1,600,480x270,1.9225969999999961,1150,
2025-12-22T08:26:18.467Z,2.185,1,600,480x270,1.9152740000000108,1162,
2025-12-22T08:26:18.659Z,2.121,2,1000,640x360,1.9305719999999837,1179,
2025-12-22T08:26:20.133Z,0.791,2,1000,640x360,1.9500869999999964,1175,
2025-12-22T08:26:20.551Z,0.76,2,1000,640x360,1.9276549999999588,1167,
2025-12-22T08:26:20.969Z,0.737,2,1000,640x360,1.9157409999999686,1163,
2025-12-22T08:26:21.426Z,0.901,2,1000,640x360,1.954480999999987,1163,
2025-12-22T08:26:21.882Z,0.93,2,1000,640x360,2.0035950000000184,1152,
2025-12-22T08:26:22.315Z,0.892,2,1000,640x360,1.9694279999999935,1150,
2025-12-22T08:26:22.758Z,1.127,2,1000,640x360,1.9427949999999896,1144,
2025-12-22T08:26:23.191Z,1.103,2,1000,640x360,2.001000000000033,1140,
2025-12-22T08:26:23.646Z,1.072,2,1000,640x360,1.9483409999999708,1137,
2025-12-22T08:26:24.632Z,0.767,2,1000,640x360,1.964206000000047,1134,
2025-12-22T08:26:25.018Z,0.751,2,1000,640x360,1.9711199999999849,1128,
2025-12-22T08:26:25.422Z,0.905,2,1000,640x360,1.9659350000000018,1128,
2025-12-22T08:26:25.866Z,0.939,2,1000,640x360,1.9206940000000259,1102,
2025-12-22T08:26:26.371Z,0.896,2,1000,640x360,1.9090219999999931,1104,
2025-12-22T08:26:26.828Z,0.888,2,1000,640x360,1.9666450000000282,1075,
2025-12-22T08:26:27.282Z,1.078,2,1000,640x360,2.0056730000000016,1085,
2025-12-22T08:26:27.729Z,1.074,2,1000,640x360,1.9621119999999905,1075,
2025-12-22T08:26:28.178Z,1.044,2,1000,640x360,1.902496000000042,1076,
2025-12-22T08:26:28.618Z,1.133,2,1000,640x360,1.9715780000000223,1072,
2025-12-22T08:26:29.594Z,0.716,2,1000,640x360,1.987464999999986,1072,
2025-12-22T08:26:29.995Z,0.685,2,1000,640x360,1.9913779999999974,1076,
2025-12-22T08:26:30.422Z,0.837,2,1000,640x360,1.959209000000044,1076,
2025-12-22T08:26:30.915Z,0.896,2,1000,640x360,1.9787589999999682,1064,
2025-12-22T08:26:31.370Z,0.859,2,1000,640x360,1.912883000000022,1066,
2025-12-22T08:26:31.761Z,1.09,2,1000,640x360,1.9365920000000187,1061,
2025-12-22T08:26:32.198Z,1.068,2,1000,640x360,2.0025509999999827,1062,
2025-12-22T08:26:32.617Z,1.179,2,1000,640x360,1.9786139999999932,1059,
2025-12-22T08:26:33.727Z,0.475,2,1000,640x360,1.9714140000000384,1057,
2025-12-22T08:26:33.806Z,0.955,1,600,480x270,1.9857430000000136,1055,
2025-12-22T08:26:34.107Z,1.066,1,600,480x270,1.9854199999999764,1055,
2025-12-22T08:26:34.378Z,1.268,1,600,480x270,1.9115089999999668,1091,
2025-12-22T08:26:34.610Z,1.549,1,600,480x270,1.983914000000027,1091,
2025-12-22T08:26:34.883Z,1.785,1,600,480x270,2.0108109999999897,1107,
2025-12-22T08:26:35.158Z,1.993,1,600,480x270,1.927375999999981,1107,
2025-12-22T08:26:35.469Z,2.177,1,600,480x270,1.9102120000000014,1134,
2025-12-22T08:26:35.993Z,2.173,1,600,480x270,1.9887410000000045,1147,
2025-12-22T08:26:36.514Z,2.132,1,600,480x270,1.977679999999964,1159,
2025-12-22T08:26:37.025Z,2.153,1,600,480x270,1.9640899999999988,1168,
2025-12-22T08:26:37.210Z,2.004,2,1000,640x360,1.9750630000000342,1175,
2025-12-22T08:26:38.174Z,1.208,2,1000,640x360,1.9230309999999804,1173,
2025-12-22T08:26:38.621Z,1.183,2,1000,640x360,1.966466999999966,1164,
2025-12-22T08:26:39.545Z,0.884,2,1000,640x360,1.9396150000000034,1160,
2025-12-22T08:26:39.910Z,0.873,2,1000,640x360,1.9959819999999695,1153,
2025-12-22T08:26:40.316Z,1.056,2,1000,640x360,1.9752599999999916,1153,
2025-12-22T08:26:40.731Z,1.055,2,1000,640x360,1.9551549999999907,1145,
2025-12-22T08:26:41.135Z,1.298,2,1000,640x360,1.9542850000000271,1142,
2025-12-22T08:26:42.052Z,0.738,2,1000,640x360,1.9383649999999761,1140,
2025-12-22T08:26:42.530Z,0.695,2,1000,640x360,1.948693999999989,1135,
2025-12-22T08:26:43.100Z,0.672,2,1000,640x360,1.988704000000041,1135,
2025-12-22T08:26:43.578Z,0.631,2,1000,640x360,1.9100250000000187,1119,
2025-12-22T08:26:44.022Z,0.884,2,1000,640x360,1.9720800000000054,1104,
2025-12-22T08:26:44.466Z,0.845,2,1000,640x360,1.9217990000000214,1104,
2025-12-22T08:26:44.902Z,0.791,2,1000,640x360,1.9841410000000224,1096,
2025-12-22T08:26:45.341Z,0.964,2,1000,640x360,1.9485090000000014,1094,
2025-12-22T08:26:45.794Z,0.988,2,1000,640x360,1.9895389999999793,1086,
2025-12-22T08:26:46.228Z,0.961,2,1000,640x360,1.9547019999999975,1077,
2025-12-22T08:26:46.662Z,1.19,2,1000,640x360,1.9285319999999615,1074,
2025-12-22T08:26:47.588Z,0.627,2,1000,640x360,2.002952999999991,1070,
2025-12-22T08:26:48.051Z,0.882,2,1000,640x360,1.9507209999999873,1068,
2025-12-22T08:26:48.514Z,0.842,2,1000,640x360,1.9697639999999978,1062,
2025-12-22T08:26:48.979Z,0.812,2,1000,640x360,2.002572999999984,1062,
2025-12-22T08:26:49.503Z,0.765,2,1000,640x360,1.9789910000000077,1060,
2025-12-22T08:26:49.920Z,1.012,2,1000,640x360,1.9605220000000259,1058,
2025-12-22T08:26:50.342Z,0.98,2,1000,640x360,1.9489370000000008,1053,
2025-12-22T08:26:50.862Z,0.953,2,1000,640x360,1.9332919999999945,1051,
2025-12-22T08:26:51.207Z,1.136,2,1000,640x360,1.9761889999999767,1028,
2025-12-22T08:26:51.559Z,1.15,2,1000,640x360,1.9295410000000288,1036,
2025-12-22T08:26:52.423Z,0.846,2,1000,640x360,1.968609000000015,1033,
2025-12-22T08:26:52.799Z,1.091,2,1000,640x360,1.9870860000000334,1033,
2025-12-22T08:26:53.527Z,0.793,2,1000,640x360,1.9597719999999867,1036,
2025-12-22T08:26:54.056Z,0.764,2,1000,640x360,1.926965999999993,1044,
2025-12-22T08:26:54.506Z,0.724,2,1000,640x360,1.9736039999999662,1042,
2025-12-22T08:26:54.955Z,0.963,2,1000,640x360,1.9352329999999824,1042,
2025-12-22T08:26:55.389Z,0.925,2,1000,640x360,1.9986370000000306,1048,
2025-12-22T08:26:55.867Z,0.923,2,1000,640x360,1.9309600000000273,1045,
2025-12-22T08:26:56.328Z,0.877,2,1000,640x360,1.9714849999999728,1048,
2025-12-22T08:26:56.695Z,1.108,2,1000,640x360,1.9899599999999964,1052,
2025-12-22T08:26:57.158Z,1.076,2,1000,640x360,1.921461000000022,1048,
2025-12-22T08:26:58.085Z,0.769,2,1000,640x360,2.002578000000028,1047,
2025-12-22T08:26:58.553Z,0.74,2,1000,640x360,1.925692999999967,1045,
2025-12-22T08:26:59.014Z,0.714,2,1000,640x360,1.9732369999999833,1038,
2025-12-22T08:26:59.515Z,0.684,2,1000,640x360,1.9720100000000116,1038,
2025-12-22T08:26:59.917Z,0.897,2,1000,640x360,1.9784799999999905,1032,
2025-12-22T08:27:00.316Z,0.893,2,1000,640x360,1.9724469999999883,1033,
2025-12-22T08:27:00.699Z,1.123,2,1000,640x360,2.0021659999999883,1033,
2025-12-22T08:27:01.110Z,1.109,2,1000,640x360,1.987226000000021,1029,
2025-12-22T08:27:02.075Z,0.795,2,1000,640x360,1.9221479999999929,1030,
2025-12-22T08:27:02.505Z,0.76,2,1000,640x360,1.977530999999999,1035,
2025-12-22T08:27:02.967Z,0.737,2,1000,640x360,1.9218529999999987,1035,
2025-12-22T08:27:03.583Z,0.698,2,1000,640x360,1.9986319999999864,1032,
2025-12-22T08:27:04.124Z,0.679,2,1000,640x360,1.9657159999999863,1029,
2025-12-22T08:27:04.644Z,0.629,2,1000,640x360,1.9499909999999545,1029,
2025-12-22T08:27:05.119Z,0.622,2,1000,640x360,1.985225000000014,1018,
2025-12-22T08:27:05.946Z,0.302,2,1000,640x360,1.941344000000015,998,
2025-12-22T08:27:06.022Z,0.724,1,600,480x270,1.958911999999998,874,
2025-12-22T08:27:06.483Z,0.67,1,600,480x270,1.9948360000000207,874,
2025-12-22T08:27:07.000Z,0.66,1,600,480x270,1.9861630000000332,900,
2025-12-22T08:27:07.480Z,0.675,1,600,480x270,1.999147999999991,898,
2025-12-22T08:27:08.028Z,0.637,1,600,480x270,1.9723490000000083,904,
2025-12-22T08:27:08.504Z,0.649,1,600,480x270,1.9770229999999742,889,
2025-12-22T08:27:09.014Z,0.694,1,600,480x270,1.9900609999999688,882,
2025-12-22T08:27:09.618Z,0.558,1,600,480x270,1.966415999999981,869,
2025-12-22T08:27:10.022Z,0.635,1,600,480x270,1.9722859999999969,877,
2025-12-22T08:27:10.437Z,0.735,1,600,480x270,1.9466029999999819,877,
2025-12-22T08:27:11.216Z,0.438,1,600,480x270,1.9771809999999732,872,
2025-12-22T08:27:11.296Z,0.453,0,200,320x180,1.9874749999999608,839,
2025-12-22T08:27:11.442Z,0.63,0,200,320x180,1.9470519999999851,839,
2025-12-22T08:27:11.616Z,1,0,200,320x180,1.9789760000000456,839,
2025-12-22T08:27:11.752Z,1.37,0,200,320x180,1.9376249999999686,854,
2025-12-22T08:27:11.845Z,1.777,0,200,320x180,1.9441730000000348,854,
2025-12-22T08:27:11.922Z,2.233,0,200,320x180,1.9681870000000004,854,
2025-12-22T08:27:12.446Z,2.217,0,200,320x180,1.937874000000022,919,
2025-12-22T08:27:12.950Z,2.266,0,200,320x180,1.9548550000000091,910,
2025-12-22T08:27:13.419Z,2.25,0,200,320x180,1.9774700000000394,924,
2025-12-22T08:27:13.900Z,2.217,0,200,320x180,1.9904399999999782,947,
2025-12-22T08:27:14.409Z,2.22,0,200,320x180,1.9739930000000072,950,
2025-12-22T08:27:14.708Z,2.032,1,600,480x270,1.9766780000000495,963,
2025-12-22T08:27:15.022Z,2.161,1,600,480x270,1.9607769999999505,963,
2025-12-22T08:27:15.455Z,2.195,1,600,480x270,1.9276839999999993,987,
2025-12-22T08:27:16.234Z,1.914,1,600,480x270,1.964142000000038,1001,
2025-12-22T08:27:16.558Z,2.086,1,600,480x270,1.9331980000000044,1015,
2025-12-22T08:27:16.973Z,2.244,1,600,480x270,1.9215940000000273,1038,
2025-12-22T08:27:17.436Z,2.214,1,600,480x270,1.9529529999999795,1051,
2025-12-22T08:27:17.963Z,2.232,1,600,480x270,1.916956999999968,1060,
2025-12-22T08:27:18.105Z,2.076,2,1000,640x360,1.990070000000003,1060,
2025-12-22T08:27:19.453Z,0.735,2,1000,640x360,1.937170999999978,1069,
2025-12-22T08:27:19.880Z,0.989,2,1000,640x360,2.0061810000000264,1069,
2025-12-22T08:27:20.370Z,0.949,2,1000,640x360,1.9151960000000372,1069,
2025-12-22T08:27:20.814Z,0.934,2,1000,640x360,1.9965240000000222,1070,
2025-12-22T08:27:21.179Z,1.081,2,1000,640x360,1.9085980000000404,1069,
2025-12-22T08:27:21.731Z,1.118,2,1000,640x360,1.9678120000000376,1068,
2025-12-22T08:27:22.330Z,1.109,2,1000,640x360,1.9702519999999595,1070,
2025-12-22T08:27:22.882Z,0.796,2,1000,640x360,2.0089000000000397,1071,
2025-12-22T08:27:23.395Z,1.021,2,1000,640x360,1.989327000000003,1071,
2025-12-22T08:27:23.868Z,0.994,2,1000,640x360,1.9238090000000057,1061,
2025-12-22T08:27:24.308Z,0.961,2,1000,640x360,1.980384000000015,1066,
2025-12-22T08:27:24.730Z,1.194,2,1000,640x360,1.9647640000000024,1064,
2025-12-22T08:27:25.173Z,1.112,2,1000,640x360,1.9154479999999694,1065,
2025-12-22T08:27:25.576Z,1.134,2,1000,640x360,1.9129220000000373,1063,
2025-12-22T08:27:26.428Z,0.838,2,1000,640x360,1.9629130000000146,1065,
2025-12-22T08:27:26.712Z,1.074,2,1000,640x360,1.9756619999999998,1065,
2025-12-22T08:27:26.986Z,1.308,2,1000,640x360,2.002233999999987,1065,
2025-12-22T08:27:27.844Z,1.02,2,1000,640x360,1.949672000000021,1065,
2025-12-22T08:27:28.406Z,0.979,2,1000,640x360,1.9758500000000367,1067,
2025-12-22T08:27:29.093Z,0.689,2,1000,640x360,1.9933919999999716,1067,
2025-12-22T08:27:29.594Z,0.653,2,1000,640x360,1.990002000000004,1068,
2025-12-22T08:27:30.024Z,0.898,2,1000,640x360,1.9775539999999978,1062,
2025-12-22T08:27:30.519Z,0.853,2,1000,640x360,1.973434999999995,1062,
2025-12-22T08:27:30.898Z,0.827,2,1000,640x360,1.9866549999999847,1051,
2025-12-22T08:27:31.313Z,0.989,2,1000,640x360,1.9713669999999865,1057,
2025-12-22T08:27:31.732Z,1.026,2,1000,640x360,1.9591869999999858,1056,
2025-12-22T08:27:32.132Z,1.27,2,1000,640x360,1.9544099999999958,1055,
2025-12-22T08:27:33.036Z,0.705,2,1000,640x360,1.9665319999999724,1055,
2025-12-22T08:27:33.553Z,0.66,2,1000,640x360,1.9254189999999767,1055,
2025-12-22T08:27:34.052Z,0.637,2,1000,640x360,1.9437199999999848,1042,
2025-12-22T08:27:34.539Z,0.878,2,1000,640x360,1.9418900000000008,1040,
2025-12-22T08:27:35.059Z,0.823,2,1000,640x360,1.9289160000000152,1040,
2025-12-22T08:27:35.512Z,0.799,2,1000,640x360,1.9681070000000318,1043,
2025-12-22T08:27:35.973Z,0.777,2,1000,640x360,1.9136630000000423,1043,
2025-12-22T08:27:36.322Z,0.86,2,1000,640x360,1.968451000000016,1049,
2025-12-22T08:27:36.744Z,0.991,2,1000,640x360,1.9453640000000405,1043,
2025-12-22T08:27:37.178Z,1.139,2,1000,640x360,1.9170110000000022,1045,
2025-12-22T08:27:37.759Z,0.937,2,1000,640x360,1.9443310000000338,1043,
2025-12-22T08:27:38.176Z,1.058,2,1000,640x360,1.9130509999999958,1046,
2025-12-22T08:27:38.583Z,1.111,2,1000,640x360,2.0022370000000365,1054,
2025-12-22T08:27:39.480Z,0.833,2,1000,640x360,2.006529999999998,1055,
2025-12-22T08:27:39.949Z,0.789,2,1000,640x360,1.938635999999974,1055,
2025-12-22T08:27:40.333Z,0.88,2,1000,640x360,1.9575169999999957,1064,
2025-12-22T08:27:40.719Z,1.005,2,1000,640x360,1.968731000000048,1064,
2025-12-22T08:27:41.131Z,1.167,2,1000,640x360,1.9551930000000084,1066,
2025-12-22T08:27:42.041Z,0.679,2,1000,640x360,1.953520000000026,1068,
2025-12-22T08:27:42.441Z,0.908,2,1000,640x360,1.9530300000000125,1068,
2025-12-22T08:27:42.711Z,1.137,2,1000,640x360,1.9923459999999977,1075,
2025-12-22T08:27:42.973Z,1.38,2,1000,640x360,1.932471000000021,1074,
2025-12-22T08:27:43.823Z,0.995,2,1000,640x360,1.962459000000024,1075,
2025-12-22T08:27:44.442Z,0.773,2,1000,640x360,1.9375210000000038,1077,
2025-12-22T08:27:45.021Z,0.745,2,1000,640x360,1.9665749999999775,1080,
2025-12-22T08:27:45.471Z,0.716,2,1000,640x360,1.9091310000000021,1085,
2025-12-22T08:27:45.764Z,0.963,2,1000,640x360,1.9299439999999777,1087,
2025-12-22T08:27:46.069Z,1.184,2,1000,640x360,1.9328009999999836,1089,
2025-12-22T08:27:46.901Z,0.892,2,1000,640x360,2.001177000000041,1091,
2025-12-22T08:27:47.274Z,0.991,2,1000,640x360,1.9251070000000254,1091,
2025-12-22T08:27:47.571Z,1.123,2,1000,640x360,1.9115620000000035,1096,
2025-12-22T08:27:48.541Z,0.777,2,1000,640x360,1.943053999999961,1097,
2025-12-22T08:27:49.224Z,0.48,2,1000,640x360,1.9668950000000223,1097,
2025-12-22T08:27:49.296Z,0.945,1,600,480x270,1.9887330000000247,1103,
2025-12-22T08:27:49.598Z,1.056,1,600,480x270,1.9840679999999793,1103,
2025-12-22T08:27:49.847Z,1.318,1,600,480x270,1.9466749999999706,1117,
2025-12-22T08:27:50.118Z,1.544,1,600,480x270,1.9674700000000485,1117,
2025-12-22T08:27:50.352Z,1.797,1,600,480x270,1.9295910000000163,1166,
2025-12-22T08:27:50.621Z,2.038,1,600,480x270,1.9659809999999993,1166,
2025-12-22T08:27:51.078Z,2.094,1,600,480x270,1.9206929999999716,1164,
2025-12-22T08:27:51.562Z,2.134,1,600,480x270,1.927787999999964,1169,
2025-12-22T08:27:51.991Z,2.158,1,600,480x270,1.9912909999999897,1174,
2025-12-22T08:27:52.602Z,2.055,1,600,480x270,1.9816250000000082,1176,
2025-12-22T08:27:52.711Z,2.019,2,1000,640x360,1.9729719999999702,1198,
2025-12-22T08:27:53.858Z,0.964,2,1000,640x360,1.933396000000016,1190,
2025-12-22T08:27:54.295Z,0.919,2,1000,640x360,1.9943470000000048,1181,
2025-12-22T08:27:54.650Z,1.152,2,1000,640x360,1.938873000000001,1177,
2025-12-22T08:27:55.507Z,0.841,2,1000,640x360,1.9847780000000057,1174,
2025-12-22T08:27:55.887Z,0.812,2,1000,640x360,1.9966340000000287,1174,
2025-12-22T08:27:56.278Z,0.98,2,1000,640x360,1.901913000000036,1161,
2025-12-22T08:27:56.642Z,1.112,2,1000,640x360,1.944043000000022,1160,
2025-12-22T08:27:57.516Z,0.715,2,1000,640x360,1.9706840000000057,1157,
2025-12-22T08:27:57.965Z,0.954,2,1000,640x360,1.9309399999999641,1157,
2025-12-22T08:27:58.420Z,0.917,2,1000,640x360,1.9609810000000039,1121,
2025-12-22T08:27:58.927Z,0.897,2,1000,640x360,1.9697510000000307,1110,
2025-12-22T08:27:59.347Z,0.858,2,1000,640x360,1.9492380000000367,1096,
2025-12-22T08:27:59.812Z,1.092,2,1000,640x360,1.9724459999999908,1083,
2025-12-22T08:28:00.726Z,0.536,2,1000,640x360,1.9641020000000253,1078,
2025-12-22T08:28:00.797Z,0.949,1,600,480x270,1.9947859999999764,1063,
2025-12-22T08:28:01.126Z,1.024,1,600,480x270,1.959069999999997,1063,
2025-12-22T08:28:01.388Z,1.269,1,600,480x270,1.9910529999999653,1065,
2025-12-22T08:28:01.593Z,1.572,1,600,480x270,1.9916509999999903,1065,
2025-12-22T08:28:01.923Z,1.734,1,600,480x270,1.960378999999989,1131,
2025-12-22T08:28:02.331Z,1.817,1,600,480x270,1.9625130000000013,1131,
2025-12-22T08:28:02.847Z,1.864,1,600,480x270,1.948172999999997,1136,
2025-12-22T08:28:03.221Z,1.954,1,600,480x270,1.9627979999999638,1141,
2025-12-22T08:28:03.587Z,2.058,1,600,480x270,1.9984469999999988,1150,
2025-12-22T08:28:03.990Z,2.155,1,600,480x270,1.9891299999999887,1155,
2025-12-22T08:28:04.210Z,2.002,2,1000,640x360,1.9702110000000062,1170,
2025-12-22T08:28:05.162Z,1.009,2,1000,640x360,1.9227989999999977,1164,
2025-12-22T08:28:06.147Z,0.702,2,1000,640x360,1.9443229999999971,1163,
2025-12-22T08:28:06.623Z,0.664,2,1000,640x360,1.9646639999999707,1158,
2025-12-22T08:28:07.116Z,0.644,2,1000,640x360,1.9836710000000153,1154,
2025-12-22T08:28:07.522Z,0.878,2,1000,640x360,1.9705860000000257,1144,
2025-12-22T08:28:07.935Z,0.844,2,1000,640x360,1.968825000000038,1144,
2025-12-22T08:28:08.369Z,0.813,2,1000,640x360,1.926400000000001,1132,
2025-12-22T08:28:08.797Z,1.048,2,1000,640x360,1.9882590000000278,1130,
2025-12-22T08:28:09.245Z,1.014,2,1000,640x360,1.9463569999999777,1124,
2025-12-22T08:28:09.725Z,0.981,2,1000,640x360,1.9656470000000468,1116,
2025-12-22T08:28:10.395Z,0.939,2,1000,640x360,2.000043000000005,1113,
2025-12-22T08:28:11.416Z,0.372,2,1000,640x360,1.9667900000000031,974,
2025-12-22T08:28:11.484Z,0.715,1,600,480x270,1.9977969999999914,870,
2025-12-22T08:28:12.034Z,0.689,1,600,480x270,1.9702020000000289,870,
2025-12-22T08:28:12.574Z,0.574,1,600,480x270,1.9163450000000353,845,
2025-12-22T08:28:12.897Z,0.281,1,600,480x270,1.9932450000000017,839,rebuffer happen
2025-12-22T08:28:13.147Z,0.522,1,600,480x270,1.9451880000000301,839,
2025-12-22T08:28:13.427Z,0.25,1,600,480x270,1.962302999999963,807,rebuffer happen
2025-12-22T08:28:13.729Z,0.422,1,600,480x270,1.966148999999973,807,
2025-12-22T08:28:13.958Z,0.219,1,600,480x270,1.928594999999973,752,rebuffer happen
2025-12-22T08:28:14.326Z,0.33,1,600,480x270,1.9619240000000104,752,
2025-12-22T08:28:14.488Z,0.189,1,600,480x270,1.998896000000002,749,rebuffer happen
2025-12-22T08:28:14.654Z,0.032,1,600,480x270,1.9424810000000434,749,rebuffer happen
2025-12-22T08:28:14.881Z,0.345,1,600,480x270,2.082245999999998,749,
2025-12-22T08:28:14.962Z,0.336,0,200,320x180,1.9999779999999987,736,
2025-12-22T08:28:14.963Z,0.288,0,200,320x180,1.99901600000004,736,rebuffer happen
2025-12-22T08:28:15.137Z,0.546,0,200,320x180,2.0185690000000136,736,
2025-12-22T08:28:15.360Z,0.813,0,200,320x180,1.9682720000000131,740,
2025-12-22T08:28:15.576Z,1.117,0,200,320x180,1.9426070000000095,740,
2025-12-22T08:28:15.761Z,1.435,0,200,320x180,1.9720859999999902,707,
2025-12-22T08:28:15.985Z,1.7,0,200,320x180,2.0268459999999777,707,
2025-12-22T08:28:16.153Z,1.985,0,200,320x180,1.9562579999999912,707,
2025-12-22T08:28:16.449Z,2.266,0,200,320x180,1.950384999999983,703,
2025-12-22T08:28:16.924Z,2.267,0,200,320x180,1.982116000000019,713,
2025-12-22T08:28:17.435Z,2.273,0,200,320x180,1.9686029999999732,730,
2025-12-22T08:28:17.948Z,2.257,0,200,320x180,1.940958999999964,739,
2025-12-22T08:28:18.411Z,2.276,0,200,320x180,1.9722189999999955,744,
2025-12-22T08:28:18.489Z,2.257,1,600,480x270,1.8939919999999688,744,
2025-12-22T08:28:19.258Z,1.899,1,600,480x270,1.922916999999984,741,
2025-12-22T08:28:19.657Z,2.005,1,600,480x270,1.9312570000000164,863,
2025-12-22T08:28:20.152Z,2.001,1,600,480x270,1.9425180000000069,904,
2025-12-22T08:28:20.602Z,2.042,1,600,480x270,1.9915579999999977,945,
2025-12-22T08:28:21.116Z,2.043,1,600,480x270,1.9850140000000351,943,
2025-12-22T08:28:21.647Z,2.032,1,600,480x270,1.9383159999999862,971,
2025-12-22T08:28:22.119Z,2.053,1,600,480x270,1.9624259999999936,976,
2025-12-22T08:28:22.624Z,2.027,1,600,480x270,1.9650079999999548,995,
2025-12-22T08:28:23.192Z,1.989,1,600,480x270,1.9891750000000457,1003,
2025-12-22T08:28:23.629Z,2.018,1,600,480x270,1.9635419999999613,1015,
2025-12-22T08:28:23.707Z,1.999,2,1000,640x360,1.9832140000000322,1027,
2025-12-22T08:28:24.593Z,1.194,2,1000,640x360,1.9999599999999873,1024,
2025-12-22T08:28:25.528Z,0.903,2,1000,640x360,1.959132000000011,1030,
2025-12-22T08:28:25.978Z,0.867,2,1000,640x360,1.907572000000016,1030,
2025-12-22T08:28:26.409Z,0.835,2,1000,640x360,1.9719360000000279,1037,
2025-12-22T08:28:26.839Z,0.98,2,1000,640x360,1.9541639999999916,1039,
2025-12-22T08:28:27.272Z,1.031,2,1000,640x360,1.909325000000024,1041,
2025-12-22T08:28:27.715Z,1.022,2,1000,640x360,1.9771119999999769,1043,
2025-12-22T08:28:28.134Z,1.24,2,1000,640x360,1.9614950000000135,1045,
2025-12-22T08:28:29.041Z,0.683,2,1000,640x360,1.9483379999999784,1047,
2025-12-22T08:28:29.538Z,0.642,2,1000,640x360,1.941838999999959,1047,
2025-12-22T08:28:29.737Z,1.025,2,1000,640x360,1.9504309999999805,1044,
2025-12-22T08:28:30.050Z,1.126,2,1000,640x360,1.933716000000004,1046,
2025-12-22T08:28:31.325Z,0.574,2,1000,640x360,1.9694999999999823,1048,
2025-12-22T08:28:31.403Z,0.801,1,600,480x270,1.997222000000022,1056,
2025-12-22T08:28:31.769Z,0.876,1,600,480x270,1.9237940000000435,1056,
2025-12-22T08:28:32.045Z,1.118,1,600,480x270,1.948822000000007,1105,
2025-12-22T08:28:32.302Z,1.356,1,600,480x270,1.981898000000001,1107,
2025-12-22T08:28:32.550Z,1.594,1,600,480x270,1.9312140000000113,1107,
2025-12-22T08:28:32.797Z,1.814,1,600,480x270,1.9841339999999832,1134,
2025-12-22T08:28:33.056Z,2.088,1,600,480x270,1.9230440000000044,1134,
2025-12-22T08:28:33.465Z,2.19,1,600,480x270,1.917162000000019,1155,
2025-12-22T08:28:34.005Z,2.18,1,600,480x270,1.9844469999999887,1167,
2025-12-22T08:28:34.490Z,2.156,1,600,480x270,1.988094999999987,1181,
2025-12-22T08:28:34.945Z,2.203,1,600,480x270,1.9356829999999832,1188,
2025-12-22T08:28:35.014Z,2.223,2,1000,640x360,1.9713399999999979,1188,
2025-12-22T08:28:36.478Z,0.739,2,1000,640x360,1.9044269999999983,1196,
2025-12-22T08:28:36.950Z,0.987,2,1000,640x360,1.9382609999999545,1188,
2025-12-22T08:28:37.347Z,0.887,2,1000,640x360,1.940326999999968,1181,
2025-12-22T08:28:37.752Z,0.924,2,1000,640x360,1.9412779999999543,1176,
2025-12-22T08:28:38.260Z,1.156,2,1000,640x360,1.9270510000000058,1171,
2025-12-22T08:28:38.527Z,1.281,2,1000,640x360,1.9527830000000108,1154,
2025-12-22T08:28:39.404Z,0.824,2,1000,640x360,1.9797179999999912,1157,
2025-12-22T08:28:39.836Z,1.058,2,1000,640x360,1.9577360000000112,1150,
2025-12-22T08:28:40.192Z,1.029,2,1000,640x360,1.990891999999974,1147,
2025-12-22T08:28:40.577Z,1.258,2,1000,640x360,1.9019180000000233,1143,
2025-12-22T08:28:41.459Z,0.96,2,1000,640x360,1.9218159999999784,1141,
2025-12-22T08:28:42.076Z,0.67,2,1000,640x360,1.9130999999999858,1141,
2025-12-22T08:28:42.685Z,0.632,2,1000,640x360,2.0105069999999614,1120,
2025-12-22T08:28:42.754Z,0.944,1,600,480x270,1.9467270000000099,1105,
2025-12-22T08:28:43.108Z,1.041,1,600,480x270,1.9878219999999942,1105,
2025-12-22T08:28:43.471Z,1.178,1,600,480x270,1.9100409999999783,1151,
2025-12-22T08:28:43.801Z,1.357,1,600,480x270,1.9809639999999717,1151,
2025-12-22T08:28:44.207Z,1.407,1,600,480x270,1.9843839999999773,1174,
2025-12-22T08:28:44.480Z,1.675,1,600,480x270,1.9997169999999755,1187,
2025-12-22T08:28:44.749Z,1.903,1,600,480x270,1.9479919999999993,1187,
2025-12-22T08:28:45.012Z,2.104,1,600,480x270,1.9834840000000327,1207,
2025-12-22T08:28:45.475Z,2.17,1,600,480x270,1.9037830000000326,1215,
2025-12-22T08:28:45.980Z,2.222,1,600,480x270,2.002018000000021,1224,
2025-12-22T08:28:46.163Z,2.184,2,1000,640x360,1.9181029999999737,1235,
2025-12-22T08:28:47.426Z,0.853,2,1000,640x360,1.9629370000000108,1232,
2025-12-22T08:28:47.808Z,1.09,2,1000,640x360,1.9760539999999764,1232,
2025-12-22T08:28:48.179Z,0.991,2,1000,640x360,2.0009210000000053,1211,
2025-12-22T08:28:48.710Z,1.027,2,1000,640x360,1.9798810000000344,1207,
2025-12-22T08:28:49.614Z,0.727,2,1000,640x360,1.9729299999999625,1194,
2025-12-22T08:28:50.504Z,0.164,2,1000,640x360,1.9843070000000012,1082,rebuffer happen
2025-12-22T08:28:50.547Z,0.164,2,1000,640x360,1.941080999999997,1082,
2025-12-22T08:28:50.625Z,0.62,1,600,480x270,1.9608920000000012,948,
2025-12-22T08:28:51.194Z,0.524,1,600,480x270,2.0027390000000196,948,
2025-12-22T08:28:51.426Z,0.245,1,600,480x270,1.965613000000019,862,rebuffer happen
2025-12-22T08:28:51.772Z,0.407,1,600,480x270,1.917903000000024,862,
2025-12-22T08:28:52.047Z,0.222,1,600,480x270,1.938504000000023,851,rebuffer happen
2025-12-22T08:28:52.141Z,0.295,1,600,480x270,1.9454229999999484,851,rebuffer happen
2025-12-22T08:28:52.297Z,0.325,1,600,480x270,1.9843319999999949,851,
2025-12-22T08:28:52.504Z,0.166,1,600,480x270,1.9855499999999893,825,rebuffer happen
2025-12-22T08:28:52.810Z,0.299,1,600,480x270,1.9850680000000125,825,rebuffer happen
2025-12-22T08:28:52.906Z,0.251,1,600,480x270,1.980056999999988,825,
2025-12-22T08:28:53.378Z,0.302,1,600,480x270,1.9220350000000508,959,
2025-12-22T08:28:53.379Z,0.297,1,600,480x270,1.9214100000000371,959,rebuffer happen
2025-12-22T08:28:53.684Z,0.295,1,600,480x270,2.0089439999999854,877,rebuffer happen
2025-12-22T08:28:53.772Z,0.378,1,600,480x270,1.9200840000000312,877,
2025-12-22T08:28:53.947Z,0.232,1,600,480x270,1.9488079999999854,893,rebuffer happen
2025-12-22T08:28:54.270Z,0.413,1,600,480x270,1.9254849999999806,893,
2025-12-22T08:28:54.498Z,0.181,1,600,480x270,2.284199000000001,877,rebuffer happen
2025-12-22T08:28:54.979Z,0.177,1,600,480x270,2.1934399999999528,877,
2025-12-22T08:28:55.071Z,0.123,0,200,320x180,2.196729000000005,842,
2025-12-22T08:28:55.186Z,0.4,0,200,320x180,2.285587000000021,842,
2025-12-22T08:28:55.294Z,0.811,0,200,320x180,2.28598599999998,871,
2025-12-22T08:28:55.391Z,1.224,0,200,320x180,2.2500239999999962,871,
2025-12-22T08:28:55.481Z,1.59,0,200,320x180,2.2327889999999684,871,
2025-12-22T08:28:55.617Z,2,0,200,320x180,2.1887530000000197,871,
2025-12-22T08:28:56.082Z,1.963,0,200,320x180,2.150978000000009,942,
2025-12-22T08:28:56.690Z,1.811,0,200,320x180,2.073827999999992,912,
2025-12-22T08:28:57.208Z,1.729,0,200,320x180,2.005038000000013,910,
2025-12-22T08:28:57.705Z,1.647,0,200,320x180,1.990193999999974,898,
2025-12-22T08:28:58.272Z,1.589,0,200,320x180,1.9126719999999864,890,
2025-12-22T08:28:58.772Z,1.592,0,200,320x180,1.9187650000000076,879,
2025-12-22T08:28:58.853Z,1.614,1,600,480x270,1.9471469999999726,878,
2025-12-22T08:28:59.284Z,1.58,1,600,480x270,2.00180899999998,878,
2025-12-22T08:28:59.801Z,1.602,1,600,480x270,2.0000779999999736,921,
2025-12-22T08:29:00.314Z,1.567,1,600,480x270,1.9763220000000388,935,
2025-12-22T08:29:00.814Z,1.564,1,600,480x270,1.9743020000000229,965,
2025-12-22T08:29:01.310Z,1.573,1,600,480x270,1.9832780000000412,984,
2025-12-22T08:29:01.816Z,1.571,1,600,480x270,1.966105999999968,1015,
2025-12-22T08:29:02.294Z,1.564,1,600,480x270,1.986311999999998,1033,
2025-12-22T08:29:02.372Z,1.584,2,1000,640x360,1.9081340000000182,1039,
2025-12-22T08:29:02.823Z,1.557,2,1000,640x360,1.9683689999999956,1039,
2025-12-22T08:29:03.303Z,1.583,2,1000,640x360,1.9840719999999692,1043,
2025-12-22T08:29:03.796Z,1.577,2,1000,640x360,2.0005009999999857,1076,
2025-12-22T08:29:04.284Z,1.607,2,1000,640x360,2.004009999999994,1099,
2025-12-22T08:29:04.801Z,1.592,2,1000,640x360,1.9893819999999778,1115,
2025-12-22T08:29:05.339Z,1.547,2,1000,640x360,1.9494119999999953,1141,
2025-12-22T08:29:05.880Z,1.508,2,1000,640x360,2.0060310000000072,1167,
2025-12-22T08:29:06.386Z,1.501,2,1000,640x360,2.001092999999969,1186,
2025-12-22T08:29:06.874Z,1.506,2,1000,640x360,1.9217619999999442,1213,
2025-12-22T08:29:07.365Z,1.526,2,1000,640x360,1.9192510000000311,1229,
2025-12-22T08:29:07.858Z,1.538,2,1000,640x360,1.9337480000000369,1244,
2025-12-22T08:29:08.359Z,1.521,2,1000,640x360,1.9314729999999827,1264,
2025-12-22T08:29:08.861Z,1.556,2,1000,640x360,1.9458069999999452,1280,
2025-12-22T08:29:09.336Z,1.552,2,1000,640x360,1.9658480000000509,1293,
2025-12-22T08:29:09.819Z,1.565,2,1000,640x360,1.971785000000068,1303,
2025-12-22T08:29:10.323Z,1.555,2,1000,640x360,1.9586020000000417,1318,
2025-12-22T08:29:10.847Z,1.55,2,1000,640x360,1.9405310000000782,1340,
2025-12-22T08:29:11.337Z,1.542,2,1000,640x360,1.9424159999999802,1356,
2025-12-22T08:29:11.823Z,1.566,2,1000,640x360,1.97214699999995,1371,
2025-12-22T08:29:12.329Z,1.552,2,1000,640x360,1.9621779999999944,1385,
2025-12-22T08:29:12.813Z,1.595,2,1000,640x360,1.9990320000000565,1407,
2025-12-22T08:29:13.283Z,1.616,2,1000,640x360,2.0109260000000404,1403,
2025-12-22T08:29:13.813Z,1.578,2,1000,640x360,1.9788460000000896,1420,
2025-12-22T08:29:14.346Z,1.55,2,1000,640x360,1.9346969999999146,1431,
2025-12-22T08:29:14.828Z,1.553,2,1000,640x360,1.9665569999999661,1449,
2025-12-22T08:29:15.318Z,1.564,2,1000,640x360,1.9654500000000326,1449,
2025-12-22T08:29:15.840Z,1.559,2,1000,640x360,1.9545209999999997,1477,
2025-12-22T08:29:16.333Z,1.555,2,1000,640x360,1.9501080000000002,1492,
2025-12-22T08:29:16.813Z,1.567,2,1000,640x360,2.0019929999999704,1505,
2025-12-22T08:29:17.285Z,1.622,2,1000,640x360,1.9045040000000881,1514,
2025-12-22T08:29:17.889Z,1.483,2,1000,640x360,1.9983519999999544,1514,
2025-12-22T08:29:18.677Z,1.183,2,1000,640x360,1.9083689999999933,1475,
2025-12-22T08:29:19.464Z,0.883,2,1000,640x360,1.9208280000000286,1432,
2025-12-22T08:29:19.538Z,0.915,1,600,480x270,1.9403780000000097,1255,
2025-12-22T08:29:20.026Z,0.869,1,600,480x270,1.9719680000000608,1255,
2025-12-22T08:29:20.520Z,0.863,1,600,480x270,1.9592700000000605,1369,
2025-12-22T08:29:21.044Z,0.878,1,600,480x270,1.9582430000000386,1385,
2025-12-22T08:29:21.596Z,0.764,1,600,480x270,1.9952449999999544,1334,
2025-12-22T08:29:22.188Z,0.715,1,600,480x270,1.995349000000033,1254,
2025-12-22T08:29:22.662Z,0.711,1,600,480x270,1.9303730000000314,1392,
2025-12-22T08:29:23.139Z,0.767,1,600,480x270,1.9453809999999976,1404,
2025-12-22T08:29:23.632Z,0.753,1,600,480x270,1.9606749999999238,1281,
2025-12-22T08:29:24.132Z,0.757,1,600,480x270,1.9629460000001018,1232,
2025-12-22T08:29:24.411Z,0.97,1,600,480x270,1.9741490000000113,1164,
2025-12-22T08:29:24.658Z,1.214,1,600,480x270,1.9301959999999099,1164,
2025-12-22T08:29:24.744Z,1.231,2,1000,640x360,1.9572769999999764,1214,
2025-12-22T08:29:25.157Z,1.23,2,1000,640x360,1.940291000000002,1214,
2025-12-22T08:29:25.592Z,1.283,2,1000,640x360,1.991753000000017,1243,
2025-12-22T08:29:26.033Z,1.373,2,1000,640x360,1.9696850000000268,1268,
2025-12-22T08:29:26.487Z,1.387,2,1000,640x360,2.0023069999999734,1268,
2025-12-22T08:29:26.948Z,1.438,2,1000,640x360,1.9477530000000343,1408,
2025-12-22T08:29:27.400Z,1.464,2,1000,640x360,1.9837650000000622,1363,
2025-12-22T08:29:27.852Z,1.534,2,1000,640x360,1.9488000000000056,1380,
2025-12-22T08:29:28.290Z,1.589,2,1000,640x360,1.9926580000000058,1377,
2025-12-22T08:29:28.724Z,1.659,2,1000,640x360,1.9830120000000306,1383,
2025-12-22T08:29:29.203Z,1.664,2,1000,640x360,1.9950300000000425,1374,
2025-12-22T08:29:29.714Z,1.678,2,1000,640x360,1.9828710000000456,1394,
2025-12-22T08:29:30.218Z,1.676,2,1000,640x360,1.9758580000000165,1402,
2025-12-22T08:29:30.732Z,1.658,2,1000,640x360,1.963151000000039,1412,
2025-12-22T08:29:31.221Z,1.655,2,1000,640x360,1.9649289999999837,1415,
2025-12-22T08:29:31.701Z,1.682,2,1000,640x360,1.9869209999999384,1413,
2025-12-22T08:29:32.182Z,1.69,2,1000,640x360,2.0034160000000156,1416,
2025-12-22T08:29:32.640Z,1.75,2,1000,640x360,1.9456019999998944,1396,
2025-12-22T08:29:33.117Z,1.754,2,1000,640x360,1.973557000000028,1406,
2025-12-22T08:29:33.582Z,1.785,2,1000,640x360,1.9998430000000553,1404,
2025-12-22T08:29:34.061Z,1.826,2,1000,640x360,1.9378010000000359,1410,
2025-12-22T08:29:34.537Z,1.844,2,1000,640x360,1.9446720000000823,1394,
2025-12-22T08:29:35.009Z,1.872,2,1000,640x360,1.9723170000000891,1394,
2025-12-22T08:29:35.454Z,1.923,2,1000,640x360,1.9276839999999993,1368,
2025-12-22T08:29:35.944Z,1.951,2,1000,640x360,1.9398459999999886,1345,
2025-12-22T08:29:36.433Z,1.95,2,1000,640x360,1.953661000000011,1346,
2025-12-22T08:29:36.927Z,1.962,2,1000,640x360,1.9670720000000301,1391,
2025-12-22T08:29:37.429Z,1.954,2,1000,640x360,1.9562720000000127,1398,
2025-12-22T08:29:37.934Z,1.96,2,1000,640x360,1.967129,1406,
2025-12-22T08:29:38.431Z,1.955,2,1000,640x360,1.95293700000002,1423,
2025-12-22T08:29:38.925Z,1.954,2,1000,640x360,1.956662999999935,1437,
2025-12-22T08:29:39.434Z,1.951,2,1000,640x360,1.944990999999959,1445,
2025-12-22T08:29:39.939Z,1.94,2,1000,640x360,1.9462750000000142,1463,
2025-12-22T08:29:40.439Z,1.952,2,1000,640x360,1.941259999999943,1475,
2025-12-22T08:29:40.928Z,1.962,2,1000,640x360,1.9654580000000124,1482,
2025-12-22T08:29:41.437Z,1.952,2,1000,640x360,1.945820000000026,1487,
2025-12-22T08:29:41.930Z,1.973,2,1000,640x360,1.9666939999999613,1497,
2025-12-22T08:29:42.448Z,1.947,2,1000,640x360,1.9383930000000191,1503,
2025-12-22T08:29:42.938Z,1.937,2,1000,640x360,1.94404499999996,1514,
2025-12-22T08:29:43.432Z,1.948,2,1000,640x360,1.9534360000000106,1514,
2025-12-22T08:29:43.512Z,1.947,3,1500,768x432,1.9705660000000762,1525,
2025-12-22T08:29:44.193Z,1.675,3,1500,768x432,1.9951680000000351,1525,
2025-12-22T08:29:44.846Z,1.543,3,1500,768x432,1.9480170000000498,1504,
2025-12-22T08:29:45.514Z,1.354,3,1500,768x432,1.9688560000000734,1518,
2025-12-22T08:29:46.173Z,1.196,3,1500,768x432,1.9221860000000106,1511,
2025-12-22T08:29:46.851Z,1.019,3,1500,768x432,1.9401039999999057,1513,
2025-12-22T08:29:47.534Z,0.842,3,1500,768x432,1.9491220000001022,1521,
2025-12-22T08:29:47.609Z,0.845,2,1000,640x360,1.9737019999998893,1520,
2025-12-22T08:29:48.049Z,0.829,2,1000,640x360,1.932390000000055,1520,
2025-12-22T08:29:48.491Z,0.886,2,1000,640x360,1.9886360000000423,1522,
2025-12-22T08:29:48.931Z,0.954,2,1000,640x360,1.957243999999946,1522,
2025-12-22T08:29:49.366Z,1.003,2,1000,640x360,1.9152189999999791,1507,
2025-12-22T08:29:49.801Z,1.084,2,1000,640x360,1.9986990000001015,1513,
2025-12-22T08:29:50.292Z,1.069,2,1000,640x360,1.9942649999999276,1494,
2025-12-22T08:29:50.744Z,1.139,2,1000,640x360,1.953628999999978,1542,
2025-12-22T08:29:51.184Z,1.199,2,1000,640x360,2.013313000000039,1507,
2025-12-22T08:29:51.640Z,1.247,2,1000,640x360,1.9502690000000484,1516,
2025-12-22T08:29:52.101Z,1.27,2,1000,640x360,1.9847029999999677,1516,
2025-12-22T08:29:52.532Z,1.334,2,1000,640x360,1.957734999999957,1510,
2025-12-22T08:29:52.974Z,1.409,2,1000,640x360,1.9156320000000733,1510,
2025-12-22T08:29:53.413Z,1.466,2,1000,640x360,1.9693619999999328,1482,
2025-12-22T08:29:53.869Z,1.533,2,1000,640x360,1.9268660000000182,1471,
2025-12-22T08:29:54.302Z,1.563,2,1000,640x360,1.9825919999999542,1460,
2025-12-22T08:29:54.736Z,1.645,2,1000,640x360,1.9735299999999825,1436,
2025-12-22T08:29:55.182Z,1.697,2,1000,640x360,2.0117569999999887,1403,
2025-12-22T08:29:55.626Z,1.756,2,1000,640x360,1.9670439999999871,1431,
2025-12-22T08:29:56.069Z,1.806,2,1000,640x360,1.9135440000000017,1420,
2025-12-22T08:29:56.483Z,1.884,2,1000,640x360,1.9994609999999966,1444,
2025-12-22T08:29:56.940Z,1.926,2,1000,640x360,1.9445249999999987,1444,
2025-12-22T08:29:57.430Z,1.917,2,1000,640x360,1.9517880000000787,1445,
2025-12-22T08:29:57.928Z,1.96,2,1000,640x360,1.9650480000000243,1457,
2025-12-22T08:29:58.433Z,1.952,2,1000,640x360,1.9506600000000844,1482,
2025-12-22T08:29:58.933Z,1.97,2,1000,640x360,1.9680789999999888,1490,
2025-12-22T08:29:59.429Z,1.956,2,1000,640x360,1.9583850000000211,1488,
2025-12-22T08:29:59.929Z,1.949,2,1000,640x360,1.9518830000000662,1499,
2025-12-22T08:30:00.428Z,1.953,2,1000,640x360,1.9544420000000855,1507,
2025-12-22T08:30:00.935Z,1.951,2,1000,640x360,1.9583640000000742,1504,
2025-12-22T08:30:01.427Z,1.952,2,1000,640x360,1.9586389999999483,1525,
2025-12-22T08:30:01.506Z,1.93,3,1500,768x432,1.9732030000000123,1530,
2025-12-22T08:30:02.159Z,1.702,3,1500,768x432,1.9369030000000294,1530,
2025-12-22T08:30:02.808Z,1.6,3,1500,768x432,1.9930360000000746,1523,
2025-12-22T08:30:03.437Z,1.463,3,1500,768x432,1.9549640000000181,1459,
2025-12-22T08:30:04.064Z,1.333,3,1500,768x432,1.917773000000011,1535,
2025-12-22T08:30:04.726Z,1.144,3,1500,768x432,1.963212999999996,1513,
2025-12-22T08:30:05.400Z,0.997,3,1500,768x432,1.9861250000000155,1523,
2025-12-22T08:30:05.475Z,0.957,2,1000,640x360,1.9107970000000023,1525,
2025-12-22T08:30:05.887Z,1.011,2,1000,640x360,2.0101370000000998,1525,
2025-12-22T08:30:06.325Z,1.047,2,1000,640x360,1.9605599999999868,1531,
2025-12-22T08:30:06.779Z,1.106,2,1000,640x360,1.9213439999999764,1531,
2025-12-22T08:30:07.211Z,1.165,2,1000,640x360,1.9819980000000896,1573,
2025-12-22T08:30:07.636Z,1.245,2,1000,640x360,1.9548730000000205,1558,
2025-12-22T08:30:08.068Z,1.306,2,1000,640x360,1.92325900000003,1558,
2025-12-22T08:30:08.510Z,1.367,2,1000,640x360,1.9686040000000276,1552,
2025-12-22T08:30:09.017Z,1.365,2,1000,640x360,1.9697019999999839,1552,
2025-12-22T08:30:09.089Z,1.365,3,1500,768x432,1.8967440000000124,1602,
2025-12-22T08:30:09.894Z,0.974,3,1500,768x432,1.9947119999999359,1602,
2025-12-22T08:30:10.597Z,0.8,3,1500,768x432,1.9901330000000144,1589,
2025-12-22T08:30:11.346Z,0.524,3,1500,768x432,1.946187000000009,1586,
2025-12-22T08:30:11.630Z,0.289,3,1500,768x432,1.9632649999999785,1636,rebuffer happen
2025-12-22T08:30:11.698Z,0.295,3,1500,768x432,1.998079999999959,1636,rebuffer happen
2025-12-22T08:30:12.167Z,0.024,3,1500,768x432,1.9238779999999451,1636,rebuffer happen
2025-12-22T08:30:12.250Z,0.019,3,1500,768x432,1.9895070000000032,1636,rebuffer happen
2025-12-22T08:30:12.317Z,0.019,3,1500,768x432,2.0521019999999908,1636,rebuffer happen
2025-12-22T08:30:12.384Z,0.029,3,1500,768x432,2.1321400000000494,1636,rebuffer happen
2025-12-22T08:30:12.467Z,0.03,3,1500,768x432,2.100251000000071,1636,rebuffer happen
2025-12-22T08:30:12.550Z,0.027,3,1500,768x432,2.1652330000000575,1636,rebuffer happen
2025-12-22T08:30:12.627Z,0.027,3,1500,768x432,2.26523300000008,1636,
2025-12-22T08:30:12.667Z,0.025,2,1000,640x360,2.2297740000000204,1531,rebuffer happen
2025-12-22T08:30:12.701Z,0.025,2,1000,640x360,2.3297739999999294,1531,
2025-12-22T08:30:13.334Z,0.022,2,1000,640x360,2.5965190000000575,1531,rebuffer happen
2025-12-22T08:30:13.384Z,0.028,2,1000,640x360,2.6653569999999718,1531,rebuffer happen
2025-12-22T08:30:13.468Z,0.026,2,1000,640x360,2.59705299999996,1531,rebuffer happen
2025-12-22T08:30:13.518Z,0.016,2,1000,640x360,2.6548800000000483,1531,rebuffer happen
2025-12-22T08:30:13.545Z,0.016,2,1000,640x360,2.6548800000000483,1531,
2025-12-22T08:30:13.568Z,0.03,2,1000,640x360,2.6352660000000014,1577,rebuffer happen
2025-12-22T08:30:14.169Z,0.051,2,1000,640x360,2.8855929999999717,1577,rebuffer happen
2025-12-22T08:30:14.202Z,0.021,2,1000,640x360,2.9547450000000026,1577,rebuffer happen
2025-12-22T08:30:14.235Z,0.029,2,1000,640x360,2.92932200000007,1577,rebuffer happen
2025-12-22T08:30:14.318Z,0.024,2,1000,640x360,2.957341999999926,1577,rebuffer happen
2025-12-22T08:30:14.361Z,0.024,2,1000,640x360,2.957341999999926,1577,
2025-12-22T08:30:14.402Z,0.021,2,1000,640x360,3.026149000000032,1446,rebuffer happen
2025-12-22T08:30:15.136Z,0.024,2,1000,640x360,3.3006960000000163,1446,rebuffer happen
2025-12-22T08:30:15.186Z,0.016,2,1000,640x360,3.3484829999999874,1446,rebuffer happen
2025-12-22T08:30:15.218Z,0.016,2,1000,640x360,3.3484829999999874,1446,
2025-12-22T08:30:15.252Z,0.019,2,1000,640x360,3.3183119999999917,1311,rebuffer happen
2025-12-22T08:30:15.837Z,0.03,2,1000,640x360,3.6417600000000903,1311,rebuffer happen
2025-12-22T08:30:15.953Z,0.029,2,1000,640x360,3.6293479999999363,1311,rebuffer happen
2025-12-22T08:30:16.070Z,0.026,2,1000,640x360,3.6657069999999976,1311,rebuffer happen
2025-12-22T08:30:16.128Z,0.026,2,1000,640x360,3.7637070000000676,1311,
2025-12-22T08:30:16.170Z,0.022,1,600,480x270,3.726468000000068,1201,rebuffer happen
2025-12-22T08:30:16.204Z,0.022,1,600,480x270,3.82946800000002,1201,
2025-12-22T08:30:16.742Z,0.253,1,600,480x270,4.060651000000007,1201,
2025-12-22T08:30:16.971Z,0.019,1,600,480x270,4.0212130000001025,1151,rebuffer happen
2025-12-22T08:30:17.293Z,0.232,1,600,480x270,4.133988000000045,1151,
2025-12-22T08:30:17.488Z,0.031,1,600,480x270,4.138694999999984,1045,rebuffer happen
2025-12-22T08:30:17.833Z,0.249,1,600,480x270,4.16682000000003,1045,
2025-12-22T08:30:18.072Z,0.024,1,600,480x270,4.133554000000004,1012,rebuffer happen
2025-12-22T08:30:18.363Z,0.246,1,600,480x270,4.1551809999999705,1012,
2025-12-22T08:30:18.677Z,0.41,1,600,480x270,4.136898999999971,981,
2025-12-22T08:30:18.936Z,0.623,1,600,480x270,4.153546000000006,1013,
2025-12-22T08:30:19.205Z,0.746,1,600,480x270,4.047041000000036,1013,
2025-12-22T08:30:19.465Z,0.842,1,600,480x270,3.854080999999951,1080,
2025-12-22T08:30:19.724Z,1.001,1,600,480x270,3.811708000000067,1080,
2025-12-22T08:30:19.794Z,1.005,2,1000,640x360,3.8042769999999564,1133,
2025-12-22T08:30:20.211Z,0.773,2,1000,640x360,3.578713999999991,1133,
2025-12-22T08:30:20.633Z,0.677,2,1000,640x360,3.3888090000000375,1179,
2025-12-22T08:30:21.059Z,0.606,2,1000,640x360,3.206405000000018,1217,
2025-12-22T08:30:21.487Z,0.455,2,1000,640x360,3.058663000000024,1235,
2025-12-22T08:30:21.914Z,0.462,2,1000,640x360,2.9599379999999655,1235,
2025-12-22T08:30:22.057Z,0.241,2,1000,640x360,2.8451450000000023,1414,rebuffer happen
2025-12-22T08:30:22.343Z,0.321,2,1000,640x360,2.7228880000000117,1414,
2025-12-22T08:30:22.485Z,0.134,2,1000,640x360,2.705917999999997,1385,rebuffer happen
2025-12-22T08:30:22.756Z,0.296,2,1000,640x360,2.5912360000000945,1385,
2025-12-22T08:30:23.181Z,0.343,2,1000,640x360,2.6326099999999997,1383,
2025-12-22T08:30:23.256Z,0.333,1,600,480x270,2.5238809999999603,1396,
2025-12-22T08:30:23.257Z,0.223,1,600,480x270,2.5226699999999482,1396,rebuffer happen
2025-12-22T08:30:23.524Z,0.42,1,600,480x270,2.544172000000003,1396,
2025-12-22T08:30:23.793Z,0.626,1,600,480x270,2.5213880000000017,1396,
2025-12-22T08:30:24.051Z,0.742,1,600,480x270,2.3591659999999592,1377,
2025-12-22T08:30:24.313Z,0.876,1,600,480x270,2.2877489999999625,1383,
2025-12-22T08:30:24.575Z,1.03,1,600,480x270,2.1470319999999674,1383,
2025-12-22T08:30:24.848Z,1.236,1,600,480x270,2.148325,1382,
2025-12-22T08:30:25.122Z,1.403,1,600,480x270,2.1097780000000057,1382,
2025-12-22T08:30:25.393Z,1.587,1,600,480x270,2.08711100000005,1387,
2025-12-22T08:30:25.663Z,1.781,1,600,480x270,2.007261999999969,1387,
2025-12-22T08:30:25.925Z,2.015,1,600,480x270,2.036555000000021,1397,
2025-12-22T08:30:26.431Z,1.967,1,600,480x270,1.9871140000000196,1397,
2025-12-22T08:30:26.925Z,1.971,1,600,480x270,1.9741750000000593,1410,
2025-12-22T08:30:26.993Z,1.971,2,1000,640x360,2.0015899999999647,1411,
2025-12-22T08:30:27.428Z,1.951,2,1000,640x360,1.9605890000000272,1411,
2025-12-22T08:30:27.927Z,1.958,2,1000,640x360,1.959948000000054,1406,
2025-12-22T08:30:28.430Z,1.952,2,1000,640x360,1.9509340000000748,1431,
2025-12-22T08:30:28.932Z,1.958,2,1000,640x360,1.9539459999999735,1446,
2025-12-22T08:30:29.430Z,1.944,2,1000,640x360,1.9611109999999599,1452,
2025-12-22T08:30:29.929Z,1.968,2,1000,640x360,1.968904000000066,1462,
2025-12-22T08:30:30.438Z,1.955,2,1000,640x360,1.9448529999999664,1467,
2025-12-22T08:30:30.934Z,1.976,2,1000,640x360,1.973304999999982,1484,
2025-12-22T08:30:31.426Z,1.96,2,1000,640x360,1.9679669999999305,1491,
2025-12-22T08:30:31.999Z,1.91,2,1000,640x360,1.9888310000000047,1498,
2025-12-22T08:30:32.820Z,1.578,2,1000,640x360,1.967129,1465,
2025-12-22T08:30:33.641Z,1.246,2,1000,640x360,1.9451890000000276,1420,
2025-12-22T08:30:34.446Z,0.979,2,1000,640x360,1.9378840000000537,1350,
2025-12-22T08:30:34.516Z,0.896,1,600,480x270,1.9689200000000255,1222,
2025-12-22T08:30:35.003Z,0.899,1,600,480x270,2.000303000000031,1222,
2025-12-22T08:30:35.508Z,0.88,1,600,480x270,1.9796179999999595,1218,
2025-12-22T08:30:36.034Z,0.832,1,600,480x270,1.9453980000000684,1311,
2025-12-22T08:30:36.511Z,0.853,1,600,480x270,1.9729320000000143,1200,
2025-12-22T08:30:37.021Z,0.87,1,600,480x270,1.966684999999984,1166,
2025-12-22T08:30:37.523Z,0.86,1,600,480x270,1.9596410000000333,1093,
2025-12-22T08:30:37.987Z,0.904,1,600,480x270,2.0030870000000505,1028,
2025-12-22T08:30:38.259Z,1.093,1,600,480x270,1.9258730000000241,1032,
2025-12-22T08:30:38.332Z,1.125,2,1000,640x360,1.9518789999999626,1089,
2025-12-22T08:30:38.766Z,1.136,2,1000,640x360,1.9384360000000243,1089,
2025-12-22T08:30:39.180Z,1.199,2,1000,640x360,2.010805000000005,1144,
2025-12-22T08:30:39.575Z,1.295,2,1000,640x360,1.9142499999999245,1160,
2025-12-22T08:30:39.961Z,1.418,2,1000,640x360,1.9305949999999257,1269,
2025-12-22T08:30:40.315Z,1.572,2,1000,640x360,1.9639819999999872,1269,
2025-12-22T08:30:40.728Z,1.646,2,1000,640x360,1.958360999999968,1277,
2025-12-22T08:30:41.139Z,1.741,2,1000,640x360,1.9516499999999724,1303,
2025-12-22T08:30:41.554Z,1.812,2,1000,640x360,1.9272010000000819,1332,
2025-12-22T08:30:41.936Z,1.943,2,1000,640x360,1.962855999999988,1321,
2025-12-22T08:30:42.427Z,1.955,2,1000,640x360,1.9569830000000366,1321,
2025-12-22T08:30:42.956Z,1.969,2,1000,640x360,1.9440779999999904,1350,
2025-12-22T08:30:43.481Z,1.965,2,1000,640x360,1.9128460000000587,1336,
2025-12-22T08:30:43.945Z,1.962,2,1000,640x360,1.9446280000000797,1259,
2025-12-22T08:30:44.428Z,1.929,2,1000,640x360,1.9544990000000553,1290,
2025-12-22T08:30:44.971Z,1.945,2,1000,640x360,1.9116070000000036,1337,
2025-12-22T08:30:45.421Z,1.936,2,1000,640x360,1.9687209999999595,1316,
2025-12-22T08:30:45.975Z,1.89,2,1000,640x360,1.915324000000055,1338,
2025-12-22T08:30:46.429Z,1.958,2,1000,640x360,1.9575039999999717,1326,
2025-12-22T08:30:46.921Z,1.985,2,1000,640x360,1.9732529999999997,1340,
2025-12-22T08:30:47.439Z,1.94,2,1000,640x360,1.946645999999987,1352,
2025-12-22T08:30:47.939Z,1.94,2,1000,640x360,1.942103999999972,1336,
2025-12-22T08:30:48.462Z,1.945,2,1000,640x360,1.9266679999999496,1315,
2025-12-22T08:30:48.924Z,1.933,2,1000,640x360,1.96067800000003,1271,
2025-12-22T08:30:49.422Z,1.902,2,1000,640x360,1.9571789999999964,1282,
2025-12-22T08:30:49.961Z,1.905,2,1000,640x360,1.9351850000000468,1262,
2025-12-22T08:30:50.474Z,1.935,2,1000,640x360,1.9104869999999892,1232,
2025-12-22T08:30:50.926Z,1.942,2,1000,640x360,1.9710179999999582,1226,
2025-12-22T08:30:51.792Z,1.62,2,1000,640x360,1.9995810000000347,1124,
2025-12-22T08:30:52.346Z,1.512,2,1000,640x360,1.942181000000005,1089,
2025-12-22T08:30:52.765Z,1.613,2,1000,640x360,1.9161830000000464,1157,
2025-12-22T08:30:53.186Z,1.69,2,1000,640x360,1.994568000000072,1222,
2025-12-22T08:30:53.648Z,1.742,2,1000,640x360,1.944735000000037,1255,
2025-12-22T08:30:54.093Z,1.797,2,1000,640x360,1.9962780000000748,1308,
2025-12-22T08:30:54.529Z,1.85,2,1000,640x360,1.9547220000000607,1306,
2025-12-22T08:30:54.965Z,1.932,2,1000,640x360,1.9237170000000106,1306,
2025-12-22T08:30:55.428Z,1.957,2,1000,640x360,1.954258999999979,1321,
2025-12-22T08:30:55.923Z,1.961,2,1000,640x360,1.9603140000000394,1333,
2025-12-22T08:30:56.426Z,1.949,2,1000,640x360,1.9588039999999864,1347,
2025-12-22T08:30:56.930Z,1.956,2,1000,640x360,1.9510119999999915,1362,
2025-12-22T08:30:57.516Z,1.843,2,1000,640x360,1.96578599999998,1378,
2025-12-22T08:30:57.989Z,1.887,2,1000,640x360,2.0016709999999875,1379,
2025-12-22T08:30:58.503Z,1.88,2,1000,640x360,1.9745100000000093,1375,
2025-12-22T08:30:59.066Z,1.81,2,1000,640x360,1.9199720000000298,1395,
2025-12-22T08:30:59.504Z,1.862,2,1000,640x360,1.9762590000000273,1388,
2025-12-22T08:30:59.955Z,1.933,2,1000,640x360,1.9441490000000385,1388,
2025-12-22T08:31:00.430Z,1.959,2,1000,640x360,1.9537199999999757,1415,
2025-12-22T08:31:00.934Z,1.956,2,1000,640x360,1.94696399999998,1422,
2025-12-22T08:31:01.432Z,1.956,2,1000,640x360,1.9465390000000298,1439,
2025-12-22T08:31:01.927Z,1.96,2,1000,640x360,1.9569689999999582,1462,
2025-12-22T08:31:02.426Z,1.951,2,1000,640x360,1.9539929999999686,1469,
2025-12-22T08:31:02.928Z,1.952,2,1000,640x360,1.9619139999999788,1483,
2025-12-22T08:31:03.434Z,1.956,2,1000,640x360,1.9479010000000017,1491,
2025-12-22T08:31:03.925Z,1.972,2,1000,640x360,1.9693059999999605,1503,
2025-12-22T08:31:04.430Z,1.96,2,1000,640x360,1.9518689999999879,1511,
2025-12-22T08:31:04.929Z,1.954,2,1000,640x360,1.9520949999999857,1526,
2025-12-22T08:31:04.999Z,1.94,3,1500,768x432,1.9906460000000834,1539,
2025-12-22T08:31:05.637Z,1.736,3,1500,768x432,1.9517179999999144,1539,
2025-12-22T08:31:06.270Z,1.618,3,1500,768x432,1.909987000000001,1534,
2025-12-22T08:31:06.927Z,1.46,3,1500,768x432,1.960081999999943,1514,
2025-12-22T08:31:07.328Z,1.554,3,1500,768x432,1.9648100000000568,1546,
2025-12-22T08:31:07.956Z,1.153,3,1500,768x432,1.9361739999999372,1534,
2025-12-22T08:31:08.803Z,0.2,3,1500,768x432,2.0074319999999943,1514,rebuffer happen
2025-12-22T08:31:08.982Z,0.017,3,1500,768x432,2.0189589999999953,1514,rebuffer happen
2025-12-22T08:31:10.000Z,0.017,3,1500,768x432,3.0199589999999716,1514,