timestamp,bufferLevel,qualityIndex,bitrateKbps,resolution,liveLatency,predictedKbps,rebuffer
2025-12-22T11:27:58.097Z,0,1,600,480x270,0.882,,
2025-12-22T11:27:58.101Z,0,1,600,480x270,0.882,,rebuffer happen
2025-12-22T11:27:58.247Z,0.067,1,600,480x270,1.070627,,rebuffer happen
2025-12-22T11:27:58.515Z,0.228,1,600,480x270,1.118837,,
2025-12-22T11:27:58.827Z,0.467,1,600,480x270,1.1709429999999998,1346,
2025-12-22T11:27:59.133Z,0.81,1,600,480x270,1.313553,1398,
2025-12-22T11:27:59.481Z,1.124,1,600,480x270,1.4076870000000001,1355,
2025-12-22T11:27:59.756Z,1.424,1,600,480x270,1.550902,1343,
2025-12-22T11:28:00.040Z,1.709,1,600,480x270,1.6780599999999999,1415,
2025-12-22T11:28:00.448Z,2.024,1,600,480x270,1.781376,1517,
2025-12-22T11:28:01.453Z,1.657,1,600,480x270,1.9081409999999996,1489,
2025-12-22T11:28:01.912Z,1.764,1,600,480x270,1.9832969999999999,1379,
2025-12-22T11:28:02.448Z,1.66,1,600,480x270,1.9586230000000002,1348,
2025-12-22T11:28:02.518Z,1.683,2,1000,640x360,1.991031,1327,
2025-12-22T11:28:03.076Z,1.572,2,1000,640x360,1.932223,1327,
2025-12-22T11:28:03.618Z,1.532,2,1000,640x360,1.9920939999999998,1275,
2025-12-22T11:28:04.113Z,1.546,2,1000,640x360,1.987978,1268,
2025-12-22T11:28:04.616Z,1.536,2,1000,640x360,1.9966,1394,
2025-12-22T11:28:05.179Z,1.509,2,1000,640x360,1.9283359999999998,1388,
2025-12-22T11:28:05.661Z,1.498,2,1000,640x360,1.9539749999999998,1380,
2025-12-22T11:28:06.163Z,1.487,2,1000,640x360,1.9457250000000004,1363,
2025-12-22T11:28:06.634Z,1.516,2,1000,640x360,1.980918,1372,
2025-12-22T11:28:07.133Z,1.482,2,1000,640x360,1.9788499999999996,1383,
2025-12-22T11:28:07.613Z,1.517,2,1000,640x360,2.0006880000000002,1456,
2025-12-22T11:28:08.111Z,1.494,2,1000,640x360,2.0016409999999993,1429,
2025-12-22T11:28:08.591Z,1.559,2,1000,640x360,1.9128480000000003,1492,
2025-12-22T11:28:09.094Z,1.554,2,1000,640x360,1.9087580000000006,1454,
2025-12-22T11:28:09.597Z,1.56,2,1000,640x360,1.9132370000000005,1429,
2025-12-22T11:28:10.066Z,1.555,2,1000,640x360,1.9404540000000008,1405,
2025-12-22T11:28:10.785Z,1.346,2,1000,640x360,1.9318109999999997,1397,
2025-12-22T11:28:11.562Z,1.082,2,1000,640x360,1.9571450000000006,1325,
2025-12-22T11:28:12.331Z,0.843,2,1000,640x360,1.975567999999999,1244,
2025-12-22T11:28:12.410Z,0.805,1,600,480x270,1.8956879999999998,1205,
2025-12-22T11:28:12.862Z,0.776,1,600,480x270,1.9401340000000005,1205,
2025-12-22T11:28:13.345Z,0.774,1,600,480x270,1.9570870000000014,1165,
2025-12-22T11:28:13.842Z,0.799,1,600,480x270,1.9701730000000008,1138,
2025-12-22T11:28:14.385Z,0.804,1,600,480x270,1.9312810000000002,1135,
2025-12-22T11:28:14.941Z,0.741,1,600,480x270,1.9716379999999987,1096,
2025-12-22T11:28:15.275Z,0.848,1,600,480x270,1.9286460000000005,1055,
2025-12-22T11:28:15.699Z,0.942,1,600,480x270,1.9110249999999986,1060,
2025-12-22T11:28:16.167Z,0.939,1,600,480x270,1.937773,1139,
2025-12-22T11:28:16.623Z,1.029,1,600,480x270,1.9929759999999987,1052,
2025-12-22T11:28:16.694Z,1.028,2,1000,640x360,1.9209409999999991,1024,
2025-12-22T11:28:17.265Z,0.875,2,1000,640x360,1.9385370000000002,1024,
2025-12-22T11:28:17.768Z,0.85,2,1000,640x360,1.9371469999999995,1090,
2025-12-22T11:28:18.275Z,0.863,2,1000,640x360,1.936523000000001,1112,
2025-12-22T11:28:18.806Z,0.828,2,1000,640x360,2.007652,1124,
2025-12-22T11:28:19.156Z,0.973,2,1000,640x360,1.9489470000000004,1149,
2025-12-22T11:28:19.478Z,1.159,2,1000,640x360,1.9389889999999994,1168,
2025-12-22T11:28:19.889Z,1.229,2,1000,640x360,1.915300000000002,1168,
2025-12-22T11:28:20.384Z,1.265,2,1000,640x360,1.9189730000000012,1161,
2025-12-22T11:28:20.882Z,1.253,2,1000,640x360,1.9274999999999984,1160,
2025-12-22T11:28:21.363Z,1.275,2,1000,640x360,1.9379829999999991,1200,
2025-12-22T11:28:21.849Z,1.289,2,1000,640x360,1.9615389999999984,1204,
2025-12-22T11:28:22.472Z,1.156,2,1000,640x360,1.932887000000001,1207,
2025-12-22T11:28:23.317Z,0.843,2,1000,640x360,1.995443999999999,1198,
2025-12-22T11:28:23.386Z,0.793,1,600,480x270,1.9248009999999987,1200,
2025-12-22T11:28:23.821Z,0.795,1,600,480x270,1.987597000000001,1200,
2025-12-22T11:28:24.091Z,1.026,1,600,480x270,1.9240449999999996,1183,
2025-12-22T11:28:24.377Z,1.219,1,600,480x270,1.9344049999999982,1183,
2025-12-22T11:28:24.681Z,1.411,1,600,480x270,1.9317720000000023,1183,
2025-12-22T11:28:25.459Z,1.298,1,600,480x270,1.9459889999999973,1129,
2025-12-22T11:28:25.900Z,1.212,1,600,480x270,1.9044260000000008,1103,
2025-12-22T11:28:26.276Z,1.273,1,600,480x270,1.925855000000002,1053,
2025-12-22T11:28:26.637Z,1.489,1,600,480x270,1.9757369999999987,1084,
2025-12-22T11:28:26.995Z,1.62,1,600,480x270,1.9108069999999984,1088,
2025-12-22T11:28:27.070Z,1.581,2,1000,640x360,1.942651999999999,1088,
2025-12-22T11:28:27.656Z,1.482,2,1000,640x360,1.9544850000000018,1088,
2025-12-22T11:28:28.252Z,1.379,2,1000,640x360,1.9624559999999995,1048,
2025-12-22T11:28:28.868Z,1.291,2,1000,640x360,1.947849999999999,1043,
2025-12-22T11:28:29.517Z,1.134,2,1000,640x360,1.9859210000000012,1075,
2025-12-22T11:28:30.168Z,0.981,2,1000,640x360,1.9375820000000026,1071,
2025-12-22T11:28:30.814Z,0.804,2,1000,640x360,1.989339000000001,1054,
2025-12-22T11:28:30.882Z,0.822,1,600,480x270,1.9215610000000005,1189,
2025-12-22T11:28:31.275Z,0.858,1,600,480x270,1.9280990000000031,1189,
2025-12-22T11:28:31.688Z,0.967,1,600,480x270,1.9219780000000029,1175,
2025-12-22T11:28:32.070Z,1.051,1,600,480x270,1.9383649999999975,1180,
2025-12-22T11:28:32.497Z,1.165,1,600,480x270,1.916370999999998,1175,
2025-12-22T11:28:32.873Z,1.255,1,600,480x270,1.951349999999998,1175,
2025-12-22T11:28:33.277Z,1.325,1,600,480x270,1.928922,1165,
2025-12-22T11:28:33.692Z,1.437,1,600,480x270,1.940066999999999,1160,
2025-12-22T11:28:34.084Z,1.528,1,600,480x270,1.9435369999999992,1156,
2025-12-22T11:28:34.485Z,1.623,1,600,480x270,1.9279489999999981,1155,
2025-12-22T11:28:34.558Z,1.661,2,1000,640x360,1.9653160000000014,1155,
2025-12-22T11:28:35.198Z,1.433,2,1000,640x360,1.9090339999999983,1155,
2025-12-22T11:28:35.866Z,1.285,2,1000,640x360,1.946114999999999,1114,
2025-12-22T11:28:36.487Z,1.159,2,1000,640x360,1.9342900000000043,1105,
2025-12-22T11:28:37.088Z,1.062,2,1000,640x360,1.921013000000002,1115,
2025-12-22T11:28:37.693Z,0.967,2,1000,640x360,1.942617999999996,1086,
2025-12-22T11:28:38.355Z,0.805,2,1000,640x360,1.9551519999999982,1125,
2025-12-22T11:28:38.439Z,0.732,1,600,480x270,1.9783370000000033,1122,
2025-12-22T11:28:38.769Z,0.867,1,600,480x270,1.9401689999999974,1122,
2025-12-22T11:28:39.120Z,0.992,1,600,480x270,1.9826080000000061,1123,
2025-12-22T11:28:39.487Z,1.144,1,600,480x270,1.921808999999996,1122,
2025-12-22T11:28:39.846Z,1.286,1,600,480x270,1.968432,1122,
2025-12-22T11:28:40.214Z,1.416,1,600,480x270,2.000322000000004,1128,
2025-12-22T11:28:40.582Z,1.538,1,600,480x270,1.946746999999995,1091,
2025-12-22T11:28:40.951Z,1.66,1,600,480x270,1.9587119999999985,1136,
2025-12-22T11:28:41.317Z,1.815,1,600,480x270,1.9896659999999997,1136,
2025-12-22T11:28:41.721Z,1.947,1,600,480x270,2.001643999999999,1141,
2025-12-22T11:28:42.099Z,2.03,1,600,480x270,1.9146069999999966,1147,
2025-12-22T11:28:42.173Z,2.047,2,1000,640x360,1.9492230000000035,1136,
2025-12-22T11:28:42.825Z,1.828,2,1000,640x360,1.9883239999999986,1136,
2025-12-22T11:28:43.504Z,1.634,2,1000,640x360,2.0045450000000002,1041,
2025-12-22T11:28:44.170Z,1.481,2,1000,640x360,1.9395659999999992,1020,
2025-12-22T11:28:44.844Z,1.314,2,1000,640x360,1.9748870000000025,1043,
2025-12-22T11:28:45.534Z,1.12,2,1000,640x360,1.9903460000000024,1181,
2025-12-22T11:28:46.220Z,0.926,2,1000,640x360,2.001443000000002,1140,
2025-12-22T11:28:46.305Z,0.922,1,600,480x270,1.9133449999999996,1069,
2025-12-22T11:28:46.704Z,0.931,1,600,480x270,2.0008610000000004,1069,
2025-12-22T11:28:47.098Z,1.021,1,600,480x270,1.9103879999999975,1037,
2025-12-22T11:28:47.506Z,1.132,1,600,480x270,2.0069719999999975,1016,
2025-12-22T11:28:47.910Z,1.208,1,600,480x270,1.995905999999998,1016,
2025-12-22T11:28:48.315Z,1.3,1,600,480x270,1.9876819999999995,1051,
2025-12-22T11:28:48.725Z,1.42,1,600,480x270,1.9997470000000064,1135,
2025-12-22T11:28:49.162Z,1.475,1,600,480x270,1.941824000000004,1080,
2025-12-22T11:28:49.569Z,1.541,1,600,480x270,1.9470899999999958,1151,
2025-12-22T11:28:50.026Z,1.613,1,600,480x270,1.9987969999999962,1114,
2025-12-22T11:28:50.105Z,1.592,2,1000,640x360,2.004024000000001,1114,
2025-12-22T11:28:50.617Z,1.552,2,1000,640x360,2.0138700000000043,1114,
2025-12-22T11:28:51.157Z,1.486,2,1000,640x360,1.9571140000000042,1098,
2025-12-22T11:28:51.728Z,1.436,2,1000,640x360,1.9830660000000009,1113,
2025-12-22T11:28:52.269Z,1.377,2,1000,640x360,1.9422060000000059,1089,
2025-12-22T11:28:52.819Z,1.33,2,1000,640x360,1.9921509999999998,1127,
2025-12-22T11:28:53.384Z,1.245,2,1000,640x360,1.9163789999999992,1122,
2025-12-22T11:28:53.935Z,1.205,2,1000,640x360,1.9817190000000053,1120,
2025-12-22T11:28:54.481Z,1.15,2,1000,640x360,1.9264280000000014,1122,
2025-12-22T11:28:55.108Z,1.018,2,1000,640x360,2.0055249999999987,1126,
2025-12-22T11:28:55.633Z,1.011,2,1000,640x360,1.9816220000000015,1117,
2025-12-22T11:28:56.259Z,0.897,2,1000,640x360,1.9418740000000057,1131,
2025-12-22T11:28:56.338Z,0.857,1,600,480x270,1.9615989999999996,1127,
2025-12-22T11:28:56.772Z,0.871,1,600,480x270,1.9396040000000028,1127,
2025-12-22T11:28:57.191Z,0.929,1,600,480x270,1.9188820000000035,1100,
2025-12-22T11:28:57.632Z,1.007,1,600,480x270,1.9942920000000015,1065,
2025-12-22T11:28:58.093Z,1.067,1,600,480x270,1.9141770000000022,1063,
2025-12-22T11:28:58.529Z,1.117,1,600,480x270,1.9906830000000042,1016,
2025-12-22T11:28:58.863Z,1.276,1,600,480x270,1.9646770000000018,1027,
2025-12-22T11:28:59.188Z,1.407,1,600,480x270,1.9211880000000008,1027,
2025-12-22T11:28:59.517Z,1.572,1,600,480x270,1.9930909999999997,1002,
2025-12-22T11:28:59.932Z,1.705,1,600,480x270,1.984486000000004,960,
2025-12-22T11:29:00.381Z,1.755,1,600,480x270,1.9238929999999996,960,
2025-12-22T11:29:00.793Z,1.826,1,600,480x270,1.9192719999999994,930,
2025-12-22T11:29:01.164Z,1.957,1,600,480x270,1.9407819999999987,926,
2025-12-22T11:29:01.525Z,2.067,1,600,480x270,1.9841669999999993,955,
2025-12-22T11:29:02.065Z,2.027,1,600,480x270,1.9421710000000019,949,
2025-12-22T11:29:02.860Z,1.776,1,600,480x270,1.9583689999999976,967,
2025-12-22T11:29:03.407Z,1.707,1,600,480x270,1.9956430000000012,946,
2025-12-22T11:29:03.826Z,1.791,1,600,480x270,1.9876530000000088,904,
2025-12-22T11:29:04.249Z,1.864,1,600,480x270,1.9559819999999917,923,
2025-12-22T11:29:04.684Z,1.935,1,600,480x270,1.9195279999999997,970,
2025-12-22T11:29:05.057Z,2.061,1,600,480x270,1.9477580000000074,1003,
2025-12-22T11:29:05.130Z,2.08,2,1000,640x360,1.9739299999999957,1036,
2025-12-22T11:29:05.845Z,1.779,2,1000,640x360,1.9668850000000049,1036,
2025-12-22T11:29:06.467Z,1.72,2,1000,640x360,1.942295999999999,1063,
2025-12-22T11:29:07.020Z,1.618,2,1000,640x360,1.9892339999999962,1045,
2025-12-22T11:29:07.565Z,1.577,2,1000,640x360,1.9455979999999897,1050,
2025-12-22T11:29:08.125Z,1.5,2,1000,640x360,1.9774019999999979,1070,
2025-12-22T11:29:08.700Z,1.443,2,1000,640x360,1.9088390000000004,1060,
2025-12-22T11:29:09.273Z,1.368,2,1000,640x360,1.928293999999994,1068,
2025-12-22T11:29:09.834Z,1.293,2,1000,640x360,1.9791560000000032,1068,
2025-12-22T11:29:10.302Z,1.341,2,1000,640x360,2.0000029999999924,1067,
2025-12-22T11:29:10.886Z,1.237,2,1000,640x360,1.9309140000000014,1081,
2025-12-22T11:29:11.721Z,0.953,2,1000,640x360,2.004109999999997,1065,
2025-12-22T11:29:11.796Z,0.937,1,600,480x270,1.9265649999999965,1069,
2025-12-22T11:29:12.247Z,0.878,1,600,480x270,1.9606369999999913,1069,
2025-12-22T11:29:12.610Z,1.016,1,600,480x270,2.0050820000000016,1052,
2025-12-22T11:29:12.976Z,1.113,1,600,480x270,1.9349050000000005,1062,
2025-12-22T11:29:13.364Z,1.269,1,600,480x270,1.9359129999999993,1062,
2025-12-22T11:29:13.989Z,1.15,1,600,480x270,1.915261000000001,1005,
2025-12-22T11:29:14.438Z,1.227,1,600,480x270,1.9696469999999948,987,
2025-12-22T11:29:14.817Z,1.33,1,600,480x270,2.0027840000000054,1000,
2025-12-22T11:29:15.229Z,1.41,1,600,480x270,1.9783899999999903,1007,
2025-12-22T11:29:15.667Z,1.455,1,600,480x270,1.9609109999999959,1007,
2025-12-22T11:29:15.960Z,1.668,1,600,480x270,1.9613370000000003,992,
2025-12-22T11:29:16.396Z,1.763,1,600,480x270,1.9150020000000012,992,
2025-12-22T11:29:16.843Z,1.787,1,600,480x270,1.9758489999999966,956,
2025-12-22T11:29:17.290Z,1.836,1,600,480x270,1.912249999999986,987,
2025-12-22T11:29:17.708Z,1.917,1,600,480x270,2.006012999999996,995,
2025-12-22T11:29:18.133Z,1.988,1,600,480x270,1.9864399999999875,1018,
2025-12-22T11:29:18.207Z,2.005,2,1000,640x360,1.9113599999999877,1033,
2025-12-22T11:29:18.831Z,1.812,2,1000,640x360,1.9850090000000051,1033,
2025-12-22T11:29:19.454Z,1.676,2,1000,640x360,1.9502190000000041,1011,
2025-12-22T11:29:20.132Z,1.543,2,1000,640x360,1.9810619999999943,988,
2025-12-22T11:29:20.719Z,1.416,2,1000,640x360,1.9947540000000004,990,
2025-12-22T11:29:21.346Z,1.313,2,1000,640x360,1.9617300000000029,1008,
2025-12-22T11:29:21.951Z,1.189,2,1000,640x360,1.9560049999999904,1011,
2025-12-22T11:29:22.572Z,1.069,2,1000,640x360,1.952028999999996,1001,
2025-12-22T11:29:23.040Z,1.11,2,1000,640x360,1.9751550000000009,1015,
2025-12-22T11:29:23.597Z,1.059,2,1000,640x360,1.9257909999999896,1037,
2025-12-22T11:29:24.117Z,1.008,2,1000,640x360,1.9944030000000055,1003,
2025-12-22T11:29:24.618Z,1.027,2,1000,640x360,1.9868290000000002,1013,
2025-12-22T11:29:25.186Z,0.94,2,1000,640x360,1.9167539999999974,998,
2025-12-22T11:29:25.252Z,0.895,1,600,480x270,1.9590919999999983,1035,
2025-12-22T11:29:25.571Z,1.047,1,600,480x270,1.9381680000000046,1035,
2025-12-22T11:29:25.871Z,1.273,1,600,480x270,1.9444819999999936,1027,
2025-12-22T11:29:26.171Z,1.458,1,600,480x270,1.9336749999999938,1027,
2025-12-22T11:29:26.505Z,1.625,1,600,480x270,2.0054739999999924,1038,
2025-12-22T11:29:26.857Z,1.783,1,600,480x270,1.9639450000000096,1038,
2025-12-22T11:29:27.187Z,1.896,1,600,480x270,1.9205339999999893,1046,
2025-12-22T11:29:27.568Z,2.059,1,600,480x270,1.9470110000000034,1045,
2025-12-22T11:29:28.003Z,2.122,1,600,480x270,2.010415000000009,1066,
2025-12-22T11:29:28.528Z,2.091,1,600,480x270,1.9770639999999986,1082,
2025-12-22T11:29:28.674Z,2.112,2,1000,640x360,1.9450220000000087,1092,
2025-12-22T11:29:29.241Z,1.883,2,1000,640x360,1.9600109999999944,1092,
2025-12-22T11:29:29.831Z,1.823,2,1000,640x360,1.9796670000000063,1077,
2025-12-22T11:29:30.363Z,1.754,2,1000,640x360,1.9386250000000018,1096,
2025-12-22T11:29:30.829Z,1.794,2,1000,640x360,1.9802250000000043,1086,
2025-12-22T11:29:31.378Z,1.748,2,1000,640x360,1.9279580000000038,1103,
2025-12-22T11:29:31.976Z,1.697,2,1000,640x360,1.9459389999999956,1080,
2025-12-22T11:29:32.457Z,1.683,2,1000,640x360,1.9488860000000017,1104,
2025-12-22T11:29:32.975Z,1.666,2,1000,640x360,1.9406080000000117,1096,
2025-12-22T11:29:33.591Z,1.538,2,1000,640x360,1.9255840000000006,1117,
2025-12-22T11:29:33.978Z,1.651,2,1000,640x360,1.929881999999992,1116,
2025-12-22T11:29:34.514Z,1.641,2,1000,640x360,2.000123000000002,1116,
2025-12-22T11:29:34.958Z,1.662,2,1000,640x360,1.9601940000000013,1178,
2025-12-22T11:29:35.479Z,1.639,2,1000,640x360,1.9275730000000095,1158,
2025-12-22T11:29:36.077Z,1.578,2,1000,640x360,1.939149999999998,1215,
2025-12-22T11:29:36.529Z,1.587,2,1000,640x360,1.9848149999999976,1209,
2025-12-22T11:29:37.013Z,1.615,2,1000,640x360,1.998037999999994,1207,
2025-12-22T11:29:37.537Z,1.603,2,1000,640x360,1.9656329999999969,1207,
2025-12-22T11:29:38.173Z,1.466,2,1000,640x360,1.9318460000000073,1212,
2025-12-22T11:29:39.131Z,1.015,2,1000,640x360,1.9760269999999878,1181,
2025-12-22T11:29:40.110Z,0.541,2,1000,640x360,2.0040869999999984,1140,
2025-12-22T11:29:40.188Z,0.498,1,600,480x270,1.9238979999999941,1060,
2025-12-22T11:29:40.381Z,0.255,1,600,480x270,1.9207559999999972,1060,rebuffer happen
2025-12-22T11:29:40.747Z,0.384,1,600,480x270,1.9704249999999917,1060,
2025-12-22T11:29:40.865Z,0.278,1,600,480x270,1.9464100000000002,1032,rebuffer happen
2025-12-22T11:29:41.180Z,0.297,1,600,480x270,1.9282350000000008,1032,rebuffer happen
2025-12-22T11:29:41.296Z,0.323,1,600,480x270,1.9212309999999917,1032,
2025-12-22T11:29:41.439Z,0.205,1,600,480x270,1.9804210000000069,1014,rebuffer happen
2025-12-22T11:29:41.877Z,0.254,1,600,480x270,1.9441779999999937,1014,
2025-12-22T11:29:42.113Z,0.03,1,600,480x270,2.005289999999988,956,rebuffer happen
2025-12-22T11:29:42.180Z,0.029,1,600,480x270,1.9702739999999892,956,rebuffer happen
2025-12-22T11:29:42.410Z,0.266,1,600,480x270,2.049568999999991,956,
2025-12-22T11:29:42.663Z,0.029,1,600,480x270,1.999177000000003,933,rebuffer happen
2025-12-22T11:29:43.011Z,0.196,1,600,480x270,2.0947809999999976,933,
2025-12-22T11:29:43.214Z,0.018,1,600,480x270,2.095365000000001,873,rebuffer happen
2025-12-22T11:29:43.464Z,0.016,1,600,480x270,2.128286000000003,873,rebuffer happen
2025-12-22T11:29:43.714Z,0.17,1,600,480x270,2.249478999999994,873,
2025-12-22T11:29:43.797Z,0.125,0,200,320x180,2.1678719999999885,852,
2025-12-22T11:29:43.986Z,0.397,0,200,320x180,2.180786000000012,852,
2025-12-22T11:29:44.182Z,0.651,0,200,320x180,2.123255999999998,852,
2025-12-22T11:29:44.382Z,0.872,0,200,320x180,2.0834950000000134,856,
2025-12-22T11:29:44.583Z,1.154,0,200,320x180,2.066104999999993,856,
2025-12-22T11:29:44.787Z,1.357,0,200,320x180,2.024201000000005,851,
2025-12-22T11:29:44.986Z,1.696,0,200,320x180,2.0017199999999917,851,
2025-12-22T11:29:45.119Z,2.028,0,200,320x180,2.0523680000000013,851,
2025-12-22T11:29:45.420Z,2.291,0,200,320x180,2.029985999999994,883,
2025-12-22T11:29:45.898Z,2.284,0,200,320x180,1.945245,888,
2025-12-22T11:29:46.349Z,2.279,0,200,320x180,1.9723840000000052,892,
2025-12-22T11:29:46.887Z,2.271,0,200,320x180,1.9519399999999933,903,
2025-12-22T11:29:47.201Z,1.975,1,600,480x270,1.9150390000000073,912,
2025-12-22T11:29:47.584Z,2.052,1,600,480x270,1.9286790000000025,912,
2025-12-22T11:29:47.976Z,2.13,1,600,480x270,1.9387029999999896,950,
2025-12-22T11:29:48.464Z,2.152,1,600,480x270,1.9455250000000035,970,
2025-12-22T11:29:48.952Z,2.165,1,600,480x270,1.9612410000000011,1003,
2025-12-22T11:29:49.543Z,2.083,1,600,480x270,1.9702769999999958,1027,
2025-12-22T11:29:50.025Z,2.109,1,600,480x270,1.9812529999999953,1054,
2025-12-22T11:29:50.520Z,2.103,1,600,480x270,1.9941069999999996,1055,
2025-12-22T11:29:50.602Z,2.124,2,1000,640x360,1.9204070000000115,1063,
2025-12-22T11:29:51.154Z,1.968,2,1000,640x360,1.955266999999992,1063,
2025-12-22T11:29:51.861Z,1.813,2,1000,640x360,1.9687629999999956,1067,
2025-12-22T11:29:53.038Z,1.088,2,1000,640x360,1.9715230000000048,1042,
2025-12-22T11:29:54.312Z,0.352,2,1000,640x360,1.9928210000000064,1082,
2025-12-22T11:29:54.351Z,0.285,1,600,480x270,1.9532170000000093,965,rebuffer happen
2025-12-22T11:29:54.378Z,0.285,1,600,480x270,1.926187000000013,965,
2025-12-22T11:29:54.607Z,0.047,1,600,480x270,2.0171399999999977,965,rebuffer happen
2025-12-22T11:29:54.773Z,0.026,1,600,480x270,2.029053999999988,965,rebuffer happen
2025-12-22T11:29:54.940Z,0.02,1,600,480x270,2.088083999999995,965,rebuffer happen
2025-12-22T11:29:54.990Z,0.029,1,600,480x270,2.063660999999996,965,rebuffer happen
2025-12-22T11:29:55.074Z,0.018,1,600,480x270,2.1226669999999928,965,rebuffer happen
2025-12-22T11:29:55.123Z,0.015,1,600,480x270,2.189152000000007,965,rebuffer happen
2025-12-22T11:29:55.174Z,0.022,1,600,480x270,2.1627200000000073,965,rebuffer happen
2025-12-22T11:29:55.240Z,0.021,1,600,480x270,2.2194959999999924,965,rebuffer happen
2025-12-22T11:29:55.374Z,0.018,1,600,480x270,2.216257000000013,965,rebuffer happen
2025-12-22T11:29:55.380Z,0.018,1,600,480x270,2.216257000000013,965,
2025-12-22T11:29:55.407Z,0.028,1,600,480x270,2.297011000000012,899,rebuffer happen
2025-12-22T11:29:55.858Z,0.033,1,600,480x270,2.5374400000000037,899,rebuffer happen
2025-12-22T11:29:56.108Z,0.021,1,600,480x270,2.6207319999999896,899,rebuffer happen
2025-12-22T11:29:56.158Z,0.015,1,600,480x270,2.581208999999987,899,rebuffer happen
2025-12-22T11:29:56.208Z,0.017,1,600,480x270,2.6551319999999947,899,rebuffer happen
2025-12-22T11:29:56.258Z,0.027,1,600,480x270,2.631451999999996,899,rebuffer happen
2025-12-22T11:29:56.261Z,0.027,1,600,480x270,2.631451999999996,899,
2025-12-22T11:29:56.308Z,0.019,1,600,480x270,2.684104000000005,856,rebuffer happen
2025-12-22T11:29:56.558Z,0.027,1,600,480x270,2.861818999999997,856,rebuffer happen
2025-12-22T11:29:56.625Z,0.029,1,600,480x270,2.934000999999995,856,rebuffer happen
2025-12-22T11:29:56.758Z,0.029,1,600,480x270,2.931711000000007,856,rebuffer happen
2025-12-22T11:29:56.808Z,0.024,1,600,480x270,2.989282000000003,856,rebuffer happen
2025-12-22T11:29:56.942Z,0.021,1,600,480x270,2.9909200000000027,856,rebuffer happen
2025-12-22T11:29:56.975Z,0.027,1,600,480x270,2.963990999999993,856,rebuffer happen
2025-12-22T11:29:57.158Z,0.022,1,600,480x270,3.0296940000000063,856,rebuffer happen
2025-12-22T11:29:57.183Z,0.022,1,600,480x270,3.0296940000000063,856,
2025-12-22T11:29:57.225Z,0.018,1,600,480x270,3.0840370000000092,816,rebuffer happen
2025-12-22T11:29:57.459Z,0.026,1,600,480x270,3.2583990000000114,816,rebuffer happen
2025-12-22T11:29:57.559Z,0.027,1,600,480x270,3.298963999999998,816,rebuffer happen
2025-12-22T11:29:57.852Z,0.266,1,600,480x270,3.454667999999998,816,
2025-12-22T11:29:57.941Z,0.263,0,200,320x180,3.4619730000000004,801,
2025-12-22T11:29:58.077Z,0.488,0,200,320x180,3.4325779999999924,801,
2025-12-22T11:29:58.199Z,0.78,0,200,320x180,3.3439989999999966,817,
2025-12-22T11:29:58.356Z,1.12,0,200,320x180,3.310091,817,
2025-12-22T11:29:58.497Z,1.429,0,200,320x180,3.2485739999999907,817,
2025-12-22T11:29:58.653Z,1.752,0,200,320x180,3.266668999999993,817,
2025-12-22T11:29:58.794Z,2.062,0,200,320x180,3.1598829999999936,875,
2025-12-22T11:29:58.926Z,2.347,0,200,320x180,3.166730000000001,875,
2025-12-22T11:29:59.051Z,2.689,0,200,320x180,3.071674999999999,875,
2025-12-22T11:29:59.180Z,2.996,0,200,320x180,2.988044000000002,891,
2025-12-22T11:29:59.374Z,3.203,0,200,320x180,2.8868769999999984,891,
2025-12-22T11:29:59.868Z,3.148,0,200,320x180,2.800574999999995,913,
2025-12-22T11:30:00.401Z,2.895,0,200,320x180,2.5135700000000014,926,
2025-12-22T11:30:00.901Z,2.699,0,200,320x180,2.3192439999999976,936,
2025-12-22T11:30:01.390Z,2.501,0,200,320x180,2.162241999999992,945,
2025-12-22T11:30:01.468Z,2.483,1,600,480x270,2.172028999999995,945,
2025-12-22T11:30:02.002Z,2.248,1,600,480x270,2.115247999999994,955,
2025-12-22T11:30:02.640Z,2.07,1,600,480x270,2.0343000000000018,1013,
2025-12-22T11:30:02.993Z,2.18,1,600,480x270,1.9598610000000036,1000,
2025-12-22T11:30:03.491Z,2.152,1,600,480x270,1.9426670000000001,1017,
2025-12-22T11:30:03.987Z,2.155,1,600,480x270,1.9501000000000062,1025,
2025-12-22T11:30:04.542Z,2.088,1,600,480x270,1.9790799999999962,1027,
2025-12-22T11:30:05.064Z,2.057,1,600,480x270,1.94932399999999,1039,
2025-12-22T11:30:05.147Z,2.041,2,1000,640x360,1.960056999999992,1053,
2025-12-22T11:30:05.642Z,1.994,2,1000,640x360,1.966341000000014,1053,
2025-12-22T11:30:06.186Z,1.944,2,1000,640x360,1.9311149999999913,1068,
2025-12-22T11:30:06.733Z,1.906,2,1000,640x360,1.9800410000000142,1063,
2025-12-22T11:30:07.256Z,1.876,2,1000,640x360,1.9476659999999981,1063,
2025-12-22T11:30:07.903Z,1.741,2,1000,640x360,2.012777,1069,
2025-12-22T11:30:08.570Z,1.576,2,1000,640x360,1.939454000000012,1056,
2025-12-22T11:30:09.369Z,1.275,2,1000,640x360,1.93346600000001,1048,
2025-12-22T11:30:09.963Z,1.182,2,1000,640x360,1.9464040000000011,1052,
2025-12-22T11:30:10.561Z,1.08,2,1000,640x360,1.9624179999999853,1063,
2025-12-22T11:30:11.133Z,0.997,2,1000,640x360,1.9776820000000157,1060,
2025-12-22T11:30:11.741Z,0.906,2,1000,640x360,1.975323000000003,1068,
2025-12-22T11:30:11.807Z,0.91,1,600,480x270,1.9078470000000038,1065,
2025-12-22T11:30:12.144Z,0.978,1,600,480x270,1.9659889999999791,1065,
2025-12-22T11:30:12.543Z,1.099,1,600,480x270,1.9719419999999843,1066,
2025-12-22T11:30:12.888Z,1.275,1,600,480x270,1.9428699999999992,1068,
2025-12-22T11:30:13.233Z,1.393,1,600,480x270,1.989721000000003,1068,
2025-12-22T11:30:13.605Z,1.575,1,600,480x270,2.0052440000000047,1066,
2025-12-22T11:30:13.945Z,1.675,1,600,480x270,1.9648889999999994,1072,
2025-12-22T11:30:14.310Z,1.777,1,600,480x270,1.9952169999999967,1072,
2025-12-22T11:30:14.719Z,1.956,1,600,480x270,1.9957689999999957,1109,
2025-12-22T11:30:15.060Z,2.06,1,600,480x270,1.9478349999999978,1093,
2025-12-22T11:30:15.218Z,2.059,2,1000,640x360,1.9899800000000027,1103,
2025-12-22T11:30:15.824Z,1.821,2,1000,640x360,2.0035880000000077,1103,
2025-12-22T11:30:16.399Z,1.739,2,1000,640x360,1.9160159999999848,1110,
2025-12-22T11:30:16.992Z,1.654,2,1000,640x360,1.9295020000000136,1105,
2025-12-22T11:30:17.591Z,1.56,2,1000,640x360,1.9195670000000007,1163,
2025-12-22T11:30:18.180Z,1.447,2,1000,640x360,1.9296530000000018,1150,
2025-12-22T11:30:18.700Z,1.445,2,1000,640x360,1.9156469999999786,1158,
2025-12-22T11:30:19.220Z,1.419,2,1000,640x360,1.9882399999999905,1147,
2025-12-22T11:30:19.742Z,1.41,2,1000,640x360,1.976302000000004,1159,
2025-12-22T11:30:20.276Z,1.353,2,1000,640x360,1.9297710000000166,1149,
2025-12-22T11:30:20.800Z,1.358,2,1000,640x360,1.9197149999999965,1145,
2025-12-22T11:30:21.325Z,1.319,2,1000,640x360,1.9902420000000234,1154,
2025-12-22T11:30:21.851Z,1.289,2,1000,640x360,1.9627169999999978,1156,
2025-12-22T11:30:22.398Z,1.239,2,1000,640x360,1.9123879999999929,1169,
2025-12-22T11:30:22.915Z,1.228,2,1000,640x360,1.991878999999983,1166,
2025-12-22T11:30:23.441Z,1.197,2,1000,640x360,1.9610519999999951,1183,
2025-12-22T11:30:23.947Z,1.189,2,1000,640x360,1.9653279999999995,1175,
2025-12-22T11:30:24.442Z,1.197,2,1000,640x360,1.9611459999999852,1178,
2025-12-22T11:30:25.047Z,1.153,2,1000,640x360,1.9693440000000066,1192,
2025-12-22T11:30:25.613Z,1.019,2,1000,640x360,1.9936069999999972,1213,
2025-12-22T11:30:26.187Z,0.928,2,1000,640x360,1.919762999999989,1211,
2025-12-22T11:30:26.279Z,0.871,1,600,480x270,1.9232560000000092,1255,
2025-12-22T11:30:26.606Z,1.018,1,600,480x270,2.005886000000004,1255,
2025-12-22T11:30:26.986Z,1.159,1,600,480x270,1.917919999999981,1229,
2025-12-22T11:30:27.305Z,1.323,1,600,480x270,1.9958749999999839,1229,
2025-12-22T11:30:27.685Z,1.41,1,600,480x270,1.9431730000000016,1252,
2025-12-22T11:30:28.062Z,1.612,1,600,480x270,1.9446680000000072,1237,
2025-12-22T11:30:28.466Z,1.7,1,600,480x270,1.9386289999999917,1249,
2025-12-22T11:30:28.777Z,1.862,1,600,480x270,1.9416149999999845,1249,
2025-12-22T11:30:29.173Z,1.968,1,600,480x270,1.9435149999999908,1231,
2025-12-22T11:30:29.537Z,2.106,1,600,480x270,1.9670050000000003,1242,
2025-12-22T11:30:29.671Z,2.1,2,1000,640x360,1.9416249999999877,1246,
2025-12-22T11:30:30.242Z,1.865,2,1000,640x360,1.9610010000000102,1246,
2025-12-22T11:30:30.833Z,1.824,2,1000,640x360,1.9723850000000027,1246,
2025-12-22T11:30:31.365Z,1.749,2,1000,640x360,1.9375719999999887,1205,
2025-12-22T11:30:31.948Z,1.678,2,1000,640x360,1.9604829999999822,1214,
2025-12-22T11:30:32.542Z,1.613,2,1000,640x360,1.9782889999999895,1259,
2025-12-22T11:30:33.179Z,1.449,2,1000,640x360,1.9415480000000116,1235,
2025-12-22T11:30:33.847Z,1.288,2,1000,640x360,1.9678049999999985,1124,
2025-12-22T11:30:34.647Z,1.02,2,1000,640x360,1.9568780000000174,1107,
2025-12-22T11:30:34.712Z,0.992,1,600,480x270,1.8916770000000156,1058,
2025-12-22T11:30:35.124Z,1.011,1,600,480x270,1.9852649999999983,1058,
2025-12-22T11:30:35.546Z,1.096,1,600,480x270,1.9656180000000063,1028,
2025-12-22T11:30:35.976Z,1.148,1,600,480x270,1.9440830000000062,1018,
2025-12-22T11:30:36.416Z,1.232,1,600,480x270,1.99911800000001,1018,
2025-12-22T11:30:36.849Z,1.282,1,600,480x270,1.9639430000000004,1011,
2025-12-22T11:30:37.253Z,1.369,1,600,480x270,1.956752999999992,993,
2025-12-22T11:30:37.706Z,1.453,1,600,480x270,2.023760999999979,959,
2025-12-22T11:30:38.251Z,1.37,1,600,480x270,1.9640349999999955,975,
2025-12-22T11:30:38.591Z,1.547,1,600,480x270,1.9204049999999881,974,
2025-12-22T11:30:38.930Z,1.705,1,600,480x270,1.974066999999991,981,
2025-12-22T11:30:39.010Z,1.708,2,1000,640x360,1.8932949999999948,981,
2025-12-22T11:30:39.620Z,1.519,2,1000,640x360,1.9962370000000078,981,
2025-12-22T11:30:40.240Z,1.393,2,1000,640x360,1.9624139999999954,1048,
2025-12-22T11:30:40.749Z,1.394,2,1000,640x360,1.975767999999988,1082,
2025-12-22T11:30:41.354Z,1.252,2,1000,640x360,1.9522300000000143,1065,
2025-12-22T11:30:41.930Z,1.231,2,1000,640x360,1.9997219999999913,1173,
2025-12-22T11:30:42.543Z,1.096,2,1000,640x360,1.961373000000009,1126,
2025-12-22T11:30:43.208Z,0.909,2,1000,640x360,1.9944519999999955,1117,
2025-12-22T11:30:43.275Z,0.872,1,600,480x270,1.9277250000000095,1095,
2025-12-22T11:30:43.719Z,0.878,1,600,480x270,2.002867000000009,1095,
2025-12-22T11:30:44.053Z,1.067,1,600,480x270,1.9569970000000012,1098,
2025-12-22T11:30:44.402Z,1.214,1,600,480x270,1.9988799999999856,1049,
2025-12-22T11:30:44.767Z,1.376,1,600,480x270,1.9558919999999773,1049,
2025-12-22T11:30:45.071Z,1.571,1,600,480x270,1.9358380000000182,1048,
2025-12-22T11:30:45.492Z,1.627,1,600,480x270,1.91448299999999,1055,
2025-12-22T11:30:45.864Z,1.779,1,600,480x270,1.9521799999999985,1055,
2025-12-22T11:30:46.209Z,1.901,1,600,480x270,2.002785999999986,1045,
2025-12-22T11:30:46.527Z,2.089,1,600,480x270,1.9765410000000259,1040,
2025-12-22T11:30:46.689Z,2.11,2,1000,640x360,1.9171550000000082,1073,
2025-12-22T11:30:47.207Z,1.931,2,1000,640x360,1.9993639999999857,1073,
2025-12-22T11:30:47.806Z,1.837,2,1000,640x360,2.0003049999999973,1090,
2025-12-22T11:30:48.283Z,1.836,2,1000,640x360,1.9242769999999894,1053,
2025-12-22T11:30:48.609Z,2.02,2,1000,640x360,2.0056900000000155,1082,
2025-12-22T11:30:49.106Z,2.003,2,1000,640x360,2.0025699999999915,1116,
2025-12-22T11:30:50.030Z,1.671,2,1000,640x360,1.985018999999994,1104,
2025-12-22T11:30:50.569Z,1.56,2,1000,640x360,1.944170000000014,1143,
2025-12-22T11:30:51.115Z,1.513,2,1000,640x360,1.9874580000000037,1162,
2025-12-22T11:30:51.652Z,1.49,2,1000,640x360,1.957981999999987,1171,
2025-12-22T11:30:52.129Z,1.524,2,1000,640x360,1.9768239999999935,1168,
2025-12-22T11:30:52.708Z,1.456,2,1000,640x360,2.001855000000006,1159,
2025-12-22T11:30:53.300Z,1.339,2,1000,640x360,1.9142190000000028,1173,
2025-12-22T11:30:53.999Z,1.15,2,1000,640x360,1.9224200000000167,1152,
2025-12-22T11:30:54.692Z,0.946,2,1000,640x360,1.9128550000000075,1119,
2025-12-22T11:30:54.771Z,0.946,1,600,480x270,1.9426639999999793,1081,
2025-12-22T11:30:55.214Z,0.924,1,600,480x270,1.9873819999999967,1081,
2025-12-22T11:30:55.707Z,0.935,1,600,480x270,2.003032999999988,1022,
2025-12-22T11:30:56.202Z,0.938,1,600,480x270,2.0007479999999873,1027,
2025-12-22T11:30:56.659Z,0.989,1,600,480x270,1.9588119999999947,956,
2025-12-22T11:30:57.125Z,0.999,1,600,480x270,1.9802390000000116,971,
2025-12-22T11:30:57.641Z,1.003,1,600,480x270,1.9828239999999937,934,
2025-12-22T11:30:58.125Z,0.992,1,600,480x270,1.996656999999999,924,
2025-12-22T11:30:58.661Z,0.957,1,600,480x270,1.9405680000000132,931,
2025-12-22T11:30:59.176Z,0.954,1,600,480x270,1.9270410000000027,898,
2025-12-22T11:30:59.645Z,0.98,1,600,480x270,1.9757469999999842,853,
2025-12-22T11:30:59.723Z,0.996,0,200,320x180,1.991262000000006,831,
2025-12-22T11:30:59.869Z,1.205,0,200,320x180,1.9386840000000234,831,
2025-12-22T11:30:59.992Z,1.591,0,200,320x180,1.9174059999999997,831,
2025-12-22T11:31:00.088Z,1.995,0,200,320x180,1.9141620000000046,831,
2025-12-22T11:31:00.372Z,2.259,0,200,320x180,1.9371849999999995,888,
2025-12-22T11:31:00.840Z,2.277,0,200,320x180,1.9788609999999949,885,
2025-12-22T11:31:01.402Z,2.261,0,200,320x180,1.9992179999999848,899,
2025-12-22T11:31:01.932Z,2.24,0,200,320x180,1.9826979999999992,912,
2025-12-22T11:31:02.355Z,2.27,0,200,320x180,1.9469529999999793,939,
2025-12-22T11:31:02.863Z,2.302,0,200,320x180,1.9601069999999936,949,
2025-12-22T11:31:03.126Z,2.046,1,600,480x270,1.9847149999999942,959,
2025-12-22T11:31:03.490Z,2.128,1,600,480x270,1.9249070000000188,959,
2025-12-22T11:31:04.004Z,2.113,1,600,480x270,1.998357999999996,1002,
2025-12-22T11:31:04.471Z,2.146,1,600,480x270,1.936000000000007,999,
2025-12-22T11:31:04.978Z,2.139,1,600,480x270,1.929963000000015,1042,
2025-12-22T11:31:05.485Z,2.134,1,600,480x270,1.9299120000000016,1045,
2025-12-22T11:31:06.084Z,2.039,1,600,480x270,1.9259639999999933,1061,
2025-12-22T11:31:06.591Z,2.055,1,600,480x270,1.928687999999994,1054,
2025-12-22T11:31:06.674Z,2.011,2,1000,640x360,1.960755000000006,1062,
2025-12-22T11:31:07.301Z,1.822,2,1000,640x360,1.9082259999999849,1062,
2025-12-22T11:31:08.098Z,1.535,2,1000,640x360,1.90458000000001,1038,
2025-12-22T11:31:08.708Z,1.432,2,1000,640x360,2.000076000000007,1048,
2025-12-22T11:31:09.375Z,1.274,2,1000,640x360,1.9312889999999925,1041,
2025-12-22T11:31:09.970Z,1.186,2,1000,640x360,1.9423500000000047,1027,
2025-12-22T11:31:10.650Z,0.985,2,1000,640x360,1.9737169999999935,1053,
2025-12-22T11:31:11.282Z,0.871,2,1000,640x360,1.9285619999999994,1050,
2025-12-22T11:31:11.350Z,0.857,1,600,480x270,1.95785699999999,1097,
2025-12-22T11:31:11.634Z,0.967,1,600,480x270,1.9680620000000033,1097,
2025-12-22T11:31:12.138Z,1.003,1,600,480x270,1.9634320000000116,1082,
2025-12-22T11:31:12.419Z,1.22,1,600,480x270,1.987563999999992,1071,
2025-12-22T11:31:12.676Z,1.375,1,600,480x270,1.931219000000027,1071,
2025-12-22T11:31:12.965Z,1.653,1,600,480x270,1.9408929999999884,1094,
2025-12-22T11:31:13.295Z,1.82,1,600,480x270,1.915077000000025,1094,
2025-12-22T11:31:13.664Z,1.927,1,600,480x270,1.950741999999991,1098,
2025-12-22T11:31:14.266Z,1.861,1,600,480x270,1.9407609999999806,1107,
2025-12-22T11:31:14.562Z,2.065,1,600,480x270,1.9537299999999789,1085,
2025-12-22T11:31:14.959Z,2.166,1,600,480x270,1.9609979999999894,1111,
2025-12-22T11:31:15.029Z,2.186,2,1000,640x360,1.981738000000007,1111,
2025-12-22T11:31:15.637Z,1.993,2,1000,640x360,1.975769999999983,1107,
2025-12-22T11:31:16.180Z,1.946,2,1000,640x360,1.925028999999995,1101,
2025-12-22T11:31:16.731Z,1.899,2,1000,640x360,1.9746739999999932,1108,
2025-12-22T11:31:17.317Z,1.837,2,1000,640x360,1.9909470000000056,1104,
2025-12-22T11:31:18.005Z,1.621,2,1000,640x360,2.0007960000000082,1122,
2025-12-22T11:31:18.421Z,1.705,2,1000,640x360,1.9895690000000172,1112,
2025-12-22T11:31:18.894Z,1.746,2,1000,640x360,1.9169519999999807,1112,
2025-12-22T11:31:19.341Z,1.816,2,1000,640x360,1.9620079999999973,1122,
2025-12-22T11:31:19.867Z,1.78,2,1000,640x360,1.9338630000000023,1100,
2025-12-22T11:31:20.653Z,1.525,2,1000,640x360,1.9535560000000203,1100,
2025-12-22T11:31:21.535Z,1.083,2,1000,640x360,1.9855039999999917,1073,
2025-12-22T11:31:22.167Z,0.956,2,1000,640x360,1.945069999999987,1047,
2025-12-22T11:31:22.247Z,0.971,1,600,480x270,1.9567770000000166,1015,
2025-12-22T11:31:22.882Z,0.767,1,600,480x270,1.9302649999999915,1015,
2025-12-22T11:31:23.517Z,0.603,1,600,480x270,1.994275000000016,987,
2025-12-22T11:31:24.065Z,0.573,1,600,480x270,1.9433970000000045,987,
2025-12-22T11:31:24.728Z,0.394,1,600,480x270,1.9825419999999951,995,
2025-12-22T11:31:24.860Z,0.277,1,600,480x270,1.9456260000000043,974,rebuffer happen
2025-12-22T11:31:25.111Z,0.486,1,600,480x270,1.9900250000000028,974,
2025-12-22T11:31:25.472Z,0.614,1,600,480x270,1.9350619999999878,1000,
2025-12-22T11:31:25.864Z,0.758,1,600,480x270,1.9484499999999798,1000,
2025-12-22T11:31:26.226Z,0.859,1,600,480x270,1.982701999999989,1092,
2025-12-22T11:31:26.589Z,1.009,1,600,480x270,1.9256000000000029,1059,
2025-12-22T11:31:26.668Z,1.06,2,1000,640x360,1.9535610000000077,1070,
2025-12-22T11:31:27.346Z,0.822,2,1000,640x360,1.9586310000000253,1070,
2025-12-22T11:31:27.822Z,0.823,2,1000,640x360,1.9960550000000126,1035,
2025-12-22T11:31:28.327Z,0.806,2,1000,640x360,1.9885679999999866,1105,
2025-12-22T11:31:29.148Z,0.498,2,1000,640x360,1.9587310000000002,1072,
2025-12-22T11:31:29.412Z,0.257,2,1000,640x360,1.9969289999999944,1079,rebuffer happen
2025-12-22T11:31:29.487Z,0.288,2,1000,640x360,1.9276339999999834,1079,rebuffer happen
2025-12-22T11:31:29.578Z,0.296,2,1000,640x360,1.9290260000000217,1079,rebuffer happen
2025-12-22T11:31:29.816Z,0.291,2,1000,640x360,1.9968690000000038,1079,rebuffer happen
2025-12-22T11:31:29.843Z,0.291,2,1000,640x360,1.9690050000000099,1079,
2025-12-22T11:31:30.442Z,0.219,2,1000,640x360,1.970881999999989,1093,
2025-12-22T11:31:30.513Z,0.197,1,600,480x270,1.9999990000000025,1082,
2025-12-22T11:31:30.619Z,0.032,1,600,480x270,2.0053210000000092,1082,rebuffer happen
2025-12-22T11:31:30.879Z,0.272,1,600,480x270,2.013014999999996,1082,rebuffer happen
2025-12-22T11:31:30.907Z,0.272,1,600,480x270,2.0782310000000166,1082,
2025-12-22T11:31:31.029Z,0.274,1,600,480x270,2.052986000000004,1089,rebuffer happen
2025-12-22T11:31:31.207Z,0.428,1,600,480x270,2.046617999999995,1089,
2025-12-22T11:31:31.599Z,0.595,1,600,480x270,1.9703189999999893,1095,
2025-12-22T11:31:32.088Z,0.59,1,600,480x270,1.961588000000006,1095,
2025-12-22T11:31:32.531Z,0.616,1,600,480x270,2.0020899999999813,1076,
2025-12-22T11:31:32.976Z,0.674,1,600,480x270,1.936126999999999,1079,
2025-12-22T11:31:33.476Z,0.681,1,600,480x270,1.930644000000001,1079,
2025-12-22T11:31:33.992Z,0.655,1,600,480x270,1.9154009999999744,1015,
2025-12-22T11:31:34.426Z,0.713,1,600,480x270,1.98787200000001,1000,
2025-12-22T11:31:34.925Z,0.731,1,600,480x270,1.9932419999999809,980,
2025-12-22T11:31:35.449Z,0.688,1,600,480x270,1.9674990000000037,944,
2025-12-22T11:31:35.945Z,0.66,1,600,480x270,1.967359000000016,906,
2025-12-22T11:31:36.379Z,0.76,1,600,480x270,1.923293000000001,908,
2025-12-22T11:31:36.811Z,0.813,1,600,480x270,2.002589999999998,916,
2025-12-22T11:31:37.205Z,0.917,1,600,480x270,2.000161999999989,898,
2025-12-22T11:31:37.591Z,1.039,1,600,480x270,1.919998000000021,879,
2025-12-22T11:31:37.970Z,1.174,1,600,480x270,1.943363000000005,873,
2025-12-22T11:31:38.446Z,1.192,1,600,480x270,1.9567710000000034,873,
2025-12-22T11:31:38.835Z,1.295,1,600,480x270,1.985003000000006,875,
2025-12-22T11:31:39.403Z,1.217,1,600,480x270,1.999639000000002,854,
2025-12-22T11:31:39.840Z,1.302,1,600,480x270,1.9676699999999983,880,
2025-12-22T11:31:40.393Z,1.227,1,600,480x270,1.910950000000014,878,
2025-12-22T11:31:40.971Z,1.164,1,600,480x270,1.9320419999999956,883,
2025-12-22T11:31:41.494Z,1.16,1,600,480x270,1.9164290000000221,876,
2025-12-22T11:31:41.987Z,1.155,1,600,480x270,1.9187269999999899,860,
2025-12-22T11:31:42.471Z,1.152,1,600,480x270,1.9347219999999936,870,
2025-12-22T11:31:43.032Z,1.169,1,600,480x270,1.9807570000000112,869,
2025-12-22T11:31:43.373Z,1.214,1,600,480x270,1.9289180000000101,879,
2025-12-22T11:31:43.971Z,1.151,1,600,480x270,1.9401900000000012,879,
2025-12-22T11:31:44.456Z,1.164,1,600,480x270,1.9460849999999823,862,
2025-12-22T11:31:44.914Z,1.192,1,600,480x270,1.9965710000000172,892,
2025-12-22T11:31:45.324Z,1.303,1,600,480x270,1.9860539999999958,857,
2025-12-22T11:31:45.705Z,1.455,1,600,480x270,2.0059969999999794,979,
2025-12-22T11:31:46.096Z,1.488,1,600,480x270,1.907055000000014,930,
2025-12-22T11:31:46.463Z,1.676,1,600,480x270,1.9404389999999978,996,
2025-12-22T11:31:46.797Z,1.842,1,600,480x270,1.9178599999999904,996,
2025-12-22T11:31:47.088Z,2.034,1,600,480x270,1.9184429999999963,995,
2025-12-22T11:31:47.473Z,2.143,1,600,480x270,1.9310749999999928,1010,
2025-12-22T11:31:48.017Z,2.098,1,600,480x270,1.9873529999999846,1018,
2025-12-22T11:31:48.081Z,2.119,2,1000,640x360,1.9225909999999828,1035,
2025-12-22T11:31:48.608Z,2.02,2,1000,640x360,1.9951449999999795,1035,
2025-12-22T11:31:49.169Z,1.97,2,1000,640x360,1.9365789999999947,1042,
2025-12-22T11:31:49.671Z,1.939,2,1000,640x360,1.9391290000000083,1061,
2025-12-22T11:31:50.089Z,2.041,2,1000,640x360,1.9210180000000037,1069,
2025-12-22T11:31:50.584Z,2.042,2,1000,640x360,1.9344580000000065,1068,
2025-12-22T11:31:51.413Z,1.727,2,1000,640x360,1.9979700000000093,1086,
2025-12-22T11:31:52.215Z,1.389,2,1000,640x360,1.999652999999995,1117,
2025-12-22T11:31:52.825Z,1.341,2,1000,640x360,1.9983210000000042,1114,
2025-12-22T11:31:53.467Z,1.186,2,1000,640x360,1.9393440000000055,1137,
2025-12-22T11:31:53.974Z,1.154,2,1000,640x360,1.9413079999999923,1124,
2025-12-22T11:31:54.496Z,1.124,2,1000,640x360,1.9111279999999908,1137,
2025-12-22T11:31:55.054Z,1.079,2,1000,640x360,1.9513860000000136,1149,
2025-12-22T11:31:55.547Z,1.098,2,1000,640x360,1.9581540000000075,1154,
2025-12-22T11:31:55.927Z,1.204,2,1000,640x360,1.975685999999996,1152,
2025-12-22T11:31:56.363Z,1.265,2,1000,640x360,1.9479019999999991,1152,
2025-12-22T11:31:56.894Z,1.246,2,1000,640x360,1.9147979999999905,1193,
2025-12-22T11:31:57.427Z,1.157,2,1000,640x360,1.9790869999999927,1196,
2025-12-22T11:31:58.184Z,0.95,2,1000,640x360,1.921210000000002,1171,
2025-12-22T11:31:58.259Z,0.952,1,600,480x270,1.9484740000000045,1176,
2025-12-22T11:31:58.638Z,1.005,1,600,480x270,1.9761430000000075,1176,
2025-12-22T11:31:59.005Z,1.116,1,600,480x270,2.0033679999999947,1158,
2025-12-22T11:31:59.411Z,1.208,1,600,480x270,1.990206999999998,1158,
2025-12-22T11:31:59.897Z,1.241,1,600,480x270,1.9076550000000054,1129,
2025-12-22T11:32:00.298Z,1.321,1,600,480x270,1.9155000000000086,1187,
2025-12-22T11:32:00.738Z,1.393,1,600,480x270,1.9784230000000207,1160,
2025-12-22T11:32:01.186Z,1.422,1,600,480x270,1.9241110000000106,1161,
2025-12-22T11:32:01.682Z,1.478,1,600,480x270,1.9443780000000004,1144,
2025-12-22T11:32:01.754Z,1.448,2,1000,640x360,1.978732999999977,1095,
2025-12-22T11:32:02.536Z,1.112,2,1000,640x360,1.9809290000000033,1095,
2025-12-22T11:32:03.236Z,0.903,2,1000,640x360,1.9666909999999973,1084,
2025-12-22T11:32:03.921Z,0.713,2,1000,640x360,1.9846839999999872,1102,
2025-12-22T11:32:04.691Z,0.468,2,1000,640x360,1.9233140000000049,1043,
2025-12-22T11:32:04.893Z,0.286,2,1000,640x360,1.9174219999999877,1075,rebuffer happen
2025-12-22T11:32:05.298Z,0.273,2,1000,640x360,1.9098009999999874,1075,rebuffer happen
2025-12-22T11:32:05.519Z,0.178,2,1000,640x360,1.983222999999981,1075,
2025-12-22T11:32:05.593Z,0.116,1,600,480x270,1.9094329999999786,1046,
2025-12-22T11:32:05.614Z,0.022,1,600,480x270,1.992592000000002,1046,rebuffer happen
2025-12-22T11:32:05.871Z,0.338,1,600,480x270,2.0344269999999938,1046,
2025-12-22T11:32:06.004Z,0.245,1,600,480x270,2.077180000000027,1046,rebuffer happen
2025-12-22T11:32:06.222Z,0.466,1,600,480x270,2.054085999999984,1046,
2025-12-22T11:32:06.681Z,0.555,1,600,480x270,2.002407000000005,1127,
2025-12-22T11:32:06.974Z,0.694,1,600,480x270,1.9763659999999845,1075,
2025-12-22T11:32:07.337Z,0.825,1,600,480x270,1.999808999999999,1075,
2025-12-22T11:32:07.688Z,0.967,1,600,480x270,1.9351839999999925,1077,
2025-12-22T11:32:08.068Z,1.073,1,600,480x270,1.9440050000000042,1052,
2025-12-22T11:32:08.423Z,1.213,1,600,480x270,1.9839020000000005,1127,
2025-12-22T11:32:08.881Z,1.245,1,600,480x270,1.937689000000006,1127,
2025-12-22T11:32:09.254Z,1.36,1,600,480x270,1.9595740000000035,1102,
2025-12-22T11:32:09.338Z,1.355,2,1000,640x360,1.9713649999999916,1096,
2025-12-22T11:32:09.979Z,1.162,2,1000,640x360,1.9425919999999905,1096,
2025-12-22T11:32:10.672Z,0.966,2,1000,640x360,1.9541289999999947,1079,
2025-12-22T11:32:11.248Z,0.902,2,1000,640x360,1.963360999999992,1103,
2025-12-22T11:32:11.763Z,0.87,2,1000,640x360,1.9490530000000206,1118,
2025-12-22T11:32:12.354Z,0.775,2,1000,640x360,1.9476819999999861,1115,
2025-12-22T11:32:12.897Z,0.739,2,1000,640x360,1.919066000000015,1112,
2025-12-22T11:32:12.962Z,0.706,1,600,480x270,1.9472049999999967,1099,
2025-12-22T11:32:13.280Z,0.818,1,600,480x270,1.9212599999999895,1099,
2025-12-22T11:32:13.698Z,0.955,1,600,480x270,1.9192170000000033,1094,
2025-12-22T11:32:14.018Z,1.117,1,600,480x270,2.002102999999977,1093,
2025-12-22T11:32:14.287Z,1.365,1,600,480x270,1.916515999999973,1118,
2025-12-22T11:32:14.678Z,1.46,1,600,480x270,1.9508550000000184,1118,
2025-12-22T11:32:15.042Z,1.613,1,600,480x270,1.972929000000022,1111,
2025-12-22T11:32:15.430Z,1.713,1,600,480x270,1.9826550000000225,1106,
2025-12-22T11:32:15.840Z,1.777,1,600,480x270,1.9625330000000076,1106,
2025-12-22T11:32:16.228Z,1.889,1,600,480x270,1.9735559999999737,1120,
2025-12-22T11:32:16.634Z,1.989,1,600,480x270,1.9803420000000074,1133,
2025-12-22T11:32:16.718Z,2.009,2,1000,640x360,1.99581900000004,1135,
2025-12-22T11:32:17.286Z,1.831,2,1000,640x360,1.917145000000005,1135,
2025-12-22T11:32:17.659Z,1.974,2,1000,640x360,1.9574609999999666,1110,
2025-12-22T11:32:18.043Z,2.079,2,1000,640x360,1.9649929999999927,1131,
2025-12-22T11:32:19.271Z,1.403,2,1000,640x360,1.9383840000000419,1130,
2025-12-22T11:32:19.935Z,1.246,2,1000,640x360,1.973148999999978,1123,
2025-12-22T11:32:20.555Z,1.082,2,1000,640x360,1.9556549999999788,1120,
2025-12-22T11:32:21.153Z,0.98,2,1000,640x360,1.960158999999976,1143,
2025-12-22T11:32:21.235Z,0.984,1,600,480x270,1.972908000000018,1130,
2025-12-22T11:32:21.581Z,1.048,1,600,480x270,1.9351639999999861,1130,
2025-12-22T11:32:21.963Z,1.119,1,600,480x270,1.9527780000000234,1123,
2025-12-22T11:32:22.355Z,1.276,1,600,480x270,1.9455510000000231,1123,
2025-12-22T11:32:22.744Z,1.396,1,600,480x270,1.9734289999999532,1127,
2025-12-22T11:32:23.090Z,1.549,1,600,480x270,1.924949999999967,1128,
2025-12-22T11:32:23.499Z,1.634,1,600,480x270,1.9015640000000076,1078,
2025-12-22T11:32:23.811Z,1.822,1,600,480x270,1.9998560000000225,1078,
2025-12-22T11:32:24.134Z,1.98,1,600,480x270,1.9741939999999545,1077,
2025-12-22T11:32:24.642Z,1.982,1,600,480x270,1.9736159999999927,1094,
2025-12-22T11:32:24.716Z,1.999,2,1000,640x360,1.991849000000002,1061,
2025-12-22T11:32:25.695Z,1.45,2,1000,640x360,1.9164289999999937,1061,
2025-12-22T11:32:26.354Z,1.264,2,1000,640x360,1.9539670000000342,1069,
2025-12-22T11:32:27.347Z,0.791,2,1000,640x360,1.959600000000023,1028,
2025-12-22T11:32:27.922Z,0.728,2,1000,640x360,1.979460999999958,1055,
2025-12-22T11:32:28.554Z,0.585,2,1000,640x360,1.9628960000000006,1042,
2025-12-22T11:32:28.633Z,0.586,1,600,480x270,1.9765820000000076,1006,
2025-12-22T11:32:29.053Z,0.514,1,600,480x270,1.9521060000000148,1006,
2025-12-22T11:32:29.472Z,0.66,1,600,480x270,1.9406060000000025,970,
2025-12-22T11:32:29.857Z,0.784,1,600,480x270,1.9587399999999775,970,
2025-12-22T11:32:30.204Z,0.914,1,600,480x270,2.0005780000000186,943,
2025-12-22T11:32:30.508Z,1.124,1,600,480x270,2.004860000000008,977,
2025-12-22T11:32:30.828Z,1.299,1,600,480x270,1.9851840000000038,977,
2025-12-22T11:32:31.171Z,1.45,1,600,480x270,1.9359059999999886,989,
2025-12-22T11:32:31.528Z,1.567,1,600,480x270,1.9757400000000302,979,
2025-12-22T11:32:31.886Z,1.741,1,600,480x270,1.9238229999999703,998,
2025-12-22T11:32:32.368Z,1.758,1,600,480x270,1.9343539999999848,998,
2025-12-22T11:32:32.442Z,1.766,2,1000,640x360,1.959226000000001,1034,
2025-12-22T11:32:32.993Z,1.662,2,1000,640x360,1.9221260000000484,1034,
2025-12-22T11:32:33.530Z,1.616,2,1000,640x360,1.9843630000000303,1068,
2025-12-22T11:32:34.060Z,1.596,2,1000,640x360,1.9533720000000017,1069,
2025-12-22T11:32:34.597Z,1.565,2,1000,640x360,1.9318819999999732,1070,
2025-12-22T11:32:35.145Z,1.483,2,1000,640x360,1.966401000000019,1079,
2025-12-22T11:32:35.671Z,1.45,2,1000,640x360,1.9437200000000416,1122,
2025-12-22T11:32:36.201Z,1.416,2,1000,640x360,2.0007420000000025,1121,
2025-12-22T11:32:36.872Z,1.283,2,1000,640x360,1.9386279999999942,1132,
2025-12-22T11:32:37.594Z,1.067,2,1000,640x360,1.9245189999999752,1089,
2025-12-22T11:32:38.337Z,0.754,2,1000,640x360,1.9655159999999796,1088,
2025-12-22T11:32:38.421Z,0.755,1,600,480x270,1.9861890000000244,1040,
2025-12-22T11:32:38.972Z,0.69,1,600,480x270,1.9441760000000272,1040,
2025-12-22T11:32:39.284Z,0.854,1,600,480x270,1.920172999999977,1022,
2025-12-22T11:32:39.681Z,0.962,1,600,480x270,1.9296990000000278,997,
2025-12-22T11:32:40.074Z,1.047,1,600,480x270,1.9360439999999812,965,
2025-12-22T11:32:40.586Z,1.051,1,600,480x270,1.9269159999999488,936,
2025-12-22T11:32:41.085Z,1.035,1,600,480x270,1.9176029999999855,930,
2025-12-22T11:32:41.568Z,1.075,1,600,480x270,1.9394399999999905,1048,
2025-12-22T11:32:42.021Z,1.1,1,600,480x270,1.9852339999999913,965,
2025-12-22T11:32:42.495Z,1.138,1,600,480x270,1.9108329999999683,973,
2025-12-22T11:32:42.567Z,1.146,2,1000,640x360,1.9529740000000402,973,
2025-12-22T11:32:43.171Z,0.991,2,1000,640x360,1.9391590000000178,973,
2025-12-22T11:32:43.819Z,0.814,2,1000,640x360,1.9921860000000038,1055,
2025-12-22T11:32:44.443Z,0.666,2,1000,640x360,1.9612730000000056,1059,
2025-12-22T11:32:44.872Z,0.745,2,1000,640x360,1.939517999999964,1064,
2025-12-22T11:32:45.271Z,0.847,2,1000,640x360,1.9315519999999538,1067,
2025-12-22T11:32:45.788Z,0.833,2,1000,640x360,1.917665999999997,1072,
2025-12-22T11:32:46.349Z,0.813,2,1000,640x360,1.960679999999968,1071,
2025-12-22T11:32:46.417Z,0.738,1,600,480x270,1.9866360000000327,1056,
2025-12-22T11:32:46.736Z,0.906,1,600,480x270,1.9764729999999986,1056,
2025-12-22T11:32:47.089Z,1.048,1,600,480x270,1.9179279999999608,1066,
2025-12-22T11:32:47.707Z,0.928,1,600,480x270,2.0023460000000455,1065,
2025-12-22T11:32:48.134Z,0.985,1,600,480x270,1.9825340000000438,1072,
2025-12-22T11:32:48.583Z,1.043,1,600,480x270,1.9363400000000297,1067,
2025-12-22T11:32:48.989Z,1.145,1,600,480x270,1.9297359999999912,1066,
2025-12-22T11:32:49.383Z,1.232,1,600,480x270,1.917737000000045,1066,
2025-12-22T11:32:49.824Z,1.272,1,600,480x270,1.984909000000016,1064,
2025-12-22T11:32:49.894Z,1.314,2,1000,640x360,1.9144579999999678,1080,
2025-12-22T11:32:50.426Z,1.226,2,1000,640x360,1.9748189999999681,1080,
2025-12-22T11:32:50.937Z,1.197,2,1000,640x360,1.9696050000000014,1080,
2025-12-22T11:32:51.557Z,1.132,2,1000,640x360,1.955332999999996,1085,
2025-12-22T11:32:52.091Z,1.036,2,1000,640x360,1.9225659999999607,1088,
2025-12-22T11:32:52.657Z,1.006,2,1000,640x360,1.958077000000003,1104,
2025-12-22T11:32:53.220Z,0.877,2,1000,640x360,1.9981940000000122,1160,
2025-12-22T11:32:53.793Z,0.837,2,1000,640x360,1.9218629999999735,1156,
2025-12-22T11:32:53.866Z,0.844,1,600,480x270,1.9427420000000097,1184,
2025-12-22T11:32:54.196Z,0.97,1,600,480x270,1.9085259999999948,1184,
2025-12-22T11:32:54.510Z,1.091,1,600,480x270,2.0069709999999645,1175,
2025-12-22T11:32:54.823Z,1.278,1,600,480x270,1.9924330000000054,1175,
2025-12-22T11:32:55.085Z,1.545,1,600,480x270,1.9268540000000485,1222,
2025-12-22T11:32:55.455Z,1.659,1,600,480x270,1.9489030000000298,1194,
2025-12-22T11:32:55.815Z,1.803,1,600,480x270,1.9860249999999837,1194,
2025-12-22T11:32:56.116Z,2.019,1,600,480x270,1.9859500000000025,1220,
2025-12-22T11:32:56.453Z,2.163,1,600,480x270,1.9533589999999776,1214,
2025-12-22T11:32:57.114Z,2.067,1,600,480x270,1.9900269999999978,1221,
2025-12-22T11:32:57.449Z,2.132,1,600,480x270,1.9549449999999524,1211,
2025-12-22T11:32:57.524Z,2.186,2,1000,640x360,1.995175999999958,1211,
2025-12-22T11:32:58.200Z,1.932,2,1000,640x360,1.917203000000029,1218,
2025-12-22T11:32:58.757Z,1.876,2,1000,640x360,1.947987000000012,1224,
2025-12-22T11:32:59.353Z,1.775,2,1000,640x360,1.94834800000001,1238,
2025-12-22T11:32:59.911Z,1.711,2,1000,640x360,2.004074000000003,1219,
2025-12-22T11:33:00.422Z,1.717,2,1000,640x360,1.9863000000000284,1232,
2025-12-22T11:33:00.880Z,1.749,2,1000,640x360,1.9231909999999743,1234,
2025-12-22T11:33:01.121Z,1.942,2,1000,640x360,1.9809949999999503,1236,
2025-12-22T11:33:01.377Z,2.253,2,1000,640x360,1.9266269999999963,1229,
2025-12-22T11:33:02.587Z,1.559,2,1000,640x360,1.9198150000000282,1231,
2025-12-22T11:33:03.168Z,1.47,2,1000,640x360,1.9396429999999896,1233,
2025-12-22T11:33:03.703Z,1.446,2,1000,640x360,2.0081410000000233,1237,
2025-12-22T11:33:04.232Z,1.408,2,1000,640x360,1.9745120000000043,1224,
2025-12-22T11:33:04.752Z,1.377,2,1000,640x360,1.953930000000014,1237,
2025-12-22T11:33:05.282Z,1.358,2,1000,640x360,1.9241710000000012,1272,
2025-12-22T11:33:05.810Z,1.34,2,1000,640x360,2.0004640000000222,1269,
2025-12-22T11:33:06.349Z,1.292,2,1000,640x360,1.9536299999999756,1274,
2025-12-22T11:33:06.887Z,1.256,2,1000,640x360,1.917648999999983,1270,
2025-12-22T11:33:07.411Z,1.226,2,1000,640x360,1.9991440000000011,1270,
2025-12-22T11:33:07.924Z,1.209,2,1000,640x360,1.9908029999999712,1273,
2025-12-22T11:33:08.355Z,1.256,2,1000,640x360,1.953552000000002,1273,
2025-12-22T11:33:08.809Z,1.319,2,1000,640x360,2.0009340000000293,1263,
2025-12-22T11:33:09.303Z,1.322,2,1000,640x360,1.9994849999999929,1309,
2025-12-22T11:33:09.821Z,1.314,2,1000,640x360,1.9956720000000132,1332,
2025-12-22T11:33:10.435Z,1.19,2,1000,640x360,1.9713120000000117,1336,
2025-12-22T11:33:11.046Z,1.103,2,1000,640x360,1.9569829999999797,1337,
2025-12-22T11:33:11.471Z,1.156,2,1000,640x360,1.9338409999999726,1340,
2025-12-22T11:33:11.957Z,1.162,2,1000,640x360,1.9541380000000004,1340,
2025-12-22T11:33:12.444Z,1.169,2,1000,640x360,1.9605260000000158,1332,
2025-12-22T11:33:12.942Z,1.185,2,1000,640x360,1.972391000000016,1394,
2025-12-22T11:33:13.444Z,1.194,2,1000,640x360,1.9667740000000435,1363,
2025-12-22T11:33:14.110Z,1.031,2,1000,640x360,2.0017839999999865,1363,
2025-12-22T11:33:14.865Z,0.786,2,1000,640x360,1.9551930000000084,1341,
2025-12-22T11:33:14.943Z,0.782,1,600,480x270,1.9833280000000286,1162,
2025-12-22T11:33:15.529Z,0.555,1,600,480x270,1.9895420000000286,1162,
2025-12-22T11:33:15.973Z,0.67,1,600,480x270,1.9337690000000407,1287,
2025-12-22T11:33:16.431Z,0.692,1,600,480x270,1.9785790000000247,1287,
2025-12-22T11:33:16.883Z,0.746,1,600,480x270,1.928120999999976,1161,
2025-12-22T11:33:17.342Z,0.78,1,600,480x270,1.960743999999977,1131,
2025-12-22T11:33:17.673Z,0.962,1,600,480x270,1.9334029999999984,1116,
2025-12-22T11:33:18.155Z,0.984,1,600,480x270,1.9601900000000114,1078,
2025-12-22T11:33:18.627Z,1.009,1,600,480x270,1.9733039999999846,1152,
2025-12-22T11:33:18.700Z,1.008,2,1000,640x360,1.900779,1076,
2025-12-22T11:33:19.378Z,0.796,2,1000,640x360,1.9285670000000437,1076,
2025-12-22T11:33:19.950Z,0.692,2,1000,640x360,1.9596169999999802,1070,
2025-12-22T11:33:20.698Z,0.282,2,1000,640x360,1.9147229999999809,1153,rebuffer happen
2025-12-22T11:33:20.925Z,0.24,2,1000,640x360,1.991010000000017,1153,
2025-12-22T11:33:21.127Z,0.02,2,1000,640x360,1.9845529999999485,1066,rebuffer happen
2025-12-22T11:33:21.777Z,0.025,2,1000,640x360,2.1978770000000054,1066,rebuffer happen
2025-12-22T11:33:21.810Z,0.029,2,1000,640x360,2.2659080000000245,1066,rebuffer happen
2025-12-22T11:33:21.846Z,0.036,2,1000,640x360,2.2362870000000044,1066,
2025-12-22T11:33:21.894Z,0.019,2,1000,640x360,2.1892010000000255,1007,rebuffer happen
2025-12-22T11:33:22.711Z,0.023,2,1000,640x360,2.6310269999999605,1007,rebuffer happen
2025-12-22T11:33:22.734Z,0.023,2,1000,640x360,2.6310269999999605,1007,
2025-12-22T11:33:22.778Z,0.017,1,600,480x270,2.5922969999999737,941,rebuffer happen
2025-12-22T11:33:22.803Z,0.017,1,600,480x270,2.5922969999999737,941,
2025-12-22T11:33:23.282Z,0.255,1,600,480x270,2.831343000000004,941,
2025-12-22T11:33:23.747Z,0.253,1,600,480x270,2.8693439999999555,929,
2025-12-22T11:33:23.834Z,0.217,1,600,480x270,2.8830409999999915,935,rebuffer happen
2025-12-22T11:33:24.003Z,0.298,1,600,480x270,2.830947999999978,935,rebuffer happen
2025-12-22T11:33:24.057Z,0.377,1,600,480x270,2.750477999999987,935,
2025-12-22T11:33:24.206Z,0.195,1,600,480x270,2.7314289999999914,932,rebuffer happen
2025-12-22T11:33:24.700Z,0.127,1,600,480x270,2.5889629999999784,932,
2025-12-22T11:33:24.763Z,0.048,1,600,480x270,2.613004999999987,930,rebuffer happen
2025-12-22T11:33:25.134Z,0.263,1,600,480x270,2.711025999999947,930,
2025-12-22T11:33:25.500Z,0.343,1,600,480x270,2.6170570000000453,899,
2025-12-22T11:33:25.549Z,0.279,1,600,480x270,2.64428300000003,899,rebuffer happen
2025-12-22T11:33:26.025Z,0.184,1,600,480x270,2.5501260000000343,899,
2025-12-22T11:33:26.524Z,0.163,1,600,480x270,2.5625720000000456,895,
2025-12-22T11:33:26.596Z,0.193,0,200,320x180,2.4912930000000415,906,
2025-12-22T11:33:26.777Z,0.41,0,200,320x180,2.512388000000044,906,
2025-12-22T11:33:26.973Z,0.661,0,200,320x180,2.477031000000011,906,
2025-12-22T11:33:27.166Z,0.882,0,200,320x180,2.401344999999992,906,
2025-12-22T11:33:27.316Z,1.161,0,200,320x180,2.3917200000000207,906,
2025-12-22T11:33:27.478Z,1.459,0,200,320x180,2.2843140000000517,906,
2025-12-22T11:33:27.625Z,1.854,0,200,320x180,2.332817000000034,906,
2025-12-22T11:33:27.750Z,2.171,0,200,320x180,2.2657839999999965,926,
2025-12-22T11:33:27.895Z,2.52,0,200,320x180,2.179561000000035,926,
2025-12-22T11:33:28.394Z,2.421,0,200,320x180,2.0426749999999743,940,
2025-12-22T11:33:28.874Z,2.345,0,200,320x180,2.0115599999999745,945,
2025-12-22T11:33:29.454Z,2.209,0,200,320x180,1.9819749999999772,953,
2025-12-22T11:33:29.970Z,2.186,0,200,320x180,1.9568370000000073,956,
2025-12-22T11:33:30.046Z,2.186,1,600,480x270,1.9739680000000135,956,
2025-12-22T11:33:30.532Z,2.123,1,600,480x270,1.979867000000013,946,
2025-12-22T11:33:31.025Z,2.112,1,600,480x270,1.9856659999999806,977,
2025-12-22T11:33:31.578Z,2.065,1,600,480x270,1.93587500000001,984,
2025-12-22T11:33:32.066Z,2.022,1,600,480x270,1.9406880000000228,1030,
2025-12-22T11:33:32.580Z,2.039,1,600,480x270,1.9371440000000462,1043,
2025-12-22T11:33:33.162Z,1.971,1,600,480x270,1.9457980000000248,1083,
2025-12-22T11:33:33.526Z,2.101,1,600,480x270,1.9946320000000242,1050,
2025-12-22T11:33:33.605Z,2.12,2,1000,640x360,1.9143329999999992,1085,
2025-12-22T11:33:34.295Z,1.837,2,1000,640x360,1.9102460000000292,1085,
2025-12-22T11:33:34.952Z,1.683,2,1000,640x360,1.954782000000023,1098,
2025-12-22T11:33:35.494Z,1.648,2,1000,640x360,1.9127019999999675,1084,
2025-12-22T11:33:36.026Z,1.618,2,1000,640x360,1.9884799999999814,1092,
2025-12-22T11:33:36.574Z,1.554,2,1000,640x360,1.938034000000016,1100,
2025-12-22T11:33:36.971Z,1.645,2,1000,640x360,1.9317960000000198,1116,
2025-12-22T11:33:37.501Z,1.632,2,1000,640x360,1.9086640000000443,1116,
2025-12-22T11:33:37.963Z,1.656,2,1000,640x360,1.941712999999993,1123,
2025-12-22T11:33:38.430Z,1.709,2,1000,640x360,1.9711010000000329,1123,
2025-12-22T11:33:39.185Z,1.48,2,1000,640x360,1.919840000000022,1122,
2025-12-22T11:33:39.818Z,1.333,2,1000,640x360,2.0009509999999864,1129,
2025-12-22T11:33:40.334Z,1.309,2,1000,640x360,1.9764959999999974,1195,
2025-12-22T11:33:40.987Z,1.144,2,1000,640x360,1.9138360000000034,1185,
2025-12-22T11:33:41.598Z,1.092,2,1000,640x360,1.9100329999999985,1195,
2025-12-22T11:33:42.238Z,0.896,2,1000,640x360,1.9626870000000167,1197,
2025-12-22T11:33:42.319Z,0.843,1,600,480x270,1.987878999999964,1211,
2025-12-22T11:33:42.719Z,0.92,1,600,480x270,1.995145999999977,1211,
2025-12-22T11:33:43.114Z,1.006,1,600,480x270,1.9984270000000492,1210,
2025-12-22T11:33:43.523Z,1.077,1,600,480x270,1.9896699999999896,1202,
2025-12-22T11:33:43.936Z,1.199,1,600,480x270,1.9775050000000078,1194,
2025-12-22T11:33:44.351Z,1.284,1,600,480x270,1.9510680000000207,1194,
2025-12-22T11:33:44.776Z,1.359,1,600,480x270,1.9477249999999913,1178,
2025-12-22T11:33:45.136Z,1.492,1,600,480x270,1.9853420000000028,1183,
2025-12-22T11:33:45.542Z,1.597,1,600,480x270,1.9699239999999918,1162,
2025-12-22T11:33:45.951Z,1.687,1,600,480x270,1.9529099999999744,1136,
2025-12-22T11:33:46.022Z,1.628,2,1000,640x360,1.9914479999999912,1136,
2025-12-22T11:33:46.684Z,1.467,2,1000,640x360,1.9228700000000458,1136,
2025-12-22T11:33:47.363Z,1.272,2,1000,640x360,1.939346999999998,1068,
2025-12-22T11:33:48.033Z,1.124,2,1000,640x360,1.9864939999999933,1187,
2025-12-22T11:33:48.714Z,0.945,2,1000,640x360,2.0083440000000223,1106,
2025-12-22T11:33:49.421Z,0.71,2,1000,640x360,1.9819109999999682,1096,
2025-12-22T11:33:49.502Z,0.686,1,600,480x270,1.9037460000000124,1116,
2025-12-22T11:33:49.769Z,0.855,1,600,480x270,1.9404380000000288,1116,
2025-12-22T11:33:50.049Z,1.066,1,600,480x270,1.9578710000000115,1139,
2025-12-22T11:33:50.350Z,1.287,1,600,480x270,1.95243499999998,1122,
2025-12-22T11:33:50.673Z,1.466,1,600,480x270,1.9426770000000033,1122,
2025-12-22T11:33:51.007Z,1.619,1,600,480x270,1.9987720000000309,1163,
2025-12-22T11:33:51.333Z,1.788,1,600,480x270,1.9808969999999704,1163,
2025-12-22T11:33:51.658Z,1.965,1,600,480x270,1.9576260000000048,1145,
2025-12-22T11:33:51.995Z,2.134,1,600,480x270,1.9110450000000014,1162,
2025-12-22T11:33:52.490Z,2.135,1,600,480x270,1.9173380000000293,1169,
2025-12-22T11:33:53.038Z,2.104,1,600,480x270,1.972646999999995,1179,
2025-12-22T11:33:53.113Z,2.107,2,1000,640x360,1.9969830000000002,1186,
2025-12-22T11:33:53.622Z,2.006,2,1000,640x360,1.9932360000000244,1186,
2025-12-22T11:33:54.166Z,1.973,2,1000,640x360,1.9348809999999617,1188,
2025-12-22T11:33:54.744Z,1.893,2,1000,640x360,1.9645039999999767,1174,
2025-12-22T11:33:55.263Z,1.875,2,1000,640x360,1.9387259999999742,1185,
2025-12-22T11:33:55.727Z,1.907,2,1000,640x360,1.982923000000028,1180,
2025-12-22T11:33:56.331Z,1.8,2,1000,640x360,1.9710680000000025,1184,
2025-12-22T11:33:56.910Z,1.72,2,1000,640x360,2.0071199999999862,1130,
2025-12-22T11:33:57.756Z,1.43,2,1000,640x360,1.96973399999996,1116,
2025-12-22T11:33:58.373Z,1.281,2,1000,640x360,1.9355070000000296,1130,
2025-12-22T11:33:58.902Z,1.223,2,1000,640x360,2.0059590000000185,1148,
2025-12-22T11:33:59.447Z,1.183,2,1000,640x360,1.9591580000000022,1141,
2025-12-22T11:34:00.120Z,1.022,2,1000,640x360,1.9866390000000251,1139,
2025-12-22T11:34:00.788Z,0.867,2,1000,640x360,1.9391159999999559,1159,
2025-12-22T11:34:00.864Z,0.86,1,600,480x270,1.9543820000000096,1139,
2025-12-22T11:34:01.235Z,0.901,1,600,480x270,1.9710579999999709,1139,
2025-12-22T11:34:01.606Z,1.038,1,600,480x270,2.016958000000045,1193,
2025-12-22T11:34:01.979Z,1.168,1,600,480x270,1.9386630000000196,1163,
2025-12-22T11:34:02.350Z,1.286,1,600,480x270,1.9602260000000342,1163,
2025-12-22T11:34:02.729Z,1.403,1,600,480x270,1.9831869999999867,1165,
2025-12-22T11:34:03.084Z,1.544,1,600,480x270,1.9219469999999887,1162,
2025-12-22T11:34:03.413Z,1.695,1,600,480x270,1.9924389999999903,1163,
2025-12-22T11:34:03.713Z,1.909,1,600,480x270,1.9939219999999978,1163,
2025-12-22T11:34:04.030Z,2.088,1,600,480x270,1.977170000000001,1200,
2025-12-22T11:34:04.485Z,2.133,1,600,480x270,1.920406000000014,1193,
2025-12-22T11:34:04.570Z,2.154,2,1000,640x360,1.9538779999999747,1193,
2025-12-22T11:34:05.187Z,1.932,2,1000,640x360,1.9188530000000128,1198,
2025-12-22T11:34:05.736Z,1.914,2,1000,640x360,1.9935289999999668,1196,
2025-12-22T11:34:06.335Z,1.797,2,1000,640x360,1.970956000000001,1206,
2025-12-22T11:34:07.083Z,1.574,2,1000,640x360,1.921461000000022,1205,
2025-12-22T11:34:07.690Z,1.453,2,1000,640x360,1.921418000000017,1214,
2025-12-22T11:34:08.255Z,1.368,2,1000,640x360,1.9477229999999963,1200,
2025-12-22T11:34:08.841Z,1.323,2,1000,640x360,1.9824449999999842,1230,
2025-12-22T11:34:09.403Z,1.226,2,1000,640x360,1.999541000000022,1268,
2025-12-22T11:34:10.000Z,1.158,2,1000,640x360,1.9153140000000235,1256,
2025-12-22T11:34:10.601Z,1.046,2,1000,640x360,2.002397999999971,1243,
2025-12-22T11:34:11.190Z,0.942,2,1000,640x360,1.9116509999999494,1250,
2025-12-22T11:34:11.268Z,0.896,1,600,480x270,1.9423720000000344,1246,
2025-12-22T11:34:11.629Z,1.004,1,600,480x270,1.976175000000012,1246,
2025-12-22T11:34:12.005Z,1.106,1,600,480x270,1.999524000000008,1251,
2025-12-22T11:34:12.402Z,1.195,1,600,480x270,1.99975900000004,1251,
2025-12-22T11:34:12.797Z,1.34,1,600,480x270,1.9131659999999897,1221,
2025-12-22T11:34:13.215Z,1.446,1,600,480x270,1.9907139999999686,1233,
2025-12-22T11:34:13.601Z,1.522,1,600,480x270,1.9181750000000193,1230,
2025-12-22T11:34:13.970Z,1.668,1,600,480x270,1.9540799999999763,1212,
2025-12-22T11:34:14.340Z,1.821,1,600,480x270,1.9654130000000123,1212,
2025-12-22T11:34:14.745Z,1.904,1,600,480x270,1.9609670000000392,1190,
2025-12-22T11:34:14.814Z,1.892,2,1000,640x360,1.9893159999999739,1198,
2025-12-22T11:34:15.270Z,1.843,2,1000,640x360,1.9320150000000353,1198,
2025-12-22T11:34:15.743Z,1.878,2,1000,640x360,1.963216999999986,1237,
2025-12-22T11:34:16.257Z,1.88,2,1000,640x360,1.9446929999999725,1229,
2025-12-22T11:34:16.973Z,1.654,2,1000,640x360,1.9320429999999646,1222,
2025-12-22T11:34:18.424Z,0.695,2,1000,640x360,1.9766690000000153,1133,
2025-12-22T11:34:18.498Z,0.71,1,600,480x270,1.9106030000000374,1004,
2025-12-22T11:34:19.073Z,0.563,1,600,480x270,1.9446290000000204,1004,
2025-12-22T11:34:19.633Z,0.536,1,600,480x270,1.9852960000000053,1003,
2025-12-22T11:34:20.158Z,0.479,1,600,480x270,1.955904999999973,975,
2025-12-22T11:34:20.666Z,0.459,1,600,480x270,1.9417500000000132,956,
2025-12-22T11:34:20.881Z,0.289,1,600,480x270,1.9207010000000082,876,rebuffer happen
2025-12-22T11:34:21.220Z,0.402,1,600,480x270,1.9817449999999894,876,
2025-12-22T11:34:21.425Z,0.277,1,600,480x270,1.9864410000000134,879,rebuffer happen
2025-12-22T11:34:21.552Z,0.296,1,600,480x270,1.965235000000007,879,rebuffer happen
2025-12-22T11:34:21.705Z,0.274,1,600,480x270,2.0097260000000006,879,rebuffer happen
2025-12-22T11:34:21.806Z,0.326,1,600,480x270,2.005329999999958,879,
2025-12-22T11:34:21.865Z,0.279,1,600,480x270,1.9458029999999553,860,rebuffer happen
2025-12-22T11:34:22.133Z,0.277,1,600,480x270,1.9903419999999983,860,rebuffer happen
2025-12-22T11:34:22.288Z,0.335,1,600,480x270,1.929200000000037,860,
2025-12-22T11:34:22.400Z,0.243,1,600,480x270,1.9108509999999796,961,rebuffer happen
2025-12-22T11:34:22.609Z,0.496,1,600,480x270,2.0184869999999933,961,
2025-12-22T11:34:22.910Z,0.746,1,600,480x270,2.017029999999977,961,
2025-12-22T11:34:23.197Z,0.919,1,600,480x270,1.9147820000000024,961,
2025-12-22T11:34:23.523Z,1.1,1,600,480x270,1.9895380000000387,1019,
2025-12-22T11:34:23.595Z,1.12,2,1000,640x360,1.9169800000000237,1024,
2025-12-22T11:34:24.171Z,0.996,2,1000,640x360,1.9302189999999655,1024,
2025-12-22T11:34:24.617Z,1.008,2,1000,640x360,1.9933990000000108,1068,
2025-12-22T11:34:25.066Z,1.016,2,1000,640x360,1.9425380000000132,1115,
2025-12-22T11:34:25.497Z,1.102,2,1000,640x360,1.9155549999999835,1104,
2025-12-22T11:34:25.969Z,1.161,2,1000,640x360,1.9354280000000017,1104,
2025-12-22T11:34:26.483Z,1.11,2,1000,640x360,1.929313000000036,1136,
2025-12-22T11:34:26.967Z,1.166,2,1000,640x360,1.9452829999999608,1137,
2025-12-22T11:34:27.549Z,1.115,2,1000,640x360,1.95735099999996,1130,
2025-12-22T11:34:28.217Z,0.935,2,1000,640x360,1.9889070000000402,1132,
2025-12-22T11:34:28.294Z,0.902,1,600,480x270,1.9114600000000337,1139,
2025-12-22T11:34:28.680Z,0.964,1,600,480x270,1.9334289999999896,1139,
2025-12-22T11:34:29.022Z,1.119,1,600,480x270,1.9900470000000041,1153,
2025-12-22T11:34:29.329Z,1.286,1,600,480x270,1.9760180000000105,1155,
2025-12-22T11:34:29.649Z,1.448,1,600,480x270,1.9664690000000178,1155,
2025-12-22T11:34:29.973Z,1.611,1,600,480x270,1.938207000000034,1167,
2025-12-22T11:34:30.299Z,1.809,1,600,480x270,1.903238999999985,1167,
2025-12-22T11:34:30.633Z,1.997,1,600,480x270,1.982810000000029,1170,
2025-12-22T11:34:31.027Z,2.094,1,600,480x270,1.9834199999999669,1183,
2025-12-22T11:34:31.491Z,2.125,1,600,480x270,1.9177220000000261,1176,
2025-12-22T11:34:31.699Z,1.947,2,1000,640x360,1.9024860000000103,1185,
2025-12-22T11:34:32.321Z,1.819,2,1000,640x360,1.986485000000016,1185,
2025-12-22T11:34:32.918Z,1.734,2,1000,640x360,1.9900240000000053,1161,
2025-12-22T11:34:33.382Z,1.757,2,1000,640x360,1.920439999999985,1174,
2025-12-22T11:34:33.866Z,1.771,2,1000,640x360,1.9384959999999865,1164,
2025-12-22T11:34:34.644Z,1.463,2,1000,640x360,1.9732040000000097,1212,
2025-12-22T11:34:35.151Z,1.48,2,1000,640x360,1.9531489999999962,1200,
2025-12-22T11:34:35.689Z,1.449,2,1000,640x360,1.9363190000000259,1194,
2025-12-22T11:34:36.211Z,1.435,2,1000,640x360,1.9969989999999598,1258,
2025-12-22T11:34:36.707Z,1.427,2,1000,640x360,2.003778000000011,1238,
2025-12-22T11:34:36.922Z,1.696,2,1000,640x360,1.9910209999999893,1249,
2025-12-22T11:34:37.211Z,1.917,2,1000,640x360,2.0011629999999627,1249,
2025-12-22T11:34:37.662Z,1.968,2,1000,640x360,1.953442999999993,1249,
2025-12-22T11:34:38.200Z,1.915,2,1000,640x360,1.9062360000000353,1255,
2025-12-22T11:34:38.699Z,1.937,2,1000,640x360,1.9134960000000092,1252,
2025-12-22T11:34:39.227Z,1.913,2,1000,640x360,1.9876789999999573,1275,
2025-12-22T11:34:39.759Z,1.882,2,1000,640x360,1.966278999999986,1280,
2025-12-22T11:34:40.288Z,1.852,2,1000,640x360,1.9184460000000172,1289,
2025-12-22T11:34:41.357Z,1.258,2,1000,640x360,1.9575689999999781,1293,
2025-12-22T11:34:41.923Z,1.205,2,1000,640x360,1.9882929999999988,1290,
2025-12-22T11:34:42.382Z,1.247,2,1000,640x360,1.9206070000000182,1272,
2025-12-22T11:34:42.762Z,1.387,2,1000,640x360,1.9507490000000303,1272,
2025-12-22T11:34:43.157Z,1.486,2,1000,640x360,1.9526859999999715,1256,
2025-12-22T11:34:43.579Z,1.571,2,1000,640x360,1.9454489999999964,1255,
2025-12-22T11:34:44.119Z,1.539,2,1000,640x360,1.9902490000000057,1227,
2025-12-22T11:34:44.740Z,1.391,2,1000,640x360,1.9628490000000056,1235,
2025-12-22T11:34:45.301Z,1.327,2,1000,640x360,1.9087110000000393,1263,
2025-12-22T11:34:45.759Z,1.368,2,1000,640x360,1.9532720000000268,1298,
2025-12-22T11:34:46.460Z,1.181,2,1000,640x360,1.95568499999996,1328,
2025-12-22T11:34:47.215Z,0.913,2,1000,640x360,1.9860810000000129,1317,
2025-12-22T11:34:47.291Z,0.921,1,600,480x270,1.9100869999999759,1315,
2025-12-22T11:34:47.710Z,0.915,1,600,480x270,2.0019810000000007,1315,
2025-12-22T11:34:48.179Z,0.942,1,600,480x270,1.9309450000000083,1324,
2025-12-22T11:34:48.712Z,0.915,1,600,480x270,1.9891719999999964,1315,
2025-12-22T11:34:49.154Z,0.966,1,600,480x270,1.9524560000000406,1297,
2025-12-22T11:34:49.535Z,1.091,1,600,480x270,1.9858029999999758,1297,
2025-12-22T11:34:50.005Z,1.165,1,600,480x270,1.9988349999999855,1260,
2025-12-22T11:34:50.443Z,1.19,1,600,480x270,1.9592039999999997,1260,
2025-12-22T11:34:50.823Z,1.3,1,600,480x270,1.9872510000000148,1238,
2025-12-22T11:34:50.899Z,1.251,2,1000,640x360,1.9098569999999881,1210,
2025-12-22T11:34:51.336Z,1.315,2,1000,640x360,1.973320000000001,1210,
2025-12-22T11:34:51.781Z,1.384,2,1000,640x360,1.9369120000000066,1181,
2025-12-22T11:34:52.356Z,1.264,2,1000,640x360,1.9534590000000094,1110,
2025-12-22T11:34:53.265Z,0.878,2,1000,640x360,1.9533099999999877,1250,
2025-12-22T11:34:54.261Z,0.275,2,1000,640x360,1.94578800000005,1152,rebuffer happen
2025-12-22T11:34:54.409Z,0.232,2,1000,640x360,1.9990790000000516,1152,
2025-12-22T11:34:54.484Z,0.225,1,600,480x270,1.9303000000000452,1072,
2025-12-22T11:34:54.620Z,0.025,1,600,480x270,1.9990469999999618,1072,rebuffer happen
2025-12-22T11:34:54.862Z,0.353,1,600,480x270,2.033785000000023,1072,
2025-12-22T11:34:55.000Z,0.278,1,600,480x270,1.9762519999999881,1027,rebuffer happen
2025-12-22T11:34:55.190Z,0.5,1,600,480x270,1.9721440000000143,1027,
2025-12-22T11:34:55.586Z,0.551,1,600,480x270,1.9734520000000089,1060,
2025-12-22T11:34:55.971Z,0.68,1,600,480x270,1.9686430000000428,1037,
2025-12-22T11:34:56.355Z,0.792,1,600,480x270,1.9624699999999962,1037,
2025-12-22T11:34:56.701Z,0.927,1,600,480x270,2.0121579999999994,1073,
2025-12-22T11:34:57.027Z,1.075,1,600,480x270,1.9892530000000193,1071,
2025-12-22T11:34:57.343Z,1.272,1,600,480x270,1.957763,1081,
2025-12-22T11:34:57.679Z,1.464,1,600,480x270,1.9438910000000078,1081,
2025-12-22T11:34:58.019Z,1.6,1,600,480x270,1.9903929999999832,1039,
2025-12-22T11:34:58.096Z,1.569,2,1000,640x360,1.912130999999988,1065,
2025-12-22T11:34:58.739Z,1.395,2,1000,640x360,1.975990999999965,1065,
2025-12-22T11:34:59.423Z,1.206,2,1000,640x360,1.9849080000000185,1054,
2025-12-22T11:35:00.020Z,1.118,2,1000,640x360,1.993996999999979,1105,
2025-12-22T11:35:00.635Z,0.997,2,1000,640x360,1.9744160000000193,1092,
2025-12-22T11:35:01.137Z,1.008,2,1000,640x360,1.9806120000000078,1121,
2025-12-22T11:35:01.714Z,0.94,2,1000,640x360,2.001730000000009,1087,
2025-12-22T11:35:01.780Z,0.889,1,600,480x270,1.9346970000000283,1049,
2025-12-22T11:35:02.130Z,0.989,1,600,480x270,1.979959000000008,1049,
2025-12-22T11:35:02.583Z,1.132,1,600,480x270,1.9322750000000042,1040,
2025-12-22T11:35:02.951Z,1.18,1,600,480x270,1.954499999999996,1057,
2025-12-22T11:35:03.268Z,1.364,1,600,480x270,1.9333659999999782,1057,
2025-12-22T11:35:03.628Z,1.5,1,600,480x270,1.9842589999999518,1065,
2025-12-22T11:35:04.049Z,1.601,1,600,480x270,1.9603690000000142,1135,
2025-12-22T11:35:04.388Z,1.743,1,600,480x270,1.912951000000021,1166,
2025-12-22T11:35:04.719Z,1.898,1,600,480x270,1.9860950000000344,1166,
2025-12-22T11:35:05.076Z,2.056,1,600,480x270,1.9254740000000083,1178,
2025-12-22T11:35:05.202Z,2.06,2,1000,640x360,1.9008059999999887,1181,
2025-12-22T11:35:05.800Z,1.835,2,1000,640x360,1.9072249999999826,1181,
2025-12-22T11:35:06.376Z,1.755,2,1000,640x360,1.9302399999999693,1179,
2025-12-22T11:35:06.775Z,1.857,2,1000,640x360,1.9361099999999851,1162,
2025-12-22T11:35:07.165Z,1.986,2,1000,640x360,1.9391760000000318,1191,
2025-12-22T11:35:07.675Z,1.966,2,1000,640x360,1.935673999999949,1179,
2025-12-22T11:35:08.459Z,1.679,2,1000,640x360,1.9578350000000455,1168,
2025-12-22T11:35:09.188Z,1.468,2,1000,640x360,1.9185849999999505,1160,
2025-12-22T11:35:09.752Z,1.358,2,1000,640x360,1.961039000000028,1211,
2025-12-22T11:35:10.120Z,1.519,2,1000,640x360,1.9833100000000172,1227,
2025-12-22T11:35:10.516Z,1.626,2,1000,640x360,1.994053000000008,1261,
2025-12-22T11:35:10.934Z,1.709,2,1000,640x360,1.972578999999996,1243,
2025-12-22T11:35:11.397Z,1.74,2,1000,640x360,1.908469000000025,1243,
2025-12-22T11:35:11.773Z,1.874,2,1000,640x360,1.9515519999999924,1288,
2025-12-22T11:35:12.359Z,1.779,2,1000,640x360,1.9433499999999526,1275,
2025-12-22T11:35:13.221Z,1.402,2,1000,640x360,1.994279000000006,1291,
2025-12-22T11:35:13.829Z,1.326,2,1000,640x360,1.9784239999999613,1296,
2025-12-22T11:35:14.337Z,1.301,2,1000,640x360,1.9642600000000243,1298,
2025-12-22T11:35:14.921Z,1.268,2,1000,640x360,1.9930459999999925,1293,
2025-12-22T11:35:15.404Z,1.235,2,1000,640x360,1.998974999999973,1346,
2025-12-22T11:35:15.922Z,1.198,2,1000,640x360,1.9897429999999758,1310,
2025-12-22T11:35:16.365Z,1.275,2,1000,640x360,1.9377149999999688,1309,
2025-12-22T11:35:16.735Z,1.41,2,1000,640x360,1.98762499999998,1301,
2025-12-22T11:35:17.055Z,1.581,2,1000,640x360,1.962334999999996,1311,
2025-12-22T11:35:17.673Z,1.652,2,1000,640x360,1.9408260000000155,1305,
2025-12-22T11:35:18.455Z,1.206,2,1000,640x360,1.955063999999993,1306,
2025-12-22T11:35:18.972Z,1.168,2,1000,640x360,1.9344239999999786,1380,
2025-12-22T11:35:19.398Z,1.216,2,1000,640x360,1.9106629999999996,1349,
2025-12-22T11:35:19.826Z,1.318,2,1000,640x360,1.9914859999999521,1361,
2025-12-22T11:35:20.271Z,1.369,2,1000,640x360,1.9395779999999831,1340,
2025-12-22T11:35:20.747Z,1.411,2,1000,640x360,1.9828049999999848,1343,
2025-12-22T11:35:21.266Z,1.384,2,1000,640x360,1.9477079999999773,1348,
2025-12-22T11:35:22.030Z,1.116,2,1000,640x360,1.9751929999999902,1337,
2025-12-22T11:35:22.889Z,0.775,2,1000,640x360,1.9206289999999626,1288,
2025-12-22T11:35:22.963Z,0.746,1,600,480x270,1.9408819999999878,1117,
2025-12-22T11:35:23.416Z,0.728,1,600,480x270,1.9956619999999816,1117,
2025-12-22T11:35:23.978Z,0.673,1,600,480x270,1.9290070000000128,1079,
2025-12-22T11:35:24.380Z,0.7,1,600,480x270,1.9211520000000064,1001,
2025-12-22T11:35:24.921Z,0.714,1,600,480x270,1.995486000000028,984,
2025-12-22T11:35:25.695Z,0.101,1,600,480x270,1.936283000000003,968,rebuffer happen
2025-12-22T11:35:25.846Z,0.017,1,600,480x270,1.9815730000000258,968,rebuffer happen
2025-12-22T11:35:25.896Z,0.02,1,600,480x270,1.951374000000044,968,rebuffer happen
2025-12-22T11:35:25.996Z,0.021,1,600,480x270,2.0314369999999826,968,rebuffer happen
2025-12-22T11:35:26.079Z,0.023,1,600,480x270,2.0884379999999965,968,rebuffer happen
2025-12-22T11:35:26.163Z,0.026,1,600,480x270,2.158395999999982,968,rebuffer happen
2025-12-22T11:35:26.212Z,0.02,1,600,480x270,2.2276180000000068,968,rebuffer happen
2025-12-22T11:35:26.279Z,0.03,1,600,480x270,2.2037559999999985,968,rebuffer happen
2025-12-22T11:35:26.363Z,0.035,1,600,480x270,2.2373589999999695,968,rebuffer happen
2025-12-22T11:35:26.421Z,0.035,1,600,480x270,2.3453589999999735,968,
2025-12-22T11:35:26.463Z,0.03,0,200,320x180,2.3065039999999613,894,rebuffer happen
2025-12-22T11:35:26.502Z,0.03,0,200,320x180,2.3065039999999613,894,
2025-12-22T11:35:26.790Z,0.392,0,200,320x180,2.4824199999999905,894,
2025-12-22T11:35:27.012Z,0.601,0,200,320x180,2.469916000000012,884,
2025-12-22T11:35:27.163Z,0.858,0,200,320x180,2.364494000000036,884,
2025-12-22T11:35:27.378Z,1.113,0,200,320x180,2.26692300000002,885,
2025-12-22T11:35:27.634Z,1.308,0,200,320x180,2.2626359999999863,885,
2025-12-22T11:35:27.784Z,1.58,0,200,320x180,2.157600000000002,871,
2025-12-22T11:35:28.005Z,1.828,0,200,320x180,2.1788570000000504,871,
2025-12-22T11:35:28.204Z,2.067,0,200,320x180,2.135631999999987,871,
2025-12-22T11:35:28.404Z,2.367,0,200,320x180,2.1038990000000126,857,
2025-12-22T11:35:28.905Z,2.334,0,200,320x180,2.0737100000000055,876,
2025-12-22T11:35:29.407Z,2.263,0,200,320x180,2.0343770000000063,886,
2025-12-22T11:35:29.901Z,2.324,0,200,320x180,1.9442270000000121,911,
2025-12-22T11:35:29.981Z,2.251,1,600,480x270,1.9543919999999844,911,
2025-12-22T11:35:30.544Z,2.079,1,600,480x270,1.9747580000000085,940,
2025-12-22T11:35:31.007Z,2.127,1,600,480x270,2.004515999999967,945,
2025-12-22T11:35:31.505Z,2.107,1,600,480x270,2.00440100000003,973,
2025-12-22T11:35:31.995Z,2.135,1,600,480x270,1.9137230000000045,1015,
2025-12-22T11:35:32.498Z,2.121,1,600,480x270,1.9132589999999823,1044,
2025-12-22T11:35:33.014Z,2.106,1,600,480x270,1.9918400000000247,1068,
2025-12-22T11:35:33.562Z,2.032,1,600,480x270,1.9548540000000116,1084,
2025-12-22T11:35:33.641Z,2.024,2,1000,640x360,1.9919689999999832,1151,
2025-12-22T11:35:34.142Z,1.994,2,1000,640x360,1.9690590000000157,1151,
2025-12-22T11:35:34.750Z,1.878,2,1000,640x360,1.9607879999999795,1132,
2025-12-22T11:35:35.468Z,1.669,2,1000,640x360,1.934012999999993,1145,
2025-12-22T11:35:36.691Z,0.952,2,1000,640x360,1.9208929999999782,1138,
2025-12-22T11:35:37.784Z,0.3,2,1000,640x360,1.9395999999999844,976,rebuffer happen
2025-12-22T11:35:37.873Z,0.274,2,1000,640x360,1.942768000000001,976,
2025-12-22T11:35:37.954Z,0.269,1,600,480x270,1.9679820000000063,892,
2025-12-22T11:35:38.123Z,0.026,1,600,480x270,2.004226000000017,892,rebuffer happen
2025-12-22T11:35:38.720Z,0.159,1,600,480x270,2.262964000000011,892,
2025-12-22T11:35:38.890Z,0.029,1,600,480x270,2.194966000000022,833,rebuffer happen
2025-12-22T11:35:39.207Z,0.015,1,600,480x270,2.5515889999999786,833,rebuffer happen
2025-12-22T11:35:39.511Z,0.18,1,600,480x270,2.5778290000000084,833,
2025-12-22T11:35:39.690Z,0.03,1,600,480x270,2.5055269999999723,732,rebuffer happen
2025-12-22T11:35:40.284Z,0.27,1,600,480x270,2.8513249999999744,732,
2025-12-22T11:35:40.541Z,0.023,1,600,480x270,2.8918820000000096,724,rebuffer happen
2025-12-22T11:35:40.965Z,0.323,1,600,480x270,3.0958530000000337,724,
2025-12-22T11:35:41.064Z,0.232,1,600,480x270,3.0975779999999986,711,rebuffer happen
2025-12-22T11:35:41.440Z,0.252,1,600,480x270,3.03968900000001,711,
2025-12-22T11:35:41.507Z,0.273,0,200,320x180,2.979438000000016,775,
2025-12-22T11:35:41.633Z,0.563,0,200,320x180,3.040675999999962,775,
2025-12-22T11:35:41.746Z,0.81,0,200,320x180,2.983661999999981,763,
2025-12-22T11:35:41.876Z,1.164,0,200,320x180,2.8822319999999877,763,
2025-12-22T11:35:41.978Z,1.512,0,200,320x180,2.8248500000000263,763,
2025-12-22T11:35:42.080Z,1.827,0,200,320x180,2.7710730000000012,763,
2025-12-22T11:35:42.187Z,2.202,0,200,320x180,2.712340999999981,838,
2025-12-22T11:35:42.290Z,2.581,0,200,320x180,2.6593429999999785,838,
2025-12-22T11:35:42.412Z,2.895,0,200,320x180,2.676575000000014,838,
2025-12-22T11:35:42.872Z,2.926,0,200,320x180,2.5416459999999574,853,
2025-12-22T11:35:43.495Z,2.495,0,200,320x180,2.2637750000000096,847,
2025-12-22T11:35:44.011Z,2.262,0,200,320x180,2.1866999999999734,867,
2025-12-22T11:35:44.578Z,2.197,0,200,320x180,2.025123000000008,868,
2025-12-22T11:35:45.078Z,2.104,0,200,320x180,1.9810219999999958,818,
2025-12-22T11:35:45.158Z,2.106,1,600,480x270,1.9960660000000416,832,
2025-12-22T11:35:45.583Z,2.069,1,600,480x270,1.9709380000000465,832,
2025-12-22T11:35:46.099Z,2.035,1,600,480x270,1.923219999999958,862,
2025-12-22T11:35:46.680Z,2.014,1,600,480x270,1.9585409999999683,880,
2025-12-22T11:35:47.143Z,2.014,1,600,480x270,1.9706630000000018,914,
2025-12-22T11:35:47.674Z,1.969,1,600,480x270,1.9482150000000047,930,
2025-12-22T11:35:48.223Z,1.944,1,600,480x270,1.9782399999999711,945,
2025-12-22T11:35:48.673Z,1.965,1,600,480x270,1.9312359999999558,977,
2025-12-22T11:35:49.167Z,1.969,1,600,480x270,1.9373510000000351,987,
2025-12-22T11:35:49.662Z,1.981,1,600,480x270,1.9583380000000261,993,
2025-12-22T11:35:50.152Z,1.995,1,600,480x270,1.9525489999999763,1004,
2025-12-22T11:35:50.627Z,2.023,1,600,480x270,2.0065910000000144,1010,
2025-12-22T11:35:50.702Z,2.01,2,1000,640x360,1.9294390000000021,1025,
2025-12-22T11:35:51.285Z,1.85,2,1000,640x360,1.9243829999999775,1025,
2025-12-22T11:35:51.903Z,1.731,2,1000,640x360,2.000842999999975,1020,
2025-12-22T11:35:52.475Z,1.655,2,1000,640x360,1.9273790000000304,1017,
2025-12-22T11:35:53.034Z,1.583,2,1000,640x360,1.9704469999999787,1025,
2025-12-22T11:35:53.656Z,1.482,2,1000,640x360,1.9615150000000199,1013,
2025-12-22T11:35:53.939Z,1.696,2,1000,640x360,1.9709760000000074,958,
2025-12-22T11:35:54.393Z,1.75,2,1000,640x360,1.9082189999999741,958,
2025-12-22T11:35:54.459Z,1.742,1,600,480x270,1.945132000000001,977,
2025-12-22T11:35:55.072Z,1.62,1,600,480x270,1.9376269999999636,977,
2025-12-22T11:35:55.561Z,1.559,1,600,480x270,1.9574039999999968,997,
2025-12-22T11:35:55.934Z,1.699,1,600,480x270,1.9880560000000287,1005,
2025-12-22T11:35:56.295Z,1.841,1,600,480x270,1.9141400000000317,1005,
2025-12-22T11:35:56.632Z,1.986,1,600,480x270,1.9768169999999827,1011,
2025-12-22T11:35:57.020Z,2.097,1,600,480x270,1.987074000000007,1022,
2025-12-22T11:35:57.521Z,2.114,1,600,480x270,1.9957299999999805,1031,
2025-12-22T11:35:58.029Z,2.106,1,600,480x270,1.9767479999999864,1058,
2025-12-22T11:35:58.106Z,2.076,2,1000,640x360,1.8984889999999837,1068,
2025-12-22T11:35:58.804Z,1.852,2,1000,640x360,2.011682999999948,1068,
2025-12-22T11:35:59.376Z,1.755,2,1000,640x360,1.9271039999999857,1081,
2025-12-22T11:35:59.847Z,1.814,2,1000,640x360,1.9768809999999917,1083,
2025-12-22T11:36:00.435Z,1.71,2,1000,640x360,1.9793940000000134,1135,
2025-12-22T11:36:01.068Z,1.572,2,1000,640x360,1.9350309999999808,1097,
2025-12-22T11:36:01.599Z,1.552,2,1000,640x360,1.9161040000000185,1098,
2025-12-22T11:36:02.085Z,1.554,2,1000,640x360,1.92177700000002,1110,
2025-12-22T11:36:02.618Z,1.531,2,1000,640x360,2.009050000000002,1117,
2025-12-22T11:36:02.949Z,1.686,2,1000,640x360,1.9694069999999897,1169,
2025-12-22T11:36:03.374Z,1.766,2,1000,640x360,1.938833000000045,1169,
2025-12-22T11:36:03.888Z,1.779,2,1000,640x360,1.9318979999999897,1169,
2025-12-22T11:36:04.314Z,1.826,2,1000,640x360,1.9917689999999766,1174,
2025-12-22T11:36:04.775Z,1.837,2,1000,640x360,1.9342960000000176,1168,
2025-12-22T11:36:05.246Z,1.882,2,1000,640x360,1.9705209999999624,1177,
2025-12-22T11:36:05.954Z,1.689,2,1000,640x360,1.950016000000005,1181,
2025-12-22T11:36:06.666Z,1.471,2,1000,640x360,1.945982000000015,1186,
2025-12-22T11:36:07.269Z,1.371,2,1000,640x360,1.9454670000000078,1182,
2025-12-22T11:36:07.855Z,1.346,2,1000,640x360,1.970070000000021,1247,
2025-12-22T11:36:08.396Z,1.243,2,1000,640x360,1.907513999999992,1214,
2025-12-22T11:36:09.040Z,1.092,2,1000,640x360,1.9770800000000008,1224,
2025-12-22T11:36:09.582Z,1.058,2,1000,640x360,1.9318139999999744,1204,
2025-12-22T11:36:10.143Z,1.002,2,1000,640x360,1.9633590000000254,1202,
2025-12-22T11:36:10.209Z,0.995,1,600,480x270,1.8961810000000128,1216,
2025-12-22T11:36:10.532Z,1.089,1,600,480x270,1.9843119999999885,1216,
2025-12-22T11:36:10.862Z,1.252,1,600,480x270,1.9480260000000271,1207,
2025-12-22T11:36:11.140Z,1.445,1,600,480x270,1.9639079999999467,1207,
2025-12-22T11:36:11.378Z,1.751,1,600,480x270,1.9229500000000144,1209,
2025-12-22T11:36:11.645Z,2.001,1,600,480x270,1.983803000000023,1209,
2025-12-22T11:36:11.915Z,2.237,1,600,480x270,2.0042009999999664,1202,
2025-12-22T11:36:12.622Z,2.025,1,600,480x270,2.0052650000000085,1210,
2025-12-22T11:36:13.096Z,2.046,1,600,480x270,1.930174999999963,1196,
2025-12-22T11:36:13.680Z,1.961,1,600,480x270,1.9321200000000545,1198,
2025-12-22T11:36:13.757Z,1.896,2,1000,640x360,1.9495430000000056,1200,
2025-12-22T11:36:14.388Z,1.754,2,1000,640x360,1.923088000000007,1200,
2025-12-22T11:36:15.052Z,1.587,2,1000,640x360,1.9563939999999889,1209,
2025-12-22T11:36:15.715Z,1.419,2,1000,640x360,2.0043770000000336,1212,
2025-12-22T11:36:16.570Z,1.131,2,1000,640x360,1.9510970000000043,1197,
2025-12-22T11:36:17.176Z,0.968,2,1000,640x360,1.9387660000000437,1181,
2025-12-22T11:36:17.258Z,0.945,1,600,480x270,1.9500620000000026,1182,
2025-12-22T11:36:17.594Z,1.032,1,600,480x270,1.9138849999999934,1182,
2025-12-22T11:36:17.961Z,1.161,1,600,480x270,1.9553229999999644,1147,
2025-12-22T11:36:18.408Z,1.225,1,600,480x270,1.9979829999999765,1147,
2025-12-22T11:36:18.855Z,1.282,1,600,480x270,2.0356629999999996,1072,
2025-12-22T11:36:19.269Z,1.345,1,600,480x270,1.9773720000000026,1050,
2025-12-22T11:36:19.703Z,1.374,1,600,480x270,2.0387400000000184,1131,
2025-12-22T11:36:20.127Z,1.419,1,600,480x270,1.9990830000000415,1084,
2025-12-22T11:36:20.499Z,1.554,1,600,480x270,1.9189420000000155,1096,
2025-12-22T11:36:20.926Z,1.632,1,600,480x270,2.002198999999962,1096,
2025-12-22T11:36:21.000Z,1.648,2,1000,640x360,1.925500999999997,1076,
2025-12-22T11:36:21.712Z,1.38,2,1000,640x360,1.996165000000019,1076,
2025-12-22T11:36:22.358Z,1.193,2,1000,640x360,1.9522009999999455,1074,
2025-12-22T11:36:22.967Z,1.086,2,1000,640x360,1.9392870000000357,1077,
2025-12-22T11:36:23.603Z,0.956,2,1000,640x360,2.0123970000000213,1092,
2025-12-22T11:36:24.235Z,0.817,2,1000,640x360,1.972847999999999,1090,
2025-12-22T11:36:24.843Z,0.736,2,1000,640x360,1.9732859999999732,1045,
2025-12-22T11:36:24.923Z,0.657,1,600,480x270,2.001780999999994,1074,
2025-12-22T11:36:25.298Z,0.77,1,600,480x270,1.9065919999999892,1074,
2025-12-22T11:36:25.675Z,0.888,1,600,480x270,1.9306960000000117,1056,
2025-12-22T11:36:26.039Z,1.009,1,600,480x270,1.9709229999999707,1048,
2025-12-22T11:36:26.414Z,1.134,1,600,480x270,1.986913999999956,1054,
2025-12-22T11:36:26.785Z,1.246,1,600,480x270,1.9219600000000128,1054,
2025-12-22T11:36:27.157Z,1.394,1,600,480x270,1.9467470000000162,1140,
2025-12-22T11:36:27.528Z,1.517,1,600,480x270,1.9839529999999854,1123,
2025-12-22T11:36:27.902Z,1.655,1,600,480x270,2.006610999999964,1133,
2025-12-22T11:36:28.265Z,1.771,1,600,480x270,1.9462969999999586,1133,
2025-12-22T11:36:28.335Z,1.791,2,1000,640x360,1.9729719999999702,1143,
2025-12-22T11:36:28.934Z,1.642,2,1000,640x360,1.9839279999999917,1143,
2025-12-22T11:36:29.571Z,1.493,2,1000,640x360,1.9347450000000208,1121,
2025-12-22T11:36:30.123Z,1.435,2,1000,640x360,1.9775470000000723,1077,
2025-12-22T11:36:30.638Z,1.423,2,1000,640x360,1.9687170000000265,1038,
2025-12-22T11:36:31.181Z,1.365,2,1000,640x360,1.9230699999999388,1085,
2025-12-22T11:36:31.715Z,1.342,2,1000,640x360,2.0100219999999354,1068,
2025-12-22T11:36:32.244Z,1.317,2,1000,640x360,1.965086000000042,1111,
2025-12-22T11:36:32.759Z,1.326,2,1000,640x360,1.9609739999999647,1111,
2025-12-22T11:36:33.284Z,1.278,2,1000,640x360,1.9197980000000143,1128,
2025-12-22T11:36:33.803Z,1.268,2,1000,640x360,2.0002450000000636,1117,
2025-12-22T11:36:34.342Z,1.227,2,1000,640x360,1.9617090000000417,1172,
2025-12-22T11:36:34.853Z,1.218,2,1000,640x360,1.953412999999955,1160,
2025-12-22T11:36:35.390Z,1.155,2,1000,640x360,1.9210989999999128,1183,
2025-12-22T11:36:35.937Z,1.138,2,1000,640x360,1.9791309999999385,1229,
2025-12-22T11:36:36.463Z,1.094,2,1000,640x360,1.9418489999999338,1207,
2025-12-22T11:36:37.019Z,1.058,2,1000,640x360,1.9915670000000318,1270,
2025-12-22T11:36:37.756Z,0.839,2,1000,640x360,1.9701609999999619,1282,
2025-12-22T11:36:37.838Z,0.798,1,600,480x270,1.982501999999954,1259,
2025-12-22T11:36:38.371Z,0.706,1,600,480x270,1.9491839999999456,1259,
2025-12-22T11:36:38.791Z,0.768,1,600,480x270,1.9158969999999726,1237,
2025-12-22T11:36:39.220Z,0.838,1,600,480x270,1.9838819999999942,1278,
2025-12-22T11:36:39.745Z,0.814,1,600,480x270,1.9669440000000122,1241,
2025-12-22T11:36:40.212Z,0.844,1,600,480x270,1.9987859999999955,1216,
2025-12-22T11:36:40.610Z,0.944,1,600,480x270,2.013990999999919,1207,
2025-12-22T11:36:41.047Z,0.99,1,600,480x270,1.964388000000099,1194,
2025-12-22T11:36:41.536Z,1.027,1,600,480x270,1.9753010000000586,1231,
2025-12-22T11:36:41.607Z,1.029,2,1000,640x360,1.9112480000000005,1199,
2025-12-22T11:36:42.359Z,0.7,2,1000,640x360,1.94853599999999,1199,
2025-12-22T11:36:43.133Z,0.423,2,1000,640x360,1.9714599999999791,1097,
2025-12-22T11:36:43.354Z,0.267,2,1000,640x360,1.9502529999999751,1072,rebuffer happen
2025-12-22T11:36:43.884Z,0.196,2,1000,640x360,1.9243269999999484,1072,
2025-12-22T11:36:44.027Z,0.036,2,1000,640x360,1.9967550000000074,1176,rebuffer happen
2025-12-22T11:36:44.611Z,0.023,2,1000,640x360,2.1026310000000876,1176,rebuffer happen
2025-12-22T11:36:44.612Z,0.023,2,1000,640x360,2.1026310000000876,1176,
2025-12-22T11:36:44.644Z,0.029,2,1000,640x360,2.0746430000000373,1122,rebuffer happen
2025-12-22T11:36:45.209Z,0.148,2,1000,640x360,2.2934799999999314,1122,
2025-12-22T11:36:45.280Z,0.147,1,600,480x270,2.2219619999999622,1117,
2025-12-22T11:36:45.328Z,0.029,1,600,480x270,2.2749169999999594,1117,rebuffer happen
2025-12-22T11:36:45.600Z,0.324,1,600,480x270,2.2757060000000138,1117,
2025-12-22T11:36:45.702Z,0.257,1,600,480x270,2.33586600000001,1116,rebuffer happen
2025-12-22T11:36:45.919Z,0.435,1,600,480x270,2.2850440000000845,1116,
2025-12-22T11:36:46.257Z,0.506,1,600,480x270,2.155440999999996,1116,
2025-12-22T11:36:46.614Z,0.577,1,600,480x270,2.1141059999999925,1113,
2025-12-22T11:36:46.994Z,0.644,1,600,480x270,1.9894789999999603,1206,
2025-12-22T11:36:47.301Z,0.805,1,600,480x270,1.94576799999993,1206,
2025-12-22T11:36:47.611Z,0.976,1,600,480x270,2.0213580000000775,1208,
2025-12-22T11:36:47.931Z,1.131,1,600,480x270,1.9905899999999974,1211,
2025-12-22T11:36:48.265Z,1.294,1,600,480x270,1.949233999999933,1211,
2025-12-22T11:36:48.586Z,1.461,1,600,480x270,1.9292729999999665,1201,
2025-12-22T11:36:48.889Z,1.653,1,600,480x270,1.9201930000000402,1215,
2025-12-22T11:36:48.965Z,1.672,2,1000,640x360,1.9474460000000136,1215,
2025-12-22T11:36:49.465Z,1.592,2,1000,640x360,1.9377680000000055,1215,
2025-12-22T11:36:49.992Z,1.566,2,1000,640x360,1.9166179999999713,1204,
2025-12-22T11:36:50.529Z,1.518,2,1000,640x360,1.9766190000000279,1201,
2025-12-22T11:36:51.134Z,1.434,2,1000,640x360,1.981292999999937,1195,
2025-12-22T11:36:51.824Z,1.227,2,1000,640x360,1.9919069999999692,1133,
2025-12-22T11:36:52.507Z,1.037,2,1000,640x360,2.0076549999999997,1125,
2025-12-22T11:36:53.194Z,0.86,2,1000,640x360,1.9101670000000013,1075,
2025-12-22T11:36:53.271Z,0.862,1,600,480x270,1.9402569999999741,1079,
2025-12-22T11:36:53.667Z,0.897,1,600,480x270,1.9485709999999017,1079,
2025-12-22T11:36:54.076Z,0.984,1,600,480x270,1.9414319999999634,1065,
2025-12-22T11:36:54.497Z,1.074,1,600,480x270,1.9135929999999917,1040,
2025-12-22T11:36:54.910Z,1.158,1,600,480x270,2.0106250000000045,1040,
2025-12-22T11:36:55.347Z,1.207,1,600,480x270,1.9584730000000263,1126,
2025-12-22T11:36:55.790Z,1.268,1,600,480x270,1.9194340000000238,1072,
2025-12-22T11:36:56.209Z,1.318,1,600,480x270,1.9968769999999267,1093,
2025-12-22T11:36:56.621Z,1.436,1,600,480x270,1.9838150000000496,1073,
2025-12-22T11:36:56.700Z,1.437,2,1000,640x360,1.904043999999999,1085,
2025-12-22T11:36:57.375Z,1.183,2,1000,640x360,1.9259909999999536,1085,
2025-12-22T11:36:57.926Z,1.154,2,1000,640x360,1.992542999999955,1087,
2025-12-22T11:36:58.463Z,1.094,2,1000,640x360,1.9401569999999992,1101,
2025-12-22T11:36:58.995Z,1.073,2,1000,640x360,1.925224999999955,1137,
2025-12-22T11:36:59.542Z,1.007,2,1000,640x360,1.9731389999999465,1132,
2025-12-22T11:37:00.076Z,0.996,2,1000,640x360,1.929508999999939,1136,
2025-12-22T11:37:00.152Z,0.98,1,600,480x270,1.950770000000034,1134,
2025-12-22T11:37:00.480Z,1.056,1,600,480x270,1.9284860000000208,1134,
2025-12-22T11:37:00.804Z,1.244,1,600,480x270,1.998927999999978,1134,
2025-12-22T11:37:01.126Z,1.42,1,600,480x270,1.9759890000000269,1131,
2025-12-22T11:37:01.449Z,1.595,1,600,480x270,1.9532990000000154,1148,
2025-12-22T11:37:01.769Z,1.785,1,600,480x270,1.9472849999999653,1148,
2025-12-22T11:37:02.113Z,1.937,1,600,480x270,1.9950869999998986,1138,
2025-12-22T11:37:02.423Z,2.118,1,600,480x270,1.9792739999999185,1156,
2025-12-22T11:37:02.910Z,2.135,1,600,480x270,2.006238000000053,1158,
2025-12-22T11:37:03.406Z,2.128,1,600,480x270,1.9957849999999553,1164,
2025-12-22T11:37:03.551Z,2.089,2,1000,640x360,1.9541520000000219,1164,
2025-12-22T11:37:04.115Z,1.932,2,1000,640x360,1.9897680000000264,1188,
2025-12-22T11:37:04.813Z,1.746,2,1000,640x360,1.995623999999907,1177,
2025-12-22T11:37:05.608Z,1.473,2,1000,640x360,2.006244000000038,1169,
2025-12-22T11:37:06.401Z,1.14,2,1000,640x360,1.9980130000000145,1139,
2025-12-22T11:37:07.183Z,0.897,2,1000,640x360,1.92130300000008,1038,
2025-12-22T11:37:07.248Z,0.875,1,600,480x270,1.9590009999999438,1141,
2025-12-22T11:37:07.707Z,0.85,1,600,480x270,1.9994979999999032,1141,
2025-12-22T11:37:08.199Z,0.841,1,600,480x270,1.9041180000000395,1118,
2025-12-22T11:37:08.645Z,0.896,1,600,480x270,1.9631669999999986,1069,
2025-12-22T11:37:09.124Z,0.934,1,600,480x270,1.9806909999999789,1178,
2025-12-22T11:37:09.595Z,0.968,1,600,480x270,1.9220650000000887,1100,
2025-12-22T11:37:10.077Z,0.982,1,600,480x270,1.9266410000000178,1057,
2025-12-22T11:37:10.484Z,1.055,1,600,480x270,1.9336889999999585,999,
2025-12-22T11:37:10.865Z,1.202,1,600,480x270,1.9460490000000163,999,
2025-12-22T11:37:11.240Z,1.311,1,600,480x270,1.9743970000000672,991,
2025-12-22T11:37:11.624Z,1.439,1,600,480x270,1.9841709999999466,995,
2025-12-22T11:37:11.996Z,1.553,1,600,480x270,1.9040690000000495,1026,
2025-12-22T11:37:12.069Z,1.557,2,1000,640x360,1.9417060000000674,1026,
2025-12-22T11:37:12.670Z,1.404,2,1000,640x360,1.9412250000000313,1026,
2025-12-22T11:37:13.273Z,1.291,2,1000,640x360,1.9306980000000067,1048,
2025-12-22T11:37:13.869Z,1.183,2,1000,640x360,1.9390379999999823,1075,
2025-12-22T11:37:14.470Z,1.08,2,1000,640x360,1.9361249999999472,1066,
2025-12-22T11:37:15.146Z,0.912,2,1000,640x360,1.9695809999999483,1028,
2025-12-22T11:37:15.767Z,0.784,2,1000,640x360,1.9462530000000697,1031,
2025-12-22T11:37:15.837Z,0.789,1,600,480x270,1.9735560000000305,1149,
2025-12-22T11:37:16.192Z,0.845,1,600,480x270,1.9237169999998969,1149,
2025-12-22T11:37:16.582Z,0.981,1,600,480x270,1.9318869999999606,1091,
2025-12-22T11:37:16.963Z,1.081,1,600,480x270,1.951112999999964,1104,
2025-12-22T11:37:17.343Z,1.208,1,600,480x270,1.9579629999999497,1104,
2025-12-22T11:37:17.812Z,1.248,1,600,480x270,2.000220000000013,1071,
2025-12-22T11:37:18.265Z,1.276,1,600,480x270,1.940829000000008,1079,
2025-12-22T11:37:18.752Z,1.315,1,600,480x270,1.9630110000000514,1021,
2025-12-22T11:37:19.232Z,1.326,1,600,480x270,1.9747089999999616,994,
2025-12-22T11:37:19.310Z,1.323,2,1000,640x360,1.8956979999999248,1088,
2025-12-22T11:37:20.062Z,0.998,2,1000,640x360,1.9481529999999339,1088,
2025-12-22T11:37:20.851Z,0.735,2,1000,640x360,1.9729449999999815,1007,
2025-12-22T11:37:21.638Z,0.439,2,1000,640x360,1.9720829999999978,963,
2025-12-22T11:37:21.976Z,0.113,2,1000,640x360,1.9274039999999104,941,rebuffer happen
2025-12-22T11:37:22.424Z,0.136,2,1000,640x360,1.9775530000000572,941,
2025-12-22T11:37:22.525Z,0.041,2,1000,640x360,1.9948289999999815,921,rebuffer happen
2025-12-22T11:37:23.160Z,0.152,2,1000,640x360,2.19499200000007,921,
2025-12-22T11:37:23.237Z,0.148,1,600,480x270,2.2256210000000465,919,
2025-12-22T11:37:23.276Z,0.034,1,600,480x270,2.187860999999998,919,rebuffer happen
2025-12-22T11:37:23.703Z,0.296,1,600,480x270,2.4391509999999244,919,
2025-12-22T11:37:24.179Z,0.287,1,600,480x270,2.3695020000000113,880,
2025-12-22T11:37:24.331Z,0.11,1,600,480x270,2.359199999999987,875,rebuffer happen
2025-12-22T11:37:24.393Z,0.025,1,600,480x270,2.274016000000074,875,rebuffer happen
2025-12-22T11:37:24.650Z,0.288,1,600,480x270,2.3579409999999825,875,
2025-12-22T11:37:24.666Z,0.288,1,600,480x270,2.342041999999992,855,rebuffer happen
2025-12-22T11:37:24.844Z,0.043,1,600,480x270,2.2888419999999314,855,rebuffer happen
2025-12-22T11:37:25.118Z,0.332,1,600,480x270,2.3958000000000084,855,
2025-12-22T11:37:25.276Z,0.126,1,600,480x270,2.2844820000000254,869,rebuffer happen
2025-12-22T11:37:25.563Z,0.303,1,600,480x270,2.27370499999995,869,
2025-12-22T11:37:25.633Z,0.257,1,600,480x270,2.304399999999987,880,rebuffer happen
2025-12-22T11:37:26.026Z,0.353,1,600,480x270,2.303916000000072,880,
2025-12-22T11:37:26.162Z,0.171,1,600,480x270,2.216768000000002,884,rebuffer happen
2025-12-22T11:37:26.485Z,0.29,1,600,480x270,2.133365000000026,884,
2025-12-22T11:37:26.951Z,0.323,1,600,480x270,2.175412000000051,884,
2025-12-22T11:37:27.082Z,0.159,1,600,480x270,2.107342000000017,907,rebuffer happen
2025-12-22T11:37:27.423Z,0.289,1,600,480x270,2.1411070000000336,907,
2025-12-22T11:37:27.500Z,0.223,0,200,320x180,2.0661460000000034,878,
2025-12-22T11:37:27.656Z,0.539,0,200,320x180,2.1050970000000007,878,
2025-12-22T11:37:27.802Z,0.845,0,200,320x180,2.148725000000013,878,
2025-12-22T11:37:27.959Z,1.19,0,200,320x180,2.0640300000000025,878,
2025-12-22T11:37:28.111Z,1.547,0,200,320x180,2.0957639999999174,878,
2025-12-22T11:37:28.256Z,1.884,0,200,320x180,2.0245139999999537,888,
2025-12-22T11:37:28.403Z,2.202,0,200,320x180,2.06282699999997,888,
2025-12-22T11:37:28.894Z,2.201,0,200,320x180,1.9510549999999967,902,
2025-12-22T11:37:29.346Z,2.225,0,200,320x180,1.974990000000048,896,
2025-12-22T11:37:29.845Z,2.233,0,200,320x180,1.9813890000000356,897,
2025-12-22T11:37:30.362Z,2.178,0,200,320x180,1.9479409999999007,894,
2025-12-22T11:37:30.906Z,2.17,0,200,320x180,2.0225000000000364,902,
2025-12-22T11:37:30.982Z,2.137,1,600,480x270,1.943204000000037,902,
2025-12-22T11:37:31.396Z,2.138,1,600,480x270,1.9280350000000226,906,
2025-12-22T11:37:31.892Z,2.159,1,600,480x270,1.9292130000000043,942,
2025-12-22T11:37:32.418Z,2.114,1,600,480x270,1.9847330000000056,957,
2025-12-22T11:37:32.957Z,2.092,1,600,480x270,1.9548989999999549,983,
2025-12-22T11:37:33.476Z,2.067,1,600,480x270,1.936507000000006,984,
2025-12-22T11:37:33.995Z,2.056,1,600,480x270,1.916025999999988,997,
2025-12-22T11:37:34.511Z,2.041,1,600,480x270,2.0005479999999807,1006,
2025-12-22T11:37:34.977Z,2.081,1,600,480x270,1.9431200000000217,1013,
2025-12-22T11:37:35.442Z,2.106,1,600,480x270,1.9652130000000625,1015,
2025-12-22T11:37:35.917Z,2.131,1,600,480x270,1.9957020000000512,1021,
2025-12-22T11:37:35.984Z,2.14,2,1000,640x360,1.928335000000061,1021,
2025-12-22T11:37:36.652Z,1.907,2,1000,640x360,1.9509420000000546,1026,
2025-12-22T11:37:37.219Z,1.828,2,1000,640x360,1.9938740000000053,1042,
2025-12-22T11:37:37.801Z,1.764,2,1000,640x360,2.004991000000018,1048,
2025-12-22T11:37:38.380Z,1.673,2,1000,640x360,1.9214380000000801,1056,
2025-12-22T11:37:38.922Z,1.621,2,1000,640x360,1.9939279999999826,1056,
2025-12-22T11:37:39.537Z,1.574,2,1000,640x360,1.9751730000000407,1071,
2025-12-22T11:37:40.079Z,1.464,2,1000,640x360,1.9299819999999954,1069,
2025-12-22T11:37:40.624Z,1.443,2,1000,640x360,1.9884530000000495,1084,
2025-12-22T11:37:41.178Z,1.353,2,1000,640x360,1.9264229999999998,1086,
2025-12-22T11:37:41.707Z,1.374,2,1000,640x360,2.002296000000001,1092,
2025-12-22T11:37:42.254Z,1.304,2,1000,640x360,1.9486380000000736,1141,
2025-12-22T11:37:42.859Z,1.239,2,1000,640x360,1.9628260000000637,1116,
2025-12-22T11:37:43.546Z,1.024,2,1000,640x360,1.9612920000000713,1124,
2025-12-22T11:37:44.247Z,0.777,2,1000,640x360,1.9670439999999871,1115,
2025-12-22T11:37:44.316Z,0.807,1,600,480x270,1.9883200000000443,1168,
2025-12-22T11:37:44.727Z,0.831,1,600,480x270,1.990846999999917,1168,
2025-12-22T11:37:45.146Z,0.907,1,600,480x270,1.9633629999999584,1123,
2025-12-22T11:37:45.574Z,0.967,1,600,480x270,1.9381759999999986,1119,
2025-12-22T11:37:45.978Z,1.064,1,600,480x270,1.9347460000000183,1103,
2025-12-22T11:37:46.407Z,1.147,1,600,480x270,1.9987180000000535,1103,
2025-12-22T11:37:46.841Z,1.243,1,600,480x270,1.9785180000000082,1105,
2025-12-22T11:37:47.282Z,1.261,1,600,480x270,1.9234409999999116,1101,
2025-12-22T11:37:47.696Z,1.329,1,600,480x270,1.9060640000000149,1087,
2025-12-22T11:37:47.769Z,1.315,2,1000,640x360,1.940629999999942,1063,
2025-12-22T11:37:48.446Z,1.121,2,1000,640x360,1.9686179999999922,1063,
2025-12-22T11:37:49.131Z,0.935,2,1000,640x360,1.972246000000041,1049,
2025-12-22T11:37:49.753Z,0.806,2,1000,640x360,1.9584520000000794,1032,
2025-12-22T11:37:50.406Z,0.647,2,1000,640x360,1.9989570000000185,1133,
2025-12-22T11:37:51.066Z,0.525,2,1000,640x360,1.9441110000000208,1100,
2025-12-22T11:37:51.696Z,0.365,2,1000,640x360,1.9381250000000136,1105,
2025-12-22T11:37:51.763Z,0.344,1,600,480x270,1.9622380000000703,1115,
2025-12-22T11:37:51.938Z,0.135,1,600,480x270,1.9856379999999945,1115,rebuffer happen
2025-12-22T11:37:52.143Z,0.421,1,600,480x270,1.973901000000069,1115,
2025-12-22T11:37:52.322Z,0.273,1,600,480x270,1.9951109999999517,1146,rebuffer happen
2025-12-22T11:37:52.541Z,0.506,1,600,480x270,1.9714969999999994,1146,
2025-12-22T11:37:52.921Z,0.635,1,600,480x270,1.9992819999999938,1115,
2025-12-22T11:37:53.303Z,0.731,1,600,480x270,1.9998020000000452,1115,
2025-12-22T11:37:53.708Z,0.837,1,600,480x270,2.0073240000000396,1121,
2025-12-22T11:37:54.092Z,0.94,1,600,480x270,1.9159670000000233,1105,
2025-12-22T11:37:54.479Z,1.073,1,600,480x270,1.936093000000028,1111,
2025-12-22T11:37:54.880Z,1.169,1,600,480x270,1.9349490000000742,1111,
2025-12-22T11:37:55.284Z,1.255,1,600,480x270,1.9301539999999022,1108,
2025-12-22T11:37:55.362Z,1.274,2,1000,640x360,1.9405030000000352,1099,
2025-12-22T11:37:55.969Z,1.096,2,1000,640x360,1.955818000000022,1099,
2025-12-22T11:37:56.555Z,1.016,2,1000,640x360,1.9667909999999438,1088,
2025-12-22T11:37:57.131Z,0.932,2,1000,640x360,1.9734240000000227,1104,
2025-12-22T11:37:57.730Z,0.852,2,1000,640x360,1.978283000000033,1111,
2025-12-22T11:37:58.296Z,0.74,2,1000,640x360,1.906296999999995,1154,
2025-12-22T11:37:58.868Z,0.703,2,1000,640x360,1.943881000000033,1191,
2025-12-22T11:37:58.934Z,0.696,1,600,480x270,1.9793620000000374,1231,
2025-12-22T11:37:59.277Z,0.774,1,600,480x270,1.9281330000000025,1231,
2025-12-22T11:37:59.622Z,0.941,1,600,480x270,2.001622999999995,1217,
2025-12-22T11:37:59.971Z,1.09,1,600,480x270,1.9476140000000441,1228,
2025-12-22T11:38:00.335Z,1.203,1,600,480x270,1.9840520000000197,1228,
2025-12-22T11:38:00.682Z,1.369,1,600,480x270,1.9250230000000101,1219,
2025-12-22T11:38:01.028Z,1.521,1,600,480x270,1.975447000000031,1218,
2025-12-22T11:38:01.394Z,1.667,1,600,480x270,1.9076339999999163,1198,
2025-12-22T11:38:01.728Z,1.814,1,600,480x270,1.9859400000000278,1198,
2025-12-22T11:38:02.090Z,1.948,1,600,480x270,1.919033000000013,1205,
2025-12-22T11:38:02.445Z,2.11,1,600,480x270,1.9636760000000777,1193,
2025-12-22T11:38:02.518Z,2.11,2,1000,640x360,1.9951849999999922,1193,
2025-12-22T11:38:03.140Z,1.914,2,1000,640x360,1.966370999999981,1204,
2025-12-22T11:38:03.682Z,1.889,2,1000,640x360,1.9524000000000115,1193,
2025-12-22T11:38:04.195Z,1.855,2,1000,640x360,1.913915999999972,1172,
2025-12-22T11:38:04.665Z,1.886,2,1000,640x360,1.9451990000000023,1165,
2025-12-22T11:38:05.242Z,1.822,2,1000,640x360,1.9755840000000262,1115,
2025-12-22T11:38:05.782Z,1.747,2,1000,640x360,1.9265100000000075,1137,
2025-12-22T11:38:06.341Z,1.708,2,1000,640x360,1.9697999999999638,1137,
2025-12-22T11:38:06.852Z,1.693,2,1000,640x360,1.9621220000000221,1103,
2025-12-22T11:38:07.330Z,1.72,2,1000,640x360,1.973218000000088,1097,
2025-12-22T11:38:07.628Z,1.959,2,1000,640x360,1.9933720000000221,1079,
2025-12-22T11:38:07.863Z,2.201,2,1000,640x360,1.9542150000000902,1114,
2025-12-22T11:38:08.395Z,2.189,2,1000,640x360,1.9106769999999642,1120,
2025-12-22T11:38:08.938Z,2.118,2,1000,640x360,1.9830130000000281,1096,
2025-12-22T11:38:09.382Z,2.163,2,1000,640x360,1.9274879999999257,1121,
2025-12-22T11:38:10.030Z,2.007,2,1000,640x360,1.9774310000000241,1109,
2025-12-22T11:38:10.493Z,2.083,2,1000,640x360,1.9147159999999985,1116,
2025-12-22T11:38:11.047Z,1.993,2,1000,640x360,1.9572090000000344,1109,
2025-12-22T11:38:11.487Z,2.052,2,1000,640x360,1.9271850000000086,1130,
2025-12-22T11:38:11.941Z,2.156,2,1000,640x360,1.9838270000000193,1138,
2025-12-22T11:38:12.431Z,2.101,2,1000,640x360,1.9744680000000017,1158,
2025-12-22T11:38:12.942Z,2.162,2,1000,640x360,1.989522000000079,1143,
2025-12-22T11:38:13.449Z,2.144,2,1000,640x360,1.9654709999999795,1162,
2025-12-22T11:38:13.900Z,2.17,2,1000,640x360,1.911510999999905,1154,
2025-12-22T11:38:14.393Z,2.11,2,1000,640x360,1.9115259999999807,1163,
2025-12-22T11:38:15.073Z,1.92,2,1000,640x360,1.9306550000000016,1159,
2025-12-22T11:38:15.361Z,2.153,2,1000,640x360,1.9416370000000143,1155,
2025-12-22T11:38:16.372Z,1.727,2,1000,640x360,1.93166999999994,1154,
2025-12-22T11:38:17.041Z,1.545,2,1000,640x360,1.9824889999999868,1100,
2025-12-22T11:38:17.563Z,1.512,2,1000,640x360,1.9498269999999138,1137,
2025-12-22T11:38:18.086Z,1.474,2,1000,640x360,1.9149509999999736,1155,
2025-12-22T11:38:18.658Z,1.433,2,1000,640x360,1.948961000000054,1121,
2025-12-22T11:38:19.203Z,1.384,2,1000,640x360,2.000880000000052,1211,
2025-12-22T11:38:19.744Z,1.328,2,1000,640x360,1.9681259999999838,1186,
2025-12-22T11:38:20.271Z,1.302,2,1000,640x360,1.9360570000000052,1198,
2025-12-22T11:38:20.816Z,1.254,2,1000,640x360,2.010317999999984,1208,
2025-12-22T11:38:21.436Z,1.138,2,1000,640x360,1.9783689999999297,1198,
2025-12-22T11:38:22.098Z,0.974,2,1000,640x360,1.9069020000000592,1168,
2025-12-22T11:38:22.174Z,0.956,1,600,480x270,1.9402430000000095,1119,
2025-12-22T11:38:22.576Z,0.978,1,600,480x270,1.9348059999999805,1119,
2025-12-22T11:38:22.980Z,1.061,1,600,480x270,1.9336029999999482,1077,
2025-12-22T11:38:23.479Z,1.092,1,600,480x270,1.9291390000000774,1077,
2025-12-22T11:38:23.957Z,1.107,1,600,480x270,1.956007999999997,1006,
2025-12-22T11:38:24.552Z,1.027,1,600,480x270,1.9608910000000606,1012,
2025-12-22T11:38:24.991Z,1.076,1,600,480x270,1.9332599999999047,1002,
2025-12-22T11:38:25.444Z,1.092,1,600,480x270,1.968185999999946,1002,
2025-12-22T11:38:25.887Z,1.17,1,600,480x270,1.9156449999999268,953,
2025-12-22T11:38:26.324Z,1.231,1,600,480x270,1.9781760000000759,967,
2025-12-22T11:38:26.761Z,1.273,1,600,480x270,1.9452580000000808,956,
2025-12-22T11:38:27.149Z,1.402,1,600,480x270,1.9614759999999478,967,
2025-12-22T11:38:27.535Z,1.523,1,600,480x270,1.9787000000000035,981,
2025-12-22T11:38:27.928Z,1.644,1,600,480x270,1.9896979999999758,992,
2025-12-22T11:38:28.296Z,1.741,1,600,480x270,1.9125219999999672,992,
2025-12-22T11:38:28.688Z,1.866,1,600,480x270,1.94075399999997,1001,
2025-12-22T11:38:29.069Z,1.989,1,600,480x270,1.9444080000000667,1015,
2025-12-22T11:38:29.142Z,1.993,2,1000,640x360,1.9778149999999641,1052,
2025-12-22T11:38:29.814Z,1.772,2,1000,640x360,2.0098540000000185,1052,
2025-12-22T11:38:30.427Z,1.631,2,1000,640x360,1.9888910000000806,1066,
2025-12-22T11:38:31.041Z,1.523,2,1000,640x360,1.9730969999999388,1014,
2025-12-22T11:38:31.667Z,1.406,2,1000,640x360,1.9479720000000498,1045,
2025-12-22T11:38:32.060Z,1.412,2,1000,640x360,1.9554219999999987,1033,
2025-12-22T11:38:32.336Z,1.261,2,1000,640x360,1.9656279999999242,1041,
2025-12-22T11:38:33.404Z,0.252,2,1000,640x360,1.9994839999999385,1041,rebuffer happen
2025-12-22T11:38:33.634Z,0.041,2,1000,640x360,1.9891649999999572,1041,rebuffer happen
2025-12-22T11:38:34.450Z,0.041,2,1000,640x360,2.7881649999999354,1041,