timestamp,bufferLevel,qualityIndex,bitrateKbps,resolution,liveLatency,predictedKbps,rebuffer
2025-12-22T06:59:19.652Z,0,2,1000,640x360,1.5125,,
2025-12-22T06:59:19.656Z,0,2,1000,640x360,1.5125,,rebuffer happen
2025-12-22T06:59:19.682Z,0.1,2,1000,640x360,1.5115429999999999,,rebuffer happen
2025-12-22T06:59:19.984Z,0.208,2,1000,640x360,1.368059,,
2025-12-22T06:59:20.300Z,0.491,2,1000,640x360,1.5087519999999999,3014,rebuffer happen
2025-12-22T06:59:20.301Z,0.491,2,1000,640x360,1.5087519999999999,3014,
2025-12-22T06:59:20.627Z,0.742,2,1000,640x360,1.540308,1510,
2025-12-22T06:59:20.906Z,1.059,2,1000,640x360,1.6251350000000002,1251,
2025-12-22T06:59:21.230Z,1.331,2,1000,640x360,1.6991889999999998,1245,
2025-12-22T06:59:21.480Z,1.548,2,1000,640x360,1.8218640000000001,1310,
2025-12-22T06:59:21.789Z,1.911,2,1000,640x360,1.866461,1308,
2025-12-22T06:59:22.764Z,1.534,2,1000,640x360,1.972435,1377,
2025-12-22T06:59:23.182Z,1.722,2,1000,640x360,1.9720629999999995,1354,
2025-12-22T06:59:23.706Z,1.596,2,1000,640x360,1.955692,1373,
2025-12-22T06:59:24.133Z,1.691,2,1000,640x360,1.9370630000000002,1401,
2025-12-22T06:59:24.556Z,1.779,2,1000,640x360,1.9096769999999994,1424,
2025-12-22T06:59:24.980Z,1.855,2,1000,640x360,1.98754,1440,
2025-12-22T06:59:25.409Z,1.904,2,1000,640x360,1.9630550000000007,1492,
2025-12-22T06:59:25.854Z,1.967,2,1000,640x360,1.9086629999999998,1491,
2025-12-22T06:59:26.274Z,2.056,2,1000,640x360,1.9921560000000005,1465,
2025-12-22T06:59:26.780Z,2.03,2,1000,640x360,1.9767720000000004,1475,
2025-12-22T06:59:27.247Z,2.059,2,1000,640x360,1.9145650000000005,1498,
2025-12-22T06:59:27.767Z,2.025,2,1000,640x360,1.9889209999999995,1487,
2025-12-22T06:59:28.264Z,2.034,2,1000,640x360,1.9999609999999999,1473,
2025-12-22T06:59:28.769Z,2.04,2,1000,640x360,1.9895259999999997,1461,
2025-12-22T06:59:29.256Z,2.05,2,1000,640x360,1.902641000000001,1461,
2025-12-22T06:59:29.785Z,2.026,2,1000,640x360,1.984781,1467,
2025-12-22T06:59:30.273Z,2.032,2,1000,640x360,1.9940449999999998,1452,
2025-12-22T06:59:30.755Z,2.046,2,1000,640x360,1.912833000000001,1434,
2025-12-22T06:59:31.269Z,2.051,2,1000,640x360,2.006608,1434,
2025-12-22T06:59:31.792Z,2.011,2,1000,640x360,1.9646160000000013,1413,
2025-12-22T06:59:32.282Z,2.012,2,1000,640x360,1.9752729999999996,1418,
2025-12-22T06:59:32.827Z,2.015,2,1000,640x360,1.9396149999999999,1403,
2025-12-22T06:59:33.282Z,2.037,2,1000,640x360,1.9947360000000014,1378,
2025-12-22T06:59:33.794Z,2.007,2,1000,640x360,1.9642389999999992,1384,
2025-12-22T06:59:34.285Z,2.018,2,1000,640x360,1.9741720000000011,1411,
2025-12-22T06:59:34.892Z,1.933,2,1000,640x360,1.979932999999999,1375,
2025-12-22T06:59:35.255Z,2.053,2,1000,640x360,1.9094840000000008,1364,
2025-12-22T06:59:35.762Z,2.048,2,1000,640x360,1.9940599999999993,1361,
2025-12-22T06:59:36.274Z,2.026,2,1000,640x360,1.983823000000001,1329,
2025-12-22T06:59:36.787Z,2.024,2,1000,640x360,1.9707550000000005,1315,
2025-12-22T06:59:37.266Z,2.027,2,1000,640x360,1.9899520000000024,1381,
2025-12-22T06:59:37.775Z,2.027,2,1000,640x360,1.9887540000000001,1387,
2025-12-22T06:59:38.276Z,2.026,2,1000,640x360,1.9837029999999984,1413,
2025-12-22T06:59:38.790Z,1.977,2,1000,640x360,1.970276000000002,1408,
2025-12-22T06:59:39.152Z,2.147,2,1000,640x360,1.9180569999999975,1407,
2025-12-22T06:59:39.612Z,2.182,2,1000,640x360,1.9473610000000008,1406,
2025-12-22T06:59:40.202Z,2.108,2,1000,640x360,1.9533060000000013,1426,
2025-12-22T06:59:40.766Z,2.045,2,1000,640x360,1.9904630000000019,1422,
2025-12-22T06:59:41.265Z,2.039,2,1000,640x360,2.003829000000003,1407,
2025-12-22T06:59:41.756Z,2.043,2,1000,640x360,1.9987279999999998,1438,
2025-12-22T06:59:42.256Z,2.047,2,1000,640x360,1.9023269999999997,1440,
2025-12-22T06:59:42.877Z,1.93,2,1000,640x360,1.9881279999999997,1459,
2025-12-22T06:59:43.486Z,1.837,2,1000,640x360,1.9823619999999984,1458,
2025-12-22T06:59:43.961Z,1.855,2,1000,640x360,2.0163790000000006,1453,
2025-12-22T06:59:44.280Z,2.03,2,1000,640x360,1.9862080000000013,1453,
2025-12-22T06:59:44.674Z,2.12,2,1000,640x360,1.9851390000000002,1463,
2025-12-22T06:59:45.206Z,2.087,2,1000,640x360,1.9622370000000018,1481,
2025-12-22T06:59:46.200Z,1.696,2,1000,640x360,1.9666760000000032,1521,
2025-12-22T06:59:46.269Z,1.614,3,1500,768x432,1.9892660000000006,1532,
2025-12-22T06:59:47.449Z,0.409,3,1500,768x432,1.9186219999999992,1534,
2025-12-22T06:59:48.089Z,0.391,3,1500,768x432,1.980160999999999,1472,
2025-12-22T06:59:48.727Z,0.35,3,1500,768x432,1.929590000000001,1446,
2025-12-22T06:59:49.015Z,0.299,3,1500,768x432,1.940449000000001,1339,rebuffer happen
2025-12-22T06:59:49.287Z,0.027,3,1500,768x432,1.9765380000000015,1339,rebuffer happen
2025-12-22T06:59:49.364Z,0.027,3,1500,768x432,2.0705380000000027,1339,
2025-12-22T06:59:49.432Z,0.527,2,1000,640x360,2.0095690000000026,1292,
2025-12-22T06:59:49.860Z,0.484,2,1000,640x360,2.058014,1292,
2025-12-22T06:59:50.292Z,0.544,2,1000,640x360,1.9966359999999987,1350,
2025-12-22T06:59:50.722Z,0.593,2,1000,640x360,1.951227000000003,1372,
2025-12-22T06:59:51.163Z,0.648,2,1000,640x360,2.013772000000003,1380,
2025-12-22T06:59:51.603Z,0.712,2,1000,640x360,1.9701359999999966,1387,
2025-12-22T06:59:52.039Z,0.786,2,1000,640x360,1.9406309999999998,1488,
2025-12-22T06:59:52.482Z,0.816,2,1000,640x360,1.979965,1457,
2025-12-22T06:59:52.925Z,0.898,2,1000,640x360,1.9507040000000018,1457,
2025-12-22T06:59:53.362Z,0.961,2,1000,640x360,2.0096929999999986,1523,
2025-12-22T06:59:53.804Z,1.01,2,1000,640x360,1.962133999999999,1490,
2025-12-22T06:59:54.242Z,1.071,2,1000,640x360,1.9174879999999987,1509,
2025-12-22T06:59:54.684Z,1.128,2,1000,640x360,1.975646999999995,1494,
2025-12-22T06:59:55.131Z,1.157,2,1000,640x360,1.9425600000000003,1504,
2025-12-22T06:59:55.568Z,1.244,2,1000,640x360,1.991422,1507,
2025-12-22T06:59:56.009Z,1.296,2,1000,640x360,1.9618129999999994,1514,
2025-12-22T06:59:56.086Z,1.317,3,1500,768x432,1.9840370000000007,1525,
2025-12-22T06:59:56.740Z,0.585,3,1500,768x432,1.9289090000000044,1525,
2025-12-22T06:59:57.407Z,0.564,3,1500,768x432,1.9601979999999983,1467,
2025-12-22T06:59:58.054Z,0.286,3,1500,768x432,1.9297070000000005,1377,rebuffer happen
2025-12-22T06:59:58.081Z,0.286,3,1500,768x432,2.000084000000001,1377,
2025-12-22T06:59:58.158Z,0.757,2,1000,640x360,1.9205339999999964,1340,
2025-12-22T06:59:58.606Z,0.705,2,1000,640x360,1.9574610000000021,1340,
2025-12-22T06:59:59.043Z,0.777,2,1000,640x360,1.922936,1344,
2025-12-22T06:59:59.521Z,0.79,2,1000,640x360,1.9423250000000039,1405,
2025-12-22T06:59:59.902Z,0.922,2,1000,640x360,1.9726440000000025,1403,
2025-12-22T07:00:00.321Z,0.996,2,1000,640x360,1.9400419999999983,1403,
2025-12-22T07:00:00.748Z,1.055,2,1000,640x360,1.9130189999999985,1395,
2025-12-22T07:00:01.196Z,1.132,2,1000,640x360,1.973039,1445,
2025-12-22T07:00:01.645Z,1.158,2,1000,640x360,1.9227500000000006,1426,
2025-12-22T07:00:02.101Z,1.237,2,1000,640x360,1.9812920000000034,1454,
2025-12-22T07:00:02.555Z,1.256,2,1000,640x360,1.9183980000000034,1456,
2025-12-22T07:00:03.002Z,1.309,2,1000,640x360,1.9680900000000037,1460,
2025-12-22T07:00:03.461Z,1.342,2,1000,640x360,2.0024290000000065,1464,
2025-12-22T07:00:03.910Z,1.399,2,1000,640x360,1.9672630000000026,1464,
2025-12-22T07:00:04.386Z,1.42,2,1000,640x360,1.981414000000001,1502,
2025-12-22T07:00:04.833Z,1.481,2,1000,640x360,1.928130000000003,1499,
2025-12-22T07:00:05.283Z,1.539,2,1000,640x360,1.986384000000001,1489,
2025-12-22T07:00:05.365Z,1.541,3,1500,768x432,1.9021179999999944,1538,
2025-12-22T07:00:06.035Z,0.817,3,1500,768x432,1.9445989999999966,1538,
2025-12-22T07:00:06.701Z,0.768,3,1500,768x432,1.9654760000000024,1489,
2025-12-22T07:00:07.375Z,0.471,3,1500,768x432,1.992125999999999,1377,
2025-12-22T07:00:08.054Z,0.434,3,1500,768x432,1.9084840000000014,1310,
2025-12-22T07:00:08.121Z,0.765,2,1000,640x360,1.9403900000000007,1279,
2025-12-22T07:00:08.568Z,0.725,2,1000,640x360,1.9911129999999986,1279,
2025-12-22T07:00:09.015Z,0.8,2,1000,640x360,1.9677810000000022,1297,
2025-12-22T07:00:09.464Z,0.854,2,1000,640x360,2.001601000000001,1304,
2025-12-22T07:00:09.900Z,0.9,2,1000,640x360,1.9587859999999964,1304,
2025-12-22T07:00:10.349Z,0.963,2,1000,640x360,1.9078730000000022,1332,
2025-12-22T07:00:10.844Z,0.961,2,1000,640x360,1.9225130000000021,1322,
2025-12-22T07:00:11.291Z,1.022,2,1000,640x360,1.966542000000004,1374,
2025-12-22T07:00:11.836Z,0.967,2,1000,640x360,1.9258689999999987,1365,
2025-12-22T07:00:11.907Z,0.955,1,600,480x270,1.9642750000000007,1343,
2025-12-22T07:00:12.155Z,1.149,1,600,480x270,1.904795,1343,
2025-12-22T07:00:12.424Z,1.378,1,600,480x270,1.9375900000000001,1326,
2025-12-22T07:00:12.701Z,1.6,1,600,480x270,1.9647980000000018,1326,
2025-12-22T07:00:12.958Z,1.848,1,600,480x270,2.0131780000000035,1452,
2025-12-22T07:00:13.231Z,2.069,1,600,480x270,1.9392349999999965,1452,
2025-12-22T07:00:13.641Z,2.152,1,600,480x270,1.9247780000000034,1403,
2025-12-22T07:00:14.130Z,2.141,1,600,480x270,1.9466439999999992,1426,
2025-12-22T07:00:14.607Z,2.199,1,600,480x270,1.9540020000000027,1431,
2025-12-22T07:00:15.160Z,2.171,1,600,480x270,1.996963000000001,1447,
2025-12-22T07:00:15.323Z,2.107,2,1000,640x360,1.9405039999999971,1440,
2025-12-22T07:00:15.772Z,2.029,2,1000,640x360,1.9870719999999977,1440,
2025-12-22T07:00:16.311Z,1.983,2,1000,640x360,1.9525679999999994,1423,
2025-12-22T07:00:16.772Z,2.027,2,1000,640x360,1.9926050000000046,1425,
2025-12-22T07:00:17.297Z,2.02,2,1000,640x360,1.9684020000000046,1427,
2025-12-22T07:00:17.793Z,2.005,2,1000,640x360,1.9642880000000034,1418,
2025-12-22T07:00:18.303Z,2.02,2,1000,640x360,1.9730959999999982,1388,
2025-12-22T07:00:18.799Z,2.011,2,1000,640x360,1.959347000000001,1388,
2025-12-22T07:00:19.128Z,2.132,2,1000,640x360,1.9358220000000017,1347,
2025-12-22T07:00:19.622Z,2.17,2,1000,640x360,1.9336680000000044,1400,
2025-12-22T07:00:20.229Z,2.075,2,1000,640x360,1.9300190000000015,1419,
2025-12-22T07:00:20.783Z,2.028,2,1000,640x360,1.9812049999999957,1421,
2025-12-22T07:00:21.316Z,1.991,2,1000,640x360,1.953125,1437,
2025-12-22T07:00:21.767Z,2.049,2,1000,640x360,1.9882360000000006,1433,
2025-12-22T07:00:22.283Z,2.042,2,1000,640x360,1.9837910000000036,1456,
2025-12-22T07:00:22.786Z,2.025,2,1000,640x360,1.9692390000000017,1455,
2025-12-22T07:00:23.304Z,1.99,2,1000,640x360,1.960019999999993,1463,
2025-12-22T07:00:24.107Z,1.696,2,1000,640x360,1.9625790000000052,1480,
2025-12-22T07:00:24.569Z,1.733,2,1000,640x360,1.993462000000008,1476,
2025-12-22T07:00:25.008Z,1.812,2,1000,640x360,1.956440999999998,1477,
2025-12-22T07:00:25.439Z,1.865,2,1000,640x360,1.920915000000008,1475,
2025-12-22T07:00:25.926Z,1.895,2,1000,640x360,1.9480980000000017,1475,
2025-12-22T07:00:26.352Z,1.956,2,1000,640x360,1.9117449999999963,1472,
2025-12-22T07:00:26.857Z,1.95,2,1000,640x360,2.006326999999999,1484,
2025-12-22T07:00:27.291Z,2.023,2,1000,640x360,1.984111999999996,1484,
2025-12-22T07:00:27.781Z,2.031,2,1000,640x360,1.9778749999999974,1463,
2025-12-22T07:00:28.271Z,2.046,2,1000,640x360,1.9906179999999978,1476,
2025-12-22T07:00:28.776Z,2.035,2,1000,640x360,1.9817440000000062,1452,
2025-12-22T07:00:29.284Z,2.032,2,1000,640x360,1.9868009999999998,1478,
2025-12-22T07:00:29.785Z,2.027,2,1000,640x360,1.9844630000000052,1435,
2025-12-22T07:00:30.270Z,2.041,2,1000,640x360,1.9996280000000013,1487,
2025-12-22T07:00:30.705Z,2.096,2,1000,640x360,1.9503890000000013,1464,
2025-12-22T07:00:31.295Z,2.028,2,1000,640x360,1.9790860000000094,1483,
2025-12-22T07:00:31.876Z,1.939,2,1000,640x360,1.9848199999999991,1497,
2025-12-22T07:00:32.362Z,1.942,2,1000,640x360,2.0014290000000017,1508,
2025-12-22T07:00:32.715Z,2.075,2,1000,640x360,1.941309000000004,1489,
2025-12-22T07:00:33.247Z,2.057,2,1000,640x360,1.9117760000000033,1502,
2025-12-22T07:00:33.757Z,2.043,2,1000,640x360,1.997778000000011,1504,
2025-12-22T07:00:34.452Z,1.813,2,1000,640x360,1.9068599999999947,1512,
2025-12-22T07:00:34.823Z,1.969,2,1000,640x360,1.9369740000000064,1501,
2025-12-22T07:00:35.255Z,2.047,2,1000,640x360,1.9142530000000022,1504,
2025-12-22T07:00:35.767Z,2.025,2,1000,640x360,1.989391000000012,1513,
2025-12-22T07:00:35.845Z,2.031,3,1500,768x432,1.916868000000008,1529,
2025-12-22T07:00:37.121Z,0.72,3,1500,768x432,1.9472360000000037,1522,
2025-12-22T07:00:37.511Z,0.956,3,1500,768x432,1.9463519999999903,1480,
2025-12-22T07:00:38.091Z,0.93,3,1500,768x432,1.9743190000000084,1410,
2025-12-22T07:00:38.868Z,0.624,3,1500,768x432,1.997595000000004,1354,
2025-12-22T07:00:38.941Z,0.952,2,1000,640x360,1.9319009999999963,1284,
2025-12-22T07:00:39.447Z,0.885,2,1000,640x360,1.9146140000000003,1284,
2025-12-22T07:00:39.855Z,0.962,2,1000,640x360,1.9133950000000084,1360,
2025-12-22T07:00:40.276Z,1.052,2,1000,640x360,2.0042530000000056,1375,
2025-12-22T07:00:40.725Z,1.08,2,1000,640x360,1.9359270000000066,1499,
2025-12-22T07:00:41.185Z,1.139,2,1000,640x360,1.9756599999999906,1461,
2025-12-22T07:00:41.624Z,1.17,2,1000,640x360,1.943482000000003,1481,
2025-12-22T07:00:42.053Z,1.255,2,1000,640x360,1.909749000000005,1526,
2025-12-22T07:00:42.510Z,1.315,2,1000,640x360,1.9513060000000024,1517,
2025-12-22T07:00:42.582Z,1.306,3,1500,768x432,1.9891269999999963,1566,
2025-12-22T07:00:43.248Z,0.608,3,1500,768x432,1.9180240000000026,1566,
2025-12-22T07:00:43.920Z,0.576,3,1500,768x432,1.9526650000000103,1488,
2025-12-22T07:00:44.411Z,0.561,3,1500,768x432,1.9603249999999974,1434,
2025-12-22T07:00:44.978Z,0.518,3,1500,768x432,1.9791969999999992,1370,
2025-12-22T07:00:45.561Z,0.481,3,1500,768x432,1.9995440000000002,1316,
2025-12-22T07:00:45.640Z,0.717,2,1000,640x360,1.9200840000000028,1285,
2025-12-22T07:00:46.003Z,0.815,2,1000,640x360,1.9599739999999883,1285,
2025-12-22T07:00:46.430Z,0.874,2,1000,640x360,1.9301250000000039,1317,
2025-12-22T07:00:46.866Z,0.941,2,1000,640x360,2.0071820000000002,1317,
2025-12-22T07:00:47.285Z,1.046,2,1000,640x360,1.988215000000011,1399,
2025-12-22T07:00:47.728Z,1.062,2,1000,640x360,1.9279599999999988,1386,
2025-12-22T07:00:48.200Z,1.116,2,1000,640x360,1.980758999999992,1384,
2025-12-22T07:00:48.717Z,1.1,2,1000,640x360,1.942957000000007,1437,
2025-12-22T07:00:49.227Z,1.078,2,1000,640x360,1.9316439999999915,1410,
2025-12-22T07:00:49.724Z,1.076,2,1000,640x360,1.9347630000000038,1432,
2025-12-22T07:00:50.237Z,1.102,2,1000,640x360,1.9268200000000064,1374,
2025-12-22T07:00:50.762Z,1.05,2,1000,640x360,1.994103999999993,1454,
2025-12-22T07:00:51.257Z,1.051,2,1000,640x360,2.0056380000000047,1448,
2025-12-22T07:00:51.785Z,1.05,2,1000,640x360,1.9833849999999984,1456,
2025-12-22T07:00:52.263Z,1.051,2,1000,640x360,2.0110990000000015,1445,
2025-12-22T07:00:52.679Z,1.137,2,1000,640x360,1.985012999999995,1468,
2025-12-22T07:00:53.204Z,1.156,2,1000,640x360,1.9710170000000033,1475,
2025-12-22T07:00:53.725Z,1.084,2,1000,640x360,1.9375670000000014,1468,
2025-12-22T07:00:54.159Z,1.171,2,1000,640x360,2.0054230000000075,1460,
2025-12-22T07:00:54.628Z,1.155,2,1000,640x360,1.935247000000004,1484,
2025-12-22T07:00:55.153Z,1.167,2,1000,640x360,1.9154790000000048,1472,
2025-12-22T07:00:55.526Z,1.29,2,1000,640x360,1.9451030000000031,1476,
2025-12-22T07:00:55.994Z,1.322,2,1000,640x360,1.9898979999999966,1511,
2025-12-22T07:00:56.076Z,1.313,3,1500,768x432,1.9963340000000045,1554,
2025-12-22T07:00:56.656Z,0.83,3,1500,768x432,1.9059950000000043,1554,
2025-12-22T07:00:57.288Z,0.543,3,1500,768x432,1.9847329999999914,1482,
2025-12-22T07:00:58.087Z,0.231,3,1500,768x432,1.9755640000000056,1437,rebuffer happen
2025-12-22T07:00:58.088Z,0.231,3,1500,768x432,1.9741530000000012,1437,
2025-12-22T07:00:58.619Z,0.196,3,1500,768x432,1.9470439999999911,1354,rebuffer happen
2025-12-22T07:00:58.767Z,0.196,3,1500,768x432,1.9895250000000004,1354,
2025-12-22T07:00:58.848Z,0.545,2,1000,640x360,1.9146599999999978,1241,
2025-12-22T07:00:59.292Z,0.504,2,1000,640x360,1.9688869999999952,1241,
2025-12-22T07:00:59.761Z,0.53,2,1000,640x360,1.9987950000000012,1284,
2025-12-22T07:01:00.256Z,0.555,2,1000,640x360,2.008350000000007,1280,
2025-12-22T07:01:00.806Z,0.537,2,1000,640x360,1.9586000000000041,1469,
2025-12-22T07:01:01.283Z,0.528,2,1000,640x360,1.9915980000000104,1421,
2025-12-22T07:01:01.836Z,0.472,2,1000,640x360,1.9283509999999922,1494,
2025-12-22T07:01:02.304Z,0.511,2,1000,640x360,1.9586560000000048,1469,
2025-12-22T07:01:02.766Z,0.538,2,1000,640x360,1.9947529999999887,1467,
2025-12-22T07:01:03.227Z,0.581,2,1000,640x360,1.9394829999999956,1474,
2025-12-22T07:01:03.711Z,0.604,2,1000,640x360,1.9457519999999988,1455,
2025-12-22T07:01:04.291Z,0.549,2,1000,640x360,1.9736699999999985,1458,
2025-12-22T07:01:04.676Z,0.646,2,1000,640x360,1.9810899999999947,1462,
2025-12-22T07:01:05.069Z,0.759,2,1000,640x360,2.0077420000000075,1455,
2025-12-22T07:01:05.461Z,0.838,2,1000,640x360,2.004141000000004,1467,
2025-12-22T07:01:05.948Z,0.875,2,1000,640x360,1.911629000000005,1467,
2025-12-22T07:01:06.366Z,0.935,2,1000,640x360,1.9947559999999953,1495,
2025-12-22T07:01:06.778Z,1.031,2,1000,640x360,1.9815459999999945,1484,
2025-12-22T07:01:07.189Z,1.125,2,1000,640x360,1.9747160000000008,1503,
2025-12-22T07:01:07.583Z,1.209,2,1000,640x360,1.976690000000005,1507,
2025-12-22T07:01:07.817Z,1.48,2,1000,640x360,1.9440629999999999,1506,
2025-12-22T07:01:08.087Z,1.722,2,1000,640x360,1.9794990000000041,1506,
2025-12-22T07:01:08.423Z,1.891,2,1000,640x360,1.9384000000000015,1507,
2025-12-22T07:01:08.839Z,1.96,2,1000,640x360,1.9176630000000046,1507,
2025-12-22T07:01:09.224Z,2.077,2,1000,640x360,1.932666999999995,1494,
2025-12-22T07:01:09.719Z,2.083,2,1000,640x360,1.9424260000000118,1499,
2025-12-22T07:01:10.227Z,2.061,2,1000,640x360,1.9404870000000045,1510,
2025-12-22T07:01:10.298Z,2.092,3,1500,768x432,1.9761819999999943,1528,
2025-12-22T07:01:12.055Z,0.429,3,1500,768x432,1.914258999999987,1522,
2025-12-22T07:01:12.698Z,0.117,3,1500,768x432,1.96027500000001,1479,rebuffer happen
2025-12-22T07:01:12.738Z,0.117,3,1500,768x432,1.9200540000000075,1479,
2025-12-22T07:01:13.225Z,0.102,3,1500,768x432,1.9530940000000072,1358,rebuffer happen
2025-12-22T07:01:13.307Z,0.019,3,1500,768x432,1.960047000000003,1358,rebuffer happen
2025-12-22T07:01:13.411Z,0.019,3,1500,768x432,2.0600469999999973,1358,
2025-12-22T07:01:13.494Z,0.519,2,1000,640x360,2.086542999999992,1311,
2025-12-22T07:01:13.660Z,0.288,2,1000,640x360,2.099857,1311,rebuffer happen
2025-12-22T07:01:13.878Z,0.487,2,1000,640x360,2.0583840000000038,1311,
2025-12-22T07:01:14.398Z,0.441,2,1000,640x360,1.9963130000000007,1379,
2025-12-22T07:01:14.588Z,0.287,2,1000,640x360,2.001598999999999,1379,rebuffer happen
2025-12-22T07:01:14.835Z,0.479,2,1000,640x360,1.951406999999989,1379,
2025-12-22T07:01:15.259Z,0.561,2,1000,640x360,2.0179159999999996,1389,
2025-12-22T07:01:15.838Z,0.473,2,1000,640x360,1.9323590000000053,1394,
2025-12-22T07:01:16.349Z,0.477,2,1000,640x360,1.9265720000000073,1429,
2025-12-22T07:01:16.847Z,0.476,2,1000,640x360,1.916934000000012,1501,
2025-12-22T07:01:17.156Z,0.297,2,1000,640x360,2.0047699999999935,1478,rebuffer happen
2025-12-22T07:01:17.360Z,0.455,2,1000,640x360,2.0002530000000007,1478,
2025-12-22T07:01:17.525Z,0.294,2,1000,640x360,1.9465239999999966,1473,rebuffer happen
2025-12-22T07:01:17.769Z,0.545,2,1000,640x360,1.9943999999999988,1473,
2025-12-22T07:01:18.197Z,0.619,2,1000,640x360,1.9763599999999997,1479,
2025-12-22T07:01:18.615Z,0.688,2,1000,640x360,1.9508679999999998,1473,
2025-12-22T07:01:19.046Z,0.774,2,1000,640x360,1.919629999999998,1482,
2025-12-22T07:01:19.464Z,0.839,2,1000,640x360,1.9955829999999963,1497,
2025-12-22T07:01:19.895Z,0.923,2,1000,640x360,1.9762249999999995,1497,
2025-12-22T07:01:20.324Z,0.997,2,1000,640x360,1.9524069999999938,1481,
2025-12-22T07:01:20.750Z,1.062,2,1000,640x360,1.911360000000002,1533,
2025-12-22T07:01:20.833Z,1.026,3,1500,768x432,1.9285509999999988,1526,
2025-12-22T07:01:21.438Z,0.538,3,1500,768x432,1.9287039999999962,1526,
2025-12-22T07:01:22.094Z,0.223,3,1500,768x432,1.9704140000000052,1480,rebuffer happen
2025-12-22T07:01:22.267Z,0.223,3,1500,768x432,2.0008959999999973,1480,
2025-12-22T07:01:22.607Z,0.207,3,1500,768x432,1.9559810000000084,1419,rebuffer happen
2025-12-22T07:01:22.798Z,0.017,3,1500,768x432,1.9625470000000007,1419,rebuffer happen
2025-12-22T07:01:22.810Z,0.017,3,1500,768x432,1.9625470000000007,1419,
2025-12-22T07:01:23.068Z,0.273,3,1500,768x432,2.0260980000000046,1330,rebuffer happen
2025-12-22T07:01:23.298Z,0.034,3,1500,768x432,1.9836690000000061,1330,rebuffer happen
2025-12-22T07:01:23.382Z,0.034,3,1500,768x432,2.0806690000000003,1330,
2025-12-22T07:01:23.458Z,0.534,2,1000,640x360,2.0130300000000005,1294,
2025-12-22T07:01:23.942Z,0.453,2,1000,640x360,2.008060999999998,1294,
2025-12-22T07:01:24.326Z,0.523,2,1000,640x360,1.9794920000000076,1336,
2025-12-22T07:01:24.733Z,0.613,2,1000,640x360,1.9501879999999971,1337,
2025-12-22T07:01:25.264Z,0.567,2,1000,640x360,2.0174769999999995,1383,
2025-12-22T07:01:25.679Z,0.64,2,1000,640x360,1.991073,1450,
2025-12-22T07:01:26.107Z,0.716,2,1000,640x360,1.967702999999986,1426,
2025-12-22T07:01:26.516Z,0.787,2,1000,640x360,1.9430050000000136,1424,
2025-12-22T07:01:26.991Z,0.829,2,1000,640x360,1.9770130000000137,1413,
2025-12-22T07:01:27.482Z,0.833,2,1000,640x360,1.9887149999999991,1446,
2025-12-22T07:01:27.842Z,0.956,2,1000,640x360,1.9271940000000143,1446,
2025-12-22T07:01:28.216Z,1.077,2,1000,640x360,1.9428879999999964,1505,
2025-12-22T07:01:28.624Z,1.172,2,1000,640x360,1.9392860000000098,1485,
2025-12-22T07:01:29.021Z,1.298,2,1000,640x360,1.9438240000000064,1493,
2025-12-22T07:01:29.502Z,1.315,2,1000,640x360,1.961433999999997,1483,
2025-12-22T07:01:29.982Z,1.323,2,1000,640x360,1.9830259999999953,1497,
2025-12-22T07:01:30.580Z,1.215,2,1000,640x360,1.9881650000000093,1497,
2025-12-22T07:01:31.034Z,1.29,2,1000,640x360,1.9383160000000146,1505,
2025-12-22T07:01:31.481Z,1.334,2,1000,640x360,1.9896480000000167,1515,
2025-12-22T07:01:31.910Z,1.397,2,1000,640x360,1.9481370000000027,1515,
2025-12-22T07:01:32.362Z,1.44,2,1000,640x360,1.9964119999999923,1490,
2025-12-22T07:01:32.776Z,1.525,2,1000,640x360,1.9798409999999933,1484,
2025-12-22T07:01:33.291Z,1.558,2,1000,640x360,1.976253000000014,1475,
2025-12-22T07:01:33.724Z,1.598,2,1000,640x360,1.9376760000000104,1497,
2025-12-22T07:01:34.177Z,1.647,2,1000,640x360,1.9817370000000096,1502,
2025-12-22T07:01:34.630Z,1.673,2,1000,640x360,1.927774999999997,1504,
2025-12-22T07:01:34.706Z,1.684,3,1500,768x432,1.9515030000000024,1530,
2025-12-22T07:01:35.869Z,0.516,3,1500,768x432,1.9877109999999902,1520,
2025-12-22T07:01:36.538Z,0.499,3,1500,768x432,1.9169430000000034,1460,
2025-12-22T07:01:37.109Z,0.209,3,1500,768x432,1.9557639999999878,1398,rebuffer happen
2025-12-22T07:01:37.171Z,0.209,3,1500,768x432,1.991925000000009,1398,
2025-12-22T07:01:37.245Z,0.647,2,1000,640x360,1.9174399999999991,1297,
2025-12-22T07:01:37.696Z,0.618,2,1000,640x360,1.9744050000000186,1297,
2025-12-22T07:01:38.163Z,0.64,2,1000,640x360,1.9989439999999945,1453,
2025-12-22T07:01:38.596Z,0.704,2,1000,640x360,1.9597809999999924,1503,
2025-12-22T07:01:39.045Z,0.767,2,1000,640x360,1.927550000000025,1487,
2025-12-22T07:01:39.494Z,0.822,2,1000,640x360,1.9704849999999965,1485,
2025-12-22T07:01:39.943Z,0.89,2,1000,640x360,1.9302690000000098,1486,
2025-12-22T07:01:40.382Z,0.922,2,1000,640x360,1.9915940000000205,1486,
2025-12-22T07:01:40.826Z,0.989,2,1000,640x360,1.9477729999999838,1537,
2025-12-22T07:01:41.267Z,1.049,2,1000,640x360,1.9951309999999864,1497,
2025-12-22T07:01:41.717Z,1.083,2,1000,640x360,1.946877999999998,1516,
2025-12-22T07:01:42.167Z,1.154,2,1000,640x360,1.9996159999999747,1476,
2025-12-22T07:01:42.616Z,1.206,2,1000,640x360,1.9395609999999976,1499,
2025-12-22T07:01:43.054Z,1.271,2,1000,640x360,1.9157889999999895,1501,
2025-12-22T07:01:43.517Z,1.279,2,1000,640x360,1.9462529999999845,1513,
2025-12-22T07:01:43.594Z,1.3,3,1500,768x432,1.974839000000003,1548,
2025-12-22T07:01:44.236Z,0.806,3,1500,768x432,1.939374000000015,1548,
2025-12-22T07:01:44.887Z,0.491,3,1500,768x432,1.9832879999999875,1483,
2025-12-22T07:01:45.527Z,0.447,3,1500,768x432,1.936318,1378,
2025-12-22T07:01:46.160Z,0.155,3,1500,768x432,2.0002669999999796,1343,rebuffer happen
2025-12-22T07:01:46.171Z,0.155,3,1500,768x432,1.9886829999999804,1343,
2025-12-22T07:01:46.259Z,0.642,2,1000,640x360,1.9009499999999946,1249,
2025-12-22T07:01:46.790Z,0.576,2,1000,640x360,1.9727849999999876,1249,
2025-12-22T07:01:47.317Z,0.511,2,1000,640x360,1.94420199999999,1305,
2025-12-22T07:01:47.772Z,0.52,2,1000,640x360,1.9821739999999863,1433,
2025-12-22T07:01:48.241Z,0.586,2,1000,640x360,1.9364790000000198,1416,
2025-12-22T07:01:48.699Z,0.618,2,1000,640x360,1.9618460000000084,1451,
2025-12-22T07:01:49.138Z,0.678,2,1000,640x360,1.92656199999999,1476,
2025-12-22T07:01:49.620Z,0.695,2,1000,640x360,1.9391379999999856,1471,
2025-12-22T07:01:50.094Z,0.736,2,1000,640x360,1.9742479999999887,1477,
2025-12-22T07:01:50.673Z,0.642,2,1000,640x360,1.983889000000005,1484,
2025-12-22T07:01:51.097Z,0.725,2,1000,640x360,1.9743660000000034,1474,
2025-12-22T07:01:51.547Z,0.758,2,1000,640x360,1.9175160000000062,1463,
2025-12-22T07:01:51.996Z,0.825,2,1000,640x360,1.9921249999999873,1466,
2025-12-22T07:01:52.443Z,0.866,2,1000,640x360,1.9209049999999763,1471,
2025-12-22T07:01:52.873Z,0.926,2,1000,640x360,1.9851350000000139,1471,
2025-12-22T07:01:53.291Z,1.01,2,1000,640x360,1.967189999999988,1478,
2025-12-22T07:01:53.657Z,1.153,2,1000,640x360,1.9993829999999946,1493,
2025-12-22T07:01:54.028Z,1.283,2,1000,640x360,1.9307389999999884,1493,
2025-12-22T07:01:54.425Z,1.376,2,1000,640x360,1.9355490000000088,1503,
2025-12-22T07:01:54.840Z,1.463,2,1000,640x360,1.9263440000000003,1503,
2025-12-22T07:01:55.333Z,1.493,2,1000,640x360,1.9301360000000045,1495,
2025-12-22T07:01:55.759Z,1.551,2,1000,640x360,1.9999919999999918,1493,
2025-12-22T07:01:56.194Z,1.644,2,1000,640x360,1.9893509999999992,1517,
2025-12-22T07:01:56.663Z,1.642,2,1000,640x360,2.001392999999979,1520,
2025-12-22T07:01:57.099Z,1.702,2,1000,640x360,1.9608269999999948,1501,
2025-12-22T07:01:57.169Z,1.716,3,1500,768x432,1.9894900000000177,1563,
2025-12-22T07:01:58.346Z,0.707,3,1500,768x432,1.91995399999999,1539,
2025-12-22T07:01:58.981Z,0.407,3,1500,768x432,1.9907289999999875,1486,
2025-12-22T07:01:59.679Z,0.38,3,1500,768x432,1.9766329999999925,1394,
2025-12-22T07:02:00.236Z,0.088,3,1500,768x432,1.9399899999999946,1351,rebuffer happen
2025-12-22T07:02:00.296Z,0.028,3,1500,768x432,1.9694379999999967,1351,rebuffer happen
2025-12-22T07:02:00.552Z,0.028,3,1500,768x432,2.1734380000000044,1351,
2025-12-22T07:02:00.630Z,0.528,2,1000,640x360,2.2009450000000186,1276,
2025-12-22T07:02:01.002Z,0.502,2,1000,640x360,2.155604000000011,1276,
2025-12-22T07:02:01.398Z,0.501,2,1000,640x360,2.0711340000000007,1322,
2025-12-22T07:02:01.852Z,0.518,2,1000,640x360,1.9756439999999884,1322,
2025-12-22T07:02:02.311Z,0.53,2,1000,640x360,1.9946879999999965,1356,
2025-12-22T07:02:02.684Z,0.629,2,1000,640x360,1.996645000000001,1397,
2025-12-22T07:02:03.132Z,0.674,2,1000,640x360,1.9419010000000014,1427,
2025-12-22T07:02:03.537Z,0.779,2,1000,640x360,1.924053000000015,1462,
2025-12-22T07:02:03.992Z,0.826,2,1000,640x360,1.9889320000000055,1447,
2025-12-22T07:02:04.486Z,0.812,2,1000,640x360,1.977546999999987,1429,
2025-12-22T07:02:05.079Z,0.715,2,1000,640x360,1.977517000000006,1423,
2025-12-22T07:02:05.525Z,0.779,2,1000,640x360,1.932056000000017,1419,
2025-12-22T07:02:05.991Z,0.83,2,1000,640x360,1.9725790000000245,1442,
2025-12-22T07:02:06.472Z,0.824,2,1000,640x360,1.9882069999999885,1405,
2025-12-22T07:02:06.547Z,0.844,1,600,480x270,1.9122150000000033,1405,
2025-12-22T07:02:06.786Z,1.005,1,600,480x270,1.982547000000011,1405,
2025-12-22T07:02:07.138Z,1.155,1,600,480x270,1.9225769999999898,1400,
2025-12-22T07:02:07.481Z,1.323,1,600,480x270,1.9754599999999982,1355,
2025-12-22T07:02:07.800Z,1.504,1,600,480x270,1.9640469999999937,1355,
2025-12-22T07:02:08.088Z,1.713,1,600,480x270,1.9773950000000013,1326,
2025-12-22T07:02:08.386Z,1.921,1,600,480x270,1.9821509999999876,1344,
2025-12-22T07:02:08.682Z,2.099,1,600,480x270,1.980068999999986,1344,
2025-12-22T07:02:09.144Z,2.148,1,600,480x270,1.9202299999999752,1386,
2025-12-22T07:02:09.533Z,2.226,1,600,480x270,1.9312249999999835,1374,
2025-12-22T07:02:10.090Z,2.208,1,600,480x270,1.9703210000000126,1387,
2025-12-22T07:02:10.159Z,2.201,2,1000,640x360,1.9009880000000123,1406,
2025-12-22T07:02:11.144Z,1.85,2,1000,640x360,1.9304479999999842,1406,
2025-12-22T07:02:11.649Z,1.655,2,1000,640x360,1.9116510000000062,1415,
2025-12-22T07:02:12.142Z,1.664,2,1000,640x360,1.9173299999999927,1393,
2025-12-22T07:02:12.586Z,1.696,2,1000,640x360,1.9740379999999789,1413,
2025-12-22T07:02:12.984Z,1.849,2,1000,640x360,1.9863990000000058,1426,
2025-12-22T07:02:13.398Z,1.904,2,1000,640x360,1.9755680000000098,1426,
2025-12-22T07:02:13.745Z,2.044,2,1000,640x360,1.9172120000000064,1426,
2025-12-22T07:02:14.254Z,2.049,2,1000,640x360,1.90527400000002,1460,
2025-12-22T07:02:14.751Z,2.051,2,1000,640x360,1.904717000000005,1442,
2025-12-22T07:02:15.285Z,2.031,2,1000,640x360,1.9760299999999802,1454,
2025-12-22T07:02:15.837Z,1.982,2,1000,640x360,1.9238039999999899,1478,
2025-12-22T07:02:16.325Z,1.987,2,1000,640x360,1.93159,1468,
2025-12-22T07:02:16.793Z,2.007,2,1000,640x360,1.9665030000000172,1458,
2025-12-22T07:02:17.306Z,2.002,2,1000,640x360,1.9664220000000228,1463,
2025-12-22T07:02:17.841Z,1.965,2,1000,640x360,1.9186289999999815,1464,
2025-12-22T07:02:18.319Z,1.991,2,1000,640x360,1.9416559999999947,1474,
2025-12-22T07:02:18.876Z,1.958,2,1000,640x360,1.9973679999999945,1462,
2025-12-22T07:02:19.354Z,1.975,2,1000,640x360,1.9090490000000102,1460,
2025-12-22T07:02:19.761Z,2.044,2,1000,640x360,1.9948420000000056,1460,
2025-12-22T07:02:20.270Z,2.04,2,1000,640x360,1.9890819999999962,1432,
2025-12-22T07:02:20.772Z,2.03,2,1000,640x360,1.999953000000005,1454,
2025-12-22T07:02:21.205Z,2.092,2,1000,640x360,1.9563559999999995,1463,
2025-12-22T07:02:21.743Z,2.057,2,1000,640x360,1.9129089999999849,1469,
2025-12-22T07:02:22.260Z,2.057,2,1000,640x360,1.9981960000000072,1459,
2025-12-22T07:02:22.790Z,2.011,2,1000,640x360,1.9692579999999964,1481,
2025-12-22T07:02:23.423Z,1.871,2,1000,640x360,1.9426750000000084,1470,
2025-12-22T07:02:23.811Z,1.997,2,1000,640x360,1.9463329999999814,1474,
2025-12-22T07:02:24.247Z,2.072,2,1000,640x360,1.916764999999998,1470,
2025-12-22T07:02:24.764Z,2.045,2,1000,640x360,1.9921280000000081,1470,
2025-12-22T07:02:25.285Z,2.028,2,1000,640x360,1.9861819999999852,1478,
2025-12-22T07:02:25.750Z,2.051,2,1000,640x360,1.9084080000000085,1460,
2025-12-22T07:02:26.264Z,2.037,2,1000,640x360,1.9989039999999818,1450,
2025-12-22T07:02:26.771Z,2.029,2,1000,640x360,1.9985859999999889,1455,
2025-12-22T07:02:27.291Z,2.023,2,1000,640x360,1.967979999999983,1430,
2025-12-22T07:02:27.780Z,2.021,2,1000,640x360,1.9748009999999852,1479,
2025-12-22T07:02:28.265Z,2.043,2,1000,640x360,2.000928000000016,1448,
2025-12-22T07:02:28.850Z,1.949,2,1000,640x360,1.906977000000012,1491,
2025-12-22T07:02:29.254Z,2.035,2,1000,640x360,1.9026700000000005,1476,
2025-12-22T07:02:29.772Z,2.039,2,1000,640x360,1.9876079999999945,1488,
2025-12-22T07:02:30.229Z,2.092,2,1000,640x360,1.9440199999999948,1492,
2025-12-22T07:02:30.784Z,2.017,2,1000,640x360,1.973622000000006,1497,
2025-12-22T07:02:31.253Z,2.063,2,1000,640x360,1.9122360000000072,1509,
2025-12-22T07:02:31.636Z,2.155,2,1000,640x360,1.9231519999999875,1500,
2025-12-22T07:02:32.387Z,1.927,2,1000,640x360,1.9743599999999901,1513,
2025-12-22T07:02:32.759Z,2.027,2,1000,640x360,1.995683999999983,1493,
2025-12-22T07:02:33.220Z,2.083,2,1000,640x360,1.9497550000000103,1521,
2025-12-22T07:02:33.751Z,2.042,2,1000,640x360,1.9108190000000036,1513,
2025-12-22T07:02:33.827Z,2.063,3,1500,768x432,1.9448589999999797,1528,
2025-12-22T07:02:34.921Z,0.993,3,1500,768x432,1.941660000000013,1522,
2025-12-22T07:02:35.591Z,0.971,3,1500,768x432,1.9798940000000016,1483,
2025-12-22T07:02:36.545Z,0.403,3,1500,768x432,1.9167260000000113,1437,
2025-12-22T07:02:37.112Z,0.387,3,1500,768x432,1.9644619999999975,1354,
2025-12-22T07:02:37.187Z,0.713,2,1000,640x360,1.9822390000000212,1286,
2025-12-22T07:02:37.584Z,0.73,2,1000,640x360,1.9842599999999777,1286,
2025-12-22T07:02:37.951Z,0.849,2,1000,640x360,1.9058969999999817,1339,
2025-12-22T07:02:38.360Z,0.941,2,1000,640x360,1.9977039999999988,1339,
2025-12-22T07:02:38.785Z,1.016,2,1000,640x360,1.981818000000004,1377,
2025-12-22T07:02:39.254Z,1.048,2,1000,640x360,1.9073419999999999,1395,
2025-12-22T07:02:39.800Z,1.009,2,1000,640x360,1.959479000000016,1416,
2025-12-22T07:02:40.130Z,1.175,2,1000,640x360,1.9322930000000156,1454,
2025-12-22T07:02:40.480Z,1.34,2,1000,640x360,1.9825730000000021,1457,
2025-12-22T07:02:40.716Z,1.584,2,1000,640x360,1.9402310000000114,1457,
2025-12-22T07:02:41.026Z,1.805,2,1000,640x360,1.9462760000000117,1506,
2025-12-22T07:02:41.471Z,1.825,2,1000,640x360,1.994226999999995,1524,
2025-12-22T07:02:41.549Z,1.847,3,1500,768x432,1.9147250000000042,1524,
2025-12-22T07:02:42.823Z,0.522,3,1500,768x432,1.9401009999999985,1532,
2025-12-22T07:02:43.348Z,0.492,3,1500,768x432,1.9141989999999964,1470,
2025-12-22T07:02:44.110Z,0.21,3,1500,768x432,1.9534120000000144,1441,rebuffer happen
2025-12-22T07:02:44.298Z,0.02,3,1500,768x432,1.9697150000000079,1441,rebuffer happen
2025-12-22T07:02:44.327Z,0.02,3,1500,768x432,1.9697150000000079,1441,
2025-12-22T07:02:44.673Z,0.193,3,1500,768x432,2.04539699999998,1355,rebuffer happen
2025-12-22T07:02:44.832Z,0.03,3,1500,768x432,1.9740510000000029,1355,rebuffer happen
2025-12-22T07:02:45.007Z,0.03,3,1500,768x432,2.1730509999999867,1355,
2025-12-22T07:02:45.094Z,0.508,2,1000,640x360,2.1714430000000107,1297,
2025-12-22T07:02:45.298Z,0.24,2,1000,640x360,2.116061000000002,1297,rebuffer happen
2025-12-22T07:02:45.536Z,0.384,2,1000,640x360,2.036012999999997,1297,
2025-12-22T07:02:45.626Z,0.29,2,1000,640x360,2.0324620000000095,1424,rebuffer happen
2025-12-22T07:02:45.903Z,0.274,2,1000,640x360,2.0509999999999877,1424,rebuffer happen
2025-12-22T07:02:46.061Z,0.319,2,1000,640x360,2.074745000000007,1424,
2025-12-22T07:02:46.131Z,0.253,2,1000,640x360,1.9969920000000059,1365,rebuffer happen
2025-12-22T07:02:46.458Z,0.42,2,1000,640x360,2.064524999999975,1365,
2025-12-22T07:02:46.876Z,0.48,2,1000,640x360,2.0342569999999967,1365,
2025-12-22T07:02:47.310Z,0.525,2,1000,640x360,1.9713150000000041,1396,
2025-12-22T07:02:47.765Z,0.534,2,1000,640x360,2.0068799999999953,1491,
2025-12-22T07:02:48.207Z,0.622,2,1000,640x360,1.964226999999994,1493,
2025-12-22T07:02:48.719Z,0.627,2,1000,640x360,1.9447780000000137,1491,
2025-12-22T07:02:49.059Z,0.738,2,1000,640x360,2.0048850000000016,1493,
2025-12-22T07:02:49.429Z,0.874,2,1000,640x360,1.9305029999999874,1487,
2025-12-22T07:02:50.037Z,0.771,2,1000,640x360,1.9264909999999986,1487,
2025-12-22T07:02:50.547Z,0.778,2,1000,640x360,1.9200419999999951,1479,
2025-12-22T07:02:50.975Z,0.839,2,1000,640x360,1.9927720000000022,1474,
2025-12-22T07:02:51.486Z,0.774,2,1000,640x360,1.9728619999999921,1474,
2025-12-22T07:02:51.827Z,0.967,2,1000,640x360,1.9326179999999908,1456,
2025-12-22T07:02:52.307Z,1.011,2,1000,640x360,1.9566189999999892,1456,
2025-12-22T07:02:52.855Z,0.947,2,1000,640x360,1.902606999999989,1493,
2025-12-22T07:02:53.287Z,1.036,2,1000,640x360,1.9784390000000087,1476,
2025-12-22T07:02:53.716Z,1.096,2,1000,640x360,1.947291000000007,1477,
2025-12-22T07:02:54.150Z,1.145,2,1000,640x360,1.9156969999999944,1514,
2025-12-22T07:02:54.606Z,1.206,2,1000,640x360,1.9515049999999974,1497,
2025-12-22T07:02:55.025Z,1.293,2,1000,640x360,1.9446869999999876,1503,
2025-12-22T07:02:55.463Z,1.325,2,1000,640x360,1.9969370000000026,1506,
2025-12-22T07:02:55.943Z,1.385,2,1000,640x360,1.9384870000000092,1506,
2025-12-22T07:02:56.359Z,1.461,2,1000,640x360,2.006083999999987,1519,
2025-12-22T07:02:56.432Z,1.463,3,1500,768x432,1.9319929999999772,1524,
2025-12-22T07:02:57.054Z,0.786,3,1500,768x432,1.9352209999999843,1524,
2025-12-22T07:02:57.633Z,0.734,3,1500,768x432,1.9467769999999973,1488,
2025-12-22T07:02:58.118Z,0.7,3,1500,768x432,1.944203999999985,1378,
2025-12-22T07:02:58.640Z,0.933,3,1500,768x432,1.9213259999999934,1345,
2025-12-22T07:02:58.722Z,1.172,2,1000,640x360,1.9324469999999963,1297,
2025-12-22T07:02:59.045Z,1.28,2,1000,640x360,1.9157410000000255,1297,
2025-12-22T07:02:59.491Z,1.332,2,1000,640x360,1.9714189999999974,1316,
2025-12-22T07:02:59.895Z,1.423,2,1000,640x360,1.9795259999999928,1311,
2025-12-22T07:03:00.412Z,1.362,2,1000,640x360,1.9551519999999982,1311,
2025-12-22T07:03:00.827Z,1.476,2,1000,640x360,1.9445869999999843,1371,
2025-12-22T07:03:01.367Z,1.449,2,1000,640x360,2.0139500000000226,1335,
2025-12-22T07:03:01.920Z,1.398,2,1000,640x360,1.9500119999999868,1337,
2025-12-22T07:03:02.396Z,1.416,2,1000,640x360,1.9623809999999935,1383,
2025-12-22T07:03:02.854Z,1.45,2,1000,640x360,1.9065420000000017,1378,
2025-12-22T07:03:03.298Z,1.506,2,1000,640x360,1.962204000000014,1407,
2025-12-22T07:03:03.815Z,1.56,2,1000,640x360,1.9536620000000084,1382,
2025-12-22T07:03:04.131Z,1.67,2,1000,640x360,1.9400540000000035,1385,
2025-12-22T07:03:04.693Z,1.609,2,1000,640x360,1.9730889999999874,1389,
2025-12-22T07:03:05.106Z,1.706,2,1000,640x360,1.970560000000006,1412,
2025-12-22T07:03:05.512Z,1.817,2,1000,640x360,1.953329000000025,1397,
2025-12-22T07:03:05.963Z,1.842,2,1000,640x360,2.0016980000000046,1418,
2025-12-22T07:03:06.432Z,1.875,2,1000,640x360,1.9256660000000068,1418,
2025-12-22T07:03:06.991Z,1.782,2,1000,640x360,1.9731580000000122,1379,
2025-12-22T07:03:07.484Z,1.838,2,1000,640x360,1.9825270000000046,1416,
2025-12-22T07:03:07.947Z,1.852,2,1000,640x360,1.9237559999999974,1368,
2025-12-22T07:03:08.352Z,1.947,2,1000,640x360,1.9198880000000145,1368,
2025-12-22T07:03:08.811Z,2.001,2,1000,640x360,1.9490240000000085,1414,
2025-12-22T07:03:09.353Z,1.963,2,1000,640x360,1.9233429999999885,1374,
2025-12-22T07:03:09.731Z,2.074,2,1000,640x360,1.9299930000000245,1383,
2025-12-22T07:03:10.283Z,2.033,2,1000,640x360,1.9743349999999964,1376,
2025-12-22T07:03:10.786Z,2.006,2,1000,640x360,1.9690549999999973,1316,
2025-12-22T07:03:11.214Z,2.079,2,1000,640x360,1.9463320000000124,1332,
2025-12-22T07:03:11.710Z,2.082,2,1000,640x360,1.9476480000000151,1360,
2025-12-22T07:03:12.493Z,1.823,2,1000,640x360,1.9708860000000072,1367,
2025-12-22T07:03:13.174Z,1.64,2,1000,640x360,1.9996649999999931,1375,
2025-12-22T07:03:13.702Z,1.592,2,1000,640x360,1.957066999999995,1410,
2025-12-22T07:03:14.214Z,1.598,2,1000,640x360,1.9504480000000228,1449,
2025-12-22T07:03:14.636Z,1.668,2,1000,640x360,1.9216749999999934,1449,
2025-12-22T07:03:15.080Z,1.728,2,1000,640x360,1.9828239999999937,1452,
2025-12-22T07:03:15.600Z,1.74,2,1000,640x360,1.9559509999999989,1462,
2025-12-22T07:03:15.998Z,1.829,2,1000,640x360,1.9616440000000068,1468,
2025-12-22T07:03:16.314Z,1.98,2,1000,640x360,1.9499119999999834,1474,
2025-12-22T07:03:16.710Z,2.073,2,1000,640x360,1.9474100000000192,1474,
2025-12-22T07:03:17.276Z,2.022,2,1000,640x360,1.9963340000000187,1477,
2025-12-22T07:03:17.700Z,2.091,2,1000,640x360,1.9567910000000097,1486,
2025-12-22T07:03:18.340Z,1.976,2,1000,640x360,1.929425999999978,1478,
2025-12-22T07:03:18.770Z,2.034,2,1000,640x360,1.9883789999999806,1491,
2025-12-22T07:03:19.328Z,2.019,2,1000,640x360,1.93055099999998,1489,
2025-12-22T07:03:19.810Z,1.99,2,1000,640x360,1.947105999999991,1506,
2025-12-22T07:03:20.393Z,1.909,2,1000,640x360,1.9690140000000156,1507,
2025-12-22T07:03:20.474Z,1.892,3,1500,768x432,1.9891250000000014,1538,
2025-12-22T07:03:21.628Z,0.835,3,1500,768x432,1.9327609999999993,1525,
2025-12-22T07:03:22.307Z,0.53,3,1500,768x432,1.9600379999999973,1496,
2025-12-22T07:03:23.062Z,0.49,3,1500,768x432,1.9972319999999968,1405,
2025-12-22T07:03:23.622Z,0.193,3,1500,768x432,1.9356240000000184,1355,rebuffer happen
2025-12-22T07:03:23.788Z,0.193,3,1500,768x432,1.9729569999999796,1355,
2025-12-22T07:03:23.867Z,0.525,2,1000,640x360,1.9022379999999828,1263,
2025-12-22T07:03:24.073Z,0.281,2,1000,640x360,2.0044069999999863,1263,rebuffer happen
2025-12-22T07:03:24.371Z,0.455,2,1000,640x360,1.995599999999996,1263,
2025-12-22T07:03:24.817Z,0.483,2,1000,640x360,1.9407989999999984,1318,
2025-12-22T07:03:25.277Z,0.527,2,1000,640x360,1.981445999999977,1432,
2025-12-22T07:03:25.814Z,0.498,2,1000,640x360,1.9520630000000097,1377,
2025-12-22T07:03:26.355Z,0.493,2,1000,640x360,1.9113460000000089,1426,
2025-12-22T07:03:26.661Z,0.632,2,1000,640x360,2.000857999999994,1408,
2025-12-22T07:03:27.085Z,0.713,2,1000,640x360,1.9711570000000052,1434,
2025-12-22T07:03:27.578Z,0.722,2,1000,640x360,1.9805969999999888,1453,
2025-12-22T07:03:27.930Z,0.897,2,1000,640x360,1.9369279999999947,1465,
2025-12-22T07:03:28.330Z,0.982,2,1000,640x360,1.9364479999999844,1465,
2025-12-22T07:03:28.695Z,1.116,2,1000,640x360,1.9669939999999997,1481,
2025-12-22T07:03:29.096Z,1.216,2,1000,640x360,1.9725579999999923,1477,
2025-12-22T07:03:29.450Z,1.351,2,1000,640x360,1.9187760000000083,1502,
2025-12-22T07:03:29.976Z,1.354,2,1000,640x360,1.992685999999992,1502,
2025-12-22T07:03:30.048Z,1.336,3,1500,768x432,1.9195709999999906,1559,
2025-12-22T07:03:30.630Z,0.8,3,1500,768x432,1.934269999999998,1559,
2025-12-22T07:03:31.295Z,0.766,3,1500,768x432,1.959953999999982,1514,
2025-12-22T07:03:32.085Z,0.467,3,1500,768x432,1.9841349999999807,1461,
2025-12-22T07:03:32.645Z,0.17,3,1500,768x432,1.911529999999999,1405,rebuffer happen
2025-12-22T07:03:32.788Z,0.026,3,1500,768x432,1.9775419999999997,1405,rebuffer happen
2025-12-22T07:03:32.838Z,0.026,3,1500,768x432,1.9775419999999997,1405,
2025-12-22T07:03:32.921Z,0.526,2,1000,640x360,1.9997470000000135,1293,
2025-12-22T07:03:33.313Z,0.538,2,1000,640x360,2.002754999999979,1293,
2025-12-22T07:03:33.770Z,0.553,2,1000,640x360,2.0190139999999985,1373,
2025-12-22T07:03:34.189Z,0.63,2,1000,640x360,1.986863999999997,1381,
2025-12-22T07:03:34.584Z,0.708,2,1000,640x360,1.9857029999999725,1404,
2025-12-22T07:03:35.108Z,0.752,2,1000,640x360,1.9690670000000239,1416,
2025-12-22T07:03:35.564Z,0.741,2,1000,640x360,1.9999090000000308,1409,
2025-12-22T07:03:35.925Z,0.877,2,1000,640x360,1.943581000000023,1412,
2025-12-22T07:03:36.459Z,0.87,2,1000,640x360,2.005856999999992,1412,
2025-12-22T07:03:36.527Z,0.819,1,600,480x270,1.936099000000013,1392,
2025-12-22T07:03:36.807Z,1.004,1,600,480x270,1.9520969999999807,1392,
2025-12-22T07:03:37.112Z,1.225,1,600,480x270,1.9727350000000001,1425,
2025-12-22T07:03:37.432Z,1.373,1,600,480x270,1.942075999999986,1404,
2025-12-22T07:03:37.737Z,1.562,1,600,480x270,1.9350160000000187,1404,
2025-12-22T07:03:38.040Z,1.726,1,600,480x270,1.9270179999999755,1408,
2025-12-22T07:03:38.294Z,2.013,1,600,480x270,1.980525,1431,
2025-12-22T07:03:38.526Z,2.269,1,600,480x270,1.940951000000041,1431,
2025-12-22T07:03:39.078Z,2.266,1,600,480x270,1.9948950000000423,1453,
2025-12-22T07:03:39.802Z,2.069,1,600,480x270,1.9594380000000342,1448,
2025-12-22T07:03:40.176Z,2.127,1,600,480x270,1.9922989999999459,1463,
2025-12-22T07:03:40.251Z,2.101,2,1000,640x360,1.9155609999999683,1471,
2025-12-22T07:03:40.793Z,2.018,2,1000,640x360,1.9637920000000122,1471,
2025-12-22T07:03:41.262Z,2.054,2,1000,640x360,2.0156020000000012,1479,
2025-12-22T07:03:41.759Z,2.044,2,1000,640x360,2.001310999999987,1452,
2025-12-22T07:03:42.363Z,1.938,2,1000,640x360,2.0013509999999997,1447,
2025-12-22T07:03:42.772Z,2.039,2,1000,640x360,1.9860549999999648,1436,
2025-12-22T07:03:43.276Z,2.029,2,1000,640x360,1.9844380000000115,1439,
2025-12-22T07:03:43.799Z,2.01,2,1000,640x360,1.9587949999999523,1465,
2025-12-22T07:03:44.231Z,2.077,2,1000,640x360,1.939546000000007,1457,
2025-12-22T07:03:44.693Z,2.11,2,1000,640x360,1.9691359999999918,1424,
2025-12-22T07:03:45.128Z,2.181,2,1000,640x360,1.9470509999999877,1407,
2025-12-22T07:03:45.831Z,1.962,2,1000,640x360,1.9383770000000027,1436,
2025-12-22T07:03:46.495Z,1.791,2,1000,640x360,1.9669969999999921,1436,
2025-12-22T07:03:46.927Z,1.883,2,1000,640x360,1.9353600000000029,1430,
2025-12-22T07:03:47.558Z,1.734,2,1000,640x360,1.9998310000000288,1430,
2025-12-22T07:03:47.923Z,1.888,2,1000,640x360,1.9518590000000131,1451,
2025-12-22T07:03:48.333Z,1.986,2,1000,640x360,1.9343130000000315,1451,
2025-12-22T07:03:48.816Z,1.993,2,1000,640x360,1.9451799999999935,1469,
2025-12-22T07:03:49.300Z,2.023,2,1000,640x360,1.9703899999999521,1486,
2025-12-22T07:03:49.757Z,2.046,2,1000,640x360,2.001156999999978,1468,
2025-12-22T07:03:50.223Z,2.079,2,1000,640x360,1.935703999999987,1470,
2025-12-22T07:03:50.747Z,2.054,2,1000,640x360,1.9079790000000116,1485,
2025-12-22T07:03:51.273Z,2.03,2,1000,640x360,1.9915359999999964,1479,
2025-12-22T07:03:51.830Z,1.973,2,1000,640x360,1.9299510000000168,1486,
2025-12-22T07:03:52.316Z,1.992,2,1000,640x360,1.9456630000000246,1494,
2025-12-22T07:03:52.791Z,2.01,2,1000,640x360,1.9711399999999912,1506,
2025-12-22T07:03:53.395Z,1.915,2,1000,640x360,1.9696409999999673,1477,
2025-12-22T07:03:53.825Z,1.988,2,1000,640x360,1.9430619999999976,1498,
2025-12-22T07:03:54.277Z,2.053,2,1000,640x360,2.0070289999999886,1480,
2025-12-22T07:03:54.763Z,2.051,2,1000,640x360,2.0023570000000177,1484,
2025-12-22T07:03:55.268Z,2.046,2,1000,640x360,1.9927099999999882,1473,
2025-12-22T07:03:55.770Z,2.039,2,1000,640x360,1.9884349999999813,1410,
2025-12-22T07:03:56.265Z,2.037,2,1000,640x360,2.0026209999999764,1415,
2025-12-22T07:03:56.759Z,2.043,2,1000,640x360,1.9994239999999763,1407,
2025-12-22T07:03:57.252Z,2.057,2,1000,640x360,1.9154649999999833,1373,
2025-12-22T07:03:57.772Z,2.026,2,1000,640x360,1.9891420000000153,1387,
2025-12-22T07:03:58.286Z,2.019,2,1000,640x360,1.9839600000000246,1367,
2025-12-22T07:03:58.819Z,1.977,2,1000,640x360,1.9461849999999572,1416,
2025-12-22T07:03:59.210Z,2.099,2,1000,640x360,1.9531039999999962,1463,
2025-12-22T07:04:00.018Z,1.803,2,1000,640x360,1.9396979999999644,1423,
2025-12-22T07:04:00.788Z,1.512,2,1000,640x360,1.967739999999992,1356,
2025-12-22T07:04:01.789Z,1.031,2,1000,640x360,1.9750439999999685,1079,
2025-12-22T07:04:02.784Z,0.536,2,1000,640x360,1.987546000000009,1047,
2025-12-22T07:04:02.876Z,0.5,1,600,480x270,1.9926229999999805,998,
2025-12-22T07:04:03.065Z,0.253,1,600,480x270,2.0021370000000047,998,rebuffer happen
2025-12-22T07:04:03.431Z,0.358,1,600,480x270,1.9360510000000204,998,
2025-12-22T07:04:03.612Z,0.206,1,600,480x270,1.957221000000004,965,rebuffer happen
2025-12-22T07:04:03.795Z,0.289,1,600,480x270,1.9724219999999946,965,rebuffer happen
2025-12-22T07:04:03.934Z,0.387,1,600,480x270,1.9249420000000441,965,
2025-12-22T07:04:04.149Z,0.168,1,600,480x270,1.9105460000000107,943,rebuffer happen
2025-12-22T07:04:04.518Z,0.232,1,600,480x270,1.9542769999999905,943,
2025-12-22T07:04:04.946Z,0.28,1,600,480x270,1.9319289999999683,940,rebuffer happen
2025-12-22T07:04:04.996Z,0.333,1,600,480x270,1.972266999999988,940,
2025-12-22T07:04:05.212Z,0.114,1,600,480x270,1.9632269999999608,884,rebuffer happen
2025-12-22T07:04:05.470Z,0.29,1,600,480x270,2.0019760000000133,884,rebuffer happen
2025-12-22T07:04:05.545Z,0.289,1,600,480x270,1.9265230000000315,884,
2025-12-22T07:04:06.098Z,0.251,1,600,480x270,1.9896019999999908,896,
2025-12-22T07:04:06.420Z,0.425,1,600,480x270,1.9694829999999683,843,
2025-12-22T07:04:06.490Z,0.417,0,200,320x180,1.9873870000000124,843,
2025-12-22T07:04:06.602Z,0.702,0,200,320x180,1.977786999999978,843,
2025-12-22T07:04:06.747Z,1.032,0,200,320x180,1.9320230000000151,855,
2025-12-22T07:04:06.869Z,1.462,0,200,320x180,1.9983379999999897,855,
2025-12-22T07:04:07.006Z,1.736,0,200,320x180,1.9675260000000208,855,
2025-12-22T07:04:07.212Z,2.096,0,200,320x180,1.9523899999999799,888,
2025-12-22T07:04:07.638Z,2.186,0,200,320x180,1.9214170000000195,888,
2025-12-22T07:04:08.029Z,2.268,0,200,320x180,1.9280089999999745,884,
2025-12-22T07:04:08.577Z,2.163,0,200,320x180,1.9883630000000494,884,
2025-12-22T07:04:09.051Z,2.146,0,200,320x180,1.9173430000000167,880,
2025-12-22T07:04:09.623Z,2.1,0,200,320x180,1.9340700000000197,873,
2025-12-22T07:04:09.902Z,1.96,1,600,480x270,1.9679459999999835,874,
2025-12-22T07:04:10.553Z,1.768,1,600,480x270,1.9200690000000122,874,
2025-12-22T07:04:11.119Z,1.72,1,600,480x270,1.9379769999999894,864,
2025-12-22T07:04:11.606Z,1.709,1,600,480x270,1.9567690000000084,815,
2025-12-22T07:04:12.178Z,1.628,1,600,480x270,1.9825409999999692,796,
2025-12-22T07:04:12.724Z,1.576,1,600,480x270,1.9412560000000099,763,
2025-12-22T07:04:13.222Z,1.608,1,600,480x270,1.9415579999999864,763,
2025-12-22T07:04:13.813Z,1.527,1,600,480x270,1.9463079999999877,747,
2025-12-22T07:04:14.390Z,1.452,1,600,480x270,1.9814650000000142,758,
2025-12-22T07:04:14.870Z,1.421,1,600,480x270,1.999022000000025,776,
2025-12-22T07:04:15.395Z,1.38,1,600,480x270,1.9729330000000118,765,
2025-12-22T07:04:15.928Z,1.401,1,600,480x270,1.938205000000039,764,
2025-12-22T07:04:16.308Z,1.5,1,600,480x270,1.9546029999999632,782,
2025-12-22T07:04:16.893Z,1.425,1,600,480x270,1.968116000000009,775,
2025-12-22T07:04:17.435Z,1.353,1,600,480x270,1.9319939999999747,769,
2025-12-22T07:04:17.901Z,1.409,1,600,480x270,1.9798299999999927,753,
2025-12-22T07:04:18.354Z,1.478,1,600,480x270,1.9114079999999944,774,
2025-12-22T07:04:19.071Z,1.275,1,600,480x270,2.0071209999999837,758,
2025-12-22T07:04:19.498Z,1.3,1,600,480x270,1.9707050000000095,757,
2025-12-22T07:04:20.005Z,1.284,1,600,480x270,1.9657909999999674,754,
2025-12-22T07:04:20.532Z,1.272,1,600,480x270,1.9390199999999709,732,
2025-12-22T07:04:21.137Z,1.165,1,600,480x270,1.9339689999999905,731,
2025-12-22T07:04:21.614Z,1.207,1,600,480x270,1.9510050000000092,755,
2025-12-22T07:04:22.049Z,1.282,1,600,480x270,1.9299409999999853,768,
2025-12-22T07:04:22.474Z,1.297,1,600,480x270,1.9963679999999613,788,
2025-12-22T07:04:22.705Z,1.462,1,600,480x270,1.9520449999999983,788,
2025-12-22T07:04:22.757Z,2.001,1,600,480x270,1.9987179999999967,780,
2025-12-22T07:04:23.925Z,1.403,1,600,480x270,1.9401470000000245,780,
2025-12-22T07:04:24.669Z,1.132,1,600,480x270,1.9939069999999788,778,
2025-12-22T07:04:25.279Z,1.049,1,600,480x270,1.9843270000000075,793,
2025-12-22T07:04:25.783Z,1.018,1,600,480x270,1.9796150000000239,790,
2025-12-22T07:04:26.301Z,1.028,1,600,480x270,1.9687490000000025,798,
2025-12-22T07:04:26.802Z,0.998,1,600,480x270,1.965915999999993,777,
2025-12-22T07:04:27.324Z,1.011,1,600,480x270,1.9600720000000251,775,
2025-12-22T07:04:27.823Z,0.981,1,600,480x270,1.9355920000000424,769,
2025-12-22T07:04:27.894Z,0.993,0,200,320x180,1.9653190000000222,779,
2025-12-22T07:04:28.069Z,1.183,0,200,320x180,1.9986850000000231,779,
2025-12-22T07:04:28.280Z,1.509,0,200,320x180,1.9781419999999912,768,
2025-12-22T07:04:28.491Z,1.79,0,200,320x180,1.9690719999999828,768,
2025-12-22T07:04:28.659Z,2.129,0,200,320x180,2.0007019999999898,754,
2025-12-22T07:04:29.014Z,2.256,0,200,320x180,1.9463320000000408,754,
2025-12-22T07:04:29.528Z,2.241,0,200,320x180,1.9389360000000124,778,
2025-12-22T07:04:30.035Z,2.243,0,200,320x180,1.9436569999999733,777,
2025-12-22T07:04:30.530Z,2.241,0,200,320x180,1.9414949999999749,785,
2025-12-22T07:04:31.072Z,2.29,0,200,320x180,2.0073130000000106,788,
2025-12-22T07:04:31.306Z,2.065,1,600,480x270,1.9697610000000054,797,
2025-12-22T07:04:31.794Z,2.008,1,600,480x270,1.971287000000018,797,
2025-12-22T07:04:32.376Z,1.928,1,600,480x270,1.992838000000006,815,
2025-12-22T07:04:32.938Z,1.887,1,600,480x270,1.9222090000000094,824,
2025-12-22T07:04:33.448Z,1.854,1,600,480x270,1.9116500000000087,837,
2025-12-22T07:04:33.961Z,1.863,1,600,480x270,2.0107209999999895,835,
2025-12-22T07:04:34.484Z,1.832,1,600,480x270,1.9834349999999858,838,
2025-12-22T07:04:35.034Z,1.825,1,600,480x270,1.9394179999999892,844,
2025-12-22T07:04:35.681Z,1.749,1,600,480x270,1.9818149999999832,853,
2025-12-22T07:04:36.187Z,1.654,1,600,480x270,1.9898509999999874,838,
2025-12-22T07:04:36.683Z,1.662,1,600,480x270,1.9847009999999727,839,
2025-12-22T07:04:37.170Z,1.625,1,600,480x270,1.993750000000034,838,
2025-12-22T07:04:37.662Z,1.637,1,600,480x270,1.99883200000005,801,
2025-12-22T07:04:38.020Z,1.807,1,600,480x270,1.955157999999983,809,
2025-12-22T07:04:38.541Z,1.781,1,600,480x270,1.9186930000000189,809,
2025-12-22T07:04:39.055Z,1.76,1,600,480x270,1.921810999999991,785,
2025-12-22T07:04:39.498Z,1.794,1,600,480x270,1.96652499999999,822,
2025-12-22T07:04:39.880Z,1.928,1,600,480x270,1.9891979999999876,813,
2025-12-22T07:04:40.541Z,1.788,1,600,480x270,1.9362800000000107,813,
2025-12-22T07:04:41.165Z,1.639,1,600,480x270,1.9939229999999952,845,
2025-12-22T07:04:41.775Z,1.564,1,600,480x270,1.9892339999999535,854,
2025-12-22T07:04:42.318Z,1.504,1,600,480x270,1.9409420000000068,842,
2025-12-22T07:04:42.842Z,1.463,1,600,480x270,1.927123999999992,887,
2025-12-22T07:04:43.202Z,1.612,1,600,480x270,1.9652120000000082,877,
2025-12-22T07:04:43.964Z,1.391,1,600,480x270,2.0165509999999927,904,
2025-12-22T07:04:44.474Z,1.378,1,600,480x270,1.994813000000022,937,
2025-12-22T07:04:44.907Z,1.396,1,600,480x270,1.9638570000000186,912,
2025-12-22T07:04:45.524Z,1.269,1,600,480x270,1.9398939999999811,916,
2025-12-22T07:04:46.114Z,1.193,1,600,480x270,1.9611390000000029,939,
2025-12-22T07:04:46.652Z,1.168,1,600,480x270,1.919163000000026,935,
2025-12-22T07:04:47.211Z,1.1,1,600,480x270,1.9648480000000177,924,
2025-12-22T07:04:47.785Z,1.036,1,600,480x270,1.9769220000000018,911,
2025-12-22T07:04:48.298Z,1.016,1,600,480x270,1.9820100000000025,912,
2025-12-22T07:04:48.854Z,0.988,1,600,480x270,1.913566000000003,894,
2025-12-22T07:04:49.385Z,0.937,1,600,480x270,1.9781469999999786,901,
2025-12-22T07:04:49.874Z,0.924,1,600,480x270,1.9931100000000015,868,
2025-12-22T07:04:50.371Z,0.952,1,600,480x270,1.9899220000000355,874,
2025-12-22T07:04:50.945Z,0.866,1,600,480x270,1.925974999999994,925,
2025-12-22T07:04:51.470Z,0.835,1,600,480x270,2.003055999999958,910,
2025-12-22T07:04:52.024Z,0.814,1,600,480x270,1.964117999999985,893,
2025-12-22T07:04:52.502Z,0.824,1,600,480x270,1.9629749999999717,889,
2025-12-22T07:04:52.974Z,0.862,1,600,480x270,2.0055730000000267,855,
2025-12-22T07:04:53.048Z,0.803,0,200,320x180,1.9371450000000436,855,
2025-12-22T07:04:53.199Z,1.11,0,200,320x180,1.9788049999999657,855,
2025-12-22T07:04:53.391Z,1.391,0,200,320x180,1.9887360000000172,861,
2025-12-22T07:04:53.585Z,1.691,0,200,320x180,1.9886569999999892,861,
2025-12-22T07:04:53.798Z,2.025,0,200,320x180,1.9639849999999797,849,
2025-12-22T07:04:54.111Z,2.186,0,200,320x180,1.9623270000000161,849,
2025-12-22T07:04:54.514Z,2.253,0,200,320x180,1.946503000000007,838,
2025-12-22T07:04:55.025Z,2.252,0,200,320x180,1.9421199999999885,850,
2025-12-22T07:04:55.535Z,2.236,0,200,320x180,1.9235899999999901,847,
2025-12-22T07:04:56.022Z,2.294,0,200,320x180,1.9487270000000194,858,
2025-12-22T07:04:56.534Z,2.239,0,200,320x180,1.9313720000000103,857,
2025-12-22T07:04:56.611Z,2.285,1,600,480x270,1.9493499999999813,865,
2025-12-22T07:04:57.415Z,1.919,1,600,480x270,1.9543500000000336,865,
2025-12-22T07:04:57.792Z,2.01,1,600,480x270,1.9671869999999672,849,
2025-12-22T07:04:58.297Z,2.005,1,600,480x270,1.963356000000033,873,
2025-12-22T07:04:58.760Z,2.041,1,600,480x270,1.9990740000000073,879,
2025-12-22T07:04:59.267Z,2.038,1,600,480x270,1.9944249999999784,888,
2025-12-22T07:05:00.043Z,1.811,1,600,480x270,1.9326440000000389,891,
2025-12-22T07:05:00.603Z,1.701,1,600,480x270,1.9594979999999964,892,
2025-12-22T07:05:01.087Z,1.732,1,600,480x270,1.9904859999999758,872,
2025-12-22T07:05:01.689Z,1.614,1,600,480x270,1.9702769999999532,876,
2025-12-22T07:05:02.308Z,1.516,1,600,480x270,1.9609249999999747,841,
2025-12-22T07:05:02.858Z,1.464,1,600,480x270,2.006155999999976,877,
2025-12-22T07:05:03.453Z,1.303,1,600,480x270,1.906090000000006,852,
2025-12-22T07:05:03.955Z,1.344,1,600,480x270,1.9170010000000275,812,
2025-12-22T07:05:04.451Z,1.368,1,600,480x270,1.912477000000024,837,
2025-12-22T07:05:04.955Z,1.361,1,600,480x270,1.919114000000036,821,
2025-12-22T07:05:05.461Z,1.284,1,600,480x270,2.006151999999986,829,
2025-12-22T07:05:06.006Z,1.297,1,600,480x270,1.9573969999999576,815,
2025-12-22T07:05:06.459Z,1.341,1,600,480x270,1.9975929999999948,818,
2025-12-22T07:05:06.977Z,1.35,1,600,480x270,1.992781999999977,818,
2025-12-22T07:05:07.491Z,1.33,1,600,480x270,1.971070999999995,781,
2025-12-22T07:05:07.995Z,1.317,1,600,480x270,1.977595000000008,782,
2025-12-22T07:05:08.540Z,1.304,1,600,480x270,1.9206629999999905,790,
2025-12-22T07:05:09.047Z,1.292,1,600,480x270,1.9312980000000266,780,
2025-12-22T07:05:09.555Z,1.271,1,600,480x270,1.9101940000000468,787,
2025-12-22T07:05:10.134Z,1.168,1,600,480x270,1.9305159999999546,767,
2025-12-22T07:05:10.576Z,1.244,1,600,480x270,1.9813889999999788,775,
2025-12-22T07:05:11.032Z,1.273,1,600,480x270,1.9399719999999547,765,
2025-12-22T07:05:11.528Z,1.311,1,600,480x270,1.9386470000000031,771,
2025-12-22T07:05:12.055Z,1.294,1,600,480x270,1.9132940000000076,767,
2025-12-22T07:05:12.601Z,1.222,1,600,480x270,1.9636090000000195,783,
2025-12-22T07:05:13.129Z,1.216,1,600,480x270,1.9534530000000245,779,
2025-12-22T07:05:13.656Z,1.148,1,600,480x270,1.9068510000000174,791,
2025-12-22T07:05:14.186Z,1.114,1,600,480x270,1.974712000000011,779,
2025-12-22T07:05:14.700Z,1.12,1,600,480x270,1.9612480000000119,775,
2025-12-22T07:05:15.273Z,1.044,1,600,480x270,1.9863380000000461,762,
2025-12-22T07:05:15.744Z,1.077,1,600,480x270,1.9148170000000277,771,
2025-12-22T07:05:16.248Z,1.106,1,600,480x270,1.916466000000014,751,
2025-12-22T07:05:16.821Z,0.979,1,600,480x270,1.944308000000035,758,
2025-12-22T07:05:16.905Z,0.994,0,200,320x180,1.9614290000000096,772,
2025-12-22T07:05:17.114Z,1.201,0,200,320x180,1.9569569999999885,772,
2025-12-22T07:05:17.277Z,1.522,0,200,320x180,1.992211999999995,787,
2025-12-22T07:05:17.466Z,1.809,0,200,320x180,2.0043110000000297,787,
2025-12-22T07:05:17.712Z,2.134,0,200,320x180,1.9548020000000292,787,
2025-12-22T07:05:18.089Z,2.236,0,200,320x180,2.005085000000008,782,
2025-12-22T07:05:18.560Z,2.269,0,200,320x180,2.008468999999991,795,
2025-12-22T07:05:19.026Z,2.25,0,200,320x180,1.9410649999999805,811,
2025-12-22T07:05:19.528Z,2.241,0,200,320x180,1.9334029999999984,809,
2025-12-22T07:05:20.053Z,2.223,0,200,320x180,1.9158239999999864,815,
2025-12-22T07:05:20.305Z,2.025,1,600,480x270,1.961170999999979,817,
2025-12-22T07:05:20.864Z,1.958,1,600,480x270,2.0065979999999968,817,
2025-12-22T07:05:21.370Z,1.939,1,600,480x270,1.9938019999999597,826,
2025-12-22T07:05:21.887Z,1.938,1,600,480x270,1.9905149999999594,829,
2025-12-22T07:05:22.412Z,1.922,1,600,480x270,1.9662969999999973,835,
2025-12-22T07:05:22.937Z,1.887,1,600,480x270,1.9272699999999645,827,
2025-12-22T07:05:23.471Z,1.852,1,600,480x270,1.991925999999978,841,
2025-12-22T07:05:23.979Z,1.829,1,600,480x270,1.9876760000000218,837,
2025-12-22T07:05:24.551Z,1.794,1,600,480x270,1.9128979999999842,836,
2025-12-22T07:05:25.000Z,1.814,1,600,480x270,1.978049999999996,834,
2025-12-22T07:05:25.484Z,1.805,1,600,480x270,1.984708000000012,840,
2025-12-22T07:05:26.048Z,1.808,1,600,480x270,1.910415999999998,832,
2025-12-22T07:05:26.538Z,1.716,1,600,480x270,1.9200459999999566,842,
2025-12-22T07:05:27.107Z,1.717,1,600,480x270,1.9592620000000238,838,
2025-12-22T07:05:27.679Z,1.621,1,600,480x270,1.9793249999999603,825,
2025-12-22T07:05:28.298Z,1.507,1,600,480x270,1.9758870000000002,827,
2025-12-22T07:05:28.867Z,1.457,1,600,480x270,1.9972950000000083,860,
2025-12-22T07:05:29.409Z,1.382,1,600,480x270,1.9532920000000331,833,
2025-12-22T07:05:29.914Z,1.412,1,600,480x270,1.955250000000035,813,
2025-12-22T07:05:30.420Z,1.409,1,600,480x270,1.955426999999986,796,
2025-12-22T07:05:30.912Z,1.387,1,600,480x270,1.9561970000000315,786,
2025-12-22T07:05:31.429Z,1.391,1,600,480x270,1.9390710000000126,783,
2025-12-22T07:05:31.944Z,1.382,1,600,480x270,1.9298579999999674,740,
2025-12-22T07:05:32.428Z,1.371,1,600,480x270,1.9372260000000097,779,
2025-12-22T07:05:32.964Z,1.346,1,600,480x270,2.002773999999988,786,
2025-12-22T07:05:33.517Z,1.272,1,600,480x270,1.9489580000000046,751,
2025-12-22T07:05:34.060Z,1.262,1,600,480x270,1.998913000000016,761,
2025-12-22T07:05:34.566Z,1.22,1,600,480x270,2.000247999999999,764,
2025-12-22T07:05:35.152Z,1.181,1,600,480x270,1.9140950000000316,839,
2025-12-22T07:05:35.698Z,1.161,1,600,480x270,1.960726999999963,803,
2025-12-22T07:05:36.216Z,1.124,1,600,480x270,1.9434860000000072,817,
2025-12-22T07:05:36.751Z,1.089,1,600,480x270,1.9080470000000105,811,
2025-12-22T07:05:37.173Z,1.131,1,600,480x270,1.9909899999999539,849,
2025-12-22T07:05:37.589Z,1.18,1,600,480x270,1.9742780000000266,837,
2025-12-22T07:05:38.019Z,1.265,1,600,480x270,1.9575300000000198,830,
2025-12-22T07:05:38.471Z,1.356,1,600,480x270,1.9984900000000039,825,
2025-12-22T07:05:39.284Z,0.97,1,600,480x270,1.9780870000000164,825,
2025-12-22T07:05:39.900Z,0.918,1,600,480x270,1.9672990000000254,802,
2025-12-22T07:05:39.969Z,0.916,0,200,320x180,1.990602000000024,789,
2025-12-22T07:05:40.143Z,1.126,0,200,320x180,1.9220680000000243,789,
2025-12-22T07:05:40.337Z,1.431,0,200,320x180,1.9287559999999644,805,
2025-12-22T07:05:40.523Z,1.745,0,200,320x180,1.9409019999999941,805,
2025-12-22T07:05:40.713Z,2.02,0,200,320x180,1.956000999999958,799,
2025-12-22T07:05:41.045Z,2.263,0,200,320x180,1.9272810000000504,799,
2025-12-22T07:05:41.517Z,2.252,0,200,320x180,1.946138000000019,824,
2025-12-22T07:05:42.038Z,2.276,0,200,320x180,1.9313919999999598,818,
2025-12-22T07:05:42.518Z,2.254,0,200,320x180,1.9468410000000063,823,
2025-12-22T07:05:43.040Z,2.268,0,200,320x180,1.9279200000000287,825,
2025-12-22T07:05:43.378Z,2.051,1,600,480x270,1.9901779999999576,827,
2025-12-22T07:05:43.876Z,1.961,1,600,480x270,1.994148999999993,827,
2025-12-22T07:05:44.416Z,1.892,1,600,480x270,1.9476139999999873,820,
2025-12-22T07:05:44.848Z,1.924,1,600,480x270,1.9174370000000067,828,
2025-12-22T07:05:45.323Z,1.967,1,600,480x270,1.9390129999999886,830,
2025-12-22T07:05:45.786Z,2.015,1,600,480x270,1.9748420000000237,834,
2025-12-22T07:05:46.311Z,1.996,1,600,480x270,1.9542260000000056,851,
2025-12-22T07:05:46.851Z,1.952,1,600,480x270,1.9133410000000026,848,
2025-12-22T07:05:47.348Z,1.954,1,600,480x270,1.9153719999999907,856,
2025-12-22T07:05:47.886Z,1.913,1,600,480x270,1.9798930000000041,888,
2025-12-22T07:05:48.519Z,1.802,1,600,480x270,1.9408330000000547,883,
2025-12-22T07:05:49.167Z,1.642,1,600,480x270,2.0033859999999777,876,
2025-12-22T07:05:49.770Z,1.548,1,600,480x270,1.9878579999999602,922,
2025-12-22T07:05:50.290Z,1.53,1,600,480x270,1.9676539999999818,899,
2025-12-22T07:05:50.876Z,1.399,1,600,480x270,1.9975160000000187,907,
2025-12-22T07:05:51.355Z,1.469,1,600,480x270,1.9043760000000134,887,
2025-12-22T07:05:51.864Z,1.408,1,600,480x270,2.0041609999999537,893,
2025-12-22T07:05:52.373Z,1.436,1,600,480x270,1.9940990000000056,883,
2025-12-22T07:05:52.909Z,1.398,1,600,480x270,1.9587310000000002,869,
2025-12-22T07:05:53.420Z,1.386,1,600,480x270,1.940398000000016,861,
2025-12-22T07:05:53.973Z,1.361,1,600,480x270,2.0088419999999587,840,
2025-12-22T07:05:54.614Z,1.209,1,600,480x270,1.9552019999999857,812,
2025-12-22T07:05:55.053Z,1.253,1,600,480x270,1.9091020000000185,811,
2025-12-22T07:05:55.501Z,1.322,1,600,480x270,1.9565769999999816,764,
2025-12-22T07:05:56.341Z,0.968,1,600,480x270,1.9262099999999691,867,
2025-12-22T07:05:56.416Z,0.98,0,200,320x180,1.963158999999962,817,
2025-12-22T07:05:56.571Z,1.187,0,200,320x180,1.9930380000000127,817,
2025-12-22T07:05:56.771Z,1.53,0,200,320x180,1.9922460000000228,846,
2025-12-22T07:05:56.956Z,1.817,0,200,320x180,2.004339000000016,846,
2025-12-22T07:05:57.158Z,2.113,0,200,320x180,2.0031299999999987,846,
2025-12-22T07:05:57.495Z,2.298,0,200,320x180,1.9624049999999897,842,
2025-12-22T07:05:57.993Z,2.309,0,200,320x180,1.9828669999999988,863,
2025-12-22T07:05:58.543Z,2.305,0,200,320x180,1.927094000000011,857,
2025-12-22T07:05:59.037Z,2.234,0,200,320x180,1.932087000000024,861,
2025-12-22T07:05:59.511Z,2.258,0,200,320x180,1.9526370000000384,864,
2025-12-22T07:05:59.816Z,2.04,1,600,480x270,1.945319999999981,868,
2025-12-22T07:06:00.375Z,1.932,1,600,480x270,1.995367999999985,868,
2025-12-22T07:06:00.896Z,1.908,1,600,480x270,1.9653579999999806,858,
2025-12-22T07:06:01.391Z,1.91,1,600,480x270,1.9660069999999905,876,
2025-12-22T07:06:02.468Z,1.336,1,600,480x270,1.9907719999999927,872,
2025-12-22T07:06:03.117Z,1.151,1,600,480x270,1.9422140000000354,872,
2025-12-22T07:06:03.551Z,1.244,1,600,480x270,1.9064799999999877,867,
2025-12-22T07:06:03.872Z,1.419,1,600,480x270,1.9992889999999761,835,
2025-12-22T07:06:04.245Z,1.58,1,600,480x270,1.9205880000000093,835,
2025-12-22T07:06:04.651Z,1.671,1,600,480x270,1.9174609999999461,825,
2025-12-22T07:06:05.131Z,1.691,1,600,480x270,1.926903999999979,809,
2025-12-22T07:06:05.713Z,1.589,1,600,480x270,1.955754000000013,795,
2025-12-22T07:06:06.224Z,1.602,1,600,480x270,1.948553000000004,800,
2025-12-22T07:06:06.650Z,1.691,1,600,480x270,1.909637000000032,809,
2025-12-22T07:06:07.281Z,1.538,1,600,480x270,1.9841339999999832,803,
2025-12-22T07:06:07.965Z,1.366,1,600,480x270,2.0098600000000033,884,
2025-12-22T07:06:08.624Z,1.177,1,600,480x270,1.9355260000000385,854,
2025-12-22T07:06:09.288Z,1.033,1,600,480x270,1.9736450000000332,853,
2025-12-22T07:06:09.933Z,0.89,1,600,480x270,1.9455009999999788,817,
2025-12-22T07:06:10.005Z,0.89,0,200,320x180,1.9584540000000175,843,
2025-12-22T07:06:10.256Z,1.048,0,200,320x180,2.004493000000025,843,
2025-12-22T07:06:10.520Z,1.249,0,200,320x180,1.945446000000004,831,
2025-12-22T07:06:10.768Z,1.546,0,200,320x180,1.9983970000000113,806,
2025-12-22T07:06:10.990Z,1.78,0,200,320x180,1.9840440000000399,806,
2025-12-22T07:06:11.176Z,2.129,0,200,320x180,1.983048999999994,801,
2025-12-22T07:06:11.526Z,2.308,0,200,320x180,1.9304730000000063,801,
2025-12-22T07:06:11.995Z,2.31,0,200,320x180,1.9815229999999815,817,
2025-12-22T07:06:12.533Z,2.313,0,200,320x180,1.929146000000003,817,
2025-12-22T07:06:13.069Z,2.273,0,200,320x180,1.9889650000000074,842,
2025-12-22T07:06:13.410Z,1.93,1,600,480x270,1.958515000000034,843,
2025-12-22T07:06:14.158Z,1.66,1,600,480x270,2.002871999999968,843,
2025-12-22T07:06:14.718Z,1.603,1,600,480x270,1.949514000000022,840,
2025-12-22T07:06:15.206Z,1.587,1,600,480x270,1.9634570000000053,827,
2025-12-22T07:06:15.772Z,1.53,1,600,480x270,1.9871820000000184,812,
2025-12-22T07:06:16.297Z,1.499,1,600,480x270,1.9727809999999977,820,
2025-12-22T07:06:16.830Z,1.491,1,600,480x270,1.9305880000000002,771,
2025-12-22T07:06:17.361Z,1.455,1,600,480x270,1.9947389999999814,785,
2025-12-22T07:06:17.826Z,1.46,1,600,480x270,1.9425069999999778,762,
2025-12-22T07:06:18.300Z,1.521,1,600,480x270,1.9598819999999932,783,
2025-12-22T07:06:18.771Z,1.549,1,600,480x270,1.9974859999999808,756,
2025-12-22T07:06:19.265Z,1.541,1,600,480x270,1.998581999999999,753,
2025-12-22T07:06:19.783Z,1.536,1,600,480x270,1.9734549999999444,734,
2025-12-22T07:06:20.155Z,1.651,1,600,480x270,1.9228269999999839,727,
2025-12-22T07:06:20.497Z,1.842,1,600,480x270,1.9728709999999978,808,
2025-12-22T07:06:20.758Z,2.058,1,600,480x270,2.000397000000021,821,
2025-12-22T07:06:21.073Z,2.267,1,600,480x270,2.0080769999999575,821,
2025-12-22T07:06:21.603Z,2.163,1,600,480x270,1.9646020000000135,859,
2025-12-22T07:06:22.117Z,2.18,1,600,480x270,1.9442990000000009,868,
2025-12-22T07:06:22.676Z,2.155,1,600,480x270,1.9804849999999874,889,
2025-12-22T07:06:23.111Z,2.188,1,600,480x270,1.960284999999999,913,
2025-12-22T07:06:23.588Z,2.205,1,600,480x270,1.9718540000000075,929,
2025-12-22T07:06:24.111Z,2.195,1,600,480x270,1.9617320000000404,941,
2025-12-22T07:06:24.643Z,2.162,1,600,480x270,1.9237960000000385,947,
2025-12-22T07:06:25.102Z,2.211,1,600,480x270,1.9761030000000233,965,
2025-12-22T07:06:25.585Z,2.214,1,600,480x270,1.9914360000000215,981,
2025-12-22T07:06:26.115Z,2.178,1,600,480x270,1.9494660000000295,994,
2025-12-22T07:06:26.625Z,2.166,1,600,480x270,1.9442749999999478,1009,
2025-12-22T07:06:26.704Z,2.191,2,1000,640x360,1.9590939999999932,1025,
2025-12-22T07:06:27.270Z,2.036,2,1000,640x360,1.9932639999999537,1025,
2025-12-22T07:06:27.642Z,2.16,2,1000,640x360,1.9156489999999735,1044,
2025-12-22T07:06:28.133Z,2.18,2,1000,640x360,1.9388739999999984,1051,
2025-12-22T07:06:28.721Z,2.081,2,1000,640x360,1.9481199999999603,1067,
2025-12-22T07:06:29.509Z,1.81,2,1000,640x360,1.9558659999999577,1078,
2025-12-22T07:06:30.151Z,1.653,2,1000,640x360,1.9073300000000017,1073,
2025-12-22T07:06:30.648Z,1.668,2,1000,640x360,1.9075539999999478,1147,
2025-12-22T07:06:30.982Z,1.824,2,1000,640x360,1.9854330000000004,1155,
2025-12-22T07:06:31.330Z,1.977,2,1000,640x360,1.9327289999999948,1155,
2025-12-22T07:06:31.715Z,2.085,2,1000,640x360,1.9415709999999535,1155,
2025-12-22T07:06:32.253Z,2.057,2,1000,640x360,1.912458000000015,1158,
2025-12-22T07:06:32.680Z,2.121,2,1000,640x360,1.9815289999999663,1171,
2025-12-22T07:06:33.375Z,1.95,2,1000,640x360,1.9982949999999846,1181,
2025-12-22T07:06:34.149Z,1.684,2,1000,640x360,1.9088060000000269,1195,
2025-12-22T07:06:34.699Z,1.626,2,1000,640x360,1.9642440000000079,1198,
2025-12-22T07:06:35.162Z,1.673,2,1000,640x360,2.001548000000014,1217,
2025-12-22T07:06:35.649Z,1.633,2,1000,640x360,1.9081649999999968,1236,
2025-12-22T07:06:36.066Z,1.748,2,1000,640x360,2.0029670000000124,1250,
2025-12-22T07:06:36.523Z,1.793,2,1000,640x360,1.9361130000000344,1232,
2025-12-22T07:06:36.922Z,1.891,2,1000,640x360,1.9503609999999867,1258,
2025-12-22T07:06:37.257Z,2.048,2,1000,640x360,2.0111719999999877,1258,
2025-12-22T07:06:37.644Z,2.168,2,1000,640x360,1.9162850000000162,1252,
2025-12-22T07:06:38.395Z,1.997,2,1000,640x360,1.9763859999999909,1266,
2025-12-22T07:06:39.098Z,1.734,2,1000,640x360,1.9654169999999453,1262,
2025-12-22T07:06:39.565Z,1.749,2,1000,640x360,1.996972000000028,1278,
2025-12-22T07:06:39.952Z,1.847,2,1000,640x360,1.911465000000021,1287,
2025-12-22T07:06:40.336Z,1.968,2,1000,640x360,1.924334999999985,1287,
2025-12-22T07:06:40.759Z,2.044,2,1000,640x360,1.9995700000000056,1293,
2025-12-22T07:06:41.269Z,2.045,2,1000,640x360,2.005443000000014,1292,
2025-12-22T07:06:41.738Z,2.054,2,1000,640x360,1.9260099999999625,1296,
2025-12-22T07:06:42.233Z,2.077,2,1000,640x360,1.9465190000000234,1283,
2025-12-22T07:06:42.790Z,2.014,2,1000,640x360,1.9681940000000395,1293,
2025-12-22T07:06:43.309Z,2.016,2,1000,640x360,1.9499720000000025,1288,
2025-12-22T07:06:43.891Z,1.903,2,1000,640x360,1.9684710000000223,1308,
2025-12-22T07:06:44.289Z,2.004,2,1000,640x360,1.9690429999999992,1313,
2025-12-22T07:06:44.834Z,1.981,2,1000,640x360,1.9262510000000361,1332,
2025-12-22T07:06:45.767Z,1.547,2,1000,640x360,1.9980189999999993,1330,
2025-12-22T07:06:46.159Z,1.668,2,1000,640x360,2.0156160000000227,1347,
2025-12-22T07:06:46.623Z,1.708,2,1000,640x360,1.9468699999999899,1354,
2025-12-22T07:06:46.943Z,1.863,2,1000,640x360,1.9214059999999904,1349,
2025-12-22T07:06:47.416Z,1.904,2,1000,640x360,1.9458849999999757,1349,
2025-12-22T07:06:47.916Z,1.9,2,1000,640x360,1.9523639999999887,1401,
2025-12-22T07:06:48.359Z,1.98,2,1000,640x360,2.0023780000000215,1382,
2025-12-22T07:06:48.755Z,2.062,2,1000,640x360,1.9129919999999743,1395,
2025-12-22T07:06:49.278Z,2.017,2,1000,640x360,1.9817879999999946,1398,
2025-12-22T07:06:49.760Z,2.03,2,1000,640x360,1.9955949999999802,1403,
2025-12-22T07:06:50.289Z,2.022,2,1000,640x360,1.991239999999948,1417,
2025-12-22T07:06:50.815Z,1.987,2,1000,640x360,1.9456779999999867,1441,
2025-12-22T07:06:51.307Z,2.021,2,1000,640x360,1.9698230000000194,1455,
2025-12-22T07:06:51.793Z,2.004,2,1000,640x360,1.9800759999999968,1440,
2025-12-22T07:06:52.237Z,2.072,2,1000,640x360,1.9262800000000198,1458,
2025-12-22T07:06:52.759Z,2.043,2,1000,640x360,1.9968180000000189,1463,
2025-12-22T07:06:53.295Z,2.018,2,1000,640x360,1.9715519999999742,1462,
2025-12-22T07:06:53.786Z,2.016,2,1000,640x360,1.9712019999999484,1485,
2025-12-22T07:06:54.307Z,2,2,1000,640x360,1.9573990000000094,1486,
2025-12-22T07:06:54.841Z,1.963,2,1000,640x360,1.9266039999999975,1495,
2025-12-22T07:06:55.212Z,2.104,2,1000,640x360,1.9633550000000355,1514,
2025-12-22T07:06:55.799Z,2.005,2,1000,640x360,1.959354000000019,1523,
2025-12-22T07:06:56.267Z,2.047,2,1000,640x360,1.992366000000004,1502,
2025-12-22T07:06:56.749Z,2.042,2,1000,640x360,1.9097459999999842,1500,
2025-12-22T07:06:57.247Z,2.045,2,1000,640x360,1.9145060000000171,1508,
2025-12-22T07:06:57.755Z,2.002,2,1000,640x360,1.9020760000000223,1508,
2025-12-22T07:06:58.282Z,2.014,2,1000,640x360,1.9782810000000381,1527,
2025-12-22T07:06:58.354Z,2.036,3,1500,768x432,1.9055759999999964,1523,
2025-12-22T07:06:59.506Z,1.045,3,1500,768x432,1.9599509999999896,1524,
2025-12-22T07:07:00.172Z,0.741,3,1500,768x432,1.9949619999999868,1495,
2025-12-22T07:07:01.100Z,0.443,3,1500,768x432,1.9680979999999977,1409,
2025-12-22T07:07:01.674Z,0.14,3,1500,768x432,1.994613999999956,1349,rebuffer happen
2025-12-22T07:07:01.762Z,0.14,3,1500,768x432,1.9978700000000345,1349,
2025-12-22T07:07:01.840Z,0.55,2,1000,640x360,1.925251000000003,1269,
2025-12-22T07:07:02.250Z,0.566,2,1000,640x360,1.912828999999988,1269,
2025-12-22T07:07:02.686Z,0.614,2,1000,640x360,1.9729269999999701,1348,
2025-12-22T07:07:03.096Z,0.718,2,1000,640x360,1.9810830000000124,1342,
2025-12-22T07:07:03.515Z,0.804,2,1000,640x360,1.9463379999999688,1393,
2025-12-22T07:07:03.923Z,0.889,2,1000,640x360,1.9456319999999891,1425,
2025-12-22T07:07:04.301Z,1,2,1000,640x360,1.9575849999999946,1425,
2025-12-22T07:07:04.601Z,1.117,2,1000,640x360,1.959750999999983,1448,
2025-12-22T07:07:04.626Z,1.564,2,1000,640x360,1.9347460000000183,1441,
2025-12-22T07:07:05.411Z,1.385,2,1000,640x360,1.95243099999999,1441,
2025-12-22T07:07:05.923Z,1.448,2,1000,640x360,1.9406109999999899,1461,
2025-12-22T07:07:06.358Z,1.458,2,1000,640x360,1.9998610000000099,1448,
2025-12-22T07:07:06.802Z,1.508,2,1000,640x360,1.96225000000004,1450,
2025-12-22T07:07:07.229Z,1.599,2,1000,640x360,1.9373879999999986,1453,
2025-12-22T07:07:07.665Z,1.639,2,1000,640x360,1.9970370000000344,1452,
2025-12-22T07:07:08.103Z,1.708,2,1000,640x360,1.9536879999999996,1459,
2025-12-22T07:07:08.528Z,1.773,2,1000,640x360,1.9397960000000012,1469,
2025-12-22T07:07:08.946Z,1.862,2,1000,640x360,1.9184920000000147,1492,
2025-12-22T07:07:09.402Z,1.901,2,1000,640x360,1.95766500000002,1492,
2025-12-22T07:07:09.837Z,1.976,2,1000,640x360,1.9276559999999563,1478,
2025-12-22T07:07:10.348Z,1.971,2,1000,640x360,1.9185150000000135,1490,
2025-12-22T07:07:10.842Z,1.973,2,1000,640x360,1.9223650000000134,1502,
2025-12-22T07:07:11.343Z,1.969,2,1000,640x360,1.9229650000000333,1506,
2025-12-22T07:07:11.818Z,1.997,2,1000,640x360,1.9463079999999877,1521,
2025-12-22T07:07:12.304Z,2.021,2,1000,640x360,1.9635519999999929,1517,
2025-12-22T07:07:12.372Z,2.01,3,1500,768x432,1.9951280000000224,1529,
2025-12-22T07:07:13.537Z,0.95,3,1500,768x432,1.9195670000000291,1524,
2025-12-22T07:07:14.200Z,0.662,3,1500,768x432,1.9656269999999836,1494,
2025-12-22T07:07:14.827Z,0.62,3,1500,768x432,1.9303209999999922,1375,
2025-12-22T07:07:15.517Z,0.323,3,1500,768x432,1.9431030000000078,1322,
2025-12-22T07:07:15.597Z,0.745,2,1000,640x360,1.9718750000000114,1286,
2025-12-22T07:07:15.810Z,0.992,2,1000,640x360,1.9600280000000225,1286,
2025-12-22T07:07:16.131Z,1.19,2,1000,640x360,1.9395400000000222,1286,
2025-12-22T07:07:16.921Z,0.901,2,1000,640x360,1.9396409999999946,1397,
2025-12-22T07:07:17.444Z,0.858,2,1000,640x360,1.919887000000017,1355,
2025-12-22T07:07:17.872Z,0.944,2,1000,640x360,1.9918279999999982,1396,
2025-12-22T07:07:18.326Z,1,2,1000,640x360,1.9415890000000218,1397,
2025-12-22T07:07:18.781Z,1.042,2,1000,640x360,1.9791309999999953,1411,
2025-12-22T07:07:19.227Z,1.066,2,1000,640x360,1.9426709999999616,1450,
2025-12-22T07:07:19.669Z,1.142,2,1000,640x360,1.9898210000000063,1451,
2025-12-22T07:07:20.120Z,1.199,2,1000,640x360,1.94667800000002,1452,
2025-12-22T07:07:20.596Z,1.22,2,1000,640x360,1.9701269999999909,1457,
2025-12-22T07:07:21.026Z,1.293,2,1000,640x360,1.9563229999999976,1456,
2025-12-22T07:07:21.389Z,1.431,2,1000,640x360,1.9798270000000002,1458,
2025-12-22T07:07:21.832Z,1.481,2,1000,640x360,1.9285680000000411,1458,
2025-12-22T07:07:22.320Z,1.503,2,1000,640x360,1.9451099999999997,1467,
2025-12-22T07:07:22.718Z,1.592,2,1000,640x360,1.947983000000022,1458,
2025-12-22T07:07:23.127Z,1.694,2,1000,640x360,1.9379440000000159,1505,
2025-12-22T07:07:23.637Z,1.706,2,1000,640x360,1.9278830000000085,1478,
2025-12-22T07:07:23.905Z,1.905,2,1000,640x360,1.9584839999999986,1492,
2025-12-22T07:07:24.268Z,2.034,2,1000,640x360,1.9914210000000026,1492,
2025-12-22T07:07:24.774Z,2.039,2,1000,640x360,1.9865669999999795,1504,
2025-12-22T07:07:25.210Z,2.091,2,1000,640x360,1.948882000000026,1507,
2025-12-22T07:07:25.739Z,2.062,2,1000,640x360,1.9283790000000067,1501,
2025-12-22T07:07:26.239Z,2.064,2,1000,640x360,1.9196979999999826,1490,
2025-12-22T07:07:26.961Z,1.862,2,1000,640x360,2.009638000000052,1492,
2025-12-22T07:07:27.588Z,1.715,2,1000,640x360,1.980419999999981,1480,
2025-12-22T07:07:28.116Z,1.701,2,1000,640x360,1.9448319999999626,1498,
2025-12-22T07:07:28.583Z,1.721,2,1000,640x360,1.9798530000000483,1513,
2025-12-22T07:07:29.061Z,1.758,2,1000,640x360,2.011511999999982,1494,
2025-12-22T07:07:29.136Z,1.769,3,1500,768x432,1.935451999999998,1568,
2025-12-22T07:07:30.414Z,0.445,3,1500,768x432,1.9573850000000448,1539,
2025-12-22T07:07:31.038Z,0.431,3,1500,768x432,1.9335399999999936,1476,
2025-12-22T07:07:31.679Z,0.393,3,1500,768x432,1.981253000000038,1420,
2025-12-22T07:07:32.221Z,0.099,3,1500,768x432,1.942816999999991,1304,rebuffer happen
2025-12-22T07:07:32.285Z,0.035,3,1500,768x432,1.9830220000000054,1304,rebuffer happen
2025-12-22T07:07:32.368Z,0.035,3,1500,768x432,2.085021999999981,1304,
2025-12-22T07:07:32.438Z,0.535,2,1000,640x360,2.0229289999999764,1254,
2025-12-22T07:07:32.862Z,0.54,2,1000,640x360,2.0739360000000033,1254,
2025-12-22T07:07:33.172Z,0.67,2,1000,640x360,2.0343709999999646,1329,
2025-12-22T07:07:33.451Z,0.884,2,1000,640x360,1.9366550000000302,1298,
2025-12-22T07:07:33.835Z,0.954,2,1000,640x360,1.9528799999999933,1298,
2025-12-22T07:07:34.200Z,1.154,2,1000,640x360,1.973066000000017,1324,
2025-12-22T07:07:34.712Z,1.111,2,1000,640x360,1.9523429999999848,1355,
2025-12-22T07:07:35.222Z,1.075,2,1000,640x360,1.936080000000004,1388,
2025-12-22T07:07:35.693Z,1.107,2,1000,640x360,1.9710640000000126,1413,
2025-12-22T07:07:36.177Z,1.138,2,1000,640x360,1.9875499999999988,1420,
2025-12-22T07:07:36.678Z,1.132,2,1000,640x360,1.990477999999996,1493,
2025-12-22T07:07:37.097Z,1.204,2,1000,640x360,1.959353999999962,1470,
2025-12-22T07:07:37.617Z,1.178,2,1000,640x360,1.950603000000001,1476,
2025-12-22T07:07:37.994Z,1.313,2,1000,640x360,1.9754149999999981,1478,
2025-12-22T07:07:38.387Z,1.407,2,1000,640x360,1.972406000000035,1488,
2025-12-22T07:07:38.792Z,1.518,2,1000,640x360,1.9638209999999958,1488,
2025-12-22T07:07:39.278Z,1.544,2,1000,640x360,1.9874619999999936,1510,
2025-12-22T07:07:39.727Z,1.556,2,1000,640x360,1.9372510000000034,1490,
2025-12-22T07:07:40.201Z,1.588,2,1000,640x360,1.960567000000026,1503,
2025-12-22T07:07:40.885Z,1.322,2,1000,640x360,2.1484680000000367,1506,
2025-12-22T07:07:41.324Z,1.283,2,1000,640x360,2.031556999999964,1517,
2025-12-22T07:07:41.742Z,1.342,2,1000,640x360,1.9645620000000008,1507,
2025-12-22T07:07:41.818Z,1.352,3,1500,768x432,1.9910069999999678,1558,
2025-12-22T07:07:42.485Z,1.084,3,1500,768x432,1.9950309999999831,1558,
2025-12-22T07:07:43.157Z,0.873,3,1500,768x432,2.0154699999999934,1550,
2025-12-22T07:07:43.847Z,0.71,3,1500,768x432,1.9285690000000386,1632,
2025-12-22T07:07:44.525Z,0.513,3,1500,768x432,1.9389929999999822,1610,
2025-12-22T07:07:45.201Z,0.366,3,1500,768x432,1.970658999999955,1598,
2025-12-22T07:07:45.282Z,0.356,2,1000,640x360,1.9841880000000174,1601,
2025-12-22T07:07:45.283Z,0.272,2,1000,640x360,1.983329000000026,1601,rebuffer happen
2025-12-22T07:07:45.695Z,0.294,2,1000,640x360,1.9794110000000273,1601,rebuffer happen
2025-12-22T07:07:45.738Z,0.307,2,1000,640x360,1.9368080000000418,1601,
2025-12-22T07:07:45.836Z,0.224,2,1000,640x360,1.9364709999999832,1580,rebuffer happen
2025-12-22T07:07:46.184Z,0.368,2,1000,640x360,1.9904129999999896,1580,
2025-12-22T07:07:46.332Z,0.252,2,1000,640x360,1.934077000000002,1586,rebuffer happen
2025-12-22T07:07:46.638Z,0.382,2,1000,640x360,1.923737000000017,1586,
2025-12-22T07:07:46.766Z,0.285,2,1000,640x360,1.9977590000000305,1563,rebuffer happen
2025-12-22T07:07:47.108Z,0.462,2,1000,640x360,1.9678159999999707,1563,
2025-12-22T07:07:47.606Z,0.454,2,1000,640x360,1.9548599999999965,1618,
2025-12-22T07:07:48.093Z,0.458,2,1000,640x360,1.9697369999999523,1578,
2025-12-22T07:07:48.584Z,0.463,2,1000,640x360,1.9788669999999797,1551,
2025-12-22T07:07:49.075Z,0.484,2,1000,640x360,2.0008260000000178,1535,
2025-12-22T07:07:49.560Z,0.466,2,1000,640x360,2.0039600000000064,1606,
2025-12-22T07:07:50.049Z,0.499,2,1000,640x360,1.9239379999999642,1565,
2025-12-22T07:07:50.540Z,0.505,2,1000,640x360,1.9168660000000273,1606,
2025-12-22T07:07:51.025Z,0.52,2,1000,640x360,1.9369260000000281,1625,
2025-12-22T07:07:51.527Z,0.508,2,1000,640x360,1.932854999999961,1585,
2025-12-22T07:07:52.040Z,0.516,2,1000,640x360,1.92995099999996,1590,
2025-12-22T07:07:52.522Z,0.515,2,1000,640x360,1.9470939999999928,1549,
2025-12-22T07:07:53.023Z,0.53,2,1000,640x360,1.960568999999964,1512,
2025-12-22T07:07:53.514Z,0.539,2,1000,640x360,1.9507469999999785,1488,
2025-12-22T07:07:54.006Z,0.541,2,1000,640x360,1.9606489999999894,1500,
2025-12-22T07:07:54.476Z,0.568,2,1000,640x360,1.9814380000000256,1434,
2025-12-22T07:07:54.912Z,0.631,2,1000,640x360,1.9481799999999794,1434,
2025-12-22T07:07:55.336Z,0.714,2,1000,640x360,1.9204710000000205,1485,
2025-12-22T07:07:55.776Z,0.775,2,1000,640x360,1.9791270000000623,1551,
2025-12-22T07:07:56.196Z,0.827,2,1000,640x360,1.9649429999999484,1544,
2025-12-22T07:07:56.643Z,0.888,2,1000,640x360,1.9217820000000074,1532,
2025-12-22T07:07:57.092Z,0.972,2,1000,640x360,1.9898719999999912,1485,
2025-12-22T07:07:57.531Z,0.995,2,1000,640x360,1.9304140000000416,1599,
2025-12-22T07:07:57.609Z,1.017,3,1500,768x432,1.9614910000000236,1550,
2025-12-22T07:07:58.245Z,0.805,3,1500,768x432,1.9106530000000248,1550,
2025-12-22T07:07:58.894Z,0.674,3,1500,768x432,1.976562999999942,1560,
2025-12-22T07:07:59.594Z,0.479,3,1500,768x432,1.9715009999999893,1571,
2025-12-22T07:08:00.214Z,0.31,3,1500,768x432,1.9483529999999973,1577,
2025-12-22T07:08:00.379Z,0.202,3,1500,768x432,1.9826679999999897,1638,rebuffer happen
2025-12-22T07:08:00.849Z,0.206,3,1500,768x432,1.9255409999999529,1638,
2025-12-22T07:08:01.409Z,0.019,3,1500,768x432,1.965041000000042,1627,rebuffer happen
2025-12-22T07:08:01.443Z,0.026,3,1500,768x432,1.9386110000000372,1627,rebuffer happen
2025-12-22T07:08:01.526Z,0.026,3,1500,768x432,1.9730899999999565,1627,rebuffer happen
2025-12-22T07:08:01.549Z,0.026,3,1500,768x432,1.9730899999999565,1627,
2025-12-22T07:08:01.593Z,0.021,2,1000,640x360,2.0359770000000026,1613,rebuffer happen
2025-12-22T07:08:01.620Z,0.021,2,1000,640x360,2.0359770000000026,1613,
2025-12-22T07:08:02.051Z,0.218,2,1000,640x360,2.1470749999999725,1613,
2025-12-22T07:08:02.453Z,0.315,2,1000,640x360,2.1301169999999274,1602,
2025-12-22T07:08:02.574Z,0.225,2,1000,640x360,2.175044000000071,1602,rebuffer happen
2025-12-22T07:08:02.747Z,0.264,2,1000,640x360,2.0883059999999887,1602,rebuffer happen
2025-12-22T07:08:02.871Z,0.333,2,1000,640x360,2.157256000000075,1602,
2025-12-22T07:08:03.013Z,0.216,2,1000,640x360,2.097785999999928,1593,rebuffer happen
2025-12-22T07:08:03.114Z,0.294,2,1000,640x360,2.0756169999999656,1593,rebuffer happen
2025-12-22T07:08:03.177Z,0.289,2,1000,640x360,2.10459400000002,1593,rebuffer happen
2025-12-22T07:08:03.360Z,0.334,2,1000,640x360,2.0907810000001064,1593,
2025-12-22T07:08:03.361Z,0.275,2,1000,640x360,2.0904650000001084,1593,rebuffer happen
2025-12-22T07:08:03.788Z,0.321,2,1000,640x360,2.047833999999966,1570,
2025-12-22T07:08:03.838Z,0.29,2,1000,640x360,2.003421000000003,1563,rebuffer happen
2025-12-22T07:08:04.223Z,0.377,2,1000,640x360,2.0105009999999766,1563,
2025-12-22T07:08:04.350Z,0.286,2,1000,640x360,1.968435999999997,1586,rebuffer happen
2025-12-22T07:08:04.647Z,0.431,2,1000,640x360,1.9467769999999973,1586,
2025-12-22T07:08:05.056Z,0.514,2,1000,640x360,1.938494999999989,1630,
2025-12-22T07:08:05.455Z,0.605,2,1000,640x360,1.9206980000000158,1606,
2025-12-22T07:08:05.877Z,0.676,2,1000,640x360,2.003663999999958,1606,
2025-12-22T07:08:06.308Z,0.749,2,1000,640x360,1.9592549999999846,1688,
2025-12-22T07:08:06.737Z,0.812,2,1000,640x360,1.9183399999999438,1638,
2025-12-22T07:08:07.193Z,0.85,2,1000,640x360,1.9782089999999926,1648,
2025-12-22T07:08:07.649Z,0.891,2,1000,640x360,1.9148740000000544,1648,
2025-12-22T07:08:08.042Z,0.993,2,1000,640x360,1.9251369999999497,1649,
2025-12-22T07:08:08.115Z,1.005,3,1500,768x432,1.9446859999999333,1656,
2025-12-22T07:08:08.738Z,0.811,3,1500,768x432,1.921652999999992,1656,
2025-12-22T07:08:09.366Z,0.701,3,1500,768x432,1.9977330000000393,1657,
2025-12-22T07:08:10.002Z,0.561,3,1500,768x432,1.9616490000000795,1667,
2025-12-22T07:08:10.634Z,0.394,3,1500,768x432,1.9326579999999467,1675,
2025-12-22T07:08:11.153Z,0.298,3,1500,768x432,1.9095499999999674,1696,rebuffer happen
2025-12-22T07:08:11.234Z,0.323,3,1500,768x432,1.9262770000000273,1696,
2025-12-22T07:08:11.407Z,0.141,3,1500,768x432,1.9549769999999853,1746,rebuffer happen
2025-12-22T07:08:11.827Z,0.203,3,1500,768x432,1.936189000000013,1746,
2025-12-22T07:08:11.922Z,0.222,2,1000,640x360,1.9453479999999672,1709,
2025-12-22T07:08:12.018Z,0.032,2,1000,640x360,1.9563630000000103,1709,rebuffer happen
2025-12-22T07:08:12.345Z,0.267,2,1000,640x360,1.985102999999981,1709,
2025-12-22T07:08:12.788Z,0.315,2,1000,640x360,2.0524389999999357,1696,
2025-12-22T07:08:12.892Z,0.221,2,1000,640x360,2.0316080000000056,1704,rebuffer happen
2025-12-22T07:08:13.223Z,0.351,2,1000,640x360,1.9755309999999326,1704,
2025-12-22T07:08:13.344Z,0.235,2,1000,640x360,1.9536060000000361,1678,rebuffer happen
2025-12-22T07:08:13.712Z,0.391,2,1000,640x360,1.9594899999999598,1678,
2025-12-22T07:08:13.838Z,0.258,2,1000,640x360,1.9413789999999835,1680,rebuffer happen
2025-12-22T07:08:14.137Z,0.422,2,1000,640x360,1.9420280000000503,1680,
2025-12-22T07:08:14.582Z,0.454,2,1000,640x360,1.9881209999999783,1659,
2025-12-22T07:08:15.008Z,0.55,2,1000,640x360,1.9686719999999696,1640,
2025-12-22T07:08:15.433Z,0.595,2,1000,640x360,1.9380499999999756,1644,
2025-12-22T07:08:15.869Z,0.68,2,1000,640x360,1.9986729999999397,1644,
2025-12-22T07:08:16.307Z,0.723,2,1000,640x360,1.9543499999999767,1596,
2025-12-22T07:08:16.767Z,0.773,2,1000,640x360,1.9894860000000563,1594,
2025-12-22T07:08:17.253Z,0.842,2,1000,640x360,1.911858000000052,1630,
2025-12-22T07:08:17.671Z,0.851,2,1000,640x360,1.9902859999999691,1618,
2025-12-22T07:08:18.095Z,0.95,2,1000,640x360,1.9745679999999766,1608,
2025-12-22T07:08:18.520Z,1.013,2,1000,640x360,1.9452929999999924,1605,
2025-12-22T07:08:18.589Z,1.026,3,1500,768x432,1.968119999999999,1560,
2025-12-22T07:08:19.209Z,0.826,3,1500,768x432,1.9569779999999355,1560,
2025-12-22T07:08:19.830Z,0.71,3,1500,768x432,1.9374730000000682,1585,
2025-12-22T07:08:20.456Z,0.613,3,1500,768x432,1.9211099999999988,1594,
2025-12-22T07:08:21.082Z,0.463,3,1500,768x432,1.980367000000001,1598,
2025-12-22T07:08:21.707Z,0.353,3,1500,768x432,1.95264700000007,1622,
2025-12-22T07:08:21.848Z,0.204,3,1500,768x432,1.9178390000000718,1652,rebuffer happen
2025-12-22T07:08:22.340Z,0.216,3,1500,768x432,1.9230249999999387,1652,
2025-12-22T07:08:22.409Z,0.175,2,1000,640x360,1.962549000000081,1652,
2025-12-22T07:08:22.510Z,0.041,2,1000,640x360,1.954368000000045,1652,rebuffer happen
2025-12-22T07:08:22.807Z,0.295,2,1000,640x360,2.0133409999999685,1652,
2025-12-22T07:08:23.043Z,0.284,2,1000,640x360,2.005373000000077,1659,rebuffer happen
2025-12-22T07:08:23.224Z,0.383,2,1000,640x360,1.9969019999999773,1659,
2025-12-22T07:08:23.305Z,0.297,2,1000,640x360,2.009629000000018,1715,rebuffer happen
2025-12-22T07:08:23.645Z,0.456,2,1000,640x360,1.9667069999999285,1715,
2025-12-22T07:08:24.088Z,0.462,2,1000,640x360,2.003327000000013,1660,
2025-12-22T07:08:24.511Z,0.532,2,1000,640x360,1.9564329999999472,1654,
2025-12-22T07:08:24.949Z,0.599,2,1000,640x360,1.9168480000000727,1628,
2025-12-22T07:08:25.383Z,0.66,2,1000,640x360,1.981268,1628,
2025-12-22T07:08:25.818Z,0.722,2,1000,640x360,1.9504909999999427,1566,
2025-12-22T07:08:26.251Z,0.775,2,1000,640x360,1.9137779999999793,1543,
2025-12-22T07:08:26.677Z,0.854,2,1000,640x360,1.9799729999999727,1563,
2025-12-22T07:08:27.124Z,0.942,2,1000,640x360,1.952566000000047,1679,
2025-12-22T07:08:27.572Z,0.967,2,1000,640x360,1.9944200000001047,1630,
2025-12-22T07:08:28.009Z,1.033,2,1000,640x360,1.9513569999999163,1591,
2025-12-22T07:08:28.089Z,0.967,3,1500,768x432,1.9675340000000006,1577,
2025-12-22T07:08:28.738Z,0.803,3,1500,768x432,1.9180569999999761,1577,
2025-12-22T07:08:29.388Z,0.657,3,1500,768x432,1.9709830000000466,1582,
2025-12-22T07:08:30.038Z,0.529,3,1500,768x432,1.9331230000000232,1554,
2025-12-22T07:08:30.686Z,0.356,3,1500,768x432,1.9802329999999984,1566,
2025-12-22T07:08:30.746Z,0.298,3,1500,768x432,1.9199399999999969,1539,rebuffer happen
2025-12-22T07:08:31.355Z,0.194,3,1500,768x432,1.9233450000000403,1539,
2025-12-22T07:08:31.534Z,0.029,3,1500,768x432,1.9468809999999621,1624,rebuffer happen
2025-12-22T07:08:32.008Z,0.107,3,1500,768x432,2.0170739999999796,1624,
2025-12-22T07:08:32.081Z,0.038,2,1000,640x360,2.0517169999999396,1603,
2025-12-22T07:08:32.084Z,0.024,2,1000,640x360,2.04897399999993,1603,rebuffer happen
2025-12-22T07:08:32.533Z,0.265,2,1000,640x360,2.17492500000003,1603,
2025-12-22T07:08:32.879Z,0.289,2,1000,640x360,2.239255999999955,1577,rebuffer happen
2025-12-22T07:08:32.976Z,0.302,2,1000,640x360,2.210452000000032,1577,
2025-12-22T07:08:32.977Z,0.297,2,1000,640x360,2.2095470000000432,1577,rebuffer happen
2025-12-22T07:08:33.409Z,0.288,2,1000,640x360,2.1393829999999525,1577,rebuffer happen
2025-12-22T07:08:33.427Z,0.288,2,1000,640x360,2.1164939999999888,1577,
2025-12-22T07:08:33.870Z,0.339,2,1000,640x360,2.156310000000076,1575,
2025-12-22T07:08:33.942Z,0.259,2,1000,640x360,2.06981200000007,1573,rebuffer happen
2025-12-22T07:08:34.204Z,0.281,2,1000,640x360,2.0651289999999562,1573,rebuffer happen
2025-12-22T07:08:34.315Z,0.334,2,1000,640x360,2.055659000000105,1573,
2025-12-22T07:08:34.472Z,0.18,2,1000,640x360,2.091833000000065,1548,rebuffer happen
2025-12-22T07:08:34.762Z,0.369,2,1000,640x360,2.0909580000000005,1548,
2025-12-22T07:08:34.929Z,0.22,2,1000,640x360,2.038614999999936,1508,rebuffer happen
2025-12-22T07:08:35.206Z,0.411,2,1000,640x360,2.0241680000000315,1508,
2025-12-22T07:08:35.395Z,0.268,2,1000,640x360,2.0178849999999784,1554,rebuffer happen
2025-12-22T07:08:35.637Z,0.432,2,1000,640x360,1.9599730000001045,1554,
2025-12-22T07:08:35.810Z,0.266,2,1000,640x360,1.9869569999999612,1533,rebuffer happen
2025-12-22T07:08:36.073Z,0.47,2,1000,640x360,2.009582000000023,1533,
2025-12-22T07:08:36.577Z,0.474,2,1000,640x360,1.9928730000000314,1455,
2025-12-22T07:08:37.024Z,0.518,2,1000,640x360,1.9498290000000225,1475,
2025-12-22T07:08:37.454Z,0.581,2,1000,640x360,1.9060779999999795,1454,
2025-12-22T07:08:37.888Z,0.658,2,1000,640x360,1.9727850000000444,1454,
2025-12-22T07:08:38.385Z,0.698,2,1000,640x360,1.9738859999999931,1492,
2025-12-22T07:08:38.810Z,0.722,2,1000,640x360,1.9536889999999403,1470,
2025-12-22T07:08:39.250Z,0.803,2,1000,640x360,1.9211599999999862,1443,
2025-12-22T07:08:39.675Z,0.86,2,1000,640x360,1.9926560000000109,1482,
2025-12-22T07:08:40.122Z,0.953,2,1000,640x360,1.9560359999999264,1452,
2025-12-22T07:08:40.549Z,0.993,2,1000,640x360,1.9282889999999497,1407,
2025-12-22T07:08:40.985Z,1.067,2,1000,640x360,1.9826550000000225,1458,
2025-12-22T07:08:41.066Z,1.069,3,1500,768x432,1.9012199999999666,1580,
2025-12-22T07:08:41.722Z,0.829,3,1500,768x432,1.9355970000000298,1580,
2025-12-22T07:08:42.371Z,0.692,3,1500,768x432,1.9900230000000647,1552,
2025-12-22T07:08:43.035Z,0.53,3,1500,768x432,1.9345259999998916,1561,
2025-12-22T07:08:43.655Z,0.399,3,1500,768x432,1.9141869999999699,1569,
2025-12-22T07:08:43.774Z,0.27,3,1500,768x432,1.9834579999999278,1554,rebuffer happen
2025-12-22T07:08:44.176Z,0.293,3,1500,768x432,2.010287999999946,1554,rebuffer happen
2025-12-22T07:08:44.266Z,0.3,3,1500,768x432,2.0143980000000283,1554,
2025-12-22T07:08:44.303Z,0.267,3,1500,768x432,1.978366000000051,1550,rebuffer happen
2025-12-22T07:08:44.881Z,0.177,3,1500,768x432,2.006383000000028,1550,
2025-12-22T07:08:44.953Z,0.19,2,1000,640x360,1.93444199999999,1535,
2025-12-22T07:08:45.045Z,0.027,2,1000,640x360,1.9430389999999989,1535,rebuffer happen
2025-12-22T07:08:45.389Z,0.298,2,1000,640x360,2.1164440000000013,1535,
2025-12-22T07:08:45.471Z,0.219,2,1000,640x360,2.1324319999999943,1562,rebuffer happen
2025-12-22T07:08:45.826Z,0.344,2,1000,640x360,2.0640130000000454,1562,
2025-12-22T07:08:46.034Z,0.178,2,1000,640x360,2.0233670000000075,1532,rebuffer happen
2025-12-22T07:08:46.265Z,0.363,2,1000,640x360,2.08242800000005,1532,
2025-12-22T07:08:46.360Z,0.257,2,1000,640x360,2.068818999999962,1568,rebuffer happen
2025-12-22T07:08:46.550Z,0.284,2,1000,640x360,1.9708210000000008,1568,rebuffer happen
2025-12-22T07:08:46.690Z,0.389,2,1000,640x360,2.0216779999999517,1568,
2025-12-22T07:08:46.878Z,0.248,2,1000,640x360,2.027005000000031,1595,rebuffer happen
2025-12-22T07:08:47.137Z,0.445,2,1000,640x360,1.9673719999999548,1595,
2025-12-22T07:08:47.585Z,0.473,2,1000,640x360,2.0008380000000443,1593,
2025-12-22T07:08:48.019Z,0.556,2,1000,640x360,1.9763960000000225,1560,
2025-12-22T07:08:48.457Z,0.6,2,1000,640x360,2.0139749999999594,1561,
2025-12-22T07:08:48.871Z,0.684,2,1000,640x360,2.0065910000000713,1561,
2025-12-22T07:08:49.286Z,0.749,2,1000,640x360,1.9910049999999728,1513,
2025-12-22T07:08:49.703Z,0.853,2,1000,640x360,1.9737149999999701,1572,
2025-12-22T07:08:50.132Z,0.917,2,1000,640x360,1.9295339999999896,1537,
2025-12-22T07:08:50.591Z,0.964,2,1000,640x360,1.9723770000000513,1538,
2025-12-22T07:08:51.029Z,1.01,2,1000,640x360,1.9404120000000376,1503,
2025-12-22T07:08:51.467Z,1.089,2,1000,640x360,1.9951829999999973,1490,
2025-12-22T07:08:51.535Z,1.079,3,1500,768x432,1.927193000000102,1490,
2025-12-22T07:08:52.286Z,0.79,3,1500,768x432,1.9875990000000456,1490,
2025-12-22T07:08:53.063Z,0.513,3,1500,768x432,2.0202500000000327,1568,
2025-12-22T07:08:53.267Z,0.292,3,1500,768x432,2.0144109999999955,1554,rebuffer happen
2025-12-22T07:08:53.437Z,0.285,3,1500,768x432,1.9305819999999585,1554,rebuffer happen
2025-12-22T07:08:53.529Z,0.29,3,1500,768x432,1.9424229999999625,1554,rebuffer happen
2025-12-22T07:08:53.829Z,0.215,3,1500,768x432,1.9389920000000984,1554,
2025-12-22T07:08:54.503Z,0.018,3,1500,768x432,1.9635900000000674,1473,rebuffer happen
2025-12-22T07:08:54.512Z,0.018,3,1500,768x432,1.9635900000000674,1473,
2025-12-22T07:08:54.536Z,0.028,3,1500,768x432,1.9398840000000064,1500,rebuffer happen
2025-12-22T07:08:55.188Z,0.073,3,1500,768x432,2.186953000000017,1500,
2025-12-22T07:08:55.237Z,0.027,2,1000,640x360,2.1391399999999976,1525,rebuffer happen
2025-12-22T07:08:55.263Z,0.027,2,1000,640x360,2.1391399999999976,1525,
2025-12-22T07:08:55.738Z,0.225,2,1000,640x360,2.339158999999995,1525,
2025-12-22T07:08:56.255Z,0.231,2,1000,640x360,2.3405859999999166,1471,
2025-12-22T07:08:56.798Z,0.19,2,1000,640x360,2.4060200000000123,1452,
2025-12-22T07:08:56.956Z,0.028,2,1000,640x360,2.34532200000001,1462,rebuffer happen
2025-12-22T07:08:57.358Z,0.153,2,1000,640x360,2.457738000000063,1462,
2025-12-22T07:08:57.472Z,0.032,2,1000,640x360,2.444746000000009,1449,rebuffer happen
2025-12-22T07:08:57.914Z,0.181,2,1000,640x360,2.502164999999991,1449,
2025-12-22T07:08:58.414Z,0.201,2,1000,640x360,2.513368000000014,1438,
2025-12-22T07:08:58.873Z,0.245,2,1000,640x360,2.549353999999994,1450,
2025-12-22T07:08:58.950Z,0.237,1,600,480x270,2.4724770000000262,1438,
2025-12-22T07:08:59.224Z,0.372,1,600,480x270,2.492954999999938,1438,
2025-12-22T07:08:59.497Z,0.479,1,600,480x270,2.400348000000008,1456,
2025-12-22T07:08:59.804Z,0.549,1,600,480x270,2.277105000000006,1462,
2025-12-22T07:09:00.099Z,0.692,1,600,480x270,2.209398999999962,1462,
2025-12-22T07:09:00.405Z,0.792,1,600,480x270,2.1309850000000097,1550,
2025-12-22T07:09:00.689Z,0.95,1,600,480x270,2.0847969999999805,1550,
2025-12-22T07:09:00.974Z,1.18,1,600,480x270,2.0982500000000073,1456,
2025-12-22T07:09:01.262Z,1.332,1,600,480x270,2.0711189999999533,1456,
2025-12-22T07:09:01.534Z,1.546,1,600,480x270,1.976666000000023,1494,
2025-12-22T07:09:01.815Z,1.751,1,600,480x270,1.9764969999999948,1499,
2025-12-22T07:09:02.097Z,1.981,1,600,480x270,2.0039239999999836,1499,
2025-12-22T07:09:02.516Z,2.046,1,600,480x270,1.9642220000000634,1518,
2025-12-22T07:09:02.594Z,2.047,2,1000,640x360,1.9804259999999658,1503,
2025-12-22T07:09:03.026Z,2.038,2,1000,640x360,1.9510229999999638,1503,
2025-12-22T07:09:03.517Z,2.018,2,1000,640x360,1.9497109999999793,1487,
2025-12-22T07:09:04.024Z,2.018,2,1000,640x360,1.9353560000000698,1456,
2025-12-22T07:09:04.527Z,2.008,2,1000,640x360,1.9343770000000404,1471,
2025-12-22T07:09:05.092Z,2.03,2,1000,640x360,1.9821590000000242,1449,
2025-12-22T07:09:05.526Z,2.015,2,1000,640x360,1.9327189999999064,1453,
2025-12-22T07:09:06.017Z,2.046,2,1000,640x360,1.9574460000000045,1450,
2025-12-22T07:09:06.526Z,2.011,2,1000,640x360,1.9380330000000185,1453,
2025-12-22T07:09:07.036Z,1.982,2,1000,640x360,1.9265050000000201,1472,
2025-12-22T07:09:07.525Z,2.013,2,1000,640x360,1.9392359999999371,1436,
2025-12-22T07:09:08.017Z,2.026,2,1000,640x360,1.946093000000019,1427,
2025-12-22T07:09:08.528Z,2.019,2,1000,640x360,1.9396000000000413,1438,
2025-12-22T07:09:09.026Z,2.014,2,1000,640x360,1.941838999999959,1470,
2025-12-22T07:09:09.517Z,2.033,2,1000,640x360,1.9406099999999924,1506,
2025-12-22T07:09:10.022Z,2.032,2,1000,640x360,1.953783000000044,1498,
2025-12-22T07:09:10.525Z,2.025,2,1000,640x360,1.9392110000000002,1496,
2025-12-22T07:09:11.024Z,1.993,2,1000,640x360,1.9389190000000553,1493,
2025-12-22T07:09:11.523Z,2.029,2,1000,640x360,1.93439699999999,1500,
2025-12-22T07:09:12.021Z,2.022,2,1000,640x360,1.936623999999938,1498,
2025-12-22T07:09:12.525Z,2.028,2,1000,640x360,1.9318090000000439,1498,
2025-12-22T07:09:13.025Z,2.019,2,1000,640x360,1.93850000000009,1513,
2025-12-22T07:09:13.521Z,2.019,2,1000,640x360,1.9364989999999125,1515,
2025-12-22T07:09:14.025Z,2.042,2,1000,640x360,1.9448580000000675,1512,
2025-12-22T07:09:14.516Z,2.035,2,1000,640x360,1.9582540000000108,1508,
2025-12-22T07:09:15.021Z,2.01,2,1000,640x360,1.9518030000000408,1522,
2025-12-22T07:09:15.095Z,2.024,3,1500,768x432,1.972050999999965,1529,
2025-12-22T07:09:15.723Z,1.809,3,1500,768x432,1.936723000000029,1529,
2025-12-22T07:09:16.405Z,1.64,3,1500,768x432,1.961230999999998,1502,
2025-12-22T07:09:17.080Z,1.477,3,1500,768x432,1.981168999999909,1468,
2025-12-22T07:09:17.765Z,1.276,3,1500,768x432,1.9981390000000374,1498,
2025-12-22T07:09:18.418Z,1.142,3,1500,768x432,1.9439210000000458,1509,
2025-12-22T07:09:19.067Z,0.978,3,1500,768x432,1.9953560000000152,1520,
2025-12-22T07:09:19.136Z,0.979,2,1000,640x360,1.9263979999999492,1518,
2025-12-22T07:09:19.578Z,0.964,2,1000,640x360,1.9788360000000011,1518,
2025-12-22T07:09:20.010Z,1.053,2,1000,640x360,1.9596879999999146,1525,
2025-12-22T07:09:20.463Z,1.093,2,1000,640x360,2.001867000000061,1529,
2025-12-22T07:09:20.915Z,1.143,2,1000,640x360,1.9534499999999753,1529,
2025-12-22T07:09:21.362Z,1.184,2,1000,640x360,1.9987649999999348,1553,
2025-12-22T07:09:21.799Z,1.234,2,1000,640x360,1.9592420000000175,1531,
2025-12-22T07:09:22.232Z,1.307,2,1000,640x360,1.9408119999999371,1524,
2025-12-22T07:09:22.682Z,1.36,2,1000,640x360,1.983092000000056,1519,
2025-12-22T07:09:23.103Z,1.444,2,1000,640x360,1.9751250000000482,1519,
2025-12-22T07:09:23.521Z,1.516,2,1000,640x360,1.9420810000000301,1466,
2025-12-22T07:09:23.940Z,1.611,2,1000,640x360,1.9212810000000218,1449,
2025-12-22T07:09:24.346Z,1.688,2,1000,640x360,1.9248179999999593,1449,
2025-12-22T07:09:24.731Z,1.8,2,1000,640x360,1.9283689999999751,1497,
2025-12-22T07:09:25.093Z,1.931,2,1000,640x360,1.9659279999999626,1520,
2025-12-22T07:09:25.514Z,2.034,2,1000,640x360,1.9497219999999515,1522,
2025-12-22T07:09:25.583Z,2.03,3,1500,768x432,1.9735589999999092,1529,
2025-12-22T07:09:26.164Z,1.905,3,1500,768x432,2.006951000000072,1529,
2025-12-22T07:09:26.745Z,1.797,3,1500,768x432,1.9244899999999916,1474,
2025-12-22T07:09:27.338Z,1.722,3,1500,768x432,1.9327260000000024,1470,
2025-12-22T07:09:27.875Z,1.672,3,1500,768x432,1.9864619999999604,1461,
2025-12-22T07:09:28.349Z,1.694,3,1500,768x432,1.9096570000000384,1428,
2025-12-22T07:09:28.586Z,1.937,3,1500,768x432,1.9704459999999244,1411,
2025-12-22T07:09:29.016Z,2.026,3,1500,768x432,1.9442279999999528,1466,
2025-12-22T07:09:29.093Z,1.965,2,1000,640x360,1.9745599999999968,1429,
2025-12-22T07:09:29.506Z,2.039,2,1000,640x360,1.9571090000000595,1429,
2025-12-22T07:09:30.012Z,2.017,2,1000,640x360,1.9567260000000033,1292,
2025-12-22T07:09:30.518Z,2.006,2,1000,640x360,1.944268999999963,1360,
2025-12-22T07:09:31.051Z,2.007,2,1000,640x360,1.921779000000015,1334,
2025-12-22T07:09:31.563Z,2.046,2,1000,640x360,2.002471000000014,1372,
2025-12-22T07:09:32.010Z,2.011,2,1000,640x360,1.9551000000000158,1330,
2025-12-22T07:09:32.563Z,1.978,2,1000,640x360,1.9941369999999097,1362,
2025-12-22T07:09:33.012Z,2.028,2,1000,640x360,1.958804999999984,1430,
2025-12-22T07:09:33.524Z,2.015,2,1000,640x360,1.9386050000000523,1423,
2025-12-22T07:09:34.050Z,2.029,2,1000,640x360,1.9185200000000577,1437,
2025-12-22T07:09:34.551Z,2.024,2,1000,640x360,1.9121430000000146,1415,
2025-12-22T07:09:35.001Z,2.051,2,1000,640x360,1.9708869999999479,1341,
2025-12-22T07:09:35.514Z,2.029,2,1000,640x360,1.9593009999999822,1323,
2025-12-22T07:09:36.042Z,2.034,2,1000,640x360,1.9457850000000008,1299,
2025-12-22T07:09:36.527Z,2.024,2,1000,640x360,1.9438219999999546,1298,
2025-12-22T07:09:37.362Z,1.7,2,1000,640x360,2.000043000000005,1185,
2025-12-22T07:09:37.897Z,1.669,2,1000,640x360,1.9755549999999857,1145,
2025-12-22T07:09:38.291Z,1.752,2,1000,640x360,1.973732000000041,1173,
2025-12-22T07:09:38.711Z,1.84,2,1000,640x360,1.9513359999999693,1195,
2025-12-22T07:09:39.148Z,1.912,2,1000,640x360,1.9189630000000761,1222,
2025-12-22T07:09:39.579Z,1.97,2,1000,640x360,1.982717999999977,1273,
2025-12-22T07:09:40.030Z,2.031,2,1000,640x360,1.9284549999999854,1276,
2025-12-22T07:09:40.525Z,1.992,2,1000,640x360,1.933212000000026,1323,
2025-12-22T07:09:41.018Z,2.04,2,1000,640x360,1.9587910000000193,1358,
2025-12-22T07:09:41.520Z,2.039,2,1000,640x360,1.9399359999999888,1370,
2025-12-22T07:09:42.328Z,1.688,2,1000,640x360,1.9339260000000422,1388,
2025-12-22T07:09:43.130Z,1.428,2,1000,640x360,1.9433070000000043,1231,
2025-12-22T07:09:43.874Z,1.177,2,1000,640x360,1.9877739999999449,1190,
2025-12-22T07:09:44.970Z,0.605,2,1000,640x360,1.9959519999999884,1063,
2025-12-22T07:09:45.049Z,0.529,1,600,480x270,1.9159879999999703,1039,
2025-12-22T07:09:45.585Z,0.465,1,600,480x270,1.971559999999954,1039,
2025-12-22T07:09:45.786Z,0.291,1,600,480x270,1.9724949999999808,1017,rebuffer happen
2025-12-22T07:09:46.089Z,0.292,1,600,480x270,1.971226999999999,1017,rebuffer happen
2025-12-22T07:09:46.248Z,0.305,1,600,480x270,1.9226160000000618,1017,
2025-12-22T07:09:46.249Z,0.299,1,600,480x270,1.9218610000000353,1017,rebuffer happen
2025-12-22T07:09:46.788Z,0.282,1,600,480x270,1.9716529999999466,963,
2025-12-22T07:09:47.291Z,0.271,1,600,480x270,1.9896360000000186,973,
2025-12-22T07:09:47.817Z,0.252,1,600,480x270,1.9536339999999655,946,
2025-12-22T07:09:48.323Z,0.254,1,600,480x270,1.970978999999943,914,
2025-12-22T07:09:48.837Z,0.242,1,600,480x270,1.953247000000033,901,
2025-12-22T07:09:48.914Z,0.223,0,200,320x180,1.9753500000000486,881,
2025-12-22T07:09:49.124Z,0.44,0,200,320x180,1.973600000000033,881,
2025-12-22T07:09:49.319Z,0.76,0,200,320x180,1.9689900000000762,903,
2025-12-22T07:09:49.520Z,1.019,0,200,320x180,1.959826000000021,903,
2025-12-22T07:09:49.727Z,1.337,0,200,320x180,1.9471829999999954,938,
2025-12-22T07:09:49.926Z,1.637,0,200,320x180,1.94500000000005,938,
2025-12-22T07:09:50.124Z,1.914,0,200,320x180,1.943536999999992,938,
2025-12-22T07:09:50.525Z,2.055,0,200,320x180,1.9347940000000108,930,
2025-12-22T07:09:51.035Z,2.075,0,200,320x180,1.9305790000000798,922,
2025-12-22T07:09:51.519Z,2.052,0,200,320x180,1.9429320000000416,916,
2025-12-22T07:09:51.991Z,2.031,0,200,320x180,1.9791510000000017,891,
2025-12-22T07:09:52.430Z,2.133,0,200,320x180,1.927165000000059,868,
2025-12-22T07:09:52.511Z,2.078,1,600,480x270,1.9561949999999797,868,
2025-12-22T07:09:53.506Z,1.288,1,600,480x270,1.9594019999999546,875,
2025-12-22T07:09:54.589Z,0.056,1,600,480x270,1.9732160000000931,672,rebuffer happen
2025-12-22T07:09:54.620Z,0.026,1,600,480x270,1.942845000000034,672,rebuffer happen
2025-12-22T07:09:55.534Z,0.026,1,600,480x270,2.8458449999999402,672,