timestamp,bufferLevel,qualityIndex,bitrateKbps,resolution,liveLatency,predictedKbps,rebuffer
2025-12-16T05:49:04.123Z,0,2,1000,640x360,1.1435,,
2025-12-16T05:49:04.131Z,0,2,1000,640x360,1.1435,,rebuffer happen
2025-12-16T05:49:04.608Z,0,2,1000,640x360,1.50375,,
2025-12-16T05:49:04.683Z,0.472,1,600,480x270,1.564103,,
2025-12-16T05:49:04.990Z,0.305,1,600,480x270,1.662607,,
2025-12-16T05:49:05.320Z,0.605,1,600,480x270,1.715854,,
2025-12-16T05:49:05.643Z,0.873,1,600,480x270,1.8630079999999998,,
2025-12-16T05:49:06.018Z,0.96,1,600,480x270,1.848066,,
2025-12-16T05:49:06.756Z,0.974,1,600,480x270,1.9578110000000002,,
2025-12-16T05:49:07.021Z,1.058,1,600,480x270,1.9026229999999997,,
2025-12-16T05:49:08.381Z,0.15,1,600,480x270,1.9560049999999998,,rebuffer happen
2025-12-16T05:49:08.400Z,0.15,1,600,480x270,1.9360419999999996,,
2025-12-16T05:49:08.910Z,0.118,1,600,480x270,1.9209209999999994,,rebuffer happen
2025-12-16T05:49:08.940Z,0.118,1,600,480x270,1.9911639999999995,,
2025-12-16T05:49:09.437Z,0.094,1,600,480x270,2.002257,,rebuffer happen
2025-12-16T05:49:09.482Z,0.094,1,600,480x270,1.9567100000000002,,
2025-12-16T05:49:09.758Z,0.329,1,600,480x270,1.9767080000000004,,
2025-12-16T05:49:10.054Z,0.562,1,600,480x270,1.9884149999999998,,
2025-12-16T05:49:10.351Z,0.795,1,600,480x270,1.9986309999999996,,
2025-12-16T05:49:10.638Z,0.967,1,600,480x270,2.001201,,
2025-12-16T05:49:10.934Z,1.259,1,600,480x270,2.0007210000000004,,
2025-12-16T05:49:11.753Z,0.976,1,600,480x270,1.9969680000000007,,
2025-12-16T05:49:12.089Z,0.996,1,600,480x270,1.9474029999999996,,
2025-12-16T05:49:12.171Z,1.44,2,1000,640x360,1.973179,,
2025-12-16T05:49:12.650Z,0.906,2,1000,640x360,1.9824070000000003,,
2025-12-16T05:49:13.160Z,0.876,2,1000,640x360,1.9816660000000006,,
2025-12-16T05:49:13.240Z,1.375,1,600,480x270,1.901078,,
2025-12-16T05:49:13.534Z,1.039,1,600,480x270,2.0022210000000005,,
2025-12-16T05:49:13.860Z,1.17,1,600,480x270,1.9749689999999998,,
2025-12-16T05:49:14.674Z,1.05,1,600,480x270,1.9794210000000003,,
2025-12-16T05:49:14.980Z,1.096,1,600,480x270,1.954656,,
2025-12-16T05:49:15.798Z,0.993,1,600,480x270,1.9438680000000002,,
2025-12-16T05:49:16.110Z,0.95,1,600,480x270,1.9228100000000001,,
2025-12-16T05:49:16.424Z,1.157,1,600,480x270,1.919080000000001,,
2025-12-16T05:49:17.251Z,0.894,1,600,480x270,1.986721000000001,,
2025-12-16T05:49:17.560Z,1.08,1,600,480x270,1.9884979999999999,,
2025-12-16T05:49:17.881Z,1.22,1,600,480x270,1.9539930000000005,,
2025-12-16T05:49:18.710Z,1.056,1,600,480x270,1.928775,,
2025-12-16T05:49:19.033Z,1.02,1,600,480x270,1.9989299999999997,,
2025-12-16T05:49:19.387Z,1.252,1,600,480x270,1.9676229999999997,,
2025-12-16T05:49:20.275Z,0.961,1,600,480x270,1.9855789999999978,,
2025-12-16T05:49:20.349Z,1.219,2,1000,640x360,2.013761999999998,,
2025-12-16T05:49:20.794Z,0.955,2,1000,640x360,1.9547429999999988,,
2025-12-16T05:49:20.878Z,1.171,1,600,480x270,1.9669709999999991,,
2025-12-16T05:49:21.180Z,0.902,1,600,480x270,1.9631550000000004,,
2025-12-16T05:49:21.494Z,1.14,1,600,480x270,1.9555889999999998,,
2025-12-16T05:49:22.311Z,0.851,1,600,480x270,1.9307610000000004,,
2025-12-16T05:49:22.629Z,0.954,1,600,480x270,1.9069889999999994,,
2025-12-16T05:49:22.951Z,1.091,1,600,480x270,1.9872979999999991,,
2025-12-16T05:49:23.787Z,0.748,1,600,480x270,1.9493980000000022,,
2025-12-16T05:49:24.138Z,0.896,1,600,480x270,2.0053969999999985,,
2025-12-16T05:49:24.213Z,1.395,2,1000,640x360,1.937899999999999,,
2025-12-16T05:49:24.610Z,0.954,2,1000,640x360,1.9475650000000009,,
2025-12-16T05:49:24.681Z,1.432,1,600,480x270,1.962766000000002,,
2025-12-16T05:49:24.928Z,1.181,1,600,480x270,1.9159590000000009,,
2025-12-16T05:49:25.730Z,0.89,1,600,480x270,1.9061860000000017,,
2025-12-16T05:49:26.080Z,1.12,1,600,480x270,1.949973,,
2025-12-16T05:49:26.391Z,1.351,1,600,480x270,1.9548039999999993,,
2025-12-16T05:49:27.188Z,1.059,1,600,480x270,1.959098000000001,,
2025-12-16T05:49:27.262Z,1.308,2,1000,640x360,1.9869099999999982,,
2025-12-16T05:49:27.801Z,0.765,2,1000,640x360,1.938689,,
2025-12-16T05:49:27.873Z,1.23,1,600,480x270,1.9603530000000013,,
2025-12-16T05:49:28.270Z,1,1,600,480x270,1.979851,,
2025-12-16T05:49:28.340Z,1.254,2,1000,640x360,1.9113030000000002,,
2025-12-16T05:49:29.139Z,0.432,2,1000,640x360,2.0002169999999992,,
2025-12-16T05:49:29.209Z,0.892,1,600,480x270,1.929980999999998,,
2025-12-16T05:49:29.663Z,0.396,1,600,480x270,1.9721440000000001,,
2025-12-16T05:49:29.957Z,0.632,1,600,480x270,1.9862090000000023,,
2025-12-16T05:49:30.263Z,0.844,1,600,480x270,1.976889,,
2025-12-16T05:49:30.587Z,0.964,1,600,480x270,1.9542189999999984,,
2025-12-16T05:49:31.413Z,0.82,1,600,480x270,1.9409770000000002,,
2025-12-16T05:49:31.897Z,0.782,1,600,480x270,1.950844,,
2025-12-16T05:49:32.276Z,1.01,1,600,480x270,1.978225000000002,,
2025-12-16T05:49:32.653Z,0.996,1,600,480x270,1.9958719999999985,,
2025-12-16T05:49:33.022Z,1.225,1,600,480x270,1.9130590000000005,,
2025-12-16T05:49:33.939Z,0.651,1,600,480x270,1.9998080000000016,,
2025-12-16T05:49:34.304Z,0.848,1,600,480x270,1.9375850000000021,,
2025-12-16T05:49:34.720Z,0.858,1,600,480x270,1.9236279999999972,,
2025-12-16T05:49:35.103Z,1.092,1,600,480x270,1.9439180000000036,,
2025-12-16T05:49:35.506Z,1.07,1,600,480x270,1.9333990000000014,,
2025-12-16T05:49:36.396Z,0.77,1,600,480x270,1.958044000000001,,
2025-12-16T05:49:36.794Z,0.741,1,600,480x270,1.9436050000000016,,
2025-12-16T05:49:37.175Z,0.912,1,600,480x270,1.9611280000000022,,
2025-12-16T05:49:37.487Z,1.045,1,600,480x270,1.9498999999999995,,
2025-12-16T05:49:38.300Z,0.902,1,600,480x270,1.9437759999999997,,
2025-12-16T05:49:38.636Z,0.944,1,600,480x270,1.9983580000000032,,
2025-12-16T05:49:38.971Z,1.069,1,600,480x270,1.9621799999999965,,
2025-12-16T05:49:39.813Z,0.806,1,600,480x270,1.9321729999999988,,
2025-12-16T05:49:40.136Z,0.964,1,600,480x270,2.001971999999995,,
2025-12-16T05:49:40.209Z,1.397,2,1000,640x360,1.9363359999999972,,
2025-12-16T05:49:40.742Z,1.017,2,1000,640x360,2.0067609999999974,,
2025-12-16T05:49:40.817Z,1.232,1,600,480x270,1.9297240000000002,,
2025-12-16T05:49:41.116Z,0.972,1,600,480x270,1.925212000000002,,
2025-12-16T05:49:41.196Z,1.373,2,1000,640x360,1.9476799999999983,,
2025-12-16T05:49:41.737Z,0.945,2,1000,640x360,2.001657999999999,,
2025-12-16T05:49:41.818Z,1.292,1,600,480x270,1.9196099999999987,,
2025-12-16T05:49:42.140Z,0.916,1,600,480x270,2.0004649999999984,,
2025-12-16T05:49:42.478Z,1.149,1,600,480x270,1.9624239999999986,,
2025-12-16T05:49:43.345Z,0.859,1,600,480x270,1.9999290000000016,,
2025-12-16T05:49:43.714Z,0.832,1,600,480x270,1.9247979999999956,,
2025-12-16T05:49:44.061Z,1.061,1,600,480x270,1.9771439999999956,,
2025-12-16T05:49:44.397Z,1.295,1,600,480x270,1.9393600000000006,,
2025-12-16T05:49:45.251Z,0.993,1,600,480x270,2.002372000000001,,
2025-12-16T05:49:45.629Z,0.983,1,600,480x270,1.917469000000004,,
2025-12-16T05:49:45.987Z,1.141,1,600,480x270,1.9564129999999977,,
2025-12-16T05:49:46.864Z,0.907,1,600,480x270,1.9720039999999983,,
2025-12-16T05:49:47.217Z,0.877,1,600,480x270,1.9243729999999957,,
2025-12-16T05:49:47.579Z,1.108,1,600,480x270,1.9591759999999994,,
2025-12-16T05:49:47.944Z,1.338,1,600,480x270,1.9980210000000014,,
2025-12-16T05:49:48.815Z,0.777,1,600,480x270,1.9226049999999972,,
2025-12-16T05:49:49.252Z,0.89,1,600,480x270,1.9880989999999983,,
2025-12-16T05:49:49.732Z,0.984,1,600,480x270,2.001252000000001,,
2025-12-16T05:49:50.203Z,0.953,1,600,480x270,1.9417419999999979,,
2025-12-16T05:49:50.687Z,0.916,1,600,480x270,1.9531509999999983,,
2025-12-16T05:49:51.208Z,0.887,1,600,480x270,1.9295779999999993,,
2025-12-16T05:49:51.671Z,0.859,1,600,480x270,1.9654699999999963,,
2025-12-16T05:49:52.166Z,1.091,1,600,480x270,1.9740359999999981,,
2025-12-16T05:49:52.617Z,1.059,1,600,480x270,1.9264969999999977,,
2025-12-16T05:49:53.078Z,1.02,1,600,480x270,1.9603030000000032,,
2025-12-16T05:49:53.522Z,1.262,1,600,480x270,1.9168619999999947,,
2025-12-16T05:49:54.494Z,0.691,1,600,480x270,1.9514909999999972,,
2025-12-16T05:49:54.962Z,0.673,1,600,480x270,1.9829410000000038,,
2025-12-16T05:49:55.446Z,0.64,1,600,480x270,1.9985130000000026,,
2025-12-16T05:49:55.866Z,0.792,1,600,480x270,1.9676019999999994,,
2025-12-16T05:49:56.293Z,0.847,1,600,480x270,1.9474039999999988,,
2025-12-16T05:49:56.633Z,1.077,1,600,480x270,2.0042220000000057,,
2025-12-16T05:49:56.989Z,1.04,1,600,480x270,1.946154,,
2025-12-16T05:49:57.867Z,0.747,1,600,480x270,1.9808729999999954,,
2025-12-16T05:49:58.207Z,0.978,1,600,480x270,1.9427340000000015,,
2025-12-16T05:49:58.567Z,1.227,1,600,480x270,1.9751389999999986,,
2025-12-16T05:49:58.940Z,1.186,1,600,480x270,2.0008809999999997,,
2025-12-16T05:49:59.845Z,0.889,1,600,480x270,1.9979699999999951,,
2025-12-16T05:50:00.184Z,0.866,1,600,480x270,1.9640029999999982,,
2025-12-16T05:50:00.608Z,1.085,1,600,480x270,1.935646999999996,,
2025-12-16T05:50:00.923Z,1.256,1,600,480x270,1.9177680000000024,,
2025-12-16T05:50:01.804Z,0.751,1,600,480x270,1.9291279999999986,,
2025-12-16T05:50:02.153Z,0.97,1,600,480x270,1.9897339999999986,,
2025-12-16T05:50:02.489Z,1.222,1,600,480x270,1.958317000000001,,
2025-12-16T05:50:03.333Z,0.923,1,600,480x270,1.998941000000002,,
2025-12-16T05:50:03.663Z,0.892,1,600,480x270,1.975194000000002,,
2025-12-16T05:50:03.999Z,1.123,1,600,480x270,1.938677999999996,,
2025-12-16T05:50:04.728Z,0.83,1,600,480x270,1.9135559999999998,,
2025-12-16T05:50:04.978Z,1.051,1,600,480x270,1.9556650000000033,,
2025-12-16T05:50:05.722Z,1.025,1,600,480x270,1.916877999999997,,
2025-12-16T05:50:06.035Z,0.995,1,600,480x270,1.9976899999999986,,
2025-12-16T05:50:06.367Z,1.245,1,600,480x270,1.9866790000000023,,
2025-12-16T05:50:07.184Z,0.932,1,600,480x270,1.9526879999999949,,
2025-12-16T05:50:07.452Z,1.102,1,600,480x270,1.982598000000003,,
2025-12-16T05:50:08.224Z,0.875,1,600,480x270,1.9202909999999989,,
2025-12-16T05:50:08.535Z,0.998,1,600,480x270,2.0032760000000067,,
2025-12-16T05:50:09.147Z,1.069,1,600,480x270,1.9904659999999978,,
2025-12-16T05:50:09.714Z,1.049,1,600,480x270,1.9366940000000028,,
2025-12-16T05:50:10.248Z,1.014,1,600,480x270,2.006883000000002,,
2025-12-16T05:50:10.740Z,0.992,1,600,480x270,2.0053009999999887,,
2025-12-16T05:50:11.333Z,0.955,1,600,480x270,1.9989500000000078,,
2025-12-16T05:50:11.815Z,0.919,1,600,480x270,1.921323000000001,,
2025-12-16T05:50:12.492Z,0.627,1,600,480x270,1.9465709999999916,,
2025-12-16T05:50:12.960Z,0.594,1,600,480x270,1.9743610000000018,,
2025-12-16T05:50:13.374Z,0.837,1,600,480x270,1.9741230000000058,,
2025-12-16T05:50:13.791Z,0.786,1,600,480x270,1.95785699999999,,
2025-12-16T05:50:14.216Z,0.896,1,600,480x270,1.9337579999999974,,
2025-12-16T05:50:14.660Z,1.001,1,600,480x270,1.9867789999999985,,
2025-12-16T05:50:15.104Z,0.968,1,600,480x270,1.9313069999999897,,
2025-12-16T05:50:15.540Z,1.167,1,600,480x270,2.0202780000000047,,
2025-12-16T05:50:15.908Z,1.169,1,600,480x270,1.9391739999999942,,
2025-12-16T05:50:16.728Z,0.869,1,600,480x270,1.9066839999999985,,
2025-12-16T05:50:17.099Z,1.1,1,600,480x270,1.9391219999999976,,
2025-12-16T05:50:17.172Z,1.429,2,1000,640x360,1.981188000000003,,
2025-12-16T05:50:17.747Z,0.811,2,1000,640x360,1.991934999999998,,
2025-12-16T05:50:17.826Z,1.283,1,600,480x270,1.9119360000000114,,
2025-12-16T05:50:18.082Z,1.043,1,600,480x270,1.9499179999999967,,
2025-12-16T05:50:18.154Z,1.445,2,1000,640x360,1.9935270000000003,,
2025-12-16T05:50:18.607Z,1.023,2,1000,640x360,1.9340550000000007,,
2025-12-16T05:50:18.686Z,1.397,1,600,480x270,1.9602950000000021,,
2025-12-16T05:50:18.967Z,1.255,1,600,480x270,1.9721499999999992,,
2025-12-16T05:50:19.932Z,0.696,1,600,480x270,2.004621,,
2025-12-16T05:50:20.258Z,0.925,1,600,480x270,1.978905999999995,,
2025-12-16T05:50:20.553Z,1.072,1,600,480x270,1.9858030000000042,,
2025-12-16T05:50:20.627Z,1.476,2,1000,640x360,1.9118210000000033,,
2025-12-16T05:50:21.125Z,1.123,2,1000,640x360,1.9134730000000104,,
2025-12-16T05:50:21.735Z,0.831,2,1000,640x360,2.0025389999999987,,
2025-12-16T05:50:22.081Z,1.057,2,1000,640x360,1.9534610000000043,,
2025-12-16T05:50:22.594Z,1.038,2,1000,640x360,1.9496089999999953,,
2025-12-16T05:50:22.672Z,1.424,1,600,480x270,1.9674190000000067,,
2025-12-16T05:50:23.377Z,0.752,1,600,480x270,1.9764029999999906,,
2025-12-16T05:50:23.456Z,1.169,0,200,320x180,2.004439000000005,,
2025-12-16T05:50:23.631Z,1.403,0,200,320x180,2.0113429999999966,,
2025-12-16T05:50:23.704Z,1.408,2,1000,640x360,1.9370660000000015,,
2025-12-16T05:50:24.713Z,0.398,2,1000,640x360,1.917981999999995,,
2025-12-16T05:50:24.797Z,0.742,0,200,320x180,1.9370100000000008,,
2025-12-16T05:50:24.972Z,1.05,0,200,320x180,1.9695509999999956,,
2025-12-16T05:50:25.047Z,1.056,2,1000,640x360,1.9870059999999938,,
2025-12-16T05:50:25.960Z,0.069,2,1000,640x360,1.9843970000000013,,rebuffer happen
2025-12-16T05:50:26.002Z,0.026,2,1000,640x360,1.9421510000000097,,rebuffer happen
2025-12-16T05:50:26.191Z,0.026,2,1000,640x360,2.130151000000012,,
2025-12-16T05:50:26.286Z,0.446,0,200,320x180,2.134047999999993,,
2025-12-16T05:50:26.461Z,0.716,0,200,320x180,2.121955,,
2025-12-16T05:50:26.536Z,0.715,1,600,480x270,2.0295930000000055,,
2025-12-16T05:50:27.069Z,0.019,1,600,480x270,2.0270160000000033,,rebuffer happen
2025-12-16T05:50:27.070Z,0.019,1,600,480x270,2.0263829999999956,,rebuffer happen
2025-12-16T05:50:27.206Z,0.019,1,600,480x270,2.1223829999999992,,
2025-12-16T05:50:27.285Z,0.519,0,200,320x180,2.1631830000000036,,
2025-12-16T05:50:27.515Z,0.684,0,200,320x180,2.0946640000000087,,
2025-12-16T05:50:27.594Z,0.59,1,600,480x270,2.094395000000006,,
2025-12-16T05:50:27.864Z,0.268,1,600,480x270,2.073129999999992,,rebuffer happen
2025-12-16T05:50:28.087Z,0.018,1,600,480x270,2.023087000000004,,rebuffer happen
2025-12-16T05:50:28.266Z,0.018,1,600,480x270,2.225087000000002,,
2025-12-16T05:50:28.341Z,0.518,0,200,320x180,2.1662290000000013,,
2025-12-16T05:50:28.568Z,0.633,0,200,320x180,2.1714120000000037,,
2025-12-16T05:50:28.852Z,0.819,0,200,320x180,2.121380000000002,,
2025-12-16T05:50:28.921Z,0.787,1,600,480x270,2.0401939999999996,,
2025-12-16T05:50:29.409Z,0.193,1,600,480x270,1.9959709999999973,,rebuffer happen
2025-12-16T05:50:29.410Z,0.193,1,600,480x270,1.9945450000000022,,
2025-12-16T05:50:29.485Z,0.691,0,200,320x180,2.0197749999999957,,
2025-12-16T05:50:29.616Z,0.967,0,200,320x180,1.9743310000000065,,
2025-12-16T05:50:29.690Z,0.9,3,1500,768x432,2.004338000000004,,
2025-12-16T05:50:30.476Z,0.079,3,1500,768x432,1.982754,,rebuffer happen
2025-12-16T05:50:30.522Z,0.03,3,1500,768x432,1.933872000000008,,rebuffer happen
2025-12-16T05:50:30.523Z,0.03,3,1500,768x432,1.933872000000008,,
2025-12-16T05:50:30.597Z,0.497,1,600,480x270,1.9703229999999934,,
2025-12-16T05:50:30.788Z,0.267,1,600,480x270,1.979140000000001,,rebuffer happen
2025-12-16T05:50:30.941Z,0.123,1,600,480x270,2.0116610000000037,,
2025-12-16T05:50:31.292Z,0.279,1,600,480x270,1.9954430000000087,,rebuffer happen
2025-12-16T05:50:31.323Z,0.26,1,600,480x270,1.9636849999999981,,
2025-12-16T05:50:31.724Z,0.402,1,600,480x270,1.9446180000000055,,
2025-12-16T05:50:32.097Z,0.509,1,600,480x270,1.9606880000000046,,
2025-12-16T05:50:32.472Z,0.631,1,600,480x270,1.9814889999999963,,
2025-12-16T05:50:32.895Z,0.762,1,600,480x270,1.94135,,
2025-12-16T05:50:33.326Z,0.867,1,600,480x270,1.916521000000003,,
2025-12-16T05:50:33.745Z,0.819,1,600,480x270,1.999046000000007,,
2025-12-16T05:50:34.233Z,0.809,1,600,480x270,2.0120620000000002,,
2025-12-16T05:50:34.661Z,0.939,1,600,480x270,1.9878199999999993,,
2025-12-16T05:50:35.121Z,0.995,1,600,480x270,1.9134699999999896,,
2025-12-16T05:50:35.551Z,1.236,1,600,480x270,2.0092970000000037,,
2025-12-16T05:50:36.005Z,1.208,1,600,480x270,1.934280000000001,,
2025-12-16T05:50:37.019Z,0.641,1,600,480x270,1.9262389999999954,,
2025-12-16T05:50:37.500Z,0.605,1,600,480x270,1.947225000000003,,
2025-12-16T05:50:37.579Z,1.032,0,200,320x180,1.9606460000000112,,
2025-12-16T05:50:37.784Z,1.198,0,200,320x180,1.9566620000000086,,
2025-12-16T05:50:37.860Z,1.246,1,600,480x270,1.9735060000000004,,
2025-12-16T05:50:38.436Z,0.819,1,600,480x270,2.009285999999989,,
2025-12-16T05:50:38.893Z,0.782,1,600,480x270,1.9529519999999962,,
2025-12-16T05:50:38.964Z,1.091,0,200,320x180,1.9743239999999957,,
2025-12-16T05:50:39.150Z,1.384,0,200,320x180,1.9963010000000025,,
2025-12-16T05:50:39.227Z,1.384,2,1000,640x360,1.9268430000000052,,
2025-12-16T05:50:40.114Z,0.452,2,1000,640x360,1.9337209999999914,,
2025-12-16T05:50:40.183Z,0.917,1,600,480x270,1.9681719999999956,,
2025-12-16T05:50:40.572Z,0.668,1,600,480x270,1.9930489999999992,,
2025-12-16T05:50:40.648Z,0.941,0,200,320x180,2.006636999999998,,
2025-12-16T05:50:40.834Z,1.21,0,200,320x180,2.011051000000009,,
2025-12-16T05:50:40.914Z,1.164,2,1000,640x360,1.9298710000000057,,
2025-12-16T05:50:41.602Z,0.623,2,1000,640x360,1.9444929999999943,,
2025-12-16T05:50:41.675Z,0.931,1,600,480x270,1.9606119999999976,,
2025-12-16T05:50:42.175Z,0.582,1,600,480x270,1.9640490000000028,,
2025-12-16T05:50:42.663Z,0.564,1,600,480x270,1.986817000000002,,
2025-12-16T05:50:42.999Z,0.531,1,600,480x270,1.9418399999999991,,
2025-12-16T05:50:43.321Z,0.781,1,600,480x270,1.9293749999999932,,
2025-12-16T05:50:43.652Z,1.01,1,600,480x270,1.996028999999993,,
2025-12-16T05:50:44.014Z,1.239,1,600,480x270,1.9232389999999953,,
2025-12-16T05:50:44.865Z,0.939,1,600,480x270,1.9854649999999907,,
2025-12-16T05:50:45.209Z,0.899,1,600,480x270,1.9304699999999997,,
2025-12-16T05:50:45.568Z,1.037,1,600,480x270,1.9792270000000087,,
2025-12-16T05:50:45.908Z,1.173,1,600,480x270,1.9228750000000048,,
2025-12-16T05:50:46.753Z,0.791,1,600,480x270,1.9915979999999962,,
2025-12-16T05:50:47.101Z,1.031,1,600,480x270,1.938761999999997,,
2025-12-16T05:50:47.456Z,1.212,1,600,480x270,1.999340999999987,,
2025-12-16T05:50:48.424Z,0.727,1,600,480x270,1.9399279999999948,,
2025-12-16T05:50:48.789Z,0.774,1,600,480x270,1.9552339999999901,,
2025-12-16T05:50:49.106Z,1.178,1,600,480x270,1.943922999999998,,
2025-12-16T05:50:49.402Z,1.144,1,600,480x270,1.941170999999997,,
2025-12-16T05:50:50.272Z,0.852,1,600,480x270,1.9694080000000014,,
2025-12-16T05:50:50.634Z,0.959,1,600,480x270,2.0040750000000003,,
2025-12-16T05:50:50.987Z,1.042,1,600,480x270,1.9580319999999887,,
2025-12-16T05:50:51.846Z,0.746,1,600,480x270,1.9936199999999928,,
2025-12-16T05:50:52.168Z,0.984,1,600,480x270,1.9745909999999895,,
2025-12-16T05:50:52.384Z,1.232,1,600,480x270,1.9760070000000098,,
2025-12-16T05:50:53.154Z,0.918,1,600,480x270,1.9838670000000036,,
2025-12-16T05:50:53.467Z,1.148,1,600,480x270,1.968593999999996,,
2025-12-16T05:50:54.330Z,0.766,1,600,480x270,1.9188910000000021,,
2025-12-16T05:50:54.657Z,0.903,1,600,480x270,1.9774330000000049,,
2025-12-16T05:50:54.952Z,1.324,1,600,480x270,1.9869509999999906,,
2025-12-16T05:50:55.796Z,0.769,1,600,480x270,1.9432039999999944,,
2025-12-16T05:50:56.248Z,0.948,1,600,480x270,1.9836509999999947,,
2025-12-16T05:50:56.672Z,0.963,1,600,480x270,1.974018000000001,,
2025-12-16T05:50:57.093Z,0.936,1,600,480x270,1.944258000000005,,
2025-12-16T05:50:57.449Z,1.165,1,600,480x270,1.9836370000000016,,
2025-12-16T05:50:58.433Z,0.61,1,600,480x270,2.0055600000000027,,
2025-12-16T05:50:58.844Z,0.844,1,600,480x270,1.9891619999999932,,
2025-12-16T05:50:59.233Z,0.823,1,600,480x270,2.011476000000002,,
2025-12-16T05:50:59.747Z,1.051,1,600,480x270,1.988506000000001,,
2025-12-16T05:51:00.187Z,0.977,1,600,480x270,1.9693049999999914,,
2025-12-16T05:51:00.641Z,0.993,1,600,480x270,2.011403999999999,,
2025-12-16T05:51:01.122Z,0.953,1,600,480x270,1.9245950000000107,,
2025-12-16T05:51:01.552Z,1.045,1,600,480x270,1.9808519999999987,,
2025-12-16T05:51:01.910Z,1.156,1,600,480x270,1.9335769999999997,,
2025-12-16T05:51:02.754Z,0.857,1,600,480x270,1.9833289999999977,,
2025-12-16T05:51:03.078Z,1.094,1,600,480x270,1.9524980000000056,,
2025-12-16T05:51:03.154Z,1.449,2,1000,640x360,1.9937550000000073,,
2025-12-16T05:51:03.700Z,1.069,2,1000,640x360,1.9353569999999962,,
2025-12-16T05:51:03.777Z,1.3,1,600,480x270,1.9583089999999999,,
2025-12-16T05:51:04.120Z,1.031,1,600,480x270,1.926400000000001,,
2025-12-16T05:51:04.197Z,1.4,2,1000,640x360,1.948012999999989,,
2025-12-16T05:51:04.731Z,1.014,2,1000,640x360,1.9144600000000054,,
2025-12-16T05:51:04.804Z,1.305,1,600,480x270,1.9341000000000008,,
2025-12-16T05:51:05.135Z,0.926,1,600,480x270,1.9988000000000028,,
2025-12-16T05:51:05.474Z,1.056,1,600,480x270,1.959460000000007,,
2025-12-16T05:51:06.397Z,0.635,1,600,480x270,1.9403719999999964,,
2025-12-16T05:51:06.704Z,0.865,1,600,480x270,1.9302529999999933,,
2025-12-16T05:51:07.014Z,1.099,1,600,480x270,1.917315000000002,,
2025-12-16T05:51:07.865Z,0.811,1,600,480x270,1.9814939999999979,,
2025-12-16T05:51:08.160Z,1.011,1,600,480x270,1.989134000000007,,
2025-12-16T05:51:08.480Z,1.168,1,600,480x270,1.9677699999999874,,
2025-12-16T05:51:09.432Z,0.74,1,600,480x270,2.018495999999999,,
2025-12-16T05:51:09.772Z,0.966,1,600,480x270,1.9720399999999927,,
2025-12-16T05:51:10.124Z,0.923,1,600,480x270,1.927215000000004,,
2025-12-16T05:51:10.457Z,1.155,1,600,480x270,1.9857970000000051,,
2025-12-16T05:51:11.353Z,0.86,1,600,480x270,1.986914000000013,,
2025-12-16T05:51:11.743Z,0.823,1,600,480x270,1.9995270000000005,,
2025-12-16T05:51:12.052Z,1.058,1,600,480x270,1.981997000000007,,
2025-12-16T05:51:12.369Z,1.215,1,600,480x270,1.9772110000000112,,
2025-12-16T05:51:13.218Z,0.995,1,600,480x270,1.939423000000005,,
2025-12-16T05:51:13.565Z,0.979,1,600,480x270,1.980809999999991,,
2025-12-16T05:51:13.961Z,1.207,1,600,480x270,1.977409999999992,,
2025-12-16T05:51:14.846Z,0.89,1,600,480x270,1.9943079999999895,,
2025-12-16T05:51:15.478Z,0.589,1,600,480x270,1.9724960000000067,,
2025-12-16T05:51:15.926Z,0.831,1,600,480x270,1.9085919999999987,,
2025-12-16T05:51:16.347Z,0.804,1,600,480x270,1.999684000000002,,
2025-12-16T05:51:16.798Z,0.767,1,600,480x270,1.9422519999999963,,
2025-12-16T05:51:17.320Z,0.755,1,600,480x270,1.9323000000000263,,
2025-12-16T05:51:17.780Z,0.98,1,600,480x270,1.9628659999999911,,
2025-12-16T05:51:18.311Z,0.924,1,600,480x270,1.9241030000000023,,
2025-12-16T05:51:18.767Z,0.907,1,600,480x270,1.9656530000000032,,
2025-12-16T05:51:19.191Z,0.88,1,600,480x270,1.956860000000006,,
2025-12-16T05:51:19.655Z,0.987,1,600,480x270,1.984960000000001,,
2025-12-16T05:51:20.084Z,1.063,1,600,480x270,1.9590139999999963,,
2025-12-16T05:51:20.564Z,1.055,1,600,480x270,1.984991999999977,,
2025-12-16T05:51:20.983Z,1.284,1,600,480x270,1.9503420000000062,,
2025-12-16T05:51:21.857Z,0.722,1,600,480x270,1.9817820000000097,,
2025-12-16T05:51:22.263Z,0.915,1,600,480x270,1.9784410000000037,,
2025-12-16T05:51:22.630Z,0.913,1,600,480x270,1.9076989999999796,,
2025-12-16T05:51:23.038Z,1.155,1,600,480x270,1.998958999999985,,
2025-12-16T05:51:23.419Z,1.129,1,600,480x270,1.9195829999999887,,
2025-12-16T05:51:24.321Z,0.739,1,600,480x270,1.9277830000000051,,
2025-12-16T05:51:24.750Z,0.798,1,600,480x270,1.9876469999999813,,
2025-12-16T05:51:25.169Z,1.011,1,600,480x270,1.9777949999999862,,
2025-12-16T05:51:25.570Z,0.997,1,600,480x270,1.9824619999999982,,
2025-12-16T05:51:25.929Z,1.229,1,600,480x270,1.9088009999999827,,
2025-12-16T05:51:26.805Z,0.935,1,600,480x270,1.9311779999999885,,
2025-12-16T05:51:27.179Z,0.907,1,600,480x270,1.9610610000000008,,
2025-12-16T05:51:27.540Z,1.139,1,600,480x270,1.9943649999999877,,
2025-12-16T05:51:27.900Z,1.375,1,600,480x270,1.9346359999999834,,
2025-12-16T05:51:28.742Z,0.802,1,600,480x270,2.00319300000001,,
2025-12-16T05:51:29.105Z,1.02,1,600,480x270,1.9287239999999883,,
2025-12-16T05:51:29.472Z,1.164,1,600,480x270,1.9816129999999816,,
2025-12-16T05:51:30.313Z,0.739,1,600,480x270,1.9466539999999952,,
2025-12-16T05:51:30.661Z,0.963,1,600,480x270,1.9862850000000094,,
2025-12-16T05:51:31.005Z,1.195,1,600,480x270,1.9368279999999913,,
2025-12-16T05:51:31.854Z,0.89,1,600,480x270,1.988551000000001,,
2025-12-16T05:51:32.192Z,0.868,1,600,480x270,1.9544899999999927,,
2025-12-16T05:51:32.578Z,1.1,1,600,480x270,1.9651870000000145,,
2025-12-16T05:51:32.899Z,1.318,1,600,480x270,1.9398759999999982,,
2025-12-16T05:51:33.792Z,0.76,1,600,480x270,1.9551319999999919,,
2025-12-16T05:51:34.167Z,0.898,1,600,480x270,1.9663109999999904,,
2025-12-16T05:51:34.745Z,0.964,1,600,480x270,1.9930850000000078,,
2025-12-16T05:51:34.812Z,1.283,0,200,320x180,1.9253390000000081,,
2025-12-16T05:51:34.987Z,1.527,0,200,320x180,1.9514880000000119,,
2025-12-16T05:51:35.058Z,1.541,1,600,480x270,1.971732000000003,,
2025-12-16T05:51:35.633Z,0.908,1,600,480x270,2.003301999999991,,
2025-12-16T05:51:35.716Z,1.399,0,200,320x180,1.919082000000003,,
2025-12-16T05:51:35.889Z,1.594,0,200,320x180,1.9560309999999959,,
2025-12-16T05:51:35.968Z,1.64,2,1000,640x360,1.9720350000000053,,
2025-12-16T05:51:37.321Z,0.32,2,1000,640x360,1.9275120000000072,,
2025-12-16T05:51:37.425Z,0.706,0,200,320x180,1.9173270000000002,,
2025-12-16T05:51:37.601Z,0.887,0,200,320x180,1.9363050000000044,,
2025-12-16T05:51:37.672Z,0.933,2,1000,640x360,1.977593999999982,,
2025-12-16T05:51:38.286Z,0.261,2,1000,640x360,1.971240000000023,,rebuffer happen
2025-12-16T05:51:38.500Z,0.261,2,1000,640x360,1.953474,,
2025-12-16T05:51:38.577Z,0.496,0,200,320x180,1.9675620000000151,,
2025-12-16T05:51:38.754Z,0.782,0,200,320x180,1.988000999999997,,
2025-12-16T05:51:38.829Z,0.719,2,1000,640x360,1.911391000000009,,
2025-12-16T05:51:39.345Z,0.187,2,1000,640x360,1.9979820000000075,,rebuffer happen
2025-12-16T05:51:39.513Z,0.019,2,1000,640x360,1.9299780000000055,,rebuffer happen
2025-12-16T05:51:39.556Z,0.019,2,1000,640x360,2.0239779999999996,,
2025-12-16T05:51:39.624Z,0.519,0,200,320x180,1.9727740000000153,,
2025-12-16T05:51:39.780Z,0.825,0,200,320x180,2.032937000000004,,
2025-12-16T05:51:39.857Z,0.754,2,1000,640x360,2.055661000000015,,
2025-12-16T05:51:40.296Z,0.288,2,1000,640x360,1.9913840000000107,,rebuffer happen
2025-12-16T05:51:40.530Z,0.036,2,1000,640x360,1.9404360000000054,,rebuffer happen
2025-12-16T05:51:40.686Z,0.036,2,1000,640x360,2.141435999999999,,
2025-12-16T05:51:40.757Z,0.536,0,200,320x180,2.193938000000003,,
2025-12-16T05:51:40.935Z,0.773,0,200,320x180,2.175096999999994,,
2025-12-16T05:51:41.002Z,0.772,1,600,480x270,2.0940630000000056,,
2025-12-16T05:51:41.515Z,0.359,1,600,480x270,2.0475940000000037,,
2025-12-16T05:51:41.596Z,0.638,0,200,320x180,2.049285999999995,,
2025-12-16T05:51:41.738Z,0.83,0,200,320x180,2.09024100000002,,
2025-12-16T05:51:41.814Z,0.88,2,1000,640x360,2.0038550000000157,,
2025-12-16T05:51:42.382Z,0.465,2,1000,640x360,1.9958000000000027,,
2025-12-16T05:51:42.465Z,0.678,1,600,480x270,2.001812000000001,,
2025-12-16T05:51:42.788Z,0.333,1,600,480x270,1.9638889999999947,,
2025-12-16T05:51:43.115Z,0.463,1,600,480x270,1.9296549999999968,,
2025-12-16T05:51:43.418Z,0.851,1,600,480x270,1.9241229999999803,,
2025-12-16T05:51:43.770Z,0.8,1,600,480x270,1.962299999999999,,
2025-12-16T05:51:44.172Z,0.875,1,600,480x270,1.9671930000000089,,
2025-12-16T05:51:44.462Z,1.285,1,600,480x270,1.9731280000000027,,
2025-12-16T05:51:45.247Z,0.982,1,600,480x270,2.0056020000000103,,
2025-12-16T05:51:45.320Z,1.285,2,1000,640x360,1.9323770000000025,,
2025-12-16T05:51:45.845Z,0.689,2,1000,640x360,1.9959759999999847,,
2025-12-16T05:51:45.911Z,1.187,1,600,480x270,1.9283240000000035,,
2025-12-16T05:51:46.238Z,0.927,1,600,480x270,2.0034600000000182,,
2025-12-16T05:51:46.516Z,1.149,1,600,480x270,1.9184329999999932,,
2025-12-16T05:51:47.330Z,0.859,1,600,480x270,1.9120659999999816,,
2025-12-16T05:51:47.624Z,1.028,1,600,480x270,1.9110809999999958,,
2025-12-16T05:51:47.939Z,1.164,1,600,480x270,2,,
2025-12-16T05:51:48.791Z,0.766,1,600,480x270,1.9494870000000049,,
2025-12-16T05:51:49.342Z,0.751,1,600,480x270,2.0099010000000135,,
2025-12-16T05:51:49.824Z,0.866,1,600,480x270,1.920646000000005,,
2025-12-16T05:51:49.904Z,1.211,0,200,320x180,1.9468910000000221,,
2025-12-16T05:51:50.085Z,1.446,0,200,320x180,1.951771000000008,,
2025-12-16T05:51:50.156Z,1.435,1,600,480x270,1.9922029999999893,,
2025-12-16T05:51:50.688Z,0.9,1,600,480x270,1.9507179999999948,,
2025-12-16T05:51:50.765Z,1.275,0,200,320x180,1.973337000000015,,
2025-12-16T05:51:50.907Z,1.599,0,200,320x180,1.9241509999999948,,
2025-12-16T05:51:50.985Z,1.621,2,1000,640x360,1.9581629999999848,,
2025-12-16T05:51:52.486Z,0.052,2,1000,640x360,1.964049000000017,,rebuffer happen
2025-12-16T05:51:52.487Z,0.052,2,1000,640x360,1.9628890000000183,,
2025-12-16T05:51:52.575Z,0.473,0,200,320x180,1.9655459999999891,,
2025-12-16T05:51:52.756Z,0.684,0,200,320x180,1.9825329999999894,,
2025-12-16T05:51:52.840Z,0.777,1,600,480x270,1.8978040000000078,,
2025-12-16T05:51:53.281Z,0.267,1,600,480x270,1.9717819999999904,,rebuffer happen
2025-12-16T05:51:53.451Z,0.267,1,600,480x270,2.0013649999999927,,
2025-12-16T05:51:53.525Z,0.591,0,200,320x180,1.9254809999999907,,
2025-12-16T05:51:53.725Z,0.812,0,200,320x180,1.9196230000000014,,
2025-12-16T05:51:53.791Z,0.812,2,1000,640x360,1.9620699999999829,,
2025-12-16T05:51:54.342Z,0.188,2,1000,640x360,2.0008709999999894,,rebuffer happen
2025-12-16T05:51:54.508Z,0.022,2,1000,640x360,1.9276220000000137,,rebuffer happen
2025-12-16T05:51:54.647Z,0.022,2,1000,640x360,2.129622000000012,,
2025-12-16T05:51:54.726Z,0.522,0,200,320x180,2.065712000000019,,
2025-12-16T05:51:54.947Z,0.687,0,200,320x180,2.0999529999999993,,
2025-12-16T05:51:55.022Z,0.696,3,1500,768x432,2.0115570000000105,,
2025-12-16T05:51:55.301Z,0.299,3,1500,768x432,2.0049960000000056,,rebuffer happen
2025-12-16T05:51:55.559Z,0.018,3,1500,768x432,2.0212139999999863,,rebuffer happen
2025-12-16T05:51:55.941Z,0.018,3,1500,768x432,2.431213999999983,,
2025-12-16T05:51:56.019Z,0.518,1,600,480x270,2.3714299999999753,,
2025-12-16T05:51:56.192Z,0.248,1,600,480x270,2.350810999999993,,rebuffer happen
2025-12-16T05:51:56.281Z,0.248,1,600,480x270,2.336397000000005,,
2025-12-16T05:51:56.363Z,0.529,0,200,320x180,2.3177169999999876,,
2025-12-16T05:51:56.483Z,0.771,0,200,320x180,2.254410000000007,,
2025-12-16T05:51:56.549Z,0.848,2,1000,640x360,2.2689169999999876,,
2025-12-16T05:51:56.904Z,0.3,2,1000,640x360,2.1034720000000107,,rebuffer happen
2025-12-16T05:51:57.110Z,0.06,2,1000,640x360,2.064775999999995,,rebuffer happen
2025-12-16T05:51:57.715Z,0.06,2,1000,640x360,2.6627759999999796,,
2025-12-16T05:51:57.797Z,0.56,1,600,480x270,2.703343000000018,,
2025-12-16T05:51:57.986Z,0.28,1,600,480x270,2.6863249999999823,,rebuffer happen
2025-12-16T05:51:58.211Z,0.019,1,600,480x270,2.622951999999998,,rebuffer happen
2025-12-16T05:51:58.346Z,0.019,1,600,480x270,2.8349520000000155,,
2025-12-16T05:51:58.706Z,0.065,1,600,480x270,2.6803960000000018,,rebuffer happen
2025-12-16T05:51:58.728Z,0.033,1,600,480x270,2.648430999999988,,rebuffer happen
2025-12-16T05:51:58.866Z,0.033,1,600,480x270,2.84943100000001,,
2025-12-16T05:51:58.935Z,0.533,0,200,320x180,2.7876130000000217,,
2025-12-16T05:51:59.100Z,0.704,0,200,320x180,2.7762400000000014,,
2025-12-16T05:51:59.167Z,0.773,2,1000,640x360,2.8250850000000014,,
2025-12-16T05:51:59.516Z,0.243,2,1000,640x360,2.647100999999992,,rebuffer happen
2025-12-16T05:51:59.662Z,0.026,2,1000,640x360,2.637990000000002,,rebuffer happen
2025-12-16T05:51:59.795Z,0.026,2,1000,640x360,2.7309899999999914,,
2025-12-16T05:51:59.874Z,0.526,0,200,320x180,2.766820999999993,,
2025-12-16T05:52:00.010Z,0.803,0,200,320x180,2.697225000000003,,
2025-12-16T05:52:00.089Z,0.789,2,1000,640x360,2.7011150000000157,,
2025-12-16T05:52:00.451Z,0.18,2,1000,640x360,2.587317999999982,,rebuffer happen
2025-12-16T05:52:00.546Z,0.041,2,1000,640x360,2.558505999999994,,rebuffer happen
2025-12-16T05:52:00.647Z,0.041,2,1000,640x360,2.6525059999999883,,
2025-12-16T05:52:00.730Z,0.541,0,200,320x180,2.585840999999988,,
2025-12-16T05:52:00.865Z,0.798,0,200,320x180,2.627138000000002,,
2025-12-16T05:52:00.933Z,0.822,2,1000,640x360,2.526445000000024,,
2025-12-16T05:52:01.341Z,0.13,2,1000,640x360,2.443107999999995,,rebuffer happen
2025-12-16T05:52:01.414Z,0.029,2,1000,640x360,2.34166399999998,,rebuffer happen
2025-12-16T05:52:01.591Z,0.029,2,1000,640x360,2.5436639999999784,,
2025-12-16T05:52:01.663Z,0.529,0,200,320x180,2.5752279999999814,,
2025-12-16T05:52:01.791Z,0.809,0,200,320x180,2.5140209999999854,,
2025-12-16T05:52:01.868Z,0.797,1,600,480x270,2.4955909999999903,,
2025-12-16T05:52:02.201Z,0.275,1,600,480x270,2.3844199999999773,,rebuffer happen
2025-12-16T05:52:02.303Z,0.275,1,600,480x270,2.3362400000000036,,
2025-12-16T05:52:02.387Z,0.63,0,200,320x180,2.315969999999993,,
2025-12-16T05:52:02.512Z,0.849,0,200,320x180,2.243563999999992,,
2025-12-16T05:52:02.588Z,0.84,2,1000,640x360,2.2553880000000106,,
2025-12-16T05:52:03.012Z,0.185,2,1000,640x360,2.090910000000008,,rebuffer happen
2025-12-16T05:52:03.165Z,0.029,2,1000,640x360,2.136464000000018,,rebuffer happen
2025-12-16T05:52:03.267Z,0.029,2,1000,640x360,2.2324640000000215,,
2025-12-16T05:52:03.350Z,0.529,1,600,480x270,2.2717650000000162,,
2025-12-16T05:52:03.682Z,0.038,1,600,480x270,2.146257999999989,,rebuffer happen
2025-12-16T05:52:03.683Z,0.038,1,600,480x270,2.146257999999989,,rebuffer happen
2025-12-16T05:52:03.788Z,0.038,1,600,480x270,2.241258000000016,,
2025-12-16T05:52:03.867Z,0.538,0,200,320x180,2.276857000000007,,
2025-12-16T05:52:04.006Z,0.812,0,200,320x180,2.2307460000000106,,
2025-12-16T05:52:04.086Z,0.825,2,1000,640x360,2.2260829999999885,,
2025-12-16T05:52:04.451Z,0.257,2,1000,640x360,2.1593770000000063,,rebuffer happen
2025-12-16T05:52:04.650Z,0.052,2,1000,640x360,2.1622779999999864,,rebuffer happen
2025-12-16T05:52:04.784Z,0.052,2,1000,640x360,2.2562779999999805,,
2025-12-16T05:52:04.869Z,0.536,1,600,480x270,2.261386000000016,,
2025-12-16T05:52:05.176Z,0.097,1,600,480x270,2.203823,,rebuffer happen
2025-12-16T05:52:05.250Z,0.023,1,600,480x270,2.234059000000002,,rebuffer happen
2025-12-16T05:52:05.346Z,0.023,1,600,480x270,2.326059000000015,,
2025-12-16T05:52:05.767Z,0.037,1,600,480x270,2.244246000000004,,rebuffer happen
2025-12-16T05:52:05.768Z,0.037,1,600,480x270,2.244246000000004,,rebuffer happen
2025-12-16T05:52:05.812Z,0.037,1,600,480x270,2.244246000000004,,
2025-12-16T05:52:05.894Z,0.537,0,200,320x180,2.269447999999983,,
2025-12-16T05:52:06.065Z,0.729,0,200,320x180,2.2533579999999915,,
2025-12-16T05:52:06.142Z,0.742,1,600,480x270,2.1815440000000024,,
2025-12-16T05:52:06.547Z,0.523,1,600,480x270,2.1986539999999763,,
2025-12-16T05:52:06.627Z,0.663,0,200,320x180,2.09839199999999,,
2025-12-16T05:52:06.767Z,0.87,0,200,320x180,2.1280380000000036,,
2025-12-16T05:52:06.848Z,0.836,2,1000,640x360,2.1232820000000174,,
2025-12-16T05:52:07.362Z,0.239,2,1000,640x360,2.056277999999992,,rebuffer happen
2025-12-16T05:52:07.426Z,0.239,2,1000,640x360,1.9866189999999904,,
2025-12-16T05:52:07.498Z,0.668,1,600,480x270,2.001638000000014,,
2025-12-16T05:52:07.882Z,0.366,1,600,480x270,1.9823440000000119,,
2025-12-16T05:52:08.308Z,0.403,1,600,480x270,1.9583340000000078,,
2025-12-16T05:52:08.760Z,0.347,1,600,480x270,1.9893999999999892,,
2025-12-16T05:52:09.345Z,0.324,1,600,480x270,2.0071049999999957,,
2025-12-16T05:52:09.754Z,0.282,1,600,480x270,1.9922990000000027,,rebuffer happen
2025-12-16T05:52:09.778Z,0.282,1,600,480x270,1.9678949999999986,,
2025-12-16T05:52:10.210Z,0.512,1,600,480x270,1.9489729999999952,,
2025-12-16T05:52:10.652Z,0.489,1,600,480x270,2.0028939999999977,,
2025-12-16T05:52:11.101Z,0.449,1,600,480x270,1.930215000000004,,
2025-12-16T05:52:11.519Z,0.687,1,600,480x270,1.9179749999999842,,
2025-12-16T05:52:11.949Z,0.645,1,600,480x270,1.984029000000021,,
2025-12-16T05:52:12.380Z,0.887,1,600,480x270,1.9642270000000224,,
2025-12-16T05:52:12.834Z,0.852,1,600,480x270,2.0008609999999862,,
2025-12-16T05:52:13.287Z,0.829,1,600,480x270,1.9545380000000137,,
2025-12-16T05:52:13.713Z,1.035,1,600,480x270,1.9351000000000056,,
2025-12-16T05:52:14.279Z,0.771,1,600,480x270,1.9658690000000263,,
2025-12-16T05:52:14.647Z,0.954,1,600,480x270,2.0021859999999947,,
2025-12-16T05:52:15.069Z,0.963,1,600,480x270,1.9624970000000133,,
2025-12-16T05:52:15.384Z,1.224,1,600,480x270,1.9816629999999975,,
2025-12-16T05:52:16.203Z,0.908,1,600,480x270,1.9321549999999945,,
2025-12-16T05:52:16.497Z,1.143,1,600,480x270,1.940607,,
2025-12-16T05:52:17.233Z,0.853,1,600,480x270,2.00906599999999,,
2025-12-16T05:52:17.641Z,1.081,1,600,480x270,2.003627999999992,,
2025-12-16T05:52:17.910Z,1.217,1,600,480x270,1.92296300000001,,
2025-12-16T05:52:18.680Z,1.019,1,600,480x270,1.9600209999999834,,
2025-12-16T05:52:18.963Z,1.141,1,600,480x270,1.9719419999999843,,
2025-12-16T05:52:19.772Z,0.961,1,600,480x270,1.9662830000000042,,
2025-12-16T05:52:20.109Z,0.924,1,600,480x270,1.9302909999999827,,
2025-12-16T05:52:20.700Z,0.891,1,600,480x270,1.9392019999999945,,
2025-12-16T05:52:21.002Z,1.123,1,600,480x270,1.9297090000000026,,
2025-12-16T05:52:21.809Z,0.817,1,600,480x270,1.932060000000007,,
2025-12-16T05:52:22.074Z,1.049,1,600,480x270,1.9651310000000137,,
2025-12-16T05:52:22.148Z,1.397,2,1000,640x360,1.9911419999999964,,
2025-12-16T05:52:22.650Z,1.022,2,1000,640x360,1.9879009999999937,,
2025-12-16T05:52:22.731Z,1.378,1,600,480x270,1.9070189999999911,,
2025-12-16T05:52:23.054Z,0.998,1,600,480x270,1.9867579999999805,,
2025-12-16T05:52:23.394Z,1.246,1,600,480x270,1.9605849999999805,,
2025-12-16T05:52:24.344Z,0.895,1,600,480x270,1.9924870000000112,,
2025-12-16T05:52:24.593Z,1.171,1,600,480x270,1.9473509999999976,,
2025-12-16T05:52:24.848Z,1.31,1,600,480x270,1.9878679999999918,,
2025-12-16T05:52:25.544Z,1.107,1,600,480x270,1.9968109999999797,,
2025-12-16T05:52:25.739Z,1.339,1,600,480x270,2.0011580000000038,,
2025-12-16T05:52:26.516Z,1.051,1,600,480x270,1.9321990000000255,,
2025-12-16T05:52:26.591Z,1.508,2,1000,640x360,1.9491449999999872,,
2025-12-16T05:52:27.172Z,1.011,2,1000,640x360,1.9761450000000025,,
2025-12-16T05:52:27.615Z,0.994,2,1000,640x360,1.9387330000000134,,
2025-12-16T05:52:27.698Z,1.421,1,600,480x270,1.943899000000016,,
2025-12-16T05:52:28.126Z,0.953,1,600,480x270,1.904865000000001,,
2025-12-16T05:52:28.835Z,0.911,1,600,480x270,2.000427000000002,,
2025-12-16T05:52:28.933Z,1.143,0,200,320x180,1.903066999999993,,
2025-12-16T05:52:29.105Z,1.425,0,200,320x180,1.9372800000000154,,
2025-12-16T05:52:29.176Z,1.379,2,1000,640x360,1.9585360000000094,,
2025-12-16T05:52:30.176Z,0.582,2,1000,640x360,1.9680799999999863,,
2025-12-16T05:52:30.256Z,0.839,1,600,480x270,1.9994120000000066,,
2025-12-16T05:52:30.742Z,0.291,1,600,480x270,2.0038700000000063,,rebuffer happen
2025-12-16T05:52:30.781Z,0.291,1,600,480x270,1.9631829999999866,,
2025-12-16T05:52:30.865Z,0.75,0,200,320x180,1.9734389999999848,,
2025-12-16T05:52:31.039Z,0.99,0,200,320x180,1.9992440000000045,,
2025-12-16T05:52:31.113Z,0.989,2,1000,640x360,1.928288000000009,,
2025-12-16T05:52:31.805Z,0.23,2,1000,640x360,1.9347669999999937,,rebuffer happen
2025-12-16T05:52:31.947Z,0.23,2,1000,640x360,2.0010039999999947,,
2025-12-16T05:52:32.038Z,0.583,0,200,320x180,1.9080670000000168,,
2025-12-16T05:52:32.231Z,0.798,0,200,320x180,2.0001180000000147,,
2025-12-16T05:52:32.302Z,0.797,3,1500,768x432,1.9286960000000022,,
2025-12-16T05:52:32.864Z,0.164,3,1500,768x432,1.9683930000000203,,rebuffer happen
2025-12-16T05:52:33.007Z,0.022,3,1500,768x432,1.9252730000000042,,rebuffer happen
2025-12-16T05:52:33.507Z,0.022,3,1500,768x432,2.433273000000014,,
2025-12-16T05:52:33.579Z,0.504,1,600,480x270,2.448988000000014,,
2025-12-16T05:52:33.802Z,0.124,1,600,480x270,2.3289399999999887,,rebuffer happen
2025-12-16T05:52:33.874Z,0.028,1,600,480x270,2.3329260000000147,,rebuffer happen
2025-12-16T05:52:34.140Z,0.028,1,600,480x270,2.638925999999998,,
2025-12-16T05:52:34.410Z,0.187,1,600,480x270,2.49207100000001,,rebuffer happen
2025-12-16T05:52:34.508Z,0.045,1,600,480x270,2.4481340000000102,,rebuffer happen
2025-12-16T05:52:34.581Z,0.045,1,600,480x270,2.5521340000000237,,
2025-12-16T05:52:34.656Z,0.545,0,200,320x180,2.59089800000001,,
2025-12-16T05:52:34.807Z,0.778,0,200,320x180,2.5301720000000216,,
2025-12-16T05:52:34.891Z,0.82,1,600,480x270,2.502229,,
2025-12-16T05:52:35.301Z,0.233,1,600,480x270,2.4377139999999997,,rebuffer happen
2025-12-16T05:52:35.442Z,0.032,1,600,480x270,2.4377950000000226,,rebuffer happen
2025-12-16T05:52:35.464Z,0.032,1,600,480x270,2.4377950000000226,,
2025-12-16T05:52:35.550Z,0.532,0,200,320x180,2.469416000000024,,
2025-12-16T05:52:35.725Z,0.77,0,200,320x180,2.37987099999998,,
2025-12-16T05:52:35.795Z,0.77,1,600,480x270,2.3794460000000015,,
2025-12-16T05:52:36.156Z,0.363,1,600,480x270,2.314672999999999,,
2025-12-16T05:52:36.509Z,0.275,1,600,480x270,2.1774699999999996,,rebuffer happen
2025-12-16T05:52:36.571Z,0.275,1,600,480x270,2.2076140000000066,,
2025-12-16T05:52:36.646Z,0.694,0,200,320x180,2.2043580000000134,,
2025-12-16T05:52:36.752Z,0.849,0,200,320x180,2.1722440000000063,,
2025-12-16T05:52:36.832Z,0.938,2,1000,640x360,2.074951999999996,,
2025-12-16T05:52:37.529Z,0.325,2,1000,640x360,1.98210899999998,,
2025-12-16T05:52:37.597Z,0.534,1,600,480x270,1.9974220000000003,,
2025-12-16T05:52:37.827Z,0.245,1,600,480x270,1.9519380000000126,,rebuffer happen
2025-12-16T05:52:38.044Z,0.029,1,600,480x270,2.044573999999983,,rebuffer happen
2025-12-16T05:52:38.045Z,0.029,1,600,480x270,2.044573999999983,,
2025-12-16T05:52:38.310Z,0.275,1,600,480x270,1.9788790000000063,,rebuffer happen
2025-12-16T05:52:38.405Z,0.275,1,600,480x270,1.985320999999999,,
2025-12-16T05:52:38.778Z,0.489,1,600,480x270,1.9828410000000076,,
2025-12-16T05:52:39.178Z,0.431,1,600,480x270,1.970563999999996,,
2025-12-16T05:52:39.596Z,0.664,1,600,480x270,1.9470309999999813,,
2025-12-16T05:52:39.946Z,0.625,1,600,480x270,1.9860860000000002,,
2025-12-16T05:52:40.349Z,0.86,1,600,480x270,1.9903769999999952,,
2025-12-16T05:52:40.775Z,0.828,1,600,480x270,1.9588350000000219,,
2025-12-16T05:52:41.140Z,0.968,1,600,480x270,2.0039840000000027,,
2025-12-16T05:52:41.517Z,1.036,1,600,480x270,1.9257120000000043,,
2025-12-16T05:52:42.379Z,0.756,1,600,480x270,1.9731400000000008,,
2025-12-16T05:52:42.711Z,0.983,1,600,480x270,1.9427479999999946,,
2025-12-16T05:52:43.080Z,1.143,1,600,480x270,1.9518109999999922,,
2025-12-16T05:52:43.415Z,1.172,1,600,480x270,1.9284289999999942,,
2025-12-16T05:52:44.361Z,0.675,1,600,480x270,1.9808029999999803,,
2025-12-16T05:52:44.719Z,0.816,1,600,480x270,1.9150729999999783,,
2025-12-16T05:52:45.240Z,0.805,1,600,480x270,1.9976500000000215,,
2025-12-16T05:52:45.655Z,1.046,1,600,480x270,1.9915850000000148,,
2025-12-16T05:52:46.179Z,1.007,1,600,480x270,1.9772670000000119,,
2025-12-16T05:52:46.722Z,0.998,1,600,480x270,1.9274800000000027,,
2025-12-16T05:52:47.200Z,0.953,1,600,480x270,1.9341229999999996,,
2025-12-16T05:52:47.680Z,0.921,1,600,480x270,1.958531999999991,,
2025-12-16T05:52:48.155Z,0.884,1,600,480x270,1.9864320000000077,,
2025-12-16T05:52:48.656Z,1.117,1,600,480x270,1.9800109999999904,,
2025-12-16T05:52:48.985Z,1.093,1,600,480x270,1.9476040000000125,,
2025-12-16T05:52:50.117Z,0.523,1,600,480x270,1.9254200000000026,,
2025-12-16T05:52:50.622Z,0.507,1,600,480x270,1.9202429999999993,,
2025-12-16T05:52:50.687Z,0.912,0,200,320x180,1.9613119999999924,,
2025-12-16T05:52:50.851Z,1.18,0,200,320x180,1.9834089999999946,,
2025-12-16T05:52:50.920Z,1.121,1,600,480x270,1.9130690000000072,,
2025-12-16T05:52:51.434Z,0.716,1,600,480x270,2.0135620000000074,,
2025-12-16T05:52:51.978Z,0.675,1,600,480x270,1.9593039999999746,,
2025-12-16T05:52:52.058Z,1.049,0,200,320x180,1.9813059999999894,,
2025-12-16T05:52:52.350Z,1.182,0,200,320x180,1.9903460000000166,,
2025-12-16T05:52:52.427Z,1.132,1,600,480x270,1.9123769999999922,,
2025-12-16T05:52:52.958Z,0.596,1,600,480x270,1.973988999999989,,
2025-12-16T05:52:53.437Z,0.843,1,600,480x270,2.0069059999999865,,
2025-12-16T05:52:53.504Z,1.085,0,200,320x180,1.9388779999999883,,
2025-12-16T05:52:53.705Z,1.28,0,200,320x180,1.9308739999999887,,
2025-12-16T05:52:53.786Z,1.315,1,600,480x270,1.9481070000000216,,
2025-12-16T05:52:54.228Z,0.848,1,600,480x270,1.9211430000000007,,
2025-12-16T05:52:54.759Z,0.984,1,600,480x270,1.9816830000000039,,
2025-12-16T05:52:54.844Z,1.247,0,200,320x180,1.896207000000004,,
2025-12-16T05:52:54.970Z,1.545,0,200,320x180,1.9618719999999996,,
2025-12-16T05:52:55.046Z,1.559,1,600,480x270,1.987322000000006,,
2025-12-16T05:52:55.490Z,1.23,1,600,480x270,1.961588000000006,,
2025-12-16T05:52:56.413Z,0.657,1,600,480x270,1.9336300000000222,,
2025-12-16T05:52:56.732Z,0.827,1,600,480x270,2.0009740000000136,,
2025-12-16T05:52:57.029Z,1.125,1,600,480x270,1.9021160000000066,,
2025-12-16T05:52:57.544Z,1.093,1,600,480x270,1.998000999999988,,
2025-12-16T05:52:58.101Z,1.055,1,600,480x270,1.9328979999999945,,
2025-12-16T05:52:58.490Z,1.296,1,600,480x270,1.9538850000000139,,
2025-12-16T05:52:59.364Z,0.75,1,600,480x270,1.991913000000011,,
2025-12-16T05:52:59.728Z,0.961,1,600,480x270,1.9253819999999848,,
2025-12-16T05:53:00.084Z,1.094,1,600,480x270,1.9522220000000061,,
2025-12-16T05:53:00.478Z,1.172,1,600,480x270,1.9623760000000061,,
2025-12-16T05:53:01.291Z,0.88,1,600,480x270,1.9490339999999833,,
2025-12-16T05:53:01.583Z,1.111,1,600,480x270,1.951925999999986,,
2025-12-16T05:53:01.892Z,1.295,1,600,480x270,1.944281999999987,,
2025-12-16T05:53:02.731Z,1.045,1,600,480x270,1.9996910000000128,,
2025-12-16T05:53:03.040Z,1.014,1,600,480x270,1.9987570000000119,,
2025-12-16T05:53:03.452Z,1.256,1,600,480x270,1.9898550000000057,,
2025-12-16T05:53:04.283Z,0.775,1,600,480x270,1.952145999999999,,
2025-12-16T05:53:04.607Z,0.921,1,600,480x270,1.9251900000000148,,
2025-12-16T05:53:04.978Z,1.06,1,600,480x270,1.9574099999999817,,
2025-12-16T05:53:05.900Z,0.849,1,600,480x270,1.940242999999981,,
2025-12-16T05:53:06.251Z,0.817,1,600,480x270,1.9851100000000201,,
2025-12-16T05:53:06.636Z,1.061,1,600,480x270,1.9966409999999826,,
2025-12-16T05:53:07.029Z,1.027,1,600,480x270,1.917193000000026,,
2025-12-16T05:53:07.464Z,1.265,1,600,480x270,1.988235000000003,,
2025-12-16T05:53:08.379Z,0.716,1,600,480x270,1.9825560000000166,,
2025-12-16T05:53:08.816Z,0.868,1,600,480x270,1.9251310000000217,,
2025-12-16T05:53:09.368Z,0.917,1,600,480x270,1.9776720000000125,,
2025-12-16T05:53:09.446Z,1.148,0,200,320x180,1.9919510000000002,,
2025-12-16T05:53:09.698Z,1.32,0,200,320x180,1.9418319999999767,,
2025-12-16T05:53:09.774Z,1.284,2,1000,640x360,1.9640459999999962,,
2025-12-16T05:53:10.730Z,0.298,2,1000,640x360,1.9060460000000035,,rebuffer happen
2025-12-16T05:53:10.864Z,0.298,2,1000,640x360,1.9761969999999849,,
2025-12-16T05:53:10.960Z,0.664,1,600,480x270,1.9728860000000168,,
2025-12-16T05:53:11.250Z,0.292,1,600,480x270,1.9959610000000225,,rebuffer happen
2025-12-16T05:53:11.327Z,0.292,1,600,480x270,1.917157000000003,,
2025-12-16T05:53:11.419Z,0.712,0,200,320x180,1.9353670000000136,,
2025-12-16T05:53:11.595Z,0.894,0,200,320x180,1.948855999999978,,
2025-12-16T05:53:11.667Z,0.941,3,1500,768x432,1.9771519999999896,,
2025-12-16T05:53:12.310Z,0.241,3,1500,768x432,1.9450700000000154,,rebuffer happen
2025-12-16T05:53:12.523Z,0.023,3,1500,768x432,1.9296819999999855,,rebuffer happen
2025-12-16T05:53:13.126Z,0.023,3,1500,768x432,2.533681999999999,,
2025-12-16T05:53:13.196Z,0.523,1,600,480x270,2.574961000000002,,
2025-12-16T05:53:13.417Z,0.21,1,600,480x270,2.5208500000000242,,rebuffer happen
2025-12-16T05:53:13.540Z,0.031,1,600,480x270,2.54165900000001,,rebuffer happen
2025-12-16T05:53:13.569Z,0.031,1,600,480x270,2.54165900000001,,
2025-12-16T05:53:13.645Z,0.531,0,200,320x180,2.576022999999992,,
2025-12-16T05:53:13.820Z,0.793,0,200,320x180,2.5097109999999816,,
2025-12-16T05:53:13.897Z,0.798,1,600,480x270,2.4946390000000065,,
2025-12-16T05:53:14.167Z,0.298,1,600,480x270,2.403413999999998,,rebuffer happen
2025-12-16T05:53:14.344Z,0.054,1,600,480x270,2.3596130000000244,,
2025-12-16T05:53:14.428Z,0.548,0,200,320x180,2.2751200000000154,,
2025-12-16T05:53:14.562Z,0.777,0,200,320x180,2.32086799999999,,
2025-12-16T05:53:14.645Z,0.779,1,600,480x270,2.3160509999999874,,
2025-12-16T05:53:15.116Z,0.378,1,600,480x270,2.114816000000019,,
2025-12-16T05:53:15.389Z,0.278,1,600,480x270,2.0896789999999896,,rebuffer happen
2025-12-16T05:53:15.608Z,0.022,1,600,480x270,2.036045999999999,,rebuffer happen
2025-12-16T05:53:15.673Z,0.022,1,600,480x270,2.1300460000000214,,
2025-12-16T05:53:15.741Z,0.522,0,200,320x180,2.069536999999997,,
2025-12-16T05:53:15.871Z,0.741,0,200,320x180,2.1545849999999973,,
2025-12-16T05:53:15.946Z,0.844,3,1500,768x432,2.1572510000000023,,
2025-12-16T05:53:16.417Z,0.213,3,1500,768x432,2.015939000000003,,rebuffer happen
2025-12-16T05:53:16.576Z,0.035,3,1500,768x432,2.049948999999998,,rebuffer happen
2025-12-16T05:53:17.035Z,0.035,3,1500,768x432,2.5419490000000167,,
2025-12-16T05:53:17.107Z,0.535,1,600,480x270,2.486577000000011,,
2025-12-16T05:53:17.373Z,0.097,1,600,480x270,2.403991999999988,,rebuffer happen
2025-12-16T05:53:17.443Z,0.014,1,600,480x270,2.4171929999999975,,rebuffer happen
2025-12-16T05:53:17.577Z,0.014,1,600,480x270,2.5291929999999923,,
2025-12-16T05:53:17.960Z,0.036,1,600,480x270,2.438322999999997,,rebuffer happen
2025-12-16T05:53:17.960Z,0.036,1,600,480x270,2.438322999999997,,rebuffer happen
2025-12-16T05:53:17.969Z,0.036,1,600,480x270,2.438322999999997,,
2025-12-16T05:53:18.045Z,0.536,0,200,320x180,2.3703140000000076,,
2025-12-16T05:53:18.163Z,0.799,0,200,320x180,2.444607999999988,,
2025-12-16T05:53:18.245Z,0.765,2,1000,640x360,2.4278500000000065,,
2025-12-16T05:53:18.761Z,0.013,2,1000,640x360,2.2160259999999994,,rebuffer happen
2025-12-16T05:53:18.761Z,0.013,2,1000,640x360,2.2160259999999994,,rebuffer happen
2025-12-16T05:53:18.954Z,0.013,2,1000,640x360,2.4190260000000023,,
2025-12-16T05:53:19.024Z,0.469,0,200,320x180,2.358427000000006,,
2025-12-16T05:53:19.168Z,0.798,0,200,320x180,2.405602000000016,,
2025-12-16T05:53:19.249Z,0.756,3,1500,768x432,2.4112460000000056,,
2025-12-16T05:53:19.557Z,0.276,3,1500,768x432,2.2889029999999764,,rebuffer happen
2025-12-16T05:53:19.795Z,0.033,3,1500,768x432,2.237523999999979,,rebuffer happen
2025-12-16T05:53:20.169Z,0.033,3,1500,768x432,2.6375240000000133,,
2025-12-16T05:53:20.239Z,0.533,1,600,480x270,2.582423000000034,,
2025-12-16T05:53:20.562Z,0.04,1,600,480x270,2.5513579999999934,,rebuffer happen
2025-12-16T05:53:20.563Z,0.04,1,600,480x270,2.5513579999999934,,rebuffer happen
2025-12-16T05:53:20.738Z,0.04,1,600,480x270,2.748357999999996,,
2025-12-16T05:53:20.803Z,0.54,0,200,320x180,2.698625000000021,,
2025-12-16T05:53:20.935Z,0.81,0,200,320x180,2.712498000000039,,
2025-12-16T05:53:21.004Z,0.809,2,1000,640x360,2.6094960000000356,,
2025-12-16T05:53:21.357Z,0.203,2,1000,640x360,2.5120709999999633,,rebuffer happen
2025-12-16T05:53:21.480Z,0.028,2,1000,640x360,2.446405999999996,,rebuffer happen
2025-12-16T05:53:21.567Z,0.028,2,1000,640x360,2.5414060000000234,,
2025-12-16T05:53:21.653Z,0.528,0,200,320x180,2.5663390000000277,,
2025-12-16T05:53:21.797Z,0.79,0,200,320x180,2.515706000000023,,
2025-12-16T05:53:21.898Z,0.799,1,600,480x270,2.4633210000000076,,
2025-12-16T05:53:22.278Z,0.154,1,600,480x270,2.3565309999999613,,rebuffer happen
2025-12-16T05:53:22.333Z,0.154,1,600,480x270,2.3823300000000245,,
2025-12-16T05:53:22.399Z,0.576,0,200,320x180,2.291438000000028,,
2025-12-16T05:53:22.542Z,0.745,0,200,320x180,2.2925010000000157,,
2025-12-16T05:53:22.617Z,0.768,1,600,480x270,2.193040999999994,,
2025-12-16T05:53:23.023Z,0.32,1,600,480x270,2.074906999999996,,
2025-12-16T05:53:23.355Z,0.283,1,600,480x270,2.0925790000000006,,rebuffer happen
2025-12-16T05:53:23.392Z,0.283,1,600,480x270,2.049008000000015,,
2025-12-16T05:53:23.735Z,0.445,1,600,480x270,2.059833000000026,,
2025-12-16T05:53:24.067Z,0.55,1,600,480x270,2.001230000000021,,
2025-12-16T05:53:24.270Z,0.933,1,600,480x270,2.010569999999973,,
2025-12-16T05:53:24.493Z,1.152,1,600,480x270,1.9643580000000043,,
2025-12-16T05:53:25.487Z,0.561,1,600,480x270,1.9583559999999807,,
2025-12-16T05:53:25.922Z,0.684,1,600,480x270,1.9192840000000047,,
2025-12-16T05:53:26.264Z,0.778,1,600,480x270,1.9808170000000018,,
2025-12-16T05:53:26.584Z,0.965,1,600,480x270,1.9636520000000246,,
2025-12-16T05:53:26.908Z,1.237,1,600,480x270,1.931225999999981,,
2025-12-16T05:53:27.751Z,0.93,1,600,480x270,1.9871929999999907,,
2025-12-16T05:53:28.103Z,0.976,1,600,480x270,1.939910999999995,,
2025-12-16T05:53:28.175Z,1.403,2,1000,640x360,1.9625670000000355,,
2025-12-16T05:53:28.712Z,0.872,2,1000,640x360,1.93138799999997,,
2025-12-16T05:53:28.795Z,1.263,1,600,480x270,1.941145000000006,,
2025-12-16T05:53:29.107Z,1.108,1,600,480x270,1.927376000000038,,
2025-12-16T05:53:29.186Z,1.346,2,1000,640x360,1.9487839999999892,,
2025-12-16T05:53:29.638Z,1.044,2,1000,640x360,1.9997759999999971,,
2025-12-16T05:53:29.719Z,1.391,1,600,480x270,1.9181300000000192,,
2025-12-16T05:53:29.958Z,1.183,1,600,480x270,1.9836409999999773,,
2025-12-16T05:53:30.762Z,1.019,1,600,480x270,1.9737250000000017,,
2025-12-16T05:53:31.265Z,0.983,1,600,480x270,1.9845149999999876,,
2025-12-16T05:53:31.863Z,0.692,1,600,480x270,1.983805000000018,,
2025-12-16T05:53:32.285Z,0.927,1,600,480x270,1.9501199999999699,,
2025-12-16T05:53:32.885Z,0.877,1,600,480x270,1.9464569999999526,,
2025-12-16T05:53:33.314Z,0.857,1,600,480x270,1.9364840000000072,,
2025-12-16T05:53:33.713Z,0.818,1,600,480x270,1.926403999999991,,
2025-12-16T05:53:34.242Z,0.795,1,600,480x270,2.008694999999989,,
2025-12-16T05:53:34.668Z,0.982,1,600,480x270,1.973210999999992,,
2025-12-16T05:53:35.079Z,0.985,1,600,480x270,1.9619069999999965,,
2025-12-16T05:53:35.471Z,1.253,1,600,480x270,1.9757690000000139,,
2025-12-16T05:53:36.376Z,0.661,1,600,480x270,1.9641869999999813,,
2025-12-16T05:53:36.807Z,0.907,1,600,480x270,1.9380989999999656,,
2025-12-16T05:53:37.270Z,0.868,1,600,480x270,1.983410000000049,,
2025-12-16T05:53:37.704Z,0.833,1,600,480x270,1.9298459999999977,,
2025-12-16T05:53:38.097Z,1.069,1,600,480x270,1.9467960000000062,,
2025-12-16T05:53:38.620Z,1.055,1,600,480x270,1.9249740000000202,,
2025-12-16T05:53:38.941Z,1.271,1,600,480x270,1.9931770000000029,,
2025-12-16T05:53:39.765Z,0.985,1,600,480x270,1.9900740000000496,,
2025-12-16T05:53:40.107Z,0.923,1,600,480x270,1.925563000000011,,
2025-12-16T05:53:40.472Z,1.057,1,600,480x270,1.972026000000028,,
2025-12-16T05:53:41.348Z,0.891,1,600,480x270,1.9902629999999704,,
2025-12-16T05:53:41.695Z,0.852,1,600,480x270,1.9387029999999754,,
2025-12-16T05:53:42.048Z,1.076,1,600,480x270,1.9849009999999794,,
2025-12-16T05:53:42.421Z,1.218,1,600,480x270,1.9192489999999793,,
2025-12-16T05:53:43.285Z,0.776,1,600,480x270,1.9737460000000056,,
2025-12-16T05:53:43.681Z,1.006,1,600,480x270,1.9718199999999797,,
2025-12-16T05:53:44.147Z,0.891,1,600,480x270,1.992509000000041,,
2025-12-16T05:53:44.388Z,1.202,1,600,480x270,1.947938000000022,,
2025-12-16T05:53:45.188Z,0.909,1,600,480x270,1.955573999999956,,
2025-12-16T05:53:45.489Z,1.142,1,600,480x270,1.949625000000026,,
2025-12-16T05:53:46.377Z,0.854,1,600,480x270,1.9697940000000358,,
2025-12-16T05:53:46.770Z,0.815,1,600,480x270,1.9654639999999972,,
2025-12-16T05:53:47.142Z,1,1,600,480x270,1.9984900000000039,,
2025-12-16T05:53:47.488Z,1.142,1,600,480x270,1.954656,,
2025-12-16T05:53:48.364Z,0.735,1,600,480x270,1.9917609999999968,,
2025-12-16T05:53:48.702Z,0.964,1,600,480x270,1.9470519999999851,,
2025-12-16T05:53:49.040Z,1.176,1,600,480x270,1.9993240000000014,,
2025-12-16T05:53:49.404Z,1.163,1,600,480x270,1.9443750000000364,,
2025-12-16T05:53:50.122Z,1.113,1,600,480x270,1.9209339999999884,,
2025-12-16T05:53:50.338Z,1.197,1,600,480x270,2.005284999999958,,
2025-12-16T05:53:51.109Z,1.053,1,600,480x270,1.9279359999999883,,
2025-12-16T05:53:51.188Z,1.419,2,1000,640x360,1.951814000000013,,
2025-12-16T05:53:51.679Z,1.04,2,1000,640x360,1.9708799999999655,,
2025-12-16T05:53:51.753Z,1.354,1,600,480x270,1.991062999999997,,
2025-12-16T05:53:52.044Z,0.991,1,600,480x270,1.994544000000019,,
2025-12-16T05:53:52.356Z,1.23,1,600,480x270,1.9864469999999983,,
2025-12-16T05:53:53.374Z,0.662,1,600,480x270,1.960875000000044,,
2025-12-16T05:53:53.757Z,0.906,1,600,480x270,1.9838970000000131,,
2025-12-16T05:53:54.162Z,0.875,1,600,480x270,1.978541000000007,,
2025-12-16T05:53:54.575Z,1.111,1,600,480x270,1.9655370000000403,,
2025-12-16T05:53:54.960Z,1.068,1,600,480x270,1.973162000000002,,
2025-12-16T05:53:55.894Z,0.774,1,600,480x270,1.9365599999999858,,
2025-12-16T05:53:56.282Z,0.757,1,600,480x270,1.9710230000000024,,
2025-12-16T05:53:56.609Z,0.981,1,600,480x270,1.9292800000000057,,
2025-12-16T05:53:56.970Z,1.11,1,600,480x270,1.975278000000003,,
2025-12-16T05:53:57.803Z,0.917,1,600,480x270,1.9355089999999677,,
2025-12-16T05:53:58.195Z,0.894,1,600,480x270,1.950100999999961,,
2025-12-16T05:53:58.548Z,1.129,1,600,480x270,1.988771999999983,,
2025-12-16T05:53:58.946Z,1.085,1,600,480x270,1.9965990000000033,,
2025-12-16T05:53:59.842Z,0.795,1,600,480x270,1.9892859999999928,,
2025-12-16T05:54:00.219Z,0.851,1,600,480x270,1.9360849999999914,,
2025-12-16T05:54:00.560Z,0.985,1,600,480x270,1.9787919999999986,,
2025-12-16T05:54:00.832Z,1.231,1,600,480x270,2.001685000000009,,
2025-12-16T05:54:01.719Z,0.947,1,600,480x270,1.925297999999998,,
2025-12-16T05:54:02.107Z,1.028,1,600,480x270,1.9350430000000074,,
2025-12-16T05:54:02.432Z,1.148,1,600,480x270,2.0067260000000147,,
2025-12-16T05:54:03.245Z,0.847,1,600,480x270,1.9996800000000121,,
2025-12-16T05:54:03.753Z,0.809,1,600,480x270,1.9878820000000132,,
2025-12-16T05:54:04.058Z,1.042,1,600,480x270,1.973412000000053,,
2025-12-16T05:54:04.439Z,1.286,1,600,480x270,2.005213000000026,,
2025-12-16T05:54:05.325Z,0.739,1,600,480x270,1.9309070000000474,,
2025-12-16T05:54:05.796Z,0.92,1,600,480x270,1.9442240000000197,,
2025-12-16T05:54:06.161Z,0.928,1,600,480x270,1.9841129999999794,,
2025-12-16T05:54:06.507Z,1.16,1,600,480x270,1.9319120000000112,,
2025-12-16T05:54:07.332Z,0.852,1,600,480x270,2.008004000000028,,
2025-12-16T05:54:07.513Z,1.086,1,600,480x270,1.9272849999999835,,
2025-12-16T05:54:08.058Z,1.035,1,600,480x270,1.9822429999999827,,
2025-12-16T05:54:08.132Z,1.469,0,200,320x180,1.9137779999999793,,
2025-12-16T05:54:08.270Z,1.751,0,200,320x180,1.9818449999999643,,
2025-12-16T05:54:08.349Z,1.767,2,1000,640x360,1.9954629999999725,,
2025-12-16T05:54:09.551Z,0.741,2,1000,640x360,2.0008019999999647,,
2025-12-16T05:54:09.631Z,0.958,1,600,480x270,1.9185659999999984,,
2025-12-16T05:54:10.099Z,0.692,1,600,480x270,1.9424740000000043,,
2025-12-16T05:54:10.487Z,0.66,1,600,480x270,1.9587439999999674,,
2025-12-16T05:54:10.873Z,0.792,1,600,480x270,1.9626279999999952,,
2025-12-16T05:54:11.263Z,0.854,1,600,480x270,1.9762660000000096,,
2025-12-16T05:54:11.663Z,1.078,1,600,480x270,1.9708030000000463,,
2025-12-16T05:54:12.031Z,1.058,1,600,480x270,1.9078190000000177,,
2025-12-16T05:54:12.450Z,1.302,1,600,480x270,1.9911409999999705,,
2025-12-16T05:54:13.326Z,0.753,1,600,480x270,1.9288849999999798,,
2025-12-16T05:54:13.683Z,0.933,1,600,480x270,1.9598489999999629,,
2025-12-16T05:54:13.965Z,1.209,1,600,480x270,1.97668299999998,,
2025-12-16T05:54:14.770Z,0.902,1,600,480x270,1.9681929999999852,,
2025-12-16T05:54:15.100Z,0.979,1,600,480x270,1.935463000000027,,
2025-12-16T05:54:15.170Z,1.378,2,1000,640x360,1.9810699999999883,,
2025-12-16T05:54:15.719Z,0.845,2,1000,640x360,1.9228089999999725,,
2025-12-16T05:54:15.792Z,1.267,1,600,480x270,1.9426760000000058,,
2025-12-16T05:54:16.160Z,0.91,1,600,480x270,1.9745490000000245,,
2025-12-16T05:54:16.501Z,1.046,1,600,480x270,1.9378209999999854,,
2025-12-16T05:54:17.309Z,0.767,1,600,480x270,1.9423489999999788,,
2025-12-16T05:54:17.681Z,0.979,1,600,480x270,1.966825999999969,,
2025-12-16T05:54:18.008Z,1.11,1,600,480x270,1.9255529999999794,,
2025-12-16T05:54:18.843Z,0.932,1,600,480x270,2.0053350000000023,,
2025-12-16T05:54:19.159Z,0.895,1,600,480x270,1.992132999999967,,
2025-12-16T05:54:19.485Z,1.128,1,600,480x270,1.955067999999983,,
2025-12-16T05:54:20.336Z,0.835,1,600,480x270,2.0086729999999875,,
2025-12-16T05:54:20.781Z,0.797,1,600,480x270,1.9555690000000254,,
2025-12-16T05:54:21.110Z,1.03,1,600,480x270,1.92326300000002,,
2025-12-16T05:54:21.449Z,1.26,1,600,480x270,1.9911559999999895,,
2025-12-16T05:54:22.297Z,0.957,1,600,480x270,1.9452339999999708,,
2025-12-16T05:54:22.634Z,0.935,1,600,480x270,1.996894999999995,,
2025-12-16T05:54:22.878Z,1.161,1,600,480x270,1.9576410000000237,,
2025-12-16T05:54:23.716Z,0.864,1,600,480x270,1.9218670000000202,,
2025-12-16T05:54:24.080Z,1.107,1,600,480x270,1.9584659999999872,,
2025-12-16T05:54:24.389Z,1.34,1,600,480x270,1.9486700000000496,,
2025-12-16T05:54:25.147Z,1.038,1,600,480x270,1.9915359999999964,,
2025-12-16T05:54:25.601Z,1.018,1,600,480x270,1.9419980000000123,,
2025-12-16T05:54:26.028Z,1.073,1,600,480x270,1.9138699999999744,,
2025-12-16T05:54:26.458Z,1.24,1,600,480x270,2.003432000000032,,
2025-12-16T05:54:27.320Z,0.92,1,600,480x270,1.9215199999999868,,
2025-12-16T05:54:27.658Z,0.888,1,600,480x270,1.9853939999999852,,
2025-12-16T05:54:27.878Z,1.278,1,600,480x270,1.9634609999999952,,
2025-12-16T05:54:28.836Z,0.825,1,600,480x270,1.9988480000000095,,
2025-12-16T05:54:29.160Z,1.057,1,600,480x270,1.9906780000000026,,
2025-12-16T05:54:29.423Z,1.301,1,600,480x270,1.9213539999999512,,
2025-12-16T05:54:30.295Z,0.754,1,600,480x270,1.9615249999999946,,
2025-12-16T05:54:30.656Z,0.914,1,600,480x270,1.9966759999999795,,
2025-12-16T05:54:31.008Z,1.048,1,600,480x270,1.9270879999999693,,
2025-12-16T05:54:31.832Z,0.906,1,600,480x270,1.9992849999999862,,
2025-12-16T05:54:32.173Z,0.878,1,600,480x270,1.9732060000000047,,
2025-12-16T05:54:32.493Z,1.111,1,600,480x270,1.9422720000000027,,
2025-12-16T05:54:33.340Z,0.824,1,600,480x270,2.0111479999999915,,
2025-12-16T05:54:33.706Z,1.033,1,600,480x270,1.9450689999999895,,
2025-12-16T05:54:34.037Z,1.01,1,600,480x270,1.9970309999999927,,
2025-12-16T05:54:34.373Z,1.257,1,600,480x270,1.9701729999999884,,
2025-12-16T05:54:35.277Z,0.949,1,600,480x270,1.9564680000000294,,
2025-12-16T05:54:35.649Z,0.919,1,600,480x270,1.9859839999999735,,
2025-12-16T05:54:36.041Z,1.153,1,600,480x270,2.000390999999979,,
2025-12-16T05:54:36.380Z,1.16,1,600,480x270,1.967129,,
2025-12-16T05:54:37.217Z,0.838,1,600,480x270,1.9307379999999625,,
2025-12-16T05:54:37.547Z,1.07,1,600,480x270,2.0038190000000213,,
2025-12-16T05:54:37.921Z,1.191,1,600,480x270,1.9197399999999902,,
2025-12-16T05:54:38.801Z,0.731,1,600,480x270,1.9356300000000033,,
2025-12-16T05:54:39.181Z,0.957,1,600,480x270,1.9520710000000463,,
2025-12-16T05:54:39.637Z,0.934,1,600,480x270,1.997536000000025,,
2025-12-16T05:54:39.976Z,1.161,1,600,480x270,1.9702399999999898,,
2025-12-16T05:54:40.839Z,0.875,1,600,480x270,1.9994969999999626,,
2025-12-16T05:54:41.182Z,0.881,1,600,480x270,1.9649749999999813,,
2025-12-16T05:54:41.513Z,1.02,1,600,480x270,1.927628000000027,,
2025-12-16T05:54:42.352Z,0.793,1,600,480x270,2.0000220000000013,,
2025-12-16T05:54:42.719Z,0.931,1,600,480x270,1.9200519999999983,,
2025-12-16T05:54:42.967Z,1.064,1,600,480x270,1.9810939999999846,,
2025-12-16T05:54:43.778Z,0.967,1,600,480x270,1.9710479999999961,,
2025-12-16T05:54:44.061Z,0.974,1,600,480x270,1.9794919999999934,,
2025-12-16T05:54:44.329Z,1.396,1,600,480x270,1.9147980000000189,,
2025-12-16T05:54:45.298Z,0.865,1,600,480x270,1.9408599999999865,,
2025-12-16T05:54:45.671Z,1.032,1,600,480x270,1.9643700000000308,,
2025-12-16T05:54:45.994Z,1.058,1,600,480x270,1.9368709999999965,,
2025-12-16T05:54:46.882Z,0.765,1,600,480x270,1.952703999999983,,
2025-12-16T05:54:47.279Z,1,1,600,480x270,1.9783419999999978,,
2025-12-16T05:54:47.637Z,0.981,1,600,480x270,2.011530999999991,,
2025-12-16T05:54:48.083Z,1.201,1,600,480x270,1.9522100000000364,,
2025-12-16T05:54:48.513Z,1.149,1,600,480x270,1.9291969999999878,,
2025-12-16T05:54:49.403Z,0.875,1,600,480x270,1.9349730000000136,,
2025-12-16T05:54:49.844Z,0.838,1,600,480x270,1.9925170000000207,,
2025-12-16T05:54:50.267Z,0.811,1,600,480x270,1.97565000000003,,
2025-12-16T05:54:50.724Z,1.001,1,600,480x270,1.92331200000001,,
2025-12-16T05:54:51.078Z,1.01,1,600,480x270,1.955253999999968,,
2025-12-16T05:54:51.493Z,1.261,1,600,480x270,1.958629999999971,,
2025-12-16T05:54:52.419Z,0.684,1,600,480x270,1.925188999999989,,
2025-12-16T05:54:52.830Z,0.842,1,600,480x270,1.9060429999999542,,
2025-12-16T05:54:53.275Z,0.895,1,600,480x270,1.9631370000000175,,
2025-12-16T05:54:53.694Z,0.846,1,600,480x270,1.9389600000000087,,
2025-12-16T05:54:54.123Z,1.078,1,600,480x270,1.923511000000019,,
2025-12-16T05:54:54.507Z,1.055,1,600,480x270,1.9361769999999865,,
2025-12-16T05:54:55.295Z,0.769,1,600,480x270,1.957386999999983,,
2025-12-16T05:54:55.594Z,0.981,1,600,480x270,1.948802999999998,,
2025-12-16T05:54:55.915Z,1.21,1,600,480x270,1.9293250000000057,,
2025-12-16T05:54:56.758Z,0.894,1,600,480x270,1.974901999999986,,
2025-12-16T05:54:57.113Z,0.999,1,600,480x270,1.9205069999999864,,
2025-12-16T05:54:57.193Z,1.371,2,1000,640x360,1.9488210000000095,,
2025-12-16T05:54:57.751Z,0.834,2,1000,640x360,1.9958579999999984,,
2025-12-16T05:54:57.820Z,1.254,1,600,480x270,1.9266210000000115,,
2025-12-16T05:54:58.162Z,0.886,1,600,480x270,1.9814890000000105,,
2025-12-16T05:54:58.515Z,1.019,1,600,480x270,1.922693000000038,,
2025-12-16T05:54:59.345Z,0.755,1,600,480x270,2.019105999999965,,
2025-12-16T05:54:59.721Z,0.946,1,600,480x270,1.9197619999999915,,
2025-12-16T05:55:00.037Z,1.075,1,600,480x270,1.9997849999999744,,
2025-12-16T05:55:00.353Z,1.218,1,600,480x270,1.9806320000000142,,
2025-12-16T05:55:01.226Z,0.875,1,600,480x270,1.9197580000000016,,
2025-12-16T05:55:01.575Z,1.108,1,600,480x270,1.9612999999999943,,
2025-12-16T05:55:01.924Z,1.278,1,600,480x270,1.9083549999999718,,
2025-12-16T05:55:02.794Z,0.78,1,600,480x270,1.943273999999974,,
2025-12-16T05:55:03.167Z,1.006,1,600,480x270,1.9877890000000207,,
2025-12-16T05:55:03.680Z,0.983,1,600,480x270,1.958073000000013,,
2025-12-16T05:55:04.117Z,0.942,1,600,480x270,1.9237469999999917,,
2025-12-16T05:55:04.485Z,1.176,1,600,480x270,1.9586740000000304,,
2025-12-16T05:55:05.326Z,0.896,1,600,480x270,1.9216779999999858,,
2025-12-16T05:55:05.714Z,0.851,1,600,480x270,1.91974799999997,,
2025-12-16T05:55:06.119Z,1.082,1,600,480x270,1.9227980000000002,,
2025-12-16T05:55:06.500Z,1.06,1,600,480x270,1.944913999999983,,
2025-12-16T05:55:07.384Z,0.779,1,600,480x270,1.9683259999999905,,
2025-12-16T05:55:07.767Z,0.948,1,600,480x270,1.9779019999999718,,
2025-12-16T05:55:08.149Z,0.968,1,600,480x270,1.9959910000000036,,
2025-12-16T05:55:08.539Z,1.221,1,600,480x270,2.020249999999976,,
2025-12-16T05:55:08.933Z,1.17,1,600,480x270,2.008043999999984,,
2025-12-16T05:55:09.798Z,0.873,1,600,480x270,1.9417640000000347,,
2025-12-16T05:55:10.133Z,1.11,1,600,480x270,2.004167000000052,,
2025-12-16T05:55:10.487Z,1.081,1,600,480x270,1.9512300000000096,,
2025-12-16T05:55:11.358Z,0.772,1,600,480x270,1.9987959999999703,,
2025-12-16T05:55:11.721Z,0.904,1,600,480x270,1.9234569999999849,,
2025-12-16T05:55:12.136Z,0.96,1,600,480x270,1.999826999999982,,
2025-12-16T05:55:12.559Z,1.146,1,600,480x270,1.9805549999999812,,
2025-12-16T05:55:13.028Z,1.171,1,600,480x270,1.9042680000000018,,
2025-12-16T05:55:13.433Z,1.135,1,600,480x270,2.0028069999999616,,
2025-12-16T05:55:14.358Z,0.801,1,600,480x270,1.9937770000000228,,
2025-12-16T05:55:14.739Z,0.814,1,600,480x270,1.9988160000000335,,
2025-12-16T05:55:15.119Z,1.046,1,600,480x270,1.9155280000000516,,
2025-12-16T05:55:15.487Z,1.232,1,600,480x270,1.9587619999999788,,
2025-12-16T05:55:16.839Z,0.469,1,600,480x270,2.0072569999999814,,
2025-12-16T05:55:16.930Z,0.696,0,200,320x180,1.9154649999999833,,
2025-12-16T05:55:17.216Z,0.822,0,200,320x180,1.9278699999999844,,
2025-12-16T05:55:17.525Z,1.007,0,200,320x180,1.9255469999999946,,
2025-12-16T05:55:17.839Z,1.191,0,200,320x180,1.9971050000000332,,
2025-12-16T05:55:18.189Z,1.324,0,200,320x180,1.9534590000000094,,
2025-12-16T05:55:18.274Z,1.348,1,600,480x270,1.975958999999989,,
2025-12-16T05:55:19.217Z,0.552,1,600,480x270,1.928274999999985,,
2025-12-16T05:55:19.285Z,0.803,0,200,320x180,1.9714460000000145,,
2025-12-16T05:55:19.636Z,0.901,0,200,320x180,2.0082629999999995,,
2025-12-16T05:55:19.707Z,0.9,3,1500,768x432,1.9363160000000335,,
2025-12-16T05:55:20.304Z,0.248,3,1500,768x432,1.960642000000007,,rebuffer happen
2025-12-16T05:55:20.528Z,0.018,3,1500,768x432,1.9335389999999961,,rebuffer happen
2025-12-16T05:55:22.316Z,0.018,3,1500,768x432,3.7235390000000166,,
2025-12-16T05:55:22.402Z,0.475,0,200,320x180,3.747431000000006,,
2025-12-16T05:55:22.687Z,0.506,0,200,320x180,3.6152790000000437,,
2025-12-16T05:55:23.034Z,0.553,0,200,320x180,3.490224000000012,,
2025-12-16T05:55:23.296Z,0.636,0,200,320x180,3.3794660000000363,,
2025-12-16T05:55:23.408Z,0.994,0,200,320x180,3.3034269999999992,,
2025-12-16T05:55:23.476Z,0.953,2,1000,640x360,3.2954330000000027,,
2025-12-16T05:55:23.937Z,0.445,2,1000,640x360,3.105107999999973,,
2025-12-16T05:55:24.026Z,0.635,0,200,320x180,2.9711340000000064,,
2025-12-16T05:55:24.151Z,0.918,0,200,320x180,3.0258870000000115,,
2025-12-16T05:55:24.227Z,0.917,1,600,480x270,2.911350999999968,,
2025-12-16T05:55:24.526Z,0.399,1,600,480x270,2.762429999999995,,
2025-12-16T05:55:24.604Z,0.856,0,200,320x180,2.756559999999979,,
2025-12-16T05:55:24.755Z,0.933,0,200,320x180,2.71786000000003,,
2025-12-16T05:55:24.822Z,1.002,1,600,480x270,2.617886999999996,,
2025-12-16T05:55:25.241Z,0.608,1,600,480x270,2.604220000000055,,
2025-12-16T05:55:25.627Z,0.42,1,600,480x270,2.380745999999988,,
2025-12-16T05:55:25.714Z,0.866,0,200,320x180,2.3512170000000197,,
2025-12-16T05:55:25.839Z,1.018,0,200,320x180,2.3768329999999764,,
2025-12-16T05:55:25.916Z,1.066,2,1000,640x360,2.270879999999977,,
2025-12-16T05:55:26.483Z,0.371,2,1000,640x360,2.136825999999985,,
2025-12-16T05:55:26.555Z,0.73,1,600,480x270,2.1556229999999914,,
2025-12-16T05:55:26.900Z,0.23,1,600,480x270,2.0385989999999765,,rebuffer happen
2025-12-16T05:55:26.932Z,0.23,1,600,480x270,2.097058000000004,,
2025-12-16T05:55:27.359Z,0.445,1,600,480x270,2.0295469999999796,,
2025-12-16T05:55:27.668Z,0.627,1,600,480x270,1.9985110000000077,,
2025-12-16T05:55:28.007Z,0.586,1,600,480x270,1.9506279999999947,,
2025-12-16T05:55:28.351Z,0.84,1,600,480x270,2.004312999999968,,
2025-12-16T05:55:28.719Z,0.973,1,600,480x270,1.9229629999999815,,
2025-12-16T05:55:29.072Z,1.016,1,600,480x270,1.9680299999999988,,
2025-12-16T05:55:29.442Z,1.26,1,600,480x270,2.0200510000000236,,
2025-12-16T05:55:30.264Z,0.954,1,600,480x270,1.9736859999999865,,
2025-12-16T05:55:30.710Z,0.922,1,600,480x270,1.929817000000014,,
2025-12-16T05:55:30.780Z,1.297,0,200,320x180,1.9540739999999914,,
2025-12-16T05:55:30.959Z,1.556,0,200,320x180,1.974486000000013,,
2025-12-16T05:55:31.038Z,1.569,1,600,480x270,1.894439000000034,,
2025-12-16T05:55:31.490Z,1.111,1,600,480x270,1.9437769999999546,,
2025-12-16T05:55:31.568Z,1.538,0,200,320x180,1.9651660000000106,,
2025-12-16T05:55:31.744Z,1.784,0,200,320x180,1.9987820000000056,,
2025-12-16T05:55:31.819Z,1.784,2,1000,640x360,1.924258000000009,,
2025-12-16T05:55:33.108Z,0.522,2,1000,640x360,1.931711000000007,,
2025-12-16T05:55:33.191Z,0.922,1,600,480x270,1.9507300000000214,,
2025-12-16T05:55:33.726Z,0.507,1,600,480x270,1.9245160000000396,,
2025-12-16T05:55:33.794Z,0.809,0,200,320x180,1.9484919999999875,,
2025-12-16T05:55:33.990Z,1.046,0,200,320x180,1.9529909999999973,,
2025-12-16T05:55:34.061Z,0.995,1,600,480x270,1.9737259999999992,,
2025-12-16T05:55:34.712Z,0.451,1,600,480x270,1.9438359999999761,,
2025-12-16T05:55:34.778Z,0.79,0,200,320x180,1.9688360000000102,,
2025-12-16T05:55:34.982Z,1.027,0,200,320x180,1.9635250000000042,,
2025-12-16T05:55:35.060Z,1.052,2,1000,640x360,1.9754080000000158,,
2025-12-16T05:55:35.870Z,0.377,2,1000,640x360,1.9713489999999751,,
2025-12-16T05:55:35.946Z,0.594,0,200,320x180,1.9874530000000163,,
2025-12-16T05:55:36.142Z,0.795,0,200,320x180,1.9997979999999984,,
2025-12-16T05:55:36.210Z,0.84,2,1000,640x360,1.9370830000000296,,
2025-12-16T05:55:36.743Z,0.289,2,1000,640x360,2.003973999999971,,rebuffer happen
2025-12-16T05:55:36.861Z,0.289,2,1000,640x360,1.9729979999999614,,
2025-12-16T05:55:36.942Z,0.668,1,600,480x270,1.8909719999999766,,
2025-12-16T05:55:37.264Z,0.284,1,600,480x270,1.9892900000000395,,rebuffer happen
2025-12-16T05:55:37.306Z,0.241,1,600,480x270,1.945474000000047,,
2025-12-16T05:55:37.679Z,0.364,1,600,480x270,1.9703629999999634,,
2025-12-16T05:55:38.103Z,0.474,1,600,480x270,1.9442490000000134,,
2025-12-16T05:55:38.467Z,0.634,1,600,480x270,1.991200000000049,,
2025-12-16T05:55:38.876Z,0.674,1,600,480x270,1.9717020000000502,,
2025-12-16T05:55:39.329Z,0.88,1,600,480x270,1.924695999999983,,
2025-12-16T05:55:39.648Z,1.003,1,600,480x270,1.9890080000000125,,
2025-12-16T05:55:39.980Z,1.11,1,600,480x270,1.9502170000000092,,
2025-12-16T05:55:41.085Z,0.539,1,600,480x270,1.949296000000004,,
2025-12-16T05:55:41.457Z,0.677,1,600,480x270,1.9970710000000054,,
2025-12-16T05:55:41.803Z,0.748,1,600,480x270,1.9329609999999775,,
2025-12-16T05:55:42.172Z,0.936,1,600,480x270,1.9706580000000145,,
2025-12-16T05:55:42.584Z,0.953,1,600,480x270,1.9629889999999932,,
2025-12-16T05:55:42.802Z,1.444,1,600,480x270,1.9305190000000039,,
2025-12-16T05:55:43.511Z,1.153,1,600,480x270,1.9306229999999687,,
2025-12-16T05:55:44.240Z,0.863,1,600,480x270,2.0050979999999754,,
2025-12-16T05:55:44.638Z,1.098,1,600,480x270,2.003386999999975,,
2025-12-16T05:55:44.966Z,1.063,1,600,480x270,1.9704580000000078,,
2025-12-16T05:55:45.828Z,0.771,1,600,480x270,1.9152589999999918,,
2025-12-16T05:55:46.159Z,0.936,1,600,480x270,1.979996999999969,,
2025-12-16T05:55:46.492Z,1.077,1,600,480x270,1.9554200000000037,,
2025-12-16T05:55:47.722Z,0.395,1,600,480x270,1.9124810000000139,,
2025-12-16T05:55:48.138Z,0.597,1,600,480x270,2.001576,,
2025-12-16T05:55:48.408Z,0.73,1,600,480x270,1.9275309999999877,,
2025-12-16T05:55:48.633Z,1.102,1,600,480x270,2.0023160000000075,,
2025-12-16T05:55:48.867Z,1.344,1,600,480x270,1.9706639999999993,,
2025-12-16T05:55:49.640Z,1.056,1,600,480x270,2.004308999999978,,
2025-12-16T05:55:49.964Z,1.228,1,600,480x270,1.9704289999999673,,
2025-12-16T05:55:50.853Z,0.706,1,600,480x270,1.9869339999999625,,
2025-12-16T05:55:51.213Z,0.947,1,600,480x270,1.9183659999999918,,
2025-12-16T05:55:51.500Z,1.174,1,600,480x270,1.9312270000000353,,
2025-12-16T05:55:52.454Z,0.63,1,600,480x270,1.987004000000013,,
2025-12-16T05:55:52.922Z,0.784,1,600,480x270,1.9190760000000182,,
2025-12-16T05:55:53.367Z,0.819,1,600,480x270,1.9738839999999982,,
2025-12-16T05:55:53.818Z,0.79,1,600,480x270,1.9212200000000053,,
2025-12-16T05:55:54.249Z,0.811,1,600,480x270,1.9976890000000367,,
2025-12-16T05:55:54.594Z,0.945,1,600,480x270,1.955933000000016,,
2025-12-16T05:55:54.918Z,1.238,1,600,480x270,1.9219489999999837,,
2025-12-16T05:55:55.820Z,0.952,1,600,480x270,1.9231070000000159,,
2025-12-16T05:55:56.139Z,0.913,1,600,480x270,2.006461999999999,,
2025-12-16T05:55:56.410Z,1.131,1,600,480x270,1.9342939999999658,,
2025-12-16T05:55:57.124Z,1.099,1,600,480x270,1.9191619999999716,,
2025-12-16T05:55:57.192Z,1.344,2,1000,640x360,1.9482740000000263,,
2025-12-16T05:55:57.519Z,1.013,2,1000,640x360,1.9192749999999705,,
2025-12-16T05:55:57.597Z,1.512,1,600,480x270,1.9459170000000086,,
2025-12-16T05:55:57.843Z,1.309,1,600,480x270,1.9910360000000082,,
2025-12-16T05:55:58.775Z,1.018,1,600,480x270,1.9722510000000284,,
2025-12-16T05:55:59.257Z,0.975,1,600,480x270,2.0030929999999785,,
2025-12-16T05:55:59.333Z,1.233,2,1000,640x360,1.9337400000000002,,
2025-12-16T05:55:59.924Z,0.694,2,1000,640x360,1.9174239999999827,,
2025-12-16T05:56:00.006Z,1.109,1,600,480x270,1.9407659999999964,,
2025-12-16T05:56:00.301Z,0.922,1,600,480x270,1.940729000000033,,
2025-12-16T05:56:00.687Z,0.885,1,600,480x270,1.957100999999966,,
2025-12-16T05:56:00.979Z,1.118,1,600,480x270,1.952449999999999,,
2025-12-16T05:56:01.828Z,0.825,1,600,480x270,1.9109750000000076,,
2025-12-16T05:56:02.164Z,1.058,1,600,480x270,1.9873900000000049,,
2025-12-16T05:56:02.234Z,1.371,2,1000,640x360,1.9249189999999885,,
2025-12-16T05:56:02.744Z,1.039,2,1000,640x360,1.99796699999996,,
2025-12-16T05:56:02.828Z,1.271,1,600,480x270,1.9123989999999935,,
2025-12-16T05:56:03.129Z,0.993,1,600,480x270,1.910628000000031,,
2025-12-16T05:56:03.453Z,1.218,1,600,480x270,2.003577000000007,,
2025-12-16T05:56:04.283Z,0.891,1,600,480x270,1.959116999999992,,
2025-12-16T05:56:04.629Z,0.901,1,600,480x270,1.9088019999999801,,
2025-12-16T05:56:05.039Z,1.134,1,600,480x270,1.995644000000027,,
2025-12-16T05:56:05.453Z,1.103,1,600,480x270,1.9892520000000218,,
2025-12-16T05:56:06.305Z,0.82,1,600,480x270,1.94228099999998,,
2025-12-16T05:56:06.617Z,0.97,1,600,480x270,1.9230029999999942,,
2025-12-16T05:56:06.928Z,1.107,1,600,480x270,1.9054390000000012,,
2025-12-16T05:56:07.763Z,0.992,1,600,480x270,1.9812019999999961,,
2025-12-16T05:56:08.180Z,0.953,1,600,480x270,1.9578050000000076,,
2025-12-16T05:56:08.508Z,1.171,1,600,480x270,1.9274580000000014,,
2025-12-16T05:56:09.358Z,0.896,1,600,480x270,1.98688599999997,,
2025-12-16T05:56:09.757Z,0.86,1,600,480x270,1.9757840000000328,,
2025-12-16T05:56:10.217Z,0.838,1,600,480x270,1.9294980000000237,,
2025-12-16T05:56:10.593Z,1.002,1,600,480x270,1.9442430000000286,,
2025-12-16T05:56:10.958Z,1.13,1,600,480x270,1.9735850000000141,,
2025-12-16T05:56:11.860Z,0.733,1,600,480x270,1.9773270000000025,,
2025-12-16T05:56:12.273Z,0.962,1,600,480x270,1.9643749999999613,,
2025-12-16T05:56:12.677Z,0.935,1,600,480x270,1.9627309999999625,,
2025-12-16T05:56:12.971Z,1.171,1,600,480x270,1.961765000000014,,
2025-12-16T05:56:13.731Z,0.861,1,600,480x270,2.0003019999999765,,
2025-12-16T05:56:14.008Z,1.097,1,600,480x270,1.9252870000000257,,
2025-12-16T05:56:14.989Z,0.54,1,600,480x270,1.9445389999999634,,
2025-12-16T05:56:15.755Z,0.527,1,600,480x270,1.992541000000017,,
2025-12-16T05:56:16.316Z,0.237,1,600,480x270,1.9411000000000058,,rebuffer happen
2025-12-16T05:56:16.324Z,0.237,1,600,480x270,1.9326680000000351,,
2025-12-16T05:56:16.680Z,0.465,1,600,480x270,1.976114999999993,,
2025-12-16T05:56:17.248Z,0.419,1,600,480x270,1.992804000000035,,
2025-12-16T05:56:17.333Z,0.783,0,200,320x180,1.906774999999982,,
2025-12-16T05:56:17.536Z,0.981,0,200,320x180,1.9990720000000124,,
2025-12-16T05:56:17.607Z,0.994,3,1500,768x432,1.9275650000000155,,
2025-12-16T05:56:18.434Z,0.101,3,1500,768x432,2.0064629999999966,,rebuffer happen
2025-12-16T05:56:18.509Z,0.026,3,1500,768x432,1.9316269999999918,,rebuffer happen
2025-12-16T05:56:19.187Z,0.026,3,1500,768x432,2.6316269999999804,,
2025-12-16T05:56:19.261Z,0.469,0,200,320x180,2.68174700000003,,
2025-12-16T05:56:19.434Z,0.717,0,200,320x180,2.6156330000000025,,
2025-12-16T05:56:19.727Z,0.793,0,200,320x180,2.393150999999989,,
2025-12-16T05:56:20.084Z,0.787,0,200,320x180,2.2952810000000454,,
2025-12-16T05:56:20.160Z,0.776,1,600,480x270,2.301050000000032,,
2025-12-16T05:56:20.623Z,0.09,1,600,480x270,2.1005239999999503,,rebuffer happen
2025-12-16T05:56:20.677Z,0.024,1,600,480x270,2.1274569999999926,,rebuffer happen
2025-12-16T05:56:20.987Z,0.024,1,600,480x270,2.4294570000000135,,
2025-12-16T05:56:21.069Z,0.524,0,200,320x180,2.461338000000012,,
2025-12-16T05:56:21.299Z,0.638,0,200,320x180,2.37745799999999,,
2025-12-16T05:56:21.380Z,0.663,1,600,480x270,2.356228999999985,,
2025-12-16T05:56:21.737Z,0.057,1,600,480x270,2.2656069999999886,,rebuffer happen
2025-12-16T05:56:21.761Z,0.026,1,600,480x270,2.234983999999997,,rebuffer happen
2025-12-16T05:56:22.102Z,0.026,1,600,480x270,2.539984000000004,,
2025-12-16T05:56:22.178Z,0.526,0,200,320x180,2.5682750000000283,,
2025-12-16T05:56:22.387Z,0.704,0,200,320x180,2.5095170000000167,,
2025-12-16T05:56:22.621Z,0.796,0,200,320x180,2.3744370000000004,,
2025-12-16T05:56:22.883Z,0.995,0,200,320x180,2.303792000000044,,
2025-12-16T05:56:22.960Z,0.992,1,600,480x270,2.2923270000000002,,
2025-12-16T05:56:23.448Z,0.374,1,600,480x270,2.1734860000000253,,
2025-12-16T05:56:23.520Z,0.755,0,200,320x180,2.0855680000000234,,
2025-12-16T05:56:23.621Z,1.043,0,200,320x180,2.0489109999999755,,
2025-12-16T05:56:23.691Z,1.043,2,1000,640x360,2.0664639999999963,,
2025-12-16T05:56:24.413Z,0.17,2,1000,640x360,1.9780799999999772,,rebuffer happen
2025-12-16T05:56:24.458Z,0.17,2,1000,640x360,2.0245890000000486,,
2025-12-16T05:56:24.537Z,0.599,1,600,480x270,2.0409570000000485,,
2025-12-16T05:56:24.851Z,0.206,1,600,480x270,2.0136570000000233,,rebuffer happen
2025-12-16T05:56:25.031Z,0.022,1,600,480x270,1.9381309999999985,,rebuffer happen
2025-12-16T05:56:25.119Z,0.022,1,600,480x270,2.0251309999999876,,
2025-12-16T05:56:25.568Z,0.037,1,600,480x270,2.0460110000000213,,rebuffer happen
2025-12-16T05:56:25.581Z,0.023,1,600,480x270,2.031778000000031,,rebuffer happen
2025-12-16T05:56:25.672Z,0.023,1,600,480x270,2.1257780000000253,,
2025-12-16T05:56:25.944Z,0.249,1,600,480x270,2.1649300000000267,,rebuffer happen
2025-12-16T05:56:26.025Z,0.249,1,600,480x270,2.067996999999991,,
2025-12-16T05:56:26.358Z,0.315,1,600,480x270,2.075503000000026,,
2025-12-16T05:56:26.730Z,0.394,1,600,480x270,1.9608080000000427,,
2025-12-16T05:56:27.112Z,0.496,1,600,480x270,1.9631359999999631,,
2025-12-16T05:56:27.462Z,0.625,1,600,480x270,1.9984060000000454,,
2025-12-16T05:56:27.726Z,0.839,1,600,480x270,1.9292009999999777,,
2025-12-16T05:56:28.066Z,1.069,1,600,480x270,1.975437999999997,,
2025-12-16T05:56:28.408Z,1.307,1,600,480x270,1.9325779999999781,,
2025-12-16T05:56:29.308Z,0.755,1,600,480x270,1.958374000000049,,
2025-12-16T05:56:29.625Z,0.965,1,600,480x270,1.9330779999999663,,
2025-12-16T05:56:29.992Z,1.095,1,600,480x270,1.9431800000000408,,
2025-12-16T05:56:31.434Z,0.099,1,600,480x270,2.004916000000037,,rebuffer happen
2025-12-16T05:56:31.503Z,0.03,1,600,480x270,1.9357080000000337,,rebuffer happen
2025-12-16T05:56:31.625Z,0.03,1,600,480x270,2.037708000000009,,
2025-12-16T05:56:32.042Z,0.08,1,600,480x270,2.093261000000041,,rebuffer happen
2025-12-16T05:56:32.103Z,0.019,1,600,480x270,2.0326780000000326,,rebuffer happen
2025-12-16T05:56:32.226Z,0.019,1,600,480x270,2.123678000000041,,
2025-12-16T05:56:32.503Z,0.223,1,600,480x270,2.128174999999999,,rebuffer happen
2025-12-16T05:56:32.670Z,0.026,1,600,480x270,2.1318790000000263,,rebuffer happen
2025-12-16T05:56:32.690Z,0.026,1,600,480x270,2.1318790000000263,,
2025-12-16T05:56:32.771Z,0.526,0,200,320x180,2.1575200000000336,,
2025-12-16T05:56:32.900Z,0.818,0,200,320x180,2.136193999999989,,
2025-12-16T05:56:32.977Z,0.781,3,1500,768x432,2.1358559999999898,,
2025-12-16T05:56:33.477Z,0.17,3,1500,768x432,2.087579000000005,,rebuffer happen
2025-12-16T05:56:33.605Z,0.024,3,1500,768x432,2.026837999999998,,rebuffer happen
2025-12-16T05:56:34.370Z,0.024,3,1500,768x432,2.8278379999999856,,
2025-12-16T05:56:34.468Z,0.517,1,600,480x270,2.8107779999999707,,
2025-12-16T05:56:34.659Z,0.115,1,600,480x270,2.729980000000012,,rebuffer happen
2025-12-16T05:56:34.739Z,0.022,1,600,480x270,2.73112900000001,,rebuffer happen
2025-12-16T05:56:35.024Z,0.022,1,600,480x270,2.933129000000008,,
2025-12-16T05:56:35.269Z,0.296,1,600,480x270,2.999925000000019,,rebuffer happen
2025-12-16T05:56:35.362Z,0.296,1,600,480x270,2.960698999999977,,
2025-12-16T05:56:35.437Z,0.592,0,200,320x180,2.9486330000000294,,
2025-12-16T05:56:35.620Z,0.792,0,200,320x180,2.7778519999999958,,
2025-12-16T05:56:35.691Z,0.771,1,600,480x270,2.781776999999977,,
2025-12-16T05:56:36.061Z,0.113,1,600,480x270,2.6161500000000046,,rebuffer happen
2025-12-16T05:56:36.156Z,0.017,1,600,480x270,2.624732999999992,,rebuffer happen
2025-12-16T05:56:36.176Z,0.017,1,600,480x270,2.624732999999992,,
2025-12-16T05:56:36.487Z,0.206,1,600,480x270,2.6180860000000052,,rebuffer happen
2025-12-16T05:56:36.623Z,0.006,1,600,480x270,2.511977999999999,,rebuffer happen
2025-12-16T05:56:36.696Z,0.006,1,600,480x270,2.6179779999999937,,
2025-12-16T05:56:36.764Z,0.506,0,200,320x180,2.654851000000008,,
2025-12-16T05:56:36.969Z,0.621,0,200,320x180,2.601180999999997,,
2025-12-16T05:56:37.044Z,0.691,1,600,480x270,2.5841400000000476,,
2025-12-16T05:56:37.421Z,0.081,1,600,480x270,2.3939439999999763,,rebuffer happen
2025-12-16T05:56:37.458Z,0.03,1,600,480x270,2.4390999999999963,,rebuffer happen
2025-12-16T05:56:37.583Z,0.03,1,600,480x270,2.5430999999999813,,
2025-12-16T05:56:37.658Z,0.53,0,200,320x180,2.5749000000000137,,
2025-12-16T05:56:37.882Z,0.698,0,200,320x180,2.4962730000000306,,
2025-12-16T05:56:37.949Z,0.626,1,600,480x270,2.4918349999999805,,
2025-12-16T05:56:38.253Z,0.241,1,600,480x270,2.4463340000000358,,rebuffer happen
2025-12-16T05:56:38.325Z,0.203,1,600,480x270,2.3627800000000434,,
2025-12-16T05:56:38.642Z,0.288,1,600,480x270,2.4015169999999557,,rebuffer happen
2025-12-16T05:56:38.668Z,0.288,1,600,480x270,2.3655489999999872,,
2025-12-16T05:56:38.986Z,0.6,1,600,480x270,2.2253220000000056,,
2025-12-16T05:56:39.306Z,0.738,1,600,480x270,2.2021159999999895,,
2025-12-16T05:56:39.640Z,0.644,1,600,480x270,2.1802339999999845,,
2025-12-16T05:56:39.981Z,0.824,1,600,480x270,2.0714740000000234,,
2025-12-16T05:56:40.393Z,0.719,1,600,480x270,2.014423000000022,,
2025-12-16T05:56:40.678Z,0.93,1,600,480x270,2.005912999999964,,
2025-12-16T05:56:41.039Z,1.152,1,600,480x270,2.0154280000000426,,
2025-12-16T05:56:41.368Z,1.388,1,600,480x270,1.9968650000000139,,
2025-12-16T05:56:42.185Z,1.069,1,600,480x270,1.9636209999999892,,
2025-12-16T05:56:42.516Z,1.04,1,600,480x270,1.9315189999999802,,
2025-12-16T05:56:43.351Z,0.745,1,600,480x270,2.007975999999985,,
2025-12-16T05:56:43.707Z,0.974,1,600,480x270,1.936382999999978,,
2025-12-16T05:56:44.030Z,1.201,1,600,480x270,1.9169929999999908,,
2025-12-16T05:56:44.366Z,1.165,1,600,480x270,1.96726799999999,,
2025-12-16T05:56:45.316Z,0.872,1,600,480x270,1.9291350000000307,,
2025-12-16T05:56:45.681Z,0.947,1,600,480x270,1.9630399999999781,,
2025-12-16T05:56:46.006Z,1.078,1,600,480x270,1.9351489999999671,,
2025-12-16T05:56:46.869Z,0.774,1,600,480x270,1.9712299999999914,,
2025-12-16T05:56:47.150Z,0.99,1,600,480x270,2.002272000000005,,
2025-12-16T05:56:47.445Z,1.139,1,600,480x270,2.002488000000028,,
2025-12-16T05:56:48.249Z,0.945,1,600,480x270,1.9866219999999544,,
2025-12-16T05:56:48.518Z,1.041,1,600,480x270,1.9219190000000026,,
2025-12-16T05:56:49.253Z,0.894,1,600,480x270,1.9892199999999889,,
2025-12-16T05:56:49.283Z,1.281,1,600,480x270,1.9583399999999642,,
2025-12-16T05:56:49.360Z,1.75,0,200,320x180,1.9888109999999983,,
2025-12-16T05:56:49.455Z,2.055,0,200,320x180,1.9871459999999956,,
2025-12-16T05:56:49.529Z,2.077,3,1500,768x432,1.9130710000000022,,
2025-12-16T05:56:50.853Z,0.797,3,1500,768x432,1.9919639999999958,,
2025-12-16T05:56:50.934Z,1.176,1,600,480x270,1.9099239999999895,,
2025-12-16T05:56:51.322Z,0.782,1,600,480x270,1.9286920000000123,,
2025-12-16T05:56:51.727Z,1.011,1,600,480x270,1.915899999999965,,
2025-12-16T05:56:52.107Z,0.952,1,600,480x270,1.9303029999999808,,
2025-12-16T05:56:52.481Z,1.101,1,600,480x270,1.9723429999999667,,
2025-12-16T05:56:53.412Z,0.637,1,600,480x270,1.928132000000005,,
2025-12-16T05:56:53.812Z,0.869,1,600,480x270,1.9319479999999771,,
2025-12-16T05:56:54.227Z,0.844,1,600,480x270,1.919764999999984,,
2025-12-16T05:56:54.648Z,1.074,1,600,480x270,1.989970000000028,,
2025-12-16T05:56:55.014Z,1.047,1,600,480x270,1.9267370000000028,,
2025-12-16T05:56:55.901Z,0.753,1,600,480x270,1.944956999999988,,
2025-12-16T05:56:56.305Z,0.922,1,600,480x270,1.9315990000000056,,
2025-12-16T05:56:56.720Z,0.954,1,600,480x270,1.9196620000000166,,
2025-12-16T05:56:57.137Z,0.925,1,600,480x270,2.0033300000000054,,
2025-12-16T05:56:57.786Z,0.888,1,600,480x270,1.9496969999999578,,
2025-12-16T05:56:57.876Z,1.241,0,200,320x180,1.969795999999974,,
2025-12-16T05:56:58.517Z,1.039,0,200,320x180,1.929821000000004,,
2025-12-16T05:56:59.092Z,0.936,0,200,320x180,1.940624000000014,,
2025-12-16T05:56:59.525Z,1.012,0,200,320x180,1.9184920000000147,,
2025-12-16T05:57:00.071Z,0.957,0,200,320x180,1.9731080000000247,,
2025-12-16T05:57:00.151Z,0.956,1,600,480x270,1.995408999999995,,
2025-12-16T05:57:00.477Z,0.627,1,600,480x270,1.9704930000000331,,
2025-12-16T05:57:00.556Z,1.067,0,200,320x180,2.0019190000000435,,
2025-12-16T05:57:00.968Z,1.064,0,200,320x180,1.9735230000000001,,
2025-12-16T05:57:01.433Z,1.088,0,200,320x180,2.000883999999985,,
2025-12-16T05:57:01.508Z,1.096,1,600,480x270,1.9255719999999883,,
2025-12-16T05:57:02.039Z,0.639,1,600,480x270,1.998201999999992,,
2025-12-16T05:57:02.474Z,0.602,1,600,480x270,1.9615850000000137,,
2025-12-16T05:57:02.945Z,0.84,1,600,480x270,1.987765999999965,,
2025-12-16T05:57:03.403Z,0.825,1,600,480x270,1.9455979999999613,,
2025-12-16T05:57:03.479Z,1.134,0,200,320x180,1.9645439999999894,,
2025-12-16T05:57:03.884Z,1.179,0,200,320x180,1.9580620000000408,,
2025-12-16T05:57:03.960Z,1.146,1,600,480x270,1.9739759999999933,,
2025-12-16T05:57:04.365Z,0.744,1,600,480x270,1.967979000000014,,
2025-12-16T05:57:04.804Z,0.985,1,600,480x270,1.9298969999999827,,
2025-12-16T05:57:05.236Z,0.952,1,600,480x270,2.0157989999999586,,
2025-12-16T05:57:05.690Z,0.932,1,600,480x270,1.969633999999985,,
2025-12-16T05:57:06.318Z,0.903,1,600,480x270,1.931697999999983,,
2025-12-16T05:57:06.398Z,1.219,0,200,320x180,1.948095999999964,,
2025-12-16T05:57:06.974Z,1.049,0,200,320x180,1.9567560000000412,,
2025-12-16T05:57:07.805Z,0.723,0,200,320x180,1.938545999999974,,
2025-12-16T05:57:08.521Z,0.49,0,200,320x180,1.9283460000000332,,
2025-12-16T05:57:09.148Z,0.41,0,200,320x180,1.9861479999999574,,
2025-12-16T05:57:09.633Z,0.295,0,200,320x180,1.9995080000000485,,rebuffer happen
2025-12-16T05:57:09.708Z,0.349,0,200,320x180,1.9246290000000386,,
2025-12-16T05:57:09.785Z,0.32,1,600,480x270,1.9462800000000016,,
2025-12-16T05:57:09.786Z,0.242,1,600,480x270,1.9455360000000042,,rebuffer happen
2025-12-16T05:57:10.001Z,0.028,1,600,480x270,1.935416000000032,,rebuffer happen
2025-12-16T05:57:10.244Z,0.028,1,600,480x270,2.2324160000000006,,
2025-12-16T05:57:10.331Z,0.515,0,200,320x180,2.138021999999978,,
2025-12-16T05:57:10.816Z,0.321,0,200,320x180,2.0417850000000044,,
2025-12-16T05:57:11.286Z,0.338,0,200,320x180,2.0181589999999687,,
2025-12-16T05:57:11.335Z,0.249,1,600,480x270,2.055702999999994,,rebuffer happen
2025-12-16T05:57:11.364Z,0.249,1,600,480x270,2.024944000000005,,
2025-12-16T05:57:11.552Z,0.023,1,600,480x270,2.034926999999982,,rebuffer happen
2025-12-16T05:57:11.725Z,0.023,1,600,480x270,2.1299269999999524,,
2025-12-16T05:57:11.801Z,0.523,0,200,320x180,2.168200000000013,,
2025-12-16T05:57:12.157Z,0.524,0,200,320x180,2.138979000000006,,
2025-12-16T05:57:12.234Z,0.489,1,600,480x270,2.134816999999998,,
2025-12-16T05:57:12.552Z,0.065,1,600,480x270,2.067598999999973,,rebuffer happen
2025-12-16T05:57:12.586Z,0.027,1,600,480x270,2.0299459999999954,,rebuffer happen
2025-12-16T05:57:12.635Z,0.027,1,600,480x270,2.1339459999999804,,
2025-12-16T05:57:12.734Z,0.527,0,200,320x180,2.053844999999967,,
2025-12-16T05:57:13.155Z,0.504,0,200,320x180,2.098897999999963,,
2025-12-16T05:57:13.235Z,0.49,2,1000,640x360,2.0070690000000013,,
2025-12-16T05:57:13.373Z,0.243,2,1000,640x360,2.0531310000000076,,rebuffer happen
2025-12-16T05:57:13.571Z,0.021,2,1000,640x360,2.024968000000001,,rebuffer happen
2025-12-16T05:57:14.281Z,0.021,2,1000,640x360,2.728967999999952,,
2025-12-16T05:57:14.357Z,0.475,1,600,480x270,2.7561509999999885,,
2025-12-16T05:57:14.624Z,0.058,1,600,480x270,2.5761079999999765,,rebuffer happen
2025-12-16T05:57:14.638Z,0.037,1,600,480x270,2.641851000000031,,rebuffer happen
2025-12-16T05:57:14.944Z,0.037,1,600,480x270,2.9448510000000283,,
2025-12-16T05:57:15.027Z,0.537,0,200,320x180,2.877832000000012,,
2025-12-16T05:57:15.199Z,0.802,0,200,320x180,2.902006999999969,,
2025-12-16T05:57:15.414Z,0.952,0,200,320x180,2.782466999999997,,
2025-12-16T05:57:15.493Z,0.934,1,600,480x270,2.759340000000009,,
2025-12-16T05:57:15.967Z,0.151,1,600,480x270,2.555330999999967,,rebuffer happen
2025-12-16T05:57:16.039Z,0.045,1,600,480x270,2.5545440000000212,,rebuffer happen
2025-12-16T05:57:16.160Z,0.045,1,600,480x270,2.6525440000000344,,
2025-12-16T05:57:16.510Z,0.114,1,600,480x270,2.5176379999999767,,rebuffer happen
2025-12-16T05:57:16.556Z,0.046,1,600,480x270,2.550209000000052,,rebuffer happen
2025-12-16T05:57:16.653Z,0.046,1,600,480x270,2.6522090000000276,,
2025-12-16T05:57:16.727Z,0.546,0,200,320x180,2.5859290000000215,,
2025-12-16T05:57:17.010Z,0.678,0,200,320x180,2.523280999999997,,
2025-12-16T05:57:17.104Z,0.513,1,600,480x270,2.5037619999999947,,
2025-12-16T05:57:17.259Z,0.266,1,600,480x270,2.480148999999983,,rebuffer happen
2025-12-16T05:57:17.474Z,0.017,1,600,480x270,2.426946999999984,,rebuffer happen
2025-12-16T05:57:17.571Z,0.017,1,600,480x270,2.526947000000007,,
2025-12-16T05:57:17.924Z,0.044,1,600,480x270,2.3512809999999718,,rebuffer happen
2025-12-16T05:57:17.925Z,0.044,1,600,480x270,2.3512809999999718,,rebuffer happen
2025-12-16T05:57:18.026Z,0.044,1,600,480x270,2.45628099999999,,
2025-12-16T05:57:18.097Z,0.544,0,200,320x180,2.4908799999999474,,
2025-12-16T05:57:18.613Z,0.349,0,200,320x180,2.3036299999999983,,
2025-12-16T05:57:18.613Z,0.293,0,200,320x180,2.3033119999999485,,rebuffer happen
2025-12-16T05:57:18.913Z,0.282,0,200,320x180,2.1906419999999684,,rebuffer happen
2025-12-16T05:57:18.973Z,0.302,0,200,320x180,2.2185179999999605,,
2025-12-16T05:57:18.991Z,0.278,0,200,320x180,2.194313999999963,,rebuffer happen
2025-12-16T05:57:19.142Z,0.273,0,200,320x180,2.209840999999983,,rebuffer happen
2025-12-16T05:57:19.399Z,0.282,0,200,320x180,2.1528379999999743,,rebuffer happen
2025-12-16T05:57:19.523Z,0.203,0,200,320x180,2.1389970000000176,,
2025-12-16T05:57:20.097Z,0.154,0,200,320x180,2.1599599999999555,,
2025-12-16T05:57:20.510Z,0.017,0,200,320x180,2.165922000000023,,rebuffer happen
2025-12-16T05:57:20.560Z,0.021,0,200,320x180,2.230464999999981,,rebuffer happen
2025-12-16T05:57:20.676Z,0.023,0,200,320x180,2.3022169999999846,,rebuffer happen
2025-12-16T05:57:20.743Z,0.022,0,200,320x180,2.3581479999999715,,rebuffer happen
2025-12-16T05:57:20.810Z,0.027,0,200,320x180,2.3297299999999836,,rebuffer happen
2025-12-16T05:57:20.877Z,0.023,0,200,320x180,2.395483000000013,,rebuffer happen
2025-12-16T05:57:20.896Z,0.09,0,200,320x180,2.395483000000013,,
2025-12-16T05:57:20.960Z,0.029,0,200,320x180,2.4313740000000053,,rebuffer happen
2025-12-16T05:57:21.093Z,0.027,0,200,320x180,2.4362500000000296,,rebuffer happen
2025-12-16T05:57:21.160Z,0.019,0,200,320x180,2.4900970000000484,,rebuffer happen
2025-12-16T05:57:21.210Z,0.021,0,200,320x180,2.4586060000000316,,rebuffer happen
2025-12-16T05:57:21.344Z,0.022,0,200,320x180,2.5576980000000162,,rebuffer happen
2025-12-16T05:57:21.394Z,0.029,0,200,320x180,2.531449000000009,,rebuffer happen
2025-12-16T05:57:21.544Z,0.021,0,200,320x180,2.6291650000000004,,rebuffer happen
2025-12-16T05:57:21.577Z,0.029,0,200,320x180,2.6038939999999684,,rebuffer happen
2025-12-16T05:57:21.661Z,0.017,0,200,320x180,2.6652200000000335,,rebuffer happen
2025-12-16T05:57:21.672Z,0.05,0,200,320x180,2.6652200000000335,,
2025-12-16T05:57:21.711Z,0.016,0,200,320x180,2.6306800000000408,,rebuffer happen
2025-12-16T05:57:21.794Z,0.029,0,200,320x180,2.6679710000000227,,rebuffer happen
2025-12-16T05:57:21.878Z,0.017,0,200,320x180,2.732686000000001,,rebuffer happen
2025-12-16T05:57:21.927Z,0.018,0,200,320x180,2.7004069999999842,,rebuffer happen
2025-12-16T05:57:21.978Z,0.026,0,200,320x180,2.7695529999999735,,rebuffer happen
2025-12-16T05:57:22.128Z,0.025,0,200,320x180,2.7633789999999863,,rebuffer happen
2025-12-16T05:57:22.211Z,0.028,0,200,320x180,2.8067909999999756,,rebuffer happen
2025-12-16T05:57:22.294Z,0.022,0,200,320x180,2.8323070000000143,,rebuffer happen
2025-12-16T05:57:22.439Z,0.088,0,200,320x180,2.9783929999999827,,
2025-12-16T05:57:22.495Z,0.018,0,200,320x180,2.9287100000000237,,rebuffer happen
2025-12-16T05:57:22.545Z,0.023,0,200,320x180,2.9993029999999976,,rebuffer happen
2025-12-16T05:57:22.945Z,0.028,0,200,320x180,3.0416339999999877,,rebuffer happen
2025-12-16T05:57:22.995Z,0.022,0,200,320x180,3.00236799999999,,rebuffer happen
2025-12-16T05:57:23.062Z,0.019,0,200,320x180,3.0567229999999768,,rebuffer happen
2025-12-16T05:57:23.076Z,0.019,0,200,320x180,3.0567229999999768,,
2025-12-16T05:57:23.112Z,0.02,0,200,320x180,3.0249279999999885,,rebuffer happen
2025-12-16T05:57:23.245Z,0.027,0,200,320x180,3.16700400000002,,rebuffer happen
2025-12-16T05:57:23.362Z,0.024,0,200,320x180,3.174603999999988,,rebuffer happen
2025-12-16T05:57:23.545Z,0.028,0,200,320x180,3.1994359999999915,,rebuffer happen
2025-12-16T05:57:23.622Z,0.128,0,200,320x180,3.1448010000000295,,
2025-12-16T05:57:24.111Z,0.164,0,200,320x180,3.1781349999999975,,
2025-12-16T05:57:24.263Z,0.019,0,200,320x180,3.2318390000000363,,rebuffer happen
2025-12-16T05:57:24.697Z,0.025,0,200,320x180,3.3678919999999835,,rebuffer happen
2025-12-16T05:57:24.796Z,0.02,0,200,320x180,3.3911219999999958,,rebuffer happen
2025-12-16T05:57:24.846Z,0.02,0,200,320x180,3.483122000000037,,
2025-12-16T05:57:24.880Z,0.023,3,1500,768x432,3.4527990000000273,,rebuffer happen
2025-12-16T05:57:24.924Z,0.023,3,1500,768x432,3.4527990000000273,,
2025-12-16T05:57:25.531Z,0.02,3,1500,768x432,3.717715999999996,,rebuffer happen
2025-12-16T05:57:25.580Z,0.015,3,1500,768x432,3.776069000000007,,rebuffer happen
2025-12-16T05:57:25.614Z,0.022,3,1500,768x432,3.749465999999984,,rebuffer happen
2025-12-16T05:57:25.681Z,0.018,3,1500,768x432,3.8140559999999937,,rebuffer happen
2025-12-16T05:57:25.714Z,0.029,3,1500,768x432,3.7921199999999544,,rebuffer happen
2025-12-16T05:57:25.733Z,0.029,3,1500,768x432,3.892119999999977,,
2025-12-16T05:57:25.781Z,0.021,1,600,480x270,3.850026000000014,,rebuffer happen
2025-12-16T05:57:25.804Z,0.021,1,600,480x270,3.850026000000014,,
2025-12-16T05:57:26.105Z,0.364,1,600,480x270,4.00075099999998,,
2025-12-16T05:57:26.181Z,0.363,3,1500,768x432,4.027608000000043,,
2025-12-16T05:57:26.182Z,0.294,3,1500,768x432,4.026972000000001,,rebuffer happen
2025-12-16T05:57:26.464Z,0.026,3,1500,768x432,4.054613000000018,,rebuffer happen
2025-12-16T05:57:27.038Z,0.066,3,1500,768x432,4.195609999999988,,
2025-12-16T05:57:27.082Z,0.019,2,1000,640x360,4.153408000000013,,rebuffer happen
2025-12-16T05:57:27.113Z,0.019,2,1000,640x360,4.153408000000013,,
2025-12-16T05:57:27.769Z,0.134,2,1000,640x360,4.469691000000012,,
2025-12-16T05:57:27.846Z,0.134,3,1500,768x432,4.4853669999999966,,
2025-12-16T05:57:27.882Z,0.021,3,1500,768x432,4.44942599999996,,rebuffer happen
2025-12-16T05:57:28.299Z,0.02,3,1500,768x432,4.65292199999999,,rebuffer happen
2025-12-16T05:57:28.349Z,0.016,3,1500,768x432,4.71096799999998,,rebuffer happen
2025-12-16T05:57:28.399Z,0.021,3,1500,768x432,4.682884000000001,,rebuffer happen
2025-12-16T05:57:28.449Z,0.028,3,1500,768x432,4.757368999999983,,rebuffer happen
2025-12-16T05:57:28.516Z,0.018,3,1500,768x432,4.71434099999999,,rebuffer happen
2025-12-16T05:57:28.550Z,0.025,3,1500,768x432,4.787733000000003,,rebuffer happen
2025-12-16T05:57:28.616Z,0.019,3,1500,768x432,4.748045999999988,,rebuffer happen
2025-12-16T05:57:28.650Z,0.028,3,1500,768x432,4.824612999999999,,rebuffer happen
2025-12-16T05:57:28.750Z,0.019,3,1500,768x432,4.881809999999973,,rebuffer happen
2025-12-16T05:57:28.754Z,0.019,3,1500,768x432,4.881809999999973,,
2025-12-16T05:57:28.783Z,0.027,2,1000,640x360,4.856412999999975,,rebuffer happen
2025-12-16T05:57:28.849Z,0.027,2,1000,640x360,4.956412999999998,,
2025-12-16T05:57:29.414Z,0.186,2,1000,640x360,5.114648999999986,,
2025-12-16T05:57:29.483Z,0.186,3,1500,768x432,5.147092999999984,,
2025-12-16T05:57:29.584Z,0.017,3,1500,768x432,5.147729999999967,,rebuffer happen
2025-12-16T05:57:29.968Z,0.026,3,1500,768x432,5.320479999999975,,rebuffer happen
2025-12-16T05:57:30.051Z,0.02,3,1500,768x432,5.347152999999992,,rebuffer happen
2025-12-16T05:57:30.101Z,0.016,3,1500,768x432,5.3104640000000245,,rebuffer happen
2025-12-16T05:57:30.134Z,0.027,3,1500,768x432,5.390335999999991,,rebuffer happen
2025-12-16T05:57:30.201Z,0.022,3,1500,768x432,5.352795000000015,,rebuffer happen
2025-12-16T05:57:30.268Z,0.028,3,1500,768x432,5.425325999999984,,rebuffer happen
2025-12-16T05:57:30.334Z,0.021,3,1500,768x432,5.484496999999976,,rebuffer happen
2025-12-16T05:57:30.340Z,0.021,3,1500,768x432,5.484496999999976,,
2025-12-16T05:57:30.368Z,0.03,3,1500,768x432,5.460281000000009,,rebuffer happen
2025-12-16T05:57:30.735Z,0.017,3,1500,768x432,5.681172999999944,,rebuffer happen
2025-12-16T05:57:30.768Z,0.027,3,1500,768x432,5.657067999999981,,rebuffer happen
2025-12-16T05:57:30.818Z,0.028,3,1500,768x432,5.625608,,rebuffer happen
2025-12-16T05:57:30.918Z,0.019,3,1500,768x432,5.648509000000047,,rebuffer happen
2025-12-16T05:57:30.952Z,0.026,3,1500,768x432,5.723774999999989,,rebuffer happen
2025-12-16T05:57:31.018Z,0.016,3,1500,768x432,5.6809860000000185,,rebuffer happen
2025-12-16T05:57:31.052Z,0.022,3,1500,768x432,5.753348000000017,,rebuffer happen
2025-12-16T05:57:31.102Z,0.03,3,1500,768x432,5.728048000000001,,rebuffer happen
2025-12-16T05:57:31.168Z,0.025,3,1500,768x432,5.7894849999999565,,rebuffer happen
2025-12-16T05:57:31.178Z,0.025,3,1500,768x432,5.7894849999999565,,
2025-12-16T05:57:31.218Z,0.022,3,1500,768x432,5.753431999999975,,rebuffer happen
2025-12-16T05:57:31.719Z,0.028,3,1500,768x432,5.962243000000001,,rebuffer happen
2025-12-16T05:57:31.769Z,0.023,3,1500,768x432,6.016864999999996,,rebuffer happen
2025-12-16T05:57:31.819Z,0.015,3,1500,768x432,5.976242000000013,,rebuffer happen
2025-12-16T05:57:31.852Z,0.026,3,1500,768x432,6.057387000000006,,rebuffer happen
2025-12-16T05:57:31.919Z,0.022,3,1500,768x432,6.020096000000024,,rebuffer happen
2025-12-16T05:57:31.969Z,0.02,3,1500,768x432,6.083104999999989,,rebuffer happen
2025-12-16T05:57:31.980Z,0.02,3,1500,768x432,6.083104999999989,,
2025-12-16T05:57:32.019Z,0.019,3,1500,768x432,6.048778999999968,,rebuffer happen
2025-12-16T05:57:32.420Z,0.021,3,1500,768x432,6.258337999999981,,rebuffer happen
2025-12-16T05:57:32.469Z,0.015,3,1500,768x432,6.310345999999981,,rebuffer happen
2025-12-16T05:57:32.503Z,0.026,3,1500,768x432,6.287734,,rebuffer happen
2025-12-16T05:57:32.553Z,0.016,3,1500,768x432,6.348312000000021,,rebuffer happen
2025-12-16T05:57:32.670Z,0.024,3,1500,768x432,6.389762000000019,,rebuffer happen
2025-12-16T05:57:32.720Z,0.024,3,1500,768x432,6.35603900000001,,rebuffer happen
2025-12-16T05:57:32.770Z,0.023,3,1500,768x432,6.417503000000011,,rebuffer happen
2025-12-16T05:57:32.820Z,0.025,3,1500,768x432,6.385813999999982,,rebuffer happen
2025-12-16T05:57:32.836Z,0.025,3,1500,768x432,6.490814,,
2025-12-16T05:57:32.870Z,0.029,2,1000,640x360,6.46101299999998,,rebuffer happen
2025-12-16T05:57:32.913Z,0.029,2,1000,640x360,6.46101299999998,,
2025-12-16T05:57:33.489Z,0.186,2,1000,640x360,6.724896000000001,,
2025-12-16T05:57:33.654Z,0.027,2,1000,640x360,6.7566249999999854,,rebuffer happen
2025-12-16T05:57:34.068Z,0.175,2,1000,640x360,6.822018000000014,,
2025-12-16T05:57:34.254Z,0.017,2,1000,640x360,6.850652000000025,,rebuffer happen
2025-12-16T05:57:34.659Z,0.165,2,1000,640x360,6.903789999999958,,
2025-12-16T05:57:34.805Z,0.017,2,1000,640x360,6.8547379999999976,,rebuffer happen
2025-12-16T05:57:35.355Z,0.029,2,1000,640x360,6.990867999999978,,rebuffer happen
2025-12-16T05:57:35.361Z,0.029,2,1000,640x360,6.990867999999978,,
2025-12-16T05:57:35.405Z,0.023,1,600,480x270,6.9517060000000015,,rebuffer happen
2025-12-16T05:57:35.439Z,0.023,1,600,480x270,7.058705999999972,,
2025-12-16T05:57:35.999Z,0.235,1,600,480x270,7.263565999999969,,
2025-12-16T05:57:36.082Z,0.228,2,1000,640x360,7.2795150000000035,,
2025-12-16T05:57:36.223Z,0.018,2,1000,640x360,7.246880000000033,,rebuffer happen
2025-12-16T05:57:36.707Z,0.028,2,1000,640x360,7.4225759999999354,,rebuffer happen
2025-12-16T05:57:36.773Z,0.022,2,1000,640x360,7.491569000000027,,rebuffer happen
2025-12-16T05:57:36.823Z,0.023,2,1000,640x360,7.459655999999995,,rebuffer happen
2025-12-16T05:57:36.873Z,0.015,2,1000,640x360,7.514495000000011,,rebuffer happen
2025-12-16T05:57:36.923Z,0.018,2,1000,640x360,7.483569999999986,,rebuffer happen
2025-12-16T05:57:36.932Z,0.018,2,1000,640x360,7.578570000000013,,
2025-12-16T05:57:36.957Z,0.027,2,1000,640x360,7.555001000000004,,rebuffer happen
2025-12-16T05:57:37.557Z,0.019,2,1000,640x360,7.857929000000013,,rebuffer happen
2025-12-16T05:57:37.590Z,0.024,2,1000,640x360,7.829157000000009,,rebuffer happen
2025-12-16T05:57:37.657Z,0.022,2,1000,640x360,7.887151999999958,,rebuffer happen
2025-12-16T05:57:37.691Z,0.025,2,1000,640x360,7.856951999999978,,rebuffer happen
2025-12-16T05:57:37.740Z,0.019,2,1000,640x360,7.918091000000004,,rebuffer happen
2025-12-16T05:57:37.790Z,0.023,2,1000,640x360,7.8892529999999965,,rebuffer happen
2025-12-16T05:57:37.815Z,0.023,2,1000,640x360,7.8892529999999965,,
2025-12-16T05:57:37.857Z,0.019,1,600,480x270,7.952968999999996,,rebuffer happen
2025-12-16T05:57:37.898Z,0.019,1,600,480x270,7.952968999999996,,
2025-12-16T05:57:38.430Z,0.197,1,600,480x270,8.124945999999966,,
2025-12-16T05:57:38.504Z,0.196,2,1000,640x360,8.150525000000016,,
2025-12-16T05:57:38.608Z,0.019,2,1000,640x360,8.153936999999985,,rebuffer happen
2025-12-16T05:57:39.092Z,0.025,2,1000,640x360,8.358592000000044,,rebuffer happen
2025-12-16T05:57:39.158Z,0.031,2,1000,640x360,8.39191599999998,,rebuffer happen
2025-12-16T05:57:39.292Z,0.028,2,1000,640x360,8.430292000000009,,rebuffer happen
2025-12-16T05:57:39.342Z,0.018,2,1000,640x360,8.480073000000004,,rebuffer happen
2025-12-16T05:57:39.351Z,0.052,2,1000,640x360,8.480073000000004,,
2025-12-16T05:57:39.392Z,0.015,3,1500,768x432,8.44368099999997,,rebuffer happen
2025-12-16T05:57:39.437Z,0.015,3,1500,768x432,8.44368099999997,,
2025-12-16T05:57:39.859Z,0.027,3,1500,768x432,8.855657000000008,,rebuffer happen
2025-12-16T05:57:39.909Z,0.026,3,1500,768x432,8.820971999999983,,rebuffer happen
2025-12-16T05:57:39.959Z,0.016,3,1500,768x432,8.887787000000003,,rebuffer happen
2025-12-16T05:57:40.026Z,0.016,3,1500,768x432,8.854942999999992,,rebuffer happen
2025-12-16T05:57:40.092Z,0.028,3,1500,768x432,8.926931000000025,,rebuffer happen
2025-12-16T05:57:40.193Z,0.021,3,1500,768x432,8.99246800000003,,rebuffer happen
2025-12-16T05:57:40.259Z,0.025,3,1500,768x432,9.059817000000066,,rebuffer happen
2025-12-16T05:57:40.343Z,0.025,3,1500,768x432,9.119984999999986,,rebuffer happen
2025-12-16T05:57:40.426Z,0.017,3,1500,768x432,9.07843600000001,,rebuffer happen
2025-12-16T05:57:40.493Z,0.019,3,1500,768x432,9.154443999999955,,rebuffer happen
2025-12-16T05:57:40.576Z,0.016,3,1500,768x432,9.212086,,rebuffer happen
2025-12-16T05:57:40.643Z,0.025,3,1500,768x432,9.297252000000071,,rebuffer happen
2025-12-16T05:57:40.715Z,0.025,3,1500,768x432,9.297252000000071,,
2025-12-16T05:57:40.760Z,0.02,3,1500,768x432,9.348013999999978,,rebuffer happen
2025-12-16T05:57:41.144Z,0.029,3,1500,768x432,9.665071999999952,,rebuffer happen
2025-12-16T05:57:41.243Z,0.021,3,1500,768x432,9.68522200000001,,rebuffer happen
2025-12-16T05:57:41.310Z,0.027,3,1500,768x432,9.657452000000035,,rebuffer happen
2025-12-16T05:57:41.393Z,0.029,3,1500,768x432,9.735053999999934,,rebuffer happen
2025-12-16T05:57:41.477Z,0.026,3,1500,768x432,9.79224800000003,,rebuffer happen
2025-12-16T05:57:41.560Z,0.021,3,1500,768x432,9.848566000000062,,rebuffer happen
2025-12-16T05:57:41.627Z,0.027,3,1500,768x432,9.82088600000003,,rebuffer happen
2025-12-16T05:57:41.710Z,0.024,3,1500,768x432,9.884996999999942,,rebuffer happen
2025-12-16T05:57:41.794Z,0.018,3,1500,768x432,9.945948999999985,,rebuffer happen
2025-12-16T05:57:41.860Z,0.022,3,1500,768x432,10.026094,,rebuffer happen
2025-12-16T05:57:41.944Z,0.022,3,1500,768x432,10.082736000000011,,rebuffer happen
2025-12-16T05:57:42.008Z,0.055,3,1500,768x432,10.082736000000011,,
2025-12-16T05:57:42.044Z,0.024,2,1000,640x360,10.151035000000036,,rebuffer happen
2025-12-16T05:57:42.080Z,0.024,2,1000,640x360,10.151035000000036,,
2025-12-16T05:57:42.745Z,0.028,2,1000,640x360,10.489926999999966,,rebuffer happen
2025-12-16T05:57:42.795Z,0.024,2,1000,640x360,10.452005999999983,,rebuffer happen
2025-12-16T05:57:42.895Z,0.029,2,1000,640x360,10.501250999999968,,rebuffer happen
2025-12-16T05:57:42.897Z,0.063,2,1000,640x360,10.501250999999968,,
2025-12-16T05:57:42.945Z,0.021,3,1500,768x432,10.548125000000027,,rebuffer happen
2025-12-16T05:57:42.969Z,0.021,3,1500,768x432,10.548125000000027,,
2025-12-16T05:57:43.445Z,0.017,3,1500,768x432,10.781918000000076,,rebuffer happen
2025-12-16T05:57:43.478Z,0.025,3,1500,768x432,10.75614500000006,,rebuffer happen
2025-12-16T05:57:43.529Z,0.028,3,1500,768x432,10.72597600000006,,rebuffer happen
2025-12-16T05:57:43.579Z,0.026,3,1500,768x432,10.794666000000007,,rebuffer happen
2025-12-16T05:57:43.629Z,0.023,3,1500,768x432,10.758513999999991,,rebuffer happen
2025-12-16T05:57:43.679Z,0.017,3,1500,768x432,10.813822000000016,,rebuffer happen
2025-12-16T05:57:43.712Z,0.021,3,1500,768x432,10.78508800000003,,rebuffer happen
2025-12-16T05:57:43.739Z,0.021,3,1500,768x432,10.88208800000001,,
2025-12-16T05:57:43.779Z,0.019,3,1500,768x432,10.84694300000001,,rebuffer happen
2025-12-16T05:57:44.212Z,0.03,3,1500,768x432,10.995345999999984,,rebuffer happen
2025-12-16T05:57:44.262Z,0.024,3,1500,768x432,11.062298999999939,,rebuffer happen
2025-12-16T05:57:44.346Z,0.02,3,1500,768x432,11.08335900000003,,rebuffer happen
2025-12-16T05:57:44.396Z,0.019,3,1500,768x432,11.049461000000065,,rebuffer happen
2025-12-16T05:57:44.446Z,0.015,3,1500,768x432,11.114499000000023,,rebuffer happen
2025-12-16T05:57:44.479Z,0.024,3,1500,768x432,11.089959000000022,,rebuffer happen
2025-12-16T05:57:44.510Z,0.057,3,1500,768x432,11.089959000000022,,
2025-12-16T05:57:44.546Z,0.024,3,1500,768x432,11.151488000000029,,rebuffer happen
2025-12-16T05:57:44.946Z,0.033,3,1500,768x432,11.336084000000028,,rebuffer happen
2025-12-16T05:57:45.030Z,0.027,3,1500,768x432,11.263240000000053,,rebuffer happen
2025-12-16T05:57:45.113Z,0.02,3,1500,768x432,11.28111000000007,,rebuffer happen
2025-12-16T05:57:45.163Z,0.02,3,1500,768x432,11.36053499999997,,rebuffer happen
2025-12-16T05:57:45.213Z,0.018,3,1500,768x432,11.324724000000003,,rebuffer happen
2025-12-16T05:57:45.247Z,0.027,3,1500,768x432,11.394421000000023,,rebuffer happen
2025-12-16T05:57:45.267Z,0.027,3,1500,768x432,11.394421000000023,,
2025-12-16T05:57:45.313Z,0.019,3,1500,768x432,11.353248000000065,,rebuffer happen
2025-12-16T05:57:45.747Z,0.024,3,1500,768x432,11.588561000000027,,rebuffer happen
2025-12-16T05:57:45.797Z,0.022,3,1500,768x432,11.553446000000008,,rebuffer happen
2025-12-16T05:57:45.847Z,0.018,3,1500,768x432,11.612345000000005,,rebuffer happen
2025-12-16T05:57:45.880Z,0.024,3,1500,768x432,11.585259000000008,,rebuffer happen
2025-12-16T05:57:45.930Z,0.028,3,1500,768x432,11.55515600000001,,rebuffer happen
2025-12-16T05:57:45.981Z,0.029,3,1500,768x432,11.636172999999928,,rebuffer happen
2025-12-16T05:57:46.031Z,0.027,3,1500,768x432,11.600528999999938,,rebuffer happen
2025-12-16T05:57:46.051Z,0.027,3,1500,768x432,11.693529000000012,,
2025-12-16T05:57:46.097Z,0.019,3,1500,768x432,11.652704000000028,,rebuffer happen
2025-12-16T05:57:46.448Z,0.029,3,1500,768x432,11.860723000000064,,rebuffer happen
2025-12-16T05:57:46.498Z,0.028,3,1500,768x432,11.826509000000044,,rebuffer happen
2025-12-16T05:57:46.548Z,0.025,3,1500,768x432,11.89271100000002,,rebuffer happen
2025-12-16T05:57:46.598Z,0.02,3,1500,768x432,11.854196000000002,,rebuffer happen
2025-12-16T05:57:46.631Z,0.024,3,1500,768x432,11.825108,,rebuffer happen
2025-12-16T05:57:46.681Z,0.026,3,1500,768x432,11.887692000000072,,rebuffer happen
2025-12-16T05:57:46.731Z,0.024,3,1500,768x432,11.951300000000003,,rebuffer happen
2025-12-16T05:57:46.781Z,0.02,3,1500,768x432,11.91446400000001,,rebuffer happen
2025-12-16T05:57:46.831Z,0.015,3,1500,768x432,11.975773000000004,,rebuffer happen
2025-12-16T05:57:46.847Z,0.048,3,1500,768x432,11.975773000000004,,
2025-12-16T05:57:46.881Z,0.018,3,1500,768x432,11.945281000000023,,rebuffer happen
2025-12-16T05:57:47.282Z,0.025,3,1500,768x432,12.123030999999969,,rebuffer happen
2025-12-16T05:57:47.332Z,0.015,3,1500,768x432,12.175894999999969,,rebuffer happen
2025-12-16T05:57:47.382Z,0.024,3,1500,768x432,12.151900999999953,,rebuffer happen
2025-12-16T05:57:47.432Z,0.019,3,1500,768x432,12.21402599999999,,rebuffer happen
2025-12-16T05:57:47.465Z,0.027,3,1500,768x432,12.18888400000003,,rebuffer happen
2025-12-16T05:57:47.532Z,0.019,3,1500,768x432,12.24625500000002,,rebuffer happen
2025-12-16T05:57:47.565Z,0.025,3,1500,768x432,12.219422000000009,,rebuffer happen
2025-12-16T05:57:47.616Z,0.026,3,1500,768x432,12.186743000000092,,rebuffer happen
2025-12-16T05:57:47.628Z,0.059,3,1500,768x432,12.186743000000092,,
2025-12-16T05:57:47.665Z,0.026,3,1500,768x432,12.254462000000103,,rebuffer happen
2025-12-16T05:57:48.116Z,0.025,3,1500,768x432,12.390209999999911,,rebuffer happen
2025-12-16T05:57:48.149Z,0.031,3,1500,768x432,12.458233999999948,,rebuffer happen
2025-12-16T05:57:48.249Z,0.022,3,1500,768x432,12.485165000000052,,rebuffer happen
2025-12-16T05:57:48.299Z,0.018,3,1500,768x432,12.44756700000005,,rebuffer happen
2025-12-16T05:57:48.332Z,0.027,3,1500,768x432,12.520733000000064,,rebuffer happen
2025-12-16T05:57:48.398Z,0.06,3,1500,768x432,12.479052000000024,,
2025-12-16T05:57:48.432Z,0.021,2,1000,640x360,12.548621000000026,,rebuffer happen
2025-12-16T05:57:48.472Z,0.021,2,1000,640x360,12.548621000000026,,
2025-12-16T05:57:49.002Z,0.168,2,1000,640x360,12.706485000000043,,
2025-12-16T05:57:49.167Z,0.025,2,1000,640x360,12.75443000000007,,rebuffer happen
2025-12-16T05:57:49.525Z,0.185,2,1000,640x360,12.723805999999968,,
2025-12-16T05:57:49.596Z,0.126,3,1500,768x432,12.746017000000052,,
2025-12-16T05:57:49.684Z,0.026,3,1500,768x432,12.757119999999986,,rebuffer happen
2025-12-16T05:57:50.168Z,0.025,3,1500,768x432,12.919544999999971,,rebuffer happen
2025-12-16T05:57:50.217Z,0.022,3,1500,768x432,12.883211999999958,,rebuffer happen
2025-12-16T05:57:50.267Z,0.018,3,1500,768x432,12.948826000000054,,rebuffer happen
2025-12-16T05:57:50.301Z,0.025,3,1500,768x432,12.922166000000061,,rebuffer happen
2025-12-16T05:57:50.368Z,0.016,3,1500,768x432,12.979380000000106,,rebuffer happen
2025-12-16T05:57:50.378Z,0.016,3,1500,768x432,12.979380000000106,,
2025-12-16T05:57:50.401Z,0.029,3,1500,768x432,12.959317000000055,,rebuffer happen
2025-12-16T05:57:50.785Z,0.025,3,1500,768x432,13.163975999999934,,rebuffer happen
2025-12-16T05:57:50.901Z,0.025,3,1500,768x432,13.18879400000003,,rebuffer happen
2025-12-16T05:57:50.985Z,0.025,3,1500,768x432,13.256052000000068,,rebuffer happen
2025-12-16T05:57:51.068Z,0.022,3,1500,768x432,13.32020399999999,,rebuffer happen
2025-12-16T05:57:51.185Z,0.021,3,1500,768x432,13.385731999999962,,rebuffer happen
2025-12-16T05:57:51.218Z,0.025,3,1500,768x432,13.356760000000008,,rebuffer happen
2025-12-16T05:57:51.302Z,0.028,3,1500,768x432,13.426378999999997,,rebuffer happen
2025-12-16T05:57:51.385Z,0.029,3,1500,768x432,13.49418700000001,,rebuffer happen
2025-12-16T05:57:51.450Z,0.029,3,1500,768x432,13.590187000000014,,
2025-12-16T05:57:51.502Z,0.017,2,1000,640x360,13.544521000000032,,rebuffer happen
2025-12-16T05:57:51.522Z,0.017,2,1000,640x360,13.544521000000032,,
2025-12-16T05:57:52.169Z,0.024,2,1000,640x360,13.918297999999936,,rebuffer happen
2025-12-16T05:57:52.219Z,0.017,2,1000,640x360,13.877869999999916,,rebuffer happen
2025-12-16T05:57:52.287Z,0,2,1000,640x360,13.932501000000002,,rebuffer happen
2025-12-16T05:57:52.288Z,0,2,1000,640x360,13.932501000000002,,rebuffer happen
2025-12-16T05:57:52.476Z,0,2,1000,640x360,14.129501000000005,,
2025-12-16T05:57:54.524Z,0,2,1000,640x360,16.13050099999998,,