timestamp,bufferLevel,qualityIndex,bitrateKbps,resolution,liveLatency,predictedKbps,rebuffer
2025-12-17T05:59:15.832Z,0,2,1000,640x360,1.1205,,
2025-12-17T05:59:15.836Z,0,2,1000,640x360,1.1205,,rebuffer happen
2025-12-17T05:59:15.871Z,0.1,2,1000,640x360,1.119968,,rebuffer happen
2025-12-17T05:59:16.233Z,0.151,2,1000,640x360,1.1704459999999999,,
2025-12-17T05:59:16.316Z,0.159,1,600,480x270,1.1886329999999998,,
2025-12-17T05:59:16.374Z,0.019,1,600,480x270,1.23067,,rebuffer happen
2025-12-17T05:59:16.580Z,0.352,1,600,480x270,1.2823550000000001,,
2025-12-17T05:59:16.646Z,0.319,0,200,320x180,1.318403,,
2025-12-17T05:59:16.761Z,0.724,0,200,320x180,1.3627379999999998,,
2025-12-17T05:59:16.831Z,0.75,2,1000,640x360,1.325532,,
2025-12-17T05:59:17.166Z,0.997,2,1000,640x360,1.5391599999999999,,
2025-12-17T05:59:17.556Z,1.247,2,1000,640x360,1.6840830000000002,,
2025-12-17T05:59:17.849Z,1.476,2,1000,640x360,1.773867,,
2025-12-17T05:59:18.156Z,1.818,2,1000,640x360,1.8449769999999999,,
2025-12-17T05:59:19.254Z,1.36,2,1000,640x360,1.9650190000000003,,
2025-12-17T05:59:19.751Z,1.361,2,1000,640x360,1.982288,,
2025-12-17T05:59:20.373Z,1.248,2,1000,640x360,1.963406,,
2025-12-17T05:59:20.945Z,1.218,2,1000,640x360,2.00124,,
2025-12-17T05:59:21.535Z,1.129,2,1000,640x360,1.9017859999999995,,
2025-12-17T05:59:22.110Z,1.04,2,1000,640x360,1.9404950000000003,,
2025-12-17T05:59:22.716Z,0.941,2,1000,640x360,1.9271020000000005,,
2025-12-17T05:59:23.327Z,0.794,2,1000,640x360,1.9175680000000002,,
2025-12-17T05:59:23.920Z,0.739,2,1000,640x360,1.9228240000000003,,
2025-12-17T05:59:23.990Z,0.715,1,600,480x270,1.9626210000000004,,
2025-12-17T05:59:24.381Z,0.741,1,600,480x270,1.9554100000000005,,
2025-12-17T05:59:24.457Z,0.689,2,1000,640x360,1.9938759999999993,,
2025-12-17T05:59:25.024Z,0.615,2,1000,640x360,1.9254560000000005,,
2025-12-17T05:59:25.101Z,0.606,1,600,480x270,1.9416060000000002,,
2025-12-17T05:59:25.486Z,0.665,1,600,480x270,1.9621470000000016,,
2025-12-17T05:59:25.569Z,0.611,2,1000,640x360,1.9688510000000008,,
2025-12-17T05:59:26.142Z,0.508,2,1000,640x360,1.999421,,
2025-12-17T05:59:26.219Z,0.438,1,600,480x270,1.9225139999999996,,
2025-12-17T05:59:26.596Z,0.521,1,600,480x270,1.9472370000000012,,
2025-12-17T05:59:26.677Z,0.538,0,200,320x180,1.965712,,
2025-12-17T05:59:26.803Z,0.812,0,200,320x180,1.9384829999999997,,
2025-12-17T05:59:26.880Z,0.83,2,1000,640x360,1.972149,,
2025-12-17T05:59:27.468Z,0.672,2,1000,640x360,1.9826630000000005,,
2025-12-17T05:59:27.549Z,0.62,1,600,480x270,2.0003080000000004,,
2025-12-17T05:59:27.898Z,0.72,1,600,480x270,1.9570920000000012,,
2025-12-17T05:59:27.975Z,0.738,2,1000,640x360,1.9741359999999997,,
2025-12-17T05:59:28.520Z,0.614,2,1000,640x360,1.926290999999999,,
2025-12-17T05:59:28.598Z,0.544,1,600,480x270,1.9419579999999996,,
2025-12-17T05:59:28.928Z,0.694,1,600,480x270,1.921932,,
2025-12-17T05:59:29.000Z,0.701,2,1000,640x360,1.942105999999999,,
2025-12-17T05:59:29.563Z,0.567,2,1000,640x360,1.983168000000001,,
2025-12-17T05:59:29.656Z,0.493,1,600,480x270,1.9955719999999992,,
2025-12-17T05:59:29.974Z,0.639,1,600,480x270,1.965705999999999,,
2025-12-17T05:59:30.047Z,0.658,2,1000,640x360,1.8919549999999994,,
2025-12-17T05:59:30.581Z,0.554,2,1000,640x360,1.9732610000000008,,
2025-12-17T05:59:30.656Z,0.552,1,600,480x270,1.9842249999999986,,
2025-12-17T05:59:31.000Z,0.61,1,600,480x270,1.9376420000000003,,
2025-12-17T05:59:31.076Z,0.631,2,1000,640x360,1.9614400000000014,,
2025-12-17T05:59:31.629Z,0.502,2,1000,640x360,1.9165910000000004,,
2025-12-17T05:59:31.700Z,0.452,1,600,480x270,1.9455179999999999,,
2025-12-17T05:59:32.058Z,0.521,1,600,480x270,1.9909930000000013,,
2025-12-17T05:59:32.138Z,0.575,2,1000,640x360,1.909536000000001,,
2025-12-17T05:59:32.801Z,0.318,2,1000,640x360,1.9376069999999999,,
2025-12-17T05:59:32.838Z,0.293,1,600,480x270,2.0000169999999997,,rebuffer happen
2025-12-17T05:59:32.869Z,0.293,1,600,480x270,1.9685319999999997,,
2025-12-17T05:59:33.124Z,0.497,1,600,480x270,1.918851,,
2025-12-17T05:59:33.196Z,0.477,0,200,320x180,1.9408290000000008,,
2025-12-17T05:59:33.313Z,0.728,0,200,320x180,1.9243339999999982,,
2025-12-17T05:59:33.384Z,0.757,2,1000,640x360,1.9527900000000002,,
2025-12-17T05:59:33.925Z,0.707,2,1000,640x360,1.917584999999999,,
2025-12-17T05:59:34.003Z,0.709,1,600,480x270,1.9458240000000018,,
2025-12-17T05:59:34.341Z,0.779,1,600,480x270,1.9973869999999998,,
2025-12-17T05:59:34.425Z,0.788,2,1000,640x360,1.9168869999999991,,
2025-12-17T05:59:34.968Z,0.64,2,1000,640x360,1.977691,,
2025-12-17T05:59:35.033Z,0.663,1,600,480x270,1.9120810000000006,,
2025-12-17T05:59:35.416Z,0.713,1,600,480x270,1.924232,,
2025-12-17T05:59:35.490Z,0.716,2,1000,640x360,1.9572810000000018,,
2025-12-17T05:59:36.178Z,0.468,2,1000,640x360,1.970800999999998,,
2025-12-17T05:59:36.255Z,0.452,1,600,480x270,1.9866010000000003,,
2025-12-17T05:59:36.383Z,0.245,1,600,480x270,1.9512709999999984,,rebuffer happen
2025-12-17T05:59:36.709Z,0.385,1,600,480x270,1.9271910000000005,,
2025-12-17T05:59:36.783Z,0.387,0,200,320x180,1.956589000000001,,
2025-12-17T05:59:36.900Z,0.678,0,200,320x180,1.9396520000000024,,
2025-12-17T05:59:36.968Z,0.728,2,1000,640x360,1.9722469999999994,,
2025-12-17T05:59:37.383Z,0.745,2,1000,640x360,1.9572760000000002,,
2025-12-17T05:59:37.451Z,0.745,1,600,480x270,1.9939029999999995,,
2025-12-17T05:59:37.817Z,0.831,1,600,480x270,1.9244319999999995,,
2025-12-17T05:59:37.886Z,0.815,2,1000,640x360,1.9582830000000016,,
2025-12-17T05:59:38.555Z,0.557,2,1000,640x360,1.9872329999999998,,
2025-12-17T05:59:38.630Z,0.575,1,600,480x270,1.9128219999999985,,
2025-12-17T05:59:39.017Z,0.611,1,600,480x270,1.9199790000000014,,
2025-12-17T05:59:39.376Z,0.753,1,600,480x270,1.961583000000001,,
2025-12-17T05:59:39.740Z,0.895,1,600,480x270,2.0060819999999993,,
2025-12-17T05:59:40.242Z,0.871,1,600,480x270,1.9993289999999995,,
2025-12-17T05:59:40.860Z,0.778,1,600,480x270,1.9861049999999985,,
2025-12-17T05:59:41.333Z,0.793,1,600,480x270,1.9088220000000007,,
2025-12-17T05:59:41.586Z,1.025,1,600,480x270,1.9532279999999993,,
2025-12-17T05:59:41.848Z,1.242,1,600,480x270,2.0006200000000014,,
2025-12-17T05:59:42.122Z,1.453,1,600,480x270,1.9149349999999998,,
2025-12-17T05:59:42.805Z,1.422,1,600,480x270,1.9338510000000007,,
2025-12-17T05:59:43.213Z,1.39,1,600,480x270,1.9246119999999998,,
2025-12-17T05:59:43.281Z,1.392,2,1000,640x360,1.955916000000002,,
2025-12-17T05:59:43.830Z,1.307,2,1000,640x360,1.9168919999999972,,
2025-12-17T05:59:44.359Z,1.261,2,1000,640x360,1.9840300000000006,,
2025-12-17T05:59:44.898Z,1.257,2,1000,640x360,1.9496439999999993,,
2025-12-17T05:59:45.428Z,1.194,2,1000,640x360,1.9160090000000025,,
2025-12-17T05:59:45.962Z,1.162,2,1000,640x360,1.9769830000000006,,
2025-12-17T05:59:46.501Z,1.119,2,1000,640x360,1.9467340000000029,,
2025-12-17T05:59:47.052Z,1.083,2,1000,640x360,1.9852639999999973,,
2025-12-17T05:59:47.599Z,1.041,2,1000,640x360,1.9441749999999978,,
2025-12-17T05:59:48.147Z,0.989,2,1000,640x360,2.0001619999999996,,
2025-12-17T05:59:48.722Z,0.899,2,1000,640x360,1.9296840000000017,,
2025-12-17T05:59:49.363Z,0.776,2,1000,640x360,1.9781690000000012,,
2025-12-17T05:59:50.015Z,0.626,2,1000,640x360,1.9283489999999972,,
2025-12-17T05:59:50.084Z,0.614,1,600,480x270,1.9569139999999976,,
2025-12-17T05:59:50.480Z,0.665,1,600,480x270,1.9661270000000002,,
2025-12-17T05:59:50.553Z,0.604,2,1000,640x360,2.003422999999998,,
2025-12-17T05:59:51.195Z,0.435,2,1000,640x360,1.944313000000001,,
2025-12-17T05:59:51.275Z,0.37,1,600,480x270,1.9726229999999987,,
2025-12-17T05:59:51.433Z,0.2,1,600,480x270,1.9117430000000013,,rebuffer happen
2025-12-17T05:59:51.666Z,0.463,1,600,480x270,1.9726029999999994,,
2025-12-17T05:59:51.744Z,0.434,0,200,320x180,1.8940020000000004,,
2025-12-17T05:59:51.878Z,0.701,0,200,320x180,1.9593750000000014,,
2025-12-17T05:59:51.963Z,0.752,2,1000,640x360,1.989255,,
2025-12-17T05:59:52.588Z,0.561,2,1000,640x360,1.9620790000000028,,
2025-12-17T05:59:52.663Z,0.549,1,600,480x270,1.9809600000000032,,
2025-12-17T05:59:53.071Z,0.545,1,600,480x270,1.9696529999999939,,
2025-12-17T05:59:53.144Z,0.561,2,1000,640x360,1.8956409999999977,,
2025-12-17T05:59:53.410Z,0.289,2,1000,640x360,1.940446999999999,,rebuffer happen
2025-12-17T05:59:53.773Z,0.328,2,1000,640x360,1.966434999999997,,
2025-12-17T05:59:53.844Z,0.314,1,600,480x270,1.8951659999999961,,
2025-12-17T05:59:53.845Z,0.286,1,600,480x270,2.000402000000001,,rebuffer happen
2025-12-17T05:59:54.228Z,0.399,1,600,480x270,1.9142809999999955,,
2025-12-17T05:59:54.294Z,0.402,0,200,320x180,1.9436620000000033,,
2025-12-17T05:59:54.361Z,0.27,0,200,320x180,1.9783990000000031,,rebuffer happen
2025-12-17T05:59:54.435Z,0.616,0,200,320x180,1.910029999999999,,
2025-12-17T05:59:54.512Z,0.701,2,1000,640x360,1.9386569999999992,,
2025-12-17T05:59:55.136Z,0.507,2,1000,640x360,2.002960999999999,,
2025-12-17T05:59:55.212Z,0.479,1,600,480x270,1.9262119999999996,,
2025-12-17T05:59:55.613Z,0.501,1,600,480x270,1.9248720000000006,,
2025-12-17T05:59:55.683Z,0.518,0,200,320x180,1.957966000000006,,
2025-12-17T05:59:55.832Z,0.795,0,200,320x180,1.915179000000002,,
2025-12-17T05:59:55.898Z,0.791,2,1000,640x360,1.9425720000000055,,
2025-12-17T05:59:56.431Z,0.709,2,1000,640x360,1.909362999999999,,
2025-12-17T05:59:56.508Z,0.658,1,600,480x270,1.9513180000000006,,
2025-12-17T05:59:56.892Z,0.739,1,600,480x270,1.9514470000000017,,
2025-12-17T05:59:56.959Z,0.741,2,1000,640x360,1.9812239999999974,,
2025-12-17T05:59:57.561Z,0.557,2,1000,640x360,1.978543000000002,,
2025-12-17T05:59:57.628Z,0.568,1,600,480x270,1.9108429999999998,,
2025-12-17T05:59:58.007Z,0.616,1,600,480x270,1.936312000000001,,
2025-12-17T05:59:58.082Z,0.562,2,1000,640x360,1.9540459999999982,,
2025-12-17T05:59:58.334Z,0.295,2,1000,640x360,1.9058040000000034,,rebuffer happen
2025-12-17T05:59:58.717Z,0.415,2,1000,640x360,1.933520999999999,,
2025-12-17T05:59:58.795Z,0.419,1,600,480x270,1.9478890000000035,,
2025-12-17T05:59:58.842Z,0.292,1,600,480x270,2.0048710000000014,,rebuffer happen
2025-12-17T05:59:59.169Z,0.46,1,600,480x270,1.9761799999999994,,
2025-12-17T05:59:59.237Z,0.426,0,200,320x180,1.9082209999999975,,
2025-12-17T05:59:59.379Z,0.703,0,200,320x180,1.9671850000000006,,
2025-12-17T05:59:59.454Z,0.74,2,1000,640x360,1.9935649999999967,,
2025-12-17T06:00:00.086Z,0.541,2,1000,640x360,1.963435000000004,,
2025-12-17T06:00:00.153Z,0.545,1,600,480x270,1.9887329999999963,,
2025-12-17T06:00:00.526Z,0.573,1,600,480x270,1.9195649999999986,,
2025-12-17T06:00:00.608Z,0.609,2,1000,640x360,1.9406409999999994,,
2025-12-17T06:00:01.242Z,0.384,2,1000,640x360,1.998984,,
2025-12-17T06:00:01.315Z,0.371,1,600,480x270,1.9249480000000005,,
2025-12-17T06:00:01.396Z,0.233,1,600,480x270,1.9409109999999998,,rebuffer happen
2025-12-17T06:00:01.708Z,0.444,1,600,480x270,1.9417639999999992,,
2025-12-17T06:00:01.784Z,0.385,0,200,320x180,1.9691779999999994,,
2025-12-17T06:00:01.914Z,0.709,0,200,320x180,1.9399079999999955,,
2025-12-17T06:00:01.988Z,0.727,2,1000,640x360,1.9608360000000005,,
2025-12-17T06:00:02.822Z,0.422,2,1000,640x360,1.9303130000000053,,
2025-12-17T06:00:02.848Z,0.293,1,600,480x270,1.9996719999999968,,rebuffer happen
2025-12-17T06:00:02.891Z,0.293,1,600,480x270,1.9550819999999973,,
2025-12-17T06:00:03.113Z,0.021,1,600,480x270,1.927858999999998,,rebuffer happen
2025-12-17T06:00:03.737Z,0.127,1,600,480x270,2.201005000000002,,
2025-12-17T06:00:03.813Z,0.018,0,200,320x180,2.125525000000003,,rebuffer happen
2025-12-17T06:00:03.814Z,0.018,0,200,320x180,2.125525000000003,,
2025-12-17T06:00:04.134Z,0.372,0,200,320x180,2.246271,,
2025-12-17T06:00:04.271Z,0.203,0,200,320x180,2.3124799999999937,,rebuffer happen
2025-12-17T06:00:04.333Z,0.285,0,200,320x180,2.228320999999994,,rebuffer happen
2025-12-17T06:00:04.435Z,0.468,0,200,320x180,2.2135700000000043,,
2025-12-17T06:00:04.518Z,0.506,2,1000,640x360,2.2392779999999988,,
2025-12-17T06:00:04.848Z,0.027,2,1000,640x360,2.233491000000001,,rebuffer happen
2025-12-17T06:00:04.849Z,0.027,2,1000,640x360,2.233491000000001,,rebuffer happen
2025-12-17T06:00:05.181Z,0.029,2,1000,640x360,2.409751,,rebuffer happen
2025-12-17T06:00:05.348Z,0.025,2,1000,640x360,2.5082140000000024,,rebuffer happen
2025-12-17T06:00:05.398Z,0.027,2,1000,640x360,2.4772780000000054,,rebuffer happen
2025-12-17T06:00:05.481Z,0.015,2,1000,640x360,2.526565000000005,,rebuffer happen
2025-12-17T06:00:05.531Z,0.016,2,1000,640x360,2.493920000000003,,rebuffer happen
2025-12-17T06:00:05.598Z,0.015,2,1000,640x360,2.566986,,rebuffer happen
2025-12-17T06:00:05.715Z,0.028,2,1000,640x360,2.642586999999999,,rebuffer happen
2025-12-17T06:00:05.798Z,0.025,2,1000,640x360,2.702425000000005,,rebuffer happen
2025-12-17T06:00:05.865Z,0.021,2,1000,640x360,2.772894000000001,,rebuffer happen
2025-12-17T06:00:05.921Z,0.021,2,1000,640x360,2.772894000000001,,
2025-12-17T06:00:05.965Z,0.015,1,600,480x270,2.829789000000005,,rebuffer happen
2025-12-17T06:00:06.003Z,0.015,1,600,480x270,2.829789000000005,,
2025-12-17T06:00:06.515Z,0.032,1,600,480x270,3.2048249999999996,,rebuffer happen
2025-12-17T06:00:06.847Z,0.086,1,600,480x270,3.3126370000000023,,
2025-12-17T06:00:06.916Z,0.027,0,200,320x180,3.244455000000002,,rebuffer happen
2025-12-17T06:00:06.926Z,0.027,0,200,320x180,3.244455000000002,,
2025-12-17T06:00:07.149Z,0.277,0,200,320x180,3.4627120000000033,,rebuffer happen
2025-12-17T06:00:07.211Z,0.332,0,200,320x180,3.3854790000000037,,
2025-12-17T06:00:07.541Z,0.477,0,200,320x180,3.401063999999998,,
2025-12-17T06:00:07.613Z,0.493,1,600,480x270,3.2936750000000004,,
2025-12-17T06:00:07.708Z,0.243,1,600,480x270,3.2589590000000044,,rebuffer happen
2025-12-17T06:00:07.850Z,0.031,1,600,480x270,3.2495040000000017,,rebuffer happen
2025-12-17T06:00:08.458Z,0.122,1,600,480x270,3.406644,,
2025-12-17T06:00:08.530Z,0.096,0,200,320x180,3.3417989999999946,,
2025-12-17T06:00:08.534Z,0.029,0,200,320x180,3.3391949999999966,,rebuffer happen
2025-12-17T06:00:08.816Z,0.346,0,200,320x180,3.478614999999998,,
2025-12-17T06:00:08.944Z,0.178,0,200,320x180,3.4914699999999996,,rebuffer happen
2025-12-17T06:00:09.166Z,0.408,0,200,320x180,3.3615080000000006,,
2025-12-17T06:00:09.302Z,0.141,0,200,320x180,3.2509919999999966,,rebuffer happen
2025-12-17T06:00:09.494Z,0.415,0,200,320x180,3.263479000000004,,
2025-12-17T06:00:09.578Z,0.451,1,600,480x270,3.2967549999999974,,
2025-12-17T06:00:09.660Z,0.264,1,600,480x270,3.2781340000000014,,rebuffer happen
2025-12-17T06:00:09.818Z,0.027,1,600,480x270,3.1355629999999977,,rebuffer happen
2025-12-17T06:00:10.173Z,0.259,1,600,480x270,3.291716000000001,,
2025-12-17T06:00:10.249Z,0.279,0,200,320x180,3.2155770000000032,,
2025-12-17T06:00:10.359Z,0.553,0,200,320x180,3.307341000000001,,
2025-12-17T06:00:10.434Z,0.563,1,600,480x270,3.195861999999998,,
2025-12-17T06:00:10.597Z,0.271,1,600,480x270,3.1498850000000047,,rebuffer happen
2025-12-17T06:00:10.786Z,0.463,1,600,480x270,3.061638000000002,,
2025-12-17T06:00:10.858Z,0.453,0,200,320x180,3.062147000000003,,
2025-12-17T06:00:10.983Z,0.612,0,200,320x180,2.9678359999999984,,
2025-12-17T06:00:11.061Z,0.657,1,600,480x270,2.960765000000002,,
2025-12-17T06:00:11.401Z,0.519,1,600,480x270,2.753522000000004,,
2025-12-17T06:00:11.480Z,0.532,0,200,320x180,2.735135999999997,,
2025-12-17T06:00:11.602Z,0.667,0,200,320x180,2.6646959999999993,,
2025-12-17T06:00:11.686Z,0.746,1,600,480x270,2.634298000000001,,
2025-12-17T06:00:12.051Z,0.573,1,600,480x270,2.496042999999993,,
2025-12-17T06:00:12.121Z,0.587,0,200,320x180,2.3945039999999977,,
2025-12-17T06:00:12.260Z,0.79,0,200,320x180,2.393525000000004,,
2025-12-17T06:00:12.338Z,0.785,1,600,480x270,2.2845410000000044,,
2025-12-17T06:00:12.698Z,0.732,1,600,480x270,2.238475000000001,,
2025-12-17T06:00:13.084Z,0.738,1,600,480x270,2.150029999999994,,
2025-12-17T06:00:13.411Z,0.799,1,600,480x270,2.048815999999995,,
2025-12-17T06:00:13.801Z,0.888,1,600,480x270,2.0450659999999985,,
2025-12-17T06:00:14.150Z,1.017,1,600,480x270,2.0418920000000043,,
2025-12-17T06:00:14.493Z,1.157,1,600,480x270,1.9822220000000002,,
2025-12-17T06:00:14.848Z,1.296,1,600,480x270,2.0190590000000057,,
2025-12-17T06:00:15.221Z,1.426,1,600,480x270,1.929713999999997,,
2025-12-17T06:00:15.295Z,1.418,2,1000,640x360,1.949969000000003,,
2025-12-17T06:00:15.875Z,1.26,2,1000,640x360,1.9676270000000002,,
2025-12-17T06:00:16.264Z,1.358,2,1000,640x360,1.972290000000001,,
2025-12-17T06:00:16.639Z,1.48,2,1000,640x360,2.0039269999999973,,
2025-12-17T06:00:17.371Z,1.265,2,1000,640x360,1.9677849999999992,,
2025-12-17T06:00:17.446Z,1.243,1,600,480x270,1.8926329999999965,,
2025-12-17T06:00:17.925Z,1.177,1,600,480x270,1.9171300000000002,,
2025-12-17T06:00:18.462Z,1.178,1,600,480x270,1.9821540000000013,,
2025-12-17T06:00:18.959Z,1.183,1,600,480x270,1.9852259999999973,,
2025-12-17T06:00:19.392Z,1.172,1,600,480x270,1.9503419999999991,,
2025-12-17T06:00:19.831Z,1.251,1,600,480x270,1.9054399999999987,,
2025-12-17T06:00:20.327Z,1.274,1,600,480x270,1.9104750000000053,,
2025-12-17T06:00:21.178Z,0.959,1,600,480x270,1.9600789999999932,,
2025-12-17T06:00:21.845Z,0.775,1,600,480x270,2.0024140000000017,,
2025-12-17T06:00:22.465Z,0.656,1,600,480x270,1.9832940000000008,,
2025-12-17T06:00:22.960Z,0.673,1,600,480x270,1.9858959999999968,,
2025-12-17T06:00:23.432Z,0.693,1,600,480x270,1.9155870000000021,,
2025-12-17T06:00:23.837Z,0.791,1,600,480x270,2.016069999999999,,
2025-12-17T06:00:24.412Z,0.696,1,600,480x270,1.933645999999996,,
2025-12-17T06:00:24.800Z,0.797,1,600,480x270,1.9401620000000008,,
2025-12-17T06:00:25.140Z,0.971,1,600,480x270,1.9980279999999908,,
2025-12-17T06:00:25.488Z,1.132,1,600,480x270,1.9621510000000058,,
2025-12-17T06:00:25.858Z,1.258,1,600,480x270,1.986259000000004,,
2025-12-17T06:00:26.229Z,1.383,1,600,480x270,1.9220609999999994,,
2025-12-17T06:00:26.606Z,1.537,1,600,480x270,1.9521960000000007,,
2025-12-17T06:00:26.972Z,1.675,1,600,480x270,1.972118000000009,,
2025-12-17T06:00:27.281Z,1.831,1,600,480x270,1.957211000000001,,
2025-12-17T06:00:27.684Z,1.962,1,600,480x270,1.974628999999993,,
2025-12-17T06:00:27.764Z,1.967,2,1000,640x360,2.0033679999999947,,
2025-12-17T06:00:28.525Z,1.62,2,1000,640x360,1.9162940000000077,,
2025-12-17T06:00:29.239Z,1.378,2,1000,640x360,1.9983670000000018,,
2025-12-17T06:00:29.742Z,1.385,2,1000,640x360,2.005059000000003,,
2025-12-17T06:00:30.242Z,1.381,2,1000,640x360,2.0001609999999914,,
2025-12-17T06:00:30.770Z,1.362,2,1000,640x360,1.9839580000000012,,
2025-12-17T06:00:31.592Z,1.082,2,1000,640x360,1.968865000000008,,
2025-12-17T06:00:32.080Z,1.037,2,1000,640x360,1.9686729999999955,,
2025-12-17T06:00:32.617Z,1.018,2,1000,640x360,1.9322889999999973,,
2025-12-17T06:00:33.175Z,0.934,2,1000,640x360,1.9603469999999987,,
2025-12-17T06:00:33.860Z,0.752,2,1000,640x360,1.984269999999995,,
2025-12-17T06:00:34.246Z,0.89,2,1000,640x360,1.9917580000000044,,
2025-12-17T06:00:34.821Z,0.811,2,1000,640x360,1.9318760000000026,,
2025-12-17T06:00:35.504Z,0.642,2,1000,640x360,1.9436819999999955,,
2025-12-17T06:00:35.574Z,0.635,1,600,480x270,1.9790439999999876,,
2025-12-17T06:00:35.944Z,0.751,1,600,480x270,2.010064,,
2025-12-17T06:00:36.025Z,0.695,2,1000,640x360,1.9271419999999893,,
2025-12-17T06:00:36.544Z,0.595,2,1000,640x360,2.002165000000005,,
2025-12-17T06:00:36.620Z,0.587,1,600,480x270,1.9264530000000093,,
2025-12-17T06:00:36.954Z,0.659,1,600,480x270,1.9854749999999939,,
2025-12-17T06:00:37.020Z,0.676,2,1000,640x360,1.9187960000000004,,
2025-12-17T06:00:37.605Z,0.524,2,1000,640x360,1.9359559999999902,,
2025-12-17T06:00:37.678Z,0.529,1,600,480x270,1.966852000000003,,
2025-12-17T06:00:38.022Z,0.602,1,600,480x270,1.9225010000000111,,
2025-12-17T06:00:38.098Z,0.608,2,1000,640x360,1.9411470000000008,,
2025-12-17T06:00:38.672Z,0.474,2,1000,640x360,1.9841239999999942,,
2025-12-17T06:00:38.737Z,0.466,1,600,480x270,1.9179259999999942,,
2025-12-17T06:00:39.081Z,0.544,1,600,480x270,1.957743999999991,,
2025-12-17T06:00:39.157Z,0.551,0,200,320x180,1.9890840000000054,,
2025-12-17T06:00:39.284Z,0.792,0,200,320x180,1.9540060000000068,,
2025-12-17T06:00:39.361Z,0.827,2,1000,640x360,1.9850160000000017,,
2025-12-17T06:00:39.932Z,0.715,2,1000,640x360,1.9162800000000004,,
2025-12-17T06:00:39.997Z,0.706,1,600,480x270,1.9484199999999987,,
2025-12-17T06:00:40.359Z,0.745,1,600,480x270,1.9833580000000097,,
2025-12-17T06:00:40.432Z,0.726,2,1000,640x360,1.9107850000000042,,
2025-12-17T06:00:40.869Z,0.767,2,1000,640x360,1.975246999999996,,
2025-12-17T06:00:41.395Z,0.74,2,1000,640x360,1.946473999999995,,
2025-12-17T06:00:41.461Z,0.708,1,600,480x270,1.9923529999999943,,
2025-12-17T06:00:41.778Z,0.846,1,600,480x270,1.9719300000000004,,
2025-12-17T06:00:41.854Z,0.853,2,1000,640x360,1.9898780000000045,,
2025-12-17T06:00:42.309Z,0.823,2,1000,640x360,1.9265749999999997,,
2025-12-17T06:00:42.799Z,0.828,2,1000,640x360,1.9494370000000032,,
2025-12-17T06:00:43.312Z,0.794,2,1000,640x360,1.9263729999999981,,
2025-12-17T06:00:43.803Z,0.855,2,1000,640x360,1.9588060000000098,,
2025-12-17T06:00:44.326Z,0.809,2,1000,640x360,1.913127000000003,,
2025-12-17T06:00:44.879Z,0.718,2,1000,640x360,1.9647149999999982,,
2025-12-17T06:00:45.485Z,0.652,2,1000,640x360,1.958711000000008,,
2025-12-17T06:00:45.560Z,0.631,1,600,480x270,1.9915089999999935,,
2025-12-17T06:00:45.896Z,0.68,1,600,480x270,1.9520320000000027,,
2025-12-17T06:00:45.969Z,0.675,2,1000,640x360,1.9717880000000036,,
2025-12-17T06:00:46.545Z,0.582,2,1000,640x360,2.001289,,
2025-12-17T06:00:46.612Z,0.55,1,600,480x270,1.9329959999999886,,
2025-12-17T06:00:46.954Z,0.679,1,600,480x270,1.9963739999999888,,
2025-12-17T06:00:47.022Z,0.621,2,1000,640x360,1.9274609999999939,,
2025-12-17T06:00:47.635Z,0.511,2,1000,640x360,1.9211169999999953,,
2025-12-17T06:00:47.714Z,0.476,1,600,480x270,1.935859999999991,,
2025-12-17T06:00:47.895Z,0.276,1,600,480x270,1.9561159999999944,,rebuffer happen
2025-12-17T06:00:48.063Z,0.56,1,600,480x270,1.9793109999999956,,
2025-12-17T06:00:48.135Z,0.559,2,1000,640x360,1.9065609999999964,,
2025-12-17T06:00:48.339Z,0.292,2,1000,640x360,2.000253999999998,,rebuffer happen
2025-12-17T06:00:48.787Z,0.335,2,1000,640x360,1.959311999999997,,
2025-12-17T06:00:48.867Z,0.342,1,600,480x270,1.9714989999999943,,
2025-12-17T06:00:48.868Z,0.262,1,600,480x270,1.9706560000000053,,rebuffer happen
2025-12-17T06:00:49.137Z,0.293,1,600,480x270,1.999138000000002,,rebuffer happen
2025-12-17T06:00:49.254Z,0.347,1,600,480x270,1.986698000000004,,
2025-12-17T06:00:49.319Z,0.375,0,200,320x180,1.9207860000000068,,
2025-12-17T06:00:49.400Z,0.23,0,200,320x180,1.9377209999999963,,rebuffer happen
2025-12-17T06:00:49.456Z,0.602,0,200,320x180,1.9908690000000036,,
2025-12-17T06:00:49.537Z,0.652,2,1000,640x360,1.9095860000000044,,
2025-12-17T06:00:50.112Z,0.511,2,1000,640x360,1.9297759999999897,,
2025-12-17T06:00:50.194Z,0.517,1,600,480x270,1.9415869999999984,,
2025-12-17T06:00:50.550Z,0.567,1,600,480x270,1.9965509999999966,,
2025-12-17T06:00:50.614Z,0.585,2,1000,640x360,1.931313000000003,,
2025-12-17T06:00:51.121Z,0.515,2,1000,640x360,1.9199009999999959,,
2025-12-17T06:00:51.192Z,0.509,1,600,480x270,1.9574599999999975,,
2025-12-17T06:00:51.544Z,0.579,1,600,480x270,2.0102509999999967,,
2025-12-17T06:00:51.615Z,0.599,2,1000,640x360,1.9374350000000078,,
2025-12-17T06:00:52.231Z,0.419,2,1000,640x360,1.9115939999999938,,
2025-12-17T06:00:52.298Z,0.399,1,600,480x270,1.9417139999999904,,
2025-12-17T06:00:52.350Z,0.28,1,600,480x270,1.98629600000001,,rebuffer happen
2025-12-17T06:00:52.588Z,0.533,1,600,480x270,1.967888000000002,,
2025-12-17T06:00:52.657Z,0.56,2,1000,640x360,1.9965490000000017,,
2025-12-17T06:00:52.849Z,0.294,2,1000,640x360,2.007126999999997,,rebuffer happen
2025-12-17T06:00:53.230Z,0.396,2,1000,640x360,1.9151640000000043,,
2025-12-17T06:00:53.310Z,0.402,1,600,480x270,1.9430090000000035,,
2025-12-17T06:00:53.391Z,0.238,1,600,480x270,1.9458709999999968,,rebuffer happen
2025-12-17T06:00:53.648Z,0.451,1,600,480x270,1.9885749999999973,,
2025-12-17T06:00:53.717Z,0.481,0,200,320x180,1.9195119999999974,,
2025-12-17T06:00:53.856Z,0.733,0,200,320x180,1.9896289999999937,,
2025-12-17T06:00:53.937Z,0.705,2,1000,640x360,1.9086509999999919,,
2025-12-17T06:00:54.581Z,0.554,2,1000,640x360,1.9707890000000106,,
2025-12-17T06:00:54.651Z,0.553,1,600,480x270,1.992886999999996,,
2025-12-17T06:00:54.950Z,0.661,1,600,480x270,1.9886340000000047,,
2025-12-17T06:00:55.026Z,0.649,2,1000,640x360,1.9128000000000043,,
2025-12-17T06:00:55.663Z,0.458,2,1000,640x360,1.9926379999999995,,
2025-12-17T06:00:55.741Z,0.475,1,600,480x270,1.914231000000001,,
2025-12-17T06:00:55.840Z,0.296,1,600,480x270,2.005752000000001,,rebuffer happen
2025-12-17T06:00:56.125Z,0.487,1,600,480x270,1.9157040000000052,,
2025-12-17T06:00:56.191Z,0.507,0,200,320x180,1.9502049999999969,,
2025-12-17T06:00:56.338Z,0.74,0,200,320x180,1.998020000000011,,
2025-12-17T06:00:56.411Z,0.765,2,1000,640x360,1.9268710000000056,,
2025-12-17T06:00:57.141Z,0.505,2,1000,640x360,2.0041359999999884,,
2025-12-17T06:00:57.218Z,0.493,1,600,480x270,1.9252029999999962,,
2025-12-17T06:00:57.365Z,0.265,1,600,480x270,1.9814829999999972,,rebuffer happen
2025-12-17T06:00:57.623Z,0.511,1,600,480x270,1.9341379999999901,,
2025-12-17T06:00:57.703Z,0.507,0,200,320x180,1.9444209999999913,,
2025-12-17T06:00:57.843Z,0.741,0,200,320x180,1.999974999999992,,
2025-12-17T06:00:57.920Z,0.727,2,1000,640x360,1.9228179999999924,,
2025-12-17T06:00:58.585Z,0.547,2,1000,640x360,1.9630619999999936,,
2025-12-17T06:00:58.663Z,0.553,1,600,480x270,1.9960880000000003,,
2025-12-17T06:00:59.064Z,0.565,1,600,480x270,1.9771849999999915,,
2025-12-17T06:00:59.149Z,0.567,0,200,320x180,1.9898769999999928,,
2025-12-17T06:00:59.287Z,0.791,0,200,320x180,1.9536040000000128,,
2025-12-17T06:00:59.361Z,0.842,2,1000,640x360,1.9873790000000042,,
2025-12-17T06:01:00.107Z,0.58,2,1000,640x360,1.9356379999999973,,
2025-12-17T06:01:00.186Z,0.524,1,600,480x270,1.958215999999993,,
2025-12-17T06:01:00.348Z,0.281,1,600,480x270,1.9917059999999935,,rebuffer happen
2025-12-17T06:01:00.693Z,0.433,1,600,480x270,1.9646900000000045,,
2025-12-17T06:01:00.768Z,0.437,0,200,320x180,1.9828540000000032,,
2025-12-17T06:01:00.923Z,0.714,0,200,320x180,1.9331150000000008,,
2025-12-17T06:01:00.997Z,0.715,2,1000,640x360,1.9513270000000063,,
2025-12-17T06:01:01.617Z,0.515,2,1000,640x360,1.9331189999999907,,
2025-12-17T06:01:01.682Z,0.517,1,600,480x270,1.960790000000003,,
2025-12-17T06:01:02.074Z,0.541,1,600,480x270,1.9721769999999879,,
2025-12-17T06:01:02.149Z,0.487,0,200,320x180,1.9888519999999943,,
2025-12-17T06:01:02.297Z,0.833,0,200,320x180,1.947041000000013,,
2025-12-17T06:01:02.370Z,0.832,2,1000,640x360,1.971537000000012,,
2025-12-17T06:01:03.065Z,0.564,2,1000,640x360,1.9795900000000017,,
2025-12-17T06:01:03.135Z,0.564,1,600,480x270,1.9101500000000016,,
2025-12-17T06:01:03.561Z,0.558,1,600,480x270,1.9892819999999887,,
2025-12-17T06:01:03.632Z,0.577,0,200,320x180,1.9181669999999968,,
2025-12-17T06:01:03.782Z,0.837,0,200,320x180,1.9608419999999995,,
2025-12-17T06:01:03.849Z,0.853,1,600,480x270,1.9942570000000046,,
2025-12-17T06:01:04.260Z,0.869,1,600,480x270,1.985042000000007,,
2025-12-17T06:01:04.549Z,1.07,1,600,480x270,2.0085219999999993,,
2025-12-17T06:01:04.886Z,1.236,1,600,480x270,1.9604870000000005,,
2025-12-17T06:01:05.284Z,1.359,1,600,480x270,1.9535860000000014,,
2025-12-17T06:01:05.763Z,1.369,1,600,480x270,1.9860019999999992,,
2025-12-17T06:01:06.150Z,1.46,1,600,480x270,1.989227999999997,,
2025-12-17T06:01:06.524Z,1.59,1,600,480x270,1.92320500000001,,
2025-12-17T06:01:06.887Z,1.74,1,600,480x270,1.9528260000000017,,
2025-12-17T06:01:07.362Z,1.749,1,600,480x270,1.9739769999999908,,
2025-12-17T06:01:07.806Z,1.843,1,600,480x270,1.941389000000001,,
2025-12-17T06:01:08.247Z,1.866,1,600,480x270,1.9949390000000022,,
2025-12-17T06:01:08.612Z,2.013,1,600,480x270,1.9363989999999944,,
2025-12-17T06:01:09.106Z,2.007,1,600,480x270,1.9346019999999982,,
2025-12-17T06:01:09.505Z,2.109,1,600,480x270,1.9360550000000103,,
2025-12-17T06:01:09.995Z,2.115,1,600,480x270,1.9461569999999995,,
2025-12-17T06:01:10.065Z,2.134,2,1000,640x360,1.9725439999999992,,
2025-12-17T06:01:10.942Z,1.68,2,1000,640x360,1.9969169999999963,,
2025-12-17T06:01:11.644Z,1.46,2,1000,640x360,2.0044699999999978,,
2025-12-17T06:01:12.313Z,1.309,2,1000,640x360,1.9226510000000019,,
2025-12-17T06:01:13.001Z,1.135,2,1000,640x360,1.9500400000000013,,
2025-12-17T06:01:13.564Z,1.087,2,1000,640x360,1.9859869999999944,,
2025-12-17T06:01:14.136Z,0.99,2,1000,640x360,1.9081550000000078,,
2025-12-17T06:01:14.718Z,0.935,2,1000,640x360,1.9466970000000003,,
2025-12-17T06:01:15.271Z,0.865,2,1000,640x360,1.9701879999999932,,
2025-12-17T06:01:15.823Z,0.814,2,1000,640x360,1.917631,,
2025-12-17T06:01:16.372Z,0.762,2,1000,640x360,1.973117000000002,,
2025-12-17T06:01:16.911Z,0.711,2,1000,640x360,1.935063999999997,,
2025-12-17T06:01:16.981Z,0.718,1,600,480x270,1.9578319999999962,,
2025-12-17T06:01:17.315Z,0.808,1,600,480x270,1.9233850000000103,,
2025-12-17T06:01:17.388Z,0.815,2,1000,640x360,1.9580589999999916,,
2025-12-17T06:01:17.923Z,0.703,2,1000,640x360,1.928878999999995,,
2025-12-17T06:01:18.000Z,0.711,1,600,480x270,1.9441050000000075,,
2025-12-17T06:01:18.413Z,0.682,1,600,480x270,1.926019999999994,,
2025-12-17T06:01:18.484Z,0.718,2,1000,640x360,1.9660729999999944,,
2025-12-17T06:01:18.932Z,0.713,2,1000,640x360,1.9196050000000042,,
2025-12-17T06:01:19.012Z,0.706,1,600,480x270,1.9345799999999969,,
2025-12-17T06:01:19.338Z,0.798,1,600,480x270,2.0008610000000004,,
2025-12-17T06:01:19.420Z,0.792,2,1000,640x360,1.9220839999999981,,
2025-12-17T06:01:20.025Z,0.625,2,1000,640x360,1.9127540000000067,,
2025-12-17T06:01:20.103Z,0.589,1,600,480x270,1.9404839999999979,,
2025-12-17T06:01:20.402Z,0.73,1,600,480x270,1.937960000000004,,
2025-12-17T06:01:20.475Z,0.729,2,1000,640x360,1.9681700000000006,,
2025-12-17T06:01:20.983Z,0.653,2,1000,640x360,1.9613239999999905,,
2025-12-17T06:01:21.054Z,0.619,1,600,480x270,1.9887609999999967,,
2025-12-17T06:01:21.461Z,0.653,1,600,480x270,1.9822180000000031,,
2025-12-17T06:01:21.541Z,0.655,2,1000,640x360,1.9036740000000094,,
2025-12-17T06:01:22.081Z,0.531,2,1000,640x360,1.9619500000000016,,
2025-12-17T06:01:22.147Z,0.55,1,600,480x270,1.8951380000000029,,
2025-12-17T06:01:22.476Z,0.661,1,600,480x270,1.9676939999999945,,
2025-12-17T06:01:22.551Z,0.661,2,1000,640x360,2.003454999999988,,
2025-12-17T06:01:23.079Z,0.552,2,1000,640x360,1.9656329999999969,,
2025-12-17T06:01:23.158Z,0.507,1,600,480x270,1.9939390000000117,,
2025-12-17T06:01:23.527Z,0.598,1,600,480x270,1.9182660000000027,,
2025-12-17T06:01:23.596Z,0.604,2,1000,640x360,1.9434750000000065,,
2025-12-17T06:01:24.226Z,0.397,2,1000,640x360,1.9110399999999998,,
2025-12-17T06:01:24.297Z,0.403,1,600,480x270,1.9411489999999958,,
2025-12-17T06:01:24.380Z,0.25,1,600,480x270,1.967016000000001,,rebuffer happen
2025-12-17T06:01:24.596Z,0.535,1,600,480x270,1.953840999999997,,
2025-12-17T06:01:24.675Z,0.541,0,200,320x180,1.9783150000000091,,
2025-12-17T06:01:24.782Z,0.815,0,200,320x180,1.9649760000000072,,
2025-12-17T06:01:24.861Z,0.855,2,1000,640x360,1.9958520000000135,,
2025-12-17T06:01:25.385Z,0.743,2,1000,640x360,1.971730000000008,,
2025-12-17T06:01:25.902Z,0.74,2,1000,640x360,1.941775000000007,,
2025-12-17T06:01:26.518Z,0.621,2,1000,640x360,1.9310080000000198,,
2025-12-17T06:01:26.593Z,0.581,1,600,480x270,1.9685219999999788,,
2025-12-17T06:01:26.962Z,0.668,1,600,480x270,1.9822010000000034,,
2025-12-17T06:01:27.043Z,0.675,2,1000,640x360,1.898826000000014,,
2025-12-17T06:01:27.675Z,0.279,2,1000,640x360,1.986739,,rebuffer happen
2025-12-17T06:01:27.845Z,0.311,2,1000,640x360,2.0108350000000144,,
2025-12-17T06:01:27.915Z,0.304,1,600,480x270,1.9384100000000046,,
2025-12-17T06:01:27.916Z,0.231,1,600,480x270,1.9375850000000128,,rebuffer happen
2025-12-17T06:01:28.252Z,0.397,1,600,480x270,2.000136999999995,,
2025-12-17T06:01:28.321Z,0.39,0,200,320x180,1.931352000000004,,
2025-12-17T06:01:28.457Z,0.596,0,200,320x180,1.9923729999999864,,
2025-12-17T06:01:28.538Z,0.685,2,1000,640x360,1.9103279999999927,,
2025-12-17T06:01:29.090Z,0.549,2,1000,640x360,1.9523939999999982,,
2025-12-17T06:01:29.161Z,0.514,1,600,480x270,1.9888939999999877,,
2025-12-17T06:01:29.545Z,0.584,1,600,480x270,2.0011909999999773,,
2025-12-17T06:01:29.613Z,0.59,2,1000,640x360,1.9326639999999884,,
2025-12-17T06:01:30.153Z,0.472,2,1000,640x360,1.99911800000001,,
2025-12-17T06:01:30.227Z,0.431,1,600,480x270,1.923907000000014,,
2025-12-17T06:01:30.396Z,0.267,1,600,480x270,1.9460870000000057,,rebuffer happen
2025-12-17T06:01:30.636Z,0.512,1,600,480x270,2.0136649999999747,,
2025-12-17T06:01:30.713Z,0.507,0,200,320x180,1.9357379999999864,,
2025-12-17T06:01:30.862Z,0.777,0,200,320x180,1.9861789999999928,,
2025-12-17T06:01:30.944Z,0.721,2,1000,640x360,2.000760000000014,,
2025-12-17T06:01:31.537Z,0.622,2,1000,640x360,2.0144050000000107,,
2025-12-17T06:01:31.613Z,0.606,1,600,480x270,1.9456480000000056,,
2025-12-17T06:01:31.963Z,0.702,1,600,480x270,1.9865330000000085,,
2025-12-17T06:01:32.032Z,0.653,2,1000,640x360,1.9155020000000036,,
2025-12-17T06:01:32.607Z,0.55,2,1000,640x360,1.940572000000003,,
2025-12-17T06:01:32.679Z,0.527,1,600,480x270,1.9628009999999847,,
2025-12-17T06:01:33.056Z,0.596,1,600,480x270,1.9894620000000032,,
2025-12-17T06:01:33.135Z,0.556,2,1000,640x360,1.9104550000000131,,
2025-12-17T06:01:33.704Z,0.424,2,1000,640x360,1.9380909999999858,,
2025-12-17T06:01:33.773Z,0.371,1,600,480x270,1.9669979999999896,,
2025-12-17T06:01:33.916Z,0.249,1,600,480x270,1.9223540000000128,,rebuffer happen
2025-12-17T06:01:34.117Z,0.492,1,600,480x270,1.9265369999999962,,
2025-12-17T06:01:34.194Z,0.447,0,200,320x180,1.9420689999999752,,
2025-12-17T06:01:34.322Z,0.755,0,200,320x180,1.914656999999977,,
2025-12-17T06:01:34.398Z,0.807,2,1000,640x360,1.9408329999999978,,
2025-12-17T06:01:35.012Z,0.622,2,1000,640x360,1.9418430000000058,,
2025-12-17T06:01:35.084Z,0.623,1,600,480x270,1.958420999999987,,
2025-12-17T06:01:35.476Z,0.642,1,600,480x270,1.9808859999999981,,
2025-12-17T06:01:35.553Z,0.662,2,1000,640x360,2.004721999999987,,
2025-12-17T06:01:36.180Z,0.456,2,1000,640x360,1.9626899999999807,,
2025-12-17T06:01:36.252Z,0.456,1,600,480x270,1.9938109999999938,,
2025-12-17T06:01:36.336Z,0.296,1,600,480x270,1.9078630000000203,,rebuffer happen
2025-12-17T06:01:36.651Z,0.494,1,600,480x270,1.9922200000000032,,
2025-12-17T06:01:36.723Z,0.44,0,200,320x180,1.920769000000007,,
2025-12-17T06:01:36.860Z,0.689,0,200,320x180,1.9826850000000036,,
2025-12-17T06:01:36.926Z,0.775,2,1000,640x360,1.9164279999999962,,
2025-12-17T06:01:37.552Z,0.596,2,1000,640x360,1.9920459999999878,,
2025-12-17T06:01:37.627Z,0.584,1,600,480x270,1.9169479999999908,,
2025-12-17T06:01:38.004Z,0.625,1,600,480x270,1.9401739999999847,,
2025-12-17T06:01:38.077Z,0.628,2,1000,640x360,1.9648790000000247,,
2025-12-17T06:01:38.720Z,0.414,2,1000,640x360,1.9293949999999995,,
2025-12-17T06:01:38.791Z,0.417,1,600,480x270,1.9580990000000043,,
2025-12-17T06:01:38.884Z,0.252,1,600,480x270,1.9642460000000028,,rebuffer happen
2025-12-17T06:01:39.162Z,0.453,1,600,480x270,1.9785359999999912,,
2025-12-17T06:01:39.227Z,0.469,0,200,320x180,1.912269000000009,,
2025-12-17T06:01:39.361Z,0.717,0,200,320x180,1.9817759999999964,,
2025-12-17T06:01:39.431Z,0.768,2,1000,640x360,1.9154760000000124,,
2025-12-17T06:01:40.061Z,0.59,2,1000,640x360,1.9916330000000073,,
2025-12-17T06:01:40.133Z,0.577,1,600,480x270,1.917808000000008,,
2025-12-17T06:01:40.531Z,0.583,1,600,480x270,1.9208440000000166,,
2025-12-17T06:01:40.601Z,0.601,2,1000,640x360,1.9444640000000106,,
2025-12-17T06:01:41.218Z,0.396,2,1000,640x360,1.918783999999988,,
2025-12-17T06:01:41.291Z,0.411,1,600,480x270,1.9542509999999993,,
2025-12-17T06:01:41.427Z,0.205,1,600,480x270,1.9158099999999934,,rebuffer happen
2025-12-17T06:01:41.658Z,0.455,1,600,480x270,1.9806549999999845,,
2025-12-17T06:01:41.724Z,0.474,0,200,320x180,1.9141119999999887,,
2025-12-17T06:01:41.848Z,0.73,0,200,320x180,1.9923149999999907,,
2025-12-17T06:01:41.926Z,0.783,2,1000,640x360,1.9145679999999743,,
2025-12-17T06:01:42.483Z,0.662,2,1000,640x360,1.9708459999999945,,
2025-12-17T06:01:42.550Z,0.625,1,600,480x270,1.999619999999993,,
2025-12-17T06:01:42.918Z,0.699,1,600,480x270,1.9391939999999863,,
2025-12-17T06:01:42.986Z,0.718,2,1000,640x360,1.9635990000000163,,
2025-12-17T06:01:43.642Z,0.531,2,1000,640x360,2.016615999999999,,
2025-12-17T06:01:43.719Z,0.504,1,600,480x270,1.937640999999985,,
2025-12-17T06:01:43.857Z,0.284,1,600,480x270,2.0019379999999956,,rebuffer happen
2025-12-17T06:01:44.088Z,0.557,1,600,480x270,1.9652670000000114,,
2025-12-17T06:01:44.166Z,0.511,2,1000,640x360,1.978465,,
2025-12-17T06:01:44.379Z,0.285,2,1000,640x360,1.9581170000000157,,rebuffer happen
2025-12-17T06:01:44.755Z,0.383,2,1000,640x360,1.982863999999978,,
2025-12-17T06:01:44.821Z,0.375,1,600,480x270,1.9167239999999879,,
2025-12-17T06:01:44.919Z,0.211,1,600,480x270,1.922916000000015,,rebuffer happen
2025-12-17T06:01:45.238Z,0.4,1,600,480x270,2.0006659999999954,,
2025-12-17T06:01:45.303Z,0.392,0,200,320x180,1.9351580000000013,,
2025-12-17T06:01:45.426Z,0.62,0,200,320x180,1.914968999999985,,
2025-12-17T06:01:45.505Z,0.685,2,1000,640x360,1.945413000000002,,
2025-12-17T06:01:46.159Z,0.465,2,1000,640x360,1.9777149999999892,,
2025-12-17T06:01:46.238Z,0.471,1,600,480x270,1.8980789999999956,,
2025-12-17T06:01:46.621Z,0.511,1,600,480x270,1.9240439999999808,,
2025-12-17T06:01:46.689Z,0.517,0,200,320x180,1.965818000000013,,
2025-12-17T06:01:46.830Z,0.766,0,200,320x180,1.9160730000000115,,
2025-12-17T06:01:46.906Z,0.788,2,1000,640x360,1.935892000000024,,
2025-12-17T06:01:47.394Z,0.736,2,1000,640x360,1.9522870000000125,,
2025-12-17T06:01:47.901Z,0.752,2,1000,640x360,1.9531350000000032,,
2025-12-17T06:01:48.406Z,0.713,2,1000,640x360,1.9401609999999891,,
2025-12-17T06:01:48.935Z,0.702,2,1000,640x360,1.920975999999996,,
2025-12-17T06:01:49.468Z,0.661,2,1000,640x360,1.9838320000000067,,
2025-12-17T06:01:49.533Z,0.67,1,600,480x270,1.9178400000000124,,
2025-12-17T06:01:49.845Z,0.745,1,600,480x270,2.0044029999999964,,
2025-12-17T06:01:49.924Z,0.788,2,1000,640x360,1.9242849999999976,,
2025-12-17T06:01:50.382Z,0.737,2,1000,640x360,1.963122999999996,,
2025-12-17T06:01:50.833Z,0.799,2,1000,640x360,1.9060759999999846,,
2025-12-17T06:01:51.320Z,0.811,2,1000,640x360,1.9180629999999894,,
2025-12-17T06:01:51.835Z,0.803,2,1000,640x360,1.9100309999999752,,
2025-12-17T06:01:52.435Z,0.708,2,1000,640x360,1.9114420000000223,,
2025-12-17T06:01:52.512Z,0.697,1,600,480x270,1.9350169999999878,,
2025-12-17T06:01:52.834Z,0.804,1,600,480x270,1.9207090000000164,,
2025-12-17T06:01:52.906Z,0.814,2,1000,640x360,1.9563959999999838,,
2025-12-17T06:01:53.523Z,0.656,2,1000,640x360,1.9266900000000078,,
2025-12-17T06:01:53.592Z,0.617,1,600,480x270,1.9641009999999994,,
2025-12-17T06:01:54.066Z,0.551,1,600,480x270,1.9815080000000194,,
2025-12-17T06:01:54.547Z,0.609,1,600,480x270,2.0043540000000064,,
2025-12-17T06:01:55.025Z,0.591,1,600,480x270,1.913185999999996,,
2025-12-17T06:01:55.480Z,0.64,1,600,480x270,1.9751100000000008,,
2025-12-17T06:01:55.992Z,0.648,1,600,480x270,1.9522369999999967,,
2025-12-17T06:01:56.563Z,0.612,1,600,480x270,1.9947070000000053,,
2025-12-17T06:01:56.630Z,0.535,0,200,320x180,1.9329859999999996,,
2025-12-17T06:01:56.804Z,0.813,0,200,320x180,1.9570879999999988,,
2025-12-17T06:01:56.879Z,0.843,1,600,480x270,1.9751269999999863,,
2025-12-17T06:01:57.304Z,0.832,1,600,480x270,1.938334999999995,,
2025-12-17T06:01:57.826Z,0.862,1,600,480x270,1.913612999999998,,
2025-12-17T06:01:58.334Z,0.867,1,600,480x270,1.903648000000004,,
2025-12-17T06:01:58.716Z,0.906,1,600,480x270,1.9303370000000086,,
2025-12-17T06:01:59.191Z,0.941,1,600,480x270,1.9465649999999926,,
2025-12-17T06:01:59.602Z,1.025,1,600,480x270,1.9551600000000064,,
2025-12-17T06:02:00.053Z,1.066,1,600,480x270,1.9959100000000092,,
2025-12-17T06:02:00.540Z,1.085,1,600,480x270,2.0153549999999996,,
2025-12-17T06:02:01.018Z,1.095,1,600,480x270,1.938492999999994,,
2025-12-17T06:02:01.274Z,1.304,1,600,480x270,1.9673569999999927,,
2025-12-17T06:02:01.583Z,1.526,1,600,480x270,1.95850200000001,,
2025-12-17T06:02:01.898Z,1.723,1,600,480x270,1.9531679999999767,,
2025-12-17T06:02:02.140Z,1.98,1,600,480x270,2.0001650000000097,,
2025-12-17T06:02:02.531Z,2.047,1,600,480x270,1.9146089999999845,,
2025-12-17T06:02:03.015Z,2.095,1,600,480x270,1.9249850000000208,,
2025-12-17T06:02:03.522Z,2.119,1,600,480x270,1.927264000000008,,
2025-12-17T06:02:03.590Z,2.12,2,1000,640x360,1.9668200000000127,,
2025-12-17T06:02:04.149Z,1.975,2,1000,640x360,1.997620000000012,,
2025-12-17T06:02:04.671Z,1.979,2,1000,640x360,1.9921600000000126,,
2025-12-17T06:02:05.254Z,1.883,2,1000,640x360,1.9875529999999912,,
2025-12-17T06:02:05.713Z,1.897,2,1000,640x360,1.9350120000000004,,
2025-12-17T06:02:06.026Z,2.05,2,1000,640x360,1.9172039999999981,,
2025-12-17T06:02:06.614Z,2.007,2,1000,640x360,1.934675999999996,,
2025-12-17T06:02:07.517Z,1.594,2,1000,640x360,1.9427689999999984,,
2025-12-17T06:02:08.186Z,1.444,2,1000,640x360,1.9656630000000064,,
2025-12-17T06:02:08.905Z,1.236,2,1000,640x360,1.947825999999992,,
2025-12-17T06:02:09.613Z,1.016,2,1000,640x360,1.9373339999999928,,
2025-12-17T06:02:10.257Z,0.92,2,1000,640x360,1.9801740000000052,,
2025-12-17T06:02:10.327Z,0.871,1,600,480x270,1.90984899999998,,
2025-12-17T06:02:10.701Z,0.877,1,600,480x270,1.9429460000000063,,
2025-12-17T06:02:11.050Z,1.029,1,600,480x270,1.9995770000000164,,
2025-12-17T06:02:11.122Z,1.016,2,1000,640x360,1.9276499999999999,,
2025-12-17T06:02:11.761Z,0.873,2,1000,640x360,1.9835049999999796,,
2025-12-17T06:02:11.828Z,0.866,1,600,480x270,1.9156370000000038,,
2025-12-17T06:02:12.224Z,0.877,1,600,480x270,1.9205149999999946,,
2025-12-17T06:02:12.649Z,0.997,1,600,480x270,2.004002999999983,,
2025-12-17T06:02:13.110Z,0.971,1,600,480x270,1.939742999999993,,
2025-12-17T06:02:13.570Z,1.075,1,600,480x270,1.9882470000000012,,
2025-12-17T06:02:13.998Z,1.144,1,600,480x270,1.956150000000008,,
2025-12-17T06:02:14.392Z,1.224,1,600,480x270,1.9608949999999936,,
2025-12-17T06:02:14.789Z,1.319,1,600,480x270,1.9670700000000068,,
2025-12-17T06:02:15.162Z,1.438,1,600,480x270,1.9817699999999832,,
2025-12-17T06:02:15.576Z,1.543,1,600,480x270,1.968703000000005,,
2025-12-17T06:02:15.968Z,1.671,1,600,480x270,1.972363999999999,,
2025-12-17T06:02:16.327Z,1.782,1,600,480x270,1.920090000000016,,
2025-12-17T06:02:16.694Z,1.944,1,600,480x270,1.958123999999998,,
2025-12-17T06:02:17.058Z,2.071,1,600,480x270,1.9909409999999923,,
2025-12-17T06:02:17.439Z,2.176,1,600,480x270,2.00586100000001,,
2025-12-17T06:02:17.506Z,2.196,2,1000,640x360,1.9457500000000039,,
2025-12-17T06:02:18.202Z,1.927,2,1000,640x360,1.952557999999982,,
2025-12-17T06:02:18.761Z,1.864,2,1000,640x360,1.9856399999999894,,
2025-12-17T06:02:19.367Z,1.756,2,1000,640x360,1.9729399999999941,,
2025-12-17T06:02:20.134Z,1.561,2,1000,640x360,1.905241999999987,,
2025-12-17T06:02:20.642Z,1.519,2,1000,640x360,2.0130769999999814,,
2025-12-17T06:02:21.157Z,1.479,2,1000,640x360,1.990368999999987,,
2025-12-17T06:02:21.689Z,1.452,2,1000,640x360,1.969520000000017,,
2025-12-17T06:02:22.248Z,1.379,2,1000,640x360,1.9944399999999973,,
2025-12-17T06:02:22.779Z,1.357,2,1000,640x360,1.9618189999999913,,
2025-12-17T06:02:23.301Z,1.319,2,1000,640x360,1.9418469999999957,,
2025-12-17T06:02:23.847Z,1.281,2,1000,640x360,1.9927260000000047,,
2025-12-17T06:02:24.391Z,1.217,2,1000,640x360,1.9599389999999914,,
2025-12-17T06:02:24.962Z,1.168,2,1000,640x360,1.9817989999999952,,
2025-12-17T06:02:25.497Z,1.132,2,1000,640x360,1.9531929999999988,,
2025-12-17T06:02:26.133Z,1.008,2,1000,640x360,1.9112839999999949,,
2025-12-17T06:02:26.645Z,0.991,2,1000,640x360,1.9943560000000105,,
2025-12-17T06:02:27.208Z,0.902,2,1000,640x360,1.928604000000007,,
2025-12-17T06:02:27.769Z,0.875,2,1000,640x360,1.984154000000018,,
2025-12-17T06:02:28.403Z,0.721,2,1000,640x360,1.9371429999999918,,
2025-12-17T06:02:28.996Z,0.648,2,1000,640x360,1.9574499999999944,,
2025-12-17T06:02:29.069Z,0.577,1,600,480x270,1.9773370000000057,,
2025-12-17T06:02:29.326Z,0.748,1,600,480x270,1.9147470000000055,,
2025-12-17T06:02:29.397Z,0.804,2,1000,640x360,1.9428749999999866,,
2025-12-17T06:02:30.174Z,0.472,2,1000,640x360,1.9676350000000014,,
2025-12-17T06:02:30.241Z,0.461,1,600,480x270,1.8988149999999848,,
2025-12-17T06:02:30.384Z,0.246,1,600,480x270,1.9531460000000038,,rebuffer happen
2025-12-17T06:02:30.569Z,0.571,1,600,480x270,1.9717960000000119,,
2025-12-17T06:02:30.646Z,0.485,2,1000,640x360,1.9910830000000033,,
2025-12-17T06:02:30.916Z,0.214,2,1000,640x360,1.9357259999999883,,rebuffer happen
2025-12-17T06:02:31.102Z,0.294,2,1000,640x360,1.9372780000000205,,rebuffer happen
2025-12-17T06:02:31.177Z,0.4,2,1000,640x360,1.9603500000000054,,
2025-12-17T06:02:31.255Z,0.452,1,600,480x270,1.98910699999999,,
2025-12-17T06:02:31.447Z,0.189,1,600,480x270,2.0064959999999985,,rebuffer happen
2025-12-17T06:02:31.582Z,0.498,1,600,480x270,1.964051000000012,,
2025-12-17T06:02:31.648Z,0.553,0,200,320x180,1.8989070000000083,,
2025-12-17T06:02:31.778Z,0.706,0,200,320x180,1.9712169999999958,,
2025-12-17T06:02:31.848Z,0.815,2,1000,640x360,1.9956410000000062,,
2025-12-17T06:02:32.510Z,0.576,2,1000,640x360,1.9516450000000134,,
2025-12-17T06:02:32.596Z,0.611,1,600,480x270,1.958248999999995,,
2025-12-17T06:02:32.910Z,0.229,1,600,480x270,1.9459609999999827,,rebuffer happen
2025-12-17T06:02:33.050Z,0.286,1,600,480x270,2.0062499999999943,,rebuffer happen
2025-12-17T06:02:33.288Z,0.323,1,600,480x270,1.9587060000000065,,
2025-12-17T06:02:33.370Z,0.317,0,200,320x180,1.9710680000000025,,
2025-12-17T06:02:33.371Z,0.257,0,200,320x180,1.9703700000000026,,rebuffer happen
2025-12-17T06:02:33.505Z,0.614,0,200,320x180,1.9561729999999784,,
2025-12-17T06:02:33.572Z,0.634,2,1000,640x360,1.9803310000000067,,
2025-12-17T06:02:34.150Z,0.483,2,1000,640x360,2.003676999999982,,
2025-12-17T06:02:34.225Z,0.484,1,600,480x270,1.9270080000000007,,
2025-12-17T06:02:34.526Z,0.61,1,600,480x270,1.9325970000000154,,
2025-12-17T06:02:34.596Z,0.618,2,1000,640x360,1.9632080000000087,,
2025-12-17T06:02:35.157Z,0.475,2,1000,640x360,1.9879849999999806,,
2025-12-17T06:02:35.232Z,0.463,1,600,480x270,1.9116510000000062,,
2025-12-17T06:02:35.591Z,0.526,1,600,480x270,1.9661230000000103,,
2025-12-17T06:02:35.669Z,0.546,0,200,320x180,1.9762609999999938,,
2025-12-17T06:02:35.792Z,0.823,0,200,320x180,1.951640999999995,,
2025-12-17T06:02:35.872Z,0.798,2,1000,640x360,1.9697060000000022,,
2025-12-17T06:02:36.626Z,0.518,2,1000,640x360,1.9245939999999848,,
2025-12-17T06:02:36.694Z,0.512,1,600,480x270,1.9528840000000116,,
2025-12-17T06:02:36.966Z,0.662,1,600,480x270,1.974423999999999,,
2025-12-17T06:02:37.034Z,0.61,2,1000,640x360,1.9054419999999936,,
2025-12-17T06:02:37.512Z,0.644,2,1000,640x360,1.9443430000000035,,
2025-12-17T06:02:37.582Z,0.591,1,600,480x270,1.9728500000000224,,
2025-12-17T06:02:37.798Z,0.838,1,600,480x270,1.9566820000000007,,
2025-12-17T06:02:37.880Z,0.82,2,1000,640x360,1.966460000000012,,
2025-12-17T06:02:38.282Z,0.868,2,1000,640x360,1.9604219999999941,,
2025-12-17T06:02:38.874Z,0.794,2,1000,640x360,1.988568999999984,,
2025-12-17T06:02:39.538Z,0.592,2,1000,640x360,2.004255999999998,,
2025-12-17T06:02:39.619Z,0.595,1,600,480x270,1.9231949999999927,,
2025-12-17T06:02:39.886Z,0.739,1,600,480x270,1.9513239999999996,,
2025-12-17T06:02:39.962Z,0.68,2,1000,640x360,1.9903699999999844,,
2025-12-17T06:02:40.786Z,0.352,2,1000,640x360,1.9638370000000123,,
2025-12-17T06:02:40.852Z,0.347,1,600,480x270,1.9922219999999982,,
2025-12-17T06:02:40.853Z,0.28,1,600,480x270,1.991456999999997,,rebuffer happen
2025-12-17T06:02:41.279Z,0.287,1,600,480x270,1.9721170000000257,,rebuffer happen
2025-12-17T06:02:41.293Z,0.318,1,600,480x270,1.9577690000000132,,
2025-12-17T06:02:41.369Z,0.339,0,200,320x180,1.975986000000006,,
2025-12-17T06:02:41.370Z,0.263,0,200,320x180,1.9752840000000162,,rebuffer happen
2025-12-17T06:02:41.483Z,0.604,0,200,320x180,1.976430999999991,,
2025-12-17T06:02:41.556Z,0.605,2,1000,640x360,2.006752000000006,,
2025-12-17T06:02:42.208Z,0.417,2,1000,640x360,1.9327380000000005,,
2025-12-17T06:02:42.273Z,0.425,1,600,480x270,1.9748920000000112,,
2025-12-17T06:02:42.339Z,0.291,1,600,480x270,2.000159999999994,,rebuffer happen
2025-12-17T06:02:42.596Z,0.493,1,600,480x270,1.9463779999999815,,
2025-12-17T06:02:42.678Z,0.534,0,200,320x180,1.9599859999999865,,
2025-12-17T06:02:42.797Z,0.779,0,200,320x180,1.9409899999999993,,
2025-12-17T06:02:42.870Z,0.833,2,1000,640x360,1.972656999999998,,
2025-12-17T06:02:43.404Z,0.697,2,1000,640x360,1.9387399999999957,,
2025-12-17T06:02:43.946Z,0.664,2,1000,640x360,2.000810999999999,,
2025-12-17T06:02:44.023Z,0.684,1,600,480x270,1.9234449999999867,,
2025-12-17T06:02:44.352Z,0.769,1,600,480x270,1.986280999999991,,
2025-12-17T06:02:44.429Z,0.776,2,1000,640x360,1.9141079999999988,,
2025-12-17T06:02:45.038Z,0.605,2,1000,640x360,2.001328000000001,,
2025-12-17T06:02:45.114Z,0.593,1,600,480x270,1.9241289999999935,,
2025-12-17T06:02:45.380Z,0.696,1,600,480x270,1.9563290000000109,,
2025-12-17T06:02:45.458Z,0.749,2,1000,640x360,1.9954869999999971,,
2025-12-17T06:02:45.911Z,0.718,2,1000,640x360,1.9324650000000076,,
2025-12-17T06:02:46.645Z,0.494,2,1000,640x360,2.0182530000000156,,
2025-12-17T06:02:46.721Z,0.436,1,600,480x270,1.940449000000001,,
2025-12-17T06:02:46.849Z,0.294,1,600,480x270,2.0134720000000073,,rebuffer happen
2025-12-17T06:02:47.032Z,0.586,1,600,480x270,1.9178499999999872,,
2025-12-17T06:02:47.108Z,0.571,2,1000,640x360,1.9479129999999998,,
2025-12-17T06:02:47.619Z,0.528,2,1000,640x360,1.9295480000000111,,
2025-12-17T06:02:47.687Z,0.487,1,600,480x270,1.9591430000000116,,
2025-12-17T06:02:48.028Z,0.559,1,600,480x270,1.912444999999991,,
2025-12-17T06:02:48.107Z,0.601,2,1000,640x360,1.9423539999999946,,
2025-12-17T06:02:48.513Z,0.602,2,1000,640x360,1.9332079999999792,,
2025-12-17T06:02:48.576Z,0.622,1,600,480x270,1.977090000000004,,
2025-12-17T06:02:48.906Z,0.708,1,600,480x270,1.9394980000000146,,
2025-12-17T06:02:48.982Z,0.725,2,1000,640x360,1.9582929999999976,,
2025-12-17T06:02:49.631Z,0.489,2,1000,640x360,1.9254019999999912,,
2025-12-17T06:02:49.700Z,0.507,1,600,480x270,1.9497309999999857,,
2025-12-17T06:02:49.994Z,0.639,1,600,480x270,1.9473270000000014,,
2025-12-17T06:02:50.077Z,0.585,2,1000,640x360,1.97283299999998,,
2025-12-17T06:02:50.576Z,0.572,2,1000,640x360,1.9803339999999992,,
2025-12-17T06:02:50.652Z,0.572,1,600,480x270,2.0044400000000167,,
2025-12-17T06:02:50.981Z,0.662,1,600,480x270,1.965091000000001,,
2025-12-17T06:02:51.059Z,0.657,2,1000,640x360,1.9932699999999954,,
2025-12-17T06:02:51.648Z,0.464,2,1000,640x360,1.9936170000000004,,
2025-12-17T06:02:51.727Z,0.486,1,600,480x270,1.9137279999999919,,
2025-12-17T06:02:52.022Z,0.599,1,600,480x270,1.928635000000014,,
2025-12-17T06:02:52.105Z,0.609,2,1000,640x360,1.9415010000000166,,
2025-12-17T06:02:52.636Z,0.502,2,1000,640x360,1.9100620000000106,,
2025-12-17T06:02:52.711Z,0.433,1,600,480x270,1.9286730000000034,,
2025-12-17T06:02:53.054Z,0.579,1,600,480x270,1.9870050000000106,,
2025-12-17T06:02:53.132Z,0.576,2,1000,640x360,1.9086870000000147,,
2025-12-17T06:02:53.607Z,0.534,2,1000,640x360,1.9431459999999845,,
2025-12-17T06:02:53.679Z,0.492,1,600,480x270,1.9642779999999789,,
2025-12-17T06:02:53.966Z,0.657,1,600,480x270,1.981696999999997,,
2025-12-17T06:02:54.035Z,0.613,2,1000,640x360,1.9119030000000237,,
2025-12-17T06:02:54.481Z,0.645,2,1000,640x360,1.9751909999999953,,
2025-12-17T06:02:54.552Z,0.657,1,600,480x270,2.004696000000024,,
2025-12-17T06:02:54.801Z,0.842,1,600,480x270,1.9472049999999967,,
2025-12-17T06:02:54.880Z,0.819,2,1000,640x360,1.9671920000000114,,
2025-12-17T06:02:55.242Z,0.892,2,1000,640x360,1.9971769999999935,,
2025-12-17T06:02:55.636Z,0.981,2,1000,640x360,2.0042089999999746,,
2025-12-17T06:02:56.140Z,0.991,2,1000,640x360,1.9971089999999947,,
2025-12-17T06:02:56.616Z,1.016,2,1000,640x360,1.9228620000000092,,
2025-12-17T06:02:57.239Z,0.881,2,1000,640x360,1.999966999999998,,
2025-12-17T06:02:57.707Z,0.919,2,1000,640x360,1.9382699999999886,,
2025-12-17T06:02:58.335Z,0.784,2,1000,640x360,1.908176999999995,,
2025-12-17T06:02:58.979Z,0.66,2,1000,640x360,1.9661059999999964,,
2025-12-17T06:02:59.044Z,0.657,1,600,480x270,1.8997339999999951,,
2025-12-17T06:02:59.416Z,0.722,1,600,480x270,1.9302050000000008,,
2025-12-17T06:02:59.498Z,0.715,2,1000,640x360,1.9418850000000134,,
2025-12-17T06:03:00.103Z,0.508,2,1000,640x360,1.9491210000000194,,
2025-12-17T06:03:00.188Z,0.483,1,600,480x270,1.9486320000000035,,
2025-12-17T06:03:00.585Z,0.55,1,600,480x270,1.9753080000000125,,
2025-12-17T06:03:00.655Z,0.554,2,1000,640x360,1.9976949999999931,,
2025-12-17T06:03:00.877Z,0.258,2,1000,640x360,1.9747219999999857,,rebuffer happen
2025-12-17T06:03:00.939Z,0.295,2,1000,640x360,2.004735000000011,,rebuffer happen
2025-12-17T06:03:01.359Z,0.236,2,1000,640x360,1.984404999999981,,rebuffer happen
2025-12-17T06:03:01.374Z,0.236,2,1000,640x360,1.9692450000000008,,
2025-12-17T06:03:01.450Z,0.254,1,600,480x270,1.9915720000000192,,
2025-12-17T06:03:01.718Z,0.365,1,600,480x270,1.9232859999999903,,
2025-12-17T06:03:01.792Z,0.413,0,200,320x180,1.9500759999999957,,
2025-12-17T06:03:01.952Z,0.564,0,200,320x180,1.9913290000000075,,
2025-12-17T06:03:02.028Z,0.642,2,1000,640x360,1.9147570000000087,,
2025-12-17T06:03:02.607Z,0.521,2,1000,640x360,1.9466390000000047,,
2025-12-17T06:03:02.680Z,0.54,1,600,480x270,1.9727929999999958,,
2025-12-17T06:03:02.876Z,0.297,1,600,480x270,1.9732199999999978,,rebuffer happen
2025-12-17T06:03:03.030Z,0.586,1,600,480x270,1.9242419999999925,,
2025-12-17T06:03:03.099Z,0.579,2,1000,640x360,1.9468749999999773,,
2025-12-17T06:03:03.707Z,0.372,2,1000,640x360,1.9300799999999754,,
2025-12-17T06:03:03.784Z,0.358,1,600,480x270,1.9576430000000187,,
2025-12-17T06:03:03.850Z,0.28,1,600,480x270,1.9965420000000051,,rebuffer happen
2025-12-17T06:03:04.209Z,0.415,1,600,480x270,1.926273999999978,,
2025-12-17T06:03:04.281Z,0.419,0,200,320x180,1.9568989999999928,,
2025-12-17T06:03:04.382Z,0.247,0,200,320x180,1.9593220000000144,,rebuffer happen
2025-12-17T06:03:04.511Z,0.571,0,200,320x180,1.9319739999999967,,
2025-12-17T06:03:04.579Z,0.617,2,1000,640x360,1.9569150000000093,,
2025-12-17T06:03:05.204Z,0.417,2,1000,640x360,1.9404729999999972,,
2025-12-17T06:03:05.284Z,0.42,1,600,480x270,1.9528069999999786,,
2025-12-17T06:03:05.392Z,0.272,1,600,480x270,1.947935000000001,,rebuffer happen
2025-12-17T06:03:05.444Z,0.292,1,600,480x270,2.0063049999999976,,rebuffer happen
2025-12-17T06:03:05.602Z,0.501,1,600,480x270,1.940542999999991,,
2025-12-17T06:03:05.674Z,0.532,0,200,320x180,1.9675569999999993,,
2025-12-17T06:03:05.822Z,0.724,0,200,320x180,1.9215059999999937,,
2025-12-17T06:03:05.909Z,0.783,2,1000,640x360,1.9440339999999878,,
2025-12-17T06:03:06.452Z,0.686,2,1000,640x360,1.990509000000003,,
2025-12-17T06:03:06.534Z,0.637,1,600,480x270,1.9136970000000133,,
2025-12-17T06:03:06.898Z,0.717,1,600,480x270,1.9492820000000108,,
2025-12-17T06:03:06.964Z,0.736,2,1000,640x360,1.9760760000000062,,
2025-12-17T06:03:07.425Z,0.707,2,1000,640x360,1.9158150000000091,,
2025-12-17T06:03:07.497Z,0.702,1,600,480x270,1.9402320000000088,,
2025-12-17T06:03:07.816Z,0.805,1,600,480x270,1.91902300000001,,
2025-12-17T06:03:07.889Z,0.796,2,1000,640x360,1.9468889999999988,,
2025-12-17T06:03:08.418Z,0.704,2,1000,640x360,1.9242699999999786,,
2025-12-17T06:03:08.855Z,0.759,2,1000,640x360,1.986282000000017,,
2025-12-17T06:03:09.292Z,0.816,2,1000,640x360,1.9512419999999793,,
2025-12-17T06:03:10.066Z,0.571,2,1000,640x360,1.9720140000000015,,
2025-12-17T06:03:10.143Z,0.564,1,600,480x270,1.8949059999999918,,
2025-12-17T06:03:10.655Z,0.49,1,600,480x270,1.9957140000000209,,
2025-12-17T06:03:10.731Z,0.484,0,200,320x180,1.9185760000000016,,
2025-12-17T06:03:10.875Z,0.755,0,200,320x180,1.9757529999999974,,
2025-12-17T06:03:10.949Z,0.761,2,1000,640x360,1.993060000000014,,
2025-12-17T06:03:11.604Z,0.559,2,1000,640x360,1.954431999999997,,
2025-12-17T06:03:11.680Z,0.539,1,600,480x270,1.9700709999999901,,
2025-12-17T06:03:12.018Z,0.619,1,600,480x270,1.936156000000011,,
2025-12-17T06:03:12.085Z,0.553,2,1000,640x360,1.9619739999999979,,
2025-12-17T06:03:12.607Z,0.504,2,1000,640x360,1.9370179999999948,,
2025-12-17T06:03:12.676Z,0.514,1,600,480x270,1.963702999999981,,
2025-12-17T06:03:12.976Z,0.634,1,600,480x270,1.9668369999999982,,
2025-12-17T06:03:13.048Z,0.655,2,1000,640x360,1.9901199999999903,,
2025-12-17T06:03:13.504Z,0.641,2,1000,640x360,1.9399699999999882,,
2025-12-17T06:03:13.577Z,0.627,1,600,480x270,1.9759590000000173,,
2025-12-17T06:03:13.806Z,0.769,1,600,480x270,1.9327799999999797,,
2025-12-17T06:03:13.876Z,0.768,2,1000,640x360,1.9737180000000194,,
2025-12-17T06:03:14.290Z,0.854,2,1000,640x360,1.9460880000000031,,
2025-12-17T06:03:14.776Z,0.85,2,1000,640x360,1.9678140000000042,,
2025-12-17T06:03:15.178Z,0.932,2,1000,640x360,1.966920999999985,,
2025-12-17T06:03:15.740Z,0.879,2,1000,640x360,2.0084919999999897,,
2025-12-17T06:03:16.225Z,0.898,2,1000,640x360,1.9186440000000005,,
2025-12-17T06:03:16.805Z,0.852,2,1000,640x360,1.9596899999999948,,
2025-12-17T06:03:17.329Z,0.794,2,1000,640x360,1.9185099999999977,,
2025-12-17T06:03:17.970Z,0.641,2,1000,640x360,1.9714939999999785,,
2025-12-17T06:03:18.046Z,0.661,1,600,480x270,1.8946859999999788,,
2025-12-17T06:03:18.343Z,0.765,1,600,480x270,1.998975999999999,,
2025-12-17T06:03:18.420Z,0.785,2,1000,640x360,1.9257220000000075,,
2025-12-17T06:03:19.008Z,0.654,2,1000,640x360,1.9330290000000048,,
2025-12-17T06:03:19.087Z,0.624,1,600,480x270,1.9557630000000188,,
2025-12-17T06:03:19.419Z,0.701,1,600,480x270,1.9228489999999852,,
2025-12-17T06:03:19.491Z,0.713,2,1000,640x360,1.9669260000000008,,
2025-12-17T06:03:20.071Z,0.535,2,1000,640x360,1.9709479999999928,,
2025-12-17T06:03:20.147Z,0.563,1,600,480x270,1.8931709999999953,,
2025-12-17T06:03:20.335Z,0.294,1,600,480x270,1.9079069999999945,,rebuffer happen
2025-12-17T06:03:20.525Z,0.593,1,600,480x270,1.9189739999999915,,
2025-12-17T06:03:20.598Z,0.603,2,1000,640x360,1.9396890000000155,,
2025-12-17T06:03:21.174Z,0.464,2,1000,640x360,1.9618369999999743,,
2025-12-17T06:03:21.252Z,0.455,1,600,480x270,1.9888119999999958,,
2025-12-17T06:03:21.397Z,0.235,1,600,480x270,1.9552969999999732,,rebuffer happen
2025-12-17T06:03:21.588Z,0.534,1,600,480x270,1.9520129999999938,,
2025-12-17T06:03:21.661Z,0.543,2,1000,640x360,1.9887699999999882,,
2025-12-17T06:03:22.265Z,0.352,2,1000,640x360,1.9727570000000014,,
2025-12-17T06:03:22.344Z,0.363,1,600,480x270,1.8937159999999835,,
2025-12-17T06:03:22.345Z,0.284,1,600,480x270,1.9989809999999864,,rebuffer happen
2025-12-17T06:03:22.814Z,0.379,1,600,480x270,1.9339779999999962,,
2025-12-17T06:03:22.892Z,0.323,0,200,320x180,1.9527680000000203,,
2025-12-17T06:03:22.893Z,0.245,0,200,320x180,1.9520960000000116,,rebuffer happen
2025-12-17T06:03:23.011Z,0.615,0,200,320x180,1.933167999999995,,
2025-12-17T06:03:23.098Z,0.625,2,1000,640x360,1.9469389999999862,,
2025-12-17T06:03:23.612Z,0.553,2,1000,640x360,1.9485389999999825,,
2025-12-17T06:03:23.687Z,0.536,1,600,480x270,1.9665949999999839,,
2025-12-17T06:03:24.047Z,0.596,1,600,480x270,2.006833999999998,,
2025-12-17T06:03:24.125Z,0.571,2,1000,640x360,1.927075000000002,,
2025-12-17T06:03:24.548Z,0.597,2,1000,640x360,2.0146159999999895,,
2025-12-17T06:03:24.622Z,0.555,1,600,480x270,1.944925999999981,,
2025-12-17T06:03:24.903Z,0.729,1,600,480x270,1.954463000000004,,
2025-12-17T06:03:24.980Z,0.738,2,1000,640x360,1.9683899999999994,,
2025-12-17T06:03:25.418Z,0.714,2,1000,640x360,1.9258520000000203,,
2025-12-17T06:03:25.943Z,0.675,2,1000,640x360,1.9941650000000095,,
2025-12-17T06:03:26.011Z,0.686,1,600,480x270,1.9257149999999967,,
2025-12-17T06:03:26.340Z,0.783,1,600,480x270,1.998625000000004,,
2025-12-17T06:03:26.418Z,0.788,2,1000,640x360,1.9232209999999839,,
2025-12-17T06:03:27.160Z,0.491,2,1000,640x360,1.976900999999998,,
2025-12-17T06:03:27.229Z,0.47,1,600,480x270,1.9078659999999843,,
2025-12-17T06:03:27.367Z,0.296,1,600,480x270,1.9717310000000055,,rebuffer happen
2025-12-17T06:03:27.571Z,0.549,1,600,480x270,1.981155000000001,,
2025-12-17T06:03:27.647Z,0.551,2,1000,640x360,1.9047579999999869,,
2025-12-17T06:03:28.252Z,0.373,2,1000,640x360,1.993723999999986,,
2025-12-17T06:03:28.336Z,0.322,1,600,480x270,1.9092520000000093,,
2025-12-17T06:03:28.336Z,0.293,1,600,480x270,1.9995389999999986,,rebuffer happen
2025-12-17T06:03:28.740Z,0.415,1,600,480x270,2.0168549999999925,,
2025-12-17T06:03:28.816Z,0.406,0,200,320x180,1.9394470000000013,,
2025-12-17T06:03:28.930Z,0.706,0,200,320x180,1.9189110000000085,,
2025-12-17T06:03:29.005Z,0.711,2,1000,640x360,1.9415970000000016,,
2025-12-17T06:03:29.540Z,0.599,2,1000,640x360,2.001890000000003,,
2025-12-17T06:03:29.614Z,0.591,1,600,480x270,1.9271380000000136,,
2025-12-17T06:03:29.990Z,0.648,1,600,480x270,1.958059999999989,,
2025-12-17T06:03:30.069Z,0.64,2,1000,640x360,1.9729879999999866,,
2025-12-17T06:03:30.619Z,0.51,2,1000,640x360,1.9213509999999872,,
2025-12-17T06:03:30.690Z,0.515,1,600,480x270,1.9603579999999852,,
2025-12-17T06:03:31.027Z,0.564,1,600,480x270,1.9173409999999649,,
2025-12-17T06:03:31.100Z,0.603,2,1000,640x360,1.9386760000000152,,
2025-12-17T06:03:31.752Z,0.415,2,1000,640x360,1.994574,,
2025-12-17T06:03:31.830Z,0.383,1,600,480x270,1.9153110000000027,,
2025-12-17T06:03:31.896Z,0.238,1,600,480x270,1.957696999999996,,rebuffer happen
2025-12-17T06:03:32.131Z,0.493,1,600,480x270,1.907104000000004,,
2025-12-17T06:03:32.202Z,0.5,0,200,320x180,1.9428629999999885,,
2025-12-17T06:03:32.283Z,0.804,0,200,320x180,1.9543460000000152,,
2025-12-17T06:03:32.358Z,0.844,2,1000,640x360,1.9859730000000297,,
2025-12-17T06:03:32.992Z,0.662,2,1000,640x360,1.9536489999999844,,
2025-12-17T06:03:33.057Z,0.645,1,600,480x270,1.9945720000000051,,
2025-12-17T06:03:33.392Z,0.74,1,600,480x270,1.952968999999996,,
2025-12-17T06:03:33.466Z,0.738,2,1000,640x360,1.980950000000007,,
2025-12-17T06:03:34.056Z,0.598,2,1000,640x360,1.9993929999999978,,
2025-12-17T06:03:34.136Z,0.546,1,600,480x270,1.9178509999999847,,
2025-12-17T06:03:34.517Z,0.596,1,600,480x270,1.9233030000000326,,
2025-12-17T06:03:34.592Z,0.616,2,1000,640x360,1.9478369999999927,,
2025-12-17T06:03:35.088Z,0.533,2,1000,640x360,1.9512389999999868,,
2025-12-17T06:03:35.155Z,0.541,1,600,480x270,1.982040999999981,,
2025-12-17T06:03:35.499Z,0.629,1,600,480x270,1.9443010000000527,,
2025-12-17T06:03:35.573Z,0.637,2,1000,640x360,1.9703500000000531,,
2025-12-17T06:03:36.076Z,0.534,2,1000,640x360,1.965703000000019,,
2025-12-17T06:03:36.153Z,0.555,1,600,480x270,1.9847990000000095,,
2025-12-17T06:03:36.360Z,0.761,1,600,480x270,1.9776089999999726,,
2025-12-17T06:03:36.430Z,0.767,2,1000,640x360,1.9115099999999643,,
2025-12-17T06:03:36.765Z,0.854,2,1000,640x360,1.993396999999959,,
2025-12-17T06:03:37.712Z,0.478,2,1000,640x360,1.945079000000021,,
2025-12-17T06:03:37.790Z,0.417,1,600,480x270,1.964133000000004,,
2025-12-17T06:03:37.870Z,0.274,1,600,480x270,1.982863000000009,,rebuffer happen
2025-12-17T06:03:38.201Z,0.415,1,600,480x270,1.943825000000004,,
2025-12-17T06:03:38.276Z,0.436,0,200,320x180,1.9715270000000373,,
2025-12-17T06:03:38.434Z,0.62,0,200,320x180,1.9146440000000098,,
2025-12-17T06:03:38.506Z,0.69,2,1000,640x360,1.9500949999999762,,
2025-12-17T06:03:39.080Z,0.545,2,1000,640x360,1.9665279999999825,,
2025-12-17T06:03:39.151Z,0.551,1,600,480x270,1.9869600000000105,,
2025-12-17T06:03:39.487Z,0.64,1,600,480x270,1.9673029999999585,,
2025-12-17T06:03:39.555Z,0.605,2,1000,640x360,1.992668999999978,,
2025-12-17T06:03:40.251Z,0.387,2,1000,640x360,1.9878249999999866,,
2025-12-17T06:03:40.323Z,0.368,1,600,480x270,1.9154149999999959,,
2025-12-17T06:03:40.515Z,0.228,1,600,480x270,1.9484679999999912,,rebuffer happen
2025-12-17T06:03:40.692Z,0.433,1,600,480x270,1.9597969999999805,,
2025-12-17T06:03:40.774Z,0.452,0,200,320x180,1.9820699999999647,,
2025-12-17T06:03:40.913Z,0.659,0,200,320x180,1.9408219999999687,,
2025-12-17T06:03:40.993Z,0.664,2,1000,640x360,1.96299300000004,,
2025-12-17T06:03:41.595Z,0.543,2,1000,640x360,1.9800299999999993,,
2025-12-17T06:03:41.677Z,0.569,1,600,480x270,1.9968549999999823,,
2025-12-17T06:03:42.032Z,0.608,1,600,480x270,1.9283320000000117,,
2025-12-17T06:03:42.098Z,0.593,2,1000,640x360,1.9549470000000042,,
2025-12-17T06:03:42.568Z,0.562,2,1000,640x360,1.9766680000000179,,
2025-12-17T06:03:42.644Z,0.567,1,600,480x270,1.900308999999993,,
2025-12-17T06:03:42.893Z,0.733,1,600,480x270,1.9474629999999706,,
2025-12-17T06:03:42.972Z,0.723,2,1000,640x360,1.9757340000000454,,
2025-12-17T06:03:43.631Z,0.495,2,1000,640x360,1.9115889999999922,,
2025-12-17T06:03:43.707Z,0.5,1,600,480x270,1.939565000000016,,
2025-12-17T06:03:43.847Z,0.284,1,600,480x270,2.001923999999974,,rebuffer happen
2025-12-17T06:03:44.172Z,0.451,1,600,480x270,1.9728979999999865,,
2025-12-17T06:03:44.251Z,0.392,0,200,320x180,1.9871290000000386,,
2025-12-17T06:03:44.353Z,0.734,0,200,320x180,1.9970069999999964,,
2025-12-17T06:03:44.423Z,0.777,2,1000,640x360,1.931621000000007,,
2025-12-17T06:03:45.130Z,0.529,2,1000,640x360,1.9113679999999817,,
2025-12-17T06:03:45.207Z,0.502,1,600,480x270,1.9397069999999985,,
2025-12-17T06:03:45.488Z,0.639,1,600,480x270,1.96225400000003,,
2025-12-17T06:03:45.568Z,0.65,2,1000,640x360,1.989088000000038,,
2025-12-17T06:03:46.038Z,0.598,2,1000,640x360,2.0051619999999843,,
2025-12-17T06:03:46.116Z,0.533,1,600,480x270,1.9260249999999814,,
2025-12-17T06:03:46.457Z,0.698,1,600,480x270,1.9938769999999977,,
2025-12-17T06:03:46.533Z,0.68,2,1000,640x360,1.924853999999982,,
2025-12-17T06:03:47.029Z,0.616,2,1000,640x360,1.9296590000000151,,
2025-12-17T06:03:47.100Z,0.558,1,600,480x270,1.946992000000023,,
2025-12-17T06:03:47.393Z,0.721,1,600,480x270,1.9505760000000123,,
2025-12-17T06:03:47.458Z,0.693,2,1000,640x360,1.999054000000001,,
2025-12-17T06:03:47.873Z,0.75,2,1000,640x360,1.968295000000012,,
2025-12-17T06:03:48.329Z,0.801,2,1000,640x360,1.9143169999999827,,
2025-12-17T06:03:48.820Z,0.804,2,1000,640x360,1.9310489999999731,,
2025-12-17T06:03:49.378Z,0.761,2,1000,640x360,1.9579469999999901,,
2025-12-17T06:03:49.921Z,0.717,2,1000,640x360,1.926520000000039,,
2025-12-17T06:03:50.430Z,0.691,2,1000,640x360,1.9111499999999637,,
2025-12-17T06:03:51.081Z,0.55,2,1000,640x360,1.9654659999999922,,
2025-12-17T06:03:51.159Z,0.49,1,600,480x270,1.995945000000006,,
2025-12-17T06:03:51.453Z,0.674,1,600,480x270,1.9918880000000172,,
2025-12-17T06:03:51.533Z,0.679,2,1000,640x360,1.9118669999999724,,
2025-12-17T06:03:52.099Z,0.536,2,1000,640x360,1.9499140000000352,,
2025-12-17T06:03:52.171Z,0.496,1,600,480x270,1.9671200000000226,,
2025-12-17T06:03:52.487Z,0.643,1,600,480x270,1.9631029999999896,,
2025-12-17T06:03:52.561Z,0.651,2,1000,640x360,1.9970050000000015,,
2025-12-17T06:03:53.122Z,0.53,2,1000,640x360,1.9231790000000046,,
2025-12-17T06:03:53.201Z,0.511,1,600,480x270,1.9436130000000276,,
2025-12-17T06:03:53.557Z,0.567,1,600,480x270,2.001797999999951,,
2025-12-17T06:03:53.621Z,0.559,2,1000,640x360,1.9363949999999477,,
2025-12-17T06:03:54.172Z,0.455,2,1000,640x360,1.9714889999999627,,
2025-12-17T06:03:54.244Z,0.461,1,600,480x270,1.8984869999999887,,
2025-12-17T06:03:54.340Z,0.29,1,600,480x270,1.9996449999999868,,rebuffer happen
2025-12-17T06:03:54.571Z,0.578,1,600,480x270,1.9836530000000039,,
2025-12-17T06:03:54.648Z,0.546,2,1000,640x360,2.0077960000000417,,
2025-12-17T06:03:55.172Z,0.457,2,1000,640x360,1.9803320000000326,,
2025-12-17T06:03:55.240Z,0.464,1,600,480x270,1.910712999999987,,
2025-12-17T06:03:55.398Z,0.234,1,600,480x270,1.9412340000000086,,rebuffer happen
2025-12-17T06:03:55.599Z,0.512,1,600,480x270,1.9410530000000108,,
2025-12-17T06:03:55.675Z,0.469,0,200,320x180,1.9638340000000198,,
2025-12-17T06:03:55.827Z,0.751,0,200,320x180,1.912554,,
2025-12-17T06:03:55.909Z,0.781,2,1000,640x360,1.9436620000000175,,
2025-12-17T06:03:56.521Z,0.597,2,1000,640x360,1.9304690000000164,,
2025-12-17T06:03:56.595Z,0.617,1,600,480x270,1.9494550000000004,,
2025-12-17T06:03:56.866Z,0.761,1,600,480x270,1.9755629999999655,,
2025-12-17T06:03:56.955Z,0.767,2,1000,640x360,1.9894330000000195,,
2025-12-17T06:03:57.419Z,0.715,2,1000,640x360,1.931916000000001,,
2025-12-17T06:03:57.498Z,0.713,1,600,480x270,1.9507769999999596,,
2025-12-17T06:03:57.820Z,0.811,1,600,480x270,1.927562000000023,,
2025-12-17T06:03:57.888Z,0.818,2,1000,640x360,1.9579439999999977,,
2025-12-17T06:03:58.646Z,0.53,2,1000,640x360,2.009658999999999,,
2025-12-17T06:03:58.727Z,0.502,1,600,480x270,1.9269889999999918,,
2025-12-17T06:03:58.849Z,0.294,1,600,480x270,2.0058089999999993,,rebuffer happen
2025-12-17T06:03:59.179Z,0.457,1,600,480x270,1.9794529999999781,,
2025-12-17T06:03:59.255Z,0.459,0,200,320x180,1.9982290000000376,,
2025-12-17T06:03:59.392Z,0.66,0,200,320x180,1.9531049999999937,,
2025-12-17T06:03:59.472Z,0.746,2,1000,640x360,1.976003999999989,,
2025-12-17T06:04:00.122Z,0.514,2,1000,640x360,1.9268680000000131,,
2025-12-17T06:04:00.206Z,0.452,1,600,480x270,1.9296350000000189,,
2025-12-17T06:04:00.661Z,0.435,1,600,480x270,1.9773289999999974,,
2025-12-17T06:04:00.735Z,0.423,0,200,320x180,1.9028820000000337,,
2025-12-17T06:04:00.875Z,0.739,0,200,320x180,1.9747919999999795,,
2025-12-17T06:04:00.952Z,0.756,2,1000,640x360,1.9901890000000435,,
2025-12-17T06:04:01.629Z,0.509,2,1000,640x360,1.9168980000000033,,
2025-12-17T06:04:01.700Z,0.51,1,600,480x270,1.9510700000000156,,
2025-12-17T06:04:02.122Z,0.507,1,600,480x270,1.9230959999999868,,
2025-12-17T06:04:02.197Z,0.509,0,200,320x180,1.9409009999999967,,
2025-12-17T06:04:02.288Z,0.805,0,200,320x180,1.9537839999999846,,
2025-12-17T06:04:02.354Z,0.82,2,1000,640x360,1.9870209999999702,,
2025-12-17T06:04:02.767Z,0.856,2,1000,640x360,1.9882829999999672,,
2025-12-17T06:04:03.307Z,0.806,2,1000,640x360,1.9397690000000125,,
2025-12-17T06:04:03.890Z,0.786,2,1000,640x360,1.9762859999999591,,
2025-12-17T06:04:03.970Z,0.751,1,600,480x270,1.9872069999999553,,
2025-12-17T06:04:04.249Z,0.877,1,600,480x270,1.9943159999999693,,
2025-12-17T06:04:04.328Z,0.885,2,1000,640x360,1.913864999999987,,
2025-12-17T06:04:04.871Z,0.751,2,1000,640x360,1.9765990000000215,,
2025-12-17T06:04:05.740Z,0.39,2,1000,640x360,2.0088650000000143,,
2025-12-17T06:04:05.809Z,0.359,1,600,480x270,1.93897800000002,,
2025-12-17T06:04:05.837Z,0.3,1,600,480x270,2.007116999999994,,rebuffer happen
2025-12-17T06:04:06.151Z,0.443,1,600,480x270,1.9949700000000234,,
2025-12-17T06:04:06.229Z,0.485,0,200,320x180,1.9164710000000014,,
2025-12-17T06:04:06.354Z,0.783,0,200,320x180,1.9962889999999902,,
2025-12-17T06:04:06.433Z,0.782,2,1000,640x360,1.9231479999999692,,
2025-12-17T06:04:07.026Z,0.611,2,1000,640x360,1.9215239999999767,,
2025-12-17T06:04:07.106Z,0.613,1,600,480x270,1.9487530000000106,,
2025-12-17T06:04:07.471Z,0.628,1,600,480x270,1.9787640000000124,,
2025-12-17T06:04:07.542Z,0.672,2,1000,640x360,1.9148570000000404,,
2025-12-17T06:04:08.075Z,0.561,2,1000,640x360,1.983020999999951,,
2025-12-17T06:04:08.149Z,0.568,1,600,480x270,1.9992050000000177,,
2025-12-17T06:04:08.512Z,0.644,1,600,480x270,1.9346050000000332,,
2025-12-17T06:04:08.586Z,0.627,2,1000,640x360,1.9597549999999728,,
2025-12-17T06:04:09.058Z,0.578,2,1000,640x360,1.9889429999999493,,
2025-12-17T06:04:09.135Z,0.574,1,600,480x270,1.91107999999997,,
2025-12-17T06:04:09.474Z,0.651,1,600,480x270,1.983255999999983,,
2025-12-17T06:04:09.542Z,0.61,2,1000,640x360,2.0037810000000036,,
2025-12-17T06:04:10.107Z,0.522,2,1000,640x360,1.9394099999999526,,
2025-12-17T06:04:10.180Z,0.524,1,600,480x270,1.957490000000007,,
2025-12-17T06:04:10.604Z,0.557,1,600,480x270,1.9512530000000083,,
2025-12-17T06:04:10.678Z,0.526,0,200,320x180,1.984767999999974,,
2025-12-17T06:04:10.850Z,0.773,0,200,320x180,1.9975220000000036,,
2025-12-17T06:04:10.929Z,0.79,2,1000,640x360,1.9167909999999893,,
2025-12-17T06:04:11.591Z,0.553,2,1000,640x360,1.9713560000000143,,
2025-12-17T06:04:11.663Z,0.536,1,600,480x270,1.9949740000000133,,
2025-12-17T06:04:12.041Z,0.582,1,600,480x270,2.010408000000041,,
2025-12-17T06:04:12.119Z,0.581,2,1000,640x360,1.9299599999999941,,
2025-12-17T06:04:12.635Z,0.298,2,1000,640x360,1.9105969999999957,,rebuffer happen
2025-12-17T06:04:12.681Z,0.285,2,1000,640x360,1.9718500000000176,,rebuffer happen
2025-12-17T06:04:12.775Z,0.291,2,1000,640x360,1.9707520000000045,,rebuffer happen
2025-12-17T06:04:12.843Z,0.313,2,1000,640x360,1.9957239999999956,,
2025-12-17T06:04:12.843Z,0.288,2,1000,640x360,1.9954829999999788,,rebuffer happen
2025-12-17T06:04:12.925Z,0.288,1,600,480x270,1.9133829999999534,,
2025-12-17T06:04:13.286Z,0.308,1,600,480x270,1.9579349999999636,,
2025-12-17T06:04:13.363Z,0.344,0,200,320x180,1.9890340000000037,,
2025-12-17T06:04:13.364Z,0.267,0,200,320x180,1.98831899999999,,rebuffer happen
2025-12-17T06:04:13.476Z,0.576,0,200,320x180,1.979925000000037,,
2025-12-17T06:04:13.551Z,0.652,2,1000,640x360,1.9964400000000069,,
2025-12-17T06:04:14.255Z,0.383,2,1000,640x360,1.981063000000006,,
2025-12-17T06:04:14.332Z,0.356,1,600,480x270,1.9028149999999755,,
2025-12-17T06:04:14.333Z,0.296,1,600,480x270,1.9020959999999718,,rebuffer happen
2025-12-17T06:04:14.740Z,0.385,1,600,480x270,2.0136489999999867,,
2025-12-17T06:04:14.816Z,0.339,0,200,320x180,1.9372079999999983,,
2025-12-17T06:04:14.908Z,0.667,0,200,320x180,1.9414370000000076,,
2025-12-17T06:04:14.974Z,0.713,2,1000,640x360,1.976028000000042,,
2025-12-17T06:04:15.517Z,0.633,2,1000,640x360,1.9588899999999967,,
2025-12-17T06:04:15.586Z,0.639,1,600,480x270,1.9841630000000237,,
2025-12-17T06:04:16.129Z,0.574,1,600,480x270,1.9216609999999719,,
2025-12-17T06:04:16.196Z,0.515,0,200,320x180,1.9541110000000117,,
2025-12-17T06:04:16.305Z,0.818,0,200,320x180,1.941902999999968,,
2025-12-17T06:04:16.384Z,0.767,2,1000,640x360,1.9632219999999734,,
2025-12-17T06:04:17.017Z,0.613,2,1000,640x360,1.9354260000000068,,
2025-12-17T06:04:17.087Z,0.614,1,600,480x270,1.9522830000000226,,
2025-12-17T06:04:17.470Z,0.609,1,600,480x270,1.98515900000001,,
2025-12-17T06:04:17.540Z,0.663,2,1000,640x360,1.9148130000000378,,
2025-12-17T06:04:18.117Z,0.513,2,1000,640x360,1.9276089999999613,,
2025-12-17T06:04:18.196Z,0.513,1,600,480x270,1.9420240000000035,,
2025-12-17T06:04:18.493Z,0.636,1,600,480x270,1.9603899999999612,,
2025-12-17T06:04:18.569Z,0.584,2,1000,640x360,1.982405999999969,,
2025-12-17T06:04:19.050Z,0.588,2,1000,640x360,1.9916200000000117,,
2025-12-17T06:04:19.128Z,0.583,1,600,480x270,1.9114740000000552,,
2025-12-17T06:04:19.401Z,0.718,1,600,480x270,1.9500899999999888,,
2025-12-17T06:04:19.486Z,0.728,2,1000,640x360,1.9625959999999623,,
2025-12-17T06:04:19.711Z,0.934,2,1000,640x360,1.9416699999999878,,
2025-12-17T06:04:19.742Z,1.319,2,1000,640x360,2.009636999999998,,
2025-12-17T06:04:20.667Z,0.949,2,1000,640x360,1.9745629999999892,,
2025-12-17T06:04:21.255Z,0.891,2,1000,640x360,1.9835030000000415,,
2025-12-17T06:04:21.789Z,0.844,2,1000,640x360,1.9522260000000529,,
2025-12-17T06:04:22.316Z,0.805,2,1000,640x360,1.9213970000000131,,
2025-12-17T06:04:22.841Z,0.787,2,1000,640x360,2.006364000000019,,
2025-12-17T06:04:23.360Z,0.76,2,1000,640x360,1.9864979999999832,,
2025-12-17T06:04:23.901Z,0.743,2,1000,640x360,1.9490520000000515,,
2025-12-17T06:04:24.469Z,0.678,2,1000,640x360,1.9790189999999939,,
2025-12-17T06:04:24.545Z,0.669,1,600,480x270,1.9105640000000221,,
2025-12-17T06:04:24.959Z,0.699,1,600,480x270,1.9937049999999772,,
2025-12-17T06:04:25.027Z,0.685,2,1000,640x360,1.9240110000000072,,
2025-12-17T06:04:25.687Z,0.459,2,1000,640x360,1.9566130000000044,,
2025-12-17T06:04:25.762Z,0.431,1,600,480x270,1.990459000000044,,
2025-12-17T06:04:25.844Z,0.288,1,600,480x270,2.00222500000001,,rebuffer happen
2025-12-17T06:04:25.969Z,0.296,1,600,480x270,1.970835999999963,,rebuffer happen
2025-12-17T06:04:26.176Z,0.435,1,600,480x270,1.9609869999999887,,
2025-12-17T06:04:26.245Z,0.397,0,200,320x180,1.8920269999999846,,
2025-12-17T06:04:26.368Z,0.758,0,200,320x180,1.9676569999999742,,
2025-12-17T06:04:26.447Z,0.76,2,1000,640x360,1.894473000000005,,
2025-12-17T06:04:27.033Z,0.572,2,1000,640x360,1.9108560000000239,,
2025-12-17T06:04:27.102Z,0.599,1,600,480x270,1.9429769999999849,,
2025-12-17T06:04:27.504Z,0.63,1,600,480x270,1.9491129999999544,,
2025-12-17T06:04:27.582Z,0.575,2,1000,640x360,1.9730519999999956,,
2025-12-17T06:04:28.259Z,0.371,2,1000,640x360,1.9804439999999772,,
2025-12-17T06:04:28.333Z,0.34,1,600,480x270,1.9049180000000092,,
2025-12-17T06:04:28.334Z,0.296,1,600,480x270,1.9041899999999714,,rebuffer happen
2025-12-17T06:04:28.780Z,0.382,1,600,480x270,1.9807250000000067,,
2025-12-17T06:04:28.849Z,0.368,0,200,320x180,1.9106800000000135,,
2025-12-17T06:04:28.849Z,0.297,0,200,320x180,2.0169219999999655,,rebuffer happen
2025-12-17T06:04:28.992Z,0.636,0,200,320x180,1.9686829999999986,,
2025-12-17T06:04:29.064Z,0.64,2,1000,640x360,1.9870769999999993,,
2025-12-17T06:04:29.620Z,0.517,2,1000,640x360,1.937359000000015,,
2025-12-17T06:04:29.688Z,0.461,1,600,480x270,1.9638199999999983,,
2025-12-17T06:04:29.873Z,0.295,1,600,480x270,1.9748390000000313,,rebuffer happen
2025-12-17T06:04:30.118Z,0.509,1,600,480x270,1.9314729999999827,,
2025-12-17T06:04:30.200Z,0.512,0,200,320x180,1.9421110000000112,,
2025-12-17T06:04:30.360Z,0.699,0,200,320x180,1.9838730000000169,,
2025-12-17T06:04:30.435Z,0.767,2,1000,640x360,1.9145669999999768,,
2025-12-17T06:04:31.080Z,0.549,2,1000,640x360,1.9690630000000056,,
2025-12-17T06:04:31.153Z,0.55,1,600,480x270,1.989149999999995,,
2025-12-17T06:04:31.550Z,0.575,1,600,480x270,1.9998460000000478,,
2025-12-17T06:04:31.624Z,0.592,2,1000,640x360,1.9247010000000273,,
2025-12-17T06:04:32.194Z,0.432,2,1000,640x360,1.9508510000000001,,
2025-12-17T06:04:32.262Z,0.438,1,600,480x270,1.989832999999976,,
2025-12-17T06:04:32.341Z,0.289,1,600,480x270,2.0002210000000105,,rebuffer happen
2025-12-17T06:04:32.588Z,0.529,1,600,480x270,1.9772120000000086,,
2025-12-17T06:04:32.667Z,0.516,0,200,320x180,1.993037999999956,,
2025-12-17T06:04:32.813Z,0.806,0,200,320x180,1.951057999999989,,
2025-12-17T06:04:32.886Z,0.771,2,1000,640x360,1.969019000000003,,
2025-12-17T06:04:33.435Z,0.704,2,1000,640x360,1.9087610000000268,,
2025-12-17T06:04:33.511Z,0.697,1,600,480x270,1.9277870000000235,,
2025-12-17T06:04:33.836Z,0.799,1,600,480x270,1.9013059999999768,,
2025-12-17T06:04:33.914Z,0.794,2,1000,640x360,1.9237229999999954,,
2025-12-17T06:04:34.478Z,0.644,2,1000,640x360,1.9654879999999935,,
2025-12-17T06:04:34.552Z,0.657,1,600,480x270,1.9924480000000244,,
2025-12-17T06:04:34.879Z,0.734,1,600,480x270,1.9599699999999984,,
2025-12-17T06:04:34.957Z,0.753,2,1000,640x360,1.9899330000000077,,
2025-12-17T06:04:35.376Z,0.775,2,1000,640x360,1.9618930000000319,,
2025-12-17T06:04:35.935Z,0.708,2,1000,640x360,1.910853999999972,,
2025-12-17T06:04:36.007Z,0.701,1,600,480x270,1.945904999999982,,
2025-12-17T06:04:36.346Z,0.775,1,600,480x270,1.9891250000000014,,
2025-12-17T06:04:36.425Z,0.782,2,1000,640x360,1.9137969999999882,,
2025-12-17T06:04:36.911Z,0.736,2,1000,640x360,1.9473129999999514,,
2025-12-17T06:04:37.339Z,0.779,2,1000,640x360,1.9978780000000143,,
2025-12-17T06:04:38.049Z,0.56,2,1000,640x360,1.9869769999999676,,
2025-12-17T06:04:38.122Z,0.58,1,600,480x270,1.9135049999999865,,
2025-12-17T06:04:38.520Z,0.602,1,600,480x270,1.9327800000000366,,
2025-12-17T06:04:38.587Z,0.611,2,1000,640x360,1.9534629999999993,,
2025-12-17T06:04:39.212Z,0.429,2,1000,640x360,1.9268710000000056,,
2025-12-17T06:04:39.293Z,0.39,1,600,480x270,1.9456460000000106,,
2025-12-17T06:04:39.434Z,0.267,1,600,480x270,1.907496999999978,,rebuffer happen
2025-12-17T06:04:39.615Z,0.515,1,600,480x270,1.9328520000000253,,
2025-12-17T06:04:39.686Z,0.525,0,200,320x180,1.9641059999999584,,
2025-12-17T06:04:39.795Z,0.754,0,200,320x180,1.951057999999989,,
2025-12-17T06:04:39.871Z,0.842,2,1000,640x360,1.975479000000007,,
2025-12-17T06:04:40.203Z,0.906,2,1000,640x360,1.936392000000012,,
2025-12-17T06:04:40.952Z,0.678,2,1000,640x360,2.0036570000000324,,
2025-12-17T06:04:41.038Z,0.677,1,600,480x270,1.9156820000000039,,
2025-12-17T06:04:41.328Z,0.775,1,600,480x270,1.9142499999999814,,
2025-12-17T06:04:41.399Z,0.767,2,1000,640x360,1.9411760000000413,,
2025-12-17T06:04:41.829Z,0.821,2,1000,640x360,1.9325210000000084,,
2025-12-17T06:04:42.394Z,0.74,2,1000,640x360,1.9496840000000475,,
2025-12-17T06:04:42.954Z,0.724,2,1000,640x360,1.9896849999999517,,
2025-12-17T06:04:43.032Z,0.672,1,600,480x270,1.9119049999999902,,
2025-12-17T06:04:43.331Z,0.787,1,600,480x270,1.9070870000000468,,
2025-12-17T06:04:43.408Z,0.797,2,1000,640x360,1.9414510000000291,,
2025-12-17T06:04:43.868Z,0.756,2,1000,640x360,1.979804999999999,,
2025-12-17T06:04:44.451Z,0.681,2,1000,640x360,1.9931000000000267,,
2025-12-17T06:04:44.531Z,0.683,1,600,480x270,1.9209769999999935,,
2025-12-17T06:04:44.823Z,0.756,1,600,480x270,1.925516000000016,,
2025-12-17T06:04:44.904Z,0.816,2,1000,640x360,1.9484059999999772,,
2025-12-17T06:04:45.618Z,0.504,2,1000,640x360,1.9511870000000044,,
2025-12-17T06:04:45.687Z,0.489,1,600,480x270,1.9771899999999505,,
2025-12-17T06:04:45.847Z,0.298,1,600,480x270,2.014495000000011,,rebuffer happen
2025-12-17T06:04:46.136Z,0.509,1,600,480x270,1.9150840000000358,,
2025-12-17T06:04:46.216Z,0.498,0,200,320x180,1.9338630000000308,,
2025-12-17T06:04:46.354Z,0.724,0,200,320x180,2.006844000000001,,
2025-12-17T06:04:46.436Z,0.737,2,1000,640x360,1.9269639999999981,,
2025-12-17T06:04:47.108Z,0.509,2,1000,640x360,1.9444110000000023,,
2025-12-17T06:04:47.186Z,0.487,1,600,480x270,1.9581490000000485,,
2025-12-17T06:04:47.425Z,0.238,1,600,480x270,1.9200370000000362,,rebuffer happen
2025-12-17T06:04:47.487Z,0.283,1,600,480x270,1.959698000000003,,rebuffer happen
2025-12-17T06:04:47.685Z,0.434,1,600,480x270,1.960642000000007,,
2025-12-17T06:04:47.763Z,0.383,0,200,320x180,1.9921920000000455,,
2025-12-17T06:04:47.919Z,0.699,0,200,320x180,1.9282019999999989,,
2025-12-17T06:04:47.996Z,0.713,2,1000,640x360,1.9437340000000063,,
2025-12-17T06:04:48.809Z,0.297,2,1000,640x360,1.9470659999999498,,rebuffer happen
2025-12-17T06:04:48.853Z,0.297,2,1000,640x360,1.99586800000003,,
2025-12-17T06:04:48.929Z,0.285,1,600,480x270,1.9186930000000189,,
2025-12-17T06:04:49.351Z,0.271,1,600,480x270,1.9931249999999636,,
2025-12-17T06:04:49.428Z,0.285,0,200,320x180,1.920817999999997,,
2025-12-17T06:04:49.572Z,0.582,0,200,320x180,1.9911780000000476,,
2025-12-17T06:04:49.645Z,0.56,2,1000,640x360,1.919110000000046,,
2025-12-17T06:04:49.869Z,0.279,2,1000,640x360,1.9869400000000041,,rebuffer happen
2025-12-17T06:04:50.317Z,0.339,2,1000,640x360,1.9325110000000336,,
2025-12-17T06:04:50.395Z,0.319,1,600,480x270,1.9502019999999902,,
2025-12-17T06:04:50.396Z,0.242,1,600,480x270,1.949547999999993,,rebuffer happen
2025-12-17T06:04:50.599Z,0.039,1,600,480x270,1.9492660000000228,,rebuffer happen
2025-12-17T06:04:50.862Z,0.286,1,600,480x270,2.0110859999999775,,
2025-12-17T06:04:50.929Z,0.301,0,200,320x180,1.9410389999999893,,
2025-12-17T06:04:50.930Z,0.231,0,200,320x180,1.940339999999992,,rebuffer happen
2025-12-17T06:04:51.108Z,0.549,0,200,320x180,1.9535599999999818,,
2025-12-17T06:04:51.179Z,0.524,1,600,480x270,1.9903699999999844,,
2025-12-17T06:04:51.401Z,0.242,1,600,480x270,1.9508860000000254,,rebuffer happen
2025-12-17T06:04:51.480Z,0.296,1,600,480x270,1.9796779999999785,,rebuffer happen
2025-12-17T06:04:51.636Z,0.485,1,600,480x270,1.9133190000000013,,
2025-12-17T06:04:51.707Z,0.474,0,200,320x180,1.93735300000003,,
2025-12-17T06:04:51.857Z,0.77,0,200,320x180,1.9848499999999945,,
2025-12-17T06:04:51.943Z,0.704,1,600,480x270,1.896897000000024,,
2025-12-17T06:04:52.226Z,0.894,1,600,480x270,1.9194880000000012,,
2025-12-17T06:04:52.532Z,1.091,1,600,480x270,1.910667999999987,,
2025-12-17T06:04:52.851Z,1.259,1,600,480x270,1.9893389999999727,,
2025-12-17T06:04:53.173Z,1.447,1,600,480x270,1.9725329999999985,,
2025-12-17T06:04:53.480Z,1.645,1,600,480x270,1.9680569999999875,,
2025-12-17T06:04:53.821Z,1.819,1,600,480x270,1.9277430000000209,,
2025-12-17T06:04:54.046Z,2.067,1,600,480x270,2.0048039999999787,,
2025-12-17T06:04:54.484Z,2.15,1,600,480x270,1.9600130000000036,,
2025-12-17T06:04:55.037Z,2.09,1,600,480x270,2.0001620000000457,,
2025-12-17T06:04:55.537Z,2.133,1,600,480x270,2.0072440000000142,,
2025-12-17T06:04:56.092Z,2.04,1,600,480x270,1.9526970000000006,,
2025-12-17T06:04:56.510Z,2.106,1,600,480x270,1.9422250000000076,,
2025-12-17T06:04:56.725Z,1.921,2,1000,640x360,1.9171120000000315,,
2025-12-17T06:04:57.208Z,1.935,2,1000,640x360,1.931265000000053,,
2025-12-17T06:04:57.849Z,1.785,2,1000,640x360,2.0040710000000104,,
2025-12-17T06:04:58.471Z,1.65,2,1000,640x360,1.974978999999962,,
2025-12-17T06:04:59.106Z,1.526,2,1000,640x360,1.9429890000000114,,
2025-12-17T06:04:59.760Z,1.377,2,1000,640x360,1.9895050000000083,,
2025-12-17T06:05:00.321Z,1.304,2,1000,640x360,1.9164069999999924,,
2025-12-17T06:05:00.919Z,1.198,2,1000,640x360,1.9204470000000242,,
2025-12-17T06:05:01.515Z,1.117,2,1000,640x360,1.9385749999999575,,
2025-12-17T06:05:02.131Z,0.995,2,1000,640x360,1.9178249999999935,,
2025-12-17T06:05:02.736Z,0.901,2,1000,640x360,1.9156909999999812,,
2025-12-17T06:05:03.314Z,0.827,2,1000,640x360,1.9327420000000188,,
2025-12-17T06:05:03.974Z,0.655,2,1000,640x360,1.9711169999999925,,
2025-12-17T06:05:04.051Z,0.657,1,600,480x270,1.9903100000000222,,
2025-12-17T06:05:04.440Z,0.686,1,600,480x270,2.0010540000000105,,
2025-12-17T06:05:04.521Z,0.69,2,1000,640x360,1.9200060000000008,,
2025-12-17T06:05:05.166Z,0.474,2,1000,640x360,1.9773910000000114,,
2025-12-17T06:05:05.236Z,0.42,1,600,480x270,1.907576000000006,,
2025-12-17T06:05:05.641Z,0.505,1,600,480x270,2.006436000000008,,
2025-12-17T06:05:05.719Z,0.494,0,200,320x180,1.9277830000000336,,
2025-12-17T06:05:05.842Z,0.789,0,200,320x180,2.004436999999996,,
2025-12-17T06:05:05.921Z,0.791,2,1000,640x360,1.9245019999999613,,
2025-12-17T06:05:06.584Z,0.563,2,1000,640x360,1.974929999999972,,
2025-12-17T06:05:06.649Z,0.558,1,600,480x270,2.00059200000004,,
2025-12-17T06:05:07.081Z,0.534,1,600,480x270,1.9607590000000528,,
2025-12-17T06:05:07.151Z,0.553,0,200,320x180,1.992211999999995,,
2025-12-17T06:05:07.243Z,0.82,0,200,320x180,2.0023329999999646,,
2025-12-17T06:05:07.322Z,0.888,2,1000,640x360,1.9219150000000127,,
2025-12-17T06:05:07.905Z,0.724,2,1000,640x360,1.937250000000006,,
2025-12-17T06:05:07.978Z,0.725,1,600,480x270,1.9737190000000169,,
2025-12-17T06:05:08.353Z,0.788,1,600,480x270,1.9834539999999947,,
2025-12-17T06:05:08.431Z,0.734,2,1000,640x360,1.9070259999999735,,
2025-12-17T06:05:09.145Z,0.535,2,1000,640x360,1.9992619999999874,,
2025-12-17T06:05:09.222Z,0.42,1,600,480x270,1.9218729999999482,,
2025-12-17T06:05:09.402Z,0.295,1,600,480x270,1.9418469999999957,,rebuffer happen
2025-12-17T06:05:09.641Z,0.492,1,600,480x270,2.0046629999999936,,
2025-12-17T06:05:09.722Z,0.494,0,200,320x180,1.9229249999999638,,
2025-12-17T06:05:09.857Z,0.758,0,200,320x180,1.9886889999999653,,
2025-12-17T06:05:09.925Z,0.776,2,1000,640x360,1.9199129999999514,,
2025-12-17T06:05:10.569Z,0.556,2,1000,640x360,1.9829169999999863,,
2025-12-17T06:05:10.645Z,0.573,1,600,480x270,1.9060249999999996,,
2025-12-17T06:05:11.048Z,0.569,1,600,480x270,1.9986379999999713,,
2025-12-17T06:05:11.128Z,0.584,2,1000,640x360,1.916612999999984,,
2025-12-17T06:05:11.717Z,0.438,2,1000,640x360,1.9489439999999831,,
2025-12-17T06:05:11.784Z,0.421,1,600,480x270,1.9681279999999788,,
2025-12-17T06:05:11.849Z,0.295,1,600,480x270,2.0042569999999955,,rebuffer happen
2025-12-17T06:05:12.181Z,0.462,1,600,480x270,1.963844999999992,,
2025-12-17T06:05:12.253Z,0.453,0,200,320x180,1.9915479999999661,,
2025-12-17T06:05:12.379Z,0.699,0,200,320x180,1.9590289999999868,,
2025-12-17T06:05:12.455Z,0.692,2,1000,640x360,1.995478999999989,,
2025-12-17T06:05:13.032Z,0.622,2,1000,640x360,1.9117610000000127,,
2025-12-17T06:05:13.111Z,0.599,1,600,480x270,1.9266739999999913,,
2025-12-17T06:05:13.527Z,0.6,1,600,480x270,1.9180980000000432,,
2025-12-17T06:05:13.612Z,0.584,2,1000,640x360,1.9408670000000257,,
2025-12-17T06:05:14.216Z,0.436,2,1000,640x360,1.9275109999999813,,
2025-12-17T06:05:14.297Z,0.345,1,600,480x270,1.9401080000000093,,
2025-12-17T06:05:14.408Z,0.29,1,600,480x270,1.940636999999981,,rebuffer happen
2025-12-17T06:05:14.626Z,0.508,1,600,480x270,1.9281959999999572,,
2025-12-17T06:05:14.699Z,0.488,0,200,320x180,1.946578000000045,,
2025-12-17T06:05:14.826Z,0.759,0,200,320x180,1.9319750000000226,,
2025-12-17T06:05:14.904Z,0.81,2,1000,640x360,1.9475800000000163,,
2025-12-17T06:05:15.467Z,0.669,2,1000,640x360,1.9698620000000346,,
2025-12-17T06:05:15.544Z,0.66,1,600,480x270,1.893240999999989,,
2025-12-17T06:05:16.038Z,0.586,1,600,480x270,1.9997000000000185,,
2025-12-17T06:05:16.106Z,0.591,2,1000,640x360,1.932029,,
2025-12-17T06:05:16.701Z,0.446,2,1000,640x360,1.9467050000000086,,
2025-12-17T06:05:16.776Z,0.437,1,600,480x270,1.9683090000000334,,
2025-12-17T06:05:16.860Z,0.276,1,600,480x270,1.9849290000000224,,rebuffer happen
2025-12-17T06:05:17.137Z,0.486,1,600,480x270,2.0058050000000094,,
2025-12-17T06:05:17.212Z,0.468,0,200,320x180,1.9310550000000148,,
2025-12-17T06:05:17.350Z,0.702,0,200,320x180,1.993974000000037,,
2025-12-17T06:05:17.428Z,0.785,2,1000,640x360,1.9202109999999948,,
2025-12-17T06:05:18.146Z,0.493,2,1000,640x360,2.0004690000000096,,
2025-12-17T06:05:18.223Z,0.483,1,600,480x270,1.9219459999999913,,
2025-12-17T06:05:18.411Z,0.286,1,600,480x270,1.9254819999999881,,rebuffer happen
2025-12-17T06:05:18.626Z,0.508,1,600,480x270,1.9200839999999744,,
2025-12-17T06:05:18.705Z,0.474,0,200,320x180,1.9403629999999907,,
2025-12-17T06:05:18.835Z,0.731,0,200,320x180,1.9056610000000092,,
2025-12-17T06:05:18.908Z,0.799,2,1000,640x360,1.9317540000000122,,
2025-12-17T06:05:19.584Z,0.543,2,1000,640x360,1.952728000000036,,
2025-12-17T06:05:19.658Z,0.545,1,600,480x270,1.986883999999975,,
2025-12-17T06:05:20.060Z,0.566,1,600,480x270,1.9768440000000282,,
2025-12-17T06:05:20.142Z,0.531,2,1000,640x360,1.8954240000000482,,
2025-12-17T06:05:20.351Z,0.279,2,1000,640x360,2.0008490000000165,,rebuffer happen
2025-12-17T06:05:20.801Z,0.346,2,1000,640x360,1.9443899999999985,,
2025-12-17T06:05:20.876Z,0.316,1,600,480x270,1.965270999999973,,
2025-12-17T06:05:20.877Z,0.257,1,600,480x270,1.9644379999999728,,rebuffer happen
2025-12-17T06:05:21.146Z,0.288,1,600,480x270,2.003095999999971,,rebuffer happen
2025-12-17T06:05:21.176Z,0.29,1,600,480x270,1.9726359999999659,,rebuffer happen
2025-12-17T06:05:21.280Z,0.352,1,600,480x270,1.9630000000000223,,
2025-12-17T06:05:21.360Z,0.353,0,200,320x180,1.9916600000000244,,
2025-12-17T06:05:21.361Z,0.272,0,200,320x180,1.9909400000000232,,rebuffer happen
2025-12-17T06:05:21.498Z,0.586,0,200,320x180,1.9500869999999964,,
2025-12-17T06:05:21.578Z,0.6,2,1000,640x360,1.9686320000000137,,
2025-12-17T06:05:22.209Z,0.389,2,1000,640x360,1.9265020000000277,,
2025-12-17T06:05:22.281Z,0.375,1,600,480x270,1.9564609999999902,,
2025-12-17T06:05:22.465Z,0.203,1,600,480x270,1.9805010000000038,,rebuffer happen
2025-12-17T06:05:22.488Z,0.283,1,600,480x270,1.9602269999999749,,rebuffer happen
2025-12-17T06:05:22.634Z,0.484,1,600,480x270,1.9213250000000244,,
2025-12-17T06:05:22.700Z,0.502,0,200,320x180,1.9465490000000045,,
2025-12-17T06:05:22.838Z,0.711,0,200,320x180,2.0042510000000107,,
2025-12-17T06:05:22.919Z,0.795,2,1000,640x360,1.9220180000000369,,
2025-12-17T06:05:23.555Z,0.572,2,1000,640x360,1.9986989999999878,,
2025-12-17T06:05:23.623Z,0.589,1,600,480x270,1.9290570000000002,,
2025-12-17T06:05:24.012Z,0.575,1,600,480x270,1.933023999999989,,
2025-12-17T06:05:24.089Z,0.557,2,1000,640x360,1.9591970000000174,,
2025-12-17T06:05:24.343Z,0.288,2,1000,640x360,2.000283999999965,,rebuffer happen
2025-12-17T06:05:24.721Z,0.394,2,1000,640x360,1.9238849999999843,,
2025-12-17T06:05:24.792Z,0.414,1,600,480x270,1.9586740000000304,,
2025-12-17T06:05:24.863Z,0.273,1,600,480x270,1.9861300000000028,,rebuffer happen
2025-12-17T06:05:25.166Z,0.449,1,600,480x270,1.979801000000009,,
2025-12-17T06:05:25.245Z,0.458,0,200,320x180,1.9988010000000145,,
2025-12-17T06:05:25.405Z,0.668,0,200,320x180,1.9433460000000196,,
2025-12-17T06:05:25.492Z,0.733,2,1000,640x360,1.9594749999999976,,
2025-12-17T06:05:26.089Z,0.543,2,1000,640x360,1.9538880000000063,,
2025-12-17T06:05:26.165Z,0.541,1,600,480x270,1.970811000000026,,
2025-12-17T06:05:26.513Z,0.601,1,600,480x270,1.9408839999999827,,
2025-12-17T06:05:26.583Z,0.621,2,1000,640x360,1.962534000000005,,
2025-12-17T06:05:27.146Z,0.502,2,1000,640x360,1.9996039999999766,,
2025-12-17T06:05:27.227Z,0.484,1,600,480x270,1.9187159999999608,,
2025-12-17T06:05:27.334Z,0.295,1,600,480x270,1.9097550000000183,,rebuffer happen
2025-12-17T06:05:27.564Z,0.579,1,600,480x270,1.9870940000000132,,
2025-12-17T06:05:27.646Z,0.578,0,200,320x180,1.9033580000000256,,
2025-12-17T06:05:27.764Z,0.854,0,200,320x180,1.9815360000000055,,
2025-12-17T06:05:27.832Z,0.85,2,1000,640x360,1.9123769999999922,,
2025-12-17T06:05:28.383Z,0.753,2,1000,640x360,1.9603329999999914,,
2025-12-17T06:05:28.459Z,0.722,1,600,480x270,1.9908280000000218,,
2025-12-17T06:05:28.792Z,0.823,1,600,480x270,1.9493669999999952,,
2025-12-17T06:05:28.865Z,0.777,2,1000,640x360,1.9740419999999972,,
2025-12-17T06:05:29.401Z,0.712,2,1000,640x360,1.947020000000009,,
2025-12-17T06:05:29.473Z,0.727,1,600,480x270,1.9718340000000012,,
2025-12-17T06:05:29.832Z,0.79,1,600,480x270,1.913817999999992,,
2025-12-17T06:05:29.914Z,0.774,2,1000,640x360,1.9258500000000254,,
2025-12-17T06:05:30.478Z,0.619,2,1000,640x360,1.9782469999999535,,
2025-12-17T06:05:30.557Z,0.657,1,600,480x270,1.9937040000000366,,
2025-12-17T06:05:30.916Z,0.708,1,600,480x270,1.926300000000026,,
2025-12-17T06:05:30.994Z,0.649,2,1000,640x360,1.9449440000000209,,
2025-12-17T06:05:31.669Z,0.403,2,1000,640x360,1.9759540000000015,,
2025-12-17T06:05:31.759Z,0.469,1,600,480x270,1.9952799999999797,,
2025-12-17T06:05:31.927Z,0.242,1,600,480x270,1.9209659999999644,,rebuffer happen
2025-12-17T06:05:32.244Z,0.374,1,600,480x270,2.003883999999971,,
2025-12-17T06:05:32.324Z,0.322,0,200,320x180,1.9238809999999944,,
2025-12-17T06:05:32.390Z,0.244,0,200,320x180,1.9574230000000057,,rebuffer happen
2025-12-17T06:05:32.513Z,0.637,0,200,320x180,1.9292140000000018,,
2025-12-17T06:05:32.591Z,0.554,2,1000,640x360,1.9607389999999896,,
2025-12-17T06:05:33.283Z,0.363,2,1000,640x360,1.966147000000035,,
2025-12-17T06:05:33.354Z,0.346,1,600,480x270,1.9879509999999527,,
2025-12-17T06:05:33.354Z,0.275,1,600,480x270,1.9871919999999932,,rebuffer happen
2025-12-17T06:05:33.804Z,0.353,1,600,480x270,1.9557330000000093,,
2025-12-17T06:05:33.868Z,0.335,0,200,320x180,1.9841679999999542,,
2025-12-17T06:05:33.869Z,0.271,0,200,320x180,1.9834229999999593,,rebuffer happen
2025-12-17T06:05:34.001Z,0.605,0,200,320x180,1.9596619999999803,,
2025-12-17T06:05:34.073Z,0.639,2,1000,640x360,1.9819539999999733,,
2025-12-17T06:05:34.405Z,0.27,2,1000,640x360,1.9442859999999769,,rebuffer happen
2025-12-17T06:05:34.638Z,0.503,2,1000,640x360,2.010692000000006,,
2025-12-17T06:05:34.712Z,0.441,1,600,480x270,1.9354569999999853,,
2025-12-17T06:05:34.946Z,0.19,1,600,480x270,2.0051409999999805,,rebuffer happen
2025-12-17T06:05:35.078Z,0.555,1,600,480x270,1.9618200000000456,,
2025-12-17T06:05:35.157Z,0.554,0,200,320x180,1.989926999999966,,
2025-12-17T06:05:35.314Z,0.798,0,200,320x180,1.9232579999999757,,
2025-12-17T06:05:35.388Z,0.814,1,600,480x270,1.9550239999999803,,
2025-12-17T06:05:36.073Z,0.542,1,600,480x270,1.972488999999996,,
2025-12-17T06:05:36.150Z,0.559,0,200,320x180,1.894632999999999,,
2025-12-17T06:05:36.308Z,0.739,0,200,320x180,1.9281149999999911,,
2025-12-17T06:05:36.392Z,0.821,1,600,480x270,1.9445499999999925,,
2025-12-17T06:05:36.893Z,0.77,1,600,480x270,1.9523379999999975,,
2025-12-17T06:05:37.358Z,0.787,1,600,480x270,1.9817229999999881,,
2025-12-17T06:05:37.781Z,0.841,1,600,480x270,1.9755049999999983,,
2025-12-17T06:05:38.227Z,0.904,1,600,480x270,1.9114470000000097,,
2025-12-17T06:05:38.644Z,0.981,1,600,480x270,1.9943020000000047,,
2025-12-17T06:05:38.938Z,1.184,1,600,480x270,2.001355999999987,,
2025-12-17T06:05:39.276Z,1.32,1,600,480x270,1.9607679999999732,,
2025-12-17T06:05:39.615Z,1.53,1,600,480x270,1.9413729999999987,,
2025-12-17T06:05:39.952Z,1.662,1,600,480x270,1.9917090000000144,,
2025-12-17T06:05:40.304Z,1.82,1,600,480x270,1.944629999999961,,
2025-12-17T06:05:40.690Z,1.943,1,600,480x270,1.9648770000000013,,
2025-12-17T06:05:40.982Z,2.096,1,600,480x270,1.9619180000000256,,
2025-12-17T06:05:41.471Z,2.145,1,600,480x270,1.9817659999999933,,
2025-12-17T06:05:41.959Z,2.156,1,600,480x270,1.9897240000000238,,
2025-12-17T06:05:42.469Z,2.113,1,600,480x270,1.9766370000000393,,
2025-12-17T06:05:42.544Z,2.167,2,1000,640x360,1.9088910000000396,,
2025-12-17T06:05:43.262Z,1.851,2,1000,640x360,1.988995999999986,,
2025-12-17T06:05:43.794Z,1.821,2,1000,640x360,1.9490299999999934,,
2025-12-17T06:05:44.404Z,1.717,2,1000,640x360,1.9340040000000158,,
2025-12-17T06:05:45.148Z,1.462,2,1000,640x360,1.9883950000000254,,
2025-12-17T06:05:45.882Z,1.254,2,1000,640x360,1.9724990000000275,,
2025-12-17T06:05:46.593Z,1.028,2,1000,640x360,1.9517960000000016,,
2025-12-17T06:05:47.236Z,0.892,2,1000,640x360,1.9074449999999956,,
2025-12-17T06:05:47.930Z,0.667,2,1000,640x360,1.915742000000023,,
2025-12-17T06:05:48.012Z,0.647,1,600,480x270,1.9264220000000023,,
2025-12-17T06:05:48.399Z,0.711,1,600,480x270,1.94366100000002,,
2025-12-17T06:05:48.479Z,0.729,2,1000,640x360,1.9645620000000008,,
2025-12-17T06:05:49.148Z,0.48,2,1000,640x360,1.9999619999999823,,
2025-12-17T06:05:49.226Z,0.483,1,600,480x270,1.9210760000000278,,
2025-12-17T06:05:49.583Z,0.538,1,600,480x270,1.9609120000000075,,
2025-12-17T06:05:49.662Z,0.554,0,200,320x180,1.9948669999999993,,
2025-12-17T06:05:49.822Z,0.811,0,200,320x180,1.9286539999999945,,
2025-12-17T06:05:49.895Z,0.797,2,1000,640x360,1.947682000000043,,
2025-12-17T06:05:50.579Z,0.56,2,1000,640x360,1.9751679999999965,,
2025-12-17T06:05:50.658Z,0.513,1,600,480x270,2.0034029999999916,,
2025-12-17T06:05:51.076Z,0.542,1,600,480x270,1.966148999999973,,
2025-12-17T06:05:51.140Z,0.559,0,200,320x180,1.9000819999999976,,
2025-12-17T06:05:51.325Z,0.77,0,200,320x180,1.9126510000000394,,
2025-12-17T06:05:51.406Z,0.805,2,1000,640x360,1.940969999999993,,
2025-12-17T06:05:51.979Z,0.624,2,1000,640x360,1.961546999999996,,
2025-12-17T06:05:52.047Z,0.625,1,600,480x270,1.9892340000000104,,
2025-12-17T06:05:52.392Z,0.719,1,600,480x270,1.9554979999999773,,
2025-12-17T06:05:52.467Z,0.739,2,1000,640x360,1.9801420000000007,,
2025-12-17T06:05:53.311Z,0.253,2,1000,640x360,1.9388079999999945,,rebuffer happen
2025-12-17T06:05:53.339Z,0.253,2,1000,640x360,1.9999469999999633,,
2025-12-17T06:05:53.416Z,0.29,1,600,480x270,1.9255959999999845,,
2025-12-17T06:05:53.752Z,0.38,1,600,480x270,2.003530000000012,,
2025-12-17T06:05:53.821Z,0.385,0,200,320x180,1.934028000000012,,
2025-12-17T06:05:53.842Z,0.296,0,200,320x180,2.007969000000003,,rebuffer happen
2025-12-17T06:05:53.940Z,0.659,0,200,320x180,2.0079939999999965,,
2025-12-17T06:05:54.009Z,0.697,2,1000,640x360,1.9390399999999772,,
2025-12-17T06:05:54.606Z,0.555,2,1000,640x360,1.965391000000011,,
2025-12-17T06:05:54.681Z,0.52,1,600,480x270,1.9798660000000154,,
2025-12-17T06:05:55.032Z,0.586,1,600,480x270,1.916037000000017,,
2025-12-17T06:05:55.104Z,0.609,2,1000,640x360,1.9510159999999814,,
2025-12-17T06:05:55.343Z,0.774,2,1000,640x360,2.002697000000012,,
2025-12-17T06:05:55.681Z,0.95,2,1000,640x360,1.9634410000000457,,
2025-12-17T06:05:56.195Z,0.93,2,1000,640x360,1.9426679999999692,,
2025-12-17T06:05:56.820Z,0.811,2,1000,640x360,1.9220599999999877,,
2025-12-17T06:05:57.389Z,0.732,2,1000,640x360,1.9468650000000025,,
2025-12-17T06:05:57.472Z,0.69,1,600,480x270,1.9766589999999837,,
2025-12-17T06:05:57.853Z,0.761,1,600,480x270,1.987011999999993,,
2025-12-17T06:05:57.926Z,0.779,2,1000,640x360,1.9127689999999689,,
2025-12-17T06:05:58.529Z,0.589,2,1000,640x360,1.9289739999999824,,
2025-12-17T06:05:58.610Z,0.614,1,600,480x270,1.9394620000000486,,
2025-12-17T06:05:58.961Z,0.656,1,600,480x270,1.987402999999972,,
2025-12-17T06:05:59.031Z,0.674,2,1000,640x360,1.9157680000000141,,
2025-12-17T06:05:59.409Z,0.256,2,1000,640x360,1.9298149999999623,,rebuffer happen
2025-12-17T06:05:59.941Z,0.092,2,1000,640x360,2.0030330000000163,,rebuffer happen
2025-12-17T06:06:00.006Z,0.026,2,1000,640x360,1.9379180000000247,,rebuffer happen
2025-12-17T06:06:00.100Z,0.093,2,1000,640x360,2.015431000000035,,
2025-12-17T06:06:00.171Z,0.105,1,600,480x270,2.04845499999999,,
2025-12-17T06:06:00.190Z,0.024,1,600,480x270,2.0318899999999758,,rebuffer happen
2025-12-17T06:06:00.561Z,0.318,1,600,480x270,2.2611890000000017,,
2025-12-17T06:06:00.640Z,0.341,0,200,320x180,2.1820490000000063,,
2025-12-17T06:06:00.641Z,0.261,0,200,320x180,2.271268999999961,,rebuffer happen
2025-12-17T06:06:00.737Z,0.648,0,200,320x180,2.258107999999993,,
2025-12-17T06:06:00.809Z,0.651,2,1000,640x360,2.1637079999999855,,
2025-12-17T06:06:01.141Z,0.636,2,1000,640x360,2.1511199999999917,,
2025-12-17T06:06:01.217Z,0.64,1,600,480x270,2.058627999999999,,
2025-12-17T06:06:01.433Z,0.797,1,600,480x270,2.016463999999985,,
2025-12-17T06:06:01.512Z,0.808,2,1000,640x360,2.0276230000000055,,
2025-12-17T06:06:01.913Z,0.775,2,1000,640x360,1.9846660000000043,,
2025-12-17T06:06:02.415Z,0.753,2,1000,640x360,1.9558419999999614,,
2025-12-17T06:06:02.496Z,0.741,1,600,480x270,1.9774039999999786,,
2025-12-17T06:06:02.839Z,0.817,1,600,480x270,2.0226000000000113,,
2025-12-17T06:06:02.917Z,0.761,2,1000,640x360,1.9415879999999675,,
2025-12-17T06:06:03.427Z,0.715,2,1000,640x360,1.9246370000000184,,
2025-12-17T06:06:03.505Z,0.715,1,600,480x270,1.9619240000000104,,
2025-12-17T06:06:03.754Z,0.901,1,600,480x270,2.013727000000017,,
2025-12-17T06:06:03.831Z,0.901,2,1000,640x360,1.9345140000000356,,
2025-12-17T06:06:04.478Z,0.677,2,1000,640x360,1.9769279999999867,,
2025-12-17T06:06:04.549Z,0.662,1,600,480x270,1.9053860000000213,,
2025-12-17T06:06:04.953Z,0.672,1,600,480x270,1.9915530000000103,,
2025-12-17T06:06:05.030Z,0.663,2,1000,640x360,1.9134779999999978,,
2025-12-17T06:06:05.678Z,0.461,2,1000,640x360,1.9701570000000288,,
2025-12-17T06:06:05.747Z,0.458,1,600,480x270,1.9000480000000266,,
2025-12-17T06:06:05.843Z,0.292,1,600,480x270,2.0053210000000377,,rebuffer happen
2025-12-17T06:06:06.150Z,0.47,1,600,480x270,1.9933219999999778,,
2025-12-17T06:06:06.228Z,0.483,0,200,320x180,1.9148030000000063,,
2025-12-17T06:06:06.408Z,0.685,0,200,320x180,1.9390980000000013,,
2025-12-17T06:06:06.483Z,0.727,2,1000,640x360,1.9820629999999824,,
2025-12-17T06:06:07.002Z,0.609,2,1000,640x360,1.9448390000000018,,
2025-12-17T06:06:07.073Z,0.632,1,600,480x270,1.9736459999999738,,
2025-12-17T06:06:07.350Z,0.757,1,600,480x270,1.9867720000000304,,
2025-12-17T06:06:07.430Z,0.778,2,1000,640x360,1.910663999999997,,
2025-12-17T06:06:07.947Z,0.673,2,1000,640x360,2.0103019999999674,,
2025-12-17T06:06:08.022Z,0.692,1,600,480x270,1.9330889999999954,,
2025-12-17T06:06:08.361Z,0.757,1,600,480x270,1.9759920000000193,,
2025-12-17T06:06:08.428Z,0.718,2,1000,640x360,1.9115540000000237,,
2025-12-17T06:06:08.859Z,0.762,2,1000,640x360,1.9933619999999905,,
2025-12-17T06:06:09.188Z,0.944,2,1000,640x360,1.9489550000000122,,
2025-12-17T06:06:09.518Z,1.113,2,1000,640x360,1.9232620000000225,,
2025-12-17T06:06:09.941Z,1.19,2,1000,640x360,1.9974040000000173,,
2025-12-17T06:06:10.607Z,1.032,2,1000,640x360,1.9467640000000301,,
2025-12-17T06:06:11.443Z,0.69,2,1000,640x360,2.003883999999971,,
2025-12-17T06:06:11.521Z,0.69,1,600,480x270,1.9338989999999967,,
2025-12-17T06:06:11.846Z,0.775,1,600,480x270,2.0057600000000093,,
2025-12-17T06:06:11.915Z,0.779,2,1000,640x360,1.9355979999999704,,
2025-12-17T06:06:12.583Z,0.558,2,1000,640x360,1.9605599999999868,,
2025-12-17T06:06:12.662Z,0.471,1,600,480x270,1.9905120000000238,,
2025-12-17T06:06:12.931Z,0.266,1,600,480x270,1.9071349999999825,,rebuffer happen
2025-12-17T06:06:13.025Z,0.272,1,600,480x270,1.9233199999999897,,rebuffer happen
2025-12-17T06:06:13.243Z,0.396,1,600,480x270,1.9994580000000042,,
2025-12-17T06:06:13.317Z,0.387,0,200,320x180,1.924574000000007,,
2025-12-17T06:06:13.535Z,0.57,0,200,320x180,1.910457000000008,,
2025-12-17T06:06:13.612Z,0.593,2,1000,640x360,1.9251890000000458,,
2025-12-17T06:06:13.901Z,0.262,2,1000,640x360,1.9472450000000094,,rebuffer happen
2025-12-17T06:06:14.443Z,0.196,2,1000,640x360,2.003122000000019,,
2025-12-17T06:06:14.516Z,0.179,1,600,480x270,1.9316029999999955,,
2025-12-17T06:06:14.618Z,0.018,1,600,480x270,1.9386969999999906,,rebuffer happen
2025-12-17T06:06:15.053Z,0.211,1,600,480x270,2.1236409999999637,,
2025-12-17T06:06:15.125Z,0.202,0,200,320x180,2.052098000000001,,
2025-12-17T06:06:15.235Z,0.02,0,200,320x180,2.0297439999999938,,rebuffer happen
2025-12-17T06:06:15.329Z,0.357,0,200,320x180,2.059789999999964,,
2025-12-17T06:06:15.407Z,0.453,1,600,480x270,2.101165999999978,,
2025-12-17T06:06:15.567Z,0.217,1,600,480x270,2.138275999999962,,rebuffer happen
2025-12-17T06:06:15.754Z,0.292,1,600,480x270,2.098872999999969,,rebuffer happen
2025-12-17T06:06:15.847Z,0.286,1,600,480x270,2.1030139999999733,,rebuffer happen
2025-12-17T06:06:15.904Z,0.335,1,600,480x270,2.037503999999956,,
2025-12-17T06:06:15.925Z,0.296,0,200,320x180,2.0137659999999755,,rebuffer happen
2025-12-17T06:06:15.980Z,0.296,0,200,320x180,2.0413690000000315,,
2025-12-17T06:06:16.188Z,0.523,0,200,320x180,2.033773999999994,,
2025-12-17T06:06:16.387Z,0.772,0,200,320x180,2.0296599999999785,,
2025-12-17T06:06:16.571Z,1.091,0,200,320x180,2.0641259999999875,,
2025-12-17T06:06:16.771Z,1.415,0,200,320x180,2.04237999999998,,
2025-12-17T06:06:16.969Z,1.667,0,200,320x180,2.0182179999999903,,
2025-12-17T06:06:17.263Z,1.931,0,200,320x180,2.0121469999999704,,
2025-12-17T06:06:17.512Z,2.162,0,200,320x180,1.947778000000028,,
2025-12-17T06:06:17.868Z,2.228,0,200,320x180,1.986483000000021,,
2025-12-17T06:06:18.361Z,2.225,0,200,320x180,1.9801400000000058,,
2025-12-17T06:06:18.728Z,1.949,1,600,480x270,1.9122110000000134,,
2025-12-17T06:06:19.262Z,1.887,1,600,480x270,1.9754149999999981,,
2025-12-17T06:06:19.606Z,2.011,1,600,480x270,1.9416970000000333,,
2025-12-17T06:06:19.676Z,2.031,2,1000,640x360,1.9680419999999685,,
2025-12-17T06:06:20.225Z,1.913,2,1000,640x360,1.924037999999996,,
2025-12-17T06:06:20.298Z,1.844,1,600,480x270,1.94129700000002,,
2025-12-17T06:06:20.641Z,1.989,1,600,480x270,2.012764000000004,,
2025-12-17T06:06:20.714Z,1.987,2,1000,640x360,1.9382349999999633,,
2025-12-17T06:06:21.358Z,1.764,2,1000,640x360,1.9800640000000271,,
2025-12-17T06:06:21.898Z,1.73,2,1000,640x360,1.9422550000000456,,
2025-12-17T06:06:22.430Z,1.701,2,1000,640x360,1.92099300000001,,
2025-12-17T06:06:22.505Z,1.655,1,600,480x270,1.9404690000000073,,
2025-12-17T06:06:22.839Z,1.762,1,600,480x270,1.9998730000000364,,
2025-12-17T06:06:23.191Z,1.932,1,600,480x270,1.9474410000000262,,
2025-12-17T06:06:23.550Z,2.066,1,600,480x270,1.99541499999998,,
2025-12-17T06:06:23.908Z,2.225,1,600,480x270,1.9355450000000474,,
2025-12-17T06:06:24.386Z,2.223,1,600,480x270,1.954621999999972,,
2025-12-17T06:06:24.891Z,2.225,1,600,480x270,1.9536350000000198,,
2025-12-17T06:06:25.575Z,2.068,1,600,480x270,1.9865009999999756,,
2025-12-17T06:06:26.282Z,1.841,1,600,480x270,1.9674699999999916,,
2025-12-17T06:06:26.723Z,1.89,1,600,480x270,1.917441999999994,,
2025-12-17T06:06:26.968Z,2.143,1,600,480x270,1.9789420000000177,,
2025-12-17T06:06:27.423Z,2.185,1,600,480x270,1.917857999999967,,
2025-12-17T06:06:27.934Z,2.177,1,600,480x270,1.9049969999999803,,
2025-12-17T06:06:28.455Z,2.159,1,600,480x270,1.9947869999999739,,
2025-12-17T06:06:28.872Z,2.244,1,600,480x270,1.970483999999999,,
2025-12-17T06:06:29.517Z,2.112,1,600,480x270,1.9390239999999608,,
2025-12-17T06:06:30.180Z,1.956,1,600,480x270,1.9684739999999579,,
2025-12-17T06:06:30.580Z,2.042,1,600,480x270,1.9592509999999947,,
2025-12-17T06:06:30.984Z,2.137,1,600,480x270,1.9520820000000185,,
2025-12-17T06:06:31.502Z,2.12,1,600,480x270,1.9432059999999751,,
2025-12-17T06:06:31.980Z,2.141,1,600,480x270,1.961840000000052,,
2025-12-17T06:06:32.497Z,2.124,1,600,480x270,1.9516010000000392,,
2025-12-17T06:06:32.986Z,2.159,1,600,480x270,1.9544220000000223,,
2025-12-17T06:06:33.462Z,2.165,1,600,480x270,1.9832000000000107,,
2025-12-17T06:06:33.904Z,2.212,1,600,480x270,1.9451720000000137,,
2025-12-17T06:06:34.496Z,2.205,1,600,480x270,1.9664050000000088,,
2025-12-17T06:06:35.184Z,1.96,1,600,480x270,1.9638830000000098,,
2025-12-17T06:06:35.657Z,1.967,1,600,480x270,1.9918240000000083,,
2025-12-17T06:06:35.962Z,2.147,1,600,480x270,1.9757749999999987,,
2025-12-17T06:06:36.456Z,2.169,1,600,480x270,1.991706000000022,,
2025-12-17T06:06:36.974Z,2.138,1,600,480x270,1.9663949999999772,,
2025-12-17T06:06:37.044Z,2.115,2,1000,640x360,1.8965010000000007,,
2025-12-17T06:06:37.670Z,1.965,2,1000,640x360,1.9779230000000325,,
2025-12-17T06:06:38.151Z,1.963,2,1000,640x360,1.9910260000000335,,
2025-12-17T06:06:38.632Z,2.001,2,1000,640x360,1.930612999999994,,
2025-12-17T06:06:39.274Z,1.855,2,1000,640x360,1.9661090000000172,,
2025-12-17T06:06:39.945Z,1.659,2,1000,640x360,1.9941859999999565,,
2025-12-17T06:06:40.712Z,1.421,2,1000,640x360,1.938069999999982,,
2025-12-17T06:06:41.308Z,1.299,2,1000,640x360,1.928436999999974,,
2025-12-17T06:06:42.001Z,1.133,2,1000,640x360,1.9436080000000402,,
2025-12-17T06:06:43.121Z,0.282,2,1000,640x360,1.922900000000027,,rebuffer happen
2025-12-17T06:06:43.327Z,0.322,2,1000,640x360,1.9259879999999612,,
2025-12-17T06:06:43.387Z,0.25,1,600,480x270,1.961162999999999,,rebuffer happen
2025-12-17T06:06:43.398Z,0.25,1,600,480x270,1.949655000000007,,
2025-12-17T06:06:43.609Z,0.027,1,600,480x270,1.941644999999994,,rebuffer happen
2025-12-17T06:06:43.875Z,0.331,1,600,480x270,2.0625160000000164,,
2025-12-17T06:06:43.945Z,0.351,0,200,320x180,1.9837830000000167,,
2025-12-17T06:06:43.946Z,0.271,0,200,320x180,2.0879380000000083,,rebuffer happen
2025-12-17T06:06:44.101Z,0.598,0,200,320x180,2.008486000000005,,
2025-12-17T06:06:44.184Z,0.558,2,1000,640x360,2.0137450000000285,,
2025-12-17T06:06:44.695Z,0.46,2,1000,640x360,1.9722309999999652,,
2025-12-17T06:06:44.774Z,0.465,1,600,480x270,1.9984979999999837,,
2025-12-17T06:06:45.252Z,0.401,1,600,480x270,1.9937669999999912,,
2025-12-17T06:06:45.317Z,0.332,0,200,320x180,1.9268899999999576,,
2025-12-17T06:06:45.487Z,0.607,0,200,320x180,1.9679160000000024,,
2025-12-17T06:06:45.610Z,1.015,0,200,320x180,1.9426050000000146,,
2025-12-17T06:06:45.756Z,1.332,0,200,320x180,1.9949209999999766,,
2025-12-17T06:06:45.919Z,1.714,0,200,320x180,1.9241690000000062,,
2025-12-17T06:06:46.079Z,1.988,0,200,320x180,1.9613760000000298,,
2025-12-17T06:06:46.352Z,2.259,0,200,320x180,1.9824179999999956,,
2025-12-17T06:06:46.850Z,2.261,0,200,320x180,1.9855200000000082,,
2025-12-17T06:06:47.350Z,2.263,0,200,320x180,1.9877400000000307,,
2025-12-17T06:06:47.723Z,2.05,2,1000,640x360,1.9209690000000137,,
2025-12-17T06:06:48.449Z,1.642,2,1000,640x360,1.993536000000006,,
2025-12-17T06:06:49.111Z,1.53,2,1000,640x360,1.9259720000000016,,
2025-12-17T06:06:49.782Z,1.351,2,1000,640x360,1.9727659999999787,,
2025-12-17T06:06:50.483Z,1.15,2,1000,640x360,1.9767640000000029,,
2025-12-17T06:06:51.177Z,0.968,2,1000,640x360,1.9717359999999644,,
2025-12-17T06:06:51.904Z,0.726,2,1000,640x360,1.9421219999999835,,
2025-12-17T06:06:51.980Z,0.727,1,600,480x270,1.9579330000000255,,
2025-12-17T06:06:52.453Z,0.677,1,600,480x270,2.0042270000000144,,
2025-12-17T06:06:52.526Z,0.682,2,1000,640x360,1.9389850000000024,,
2025-12-17T06:06:53.075Z,0.553,2,1000,640x360,1.9718750000000114,,
2025-12-17T06:06:53.146Z,0.558,1,600,480x270,1.8999699999999962,,
2025-12-17T06:06:53.509Z,0.604,1,600,480x270,1.9370409999999652,,
2025-12-17T06:06:53.851Z,0.76,1,600,480x270,1.9872049999999604,,
2025-12-17T06:06:54.177Z,0.946,1,600,480x270,1.9698569999999904,,
2025-12-17T06:06:54.519Z,1.115,1,600,480x270,1.935089000000005,,
2025-12-17T06:06:54.871Z,1.224,1,600,480x270,1.9777780000000007,,
2025-12-17T06:06:55.228Z,1.356,1,600,480x270,1.9177669999999694,,
2025-12-17T06:06:55.563Z,1.511,1,600,480x270,1.9724860000000035,,
2025-12-17T06:06:55.926Z,1.696,1,600,480x270,1.9191959999999995,,
2025-12-17T06:06:56.409Z,1.702,1,600,480x270,1.93346600000001,,
2025-12-17T06:06:56.782Z,1.837,1,600,480x270,1.9685259999999971,,
2025-12-17T06:06:57.185Z,1.941,1,600,480x270,1.9591889999999808,,
2025-12-17T06:06:57.557Z,2.053,1,600,480x270,1.9881689999999708,,
2025-12-17T06:06:57.957Z,2.153,1,600,480x270,1.9871370000000184,,
2025-12-17T06:06:58.470Z,2.147,1,600,480x270,1.9824009999999817,,
2025-12-17T06:06:58.969Z,2.145,1,600,480x270,1.970862000000011,,
2025-12-17T06:06:59.431Z,2.147,1,600,480x270,1.915160999999955,,
2025-12-17T06:06:59.878Z,2.099,1,600,480x270,1.9616669999999772,,
2025-12-17T06:07:00.372Z,2.251,1,600,480x270,1.9725300000000061,,
2025-12-17T06:07:00.592Z,2.096,2,1000,640x360,1.9741769999999974,,
2025-12-17T06:07:01.616Z,1.525,2,1000,640x360,1.9450269999999819,,
2025-12-17T06:07:02.255Z,1.381,2,1000,640x360,1.9877559999999903,,
2025-12-17T06:07:02.819Z,1.336,2,1000,640x360,1.9320869999999672,,
2025-12-17T06:07:03.371Z,1.263,2,1000,640x360,1.9693189999999845,,
2025-12-17T06:07:03.915Z,1.235,2,1000,640x360,1.9233800000000087,,
2025-12-17T06:07:04.464Z,1.174,2,1000,640x360,1.9921139999999582,,
2025-12-17T06:07:05.027Z,1.116,2,1000,640x360,1.916817999999978,,
2025-12-17T06:07:05.582Z,1.058,2,1000,640x360,1.974770000000035,,
2025-12-17T06:07:06.141Z,1.019,2,1000,640x360,2.0095269999999914,,
2025-12-17T06:07:06.719Z,0.894,2,1000,640x360,1.9289899999999989,,
2025-12-17T06:07:07.255Z,0.852,2,1000,640x360,1.9881579999999985,,
2025-12-17T06:07:07.820Z,0.807,2,1000,640x360,1.925262000000032,,
2025-12-17T06:07:08.389Z,0.746,2,1000,640x360,1.9614690000000223,,
2025-12-17T06:07:08.963Z,0.678,2,1000,640x360,1.9824519999999666,,
2025-12-17T06:07:09.047Z,0.672,1,600,480x270,1.897141999999974,,
2025-12-17T06:07:09.404Z,0.731,1,600,480x270,1.9342270000000212,,
2025-12-17T06:07:09.481Z,0.725,2,1000,640x360,1.9641189999999824,,
2025-12-17T06:07:10.049Z,0.597,2,1000,640x360,1.995980999999972,,
2025-12-17T06:07:10.120Z,0.589,1,600,480x270,1.9240439999999808,,
2025-12-17T06:07:10.467Z,0.664,1,600,480x270,1.9781830000000014,,
2025-12-17T06:07:10.545Z,0.67,2,1000,640x360,1.899725999999987,,
2025-12-17T06:07:11.099Z,0.524,2,1000,640x360,1.949703999999997,,
2025-12-17T06:07:11.170Z,0.531,1,600,480x270,1.9657660000000305,,
2025-12-17T06:07:11.513Z,0.601,1,600,480x270,1.9309349999999768,,
2025-12-17T06:07:11.589Z,0.622,2,1000,640x360,1.9630200000000286,,
2025-12-17T06:07:12.259Z,0.397,2,1000,640x360,1.9882959999999912,,
2025-12-17T06:07:12.335Z,0.337,1,600,480x270,1.9113930000000323,,
2025-12-17T06:07:12.336Z,0.293,1,600,480x270,1.9106780000000185,,rebuffer happen
2025-12-17T06:07:12.511Z,0.63,1,600,480x270,1.9446990000000142,,
2025-12-17T06:07:12.585Z,0.588,2,1000,640x360,1.9729860000000485,,
2025-12-17T06:07:13.017Z,0.613,2,1000,640x360,1.9381359999999859,,
2025-12-17T06:07:13.099Z,0.547,1,600,480x270,1.9466059999999743,,
2025-12-17T06:07:13.694Z,0.48,1,600,480x270,1.9647820000000138,,
2025-12-17T06:07:13.775Z,0.456,0,200,320x180,1.9882759999999848,,
2025-12-17T06:07:13.939Z,0.596,0,200,320x180,2.0130720000000224,,
2025-12-17T06:07:14.006Z,0.647,2,1000,640x360,1.944435999999996,,
2025-12-17T06:07:14.558Z,0.584,2,1000,640x360,1.9861720000000105,,
2025-12-17T06:07:14.629Z,0.575,1,600,480x270,1.9146920000000023,,
2025-12-17T06:07:14.982Z,0.643,1,600,480x270,1.9661049999999705,,
2025-12-17T06:07:15.053Z,0.648,2,1000,640x360,1.9887610000000109,,
2025-12-17T06:07:15.634Z,0.505,2,1000,640x360,1.9091290000000072,,
2025-12-17T06:07:15.712Z,0.498,1,600,480x270,1.927691999999979,,
2025-12-17T06:07:15.840Z,0.292,1,600,480x270,2.001688999999999,,rebuffer happen
2025-12-17T06:07:16.051Z,0.56,1,600,480x270,1.9870030000000156,,
2025-12-17T06:07:16.134Z,0.579,2,1000,640x360,1.9034590000000549,,
2025-12-17T06:07:16.716Z,0.423,2,1000,640x360,1.9299879999999803,,
2025-12-17T06:07:16.791Z,0.422,1,600,480x270,1.9635660000000144,,
2025-12-17T06:07:16.882Z,0.254,1,600,480x270,1.965488999999991,,rebuffer happen
2025-12-17T06:07:17.149Z,0.477,1,600,480x270,1.9912370000000124,,
2025-12-17T06:07:17.229Z,0.482,0,200,320x180,1.9095850000000496,,
2025-12-17T06:07:17.394Z,0.728,0,200,320x180,1.9444630000000416,,
2025-12-17T06:07:17.465Z,0.733,2,1000,640x360,1.9764580000000365,,
2025-12-17T06:07:18.042Z,0.592,2,1000,640x360,2.009456,,
2025-12-17T06:07:18.119Z,0.596,1,600,480x270,1.9308200000000397,,
2025-12-17T06:07:18.402Z,0.699,1,600,480x270,1.9404369999999744,,
2025-12-17T06:07:18.475Z,0.731,2,1000,640x360,1.9657490000000166,,
2025-12-17T06:07:19.089Z,0.526,2,1000,640x360,1.9505800000000022,,
2025-12-17T06:07:19.161Z,0.541,1,600,480x270,1.976493000000005,,
2025-12-17T06:07:19.523Z,0.59,1,600,480x270,1.91551800000002,,
2025-12-17T06:07:19.601Z,0.609,2,1000,640x360,1.9429949999999963,,
2025-12-17T06:07:20.171Z,0.445,2,1000,640x360,1.9782260000000065,,
2025-12-17T06:07:20.240Z,0.457,1,600,480x270,1.9090590000000134,,
2025-12-17T06:07:20.444Z,0.29,1,600,480x270,2.0039109999999596,,rebuffer happen
2025-12-17T06:07:20.633Z,0.484,1,600,480x270,1.9127369999999928,,
2025-12-17T06:07:20.707Z,0.506,0,200,320x180,1.9411659999999529,,
2025-12-17T06:07:20.853Z,0.779,0,200,320x180,1.9902139999999804,,
2025-12-17T06:07:20.927Z,0.768,2,1000,640x360,1.9155279999999948,,
2025-12-17T06:07:21.303Z,0.823,2,1000,640x360,1.9339740000000347,,
2025-12-17T06:07:21.835Z,0.834,2,1000,640x360,1.918504999999982,,
2025-12-17T06:07:22.447Z,0.708,2,1000,640x360,2.004160000000013,,
2025-12-17T06:07:22.519Z,0.688,1,600,480x270,1.939743999999962,,
2025-12-17T06:07:22.741Z,0.894,1,600,480x270,2.022461000000021,,
2025-12-17T06:07:22.816Z,0.912,2,1000,640x360,1.9451569999999947,,
2025-12-17T06:07:23.369Z,0.793,2,1000,640x360,1.9758830000000103,,
2025-12-17T06:07:23.945Z,0.699,2,1000,640x360,2.0019969999999603,,
2025-12-17T06:07:24.022Z,0.658,1,600,480x270,1.9239660000000072,,
2025-12-17T06:07:24.545Z,0.586,1,600,480x270,2.0007790000000227,,
2025-12-17T06:07:24.614Z,0.59,2,1000,640x360,1.9314699999999903,,
2025-12-17T06:07:25.042Z,0.09,2,1000,640x360,2.0021900000000414,,rebuffer happen
2025-12-17T06:07:25.110Z,0.021,2,1000,640x360,1.9339260000000422,,rebuffer happen
2025-12-17T06:07:25.482Z,0.167,2,1000,640x360,1.9962489999999775,,
2025-12-17T06:07:25.555Z,0.12,1,600,480x270,2.0234329999999545,,
2025-12-17T06:07:25.643Z,0.021,1,600,480x270,2.02958000000001,,rebuffer happen
2025-12-17T06:07:26.016Z,0.343,1,600,480x270,2.168549999999982,,
2025-12-17T06:07:26.089Z,0.349,0,200,320x180,2.1889869999999974,,
2025-12-17T06:07:26.090Z,0.275,0,200,320x180,2.188286000000005,,rebuffer happen
2025-12-17T06:07:26.230Z,0.628,0,200,320x180,2.1422230000000013,,
2025-12-17T06:07:26.306Z,0.611,2,1000,640x360,2.162372000000005,,
2025-12-17T06:07:26.903Z,0.364,2,1000,640x360,2.0467239999999833,,
2025-12-17T06:07:26.957Z,0.269,1,600,480x270,2.0767450000000167,,rebuffer happen
2025-12-17T06:07:26.980Z,0.269,1,600,480x270,2.0511339999999905,,
2025-12-17T06:07:27.195Z,0.028,1,600,480x270,2.039228000000037,,rebuffer happen
2025-12-17T06:07:27.551Z,0.228,1,600,480x270,2.127095000000054,,
2025-12-17T06:07:27.624Z,0.207,0,200,320x180,2.0540110000000027,,
2025-12-17T06:07:27.729Z,0.031,0,200,320x180,2.0452789999999936,,rebuffer happen
2025-12-17T06:07:27.830Z,0.423,0,200,320x180,2.083309999999983,,
2025-12-17T06:07:27.901Z,0.476,2,1000,640x360,2.1277619999999615,,
2025-12-17T06:07:28.066Z,0.276,2,1000,640x360,2.1530030000000124,,rebuffer happen
2025-12-17T06:07:28.469Z,0.28,2,1000,640x360,2.1222759999999994,,rebuffer happen
2025-12-17T06:07:28.472Z,0.28,2,1000,640x360,2.119035999999994,,
2025-12-17T06:07:28.529Z,0.243,1,600,480x270,2.051674999999989,,rebuffer happen
2025-12-17T06:07:28.545Z,0.243,1,600,480x270,2.0319729999999936,,
2025-12-17T06:07:28.890Z,0.281,1,600,480x270,2.0437740000000417,,
2025-12-17T06:07:28.962Z,0.333,0,200,320x180,2.081007999999997,,
2025-12-17T06:07:28.963Z,0.261,0,200,320x180,2.0801640000000248,,rebuffer happen
2025-12-17T06:07:29.101Z,0.613,0,200,320x180,2.0307869999999753,,
2025-12-17T06:07:29.181Z,0.616,2,1000,640x360,2.035846000000049,,
2025-12-17T06:07:29.575Z,0.611,2,1000,640x360,2.042509999999993,,
2025-12-17T06:07:29.649Z,0.613,1,600,480x270,2.05555499999997,,
2025-12-17T06:07:29.895Z,0.776,1,600,480x270,1.9884419999999636,,
2025-12-17T06:07:29.974Z,0.761,2,1000,640x360,2.00440100000003,,
2025-12-17T06:07:30.457Z,0.539,2,1000,640x360,2.0036099999999806,,
2025-12-17T06:07:30.536Z,0.69,1,600,480x270,1.9221340000000282,,
2025-12-17T06:07:30.796Z,0.879,1,600,480x270,1.9554210000000012,,
2025-12-17T06:07:30.863Z,0.842,2,1000,640x360,1.995902000000001,,
2025-12-17T06:07:31.559Z,0.594,2,1000,640x360,1.9801040000000398,,
2025-12-17T06:07:31.629Z,0.572,1,600,480x270,1.9104160000000547,,
2025-12-17T06:07:32.004Z,0.605,1,600,480x270,1.94163199999997,,
2025-12-17T06:07:32.081Z,0.561,2,1000,640x360,1.9568970000000263,,
2025-12-17T06:07:32.650Z,0.492,2,1000,640x360,1.9968599999999697,,
2025-12-17T06:07:32.718Z,0.481,1,600,480x270,1.9285099999999602,,
2025-12-17T06:07:33.067Z,0.56,1,600,480x270,1.9703510000000506,,
2025-12-17T06:07:33.144Z,0.562,0,200,320x180,1.8923610000000508,,
2025-12-17T06:07:33.273Z,0.779,0,200,320x180,1.9676660000000084,,
2025-12-17T06:07:33.346Z,0.824,2,1000,640x360,1.8945360000000164,,
2025-12-17T06:07:33.838Z,0.767,2,1000,640x360,2.0064560000000142,,
2025-12-17T06:07:34.454Z,0.691,2,1000,640x360,1.9963170000000332,,
2025-12-17T06:07:34.534Z,0.681,1,600,480x270,1.9245730000000094,,
2025-12-17T06:07:34.822Z,0.812,1,600,480x270,1.9323069999999802,,
2025-12-17T06:07:34.911Z,0.744,2,1000,640x360,1.9515289999999936,,
2025-12-17T06:07:35.352Z,0.782,2,1000,640x360,1.9901970000000233,,
2025-12-17T06:07:35.855Z,0.747,2,1000,640x360,1.9989019999999869,,
2025-12-17T06:07:36.468Z,0.642,2,1000,640x360,2.102600999999993,,
2025-12-17T06:07:36.549Z,0.62,1,600,480x270,2.1042360000000144,,
2025-12-17T06:07:36.863Z,0.69,1,600,480x270,2.0489919999999984,,
2025-12-17T06:07:36.938Z,0.696,2,1000,640x360,1.9650350000000003,,
2025-12-17T06:07:37.440Z,0.572,2,1000,640x360,2.0389769999999885,,
2025-12-17T06:07:37.516Z,0.569,1,600,480x270,1.9625290000000177,,
2025-12-17T06:07:37.845Z,0.642,1,600,480x270,2.0132970000000228,,
2025-12-17T06:07:37.924Z,0.662,2,1000,640x360,1.9320549999999912,,
2025-12-17T06:07:38.593Z,0.415,2,1000,640x360,1.9643709999999714,,
2025-12-17T06:07:38.671Z,0.392,1,600,480x270,1.9829730000000154,,
2025-12-17T06:07:38.778Z,0.256,1,600,480x270,1.9742760000000317,,rebuffer happen
2025-12-17T06:07:38.879Z,0.285,1,600,480x270,1.980230000000006,,rebuffer happen
2025-12-17T06:07:39.077Z,0.4,1,600,480x270,1.9666439999999739,,
2025-12-17T06:07:39.161Z,0.344,0,200,320x180,1.9902620000000297,,
2025-12-17T06:07:39.301Z,0.692,0,200,320x180,1.943140000000028,,
2025-12-17T06:07:39.381Z,0.688,2,1000,640x360,1.9723920000000135,,
2025-12-17T06:07:40.154Z,0.335,2,1000,640x360,1.9901340000000118,,
2025-12-17T06:07:40.222Z,0.264,1,600,480x270,1.9216110000000413,,rebuffer happen
2025-12-17T06:07:40.234Z,0.264,1,600,480x270,1.909652000000051,,
2025-12-17T06:07:40.709Z,0.303,1,600,480x270,1.9409930000000486,,
2025-12-17T06:07:40.710Z,0.283,1,600,480x270,1.9408280000000104,,rebuffer happen
2025-12-17T06:07:40.778Z,0.255,0,200,320x180,1.966226000000006,,
2025-12-17T06:07:40.952Z,0.543,0,200,320x180,1.9949940000000197,,
2025-12-17T06:07:41.030Z,0.475,2,1000,640x360,1.9176709999999844,,
2025-12-17T06:07:41.276Z,0.217,2,1000,640x360,1.9704079999999635,,rebuffer happen
2025-12-17T06:07:41.819Z,0.15,2,1000,640x360,1.9309369999999717,,
2025-12-17T06:07:41.888Z,0.178,1,600,480x270,1.9689309999999978,,
2025-12-17T06:07:41.973Z,0.025,1,600,480x270,1.9770189999999843,,rebuffer happen
2025-12-17T06:07:42.380Z,0.261,1,600,480x270,2.117512999999974,,
2025-12-17T06:07:42.453Z,0.259,0,200,320x180,2.1451600000000326,,
2025-12-17T06:07:42.627Z,0.488,0,200,320x180,2.071789000000024,,
2025-12-17T06:07:42.699Z,0.512,2,1000,640x360,2.0780719999999633,,
2025-12-17T06:07:42.918Z,0.171,2,1000,640x360,2.0244030000000066,,rebuffer happen
2025-12-17T06:07:43.472Z,0.14,2,1000,640x360,2.0609590000000253,,
2025-12-17T06:07:43.551Z,0.109,1,600,480x270,2.0922860000000014,,
2025-12-17T06:07:43.575Z,0.017,1,600,480x270,2.070142999999973,,rebuffer happen
2025-12-17T06:07:43.758Z,0.027,1,600,480x270,2.2468020000000024,,rebuffer happen
2025-12-17T06:07:44.027Z,0.223,1,600,480x270,2.2056109999999762,,
2025-12-17T06:07:44.095Z,0.25,0,200,320x180,2.246477000000027,,
2025-12-17T06:07:44.270Z,0.474,0,200,320x180,2.2569770000000062,,
2025-12-17T06:07:44.342Z,0.485,2,1000,640x360,2.1694949999999835,,
2025-12-17T06:07:44.552Z,0.215,2,1000,640x360,2.2787139999999795,,rebuffer happen
2025-12-17T06:07:45.096Z,0.087,2,1000,640x360,2.1762200000000007,,
2025-12-17T06:07:45.166Z,0.117,1,600,480x270,2.201387000000011,,
2025-12-17T06:07:45.193Z,0.022,1,600,480x270,2.1750940000000014,,rebuffer happen
2025-12-17T06:07:45.624Z,0.262,1,600,480x270,2.3183439999999678,,
2025-12-17T06:07:45.697Z,0.26,0,200,320x180,2.3397549999999683,,
2025-12-17T06:07:45.814Z,0.517,0,200,320x180,2.3277400000000057,,
2025-12-17T06:07:45.900Z,0.543,2,1000,640x360,2.30693500000001,,
2025-12-17T06:07:46.070Z,0.291,2,1000,640x360,2.2811760000000163,,rebuffer happen
2025-12-17T06:07:46.413Z,0.306,2,1000,640x360,2.15522500000003,,
2025-12-17T06:07:46.488Z,0.304,1,600,480x270,2.1951480000000174,,
2025-12-17T06:07:46.489Z,0.236,1,600,480x270,2.1944349999999986,,rebuffer happen
2025-12-17T06:07:46.799Z,0.406,1,600,480x270,2.1775919999999473,,
2025-12-17T06:07:46.876Z,0.426,0,200,320x180,2.1924700000000144,,
2025-12-17T06:07:46.910Z,0.285,0,200,320x180,2.149910000000034,,rebuffer happen
2025-12-17T06:07:46.989Z,0.636,0,200,320x180,2.138748000000021,,
2025-12-17T06:07:47.064Z,0.608,2,1000,640x360,2.1459050000000275,,
2025-12-17T06:07:47.582Z,0.535,2,1000,640x360,2.098568,,
2025-12-17T06:07:47.654Z,0.466,1,600,480x270,2.1111290000000054,,
2025-12-17T06:07:47.976Z,0.565,1,600,480x270,2.0390369999999507,,
2025-12-17T06:07:48.046Z,0.539,2,1000,640x360,2.059575000000052,,
2025-12-17T06:07:48.571Z,0.445,2,1000,640x360,2.005080000000021,,
2025-12-17T06:07:48.636Z,0.444,1,600,480x270,1.9366890000000012,,
2025-12-17T06:07:48.744Z,0.263,1,600,480x270,2.021207000000004,,rebuffer happen
2025-12-17T06:07:48.957Z,0.535,1,600,480x270,2.008615000000077,,
2025-12-17T06:07:49.024Z,0.544,0,200,320x180,1.9400180000000091,,
2025-12-17T06:07:49.150Z,0.837,0,200,320x180,1.9975860000000694,,
2025-12-17T06:07:49.226Z,0.819,2,1000,640x360,1.9192730000000893,,
2025-12-17T06:07:49.740Z,0.749,2,1000,640x360,2.0063930000000028,,
2025-12-17T06:07:50.256Z,0.713,2,1000,640x360,1.9826060000000325,,
2025-12-17T06:07:50.760Z,0.749,2,1000,640x360,1.98470999999995,,
2025-12-17T06:07:51.287Z,0.714,2,1000,640x360,1.9526090000000522,,
2025-12-17T06:07:51.370Z,0.675,1,600,480x270,1.971508999999969,,
2025-12-17T06:07:51.670Z,0.814,1,600,480x270,1.983824000000027,,
2025-12-17T06:07:51.747Z,0.831,2,1000,640x360,1.9051000000000613,,
2025-12-17T06:07:52.259Z,0.732,2,1000,640x360,1.9904889999999114,,
2025-12-17T06:07:52.769Z,0.708,2,1000,640x360,1.9968860000000177,,
2025-12-17T06:07:53.400Z,0.586,2,1000,640x360,1.9388979999999947,,
2025-12-17T06:07:53.478Z,0.559,1,600,480x270,1.9773780000000443,,
2025-12-17T06:07:53.910Z,0.591,1,600,480x270,1.932060999999976,,
2025-12-17T06:07:53.993Z,0.522,2,1000,640x360,1.9586940000000368,,
2025-12-17T06:07:54.678Z,0.329,2,1000,640x360,1.9661630000000514,,
2025-12-17T06:07:54.759Z,0.314,1,600,480x270,1.99212,,
2025-12-17T06:07:54.760Z,0.232,1,600,480x270,1.9913870000000315,,rebuffer happen
2025-12-17T06:07:55.174Z,0.315,1,600,480x270,1.9710359999999127,,
2025-12-17T06:07:55.254Z,0.315,0,200,320x180,1.9900710000000572,,
2025-12-17T06:07:55.255Z,0.235,0,200,320x180,1.989325000000008,,rebuffer happen
2025-12-17T06:07:55.398Z,0.574,0,200,320x180,1.944266999999968,,
2025-12-17T06:07:55.470Z,0.592,2,1000,640x360,1.9852600000000393,,
2025-12-17T06:07:56.033Z,0.295,2,1000,640x360,1.9147560000000112,,rebuffer happen
2025-12-17T06:07:56.094Z,0.299,2,1000,640x360,1.9550300000000789,,rebuffer happen
2025-12-17T06:07:56.228Z,0.288,2,1000,640x360,1.9118430000000899,,
2025-12-17T06:07:56.311Z,0.26,1,600,480x270,1.9270419999999149,,
2025-12-17T06:07:56.712Z,0.288,1,600,480x270,1.930806000000075,,
2025-12-17T06:07:56.779Z,0.274,0,200,320x180,1.97176300000001,,
2025-12-17T06:07:56.907Z,0.528,0,200,320x180,1.9373290000000907,,
2025-12-17T06:07:56.981Z,0.578,2,1000,640x360,1.9568020000000388,,
2025-12-17T06:07:57.525Z,0.297,2,1000,640x360,1.9141510000000608,,rebuffer happen
2025-12-17T06:07:57.683Z,0.272,2,1000,640x360,1.9588979999999765,,rebuffer happen
2025-12-17T06:07:57.726Z,0.271,2,1000,640x360,1.915571,,
2025-12-17T06:07:57.791Z,0.262,1,600,480x270,1.9467499999999518,,
2025-12-17T06:07:58.227Z,0.243,1,600,480x270,1.911155000000008,,
2025-12-17T06:07:58.306Z,0.234,0,200,320x180,1.941906999999901,,
2025-12-17T06:07:58.422Z,0.483,0,200,320x180,1.9196489999999358,,
2025-12-17T06:07:58.495Z,0.514,2,1000,640x360,1.9666760000000068,,
2025-12-17T06:07:59.179Z,0.322,2,1000,640x360,1.9587640000000874,,
2025-12-17T06:07:59.261Z,0.307,1,600,480x270,1.9853620000000092,,
2025-12-17T06:07:59.261Z,0.224,1,600,480x270,1.9846619999999575,,rebuffer happen
2025-12-17T06:07:59.714Z,0.258,1,600,480x270,1.947819000000095,,
2025-12-17T06:07:59.785Z,0.286,0,200,320x180,1.9701900000000023,,
2025-12-17T06:07:59.920Z,0.573,0,200,320x180,1.936399999999935,,
2025-12-17T06:08:00.003Z,0.579,2,1000,640x360,1.94810700000005,,
2025-12-17T06:08:00.582Z,0.412,2,1000,640x360,1.9704280000000836,,
2025-12-17T06:08:00.659Z,0.4,1,600,480x270,2.0014210000000503,,
2025-12-17T06:08:00.772Z,0.258,1,600,480x270,1.9805109999999786,,rebuffer happen
2025-12-17T06:08:01.008Z,0.481,1,600,480x270,1.9493969999999763,,
2025-12-17T06:08:01.082Z,0.488,0,200,320x180,1.9677159999999958,,
2025-12-17T06:08:01.189Z,0.733,0,200,320x180,1.958195000000046,,
2025-12-17T06:08:01.270Z,0.806,2,1000,640x360,1.9832360000000335,,
2025-12-17T06:08:01.825Z,0.686,2,1000,640x360,1.9218620000000328,,
2025-12-17T06:08:01.910Z,0.625,1,600,480x270,1.944641000000047,,
2025-12-17T06:08:02.254Z,0.723,1,600,480x270,1.9805760000000419,,
2025-12-17T06:08:02.331Z,0.73,2,1000,640x360,1.902170999999953,,
2025-12-17T06:08:02.929Z,0.578,2,1000,640x360,1.9207639999999628,,
2025-12-17T06:08:02.999Z,0.496,1,600,480x270,1.9426630000000387,,
2025-12-17T06:08:03.357Z,0.633,1,600,480x270,1.9788670000000366,,
2025-12-17T06:08:03.435Z,0.627,2,1000,640x360,1.9060990000000402,,
2025-12-17T06:08:04.051Z,0.421,2,1000,640x360,1.9911070000000564,,
2025-12-17T06:08:04.126Z,0.439,1,600,480x270,1.9146759999999858,,
2025-12-17T06:08:04.233Z,0.287,1,600,480x270,1.9094159999999647,,rebuffer happen
2025-12-17T06:08:04.535Z,0.457,1,600,480x270,1.9066800000000512,,
2025-12-17T06:08:04.609Z,0.404,0,200,320x180,1.9274160000001075,,
2025-12-17T06:08:04.746Z,0.735,0,200,320x180,1.9909549999999854,,
2025-12-17T06:08:04.824Z,0.719,2,1000,640x360,1.9128589999999122,,
2025-12-17T06:08:05.377Z,0.627,2,1000,640x360,1.9686080000000175,,
2025-12-17T06:08:05.453Z,0.607,1,600,480x270,1.9930990000000293,,
2025-12-17T06:08:05.794Z,0.691,1,600,480x270,1.9495520000000397,,
2025-12-17T06:08:05.873Z,0.646,2,1000,640x360,1.979153999999994,,
2025-12-17T06:08:06.413Z,0.576,2,1000,640x360,1.9329810000000407,,
2025-12-17T06:08:06.486Z,0.548,1,600,480x270,1.9564829999999347,,
2025-12-17T06:08:06.812Z,0.667,1,600,480x270,1.9269769999999653,,
2025-12-17T06:08:06.890Z,0.675,2,1000,640x360,1.9565519999999879,,
2025-12-17T06:08:07.406Z,0.583,2,1000,640x360,1.936631000000034,,
2025-12-17T06:08:07.478Z,0.58,1,600,480x270,1.9797700000000304,,
2025-12-17T06:08:07.792Z,0.701,1,600,480x270,1.951104999999984,,
2025-12-17T06:08:07.867Z,0.7,2,1000,640x360,1.9775520000000597,,
2025-12-17T06:08:08.405Z,0.584,2,1000,640x360,1.9379599999999755,,
2025-12-17T06:08:08.479Z,0.524,1,600,480x270,1.9640090000000328,,
2025-12-17T06:08:08.804Z,0.677,1,600,480x270,1.9514649999999847,,
2025-12-17T06:08:08.875Z,0.643,2,1000,640x360,1.9744799999999714,,
2025-12-17T06:08:09.425Z,0.554,2,1000,640x360,1.9281970000000683,,
2025-12-17T06:08:09.501Z,0.564,1,600,480x270,1.953583999999978,,
2025-12-17T06:08:09.840Z,0.662,1,600,480x270,2.0120510000000422,,
2025-12-17T06:08:09.906Z,0.602,2,1000,640x360,1.944439999999986,,
2025-12-17T06:08:10.457Z,0.527,2,1000,640x360,1.9912580000000162,,
2025-12-17T06:08:10.532Z,0.535,1,600,480x270,1.9153529999999819,,
2025-12-17T06:08:10.869Z,0.598,1,600,480x270,1.980929999999944,,
2025-12-17T06:08:10.937Z,0.619,2,1000,640x360,1.912166999999954,,
2025-12-17T06:08:11.471Z,0.522,2,1000,640x360,1.9786490000000185,,
2025-12-17T06:08:11.547Z,0.507,1,600,480x270,1.904592999999977,,
2025-12-17T06:08:11.880Z,0.602,1,600,480x270,1.9698230000000194,,
2025-12-17T06:08:11.952Z,0.61,2,1000,640x360,1.9907739999999876,,
2025-12-17T06:08:12.505Z,0.501,2,1000,640x360,1.940195000000017,,
2025-12-17T06:08:12.577Z,0.425,1,600,480x270,1.9757929999999533,,
2025-12-17T06:08:12.918Z,0.575,1,600,480x270,1.9204340000000002,,
2025-12-17T06:08:12.996Z,0.569,2,1000,640x360,1.9547649999999521,,
2025-12-17T06:08:13.664Z,0.34,2,1000,640x360,1.9922840000000406,,
2025-12-17T06:08:13.734Z,0.333,1,600,480x270,1.9205570000000307,,
2025-12-17T06:08:13.735Z,0.261,1,600,480x270,1.9198539999999866,,rebuffer happen
2025-12-17T06:08:14.133Z,0.361,1,600,480x270,1.9230310000000372,,
2025-12-17T06:08:14.202Z,0.335,0,200,320x180,1.9492010000000164,,
2025-12-17T06:08:14.203Z,0.291,0,200,320x180,1.948515000000043,,rebuffer happen
2025-12-17T06:08:14.362Z,0.613,0,200,320x180,1.993050999999923,,
2025-12-17T06:08:14.440Z,0.585,2,1000,640x360,1.9169849999999542,,
2025-12-17T06:08:15.054Z,0.454,2,1000,640x360,1.9853259999999864,,
2025-12-17T06:08:15.126Z,0.434,1,600,480x270,1.9118429999999762,,
2025-12-17T06:08:15.212Z,0.274,1,600,480x270,1.9280169999999544,,rebuffer happen
2025-12-17T06:08:15.525Z,0.465,1,600,480x270,1.9197749999999587,,
2025-12-17T06:08:15.606Z,0.468,0,200,320x180,1.9483310000000529,,
2025-12-17T06:08:15.735Z,0.739,0,200,320x180,1.9112890000000107,,
2025-12-17T06:08:15.809Z,0.741,2,1000,640x360,1.9318399999999656,,
2025-12-17T06:08:16.438Z,0.546,2,1000,640x360,2.004169000000047,,
2025-12-17T06:08:16.513Z,0.495,1,600,480x270,1.935320000000047,,
2025-12-17T06:08:16.882Z,0.595,1,600,480x270,1.968904000000066,,
2025-12-17T06:08:16.950Z,0.609,2,1000,640x360,1.9935949999999139,,
2025-12-17T06:08:17.578Z,0.419,2,1000,640x360,1.9892639999999346,,
2025-12-17T06:08:17.654Z,0.404,1,600,480x270,2.001408999999967,,
2025-12-17T06:08:17.857Z,0.243,1,600,480x270,2.0031470000000127,,rebuffer happen
2025-12-17T06:08:18.041Z,0.439,1,600,480x270,2.0138600000000224,,
2025-12-17T06:08:18.106Z,0.458,0,200,320x180,1.9489900000000944,,
2025-12-17T06:08:18.251Z,0.708,0,200,320x180,2.012487999999962,,
2025-12-17T06:08:18.329Z,0.747,2,1000,640x360,1.9349399999999832,,
2025-12-17T06:08:18.928Z,0.587,2,1000,640x360,1.9192990000000236,,
2025-12-17T06:08:19.009Z,0.562,1,600,480x270,1.9442999999999984,,
2025-12-17T06:08:19.383Z,0.595,1,600,480x270,1.9525260000000344,,
2025-12-17T06:08:19.462Z,0.531,2,1000,640x360,1.9910050000000865,,
2025-12-17T06:08:20.070Z,0.445,2,1000,640x360,1.9693389999999908,,
2025-12-17T06:08:20.147Z,0.415,1,600,480x270,1.892608999999993,,
2025-12-17T06:08:20.255Z,0.23,1,600,480x270,1.988917000000015,,rebuffer happen
2025-12-17T06:08:20.492Z,0.493,1,600,480x270,1.9575059999999667,,
2025-12-17T06:08:20.568Z,0.477,0,200,320x180,1.9807290000001103,,
2025-12-17T06:08:20.716Z,0.694,0,200,320x180,1.943224999999984,,
2025-12-17T06:08:20.787Z,0.779,2,1000,640x360,1.9662909999999556,,
2025-12-17T06:08:21.364Z,0.627,2,1000,640x360,1.9772439999999278,,
2025-12-17T06:08:21.441Z,0.619,1,600,480x270,1.9058469999999943,,
2025-12-17T06:08:21.788Z,0.704,1,600,480x270,1.9643960000000789,,
2025-12-17T06:08:21.860Z,0.649,2,1000,640x360,2.0014380000000074,,
2025-12-17T06:08:22.418Z,0.562,2,1000,640x360,1.9189039999999977,,
2025-12-17T06:08:22.482Z,0.568,1,600,480x270,1.9582690000000866,,
2025-12-17T06:08:22.827Z,0.652,1,600,480x270,1.9103589999999713,,
2025-12-17T06:08:22.906Z,0.659,2,1000,640x360,1.942741000000069,,
2025-12-17T06:08:23.464Z,0.516,2,1000,640x360,1.975088000000028,,
2025-12-17T06:08:23.543Z,0.523,1,600,480x270,1.895964000000049,,
2025-12-17T06:08:23.907Z,0.587,1,600,480x270,1.9333649999999807,,
2025-12-17T06:08:23.978Z,0.579,2,1000,640x360,1.9579360000000179,,
2025-12-17T06:08:24.574Z,0.43,2,1000,640x360,1.9748970000000554,,
2025-12-17T06:08:24.652Z,0.423,1,600,480x270,1.9996479999999792,,
2025-12-17T06:08:24.787Z,0.207,1,600,480x270,1.9726150000000189,,rebuffer happen
2025-12-17T06:08:25.013Z,0.456,1,600,480x270,1.9311739999999418,,
2025-12-17T06:08:25.091Z,0.439,0,200,320x180,1.9604409999999461,,
2025-12-17T06:08:25.212Z,0.688,0,200,320x180,1.9328310000000783,,
2025-12-17T06:08:25.280Z,0.775,2,1000,640x360,1.957516999999939,,
2025-12-17T06:08:25.851Z,0.616,2,1000,640x360,1.9992340000000013,,
2025-12-17T06:08:25.923Z,0.646,1,600,480x270,1.92545599999994,,
2025-12-17T06:08:26.258Z,0.71,1,600,480x270,1.9833980000000793,,
2025-12-17T06:08:26.330Z,0.729,2,1000,640x360,1.9093609999999899,,
2025-12-17T06:08:26.861Z,0.648,2,1000,640x360,2.003665999999953,,
2025-12-17T06:08:26.936Z,0.593,1,600,480x270,1.9266440000000102,,
2025-12-17T06:08:27.259Z,0.725,1,600,480x270,1.9855669999999463,,
2025-12-17T06:08:27.328Z,0.733,2,1000,640x360,1.9159899999999652,,
2025-12-17T06:08:27.869Z,0.628,2,1000,640x360,1.974649999999997,,
2025-12-17T06:08:27.936Z,0.623,1,600,480x270,1.9066480000000183,,
2025-12-17T06:08:28.260Z,0.699,1,600,480x270,1.977235999999948,,
2025-12-17T06:08:28.327Z,0.725,2,1000,640x360,1.9087869999999612,,
2025-12-17T06:08:28.870Z,0.625,2,1000,640x360,1.982844,,
2025-12-17T06:08:28.937Z,0.62,1,600,480x270,1.915933999999993,,
2025-12-17T06:08:29.268Z,0.709,1,600,480x270,1.9775130000000445,,
2025-12-17T06:08:29.339Z,0.674,2,1000,640x360,1.9982619999999542,,
2025-12-17T06:08:29.872Z,0.63,2,1000,640x360,1.9809269999999515,,
2025-12-17T06:08:29.948Z,0.624,1,600,480x270,1.9981960000000072,,
2025-12-17T06:08:30.273Z,0.674,1,600,480x270,1.9762529999999288,,
2025-12-17T06:08:30.339Z,0.714,2,1000,640x360,1.9083069999999225,,
2025-12-17T06:08:30.877Z,0.614,2,1000,640x360,1.9632020000000239,,
2025-12-17T06:08:30.946Z,0.583,1,600,480x270,1.8938300000000936,,
2025-12-17T06:08:31.273Z,0.705,1,600,480x270,1.9733549999999696,,
2025-12-17T06:08:31.350Z,0.713,2,1000,640x360,1.9865009999999756,,
2025-12-17T06:08:31.885Z,0.585,2,1000,640x360,1.9561670000000504,,
2025-12-17T06:08:31.960Z,0.602,1,600,480x270,1.9892839999999978,,
2025-12-17T06:08:32.292Z,0.672,1,600,480x270,1.9439730000000282,,
2025-12-17T06:08:32.365Z,0.693,2,1000,640x360,1.97180400000002,,
2025-12-17T06:08:32.936Z,0.554,2,1000,640x360,2.0043380000000752,,
2025-12-17T06:08:33.004Z,0.544,1,600,480x270,1.9355249999999842,,
2025-12-17T06:08:33.321Z,0.648,1,600,480x270,1.920127999999977,,
2025-12-17T06:08:33.411Z,0.663,2,1000,640x360,1.9410360000000537,,
2025-12-17T06:08:33.922Z,0.563,2,1000,640x360,1.936429999999973,,
2025-12-17T06:08:34.002Z,0.571,1,600,480x270,1.9497539999999844,,
2025-12-17T06:08:34.331Z,0.659,1,600,480x270,1.9093639999999823,,
2025-12-17T06:08:34.407Z,0.607,2,1000,640x360,1.9449950000000626,,
2025-12-17T06:08:34.955Z,0.536,2,1000,640x360,1.9969320000000153,,
2025-12-17T06:08:35.028Z,0.544,1,600,480x270,1.9216959999999972,,
2025-12-17T06:08:35.349Z,0.63,1,600,480x270,1.9969360000000052,,
2025-12-17T06:08:35.434Z,0.569,2,1000,640x360,1.9148760000000493,,
2025-12-17T06:08:35.960Z,0.506,2,1000,640x360,1.980340999999953,,
2025-12-17T06:08:36.028Z,0.528,1,600,480x270,1.911929999999984,,
2025-12-17T06:08:36.346Z,0.631,1,600,480x270,1.996644999999944,,
2025-12-17T06:08:36.417Z,0.639,2,1000,640x360,1.9286290000000008,,
2025-12-17T06:08:36.952Z,0.552,2,1000,640x360,1.9887089999999716,,
2025-12-17T06:08:37.030Z,0.472,1,600,480x270,1.910519000000022,,
2025-12-17T06:08:37.348Z,0.606,1,600,480x270,1.9969029999999748,,
2025-12-17T06:08:37.419Z,0.637,2,1000,640x360,1.9287090000000262,,
2025-12-17T06:08:37.929Z,0.555,2,1000,640x360,1.9193089999999984,,
2025-12-17T06:08:38.008Z,0.563,1,600,480x270,1.947565999999938,,
2025-12-17T06:08:38.327Z,0.65,1,600,480x270,1.9178630000000112,,
2025-12-17T06:08:38.411Z,0.648,2,1000,640x360,1.9289639999999508,,
2025-12-17T06:08:38.931Z,0.556,2,1000,640x360,1.9205220000000054,,
2025-12-17T06:08:39.004Z,0.555,1,600,480x270,1.9418510000000424,,
2025-12-17T06:08:39.324Z,0.663,1,600,480x270,1.9141329999999925,,
2025-12-17T06:08:39.407Z,0.591,2,1000,640x360,1.941665999999941,,
2025-12-17T06:08:39.872Z,0.586,2,1000,640x360,1.976097999999979,,
2025-12-17T06:08:39.940Z,0.558,1,600,480x270,1.908317000000011,,
2025-12-17T06:08:40.255Z,0.716,1,600,480x270,1.9810879999999997,,
2025-12-17T06:08:40.328Z,0.73,2,1000,640x360,1.9076370000000225,,
2025-12-17T06:08:40.826Z,0.653,2,1000,640x360,1.9268500000000586,,
2025-12-17T06:08:40.918Z,0.663,1,600,480x270,1.9283389999999372,,
2025-12-17T06:08:41.210Z,0.755,1,600,480x270,1.9316430000000082,,
2025-12-17T06:08:41.277Z,0.731,2,1000,640x360,1.9739210000000185,,
2025-12-17T06:08:41.784Z,0.691,2,1000,640x360,1.9621119999999337,,
2025-12-17T06:08:42.291Z,0.698,2,1000,640x360,1.9598790000000008,,
2025-12-17T06:08:42.792Z,0.676,2,1000,640x360,1.9555259999999635,,
2025-12-17T06:08:43.303Z,0.672,2,1000,640x360,1.9396169999999984,,
2025-12-17T06:08:43.820Z,0.662,2,1000,640x360,1.9304110000000492,,
2025-12-17T06:08:43.895Z,0.644,1,600,480x270,1.9470790000000306,,
2025-12-17T06:08:44.203Z,0.774,1,600,480x270,1.9467630000000327,,
2025-12-17T06:08:44.271Z,0.775,2,1000,640x360,1.9658640000000105,,
2025-12-17T06:08:44.766Z,0.712,2,1000,640x360,1.9802700000000186,,
2025-12-17T06:08:45.284Z,0.71,2,1000,640x360,1.9588820000000169,,
2025-12-17T06:08:45.869Z,0.62,2,1000,640x360,1.9768950000000132,,
2025-12-17T06:08:45.945Z,0.623,1,600,480x270,1.9001030000000583,,
2025-12-17T06:08:46.290Z,0.691,1,600,480x270,1.946429999999964,,
2025-12-17T06:08:46.365Z,0.678,2,1000,640x360,1.9723569999999881,,
2025-12-17T06:08:46.913Z,0.592,2,1000,640x360,1.9347940000000108,,
2025-12-17T06:08:46.989Z,0.583,1,600,480x270,1.956450000000018,,
2025-12-17T06:08:47.342Z,0.625,1,600,480x270,1.9949589999999944,,
2025-12-17T06:08:47.426Z,0.618,2,1000,640x360,1.9139079999999922,,
2025-12-17T06:08:47.992Z,0.49,2,1000,640x360,1.9536739999999782,,
2025-12-17T06:08:48.066Z,0.495,1,600,480x270,1.9867719999999736,,
2025-12-17T06:08:48.406Z,0.573,1,600,480x270,1.9409319999999752,,
2025-12-17T06:08:48.482Z,0.535,2,1000,640x360,1.9617289999999912,,
2025-12-17T06:08:49.085Z,0.411,2,1000,640x360,1.9583390000000236,,
2025-12-17T06:08:49.154Z,0.401,1,600,480x270,1.987231999999949,,
2025-12-17T06:08:49.239Z,0.247,1,600,480x270,2.0004240000000664,,rebuffer happen
2025-12-17T06:08:49.505Z,0.472,1,600,480x270,1.9455140000000029,,
2025-12-17T06:08:49.574Z,0.491,0,200,320x180,1.9834940000000643,,
2025-12-17T06:08:49.690Z,0.8,0,200,320x180,1.9562970000000632,,
2025-12-17T06:08:49.763Z,0.805,2,1000,640x360,1.9970280000000002,,
2025-12-17T06:08:50.339Z,0.637,2,1000,640x360,1.9988139999999248,,
2025-12-17T06:08:50.403Z,0.624,1,600,480x270,1.9363119999999299,,
2025-12-17T06:08:50.741Z,0.759,1,600,480x270,2.0095380000000205,,
2025-12-17T06:08:50.809Z,0.759,2,1000,640x360,1.939520000000016,,
2025-12-17T06:08:51.408Z,0.583,2,1000,640x360,1.9355679999999893,,
2025-12-17T06:08:51.481Z,0.526,1,600,480x270,1.9620060000000876,,
2025-12-17T06:08:51.863Z,0.615,1,600,480x270,1.9814139999999725,,
2025-12-17T06:08:51.932Z,0.595,2,1000,640x360,1.9119699999999966,,
2025-12-17T06:08:52.600Z,0.359,2,1000,640x360,1.9512429999999767,,
2025-12-17T06:08:52.672Z,0.389,1,600,480x270,1.975324999999998,,
2025-12-17T06:08:52.692Z,0.296,1,600,480x270,1.9548300000000154,,rebuffer happen
2025-12-17T06:08:53.106Z,0.387,1,600,480x270,1.9333349999999427,,
2025-12-17T06:08:53.171Z,0.38,0,200,320x180,1.9736460000000307,,
2025-12-17T06:08:53.223Z,0.295,0,200,320x180,1.9216109999999844,,rebuffer happen
2025-12-17T06:08:53.330Z,0.634,0,200,320x180,1.9073020000000724,,
2025-12-17T06:08:53.407Z,0.655,2,1000,640x360,1.9425410000000056,,
2025-12-17T06:08:54.032Z,0.424,2,1000,640x360,1.9071760000000495,,
2025-12-17T06:08:54.106Z,0.426,1,600,480x270,1.9413250000000062,,
2025-12-17T06:08:54.241Z,0.278,1,600,480x270,1.9999579999999924,,rebuffer happen
2025-12-17T06:08:54.478Z,0.506,1,600,480x270,1.9610890000000154,,
2025-12-17T06:08:54.558Z,0.51,0,200,320x180,1.990903000000003,,
2025-12-17T06:08:54.678Z,0.756,0,200,320x180,1.9628760000000511,,
2025-12-17T06:08:54.761Z,0.809,2,1000,640x360,1.9875039999999444,,
2025-12-17T06:08:55.337Z,0.667,2,1000,640x360,1.9988590000000386,,
2025-12-17T06:08:55.416Z,0.629,1,600,480x270,1.9232190000000173,,
2025-12-17T06:08:55.785Z,0.705,1,600,480x270,1.9716959999999517,,
2025-12-17T06:08:55.866Z,0.656,2,1000,640x360,1.9823930000000018,,
2025-12-17T06:08:56.504Z,0.538,2,1000,640x360,1.940050000000042,,
2025-12-17T06:08:56.582Z,0.483,1,600,480x270,1.958507999999938,,
2025-12-17T06:08:56.740Z,0.28,1,600,480x270,2.0011540000000423,,rebuffer happen
2025-12-17T06:08:56.950Z,0.506,1,600,480x270,1.9981699999999591,,
2025-12-17T06:08:57.020Z,0.493,0,200,320x180,1.9278940000000375,,
2025-12-17T06:08:57.143Z,0.755,0,200,320x180,2.000291000000061,,
2025-12-17T06:08:57.220Z,0.777,2,1000,640x360,1.923324999999977,,
2025-12-17T06:08:57.796Z,0.688,2,1000,640x360,1.949028999999996,,
2025-12-17T06:08:57.876Z,0.694,1,600,480x270,1.9773330000000442,,
2025-12-17T06:08:58.238Z,0.729,1,600,480x270,1.9999569999999949,,
2025-12-17T06:08:58.311Z,0.701,2,1000,640x360,1.9260369999999511,,
2025-12-17T06:08:58.840Z,0.649,2,1000,640x360,1.9979560000000447,,
2025-12-17T06:08:58.914Z,0.647,1,600,480x270,1.9235899999999901,,
2025-12-17T06:08:59.226Z,0.76,1,600,480x270,1.9106580000000122,,
2025-12-17T06:08:59.302Z,0.76,2,1000,640x360,1.9433119999999917,,
2025-12-17T06:08:59.805Z,0.705,2,1000,640x360,1.9500560000000178,,
2025-12-17T06:08:59.882Z,0.623,1,600,480x270,1.9622679999999946,,
2025-12-17T06:09:00.193Z,0.785,1,600,480x270,1.9536229999999932,,
2025-12-17T06:09:00.271Z,0.744,2,1000,640x360,1.9711529999999584,,
2025-12-17T06:09:00.773Z,0.727,2,1000,640x360,1.9666030000000774,,
2025-12-17T06:09:01.285Z,0.703,2,1000,640x360,1.9643770000000131,,
2025-12-17T06:09:01.356Z,0.67,1,600,480x270,1.9810039999999844,,
2025-12-17T06:09:01.667Z,0.816,1,600,480x270,1.978970000000004,,
2025-12-17T06:09:01.746Z,0.769,2,1000,640x360,1.8995449999999892,,
2025-12-17T06:09:02.272Z,0.692,2,1000,640x360,1.9729820000000018,,
2025-12-17T06:09:02.798Z,0.675,2,1000,640x360,1.9561089999999695,,
2025-12-17T06:09:03.312Z,0.677,2,1000,640x360,1.9338810000000421,,
2025-12-17T06:09:03.382Z,0.662,1,600,480x270,1.9546349999999393,,
2025-12-17T06:09:03.701Z,0.783,1,600,480x270,1.943426000000045,,
2025-12-17T06:09:03.775Z,0.79,2,1000,640x360,1.977800000000002,,
2025-12-17T06:09:04.287Z,0.701,2,1000,640x360,1.9497779999999238,,
2025-12-17T06:09:04.814Z,0.662,2,1000,640x360,1.9280860000000075,,
2025-12-17T06:09:04.884Z,0.671,1,600,480x270,1.9568930000000364,,
2025-12-17T06:09:05.208Z,0.767,1,600,480x270,1.93105300000002,,
2025-12-17T06:09:05.274Z,0.777,2,1000,640x360,1.9685289999999895,,
2025-12-17T06:09:05.782Z,0.708,2,1000,640x360,1.957681999999977,,
2025-12-17T06:09:06.285Z,0.703,2,1000,640x360,1.9627340000000686,,
2025-12-17T06:09:06.791Z,0.676,2,1000,640x360,1.9582979999998997,,
2025-12-17T06:09:07.285Z,0.69,2,1000,640x360,1.9543499999999767,,
2025-12-17T06:09:07.867Z,0.619,2,1000,640x360,1.9790380000000596,,
2025-12-17T06:09:07.945Z,0.624,1,600,480x270,1.8993770000000723,,
2025-12-17T06:09:08.254Z,0.72,1,600,480x270,1.9822379999999384,,
2025-12-17T06:09:08.334Z,0.731,2,1000,640x360,1.9015489999999318,,
2025-12-17T06:09:08.836Z,0.665,2,1000,640x360,1.92196899999999,,
2025-12-17T06:09:08.912Z,0.596,1,600,480x270,1.9359009999999444,,
2025-12-17T06:09:09.223Z,0.756,1,600,480x270,1.930558000000019,,
2025-12-17T06:09:09.304Z,0.765,2,1000,640x360,1.9428279999999631,,
2025-12-17T06:09:09.817Z,0.662,2,1000,640x360,1.9306709999999612,,
2025-12-17T06:09:09.898Z,0.671,1,600,480x270,1.9425119999999652,,
2025-12-17T06:09:10.203Z,0.772,1,600,480x270,1.9333120000000008,,
2025-12-17T06:09:10.275Z,0.754,2,1000,640x360,1.97061599999995,,
2025-12-17T06:09:10.778Z,0.698,2,1000,640x360,1.963895999999977,,
2025-12-17T06:09:11.355Z,0.657,2,1000,640x360,1.9883669999999256,,
2025-12-17T06:09:11.434Z,0.63,1,600,480x270,1.9145599999999376,,
2025-12-17T06:09:11.754Z,0.74,1,600,480x270,1.995636999999988,,
2025-12-17T06:09:11.826Z,0.739,2,1000,640x360,1.9219699999999875,,
2025-12-17T06:09:12.338Z,0.656,2,1000,640x360,1.9997710000000097,,
2025-12-17T06:09:12.403Z,0.625,1,600,480x270,1.9366169999999556,,
2025-12-17T06:09:12.772Z,0.707,1,600,480x270,1.990079000000037,,
2025-12-17T06:09:12.839Z,0.726,2,1000,640x360,1.9223250000000007,,
2025-12-17T06:09:13.427Z,0.543,2,1000,640x360,1.9180979999999863,,
2025-12-17T06:09:13.492Z,0.562,1,600,480x270,1.960884999999962,,
2025-12-17T06:09:13.862Z,0.605,1,600,480x270,1.9833189999999377,,
2025-12-17T06:09:13.934Z,0.626,2,1000,640x360,1.9108929999999873,,
2025-12-17T06:09:14.538Z,0.471,2,1000,640x360,2.001516000000038,,
2025-12-17T06:09:14.615Z,0.45,1,600,480x270,1.924256000000014,,
2025-12-17T06:09:14.745Z,0.242,1,600,480x270,2.000911999999971,,rebuffer happen
2025-12-17T06:09:14.990Z,0.477,1,600,480x270,1.9588109999999688,,
2025-12-17T06:09:15.068Z,0.483,0,200,320x180,1.9741500000000087,,
2025-12-17T06:09:15.192Z,0.709,0,200,320x180,1.9602649999999358,,
2025-12-17T06:09:15.272Z,0.794,2,1000,640x360,1.9728630000000749,,
2025-12-17T06:09:15.865Z,0.608,2,1000,640x360,1.9777950000000146,,
2025-12-17T06:09:15.943Z,0.627,1,600,480x270,1.8987019999999575,,
2025-12-17T06:09:16.305Z,0.676,1,600,480x270,1.9320699999999533,,
2025-12-17T06:09:16.379Z,0.653,2,1000,640x360,1.9569500000000062,,
2025-12-17T06:09:16.954Z,0.537,2,1000,640x360,1.9917480000000296,,
2025-12-17T06:09:17.034Z,0.541,1,600,480x270,1.9099959999999783,,
2025-12-17T06:09:17.390Z,0.59,1,600,480x270,1.9470629999999574,,
2025-12-17T06:09:17.470Z,0.591,2,1000,640x360,1.9734419999999773,,
2025-12-17T06:09:18.052Z,0.434,2,1000,640x360,1.9849420000000464,,
2025-12-17T06:09:18.125Z,0.433,1,600,480x270,1.911608000000001,,
2025-12-17T06:09:18.192Z,0.294,1,600,480x270,1.9523080000000164,,rebuffer happen
2025-12-17T06:09:18.457Z,0.513,1,600,480x270,1.9922209999999723,,
2025-12-17T06:09:18.532Z,0.535,0,200,320x180,1.9160100000000284,,
2025-12-17T06:09:18.644Z,0.792,0,200,320x180,2.005343000000039,,
2025-12-17T06:09:18.719Z,0.846,2,1000,640x360,1.9295469999999568,,
2025-12-17T06:09:19.245Z,0.744,2,1000,640x360,1.9933010000000877,,
2025-12-17T06:09:19.770Z,0.721,2,1000,640x360,1.9819740000000365,,
2025-12-17T06:09:19.840Z,0.687,1,600,480x270,1.912305999999944,,
2025-12-17T06:09:20.153Z,0.812,1,600,480x270,1.987908999999945,,
2025-12-17T06:09:20.230Z,0.826,2,1000,640x360,1.910351999999989,,
2025-12-17T06:09:20.750Z,0.737,2,1000,640x360,2.009498000000008,,
2025-12-17T06:09:21.265Z,0.714,2,1000,640x360,1.9765290000000277,,
2025-12-17T06:09:21.340Z,0.721,1,600,480x270,1.899575000000027,,
2025-12-17T06:09:21.647Z,0.807,1,600,480x270,1.9891549999999825,,
2025-12-17T06:09:21.717Z,0.838,2,1000,640x360,1.9192069999999148,,
2025-12-17T06:09:22.181Z,0.795,2,1000,640x360,1.9610950000000003,,
2025-12-17T06:09:22.644Z,0.851,2,1000,640x360,1.9989960000000337,,
2025-12-17T06:09:23.048Z,0.943,2,1000,640x360,1.998440999999957,,
2025-12-17T06:09:23.545Z,0.956,2,1000,640x360,2.004538000000025,,
2025-12-17T06:09:24.026Z,0.965,2,1000,640x360,1.9157950000000028,,
2025-12-17T06:09:24.520Z,0.966,2,1000,640x360,1.9395949999999402,,
2025-12-17T06:09:25.021Z,0.966,2,1000,640x360,1.9217660000000478,,
2025-12-17T06:09:25.490Z,0.998,2,1000,640x360,1.9683049999999866,,
2025-12-17T06:09:25.730Z,1.159,2,1000,640x360,1.9281949999999597,,
2025-12-17T06:09:25.923Z,1.527,2,1000,640x360,1.945112999999992,,
2025-12-17T06:09:26.118Z,1.839,2,1000,640x360,1.9278380000000652,,
2025-12-17T06:09:26.441Z,2.036,2,1000,640x360,2.0107770000000755,,
2025-12-17T06:09:26.830Z,2.161,2,1000,640x360,1.916511000000014,,
2025-12-17T06:09:27.361Z,2.104,2,1000,640x360,1.985461999999984,,
2025-12-17T06:09:27.842Z,2.122,2,1000,640x360,2.000718000000006,,
2025-12-17T06:09:28.429Z,2.039,2,1000,640x360,1.9126619999999548,,
2025-12-17T06:09:28.878Z,2.095,2,1000,640x360,1.97018700000001,,
2025-12-17T06:09:29.395Z,2.132,2,1000,640x360,1.9417760000000044,,
2025-12-17T06:09:29.898Z,2.079,2,1000,640x360,1.9545040000000427,,
2025-12-17T06:09:30.393Z,2.124,2,1000,640x360,1.9469729999999572,,
2025-12-17T06:09:30.844Z,2.14,2,1000,640x360,2.0031110000001036,,
2025-12-17T06:09:31.376Z,2.138,2,1000,640x360,1.972217999999998,,
2025-12-17T06:09:31.864Z,2.155,2,1000,640x360,1.98733900000002,,
2025-12-17T06:09:32.435Z,2.032,2,1000,640x360,1.9117300000000341,,
2025-12-17T06:09:32.860Z,2.131,2,1000,640x360,1.9814679999999498,,
2025-12-17T06:09:33.795Z,1.738,2,1000,640x360,1.9558620000000246,,
2025-12-17T06:09:34.432Z,1.545,2,1000,640x360,1.9104300000000194,,
2025-12-17T06:09:34.896Z,1.603,2,1000,640x360,1.9521479999999656,,
2025-12-17T06:09:35.375Z,1.611,2,1000,640x360,1.9666320000000042,,
2025-12-17T06:09:35.899Z,1.614,2,1000,640x360,1.9472789999999804,,
2025-12-17T06:09:36.399Z,1.61,2,1000,640x360,1.94376299999999,,
2025-12-17T06:09:36.883Z,1.599,2,1000,640x360,1.9594690000000128,,
2025-12-17T06:09:37.424Z,1.58,2,1000,640x360,1.9212609999999586,,
2025-12-17T06:09:37.986Z,1.48,2,1000,640x360,1.973696000000018,,
2025-12-17T06:09:38.476Z,1.515,2,1000,640x360,1.961432000000059,,
2025-12-17T06:09:38.995Z,1.496,2,1000,640x360,1.941787999999974,,
2025-12-17T06:09:39.542Z,1.457,2,1000,640x360,2.0030669999999873,,
2025-12-17T06:09:40.053Z,1.43,2,1000,640x360,1.9930489999999281,,
2025-12-17T06:09:41.063Z,0.912,2,1000,640x360,1.9826699999999846,,
2025-12-17T06:09:41.722Z,0.798,2,1000,640x360,1.9292800000000625,,
2025-12-17T06:09:42.440Z,0.55,2,1000,640x360,2.001021000000037,,
2025-12-17T06:09:42.511Z,0.549,1,600,480x270,1.937546999999995,,
2025-12-17T06:09:42.852Z,0.645,1,600,480x270,2.01112599999999,,
2025-12-17T06:09:42.934Z,0.595,2,1000,640x360,1.926021999999989,,
2025-12-17T06:09:43.512Z,0.504,2,1000,640x360,1.9390240000000176,,
2025-12-17T06:09:43.577Z,0.483,1,600,480x270,1.982578999999987,,
2025-12-17T06:09:43.906Z,0.564,1,600,480x270,1.934617000000003,,
2025-12-17T06:09:43.984Z,0.533,2,1000,640x360,1.9596780000000535,,
2025-12-17T06:09:44.631Z,0.372,2,1000,640x360,1.9242229999999836,,
2025-12-17T06:09:44.699Z,0.36,1,600,480x270,1.9496990000000096,,
2025-12-17T06:09:44.700Z,0.291,1,600,480x270,1.9489839999999958,,rebuffer happen
2025-12-17T06:09:45.109Z,0.393,1,600,480x270,1.943730999999957,,
2025-12-17T06:09:45.186Z,0.381,0,200,320x180,1.962582999999995,,
2025-12-17T06:09:45.336Z,0.618,0,200,320x180,1.9065879999999424,,
2025-12-17T06:09:45.418Z,0.655,2,1000,640x360,1.925369000000046,,
2025-12-17T06:09:46.050Z,0.473,2,1000,640x360,1.9962290000000849,,
2025-12-17T06:09:46.132Z,0.404,1,600,480x270,1.9118930000000773,,
2025-12-17T06:09:46.536Z,0.472,1,600,480x270,1.9290119999999433,,
2025-12-17T06:09:46.616Z,0.465,0,200,320x180,1.945318000000043,,
2025-12-17T06:09:46.766Z,0.737,0,200,320x180,1.9914110000000846,,
2025-12-17T06:09:46.833Z,0.739,2,1000,640x360,1.922804000000042,,
2025-12-17T06:09:47.492Z,0.525,2,1000,640x360,1.9493350000000191,,
2025-12-17T06:09:47.570Z,0.498,1,600,480x270,1.9756760000000213,,
2025-12-17T06:09:47.963Z,0.505,1,600,480x270,1.986558999999943,,
2025-12-17T06:09:48.038Z,0.523,0,200,320x180,1.911375000000021,,
2025-12-17T06:09:48.187Z,0.762,0,200,320x180,1.9632279999999582,,
2025-12-17T06:09:48.256Z,0.773,2,1000,640x360,1.9888610000000426,,
2025-12-17T06:09:48.887Z,0.587,2,1000,640x360,1.956136000000015,,
2025-12-17T06:09:48.960Z,0.602,1,600,480x270,1.992935999999986,,
2025-12-17T06:09:49.336Z,0.632,1,600,480x270,1.9013289999999188,,
2025-12-17T06:09:49.414Z,0.649,2,1000,640x360,1.9246560000000272,,
2025-12-17T06:09:50.029Z,0.466,2,1000,640x360,1.9169370000000754,,
2025-12-17T06:09:50.099Z,0.419,1,600,480x270,1.943465999999944,,
2025-12-17T06:09:50.309Z,0.58,1,600,480x270,1.932596999999987,,
2025-12-17T06:09:50.393Z,0.651,2,1000,640x360,1.9429750000000467,,
2025-12-17T06:09:50.469Z,0.592,2,1000,640x360,1.9751079999999774,,
2025-12-17T06:09:50.549Z,0.623,1,600,480x270,1.9033299999999826,,
2025-12-17T06:09:50.895Z,0.206,1,600,480x270,1.9662080000000515,,rebuffer happen
2025-12-17T06:09:51.064Z,0.032,1,600,480x270,1.9946740000000318,,rebuffer happen
2025-12-17T06:09:52.534Z,0.032,1,600,480x270,3.39167400000008,,