timestamp,bufferLevel,qualityIndex,bitrateKbps,resolution,liveLatency,predictedKbps,rebuffer
2025-12-17T09:22:36.612Z,0,2,1000,640x360,1.406,,
2025-12-17T09:22:36.619Z,0,2,1000,640x360,1.406,,rebuffer happen
2025-12-17T09:22:36.646Z,0.1,2,1000,640x360,1.405214,,rebuffer happen
2025-12-17T09:22:36.765Z,0.026,2,1000,640x360,1.496421,,rebuffer happen
2025-12-17T09:22:37.054Z,0.124,2,1000,640x360,1.52813,,
2025-12-17T09:22:37.126Z,0.128,0,200,320x180,1.555664,NaN,
2025-12-17T09:22:37.168Z,0.048,0,200,320x180,1.514832,NaN,rebuffer happen
2025-12-17T09:22:37.397Z,0.048,0,200,320x180,1.4998930000000001,NaN,
2025-12-17T09:22:37.406Z,0.5,0,200,320x180,1.7778930000000002,NaN,rebuffer happen
2025-12-17T09:22:37.683Z,0.839,0,200,320x180,1.569172,NaN,
2025-12-17T09:22:37.799Z,1.163,0,200,320x180,1.786108,NaN,
2025-12-17T09:22:37.930Z,1.515,0,200,320x180,1.871382,NaN,
2025-12-17T09:22:38.068Z,1.928,0,200,320x180,1.851037,NaN,
2025-12-17T09:22:38.362Z,2.17,0,200,320x180,1.8979510000000002,NaN,
2025-12-17T09:22:38.884Z,2.195,0,200,320x180,1.91571,NaN,
2025-12-17T09:22:39.381Z,2.244,0,200,320x180,1.9330040000000004,NaN,
2025-12-17T09:22:40.178Z,1.923,0,200,320x180,1.9408799999999995,NaN,
2025-12-17T09:22:40.410Z,2.156,0,200,320x180,1.9180399999999995,NaN,
2025-12-17T09:22:40.532Z,2.208,2,1000,640x360,1.9898790000000002,NaN,
2025-12-17T09:22:41.242Z,1.889,2,1000,640x360,1.9824079999999995,NaN,
2025-12-17T09:22:41.843Z,1.797,2,1000,640x360,1.997433,NaN,
2025-12-17T09:22:42.408Z,1.715,2,1000,640x360,1.9161079999999995,NaN,
2025-12-17T09:22:42.946Z,1.681,2,1000,640x360,1.991339,NaN,
2025-12-17T09:22:43.466Z,1.66,2,1000,640x360,1.9557230000000008,NaN,
2025-12-17T09:22:44.007Z,1.629,2,1000,640x360,1.9136270000000009,NaN,
2025-12-17T09:22:44.514Z,1.607,2,1000,640x360,1.9059300000000006,NaN,
2025-12-17T09:22:45.034Z,1.579,2,1000,640x360,1.9902350000000002,NaN,
2025-12-17T09:22:45.553Z,1.581,2,1000,640x360,1.9798369999999998,NaN,
2025-12-17T09:22:46.085Z,1.548,2,1000,640x360,1.945608,NaN,
2025-12-17T09:22:46.597Z,1.544,2,1000,640x360,1.9375680000000006,NaN,
2025-12-17T09:22:47.134Z,1.511,2,1000,640x360,2.009596,NaN,
2025-12-17T09:22:47.659Z,1.466,2,1000,640x360,1.9643840000000008,NaN,
2025-12-17T09:22:48.166Z,1.458,2,1000,640x360,1.9643270000000008,NaN,
2025-12-17T09:22:48.685Z,1.433,2,1000,640x360,1.9408779999999997,NaN,
2025-12-17T09:22:49.226Z,1.386,2,1000,640x360,2.001303,NaN,
2025-12-17T09:22:49.914Z,1.198,2,1000,640x360,1.9135339999999985,NaN,
2025-12-17T09:22:50.639Z,1.022,2,1000,640x360,2.000033,NaN,
2025-12-17T09:22:50.717Z,0.933,1,600,480x270,1.928393999999999,NaN,
2025-12-17T09:22:51.182Z,0.929,1,600,480x270,1.9513639999999999,NaN,
2025-12-17T09:22:51.645Z,0.978,1,600,480x270,1.9858329999999995,NaN,
2025-12-17T09:22:52.155Z,0.949,1,600,480x270,1.9681940000000004,NaN,
2025-12-17T09:22:52.671Z,0.954,1,600,480x270,1.9559090000000001,1148,
2025-12-17T09:22:53.062Z,1.061,1,600,480x270,1.9585700000000017,1110,
2025-12-17T09:22:53.517Z,1.103,1,600,480x270,1.9139890000000008,1087,
2025-12-17T09:22:53.967Z,1.161,1,600,480x270,1.9675940000000018,1087,
2025-12-17T09:22:54.421Z,1.175,1,600,480x270,1.9996469999999995,1055,
2025-12-17T09:22:54.504Z,1.192,2,1000,640x360,1.9162299999999988,1062,
2025-12-17T09:22:55.222Z,0.87,2,1000,640x360,2.004179999999998,1062,
2025-12-17T09:22:55.975Z,0.663,2,1000,640x360,1.949309999999997,1062,
2025-12-17T09:22:56.727Z,0.414,2,1000,640x360,2.002585,1015,
2025-12-17T09:22:56.825Z,0.298,2,1000,640x360,1.9047149999999995,1006,rebuffer happen
2025-12-17T09:22:57.340Z,0.252,2,1000,640x360,1.986032999999999,1006,
2025-12-17T09:22:57.599Z,0.299,2,1000,640x360,1.9397449999999985,1037,rebuffer happen
2025-12-17T09:22:57.732Z,0.401,2,1000,640x360,1.997752000000002,1037,
2025-12-17T09:22:57.870Z,0.258,2,1000,640x360,1.960964999999998,1052,rebuffer happen
2025-12-17T09:22:58.063Z,0.54,2,1000,640x360,1.9670350000000028,1052,
2025-12-17T09:22:58.130Z,0.527,1,600,480x270,1.994223999999999,1063,
2025-12-17T09:22:58.412Z,0.687,1,600,480x270,1.9089290000000005,1063,
2025-12-17T09:22:58.747Z,0.89,1,600,480x270,1.996687999999999,1063,
2025-12-17T09:22:59.045Z,1.074,1,600,480x270,1.982758999999998,1092,
2025-12-17T09:22:59.319Z,1.294,1,600,480x270,1.904783000000002,1092,
2025-12-17T09:22:59.597Z,1.517,1,600,480x270,1.9287949999999974,1139,
2025-12-17T09:22:59.981Z,1.62,1,600,480x270,1.9405959999999993,1136,
2025-12-17T09:23:00.449Z,1.662,1,600,480x270,1.9753839999999983,1136,
2025-12-17T09:23:00.817Z,1.794,1,600,480x270,1.9054800000000007,1149,
2025-12-17T09:23:01.056Z,2.036,1,600,480x270,1.9644139999999979,1154,
2025-12-17T09:23:01.406Z,2.193,1,600,480x270,1.9216219999999993,1160,
2025-12-17T09:23:01.545Z,2.213,2,1000,640x360,1.992249000000001,1160,
2025-12-17T09:23:02.088Z,2.013,2,1000,640x360,1.9410799999999995,1155,
2025-12-17T09:23:03.270Z,1.415,2,1000,640x360,1.955362000000001,1174,
2025-12-17T09:23:03.999Z,1.105,2,1000,640x360,1.9212060000000015,1188,
2025-12-17T09:23:04.653Z,0.965,2,1000,640x360,1.9699360000000006,1197,
2025-12-17T09:23:05.301Z,0.816,2,1000,640x360,1.9272890000000018,1246,
2025-12-17T09:23:05.382Z,0.767,1,600,480x270,1.9388950000000023,1229,
2025-12-17T09:23:05.747Z,0.811,1,600,480x270,1.9778470000000006,1229,
2025-12-17T09:23:06.139Z,0.959,1,600,480x270,1.9817559999999972,1219,
2025-12-17T09:23:06.560Z,1.072,1,600,480x270,1.9727010000000007,1207,
2025-12-17T09:23:06.951Z,1.157,1,600,480x270,1.9888569999999994,1201,
2025-12-17T09:23:07.349Z,1.27,1,600,480x270,1.9720339999999972,1201,
2025-12-17T09:23:07.753Z,1.352,1,600,480x270,1.9855720000000012,1189,
2025-12-17T09:23:08.157Z,1.435,1,600,480x270,1.971752999999996,1192,
2025-12-17T09:23:08.599Z,1.547,1,600,480x270,1.9266809999999985,1193,
2025-12-17T09:23:08.982Z,1.621,1,600,480x270,1.9381959999999978,1183,
2025-12-17T09:23:09.057Z,1.597,2,1000,640x360,1.9676510000000036,1183,
2025-12-17T09:23:09.678Z,1.451,2,1000,640x360,1.9499440000000021,1183,
2025-12-17T09:23:10.205Z,1.422,2,1000,640x360,1.9168080000000032,1170,
2025-12-17T09:23:10.735Z,1.399,2,1000,640x360,1.9980389999999986,1179,
2025-12-17T09:23:11.265Z,1.361,2,1000,640x360,1.9653469999999942,1196,
2025-12-17T09:23:11.792Z,1.334,2,1000,640x360,1.9307069999999982,1201,
2025-12-17T09:23:12.324Z,1.3,2,1000,640x360,2.000427000000002,1243,
2025-12-17T09:23:12.853Z,1.279,2,1000,640x360,1.9830480000000037,1241,
2025-12-17T09:23:13.383Z,1.217,2,1000,640x360,1.9402789999999968,1288,
2025-12-17T09:23:13.922Z,1.215,2,1000,640x360,2.000505000000004,1294,
2025-12-17T09:23:14.444Z,1.178,2,1000,640x360,1.9770479999999964,1297,
2025-12-17T09:23:14.974Z,1.154,2,1000,640x360,1.964178000000004,1288,
2025-12-17T09:23:15.507Z,1.115,2,1000,640x360,1.9131089999999986,1285,
2025-12-17T09:23:16.085Z,1.027,2,1000,640x360,1.9411040000000028,1281,
2025-12-17T09:23:16.599Z,1.044,2,1000,640x360,1.9334150000000037,1289,
2025-12-17T09:23:17.336Z,0.753,2,1000,640x360,1.9985709999999983,1282,
2025-12-17T09:23:17.411Z,0.784,1,600,480x270,1.9229020000000006,1258,
2025-12-17T09:23:17.870Z,0.767,1,600,480x270,1.9627559999999988,1258,
2025-12-17T09:23:18.347Z,0.771,1,600,480x270,1.9748829999999984,1243,
2025-12-17T09:23:18.826Z,0.788,1,600,480x270,2.005288,1210,
2025-12-17T09:23:19.305Z,0.818,1,600,480x270,1.9190620000000038,1267,
2025-12-17T09:23:19.771Z,0.832,1,600,480x270,1.9622000000000028,1240,
2025-12-17T09:23:20.244Z,0.883,1,600,480x270,1.9811849999999964,1176,
2025-12-17T09:23:20.720Z,0.874,1,600,480x270,2.0053370000000044,1136,
2025-12-17T09:23:21.208Z,0.898,1,600,480x270,1.9127620000000007,1093,
2025-12-17T09:23:21.691Z,0.902,1,600,480x270,1.9318200000000019,1076,
2025-12-17T09:23:22.157Z,0.965,1,600,480x270,1.9629699999999985,1026,
2025-12-17T09:23:22.596Z,0.991,1,600,480x270,1.9328430000000054,1111,
2025-12-17T09:23:22.676Z,1.028,2,1000,640x360,1.9491289999999992,1098,
2025-12-17T09:23:23.298Z,0.845,2,1000,640x360,1.927303000000002,1098,
2025-12-17T09:23:23.911Z,0.699,2,1000,640x360,1.928481000000005,1113,
2025-12-17T09:23:24.538Z,0.605,2,1000,640x360,1.9986510000000024,1230,
2025-12-17T09:23:25.147Z,0.483,2,1000,640x360,1.9831649999999996,1196,
2025-12-17T09:23:25.765Z,0.393,2,1000,640x360,1.9707989999999995,1216,
2025-12-17T09:23:25.995Z,0.202,2,1000,640x360,1.940449000000001,1182,rebuffer happen
2025-12-17T09:23:26.357Z,0.267,2,1000,640x360,1.981697000000004,1182,
2025-12-17T09:23:26.436Z,0.225,1,600,480x270,1.9949860000000044,1140,
2025-12-17T09:23:26.605Z,0.031,1,600,480x270,1.9325270000000003,1140,rebuffer happen
2025-12-17T09:23:26.801Z,0.353,1,600,480x270,1.9596850000000003,1140,
2025-12-17T09:23:26.863Z,0.292,1,600,480x270,1.9916920000000005,1123,rebuffer happen
2025-12-17T09:23:27.169Z,0.468,1,600,480x270,1.979532000000006,1123,
2025-12-17T09:23:27.538Z,0.595,1,600,480x270,1.9918200000000041,1087,
2025-12-17T09:23:27.933Z,0.688,1,600,480x270,1.9933499999999995,1087,
2025-12-17T09:23:28.331Z,0.784,1,600,480x270,1.9961619999999982,1091,
2025-12-17T09:23:28.755Z,0.866,1,600,480x270,1.9708880000000022,1107,
2025-12-17T09:23:29.103Z,1.015,1,600,480x270,1.9320499999999967,1106,
2025-12-17T09:23:29.461Z,1.14,1,600,480x270,1.9619,1195,
2025-12-17T09:23:29.841Z,1.275,1,600,480x270,1.987999000000002,1195,
2025-12-17T09:23:29.918Z,1.279,2,1000,640x360,1.9110960000000006,1145,
2025-12-17T09:23:30.651Z,0.999,2,1000,640x360,1.9824160000000006,1145,
2025-12-17T09:23:31.441Z,0.699,2,1000,640x360,1.9796740000000028,1111,
2025-12-17T09:23:32.243Z,0.41,2,1000,640x360,1.9831159999999954,1005,
2025-12-17T09:23:32.443Z,0.177,2,1000,640x360,1.9847460000000012,947,rebuffer happen
2025-12-17T09:23:33.017Z,0.094,2,1000,640x360,1.9251569999999987,947,
2025-12-17T09:23:33.110Z,0.023,2,1000,640x360,1.9240550000000027,1056,rebuffer happen
2025-12-17T09:23:33.411Z,0.033,2,1000,640x360,2.139726000000003,1056,rebuffer happen
2025-12-17T09:23:33.781Z,0.136,2,1000,640x360,2.2328660000000013,1056,
2025-12-17T09:23:33.856Z,0.133,0,200,320x180,2.2658479999999983,1023,
2025-12-17T09:23:33.894Z,0.02,0,200,320x180,2.2278299999999973,1023,rebuffer happen
2025-12-17T09:23:34.051Z,0.43,0,200,320x180,2.3257270000000005,1023,
2025-12-17T09:23:34.200Z,0.721,0,200,320x180,2.238888000000003,1023,
2025-12-17T09:23:34.389Z,0.964,0,200,320x180,2.1869569999999996,1012,
2025-12-17T09:23:34.561Z,1.268,0,200,320x180,2.185894999999995,1012,
2025-12-17T09:23:34.729Z,1.612,0,200,320x180,2.2317950000000053,1022,
2025-12-17T09:23:34.896Z,1.87,0,200,320x180,2.117764000000001,1022,
2025-12-17T09:23:35.067Z,2.16,0,200,320x180,2.1129820000000024,1022,
2025-12-17T09:23:35.364Z,2.391,0,200,320x180,2.058752999999996,1036,
2025-12-17T09:23:35.822Z,2.349,0,200,320x180,2.058955999999995,1049,
2025-12-17T09:23:36.338Z,2.298,0,200,320x180,2.0143440000000012,1041,
2025-12-17T09:23:36.839Z,2.241,0,200,320x180,2.0041689999999974,1021,
2025-12-17T09:23:37.368Z,2.23,0,200,320x180,1.9583660000000052,1011,
2025-12-17T09:23:37.447Z,2.252,2,1000,640x360,1.9729859999999988,1011,
2025-12-17T09:23:38.444Z,1.672,2,1000,640x360,1.9854580000000013,1016,
2025-12-17T09:23:39.183Z,1.427,2,1000,640x360,1.9525800000000046,1014,
2025-12-17T09:23:39.955Z,1.151,2,1000,640x360,1.9660790000000006,1019,
2025-12-17T09:23:40.719Z,0.925,2,1000,640x360,2.0035120000000006,1001,
2025-12-17T09:23:41.556Z,0.593,2,1000,640x360,1.9786940000000044,992,
2025-12-17T09:23:41.635Z,0.523,1,600,480x270,1.999914000000004,985,
2025-12-17T09:23:41.872Z,0.256,1,600,480x270,1.9616129999999998,985,rebuffer happen
2025-12-17T09:23:42.053Z,0.205,1,600,480x270,1.978069000000005,985,rebuffer happen
2025-12-17T09:23:42.349Z,0.26,1,600,480x270,1.9752909999999986,985,
2025-12-17T09:23:42.619Z,0.018,1,600,480x270,1.919089999999997,969,rebuffer happen
2025-12-17T09:23:42.927Z,0.257,1,600,480x270,2.0581490000000002,969,
2025-12-17T09:23:43.152Z,0.03,1,600,480x270,2.035420000000002,962,rebuffer happen
2025-12-17T09:23:43.387Z,0.34,1,600,480x270,2.0678350000000023,962,
2025-12-17T09:23:43.545Z,0.201,1,600,480x270,2.100584000000012,961,rebuffer happen
2025-12-17T09:23:43.744Z,0.467,1,600,480x270,2.0713599999999985,961,
2025-12-17T09:23:43.920Z,0.274,1,600,480x270,2.0737689999999986,974,rebuffer happen
2025-12-17T09:23:44.178Z,0.504,1,600,480x270,2.0166750000000064,974,
2025-12-17T09:23:44.532Z,0.628,1,600,480x270,2.0458009999999973,971,
2025-12-17T09:23:45.037Z,0.595,1,600,480x270,2.0236990000000077,971,
2025-12-17T09:23:45.358Z,0.762,1,600,480x270,1.9822819999999979,992,
2025-12-17T09:23:45.665Z,0.966,1,600,480x270,1.9830979999999983,989,
2025-12-17T09:23:45.967Z,1.155,1,600,480x270,1.9703870000000023,992,
2025-12-17T09:23:46.273Z,1.34,1,600,480x270,1.950133000000008,992,
2025-12-17T09:23:46.611Z,1.509,1,600,480x270,1.932937999999993,1025,
2025-12-17T09:23:46.686Z,1.519,2,1000,640x360,1.9521230000000003,1043,
2025-12-17T09:23:47.225Z,1.386,2,1000,640x360,1.9960379999999986,1043,
2025-12-17T09:23:47.761Z,1.356,2,1000,640x360,1.9657310000000052,1062,
2025-12-17T09:23:48.207Z,1.393,2,1000,640x360,1.9137020000000007,1063,
2025-12-17T09:23:48.764Z,1.371,2,1000,640x360,1.9742420000000038,1095,
2025-12-17T09:23:49.434Z,1.19,2,1000,640x360,1.9866700000000037,1092,
2025-12-17T09:23:50.053Z,1.085,2,1000,640x360,1.9800850000000025,1110,
2025-12-17T09:23:50.515Z,1.099,2,1000,640x360,1.9147549999999995,1121,
2025-12-17T09:23:50.993Z,1.124,2,1000,640x360,1.938787000000005,1121,
2025-12-17T09:23:51.514Z,1.11,2,1000,640x360,1.9112640000000027,1116,
2025-12-17T09:23:52.272Z,0.827,2,1000,640x360,1.9507909999999953,1120,
2025-12-17T09:23:52.343Z,0.848,1,600,480x270,1.9872220000000027,1130,
2025-12-17T09:23:52.671Z,0.952,1,600,480x270,1.960909000000001,1130,
2025-12-17T09:23:52.986Z,1.12,1,600,480x270,1.9431009999999986,1131,
2025-12-17T09:23:53.320Z,1.293,1,600,480x270,2.000681,1131,
2025-12-17T09:23:53.682Z,1.444,1,600,480x270,1.957874000000004,1124,
2025-12-17T09:23:53.912Z,1.713,1,600,480x270,1.9244259999999969,1132,
2025-12-17T09:23:54.261Z,1.87,1,600,480x270,1.9674949999999995,1132,
2025-12-17T09:23:54.628Z,1.991,1,600,480x270,1.9980329999999924,1127,
2025-12-17T09:23:55.017Z,2.166,1,600,480x270,1.9099560000000082,1133,
2025-12-17T09:23:55.564Z,2.044,1,600,480x270,1.9643930000000012,1142,
2025-12-17T09:23:56.045Z,2.065,1,600,480x270,1.9832389999999975,1144,
2025-12-17T09:23:56.128Z,2.081,2,1000,640x360,1.8986850000000004,1144,
2025-12-17T09:23:56.867Z,1.756,2,1000,640x360,1.9706620000000044,1145,
2025-12-17T09:23:57.567Z,1.568,2,1000,640x360,1.9581060000000008,1144,
2025-12-17T09:23:58.252Z,1.386,2,1000,640x360,1.9737049999999954,1102,
2025-12-17T09:23:58.921Z,1.2,2,1000,640x360,2.000953999999993,1152,
2025-12-17T09:23:59.626Z,0.981,2,1000,640x360,2.0112280000000027,1185,
2025-12-17T09:24:00.312Z,0.826,2,1000,640x360,1.908766,1152,
2025-12-17T09:24:00.381Z,0.809,1,600,480x270,1.9419649999999962,1136,
2025-12-17T09:24:00.807Z,0.795,1,600,480x270,1.9224200000000025,1136,
2025-12-17T09:24:01.118Z,0.986,1,600,480x270,1.9086479999999995,1142,
2025-12-17T09:24:01.498Z,1.103,1,600,480x270,1.9266649999999998,1140,
2025-12-17T09:24:01.862Z,1.263,1,600,480x270,1.9678459999999944,1140,
2025-12-17T09:24:02.210Z,1.395,1,600,480x270,1.9277960000000007,1098,
2025-12-17T09:24:02.580Z,1.523,1,600,480x270,1.9452359999999942,1070,
2025-12-17T09:24:02.986Z,1.616,1,600,480x270,1.9449630000000013,1040,
2025-12-17T09:24:03.352Z,1.754,1,600,480x270,1.9811079999999919,1040,
2025-12-17T09:24:03.702Z,1.921,1,600,480x270,1.9350730000000027,1051,
2025-12-17T09:24:04.129Z,1.992,1,600,480x270,2.0019750000000016,1039,
2025-12-17T09:24:04.202Z,1.993,2,1000,640x360,1.928063999999992,1054,
2025-12-17T09:24:04.912Z,1.716,2,1000,640x360,1.9234809999999953,1054,
2025-12-17T09:24:05.631Z,1.477,2,1000,640x360,1.9985590000000002,1066,
2025-12-17T09:24:06.333Z,1.261,2,1000,640x360,1.9930769999999995,1040,
2025-12-17T09:24:07.038Z,1.108,2,1000,640x360,1.9894839999999903,1016,
2025-12-17T09:24:07.776Z,0.819,2,1000,640x360,1.9575750000000056,1005,
2025-12-17T09:24:07.849Z,0.849,1,600,480x270,1.975717000000003,1097,
2025-12-17T09:24:08.248Z,0.866,1,600,480x270,1.97471800000001,1097,
2025-12-17T09:24:08.675Z,0.953,1,600,480x270,1.9616790000000037,1092,
2025-12-17T09:24:09.064Z,1.072,1,600,480x270,1.9651659999999964,1089,
2025-12-17T09:24:09.383Z,1.232,1,600,480x270,1.940567999999999,1099,
2025-12-17T09:24:09.723Z,1.349,1,600,480x270,2.0046410000000066,1099,
2025-12-17T09:24:10.129Z,1.487,1,600,480x270,2.001946000000004,1113,
2025-12-17T09:24:10.460Z,1.639,1,600,480x270,1.9604209999999966,1121,
2025-12-17T09:24:10.828Z,1.764,1,600,480x270,1.9998080000000016,1121,
2025-12-17T09:24:11.197Z,1.87,1,600,480x270,1.932777999999999,1139,
2025-12-17T09:24:11.269Z,1.923,2,1000,640x360,1.9501339999999914,1124,
2025-12-17T09:24:11.712Z,1.919,2,1000,640x360,1.9174900000000008,1124,
2025-12-17T09:24:12.281Z,1.833,2,1000,640x360,1.9387180000000086,1123,
2025-12-17T09:24:12.801Z,1.818,2,1000,640x360,1.9375909999999976,1111,
2025-12-17T09:24:13.370Z,1.731,2,1000,640x360,1.9607309999999956,1114,
2025-12-17T09:24:14.027Z,1.616,2,1000,640x360,2.0022869999999955,1134,
2025-12-17T09:24:14.537Z,1.591,2,1000,640x360,1.9844400000000064,1131,
2025-12-17T09:24:15.108Z,1.521,2,1000,640x360,1.9201659999999947,1126,
2025-12-17T09:24:15.707Z,1.427,2,1000,640x360,1.9322189999999893,1125,
2025-12-17T09:24:16.381Z,1.234,2,1000,640x360,1.9414409999999975,1155,
2025-12-17T09:24:17.051Z,1.105,2,1000,640x360,1.9776650000000018,1156,
2025-12-17T09:24:17.721Z,0.908,2,1000,640x360,2.000980999999996,1171,
2025-12-17T09:24:17.801Z,0.899,1,600,480x270,1.9212270000000018,1164,
2025-12-17T09:24:18.162Z,0.919,1,600,480x270,1.9695210000000003,1164,
2025-12-17T09:24:18.534Z,1.079,1,600,480x270,1.989851999999999,1161,
2025-12-17T09:24:18.915Z,1.192,1,600,480x270,1.911325000000005,1161,
2025-12-17T09:24:19.281Z,1.318,1,600,480x270,1.9433459999999911,1169,
2025-12-17T09:24:19.676Z,1.44,1,600,480x270,1.9463670000000093,1192,
2025-12-17T09:24:20.121Z,1.495,1,600,480x270,1.9991780000000006,1178,
2025-12-17T09:24:20.530Z,1.624,1,600,480x270,2.0007130000000046,1173,
2025-12-17T09:24:20.881Z,1.694,1,600,480x270,1.9552309999999977,1173,
2025-12-17T09:24:21.293Z,1.809,1,600,480x270,1.9287609999999944,1169,
2025-12-17T09:24:21.372Z,1.827,2,1000,640x360,1.9568640000000102,1166,
2025-12-17T09:24:22.162Z,1.472,2,1000,640x360,1.9614940000000018,1166,
2025-12-17T09:24:22.876Z,1.302,2,1000,640x360,1.9618130000000065,1147,
2025-12-17T09:24:23.549Z,1.06,2,1000,640x360,1.9837969999999956,1197,
2025-12-17T09:24:24.226Z,0.908,2,1000,640x360,2.0001939999999934,1186,
2025-12-17T09:24:24.867Z,0.736,2,1000,640x360,1.9535230000000041,1188,
2025-12-17T09:24:24.946Z,0.753,1,600,480x270,1.9886919999999861,1195,
2025-12-17T09:24:25.225Z,0.893,1,600,480x270,1.9998970000000043,1195,
2025-12-17T09:24:25.539Z,1.08,1,600,480x270,1.9922629999999941,1185,
2025-12-17T09:24:25.920Z,1.174,1,600,480x270,2.005427999999995,1185,
2025-12-17T09:24:26.380Z,1.223,1,600,480x270,1.940455,1168,
2025-12-17T09:24:26.763Z,1.37,1,600,480x270,1.9808969999999988,1116,
2025-12-17T09:24:27.123Z,1.487,1,600,480x270,2.0075410000000034,1097,
2025-12-17T09:24:27.477Z,1.642,1,600,480x270,1.9536400000000071,1072,
2025-12-17T09:24:27.902Z,1.699,1,600,480x270,1.9326429999999988,1072,
2025-12-17T09:24:28.245Z,1.879,1,600,480x270,1.9812419999999946,1039,
2025-12-17T09:24:28.587Z,2.018,1,600,480x270,1.9403480000000002,1076,
2025-12-17T09:24:28.659Z,2.039,2,1000,640x360,1.9676180000000016,1103,
2025-12-17T09:24:29.136Z,1.978,2,1000,640x360,1.9966029999999932,1103,
2025-12-17T09:24:29.803Z,1.812,2,1000,640x360,1.923488000000006,1127,
2025-12-17T09:24:30.348Z,1.764,2,1000,640x360,1.9757230000000021,1171,
2025-12-17T09:24:30.878Z,1.742,2,1000,640x360,1.9498810000000049,1129,
2025-12-17T09:24:31.601Z,1.518,2,1000,640x360,1.9307060000000007,1118,
2025-12-17T09:24:32.246Z,1.386,2,1000,640x360,1.985281999999998,1126,
2025-12-17T09:24:32.868Z,1.247,2,1000,640x360,1.9566509999999937,1146,
2025-12-17T09:24:33.529Z,1.095,2,1000,640x360,1.993786,1132,
2025-12-17T09:24:34.094Z,1.048,2,1000,640x360,1.9330810000000014,1134,
2025-12-17T09:24:34.822Z,0.819,2,1000,640x360,2.0030770000000047,1128,
2025-12-17T09:24:34.908Z,0.8,1,600,480x270,1.9172099999999972,1107,
2025-12-17T09:24:35.346Z,0.775,1,600,480x270,1.9752550000000042,1107,
2025-12-17T09:24:35.806Z,0.812,1,600,480x270,1.929361,1105,
2025-12-17T09:24:36.239Z,0.886,1,600,480x270,1.9876679999999993,1071,
2025-12-17T09:24:36.683Z,0.941,1,600,480x270,1.942729,1050,
2025-12-17T09:24:37.106Z,1.015,1,600,480x270,1.9181780000000117,1014,
2025-12-17T09:24:37.554Z,1.068,1,600,480x270,1.9708460000000088,989,
2025-12-17T09:24:37.981Z,1.094,1,600,480x270,1.9548790000000054,976,
2025-12-17T09:24:38.533Z,1.12,1,600,480x270,1.99591199999999,976,
2025-12-17T09:24:38.953Z,1.156,1,600,480x270,1.9700729999999993,923,
2025-12-17T09:24:39.381Z,1.256,1,600,480x270,1.9386030000000005,950,
2025-12-17T09:24:39.834Z,1.307,1,600,480x270,2.0090919999999954,929,
2025-12-17T09:24:40.169Z,1.437,1,600,480x270,1.96081199999999,1016,
2025-12-17T09:24:40.251Z,1.455,2,1000,640x360,1.9748369999999937,1008,
2025-12-17T09:24:40.817Z,1.29,2,1000,640x360,1.9050209999999907,1008,
2025-12-17T09:24:41.593Z,1.054,2,1000,640x360,1.948565000000002,1040,
2025-12-17T09:24:42.188Z,0.944,2,1000,640x360,1.9391469999999913,1053,
2025-12-17T09:24:42.819Z,0.815,2,1000,640x360,2.003627999999992,1043,
2025-12-17T09:24:43.397Z,0.719,2,1000,640x360,1.9214720000000085,1038,
2025-12-17T09:24:44.080Z,0.552,2,1000,640x360,1.9448639999999955,1017,
2025-12-17T09:24:44.161Z,0.545,1,600,480x270,1.9779100000000085,991,
2025-12-17T09:24:44.570Z,0.511,1,600,480x270,1.953631999999999,991,
2025-12-17T09:24:44.900Z,0.72,1,600,480x270,1.920509999999993,1007,
2025-12-17T09:24:45.238Z,0.865,1,600,480x270,1.9845820000000174,1007,
2025-12-17T09:24:45.608Z,0.966,1,600,480x270,1.9241619999999955,1016,
2025-12-17T09:24:45.986Z,1.15,1,600,480x270,1.9456969999999956,1036,
2025-12-17T09:24:46.356Z,1.243,1,600,480x270,1.9658110000000022,1036,
2025-12-17T09:24:46.712Z,1.401,1,600,480x270,1.9240050000000224,1074,
2025-12-17T09:24:47.192Z,1.409,1,600,480x270,1.9383219999999994,1074,
2025-12-17T09:24:47.516Z,1.609,1,600,480x270,1.9137470000000008,1071,
2025-12-17T09:24:47.581Z,1.605,2,1000,640x360,1.9496079999999836,1071,
2025-12-17T09:24:48.125Z,1.503,2,1000,640x360,2.0027100000000075,1071,
2025-12-17T09:24:48.653Z,1.48,2,1000,640x360,1.991406000000012,1075,
2025-12-17T09:24:49.215Z,1.403,2,1000,640x360,1.913632999999976,1081,
2025-12-17T09:24:49.732Z,1.384,2,1000,640x360,1.9965839999999844,1091,
2025-12-17T09:24:50.344Z,1.297,2,1000,640x360,1.9889619999999866,1099,
2025-12-17T09:24:50.875Z,1.248,2,1000,640x360,1.958137000000022,1111,
2025-12-17T09:24:51.435Z,1.178,2,1000,640x360,1.99093400000001,1108,
2025-12-17T09:24:51.993Z,1.129,2,1000,640x360,1.938022999999987,1107,
2025-12-17T09:24:52.530Z,1.093,2,1000,640x360,1.9924450000000036,1105,
2025-12-17T09:24:53.081Z,1.025,2,1000,640x360,1.9438590000000033,1117,
2025-12-17T09:24:53.630Z,0.983,2,1000,640x360,1.9993550000000084,1124,
2025-12-17T09:24:53.704Z,0.991,1,600,480x270,1.9254630000000077,1115,
2025-12-17T09:24:54.023Z,1.077,1,600,480x270,2.0002199999999846,1115,
2025-12-17T09:24:54.364Z,1.235,1,600,480x270,1.9625920000000008,1115,
2025-12-17T09:24:54.685Z,1.423,1,600,480x270,1.9463819999999998,1114,
2025-12-17T09:24:55.028Z,1.576,1,600,480x270,2.004429999999985,1124,
2025-12-17T09:24:55.360Z,1.753,1,600,480x270,1.9704920000000072,1124,
2025-12-17T09:24:55.701Z,1.929,1,600,480x270,1.9315300000000093,1166,
2025-12-17T09:24:56.043Z,2.06,1,600,480x270,1.9898409999999842,1168,
2025-12-17T09:24:56.504Z,2.117,1,600,480x270,1.9191700000000083,1173,
2025-12-17T09:24:57.004Z,2.106,1,600,480x270,1.9279619999999795,1175,
2025-12-17T09:24:57.104Z,2.091,2,1000,640x360,1.925454000000002,1175,
2025-12-17T09:24:57.716Z,1.91,2,1000,640x360,1.9084220000000016,1183,
2025-12-17T09:24:58.273Z,1.854,2,1000,640x360,1.9598000000000013,1182,
2025-12-17T09:24:58.838Z,1.789,2,1000,640x360,1.9927820000000054,1193,
2025-12-17T09:24:59.378Z,1.745,2,1000,640x360,1.9476769999999988,1186,
2025-12-17T09:24:59.937Z,1.657,2,1000,640x360,1.9968670000000088,1194,
2025-12-17T09:25:00.468Z,1.638,2,1000,640x360,1.9638000000000204,1197,
2025-12-17T09:25:01.006Z,1.618,2,1000,640x360,1.921699000000018,1200,
2025-12-17T09:25:01.524Z,1.578,2,1000,640x360,2.001244999999983,1210,
2025-12-17T09:25:02.030Z,1.608,2,1000,640x360,2.0054899999999805,1210,
2025-12-17T09:25:02.642Z,1.529,2,1000,640x360,1.9962510000000009,1221,
2025-12-17T09:25:03.245Z,1.419,2,1000,640x360,1.976793999999984,1217,
2025-12-17T09:25:03.773Z,1.328,2,1000,640x360,1.9614589999999907,1218,
2025-12-17T09:25:04.323Z,1.301,2,1000,640x360,1.9997549999999933,1219,
2025-12-17T09:25:04.859Z,1.26,2,1000,640x360,1.9727450000000033,1227,
2025-12-17T09:25:05.340Z,1.281,2,1000,640x360,1.9829200000000071,1241,
2025-12-17T09:25:05.926Z,1.235,2,1000,640x360,2.013372000000004,1239,
2025-12-17T09:25:06.439Z,1.173,2,1000,640x360,1.9818160000000091,1283,
2025-12-17T09:25:07.034Z,1.09,2,1000,640x360,1.9925269999999955,1278,
2025-12-17T09:25:07.552Z,1.081,2,1000,640x360,1.9725600000000156,1283,
2025-12-17T09:25:08.051Z,1.063,2,1000,640x360,1.9828899999999976,1283,
2025-12-17T09:25:08.543Z,1.067,2,1000,640x360,1.9799720000000036,1285,
2025-12-17T09:25:09.057Z,1.058,2,1000,640x360,1.9785950000000128,1289,
2025-12-17T09:25:09.578Z,1.045,2,1000,640x360,1.9591379999999958,1285,
2025-12-17T09:25:10.073Z,1.05,2,1000,640x360,1.965877000000006,1281,
2025-12-17T09:25:10.516Z,1.096,2,1000,640x360,1.9083710000000167,1289,
2025-12-17T09:25:10.950Z,1.175,2,1000,640x360,1.9720410000000186,1289,
2025-12-17T09:25:11.618Z,0.982,2,1000,640x360,1.913821999999982,1305,
2025-12-17T09:25:12.374Z,0.746,2,1000,640x360,1.9458149999999819,1279,
2025-12-17T09:25:12.447Z,0.725,1,600,480x270,1.9718750000000114,1244,
2025-12-17T09:25:12.943Z,0.658,1,600,480x270,1.986206999999979,1244,
2025-12-17T09:25:13.418Z,0.702,1,600,480x270,1.9088099999999883,1221,
2025-12-17T09:25:13.891Z,0.751,1,600,480x270,1.9457680000000153,1176,
2025-12-17T09:25:14.375Z,0.75,1,600,480x270,1.951866999999993,1116,
2025-12-17T09:25:14.863Z,0.759,1,600,480x270,1.9657379999999876,1094,
2025-12-17T09:25:15.331Z,0.763,1,600,480x270,1.991441000000009,1073,
2025-12-17T09:25:15.793Z,0.818,1,600,480x270,1.9429770000000133,1041,
2025-12-17T09:25:16.291Z,0.782,1,600,480x270,1.9411690000000021,1004,
2025-12-17T09:25:16.927Z,0.688,1,600,480x270,2.003606000000019,999,
2025-12-17T09:25:17.357Z,0.737,1,600,480x270,1.9666959999999847,996,
2025-12-17T09:25:17.795Z,0.848,1,600,480x270,1.9482650000000206,989,
2025-12-17T09:25:18.323Z,0.838,1,600,480x270,2.0050270000000125,947,
2025-12-17T09:25:18.762Z,0.877,1,600,480x270,1.966514999999987,951,
2025-12-17T09:25:19.173Z,0.966,1,600,480x270,1.9484940000000108,957,
2025-12-17T09:25:19.629Z,0.996,1,600,480x270,2.003070999999977,1024,
2025-12-17T09:25:20.024Z,1.081,1,600,480x270,1.9985810000000015,997,
2025-12-17T09:25:20.468Z,1.136,1,600,480x270,1.9588139999999896,997,
2025-12-17T09:25:20.943Z,1.201,1,600,480x270,1.9905230000000245,944,
2025-12-17T09:25:21.521Z,1.082,1,600,480x270,2.0001430000000084,946,
2025-12-17T09:25:21.917Z,1.201,1,600,480x270,1.923091999999997,928,
2025-12-17T09:25:22.349Z,1.259,1,600,480x270,1.9822340000000054,912,
2025-12-17T09:25:22.804Z,1.343,1,600,480x270,1.954893999999996,923,
2025-12-17T09:25:23.180Z,1.438,1,600,480x270,1.9558929999999748,923,
2025-12-17T09:25:23.715Z,1.399,1,600,480x270,1.918453999999997,901,
2025-12-17T09:25:24.234Z,1.389,1,600,480x270,2.0008149999999887,881,
2025-12-17T09:25:24.704Z,1.436,1,600,480x270,1.9238849999999843,889,
2025-12-17T09:25:25.077Z,1.529,1,600,480x270,1.9523450000000082,899,
2025-12-17T09:25:25.470Z,1.646,1,600,480x270,1.9548170000000198,912,
2025-12-17T09:25:25.858Z,1.768,1,600,480x270,1.9821609999999907,912,
2025-12-17T09:25:26.257Z,1.865,1,600,480x270,1.972773999999987,927,
2025-12-17T09:25:26.517Z,2.084,1,600,480x270,1.911500999999987,921,
2025-12-17T09:25:26.965Z,2.153,1,600,480x270,1.972568999999993,917,
2025-12-17T09:25:27.630Z,2.009,1,600,480x270,2.0039409999999975,937,
2025-12-17T09:25:28.142Z,1.963,1,600,480x270,1.9846829999999898,975,
2025-12-17T09:25:28.595Z,2.014,1,600,480x270,1.9336250000000064,992,
2025-12-17T09:25:28.666Z,1.974,2,1000,640x360,1.9633290000000159,1014,
2025-12-17T09:25:29.327Z,1.793,2,1000,640x360,1.9982360000000199,1014,
2025-12-17T09:25:29.905Z,1.753,2,1000,640x360,1.932058999999981,1008,
2025-12-17T09:25:30.525Z,1.607,2,1000,640x360,2.002570999999989,996,
2025-12-17T09:25:31.050Z,1.596,2,1000,640x360,1.9923259999999914,1019,
2025-12-17T09:25:31.648Z,1.474,2,1000,640x360,1.9883570000000077,999,
2025-12-17T09:25:32.170Z,1.444,2,1000,640x360,1.9509160000000065,1019,
2025-12-17T09:25:32.702Z,1.429,2,1000,640x360,1.9357100000000003,1033,
2025-12-17T09:25:33.315Z,1.297,2,1000,640x360,1.9110569999999996,1037,
2025-12-17T09:25:33.912Z,1.23,2,1000,640x360,1.917410999999987,1059,
2025-12-17T09:25:34.465Z,1.145,2,1000,640x360,1.9606380000000172,1061,
2025-12-17T09:25:35.048Z,1.086,2,1000,640x360,1.983819000000011,1082,
2025-12-17T09:25:35.652Z,0.973,2,1000,640x360,1.9742239999999924,1081,
2025-12-17T09:25:35.731Z,0.97,1,600,480x270,2.0012210000000152,1085,
2025-12-17T09:25:36.080Z,1.031,1,600,480x270,1.9492549999999937,1085,
2025-12-17T09:25:36.468Z,1.131,1,600,480x270,1.9513080000000116,1094,
2025-12-17T09:25:36.835Z,1.269,1,600,480x270,1.992007000000001,1094,
2025-12-17T09:25:37.171Z,1.43,1,600,480x270,1.9535769999999957,1107,
2025-12-17T09:25:37.504Z,1.608,1,600,480x270,1.924947000000003,1136,
2025-12-17T09:25:37.828Z,1.794,1,600,480x270,2.008835000000005,1136,
2025-12-17T09:25:38.094Z,2.032,1,600,480x270,1.9435019999999952,1142,
2025-12-17T09:25:38.456Z,2.142,1,600,480x270,1.9636540000000196,1158,
2025-12-17T09:25:39.039Z,2.077,1,600,480x270,1.9938060000000064,1168,
2025-12-17T09:25:39.137Z,2.092,2,1000,640x360,1.9962519999999984,1168,
2025-12-17T09:25:39.849Z,1.773,2,1000,640x360,1.97841600000001,1173,
2025-12-17T09:25:40.767Z,1.338,2,1000,640x360,1.9553269999999827,1158,
2025-12-17T09:25:41.387Z,1.217,2,1000,640x360,1.9341289999999844,1140,
2025-12-17T09:25:42.022Z,1.116,2,1000,640x360,2.0015070000000037,1131,
2025-12-17T09:25:42.680Z,0.952,2,1000,640x360,1.9600509999999929,1112,
2025-12-17T09:25:42.748Z,0.956,1,600,480x270,1.9892210000000148,1112,
2025-12-17T09:25:43.165Z,0.945,1,600,480x270,1.9675599999999918,1112,
2025-12-17T09:25:43.558Z,1.049,1,600,480x270,1.977548000000013,1127,
2025-12-17T09:25:43.962Z,1.158,1,600,480x270,1.9609689999999773,1123,
2025-12-17T09:25:44.367Z,1.252,1,600,480x270,1.9611409999999978,1123,
2025-12-17T09:25:44.808Z,1.297,1,600,480x270,1.9247740000000135,1083,
2025-12-17T09:25:45.232Z,1.37,1,600,480x270,1.9990029999999877,1141,
2025-12-17T09:25:45.632Z,1.481,1,600,480x270,1.9992870000000096,1135,
2025-12-17T09:25:46.110Z,1.504,1,600,480x270,1.9204540000000065,1127,
2025-12-17T09:25:46.194Z,1.495,2,1000,640x360,1.9284069999999929,1159,
2025-12-17T09:25:46.670Z,1.438,2,1000,640x360,1.9666990000000055,1159,
2025-12-17T09:25:47.185Z,1.428,2,1000,640x360,1.946881000000019,1191,
2025-12-17T09:25:47.647Z,1.478,2,1000,640x360,1.9761259999999936,1203,
2025-12-17T09:25:48.171Z,1.439,2,1000,640x360,1.9523949999999957,1241,
2025-12-17T09:25:48.662Z,1.467,2,1000,640x360,1.964679999999987,1242,
2025-12-17T09:25:49.013Z,1.589,2,1000,640x360,1.9163369999999986,1237,
2025-12-17T09:25:49.666Z,1.463,2,1000,640x360,1.9646249999999839,1237,
2025-12-17T09:25:50.117Z,1.496,2,1000,640x360,1.9081539999999961,1232,
2025-12-17T09:25:50.556Z,1.546,2,1000,640x360,1.9689050000000066,1233,
2025-12-17T09:25:51.045Z,1.561,2,1000,640x360,1.9887099999999975,1228,
2025-12-17T09:25:51.497Z,1.612,2,1000,640x360,1.927217000000013,1228,
2025-12-17T09:25:52.083Z,1.527,2,1000,640x360,1.9384040000000198,1224,
2025-12-17T09:25:53.117Z,1.025,2,1000,640x360,1.916530000000023,1220,
2025-12-17T09:25:53.676Z,0.932,2,1000,640x360,1.957242000000008,1160,
2025-12-17T09:25:53.749Z,0.95,1,600,480x270,1.975843999999995,1155,
2025-12-17T09:25:54.089Z,1.029,1,600,480x270,1.9456760000000202,1155,
2025-12-17T09:25:54.403Z,1.213,1,600,480x270,1.9231460000000027,1144,
2025-12-17T09:25:54.766Z,1.333,1,600,480x270,1.9687820000000045,1144,
2025-12-17T09:25:55.153Z,1.454,1,600,480x270,1.976951999999983,1206,
2025-12-17T09:25:55.556Z,1.56,1,600,480x270,1.9648909999999944,1187,
2025-12-17T09:25:56.100Z,1.516,1,600,480x270,1.9271570000000224,1187,
2025-12-17T09:25:56.385Z,1.73,1,600,480x270,1.9394929999999988,1169,
2025-12-17T09:25:56.693Z,1.931,1,600,480x270,1.9367260000000215,1169,
2025-12-17T09:25:56.927Z,2.176,1,600,480x270,2.0054489999999987,1177,
2025-12-17T09:25:57.162Z,2.104,2,1000,640x360,1.9748189999999965,1186,
2025-12-17T09:25:57.595Z,2.037,2,1000,640x360,1.9338909999999885,1186,
2025-12-17T09:25:58.269Z,1.861,2,1000,640x360,1.9575910000000079,1186,
2025-12-17T09:25:58.981Z,1.64,2,1000,640x360,1.949590999999998,1177,
2025-12-17T09:25:59.476Z,1.624,2,1000,640x360,1.9544710000000123,1178,
2025-12-17T09:26:00.295Z,1.349,2,1000,640x360,1.9312449999999899,1151,
2025-12-17T09:26:01.044Z,1.069,2,1000,640x360,1.9778570000000002,1154,
2025-12-17T09:26:01.614Z,1.001,2,1000,640x360,1.9076829999999916,1181,
2025-12-17T09:26:02.290Z,0.824,2,1000,640x360,1.9429309999999873,1162,
2025-12-17T09:26:02.368Z,0.764,1,600,480x270,1.9583360000000027,1161,
2025-12-17T09:26:02.704Z,0.885,1,600,480x270,1.9273650000000089,1161,
2025-12-17T09:26:03.062Z,1.07,1,600,480x270,1.9649259999999913,1130,
2025-12-17T09:26:03.399Z,1.215,1,600,480x270,1.9213379999999916,1146,
2025-12-17T09:26:03.723Z,1.383,1,600,480x270,2.014215000000007,1146,
2025-12-17T09:26:04.069Z,1.55,1,600,480x270,1.9624200000000087,1120,
2025-12-17T09:26:04.450Z,1.651,1,600,480x270,1.9797120000000064,1133,
2025-12-17T09:26:04.738Z,1.851,1,600,480x270,1.984421999999995,1133,
2025-12-17T09:26:05.042Z,2.059,1,600,480x270,1.9867109999999855,1131,
2025-12-17T09:26:05.635Z,1.975,1,600,480x270,1.9989889999999946,1146,
2025-12-17T09:26:05.979Z,2.126,1,600,480x270,1.9483949999999766,1184,
2025-12-17T09:26:06.058Z,2.125,2,1000,640x360,1.9659220000000062,1184,
2025-12-17T09:26:06.738Z,1.897,2,1000,640x360,1.9923410000000104,1190,
2025-12-17T09:26:07.377Z,1.719,2,1000,640x360,1.9507680000000107,1172,
2025-12-17T09:26:07.855Z,1.753,2,1000,640x360,1.9831089999999847,1114,
2025-12-17T09:26:08.526Z,1.635,2,1000,640x360,2.001519000000002,1112,
2025-12-17T09:26:09.255Z,1.347,2,1000,640x360,1.9739040000000045,1123,
2025-12-17T09:26:09.862Z,1.279,2,1000,640x360,1.970425999999975,1087,
2025-12-17T09:26:10.430Z,1.2,2,1000,640x360,2.0001049999999907,1160,
2025-12-17T09:26:11.037Z,1.095,2,1000,640x360,1.987985999999978,1146,
2025-12-17T09:26:11.671Z,0.968,2,1000,640x360,1.969510999999983,1145,
2025-12-17T09:26:11.740Z,0.959,1,600,480x270,1.9967220000000054,1156,
2025-12-17T09:26:12.073Z,1.047,1,600,480x270,1.9546320000000037,1156,
2025-12-17T09:26:12.458Z,1.157,1,600,480x270,1.9708389999999838,1131,
2025-12-17T09:26:12.937Z,1.19,1,600,480x270,1.9852030000000127,1131,
2025-12-17T09:26:13.464Z,1.163,1,600,480x270,1.9590469999999982,1059,
2025-12-17T09:26:13.947Z,1.187,1,600,480x270,1.982732999999996,968,
2025-12-17T09:26:14.448Z,1.18,1,600,480x270,1.9738509999999962,923,
2025-12-17T09:26:14.874Z,1.265,1,600,480x270,1.955461999999983,927,
2025-12-17T09:26:15.321Z,1.305,1,600,480x270,2.0004279999999994,900,
2025-12-17T09:26:15.724Z,1.411,1,600,480x270,2.008527000000015,887,
2025-12-17T09:26:16.255Z,1.375,1,600,480x270,1.9681119999999908,861,
2025-12-17T09:26:16.687Z,1.415,1,600,480x270,1.94065599999999,862,
2025-12-17T09:26:17.319Z,1.288,1,600,480x270,1.9111090000000104,833,
2025-12-17T09:26:17.819Z,1.318,1,600,480x270,1.9192460000000153,918,
2025-12-17T09:26:18.451Z,1.156,1,600,480x270,1.9766919999999857,888,
2025-12-17T09:26:18.998Z,1.114,1,600,480x270,1.9313729999999794,868,
2025-12-17T09:26:19.343Z,1.256,1,600,480x270,1.9889960000000144,864,
2025-12-17T09:26:19.674Z,1.445,1,600,480x270,1.962586000000016,897,
2025-12-17T09:26:20.007Z,1.608,1,600,480x270,1.9229780000000005,923,
2025-12-17T09:26:20.359Z,1.789,1,600,480x270,1.9690960000000075,923,
2025-12-17T09:26:20.591Z,1.973,1,600,480x270,1.9282149999999945,978,
2025-12-17T09:26:20.665Z,2.028,2,1000,640x360,1.9575789999999813,1000,
2025-12-17T09:26:21.305Z,1.793,2,1000,640x360,1.9181780000000117,1000,
2025-12-17T09:26:21.795Z,1.812,2,1000,640x360,1.9352230000000077,1037,
2025-12-17T09:26:22.267Z,1.825,2,1000,640x360,1.9571180000000084,1046,
2025-12-17T09:26:22.790Z,1.809,2,1000,640x360,1.9428319999999815,1065,
2025-12-17T09:26:23.328Z,1.76,2,1000,640x360,1.9997520000000009,1112,
2025-12-17T09:26:23.950Z,1.667,2,1000,640x360,1.9749570000000176,1118,
2025-12-17T09:26:24.459Z,1.662,2,1000,640x360,1.9637419999999963,1121,
2025-12-17T09:26:24.953Z,1.656,2,1000,640x360,1.9760119999999972,1117,
2025-12-17T09:26:25.406Z,1.705,2,1000,640x360,1.9295899999999904,1108,
2025-12-17T09:26:25.897Z,1.743,2,1000,640x360,1.9287249999999858,1117,
2025-12-17T09:26:26.503Z,1.649,2,1000,640x360,1.9244640000000004,1125,
2025-12-17T09:26:26.943Z,1.68,2,1000,640x360,1.9836430000000007,1124,
2025-12-17T09:26:27.447Z,1.69,2,1000,640x360,1.9727139999999963,1134,
2025-12-17T09:26:27.950Z,1.666,2,1000,640x360,1.979015000000004,1141,
2025-12-17T09:26:28.367Z,1.723,2,1000,640x360,1.9629520000000014,1146,
2025-12-17T09:26:28.785Z,1.824,2,1000,640x360,1.9448720000000037,1155,
2025-12-17T09:26:29.521Z,1.602,2,1000,640x360,1.999192000000022,1147,
2025-12-17T09:26:30.318Z,1.294,2,1000,640x360,1.9069869999999867,1148,
2025-12-17T09:26:30.940Z,1.238,2,1000,640x360,1.9952940000000012,1152,
2025-12-17T09:26:31.550Z,1.072,2,1000,640x360,1.9733470000000182,1156,
2025-12-17T09:26:32.073Z,1.019,2,1000,640x360,1.9490040000000022,1166,
2025-12-17T09:26:32.569Z,1.035,2,1000,640x360,1.9571050000000128,1166,
2025-12-17T09:26:33.096Z,1.035,2,1000,640x360,1.9417709999999886,1211,
2025-12-17T09:26:33.578Z,1.054,2,1000,640x360,1.9438900000000103,1213,
2025-12-17T09:26:33.948Z,1.165,2,1000,640x360,1.9734789999999975,1216,
2025-12-17T09:26:34.366Z,1.268,2,1000,640x360,1.958387000000016,1216,
2025-12-17T09:26:34.856Z,1.263,2,1000,640x360,1.9754230000000064,1233,
2025-12-17T09:26:35.264Z,1.337,2,1000,640x360,1.9656700000000171,1220,
2025-12-17T09:26:35.840Z,1.273,2,1000,640x360,1.984293000000008,1217,
2025-12-17T09:26:36.330Z,1.281,2,1000,640x360,2.00043500000001,1228,
2025-12-17T09:26:36.938Z,1.228,2,1000,640x360,1.993928000000011,1238,
2025-12-17T09:26:37.457Z,1.142,2,1000,640x360,1.962648999999999,1245,
2025-12-17T09:26:38.135Z,0.997,2,1000,640x360,1.994353999999987,1225,
2025-12-17T09:26:38.200Z,0.991,1,600,480x270,1.928578999999985,1264,
2025-12-17T09:26:38.520Z,1.047,1,600,480x270,2.0010660000000087,1264,
2025-12-17T09:26:38.873Z,1.232,1,600,480x270,1.9597980000000064,1264,
2025-12-17T09:26:39.237Z,1.379,1,600,480x270,1.9969989999999882,1268,
2025-12-17T09:26:39.636Z,1.465,1,600,480x270,1.988221999999979,1272,
2025-12-17T09:26:40.018Z,1.596,1,600,480x270,1.9034510000000182,1254,
2025-12-17T09:26:40.379Z,1.733,1,600,480x270,1.9474599999999782,1254,
2025-12-17T09:26:40.740Z,1.88,1,600,480x270,2.002091000000007,1237,
2025-12-17T09:26:41.156Z,1.958,1,600,480x270,1.965141999999986,1234,
2025-12-17T09:26:41.649Z,2.077,1,600,480x270,1.9991090000000042,1238,
2025-12-17T09:26:41.724Z,1.984,2,1000,640x360,1.9229400000000112,1228,
2025-12-17T09:26:42.121Z,1.997,2,1000,640x360,2.0062599999999975,1228,
2025-12-17T09:26:42.709Z,1.92,2,1000,640x360,1.927064999999999,1232,
2025-12-17T09:26:43.369Z,1.744,2,1000,640x360,1.9507170000000258,1245,
2025-12-17T09:26:43.806Z,1.817,2,1000,640x360,1.9263789999999972,1230,
2025-12-17T09:26:44.326Z,1.786,2,1000,640x360,2.000996999999984,1239,
2025-12-17T09:26:44.840Z,1.791,2,1000,640x360,1.9926949999999977,1249,
2025-12-17T09:26:45.511Z,1.625,2,1000,640x360,1.911488999999989,1232,
2025-12-17T09:26:46.104Z,1.522,2,1000,640x360,1.9280600000000163,1271,
2025-12-17T09:26:46.985Z,1.117,2,1000,640x360,1.9355950000000064,1225,
2025-12-17T09:26:47.643Z,0.976,2,1000,640x360,1.983021000000008,1167,
2025-12-17T09:26:47.720Z,0.975,1,600,480x270,1.906373000000002,1102,
2025-12-17T09:26:48.157Z,0.946,1,600,480x270,1.9679099999999892,1102,
2025-12-17T09:26:48.644Z,0.997,1,600,480x270,1.9839020000000005,1032,
2025-12-17T09:26:49.036Z,1.087,1,600,480x270,1.9995360000000062,992,
2025-12-17T09:26:49.404Z,1.215,1,600,480x270,1.9227539999999976,992,
2025-12-17T09:26:49.858Z,1.286,1,600,480x270,1.9781030000000044,1039,
2025-12-17T09:26:50.287Z,1.334,1,600,480x270,1.9378580000000056,1036,
2025-12-17T09:26:50.682Z,1.41,1,600,480x270,1.9591920000000016,1003,
2025-12-17T09:26:51.197Z,1.434,1,600,480x270,1.9329989999999952,1000,
2025-12-17T09:26:51.523Z,1.589,1,600,480x270,1.9998319999999978,1004,
2025-12-17T09:26:51.596Z,1.598,2,1000,640x360,1.9344269999999995,1004,
2025-12-17T09:26:52.067Z,1.542,2,1000,640x360,1.9597870000000057,1004,
2025-12-17T09:26:52.768Z,1.323,2,1000,640x360,1.9588039999999864,1052,
2025-12-17T09:26:53.422Z,1.215,2,1000,640x360,1.9982819999999606,1068,
2025-12-17T09:26:54.076Z,1.066,2,1000,640x360,1.953628999999978,1049,
2025-12-17T09:26:54.749Z,0.873,2,1000,640x360,1.9826570000000174,1077,
2025-12-17T09:26:55.313Z,0.817,2,1000,640x360,1.920679000000007,1108,
2025-12-17T09:26:55.386Z,0.789,1,600,480x270,1.9411020000000008,1145,
2025-12-17T09:26:55.778Z,0.841,1,600,480x270,1.9581630000000132,1145,
2025-12-17T09:26:56.117Z,0.992,1,600,480x270,1.9147760000000176,1139,
2025-12-17T09:26:56.340Z,1.245,1,600,480x270,1.9852379999999812,1161,
2025-12-17T09:26:56.567Z,1.516,1,600,480x270,1.9596369999999865,1161,
2025-12-17T09:26:57.104Z,1.502,1,600,480x270,1.9187559999999735,1152,
2025-12-17T09:26:57.559Z,1.546,1,600,480x270,1.9659960000000183,1131,
2025-12-17T09:26:57.919Z,1.684,1,600,480x270,1.9190250000000333,1106,
2025-12-17T09:26:58.236Z,1.863,1,600,480x270,1.985962000000029,1106,
2025-12-17T09:26:58.550Z,2.052,1,600,480x270,1.9748950000000036,1161,
2025-12-17T09:26:59.000Z,2.1,1,600,480x270,1.9263439999999719,1170,
2025-12-17T09:26:59.076Z,2.122,2,1000,640x360,1.945352000000014,1170,
2025-12-17T09:26:59.660Z,1.975,2,1000,640x360,1.9780759999999873,1170,
2025-12-17T09:27:00.186Z,1.92,2,1000,640x360,1.945996999999977,1146,
2025-12-17T09:27:00.747Z,1.878,2,1000,640x360,1.9837239999999952,1135,
2025-12-17T09:27:01.191Z,1.907,2,1000,640x360,1.928703999999982,1116,
2025-12-17T09:27:01.625Z,1.993,2,1000,640x360,2.0059719999999857,1162,
2025-12-17T09:27:01.982Z,2.12,2,1000,640x360,1.9405439999999885,1147,
2025-12-17T09:27:02.738Z,1.868,2,1000,640x360,1.9871390000000133,1161,
2025-12-17T09:27:03.534Z,1.579,2,1000,640x360,1.9984309999999823,1155,
2025-12-17T09:27:04.049Z,1.561,2,1000,640x360,1.9925180000000182,1147,
2025-12-17T09:27:04.809Z,1.294,2,1000,640x360,1.9462919999999713,1143,
2025-12-17T09:27:05.266Z,1.378,2,1000,640x360,1.964020000000005,1188,
2025-12-17T09:27:05.727Z,1.389,2,1000,640x360,2.0058500000000095,1230,
2025-12-17T09:27:06.297Z,1.364,2,1000,640x360,1.9273399999999583,1223,
2025-12-17T09:27:06.803Z,1.334,2,1000,640x360,1.925374999999974,1266,
2025-12-17T09:27:07.275Z,1.347,2,1000,640x360,1.9457869999999957,1256,
2025-12-17T09:27:07.692Z,1.426,2,1000,640x360,1.9461039999999912,1269,
2025-12-17T09:27:08.147Z,1.48,2,1000,640x360,1.9848569999999768,1274,
2025-12-17T09:27:08.638Z,1.483,2,1000,640x360,2.002516000000014,1271,
2025-12-17T09:27:09.192Z,1.45,2,1000,640x360,1.9428359999999998,1266,
2025-12-17T09:27:09.730Z,1.391,2,1000,640x360,2.0028140000000008,1270,
2025-12-17T09:27:10.238Z,1.372,2,1000,640x360,1.981964000000005,1262,
2025-12-17T09:27:10.887Z,1.229,2,1000,640x360,1.9486850000000118,1271,
2025-12-17T09:27:11.394Z,1.239,2,1000,640x360,1.9310439999999858,1252,
2025-12-17T09:27:12.011Z,1.134,2,1000,640x360,1.9258140000000026,1265,
2025-12-17T09:27:12.740Z,0.887,2,1000,640x360,2.0044959999999605,1248,
2025-12-17T09:27:12.821Z,0.902,1,600,480x270,1.9205099999999788,1204,
2025-12-17T09:27:13.277Z,0.832,1,600,480x270,1.9506420000000162,1204,
2025-12-17T09:27:13.715Z,0.905,1,600,480x270,1.9203359999999634,1173,
2025-12-17T09:27:14.151Z,0.952,1,600,480x270,1.9812160000000176,1226,
2025-12-17T09:27:14.582Z,1.057,1,600,480x270,1.9462110000000052,1182,
2025-12-17T09:27:15.039Z,1.068,1,600,480x270,1.985163,1173,
2025-12-17T09:27:15.487Z,1.132,1,600,480x270,1.9314350000000218,1173,
2025-12-17T09:27:15.985Z,1.093,1,600,480x270,1.9505439999999794,1229,
2025-12-17T09:27:16.462Z,1.112,1,600,480x270,1.9584270000000288,1228,
2025-12-17T09:27:16.538Z,1.158,2,1000,640x360,1.985648000000026,1193,
2025-12-17T09:27:17.113Z,1.02,2,1000,640x360,1.9176599999999553,1193,
2025-12-17T09:27:17.688Z,0.941,2,1000,640x360,1.9349129999999946,1120,
2025-12-17T09:27:18.238Z,0.85,2,1000,640x360,1.9834549999999922,1073,
2025-12-17T09:27:18.939Z,0.707,2,1000,640x360,1.9878180000000043,1097,
2025-12-17T09:27:19.636Z,0.47,2,1000,640x360,2.0030099999999607,1087,
2025-12-17T09:27:19.895Z,0.233,2,1000,640x360,1.9444990000000075,1093,rebuffer happen
2025-12-17T09:27:20.064Z,0.295,2,1000,640x360,1.9747780000000148,1093,rebuffer happen
2025-12-17T09:27:20.270Z,0.357,2,1000,640x360,1.9547230000000013,1093,
2025-12-17T09:27:20.344Z,0.352,1,600,480x270,1.988427999999999,1065,
2025-12-17T09:27:20.345Z,0.277,1,600,480x270,1.9876330000000166,1065,rebuffer happen
2025-12-17T09:27:20.696Z,0.435,1,600,480x270,1.9523599999999988,1065,
2025-12-17T09:27:21.104Z,0.52,1,600,480x270,1.9266700000000014,1062,
2025-12-17T09:27:21.444Z,0.685,1,600,480x270,1.9825680000000148,1145,
2025-12-17T09:27:21.784Z,0.844,1,600,480x270,1.9765599999999495,1145,
2025-12-17T09:27:22.160Z,0.948,1,600,480x270,1.9733320000000276,1168,
2025-12-17T09:27:22.383Z,1.206,1,600,480x270,1.9526880000000233,1144,
2025-12-17T09:27:22.610Z,1.515,1,600,480x270,1.9308280000000195,1144,
2025-12-17T09:27:22.890Z,1.697,1,600,480x270,1.9448410000000536,1109,
2025-12-17T09:27:23.126Z,1.978,1,600,480x270,2.000136999999995,1109,
2025-12-17T09:27:23.511Z,2.129,1,600,480x270,1.911328000000026,1116,
2025-12-17T09:27:23.995Z,2.119,1,600,480x270,1.9313659999999686,1138,
2025-12-17T09:27:24.074Z,2.058,2,1000,640x360,1.9509119999999598,1138,
2025-12-17T09:27:25.073Z,1.548,2,1000,640x360,1.959969000000001,1151,
2025-12-17T09:27:25.602Z,1.477,2,1000,640x360,1.9180769999999825,1130,
2025-12-17T09:27:26.180Z,1.442,2,1000,640x360,1.9449749999999995,1144,
2025-12-17T09:27:26.707Z,1.406,2,1000,640x360,1.9145369999999957,1167,
2025-12-17T09:27:27.221Z,1.401,2,1000,640x360,2.0008209999999735,1184,
2025-12-17T09:27:27.730Z,1.389,2,1000,640x360,2.008489999999995,1202,
2025-12-17T09:27:28.226Z,1.41,2,1000,640x360,2.002539000000013,1217,
2025-12-17T09:27:28.683Z,1.429,2,1000,640x360,1.9570099999999684,1214,
2025-12-17T09:27:29.210Z,1.396,2,1000,640x360,1.9143680000000245,1201,
2025-12-17T09:27:29.709Z,1.42,2,1000,640x360,1.944862999999998,1204,
2025-12-17T09:27:30.225Z,1.401,2,1000,640x360,2.0036760000000413,1205,
2025-12-17T09:27:30.799Z,1.3,2,1000,640x360,1.927191999999991,1208,
2025-12-17T09:27:31.298Z,1.281,2,1000,640x360,1.9265670000000341,1216,
2025-12-17T09:27:31.837Z,1.305,2,1000,640x360,2.000590999999986,1228,
2025-12-17T09:27:32.420Z,1.193,2,1000,640x360,1.9993939999999952,1236,
2025-12-17T09:27:32.917Z,1.186,2,1000,640x360,1.912351000000001,1237,
2025-12-17T09:27:33.285Z,1.328,2,1000,640x360,1.9358970000000113,1242,
2025-12-17T09:27:33.863Z,1.257,2,1000,640x360,1.9824259999999754,1235,
2025-12-17T09:27:34.512Z,1.112,2,1000,640x360,1.9137279999999919,1233,
2025-12-17T09:27:35.006Z,1.105,2,1000,640x360,1.9182579999999803,1239,
2025-12-17T09:27:35.446Z,1.164,2,1000,640x360,1.9721639999999638,1245,
2025-12-17T09:27:36.220Z,0.991,2,1000,640x360,2.0008209999999735,1244,
2025-12-17T09:27:36.290Z,0.901,1,600,480x270,1.9302599999999757,1242,
2025-12-17T09:27:36.561Z,1.021,1,600,480x270,1.972660000000019,1242,
2025-12-17T09:27:36.885Z,1.235,1,600,480x270,1.9474690000000123,1242,
2025-12-17T09:27:37.229Z,1.385,1,600,480x270,2.001850999999988,1242,
2025-12-17T09:27:37.639Z,1.471,1,600,480x270,1.9999589999999898,1241,
2025-12-17T09:27:37.942Z,1.669,1,600,480x270,2.0006629999999745,1276,
2025-12-17T09:27:38.222Z,1.881,1,600,480x270,2.0039279999999735,1276,
2025-12-17T09:27:38.496Z,2.099,1,600,480x270,1.930170999999973,1272,
2025-12-17T09:27:38.846Z,2.269,1,600,480x270,1.978584000000012,1275,
2025-12-17T09:27:39.360Z,2.289,1,600,480x270,1.9606679999999983,1273,
2025-12-17T09:27:39.706Z,1.977,2,1000,640x360,1.9191559999999868,1272,
2025-12-17T09:27:40.636Z,1.483,2,1000,640x360,2.003428999999983,1272,
2025-12-17T09:27:41.249Z,1.422,2,1000,640x360,1.9746339999999805,1249,
2025-12-17T09:27:41.787Z,1.356,2,1000,640x360,1.9516160000000013,1245,
2025-12-17T09:27:42.314Z,1.302,2,1000,640x360,1.9126459999999952,1245,
2025-12-17T09:27:42.845Z,1.268,2,1000,640x360,1.980054999999993,1229,
2025-12-17T09:27:43.376Z,1.237,2,1000,640x360,1.9447159999999712,1222,
2025-12-17T09:27:43.930Z,1.198,2,1000,640x360,1.993387000000041,1244,
2025-12-17T09:27:44.494Z,1.13,2,1000,640x360,1.925215000000037,1255,
2025-12-17T09:27:45.064Z,1.067,2,1000,640x360,1.9655179999999746,1300,
2025-12-17T09:27:45.620Z,1.013,2,1000,640x360,2.0104580000000283,1318,
2025-12-17T09:27:46.194Z,0.901,2,1000,640x360,1.9445989999999824,1316,
2025-12-17T09:27:46.269Z,0.931,1,600,480x270,1.9612419999999702,1315,
2025-12-17T09:27:46.553Z,1.06,1,600,480x270,1.9666569999999979,1315,
2025-12-17T09:27:46.865Z,1.249,1,600,480x270,1.9680270000000064,1315,
2025-12-17T09:27:47.204Z,1.409,1,600,480x270,1.922663,1311,
2025-12-17T09:27:47.555Z,1.547,1,600,480x270,1.9657109999999989,1296,
2025-12-17T09:27:47.926Z,1.688,1,600,480x270,2.0009000000000015,1284,
2025-12-17T09:27:48.284Z,1.815,1,600,480x270,1.936284999999998,1284,
2025-12-17T09:27:48.644Z,2.005,1,600,480x270,1.9963750000000005,1268,
2025-12-17T09:27:49.002Z,2.103,1,600,480x270,1.9288960000000088,1269,
2025-12-17T09:27:49.510Z,2.115,1,600,480x270,1.9109320000000025,1268,
2025-12-17T09:27:49.677Z,1.986,2,1000,640x360,1.9714420000000246,1277,
2025-12-17T09:27:50.207Z,1.895,2,1000,640x360,1.9178890000000024,1277,
2025-12-17T09:27:50.773Z,1.87,2,1000,640x360,1.971523999999988,1269,
2025-12-17T09:27:51.321Z,1.796,2,1000,640x360,2.004882000000009,1252,
2025-12-17T09:27:51.849Z,1.764,2,1000,640x360,1.9718829999999912,1283,
2025-12-17T09:27:52.546Z,1.726,2,1000,640x360,1.9788539999999557,1267,
2025-12-17T09:27:53.076Z,1.539,2,1000,640x360,1.945662000000027,1271,
2025-12-17T09:27:53.590Z,1.537,2,1000,640x360,1.9384469999999965,1274,
2025-12-17T09:27:54.131Z,1.497,2,1000,640x360,1.9971120000000155,1277,
2025-12-17T09:27:54.664Z,1.462,2,1000,640x360,1.9738439999999855,1319,
2025-12-17T09:27:55.065Z,1.582,2,1000,640x360,1.9704150000000027,1319,
2025-12-17T09:27:55.604Z,1.526,2,1000,640x360,1.9250579999999786,1320,
2025-12-17T09:27:56.148Z,1.488,2,1000,640x360,1.9754729999999654,1350,
2025-12-17T09:27:56.614Z,1.513,2,1000,640x360,1.9181730000000243,1338,
2025-12-17T09:27:56.990Z,1.611,2,1000,640x360,1.9322390000000382,1343,
2025-12-17T09:27:57.611Z,1.509,2,1000,640x360,1.9304890000000228,1343,
2025-12-17T09:27:58.251Z,1.362,2,1000,640x360,1.9783160000000066,1329,
2025-12-17T09:27:58.852Z,1.273,2,1000,640x360,1.9895500000000084,1331,
2025-12-17T09:27:59.368Z,1.245,2,1000,640x360,1.956848999999977,1333,
2025-12-17T09:27:59.862Z,1.253,2,1000,640x360,1.9673990000000003,1361,
2025-12-17T09:28:00.204Z,1.396,2,1000,640x360,1.920566000000008,1353,
2025-12-17T09:28:00.965Z,1.157,2,1000,640x360,1.956344999999999,1391,
2025-12-17T09:28:01.443Z,1.167,2,1000,640x360,1.9755419999999617,1391,
2025-12-17T09:28:01.877Z,1.228,2,1000,640x360,1.9548259999999686,1395,
2025-12-17T09:28:02.440Z,1.18,2,1000,640x360,1.9816900000000146,1392,
2025-12-17T09:28:03.011Z,1.168,2,1000,640x360,1.9203669999999988,1395,
2025-12-17T09:28:03.477Z,1.122,2,1000,640x360,1.9533559999999852,1369,
2025-12-17T09:28:03.946Z,1.17,2,1000,640x360,1.9757189999999696,1374,
2025-12-17T09:28:04.873Z,0.748,2,1000,640x360,1.959181000000001,1376,
2025-12-17T09:28:04.951Z,0.748,1,600,480x270,1.9741839999999797,1268,
2025-12-17T09:28:05.432Z,0.673,1,600,480x270,1.9919209999999907,1268,
2025-12-17T09:28:05.945Z,0.684,1,600,480x270,1.981452000000047,1198,
2025-12-17T09:28:06.471Z,0.654,1,600,480x270,1.9599190000000135,1188,
2025-12-17T09:28:06.942Z,0.661,1,600,480x270,1.9893429999999626,1152,
2025-12-17T09:28:07.424Z,0.67,1,600,480x270,2.00014699999997,1077,
2025-12-17T09:28:08.003Z,0.602,1,600,480x270,1.9295149999999808,1039,
2025-12-17T09:28:08.531Z,0.567,1,600,480x270,1.989231000000018,986,
2025-12-17T09:28:09.089Z,0.531,1,600,480x270,1.9535189999999716,940,
2025-12-17T09:28:09.569Z,0.559,1,600,480x270,1.968073000000004,945,
2025-12-17T09:28:09.987Z,0.631,1,600,480x270,1.9370690000000081,917,
2025-12-17T09:28:10.310Z,0.804,1,600,480x270,1.9100360000000478,917,
2025-12-17T09:28:10.668Z,0.935,1,600,480x270,1.9609029999999734,911,
2025-12-17T09:28:11.036Z,1.065,1,600,480x270,1.987982000000045,908,
2025-12-17T09:28:11.406Z,1.194,1,600,480x270,1.9166329999999903,908,
2025-12-17T09:28:11.847Z,1.288,1,600,480x270,1.9872369999999933,970,
2025-12-17T09:28:12.175Z,1.444,1,600,480x270,1.950790999999981,1086,
2025-12-17T09:28:12.243Z,1.449,2,1000,640x360,1.9808340000000157,1092,
2025-12-17T09:28:12.800Z,1.314,2,1000,640x360,1.9207719999999995,1092,
2025-12-17T09:28:13.378Z,1.248,2,1000,640x360,1.9435179999999832,1066,
2025-12-17T09:28:13.943Z,1.174,2,1000,640x360,1.9866199999999594,1064,
2025-12-17T09:28:14.523Z,1.081,2,1000,640x360,1.9958059999999591,1074,
2025-12-17T09:28:15.112Z,1.001,2,1000,640x360,1.9192630000000008,1119,
2025-12-17T09:28:15.534Z,1.069,2,1000,640x360,1.9915619999999876,1112,
2025-12-17T09:28:16.104Z,1.017,2,1000,640x360,1.9218039999999519,1112,
2025-12-17T09:28:16.614Z,1.006,2,1000,640x360,1.920315999999957,1068,
2025-12-17T09:28:17.059Z,1.074,2,1000,640x360,1.9756440000000453,1045,
2025-12-17T09:28:17.767Z,0.881,2,1000,640x360,1.9688110000000165,1099,
2025-12-17T09:28:17.839Z,0.808,1,600,480x270,1.9842969999999696,1143,
2025-12-17T09:28:18.178Z,0.922,1,600,480x270,1.9420709999999985,1143,
2025-12-17T09:28:18.473Z,1.125,1,600,480x270,1.9469439999999736,1143,
2025-12-17T09:28:18.837Z,1.229,1,600,480x270,1.9895050000000083,1143,
2025-12-17T09:28:19.214Z,1.419,1,600,480x270,1.9063899999999876,1131,
2025-12-17T09:28:19.536Z,1.553,1,600,480x270,1.9918650000000184,1142,
2025-12-17T09:28:19.882Z,1.748,1,600,480x270,1.946706000000006,1142,
2025-12-17T09:28:20.170Z,1.944,1,600,480x270,1.9562799999999925,1152,
2025-12-17T09:28:20.491Z,2.098,1,600,480x270,1.932452000000012,1174,
2025-12-17T09:28:20.943Z,2.169,1,600,480x270,1.9896699999999896,1190,
2025-12-17T09:28:21.478Z,2.12,1,600,480x270,1.9428739999999607,1184,
2025-12-17T09:28:21.556Z,2.143,2,1000,640x360,1.9806090000000154,1184,
2025-12-17T09:28:22.146Z,1.965,2,1000,640x360,1.9791389999999751,1185,
2025-12-17T09:28:22.647Z,1.983,2,1000,640x360,1.9947279999999523,1193,
2025-12-17T09:28:23.256Z,1.847,2,1000,640x360,1.969682999999975,1206,
2025-12-17T09:28:23.973Z,1.62,2,1000,640x360,1.9554229999999961,1210,
2025-12-17T09:28:24.658Z,1.486,2,1000,640x360,1.9854210000000307,1208,
2025-12-17T09:28:25.359Z,1.298,2,1000,640x360,1.9711700000000292,1180,
2025-12-17T09:28:26.050Z,1.086,2,1000,640x360,1.9845359999999914,1129,
2025-12-17T09:28:26.750Z,0.903,2,1000,640x360,1.9739880000000198,1185,
2025-12-17T09:28:26.825Z,0.873,1,600,480x270,1.8989500000000135,1160,
2025-12-17T09:28:27.286Z,0.816,1,600,480x270,1.9344760000000178,1160,
2025-12-17T09:28:27.651Z,0.957,1,600,480x270,1.982541000000026,1193,
2025-12-17T09:28:28.029Z,1.081,1,600,480x270,1.999100999999996,1217,
2025-12-17T09:28:28.435Z,1.201,1,600,480x270,1.9855330000000322,1217,
2025-12-17T09:28:28.869Z,1.281,1,600,480x270,1.9721079999999915,1207,
2025-12-17T09:28:29.314Z,1.308,1,600,480x270,1.918311000000017,1233,
2025-12-17T09:28:29.663Z,1.465,1,600,480x270,1.9621309999999994,1218,
2025-12-17T09:28:29.991Z,1.608,1,600,480x270,1.9418959999999856,1212,
2025-12-17T09:28:30.321Z,1.799,1,600,480x270,1.99866099999997,1212,
2025-12-17T09:28:30.394Z,1.798,2,1000,640x360,1.9254189999999767,1207,
2025-12-17T09:28:30.909Z,1.716,2,1000,640x360,1.9190649999999891,1207,
2025-12-17T09:28:31.480Z,1.654,2,1000,640x360,1.9394740000000183,1243,
2025-12-17T09:28:31.941Z,1.678,2,1000,640x360,1.992640999999992,1245,
2025-12-17T09:28:32.448Z,1.644,2,1000,640x360,1.9748369999999795,1251,
2025-12-17T09:28:33.034Z,1.601,2,1000,640x360,2.0004089999999906,1245,
2025-12-17T09:28:33.565Z,1.573,2,1000,640x360,1.9694399999999632,1256,
2025-12-17T09:28:34.020Z,1.591,2,1000,640x360,2.0014319999999657,1273,
2025-12-17T09:28:34.531Z,1.58,2,1000,640x360,1.9915959999999586,1273,
2025-12-17T09:28:35.018Z,1.595,2,1000,640x360,1.907940999999994,1292,
2025-12-17T09:28:35.734Z,1.4,2,1000,640x360,1.9949770000000058,1269,
2025-12-17T09:28:36.278Z,1.347,2,1000,640x360,1.9429020000000037,1302,
2025-12-17T09:28:36.729Z,1.397,2,1000,640x360,2.0075479999999857,1315,
2025-12-17T09:28:37.203Z,1.427,2,1000,640x360,1.922091000000023,1317,
2025-12-17T09:28:37.774Z,1.327,2,1000,640x360,1.9483539999999948,1321,
2025-12-17T09:28:38.343Z,1.277,2,1000,640x360,1.9821440000000052,1319,
2025-12-17T09:28:38.883Z,1.231,2,1000,640x360,1.9449860000000285,1296,
2025-12-17T09:28:39.425Z,1.211,2,1000,640x360,1.9958709999999655,1291,
2025-12-17T09:28:39.946Z,1.183,2,1000,640x360,1.983920000000012,1290,
2025-12-17T09:28:40.474Z,1.149,2,1000,640x360,1.9486279999999851,1334,
2025-12-17T09:28:41.011Z,1.111,2,1000,640x360,1.924966999999981,1304,
2025-12-17T09:28:41.538Z,1.086,2,1000,640x360,1.9937999999999647,1306,
2025-12-17T09:28:42.042Z,1.097,2,1000,640x360,2.0027559999999767,1354,
2025-12-17T09:28:42.482Z,1.134,2,1000,640x360,1.943916999999999,1352,
2025-12-17T09:28:43.112Z,0.983,2,1000,640x360,1.9171509999999898,1350,
2025-12-17T09:28:43.939Z,0.672,2,1000,640x360,1.9952440000000138,1255,
2025-12-17T09:28:44.005Z,0.63,1,600,480x270,1.9283930000000282,1135,
2025-12-17T09:28:44.493Z,0.58,1,600,480x270,1.933762999999999,1135,
2025-12-17T09:28:45.061Z,0.574,1,600,480x270,1.9675149999999917,1103,
2025-12-17T09:28:45.383Z,0.273,1,600,480x270,1.9512849999999844,1039,rebuffer happen
2025-12-17T09:28:45.457Z,0.297,1,600,480x270,1.9655989999999974,1039,rebuffer happen
2025-12-17T09:28:45.639Z,0.479,1,600,480x270,2.000603999999953,1039,
2025-12-17T09:28:45.969Z,0.233,1,600,480x270,1.9676719999999932,1013,rebuffer happen
2025-12-17T09:28:46.283Z,0.336,1,600,480x270,1.9507370000000037,1013,
2025-12-17T09:28:46.524Z,0.113,1,600,480x270,2.0172880000000077,987,rebuffer happen
2025-12-17T09:28:46.799Z,0.271,1,600,480x270,1.9377390000000219,987,rebuffer happen
2025-12-17T09:28:46.830Z,0.272,1,600,480x270,2.015671999999995,987,rebuffer happen
2025-12-17T09:28:46.839Z,0.272,1,600,480x270,2.0068469999999934,987,
2025-12-17T09:28:47.383Z,0.235,1,600,480x270,1.954355000000021,936,
2025-12-17T09:28:47.450Z,0.25,0,200,320x180,1.986567999999977,933,
2025-12-17T09:28:47.623Z,0.472,0,200,320x180,2.01696800000002,933,
2025-12-17T09:28:47.812Z,0.778,0,200,320x180,1.9239790000000312,932,
2025-12-17T09:28:47.999Z,1.119,0,200,320x180,1.9343809999999735,932,
2025-12-17T09:28:48.183Z,1.396,0,200,320x180,1.9473220000000424,932,
2025-12-17T09:28:48.373Z,1.739,0,200,320x180,1.9595560000000205,890,
2025-12-17T09:28:48.559Z,2.057,0,200,320x180,1.9810510000000363,890,
2025-12-17T09:28:48.824Z,2.288,0,200,320x180,2.014078999999981,875,
2025-12-17T09:28:49.323Z,2.278,0,200,320x180,2.002431999999999,873,
2025-12-17T09:28:49.826Z,2.291,0,200,320x180,2.017877999999996,875,
2025-12-17T09:28:50.338Z,2.264,0,200,320x180,1.9938769999999977,881,
2025-12-17T09:28:50.886Z,2.267,0,200,320x180,1.9343569999999772,894,
2025-12-17T09:28:50.964Z,2.184,1,600,480x270,1.9573619999999892,894,
2025-12-17T09:28:51.550Z,2.051,1,600,480x270,1.9853030000000444,914,
2025-12-17T09:28:52.063Z,2.058,1,600,480x270,1.9699689999999919,936,
2025-12-17T09:28:52.570Z,2.031,1,600,480x270,1.958765000000028,945,
2025-12-17T09:28:52.975Z,2.101,1,600,480x270,1.9550219999999854,958,
2025-12-17T09:28:53.485Z,2.118,1,600,480x270,1.9346780000000194,980,
2025-12-17T09:28:53.986Z,2.097,1,600,480x270,1.9480760000000146,974,
2025-12-17T09:28:54.494Z,2.095,1,600,480x270,1.9266319999999837,977,
2025-12-17T09:28:55.302Z,1.786,1,600,480x270,1.921839000000034,985,
2025-12-17T09:28:55.760Z,1.858,1,600,480x270,1.964133000000004,975,
2025-12-17T09:28:56.150Z,1.959,1,600,480x270,1.9770939999999655,1021,
2025-12-17T09:28:56.230Z,1.97,2,1000,640x360,1.8966199999999844,1027,
2025-12-17T09:28:56.830Z,1.769,2,1000,640x360,2.002845999999977,1027,
2025-12-17T09:28:57.409Z,1.705,2,1000,640x360,1.91621200000003,1008,
2025-12-17T09:28:58.049Z,1.584,2,1000,640x360,1.9868930000000091,987,
2025-12-17T09:28:58.693Z,1.465,2,1000,640x360,1.9340680000000248,1101,
2025-12-17T09:28:59.177Z,1.453,2,1000,640x360,1.9583830000000262,1117,
2025-12-17T09:28:59.780Z,1.361,2,1000,640x360,1.945636000000036,1114,
2025-12-17T09:29:00.323Z,1.305,2,1000,640x360,1.9976390000000492,1121,
2025-12-17T09:29:00.930Z,1.19,2,1000,640x360,2.005927999999983,1158,
2025-12-17T09:29:01.534Z,1.08,2,1000,640x360,1.9916920000000005,1145,
2025-12-17T09:29:02.206Z,0.901,2,1000,640x360,1.921908999999971,1122,
2025-12-17T09:29:02.284Z,0.919,1,600,480x270,1.9446940000000268,1117,
2025-12-17T09:29:02.583Z,1.002,1,600,480x270,1.9497220000000084,1117,
2025-12-17T09:29:02.898Z,1.196,1,600,480x270,1.9317500000000223,1117,
2025-12-17T09:29:03.190Z,1.389,1,600,480x270,1.935085000000015,1117,
2025-12-17T09:29:03.493Z,1.573,1,600,480x270,1.9257350000000315,1125,
2025-12-17T09:29:03.837Z,1.777,1,600,480x270,1.9885710000000358,1125,
2025-12-17T09:29:04.176Z,1.938,1,600,480x270,1.9461389999999597,1124,
2025-12-17T09:29:04.532Z,2.069,1,600,480x270,1.990160000000003,1124,
2025-12-17T09:29:05.050Z,2.066,1,600,480x270,1.9777569999999969,1132,
2025-12-17T09:29:05.590Z,2.016,1,600,480x270,1.9397950000000037,1141,
2025-12-17T09:29:05.689Z,1.988,2,1000,640x360,1.9430869999999913,1149,
2025-12-17T09:29:06.286Z,1.841,2,1000,640x360,1.9358400000000415,1149,
2025-12-17T09:29:06.813Z,1.806,2,1000,640x360,1.9189079999999876,1161,
2025-12-17T09:29:07.386Z,1.701,2,1000,640x360,1.935085000000015,1143,
2025-12-17T09:29:07.944Z,1.669,2,1000,640x360,1.9902480000000082,1161,
2025-12-17T09:29:08.512Z,1.626,2,1000,640x360,1.9193449999999643,1142,
2025-12-17T09:29:09.058Z,1.533,2,1000,640x360,1.9681810000000155,1158,
2025-12-17T09:29:09.631Z,1.49,2,1000,640x360,2.0118930000000432,1145,
2025-12-17T09:29:10.212Z,1.416,2,1000,640x360,1.9150170000000344,1151,
2025-12-17T09:29:10.841Z,1.314,2,1000,640x360,2.005911000000026,1122,
2025-12-17T09:29:11.450Z,1.185,2,1000,640x360,1.9738770000000159,1103,
2025-12-17T09:29:11.922Z,1.207,2,1000,640x360,2.0044530000000123,1124,
2025-12-17T09:29:12.406Z,1.233,2,1000,640x360,1.9127960000000144,1111,
2025-12-17T09:29:13.185Z,0.972,2,1000,640x360,1.9425689999999918,1148,
2025-12-17T09:29:13.264Z,0.935,1,600,480x270,1.9560630000000288,1148,
2025-12-17T09:29:13.581Z,1.046,1,600,480x270,1.9450879999999984,1148,
2025-12-17T09:29:13.915Z,1.205,1,600,480x270,1.920816000000002,1151,
2025-12-17T09:29:14.224Z,1.357,1,600,480x270,2.00227799999999,1151,
2025-12-17T09:29:14.572Z,1.527,1,600,480x270,1.9473659999999882,1197,
2025-12-17T09:29:14.754Z,1.824,1,600,480x270,1.9653850000000261,1195,
2025-12-17T09:29:14.959Z,2.14,1,600,480x270,1.9675139999999942,1195,
2025-12-17T09:29:15.383Z,2.217,1,600,480x270,1.9434249999999906,1207,
2025-12-17T09:29:16.034Z,2.037,1,600,480x270,1.9910300000000234,1204,
2025-12-17T09:29:16.489Z,2.11,1,600,480x270,1.9278439999999932,1201,
2025-12-17T09:29:16.666Z,2.084,2,1000,640x360,1.9589879999999766,1202,
2025-12-17T09:29:17.258Z,1.87,2,1000,640x360,1.9740070000000287,1202,
2025-12-17T09:29:17.865Z,1.756,2,1000,640x360,1.9621980000000008,1215,
2025-12-17T09:29:18.453Z,1.674,2,1000,640x360,1.9792899999999918,1217,
2025-12-17T09:29:19.644Z,0.978,2,1000,640x360,1.9844949999999812,1191,
2025-12-17T09:29:20.253Z,0.863,2,1000,640x360,1.973655000000008,1197,
2025-12-17T09:29:20.330Z,0.802,1,600,480x270,1.9891949999999952,1178,
2025-12-17T09:29:20.607Z,1.007,1,600,480x270,1.917380000000037,1178,
2025-12-17T09:29:20.842Z,1.259,1,600,480x270,1.980729999999994,1159,
2025-12-17T09:29:21.108Z,1.506,1,600,480x270,1.9178790000000276,1159,
2025-12-17T09:29:21.391Z,1.723,1,600,480x270,1.931808999999987,1137,
2025-12-17T09:29:21.730Z,1.892,1,600,480x270,2.0074030000000107,1137,
2025-12-17T09:29:22.132Z,1.968,1,600,480x270,1.993483000000026,1145,
2025-12-17T09:29:22.519Z,2.114,1,600,480x270,2.001236000000006,1165,
2025-12-17T09:29:22.946Z,2.176,1,600,480x270,1.9830890000000068,1158,
2025-12-17T09:29:23.549Z,2.063,1,600,480x270,1.978930000000048,1165,
2025-12-17T09:29:23.738Z,1.913,2,1000,640x360,1.9919659999999908,1158,
2025-12-17T09:29:24.462Z,1.66,2,1000,640x360,1.962175000000002,1158,
2025-12-17T09:29:25.133Z,1.489,2,1000,640x360,1.987449999999967,1188,
2025-12-17T09:29:25.659Z,1.446,2,1000,640x360,1.9691389999999842,1196,
2025-12-17T09:29:26.254Z,1.403,2,1000,640x360,1.9695199999999886,1204,
2025-12-17T09:29:26.778Z,1.356,2,1000,640x360,1.9659829999999943,1199,
2025-12-17T09:29:27.278Z,1.348,2,1000,640x360,1.95451300000002,1204,
2025-12-17T09:29:27.807Z,1.304,2,1000,640x360,1.922177999999974,1204,
2025-12-17T09:29:28.303Z,1.308,2,1000,640x360,1.9240690000000313,1207,
2025-12-17T09:29:28.744Z,1.373,2,1000,640x360,1.9815719999999715,1205,
2025-12-17T09:29:29.076Z,1.548,2,1000,640x360,1.9515609999999697,1215,
2025-12-17T09:29:29.403Z,1.719,2,1000,640x360,1.9168449999999666,1201,
2025-12-17T09:29:29.843Z,1.771,2,1000,640x360,1.981091000000049,1201,
2025-12-17T09:29:30.630Z,1.483,2,1000,640x360,2.0082720000000336,1212,
2025-12-17T09:29:31.672Z,0.973,2,1000,640x360,1.9680399999999736,1197,
2025-12-17T09:29:31.758Z,0.954,1,600,480x270,1.9908300000000168,1101,
2025-12-17T09:29:32.182Z,0.942,1,600,480x270,1.946567000000016,1101,
2025-12-17T09:29:32.570Z,1.063,1,600,480x270,1.9632520000000113,1084,
2025-12-17T09:29:32.999Z,1.122,1,600,480x270,1.9342139999999972,1086,
2025-12-17T09:29:33.408Z,1.177,1,600,480x270,1.9270179999999755,1086,
2025-12-17T09:29:33.809Z,1.287,1,600,480x270,1.912779999999998,1071,
2025-12-17T09:29:34.234Z,1.369,1,600,480x270,1.9888070000000084,1070,
2025-12-17T09:29:34.602Z,1.487,1,600,480x270,1.925939000000028,1057,
2025-12-17T09:29:34.982Z,1.642,1,600,480x270,1.945568000000037,1059,
2025-12-17T09:29:35.354Z,1.764,1,600,480x270,1.9704590000000053,1059,
2025-12-17T09:29:35.434Z,1.697,2,1000,640x360,1.9881490000000213,1034,
2025-12-17T09:29:36.172Z,1.468,2,1000,640x360,1.9583880000000136,1034,
2025-12-17T09:29:36.921Z,1.231,2,1000,640x360,2.0050540000000296,1044,
2025-12-17T09:29:37.725Z,0.911,2,1000,640x360,2.0015640000000303,1030,
2025-12-17T09:29:38.470Z,0.658,2,1000,640x360,1.9498609999999985,1015,
2025-12-17T09:29:39.167Z,0.46,2,1000,640x360,1.9551079999999956,1040,
2025-12-17T09:29:39.253Z,0.454,1,600,480x270,1.9729079999999612,1055,
2025-12-17T09:29:39.397Z,0.223,1,600,480x270,1.9221029999999928,1055,rebuffer happen
2025-12-17T09:29:39.460Z,0.293,1,600,480x270,1.95869399999998,1055,rebuffer happen
2025-12-17T09:29:39.632Z,0.495,1,600,480x270,2.0128540000000044,1055,
2025-12-17T09:29:40.034Z,0.58,1,600,480x270,1.9993649999999548,1051,
2025-12-17T09:29:40.456Z,0.661,1,600,480x270,1.9693100000000072,1051,
2025-12-17T09:29:40.965Z,0.687,1,600,480x270,1.9561770000000251,1006,
2025-12-17T09:29:41.390Z,0.729,1,600,480x270,1.9306589999999915,988,
2025-12-17T09:29:41.745Z,0.876,1,600,480x270,1.9837660000000028,1069,
2025-12-17T09:29:42.148Z,0.954,1,600,480x270,1.9856979999999567,1060,
2025-12-17T09:29:42.620Z,1.011,1,600,480x270,2.006889000000001,1061,
2025-12-17T09:29:42.690Z,1.007,2,1000,640x360,1.9363559999999893,1043,
2025-12-17T09:29:43.305Z,0.812,2,1000,640x360,1.9159400000000346,1043,
2025-12-17T09:29:43.886Z,0.756,2,1000,640x360,1.9436089999999808,1112,
2025-12-17T09:29:44.527Z,0.604,2,1000,640x360,2.000628000000006,1079,
2025-12-17T09:29:45.161Z,0.47,2,1000,640x360,1.9615869999999518,1088,
2025-12-17T09:29:45.398Z,0.256,2,1000,640x360,1.9256719999999632,1082,rebuffer happen
2025-12-17T09:29:45.762Z,0.368,2,1000,640x360,1.9596130000000471,1082,
2025-12-17T09:29:46.170Z,0.447,2,1000,640x360,1.9517479999999523,1121,
2025-12-17T09:29:46.240Z,0.45,1,600,480x270,1.9889749999999822,1132,
2025-12-17T09:29:46.474Z,0.609,1,600,480x270,1.958078999999998,1132,
2025-12-17T09:29:46.735Z,0.873,1,600,480x270,1.9917010000000346,1132,
2025-12-17T09:29:47.197Z,0.936,1,600,480x270,1.9275119999999788,1123,
2025-12-17T09:29:47.925Z,0.698,1,600,480x270,2.0062449999999785,1121,
2025-12-17T09:29:48.457Z,0.658,1,600,480x270,1.9616120000000024,1117,
2025-12-17T09:29:48.752Z,0.862,1,600,480x270,1.9695920000000342,1131,
2025-12-17T09:29:49.072Z,1.029,1,600,480x270,1.9487120000000004,1125,
2025-12-17T09:29:49.398Z,1.216,1,600,480x270,1.9321059999999761,1084,
2025-12-17T09:29:49.762Z,1.354,1,600,480x270,1.9583770000000413,1084,
2025-12-17T09:29:49.844Z,1.358,2,1000,640x360,1.9855660000000057,1056,
2025-12-17T09:29:50.280Z,1.347,2,1000,640x360,1.951936000000046,1056,
2025-12-17T09:29:50.928Z,1.201,2,1000,640x360,2.0023899999999912,1118,
2025-12-17T09:29:51.890Z,0.715,2,1000,640x360,1.9393529999999828,1117,
2025-12-17T09:29:52.576Z,0.565,2,1000,640x360,1.9510080000000016,1122,
2025-12-17T09:29:53.153Z,0.479,2,1000,640x360,1.9843460000000164,1140,
2025-12-17T09:29:53.793Z,0.34,2,1000,640x360,1.9426140000000487,1142,
2025-12-17T09:29:53.871Z,0.33,1,600,480x270,1.9505359999999996,1139,
2025-12-17T09:29:53.872Z,0.251,1,600,480x270,1.9497860000000173,1139,rebuffer happen
2025-12-17T09:29:54.178Z,0.425,1,600,480x270,1.9480930000000285,1139,
2025-12-17T09:29:54.519Z,0.584,1,600,480x270,1.9044209999999566,1131,
2025-12-17T09:29:54.848Z,0.769,1,600,480x270,1.976427000000001,1131,
2025-12-17T09:29:55.102Z,0.999,1,600,480x270,1.927062000000035,1125,
2025-12-17T09:29:55.321Z,1.258,1,600,480x270,1.9996170000000006,1124,
2025-12-17T09:29:55.650Z,1.496,1,600,480x270,1.9753000000000043,1124,
2025-12-17T09:29:56.179Z,1.461,1,600,480x270,1.9429759999999874,1132,
2025-12-17T09:29:56.669Z,1.441,1,600,480x270,1.976101999999969,1125,
2025-12-17T09:29:56.993Z,1.617,1,600,480x270,1.9402989999999818,1096,
2025-12-17T09:29:57.303Z,1.816,1,600,480x270,1.9208700000000363,1096,
2025-12-17T09:29:57.378Z,1.82,2,1000,640x360,1.950206000000037,1087,
2025-12-17T09:29:57.892Z,1.74,2,1000,640x360,1.93468299999995,1087,
2025-12-17T09:29:58.447Z,1.683,2,1000,640x360,1.9757210000000214,1083,
2025-12-17T09:29:58.956Z,1.661,2,1000,640x360,1.9735160000000178,1096,
2025-12-17T09:29:59.460Z,1.653,2,1000,640x360,1.9603050000000053,1103,
2025-12-17T09:30:00.028Z,1.604,2,1000,640x360,2.004036000000042,1102,
2025-12-17T09:30:00.616Z,1.532,2,1000,640x360,1.917509999999993,1104,
2025-12-17T09:30:01.291Z,1.279,2,1000,640x360,1.936900000000037,1115,
2025-12-17T09:30:01.816Z,1.286,2,1000,640x360,1.9064950000000067,1105,
2025-12-17T09:30:02.436Z,1.179,2,1000,640x360,1.9872889999999757,1086,
2025-12-17T09:30:03.752Z,0.347,2,1000,640x360,1.9737930000000006,1097,
2025-12-17T09:30:03.833Z,0.373,1,600,480x270,1.9931270000000154,1088,
2025-12-17T09:30:03.834Z,0.29,1,600,480x270,1.9922579999999925,1088,rebuffer happen
2025-12-17T09:30:04.099Z,0.024,1,600,480x270,1.9238189999999804,1088,rebuffer happen
2025-12-17T09:30:04.315Z,0.331,1,600,480x270,1.9558339999999816,1088,
2025-12-17T09:30:04.451Z,0.247,1,600,480x270,2.0144149999999854,1042,rebuffer happen
2025-12-17T09:30:04.699Z,0.472,1,600,480x270,1.9835029999999847,1042,
2025-12-17T09:30:05.005Z,0.661,1,600,480x270,1.9549849999999651,998,
2025-12-17T09:30:05.492Z,0.655,1,600,480x270,1.9479109999999764,998,
2025-12-17T09:30:05.978Z,0.638,1,600,480x270,1.9490109999999845,972,
2025-12-17T09:30:06.267Z,0.853,1,600,480x270,1.9556719999999927,998,
2025-12-17T09:30:06.641Z,0.973,1,600,480x270,1.9821169999999597,1005,
2025-12-17T09:30:07.070Z,1.032,1,600,480x270,1.948959000000002,958,
2025-12-17T09:30:07.479Z,1.139,1,600,480x270,1.9409459999999967,950,
2025-12-17T09:30:07.914Z,1.192,1,600,480x270,1.9111480000000256,950,
2025-12-17T09:30:08.372Z,1.23,1,600,480x270,1.9533860000000232,960,
2025-12-17T09:30:08.823Z,1.241,1,600,480x270,2.0055770000000166,938,
2025-12-17T09:30:09.252Z,1.353,1,600,480x270,1.9766950000000065,974,
2025-12-17T09:30:09.660Z,1.459,1,600,480x270,1.9710489999999936,980,
2025-12-17T09:30:10.045Z,1.555,1,600,480x270,1.9775109999999927,962,
2025-12-17T09:30:10.368Z,1.697,1,600,480x270,1.9620229999999879,962,
2025-12-17T09:30:10.706Z,1.916,1,600,480x270,1.9229740000000106,940,
2025-12-17T09:30:11.049Z,2.054,1,600,480x270,1.9855469999999968,956,
2025-12-17T09:30:11.536Z,2.065,1,600,480x270,1.9897920000000227,961,
2025-12-17T09:30:11.636Z,2.086,2,1000,640x360,1.9880190000000084,1024,
2025-12-17T09:30:12.105Z,2,2,1000,640x360,1.9213700000000244,1024,
2025-12-17T09:30:12.720Z,1.912,2,1000,640x360,2.0086620000000153,1005,
2025-12-17T09:30:13.248Z,1.877,2,1000,640x360,1.9768760000000043,981,
2025-12-17T09:30:13.752Z,1.848,2,1000,640x360,1.9729519999999638,968,
2025-12-17T09:30:14.247Z,1.848,2,1000,640x360,1.9751479999999901,1031,
2025-12-17T09:30:14.771Z,1.836,2,1000,640x360,1.9681949999999802,1040,
2025-12-17T09:30:15.307Z,1.792,2,1000,640x360,1.916969999999992,1067,
2025-12-17T09:30:15.824Z,1.777,2,1000,640x360,2.0013359999999807,1084,
2025-12-17T09:30:16.420Z,1.7,2,1000,640x360,1.999685999999997,1074,
2025-12-17T09:30:17.477Z,1.16,2,1000,640x360,1.9480269999999678,1078,
2025-12-17T09:30:18.212Z,0.896,2,1000,640x360,1.9123220000000174,1086,
2025-12-17T09:30:18.302Z,0.896,1,600,480x270,1.9303539999999657,1055,
2025-12-17T09:30:18.737Z,0.882,1,600,480x270,1.9959990000000403,1055,
2025-12-17T09:30:19.192Z,0.913,1,600,480x270,1.9409600000000182,1045,
2025-12-17T09:30:19.577Z,1.042,1,600,480x270,1.9458910000000174,1027,
2025-12-17T09:30:19.967Z,1.137,1,600,480x270,1.9623830000000453,1036,
2025-12-17T09:30:20.363Z,1.259,1,600,480x270,1.9569040000000086,1036,
2025-12-17T09:30:20.719Z,1.358,1,600,480x270,1.9184600000000387,984,
2025-12-17T09:30:21.019Z,1.555,1,600,480x270,1.9119010000000003,1002,
2025-12-17T09:30:21.058Z,2.024,1,600,480x270,1.9669910000000073,1002,
2025-12-17T09:30:22.098Z,1.523,1,600,480x270,1.92753799999997,973,
2025-12-17T09:30:22.678Z,1.443,1,600,480x270,1.9460280000000125,936,
2025-12-17T09:30:23.086Z,1.531,1,600,480x270,1.9444899999999734,957,
2025-12-17T09:30:23.468Z,1.648,1,600,480x270,1.9567779999999857,975,
2025-12-17T09:30:23.829Z,1.794,1,600,480x270,2.014139,975,
2025-12-17T09:30:24.183Z,1.941,1,600,480x270,1.9489829999999984,1011,
2025-12-17T09:30:24.263Z,1.943,2,1000,640x360,1.9616170000000466,1030,
2025-12-17T09:30:24.872Z,1.747,2,1000,640x360,1.960158999999976,1030,
2025-12-17T09:30:25.495Z,1.633,2,1000,640x360,1.9259529999999927,1049,
2025-12-17T09:30:26.112Z,1.519,2,1000,640x360,1.9134669999999687,1027,
2025-12-17T09:30:26.747Z,1.379,2,1000,640x360,1.982940000000042,987,
2025-12-17T09:30:27.331Z,1.316,2,1000,640x360,1.9976060000000189,1004,
2025-12-17T09:30:27.959Z,1.186,2,1000,640x360,1.9908909999999764,1010,
2025-12-17T09:30:28.580Z,1.051,2,1000,640x360,1.954430000000002,1016,
2025-12-17T09:30:29.133Z,0.992,2,1000,640x360,1.988112000000001,1008,
2025-12-17T09:30:29.211Z,0.953,1,600,480x270,1.9093520000000126,1072,
2025-12-17T09:30:29.545Z,1.068,1,600,480x270,1.977435000000014,1072,
2025-12-17T09:30:29.885Z,1.224,1,600,480x270,1.9427909999999997,1072,
2025-12-17T09:30:30.235Z,1.379,1,600,480x270,1.9947270000000117,1105,
2025-12-17T09:30:30.576Z,1.51,1,600,480x270,1.9527549999999678,1111,
2025-12-17T09:30:30.897Z,1.7,1,600,480x270,1.9424099999999953,1105,
2025-12-17T09:30:31.249Z,1.844,1,600,480x270,1.9744179999999574,1105,
2025-12-17T09:30:31.482Z,2.131,1,600,480x270,1.939040000000034,1130,
2025-12-17T09:30:31.906Z,2.255,1,600,480x270,1.9261099999999942,1123,
2025-12-17T09:30:32.729Z,1.936,1,600,480x270,1.9971119999999587,1132,
2025-12-17T09:30:32.798Z,1.867,2,1000,640x360,1.9284240000000068,1131,
2025-12-17T09:30:33.447Z,1.677,2,1000,640x360,1.9787189999999555,1131,
2025-12-17T09:30:33.967Z,1.665,2,1000,640x360,1.9659680000000321,1150,
2025-12-17T09:30:34.530Z,1.607,2,1000,640x360,1.9938649999999711,1151,
2025-12-17T09:30:35.088Z,1.551,2,1000,640x360,1.9343360000000303,1162,
2025-12-17T09:30:35.634Z,1.471,2,1000,640x360,1.9998149999999555,1166,
2025-12-17T09:30:36.179Z,1.45,2,1000,640x360,1.9531159999999659,1183,
2025-12-17T09:30:36.728Z,1.379,2,1000,640x360,1.9929560000000492,1179,
2025-12-17T09:30:37.325Z,1.269,2,1000,640x360,1.9992900000000304,1188,
2025-12-17T09:30:37.847Z,1.257,2,1000,640x360,1.9769699999999943,1189,
2025-12-17T09:30:38.293Z,1.334,2,1000,640x360,1.9275200000000154,1179,
2025-12-17T09:30:38.838Z,1.289,2,1000,640x360,1.9898279999999886,1183,
2025-12-17T09:30:39.433Z,1.188,2,1000,640x360,1.9876620000000003,1181,
2025-12-17T09:30:39.936Z,1.199,2,1000,640x360,1.992886999999996,1168,
2025-12-17T09:30:40.444Z,1.169,2,1000,640x360,1.9901389999999992,1185,
2025-12-17T09:30:41.055Z,1.06,2,1000,640x360,1.9892520000000218,1180,
2025-12-17T09:30:41.394Z,1.227,2,1000,640x360,1.9386989999999855,1214,
2025-12-17T09:30:41.845Z,1.253,2,1000,640x360,1.9784040000000118,1214,
2025-12-17T09:30:42.362Z,1.272,2,1000,640x360,1.9600889999999822,1202,
2025-12-17T09:30:42.797Z,1.329,2,1000,640x360,1.9331520000000069,1196,
2025-12-17T09:30:43.271Z,1.364,2,1000,640x360,1.9522939999999949,1229,
2025-12-17T09:30:43.756Z,1.379,2,1000,640x360,1.9760689999999954,1256,
2025-12-17T09:30:44.475Z,1.149,2,1000,640x360,1.955173000000002,1251,
2025-12-17T09:30:45.208Z,0.914,2,1000,640x360,1.9336420000000203,1239,
2025-12-17T09:30:45.284Z,0.921,1,600,480x270,1.9483710000000087,1232,
2025-12-17T09:30:45.702Z,0.915,1,600,480x270,1.93226599999997,1232,
2025-12-17T09:30:46.138Z,0.963,1,600,480x270,1.9888589999999908,1235,
2025-12-17T09:30:46.536Z,1.053,1,600,480x270,2.0014419999999973,1238,
2025-12-17T09:30:47.020Z,1.08,1,600,480x270,2.000427000000002,1238,
2025-12-17T09:30:47.337Z,1.273,1,600,480x270,1.9964780000000246,1263,
2025-12-17T09:30:47.632Z,1.484,1,600,480x270,1.9977840000000242,1265,
2025-12-17T09:30:47.944Z,1.651,1,600,480x270,1.9834169999999745,1269,
2025-12-17T09:30:48.252Z,1.861,1,600,480x270,1.9722639999999956,1269,
2025-12-17T09:30:48.505Z,2.093,1,600,480x270,1.9135890000000018,1282,
2025-12-17T09:30:48.686Z,2.114,2,1000,640x360,1.9505440000000362,1304,
2025-12-17T09:30:48.998Z,2.114,2,1000,640x360,1.9372749999999996,1304,
2025-12-17T09:30:49.565Z,1.904,2,1000,640x360,1.9581699999999955,1303,
2025-12-17T09:30:50.071Z,2.076,2,1000,640x360,1.9553419999999733,1288,
2025-12-17T09:30:50.750Z,1.881,2,1000,640x360,1.9841440000000148,1290,
2025-12-17T09:30:51.350Z,1.764,2,1000,640x360,1.9752560000000017,1301,
2025-12-17T09:30:51.908Z,1.72,2,1000,640x360,1.9224009999999794,1289,
2025-12-17T09:30:52.493Z,1.616,2,1000,640x360,1.9279230000000211,1283,
2025-12-17T09:30:53.095Z,1.56,2,1000,640x360,1.9377329999999802,1287,
2025-12-17T09:30:53.574Z,1.526,2,1000,640x360,1.9578339999999912,1302,
2025-12-17T09:30:54.417Z,1.263,2,1000,640x360,1.9062419999999634,1298,
2025-12-17T09:30:55.097Z,1.028,2,1000,640x360,1.9310949999999707,1244,
2025-12-17T09:30:55.770Z,0.876,2,1000,640x360,1.9635269999999991,1180,
2025-12-17T09:30:55.835Z,0.854,1,600,480x270,1.9890320000000088,1115,
2025-12-17T09:30:56.242Z,0.864,1,600,480x270,1.9818250000000148,1115,
2025-12-17T09:30:56.763Z,0.854,1,600,480x270,1.9761540000000082,1078,
2025-12-17T09:30:57.259Z,0.849,1,600,480x270,1.9667519999999854,1017,
2025-12-17T09:30:58.002Z,0.204,1,600,480x270,2.2875530000000026,1021,rebuffer happen
2025-12-17T09:30:58.305Z,0.335,1,600,480x270,2.2772259999999847,1021,
2025-12-17T09:30:58.454Z,0.164,1,600,480x270,2.2771169999999756,997,rebuffer happen
2025-12-17T09:30:58.791Z,0.271,1,600,480x270,2.2423610000000167,997,
2025-12-17T09:30:59.271Z,0.307,1,600,480x270,2.2489199999999983,956,
2025-12-17T09:30:59.371Z,0.206,1,600,480x270,2.2531170000000316,1021,rebuffer happen
2025-12-17T09:30:59.560Z,0.283,1,600,480x270,2.234868000000006,1021,rebuffer happen
2025-12-17T09:30:59.599Z,0.299,1,600,480x270,2.183588000000043,1021,rebuffer happen
2025-12-17T09:30:59.635Z,0.286,1,600,480x270,2.2316220000000158,1021,rebuffer happen
2025-12-17T09:30:59.689Z,0.307,1,600,480x270,2.1613910000000374,1021,
2025-12-17T09:30:59.849Z,0.177,1,600,480x270,2.1608059999999796,976,rebuffer happen
2025-12-17T09:31:00.169Z,0.275,1,600,480x270,2.1218279999999936,976,
2025-12-17T09:31:00.665Z,0.307,1,600,480x270,2.1425500000000284,977,
2025-12-17T09:31:00.666Z,0.293,1,600,480x270,2.1418130000000133,977,rebuffer happen
2025-12-17T09:31:01.154Z,0.324,1,600,480x270,2.151058999999975,948,
2025-12-17T09:31:01.230Z,0.23,1,600,480x270,2.1835590000000025,931,rebuffer happen
2025-12-17T09:31:01.639Z,0.296,1,600,480x270,2.141789000000017,931,
2025-12-17T09:31:02.121Z,0.296,1,600,480x270,2.172758999999985,889,rebuffer happen
2025-12-17T09:31:02.125Z,0.296,1,600,480x270,2.1672889999999825,889,
2025-12-17T09:31:02.292Z,0.123,1,600,480x270,2.0772369999999682,883,rebuffer happen
2025-12-17T09:31:02.619Z,0.271,1,600,480x270,2.018588999999963,883,
2025-12-17T09:31:02.693Z,0.269,0,200,320x180,2.0400470000000155,870,
2025-12-17T09:31:02.862Z,0.485,0,200,320x180,2.064247000000023,870,
2025-12-17T09:31:03.064Z,0.777,0,200,320x180,2.037842000000012,870,
2025-12-17T09:31:03.238Z,1.071,0,200,320x180,2.0505979999999795,863,
2025-12-17T09:31:03.428Z,1.364,0,200,320x180,2.0457190000000196,863,
2025-12-17T09:31:03.618Z,1.654,0,200,320x180,1.9494289999999523,863,
2025-12-17T09:31:04.070Z,1.705,0,200,320x180,1.9710349999999721,851,
2025-12-17T09:31:04.528Z,1.735,0,200,320x180,2.0035890000000336,806,
2025-12-17T09:31:05.046Z,1.767,0,200,320x180,1.9844279999999799,806,
2025-12-17T09:31:05.501Z,1.723,0,200,320x180,1.9279980000000023,773,
2025-12-17T09:31:06.014Z,1.806,0,200,320x180,1.9244899999999916,770,
2025-12-17T09:31:06.487Z,1.821,0,200,320x180,1.9447270000000003,742,
2025-12-17T09:31:06.564Z,1.733,1,600,480x270,1.9657830000000445,743,
2025-12-17T09:31:07.081Z,1.753,1,600,480x270,1.9423340000000167,743,
2025-12-17T09:31:07.559Z,1.707,1,600,480x270,1.9595109999999636,735,
2025-12-17T09:31:08.054Z,1.721,1,600,480x270,1.9680950000000053,761,
2025-12-17T09:31:08.565Z,1.707,1,600,480x270,1.971774000000039,761,
2025-12-17T09:31:09.042Z,1.735,1,600,480x270,1.9949460000000272,838,
2025-12-17T09:31:09.530Z,1.742,1,600,480x270,2.001345000000015,838,
2025-12-17T09:31:10.004Z,1.778,1,600,480x270,1.930659999999989,905,
2025-12-17T09:31:10.481Z,1.78,1,600,480x270,1.9549010000000635,921,
2025-12-17T09:31:10.969Z,1.815,1,600,480x270,1.9527940000000399,939,
2025-12-17T09:31:11.462Z,1.814,1,600,480x270,1.9599479999999403,951,
2025-12-17T09:31:11.952Z,1.829,1,600,480x270,1.9697019999999839,961,
2025-12-17T09:31:12.434Z,1.842,1,600,480x270,1.9878089999999702,974,
2025-12-17T09:31:12.930Z,1.851,1,600,480x270,2.0076609999999846,984,
2025-12-17T09:31:13.413Z,1.866,1,600,480x270,1.9137969999999314,988,
2025-12-17T09:31:13.908Z,1.88,1,600,480x270,1.93181299999992,992,
2025-12-17T09:31:14.419Z,1.855,1,600,480x270,1.9066569999999956,997,
2025-12-17T09:31:14.904Z,1.869,1,600,480x270,1.9179890000000341,1006,
2025-12-17T09:31:14.984Z,1.874,2,1000,640x360,1.9423170000000027,1017,
2025-12-17T09:31:15.571Z,1.712,2,1000,640x360,1.9604480000000422,1017,
2025-12-17T09:31:16.093Z,1.688,2,1000,640x360,1.9326849999999922,1018,
2025-12-17T09:31:16.677Z,1.612,2,1000,640x360,1.9559760000000779,1026,
2025-12-17T09:31:17.214Z,1.57,2,1000,640x360,1.9115510000000313,1037,
2025-12-17T09:31:17.719Z,1.55,2,1000,640x360,1.9222130000000561,1043,
2025-12-17T09:31:18.264Z,1.502,2,1000,640x360,1.9694160000000238,1040,
2025-12-17T09:31:18.835Z,1.457,2,1000,640x360,1.9881480000000238,1054,
2025-12-17T09:31:19.383Z,1.384,2,1000,640x360,1.9375059999999849,1069,
2025-12-17T09:31:19.943Z,1.32,2,1000,640x360,1.9867970000000241,1066,
2025-12-17T09:31:20.486Z,1.294,2,1000,640x360,1.9365119999999933,1109,
2025-12-17T09:31:21.009Z,1.29,2,1000,640x360,1.9179470000000265,1113,
2025-12-17T09:31:21.531Z,1.26,2,1000,640x360,2.0007060000000365,1115,
2025-12-17T09:31:22.062Z,1.229,2,1000,640x360,1.973538000000076,1119,
2025-12-17T09:31:22.669Z,1.149,2,1000,640x360,1.9816640000000234,1130,
2025-12-17T09:31:23.353Z,0.961,2,1000,640x360,1.975881999999956,1124,
2025-12-17T09:31:23.425Z,0.93,1,600,480x270,1.9033029999999371,1116,
2025-12-17T09:31:23.871Z,0.926,1,600,480x270,1.959504000000038,1116,
2025-12-17T09:31:24.351Z,0.937,1,600,480x270,1.9787149999999656,1140,
2025-12-17T09:31:24.742Z,1.058,1,600,480x270,1.9930229999999938,1124,
2025-12-17T09:31:25.133Z,1.162,1,600,480x270,1.998694999999998,1122,
2025-12-17T09:31:25.535Z,1.238,1,600,480x270,2.0011500000000524,1138,
2025-12-17T09:31:25.959Z,1.312,1,600,480x270,1.9761269999999058,1138,
2025-12-17T09:31:26.364Z,1.414,1,600,480x270,1.9677000000000362,1156,
2025-12-17T09:31:26.745Z,1.54,1,600,480x270,2.007163999999989,1149,
2025-12-17T09:31:27.145Z,1.643,1,600,480x270,1.992012999999929,1150,
2025-12-17T09:31:27.213Z,1.612,2,1000,640x360,1.9217909999999847,1128,
2025-12-17T09:31:27.861Z,1.418,2,1000,640x360,1.9696529999999939,1128,
2025-12-17T09:31:28.551Z,1.225,2,1000,640x360,1.9722069999999121,1118,
2025-12-17T09:31:29.241Z,1.035,2,1000,640x360,1.9926490000000285,1112,
2025-12-17T09:31:29.920Z,0.866,2,1000,640x360,2.0101830000000973,1054,
2025-12-17T09:31:30.458Z,0.811,2,1000,640x360,1.973573999999985,1027,
2025-12-17T09:31:30.989Z,0.77,2,1000,640x360,1.9560689999999568,1063,
2025-12-17T09:31:31.066Z,0.802,1,600,480x270,1.9670480000000907,1089,
2025-12-17T09:31:31.377Z,0.894,1,600,480x270,1.9470979999999827,1089,
2025-12-17T09:31:31.695Z,1.071,1,600,480x270,1.9311249999999518,1114,
2025-12-17T09:31:32.021Z,1.258,1,600,480x270,2.000599999999963,1115,
2025-12-17T09:31:32.346Z,1.422,1,600,480x270,1.9751449999999977,1115,
2025-12-17T09:31:32.686Z,1.577,1,600,480x270,1.9400769999999739,1129,
2025-12-17T09:31:33.142Z,1.633,1,600,480x270,1.9893240000000105,1144,
2025-12-17T09:31:33.636Z,1.648,1,600,480x270,2.001756999999998,1155,
2025-12-17T09:31:34.111Z,1.671,1,600,480x270,1.9264679999999998,1154,
2025-12-17T09:31:34.575Z,1.698,1,600,480x270,1.9628139999999803,1144,
2025-12-17T09:31:34.652Z,1.708,2,1000,640x360,1.9850699999999506,1139,
2025-12-17T09:31:35.148Z,1.632,2,1000,640x360,1.9828260000000455,1139,
2025-12-17T09:31:35.692Z,1.576,2,1000,640x360,1.9323040000000447,1127,
2025-12-17T09:31:36.197Z,1.571,2,1000,640x360,1.92245099999991,1127,
2025-12-17T09:31:36.792Z,1.485,2,1000,640x360,1.9317599999999402,1139,
2025-12-17T09:31:37.428Z,1.368,2,1000,640x360,1.9992619999999306,1123,
2025-12-17T09:31:38.027Z,1.257,2,1000,640x360,2.0060479999999643,1104,
2025-12-17T09:31:38.633Z,1.173,2,1000,640x360,2.0033839999999827,1089,
2025-12-17T09:31:39.258Z,1.02,2,1000,640x360,1.9778279999999313,1091,
2025-12-17T09:31:39.856Z,0.947,2,1000,640x360,1.974574000000075,1092,
2025-12-17T09:31:39.932Z,0.858,1,600,480x270,1.9916919999999436,1066,
2025-12-17T09:31:40.310Z,0.946,1,600,480x270,1.916460999999913,1066,
2025-12-17T09:31:40.697Z,1.066,1,600,480x270,1.9305219999999963,1058,
2025-12-17T09:31:41.072Z,1.202,1,600,480x270,1.9588820000000169,1058,
2025-12-17T09:31:41.444Z,1.328,1,600,480x270,1.9762980000000425,1066,
2025-12-17T09:31:41.819Z,1.462,1,600,480x270,1.9214230000000043,1066,
2025-12-17T09:31:42.194Z,1.583,1,600,480x270,1.9333329999999478,1093,
2025-12-17T09:31:42.561Z,1.695,1,600,480x270,1.9571619999999257,1101,
2025-12-17T09:31:42.946Z,1.812,1,600,480x270,1.984878999999978,1113,
2025-12-17T09:31:43.337Z,1.92,1,600,480x270,1.9859969999999976,1113,
2025-12-17T09:31:43.418Z,1.939,2,1000,640x360,1.904653000000053,1122,
2025-12-17T09:31:43.969Z,1.807,2,1000,640x360,1.9568720000000894,1122,
2025-12-17T09:31:44.544Z,1.737,2,1000,640x360,1.9902580000000398,1133,
2025-12-17T09:31:45.108Z,1.65,2,1000,640x360,1.9239969999999857,1135,
2025-12-17T09:31:45.662Z,1.615,2,1000,640x360,1.9703230000000076,1140,
2025-12-17T09:31:46.205Z,1.554,2,1000,640x360,1.9248320000000376,1130,
2025-12-17T09:31:46.795Z,1.476,2,1000,640x360,1.9281159999999318,1133,
2025-12-17T09:31:47.357Z,1.409,2,1000,640x360,1.9730739999999969,1127,
2025-12-17T09:31:47.923Z,1.343,2,1000,640x360,2.008107999999993,1139,
2025-12-17T09:31:48.487Z,1.282,2,1000,640x360,1.9353189999999358,1155,
2025-12-17T09:31:49.066Z,1.181,2,1000,640x360,1.9656310000000303,1157,
2025-12-17T09:31:49.633Z,1.158,2,1000,640x360,1.996432000000027,1153,
2025-12-17T09:31:50.221Z,1.039,2,1000,640x360,2.0015359999999873,1164,
2025-12-17T09:31:50.830Z,0.959,2,1000,640x360,2.002044000000069,1150,
2025-12-17T09:31:50.916Z,0.95,1,600,480x270,1.9156790000000683,1142,
2025-12-17T09:31:51.277Z,0.962,1,600,480x270,1.9472399999999652,1142,
2025-12-17T09:31:51.653Z,1.132,1,600,480x270,1.9849030000000312,1140,
2025-12-17T09:31:52.025Z,1.24,1,600,480x270,2.004009999999994,1127,
2025-12-17T09:31:52.436Z,1.35,1,600,480x270,1.9868979999999965,1127,
2025-12-17T09:31:52.811Z,1.474,1,600,480x270,1.9193819999999278,1114,
2025-12-17T09:31:53.166Z,1.591,1,600,480x270,1.9585539999999355,1136,
2025-12-17T09:31:53.544Z,1.716,1,600,480x270,1.9834889999999632,1143,
2025-12-17T09:31:53.935Z,1.827,1,600,480x270,1.9878290000000334,1143,
2025-12-17T09:31:54.335Z,1.94,1,600,480x270,1.9882499999999936,1157,
2025-12-17T09:31:54.410Z,1.91,2,1000,640x360,1.9131019999999808,1154,
2025-12-17T09:31:55.009Z,1.762,2,1000,640x360,1.916370000000029,1154,
2025-12-17T09:31:55.604Z,1.654,2,1000,640x360,1.9279779999999391,1156,
2025-12-17T09:31:56.227Z,1.561,2,1000,640x360,1.9963019999999005,1154,
2025-12-17T09:31:56.857Z,1.415,2,1000,640x360,1.9712110000000393,1158,
2025-12-17T09:31:57.736Z,1.073,2,1000,640x360,2.0029690000000073,1112,
2025-12-17T09:31:58.600Z,0.705,2,1000,640x360,1.9316890000000058,1066,
2025-12-17T09:31:58.667Z,0.654,1,600,480x270,1.9596339999999373,1018,
2025-12-17T09:31:59.188Z,0.597,1,600,480x270,1.9364289999999755,1018,
2025-12-17T09:31:59.737Z,0.54,1,600,480x270,2.0056429999999636,959,
2025-12-17T09:31:59.995Z,0.289,1,600,480x270,1.9456730000000562,892,rebuffer happen
2025-12-17T09:32:00.283Z,0.484,1,600,480x270,1.941455000000019,892,
2025-12-17T09:32:00.808Z,0.493,1,600,480x270,1.9290569999999434,884,
2025-12-17T09:32:01.015Z,0.274,1,600,480x270,1.9213419999999815,958,rebuffer happen
2025-12-17T09:32:01.335Z,0.425,1,600,480x270,2.003971999999976,958,
2025-12-17T09:32:01.546Z,0.245,1,600,480x270,1.999563999999964,920,rebuffer happen
2025-12-17T09:32:01.855Z,0.418,1,600,480x270,1.9795050000000174,920,
2025-12-17T09:32:02.074Z,0.207,1,600,480x270,1.9588169999999536,1005,rebuffer happen
2025-12-17T09:32:02.374Z,0.359,1,600,480x270,1.9533380000000307,1005,
2025-12-17T09:32:02.556Z,0.229,1,600,480x270,1.97978999999998,953,rebuffer happen
2025-12-17T09:32:02.753Z,0.299,1,600,480x270,1.9863790000000563,953,rebuffer happen
2025-12-17T09:32:02.876Z,0.387,1,600,480x270,1.9564599999999928,953,
2025-12-17T09:32:03.184Z,0.591,1,600,480x270,1.9587940000000117,960,
2025-12-17T09:32:03.490Z,0.784,1,600,480x270,1.9375499999999874,967,
2025-12-17T09:32:03.803Z,0.98,1,600,480x270,1.9384039999999914,967,
2025-12-17T09:32:04.115Z,1.159,1,600,480x270,1.9129690000000892,1001,
2025-12-17T09:32:04.187Z,1.169,2,1000,640x360,1.9485810000001038,1003,
2025-12-17T09:32:04.681Z,1.103,2,1000,640x360,1.964337999999998,1003,
2025-12-17T09:32:05.167Z,1.12,2,1000,640x360,1.96535700000004,996,
2025-12-17T09:32:05.648Z,1.133,2,1000,640x360,1.9743499999999585,1027,
2025-12-17T09:32:06.106Z,1.171,2,1000,640x360,1.9194530000000896,1050,
2025-12-17T09:32:06.569Z,1.21,2,1000,640x360,1.9514750000000731,1093,
2025-12-17T09:32:07.063Z,1.229,2,1000,640x360,1.9705670000000737,1114,
2025-12-17T09:32:07.531Z,1.234,2,1000,640x360,2.001922000000036,1122,
2025-12-17T09:32:08.001Z,1.281,2,1000,640x360,1.9258360000000039,1122,
2025-12-17T09:32:08.507Z,1.269,2,1000,640x360,1.9145979999999554,1169,
2025-12-17T09:32:09.026Z,1.273,2,1000,640x360,2.011030000000005,1153,
2025-12-17T09:32:09.529Z,1.234,2,1000,640x360,2.001745999999912,1180,
2025-12-17T09:32:10.010Z,1.268,2,1000,640x360,1.9198670000000675,1182,
2025-12-17T09:32:10.519Z,1.248,2,1000,640x360,1.9019700000000057,1168,
2025-12-17T09:32:11.069Z,1.21,2,1000,640x360,1.9519030000000157,1165,
2025-12-17T09:32:11.685Z,1.107,2,1000,640x360,1.952931000000035,1169,
2025-12-17T09:32:12.333Z,0.962,2,1000,640x360,1.9927040000000034,1165,
2025-12-17T09:32:12.415Z,0.907,1,600,480x270,1.9092689999999948,1162,
2025-12-17T09:32:12.832Z,0.966,1,600,480x270,2.0057649999999967,1162,
2025-12-17T09:32:13.257Z,1.02,1,600,480x270,1.9674890000000005,1199,
2025-12-17T09:32:13.654Z,1.137,1,600,480x270,1.9816929999999502,1191,
2025-12-17T09:32:14.007Z,1.281,1,600,480x270,1.9310440000000426,1193,
2025-12-17T09:32:14.335Z,1.442,1,600,480x270,2.000686000000087,1193,
2025-12-17T09:32:14.663Z,1.613,1,600,480x270,1.970246999999972,1178,
2025-12-17T09:32:15.026Z,1.747,1,600,480x270,2.0039370000000645,1183,
2025-12-17T09:32:15.380Z,1.875,1,600,480x270,1.943302000000017,1183,
2025-12-17T09:32:15.833Z,1.95,1,600,480x270,1.9957299999999805,1180,
2025-12-17T09:32:15.916Z,1.895,2,1000,640x360,1.9116299999999455,1183,
2025-12-17T09:32:16.453Z,1.827,2,1000,640x360,1.980542000000014,1183,
2025-12-17T09:32:16.997Z,1.781,2,1000,640x360,1.9392030000000204,1177,
2025-12-17T09:32:17.534Z,1.745,2,1000,640x360,1.9911369999999806,1151,
2025-12-17T09:32:18.053Z,1.732,2,1000,640x360,1.9847519999999577,1148,
2025-12-17T09:32:18.588Z,1.681,2,1000,640x360,1.934270999999967,1109,
2025-12-17T09:32:19.101Z,1.666,2,1000,640x360,1.9292800000000625,1154,
2025-12-17T09:32:19.625Z,1.663,2,1000,640x360,2.00636099999997,1146,
2025-12-17T09:32:20.134Z,1.637,2,1000,640x360,1.9911150000000362,1165,
2025-12-17T09:32:20.658Z,1.622,2,1000,640x360,1.9776740000000927,1156,
2025-12-17T09:32:21.194Z,1.591,2,1000,640x360,1.932217000000037,1166,
2025-12-17T09:32:21.720Z,1.567,2,1000,640x360,2.022231999999917,1151,
2025-12-17T09:32:22.256Z,1.497,2,1000,640x360,1.9710619999999608,1177,
2025-12-17T09:32:22.811Z,1.449,2,1000,640x360,1.9259309999999914,1160,
2025-12-17T09:32:23.351Z,1.418,2,1000,640x360,1.9753489999999374,1156,
2025-12-17T09:32:23.888Z,1.385,2,1000,640x360,1.9423189999999977,1122,
2025-12-17T09:32:24.457Z,1.311,2,1000,640x360,1.972283999999945,1192,
2025-12-17T09:32:25.032Z,1.226,2,1000,640x360,1.9992790000000014,1192,
2025-12-17T09:32:25.566Z,1.207,2,1000,640x360,1.9664350000000468,1195,
2025-12-17T09:32:26.133Z,1.152,2,1000,640x360,1.9968289999999342,1176,
2025-12-17T09:32:26.679Z,1.104,2,1000,640x360,1.955932999999959,1181,
2025-12-17T09:32:27.218Z,1.05,2,1000,640x360,1.915583999999967,1182,
2025-12-17T09:32:27.845Z,0.913,2,1000,640x360,1.988849000000073,1178,
2025-12-17T09:32:27.922Z,0.884,1,600,480x270,1.9998649999999998,1167,
2025-12-17T09:32:28.252Z,1.018,1,600,480x270,1.9701160000000755,1167,
2025-12-17T09:32:28.606Z,1.183,1,600,480x270,1.9233950000000277,1147,
2025-12-17T09:32:28.937Z,1.338,1,600,480x270,1.9973420000000033,1159,
2025-12-17T09:32:29.312Z,1.481,1,600,480x270,1.9134199999999737,1159,
2025-12-17T09:32:29.726Z,1.551,1,600,480x270,2.013772000000017,1167,
2025-12-17T09:32:30.162Z,1.606,1,600,480x270,1.9744610000000193,1168,
2025-12-17T09:32:30.618Z,1.652,1,600,480x270,1.9146670000000086,1131,
2025-12-17T09:32:31.056Z,1.736,1,600,480x270,1.9802439999999706,1115,
2025-12-17T09:32:31.473Z,1.793,1,600,480x270,1.9618860000000495,1095,
2025-12-17T09:32:31.549Z,1.792,2,1000,640x360,1.980359999999905,1095,
2025-12-17T09:32:32.284Z,1.494,2,1000,640x360,1.9381619999999202,1095,
2025-12-17T09:32:32.994Z,1.295,2,1000,640x360,1.929516000000035,1089,
2025-12-17T09:32:33.707Z,1.078,2,1000,640x360,1.9308320000000094,1029,
2025-12-17T09:32:34.440Z,0.841,2,1000,640x360,1.980735999999979,1120,
2025-12-17T09:32:35.156Z,0.619,2,1000,640x360,1.978482999999983,1081,
2025-12-17T09:32:35.223Z,0.632,1,600,480x270,1.9086240000000316,1073,
2025-12-17T09:32:35.657Z,0.631,1,600,480x270,1.9832810000000336,1073,
2025-12-17T09:32:36.012Z,0.761,1,600,480x270,1.920737000000031,1167,
2025-12-17T09:32:36.353Z,0.903,1,600,480x270,1.9671569999999292,1167,
2025-12-17T09:32:36.714Z,1.062,1,600,480x270,1.9227859999999737,1142,
2025-12-17T09:32:37.068Z,1.204,1,600,480x270,1.957973999999922,1148,
2025-12-17T09:32:37.438Z,1.345,1,600,480x270,1.984815000000026,1137,
2025-12-17T09:32:37.802Z,1.466,1,600,480x270,1.9359890000000632,1137,
2025-12-17T09:32:38.205Z,1.587,1,600,480x270,1.9304319999999962,1105,
2025-12-17T09:32:38.566Z,1.695,1,600,480x270,1.961198999999965,1131,
2025-12-17T09:32:38.644Z,1.715,2,1000,640x360,2.002346999999986,1111,
2025-12-17T09:32:39.226Z,1.553,2,1000,640x360,2.0078469999999697,1111,
2025-12-17T09:32:39.792Z,1.46,2,1000,640x360,1.9348509999999806,1130,
2025-12-17T09:32:40.355Z,1.409,2,1000,640x360,1.9793019999999615,1139,
2025-12-17T09:32:40.933Z,1.338,2,1000,640x360,1.9865030000000843,1122,
2025-12-17T09:32:41.476Z,1.294,2,1000,640x360,1.9463569999999208,1072,
2025-12-17T09:32:41.993Z,1.282,2,1000,640x360,1.941028000000074,1086,
2025-12-17T09:32:42.463Z,1.3,2,1000,640x360,1.9621250000000146,1109,
2025-12-17T09:32:42.894Z,1.387,2,1000,640x360,1.9381670000000213,1111,
2025-12-17T09:32:43.402Z,1.348,2,1000,640x360,1.9325999999999794,1126,
2025-12-17T09:32:43.884Z,1.396,2,1000,640x360,1.937815999999998,1137,
2025-12-17T09:32:44.384Z,1.384,2,1000,640x360,1.9359699999999975,1140,
2025-12-17T09:32:44.836Z,1.414,2,1000,640x360,2.002640000000042,1150,
2025-12-17T09:32:45.262Z,1.507,2,1000,640x360,1.9589149999999336,1195,
2025-12-17T09:32:45.545Z,1.759,2,1000,640x360,1.9920290000000023,1186,
2025-12-17T09:32:45.858Z,1.951,2,1000,640x360,1.975853999999913,1186,
2025-12-17T09:32:46.357Z,1.939,2,1000,640x360,1.972656000000029,1197,
2025-12-17T09:32:46.858Z,1.923,2,1000,640x360,1.9854600000001028,1189,
2025-12-17T09:32:47.373Z,1.935,2,1000,640x360,1.9592609999999695,1179,
2025-12-17T09:32:47.838Z,1.916,2,1000,640x360,1.9891360000000304,1146,
2025-12-17T09:32:48.330Z,1.925,2,1000,640x360,1.9917389999999386,1159,
2025-12-17T09:32:48.830Z,1.93,2,1000,640x360,1.9988490000000638,1164,
2025-12-17T09:32:49.382Z,1.889,2,1000,640x360,1.9410810000000538,1173,
2025-12-17T09:32:49.846Z,1.929,2,1000,640x360,1.9925210000000106,1180,
2025-12-17T09:32:50.343Z,1.932,2,1000,640x360,1.989025999999967,1185,
2025-12-17T09:32:50.870Z,1.948,2,1000,640x360,1.9688160000000607,1182,
2025-12-17T09:32:51.339Z,1.935,2,1000,640x360,1.9825100000000475,1193,
2025-12-17T09:32:51.851Z,1.977,2,1000,640x360,1.990081000000032,1179,
2025-12-17T09:32:52.365Z,1.949,2,1000,640x360,1.9635719999999992,1169,
2025-12-17T09:32:52.845Z,1.908,2,1000,640x360,1.9888439999999719,1141,
2025-12-17T09:32:53.354Z,1.867,2,1000,640x360,1.974411000000032,1152,
2025-12-17T09:32:54.277Z,1.538,2,1000,640x360,1.9490130000000363,1065,
2025-12-17T09:32:54.917Z,1.407,2,1000,640x360,1.918594999999982,984,
2025-12-17T09:32:55.377Z,1.415,2,1000,640x360,1.9524240000000646,1041,
2025-12-17T09:32:56.022Z,1.263,2,1000,640x360,2.015049999999974,1087,
2025-12-17T09:32:56.792Z,0.954,2,1000,640x360,1.9375569999999698,1033,
2025-12-17T09:32:56.863Z,0.956,1,600,480x270,1.9598289999998997,1039,
2025-12-17T09:32:57.332Z,0.924,1,600,480x270,1.9875869999999622,1039,
2025-12-17T09:32:57.778Z,1.038,1,600,480x270,1.9495729999999867,1053,
2025-12-17T09:32:58.216Z,1.062,1,600,480x270,1.9160210000000006,1040,
2025-12-17T09:32:58.661Z,1.109,1,600,480x270,1.9782679999999573,1013,
2025-12-17T09:32:59.040Z,1.229,1,600,480x270,1.986124000000018,972,
2025-12-17T09:32:59.439Z,1.322,1,600,480x270,1.981074000000035,972,
2025-12-17T09:32:59.875Z,1.434,1,600,480x270,1.965153999999984,937,
2025-12-17T09:33:00.265Z,1.503,1,600,480x270,1.9638610000000654,927,
2025-12-17T09:33:01.401Z,0.869,1,600,480x270,1.9196529999999257,949,
2025-12-17T09:33:01.784Z,0.988,1,600,480x270,1.9410629999999855,960,
2025-12-17T09:33:02.258Z,1.014,1,600,480x270,1.963942999999972,972,
2025-12-17T09:33:02.628Z,1.152,1,600,480x270,2.012626999999952,974,
2025-12-17T09:33:02.974Z,1.29,1,600,480x270,1.9528420000000324,999,
2025-12-17T09:33:03.335Z,1.437,1,600,480x270,1.9864149999999654,999,
2025-12-17T09:33:03.707Z,1.599,1,600,480x270,1.9321840000000066,1043,
2025-12-17T09:33:03.786Z,1.587,2,1000,640x360,1.9565089999999827,1042,
2025-12-17T09:33:04.382Z,1.405,2,1000,640x360,1.9492420000000266,1042,
2025-12-17T09:33:04.974Z,1.333,2,1000,640x360,1.97214699999995,1084,
2025-12-17T09:33:05.545Z,1.246,2,1000,640x360,1.9827119999999923,1070,
2025-12-17T09:33:06.145Z,1.128,2,1000,640x360,1.9846880000000056,1071,
2025-12-17T09:33:06.724Z,1.082,2,1000,640x360,2.003500000000031,1076,
2025-12-17T09:33:07.323Z,0.975,2,1000,640x360,2.000530000000026,1109,
2025-12-17T09:33:07.402Z,0.934,1,600,480x270,1.921256000000085,1106,
2025-12-17T09:33:07.752Z,1.034,1,600,480x270,1.9842969999999696,1106,
2025-12-17T09:33:08.132Z,1.147,1,600,480x270,1.9987519999999677,1097,
2025-12-17T09:33:08.446Z,1.322,1,600,480x270,1.9750960000000077,1106,
2025-12-17T09:33:08.738Z,1.54,1,600,480x270,2.0123159999999416,1106,
2025-12-17T09:33:09.044Z,1.737,1,600,480x270,1.9918589999999767,1116,
2025-12-17T09:33:09.253Z,2.012,1,600,480x270,1.983789999999999,1116,
2025-12-17T09:33:10.258Z,1.205,1,600,480x270,1.973918000000026,1139,
2025-12-17T09:33:11.136Z,0.244,1,600,480x270,2.0025960000000396,880,rebuffer happen
2025-12-17T09:33:11.353Z,0.025,1,600,480x270,1.9704979999999068,880,rebuffer happen
2025-12-17T09:33:12.286Z,0.025,1,600,480x270,2.8694979999999077,880,