timestamp,bufferLevel,qualityIndex,bitrateKbps,resolution,liveLatency,predictedKbps,rebuffer
2025-12-18T06:55:23.036Z,0,2,1000,640x360,1.077,,
2025-12-18T06:55:23.043Z,0,2,1000,640x360,1.077,,rebuffer happen
2025-12-18T06:55:23.092Z,0.1,2,1000,640x360,1.076334,,rebuffer happen
2025-12-18T06:55:23.373Z,0.225,2,1000,640x360,0.996409,,
2025-12-18T06:55:23.454Z,0.238,3,1500,768x432,1.016152,,
2025-12-18T06:55:23.584Z,0.028,3,1500,768x432,0.981989,,rebuffer happen
2025-12-18T06:55:23.858Z,0.028,3,1500,768x432,1.287989,,
2025-12-18T06:55:23.929Z,0.528,2,1000,640x360,1.2373210000000001,,
2025-12-18T06:55:24.263Z,0.733,2,1000,640x360,1.414587,,
2025-12-18T06:55:24.534Z,1.083,2,1000,640x360,1.456038,,
2025-12-18T06:55:24.862Z,1.368,2,1000,640x360,1.6559320000000002,,
2025-12-18T06:55:25.110Z,1.637,2,1000,640x360,1.695139,,
2025-12-18T06:55:25.377Z,2.038,2,1000,640x360,1.795302,,
2025-12-18T06:55:25.457Z,1.988,3,1500,768x432,1.8308750000000003,,
2025-12-18T06:55:27.300Z,0.283,3,1500,768x432,1.943368,,rebuffer happen
2025-12-18T06:55:27.570Z,0.02,3,1500,768x432,1.9770809999999996,,rebuffer happen
2025-12-18T06:55:27.638Z,0.02,3,1500,768x432,1.9770809999999996,,
2025-12-18T06:55:27.715Z,0.52,2,1000,640x360,2.014345,,
2025-12-18T06:55:28.123Z,0.514,2,1000,640x360,1.9840870000000002,,
2025-12-18T06:55:28.195Z,0.53,3,1500,768x432,2.0135140000000007,,
2025-12-18T06:55:28.374Z,0.257,3,1500,768x432,2.010465,,rebuffer happen
2025-12-18T06:55:28.605Z,0.027,3,1500,768x432,1.9878710000000002,,rebuffer happen
2025-12-18T06:55:29.020Z,0.027,3,1500,768x432,2.378871,,
2025-12-18T06:55:29.097Z,0.527,2,1000,640x360,2.428415,,
2025-12-18T06:55:29.270Z,0.255,2,1000,640x360,2.3745529999999997,,rebuffer happen
2025-12-18T06:55:29.594Z,0.318,2,1000,640x360,2.237324,,
2025-12-18T06:55:29.595Z,0.275,2,1000,640x360,2.236288,,rebuffer happen
2025-12-18T06:55:29.925Z,0.299,2,1000,640x360,2.184233,,rebuffer happen
2025-12-18T06:55:29.980Z,0.294,2,1000,640x360,2.2248159999999997,,rebuffer happen
2025-12-18T06:55:30.069Z,0.27,2,1000,640x360,2.201187,,
2025-12-18T06:55:30.555Z,0.219,2,1000,640x360,2.1821080000000004,,
2025-12-18T06:55:30.623Z,0.229,3,1500,768x432,2.1135270000000004,,
2025-12-18T06:55:30.773Z,0.016,3,1500,768x432,2.175891,,rebuffer happen
2025-12-18T06:55:31.339Z,0.016,3,1500,768x432,2.672891,,
2025-12-18T06:55:31.421Z,0.516,2,1000,640x360,2.702998000000001,,
2025-12-18T06:55:31.968Z,0.246,2,1000,640x360,2.6401400000000006,,rebuffer happen
2025-12-18T06:55:31.979Z,0.246,2,1000,640x360,2.623761000000001,,
2025-12-18T06:55:32.058Z,0.262,1,600,480x270,2.597766,,
2025-12-18T06:55:32.157Z,0.064,1,600,480x270,2.59173,,rebuffer happen
2025-12-18T06:55:32.353Z,0.344,1,600,480x270,2.60794,,
2025-12-18T06:55:32.429Z,0.237,1,600,480x270,2.498646000000001,,rebuffer happen
2025-12-18T06:55:32.673Z,0.38,1,600,480x270,2.4398019999999985,,
2025-12-18T06:55:32.770Z,0.296,1,600,480x270,2.418692,,rebuffer happen
2025-12-18T06:55:32.960Z,0.588,1,600,480x270,2.447341999999999,,
2025-12-18T06:55:33.268Z,0.672,1,600,480x270,2.3119699999999987,,
2025-12-18T06:55:33.347Z,0.66,2,1000,640x360,2.205145999999999,,
2025-12-18T06:55:33.821Z,0.439,2,1000,640x360,2.1020380000000003,,
2025-12-18T06:55:34.312Z,0.366,2,1000,640x360,2.018872,,
2025-12-18T06:55:34.452Z,0.243,2,1000,640x360,2.0698939999999997,,rebuffer happen
2025-12-18T06:55:34.785Z,0.368,2,1000,640x360,2.013966999999999,,
2025-12-18T06:55:34.851Z,0.328,3,1500,768x432,2.049386,,
2025-12-18T06:55:34.851Z,0.297,3,1500,768x432,2.0490060000000003,,rebuffer happen
2025-12-18T06:55:35.127Z,0.022,3,1500,768x432,1.9735399999999998,,rebuffer happen
2025-12-18T06:55:35.558Z,0.022,3,1500,768x432,2.4745399999999993,,
2025-12-18T06:55:35.630Z,0.498,2,1000,640x360,2.3983220000000003,,
2025-12-18T06:55:36.079Z,0.422,2,1000,640x360,2.366771999999999,,
2025-12-18T06:55:36.187Z,0.263,2,1000,640x360,2.319554,,rebuffer happen
2025-12-18T06:55:36.494Z,0.359,2,1000,640x360,2.205850999999999,,
2025-12-18T06:55:36.638Z,0.2,2,1000,640x360,2.1200079999999986,,rebuffer happen
2025-12-18T06:55:36.923Z,0.378,2,1000,640x360,2.144082000000001,,
2025-12-18T06:55:37.002Z,0.325,3,1500,768x432,2.162894999999999,,
2025-12-18T06:55:37.052Z,0.248,3,1500,768x432,2.201101999999999,,rebuffer happen
2025-12-18T06:55:37.229Z,0.027,3,1500,768x432,2.079828000000001,,rebuffer happen
2025-12-18T06:55:37.633Z,0.027,3,1500,768x432,2.4808280000000007,,
2025-12-18T06:55:37.713Z,0.527,1,600,480x270,2.5159149999999997,,
2025-12-18T06:55:37.967Z,0.601,1,600,480x270,2.477876,,
2025-12-18T06:55:38.038Z,0.534,2,1000,640x360,2.375345000000001,,
2025-12-18T06:55:38.466Z,0.447,2,1000,640x360,2.281372000000001,,
2025-12-18T06:55:38.637Z,0.267,2,1000,640x360,2.153162,,rebuffer happen
2025-12-18T06:55:38.905Z,0.375,2,1000,640x360,2.148522999999999,,
2025-12-18T06:55:39.069Z,0.248,2,1000,640x360,2.1356800000000007,,rebuffer happen
2025-12-18T06:55:39.344Z,0.376,2,1000,640x360,2.1386819999999993,,
2025-12-18T06:55:39.417Z,0.385,3,1500,768x432,2.052567,,
2025-12-18T06:55:39.418Z,0.299,3,1500,768x432,2.051601,,rebuffer happen
2025-12-18T06:55:39.647Z,0.032,3,1500,768x432,2.085483,,rebuffer happen
2025-12-18T06:55:40.087Z,0.032,3,1500,768x432,2.4884829999999987,,
2025-12-18T06:55:40.156Z,0.532,2,1000,640x360,2.5301150000000003,,
2025-12-18T06:55:40.348Z,0.276,2,1000,640x360,2.4666440000000023,,rebuffer happen
2025-12-18T06:55:40.576Z,0.254,2,1000,640x360,2.3452319999999993,,rebuffer happen
2025-12-18T06:55:40.661Z,0.275,2,1000,640x360,2.3281740000000006,,
2025-12-18T06:55:41.052Z,0.362,2,1000,640x360,2.3059639999999995,,
2025-12-18T06:55:41.179Z,0.218,2,1000,640x360,2.249575,,rebuffer happen
2025-12-18T06:55:41.476Z,0.376,2,1000,640x360,2.2116050000000023,,
2025-12-18T06:55:41.628Z,0.231,2,1000,640x360,2.1208370000000016,,rebuffer happen
2025-12-18T06:55:41.802Z,0.294,2,1000,640x360,2.1149950000000004,,rebuffer happen
2025-12-18T06:55:41.913Z,0.33,2,1000,640x360,2.080649000000001,,
2025-12-18T06:55:42.036Z,0.18,2,1000,640x360,2.0371169999999985,,rebuffer happen
2025-12-18T06:55:42.343Z,0.35,2,1000,640x360,2.010491000000002,,
2025-12-18T06:55:42.418Z,0.349,3,1500,768x432,2.0165170000000003,,
2025-12-18T06:55:42.419Z,0.264,3,1500,768x432,2.0157050000000005,,rebuffer happen
2025-12-18T06:55:42.649Z,0.021,3,1500,768x432,2.076678000000001,,rebuffer happen
2025-12-18T06:55:43.071Z,0.021,3,1500,768x432,2.4736779999999996,,
2025-12-18T06:55:43.147Z,0.521,2,1000,640x360,2.412123000000001,,
2025-12-18T06:55:43.567Z,0.385,2,1000,640x360,2.331501000000003,,
2025-12-18T06:55:43.702Z,0.196,2,1000,640x360,2.2493630000000024,,rebuffer happen
2025-12-18T06:55:43.987Z,0.412,2,1000,640x360,2.28163,,
2025-12-18T06:55:44.154Z,0.265,2,1000,640x360,2.2610729999999997,,rebuffer happen
2025-12-18T06:55:44.230Z,0.264,2,1000,640x360,2.159915999999999,,rebuffer happen
2025-12-18T06:55:44.413Z,0.336,2,1000,640x360,2.1405809999999974,,
2025-12-18T06:55:44.503Z,0.276,2,1000,640x360,2.134573000000003,,rebuffer happen
2025-12-18T06:55:44.721Z,0.503,2,1000,640x360,2.0780090000000015,,
2025-12-18T06:55:44.985Z,0.71,2,1000,640x360,2.07085,,
2025-12-18T06:55:45.327Z,0.824,2,1000,640x360,1.9813700000000019,,
2025-12-18T06:55:45.739Z,0.873,2,1000,640x360,1.9391290000000012,,
2025-12-18T06:55:45.823Z,0.863,3,1500,768x432,1.9544549999999994,,
2025-12-18T06:55:46.362Z,0.239,3,1500,768x432,1.9942889999999984,,rebuffer happen
2025-12-18T06:55:46.419Z,0.239,3,1500,768x432,1.9362569999999977,,
2025-12-18T06:55:46.498Z,0.613,2,1000,640x360,1.9532929999999986,,
2025-12-18T06:55:46.900Z,0.683,2,1000,640x360,1.9589999999999996,,
2025-12-18T06:55:47.301Z,0.794,2,1000,640x360,1.9506510000000006,,
2025-12-18T06:55:47.386Z,0.796,3,1500,768x432,1.962215999999998,,
2025-12-18T06:55:47.952Z,0.16,3,1500,768x432,2.0142109999999995,,rebuffer happen
2025-12-18T06:55:48.073Z,0.039,3,1500,768x432,1.9928430000000006,,rebuffer happen
2025-12-18T06:55:48.158Z,0.039,3,1500,768x432,2.0988429999999987,,
2025-12-18T06:55:48.240Z,0.539,2,1000,640x360,2.0323209999999996,,
2025-12-18T06:55:48.476Z,0.243,2,1000,640x360,2.0680259999999997,,rebuffer happen
2025-12-18T06:55:48.838Z,0.329,2,1000,640x360,1.9824319999999993,,
2025-12-18T06:55:48.913Z,0.31,3,1500,768x432,2.0130390000000027,,
2025-12-18T06:55:48.914Z,0.249,3,1500,768x432,2.0121670000000016,,rebuffer happen
2025-12-18T06:55:49.122Z,0.032,3,1500,768x432,1.9844630000000016,,rebuffer happen
2025-12-18T06:55:49.520Z,0.032,3,1500,768x432,2.3924629999999993,,
2025-12-18T06:55:49.602Z,0.532,2,1000,640x360,2.4199990000000007,,
2025-12-18T06:55:49.914Z,0.544,2,1000,640x360,2.3151280000000014,,
2025-12-18T06:55:50.241Z,0.592,2,1000,640x360,2.1722750000000026,,
2025-12-18T06:55:50.594Z,0.664,2,1000,640x360,2.112538999999998,,
2025-12-18T06:55:51.428Z,0.401,2,1000,640x360,1.9752700000000019,,
2025-12-18T06:55:51.428Z,0.22,2,1000,640x360,1.9744780000000013,,rebuffer happen
2025-12-18T06:55:51.607Z,0.035,2,1000,640x360,1.991854,,rebuffer happen
2025-12-18T06:55:51.885Z,0.293,2,1000,640x360,2.057462000000001,,
2025-12-18T06:55:51.970Z,0.289,3,1500,768x432,2.0787549999999975,,
2025-12-18T06:55:52.157Z,0.027,3,1500,768x432,2.0902129999999985,,rebuffer happen
2025-12-18T06:55:52.571Z,0.027,3,1500,768x432,2.4842130000000004,,
2025-12-18T06:55:52.656Z,0.502,2,1000,640x360,2.485088000000001,,
2025-12-18T06:55:53.075Z,0.456,2,1000,640x360,2.4066659999999978,,
2025-12-18T06:55:53.480Z,0.399,2,1000,640x360,2.2523850000000003,,
2025-12-18T06:55:53.607Z,0.262,2,1000,640x360,2.181291999999999,,rebuffer happen
2025-12-18T06:55:53.701Z,0.273,2,1000,640x360,2.16094,,rebuffer happen
2025-12-18T06:55:53.896Z,0.364,2,1000,640x360,2.1369240000000005,,
2025-12-18T06:55:53.964Z,0.372,3,1500,768x432,2.1480570000000014,,
2025-12-18T06:55:53.965Z,0.288,3,1500,768x432,2.147167000000003,,rebuffer happen
2025-12-18T06:55:54.209Z,0.03,3,1500,768x432,2.0827449999999956,,rebuffer happen
2025-12-18T06:55:54.588Z,0.03,3,1500,768x432,2.4857450000000014,,
2025-12-18T06:55:54.654Z,0.53,2,1000,640x360,2.433616000000004,,
2025-12-18T06:55:55.065Z,0.427,2,1000,640x360,2.386963999999999,,
2025-12-18T06:55:55.210Z,0.299,2,1000,640x360,2.2864550000000037,,rebuffer happen
2025-12-18T06:55:55.491Z,0.425,2,1000,640x360,2.282313999999996,,
2025-12-18T06:55:55.561Z,0.382,3,1500,768x432,2.2919219999999996,,
2025-12-18T06:55:55.801Z,0.051,3,1500,768x432,2.2052170000000046,,rebuffer happen
2025-12-18T06:55:55.810Z,0.04,3,1500,768x432,2.194150000000004,,rebuffer happen
2025-12-18T06:55:56.187Z,0.04,3,1500,768x432,2.593149999999998,,
2025-12-18T06:55:56.266Z,0.514,1,600,480x270,2.6057299999999977,,
2025-12-18T06:55:56.518Z,0.564,1,600,480x270,2.4428300000000007,,
2025-12-18T06:55:56.591Z,0.497,2,1000,640x360,2.434483,,
2025-12-18T06:55:57.017Z,0.448,2,1000,640x360,2.2936419999999984,,
2025-12-18T06:55:57.125Z,0.292,2,1000,640x360,2.243840999999996,,rebuffer happen
2025-12-18T06:55:57.442Z,0.377,2,1000,640x360,2.139704000000002,,
2025-12-18T06:55:57.606Z,0.234,2,1000,640x360,2.1216480000000004,,rebuffer happen
2025-12-18T06:55:57.862Z,0.404,2,1000,640x360,2.1717220000000026,,
2025-12-18T06:55:57.928Z,0.41,3,1500,768x432,2.112359000000005,,
2025-12-18T06:55:58.025Z,0.235,3,1500,768x432,2.088549999999998,,rebuffer happen
2025-12-18T06:55:58.196Z,0.03,3,1500,768x432,2.0828190000000006,,rebuffer happen
2025-12-18T06:55:58.551Z,0.03,3,1500,768x432,2.4848190000000017,,
2025-12-18T06:55:58.632Z,0.53,2,1000,640x360,2.419557999999995,,
2025-12-18T06:55:59.048Z,0.432,2,1000,640x360,2.380449000000006,,
2025-12-18T06:55:59.212Z,0.267,2,1000,640x360,2.252969,,rebuffer happen
2025-12-18T06:55:59.251Z,0.281,2,1000,640x360,2.2993510000000015,,rebuffer happen
2025-12-18T06:55:59.468Z,0.364,2,1000,640x360,2.214513999999994,,
2025-12-18T06:55:59.536Z,0.301,3,1500,768x432,2.1288319999999956,,
2025-12-18T06:55:59.537Z,0.273,3,1500,768x432,2.1279309999999967,,rebuffer happen
2025-12-18T06:55:59.747Z,0.015,3,1500,768x432,2.169958000000001,,rebuffer happen
2025-12-18T06:56:00.150Z,0.015,3,1500,768x432,2.5709579999999974,,
2025-12-18T06:56:00.223Z,0.481,2,1000,640x360,2.4977400000000003,,
2025-12-18T06:56:00.387Z,0.271,2,1000,640x360,2.462183000000003,,rebuffer happen
2025-12-18T06:56:00.444Z,0.288,2,1000,640x360,2.474147000000002,,rebuffer happen
2025-12-18T06:56:00.643Z,0.345,2,1000,640x360,2.290486999999999,,
2025-12-18T06:56:00.796Z,0.159,2,1000,640x360,2.310735000000001,,rebuffer happen
2025-12-18T06:56:01.071Z,0.306,2,1000,640x360,2.277633999999999,,
2025-12-18T06:56:01.233Z,0.178,2,1000,640x360,2.167687000000001,,rebuffer happen
2025-12-18T06:56:01.488Z,0.322,2,1000,640x360,2.1829820000000026,,
2025-12-18T06:56:01.569Z,0.326,3,1500,768x432,2.2109300000000047,,
2025-12-18T06:56:01.570Z,0.245,3,1500,768x432,2.210207000000004,,rebuffer happen
2025-12-18T06:56:01.799Z,0.024,3,1500,768x432,2.1845730000000003,,rebuffer happen
2025-12-18T06:56:02.197Z,0.024,3,1500,768x432,2.5795729999999963,,
2025-12-18T06:56:02.270Z,0.524,2,1000,640x360,2.6179500000000004,,
2025-12-18T06:56:02.425Z,0.273,2,1000,640x360,2.5291479999999993,,rebuffer happen
2025-12-18T06:56:02.688Z,0.4,2,1000,640x360,2.4437810000000013,,
2025-12-18T06:56:02.765Z,0.391,3,1500,768x432,2.4640859999999947,,
2025-12-18T06:56:02.786Z,0.283,3,1500,768x432,2.445707999999996,,rebuffer happen
2025-12-18T06:56:03.017Z,0.02,3,1500,768x432,2.372302999999995,,rebuffer happen
2025-12-18T06:56:03.388Z,0.02,3,1500,768x432,2.7773029999999963,,
2025-12-18T06:56:03.469Z,0.52,2,1000,640x360,2.819865,,
2025-12-18T06:56:03.632Z,0.264,2,1000,640x360,2.6909119999999973,,rebuffer happen
2025-12-18T06:56:03.890Z,0.407,2,1000,640x360,2.651856000000002,,
2025-12-18T06:56:04.052Z,0.225,2,1000,640x360,2.614789000000002,,rebuffer happen
2025-12-18T06:56:04.217Z,0.249,2,1000,640x360,2.540210000000002,,rebuffer happen
2025-12-18T06:56:04.342Z,0.267,2,1000,640x360,2.4530949999999976,,rebuffer happen
2025-12-18T06:56:04.344Z,0.267,2,1000,640x360,2.548808000000001,,
2025-12-18T06:56:04.705Z,0.327,2,1000,640x360,2.394650999999996,,
2025-12-18T06:56:04.777Z,0.329,3,1500,768x432,2.422005999999996,,
2025-12-18T06:56:04.778Z,0.261,3,1500,768x432,2.421248999999996,,rebuffer happen
2025-12-18T06:56:05.018Z,0.032,3,1500,768x432,2.3838559999999944,,rebuffer happen
2025-12-18T06:56:05.333Z,0.032,3,1500,768x432,2.6838559999999987,,
2025-12-18T06:56:05.402Z,0.532,2,1000,640x360,2.728957000000001,,
2025-12-18T06:56:05.826Z,0.467,2,1000,640x360,2.6345760000000027,,
2025-12-18T06:56:05.902Z,0.479,1,600,480x270,2.620593999999997,,
2025-12-18T06:56:06.016Z,0.2,1,600,480x270,2.554938,,rebuffer happen
2025-12-18T06:56:06.165Z,0.476,1,600,480x270,2.5362580000000037,,
2025-12-18T06:56:06.243Z,0.481,3,1500,768x432,2.422753,,
2025-12-18T06:56:06.343Z,0.224,3,1500,768x432,2.377093000000002,,rebuffer happen
2025-12-18T06:56:06.536Z,0.019,3,1500,768x432,2.3745580000000004,,rebuffer happen
2025-12-18T06:56:06.902Z,0.019,3,1500,768x432,2.770558000000001,,
2025-12-18T06:56:06.982Z,0.519,2,1000,640x360,2.8079579999999993,,
2025-12-18T06:56:07.169Z,0.29,2,1000,640x360,2.7766710000000003,,rebuffer happen
2025-12-18T06:56:07.424Z,0.342,2,1000,640x360,2.5975189999999984,,
2025-12-18T06:56:07.596Z,0.093,2,1000,640x360,2.5449550000000016,,rebuffer happen
2025-12-18T06:56:07.875Z,0.243,2,1000,640x360,2.5121640000000056,,
2025-12-18T06:56:07.943Z,0.259,3,1500,768x432,2.4437810000000013,,
2025-12-18T06:56:08.104Z,0.032,3,1500,768x432,2.492547000000002,,rebuffer happen
2025-12-18T06:56:08.655Z,0.032,3,1500,768x432,3.0845470000000006,,
2025-12-18T06:56:08.736Z,0.532,2,1000,640x360,3.0190059999999974,,
2025-12-18T06:56:09.173Z,0.39,2,1000,640x360,2.9592859999999988,,
2025-12-18T06:56:09.252Z,0.289,2,1000,640x360,2.950229,,rebuffer happen
2025-12-18T06:56:09.611Z,0.279,2,1000,640x360,2.801864000000002,,rebuffer happen
2025-12-18T06:56:09.631Z,0.31,2,1000,640x360,2.770396000000005,,
2025-12-18T06:56:09.689Z,0.229,1,600,480x270,2.792114000000005,,rebuffer happen
2025-12-18T06:56:09.701Z,0.229,1,600,480x270,2.7731740000000045,,
2025-12-18T06:56:09.980Z,0.409,1,600,480x270,2.7854230000000015,,
2025-12-18T06:56:10.059Z,0.425,2,1000,640x360,2.7639509999999987,,
2025-12-18T06:56:10.219Z,0.072,2,1000,640x360,2.630144999999999,,rebuffer happen
2025-12-18T06:56:10.496Z,0.222,2,1000,640x360,2.597262999999998,,
2025-12-18T06:56:10.573Z,0.242,3,1500,768x432,2.6195629999999994,,
2025-12-18T06:56:10.706Z,0.033,3,1500,768x432,2.5970939999999985,,rebuffer happen
2025-12-18T06:56:11.226Z,0.033,3,1500,768x432,3.095093999999996,,
2025-12-18T06:56:11.305Z,0.533,2,1000,640x360,3.1241540000000043,,
2025-12-18T06:56:11.772Z,0.384,2,1000,640x360,3.0400899999999993,,
2025-12-18T06:56:11.945Z,0.189,2,1000,640x360,2.975944999999996,,rebuffer happen
2025-12-18T06:56:12.217Z,0.305,2,1000,640x360,2.8627230000000026,,
2025-12-18T06:56:12.307Z,0.219,2,1000,640x360,2.8727050000000034,,rebuffer happen
2025-12-18T06:56:12.671Z,0.243,2,1000,640x360,2.788739999999997,,
2025-12-18T06:56:13.114Z,0.284,2,1000,640x360,2.761462999999999,,
2025-12-18T06:56:13.189Z,0.301,3,1500,768x432,2.781354999999998,,
2025-12-18T06:56:13.190Z,0.226,3,1500,768x432,2.7805880000000016,,rebuffer happen
2025-12-18T06:56:13.392Z,0.025,3,1500,768x432,2.779830000000004,,rebuffer happen
2025-12-18T06:56:13.851Z,0.025,3,1500,768x432,3.2808300000000017,,
2025-12-18T06:56:13.924Z,0.525,2,1000,640x360,3.2222679999999997,,
2025-12-18T06:56:14.097Z,0.274,2,1000,640x360,3.1663270000000026,,rebuffer happen
2025-12-18T06:56:14.192Z,0.298,2,1000,640x360,3.1174819999999954,,rebuffer happen
2025-12-18T06:56:14.347Z,0.298,2,1000,640x360,3.0878289999999993,,rebuffer happen
2025-12-18T06:56:14.361Z,0.298,2,1000,640x360,3.0672819999999987,,
2025-12-18T06:56:14.436Z,0.311,3,1500,768x432,2.9545730000000034,,
2025-12-18T06:56:14.437Z,0.197,3,1500,768x432,2.9534960000000012,,rebuffer happen
2025-12-18T06:56:14.609Z,0.018,3,1500,768x432,2.970017999999996,,rebuffer happen
2025-12-18T06:56:15.077Z,0.018,3,1500,768x432,3.470017999999996,,
2025-12-18T06:56:15.154Z,0.467,2,1000,640x360,3.4003119999999996,,
2025-12-18T06:56:15.325Z,0.225,2,1000,640x360,3.344535999999998,,rebuffer happen
2025-12-18T06:56:15.424Z,0.286,2,1000,640x360,3.3057969999999983,,rebuffer happen
2025-12-18T06:56:15.508Z,0.293,2,1000,640x360,3.2786179999999945,,rebuffer happen
2025-12-18T06:56:15.589Z,0.304,2,1000,640x360,3.257261999999997,,
2025-12-18T06:56:15.673Z,0.304,3,1500,768x432,3.2317079999999976,,
2025-12-18T06:56:15.674Z,0.178,3,1500,768x432,3.2306290000000004,,rebuffer happen
2025-12-18T06:56:15.793Z,0.032,3,1500,768x432,3.1928079999999994,,rebuffer happen
2025-12-18T06:56:16.295Z,0.032,3,1500,768x432,3.6848079999999968,,
2025-12-18T06:56:16.375Z,0.525,2,1000,640x360,3.6800190000000015,,
2025-12-18T06:56:16.502Z,0.238,2,1000,640x360,3.602675000000005,,rebuffer happen
2025-12-18T06:56:16.864Z,0.304,2,1000,640x360,3.5884590000000003,,
2025-12-18T06:56:16.938Z,0.336,1,600,480x270,3.476513000000004,,
2025-12-18T06:56:16.939Z,0.223,1,600,480x270,3.4753370000000032,,rebuffer happen
2025-12-18T06:56:17.061Z,0.041,1,600,480x270,3.4972290000000044,,rebuffer happen
2025-12-18T06:56:17.223Z,0.381,1,600,480x270,3.468316999999999,,
2025-12-18T06:56:17.291Z,0.407,2,1000,640x360,3.462252999999997,,
2025-12-18T06:56:17.327Z,0.252,2,1000,640x360,3.4085839999999976,,rebuffer happen
2025-12-18T06:56:17.561Z,0.034,2,1000,640x360,3.3524029999999954,,rebuffer happen
2025-12-18T06:56:17.834Z,0.202,2,1000,640x360,3.3617590000000064,,
2025-12-18T06:56:17.916Z,0.207,3,1500,768x432,3.390471000000005,,
2025-12-18T06:56:18.012Z,0.031,3,1500,768x432,3.383746000000002,,rebuffer happen
2025-12-18T06:56:18.528Z,0.031,3,1500,768x432,3.883746000000002,,
2025-12-18T06:56:18.610Z,0.531,2,1000,640x360,3.918567000000003,,
2025-12-18T06:56:19.035Z,0.39,2,1000,640x360,3.7479259999999996,,
2025-12-18T06:56:19.181Z,0.206,2,1000,640x360,3.7389300000000034,,rebuffer happen
2025-12-18T06:56:19.480Z,0.308,2,1000,640x360,3.660020000000003,,
2025-12-18T06:56:19.556Z,0.3,3,1500,768x432,3.679051000000001,,
2025-12-18T06:56:19.557Z,0.224,3,1500,768x432,3.6783240000000035,,rebuffer happen
2025-12-18T06:56:19.763Z,0.02,3,1500,768x432,3.671526,,rebuffer happen
2025-12-18T06:56:20.157Z,0.02,3,1500,768x432,4.075525999999996,,
2025-12-18T06:56:20.225Z,0.52,2,1000,640x360,4.020949999999999,,
2025-12-18T06:56:20.662Z,0.361,2,1000,640x360,3.902577000000001,,
2025-12-18T06:56:20.816Z,0.169,2,1000,640x360,3.8267310000000023,,rebuffer happen
2025-12-18T06:56:21.106Z,0.36,2,1000,640x360,3.819271999999998,,
2025-12-18T06:56:21.173Z,0.265,1,600,480x270,3.829554999999999,,rebuffer happen
2025-12-18T06:56:21.185Z,0.265,1,600,480x270,3.8111259999999945,,
2025-12-18T06:56:21.472Z,0.366,1,600,480x270,3.7409509999999955,,
2025-12-18T06:56:21.543Z,0.32,3,1500,768x432,3.6641859999999937,,
2025-12-18T06:56:21.611Z,0.202,3,1500,768x432,3.6535399999999996,,rebuffer happen
2025-12-18T06:56:21.732Z,0.024,3,1500,768x432,3.5786639999999963,,rebuffer happen
2025-12-18T06:56:22.171Z,0.024,3,1500,768x432,4.075663999999996,,
2025-12-18T06:56:22.246Z,0.524,2,1000,640x360,4.016334999999998,,
2025-12-18T06:56:22.417Z,0.244,2,1000,640x360,3.975208000000002,,rebuffer happen
2025-12-18T06:56:22.754Z,0.341,2,1000,640x360,3.9212970000000027,,
2025-12-18T06:56:22.755Z,0.269,2,1000,640x360,3.920732000000001,,rebuffer happen
2025-12-18T06:56:22.837Z,0.238,3,1500,768x432,3.8422880000000035,,
2025-12-18T06:56:22.999Z,0.028,3,1500,768x432,3.8831639999999936,,rebuffer happen
2025-12-18T06:56:23.457Z,0.028,3,1500,768x432,4.386163999999994,,
2025-12-18T06:56:23.535Z,0.528,2,1000,640x360,4.323273999999998,,
2025-12-18T06:56:23.704Z,0.213,2,1000,640x360,4.266028999999996,,rebuffer happen
2025-12-18T06:56:24.038Z,0.337,2,1000,640x360,4.107907999999995,,
2025-12-18T06:56:24.039Z,0.255,2,1000,640x360,4.1068969999999965,,rebuffer happen
2025-12-18T06:56:24.116Z,0.204,1,600,480x270,4.120090000000005,,
2025-12-18T06:56:24.381Z,0.383,1,600,480x270,4.148679999999999,,
2025-12-18T06:56:24.458Z,0.331,3,1500,768x432,4.168363999999997,,
2025-12-18T06:56:24.600Z,0.1,3,1500,768x432,4.067852000000002,,rebuffer happen
2025-12-18T06:56:24.651Z,0.025,3,1500,768x432,4.083925000000001,,rebuffer happen
2025-12-18T06:56:25.135Z,0.025,3,1500,768x432,4.484925000000004,,
2025-12-18T06:56:25.203Z,0.496,2,1000,640x360,4.507661999999996,,
2025-12-18T06:56:25.372Z,0.269,2,1000,640x360,4.459094999999998,,rebuffer happen
2025-12-18T06:56:25.650Z,0.357,2,1000,640x360,4.3892079999999964,,
2025-12-18T06:56:25.705Z,0.248,3,1500,768x432,4.307309999999994,,rebuffer happen
2025-12-18T06:56:25.716Z,0.248,3,1500,768x432,4.290333999999994,,
2025-12-18T06:56:25.935Z,0.019,3,1500,768x432,4.270747,,rebuffer happen
2025-12-18T06:56:26.388Z,0.019,3,1500,768x432,4.776746999999993,,
2025-12-18T06:56:26.466Z,0.465,2,1000,640x360,4.812835000000007,,
2025-12-18T06:56:26.610Z,0.233,2,1000,640x360,4.690874999999998,,rebuffer happen
2025-12-18T06:56:26.899Z,0.396,2,1000,640x360,4.655861999999992,,
2025-12-18T06:56:26.970Z,0.401,3,1500,768x432,4.7027749999999955,,
2025-12-18T06:56:27.169Z,0.039,3,1500,768x432,4.604276999999996,,rebuffer happen
2025-12-18T06:56:27.170Z,0.039,3,1500,768x432,4.604276999999996,,rebuffer happen
2025-12-18T06:56:27.365Z,0.039,3,1500,768x432,4.799277000000004,,
2025-12-18T06:56:27.440Z,0.491,1,600,480x270,4.7317760000000035,,
2025-12-18T06:56:27.640Z,0.622,1,600,480x270,4.629773,,
2025-12-18T06:56:27.717Z,0.599,3,1500,768x432,4.6236299999999915,,
2025-12-18T06:56:28.048Z,0.196,3,1500,768x432,4.6520360000000025,,rebuffer happen
2025-12-18T06:56:28.154Z,0.038,3,1500,768x432,4.596978,,rebuffer happen
2025-12-18T06:56:28.325Z,0.038,3,1500,768x432,4.691977999999999,,
2025-12-18T06:56:28.402Z,0.538,1,600,480x270,4.728413000000003,,
2025-12-18T06:56:28.647Z,0.609,1,600,480x270,4.666073999999995,,
2025-12-18T06:56:28.727Z,0.574,2,1000,640x360,4.546244999999999,,
2025-12-18T06:56:28.951Z,0.177,2,1000,640x360,4.535969999999992,,rebuffer happen
2025-12-18T06:56:29.131Z,0.274,2,1000,640x360,4.368870000000001,,rebuffer happen
2025-12-18T06:56:29.213Z,0.251,2,1000,640x360,4.341960000000007,,rebuffer happen
2025-12-18T06:56:29.225Z,0.251,2,1000,640x360,4.322835000000005,,
2025-12-18T06:56:29.301Z,0.264,1,600,480x270,4.3144689999999954,,
2025-12-18T06:56:29.371Z,0.047,1,600,480x270,4.307777999999999,,rebuffer happen
2025-12-18T06:56:29.553Z,0.425,1,600,480x270,4.40043,,
2025-12-18T06:56:29.643Z,0.36,3,1500,768x432,4.305347000000005,,
2025-12-18T06:56:29.849Z,0.108,3,1500,768x432,4.365607999999995,,rebuffer happen
2025-12-18T06:56:29.888Z,0.05,3,1500,768x432,4.307786999999998,,rebuffer happen
2025-12-18T06:56:30.294Z,0.05,3,1500,768x432,4.702787000000008,,
2025-12-18T06:56:30.372Z,0.55,1,600,480x270,4.741226000000005,,
2025-12-18T06:56:30.591Z,0.627,1,600,480x270,4.634772000000005,,
2025-12-18T06:56:30.838Z,0.855,1,600,480x270,4.528710000000004,,
2025-12-18T06:56:30.919Z,0.87,3,1500,768x432,4.549188999999998,,
2025-12-18T06:56:31.423Z,0.043,3,1500,768x432,4.299139999999994,,rebuffer happen
2025-12-18T06:56:31.424Z,0.043,3,1500,768x432,4.299139999999994,,rebuffer happen
2025-12-18T06:56:32.011Z,0.043,3,1500,768x432,4.902139999999989,,
2025-12-18T06:56:32.103Z,0.543,2,1000,640x360,4.920853999999991,,
2025-12-18T06:56:32.301Z,0.274,2,1000,640x360,4.898604000000006,,rebuffer happen
2025-12-18T06:56:32.582Z,0.381,2,1000,640x360,4.83474600000001,,
2025-12-18T06:56:32.650Z,0.381,1,600,480x270,4.73276700000001,,
2025-12-18T06:56:32.651Z,0.279,1,600,480x270,4.837623999999991,,rebuffer happen
2025-12-18T06:56:32.992Z,0.381,1,600,480x270,4.762219999999999,,
2025-12-18T06:56:33.067Z,0.318,3,1500,768x432,4.766345000000001,,
2025-12-18T06:56:33.085Z,0.276,3,1500,768x432,4.740593000000004,,rebuffer happen
2025-12-18T06:56:33.241Z,0.041,3,1500,768x432,4.599488000000008,,rebuffer happen
2025-12-18T06:56:33.731Z,0.041,3,1500,768x432,5.0974879999999985,,
2025-12-18T06:56:33.796Z,0.519,2,1000,640x360,5.133965000000003,,
2025-12-18T06:56:33.998Z,0.201,2,1000,640x360,5.019435000000001,,rebuffer happen
2025-12-18T06:56:34.319Z,0.316,2,1000,640x360,4.977693000000002,,
2025-12-18T06:56:34.391Z,0.316,1,600,480x270,4.963650999999999,,
2025-12-18T06:56:34.392Z,0.208,1,600,480x270,4.962519999999998,,rebuffer happen
2025-12-18T06:56:34.509Z,0.033,1,600,480x270,4.897472000000008,,rebuffer happen
2025-12-18T06:56:34.698Z,0.39,1,600,480x270,4.956977999999992,,
2025-12-18T06:56:34.767Z,0.403,3,1500,768x432,5.0053609999999935,,
2025-12-18T06:56:34.878Z,0.177,3,1500,768x432,4.931547999999992,,rebuffer happen
2025-12-18T06:56:34.976Z,0.03,3,1500,768x432,4.88605299999999,,rebuffer happen
2025-12-18T06:56:35.604Z,0.03,3,1500,768x432,5.482052999999993,,
2025-12-18T06:56:35.686Z,0.53,1,600,480x270,5.518011999999999,,
2025-12-18T06:56:35.987Z,0.545,1,600,480x270,5.425488999999999,,
2025-12-18T06:56:36.057Z,0.498,2,1000,640x360,5.4131320000000045,,
2025-12-18T06:56:36.213Z,0.257,2,1000,640x360,5.280753000000004,,rebuffer happen
2025-12-18T06:56:36.515Z,0.369,2,1000,640x360,5.23974299999999,,
2025-12-18T06:56:36.673Z,0.173,2,1000,640x360,5.239463999999998,,rebuffer happen
2025-12-18T06:56:36.986Z,0.355,2,1000,640x360,5.203141000000002,,
2025-12-18T06:56:37.046Z,0.282,3,1500,768x432,5.236398999999992,,rebuffer happen
2025-12-18T06:56:37.057Z,0.282,3,1500,768x432,5.219656999999998,,
2025-12-18T06:56:37.278Z,0.027,3,1500,768x432,5.180684999999997,,rebuffer happen
2025-12-18T06:56:37.708Z,0.027,3,1500,768x432,5.580685000000003,,
2025-12-18T06:56:37.774Z,0.482,2,1000,640x360,5.623431000000011,,
2025-12-18T06:56:38.223Z,0.307,2,1000,640x360,5.348713000000004,,
2025-12-18T06:56:38.224Z,0.296,2,1000,640x360,5.347759000000011,,rebuffer happen
2025-12-18T06:56:38.306Z,0.296,3,1500,768x432,5.325831999999991,,
2025-12-18T06:56:38.445Z,0.023,3,1500,768x432,5.376706999999996,,rebuffer happen
2025-12-18T06:56:39.005Z,0.023,3,1500,768x432,5.877707000000001,,
2025-12-18T06:56:39.072Z,0.523,2,1000,640x360,5.921542000000002,,
2025-12-18T06:56:39.512Z,0.372,2,1000,640x360,5.755855000000011,,
2025-12-18T06:56:39.582Z,0.296,2,1000,640x360,5.747918999999996,,rebuffer happen
2025-12-18T06:56:39.882Z,0.381,2,1000,640x360,5.6261439999999965,,
2025-12-18T06:56:39.936Z,0.287,2,1000,640x360,5.545794999999998,,rebuffer happen
2025-12-18T06:56:40.349Z,0.328,2,1000,640x360,5.551586,,
2025-12-18T06:56:40.350Z,0.299,2,1000,640x360,5.550676999999993,,rebuffer happen
2025-12-18T06:56:40.901Z,0.148,2,1000,640x360,5.4084959999999995,,
2025-12-18T06:56:40.970Z,0.15,3,1500,768x432,5.4369239999999905,,
2025-12-18T06:56:41.031Z,0.021,3,1500,768x432,5.37714299999999,,rebuffer happen
2025-12-18T06:56:41.795Z,0.021,3,1500,768x432,6.1781429999999915,,
2025-12-18T06:56:41.871Z,0.499,2,1000,640x360,6.187528,,
2025-12-18T06:56:42.043Z,0.243,2,1000,640x360,6.128728999999993,,rebuffer happen
2025-12-18T06:56:42.239Z,0.395,2,1000,640x360,6.003709999999998,,
2025-12-18T06:56:42.306Z,0.45,3,1500,768x432,6.041229000000001,,
2025-12-18T06:56:42.478Z,0.152,3,1500,768x432,6.0104670000000056,,rebuffer happen
2025-12-18T06:56:42.549Z,0.046,3,1500,768x432,6.003488999999988,,rebuffer happen
2025-12-18T06:56:42.898Z,0.046,3,1500,768x432,6.302488999999994,,
2025-12-18T06:56:42.974Z,0.546,2,1000,640x360,6.338153999999989,,
2025-12-18T06:56:43.187Z,0.297,2,1000,640x360,6.283501000000001,,rebuffer happen
2025-12-18T06:56:43.393Z,0.482,2,1000,640x360,6.245015000000009,,
2025-12-18T06:56:43.566Z,0.232,2,1000,640x360,6.188838999999987,,rebuffer happen
2025-12-18T06:56:44.069Z,0.248,2,1000,640x360,6.1755019999999945,,
2025-12-18T06:56:44.135Z,0.22,3,1500,768x432,6.109515999999999,,
2025-12-18T06:56:44.267Z,0.023,3,1500,768x432,6.178775999999999,,rebuffer happen
2025-12-18T06:56:44.685Z,0.023,3,1500,768x432,6.5757759999999905,,
2025-12-18T06:56:44.764Z,0.523,2,1000,640x360,6.617337000000006,,
2025-12-18T06:56:44.911Z,0.291,2,1000,640x360,6.516991000000004,,rebuffer happen
2025-12-18T06:56:45.182Z,0.363,2,1000,640x360,6.412886,,
2025-12-18T06:56:45.328Z,0.133,2,1000,640x360,6.288964000000007,,rebuffer happen
2025-12-18T06:56:45.619Z,0.304,2,1000,640x360,6.251237000000003,,
2025-12-18T06:56:45.620Z,0.297,2,1000,640x360,6.250258000000002,,rebuffer happen
2025-12-18T06:56:46.153Z,0.185,2,1000,640x360,6.2595130000000125,,
2025-12-18T06:56:46.230Z,0.207,3,1500,768x432,6.182614000000001,,
2025-12-18T06:56:46.335Z,0.026,3,1500,768x432,6.185268000000008,,rebuffer happen
2025-12-18T06:56:46.633Z,0.026,3,1500,768x432,6.478268,,
2025-12-18T06:56:46.705Z,0.526,2,1000,640x360,6.5214340000000135,,
2025-12-18T06:56:47.157Z,0.378,2,1000,640x360,6.421717000000001,,
2025-12-18T06:56:47.311Z,0.171,2,1000,640x360,6.290087999999997,,rebuffer happen
2025-12-18T06:56:47.677Z,0.222,2,1000,640x360,6.287789000000004,,
2025-12-18T06:56:47.749Z,0.232,3,1500,768x432,6.216453000000001,,
2025-12-18T06:56:47.903Z,0.024,3,1500,768x432,6.279571000000004,,rebuffer happen
2025-12-18T06:56:48.530Z,0.024,3,1500,768x432,6.885570999999999,,
2025-12-18T06:56:48.608Z,0.524,2,1000,640x360,6.919927999999999,,
2025-12-18T06:56:48.775Z,0.279,2,1000,640x360,6.89900200000001,,rebuffer happen
2025-12-18T06:56:49.006Z,0.502,2,1000,640x360,6.872137000000009,,
2025-12-18T06:56:49.075Z,0.508,1,600,480x270,6.861154999999997,,
2025-12-18T06:56:49.220Z,0.287,1,600,480x270,6.740016999999995,,rebuffer happen
2025-12-18T06:56:49.337Z,0.493,1,600,480x270,6.664352000000008,,
2025-12-18T06:56:49.608Z,0.601,1,600,480x270,6.557544000000007,,
2025-12-18T06:56:49.875Z,0.716,1,600,480x270,6.48424,,
2025-12-18T06:56:49.943Z,0.719,3,1500,768x432,6.3814550000000025,,
2025-12-18T06:56:50.290Z,0.098,3,1500,768x432,6.250490999999997,,rebuffer happen
2025-12-18T06:56:50.338Z,0.026,3,1500,768x432,6.177773000000002,,rebuffer happen
2025-12-18T06:56:50.584Z,0.026,3,1500,768x432,6.4797729999999945,,
2025-12-18T06:56:50.658Z,0.525,1,600,480x270,6.481673000000001,,
2025-12-18T06:56:50.916Z,0.583,1,600,480x270,6.341313999999997,,
2025-12-18T06:56:50.996Z,0.586,2,1000,640x360,6.326911999999993,,
2025-12-18T06:56:51.139Z,0.252,2,1000,640x360,6.20628099999999,,rebuffer happen
2025-12-18T06:56:51.430Z,0.341,2,1000,640x360,6.076750000000004,,
2025-12-18T06:56:51.505Z,0.314,1,600,480x270,6.057417999999998,,
2025-12-18T06:56:51.506Z,0.2,1,600,480x270,6.056151999999997,,rebuffer happen
2025-12-18T06:56:51.762Z,0.384,1,600,480x270,6.051300999999995,,
2025-12-18T06:56:51.832Z,0.399,3,1500,768x432,5.988892000000007,,
2025-12-18T06:56:51.898Z,0.277,3,1500,768x432,6.037027000000009,,rebuffer happen
2025-12-18T06:56:52.140Z,0.025,3,1500,768x432,5.986677999999998,,rebuffer happen
2025-12-18T06:56:52.474Z,0.025,3,1500,768x432,6.376677999999998,,
2025-12-18T06:56:52.549Z,0.525,2,1000,640x360,6.315911999999997,,
2025-12-18T06:56:52.872Z,0.607,2,1000,640x360,6.372222999999991,,
2025-12-18T06:56:52.938Z,0.614,3,1500,768x432,6.3130199999999945,,
2025-12-18T06:56:53.204Z,0.157,3,1500,768x432,6.20854700000001,,rebuffer happen
2025-12-18T06:56:53.291Z,0.026,3,1500,768x432,6.185385000000011,,rebuffer happen
2025-12-18T06:56:53.484Z,0.026,3,1500,768x432,6.380385000000004,,
2025-12-18T06:56:53.555Z,0.478,1,600,480x270,6.4149519999999995,,
2025-12-18T06:56:53.792Z,0.631,1,600,480x270,6.309563999999995,,
2025-12-18T06:56:53.863Z,0.621,3,1500,768x432,6.31747,,
2025-12-18T06:56:54.079Z,0.234,3,1500,768x432,6.196680000000001,,rebuffer happen
2025-12-18T06:56:54.292Z,0.021,3,1500,768x432,6.183143000000001,,rebuffer happen
2025-12-18T06:56:54.433Z,0.021,3,1500,768x432,6.2761429999999905,,
2025-12-18T06:56:54.504Z,0.521,2,1000,640x360,6.316723999999994,,
2025-12-18T06:56:54.664Z,0.285,2,1000,640x360,6.304310999999998,,rebuffer happen
2025-12-18T06:56:54.894Z,0.438,2,1000,640x360,6.1958000000000055,,
2025-12-18T06:56:55.055Z,0.234,2,1000,640x360,6.155041999999995,,rebuffer happen
2025-12-18T06:56:55.304Z,0.362,2,1000,640x360,6.022977999999995,,
2025-12-18T06:56:55.488Z,0.158,2,1000,640x360,5.947558000000001,,rebuffer happen
2025-12-18T06:56:55.698Z,0.366,2,1000,640x360,5.9213610000000045,,
2025-12-18T06:56:55.770Z,0.362,3,1500,768x432,5.946891000000008,,
2025-12-18T06:56:55.771Z,0.294,3,1500,768x432,5.9461179999999985,,rebuffer happen
2025-12-18T06:56:56.044Z,0.033,3,1500,768x432,5.984971000000002,,rebuffer happen
2025-12-18T06:56:56.414Z,0.033,3,1500,768x432,6.284970999999999,,
2025-12-18T06:56:56.486Z,0.533,2,1000,640x360,6.326552000000007,,
2025-12-18T06:56:56.751Z,0.205,2,1000,640x360,6.297878999999995,,rebuffer happen
2025-12-18T06:56:56.983Z,0.385,2,1000,640x360,6.2031960000000055,,
2025-12-18T06:56:57.059Z,0.336,1,600,480x270,6.180590999999993,,
2025-12-18T06:56:57.060Z,0.223,1,600,480x270,6.179519999999997,,rebuffer happen
2025-12-18T06:56:57.244Z,0.022,1,600,480x270,6.175267000000005,,rebuffer happen
2025-12-18T06:56:57.354Z,0.414,1,600,480x270,6.182173999999989,,
2025-12-18T06:56:57.432Z,0.429,2,1000,640x360,6.065629999999999,,
2025-12-18T06:56:57.499Z,0.213,2,1000,640x360,6.069442999999993,,rebuffer happen
2025-12-18T06:56:57.611Z,0.045,2,1000,640x360,5.998085000000003,,rebuffer happen
2025-12-18T06:56:57.932Z,0.303,2,1000,640x360,6.111460999999991,,
2025-12-18T06:56:58.069Z,0.222,2,1000,640x360,6.184014000000005,,rebuffer happen
2025-12-18T06:56:58.228Z,0.025,2,1000,640x360,6.080084000000014,,rebuffer happen
2025-12-18T06:56:58.460Z,0.311,2,1000,640x360,6.1743510000000015,,
2025-12-18T06:56:58.491Z,0.292,2,1000,640x360,6.143844999999999,,rebuffer happen
2025-12-18T06:56:58.662Z,0.036,2,1000,640x360,6.092697000000001,,rebuffer happen
2025-12-18T06:56:58.927Z,0.298,2,1000,640x360,6.088633999999999,,rebuffer happen
2025-12-18T06:56:58.985Z,0.298,2,1000,640x360,6.0965419999999995,,
2025-12-18T06:56:59.129Z,0.029,2,1000,640x360,5.986637000000002,,rebuffer happen
2025-12-18T06:56:59.506Z,0.244,2,1000,640x360,6.136765000000011,,
2025-12-18T06:56:59.996Z,0.282,2,1000,640x360,6.160332999999994,,
2025-12-18T06:57:00.533Z,0.276,2,1000,640x360,6.111913999999999,,
2025-12-18T06:57:00.614Z,0.205,3,1500,768x432,6.142318000000003,,
2025-12-18T06:57:00.780Z,0.016,3,1500,768x432,6.181780000000003,,rebuffer happen
2025-12-18T06:57:01.286Z,0.016,3,1500,768x432,6.670780000000008,,
2025-12-18T06:57:01.355Z,0.499,2,1000,640x360,6.689913000000004,,
2025-12-18T06:57:01.503Z,0.248,2,1000,640x360,6.576014000000001,,rebuffer happen
2025-12-18T06:57:01.756Z,0.397,2,1000,640x360,6.553837999999999,,
2025-12-18T06:57:01.833Z,0.399,3,1500,768x432,6.484990999999994,,
2025-12-18T06:57:02.032Z,0.045,3,1500,768x432,6.399227999999994,,rebuffer happen
2025-12-18T06:57:02.032Z,0.045,3,1500,768x432,6.399227999999994,,rebuffer happen
2025-12-18T06:57:02.497Z,0.045,3,1500,768x432,6.902227999999994,,
2025-12-18T06:57:02.576Z,0.494,1,600,480x270,6.926279999999991,,
2025-12-18T06:57:02.871Z,0.552,1,600,480x270,6.816123000000005,,
2025-12-18T06:57:03.132Z,0.61,1,600,480x270,6.618445999999992,,
2025-12-18T06:57:03.212Z,0.664,2,1000,640x360,6.608454000000009,,
2025-12-18T06:57:03.654Z,0.393,2,1000,640x360,6.43374,,
2025-12-18T06:57:03.808Z,0.258,2,1000,640x360,6.343640000000008,,rebuffer happen
2025-12-18T06:57:04.175Z,0.309,2,1000,640x360,6.381530999999995,,
2025-12-18T06:57:04.224Z,0.25,1,600,480x270,6.3070689999999985,,rebuffer happen
2025-12-18T06:57:04.252Z,0.25,1,600,480x270,6.265287999999998,,
2025-12-18T06:57:04.471Z,0.382,1,600,480x270,6.268760999999998,,
2025-12-18T06:57:04.552Z,0.402,2,1000,640x360,6.279837999999998,,
2025-12-18T06:57:04.577Z,0.297,2,1000,640x360,6.254621999999998,,rebuffer happen
2025-12-18T06:57:04.950Z,0.29,2,1000,640x360,6.249015,,rebuffer happen
2025-12-18T06:57:04.991Z,0.334,2,1000,640x360,6.207301000000001,,
2025-12-18T06:57:05.058Z,0.348,3,1500,768x432,6.237949999999998,,
2025-12-18T06:57:05.059Z,0.281,3,1500,768x432,6.237232000000006,,rebuffer happen
2025-12-18T06:57:05.317Z,0.023,3,1500,768x432,6.180881999999997,,rebuffer happen
2025-12-18T06:57:05.591Z,0.023,3,1500,768x432,6.474881999999994,,
2025-12-18T06:57:05.661Z,0.523,2,1000,640x360,6.524974,,
2025-12-18T06:57:05.847Z,0.269,2,1000,640x360,6.525245999999996,,rebuffer happen
2025-12-18T06:57:06.102Z,0.383,2,1000,640x360,6.340054000000009,,
2025-12-18T06:57:06.177Z,0.363,1,600,480x270,6.328036999999995,,
2025-12-18T06:57:06.177Z,0.274,1,600,480x270,6.326923999999991,,rebuffer happen
2025-12-18T06:57:06.452Z,0.389,1,600,480x270,6.230003000000011,,
2025-12-18T06:57:06.521Z,0.378,2,1000,640x360,6.126806000000002,,
2025-12-18T06:57:06.522Z,0.274,2,1000,640x360,6.12575600000001,,rebuffer happen
2025-12-18T06:57:06.910Z,0.302,2,1000,640x360,6.0841080000000005,,
2025-12-18T06:57:07.095Z,0.086,2,1000,640x360,6.007539999999992,,rebuffer happen
2025-12-18T06:57:07.319Z,0.275,2,1000,640x360,5.9544890000000095,,
2025-12-18T06:57:07.401Z,0.298,3,1500,768x432,5.978175999999991,,
2025-12-18T06:57:07.586Z,0.032,3,1500,768x432,5.984437,,rebuffer happen
2025-12-18T06:57:08.062Z,0.032,3,1500,768x432,6.493437,,
2025-12-18T06:57:08.140Z,0.499,2,1000,640x360,6.412260000000003,,
2025-12-18T06:57:08.251Z,0.284,2,1000,640x360,6.437934999999996,,rebuffer happen
2025-12-18T06:57:08.637Z,0.331,2,1000,640x360,6.279704999999993,,
2025-12-18T06:57:08.820Z,0.133,2,1000,640x360,6.256802999999991,,rebuffer happen
2025-12-18T06:57:09.086Z,0.329,2,1000,640x360,6.306685000000002,,
2025-12-18T06:57:09.161Z,0.342,3,1500,768x432,6.324798999999999,,
2025-12-18T06:57:09.162Z,0.267,3,1500,768x432,6.324064000000007,,rebuffer happen
2025-12-18T06:57:09.404Z,0.025,3,1500,768x432,6.277983000000006,,rebuffer happen
2025-12-18T06:57:09.891Z,0.025,3,1500,768x432,6.784983000000011,,
2025-12-18T06:57:09.972Z,0.506,2,1000,640x360,6.783322999999996,,
2025-12-18T06:57:10.069Z,0.284,2,1000,640x360,6.745801999999998,,rebuffer happen
2025-12-18T06:57:10.453Z,0.288,2,1000,640x360,6.673747000000006,,rebuffer happen
2025-12-18T06:57:10.483Z,0.288,2,1000,640x360,6.627617999999998,,
2025-12-18T06:57:10.639Z,0.044,2,1000,640x360,6.500636999999998,,rebuffer happen
2025-12-18T06:57:10.917Z,0.273,2,1000,640x360,6.543555999999995,,
2025-12-18T06:57:10.989Z,0.287,3,1500,768x432,6.568348999999998,,
2025-12-18T06:57:11.172Z,0.033,3,1500,768x432,6.588971999999998,,rebuffer happen
2025-12-18T06:57:11.612Z,0.033,3,1500,768x432,6.9899719999999945,,
2025-12-18T06:57:11.683Z,0.533,2,1000,640x360,7.028890000000004,,
2025-12-18T06:57:12.109Z,0.43,2,1000,640x360,6.889152999999993,,
2025-12-18T06:57:12.238Z,0.239,2,1000,640x360,6.7963220000000035,,rebuffer happen
2025-12-18T06:57:12.556Z,0.388,2,1000,640x360,6.848844,,
2025-12-18T06:57:12.734Z,0.16,2,1000,640x360,6.68862,,rebuffer happen
2025-12-18T06:57:13.101Z,0.28,2,1000,640x360,6.714336000000003,,
2025-12-18T06:57:13.176Z,0.262,3,1500,768x432,6.745490000000004,,
2025-12-18T06:57:13.341Z,0.023,3,1500,768x432,6.688962000000004,,rebuffer happen
2025-12-18T06:57:13.776Z,0.023,3,1500,768x432,7.177962000000008,,
2025-12-18T06:57:13.852Z,0.523,2,1000,640x360,7.116907999999995,,
2025-12-18T06:57:13.999Z,0.285,2,1000,640x360,7.109786,,rebuffer happen
2025-12-18T06:57:14.030Z,0.272,2,1000,640x360,7.063202000000004,,rebuffer happen
2025-12-18T06:57:14.260Z,0.359,2,1000,640x360,7.011983000000001,,
2025-12-18T06:57:14.400Z,0.151,2,1000,640x360,6.906559999999999,,rebuffer happen
2025-12-18T06:57:14.586Z,0.297,2,1000,640x360,6.919733000000008,,rebuffer happen
2025-12-18T06:57:14.677Z,0.362,2,1000,640x360,6.917131000000012,,
2025-12-18T06:57:14.750Z,0.361,3,1500,768x432,6.814450000000008,,
2025-12-18T06:57:14.750Z,0.259,3,1500,768x432,6.917801000000011,,rebuffer happen
2025-12-18T06:57:14.993Z,0.019,3,1500,768x432,6.881453999999991,,rebuffer happen
2025-12-18T06:57:15.516Z,0.019,3,1500,768x432,7.378453999999991,,
2025-12-18T06:57:15.589Z,0.519,2,1000,640x360,7.413260999999991,,
2025-12-18T06:57:16.035Z,0.44,2,1000,640x360,7.271163999999999,,
2025-12-18T06:57:16.166Z,0.25,2,1000,640x360,7.2711029999999965,,rebuffer happen
2025-12-18T06:57:16.363Z,0.291,2,1000,640x360,7.209205999999995,,rebuffer happen
2025-12-18T06:57:16.460Z,0.278,2,1000,640x360,7.1760909999999996,,rebuffer happen
2025-12-18T06:57:16.471Z,0.278,2,1000,640x360,7.159936000000002,,
2025-12-18T06:57:16.863Z,0.289,2,1000,640x360,7.107303999999999,,rebuffer happen
2025-12-18T06:57:16.893Z,0.32,2,1000,640x360,7.062857999999991,,
2025-12-18T06:57:16.960Z,0.31,3,1500,768x432,7.0679640000000035,,
2025-12-18T06:57:16.961Z,0.209,3,1500,768x432,7.066867000000002,,rebuffer happen
2025-12-18T06:57:17.078Z,0.035,3,1500,768x432,6.987104000000002,,rebuffer happen
2025-12-18T06:57:17.555Z,0.035,3,1500,768x432,7.488104000000007,,
2025-12-18T06:57:17.626Z,0.496,1,600,480x270,7.4222759999999965,,
2025-12-18T06:57:17.809Z,0.726,1,600,480x270,7.399372,,
2025-12-18T06:57:17.889Z,0.679,3,1500,768x432,7.415752999999995,,
2025-12-18T06:57:18.140Z,0.286,3,1500,768x432,7.239208000000005,,rebuffer happen
2025-12-18T06:57:18.311Z,0.029,3,1500,768x432,7.184208999999996,,rebuffer happen
2025-12-18T06:57:18.410Z,0.029,3,1500,768x432,7.283208999999999,,
2025-12-18T06:57:18.474Z,0.529,1,600,480x270,7.332139999999995,,
2025-12-18T06:57:18.715Z,0.677,1,600,480x270,7.239632999999998,,
2025-12-18T06:57:18.789Z,0.629,2,1000,640x360,7.240726000000009,,
2025-12-18T06:57:19.224Z,0.431,2,1000,640x360,6.987610000000004,,
2025-12-18T06:57:19.351Z,0.278,2,1000,640x360,7.004079000000004,,rebuffer happen
2025-12-18T06:57:19.612Z,0.42,2,1000,640x360,6.86282700000001,,
2025-12-18T06:57:19.760Z,0.236,2,1000,640x360,6.863303000000002,,rebuffer happen
2025-12-18T06:57:20.001Z,0.4,2,1000,640x360,6.754131000000001,,
2025-12-18T06:57:20.074Z,0.391,3,1500,768x432,6.737056999999993,,
2025-12-18T06:57:20.075Z,0.281,3,1500,768x432,6.736008999999996,,rebuffer happen
2025-12-18T06:57:20.280Z,0.025,3,1500,768x432,6.676918999999998,,rebuffer happen
2025-12-18T06:57:20.651Z,0.025,3,1500,768x432,7.080918999999994,,
2025-12-18T06:57:20.722Z,0.525,2,1000,640x360,7.023664999999994,,
2025-12-18T06:57:20.901Z,0.29,2,1000,640x360,7.009997999999996,,rebuffer happen
2025-12-18T06:57:21.208Z,0.364,2,1000,640x360,6.931564000000009,,
2025-12-18T06:57:21.278Z,0.368,1,600,480x270,6.920335000000009,,
2025-12-18T06:57:21.279Z,0.263,1,600,480x270,6.919279000000003,,rebuffer happen
2025-12-18T06:57:21.552Z,0.476,1,600,480x270,6.932031999999992,,
2025-12-18T06:57:21.621Z,0.424,3,1500,768x432,6.856466999999995,,
2025-12-18T06:57:21.874Z,0.107,3,1500,768x432,6.859448,,rebuffer happen
2025-12-18T06:57:21.914Z,0.048,3,1500,768x432,6.799518999999989,,rebuffer happen
2025-12-18T06:57:22.273Z,0.048,3,1500,768x432,7.199518999999995,,
2025-12-18T06:57:22.339Z,0.548,1,600,480x270,7.148106999999996,,
2025-12-18T06:57:22.571Z,0.652,1,600,480x270,7.121544,,
2025-12-18T06:57:22.875Z,0.702,1,600,480x270,6.978353999999996,,
2025-12-18T06:57:23.138Z,0.824,1,600,480x270,6.7921850000000035,,
2025-12-18T06:57:23.393Z,0.931,1,600,480x270,6.7052910000000026,,
2025-12-18T06:57:23.473Z,0.944,2,1000,640x360,6.68119200000001,,
2025-12-18T06:57:23.934Z,0.288,2,1000,640x360,6.414526000000009,,rebuffer happen
2025-12-18T06:57:24.350Z,0.02,2,1000,640x360,6.4449749999999995,,rebuffer happen
2025-12-18T06:57:24.383Z,0.027,2,1000,640x360,6.4180279999999925,,rebuffer happen
2025-12-18T06:57:24.466Z,0.025,2,1000,640x360,6.448178999999996,,rebuffer happen
2025-12-18T06:57:24.543Z,0.058,2,1000,640x360,6.509141,,
2025-12-18T06:57:24.583Z,0.02,2,1000,640x360,6.471548999999996,,rebuffer happen
2025-12-18T06:57:25.134Z,0.028,2,1000,640x360,6.75764199999999,,rebuffer happen
2025-12-18T06:57:25.184Z,0.02,2,1000,640x360,6.804902000000013,,rebuffer happen
2025-12-18T06:57:25.251Z,0.021,2,1000,640x360,6.872951999999998,,rebuffer happen
2025-12-18T06:57:25.284Z,0.026,2,1000,640x360,6.845017999999996,,rebuffer happen
2025-12-18T06:57:25.368Z,0.06,2,1000,640x360,6.918847999999997,,rebuffer happen
2025-12-18T06:57:25.417Z,0.015,2,1000,640x360,6.874302,,rebuffer happen
2025-12-18T06:57:25.467Z,0.023,2,1000,640x360,6.944052999999997,,rebuffer happen
2025-12-18T06:57:25.517Z,0.02,2,1000,640x360,6.907718000000003,,rebuffer happen
2025-12-18T06:57:25.554Z,0.02,2,1000,640x360,7.013717999999997,,
2025-12-18T06:57:25.584Z,0.027,2,1000,640x360,6.987336999999997,,rebuffer happen
2025-12-18T06:57:25.901Z,0.03,2,1000,640x360,7.256383,,rebuffer happen
2025-12-18T06:57:26.018Z,0.026,2,1000,640x360,7.245932999999994,,rebuffer happen
2025-12-18T06:57:26.051Z,0.029,2,1000,640x360,7.322117999999989,,rebuffer happen
2025-12-18T06:57:26.101Z,0.024,2,1000,640x360,7.283657999999988,,rebuffer happen
2025-12-18T06:57:26.168Z,0.027,2,1000,640x360,7.350640999999996,,rebuffer happen
2025-12-18T06:57:26.285Z,0.026,2,1000,640x360,7.3504740000000055,,rebuffer happen
2025-12-18T06:57:26.401Z,0.025,2,1000,640x360,7.383769999999998,,rebuffer happen
2025-12-18T06:57:26.485Z,0.019,2,1000,640x360,7.404172000000003,,rebuffer happen
2025-12-18T06:57:26.511Z,0.019,2,1000,640x360,7.404172000000003,,
2025-12-18T06:57:26.552Z,0.017,1,600,480x270,7.4768629999999945,,rebuffer happen
2025-12-18T06:57:26.597Z,0.017,1,600,480x270,7.4768629999999945,,
2025-12-18T06:57:26.852Z,0.022,1,600,480x270,7.682252000000005,,rebuffer happen
2025-12-18T06:57:26.969Z,0.03,1,600,480x270,7.749521000000001,,rebuffer happen
2025-12-18T06:57:27.188Z,0.225,1,600,480x270,7.754510999999994,,
2025-12-18T06:57:27.272Z,0.155,3,1500,768x432,7.770510000000002,,
2025-12-18T06:57:27.369Z,0.021,3,1500,768x432,7.775667999999996,,rebuffer happen
2025-12-18T06:57:28.442Z,0.021,3,1500,768x432,8.773668,,
2025-12-18T06:57:28.526Z,0.521,1,600,480x270,8.804646000000005,,
2025-12-18T06:57:28.687Z,0.233,1,600,480x270,8.792788000000002,,rebuffer happen
2025-12-18T06:57:28.931Z,0.289,1,600,480x270,8.751557000000005,,rebuffer happen
2025-12-18T06:57:29.044Z,0.319,1,600,480x270,8.771053999999992,,
2025-12-18T06:57:29.132Z,0.318,0,200,320x180,8.638711999999998,,
2025-12-18T06:57:29.133Z,0.186,0,200,320x180,8.637546,,rebuffer happen
2025-12-18T06:57:29.321Z,0.426,0,200,320x180,8.595530999999994,,
2025-12-18T06:57:29.400Z,0.443,1,600,480x270,8.576104999999998,,
2025-12-18T06:57:29.498Z,0.178,1,600,480x270,8.538388999999995,,rebuffer happen
2025-12-18T06:57:29.587Z,0.044,1,600,480x270,8.498375999999993,,rebuffer happen
2025-12-18T06:57:29.960Z,0.285,1,600,480x270,8.635971999999995,,
2025-12-18T06:57:30.464Z,0.281,1,600,480x270,8.627385000000004,,
2025-12-18T06:57:30.965Z,0.282,1,600,480x270,8.631881000000007,,
2025-12-18T06:57:31.458Z,0.273,1,600,480x270,8.650541000000004,,
2025-12-18T06:57:31.970Z,0.291,1,600,480x270,8.652434000000014,,
2025-12-18T06:57:32.480Z,0.279,1,600,480x270,8.627658000000011,,
2025-12-18T06:57:33.134Z,0.131,1,600,480x270,8.583230999999998,,
2025-12-18T06:57:33.241Z,0.019,1,600,480x270,8.572195999999991,,rebuffer happen
2025-12-18T06:57:33.324Z,0.023,1,600,480x270,8.641881999999981,,rebuffer happen
2025-12-18T06:57:33.578Z,0.286,1,600,480x270,8.724886999999995,,
2025-12-18T06:57:34.027Z,0.298,1,600,480x270,8.688046,,rebuffer happen
2025-12-18T06:57:34.063Z,0.298,1,600,480x270,8.731031000000002,,
2025-12-18T06:57:34.132Z,0.211,0,200,320x180,8.639575000000008,,
2025-12-18T06:57:34.302Z,0.436,0,200,320x180,8.669579999999996,,
2025-12-18T06:57:34.378Z,0.516,2,1000,640x360,8.69860700000001,,
2025-12-18T06:57:34.641Z,0.046,2,1000,640x360,8.508756999999989,,rebuffer happen
2025-12-18T06:57:34.642Z,0.046,2,1000,640x360,8.508756999999989,,rebuffer happen
2025-12-18T06:57:35.106Z,0.11,2,1000,640x360,8.55821800000001,,
2025-12-18T06:57:35.180Z,0.102,1,600,480x270,8.591796000000016,,
2025-12-18T06:57:35.192Z,0.018,1,600,480x270,8.58045700000001,,rebuffer happen
2025-12-18T06:57:35.655Z,0.272,1,600,480x270,8.804824999999994,,
2025-12-18T06:57:36.193Z,0.022,1,600,480x270,8.786534000000003,,rebuffer happen
2025-12-18T06:57:36.291Z,0.112,1,600,480x270,8.783791999999991,,
2025-12-18T06:57:36.393Z,0.024,1,600,480x270,8.778880999999998,,rebuffer happen
2025-12-18T06:57:36.799Z,0.261,1,600,480x270,8.891560999999996,,
2025-12-18T06:57:37.297Z,0.239,1,600,480x270,8.906278,,
2025-12-18T06:57:37.778Z,0.278,1,600,480x270,8.929564999999997,,
2025-12-18T06:57:38.335Z,0.247,1,600,480x270,8.893469999999994,,
2025-12-18T06:57:38.545Z,0.031,1,600,480x270,8.983029000000002,,rebuffer happen
2025-12-18T06:57:38.926Z,0.203,1,600,480x270,8.969409000000013,,
2025-12-18T06:57:39.112Z,0.032,1,600,480x270,8.985684000000006,,rebuffer happen
2025-12-18T06:57:39.362Z,0.304,1,600,480x270,9.063171000000011,,
2025-12-18T06:57:39.363Z,0.299,1,600,480x270,9.062968000000012,,rebuffer happen
2025-12-18T06:57:39.823Z,0.332,1,600,480x270,9.00246899999999,,
2025-12-18T06:57:39.889Z,0.288,1,600,480x270,9.040188,,rebuffer happen
2025-12-18T06:57:40.333Z,0.289,1,600,480x270,8.999366999999978,,
2025-12-18T06:57:40.443Z,0.226,1,600,480x270,9.077839000000012,,rebuffer happen
2025-12-18T06:57:40.563Z,0.046,1,600,480x270,9.001452,,rebuffer happen
2025-12-18T06:57:40.840Z,0.326,1,600,480x270,9.001318999999995,,
2025-12-18T06:57:40.923Z,0.348,0,200,320x180,8.983822000000004,,
2025-12-18T06:57:40.923Z,0.225,0,200,320x180,8.982788999999997,,rebuffer happen
2025-12-18T06:57:41.116Z,0.492,0,200,320x180,8.958314999999999,,
2025-12-18T06:57:41.188Z,0.498,1,600,480x270,8.943505999999985,,
2025-12-18T06:57:41.333Z,0.172,1,600,480x270,8.835343000000023,,rebuffer happen
2025-12-18T06:57:41.464Z,0.029,1,600,480x270,8.895475000000005,,rebuffer happen
2025-12-18T06:57:41.736Z,0.304,1,600,480x270,8.86588500000002,,
2025-12-18T06:57:41.990Z,0.082,1,600,480x270,8.943259999999981,,rebuffer happen
2025-12-18T06:57:42.014Z,0.046,1,600,480x270,8.907059000000004,,rebuffer happen
2025-12-18T06:57:42.348Z,0.031,1,600,480x270,8.983948999999996,,rebuffer happen
2025-12-18T06:57:42.482Z,0.122,1,600,480x270,8.989200000000011,,
2025-12-18T06:57:42.581Z,0.037,1,600,480x270,8.997914000000009,,rebuffer happen
2025-12-18T06:57:42.999Z,0.268,1,600,480x270,9.108304000000004,,
2025-12-18T06:57:43.481Z,0.248,1,600,480x270,9.121617999999984,,
2025-12-18T06:57:43.961Z,0.281,1,600,480x270,9.151138000000003,,
2025-12-18T06:57:44.526Z,0.229,1,600,480x270,9.082513000000006,,
2025-12-18T06:57:45.014Z,0.23,1,600,480x270,9.095711000000023,,
2025-12-18T06:57:45.217Z,0.039,1,600,480x270,9.095047000000022,,rebuffer happen
2025-12-18T06:57:45.541Z,0.217,1,600,480x270,9.07892000000001,,
2025-12-18T06:57:45.734Z,0.033,1,600,480x270,9.089190000000002,,rebuffer happen
2025-12-18T06:57:46.073Z,0.259,1,600,480x270,9.188542000000012,,
2025-12-18T06:57:46.574Z,0.24,1,600,480x270,9.194786000000022,,
2025-12-18T06:57:47.081Z,0.215,1,600,480x270,9.18123700000001,,
2025-12-18T06:57:47.286Z,0.026,1,600,480x270,9.184567999999985,,rebuffer happen
2025-12-18T06:57:47.573Z,0.246,1,600,480x270,9.211768000000006,,
2025-12-18T06:57:47.648Z,0.259,2,1000,640x360,9.135851000000002,,
2025-12-18T06:57:47.819Z,0.023,2,1000,640x360,9.176627999999994,,rebuffer happen
2025-12-18T06:57:48.136Z,0.032,2,1000,640x360,9.327362999999991,,rebuffer happen
2025-12-18T06:57:48.370Z,0.018,2,1000,640x360,9.404094999999984,,rebuffer happen
2025-12-18T06:57:48.486Z,0.028,2,1000,640x360,9.413470000000018,,rebuffer happen
2025-12-18T06:57:48.511Z,0.028,2,1000,640x360,9.413470000000018,,
2025-12-18T06:57:48.553Z,0.025,2,1000,640x360,9.485654000000011,,rebuffer happen
2025-12-18T06:57:48.953Z,0.022,2,1000,640x360,9.774504000000007,,rebuffer happen
2025-12-18T06:57:49.352Z,0.061,2,1000,640x360,9.806733000000008,,
2025-12-18T06:57:49.387Z,0.02,1,600,480x270,9.772030999999998,,rebuffer happen
2025-12-18T06:57:49.432Z,0.02,1,600,480x270,9.772030999999998,,
2025-12-18T06:57:49.654Z,0.033,1,600,480x270,10.058823999999987,,rebuffer happen
2025-12-18T06:57:49.920Z,0.233,1,600,480x270,10.027017,,
2025-12-18T06:57:50.154Z,0.03,1,600,480x270,10.091953000000018,,rebuffer happen
2025-12-18T06:57:50.443Z,0.27,1,600,480x270,10.041309000000012,,
2025-12-18T06:57:50.954Z,0.248,1,600,480x270,10.128475999999978,,
2025-12-18T06:57:51.205Z,0.023,1,600,480x270,10.082166999999998,,rebuffer happen
2025-12-18T06:57:51.501Z,0.243,1,600,480x270,10.109865000000013,,
2025-12-18T06:57:51.581Z,0.22,3,1500,768x432,10.13879,,
2025-12-18T06:57:51.739Z,0.02,3,1500,768x432,10.07920999999999,,rebuffer happen
2025-12-18T06:57:52.819Z,0.02,3,1500,768x432,11.185209999999984,,
2025-12-18T06:57:52.891Z,0.52,1,600,480x270,11.221912000000003,,
2025-12-18T06:57:53.048Z,0.275,1,600,480x270,11.232008000000008,,rebuffer happen
2025-12-18T06:57:53.425Z,0.401,1,600,480x270,11.094942999999972,,
2025-12-18T06:57:53.497Z,0.342,0,200,320x180,11.097643000000005,,
2025-12-18T06:57:53.498Z,0.234,0,200,320x180,11.096584000000007,,rebuffer happen
2025-12-18T06:57:53.675Z,0.428,0,200,320x180,11.072138999999993,,
2025-12-18T06:57:53.759Z,0.496,1,600,480x270,11.060557000000017,,
2025-12-18T06:57:53.992Z,0.189,1,600,480x270,10.982865000000004,,rebuffer happen
2025-12-18T06:57:54.275Z,0.273,1,600,480x270,10.963130000000007,,rebuffer happen
2025-12-18T06:57:54.297Z,0.273,1,600,480x270,10.941443000000021,,
2025-12-18T06:57:54.812Z,0.246,1,600,480x270,10.933321000000007,,
2025-12-18T06:57:54.886Z,0.277,2,1000,640x360,10.968613000000005,,
2025-12-18T06:57:55.058Z,0.031,2,1000,640x360,10.996961999999996,,rebuffer happen
2025-12-18T06:57:55.625Z,0.023,2,1000,640x360,11.074589000000003,,rebuffer happen
2025-12-18T06:57:55.659Z,0.027,2,1000,640x360,11.156120000000016,,rebuffer happen
2025-12-18T06:57:55.742Z,0.027,2,1000,640x360,11.122485000000012,,rebuffer happen
2025-12-18T06:57:55.743Z,0.027,2,1000,640x360,11.212484999999987,,
2025-12-18T06:57:55.792Z,0.017,1,600,480x270,11.169010999999983,,rebuffer happen
2025-12-18T06:57:55.823Z,0.017,1,600,480x270,11.169010999999983,,
2025-12-18T06:57:56.332Z,0.247,1,600,480x270,11.425160000000005,,
2025-12-18T06:57:56.576Z,0.027,1,600,480x270,11.492336999999992,,rebuffer happen
2025-12-18T06:57:56.853Z,0.255,1,600,480x270,11.526650000000018,,
2025-12-18T06:57:57.093Z,0.028,1,600,480x270,11.489406000000002,,rebuffer happen
2025-12-18T06:57:57.370Z,0.259,1,600,480x270,11.536922000000004,,
2025-12-18T06:57:57.913Z,0.24,1,600,480x270,11.511854999999997,,
2025-12-18T06:57:58.144Z,0.023,1,600,480x270,11.576485999999989,,rebuffer happen
2025-12-18T06:57:58.439Z,0.246,1,600,480x270,11.541657999999984,,
2025-12-18T06:57:58.695Z,0.02,1,600,480x270,11.583458999999976,,rebuffer happen
2025-12-18T06:57:58.988Z,0.227,1,600,480x270,11.598445999999996,,
2025-12-18T06:57:59.195Z,0.033,1,600,480x270,11.590600999999992,,rebuffer happen
2025-12-18T06:57:59.539Z,0.216,1,600,480x270,11.605784,,
2025-12-18T06:57:59.619Z,0.237,2,1000,640x360,11.619535000000013,,
2025-12-18T06:57:59.762Z,0.021,2,1000,640x360,11.677362000000016,,rebuffer happen
2025-12-18T06:58:00.246Z,0.022,2,1000,640x360,11.876673000000011,,rebuffer happen
2025-12-18T06:58:00.438Z,0.085,2,1000,640x360,11.826973999999979,,
2025-12-18T06:58:00.496Z,0.015,2,1000,640x360,11.869027000000017,,rebuffer happen
2025-12-18T06:58:01.180Z,0.02,2,1000,640x360,12.21929399999999,,rebuffer happen
2025-12-18T06:58:01.213Z,0.024,2,1000,640x360,12.190354000000013,,rebuffer happen
2025-12-18T06:58:01.263Z,0.018,2,1000,640x360,12.239436000000012,,rebuffer happen
2025-12-18T06:58:01.313Z,0.017,2,1000,640x360,12.205693999999994,,rebuffer happen
2025-12-18T06:58:01.316Z,0.017,2,1000,640x360,12.205693999999994,,
2025-12-18T06:58:01.347Z,0.023,1,600,480x270,12.274901,,rebuffer happen
2025-12-18T06:58:01.406Z,0.023,1,600,480x270,12.274901,,
2025-12-18T06:58:01.903Z,0.279,1,600,480x270,12.535907000000009,,
2025-12-18T06:58:02.427Z,0.228,1,600,480x270,12.515222999999992,,
2025-12-18T06:58:02.499Z,0.259,3,1500,768x432,12.55184700000001,,
2025-12-18T06:58:02.664Z,0.022,3,1500,768x432,12.579311999999987,,rebuffer happen
2025-12-18T06:58:03.736Z,0.022,3,1500,768x432,13.580311999999992,,
2025-12-18T06:58:03.817Z,0.522,1,600,480x270,13.608972999999992,,
2025-12-18T06:58:03.983Z,0.238,1,600,480x270,13.592494000000016,,rebuffer happen
2025-12-18T06:58:04.373Z,0.252,1,600,480x270,13.484428000000008,,
2025-12-18T06:58:04.583Z,0.017,1,600,480x270,13.477401000000015,,rebuffer happen
2025-12-18T06:58:04.848Z,0.278,1,600,480x270,13.567643000000004,,rebuffer happen
2025-12-18T06:58:04.849Z,0.31,1,600,480x270,13.565190999999999,,
2025-12-18T06:58:04.921Z,0.309,0,200,320x180,13.457394999999991,,
2025-12-18T06:58:04.922Z,0.2,0,200,320x180,13.456358999999992,,rebuffer happen
2025-12-18T06:58:05.110Z,0.476,0,200,320x180,13.462413999999995,,
2025-12-18T06:58:05.185Z,0.504,1,600,480x270,13.445569000000006,,
2025-12-18T06:58:05.295Z,0.227,1,600,480x270,13.384118999999998,,rebuffer happen
2025-12-18T06:58:05.717Z,0.272,1,600,480x270,13.327332000000013,,
2025-12-18T06:58:05.789Z,0.266,2,1000,640x360,13.353412999999989,,
2025-12-18T06:58:05.984Z,0.017,2,1000,640x360,13.372144999999989,,rebuffer happen
2025-12-18T06:58:06.167Z,0.025,2,1000,640x360,13.511533999999983,,rebuffer happen
2025-12-18T06:58:06.284Z,0.023,2,1000,640x360,13.512662000000006,,rebuffer happen
2025-12-18T06:58:06.401Z,0.02,2,1000,640x360,13.507083999999992,,rebuffer happen
2025-12-18T06:58:06.468Z,0.027,2,1000,640x360,13.586513000000025,,rebuffer happen
2025-12-18T06:58:06.835Z,0.12,2,1000,640x360,13.752792,,
2025-12-18T06:58:06.902Z,0.029,1,600,480x270,13.781533999999994,,rebuffer happen
2025-12-18T06:58:06.903Z,0.029,1,600,480x270,13.781533999999994,,
2025-12-18T06:58:07.123Z,0,1,600,480x270,13.78833400000002,,rebuffer happen
2025-12-18T06:58:07.441Z,0,1,600,480x270,14.095334000000008,,
2025-12-18T06:58:07.860Z,0,1,600,480x270,14.587333999999998,,
2025-12-18T06:58:08.384Z,0.37,1,600,480x270,3.140751999999992,,
2025-12-18T06:58:08.572Z,0.093,1,600,480x270,3.0518749999999955,,rebuffer happen
2025-12-18T06:58:08.603Z,0.047,1,600,480x270,3.0056769999999915,,rebuffer happen
2025-12-18T06:58:08.894Z,0.295,1,600,480x270,3.0686139999999966,,
2025-12-18T06:58:08.936Z,0.266,1,600,480x270,3.0265579999999943,,rebuffer happen
2025-12-18T06:58:09.087Z,0.041,1,600,480x270,3.00112900000002,,rebuffer happen
2025-12-18T06:58:09.404Z,0.318,1,600,480x270,3.0834490000000017,,
2025-12-18T06:58:09.621Z,0.115,1,600,480x270,3.0667180000000087,,rebuffer happen
2025-12-18T06:58:09.687Z,0.032,1,600,480x270,3.092656000000005,,rebuffer happen
2025-12-18T06:58:09.968Z,0.266,1,600,480x270,3.152017999999998,,
2025-12-18T06:58:10.238Z,0.027,1,600,480x270,3.0871520000000032,,rebuffer happen
2025-12-18T06:58:10.538Z,0.027,1,600,480x270,3.1122550000000047,,rebuffer happen
2025-12-18T06:58:10.700Z,0.158,1,600,480x270,3.241295000000008,,
2025-12-18T06:58:10.871Z,0.021,1,600,480x270,3.2758059999999887,,rebuffer happen
2025-12-18T06:58:11.164Z,0.269,1,600,480x270,3.3236730000000136,,
2025-12-18T06:58:11.676Z,0.237,1,600,480x270,3.3048080000000084,,
2025-12-18T06:58:11.906Z,0.033,1,600,480x270,3.2879409999999893,,rebuffer happen
2025-12-18T06:58:12.212Z,0.248,1,600,480x270,3.334163999999987,,
2025-12-18T06:58:12.623Z,0.364,1,600,480x270,3.2987839999999835,,
2025-12-18T06:58:12.707Z,0.211,1,600,480x270,3.2638179999999863,,rebuffer happen
2025-12-18T06:58:12.921Z,0.239,1,600,480x270,3.2620080000000087,,rebuffer happen
2025-12-18T06:58:13.107Z,0.028,1,600,480x270,3.253242,,rebuffer happen
2025-12-18T06:58:13.242Z,0.159,1,600,480x270,3.242098999999996,,
2025-12-18T06:58:13.407Z,0.029,1,600,480x270,3.2816729999999836,,rebuffer happen
2025-12-18T06:58:13.867Z,0.27,1,600,480x270,3.52561799999998,,
2025-12-18T06:58:14.158Z,0.017,1,600,480x270,3.5470709999999883,,rebuffer happen
2025-12-18T06:58:14.414Z,0.216,1,600,480x270,3.51527200000001,,
2025-12-18T06:58:14.642Z,0.026,1,600,480x270,3.485039999999998,,rebuffer happen
2025-12-18T06:58:14.934Z,0.254,1,600,480x270,3.522616999999997,,
2025-12-18T06:58:15.443Z,0.224,1,600,480x270,3.6077180000000055,,
2025-12-18T06:58:15.676Z,0.024,1,600,480x270,3.575965999999994,,rebuffer happen
2025-12-18T06:58:15.972Z,0.208,1,600,480x270,3.602158000000003,,
2025-12-18T06:58:16.486Z,0.172,1,600,480x270,3.5905579999999873,,
2025-12-18T06:58:16.806Z,0.389,1,600,480x270,3.570414999999997,,
2025-12-18T06:58:16.939Z,0.284,1,600,480x270,3.548541,,rebuffer happen
2025-12-18T06:58:17.013Z,0.272,1,600,480x270,3.531496000000004,,rebuffer happen
2025-12-18T06:58:17.227Z,0.347,1,600,480x270,3.4151899999999955,,
2025-12-18T06:58:17.266Z,0.293,1,600,480x270,3.4490399999999966,,rebuffer happen
2025-12-18T06:58:17.683Z,0.218,1,600,480x270,3.346053000000012,,rebuffer happen
2025-12-18T06:58:17.857Z,0.078,1,600,480x270,3.3486210000000085,,
2025-12-18T06:58:17.927Z,0.027,1,600,480x270,3.278886,,rebuffer happen
2025-12-18T06:58:18.461Z,0.299,1,600,480x270,3.6847410000000025,,rebuffer happen
2025-12-18T06:58:18.482Z,0.299,1,600,480x270,3.6523300000000063,,
2025-12-18T06:58:18.661Z,0.033,1,600,480x270,3.585847000000001,,rebuffer happen
2025-12-18T06:58:19.099Z,0.28,1,600,480x270,3.7085399999999993,,
2025-12-18T06:58:19.328Z,0.026,1,600,480x270,3.6783639999999878,,rebuffer happen
2025-12-18T06:58:19.604Z,0.25,1,600,480x270,3.728110999999984,,
2025-12-18T06:58:19.996Z,0.288,1,600,480x270,3.6798060000000135,,rebuffer happen
2025-12-18T06:58:20.032Z,0.288,1,600,480x270,3.626131000000015,,
2025-12-18T06:58:20.509Z,0.251,1,600,480x270,3.6043260000000146,,
2025-12-18T06:58:20.921Z,0.336,1,600,480x270,3.6146320000000003,,
2025-12-18T06:58:20.961Z,0.293,1,600,480x270,3.644611999999995,,rebuffer happen
2025-12-18T06:58:21.130Z,0.04,1,600,480x270,3.5022819999999797,,rebuffer happen
2025-12-18T06:58:21.421Z,0.28,1,600,480x270,3.5460510000000056,,
2025-12-18T06:58:21.899Z,0.335,1,600,480x270,3.6010929999999917,,
2025-12-18T06:58:22.064Z,0.099,1,600,480x270,3.5563280000000077,,rebuffer happen
2025-12-18T06:58:22.097Z,0.05,1,600,480x270,3.5068489999999883,,rebuffer happen
2025-12-18T06:58:22.361Z,0.287,1,600,480x270,3.641301999999996,,rebuffer happen
2025-12-18T06:58:22.409Z,0.34,1,600,480x270,3.56924699999999,,
2025-12-18T06:58:22.422Z,0.295,1,600,480x270,3.548827999999986,,rebuffer happen
2025-12-18T06:58:22.598Z,0.032,1,600,480x270,3.489305999999999,,rebuffer happen
2025-12-18T06:58:22.956Z,0.247,1,600,480x270,3.6365610000000004,,
2025-12-18T06:58:23.215Z,0.017,1,600,480x270,3.577284999999989,,rebuffer happen
2025-12-18T06:58:23.507Z,0.275,1,600,480x270,3.628294000000011,,
2025-12-18T06:58:23.749Z,0.033,1,600,480x270,3.6898210000000233,,rebuffer happen
2025-12-18T06:58:24.018Z,0.284,1,600,480x270,3.642246,,
2025-12-18T06:58:24.536Z,0.247,1,600,480x270,3.620799000000005,,
2025-12-18T06:58:25.111Z,0.181,1,600,480x270,3.645696999999984,,
2025-12-18T06:58:25.283Z,0.022,1,600,480x270,3.6747979999999814,,rebuffer happen
2025-12-18T06:58:25.652Z,0.183,1,600,480x270,3.733257000000009,,
2025-12-18T06:58:25.817Z,0.023,1,600,480x270,3.687769000000003,,rebuffer happen
2025-12-18T06:58:25.884Z,0.029,1,600,480x270,3.7524370000000147,,rebuffer happen
2025-12-18T06:58:26.271Z,0.134,1,600,480x270,3.79156500000002,,
2025-12-18T06:58:26.367Z,0.033,1,600,480x270,3.7901490000000138,,rebuffer happen
2025-12-18T06:58:26.517Z,0.017,1,600,480x270,3.8097620000000063,,rebuffer happen
2025-12-18T06:58:26.830Z,0.233,1,600,480x270,3.8810629999999833,,
2025-12-18T06:58:27.018Z,0.029,1,600,480x270,3.891321000000005,,rebuffer happen
2025-12-18T06:58:27.372Z,0.279,1,600,480x270,4.0445700000000215,,
2025-12-18T06:58:27.894Z,0.284,1,600,480x270,4.029954000000004,,
2025-12-18T06:58:28.405Z,0.274,1,600,480x270,4.030459000000008,,
2025-12-18T06:58:28.824Z,0.341,1,600,480x270,4.011763999999999,,
2025-12-18T06:58:28.951Z,0.2,1,600,480x270,4.058503999999999,,rebuffer happen
2025-12-18T06:58:29.304Z,0.253,1,600,480x270,3.903063000000003,,
2025-12-18T06:58:29.801Z,0.242,1,600,480x270,3.9135339999999985,,
2025-12-18T06:58:30.336Z,0.223,1,600,480x270,3.9035810000000026,,
2025-12-18T06:58:30.555Z,0.019,1,600,480x270,3.976319999999987,,rebuffer happen
2025-12-18T06:58:31.033Z,0.082,1,600,480x270,3.951398999999981,,
2025-12-18T06:58:31.105Z,0.024,1,600,480x270,3.976438999999999,,rebuffer happen
2025-12-18T06:58:31.305Z,0.03,1,600,480x270,4.151229999999998,,rebuffer happen
2025-12-18T06:58:31.545Z,0.256,1,600,480x270,4.238601999999986,,
2025-12-18T06:58:32.056Z,0.292,1,600,480x270,4.238933000000003,,
2025-12-18T06:58:32.580Z,0.269,1,600,480x270,4.2149829999999895,,
2025-12-18T06:58:33.114Z,0.232,1,600,480x270,4.198335000000014,,
2025-12-18T06:58:33.611Z,0.273,1,600,480x270,4.201487000000014,,
2025-12-18T06:58:34.116Z,0.22,1,600,480x270,4.195570000000004,,
2025-12-18T06:58:34.620Z,0.243,1,600,480x270,4.191037999999992,,
2025-12-18T06:58:34.824Z,0.038,1,600,480x270,4.194481999999994,,rebuffer happen
2025-12-18T06:58:35.150Z,0.2,1,600,480x270,4.272368999999998,,
2025-12-18T06:58:35.325Z,0.04,1,600,480x270,4.192650999999984,,rebuffer happen
2025-12-18T06:58:35.678Z,0.221,1,600,480x270,4.293866000000008,,
2025-12-18T06:58:36.173Z,0.237,1,600,480x270,4.3092209999999795,,
2025-12-18T06:58:36.392Z,0.033,1,600,480x270,4.294925000000006,,rebuffer happen
2025-12-18T06:58:36.796Z,0.18,1,600,480x270,4.34563399999999,,
2025-12-18T06:58:37.251Z,0.224,1,600,480x270,4.396167999999989,,
2025-12-18T06:58:37.748Z,0.222,1,600,480x270,4.393817999999982,,
2025-12-18T06:58:38.205Z,0.27,1,600,480x270,4.336783999999994,,
2025-12-18T06:58:38.718Z,0.275,1,600,480x270,4.334703999999988,,
2025-12-18T06:58:39.187Z,0.312,1,600,480x270,4.359919999999988,,
2025-12-18T06:58:39.315Z,0.117,1,600,480x270,4.277613000000002,,rebuffer happen
2025-12-18T06:58:39.548Z,0.257,1,600,480x270,4.223027000000002,,
2025-12-18T06:58:40.218Z,0.131,1,600,480x270,4.163575999999978,,
2025-12-18T06:58:40.279Z,0.047,1,600,480x270,4.198547999999988,,rebuffer happen
2025-12-18T06:58:40.668Z,0.346,1,600,480x270,4.379324999999994,,
2025-12-18T06:58:40.805Z,0.16,1,600,480x270,4.320616000000001,,rebuffer happen
2025-12-18T06:58:40.879Z,0.049,1,600,480x270,4.308626000000004,,rebuffer happen
2025-12-18T06:58:41.079Z,0.374,1,600,480x270,4.40839299999999,,
2025-12-18T06:58:41.380Z,0.04,1,600,480x270,4.298959999999994,,rebuffer happen
2025-12-18T06:58:41.380Z,0.04,1,600,480x270,4.298959999999994,,rebuffer happen
2025-12-18T06:58:41.538Z,0.405,1,600,480x270,4.306531000000007,,
2025-12-18T06:58:41.739Z,0.219,1,600,480x270,4.273659000000009,,rebuffer happen
2025-12-18T06:58:41.863Z,0.032,1,600,480x270,4.283878000000016,,rebuffer happen
2025-12-18T06:58:42.045Z,0.362,1,600,480x270,4.383150999999998,,
2025-12-18T06:58:42.330Z,0.035,1,600,480x270,4.199748,,rebuffer happen
2025-12-18T06:58:42.331Z,0.035,1,600,480x270,4.199748,,rebuffer happen
2025-12-18T06:58:42.565Z,0.392,1,600,480x270,4.378554000000008,,
2025-12-18T06:58:42.818Z,0.108,1,600,480x270,4.271505999999988,,rebuffer happen
2025-12-18T06:58:42.864Z,0.039,1,600,480x270,4.293003999999996,,rebuffer happen
2025-12-18T06:58:43.498Z,0.02,1,600,480x270,4.415393999999992,,rebuffer happen
2025-12-18T06:58:43.510Z,0.02,1,600,480x270,4.415393999999992,,
2025-12-18T06:58:43.548Z,0.018,1,600,480x270,4.469657000000012,,rebuffer happen
2025-12-18T06:58:43.977Z,0.266,1,600,480x270,4.622419000000008,,
2025-12-18T06:58:44.353Z,0.285,1,600,480x270,4.646649999999994,,rebuffer happen
2025-12-18T06:58:44.446Z,0.269,1,600,480x270,4.599394000000018,,
2025-12-18T06:58:44.599Z,0.05,1,600,480x270,4.479446999999993,,rebuffer happen
2025-12-18T06:58:44.873Z,0.241,1,600,480x270,4.519501999999989,,
2025-12-18T06:58:45.368Z,0.267,1,600,480x270,4.518396999999993,,
2025-12-18T06:58:45.898Z,0.239,1,600,480x270,4.504689999999982,,
2025-12-18T06:58:46.469Z,0.165,1,600,480x270,4.535354000000012,,
2025-12-18T06:58:46.834Z,0.021,1,600,480x270,4.482001999999994,,rebuffer happen
2025-12-18T06:58:46.868Z,0.026,1,600,480x270,4.546548000000001,,rebuffer happen
2025-12-18T06:58:46.951Z,0.023,1,600,480x270,4.583425000000005,,rebuffer happen
2025-12-18T06:58:46.985Z,0.029,1,600,480x270,4.555645000000027,,rebuffer happen
2025-12-18T06:58:47.068Z,0.029,1,600,480x270,4.618953000000005,,rebuffer happen
2025-12-18T06:58:47.118Z,0.018,1,600,480x270,4.575447999999994,,rebuffer happen
2025-12-18T06:58:47.185Z,0.02,1,600,480x270,4.643591999999984,,rebuffer happen
2025-12-18T06:58:47.218Z,0.027,1,600,480x270,4.617617999999993,,rebuffer happen
2025-12-18T06:58:47.227Z,0.027,1,600,480x270,4.617617999999993,,
2025-12-18T06:58:47.268Z,0.025,1,600,480x270,4.678819000000004,,rebuffer happen
2025-12-18T06:58:47.385Z,0.027,1,600,480x270,4.745337000000006,,rebuffer happen
2025-12-18T06:58:47.624Z,0.275,1,600,480x270,4.722775000000013,,
2025-12-18T06:58:47.992Z,0.247,1,600,480x270,4.707759999999979,,rebuffer happen
2025-12-18T06:58:48.052Z,0.255,1,600,480x270,4.71280999999999,,
2025-12-18T06:58:48.376Z,0.378,1,600,480x270,4.625119000000012,,
2025-12-18T06:58:48.547Z,0.181,1,600,480x270,4.602762000000013,,rebuffer happen
2025-12-18T06:58:48.724Z,0.443,1,600,480x270,4.510285999999979,,
2025-12-18T06:58:49.178Z,0.442,1,600,480x270,4.449853999999988,,
2025-12-18T06:58:49.296Z,0.21,1,600,480x270,4.36715700000002,,rebuffer happen
2025-12-18T06:58:49.503Z,0.033,1,600,480x270,4.259069000000011,,rebuffer happen
2025-12-18T06:58:49.586Z,0.03,1,600,480x270,4.282781999999997,,rebuffer happen
2025-12-18T06:58:49.783Z,0.15,1,600,480x270,4.301382999999987,,
2025-12-18T06:58:49.920Z,0.019,1,600,480x270,4.280764000000005,,rebuffer happen
2025-12-18T06:58:50.195Z,0.304,1,600,480x270,4.377869000000004,,
2025-12-18T06:58:50.387Z,0.031,1,600,480x270,4.294813000000005,,rebuffer happen
2025-12-18T06:58:50.388Z,0.031,1,600,480x270,4.294813000000005,,rebuffer happen
2025-12-18T06:58:50.738Z,0.024,1,600,480x270,4.314515999999998,,rebuffer happen
2025-12-18T06:58:50.913Z,0.107,1,600,480x270,4.358937999999995,,
2025-12-18T06:58:50.988Z,0.028,1,600,480x270,4.379593,,rebuffer happen
2025-12-18T06:58:51.321Z,0.017,1,600,480x270,4.5697529999999915,,rebuffer happen
2025-12-18T06:58:51.355Z,0.023,1,600,480x270,4.652728999999994,,rebuffer happen
2025-12-18T06:58:51.618Z,0.134,1,600,480x270,4.612922999999995,,
2025-12-18T06:58:51.739Z,0.028,1,600,480x270,4.585604999999987,,rebuffer happen
2025-12-18T06:58:52.224Z,0.264,1,600,480x270,4.812597000000011,,
2025-12-18T06:58:52.456Z,0.029,1,600,480x270,4.884669000000002,,rebuffer happen
2025-12-18T06:58:52.966Z,0.163,1,600,480x270,5.043171999999998,,
2025-12-18T06:58:53.123Z,0.032,1,600,480x270,4.9910110000000145,,rebuffer happen
2025-12-18T06:58:53.501Z,0.242,1,600,480x270,5.109432999999996,,
2025-12-18T06:58:54.021Z,0.279,1,600,480x270,5.11166399999999,,
2025-12-18T06:58:54.257Z,0.02,1,600,480x270,5.185595000000006,,rebuffer happen
2025-12-18T06:58:54.505Z,0.277,1,600,480x270,5.142915000000016,,
2025-12-18T06:58:55.020Z,0.288,1,600,480x270,5.133451000000008,,
2025-12-18T06:58:55.546Z,0.28,1,600,480x270,5.209693000000016,,
2025-12-18T06:58:55.792Z,0.016,1,600,480x270,5.170325999999989,,rebuffer happen
2025-12-18T06:58:56.079Z,0.195,1,600,480x270,5.20466399999998,,
2025-12-18T06:58:56.500Z,0.274,1,600,480x270,5.173555000000022,,
2025-12-18T06:58:56.583Z,0.238,1,600,480x270,5.198944000000012,,rebuffer happen
2025-12-18T06:58:56.956Z,0.34,1,600,480x270,5.217101999999983,,
2025-12-18T06:58:57.109Z,0.14,1,600,480x270,5.093629000000021,,rebuffer happen
2025-12-18T06:58:57.176Z,0.04,1,600,480x270,5.102734999999996,,rebuffer happen
2025-12-18T06:58:57.436Z,0.214,1,600,480x270,5.101904999999988,,rebuffer happen
2025-12-18T06:58:57.560Z,0.028,1,600,480x270,5.117818999999997,,rebuffer happen
2025-12-18T06:58:57.690Z,0.096,1,600,480x270,5.147367000000003,,
2025-12-18T06:58:57.777Z,0.015,1,600,480x270,5.170835000000011,,rebuffer happen
2025-12-18T06:58:58.171Z,0.264,1,600,480x270,5.331773999999996,,
2025-12-18T06:58:58.658Z,0.276,1,600,480x270,5.341599000000002,,
2025-12-18T06:58:59.097Z,0.255,1,600,480x270,5.314366000000007,,rebuffer happen
2025-12-18T06:58:59.204Z,0.229,1,600,480x270,5.277604999999994,,
2025-12-18T06:58:59.625Z,0.27,1,600,480x270,5.25682900000001,,rebuffer happen
2025-12-18T06:58:59.630Z,0.27,1,600,480x270,5.249076000000002,,
2025-12-18T06:59:00.178Z,0.198,1,600,480x270,5.272279999999995,,
2025-12-18T06:59:00.362Z,0.028,1,600,480x270,5.293713999999994,,rebuffer happen
2025-12-18T06:59:00.791Z,0.131,1,600,480x270,5.309262000000018,,
2025-12-18T06:59:00.929Z,0.02,1,600,480x270,5.274574000000001,,rebuffer happen
2025-12-18T06:59:01.277Z,0.272,1,600,480x270,5.434112999999996,,
2025-12-18T06:59:01.648Z,0.295,1,600,480x270,5.448800000000006,,rebuffer happen
2025-12-18T06:59:01.786Z,0.283,1,600,480x270,5.430024000000003,,
2025-12-18T06:59:02.328Z,0.268,1,600,480x270,5.400633999999997,,
2025-12-18T06:59:02.889Z,0.19,1,600,480x270,5.435280000000006,,
2025-12-18T06:59:03.368Z,0.21,1,600,480x270,5.471876000000009,,
2025-12-18T06:59:03.913Z,0.18,1,600,480x270,5.435805000000016,,
2025-12-18T06:59:04.487Z,0.126,1,600,480x270,5.450699000000014,,
2025-12-18T06:59:04.566Z,0.02,1,600,480x270,5.481082000000015,,rebuffer happen
2025-12-18T06:59:05.002Z,0.157,1,600,480x270,5.514418000000006,,
2025-12-18T06:59:05.476Z,0.183,1,600,480x270,5.539500000000004,,
2025-12-18T06:59:05.966Z,0.202,1,600,480x270,5.560942000000011,,
2025-12-18T06:59:06.387Z,0.307,1,600,480x270,5.54362900000001,,
2025-12-18T06:59:06.388Z,0.281,1,600,480x270,5.542913999999996,,rebuffer happen
2025-12-18T06:59:06.804Z,0.341,1,600,480x270,5.4985659999999825,,
2025-12-18T06:59:06.960Z,0.111,1,600,480x270,5.465116000000023,,rebuffer happen
2025-12-18T06:59:07.231Z,0.22,1,600,480x270,5.302059000000014,,
2025-12-18T06:59:07.743Z,0.239,1,600,480x270,5.386421999999982,,
2025-12-18T06:59:07.951Z,0.094,1,600,480x270,5.3876750000000015,,rebuffer happen
2025-12-18T06:59:08.165Z,0.32,1,600,480x270,5.388660999999985,,
2025-12-18T06:59:08.220Z,0.286,1,600,480x270,5.339296999999988,,rebuffer happen
2025-12-18T06:59:08.773Z,0.221,1,600,480x270,5.387531999999993,,
2025-12-18T06:59:08.986Z,0.023,1,600,480x270,5.3766700000000185,,rebuffer happen
2025-12-18T06:59:09.258Z,0.282,1,600,480x270,5.482077000000004,,rebuffer happen
2025-12-18T06:59:09.259Z,0.282,1,600,480x270,5.480330000000009,,
2025-12-18T06:59:09.319Z,0.223,1,600,480x270,5.390342000000004,,rebuffer happen
2025-12-18T06:59:09.436Z,0.048,1,600,480x270,5.30213599999999,,rebuffer happen
2025-12-18T06:59:09.869Z,0.231,1,600,480x270,5.5027740000000165,,
2025-12-18T06:59:10.103Z,0.023,1,600,480x270,5.474749000000003,,rebuffer happen
2025-12-18T06:59:10.153Z,0.028,1,600,480x270,5.554575999999997,,rebuffer happen
2025-12-18T06:59:10.506Z,0.178,1,600,480x270,5.539159999999981,,
2025-12-18T06:59:10.654Z,0.025,1,600,480x270,5.578177000000011,,rebuffer happen
2025-12-18T06:59:10.787Z,0.028,1,600,480x270,5.657823000000008,,rebuffer happen
2025-12-18T06:59:11.082Z,0.229,1,600,480x270,5.6893440000000055,,
2025-12-18T06:59:11.288Z,0.025,1,600,480x270,5.67727499999998,,rebuffer happen
2025-12-18T06:59:11.355Z,0.028,1,600,480x270,5.747657999999973,,rebuffer happen
2025-12-18T06:59:11.630Z,0.216,1,600,480x270,5.690908000000007,,
2025-12-18T06:59:11.855Z,0.026,1,600,480x270,5.784896999999972,,rebuffer happen
2025-12-18T06:59:12.181Z,0.28,1,600,480x270,5.828267000000011,,
2025-12-18T06:59:12.439Z,0.018,1,600,480x270,5.78384699999998,,rebuffer happen
2025-12-18T06:59:12.803Z,0.209,1,600,480x270,5.847114000000005,,
2025-12-18T06:59:13.192Z,0.273,1,600,480x270,5.8758490000000165,,
2025-12-18T06:59:13.238Z,0.275,1,600,480x270,5.830490999999995,,rebuffer happen
2025-12-18T06:59:13.523Z,0.019,1,600,480x270,5.807924999999983,,rebuffer happen
2025-12-18T06:59:13.857Z,0.128,1,600,480x270,5.905055000000004,,
2025-12-18T06:59:13.974Z,0.026,1,600,480x270,5.883138000000002,,rebuffer happen
2025-12-18T06:59:14.409Z,0.302,1,600,480x270,6.0747209999999825,,
2025-12-18T06:59:14.426Z,0.299,1,600,480x270,6.057648999999998,,rebuffer happen
2025-12-18T06:59:14.657Z,0.028,1,600,480x270,6.0827890000000195,,rebuffer happen
2025-12-18T06:59:14.724Z,0.028,1,600,480x270,6.049988000000013,,rebuffer happen
2025-12-18T06:59:14.903Z,0.309,1,600,480x270,6.076769999999982,,
2025-12-18T06:59:14.985Z,0.243,1,600,480x270,6.097571999999985,,rebuffer happen
2025-12-18T06:59:15.124Z,0.033,1,600,480x270,5.9913119999999935,,rebuffer happen
2025-12-18T06:59:15.452Z,0.288,1,600,480x270,6.140658999999999,,
2025-12-18T06:59:15.708Z,0.028,1,600,480x270,6.085521,,rebuffer happen
2025-12-18T06:59:16.027Z,0.234,1,600,480x270,6.114854999999977,,
2025-12-18T06:59:16.259Z,0.017,1,600,480x270,6.168703999999991,,rebuffer happen
2025-12-18T06:59:16.309Z,0.023,1,600,480x270,6.141974999999974,,rebuffer happen
2025-12-18T06:59:16.542Z,0.02,1,600,480x270,6.151789000000008,,rebuffer happen
2025-12-18T06:59:16.659Z,0.028,1,600,480x270,6.326363999999984,,rebuffer happen
2025-12-18T06:59:16.747Z,0.16,1,600,480x270,6.347075000000018,,
2025-12-18T06:59:16.942Z,0.014,1,600,480x270,6.268923000000001,,rebuffer happen
2025-12-18T06:59:16.992Z,0.017,1,600,480x270,6.335791,,rebuffer happen
2025-12-18T06:59:17.026Z,0.026,1,600,480x270,6.310970999999995,,rebuffer happen
2025-12-18T06:59:17.270Z,0.216,1,600,480x270,6.411129000000017,,
2025-12-18T06:59:17.776Z,0.277,1,600,480x270,6.407338999999979,,
2025-12-18T06:59:18.240Z,0.273,1,600,480x270,6.339166000000006,,
2025-12-18T06:59:18.720Z,0.312,1,600,480x270,6.36551799999998,,
2025-12-18T06:59:18.764Z,0.267,1,600,480x270,6.419803000000002,,rebuffer happen
2025-12-18T06:59:19.267Z,0.193,1,600,480x270,6.36155500000001,,
2025-12-18T06:59:19.687Z,0.262,1,600,480x270,6.340541000000002,,
2025-12-18T06:59:20.021Z,0.296,1,600,480x270,6.327822999999995,,rebuffer happen
2025-12-18T06:59:20.181Z,0.309,1,600,480x270,6.3695299999999975,,
2025-12-18T06:59:20.201Z,0.282,1,600,480x270,6.349332000000004,,rebuffer happen
2025-12-18T06:59:20.680Z,0.31,1,600,480x270,6.370608000000004,,
2025-12-18T06:59:20.739Z,0.245,1,600,480x270,6.312000000000012,,rebuffer happen
2025-12-18T06:59:21.140Z,0.257,1,600,480x270,6.213932999999997,,
2025-12-18T06:59:21.363Z,0.026,1,600,480x270,6.282402999999988,,rebuffer happen
2025-12-18T06:59:21.568Z,0.316,1,600,480x270,6.320249999999987,,
2025-12-18T06:59:21.642Z,0.288,1,600,480x270,6.24365899999998,,rebuffer happen
2025-12-18T06:59:22.307Z,0.1,1,600,480x270,6.249048000000016,,
2025-12-18T06:59:22.380Z,0.02,1,600,480x270,6.285833999999994,,rebuffer happen
2025-12-18T06:59:22.931Z,0.033,1,600,480x270,6.419234999999986,,rebuffer happen
2025-12-18T06:59:23.111Z,0.094,1,600,480x270,6.565318999999988,,
2025-12-18T06:59:23.197Z,0.023,1,600,480x270,6.574770000000001,,rebuffer happen
2025-12-18T06:59:23.683Z,0.256,1,600,480x270,6.801388000000003,,
2025-12-18T06:59:24.230Z,0.134,1,600,480x270,6.77246199999999,,
2025-12-18T06:59:24.515Z,0.029,1,600,480x270,6.782066000000015,,rebuffer happen
2025-12-18T06:59:24.746Z,0.204,1,600,480x270,6.866144999999989,,
2025-12-18T06:59:25.250Z,0.237,1,600,480x270,6.870240999999993,,
2025-12-18T06:59:25.433Z,0.029,1,600,480x270,6.788222999999988,,rebuffer happen
2025-12-18T06:59:25.805Z,0.208,1,600,480x270,6.871660999999989,,
2025-12-18T06:59:26.247Z,0.268,1,600,480x270,6.9348810000000185,,
2025-12-18T06:59:26.648Z,0.383,1,600,480x270,6.934608999999995,,
2025-12-18T06:59:26.749Z,0.275,1,600,480x270,6.928001999999992,,rebuffer happen
2025-12-18T06:59:27.024Z,0.295,1,600,480x270,6.717685999999986,,rebuffer happen
2025-12-18T06:59:27.084Z,0.299,1,600,480x270,6.724761000000001,,
2025-12-18T06:59:27.574Z,0.268,1,600,480x270,6.738766999999996,,
2025-12-18T06:59:27.935Z,0.296,1,600,480x270,6.680966000000012,,rebuffer happen
2025-12-18T06:59:27.994Z,0.323,1,600,480x270,6.7279100000000085,,
2025-12-18T06:59:28.091Z,0.273,1,600,480x270,6.734178000000014,,rebuffer happen
2025-12-18T06:59:28.285Z,0.033,1,600,480x270,6.687145999999984,,rebuffer happen
2025-12-18T06:59:28.559Z,0.255,1,600,480x270,6.739607000000007,,
2025-12-18T06:59:28.836Z,0.02,1,600,480x270,6.6766970000000185,,rebuffer happen
2025-12-18T06:59:29.046Z,0.339,1,600,480x270,6.787736000000024,,
2025-12-18T06:59:29.096Z,0.283,1,600,480x270,6.737518000000023,,rebuffer happen
2025-12-18T06:59:29.252Z,0.049,1,600,480x270,6.7025899999999865,,rebuffer happen
2025-12-18T06:59:29.505Z,0.342,1,600,480x270,6.746567999999996,,
2025-12-18T06:59:29.640Z,0.198,1,600,480x270,6.665438000000023,,rebuffer happen
2025-12-18T06:59:29.770Z,0.029,1,600,480x270,6.683606999999995,,rebuffer happen
2025-12-18T06:59:30.011Z,0.353,1,600,480x270,6.727964000000014,,
2025-12-18T06:59:30.236Z,0.032,1,600,480x270,6.586033000000015,,rebuffer happen
2025-12-18T06:59:30.237Z,0.032,1,600,480x270,6.586033000000015,,rebuffer happen
2025-12-18T06:59:30.613Z,0.268,1,600,480x270,6.729386000000005,,
2025-12-18T06:59:30.854Z,0.024,1,600,480x270,6.786692000000016,,rebuffer happen
2025-12-18T06:59:31.114Z,0.349,1,600,480x270,6.829540000000009,,
2025-12-18T06:59:31.338Z,0.031,1,600,480x270,6.687927000000002,,rebuffer happen
2025-12-18T06:59:31.339Z,0.031,1,600,480x270,6.687927000000002,,rebuffer happen
2025-12-18T06:59:31.662Z,0.349,1,600,480x270,6.918871999999993,,
2025-12-18T06:59:31.833Z,0.2,1,600,480x270,6.857894999999985,,rebuffer happen
2025-12-18T06:59:31.988Z,0.03,1,600,480x270,6.897278,,rebuffer happen
2025-12-18T06:59:32.215Z,0.347,1,600,480x270,6.894483999999977,,
2025-12-18T06:59:32.255Z,0.277,1,600,480x270,6.941483999999974,,rebuffer happen
2025-12-18T06:59:32.439Z,0.002,1,600,480x270,6.761500999999981,,rebuffer happen
2025-12-18T06:59:32.825Z,0.294,1,600,480x270,6.976913999999994,,
2025-12-18T06:59:32.912Z,0.232,1,600,480x270,6.986605999999995,,rebuffer happen
2025-12-18T06:59:33.089Z,0.024,1,600,480x270,6.983079000000004,,rebuffer happen
2025-12-18T06:59:33.420Z,0.306,1,600,480x270,7.055138999999997,,
2025-12-18T06:59:33.420Z,0.3,1,600,480x270,7.054925999999995,,rebuffer happen
2025-12-18T06:59:33.689Z,0.031,1,600,480x270,7.082959999999986,,rebuffer happen
2025-12-18T06:59:33.983Z,0.31,1,600,480x270,7.160033999999996,,
2025-12-18T06:59:34.156Z,0.048,1,600,480x270,7.106101999999993,,rebuffer happen
2025-12-18T06:59:34.157Z,0.048,1,600,480x270,7.106101999999993,,rebuffer happen
2025-12-18T06:59:34.537Z,0.289,1,600,480x270,7.140926000000007,,
2025-12-18T06:59:34.807Z,0.024,1,600,480x270,7.175545999999997,,rebuffer happen
2025-12-18T06:59:35.163Z,0.206,1,600,480x270,7.258746000000002,,
2025-12-18T06:59:35.341Z,0.023,1,600,480x270,7.188207000000006,,rebuffer happen
2025-12-18T06:59:35.891Z,0.029,1,600,480x270,7.31456,,rebuffer happen
2025-12-18T06:59:35.940Z,0.029,1,600,480x270,7.31456,,
2025-12-18T06:59:35.991Z,0.017,1,600,480x270,7.375810000000001,,rebuffer happen
2025-12-18T06:59:36.091Z,0.024,1,600,480x270,7.454709000000008,,rebuffer happen
2025-12-18T06:59:36.333Z,0.273,1,600,480x270,7.420749999999998,,
2025-12-18T06:59:36.785Z,0.306,1,600,480x270,7.485220999999996,,
2025-12-18T06:59:36.878Z,0.239,1,600,480x270,7.49461500000001,,rebuffer happen
2025-12-18T06:59:37.412Z,0.16,1,600,480x270,7.443977999999987,,
2025-12-18T06:59:37.799Z,0.26,1,600,480x270,7.469673999999998,,
2025-12-18T06:59:37.937Z,0.185,1,600,480x270,7.438928000000004,,rebuffer happen
2025-12-18T06:59:38.284Z,0.32,1,600,480x270,7.4679140000000075,,
2025-12-18T06:59:38.345Z,0.253,1,600,480x270,7.506963000000013,,rebuffer happen
2025-12-18T06:59:38.758Z,0.266,1,600,480x270,7.4374360000000195,,
2025-12-18T06:59:39.265Z,0.277,1,600,480x270,7.430776000000009,,
2025-12-18T06:59:39.737Z,0.304,1,600,480x270,7.354175999999995,,
2025-12-18T06:59:39.738Z,0.297,1,600,480x270,7.3534649999999715,,rebuffer happen
2025-12-18T06:59:40.346Z,0.18,1,600,480x270,7.448418000000032,,
2025-12-18T06:59:40.512Z,0.029,1,600,480x270,7.39473799999999,,rebuffer happen
2025-12-18T06:59:40.842Z,0.253,1,600,480x270,7.415248999999989,,
2025-12-18T06:59:41.079Z,0.025,1,600,480x270,7.482537000000036,,rebuffer happen
2025-12-18T06:59:41.382Z,0.234,1,600,480x270,7.50263799999999,,
2025-12-18T06:59:41.613Z,0.018,1,600,480x270,7.477911999999975,,rebuffer happen
2025-12-18T06:59:41.960Z,0.204,1,600,480x270,7.566993999999966,,
2025-12-18T06:59:42.147Z,0.029,1,600,480x270,7.584316999999999,,rebuffer happen
2025-12-18T06:59:42.429Z,0.264,1,600,480x270,7.5363700000000335,,
2025-12-18T06:59:42.887Z,0.352,1,600,480x270,7.587716,,
2025-12-18T06:59:42.940Z,0.285,1,600,480x270,7.539678000000009,,rebuffer happen
2025-12-18T06:59:43.411Z,0.253,1,600,480x270,7.520895999999993,,
2025-12-18T06:59:43.648Z,0.032,1,600,480x270,7.587935999999985,,rebuffer happen
2025-12-18T06:59:43.922Z,0.241,1,600,480x270,7.525782000000021,,
2025-12-18T06:59:44.391Z,0.275,1,600,480x270,7.5541740000000175,,
2025-12-18T06:59:44.438Z,0.256,1,600,480x270,7.508227000000005,,rebuffer happen
2025-12-18T06:59:44.649Z,0.021,1,600,480x270,7.572784000000013,,rebuffer happen
2025-12-18T06:59:45.029Z,0.23,1,600,480x270,7.5704780000000085,,
2025-12-18T06:59:45.505Z,0.236,1,600,480x270,7.596276999999986,,
2025-12-18T06:59:45.903Z,0.388,1,600,480x270,7.611002999999982,,
2025-12-18T06:59:45.968Z,0.262,1,600,480x270,7.6151140000000055,,rebuffer happen
2025-12-18T06:59:46.483Z,0.095,1,600,480x270,7.461968999999954,,
2025-12-18T06:59:46.567Z,0.027,1,600,480x270,7.487014999999985,,rebuffer happen
2025-12-18T06:59:47.024Z,0.161,1,600,480x270,7.5280349999999885,,
2025-12-18T06:59:47.167Z,0.032,1,600,480x270,7.591408999999999,,rebuffer happen
2025-12-18T06:59:47.581Z,0.166,1,600,480x270,7.6132690000000025,,
2025-12-18T06:59:47.718Z,0.025,1,600,480x270,7.580768999999975,,rebuffer happen
2025-12-18T06:59:47.868Z,0.025,1,600,480x270,7.682931999999994,,rebuffer happen
2025-12-18T06:59:48.202Z,0.14,1,600,480x270,7.706029999999998,,
2025-12-18T06:59:48.335Z,0.021,1,600,480x270,7.674106999999992,,rebuffer happen
2025-12-18T06:59:48.784Z,0.267,1,600,480x270,7.933104000000014,,
2025-12-18T06:59:49.052Z,0.017,1,600,480x270,7.977612000000022,,rebuffer happen
2025-12-18T06:59:49.359Z,0.221,1,600,480x270,7.995488000000023,,
2025-12-18T06:59:49.851Z,0.24,1,600,480x270,8.016288999999972,,
2025-12-18T06:59:50.172Z,0.4,1,600,480x270,7.964780000000019,,
2025-12-18T06:59:50.292Z,0.229,1,600,480x270,7.883351000000005,,rebuffer happen
2025-12-18T06:59:50.385Z,0.29,1,600,480x270,7.844542999999987,,rebuffer happen
2025-12-18T06:59:50.502Z,0.405,1,600,480x270,7.769875000000013,,
2025-12-18T06:59:50.641Z,0.206,1,600,480x270,7.672572000000002,,rebuffer happen
2025-12-18T06:59:51.031Z,0.194,1,600,480x270,7.620843000000036,,rebuffer happen
2025-12-18T06:59:51.137Z,0.035,1,600,480x270,7.555319999999995,,rebuffer happen
2025-12-18T06:59:51.290Z,0.035,1,600,480x270,7.758319999999969,,
2025-12-18T06:59:51.371Z,0.03,1,600,480x270,7.7827780000000075,,rebuffer happen
2025-12-18T06:59:51.943Z,0.273,1,600,480x270,8.042665,,
2025-12-18T06:59:52.498Z,0.228,1,600,480x270,8.093675000000019,,
2025-12-18T06:59:52.981Z,0.244,1,600,480x270,8.122546,,
2025-12-18T06:59:53.464Z,0.261,1,600,480x270,8.129200999999966,,
2025-12-18T06:59:53.907Z,0.191,1,600,480x270,8.013010000000008,,rebuffer happen
2025-12-18T06:59:53.989Z,0.191,1,600,480x270,7.986941000000002,,
2025-12-18T06:59:54.090Z,0.022,1,600,480x270,7.973509999999976,,rebuffer happen
2025-12-18T06:59:54.533Z,0.267,1,600,480x270,8.124182000000019,,
2025-12-18T06:59:55.072Z,0.247,1,600,480x270,8.192586000000006,,
2025-12-18T06:59:55.552Z,0.262,1,600,480x270,8.211127999999974,,
2025-12-18T06:59:56.061Z,0.275,1,600,480x270,8.223392999999987,,
2025-12-18T06:59:56.447Z,0.376,1,600,480x270,8.221008999999981,,
2025-12-18T06:59:56.567Z,0.223,1,600,480x270,8.142660999999976,,rebuffer happen
2025-12-18T06:59:56.641Z,0.278,1,600,480x270,8.03075199999995,,rebuffer happen
2025-12-18T06:59:56.680Z,0.287,1,600,480x270,8.082250999999985,,rebuffer happen
2025-12-18T06:59:56.797Z,0.329,1,600,480x270,8.00764399999997,,
2025-12-18T06:59:56.954Z,0.251,1,600,480x270,7.971375999999964,,rebuffer happen
2025-12-18T06:59:57.292Z,0.02,1,600,480x270,7.904899999999998,,rebuffer happen
2025-12-18T06:59:57.375Z,0.185,1,600,480x270,7.945500999999979,,
2025-12-18T06:59:57.542Z,0.031,1,600,480x270,7.887247000000002,,rebuffer happen
2025-12-18T06:59:58.064Z,0.234,1,600,480x270,8.187562000000014,,
2025-12-18T06:59:58.260Z,0.033,1,600,480x270,8.186038999999994,,rebuffer happen
2025-12-18T06:59:58.557Z,0.318,1,600,480x270,8.282572999999957,,
2025-12-18T06:59:58.598Z,0.261,1,600,480x270,8.22112199999998,,rebuffer happen
2025-12-18T06:59:58.777Z,0.015,1,600,480x270,8.179283999999996,,rebuffer happen
2025-12-18T06:59:59.205Z,0.15,1,600,480x270,8.219847999999956,,
2025-12-18T06:59:59.344Z,0.026,1,600,480x270,8.278513999999973,,rebuffer happen
2025-12-18T06:59:59.689Z,0.247,1,600,480x270,8.315967999999998,,
2025-12-18T07:00:00.145Z,0.287,1,600,480x270,8.374397999999985,,rebuffer happen
2025-12-18T07:00:00.169Z,0.287,1,600,480x270,8.337288000000001,,
2025-12-18T07:00:00.328Z,0.046,1,600,480x270,8.207996999999978,,rebuffer happen
2025-12-18T07:00:00.705Z,0.176,1,600,480x270,8.276681999999994,,
2025-12-18T07:00:00.912Z,0.019,1,600,480x270,8.276413999999988,,rebuffer happen
2025-12-18T07:00:01.262Z,0.197,1,600,480x270,8.381215999999995,,
2025-12-18T07:00:01.462Z,0.028,1,600,480x270,8.391459999999995,,rebuffer happen
2025-12-18T07:00:01.496Z,0.032,1,600,480x270,8.361379999999997,,rebuffer happen
2025-12-18T07:00:01.750Z,0.259,1,600,480x270,8.432706999999994,,
2025-12-18T07:00:02.197Z,0.302,1,600,480x270,8.38997999999998,,
2025-12-18T07:00:02.280Z,0.2,1,600,480x270,8.354510999999945,,rebuffer happen
2025-12-18T07:00:02.396Z,0.025,1,600,480x270,8.28992599999998,,rebuffer happen
2025-12-18T07:00:02.657Z,0.279,1,600,480x270,8.367755999999986,,rebuffer happen
2025-12-18T07:00:02.681Z,0.279,1,600,480x270,8.331122999999991,,
2025-12-18T07:00:02.930Z,0.022,1,600,480x270,8.290348999999992,,rebuffer happen
2025-12-18T07:00:03.166Z,0.317,1,600,480x270,8.386095999999952,,
2025-12-18T07:00:03.266Z,0.194,1,600,480x270,8.353494000000012,,rebuffer happen
2025-12-18T07:00:03.381Z,0.023,1,600,480x270,8.27801999999997,,rebuffer happen
2025-12-18T07:00:03.697Z,0.276,1,600,480x270,8.339681000000041,,
2025-12-18T07:00:03.981Z,0.022,1,600,480x270,8.385964999999999,,rebuffer happen
2025-12-18T07:00:04.267Z,0.241,1,600,480x270,8.431839000000025,,
2025-12-18T07:00:04.515Z,0.027,1,600,480x270,8.38871800000004,,rebuffer happen
2025-12-18T07:00:04.827Z,0.281,1,600,480x270,8.433267,,
2025-12-18T07:00:05.349Z,0.02,1,600,480x270,8.50879500000002,,rebuffer happen
2025-12-18T07:00:05.575Z,0.15,1,600,480x270,8.608250999999996,,
2025-12-18T07:00:05.699Z,0.029,1,600,480x270,8.583248999999967,,rebuffer happen
2025-12-18T07:00:06.027Z,0.265,1,600,480x270,8.643132000000037,,
2025-12-18T07:00:06.483Z,0.309,1,600,480x270,8.682026000000008,,
2025-12-18T07:00:06.500Z,0.298,1,600,480x270,8.65847100000002,,rebuffer happen
2025-12-18T07:00:06.970Z,0.221,1,600,480x270,8.575354000000004,,
2025-12-18T07:00:07.505Z,0.205,1,600,480x270,8.53569299999998,,
2025-12-18T07:00:07.701Z,0.018,1,600,480x270,8.53761400000002,,rebuffer happen
2025-12-18T07:00:08.034Z,0.206,1,600,480x270,8.536512000000016,,
2025-12-18T07:00:08.185Z,0.031,1,600,480x270,8.59314599999999,,rebuffer happen
2025-12-18T07:00:08.527Z,0.25,1,600,480x270,8.60947600000003,,
2025-12-18T07:00:08.980Z,0.289,1,600,480x270,8.679281000000003,,rebuffer happen
2025-12-18T07:00:09.025Z,0.289,1,600,480x270,8.611482000000024,,
2025-12-18T07:00:09.252Z,0.017,1,600,480x270,8.67094400000002,,rebuffer happen
2025-12-18T07:00:09.536Z,0.249,1,600,480x270,8.612922999999967,,
2025-12-18T07:00:10.072Z,0.217,1,600,480x270,8.685047999999995,,
2025-12-18T07:00:10.270Z,0.033,1,600,480x270,8.68962399999998,,rebuffer happen
2025-12-18T07:00:10.643Z,0.238,1,600,480x270,8.77657400000004,,
2025-12-18T07:00:10.853Z,0.021,1,600,480x270,8.775423000000046,,rebuffer happen
2025-12-18T07:00:11.230Z,0.205,1,600,480x270,8.794468999999992,,
2025-12-18T07:00:11.637Z,0.322,1,600,480x270,8.767554000000018,,
2025-12-18T07:00:11.768Z,0.172,1,600,480x270,8.796289999999999,,rebuffer happen
2025-12-18T07:00:11.920Z,0.235,1,600,480x270,8.75568400000003,,rebuffer happen
2025-12-18T07:00:11.981Z,0.277,1,600,480x270,8.769076999999982,,rebuffer happen
2025-12-18T07:00:12.095Z,0.29,1,600,480x270,8.704772999999989,,
2025-12-18T07:00:12.568Z,0.227,1,600,480x270,8.686086999999986,,
2025-12-18T07:00:13.178Z,0.138,1,600,480x270,8.665779999999984,,
2025-12-18T07:00:13.272Z,0.019,1,600,480x270,8.684721000000025,,rebuffer happen
2025-12-18T07:00:13.765Z,0.312,1,600,480x270,8.970997000000011,,
2025-12-18T07:00:13.796Z,0.283,1,600,480x270,8.942515000000014,,rebuffer happen
2025-12-18T07:00:14.039Z,0.032,1,600,480x270,8.893807000000038,,rebuffer happen
2025-12-18T07:00:14.313Z,0.247,1,600,480x270,8.931343999999967,,
2025-12-18T07:00:14.830Z,0.271,1,600,480x270,8.926139999999975,,
2025-12-18T07:00:15.394Z,0.192,1,600,480x270,8.962184999999977,,
2025-12-18T07:00:15.574Z,0.026,1,600,480x270,8.985561999999959,,rebuffer happen
2025-12-18T07:00:15.624Z,0.028,1,600,480x270,8.955054999999959,,rebuffer happen
2025-12-18T07:00:15.897Z,0.214,1,600,480x270,9.00185700000003,,
2025-12-18T07:00:16.384Z,0.245,1,600,480x270,9.011329999999987,,
2025-12-18T07:00:16.951Z,0.231,1,600,480x270,9.073313000000041,,
2025-12-18T07:00:17.269Z,0.365,1,600,480x270,9.03060099999999,,
2025-12-18T07:00:17.481Z,0.287,1,600,480x270,8.906835999999998,,rebuffer happen
2025-12-18T07:00:17.598Z,0.405,1,600,480x270,8.836197000000027,,
2025-12-18T07:00:17.697Z,0.263,1,600,480x270,8.792754000000002,,rebuffer happen
2025-12-18T07:00:18.027Z,0.359,1,600,480x270,8.739712999999995,,
2025-12-18T07:00:18.151Z,0.292,1,600,480x270,8.750823000000025,,rebuffer happen
2025-12-18T07:00:18.364Z,0.489,1,600,480x270,8.687559999999962,,
2025-12-18T07:00:18.490Z,0.279,1,600,480x270,8.606470000000002,,rebuffer happen
2025-12-18T07:00:18.802Z,0.429,1,600,480x270,8.586883999999998,,
2025-12-18T07:00:18.968Z,0.286,1,600,480x270,8.551796999999965,,rebuffer happen
2025-12-18T07:00:19.202Z,0.295,1,600,480x270,8.462176,,rebuffer happen
2025-12-18T07:00:19.280Z,0.323,1,600,480x270,8.469176000000004,,
2025-12-18T07:00:19.345Z,0.253,1,600,480x270,8.505860999999982,,rebuffer happen
2025-12-18T07:00:19.577Z,0.038,1,600,480x270,8.36024500000002,,rebuffer happen
2025-12-18T07:00:19.778Z,0.025,1,600,480x270,8.45075300000002,,rebuffer happen
2025-12-18T07:00:19.844Z,0.026,1,600,480x270,8.512637999999981,,rebuffer happen
2025-12-18T07:00:19.961Z,0.024,1,600,480x270,8.550157999999954,,rebuffer happen
2025-12-18T07:00:20.078Z,0.023,1,600,480x270,8.575728999999967,,rebuffer happen
2025-12-18T07:00:20.118Z,0.089,1,600,480x270,8.541117999999983,,
2025-12-18T07:00:20.194Z,0.02,1,600,480x270,8.571915000000047,,rebuffer happen
2025-12-18T07:00:20.698Z,0.33,1,600,480x270,8.92192,,
2025-12-18T07:00:20.993Z,0.079,1,600,480x270,8.934557999999981,,rebuffer happen
2025-12-18T07:00:21.029Z,0.026,1,600,480x270,8.882030999999984,,rebuffer happen
2025-12-18T07:00:21.306Z,0.388,1,600,480x270,9.050350000000037,,
2025-12-18T07:00:21.427Z,0.21,1,600,480x270,8.963154999999972,,rebuffer happen
2025-12-18T07:00:21.546Z,0.034,1,600,480x270,8.987503000000004,,rebuffer happen
2025-12-18T07:00:21.935Z,0.318,1,600,480x270,9.097394000000008,,
2025-12-18T07:00:22.083Z,0.197,1,600,480x270,9.158297000000005,,rebuffer happen
2025-12-18T07:00:22.229Z,0.021,1,600,480x270,9.072969999999998,,rebuffer happen
2025-12-18T07:00:22.532Z,0.258,1,600,480x270,9.166867999999965,,
2025-12-18T07:00:22.761Z,0.08,1,600,480x270,9.235253999999998,,rebuffer happen
2025-12-18T07:00:22.797Z,0.028,1,600,480x270,9.182655999999952,,rebuffer happen
2025-12-18T07:00:23.169Z,0.193,1,600,480x270,9.279350000000022,,
2025-12-18T07:00:23.364Z,0.026,1,600,480x270,9.289423999999997,,rebuffer happen
2025-12-18T07:00:23.447Z,0.028,1,600,480x270,9.350708999999995,,rebuffer happen
2025-12-18T07:00:23.684Z,0.251,1,600,480x270,9.329823000000033,,
2025-12-18T07:00:24.228Z,0.244,1,600,480x270,9.318423999999993,,
2025-12-18T07:00:24.465Z,0.022,1,600,480x270,9.38217800000001,,rebuffer happen
2025-12-18T07:00:24.810Z,0.206,1,600,480x270,9.371151999999995,,
2025-12-18T07:00:24.999Z,0.026,1,600,480x270,9.383684000000017,,rebuffer happen
2025-12-18T07:00:25.327Z,0.231,1,600,480x270,9.378768999999977,,
2025-12-18T07:00:25.532Z,0.022,1,600,480x270,9.374909000000002,,rebuffer happen
2025-12-18T07:00:25.836Z,0.281,1,600,480x270,9.44250999999997,,
2025-12-18T07:00:26.384Z,0.176,1,600,480x270,9.481573999999966,,
2025-12-18T07:00:26.583Z,0.03,1,600,480x270,9.496708000000012,,rebuffer happen
2025-12-18T07:00:26.965Z,0.156,1,600,480x270,9.540610000000015,,
2025-12-18T07:00:27.134Z,0.019,1,600,480x270,9.483480999999983,,rebuffer happen
2025-12-18T07:00:27.167Z,0.028,1,600,480x270,9.546960000000013,,rebuffer happen
2025-12-18T07:00:27.445Z,0.151,1,600,480x270,9.594706999999971,,
2025-12-18T07:00:27.987Z,0.179,1,600,480x270,9.579560000000015,,
2025-12-18T07:00:28.184Z,0.026,1,600,480x270,9.582623000000012,,rebuffer happen
2025-12-18T07:00:28.491Z,0.241,1,600,480x270,9.61250199999995,,
2025-12-18T07:00:28.875Z,0.342,1,600,480x270,9.605674000000022,,
2025-12-18T07:00:28.973Z,0.201,1,600,480x270,9.566899999999976,,rebuffer happen
2025-12-18T07:00:29.428Z,0.159,1,600,480x270,9.409429999999986,,
2025-12-18T07:00:29.552Z,0.03,1,600,480x270,9.482609999999966,,rebuffer happen
2025-12-18T07:00:29.971Z,0.205,1,600,480x270,9.578486999999996,,
2025-12-18T07:00:30.426Z,0.25,1,600,480x270,9.526906999999994,,
2025-12-18T07:00:30.867Z,0.337,1,600,480x270,9.594124000000022,,
2025-12-18T07:00:30.993Z,0.156,1,600,480x270,9.507910999999979,,rebuffer happen
2025-12-18T07:00:31.137Z,0.04,1,600,480x270,9.40431000000001,,rebuffer happen
2025-12-18T07:00:31.554Z,0.03,1,600,480x270,9.525193999999999,,rebuffer happen
2025-12-18T07:00:31.575Z,0.03,1,600,480x270,9.525193999999999,,
2025-12-18T07:00:31.620Z,0.023,1,600,480x270,9.484723999999972,,rebuffer happen
2025-12-18T07:00:32.000Z,0.276,1,600,480x270,9.668387999999993,,
2025-12-18T07:00:32.100Z,0.204,1,600,480x270,9.664258999999959,,rebuffer happen
2025-12-18T07:00:32.511Z,0.241,1,600,480x270,9.633865000000014,,
2025-12-18T07:00:32.755Z,0.028,1,600,480x270,9.689628999999968,,rebuffer happen
2025-12-18T07:00:33.043Z,0.241,1,600,480x270,9.632548999999983,,
2025-12-18T07:00:33.305Z,0.018,1,600,480x270,9.677468999999974,,rebuffer happen
2025-12-18T07:00:33.355Z,0.029,1,600,480x270,9.747191999999984,,rebuffer happen
2025-12-18T07:00:33.654Z,0.246,1,600,480x270,9.82313499999998,,
2025-12-18T07:00:34.133Z,0.302,1,600,480x270,9.761217999999985,,
2025-12-18T07:00:34.134Z,0.296,1,600,480x270,9.761000999999965,,rebuffer happen
2025-12-18T07:00:34.571Z,0.364,1,600,480x270,9.811013000000003,,
2025-12-18T07:00:34.638Z,0.291,1,600,480x270,9.743413999999973,,rebuffer happen
2025-12-18T07:00:35.004Z,0.37,1,600,480x270,9.749454000000014,,
2025-12-18T07:00:35.217Z,0.411,1,600,480x270,9.639667999999972,,
2025-12-18T07:00:35.268Z,0.988,1,600,480x270,9.652476000000036,,
2025-12-18T07:00:36.002Z,0.067,1,600,480x270,9.260951999999975,,rebuffer happen
2025-12-18T07:00:36.024Z,0.035,1,600,480x270,9.228876000000014,,rebuffer happen
2025-12-18T07:00:36.124Z,0.025,1,600,480x270,9.278131999999971,,rebuffer happen
2025-12-18T07:00:36.360Z,0.155,1,600,480x270,9.401325000000043,,
2025-12-18T07:00:36.474Z,0.024,1,600,480x270,9.382207999999991,,rebuffer happen
2025-12-18T07:00:37.090Z,0.228,1,600,480x270,9.678570999999977,,
2025-12-18T07:00:37.292Z,0.022,1,600,480x270,9.674744000000032,,rebuffer happen
2025-12-18T07:00:37.692Z,0.222,1,600,480x270,9.779968999999994,,
2025-12-18T07:00:38.207Z,0.198,1,600,480x270,9.769517000000008,,
2025-12-18T07:00:38.683Z,0.222,1,600,480x270,9.792596000000003,,
2025-12-18T07:00:39.148Z,0.222,1,600,480x270,9.837471999999991,,
2025-12-18T07:00:39.661Z,0.277,1,600,480x270,9.839608999999996,,
2025-12-18T07:00:40.126Z,0.33,1,600,480x270,9.763234000000011,,
2025-12-18T07:00:40.202Z,0.196,1,600,480x270,9.748925999999983,,rebuffer happen
2025-12-18T07:00:40.311Z,0.032,1,600,480x270,9.689044999999965,,rebuffer happen
2025-12-18T07:00:40.627Z,0.247,1,600,480x270,9.704358999999954,,
2025-12-18T07:00:41.146Z,0.23,1,600,480x270,9.79134700000003,,
2025-12-18T07:00:41.429Z,0.021,1,600,480x270,9.717356999999993,,rebuffer happen
2025-12-18T07:00:41.495Z,0.029,1,600,480x270,9.749064000000033,,rebuffer happen
2025-12-18T07:00:41.693Z,0.22,1,600,480x270,9.775577999999996,,
2025-12-18T07:00:42.095Z,0.3,1,600,480x270,9.782925000000034,,
2025-12-18T07:00:42.280Z,0.13,1,600,480x270,9.787123000000008,,rebuffer happen
2025-12-18T07:00:42.564Z,0.314,1,600,480x270,9.777833000000044,,
2025-12-18T07:00:42.672Z,0.161,1,600,480x270,9.720267000000035,,rebuffer happen
2025-12-18T07:00:42.780Z,0.027,1,600,480x270,9.685370000000034,,rebuffer happen
2025-12-18T07:00:43.065Z,0.273,1,600,480x270,9.739920999999981,,
2025-12-18T07:00:43.596Z,0.242,1,600,480x270,9.718001000000015,,
2025-12-18T07:00:43.830Z,0.026,1,600,480x270,9.678987000000006,,rebuffer happen
2025-12-18T07:00:43.880Z,0.028,1,600,480x270,9.748511000000008,,rebuffer happen
2025-12-18T07:00:44.170Z,0.229,1,600,480x270,9.784334999999999,,
2025-12-18T07:00:44.694Z,0.194,1,600,480x270,9.766133999999965,,
2025-12-18T07:00:44.898Z,0.02,1,600,480x270,9.781171000000029,,rebuffer happen
2025-12-18T07:00:45.170Z,0.248,1,600,480x270,9.837525000000028,,
2025-12-18T07:00:45.700Z,0.182,1,600,480x270,9.799777000000006,,
2025-12-18T07:00:45.949Z,0.021,1,600,480x270,9.879147999999986,,rebuffer happen
2025-12-18T07:00:46.221Z,0.206,1,600,480x270,9.807553000000041,,
2025-12-18T07:00:46.450Z,0.027,1,600,480x270,9.885098000000028,,rebuffer happen
2025-12-18T07:00:46.740Z,0.243,1,600,480x270,9.844923999999992,,
2025-12-18T07:00:47.241Z,0.268,1,600,480x270,9.835051000000021,,
2025-12-18T07:00:47.750Z,0.279,1,600,480x270,9.929125999999997,,
2025-12-18T07:00:48.242Z,0.27,1,600,480x270,9.840737999999988,,
2025-12-18T07:00:48.914Z,0.094,1,600,480x270,9.881597999999997,,
2025-12-18T07:00:49.019Z,0.019,1,600,480x270,9.87944600000003,,rebuffer happen
2025-12-18T07:00:49.376Z,0.273,1,600,480x270,10.022528000000023,,
2025-12-18T07:00:49.652Z,0.026,1,600,480x270,10.044201000000044,,rebuffer happen
2025-12-18T07:00:50.010Z,0.16,1,600,480x270,10.030130999999983,,
2025-12-18T07:00:50.153Z,0.025,1,600,480x270,10.085909999999956,,rebuffer happen
2025-12-18T07:00:50.694Z,0.106,1,600,480x270,10.187444000000028,,
2025-12-18T07:00:50.803Z,0.027,1,600,480x270,10.178683999999976,,rebuffer happen
2025-12-18T07:00:50.970Z,0.028,1,600,480x270,10.348557999999969,,rebuffer happen
2025-12-18T07:00:51.391Z,0.095,1,600,480x270,10.36321700000002,,
2025-12-18T07:00:51.503Z,0.022,1,600,480x270,10.344853,,rebuffer happen
2025-12-18T07:00:51.918Z,0.158,1,600,480x270,10.364751000000012,,
2025-12-18T07:00:52.004Z,0.026,1,600,480x270,10.392235999999968,,rebuffer happen
2025-12-18T07:00:52.287Z,0.02,1,600,480x270,10.438946999999985,,rebuffer happen
2025-12-18T07:00:52.338Z,0.022,1,600,480x270,10.40716900000001,,rebuffer happen
2025-12-18T07:00:52.504Z,0.022,1,600,480x270,10.475009,,rebuffer happen
2025-12-18T07:00:52.554Z,0.02,1,600,480x270,10.53909299999998,,rebuffer happen
2025-12-18T07:00:52.604Z,0.023,1,600,480x270,10.508438000000012,,rebuffer happen
2025-12-18T07:00:52.624Z,0.023,1,600,480x270,10.508438000000012,,
2025-12-18T07:00:52.654Z,0.029,1,600,480x270,10.581367,,rebuffer happen
2025-12-18T07:00:52.804Z,0.016,1,600,480x270,10.643542000000025,,rebuffer happen
2025-12-18T07:00:52.905Z,0.028,1,600,480x270,10.648072000000013,,rebuffer happen
2025-12-18T07:00:52.955Z,0.025,1,600,480x270,10.71049099999999,,rebuffer happen
2025-12-18T07:00:53.005Z,0.026,1,600,480x270,10.677886,,rebuffer happen
2025-12-18T07:00:53.172Z,0.024,1,600,480x270,10.746404999999982,,rebuffer happen
2025-12-18T07:00:53.222Z,0.022,1,600,480x270,10.711629999999957,,rebuffer happen
2025-12-18T07:00:53.338Z,0.023,1,600,480x270,10.720687999999996,,rebuffer happen
2025-12-18T07:00:53.343Z,0.023,1,600,480x270,10.808688000000018,,
2025-12-18T07:00:53.388Z,0.017,1,600,480x270,10.769092999999998,,rebuffer happen
2025-12-18T07:00:53.505Z,0.018,1,600,480x270,10.838441999999986,,rebuffer happen
2025-12-18T07:00:53.622Z,0.029,1,600,480x270,10.859854999999982,,rebuffer happen
2025-12-18T07:00:53.980Z,0.119,1,600,480x270,10.927190999999993,,
2025-12-18T07:00:54.022Z,0.03,1,600,480x270,10.885275000000036,,rebuffer happen
2025-12-18T07:00:54.498Z,0.189,1,600,480x270,11.060844999999972,,
2025-12-18T07:00:54.673Z,0.02,1,600,480x270,11.075050000000033,,rebuffer happen
2025-12-18T07:00:54.706Z,0.029,1,600,480x270,11.050297,,rebuffer happen
2025-12-18T07:00:54.856Z,0.017,1,600,480x270,11.14283800000004,,rebuffer happen
2025-12-18T07:00:55.106Z,0.02,1,600,480x270,11.250088000000005,,rebuffer happen
2025-12-18T07:00:55.140Z,0.026,1,600,480x270,11.222488999999996,,rebuffer happen
2025-12-18T07:00:55.207Z,0.02,1,600,480x270,11.273901999999964,,rebuffer happen
2025-12-18T07:00:55.256Z,0.017,1,600,480x270,11.348952999999995,,rebuffer happen
2025-12-18T07:00:55.373Z,0.025,1,600,480x270,11.344296999999983,,rebuffer happen
2025-12-18T07:00:55.423Z,0.017,1,600,480x270,11.303302999999971,,rebuffer happen
2025-12-18T07:00:55.432Z,0.017,1,600,480x270,11.303302999999971,,
2025-12-18T07:00:55.457Z,0.027,1,600,480x270,11.384019000000023,,rebuffer happen
2025-12-18T07:00:56.310Z,0.127,1,600,480x270,11.76934399999999,,
2025-12-18T07:00:56.391Z,0.028,1,600,480x270,11.782150000000001,,rebuffer happen
2025-12-18T07:00:56.708Z,0.023,1,600,480x270,12.05217799999997,,rebuffer happen
2025-12-18T07:00:57.048Z,0.158,1,600,480x270,12.122001000000012,,
2025-12-18T07:00:57.192Z,0.024,1,600,480x270,12.081616999999994,,rebuffer happen
2025-12-18T07:00:57.689Z,0.188,1,600,480x270,12.230490999999972,,
2025-12-18T07:00:57.842Z,0.025,1,600,480x270,12.177013999999986,,rebuffer happen
2025-12-18T07:00:57.959Z,0.026,1,600,480x270,12.345544000000018,,rebuffer happen
2025-12-18T07:00:58.304Z,0.182,1,600,480x270,12.34522400000003,,
2025-12-18T07:00:58.459Z,0.028,1,600,480x270,12.392620000000022,,rebuffer happen
2025-12-18T07:00:58.710Z,0.291,1,600,480x270,12.353881000000001,,
2025-12-18T07:00:58.721Z,0.291,1,600,480x270,12.342839000000026,,rebuffer happen
2025-12-18T07:00:59.310Z,0.022,1,600,480x270,12.382065000000011,,rebuffer happen
2025-12-18T07:00:59.343Z,0.029,1,600,480x270,12.447914000000026,,rebuffer happen
2025-12-18T07:00:59.427Z,0.033,1,600,480x270,12.384691000000032,,rebuffer happen
2025-12-18T07:00:59.493Z,0.059,1,600,480x270,12.444555999999977,,rebuffer happen
2025-12-18T07:00:59.527Z,0.029,1,600,480x270,12.414778999999953,,rebuffer happen
2025-12-18T07:00:59.562Z,0.029,1,600,480x270,12.514778999999976,,
2025-12-18T07:00:59.610Z,0.02,1,600,480x270,12.471573999999976,,rebuffer happen
2025-12-18T07:00:59.744Z,0.023,1,600,480x270,12.64121399999999,,rebuffer happen
2025-12-18T07:00:59.794Z,0.019,1,600,480x270,12.604032999999959,,rebuffer happen
2025-12-18T07:01:00.134Z,0.13,1,600,480x270,12.597785999999985,,
2025-12-18T07:01:00.244Z,0.031,1,600,480x270,12.684093000000018,,rebuffer happen
2025-12-18T07:01:00.620Z,0.202,1,600,480x270,12.672776999999996,,
2025-12-18T07:01:00.945Z,0.026,1,600,480x270,12.745761000000016,,rebuffer happen
2025-12-18T07:01:00.995Z,0.023,1,600,480x270,12.70958300000001,,rebuffer happen
2025-12-18T07:01:01.312Z,0.03,1,600,480x270,12.726022999999998,,rebuffer happen
2025-12-18T07:01:01.312Z,0.03,1,600,480x270,12.726022999999998,,
2025-12-18T07:01:01.362Z,0.019,1,600,480x270,12.776296000000002,,rebuffer happen
2025-12-18T07:01:01.562Z,0.02,1,600,480x270,12.881171999999992,,rebuffer happen
2025-12-18T07:01:01.628Z,0.015,1,600,480x270,12.842927000000032,,rebuffer happen
2025-12-18T07:01:01.662Z,0.021,1,600,480x270,12.907989999999984,,rebuffer happen
2025-12-18T07:01:01.895Z,0.023,1,600,480x270,12.916063000000008,,rebuffer happen
2025-12-18T07:01:01.968Z,0.08,1,600,480x270,12.94258400000001,,
2025-12-18T07:01:02.029Z,0.03,1,600,480x270,12.882604000000015,,rebuffer happen
2025-12-18T07:01:02.593Z,0.201,1,600,480x270,13.154683000000034,,
2025-12-18T07:01:02.763Z,0.027,1,600,480x270,13.188462000000015,,rebuffer happen
2025-12-18T07:01:03.203Z,0.201,1,600,480x270,13.28063000000003,,
2025-12-18T07:01:03.397Z,0.028,1,600,480x270,13.285331999999983,,rebuffer happen
2025-12-18T07:01:03.802Z,0.235,1,600,480x270,13.380810999999994,,
2025-12-18T07:01:03.997Z,0.033,1,600,480x270,13.388621,,rebuffer happen
2025-12-18T07:01:04.306Z,0.267,1,600,480x270,13.434702000000016,,
2025-12-18T07:01:04.861Z,0.259,1,600,480x270,13.494473999999968,,
2025-12-18T07:01:05.065Z,0.029,1,600,480x270,13.480658000000005,,rebuffer happen
2025-12-18T07:01:05.389Z,0.266,1,600,480x270,13.51243999999997,,
2025-12-18T07:01:05.877Z,0.265,1,600,480x270,13.540891999999985,,
2025-12-18T07:01:06.132Z,0.03,1,600,480x270,13.490695000000017,,rebuffer happen
2025-12-18T07:01:06.374Z,0.28,1,600,480x270,13.566552999999999,,
2025-12-18T07:01:06.389Z,0.291,1,600,480x270,13.551750000000027,,rebuffer happen
2025-12-18T07:01:06.566Z,0.026,1,600,480x270,13.486497999999983,,rebuffer happen
2025-12-18T07:01:06.971Z,0.23,1,600,480x270,13.60050700000005,,
2025-12-18T07:01:07.183Z,0.032,1,600,480x270,13.59717999999998,,rebuffer happen
2025-12-18T07:01:07.515Z,0.237,1,600,480x270,13.61409500000002,,
2025-12-18T07:01:07.750Z,0.019,1,600,480x270,13.677610000000016,,rebuffer happen
2025-12-18T07:01:08.094Z,0.229,1,600,480x270,13.678000999999995,,
2025-12-18T07:01:08.590Z,0.232,1,600,480x270,13.680161999999996,,
2025-12-18T07:01:09.078Z,0.252,1,600,480x270,13.712460999999962,,
2025-12-18T07:01:09.552Z,0.258,1,600,480x270,13.728545999999994,,
2025-12-18T07:01:09.802Z,0.029,1,600,480x270,13.690237000000025,,rebuffer happen
2025-12-18T07:01:10.092Z,0.24,1,600,480x270,13.70976300000001,,
2025-12-18T07:01:10.319Z,0.027,1,600,480x270,13.688009000000022,,rebuffer happen
2025-12-18T07:01:10.629Z,0.251,1,600,480x270,13.716846999999973,,
2025-12-18T07:01:10.886Z,0.018,1,600,480x270,13.771211999999991,,rebuffer happen
2025-12-18T07:01:11.162Z,0.267,1,600,480x270,13.833798999999999,,
2025-12-18T07:01:11.420Z,0.024,1,600,480x270,13.777109999999993,,rebuffer happen
2025-12-18T07:01:11.810Z,0.209,1,600,480x270,13.84176199999996,,
2025-12-18T07:01:11.971Z,0.024,1,600,480x270,13.887366999999983,,rebuffer happen
2025-12-18T07:01:12.288Z,0.304,1,600,480x270,13.956862999999998,,
2025-12-18T07:01:12.288Z,0.299,1,600,480x270,13.956675000000018,,rebuffer happen
2025-12-18T07:01:12.801Z,0.29,1,600,480x270,13.949190000000044,,
2025-12-18T07:01:13.324Z,0.251,1,600,480x270,13.925256999999988,,
2025-12-18T07:01:13.833Z,0,1,600,480x270,13.727666999999997,,rebuffer happen
2025-12-18T07:01:13.904Z,0,1,600,480x270,13.82166699999999,,
2025-12-18T07:01:14.404Z,0,1,600,480x270,14.322666999999967,,
2025-12-18T07:01:14.910Z,0.492,1,600,480x270,2.753170999999952,,
2025-12-18T07:01:15.117Z,0.231,1,600,480x270,2.6628369999999677,,rebuffer happen
2025-12-18T07:01:15.232Z,0.294,1,600,480x270,2.589624000000015,,rebuffer happen
2025-12-18T07:01:15.502Z,0.189,1,600,480x270,2.5459069999999997,,
2025-12-18T07:01:15.949Z,0.254,1,600,480x270,2.601216000000022,,
2025-12-18T07:01:16.410Z,0.272,1,600,480x270,2.5463829999999916,,
2025-12-18T07:01:16.904Z,0.326,1,600,480x270,2.5544000000000437,,
2025-12-18T07:01:17.061Z,0.144,1,600,480x270,2.5979560000000106,,rebuffer happen
2025-12-18T07:01:17.437Z,0.242,1,600,480x270,2.4701259999999934,,
2025-12-18T07:01:17.625Z,0.03,1,600,480x270,2.485232999999994,,rebuffer happen
2025-12-18T07:01:17.991Z,0.246,1,600,480x270,2.601620999999966,,
2025-12-18T07:01:18.209Z,0.023,1,600,480x270,2.5747550000000388,,rebuffer happen
2025-12-18T07:01:18.526Z,0.221,1,600,480x270,2.601634000000047,,
2025-12-18T07:01:18.743Z,0.019,1,600,480x270,2.5706420000000207,,rebuffer happen
2025-12-18T07:01:19.061Z,0.235,1,600,480x270,2.7126180000000204,,
2025-12-18T07:01:19.293Z,0.018,1,600,480x270,2.6827090000000453,,rebuffer happen
2025-12-18T07:01:19.601Z,0.215,1,600,480x270,2.68053900000001,,
2025-12-18T07:01:19.810Z,0.061,1,600,480x270,2.683790999999985,,rebuffer happen
2025-12-18T07:01:20.120Z,0.242,1,600,480x270,2.6986289999999826,,
2025-12-18T07:01:20.701Z,0.186,1,600,480x270,2.7129260000000386,,
2025-12-18T07:01:20.845Z,0.022,1,600,480x270,2.774905999999987,,rebuffer happen
2025-12-18T07:01:21.179Z,0.275,1,600,480x270,2.8224989999999934,,
2025-12-18T07:01:21.677Z,0.259,1,600,480x270,2.825734999999952,,
2025-12-18T07:01:22.258Z,0.202,1,600,480x270,2.8540969999999675,,
2025-12-18T07:01:22.429Z,0.032,1,600,480x270,2.793631000000005,,rebuffer happen
2025-12-18T07:01:22.784Z,0.239,1,600,480x270,2.892737000000011,,
2025-12-18T07:01:23.256Z,0.289,1,600,480x270,2.942204000000004,,
2025-12-18T07:01:23.746Z,0.286,1,600,480x270,2.9492340000000468,,
2025-12-18T07:01:24.014Z,0.031,1,600,480x270,2.8845420000000104,,rebuffer happen
2025-12-18T07:01:24.246Z,0.304,1,600,480x270,2.973054999999988,,
2025-12-18T07:01:24.267Z,0.297,1,600,480x270,2.952411999999981,,rebuffer happen
2025-12-18T07:01:24.464Z,0.03,1,600,480x270,2.8832100000000196,,rebuffer happen
2025-12-18T07:01:24.955Z,0.164,1,600,480x270,3.023100999999997,,
2025-12-18T07:01:25.098Z,0.017,1,600,480x270,2.9743009999999686,,rebuffer happen
2025-12-18T07:01:25.198Z,0.025,1,600,480x270,3.0482130000000325,,rebuffer happen
2025-12-18T07:01:25.537Z,0.171,1,600,480x270,3.0480459999999994,,
2025-12-18T07:01:25.699Z,0.024,1,600,480x270,3.077208999999982,,rebuffer happen
2025-12-18T07:01:26.029Z,0.235,1,600,480x270,3.110375000000033,,
2025-12-18T07:01:26.512Z,0.248,1,600,480x270,3.112833999999964,,
2025-12-18T07:01:26.749Z,0.026,1,600,480x270,3.1840250000000196,,rebuffer happen
2025-12-18T07:01:27.024Z,0.271,1,600,480x270,3.124079999999992,,
2025-12-18T07:01:27.266Z,0.03,1,600,480x270,3.183530000000019,,rebuffer happen
2025-12-18T07:01:27.564Z,0.229,1,600,480x270,3.1922950000000014,,
2025-12-18T07:01:28.074Z,0.208,1,600,480x270,3.1997290000000476,,
2025-12-18T07:01:28.586Z,0.23,1,600,480x270,3.1809770000000412,,
2025-12-18T07:01:29.102Z,0.179,1,600,480x270,3.167933000000005,,
2025-12-18T07:01:29.609Z,0.207,1,600,480x270,3.160728000000006,,
2025-12-18T07:01:30.126Z,0.199,1,600,480x270,3.1498129999999946,,
2025-12-18T07:01:30.648Z,0.177,1,600,480x270,3.2268960000000106,,
2025-12-18T07:01:30.786Z,0.033,1,600,480x270,3.1900759999999764,,rebuffer happen
2025-12-18T07:01:31.142Z,0.204,1,600,480x270,3.1664180000000215,,
2025-12-18T07:01:31.336Z,0.019,1,600,480x270,3.1755699999999933,,rebuffer happen
2025-12-18T07:01:31.594Z,0.296,1,600,480x270,3.2848670000000197,,rebuffer happen
2025-12-18T07:01:31.595Z,0.296,1,600,480x270,3.2828230000000076,,
2025-12-18T07:01:31.837Z,0.027,1,600,480x270,3.185799999999972,,rebuffer happen
2025-12-18T07:01:31.837Z,0.027,1,600,480x270,3.185799999999972,,rebuffer happen
2025-12-18T07:01:32.065Z,0.349,1,600,480x270,3.3080610000000092,,
2025-12-18T07:01:32.287Z,0.025,1,600,480x270,3.1923249999999825,,rebuffer happen
2025-12-18T07:01:32.288Z,0.025,1,600,480x270,3.1923249999999825,,rebuffer happen
2025-12-18T07:01:32.551Z,0.354,1,600,480x270,3.3284459999999854,,
2025-12-18T07:01:32.698Z,0.149,1,600,480x270,3.2008940000000052,,rebuffer happen
2025-12-18T07:01:32.821Z,0.022,1,600,480x270,3.1755870000000073,,rebuffer happen
2025-12-18T07:01:33.040Z,0.351,1,600,480x270,3.253690000000006,,
2025-12-18T07:01:33.288Z,0.043,1,600,480x270,3.200744000000043,,rebuffer happen
2025-12-18T07:01:33.288Z,0.043,1,600,480x270,3.200744000000043,,rebuffer happen
2025-12-18T07:01:33.522Z,0.298,1,600,480x270,3.285084999999981,,rebuffer happen
2025-12-18T07:01:33.599Z,0.351,1,600,480x270,3.2800359999999955,,
2025-12-18T07:01:33.796Z,0.07,1,600,480x270,3.228381000000013,,rebuffer happen
2025-12-18T07:01:33.839Z,0.02,1,600,480x270,3.1783829999999966,,rebuffer happen
2025-12-18T07:01:34.165Z,0.263,1,600,480x270,3.340344000000016,,
2025-12-18T07:01:34.422Z,0.031,1,600,480x270,3.2877169999999865,,rebuffer happen
2025-12-18T07:01:34.779Z,0.233,1,600,480x270,3.4107419999999706,,
2025-12-18T07:01:35.006Z,0.032,1,600,480x270,3.3950399999999945,,rebuffer happen
2025-12-18T07:01:35.340Z,0.285,1,600,480x270,3.432060999999976,,
2025-12-18T07:01:35.896Z,0.216,1,600,480x270,3.490895000000023,,
2025-12-18T07:01:36.107Z,0.02,1,600,480x270,3.481767999999988,,rebuffer happen
2025-12-18T07:01:36.417Z,0.271,1,600,480x270,3.5171550000000025,,
2025-12-18T07:01:36.658Z,0.025,1,600,480x270,3.5820830000000115,,rebuffer happen
2025-12-18T07:01:36.939Z,0.248,1,600,480x270,3.5355880000000184,,
2025-12-18T07:01:37.446Z,0.243,1,600,480x270,3.6195559999999887,,
2025-12-18T07:01:37.692Z,0.022,1,600,480x270,3.575613999999973,,rebuffer happen
2025-12-18T07:01:37.975Z,0.244,1,600,480x270,3.619474000000025,,
2025-12-18T07:01:38.209Z,0.023,1,600,480x270,3.5830930000000194,,rebuffer happen
2025-12-18T07:01:38.505Z,0.267,1,600,480x270,3.6281549999999925,,
2025-12-18T07:01:39.022Z,0.236,1,600,480x270,3.608118999999988,,
2025-12-18T07:01:39.259Z,0.019,1,600,480x270,3.6849209999999744,,rebuffer happen
2025-12-18T07:01:39.583Z,0.273,1,600,480x270,3.7190630000000056,,
2025-12-18T07:01:39.827Z,0.03,1,600,480x270,3.6819769999999608,,rebuffer happen
2025-12-18T07:01:40.148Z,0.23,1,600,480x270,3.784538999999995,,
2025-12-18T07:01:40.360Z,0.017,1,600,480x270,3.770429999999976,,rebuffer happen
2025-12-18T07:01:40.703Z,0.206,1,600,480x270,3.793354000000022,,
2025-12-18T07:01:40.928Z,0.018,1,600,480x270,3.773258999999996,,rebuffer happen
2025-12-18T07:01:40.994Z,0.019,1,600,480x270,3.8378339999999866,,rebuffer happen
2025-12-18T07:01:41.311Z,0.206,1,600,480x270,3.8361110000000167,,
2025-12-18T07:01:41.461Z,0.028,1,600,480x270,3.880083999999954,,rebuffer happen
2025-12-18T07:01:41.838Z,0.211,1,600,480x270,3.8935050000000047,,
2025-12-18T07:01:42.366Z,0.222,1,600,480x270,3.9625310000000127,,
2025-12-18T07:01:42.545Z,0.03,1,600,480x270,3.983300999999983,,rebuffer happen
2025-12-18T07:01:42.860Z,0.274,1,600,480x270,4.027336999999989,,
2025-12-18T07:01:43.399Z,0.252,1,600,480x270,3.9938099999999963,,
2025-12-18T07:01:43.596Z,0.032,1,600,480x270,3.9856419999999844,,rebuffer happen
2025-12-18T07:01:43.817Z,0.315,1,600,480x270,3.9860689999999863,,
2025-12-18T07:01:43.858Z,0.294,1,600,480x270,4.049331999999993,,rebuffer happen
2025-12-18T07:01:44.222Z,0.347,1,600,480x270,3.922881000000018,,
2025-12-18T07:01:44.358Z,0.225,1,600,480x270,3.98177800000002,,rebuffer happen
2025-12-18T07:01:44.637Z,0.415,1,600,480x270,3.884551999999985,,
2025-12-18T07:01:44.921Z,0.127,1,600,480x270,3.8796580000000063,,rebuffer happen
2025-12-18T07:01:45.074Z,0.421,1,600,480x270,3.8536080000000084,,
2025-12-18T07:01:45.191Z,0.223,1,600,480x270,3.789964999999995,,rebuffer happen
2025-12-18T07:01:45.315Z,0.037,1,600,480x270,3.6982889999999884,,rebuffer happen
2025-12-18T07:01:45.748Z,0.02,1,600,480x270,3.8771109999999567,,rebuffer happen
2025-12-18T07:01:45.870Z,0.153,1,600,480x270,3.9202640000000315,,
2025-12-18T07:01:46.032Z,0.021,1,600,480x270,3.8818539999999757,,rebuffer happen
2025-12-18T07:01:46.496Z,0.222,1,600,480x270,4.037329,,
2025-12-18T07:01:46.649Z,0.024,1,600,480x270,4.080546000000027,,rebuffer happen
2025-12-18T07:01:46.733Z,0.029,1,600,480x270,4.053050000000042,,rebuffer happen
2025-12-18T07:01:47.008Z,0.223,1,600,480x270,4.103234999999984,,
2025-12-18T07:01:47.553Z,0.137,1,600,480x270,4.151874999999961,,
2025-12-18T07:01:47.733Z,0.019,1,600,480x270,4.082322999999974,,rebuffer happen
2025-12-18T07:01:48.022Z,0.262,1,600,480x270,4.127762000000018,,
2025-12-18T07:01:48.562Z,0.219,1,600,480x270,4.1984149999999545,,
2025-12-18T07:01:49.103Z,0.184,1,600,480x270,4.161777000000029,,
2025-12-18T07:01:49.560Z,0.228,1,600,480x270,4.1943749999999795,,
2025-12-18T07:01:50.096Z,0.244,1,600,480x270,4.171237000000019,,
2025-12-18T07:01:50.285Z,0.024,1,600,480x270,4.186055999999951,,rebuffer happen
2025-12-18T07:01:50.571Z,0.268,1,600,480x270,4.228692000000024,,
2025-12-18T07:01:51.084Z,0.276,1,600,480x270,4.226639999999975,,
2025-12-18T07:01:51.601Z,0.26,1,600,480x270,4.221165999999982,,
2025-12-18T07:01:51.820Z,0.045,1,600,480x270,4.197794000000044,,rebuffer happen
2025-12-18T07:01:52.136Z,0.255,1,600,480x270,4.220418999999993,,
2025-12-18T07:01:52.568Z,0.309,1,600,480x270,4.302481,,
2025-12-18T07:01:52.619Z,0.285,1,600,480x270,4.251316000000031,,rebuffer happen
2025-12-18T07:01:53.027Z,0.336,1,600,480x270,4.214268000000004,,
2025-12-18T07:01:53.140Z,0.201,1,600,480x270,4.15611100000001,,rebuffer happen
2025-12-18T07:01:53.255Z,0.03,1,600,480x270,4.1930659999999875,,rebuffer happen
2025-12-18T07:01:53.459Z,0.292,1,600,480x270,4.206959999999981,,
2025-12-18T07:01:53.517Z,0.296,1,600,480x270,4.149440000000027,,rebuffer happen
2025-12-18T07:01:53.688Z,0.04,1,600,480x270,4.105497000000014,,rebuffer happen
2025-12-18T07:01:53.941Z,0.404,1,600,480x270,4.1549870000000055,,
2025-12-18T07:01:54.140Z,0.113,1,600,480x270,4.067766000000006,,rebuffer happen
2025-12-18T07:01:54.188Z,0.04,1,600,480x270,4.104417000000012,,rebuffer happen
2025-12-18T07:01:54.450Z,0.37,1,600,480x270,4.258595000000014,,
2025-12-18T07:01:54.689Z,0.045,1,600,480x270,4.101755000000026,,rebuffer happen
2025-12-18T07:01:54.690Z,0.045,1,600,480x270,4.101755000000026,,rebuffer happen
2025-12-18T07:01:54.870Z,0.296,1,600,480x270,4.248994999999979,,rebuffer happen
2025-12-18T07:01:54.972Z,0.319,1,600,480x270,4.202450999999996,,
2025-12-18T07:01:55.172Z,0.043,1,600,480x270,4.1020860000000425,,rebuffer happen
2025-12-18T07:01:55.173Z,0.043,1,600,480x270,4.1020860000000425,,rebuffer happen
2025-12-18T07:01:55.500Z,0.367,1,600,480x270,4.233919000000014,,
2025-12-18T07:01:55.604Z,0.277,1,600,480x270,4.237271999999962,,rebuffer happen
2025-12-18T07:01:55.823Z,0.016,1,600,480x270,4.168627000000015,,rebuffer happen
2025-12-18T07:01:56.134Z,0.261,1,600,480x270,4.216519000000005,,
2025-12-18T07:01:56.357Z,0.033,1,600,480x270,4.286223000000007,,rebuffer happen
2025-12-18T07:01:56.782Z,0.244,1,600,480x270,4.3894260000000145,,
2025-12-18T07:01:57.008Z,0.022,1,600,480x270,4.3850100000000225,,rebuffer happen
2025-12-18T07:01:57.363Z,0.247,1,600,480x270,4.502783999999963,,
2025-12-18T07:01:57.591Z,0.022,1,600,480x270,4.478293000000008,,rebuffer happen
2025-12-18T07:01:57.859Z,0.271,1,600,480x270,4.552731999999992,,
2025-12-18T07:01:58.432Z,0.172,1,600,480x270,4.465927000000022,,
2025-12-18T07:01:58.625Z,0.021,1,600,480x270,4.47497199999998,,rebuffer happen
2025-12-18T07:01:58.935Z,0.239,1,600,480x270,4.507025999999996,,
2025-12-18T07:01:59.159Z,0.028,1,600,480x270,4.592840000000024,,rebuffer happen
2025-12-18T07:01:59.492Z,0.258,1,600,480x270,4.58229,,
2025-12-18T07:01:59.693Z,0.02,1,600,480x270,4.582267999999999,,rebuffer happen
2025-12-18T07:01:59.965Z,0.253,1,600,480x270,4.62996099999998,,
2025-12-18T07:02:00.533Z,0.159,1,600,480x270,4.560653000000002,,
2025-12-18T07:02:00.710Z,0.029,1,600,480x270,4.5843229999999835,,rebuffer happen
2025-12-18T07:02:01.012Z,0.285,1,600,480x270,4.633815000000027,,
2025-12-18T07:02:01.261Z,0.033,1,600,480x270,4.6987589999999955,,rebuffer happen
2025-12-18T07:02:01.578Z,0.267,1,600,480x270,4.701863000000003,,
2025-12-18T07:02:01.795Z,0.027,1,600,480x270,4.679136999999969,,rebuffer happen
2025-12-18T07:02:02.213Z,0.164,1,600,480x270,4.72403799999995,,
2025-12-18T07:02:02.345Z,0.026,1,600,480x270,4.779870000000017,,rebuffer happen
2025-12-18T07:02:02.619Z,0.271,1,600,480x270,4.757935000000032,,rebuffer happen
2025-12-18T07:02:02.643Z,0.271,1,600,480x270,4.819348000000048,,
2025-12-18T07:02:03.053Z,0.291,1,600,480x270,4.786742000000004,,rebuffer happen
2025-12-18T07:02:03.077Z,0.291,1,600,480x270,4.762886999999978,,
2025-12-18T07:02:03.148Z,0.23,1,600,480x270,4.787171000000001,,rebuffer happen
2025-12-18T07:02:03.763Z,0.021,1,600,480x270,4.753965999999991,,rebuffer happen
2025-12-18T07:02:03.936Z,0.046,1,600,480x270,4.824390999999991,,
2025-12-18T07:02:03.980Z,0.026,1,600,480x270,4.880876000000001,,rebuffer happen
2025-12-18T07:02:04.388Z,0.234,1,600,480x270,5.000578999999959,,
2025-12-18T07:02:04.923Z,0.246,1,600,480x270,4.979885999999965,,
2025-12-18T07:02:05.452Z,0.231,1,600,480x270,5.04456399999998,,
2025-12-18T07:02:05.945Z,0.186,1,600,480x270,5.048406999999997,,
2025-12-18T07:02:06.236Z,0.41,1,600,480x270,4.955673000000047,,
2025-12-18T07:02:06.534Z,0.515,1,600,480x270,4.87913199999997,,
2025-12-18T07:02:06.872Z,0.573,1,600,480x270,4.8271950000000174,,
2025-12-18T07:02:07.152Z,0.289,1,600,480x270,4.716703999999993,,rebuffer happen
2025-12-18T07:02:07.420Z,0.279,1,600,480x270,4.633916999999997,,rebuffer happen
2025-12-18T07:02:07.444Z,0.34,1,600,480x270,4.69571499999995,,
2025-12-18T07:02:07.567Z,0.159,1,600,480x270,4.625928999999985,,rebuffer happen
2025-12-18T07:02:07.649Z,0.036,1,600,480x270,4.590530999999999,,rebuffer happen
2025-12-18T07:02:07.922Z,0.301,1,600,480x270,4.5720210000000066,,
2025-12-18T07:02:08.116Z,0.029,1,600,480x270,4.48562499999997,,rebuffer happen
2025-12-18T07:02:08.117Z,0.029,1,600,480x270,4.48562499999997,,rebuffer happen
2025-12-18T07:02:08.437Z,0.275,1,600,480x270,4.52202299999999,,
2025-12-18T07:02:08.684Z,0.022,1,600,480x270,4.574399000000028,,rebuffer happen
2025-12-18T07:02:08.930Z,0.318,1,600,480x270,4.590072999999961,,
2025-12-18T07:02:09.006Z,0.228,1,600,480x270,4.580061999999998,,rebuffer happen
2025-12-18T07:02:09.134Z,0.036,1,600,480x270,4.4952089999999885,,rebuffer happen
2025-12-18T07:02:09.398Z,0.334,1,600,480x270,4.613942000000009,,
2025-12-18T07:02:09.618Z,0.026,1,600,480x270,4.487097000000006,,rebuffer happen
2025-12-18T07:02:09.618Z,0.026,1,600,480x270,4.487097000000006,,rebuffer happen
2025-12-18T07:02:10.135Z,0.031,1,600,480x270,4.5953269999999975,,rebuffer happen
2025-12-18T07:02:10.451Z,0.077,1,600,480x270,4.948207000000025,,
2025-12-18T07:02:10.519Z,0.028,1,600,480x270,4.881394999999998,,rebuffer happen
2025-12-18T07:02:10.885Z,0.095,1,600,480x270,5.247555999999975,,rebuffer happen
2025-12-18T07:02:11.175Z,0.217,1,600,480x270,5.282611000000031,,
2025-12-18T07:02:11.589Z,0.319,1,600,480x270,5.268624999999986,,
2025-12-18T07:02:11.675Z,0.23,1,600,480x270,5.282390000000021,,rebuffer happen
2025-12-18T07:02:11.932Z,0.424,1,600,480x270,5.18467899999996,,
2025-12-18T07:02:12.286Z,0.422,1,600,480x270,5.050000000000011,,
2025-12-18T07:02:12.418Z,0.266,1,600,480x270,4.956292000000019,,rebuffer happen
2025-12-18T07:02:12.688Z,0.378,1,600,480x270,4.913414999999986,,
2025-12-18T07:02:12.736Z,0.289,1,600,480x270,4.84676300000001,,rebuffer happen
2025-12-18T07:02:13.160Z,0.26,1,600,480x270,4.821301000000005,,
2025-12-18T07:02:13.713Z,0.188,1,600,480x270,4.753664000000015,,
2025-12-18T07:02:14.233Z,0.193,1,600,480x270,4.751093000000026,,
2025-12-18T07:02:14.653Z,0.292,1,600,480x270,4.829002000000003,,
2025-12-18T07:02:15.292Z,0.137,1,600,480x270,4.790024000000017,,
2025-12-18T07:02:15.389Z,0.035,1,600,480x270,4.78675400000003,,rebuffer happen
2025-12-18T07:02:15.639Z,0.03,1,600,480x270,4.815527999999972,,rebuffer happen
2025-12-18T07:02:15.773Z,0.028,1,600,480x270,4.921459000000027,,rebuffer happen
2025-12-18T07:02:15.890Z,0.021,1,600,480x270,4.908371000000045,,rebuffer happen
2025-12-18T07:02:15.970Z,0.084,1,600,480x270,4.945402000000001,,
2025-12-18T07:02:16.440Z,0.033,1,600,480x270,4.886144999999999,,rebuffer happen
2025-12-18T07:02:16.619Z,0.1,1,600,480x270,5.069213999999988,,
2025-12-18T07:02:16.724Z,0.02,1,600,480x270,5.08313099999998,,rebuffer happen
2025-12-18T07:02:17.282Z,0.263,1,600,480x270,5.482799,,rebuffer happen
2025-12-18T07:02:17.303Z,0.292,1,600,480x270,5.450801000000013,,
2025-12-18T07:02:17.474Z,0.041,1,600,480x270,5.402381999999989,,rebuffer happen
2025-12-18T07:02:17.935Z,0.241,1,600,480x270,5.502129000000025,,
2025-12-18T07:02:18.175Z,0.03,1,600,480x270,5.560783000000015,,rebuffer happen
2025-12-18T07:02:18.528Z,0.213,1,600,480x270,5.5202469999999835,,
2025-12-18T07:02:18.675Z,0.02,1,600,480x270,5.581041999999968,,rebuffer happen
2025-12-18T07:02:18.725Z,0.025,1,600,480x270,5.552603999999974,,rebuffer happen
2025-12-18T07:02:18.964Z,0.265,1,600,480x270,5.614780999999994,,
2025-12-18T07:02:19.501Z,0.23,1,600,480x270,5.57382199999995,,
2025-12-18T07:02:20.021Z,0.251,1,600,480x270,5.559093999999959,,
2025-12-18T07:02:20.193Z,0.035,1,600,480x270,5.588129999999978,,rebuffer happen
2025-12-18T07:02:20.491Z,0.292,1,600,480x270,5.643139000000019,,
2025-12-18T07:02:20.833Z,0.391,1,600,480x270,5.558572999999967,,
2025-12-18T07:02:20.915Z,0.269,1,600,480x270,5.5283620000000155,,rebuffer happen
2025-12-18T07:02:20.965Z,0.295,1,600,480x270,5.546568999999977,,rebuffer happen
2025-12-18T07:02:20.995Z,0.283,1,600,480x270,5.501391999999953,,rebuffer happen
2025-12-18T07:02:21.196Z,0.369,1,600,480x270,5.406319000000053,,
2025-12-18T07:02:21.249Z,0.267,1,600,480x270,5.420501000000002,,rebuffer happen
2025-12-18T07:02:21.597Z,0.381,1,600,480x270,5.320817000000034,,
2025-12-18T07:02:21.655Z,0.271,1,600,480x270,5.32441399999999,,rebuffer happen
2025-12-18T07:02:22.180Z,0.225,1,600,480x270,5.265469999999993,,
2025-12-18T07:02:22.362Z,0.032,1,600,480x270,5.286856,,rebuffer happen
2025-12-18T07:02:22.579Z,0.319,1,600,480x270,5.278277000000003,,
2025-12-18T07:02:22.624Z,0.277,1,600,480x270,5.233783000000017,,rebuffer happen
2025-12-18T07:02:22.859Z,0.468,1,600,480x270,5.249302999999998,,
2025-12-18T07:02:23.108Z,0.619,1,600,480x270,5.091110000000015,,
2025-12-18T07:02:23.399Z,0.689,1,600,480x270,4.96100899999999,,
2025-12-18T07:02:23.726Z,0.719,1,600,480x270,4.762506999999971,,
2025-12-18T07:02:24.355Z,0.297,1,600,480x270,4.590142000000014,,rebuffer happen
2025-12-18T07:02:24.421Z,0.297,1,600,480x270,4.490751999999986,,
2025-12-18T07:02:25.064Z,0.022,1,600,480x270,4.513674000000037,,rebuffer happen
2025-12-18T07:02:25.075Z,0.022,1,600,480x270,4.513674000000037,,
2025-12-18T07:02:25.114Z,0.022,1,600,480x270,4.479630000000043,,rebuffer happen
2025-12-18T07:02:25.397Z,0.018,1,600,480x270,4.569876000000022,,rebuffer happen
2025-12-18T07:02:25.581Z,0.022,1,600,480x270,4.607136000000025,,rebuffer happen
2025-12-18T07:02:25.685Z,0.062,1,600,480x270,4.636181000000022,,
2025-12-18T07:02:25.748Z,0.024,1,600,480x270,4.679755999999998,,rebuffer happen
2025-12-18T07:02:26.253Z,0.085,1,600,480x270,4.744546000000014,,
2025-12-18T07:02:26.315Z,0.03,1,600,480x270,4.6830360000000155,,rebuffer happen
2025-12-18T07:02:26.768Z,0.122,1,600,480x270,4.8156399999999735,,
2025-12-18T07:02:27.066Z,0.024,1,600,480x270,4.810686999999973,,rebuffer happen
2025-12-18T07:02:27.216Z,0.021,1,600,480x270,4.806816000000026,,rebuffer happen
2025-12-18T07:02:27.266Z,0.021,1,600,480x270,4.876929000000018,,rebuffer happen
2025-12-18T07:02:27.316Z,0.022,1,600,480x270,4.844416000000024,,rebuffer happen
2025-12-18T07:02:27.366Z,0.028,1,600,480x270,4.9197619999999915,,rebuffer happen
2025-12-18T07:02:27.449Z,0.016,1,600,480x270,4.97097100000002,,rebuffer happen
2025-12-18T07:02:27.482Z,0.024,1,600,480x270,4.945515,,rebuffer happen
2025-12-18T07:02:27.539Z,0.057,1,600,480x270,4.916209000000038,,
2025-12-18T07:02:27.582Z,0.023,1,600,480x270,4.980598000000043,,rebuffer happen
2025-12-18T07:02:27.649Z,0.021,1,600,480x270,5.040027000000009,,rebuffer happen
2025-12-18T07:02:27.716Z,0.019,1,600,480x270,5.004564000000016,,rebuffer happen
2025-12-18T07:02:27.766Z,0.024,1,600,480x270,5.0823819999999955,,rebuffer happen
2025-12-18T07:02:27.866Z,0.027,1,600,480x270,5.117768000000012,,rebuffer happen
2025-12-18T07:02:28.100Z,0.025,1,600,480x270,5.11029000000002,,rebuffer happen
2025-12-18T07:02:28.216Z,0.022,1,600,480x270,5.106891000000019,,rebuffer happen
2025-12-18T07:02:28.232Z,0.022,1,600,480x270,5.106891000000019,,
2025-12-18T07:02:28.266Z,0.025,1,600,480x270,5.179658999999958,,rebuffer happen
2025-12-18T07:02:28.841Z,0.1,1,600,480x270,5.252769999999998,,
2025-12-18T07:02:28.917Z,0.018,1,600,480x270,5.283182000000011,,rebuffer happen
2025-12-18T07:02:29.414Z,0.143,1,600,480x270,5.347255999999959,,
2025-12-18T07:02:29.484Z,0.02,1,600,480x270,5.371668,,rebuffer happen
2025-12-18T07:02:29.846Z,0.221,1,600,480x270,5.458989000000031,,
2025-12-18T07:02:30.255Z,0.329,1,600,480x270,5.447492000000011,,
2025-12-18T07:02:30.256Z,0.295,1,600,480x270,5.44723799999997,,rebuffer happen
2025-12-18T07:02:30.332Z,0.266,2,1000,640x360,5.370798999999977,,
2025-12-18T07:02:30.740Z,0.308,2,1000,640x360,5.366273999999976,,
2025-12-18T07:02:30.827Z,0.182,2,1000,640x360,5.3341969999999606,,rebuffer happen
2025-12-18T07:02:31.157Z,0.201,2,1000,640x360,5.272918000000004,,
2025-12-18T07:02:31.706Z,0.211,2,1000,640x360,5.22227799999996,,
2025-12-18T07:02:32.115Z,0.263,2,1000,640x360,5.22645799999998,,
2025-12-18T07:02:32.529Z,0.319,2,1000,640x360,5.16037799999998,,
2025-12-18T07:02:32.570Z,0.241,2,1000,640x360,5.194096999999999,,rebuffer happen
2025-12-18T07:02:32.997Z,0.285,2,1000,640x360,5.126107999999988,,
2025-12-18T07:02:33.521Z,0.244,2,1000,640x360,5.103106000000025,,
2025-12-18T07:02:34.014Z,0.238,2,1000,640x360,5.122797999999989,,
2025-12-18T07:02:34.507Z,0.269,2,1000,640x360,5.130912999999964,,
2025-12-18T07:02:35.041Z,0.248,2,1000,640x360,5.104801000000009,,
2025-12-18T07:02:35.532Z,0.247,2,1000,640x360,5.102441999999996,,
2025-12-18T07:02:36.043Z,0.243,2,1000,640x360,5.198102000000006,,
2025-12-18T07:02:36.568Z,0.215,2,1000,640x360,5.173748999999987,,
2025-12-18T07:02:37.047Z,0.251,2,1000,640x360,5.2148919999999634,,
2025-12-18T07:02:37.555Z,0.259,2,1000,640x360,5.203874999999982,,
2025-12-18T07:02:38.141Z,0.033,2,1000,640x360,5.121109999999987,,rebuffer happen
2025-12-18T07:02:38.373Z,0.103,2,1000,640x360,5.358474000000001,,
2025-12-18T07:02:38.458Z,0.022,2,1000,640x360,5.376130999999987,,rebuffer happen
2025-12-18T07:02:39.012Z,0.268,2,1000,640x360,5.617098999999996,,
2025-12-18T07:02:39.499Z,0.258,2,1000,640x360,5.622415999999987,,
2025-12-18T07:02:39.822Z,0.43,2,1000,640x360,5.594472999999994,,
2025-12-18T07:02:39.953Z,0.268,2,1000,640x360,5.59653800000001,,rebuffer happen
2025-12-18T07:02:40.180Z,0.415,2,1000,640x360,5.446409000000017,,
2025-12-18T07:02:40.312Z,0.196,2,1000,640x360,5.3559210000000235,,rebuffer happen
2025-12-18T07:02:40.657Z,0.257,2,1000,640x360,5.311436000000015,,
2025-12-18T07:02:41.137Z,0.279,2,1000,640x360,5.239772000000016,,
2025-12-18T07:02:41.439Z,0.288,2,1000,640x360,5.210441999999944,,rebuffer happen
2025-12-18T07:02:41.626Z,0.189,2,1000,640x360,5.1528149999999755,,
2025-12-18T07:02:42.207Z,0.141,2,1000,640x360,5.190019000000007,,
2025-12-18T07:02:42.312Z,0.026,2,1000,640x360,5.178562999999997,,rebuffer happen
2025-12-18T07:02:42.578Z,0.024,2,1000,640x360,5.243387999999982,,rebuffer happen
2025-12-18T07:02:42.712Z,0.024,2,1000,640x360,5.275901000000033,,rebuffer happen
2025-12-18T07:02:42.762Z,0.029,2,1000,640x360,5.347372000000007,,rebuffer happen
2025-12-18T07:02:42.829Z,0.018,2,1000,640x360,5.303019000000006,,rebuffer happen
2025-12-18T07:02:42.862Z,0.027,2,1000,640x360,5.3812130000000025,,rebuffer happen
2025-12-18T07:02:42.929Z,0.023,2,1000,640x360,5.343682000000001,,rebuffer happen
2025-12-18T07:02:42.979Z,0.019,2,1000,640x360,5.403982999999982,,rebuffer happen
2025-12-18T07:02:42.994Z,0.019,2,1000,640x360,5.403982999999982,,
2025-12-18T07:02:43.028Z,0.021,2,1000,640x360,5.373032999999964,,rebuffer happen
2025-12-18T07:02:43.518Z,0.268,2,1000,640x360,5.627777999999978,,
2025-12-18T07:02:43.969Z,0.316,2,1000,640x360,5.6826750000000175,,
2025-12-18T07:02:44.091Z,0.198,2,1000,640x360,5.652459000000022,,rebuffer happen
2025-12-18T07:02:44.431Z,0.326,2,1000,640x360,5.575976999999966,,
2025-12-18T07:02:44.468Z,0.257,2,1000,640x360,5.612678000000017,,rebuffer happen
2025-12-18T07:02:44.907Z,0.255,2,1000,640x360,5.509394999999984,,
2025-12-18T07:02:45.403Z,0.256,2,1000,640x360,5.514496000000008,,
2025-12-18T07:02:45.992Z,0.2,2,1000,640x360,5.5445309999999495,,
2025-12-18T07:02:46.574Z,0.103,2,1000,640x360,5.565287000000012,,
2025-12-18T07:02:47.038Z,0.124,2,1000,640x360,5.500434999999982,,
2025-12-18T07:02:47.616Z,0.036,2,1000,640x360,5.527884000000029,,rebuffer happen
2025-12-18T07:02:47.734Z,0.036,2,1000,640x360,5.621884000000023,,
2025-12-18T07:02:47.782Z,0.023,2,1000,640x360,5.6812419999999975,,rebuffer happen
2025-12-18T07:02:48.383Z,0.139,2,1000,640x360,5.886444999999981,,
2025-12-18T07:02:48.500Z,0.017,2,1000,640x360,5.873758000000009,,rebuffer happen
2025-12-18T07:02:48.583Z,0.027,2,1000,640x360,5.94978500000002,,rebuffer happen
2025-12-18T07:02:48.820Z,0.278,2,1000,640x360,5.936217999999997,,
2025-12-18T07:02:49.174Z,0.383,2,1000,640x360,5.952998000000036,,
2025-12-18T07:02:49.271Z,0.289,2,1000,640x360,5.907547999999963,,rebuffer happen
2025-12-18T07:02:49.524Z,0.373,2,1000,640x360,5.732310000000041,,
2025-12-18T07:02:49.637Z,0.272,2,1000,640x360,5.657563999999979,,rebuffer happen
2025-12-18T07:02:49.895Z,0.444,2,1000,640x360,5.722042999999985,,
2025-12-18T07:02:50.307Z,0.345,2,1000,640x360,5.502795999999989,,
2025-12-18T07:02:50.433Z,0.195,2,1000,640x360,5.414498999999978,,rebuffer happen
2025-12-18T07:02:50.729Z,0.333,2,1000,640x360,5.389994999999999,,
2025-12-18T07:02:50.869Z,0.236,2,1000,640x360,5.457628,,rebuffer happen
2025-12-18T07:02:51.112Z,0.408,2,1000,640x360,5.351463000000024,,
2025-12-18T07:02:51.238Z,0.211,2,1000,640x360,5.271793000000002,,rebuffer happen
2025-12-18T07:02:51.523Z,0.342,2,1000,640x360,5.208843999999999,,
2025-12-18T07:02:51.721Z,0.082,2,1000,640x360,5.100639000000001,,rebuffer happen
2025-12-18T07:02:51.950Z,0.317,2,1000,640x360,5.170870999999977,,
2025-12-18T07:02:52.030Z,0.235,2,1000,640x360,5.091411999999991,,rebuffer happen
2025-12-18T07:02:52.237Z,0.031,2,1000,640x360,5.049847,,rebuffer happen
2025-12-18T07:02:52.445Z,0.393,2,1000,640x360,5.271848999999975,,
2025-12-18T07:02:52.670Z,0.124,2,1000,640x360,5.148635000000013,,rebuffer happen
2025-12-18T07:02:52.823Z,0.368,2,1000,640x360,5.0484879999999634,,
2025-12-18T07:02:53.032Z,0.072,2,1000,640x360,4.924245999999982,,rebuffer happen
2025-12-18T07:02:53.053Z,0.04,2,1000,640x360,4.999898999999971,,rebuffer happen
2025-12-18T07:02:53.280Z,0.319,2,1000,640x360,4.968867000000046,,
2025-12-18T07:02:53.315Z,0.257,2,1000,640x360,4.916631000000052,,rebuffer happen
2025-12-18T07:02:53.454Z,0.048,2,1000,640x360,4.904465000000016,,rebuffer happen
2025-12-18T07:02:53.704Z,0.017,2,1000,640x360,4.939737999999977,,rebuffer happen
2025-12-18T07:02:54.165Z,0.155,2,1000,640x360,5.201582999999971,,
2025-12-18T07:02:54.288Z,0.026,2,1000,640x360,5.184779999999989,,rebuffer happen
2025-12-18T07:02:54.579Z,0.295,2,1000,640x360,5.2554870000000165,,
2025-12-18T07:02:54.887Z,0.297,2,1000,640x360,5.2190499999999815,,rebuffer happen
2025-12-18T07:02:55.077Z,0.232,2,1000,640x360,5.17809699999998,,
2025-12-18T07:02:55.416Z,0.347,2,1000,640x360,5.1026430000000005,,
2025-12-18T07:02:55.521Z,0.292,2,1000,640x360,5.055760999999961,,rebuffer happen
2025-12-18T07:02:55.917Z,0.266,2,1000,640x360,5.01831999999996,,
2025-12-18T07:02:56.432Z,0.225,2,1000,640x360,5.005486000000019,,
2025-12-18T07:02:56.675Z,0.274,2,1000,640x360,5.059034999999994,,rebuffer happen
2025-12-18T07:02:56.875Z,0.303,2,1000,640x360,5.03857099999999,,
2025-12-18T07:02:56.875Z,0.28,2,1000,640x360,5.038384000000008,,rebuffer happen
2025-12-18T07:02:57.293Z,0.306,2,1000,640x360,4.945247999999992,,
2025-12-18T07:02:57.293Z,0.286,2,1000,640x360,4.944970000000012,,rebuffer happen
2025-12-18T07:02:57.457Z,0.041,2,1000,640x360,4.901644999999974,,rebuffer happen
2025-12-18T07:02:57.733Z,0.312,2,1000,640x360,4.885817000000031,,
2025-12-18T07:02:57.871Z,0.206,2,1000,640x360,4.9694299999999885,,rebuffer happen
2025-12-18T07:02:58.161Z,0.335,2,1000,640x360,4.909909999999968,,
2025-12-18T07:02:58.241Z,0.274,2,1000,640x360,4.830179999999984,,rebuffer happen
2025-12-18T07:02:58.609Z,0.341,2,1000,640x360,4.812915000000032,,
2025-12-18T07:02:58.690Z,0.352,3,1500,768x432,4.785861000000011,,
2025-12-18T07:02:58.691Z,0.229,3,1500,768x432,4.784749999999974,,rebuffer happen
2025-12-18T07:02:58.875Z,0.026,3,1500,768x432,4.782362999999975,,rebuffer happen
2025-12-18T07:02:59.410Z,0.026,3,1500,768x432,5.280363000000023,,
2025-12-18T07:02:59.481Z,0.526,2,1000,640x360,5.323556999999994,,
2025-12-18T07:02:59.956Z,0.487,2,1000,640x360,5.351431999999988,,
2025-12-18T07:03:00.121Z,0.286,2,1000,640x360,5.205826999999999,,rebuffer happen
2025-12-18T07:03:00.202Z,0.263,2,1000,640x360,5.183095999999978,,rebuffer happen
2025-12-18T07:03:00.276Z,0.287,2,1000,640x360,5.184205999999961,,rebuffer happen
2025-12-18T07:03:00.457Z,0.28,2,1000,640x360,5.13454999999999,,
2025-12-18T07:03:00.861Z,0.374,2,1000,640x360,5.130393999999967,,
2025-12-18T07:03:00.931Z,0.377,3,1500,768x432,5.05971999999997,,
2025-12-18T07:03:01.014Z,0.224,3,1500,768x432,5.082155,,rebuffer happen
2025-12-18T07:03:01.160Z,0.028,3,1500,768x432,5.081457,,rebuffer happen
2025-12-18T07:03:01.530Z,0.028,3,1500,768x432,5.381457000000012,,
2025-12-18T07:03:01.615Z,0.528,2,1000,640x360,5.413007999999991,,
2025-12-18T07:03:02.046Z,0.42,2,1000,640x360,5.381201999999973,,
2025-12-18T07:03:02.189Z,0.212,2,1000,640x360,5.269902999999999,,rebuffer happen
2025-12-18T07:03:02.469Z,0.413,2,1000,640x360,5.281841999999983,,
2025-12-18T07:03:02.634Z,0.21,2,1000,640x360,5.132131999999956,,rebuffer happen
2025-12-18T07:03:02.915Z,0.335,2,1000,640x360,5.101801000000023,,
2025-12-18T07:03:03.018Z,0.196,2,1000,640x360,5.048674000000005,,rebuffer happen
2025-12-18T07:03:03.393Z,0.181,2,1000,640x360,4.941974000000016,,
2025-12-18T07:03:03.747Z,0.317,2,1000,640x360,4.988818999999978,,
2025-12-18T07:03:03.815Z,0.272,2,1000,640x360,4.928318999999988,,rebuffer happen
2025-12-18T07:03:04.193Z,0.277,2,1000,640x360,4.842400999999995,,
2025-12-18T07:03:04.778Z,0.206,2,1000,640x360,4.862310999999977,,
2025-12-18T07:03:04.964Z,0.022,2,1000,640x360,4.87695100000002,,rebuffer happen
2025-12-18T07:03:05.347Z,0.032,2,1000,640x360,5.0214599999999905,,rebuffer happen
2025-12-18T07:03:05.544Z,0.079,2,1000,640x360,5.044877999999983,,
2025-12-18T07:03:05.614Z,0.023,2,1000,640x360,4.97500500000001,,rebuffer happen
2025-12-18T07:03:06.308Z,0.129,2,1000,640x360,5.294920999999988,,
2025-12-18T07:03:06.431Z,0.02,2,1000,640x360,5.273233000000005,,rebuffer happen
2025-12-18T07:03:07.114Z,0.125,2,1000,640x360,5.592330000000004,,
2025-12-18T07:03:07.232Z,0.02,2,1000,640x360,5.5724160000000325,,rebuffer happen
2025-12-18T07:03:07.948Z,0.116,2,1000,640x360,5.986440000000016,,
2025-12-18T07:03:08.049Z,0.029,2,1000,640x360,5.980697000000021,,rebuffer happen
2025-12-18T07:03:08.746Z,0.159,2,1000,640x360,6.335618000000011,,
2025-12-18T07:03:08.900Z,0.029,2,1000,640x360,6.293724999999995,,rebuffer happen
2025-12-18T07:03:09.562Z,0.21,2,1000,640x360,6.670622999999978,,
2025-12-18T07:03:09.751Z,0.018,2,1000,640x360,6.672520999999961,,rebuffer happen
2025-12-18T07:03:10.268Z,0.031,2,1000,640x360,6.9492629999999735,,rebuffer happen
2025-12-18T07:03:10.384Z,0.022,2,1000,640x360,6.981995999999981,,rebuffer happen
2025-12-18T07:03:10.451Z,0.024,2,1000,640x360,7.0436109999999985,,rebuffer happen
2025-12-18T07:03:10.534Z,0.017,2,1000,640x360,7.0031660000000215,,rebuffer happen
2025-12-18T07:03:10.601Z,0.016,2,1000,640x360,7.077371000000028,,rebuffer happen
2025-12-18T07:03:10.668Z,0.025,2,1000,640x360,7.144967000000008,,rebuffer happen
2025-12-18T07:03:10.751Z,0.028,2,1000,640x360,7.214024999999992,,rebuffer happen
2025-12-18T07:03:10.774Z,0.028,2,1000,640x360,7.214024999999992,,
2025-12-18T07:03:10.818Z,0.022,2,1000,640x360,7.175324000000046,,rebuffer happen
2025-12-18T07:03:11.152Z,0.024,2,1000,640x360,7.542495000000031,,rebuffer happen
2025-12-18T07:03:11.502Z,0.026,2,1000,640x360,7.520043999999984,,rebuffer happen
2025-12-18T07:03:11.641Z,0.043,2,1000,640x360,7.521077999999989,,
2025-12-18T07:03:11.685Z,0.025,1,600,480x270,7.582878999999991,,rebuffer happen
2025-12-18T07:03:11.738Z,0.025,1,600,480x270,7.582878999999991,,
2025-12-18T07:03:12.212Z,0.278,1,600,480x270,7.840485000000001,,
2025-12-18T07:03:12.759Z,0.234,1,600,480x270,7.893278000000009,,
2025-12-18T07:03:13.187Z,0.318,1,600,480x270,7.865502000000049,,
2025-12-18T07:03:13.265Z,0.235,1,600,480x270,7.893126999999993,,rebuffer happen
2025-12-18T07:03:13.630Z,0.259,1,600,480x270,7.725028000000009,,
2025-12-18T07:03:14.079Z,0.304,1,600,480x270,7.783076999999992,,
2025-12-18T07:03:14.198Z,0.152,1,600,480x270,7.711999999999989,,rebuffer happen
2025-12-18T07:03:14.271Z,0.042,1,600,480x270,7.695059000000015,,rebuffer happen
2025-12-18T07:03:14.487Z,0.304,1,600,480x270,7.704926,,
2025-12-18T07:03:14.568Z,0.261,1,600,480x270,7.721334999999954,,rebuffer happen
2025-12-18T07:03:14.827Z,0.414,1,600,480x270,7.595030999999949,,
2025-12-18T07:03:14.869Z,0.844,1,600,480x270,7.638443999999993,,
2025-12-18T07:03:15.527Z,0.129,1,600,480x270,7.286035000000027,,rebuffer happen
2025-12-18T07:03:15.589Z,0.036,1,600,480x270,7.288179000000014,,rebuffer happen
2025-12-18T07:03:15.940Z,0.097,1,600,480x270,7.359064000000046,,
2025-12-18T07:03:16.006Z,0.028,1,600,480x270,7.389124999999979,,rebuffer happen
2025-12-18T07:03:16.722Z,0.275,1,600,480x270,7.819502999999997,,
2025-12-18T07:03:16.973Z,0.017,1,600,480x270,7.881022999999971,,rebuffer happen
2025-12-18T07:03:17.261Z,0.248,1,600,480x270,7.92604,,
2025-12-18T07:03:17.766Z,0.299,1,600,480x270,7.919981000000007,,
2025-12-18T07:03:18.231Z,0.3,1,600,480x270,7.847902999999974,,
2025-12-18T07:03:18.231Z,0.294,1,600,480x270,7.847305000000006,,rebuffer happen
2025-12-18T07:03:18.750Z,0.302,1,600,480x270,7.933689000000015,,
2025-12-18T07:03:18.751Z,0.277,1,600,480x270,7.933115999999984,,rebuffer happen
2025-12-18T07:03:19.267Z,0.275,1,600,480x270,7.9210089999999695,,
2025-12-18T07:03:19.783Z,0.259,1,600,480x270,7.909572000000026,,
2025-12-18T07:03:20.314Z,0.244,1,600,480x270,7.890771000000029,,
2025-12-18T07:03:20.560Z,0.026,1,600,480x270,7.955208000000027,,rebuffer happen
2025-12-18T07:03:20.878Z,0.209,1,600,480x270,7.963795000000005,,
2025-12-18T07:03:21.353Z,0.233,1,600,480x270,7.987839000000008,,
2025-12-18T07:03:21.852Z,0.22,1,600,480x270,7.994491000000039,,
2025-12-18T07:03:22.061Z,0.025,1,600,480x270,7.991400999999996,,rebuffer happen
2025-12-18T07:03:22.385Z,0.227,1,600,480x270,7.973612000000003,,
2025-12-18T07:03:22.578Z,0.028,1,600,480x270,7.980511999999976,,rebuffer happen
2025-12-18T07:03:22.904Z,0.248,1,600,480x270,8.032003999999972,,
2025-12-18T07:03:23.433Z,0.251,1,600,480x270,8.001589000000024,,
2025-12-18T07:03:23.645Z,0.033,1,600,480x270,8.085055000000011,,rebuffer happen
2025-12-18T07:03:23.966Z,0.286,1,600,480x270,8.131966000000034,,
2025-12-18T07:03:24.213Z,0.033,1,600,480x270,8.09013600000003,,rebuffer happen
2025-12-18T07:03:24.496Z,0.256,1,600,480x270,8.12291399999998,,
2025-12-18T07:03:24.746Z,0.019,1,600,480x270,8.174147999999946,,rebuffer happen
2025-12-18T07:03:25.030Z,0.262,1,600,480x270,8.125684000000035,,
2025-12-18T07:03:25.538Z,0.232,1,600,480x270,8.131351999999993,,
2025-12-18T07:03:25.780Z,0.025,1,600,480x270,8.179756999999995,,rebuffer happen
2025-12-18T07:03:26.089Z,0.219,1,600,480x270,8.209230999999988,,
2025-12-18T07:03:26.348Z,0.438,1,600,480x270,8.23275799999999,,
2025-12-18T07:03:26.491Z,0.262,1,600,480x270,8.114813000000026,,rebuffer happen
2025-12-18T07:03:26.651Z,0.517,1,600,480x270,8.077656999999988,,
2025-12-18T07:03:27.114Z,0.197,1,600,480x270,7.860317000000009,,rebuffer happen
2025-12-18T07:03:27.265Z,0.031,1,600,480x270,7.850233000000003,,rebuffer happen
2025-12-18T07:03:27.382Z,0.027,1,600,480x270,7.845759999999984,,rebuffer happen
2025-12-18T07:03:27.432Z,0.017,1,600,480x270,7.802286000000038,,rebuffer happen
2025-12-18T07:03:27.494Z,0.017,1,600,480x270,7.904286000000013,,
2025-12-18T07:03:27.532Z,0.016,1,600,480x270,7.8703629999999976,,rebuffer happen
2025-12-18T07:03:28.204Z,0.268,1,600,480x270,8.317369999999983,,
2025-12-18T07:03:28.450Z,0.019,1,600,480x270,8.37671899999998,,rebuffer happen
2025-12-18T07:03:28.741Z,0.275,1,600,480x270,8.338757999999984,,
2025-12-18T07:03:29.248Z,0.261,1,600,480x270,8.443750000000023,,
2025-12-18T07:03:29.709Z,0.331,1,600,480x270,8.38288,,
2025-12-18T07:03:29.766Z,0.255,1,600,480x270,8.413782999999967,,rebuffer happen
2025-12-18T07:03:29.934Z,0.003,1,600,480x270,8.25958700000001,,rebuffer happen
2025-12-18T07:03:30.201Z,0.246,1,600,480x270,8.322948999999994,,
2025-12-18T07:03:30.722Z,0.259,1,600,480x270,8.304709000000003,,
2025-12-18T07:03:30.952Z,0.028,1,600,480x270,8.38139799999999,,rebuffer happen
2025-12-18T07:03:31.251Z,0.279,1,600,480x270,8.424353999999994,,
2025-12-18T07:03:31.832Z,0.146,1,600,480x270,8.34557000000001,,
2025-12-18T07:03:32.003Z,0.022,1,600,480x270,8.378312999999991,,rebuffer happen
2025-12-18T07:03:32.119Z,0.025,1,600,480x270,8.414661000000024,,rebuffer happen
2025-12-18T07:03:32.402Z,0.148,1,600,480x270,8.45962899999995,,
2025-12-18T07:03:32.569Z,0.03,1,600,480x270,8.49517899999995,,rebuffer happen
2025-12-18T07:03:32.868Z,0.273,1,600,480x270,8.54349000000002,,
2025-12-18T07:03:33.374Z,0.263,1,600,480x270,8.54335599999996,,
2025-12-18T07:03:33.880Z,0.261,1,600,480x270,8.540368999999998,,
2025-12-18T07:03:34.121Z,0.034,1,600,480x270,8.49899499999998,,rebuffer happen
2025-12-18T07:03:34.398Z,0.262,1,600,480x270,8.551433000000031,,
2025-12-18T07:03:34.920Z,0.257,1,600,480x270,8.540998000000002,,
2025-12-18T07:03:35.172Z,0.025,1,600,480x270,8.587846000000013,,rebuffer happen
2025-12-18T07:03:35.508Z,0.221,1,600,480x270,8.553718000000003,,
2025-12-18T07:03:35.672Z,0.032,1,600,480x270,8.59332599999999,,rebuffer happen
2025-12-18T07:03:35.833Z,0.392,1,600,480x270,8.544173999999998,,
2025-12-18T07:03:35.950Z,0.286,1,600,480x270,8.645055999999954,,rebuffer happen
2025-12-18T07:03:36.200Z,0.535,1,600,480x270,8.590186999999958,,
2025-12-18T07:03:36.449Z,0.263,1,600,480x270,8.52064200000001,,rebuffer happen
2025-12-18T07:03:36.714Z,0.376,1,600,480x270,8.43670800000001,,
2025-12-18T07:03:36.839Z,0.294,1,600,480x270,8.346505000000036,,rebuffer happen
2025-12-18T07:03:37.014Z,0.408,1,600,480x270,8.283322999999996,,
2025-12-18T07:03:37.359Z,0.407,1,600,480x270,8.168202000000008,,
2025-12-18T07:03:37.489Z,0.285,1,600,480x270,8.070245999999997,,rebuffer happen
2025-12-18T07:03:37.683Z,0.294,1,600,480x270,7.978836000000001,,rebuffer happen
2025-12-18T07:03:37.724Z,0.298,1,600,480x270,7.917119000000014,,rebuffer happen
2025-12-18T07:03:37.781Z,0.285,1,600,480x270,7.9679290000000265,,
2025-12-18T07:03:37.801Z,0.282,1,600,480x270,7.947370000000035,,rebuffer happen
2025-12-18T07:03:38.191Z,0.029,1,600,480x270,7.82218499999999,,rebuffer happen
2025-12-18T07:03:38.503Z,0.17,1,600,480x270,8.049418000000003,,
2025-12-18T07:03:38.658Z,0.032,1,600,480x270,8.097983,,rebuffer happen
2025-12-18T07:03:39.163Z,0.263,1,600,480x270,8.335202999999979,,
2025-12-18T07:03:39.425Z,0.018,1,600,480x270,8.282494999999983,,rebuffer happen
2025-12-18T07:03:39.841Z,0.274,1,600,480x270,8.423598000000027,,
2025-12-18T07:03:40.093Z,0.029,1,600,480x270,8.482684000000006,,rebuffer happen
2025-12-18T07:03:40.535Z,0.228,1,600,480x270,8.596819000000039,,
2025-12-18T07:03:40.759Z,0.018,1,600,480x270,8.670493999999962,,rebuffer happen
2025-12-18T07:03:41.164Z,0.266,1,600,480x270,8.814366000000007,,
2025-12-18T07:03:41.393Z,0.033,1,600,480x270,8.789535999999998,,rebuffer happen
2025-12-18T07:03:41.743Z,0.031,1,600,480x270,8.949299999999994,,rebuffer happen
2025-12-18T07:03:41.978Z,0.159,1,600,480x270,9.00465399999996,,
2025-12-18T07:03:42.094Z,0.026,1,600,480x270,8.985003000000006,,rebuffer happen
2025-12-18T07:03:42.457Z,0.278,1,600,480x270,9.138027999999963,,
2025-12-18T07:03:42.979Z,0.269,1,600,480x270,9.116542999999979,,
2025-12-18T07:03:43.463Z,0.247,1,600,480x270,9.136829000000034,,
2025-12-18T07:03:43.995Z,0.231,1,600,480x270,9.20655800000003,,
2025-12-18T07:03:44.417Z,0.291,1,600,480x270,9.177994000000012,,
2025-12-18T07:03:44.488Z,0.268,1,600,480x270,9.202103000000022,,rebuffer happen
2025-12-18T07:03:44.775Z,0.312,1,600,480x270,9.094906999999978,,
2025-12-18T07:03:44.989Z,0.261,1,600,480x270,8.964630999999997,,rebuffer happen
2025-12-18T07:03:45.177Z,0.26,1,600,480x270,8.963525000000004,,
2025-12-18T07:03:45.550Z,0.43,1,600,480x270,8.860948000000008,,
2025-12-18T07:03:45.676Z,0.164,1,600,480x270,8.772023000000047,,rebuffer happen
2025-12-18T07:03:46.230Z,0.099,1,600,480x270,8.72211100000004,,
2025-12-18T07:03:46.281Z,0.024,1,600,480x270,8.757789000000002,,rebuffer happen
2025-12-18T07:03:46.826Z,0.157,1,600,480x270,8.922108000000037,,
2025-12-18T07:03:46.981Z,0.021,1,600,480x270,8.968552999999986,,rebuffer happen
2025-12-18T07:03:47.378Z,0.228,1,600,480x270,9.062898999999959,,
2025-12-18T07:03:47.582Z,0.019,1,600,480x270,9.055358000000012,,rebuffer happen
2025-12-18T07:03:47.947Z,0.276,1,600,480x270,9.189751999999999,,
2025-12-18T07:03:48.182Z,0.017,1,600,480x270,9.156948,,rebuffer happen
2025-12-18T07:03:48.539Z,0.238,1,600,480x270,9.17362700000001,,
2025-12-18T07:03:48.749Z,0.026,1,600,480x270,9.265616000000023,,rebuffer happen
2025-12-18T07:03:49.061Z,0.247,1,600,480x270,9.339661999999976,,
2025-12-18T07:03:49.670Z,0.207,1,600,480x270,9.322974999999985,,
2025-12-18T07:03:49.834Z,0.028,1,600,480x270,9.261682000000008,,rebuffer happen
2025-12-18T07:03:50.147Z,0.287,1,600,480x270,9.453625999999986,,
2025-12-18T07:03:50.313Z,0.184,1,600,480x270,9.388547000000017,,rebuffer happen
2025-12-18T07:03:50.546Z,0.36,1,600,480x270,9.397568999999976,,
2025-12-18T07:03:50.625Z,0.245,1,600,480x270,9.280732,,rebuffer happen
2025-12-18T07:03:51.037Z,0.27,1,600,480x270,9.226672000000008,,
2025-12-18T07:03:51.630Z,0.177,1,600,480x270,9.225281000000052,,
2025-12-18T07:03:51.802Z,0.026,1,600,480x270,9.260109,,rebuffer happen
2025-12-18T07:03:52.171Z,0.215,1,600,480x270,9.346109000000013,,
2025-12-18T07:03:52.684Z,0.222,1,600,480x270,9.328368000000012,,
2025-12-18T07:03:53.237Z,0.142,1,600,480x270,9.290445999999974,,
2025-12-18T07:03:53.353Z,0.04,1,600,480x270,9.381732,,rebuffer happen
2025-12-18T07:03:53.779Z,0.17,1,600,480x270,9.398364000000015,,
2025-12-18T07:03:54.249Z,0.18,1,600,480x270,9.433146000000022,,
2025-12-18T07:03:54.421Z,0.022,1,600,480x270,9.357360000000028,,rebuffer happen
2025-12-18T07:03:54.792Z,0.174,1,600,480x270,9.415667000000042,,
2025-12-18T07:03:54.938Z,0.03,1,600,480x270,9.364299999999957,,rebuffer happen
2025-12-18T07:03:55.355Z,0.196,1,600,480x270,9.54817200000008,,
2025-12-18T07:03:55.539Z,0.026,1,600,480x270,9.461855000000014,,rebuffer happen
2025-12-18T07:03:55.605Z,0.025,1,600,480x270,9.525716999999986,,rebuffer happen
2025-12-18T07:03:55.910Z,0.215,1,600,480x270,9.553837000000044,,
2025-12-18T07:03:56.106Z,0.02,1,600,480x270,9.565912000000026,,rebuffer happen
2025-12-18T07:03:56.484Z,0.217,1,600,480x270,9.643470999999977,,
2025-12-18T07:03:56.673Z,0.021,1,600,480x270,9.65497300000004,,rebuffer happen
2025-12-18T07:03:57.054Z,0.227,1,600,480x270,9.753620000000012,,
2025-12-18T07:03:57.257Z,0.018,1,600,480x270,9.761819000000003,,rebuffer happen
2025-12-18T07:03:57.636Z,0.208,1,600,480x270,9.743847000000017,,
2025-12-18T07:03:57.823Z,0.021,1,600,480x270,9.754860000000065,,rebuffer happen
2025-12-18T07:03:57.890Z,0.023,1,600,480x270,9.828718000000038,,rebuffer happen
2025-12-18T07:03:58.163Z,0.246,1,600,480x270,9.880259999999964,,
2025-12-18T07:03:58.408Z,0.03,1,600,480x270,9.840401000000043,,rebuffer happen
2025-12-18T07:03:58.698Z,0.204,1,600,480x270,9.858606000000066,,
2025-12-18T07:03:58.891Z,0.028,1,600,480x270,9.862893000000042,,rebuffer happen
2025-12-18T07:03:59.224Z,0.247,1,600,480x270,9.873710999999957,,
2025-12-18T07:03:59.425Z,0.027,1,600,480x270,9.865062999999964,,rebuffer happen
2025-12-18T07:03:59.752Z,0.237,1,600,480x270,9.956058999999982,,
2025-12-18T07:03:59.959Z,0.022,1,600,480x270,9.964829000000009,,rebuffer happen
2025-12-18T07:04:00.009Z,0.022,1,600,480x270,9.931274999999971,,rebuffer happen
2025-12-18T07:04:00.278Z,0.226,1,600,480x270,9.98298600000004,,
2025-12-18T07:04:00.493Z,0.065,1,600,480x270,9.97356000000002,,rebuffer happen
2025-12-18T07:04:00.801Z,0.243,1,600,480x270,9.976418000000024,,
2025-12-18T07:04:01.009Z,0.063,1,600,480x270,9.974427000000048,,rebuffer happen
2025-12-18T07:04:01.317Z,0.252,1,600,480x270,9.988004999999987,,
2025-12-18T07:04:01.833Z,0.235,1,600,480x270,9.984741999999983,,
2025-12-18T07:04:02.345Z,0.202,1,600,480x270,10.06285200000002,,
2025-12-18T07:04:02.544Z,0.028,1,600,480x270,10.063491999999997,,rebuffer happen
2025-12-18T07:04:02.594Z,0.028,1,600,480x270,10.02969399999995,,rebuffer happen
2025-12-18T07:04:02.864Z,0.253,1,600,480x270,10.082024000000047,,
2025-12-18T07:04:03.392Z,0.244,1,600,480x270,10.061167000000012,,
2025-12-18T07:04:03.628Z,0.017,1,600,480x270,10.024585000000059,,rebuffer happen
2025-12-18T07:04:03.916Z,0.21,1,600,480x270,10.071252999999956,,
2025-12-18T07:04:04.112Z,0.029,1,600,480x270,10.067908999999986,,rebuffer happen
2025-12-18T07:04:04.473Z,0.205,1,600,480x270,10.137321000000043,,
2025-12-18T07:04:04.646Z,0.027,1,600,480x270,10.162964999999986,,rebuffer happen
2025-12-18T07:04:04.983Z,0.247,1,600,480x270,10.176833999999985,,
2025-12-18T07:04:05.512Z,0.217,1,600,480x270,10.15846399999998,,
2025-12-18T07:04:05.697Z,0.029,1,600,480x270,10.17355699999996,,rebuffer happen
2025-12-18T07:04:06.040Z,0.253,1,600,480x270,10.164766999999983,,
2025-12-18T07:04:06.539Z,0.235,1,600,480x270,10.164091999999982,,
2025-12-18T07:04:07.034Z,0.223,1,600,480x270,10.180346999999983,,
2025-12-18T07:04:07.231Z,0.039,1,600,480x270,10.173474000000056,,rebuffer happen
2025-12-18T07:04:07.542Z,0.249,1,600,480x270,10.207382000000052,,
2025-12-18T07:04:08.019Z,0.253,1,600,480x270,10.232882000000018,,rebuffer happen
2025-12-18T07:04:08.022Z,0.253,1,600,480x270,10.227950999999962,,
2025-12-18T07:04:08.182Z,0.041,1,600,480x270,10.17837099999997,,rebuffer happen
2025-12-18T07:04:08.523Z,0.243,1,600,480x270,10.17572800000005,,
2025-12-18T07:04:09.000Z,0.282,1,600,480x270,10.232662000000005,,
2025-12-18T07:04:09.526Z,0.253,1,600,480x270,10.198948000000087,,
2025-12-18T07:04:10.051Z,0.209,1,600,480x270,10.276041999999961,,
2025-12-18T07:04:10.554Z,0.241,1,600,480x270,10.278104999999982,,
2025-12-18T07:04:11.068Z,0.23,1,600,480x270,10.265285000000063,,
2025-12-18T07:04:11.592Z,0.205,1,600,480x270,10.244517999999971,,
2025-12-18T07:04:12.198Z,0.091,1,600,480x270,10.249750000000063,,
2025-12-18T07:04:12.286Z,0.02,1,600,480x270,10.257067000000006,,rebuffer happen
2025-12-18T07:04:12.402Z,0.02,1,600,480x270,10.329807999999957,,rebuffer happen
2025-12-18T07:04:12.694Z,0.221,1,600,480x270,10.359475999999972,,
2025-12-18T07:04:13.164Z,0.269,1,600,480x270,10.41194900000005,,
2025-12-18T07:04:13.762Z,0.171,1,600,480x270,10.418972000000053,,
2025-12-18T07:04:13.920Z,0.027,1,600,480x270,10.364475999999968,,rebuffer happen
2025-12-18T07:04:14.293Z,0.196,1,600,480x270,10.406789000000003,,
2025-12-18T07:04:14.744Z,0.214,1,600,480x270,10.456148999999982,,
2025-12-18T07:04:15.239Z,0.216,1,600,480x270,10.364056000000005,,
2025-12-18T07:04:15.796Z,0.154,1,600,480x270,10.424272999999971,,
2025-12-18T07:04:15.955Z,0.019,1,600,480x270,10.453579999999988,,rebuffer happen
2025-12-18T07:04:16.005Z,0.05,1,600,480x270,10.418675999999891,,rebuffer happen
2025-12-18T07:04:16.038Z,0.02,1,600,480x270,10.388650999999982,,rebuffer happen
2025-12-18T07:04:16.353Z,0.167,1,600,480x270,10.495723999999996,,
2025-12-18T07:04:16.489Z,0.026,1,600,480x270,10.462367000000086,,rebuffer happen
2025-12-18T07:04:16.555Z,0.026,1,600,480x270,10.526643000000035,,rebuffer happen
2025-12-18T07:04:16.906Z,0.16,1,600,480x270,10.497026000000005,,
2025-12-18T07:04:17.039Z,0.022,1,600,480x270,10.45673099999999,,rebuffer happen
2025-12-18T07:04:17.427Z,0.2,1,600,480x270,10.528478999999948,,
2025-12-18T07:04:17.590Z,0.033,1,600,480x270,10.578613000000018,,rebuffer happen
2025-12-18T07:04:17.925Z,0.246,1,600,480x270,10.558729999999969,,
2025-12-18T07:04:18.396Z,0.217,1,600,480x270,10.588048999999955,,
2025-12-18T07:04:18.912Z,0.204,1,600,480x270,10.576840000000061,,
2025-12-18T07:04:19.419Z,0.236,1,600,480x270,10.569244000000026,,
2025-12-18T07:04:19.953Z,0.231,1,600,480x270,10.643468999999982,,
2025-12-18T07:04:20.514Z,0.116,1,600,480x270,10.584604000000013,,
2025-12-18T07:04:20.642Z,0.018,1,600,480x270,10.551963,,rebuffer happen
2025-12-18T07:04:20.709Z,0.021,1,600,480x270,10.621691000000055,,rebuffer happen
2025-12-18T07:04:21.115Z,0.135,1,600,480x270,10.659430000000043,,
2025-12-18T07:04:21.209Z,0.017,1,600,480x270,10.650988999999981,,rebuffer happen
2025-12-18T07:04:21.597Z,0.222,1,600,480x270,10.744796000000065,,
2025-12-18T07:04:22.079Z,0.241,1,600,480x270,10.766029000000003,,
2025-12-18T07:04:22.585Z,0.212,1,600,480x270,10.74691699999994,,
2025-12-18T07:04:23.113Z,0.199,1,600,480x270,10.737122999999997,,
2025-12-18T07:04:23.615Z,0.177,1,600,480x270,10.722654000000034,,
2025-12-18T07:04:24.091Z,0.231,1,600,480x270,10.76893700000005,,
2025-12-18T07:04:24.593Z,0.254,1,600,480x270,10.758701999999971,,
2025-12-18T07:04:25.107Z,0.232,1,600,480x270,10.763463000000002,,
2025-12-18T07:04:25.612Z,0.229,1,600,480x270,10.76014699999996,,
2025-12-18T07:04:26.131Z,0.209,1,600,480x270,10.74204300000008,,
2025-12-18T07:04:26.297Z,0.039,1,600,480x270,10.777451000000042,,rebuffer happen
2025-12-18T07:04:26.664Z,0.219,1,600,480x270,10.830737,,
2025-12-18T07:04:27.197Z,0.198,1,600,480x270,10.809959000000049,,
2025-12-18T07:04:27.348Z,0.021,1,600,480x270,10.859359999999924,,rebuffer happen
2025-12-18T07:04:27.718Z,0.166,1,600,480x270,10.816577999999936,,
2025-12-18T07:04:28.236Z,0.182,1,600,480x270,10.815376000000015,,
2025-12-18T07:04:28.752Z,0.167,1,600,480x270,10.905032000000006,,
2025-12-18T07:04:29.286Z,0.17,1,600,480x270,10.89434099999994,,
2025-12-18T07:04:29.808Z,0.152,1,600,480x270,10.861523000000034,,
2025-12-18T07:04:29.917Z,0.019,1,600,480x270,10.862060999999926,,rebuffer happen
2025-12-18T07:04:30.377Z,0.156,1,600,480x270,10.966530000000034,,
2025-12-18T07:04:30.484Z,0.025,1,600,480x270,10.968265999999971,,rebuffer happen
2025-12-18T07:04:30.934Z,0.157,1,600,480x270,10.996201000000042,,
2025-12-18T07:04:31.068Z,0.017,1,600,480x270,11.061927999999966,,rebuffer happen
2025-12-18T07:04:31.466Z,0.145,1,600,480x270,11.09555499999999,,
2025-12-18T07:04:31.601Z,0.024,1,600,480x270,11.060734000000025,,rebuffer happen
2025-12-18T07:04:31.994Z,0.235,1,600,480x270,11.169826000000057,,
2025-12-18T07:04:32.202Z,0.022,1,600,480x270,11.160464000000047,,rebuffer happen
2025-12-18T07:04:32.558Z,0.188,1,600,480x270,11.225969999999961,,
2025-12-18T07:04:32.719Z,0.021,1,600,480x270,11.156277000000046,,rebuffer happen
2025-12-18T07:04:33.039Z,0.276,1,600,480x270,11.204222999999956,,
2025-12-18T07:04:33.603Z,0.211,1,600,480x270,11.245702000000051,,
2025-12-18T07:04:33.786Z,0.025,1,600,480x270,11.268286000000103,,rebuffer happen
2025-12-18T07:04:34.126Z,0.238,1,600,480x270,11.307239999999979,,
2025-12-18T07:04:34.370Z,0.026,1,600,480x270,11.373153000000002,,rebuffer happen
2025-12-18T07:04:34.689Z,0.229,1,600,480x270,11.360031000000049,,
2025-12-18T07:04:34.904Z,0.02,1,600,480x270,11.35878600000001,,rebuffer happen
2025-12-18T07:04:35.214Z,0.275,1,600,480x270,11.450208000000089,,rebuffer happen
2025-12-18T07:04:35.220Z,0.275,1,600,480x270,11.440385000000106,,
2025-12-18T07:04:35.388Z,0.047,1,600,480x270,11.387213000000088,,rebuffer happen
2025-12-18T07:04:35.788Z,0.253,1,600,480x270,11.490957999999978,,
2025-12-18T07:04:36.022Z,0.031,1,600,480x270,11.471900000000005,,rebuffer happen
2025-12-18T07:04:36.291Z,0.271,1,600,480x270,11.548874000000069,,
2025-12-18T07:04:36.312Z,0.28,1,600,480x270,11.528019000000086,,rebuffer happen
2025-12-18T07:04:36.472Z,0.04,1,600,480x270,11.488730999999916,,rebuffer happen
2025-12-18T07:04:36.809Z,0.25,1,600,480x270,11.484499000000028,,
2025-12-18T07:04:37.022Z,0.031,1,600,480x270,11.473423000000025,,rebuffer happen
2025-12-18T07:04:37.333Z,0.286,1,600,480x270,11.525701000000026,,
2025-12-18T07:04:37.590Z,0.09,1,600,480x270,11.562659999999937,,rebuffer happen
2025-12-18T07:04:37.862Z,0.253,1,600,480x270,11.603407000000061,,
2025-12-18T07:04:38.107Z,0.024,1,600,480x270,11.560388999999986,,rebuffer happen
2025-12-18T07:04:38.401Z,0.283,1,600,480x270,11.631517999999915,,
2025-12-18T07:04:38.895Z,0.282,1,600,480x270,11.652968999999985,,rebuffer happen
2025-12-18T07:04:38.908Z,0.282,1,600,480x270,11.632067000000006,,
2025-12-18T07:04:39.074Z,0.046,1,600,480x270,11.585062999999991,,rebuffer happen
2025-12-18T07:04:39.415Z,0.29,1,600,480x270,11.63272399999994,,
2025-12-18T07:04:39.870Z,0.279,1,600,480x270,11.679736999999932,,rebuffer happen
2025-12-18T07:04:39.918Z,0.296,1,600,480x270,11.60676199999989,,
2025-12-18T07:04:40.142Z,0.03,1,600,480x270,11.57659000000001,,rebuffer happen
2025-12-18T07:04:40.422Z,0.263,1,600,480x270,11.614158000000089,,
2025-12-18T07:04:40.927Z,0.295,1,600,480x270,11.632929000000104,,
2025-12-18T07:04:41.451Z,0.258,1,600,480x270,11.713355999999976,,
2025-12-18T07:04:41.727Z,0.03,1,600,480x270,11.63883300000009,,rebuffer happen
2025-12-18T07:04:41.975Z,0.277,1,600,480x270,11.689911000000052,,
2025-12-18T07:04:42.210Z,0.019,1,600,480x270,11.652721000000042,,rebuffer happen
2025-12-18T07:04:42.484Z,0.259,1,600,480x270,11.71242099999995,,
2025-12-18T07:04:42.996Z,0.272,1,600,480x270,11.703979000000004,,
2025-12-18T07:04:43.510Z,0.257,1,600,480x270,11.701400000000035,,
2025-12-18T07:04:43.745Z,0.019,1,600,480x270,11.754439000000048,,rebuffer happen
2025-12-18T07:04:44.022Z,0.256,1,600,480x270,11.703705999999897,,
2025-12-18T07:04:44.523Z,0.272,1,600,480x270,11.705509000000006,,
2025-12-18T07:04:45.029Z,0.24,1,600,480x270,11.709516000000008,,
2025-12-18T07:04:45.279Z,0.02,1,600,480x270,11.762528000000088,,rebuffer happen
2025-12-18T07:04:45.329Z,0.02,1,600,480x270,11.729403000000048,,rebuffer happen
2025-12-18T07:04:45.585Z,0.264,1,600,480x270,11.778871000000095,,
2025-12-18T07:04:45.797Z,0.028,1,600,480x270,11.76349700000003,,rebuffer happen
2025-12-18T07:04:46.097Z,0.316,1,600,480x270,11.831965999999966,,
2025-12-18T07:04:46.097Z,0.296,1,600,480x270,11.831650999999965,,rebuffer happen
2025-12-18T07:04:46.363Z,0.02,1,600,480x270,11.863043999999945,,rebuffer happen
2025-12-18T07:04:46.649Z,0.259,1,600,480x270,11.911055000000033,,
2025-12-18T07:04:47.168Z,0.241,1,600,480x270,11.908999999999992,,
2025-12-18T07:04:47.414Z,0.017,1,600,480x270,11.864579999999933,,rebuffer happen
2025-12-18T07:04:47.481Z,0.026,1,600,480x270,11.89721499999996,,rebuffer happen
2025-12-18T07:04:47.692Z,0.276,1,600,480x270,11.904520000000048,,
2025-12-18T07:04:47.932Z,0.033,1,600,480x270,11.878123000000073,,rebuffer happen
2025-12-18T07:04:48.215Z,0.309,1,600,480x270,11.946452000000022,,
2025-12-18T07:04:48.299Z,0.182,1,600,480x270,11.91672200000005,,rebuffer happen
2025-12-18T07:04:48.398Z,0.034,1,600,480x270,11.868534000000068,,rebuffer happen
2025-12-18T07:04:48.745Z,0.283,1,600,480x270,12.01388099999997,,
2025-12-18T07:04:49.015Z,0.026,1,600,480x270,11.968185000000062,,rebuffer happen
2025-12-18T07:04:49.280Z,0.267,1,600,480x270,12.038421000000085,,rebuffer happen
2025-12-18T07:04:49.285Z,0.267,1,600,480x270,12.03094800000008,,
2025-12-18T07:04:49.516Z,0.017,1,600,480x270,11.954131999999959,,rebuffer happen
2025-12-18T07:04:49.780Z,0.286,1,600,480x270,12.053923000000054,,rebuffer happen
2025-12-18T07:04:49.799Z,0.286,1,600,480x270,12.024932000000035,,
2025-12-18T07:04:49.967Z,0.04,1,600,480x270,11.987822999999935,,rebuffer happen
2025-12-18T07:04:50.330Z,0.322,1,600,480x270,12.058495999999991,,
2025-12-18T07:04:50.458Z,0.19,1,600,480x270,12.137558000000013,,rebuffer happen
2025-12-18T07:04:50.918Z,0.245,1,600,480x270,12.05295000000001,,
2025-12-18T07:04:51.117Z,0.019,1,600,480x270,12.061536000000046,,rebuffer happen
2025-12-18T07:04:51.448Z,0.253,1,600,480x270,12.165920999999912,,
2025-12-18T07:04:51.651Z,0.025,1,600,480x270,12.161641999999915,,rebuffer happen
2025-12-18T07:04:51.966Z,0.241,1,600,480x270,12.176641000000018,,
2025-12-18T07:04:52.185Z,0.017,1,600,480x270,12.16077800000005,,rebuffer happen
2025-12-18T07:04:52.489Z,0.249,1,600,480x270,12.171471999999994,,
2025-12-18T07:04:52.702Z,0.025,1,600,480x270,12.158869999999979,,rebuffer happen
2025-12-18T07:04:53.043Z,0.243,1,600,480x270,12.289861999999971,,
2025-12-18T07:04:53.269Z,0.03,1,600,480x270,12.273266000000035,,rebuffer happen
2025-12-18T07:04:53.565Z,0.264,1,600,480x270,12.306656000000089,,
2025-12-18T07:04:54.082Z,0.239,1,600,480x270,12.296243000000004,,
2025-12-18T07:04:54.320Z,0.018,1,600,480x270,12.262217000000078,,rebuffer happen
2025-12-18T07:04:54.591Z,0.236,1,600,480x270,12.300615000000107,,
2025-12-18T07:04:55.103Z,0.259,1,600,480x270,12.294269999999983,,
2025-12-18T07:04:55.338Z,0.018,1,600,480x270,12.264962999999966,,rebuffer happen
2025-12-18T07:04:55.616Z,0.244,1,600,480x270,12.307683999999995,,
2025-12-18T07:04:56.125Z,0.275,1,600,480x270,12.305198000000019,,
2025-12-18T07:04:56.637Z,0.236,1,600,480x270,12.289795000000026,,
2025-12-18T07:04:57.159Z,0.26,1,600,480x270,12.400837000000024,,
2025-12-18T07:04:57.389Z,0.023,1,600,480x270,12.363346999999976,,rebuffer happen
2025-12-18T07:04:57.440Z,0.025,1,600,480x270,12.331199000000083,,rebuffer happen
2025-12-18T07:04:57.473Z,0.03,1,600,480x270,12.40893200000005,,rebuffer happen
2025-12-18T07:04:57.674Z,0.258,1,600,480x270,12.434928000000014,,
2025-12-18T07:04:57.940Z,0.026,1,600,480x270,12.366207000000031,,rebuffer happen
2025-12-18T07:04:58.196Z,0.311,1,600,480x270,12.448748000000023,,
2025-12-18T07:04:58.216Z,0.286,1,600,480x270,12.42938300000003,,rebuffer happen
2025-12-18T07:04:58.390Z,0.025,1,600,480x270,12.370947000000001,,rebuffer happen
2025-12-18T07:04:58.490Z,0.024,1,600,480x270,12.428291999999942,,rebuffer happen
2025-12-18T07:04:58.746Z,0.267,1,600,480x270,12.500561999999945,,
2025-12-18T07:04:58.991Z,0.021,1,600,480x270,12.46456999999998,,rebuffer happen
2025-12-18T07:04:59.266Z,0.298,1,600,480x270,12.538489000000027,,
2025-12-18T07:04:59.774Z,0.28,1,600,480x270,12.538570999999934,,
2025-12-18T07:05:00.041Z,0.027,1,600,480x270,12.465257999999949,,rebuffer happen
2025-12-18T07:05:00.263Z,0.285,1,600,480x270,12.588912999999934,,rebuffer happen
2025-12-18T07:05:00.285Z,0.285,1,600,480x270,12.556004999999914,,
2025-12-18T07:05:00.475Z,0.034,1,600,480x270,12.474104000000011,,rebuffer happen
2025-12-18T07:05:00.476Z,0.034,1,600,480x270,12.474104000000011,,rebuffer happen
2025-12-18T07:05:00.792Z,0.277,1,600,480x270,12.527432999999974,,
2025-12-18T07:05:01.313Z,0.276,1,600,480x270,12.503757000000064,,
2025-12-18T07:05:01.826Z,0.255,1,600,480x270,12.49051200000008,,
2025-12-18T07:05:02.043Z,0.04,1,600,480x270,12.574292000000014,,rebuffer happen
2025-12-18T07:05:02.350Z,0.275,1,600,480x270,12.611410999999976,,
2025-12-18T07:05:02.593Z,0.027,1,600,480x270,12.572201999999947,,rebuffer happen
2025-12-18T07:05:02.876Z,0.254,1,600,480x270,12.608011000000033,,
2025-12-18T07:05:03.373Z,0.262,1,600,480x270,12.613228999999933,,
2025-12-18T07:05:03.903Z,0.238,1,600,480x270,12.59979599999997,,
2025-12-18T07:05:04.397Z,0.254,1,600,480x270,12.601666999999907,,
2025-12-18T07:05:04.879Z,0.301,1,600,480x270,12.637023,,
2025-12-18T07:05:04.880Z,0.299,1,600,480x270,12.63640399999997,,rebuffer happen
2025-12-18T07:05:05.295Z,0.292,1,600,480x270,12.6354070000001,,rebuffer happen
2025-12-18T07:05:05.327Z,0.294,1,600,480x270,12.603507000000036,,rebuffer happen
2025-12-18T07:05:05.377Z,0.313,1,600,480x270,12.620779000000084,,
2025-12-18T07:05:05.377Z,0.285,1,600,480x270,12.620419000000084,,rebuffer happen
2025-12-18T07:05:05.891Z,0.194,1,600,480x270,12.544645999999943,,
2025-12-18T07:05:06.409Z,0.176,1,600,480x270,12.527212000000077,,
2025-12-18T07:05:06.898Z,0.209,1,600,480x270,12.537390999999957,,
2025-12-18T07:05:07.407Z,0.181,1,600,480x270,12.531771999999933,,
2025-12-18T07:05:07.935Z,0.178,1,600,480x270,12.525311000000102,,
2025-12-18T07:05:08.438Z,0.165,1,600,480x270,12.521344999999997,,
2025-12-18T07:05:08.936Z,0.205,1,600,480x270,12.535260999999991,,
2025-12-18T07:05:09.436Z,0.212,1,600,480x270,12.539562000000046,,
2025-12-18T07:05:09.960Z,0.192,1,600,480x270,12.633225999999922,,
2025-12-18T07:05:10.116Z,0.029,1,600,480x270,12.568904999999972,,rebuffer happen
2025-12-18T07:05:10.557Z,0.16,1,600,480x270,12.672685000000001,,
2025-12-18T07:05:10.667Z,0.023,1,600,480x270,12.658276999999998,,rebuffer happen
2025-12-18T07:05:11.185Z,0.1,1,600,480x270,12.755222000000003,,
2025-12-18T07:05:11.267Z,0.024,1,600,480x270,12.764153999999962,,rebuffer happen
2025-12-18T07:05:11.837Z,0.103,1,600,480x270,12.83633199999997,,
2025-12-18T07:05:11.901Z,0.032,1,600,480x270,12.867838000000006,,rebuffer happen
2025-12-18T07:05:12.485Z,0.122,1,600,480x270,13.045074,,
2025-12-18T07:05:12.552Z,0.03,1,600,480x270,13.070380999999998,,rebuffer happen
2025-12-18T07:05:13.106Z,0.128,1,600,480x270,13.171973999999977,,
2025-12-18T07:05:13.219Z,0.022,1,600,480x270,13.161544999999933,,rebuffer happen
2025-12-18T07:05:13.655Z,0.179,1,600,480x270,13.318077000000017,,
2025-12-18T07:05:13.803Z,0.027,1,600,480x270,13.268006000000014,,rebuffer happen
2025-12-18T07:05:14.167Z,0.24,1,600,480x270,13.378540000000044,,
2025-12-18T07:05:14.678Z,0.228,1,600,480x270,13.370754000000034,,
2025-12-18T07:05:14.870Z,0.033,1,600,480x270,13.367884000000004,,rebuffer happen
2025-12-18T07:05:15.243Z,0.21,1,600,480x270,13.339244000000008,,
2025-12-18T07:05:15.421Z,0.028,1,600,480x270,13.368700999999987,,rebuffer happen
2025-12-18T07:05:15.799Z,0.244,1,600,480x270,13.487797999999998,,
2025-12-18T07:05:16.022Z,0.025,1,600,480x270,13.472643999999946,,rebuffer happen
2025-12-18T07:05:16.357Z,0.234,1,600,480x270,13.569132999999965,,
2025-12-18T07:05:16.555Z,0.031,1,600,480x270,13.576677000000018,,rebuffer happen
2025-12-18T07:05:16.902Z,0.247,1,600,480x270,13.599585000000047,,
2025-12-18T07:05:17.139Z,0.023,1,600,480x270,13.56203800000003,,rebuffer happen
2025-12-18T07:05:17.440Z,0.252,1,600,480x270,13.580216999999948,,
2025-12-18T07:05:17.656Z,0.031,1,600,480x270,13.670153000000028,,rebuffer happen
2025-12-18T07:05:17.987Z,0.279,1,600,480x270,13.736669000000006,,
2025-12-18T07:05:18.502Z,0.283,1,600,480x270,13.714202999999998,,
2025-12-18T07:05:19.041Z,0.224,1,600,480x270,13.67237399999999,,
2025-12-18T07:05:19.241Z,0.04,1,600,480x270,13.682713000000035,,rebuffer happen
2025-12-18T07:05:19.554Z,0.295,1,600,480x270,13.830363000000034,,
2025-12-18T07:05:20.068Z,0.284,1,600,480x270,13.814161000000013,,
2025-12-18T07:05:20.583Z,0.237,1,600,480x270,13.79816500000004,,
2025-12-18T07:05:20.809Z,0.046,1,600,480x270,13.788891000000035,,rebuffer happen
2025-12-18T07:05:21.101Z,0.292,1,600,480x270,13.820355999999947,,
2025-12-18T07:05:21.612Z,0.255,1,600,480x270,13.816688999999997,,
2025-12-18T07:05:22.126Z,0.241,1,600,480x270,13.809628000000089,,
2025-12-18T07:05:22.642Z,0.262,1,600,480x270,13.804859999999962,,
2025-12-18T07:05:22.877Z,0.025,1,600,480x270,13.869420000000105,,rebuffer happen
2025-12-18T07:05:23.166Z,0.271,1,600,480x270,13.91207600000007,,
2025-12-18T07:05:23.685Z,0.233,1,600,480x270,13.89554899999996,,
2025-12-18T07:05:24.197Z,0.269,1,600,480x270,13.89414899999997,,
2025-12-18T07:05:24.428Z,0.028,1,600,480x270,13.862873000000036,,rebuffer happen
2025-12-18T07:05:24.748Z,0.276,1,600,480x270,13.990129000000024,,
2025-12-18T07:05:24.936Z,0,1,600,480x270,13.847000999999977,,rebuffer happen
2025-12-18T07:05:25.334Z,0,1,600,480x270,14.236000999999987,,
2025-12-18T07:05:25.813Z,0,1,600,480x270,14.734001000000035,,
2025-12-18T07:05:26.045Z,0.294,1,600,480x270,3.3287129999999934,,rebuffer happen
2025-12-18T07:05:26.336Z,0.382,1,600,480x270,3.105723000000012,,
2025-12-18T07:05:26.412Z,0.242,1,600,480x270,3.082264000000009,,rebuffer happen
2025-12-18T07:05:26.547Z,0.042,1,600,480x270,3.078644000000054,,rebuffer happen
2025-12-18T07:05:26.873Z,0.295,1,600,480x270,3.107258999999999,,
2025-12-18T07:05:27.114Z,0.031,1,600,480x270,3.0702310000000352,,rebuffer happen
2025-12-18T07:05:27.400Z,0.289,1,600,480x270,3.1474430000000666,,
2025-12-18T07:05:27.483Z,0.221,1,600,480x270,3.155634999999961,,rebuffer happen
2025-12-18T07:05:27.614Z,0.025,1,600,480x270,3.0674060000000054,,rebuffer happen
2025-12-18T07:05:27.889Z,0.277,1,600,480x270,3.130100000000084,,
2025-12-18T07:05:28.408Z,0.281,1,600,480x270,3.1166259999999966,,
2025-12-18T07:05:28.665Z,0.019,1,600,480x270,3.1533660000000054,,rebuffer happen
2025-12-18T07:05:28.922Z,0.279,1,600,480x270,3.145805999999993,,
2025-12-18T07:05:29.098Z,0.047,1,600,480x270,3.0837770000000546,,rebuffer happen
2025-12-18T07:05:29.099Z,0.047,1,600,480x270,3.0837770000000546,,rebuffer happen
2025-12-18T07:05:29.441Z,0.293,1,600,480x270,3.1349709999999504,,
2025-12-18T07:05:29.897Z,0.282,1,600,480x270,3.1909520000000384,,rebuffer happen
2025-12-18T07:05:29.949Z,0.294,1,600,480x270,3.2041169999999966,,
2025-12-18T07:05:30.441Z,0.239,1,600,480x270,3.090037000000052,,
2025-12-18T07:05:30.944Z,0.295,1,600,480x270,3.205908000000022,,
2025-12-18T07:05:31.422Z,0.301,1,600,480x270,3.1299060000000054,,
2025-12-18T07:05:31.422Z,0.295,1,600,480x270,3.1296879999999874,,rebuffer happen
2025-12-18T07:05:31.910Z,0.316,1,600,480x270,3.1514539999999442,,
2025-12-18T07:05:32.018Z,0.202,1,600,480x270,3.1397369999999682,,rebuffer happen
2025-12-18T07:05:32.285Z,0.294,1,600,480x270,3.0965869999999995,,rebuffer happen
2025-12-18T07:05:32.324Z,0.298,1,600,480x270,3.0366129999999885,,
2025-12-18T07:05:32.413Z,0.235,1,600,480x270,3.0101379999999835,,rebuffer happen
2025-12-18T07:05:32.706Z,0.304,1,600,480x270,2.954594000000043,,
2025-12-18T07:05:32.796Z,0.268,1,600,480x270,2.969353000000069,,rebuffer happen
2025-12-18T07:05:33.087Z,0.326,1,600,480x270,2.892877999999996,,
2025-12-18T07:05:33.177Z,0.283,1,600,480x270,2.85148300000003,,rebuffer happen
2025-12-18T07:05:33.216Z,0.292,1,600,480x270,2.7935489999999845,,rebuffer happen
2025-12-18T07:05:33.249Z,0.276,1,600,480x270,2.8441649999999754,,rebuffer happen
2025-12-18T07:05:33.371Z,0.293,1,600,480x270,2.7604069999999865,,rebuffer happen
2025-12-18T07:05:33.412Z,0.299,1,600,480x270,2.6995589999999083,,rebuffer happen
2025-12-18T07:05:33.488Z,0.277,1,600,480x270,2.691344000000072,,
2025-12-18T07:05:33.888Z,0.275,1,600,480x270,2.6504260000000386,,rebuffer happen
2025-12-18T07:05:33.891Z,0.275,1,600,480x270,2.645243999999934,,
2025-12-18T07:05:33.980Z,0.172,1,600,480x270,2.606429999999932,,rebuffer happen
2025-12-18T07:05:34.312Z,0.246,1,600,480x270,2.4972869999999148,,
2025-12-18T07:05:34.561Z,0.483,1,600,480x270,2.5592380000000503,,
2025-12-18T07:05:34.750Z,0.688,1,600,480x270,2.5266650000000936,,
2025-12-18T07:05:34.960Z,0.981,1,600,480x270,2.424056999999948,,
2025-12-18T07:05:35.280Z,1.068,1,600,480x270,2.294428000000039,,
2025-12-18T07:05:35.540Z,1.195,1,600,480x270,2.151589999999942,,
2025-12-18T07:05:35.878Z,1.271,1,600,480x270,2.129075000000057,,
2025-12-18T07:05:36.201Z,1.385,1,600,480x270,2.046198000000004,,
2025-12-18T07:05:36.600Z,1.466,1,600,480x270,1.9930279999999811,,
2025-12-18T07:05:36.967Z,1.556,1,600,480x270,2.015180999999984,,
2025-12-18T07:05:37.227Z,1.659,1,600,480x270,1.9428340000000617,,
2025-12-18T07:05:37.501Z,1.875,1,600,480x270,1.955601999999999,,
2025-12-18T07:05:37.576Z,2.021,0,200,320x180,1.9859550000001036,,
2025-12-18T07:05:37.717Z,2.287,0,200,320x180,1.9481700000000046,,
2025-12-18T07:05:37.791Z,2.301,1,600,480x270,1.967740000000049,,
2025-12-18T07:05:38.293Z,2.047,1,600,480x270,1.9612869999999702,,
2025-12-18T07:05:38.792Z,2.039,1,600,480x270,1.9669689999999491,,
2025-12-18T07:05:39.292Z,2.044,1,600,480x270,1.9686000000000377,,
2025-12-18T07:05:39.867Z,1.901,1,600,480x270,1.9823930000000018,,
2025-12-18T07:05:40.080Z,2.387,1,600,480x270,1.9688749999999118,,
2025-12-18T07:05:41.038Z,2.017,1,600,480x270,1.910158000000024,,
2025-12-18T07:05:42.056Z,1.487,1,600,480x270,2.00028599999996,,
2025-12-18T07:05:42.755Z,1.259,1,600,480x270,2.0002680000000055,,
2025-12-18T07:05:43.247Z,1.258,1,600,480x270,2.008762000000047,,
2025-12-18T07:05:43.711Z,1.272,1,600,480x270,1.9349500000000717,,
2025-12-18T07:05:44.268Z,1.231,1,600,480x270,1.979302999999959,,
2025-12-18T07:05:44.781Z,1.206,1,600,480x270,1.9776139999999032,,
2025-12-18T07:05:45.283Z,1.232,1,600,480x270,1.9627309999999625,,
2025-12-18T07:05:45.788Z,1.226,1,600,480x270,1.9671469999999545,,
2025-12-18T07:05:46.225Z,1.296,1,600,480x270,1.9288030000000163,,
2025-12-18T07:05:46.682Z,1.314,1,600,480x270,1.9685450000000628,,
2025-12-18T07:05:47.181Z,1.326,1,600,480x270,1.9806750000000193,,
2025-12-18T07:05:47.625Z,1.372,1,600,480x270,1.9334049999999934,,
2025-12-18T07:05:48.199Z,1.318,1,600,480x270,1.9547240000000556,,
2025-12-18T07:05:48.745Z,1.269,1,600,480x270,2.0002640000000156,,
2025-12-18T07:05:48.822Z,1.247,2,1000,640x360,1.9253559999999652,,
2025-12-18T07:05:49.891Z,0.651,2,1000,640x360,1.9668980000000147,,
2025-12-18T07:05:49.969Z,0.627,1,600,480x270,1.9952809999999772,,
2025-12-18T07:05:50.494Z,0.543,1,600,480x270,1.9508220000000165,,
2025-12-18T07:05:50.566Z,0.516,3,1500,768x432,1.9869049999999788,,
2025-12-18T07:05:50.745Z,0.265,3,1500,768x432,2.0007650000000012,,rebuffer happen
2025-12-18T07:05:51.183Z,0.027,3,1500,768x432,1.9605350000000499,,rebuffer happen
2025-12-18T07:05:51.300Z,0.024,3,1500,768x432,1.9986509999999953,,rebuffer happen
2025-12-18T07:05:51.384Z,0.019,3,1500,768x432,2.0603700000000345,,rebuffer happen
2025-12-18T07:05:51.467Z,0.026,3,1500,768x432,2.129203999999959,,rebuffer happen
2025-12-18T07:05:51.550Z,0.026,3,1500,768x432,2.194808999999964,,rebuffer happen
2025-12-18T07:05:51.634Z,0.023,3,1500,768x432,2.1577889999999798,,rebuffer happen
2025-12-18T07:05:51.701Z,0.029,3,1500,768x432,2.2341010000000097,,rebuffer happen
2025-12-18T07:05:51.801Z,0.015,3,1500,768x432,2.2862570000000915,,rebuffer happen
2025-12-18T07:05:51.825Z,0.015,3,1500,768x432,2.2862570000000915,,
2025-12-18T07:05:51.851Z,0.026,2,1000,640x360,2.36520100000007,,rebuffer happen
2025-12-18T07:05:51.890Z,0.026,2,1000,640x360,2.36520100000007,,
2025-12-18T07:05:52.435Z,0.032,2,1000,640x360,2.579405999999949,,rebuffer happen
2025-12-18T07:05:52.485Z,0.022,2,1000,640x360,2.6236249999999472,,rebuffer happen
2025-12-18T07:05:52.551Z,0.023,2,1000,640x360,2.6898459999999886,,rebuffer happen
2025-12-18T07:05:52.585Z,0.026,2,1000,640x360,2.6595250000000306,,rebuffer happen
2025-12-18T07:05:52.668Z,0.024,2,1000,640x360,2.698042999999984,,rebuffer happen
2025-12-18T07:05:52.707Z,0.024,2,1000,640x360,2.698042999999984,,
2025-12-18T07:05:52.751Z,0.018,1,600,480x270,2.7598809999999503,,rebuffer happen
2025-12-18T07:05:52.784Z,0.018,1,600,480x270,2.7598809999999503,,
2025-12-18T07:05:52.935Z,0.033,1,600,480x270,2.8394000000000688,,rebuffer happen
2025-12-18T07:05:53.315Z,0.147,1,600,480x270,2.8940299999999297,,
2025-12-18T07:05:53.824Z,0.158,1,600,480x270,2.893831999999975,,
2025-12-18T07:05:54.350Z,0.153,1,600,480x270,2.9872310000000653,,
2025-12-18T07:05:54.469Z,0.028,1,600,480x270,2.964731000000029,,rebuffer happen
2025-12-18T07:05:54.520Z,0.027,1,600,480x270,2.9306179999999813,,rebuffer happen
2025-12-18T07:05:54.870Z,0.173,1,600,480x270,3.0037150000000565,,
2025-12-18T07:05:55.400Z,0.161,1,600,480x270,2.9717449999999417,,
2025-12-18T07:05:55.520Z,0.018,1,600,480x270,2.9549650000000156,,rebuffer happen
2025-12-18T07:05:55.570Z,0.082,1,600,480x270,3.025938999999994,,rebuffer happen
2025-12-18T07:05:55.898Z,0.166,1,600,480x270,3.0170859999999493,,
2025-12-18T07:05:56.446Z,0.158,1,600,480x270,3.06747299999995,,
2025-12-18T07:05:56.557Z,0.024,1,600,480x270,3.06967300000008,,rebuffer happen
2025-12-18T07:05:56.975Z,0.142,1,600,480x270,3.075255000000084,,
2025-12-18T07:05:57.091Z,0.025,1,600,480x270,3.0724519999999984,,rebuffer happen
2025-12-18T07:05:57.522Z,0.13,1,600,480x270,3.067955999999981,,
2025-12-18T07:05:57.622Z,0.02,1,600,480x270,3.0540439999999762,,rebuffer happen
2025-12-18T07:05:57.674Z,0.028,1,600,480x270,3.132127999999966,,rebuffer happen
2025-12-18T07:05:58.033Z,0.175,1,600,480x270,3.1171150000000125,,
2025-12-18T07:05:58.516Z,0.177,1,600,480x270,3.1322710000000598,,
2025-12-18T07:05:59.030Z,0.168,1,600,480x270,3.1148699999999963,,
2025-12-18T07:05:59.369Z,0.26,1,600,480x270,3.1774729999999636,,
2025-12-18T07:05:59.456Z,0.339,1,600,480x270,3.186685999999895,,
2025-12-18T07:05:59.531Z,0.251,0,200,320x180,3.086021999999957,,rebuffer happen
2025-12-18T07:05:59.536Z,0.251,0,200,320x180,3.0762429999999767,,
2025-12-18T07:05:59.676Z,0.036,0,200,320x180,3.0748539999999593,,rebuffer happen
2025-12-18T07:06:01.620Z,0.036,0,200,320x180,4.982853999999975,,