timestamp,bufferLevel,qualityIndex,bitrateKbps,resolution,liveLatency,predictedKbps,rebuffer
2025-12-19T07:43:33.683Z,0,1,600,480x270,1.0175,,
2025-12-19T07:43:33.689Z,0,1,600,480x270,1.0175,,rebuffer happen
2025-12-19T07:43:33.816Z,0.133,1,600,480x270,1.234968,,rebuffer happen
2025-12-19T07:43:34.103Z,0.257,1,600,480x270,1.255652,,
2025-12-19T07:43:34.185Z,0.224,0,200,320x180,1.173483,NaN,
2025-12-19T07:43:34.441Z,0.112,0,200,320x180,1.159615,NaN,
2025-12-19T07:43:34.442Z,0.523,0,200,320x180,1.404615,NaN,rebuffer happen
2025-12-19T07:43:34.724Z,0.758,0,200,320x180,1.240487,NaN,
2025-12-19T07:43:34.911Z,1.164,0,200,320x180,1.538253,NaN,
2025-12-19T07:43:35.129Z,1.571,0,200,320x180,1.6097530000000002,NaN,
2025-12-19T07:43:35.394Z,1.892,0,200,320x180,1.702726,NaN,
2025-12-19T07:43:35.798Z,2.037,0,200,320x180,1.7915519999999998,NaN,
2025-12-19T07:43:36.376Z,2.072,0,200,320x180,1.8225939999999998,NaN,
2025-12-19T07:43:36.882Z,2.133,0,200,320x180,1.8759419999999998,NaN,
2025-12-19T07:43:37.796Z,1.761,0,200,320x180,1.993016,NaN,
2025-12-19T07:43:37.876Z,1.757,1,600,480x270,1.914542,NaN,
2025-12-19T07:43:38.243Z,1.813,1,600,480x270,1.9451419999999997,NaN,
2025-12-19T07:43:38.605Z,1.945,1,600,480x270,1.9931599999999996,NaN,
2025-12-19T07:43:38.973Z,2.086,1,600,480x270,1.9220189999999997,NaN,
2025-12-19T07:43:39.440Z,2.093,1,600,480x270,1.967289,NaN,
2025-12-19T07:43:39.963Z,2.102,1,600,480x270,1.9338290000000002,NaN,
2025-12-19T07:43:40.484Z,2.086,1,600,480x270,1.908087,NaN,
2025-12-19T07:43:41.003Z,2.055,1,600,480x270,1.9879120000000006,NaN,
2025-12-19T07:43:41.460Z,2.098,1,600,480x270,1.9326070000000009,NaN,
2025-12-19T07:43:42.006Z,2.066,1,600,480x270,1.9837039999999995,NaN,
2025-12-19T07:43:42.470Z,2.093,1,600,480x270,1.9305620000000001,NaN,
2025-12-19T07:43:42.991Z,2.068,1,600,480x270,2.0026980000000005,NaN,
2025-12-19T07:43:43.071Z,2.072,2,1000,640x360,1.921501000000001,NaN,
2025-12-19T07:43:44.183Z,1.044,2,1000,640x360,1.9142720000000004,NaN,
2025-12-19T07:43:44.828Z,0.745,2,1000,640x360,1.9740830000000003,NaN,
2025-12-19T07:43:45.477Z,0.72,2,1000,640x360,1.9168719999999997,NaN,
2025-12-19T07:43:45.560Z,1.087,1,600,480x270,1.9400259999999996,NaN,
2025-12-19T07:43:45.930Z,1.128,1,600,480x270,1.9730230000000013,NaN,
2025-12-19T07:43:46.311Z,1.243,1,600,480x270,1.9797399999999996,NaN,
2025-12-19T07:43:46.707Z,1.351,1,600,480x270,1.989892000000001,NaN,
2025-12-19T07:43:47.065Z,1.476,1,600,480x270,1.9265070000000009,NaN,
2025-12-19T07:43:47.448Z,1.62,1,600,480x270,1.9589789999999994,NaN,
2025-12-19T07:43:47.842Z,1.707,1,600,480x270,1.9607480000000006,NaN,
2025-12-19T07:43:48.232Z,1.807,1,600,480x270,1.9573560000000008,NaN,
2025-12-19T07:43:48.683Z,1.908,1,600,480x270,1.9286380000000012,NaN,
2025-12-19T07:43:49.119Z,1.958,1,600,480x270,1.9799770000000017,NaN,
2025-12-19T07:43:49.430Z,2.132,1,600,480x270,1.9814909999999983,998,
2025-12-19T07:43:49.948Z,2.097,1,600,480x270,1.9483540000000001,998,
2025-12-19T07:43:50.463Z,2.081,1,600,480x270,1.9285749999999986,996,
2025-12-19T07:43:50.977Z,2.079,1,600,480x270,1.915576999999999,990,
2025-12-19T07:43:51.474Z,2.081,1,600,480x270,1.9317930000000025,997,
2025-12-19T07:43:51.972Z,2.073,1,600,480x270,1.9272939999999998,990,
2025-12-19T07:43:52.048Z,2.075,2,1000,640x360,1.9452570000000016,1004,
2025-12-19T07:43:53.604Z,0.478,2,1000,640x360,2.0003090000000014,1007,
2025-12-19T07:43:54.166Z,0.446,2,1000,640x360,1.9238689999999998,990,
2025-12-19T07:43:54.561Z,0.678,2,1000,640x360,1.9262720000000009,975,
2025-12-19T07:43:54.907Z,0.914,2,1000,640x360,1.9857690000000012,975,
2025-12-19T07:43:55.346Z,0.885,2,1000,640x360,1.9599779999999996,946,
2025-12-19T07:43:55.877Z,0.857,2,1000,640x360,1.9262130000000006,935,
2025-12-19T07:43:55.953Z,1.185,1,600,480x270,1.9434149999999981,919,
2025-12-19T07:43:56.254Z,1.287,1,600,480x270,1.9347550000000027,919,
2025-12-19T07:43:56.532Z,1.533,1,600,480x270,1.970867000000002,944,
2025-12-19T07:43:56.813Z,1.731,1,600,480x270,1.9831409999999998,944,
2025-12-19T07:43:57.206Z,1.859,1,600,480x270,1.9838839999999998,975,
2025-12-19T07:43:57.674Z,1.883,1,600,480x270,1.9332379999999993,974,
2025-12-19T07:43:58.064Z,1.984,1,600,480x270,1.9362379999999995,991,
2025-12-19T07:43:58.343Z,2.206,1,600,480x270,1.9564920000000008,991,
2025-12-19T07:43:58.850Z,2.194,1,600,480x270,1.9454189999999976,1020,
2025-12-19T07:43:59.359Z,2.149,1,600,480x270,1.9379419999999996,1044,
2025-12-19T07:43:59.441Z,2.132,2,1000,640x360,1.956901000000002,1055,
2025-12-19T07:44:01.286Z,0.276,2,1000,640x360,1.9042180000000002,1037,rebuffer happen
2025-12-19T07:44:01.481Z,0.276,2,1000,640x360,1.9125229999999966,1037,
2025-12-19T07:44:01.816Z,0.246,2,1000,640x360,1.9854950000000002,999,rebuffer happen
2025-12-19T07:44:02.042Z,0.02,2,1000,640x360,1.9578239999999987,999,rebuffer happen
2025-12-19T07:44:02.068Z,0.02,2,1000,640x360,1.9578239999999987,999,
2025-12-19T07:44:02.312Z,0.289,2,1000,640x360,2.019178,984,rebuffer happen
2025-12-19T07:44:02.559Z,0.03,2,1000,640x360,1.9687650000000012,984,rebuffer happen
2025-12-19T07:44:02.595Z,0.03,2,1000,640x360,2.060765,984,
2025-12-19T07:44:02.916Z,0.222,2,1000,640x360,2.0525660000000023,966,rebuffer happen
2025-12-19T07:44:03.093Z,0.028,2,1000,640x360,2.0593590000000006,966,rebuffer happen
2025-12-19T07:44:03.113Z,0.028,2,1000,640x360,2.0593590000000006,966,
2025-12-19T07:44:03.185Z,0.528,1,600,480x270,1.9952180000000013,950,
2025-12-19T07:44:03.518Z,0.62,1,600,480x270,2.0529880000000027,950,
2025-12-19T07:44:03.818Z,0.778,1,600,480x270,2.0192680000000003,950,
2025-12-19T07:44:04.156Z,0.908,1,600,480x270,1.964456000000002,991,
2025-12-19T07:44:04.476Z,1.103,1,600,480x270,1.940144,993,
2025-12-19T07:44:04.796Z,1.229,1,600,480x270,2.0134459999999983,993,
2025-12-19T07:44:05.124Z,1.434,1,600,480x270,1.976036999999998,1011,
2025-12-19T07:44:05.440Z,1.619,1,600,480x270,1.971581000000004,1044,
2025-12-19T07:44:05.763Z,1.805,1,600,480x270,1.9434479999999965,1044,
2025-12-19T07:44:06.163Z,1.926,1,600,480x270,1.9314050000000051,1065,
2025-12-19T07:44:06.583Z,2,1,600,480x270,1.9362090000000016,1075,
2025-12-19T07:44:06.663Z,2.002,2,1000,640x360,1.9629329999999996,1075,
2025-12-19T07:44:07.825Z,0.971,2,1000,640x360,1.973320000000001,1055,
2025-12-19T07:44:08.511Z,0.668,2,1000,640x360,1.9915710000000004,1014,
2025-12-19T07:44:09.172Z,0.631,2,1000,640x360,1.9223649999999992,941,
2025-12-19T07:44:09.856Z,0.346,2,1000,640x360,1.9465729999999937,884,
2025-12-19T07:44:10.519Z,0.307,2,1000,640x360,1.9948790000000045,839,
2025-12-19T07:44:10.519Z,0.064,2,1000,640x360,1.9943450000000027,839,rebuffer happen
2025-12-19T07:44:10.598Z,0.517,1,600,480x270,2.0126069999999956,812,
2025-12-19T07:44:11.012Z,0.538,1,600,480x270,1.986781999999998,812,
2025-12-19T07:44:11.423Z,0.636,1,600,480x270,1.9704750000000004,831,
2025-12-19T07:44:11.825Z,0.733,1,600,480x270,1.9705119999999994,846,
2025-12-19T07:44:12.239Z,0.803,1,600,480x270,1.9508940000000052,870,
2025-12-19T07:44:12.574Z,0.954,1,600,480x270,1.9310710000000029,901,
2025-12-19T07:44:12.915Z,1.14,1,600,480x270,1.9775950000000009,901,
2025-12-19T07:44:13.290Z,1.24,1,600,480x270,1.9997469999999993,946,
2025-12-19T07:44:13.604Z,1.464,1,600,480x270,2.0134299999999996,949,
2025-12-19T07:44:13.925Z,1.604,1,600,480x270,1.9806120000000007,950,
2025-12-19T07:44:14.253Z,1.781,1,600,480x270,1.937254000000003,950,
2025-12-19T07:44:14.599Z,1.966,1,600,480x270,2.022196000000001,980,
2025-12-19T07:44:14.936Z,2.115,1,600,480x270,1.9709849999999989,980,
2025-12-19T07:44:15.445Z,2.114,1,600,480x270,1.9533340000000052,992,
2025-12-19T07:44:15.923Z,2.1,1,600,480x270,1.9714129999999983,995,
2025-12-19T07:44:15.998Z,2.076,2,1000,640x360,1.992714999999997,1002,
2025-12-19T07:44:17.564Z,0.622,2,1000,640x360,1.9507499999999993,995,
2025-12-19T07:44:18.148Z,0.581,2,1000,640x360,1.9499899999999997,984,
2025-12-19T07:44:18.737Z,0.571,2,1000,640x360,1.9699079999999967,975,
2025-12-19T07:44:19.300Z,0.264,2,1000,640x360,2.0030959999999993,954,rebuffer happen
2025-12-19T07:44:19.436Z,0.264,2,1000,640x360,1.960993000000002,954,
2025-12-19T07:44:19.514Z,0.627,1,600,480x270,1.9910700000000006,890,
2025-12-19T07:44:19.937Z,0.605,1,600,480x270,1.9533830000000023,890,
2025-12-19T07:44:20.350Z,0.712,1,600,480x270,1.951006999999997,905,
2025-12-19T07:44:20.777Z,0.768,1,600,480x270,1.9254120000000015,904,
2025-12-19T07:44:21.237Z,0.837,1,600,480x270,1.9521980000000028,911,
2025-12-19T07:44:21.646Z,0.889,1,600,480x270,1.9573919999999987,921,
2025-12-19T07:44:22.077Z,1,1,600,480x270,1.9246119999999962,947,
2025-12-19T07:44:22.458Z,1.081,1,600,480x270,1.9489400000000003,947,
2025-12-19T07:44:22.878Z,1.192,1,600,480x270,1.927261999999999,906,
2025-12-19T07:44:23.287Z,1.272,1,600,480x270,1.9059579999999983,981,
2025-12-19T07:44:23.699Z,1.365,1,600,480x270,2.0047720000000027,981,
2025-12-19T07:44:24.109Z,1.441,1,600,480x270,1.9835709999999978,983,
2025-12-19T07:44:24.546Z,1.514,1,600,480x270,1.9466680000000025,952,
2025-12-19T07:44:24.934Z,1.59,1,600,480x270,1.9629139999999978,952,
2025-12-19T07:44:25.388Z,1.674,1,600,480x270,1.9205830000000006,985,
2025-12-19T07:44:25.767Z,1.811,1,600,480x270,1.931153000000002,968,
2025-12-19T07:44:26.153Z,1.891,1,600,480x270,1.9421740000000014,971,
2025-12-19T07:44:26.553Z,2.021,1,600,480x270,1.9553469999999962,968,
2025-12-19T07:44:26.965Z,2.078,1,600,480x270,1.9338229999999967,968,
2025-12-19T07:44:27.486Z,2.059,1,600,480x270,1.910299000000002,989,
2025-12-19T07:44:28.001Z,2.042,1,600,480x270,1.9892800000000008,996,
2025-12-19T07:44:28.506Z,2.054,1,600,480x270,2.0017899999999997,998,
2025-12-19T07:44:28.578Z,2.057,2,1000,640x360,1.9291589999999985,1008,
2025-12-19T07:44:29.684Z,0.904,2,1000,640x360,1.9180419999999998,1008,
2025-12-19T07:44:30.404Z,0.871,2,1000,640x360,1.9994719999999973,989,
2025-12-19T07:44:31.005Z,0.576,2,1000,640x360,1.9900209999999987,926,
2025-12-19T07:44:31.668Z,0.554,2,1000,640x360,1.9452649999999991,889,
2025-12-19T07:44:32.188Z,0.52,2,1000,640x360,1.9154259999999965,853,
2025-12-19T07:44:32.265Z,0.879,1,600,480x270,1.9303250000000034,851,
2025-12-19T07:44:32.565Z,0.994,1,600,480x270,1.9326070000000044,851,
2025-12-19T07:44:32.898Z,1.157,1,600,480x270,1.9930340000000015,851,
2025-12-19T07:44:33.224Z,1.326,1,600,480x270,1.9729349999999997,894,
2025-12-19T07:44:33.558Z,1.499,1,600,480x270,1.946717999999997,962,
2025-12-19T07:44:33.791Z,1.731,1,600,480x270,2.003734999999999,962,
2025-12-19T07:44:34.038Z,1.969,1,600,480x270,1.9589089999999985,962,
2025-12-19T07:44:34.336Z,2.205,1,600,480x270,1.9594529999999963,962,
2025-12-19T07:44:34.898Z,2.147,1,600,480x270,2.0056420000000017,991,
2025-12-19T07:44:35.426Z,2.116,1,600,480x270,1.973348999999999,1009,
2025-12-19T07:44:35.675Z,2.058,2,1000,640x360,1.915416999999998,1032,
2025-12-19T07:44:36.697Z,0.995,2,1000,640x360,1.9936919999999958,999,
2025-12-19T07:44:37.238Z,0.956,2,1000,640x360,1.9499390000000005,971,
2025-12-19T07:44:37.809Z,0.934,2,1000,640x360,1.9913280000000029,956,
2025-12-19T07:44:38.400Z,0.89,2,1000,640x360,2.010401999999999,940,
2025-12-19T07:44:39.374Z,0.331,2,1000,640x360,1.923997,917,
2025-12-19T07:44:39.443Z,0.693,1,600,480x270,1.9709409999999963,898,
2025-12-19T07:44:39.872Z,0.681,1,600,480x270,1.9276059999999973,898,
2025-12-19T07:44:40.272Z,0.769,1,600,480x270,1.924523999999991,917,
2025-12-19T07:44:40.640Z,0.925,1,600,480x270,1.9707760000000007,911,
2025-12-19T07:44:41.072Z,0.972,1,600,480x270,1.9354660000000052,919,
2025-12-19T07:44:41.445Z,1.112,1,600,480x270,1.9528260000000017,919,
2025-12-19T07:44:41.954Z,1.055,1,600,480x270,1.9372669999999914,956,
2025-12-19T07:44:42.309Z,1.233,1,600,480x270,1.9851809999999972,1001,
2025-12-19T07:44:42.610Z,1.441,1,600,480x270,1.9960459999999927,1034,
2025-12-19T07:44:42.930Z,1.628,1,600,480x270,1.9664439999999956,1057,
2025-12-19T07:44:42.997Z,1.597,2,1000,640x360,1.9974970000000098,1057,
2025-12-19T07:44:44.054Z,0.532,2,1000,640x360,1.93572300000001,1048,
2025-12-19T07:44:44.609Z,0.504,2,1000,640x360,1.9863789999999995,1023,
2025-12-19T07:44:45.218Z,0.472,2,1000,640x360,1.9805060000000054,998,
2025-12-19T07:44:45.833Z,0.446,2,1000,640x360,1.9596480000000014,973,
2025-12-19T07:44:46.349Z,0.411,2,1000,640x360,1.9453610000000054,923,
2025-12-19T07:44:46.425Z,0.658,1,600,480x270,1.9790019999999942,886,
2025-12-19T07:44:46.818Z,0.758,1,600,480x270,1.9788560000000075,886,
2025-12-19T07:44:47.281Z,0.775,1,600,480x270,1.913252,910,
2025-12-19T07:44:47.710Z,0.833,1,600,480x270,1.9815399999999954,903,
2025-12-19T07:44:48.049Z,0.993,1,600,480x270,1.9537720000000007,934,
2025-12-19T07:44:48.387Z,1.125,1,600,480x270,1.9222570000000019,934,
2025-12-19T07:44:48.744Z,1.295,1,600,480x270,1.951909999999998,941,
2025-12-19T07:44:49.335Z,1.23,1,600,480x270,1.9630709999999993,957,
2025-12-19T07:44:49.732Z,1.34,1,600,480x270,1.958945,936,
2025-12-19T07:44:50.125Z,1.433,1,600,480x270,1.967027999999999,962,
2025-12-19T07:44:50.487Z,1.594,1,600,480x270,1.9124219999999923,977,
2025-12-19T07:44:50.932Z,1.596,1,600,480x270,1.9625429999999966,977,
2025-12-19T07:44:51.201Z,1.858,1,600,480x270,2.00103,1014,
2025-12-19T07:44:51.277Z,1.86,2,1000,640x360,1.9237350000000077,1005,
2025-12-19T07:44:52.398Z,0.804,2,1000,640x360,2.0121030000000104,997,
2025-12-19T07:44:53.122Z,0.519,2,1000,640x360,1.9881539999999944,971,
2025-12-19T07:44:53.826Z,0.484,2,1000,640x360,1.971180000000004,939,
2025-12-19T07:44:54.383Z,0.186,2,1000,640x360,1.9182980000000072,897,rebuffer happen
2025-12-19T07:44:54.384Z,0.186,2,1000,640x360,1.9170919999999967,897,
2025-12-19T07:44:54.916Z,0.148,2,1000,640x360,1.982438000000002,870,rebuffer happen
2025-12-19T07:44:54.966Z,0.148,2,1000,640x360,1.9319050000000004,870,
2025-12-19T07:44:55.039Z,0.597,1,600,480x270,1.951744000000005,837,
2025-12-19T07:44:55.404Z,0.65,1,600,480x270,1.9870760000000018,837,
2025-12-19T07:44:55.779Z,0.777,1,600,480x270,1.9113749999999925,839,
2025-12-19T07:44:56.153Z,0.9,1,600,480x270,1.942001999999988,853,
2025-12-19T07:44:56.524Z,1.034,1,600,480x270,1.9786509999999993,879,
2025-12-19T07:44:56.889Z,1.171,1,600,480x270,1.9058530000000076,879,
2025-12-19T07:44:57.261Z,1.295,1,600,480x270,1.9423089999999945,890,
2025-12-19T07:44:57.650Z,1.386,1,600,480x270,1.9417590000000047,906,
2025-12-19T07:44:57.927Z,1.614,1,600,480x270,1.9620600000000081,911,
2025-12-19T07:44:58.363Z,1.69,1,600,480x270,1.937656000000004,911,
2025-12-19T07:44:58.881Z,1.67,1,600,480x270,1.9144840000000016,912,
2025-12-19T07:44:59.377Z,1.683,1,600,480x270,1.9189860000000039,899,
2025-12-19T07:44:59.902Z,1.648,1,600,480x270,1.9999350000000078,894,
2025-12-19T07:45:00.456Z,1.612,1,600,480x270,1.953913,828,
2025-12-19T07:45:00.973Z,1.601,1,600,480x270,1.9213110000000029,828,
2025-12-19T07:45:01.492Z,1.592,1,600,480x270,2.019470999999996,823,
2025-12-19T07:45:02.077Z,1.5,1,600,480x270,1.9224949999999978,816,
2025-12-19T07:45:02.672Z,1.403,1,600,480x270,1.9247699999999952,805,
2025-12-19T07:45:03.251Z,1.263,1,600,480x270,1.9368900000000053,814,
2025-12-19T07:45:03.931Z,1.139,1,600,480x270,1.9590710000000087,806,
2025-12-19T07:45:04.533Z,1.045,1,600,480x270,1.9668840000000074,820,
2025-12-19T07:45:05.174Z,0.895,1,600,480x270,1.9163949999999943,785,
2025-12-19T07:45:05.254Z,0.887,0,200,320x180,1.9350589999999954,778,
2025-12-19T07:45:05.435Z,1.102,0,200,320x180,1.9773070000000104,778,
2025-12-19T07:45:05.599Z,1.457,0,200,320x180,2.014501999999993,778,
2025-12-19T07:45:05.737Z,1.762,0,200,320x180,1.9658079999999956,778,
2025-12-19T07:45:05.886Z,2.162,0,200,320x180,1.9195760000000064,805,
2025-12-19T07:45:06.292Z,2.262,0,200,320x180,2.002749999999992,805,
2025-12-19T07:45:06.788Z,2.26,0,200,320x180,1.9139160000000004,830,
2025-12-19T07:45:07.331Z,2.252,0,200,320x180,1.9612599999999958,857,
2025-12-19T07:45:07.813Z,2.277,0,200,320x180,1.993832999999995,868,
2025-12-19T07:45:08.329Z,2.26,0,200,320x180,1.9758230000000054,883,
2025-12-19T07:45:08.654Z,2.107,1,600,480x270,1.945453999999998,888,
2025-12-19T07:45:08.923Z,2.12,1,600,480x270,1.9714079999999967,888,
2025-12-19T07:45:09.440Z,2.08,1,600,480x270,1.9654820000000086,900,
2025-12-19T07:45:09.917Z,2.129,1,600,480x270,1.9778410000000122,916,
2025-12-19T07:45:10.434Z,2.101,1,600,480x270,1.963146000000009,904,
2025-12-19T07:45:10.941Z,2.101,1,600,480x270,1.9497329999999948,905,
2025-12-19T07:45:11.403Z,2.147,1,600,480x270,1.9966029999999932,910,
2025-12-19T07:45:11.909Z,2.133,1,600,480x270,1.9844679999999926,928,
2025-12-19T07:45:12.500Z,2.059,1,600,480x270,2.015277999999995,949,
2025-12-19T07:45:13.024Z,2.04,1,600,480x270,1.9745690000000025,964,
2025-12-19T07:45:13.526Z,2.032,1,600,480x270,1.9737989999999996,979,
2025-12-19T07:45:14.011Z,2.035,1,600,480x270,1.9810680000000076,987,
2025-12-19T07:45:14.524Z,2.036,1,600,480x270,1.9803789999999992,991,
2025-12-19T07:45:15.010Z,2.056,1,600,480x270,1.9930009999999925,998,
2025-12-19T07:45:15.087Z,2.056,2,1000,640x360,1.913817999999992,1002,
2025-12-19T07:45:16.253Z,0.887,2,1000,640x360,1.9358179999999976,1002,
2025-12-19T07:45:16.927Z,0.862,2,1000,640x360,1.9701450000000023,971,
2025-12-19T07:45:17.628Z,0.587,2,1000,640x360,1.9856609999999932,941,
2025-12-19T07:45:18.290Z,0.271,2,1000,640x360,2.000353000000004,897,rebuffer happen
2025-12-19T07:45:18.473Z,0.271,2,1000,640x360,1.9475910000000027,897,
2025-12-19T07:45:18.539Z,0.557,1,600,480x270,1.9813749999999999,837,
2025-12-19T07:45:18.859Z,0.709,1,600,480x270,1.946312000000006,837,
2025-12-19T07:45:19.181Z,0.878,1,600,480x270,1.925186999999994,862,
2025-12-19T07:45:19.520Z,1.028,1,600,480x270,1.9792369999999977,887,
2025-12-19T07:45:19.871Z,1.179,1,600,480x270,1.9241639999999904,887,
2025-12-19T07:45:20.242Z,1.291,1,600,480x270,1.9521239999999977,937,
2025-12-19T07:45:20.608Z,1.423,1,600,480x270,1.9901729999999986,946,
2025-12-19T07:45:20.978Z,1.516,1,600,480x270,1.9252720000000068,962,
2025-12-19T07:45:21.336Z,1.722,1,600,480x270,1.9616010000000017,962,
2025-12-19T07:45:21.582Z,1.984,1,600,480x270,1.9235520000000008,977,
2025-12-19T07:45:21.912Z,2.188,1,600,480x270,1.994416000000001,977,
2025-12-19T07:45:22.420Z,2.144,1,600,480x270,1.9868469999999974,995,
2025-12-19T07:45:22.489Z,2.153,2,1000,640x360,1.9254660000000001,1005,
2025-12-19T07:45:24.104Z,0.619,2,1000,640x360,1.9965540000000033,975,
2025-12-19T07:45:24.627Z,0.666,2,1000,640x360,1.9733039999999988,947,
2025-12-19T07:45:25.124Z,0.634,2,1000,640x360,1.9755949999999984,939,
2025-12-19T07:45:25.599Z,0.611,2,1000,640x360,2.004334,935,
2025-12-19T07:45:26.203Z,0.572,2,1000,640x360,1.9902489999999915,935,
2025-12-19T07:45:26.283Z,0.802,1,600,480x270,1.9090719999999948,920,
2025-12-19T07:45:26.623Z,0.953,1,600,480x270,1.989483000000007,920,
2025-12-19T07:45:26.955Z,1.114,1,600,480x270,1.945133999999996,951,
2025-12-19T07:45:27.236Z,1.305,1,600,480x270,1.9544870000000003,951,
2025-12-19T07:45:27.615Z,1.427,1,600,480x270,1.9854610000000008,973,
2025-12-19T07:45:27.941Z,1.611,1,600,480x270,1.952861999999996,985,
2025-12-19T07:45:28.249Z,1.79,1,600,480x270,1.9418849999999992,985,
2025-12-19T07:45:28.655Z,1.89,1,600,480x270,1.948118000000008,999,
2025-12-19T07:45:29.006Z,2.048,1,600,480x270,1.985908000000009,1002,
2025-12-19T07:45:29.448Z,2.096,1,600,480x270,1.9472980000000035,1002,
2025-12-19T07:45:29.977Z,2.057,1,600,480x270,1.9121250000000032,1026,
2025-12-19T07:45:30.059Z,2.083,2,1000,640x360,1.9305319999999995,1038,
2025-12-19T07:45:31.053Z,1.015,2,1000,640x360,1.9565150000000102,1032,
2025-12-19T07:45:32.115Z,0.447,2,1000,640x360,1.980317999999997,1008,
2025-12-19T07:45:32.704Z,0.404,2,1000,640x360,1.9862949999999984,995,
2025-12-19T07:45:33.264Z,0.386,2,1000,640x360,1.9258319999999998,981,
2025-12-19T07:45:33.827Z,0.349,2,1000,640x360,1.9777950000000004,955,
2025-12-19T07:45:33.903Z,0.674,1,600,480x270,1.994408000000007,925,
2025-12-19T07:45:34.247Z,0.807,1,600,480x270,1.9423209999999926,925,
2025-12-19T07:45:34.586Z,0.976,1,600,480x270,1.9276960000000116,937,
2025-12-19T07:45:34.940Z,1.126,1,600,480x270,1.9596560000000096,937,
2025-12-19T07:45:35.290Z,1.264,1,600,480x270,2.000900999999999,983,
2025-12-19T07:45:35.794Z,1.259,1,600,480x270,2.000626000000011,979,
2025-12-19T07:45:36.065Z,1.489,1,600,480x270,1.9234399999999994,991,
2025-12-19T07:45:36.377Z,1.67,1,600,480x270,1.927538999999996,991,
2025-12-19T07:45:36.736Z,1.809,1,600,480x270,1.9570989999999995,1002,
2025-12-19T07:45:37.045Z,1.997,1,600,480x270,1.9493849999999924,1018,
2025-12-19T07:45:37.587Z,2.007,1,600,480x270,1.9238619999999997,1018,
2025-12-19T07:45:37.665Z,1.985,2,1000,640x360,1.936039000000008,1046,
2025-12-19T07:45:39.046Z,0.544,2,1000,640x360,1.9545070000000067,1037,
2025-12-19T07:45:39.763Z,0.531,2,1000,640x360,1.9529779999999874,975,
2025-12-19T07:45:40.348Z,0.226,2,1000,640x360,1.9684560000000033,889,rebuffer happen
2025-12-19T07:45:40.485Z,0.226,2,1000,640x360,1.9232760000000013,889,
2025-12-19T07:45:40.881Z,0.185,2,1000,640x360,1.9272200000000055,829,rebuffer happen
2025-12-19T07:45:41.040Z,0.024,2,1000,640x360,1.953372999999985,829,rebuffer happen
2025-12-19T07:45:41.178Z,0.024,2,1000,640x360,2.052373000000003,829,
2025-12-19T07:45:41.251Z,0.524,1,600,480x270,2.0880460000000056,788,
2025-12-19T07:45:41.443Z,0.247,1,600,480x270,2.075517999999988,788,rebuffer happen
2025-12-19T07:45:41.744Z,0.427,1,600,480x270,2.034571999999997,788,
2025-12-19T07:45:41.951Z,0.24,1,600,480x270,2.0068019999999933,799,rebuffer happen
2025-12-19T07:45:42.221Z,0.351,1,600,480x270,2.0103110000000015,799,
2025-12-19T07:45:42.371Z,0.237,1,600,480x270,1.9721420000000052,884,rebuffer happen
2025-12-19T07:45:42.609Z,0.486,1,600,480x270,2.016525999999999,884,
2025-12-19T07:45:43.005Z,0.554,1,600,480x270,1.9999210000000005,856,
2025-12-19T07:45:43.443Z,0.575,1,600,480x270,1.953553999999997,856,
2025-12-19T07:45:43.880Z,0.701,1,600,480x270,1.9144360000000233,871,
2025-12-19T07:45:44.373Z,0.675,1,600,480x270,1.9223049999999944,876,
2025-12-19T07:45:44.813Z,0.744,1,600,480x270,1.9793999999999983,867,
2025-12-19T07:45:45.325Z,0.715,1,600,480x270,1.9785490000000152,872,
2025-12-19T07:45:45.672Z,0.896,1,600,480x270,1.9310239999999794,881,
2025-12-19T07:45:46.012Z,1.027,1,600,480x270,1.9796110000000056,879,
2025-12-19T07:45:46.352Z,1.151,1,600,480x270,1.9591760000000136,879,
2025-12-19T07:45:46.816Z,1.276,1,600,480x270,1.9909290000000226,908,
2025-12-19T07:45:47.167Z,1.373,1,600,480x270,1.932360000000017,914,
2025-12-19T07:45:47.565Z,1.493,1,600,480x270,1.9360670000000084,933,
2025-12-19T07:45:47.977Z,1.556,1,600,480x270,1.9230169999999873,933,
2025-12-19T07:45:48.462Z,1.61,1,600,480x270,1.931412999999992,968,
2025-12-19T07:45:49.036Z,1.519,1,600,480x270,1.961005,978,
2025-12-19T07:45:49.574Z,1.492,1,600,480x270,1.9363990000000229,1000,
2025-12-19T07:45:50.100Z,1.456,1,600,480x270,1.9904790000000219,984,
2025-12-19T07:45:50.630Z,1.435,1,600,480x270,1.9723280000000045,994,
2025-12-19T07:45:51.127Z,1.454,1,600,480x270,1.97155699999999,1000,
2025-12-19T07:45:51.204Z,1.433,2,1000,640x360,1.9889129999999966,1017,
2025-12-19T07:45:51.805Z,0.908,2,1000,640x360,1.991566000000006,1017,
2025-12-19T07:45:52.387Z,0.87,2,1000,640x360,1.9107740000000035,999,
2025-12-19T07:45:53.190Z,0.576,2,1000,640x360,2.001086000000015,982,
2025-12-19T07:45:53.791Z,0.274,2,1000,640x360,2.0036440000000084,909,rebuffer happen
2025-12-19T07:45:53.977Z,0.163,2,1000,640x360,1.924605999999983,909,
2025-12-19T07:45:54.319Z,0.244,2,1000,640x360,1.986204000000015,825,rebuffer happen
2025-12-19T07:45:54.534Z,0.029,2,1000,640x360,1.9570480000000146,825,rebuffer happen
2025-12-19T07:45:54.779Z,0.029,2,1000,640x360,2.161047999999994,825,
2025-12-19T07:45:54.860Z,0.491,1,600,480x270,2.166831000000002,770,
2025-12-19T07:45:55.065Z,0.172,1,600,480x270,2.11441099999999,770,rebuffer happen
2025-12-19T07:45:55.330Z,0.354,1,600,480x270,2.122203999999982,770,
2025-12-19T07:45:55.547Z,0.131,1,600,480x270,2.0595030000000065,774,rebuffer happen
2025-12-19T07:45:55.854Z,0.317,1,600,480x270,2.0517030000000034,774,
2025-12-19T07:45:55.874Z,0.297,1,600,480x270,2.032147000000009,856,rebuffer happen
2025-12-19T07:45:56.397Z,0.329,1,600,480x270,2.108795999999984,856,
2025-12-19T07:45:56.398Z,0.28,1,600,480x270,2.108005999999989,856,rebuffer happen
2025-12-19T07:45:56.836Z,0.311,1,600,480x270,2.0410289999999804,871,
2025-12-19T07:45:56.933Z,0.211,1,600,480x270,2.0522320000000036,874,rebuffer happen
2025-12-19T07:45:57.290Z,0.346,1,600,480x270,2.073937000000001,874,
2025-12-19T07:45:57.368Z,0.276,1,600,480x270,2.004379,858,rebuffer happen
2025-12-19T07:45:57.773Z,0.363,1,600,480x270,1.9882889999999804,858,
2025-12-19T07:45:57.989Z,0.121,1,600,480x270,2.049126000000001,882,rebuffer happen
2025-12-19T07:45:58.248Z,0.36,1,600,480x270,1.9867780000000153,882,
2025-12-19T07:45:58.443Z,0.176,1,600,480x270,2.010179999999991,864,rebuffer happen
2025-12-19T07:45:58.750Z,0.348,1,600,480x270,1.9916320000000098,864,
2025-12-19T07:45:58.985Z,0.181,1,600,480x270,1.9487809999999968,840,rebuffer happen
2025-12-19T07:45:59.238Z,0.359,1,600,480x270,1.985348000000016,840,
2025-12-19T07:45:59.317Z,0.282,1,600,480x270,2.013616000000013,895,rebuffer happen
2025-12-19T07:45:59.708Z,0.386,1,600,480x270,2.009771999999998,895,
2025-12-19T07:46:00.043Z,0.519,1,600,480x270,1.9818630000000041,860,
2025-12-19T07:46:00.369Z,0.703,1,600,480x270,1.94853599999999,860,
2025-12-19T07:46:00.702Z,0.865,1,600,480x270,2.0136070000000075,875,
2025-12-19T07:46:01.118Z,0.956,1,600,480x270,1.978679999999997,895,
2025-12-19T07:46:01.729Z,0.827,1,600,480x270,1.9696749999999952,934,
2025-12-19T07:46:02.290Z,0.777,1,600,480x270,2.000249999999994,962,
2025-12-19T07:46:02.796Z,0.751,1,600,480x270,2.0004160000000013,972,
2025-12-19T07:46:03.313Z,0.725,1,600,480x270,1.9803320000000042,960,
2025-12-19T07:46:03.895Z,0.614,1,600,480x270,2.0053399999999897,962,
2025-12-19T07:46:04.522Z,0.658,1,600,480x270,1.9793030000000158,951,
2025-12-19T07:46:05.210Z,0.36,1,600,480x270,1.9883179999999925,963,
2025-12-19T07:46:05.306Z,0.256,1,600,480x270,1.9863390000000152,972,rebuffer happen
2025-12-19T07:46:05.957Z,0.146,1,600,480x270,1.9514219999999796,972,
2025-12-19T07:46:06.036Z,0.051,0,200,320x180,1.9694240000000036,982,
2025-12-19T07:46:06.043Z,0.031,0,200,320x180,1.962502999999998,982,rebuffer happen
2025-12-19T07:46:06.477Z,0.032,0,200,320x180,1.9940839999999866,982,rebuffer happen
2025-12-19T07:46:06.544Z,0.029,0,200,320x180,2.0592029999999966,982,rebuffer happen
2025-12-19T07:46:06.629Z,0.095,0,200,320x180,2.1056629999999927,982,
2025-12-19T07:46:06.694Z,0.015,0,200,320x180,2.1479019999999878,976,rebuffer happen
2025-12-19T07:46:06.777Z,0.032,0,200,320x180,2.098082000000005,976,rebuffer happen
2025-12-19T07:46:06.844Z,0.026,0,200,320x180,2.1596079999999915,976,rebuffer happen
2025-12-19T07:46:06.944Z,0.019,0,200,320x180,2.1863099999999918,976,rebuffer happen
2025-12-19T07:46:07.061Z,0.029,0,200,320x180,2.1907670000000223,976,rebuffer happen
2025-12-19T07:46:07.111Z,0.026,0,200,320x180,2.259886999999992,976,rebuffer happen
2025-12-19T07:46:07.244Z,0.024,0,200,320x180,2.258386999999999,976,rebuffer happen
2025-12-19T07:46:07.311Z,0.022,0,200,320x180,2.3179149999999993,976,rebuffer happen
2025-12-19T07:46:07.335Z,0.022,0,200,320x180,2.3179149999999993,976,
2025-12-19T07:46:07.511Z,0.026,0,200,320x180,2.355046999999985,982,rebuffer happen
2025-12-19T07:46:07.578Z,0.021,0,200,320x180,2.317542000000003,982,rebuffer happen
2025-12-19T07:46:07.661Z,0.019,0,200,320x180,2.3538819999999987,982,rebuffer happen
2025-12-19T07:46:07.778Z,0.025,0,200,320x180,2.3561479999999904,982,rebuffer happen
2025-12-19T07:46:07.845Z,0.032,0,200,320x180,2.3996190000000013,982,rebuffer happen
2025-12-19T07:46:07.962Z,0.028,0,200,320x180,2.3933120000000088,982,rebuffer happen
2025-12-19T07:46:07.968Z,0.028,0,200,320x180,2.3933120000000088,982,
2025-12-19T07:46:08.012Z,0.023,0,200,320x180,2.4566800000000057,973,rebuffer happen
2025-12-19T07:46:08.482Z,0.104,0,200,320x180,2.4059660000000065,973,
2025-12-19T07:46:08.528Z,0.028,0,200,320x180,2.464445999999981,972,rebuffer happen
2025-12-19T07:46:08.562Z,0.03,0,200,320x180,2.43300099999999,972,rebuffer happen
2025-12-19T07:46:08.983Z,0.135,0,200,320x180,2.4375140000000215,972,
2025-12-19T07:46:09.426Z,0.17,0,200,320x180,2.4991410000000087,960,
2025-12-19T07:46:09.938Z,0.183,0,200,320x180,2.4923169999999857,953,
2025-12-19T07:46:10.358Z,0.201,0,200,320x180,2.4779650000000117,958,
2025-12-19T07:46:10.749Z,0.368,0,200,320x180,2.4495879999999772,948,
2025-12-19T07:46:10.827Z,0.317,1,600,480x270,2.442957000000007,947,
2025-12-19T07:46:10.828Z,0.205,1,600,480x270,2.4417700000000195,947,rebuffer happen
2025-12-19T07:46:10.964Z,0.021,1,600,480x270,2.3512959999999907,947,rebuffer happen
2025-12-19T07:46:11.273Z,0.285,1,600,480x270,2.4173720000000003,947,
2025-12-19T07:46:11.690Z,0.38,1,600,480x270,2.5123179999999934,955,
2025-12-19T07:46:11.782Z,0.279,1,600,480x270,2.4083870000000047,962,rebuffer happen
2025-12-19T07:46:12.088Z,0.352,1,600,480x270,2.3026370000000043,962,
2025-12-19T07:46:12.284Z,0.125,1,600,480x270,2.2603540000000066,962,rebuffer happen
2025-12-19T07:46:12.524Z,0.289,1,600,480x270,2.240854999999982,962,
2025-12-19T07:46:12.939Z,0.359,1,600,480x270,2.2031670000000076,970,
2025-12-19T07:46:13.094Z,0.173,1,600,480x270,2.2050820000000044,978,rebuffer happen
2025-12-19T07:46:13.383Z,0.332,1,600,480x270,2.085284999999999,978,
2025-12-19T07:46:13.575Z,0.191,1,600,480x270,2.0973060000000032,985,rebuffer happen
2025-12-19T07:46:13.794Z,0.437,1,600,480x270,2.1722599999999943,985,
2025-12-19T07:46:14.001Z,0.277,1,600,480x270,2.1497360000000185,992,rebuffer happen
2025-12-19T07:46:14.228Z,0.474,1,600,480x270,2.104912000000013,992,
2025-12-19T07:46:14.422Z,0.265,1,600,480x270,2.0942310000000077,1002,rebuffer happen
2025-12-19T07:46:14.745Z,0.351,1,600,480x270,2.0245709999999804,1002,
2025-12-19T07:46:15.104Z,0.481,1,600,480x270,2.034327999999988,990,
2025-12-19T07:46:15.418Z,0.661,1,600,480x270,2.0349080000000015,994,
2025-12-19T07:46:15.827Z,0.732,1,600,480x270,1.9986659999999858,994,
2025-12-19T07:46:16.171Z,0.863,1,600,480x270,1.936803999999995,978,
2025-12-19T07:46:16.486Z,1.067,1,600,480x270,1.92291800000001,975,
2025-12-19T07:46:16.844Z,1.2,1,600,480x270,1.9517639999999972,975,
2025-12-19T07:46:17.182Z,1.361,1,600,480x270,1.9059910000000002,989,
2025-12-19T07:46:17.538Z,1.5,1,600,480x270,1.948342000000025,995,
2025-12-19T07:46:17.931Z,1.63,1,600,480x270,1.9654319999999927,995,
2025-12-19T07:46:18.380Z,1.667,1,600,480x270,1.9210120000000188,1019,
2025-12-19T07:46:18.460Z,1.67,2,1000,640x360,1.949358999999987,1009,
2025-12-19T07:46:19.464Z,0.614,2,1000,640x360,1.9532459999999787,1013,
2025-12-19T07:46:20.020Z,0.57,2,1000,640x360,1.9808029999999803,998,
2025-12-19T07:46:20.577Z,0.558,2,1000,640x360,1.9404900000000112,979,
2025-12-19T07:46:21.073Z,0.51,2,1000,640x360,1.9263129999999933,944,
2025-12-19T07:46:21.778Z,0.478,2,1000,640x360,1.9148330000000158,913,
2025-12-19T07:46:22.385Z,0.184,2,1000,640x360,1.9287399999999764,869,rebuffer happen
2025-12-19T07:46:22.468Z,0.184,2,1000,640x360,1.9395789999999806,869,
2025-12-19T07:46:22.554Z,0.599,1,600,480x270,1.945779000000016,831,
2025-12-19T07:46:22.991Z,0.57,1,600,480x270,2.0013879999999915,831,
2025-12-19T07:46:23.405Z,0.661,1,600,480x270,2.0044520000000148,843,
2025-12-19T07:46:23.795Z,0.748,1,600,480x270,2.001289999999983,864,
2025-12-19T07:46:24.211Z,0.846,1,600,480x270,1.9786770000000047,882,
2025-12-19T07:46:24.629Z,0.949,1,600,480x270,1.9846239999999966,977,
2025-12-19T07:46:24.879Z,1.142,1,600,480x270,1.9336639999999932,974,
2025-12-19T07:46:25.220Z,1.326,1,600,480x270,1.9733280000000093,974,
2025-12-19T07:46:25.724Z,1.414,1,600,480x270,1.9674440000000004,981,
2025-12-19T07:46:26.240Z,1.332,1,600,480x270,1.9525840000000017,978,
2025-12-19T07:46:26.727Z,1.317,1,600,480x270,1.9630050000000097,1010,
2025-12-19T07:46:26.804Z,1.334,2,1000,640x360,1.9889069999999833,1005,
2025-12-19T07:46:27.499Z,0.645,2,1000,640x360,2.008029000000022,1005,
2025-12-19T07:46:28.087Z,0.602,2,1000,640x360,1.9089050000000043,967,
2025-12-19T07:46:28.711Z,0.593,2,1000,640x360,1.999637000000007,909,
2025-12-19T07:46:29.223Z,0.544,2,1000,640x360,1.972048000000001,857,
2025-12-19T07:46:29.298Z,0.774,1,600,480x270,1.8961160000000064,834,
2025-12-19T07:46:29.660Z,0.899,1,600,480x270,1.9301480000000026,834,
2025-12-19T07:46:30.033Z,1.024,1,600,480x270,1.9573959999999886,861,
2025-12-19T07:46:30.430Z,1.133,1,600,480x270,1.976331999999985,861,
2025-12-19T07:46:30.856Z,1.17,1,600,480x270,1.9363700000000108,864,
2025-12-19T07:46:31.289Z,1.268,1,600,480x270,1.998394999999988,871,
2025-12-19T07:46:31.688Z,1.35,1,600,480x270,1.9135949999999866,877,
2025-12-19T07:46:32.077Z,1.448,1,600,480x270,1.9142369999999858,881,
2025-12-19T07:46:32.538Z,1.532,1,600,480x270,1.9667399999999873,881,
2025-12-19T07:46:32.961Z,1.602,1,600,480x270,1.9431670000000167,978,
2025-12-19T07:46:33.403Z,1.646,1,600,480x270,1.9974300000000085,975,
2025-12-19T07:46:33.771Z,1.811,1,600,480x270,1.9380510000000015,976,
2025-12-19T07:46:34.109Z,1.937,1,600,480x270,1.9936440000000175,968,
2025-12-19T07:46:34.436Z,2.124,1,600,480x270,1.9633530000000121,978,
2025-12-19T07:46:34.922Z,2.121,1,600,480x270,1.9755639999999914,978,
2025-12-19T07:46:35.000Z,2.106,2,1000,640x360,1.9913009999999929,1004,
2025-12-19T07:46:36.465Z,0.617,2,1000,640x360,1.9414289999999994,1004,
2025-12-19T07:46:36.962Z,0.814,2,1000,640x360,1.9399500000000103,987,
2025-12-19T07:46:37.484Z,0.808,2,1000,640x360,1.9291789999999764,973,
2025-12-19T07:46:38.090Z,0.504,2,1000,640x360,2.006370000000004,964,
2025-12-19T07:46:38.812Z,0.458,2,1000,640x360,1.9797030000000007,955,
2025-12-19T07:46:38.887Z,0.688,1,600,480x270,1.9047040000000095,938,
2025-12-19T07:46:39.207Z,0.843,1,600,480x270,1.993864000000002,938,
2025-12-19T07:46:39.532Z,1.028,1,600,480x270,1.966021000000012,954,
2025-12-19T07:46:39.861Z,1.188,1,600,480x270,1.9334580000000017,954,
2025-12-19T07:46:40.204Z,1.335,1,600,480x270,1.9878509999999778,991,
2025-12-19T07:46:40.506Z,1.567,1,600,480x270,1.9961660000000165,995,
2025-12-19T07:46:40.816Z,1.74,1,600,480x270,1.9795060000000149,995,
2025-12-19T07:46:41.128Z,1.923,1,600,480x270,1.9650990000000093,1013,
2025-12-19T07:46:41.460Z,2.095,1,600,480x270,1.9557510000000207,1021,
2025-12-19T07:46:41.925Z,2.135,1,600,480x270,1.9725259999999878,1021,
2025-12-19T07:46:42.396Z,2.148,1,600,480x270,2.0046629999999936,1047,
2025-12-19T07:46:42.476Z,2.169,2,1000,640x360,1.9237660000000005,1037,
2025-12-19T07:46:44.098Z,0.524,2,1000,640x360,2.000902999999994,1021,
2025-12-19T07:46:44.579Z,0.628,2,1000,640x360,1.933035999999987,1003,
2025-12-19T07:46:45.098Z,0.588,2,1000,640x360,2.0009319999999775,993,
2025-12-19T07:46:45.564Z,0.577,2,1000,640x360,1.945607999999993,984,
2025-12-19T07:46:46.093Z,0.533,2,1000,640x360,2.005020000000002,973,
2025-12-19T07:46:46.174Z,0.972,1,600,480x270,1.9222780000000057,959,
2025-12-19T07:46:46.465Z,1.091,1,600,480x270,1.9308010000000024,959,
2025-12-19T07:46:46.687Z,1.333,1,600,480x270,1.9069059999999922,997,
2025-12-19T07:46:47.092Z,1.472,1,600,480x270,1.9995659999999873,1001,
2025-12-19T07:46:47.382Z,1.669,1,600,480x270,1.9145719999999926,1001,
2025-12-19T07:46:47.764Z,1.753,1,600,480x270,1.9412590000000023,1025,
2025-12-19T07:46:48.256Z,1.828,1,600,480x270,1.9405869999999936,1002,
2025-12-19T07:46:48.742Z,1.8,1,600,480x270,1.95715899999999,993,
2025-12-19T07:46:49.239Z,1.799,1,600,480x270,1.9517020000000116,985,
2025-12-19T07:46:50.123Z,1.444,1,600,480x270,1.9682690000000207,989,
2025-12-19T07:46:50.580Z,1.455,1,600,480x270,1.9149470000000122,904,
2025-12-19T07:46:51.026Z,1.538,1,600,480x270,1.963370000000026,904,
2025-12-19T07:46:51.434Z,1.631,1,600,480x270,1.9633440000000064,853,
2025-12-19T07:46:51.906Z,1.646,1,600,480x270,1.9905650000000037,865,
2025-12-19T07:46:52.405Z,1.649,1,600,480x270,1.9966369999999927,872,
2025-12-19T07:46:52.928Z,1.638,1,600,480x270,1.9667890000000057,863,
2025-12-19T07:46:53.624Z,1.447,1,600,480x270,1.9850210000000175,929,
2025-12-19T07:46:54.005Z,1.566,1,600,480x270,1.996485000000007,929,
2025-12-19T07:46:54.400Z,1.656,1,600,480x270,2.0119359999999915,929,
2025-12-19T07:46:54.698Z,1.886,1,600,480x270,2.0198430000000087,913,
2025-12-19T07:46:54.957Z,2.065,1,600,480x270,1.9541890000000137,912,
2025-12-19T07:46:55.430Z,2.132,1,600,480x270,1.9721370000000036,912,
2025-12-19T07:46:56.033Z,2.009,1,600,480x270,1.9664889999999957,961,
2025-12-19T07:46:56.383Z,2.165,1,600,480x270,1.9184750000000008,968,
2025-12-19T07:46:57.113Z,1.944,1,600,480x270,1.9776250000000175,981,
2025-12-19T07:46:57.622Z,1.931,1,600,480x270,1.98293799999999,967,
2025-12-19T07:46:58.072Z,1.988,1,600,480x270,1.9197510000000193,987,
2025-12-19T07:46:58.630Z,1.933,1,600,480x270,1.9860860000000002,987,
2025-12-19T07:46:59.024Z,2.027,1,600,480x270,1.986820999999992,1001,
2025-12-19T07:46:59.091Z,2.004,2,1000,640x360,1.917523999999986,1001,
2025-12-19T07:47:00.188Z,0.938,2,1000,640x360,1.9044590000000028,989,
2025-12-19T07:47:00.816Z,0.92,2,1000,640x360,1.9755759999999896,966,
2025-12-19T07:47:01.429Z,0.879,2,1000,640x360,1.9853060000000085,929,
2025-12-19T07:47:02.060Z,0.586,2,1000,640x360,1.9318730000000244,898,
2025-12-19T07:47:02.753Z,0.574,2,1000,640x360,1.9558920000000057,866,
2025-12-19T07:47:02.831Z,0.802,1,600,480x270,1.9854740000000106,829,
2025-12-19T07:47:03.127Z,0.886,1,600,480x270,1.979592000000025,829,
2025-12-19T07:47:03.466Z,1.078,1,600,480x270,1.9328529999999944,832,
2025-12-19T07:47:03.996Z,1.047,1,600,480x270,1.9948009999999954,832,
2025-12-19T07:47:04.362Z,1.179,1,600,480x270,1.9298440000000028,848,
2025-12-19T07:47:04.725Z,1.318,1,600,480x270,1.9661260000000027,879,
2025-12-19T07:47:05.129Z,1.426,1,600,480x270,1.9637969999999996,904,
2025-12-19T07:47:05.445Z,1.615,1,600,480x270,1.9560149999999794,917,
2025-12-19T07:47:05.816Z,1.746,1,600,480x270,1.9788389999999936,917,
2025-12-19T07:47:06.283Z,1.772,1,600,480x270,1.9118830000000173,956,
2025-12-19T07:47:06.628Z,1.943,1,600,480x270,1.987209000000007,941,
2025-12-19T07:47:06.991Z,2.073,1,600,480x270,2.006243999999981,949,
2025-12-19T07:47:07.479Z,2.077,1,600,480x270,1.9225940000000037,949,
2025-12-19T07:47:07.983Z,2.06,1,600,480x270,1.9164780000000121,941,
2025-12-19T07:47:08.442Z,2.121,1,600,480x270,1.9596140000000162,940,
2025-12-19T07:47:08.961Z,2.094,1,600,480x270,1.9321950000000072,943,
2025-12-19T07:47:09.479Z,2.089,1,600,480x270,1.9175290000000018,951,
2025-12-19T07:47:09.948Z,2.084,1,600,480x270,1.953251999999992,957,
2025-12-19T07:47:10.432Z,2.124,1,600,480x270,1.9782680000000141,969,
2025-12-19T07:47:10.913Z,2.135,1,600,480x270,1.9914440000000013,972,
2025-12-19T07:47:11.375Z,2.173,1,600,480x270,1.9239570000000015,983,
2025-12-19T07:47:11.881Z,2.175,1,600,480x270,1.9325099999999793,989,
2025-12-19T07:47:12.365Z,2.184,1,600,480x270,1.9397610000000043,996,
2025-12-19T07:47:12.441Z,2.203,2,1000,640x360,1.9549649999999872,1004,
2025-12-19T07:47:14.039Z,0.634,2,1000,640x360,1.9548680000000047,1002,
2025-12-19T07:47:14.619Z,0.618,2,1000,640x360,1.9834189999999978,985,
2025-12-19T07:47:15.419Z,0.308,2,1000,640x360,1.9864120000000014,968,
2025-12-19T07:47:15.799Z,0.275,2,1000,640x360,2.0131689999999764,907,rebuffer happen
2025-12-19T07:47:16.035Z,0.033,2,1000,640x360,1.973622999999975,907,rebuffer happen
2025-12-19T07:47:16.067Z,0.033,2,1000,640x360,1.973622999999975,907,
2025-12-19T07:47:16.138Z,0.533,1,600,480x270,2.005030000000005,859,
2025-12-19T07:47:16.633Z,0.447,1,600,480x270,2.0002739999999903,859,
2025-12-19T07:47:16.847Z,0.239,1,600,480x270,1.978841999999986,835,rebuffer happen
2025-12-19T07:47:17.159Z,0.416,1,600,480x270,1.9491629999999986,835,
2025-12-19T07:47:17.332Z,0.246,1,600,480x270,1.9799500000000023,833,rebuffer happen
2025-12-19T07:47:17.636Z,0.455,1,600,480x270,1.984185999999994,833,
2025-12-19T07:47:17.832Z,0.278,1,600,480x270,1.9743410000000097,818,rebuffer happen
2025-12-19T07:47:18.084Z,0.49,1,600,480x270,1.9243700000000104,818,
2025-12-19T07:47:18.540Z,0.545,1,600,480x270,1.9730810000000076,818,
2025-12-19T07:47:19.039Z,0.514,1,600,480x270,1.959271000000001,817,
2025-12-19T07:47:19.344Z,0.675,1,600,480x270,1.962916000000007,847,
2025-12-19T07:47:19.903Z,0.669,1,600,480x270,1.999212,848,
2025-12-19T07:47:20.339Z,0.714,1,600,480x270,1.9590129999999988,863,
2025-12-19T07:47:20.740Z,0.808,1,600,480x270,1.953643999999997,889,
2025-12-19T07:47:21.215Z,0.796,1,600,480x270,1.9725439999999992,894,
2025-12-19T07:47:21.668Z,0.828,1,600,480x270,1.9307240000000263,877,
2025-12-19T07:47:22.271Z,0.787,1,600,480x270,1.9303979999999967,847,
2025-12-19T07:47:22.885Z,0.692,1,600,480x270,1.9135850000000119,831,
2025-12-19T07:47:22.960Z,0.681,0,200,320x180,1.9389260000000093,810,
2025-12-19T07:47:23.213Z,0.782,0,200,320x180,1.97727900000001,810,
2025-12-19T07:47:23.466Z,1.098,0,200,320x180,1.9486960000000124,805,
2025-12-19T07:47:23.689Z,1.364,0,200,320x180,1.9248959999999897,805,
2025-12-19T07:47:23.937Z,1.619,0,200,320x180,1.967109999999991,796,
2025-12-19T07:47:24.091Z,1.964,0,200,320x180,2.004412000000002,796,
2025-12-19T07:47:24.297Z,2.21,0,200,320x180,2.0018210000000067,796,
2025-12-19T07:47:24.794Z,2.261,0,200,320x180,2.0002529999999865,798,
2025-12-19T07:47:25.312Z,2.271,0,200,320x180,1.9893399999999986,803,
2025-12-19T07:47:25.793Z,2.261,0,200,320x180,2.001503000000014,807,
2025-12-19T07:47:26.286Z,2.197,0,200,320x180,1.9093970000000127,823,
2025-12-19T07:47:26.368Z,2.274,1,600,480x270,1.9354040000000055,833,
2025-12-19T07:47:27.428Z,1.652,1,600,480x270,1.9778129999999976,833,
2025-12-19T07:47:28.023Z,1.53,1,600,480x270,1.9871689999999944,819,
2025-12-19T07:47:28.906Z,1.247,1,600,480x270,2.0027359999999987,812,
2025-12-19T07:47:29.631Z,0.938,1,600,480x270,1.9710400000000163,777,
2025-12-19T07:47:30.343Z,0.704,1,600,480x270,1.9602309999999932,747,
2025-12-19T07:47:30.438Z,0.643,0,200,320x180,1.9640299999999797,706,
2025-12-19T07:47:30.727Z,0.798,0,200,320x180,1.9663160000000062,706,
2025-12-19T07:47:30.962Z,1.03,0,200,320x180,1.9337639999999965,703,
2025-12-19T07:47:31.203Z,1.27,0,200,320x180,1.9863100000000031,703,
2025-12-19T07:47:31.442Z,1.561,0,200,320x180,1.964823999999993,662,
2025-12-19T07:47:31.741Z,1.817,0,200,320x180,1.9734160000000145,662,
2025-12-19T07:47:32.058Z,2.061,0,200,320x180,1.9460170000000119,655,
2025-12-19T07:47:32.360Z,2.135,0,200,320x180,1.9367129999999975,655,
2025-12-19T07:47:32.826Z,2.214,0,200,320x180,1.9802339999999958,655,
2025-12-19T07:47:33.328Z,2.184,0,200,320x180,1.968293000000017,673,
2025-12-19T07:47:33.839Z,2.187,0,200,320x180,1.9529620000000136,665,
2025-12-19T07:47:33.921Z,2.169,1,600,480x270,1.9722720000000038,664,
2025-12-19T07:47:34.835Z,1.7,1,600,480x270,1.9649379999999894,664,
2025-12-19T07:47:35.168Z,1.873,1,600,480x270,1.9276830000000018,706,
2025-12-19T07:47:35.535Z,2.017,1,600,480x270,1.9713950000000011,733,
2025-12-19T07:47:35.963Z,2.083,1,600,480x270,1.9380749999999978,733,
2025-12-19T07:47:36.503Z,2.037,1,600,480x270,1.987043,841,
2025-12-19T07:47:36.995Z,2.045,1,600,480x270,1.9996289999999988,845,
2025-12-19T07:47:37.469Z,2.087,1,600,480x270,1.9221919999999955,861,
2025-12-19T07:47:37.954Z,2.067,1,600,480x270,1.9458429999999964,864,
2025-12-19T07:47:38.518Z,2.029,1,600,480x270,1.9792909999999893,892,
2025-12-19T07:47:39.096Z,2.078,1,600,480x270,2.0002430000000118,909,
2025-12-19T07:47:39.358Z,2.154,1,600,480x270,1.9393170000000168,919,
2025-12-19T07:47:39.922Z,2.137,1,600,480x270,1.9740930000000105,923,
2025-12-19T07:47:40.492Z,2.059,1,600,480x270,2.0193610000000035,920,
2025-12-19T07:47:40.864Z,2.218,1,600,480x270,1.9352800000000059,921,
2025-12-19T07:47:41.423Z,2.12,1,600,480x270,1.9730669999999861,938,
2025-12-19T07:47:41.957Z,2.086,1,600,480x270,1.9403269999999964,958,
2025-12-19T07:47:42.506Z,2.042,1,600,480x270,1.9880110000000002,976,
2025-12-19T07:47:42.969Z,2.075,1,600,480x270,1.9221540000000061,976,
2025-12-19T07:47:43.578Z,1.973,1,600,480x270,1.9287029999999845,977,
2025-12-19T07:47:43.997Z,2.033,1,600,480x270,2.0028930000000003,979,
2025-12-19T07:47:44.528Z,2.05,1,600,480x270,1.9882399999999905,982,
2025-12-19T07:47:45.048Z,2.016,1,600,480x270,1.9473759999999913,989,
2025-12-19T07:47:45.467Z,2.08,1,600,480x270,1.9313649999999996,991,
2025-12-19T07:47:45.547Z,2.028,2,1000,640x360,1.9442360000000178,1000,
2025-12-19T07:47:47.157Z,0.428,2,1000,640x360,1.9393770000000075,1000,
2025-12-19T07:47:47.863Z,0.405,2,1000,640x360,1.9424029999999846,977,
2025-12-19T07:47:48.456Z,0.12,2,1000,640x360,1.9539259999999956,947,rebuffer happen
2025-12-19T07:47:48.509Z,0.12,2,1000,640x360,2.0087759999999832,947,
2025-12-19T07:47:49.002Z,0.064,2,1000,640x360,2.0048019999999838,902,rebuffer happen
2025-12-19T07:47:49.045Z,0.02,2,1000,640x360,1.9608949999999936,902,rebuffer happen
2025-12-19T07:47:49.266Z,0.02,2,1000,640x360,2.1548950000000104,902,
2025-12-19T07:47:49.341Z,0.489,1,600,480x270,2.170911999999987,821,
2025-12-19T07:47:49.575Z,0.143,1,600,480x270,2.07902500000003,821,rebuffer happen
2025-12-19T07:47:49.956Z,0.27,1,600,480x270,2.07349099999999,821,
2025-12-19T07:47:50.448Z,0.266,1,600,480x270,2.103812000000005,783,
2025-12-19T07:47:50.859Z,0.362,1,600,480x270,2.0637629999999945,860,
2025-12-19T07:47:50.896Z,0.292,1,600,480x270,2.1202279999999973,847,rebuffer happen
2025-12-19T07:47:51.453Z,0.196,1,600,480x270,2.0408689999999865,847,
2025-12-19T07:47:51.630Z,0.032,1,600,480x270,2.0626470000000268,857,rebuffer happen
2025-12-19T07:47:52.012Z,0.204,1,600,480x270,2.1078449999999975,857,
2025-12-19T07:47:52.164Z,0.025,1,600,480x270,2.0669129999999996,813,rebuffer happen
2025-12-19T07:47:52.264Z,0.019,1,600,480x270,2.0871099999999956,813,rebuffer happen
2025-12-19T07:47:52.297Z,0.025,1,600,480x270,2.1532849999999826,813,rebuffer happen
2025-12-19T07:47:52.605Z,0.122,1,600,480x270,2.1879519999999957,813,
2025-12-19T07:47:52.731Z,0.024,1,600,480x270,2.1524329999999736,809,rebuffer happen
2025-12-19T07:47:52.881Z,0.025,1,600,480x270,2.1612879999999564,809,rebuffer happen
2025-12-19T07:47:53.229Z,0.115,1,600,480x270,2.2581369999999765,809,
2025-12-19T07:47:53.297Z,0.127,0,200,320x180,2.1918549999999755,824,
2025-12-19T07:47:53.332Z,0.029,0,200,320x180,2.265434999999968,824,rebuffer happen
2025-12-19T07:47:53.473Z,0.397,0,200,320x180,2.278344000000004,824,
2025-12-19T07:47:53.692Z,0.683,0,200,320x180,2.3401739999999904,824,
2025-12-19T07:47:53.935Z,0.901,0,200,320x180,2.2162140000000363,781,
2025-12-19T07:47:54.062Z,1.119,0,200,320x180,2.1554100000000176,781,
2025-12-19T07:47:54.203Z,1.459,0,200,320x180,2.1832840000000147,781,
2025-12-19T07:47:54.462Z,1.729,0,200,320x180,2.093871999999976,775,
2025-12-19T07:47:54.720Z,1.938,0,200,320x180,2.093767000000014,775,
2025-12-19T07:47:54.943Z,2.181,0,200,320x180,2.0429850000000442,758,
2025-12-19T07:47:55.302Z,2.331,0,200,320x180,2.038175000000024,758,
2025-12-19T07:47:55.807Z,2.296,0,200,320x180,2.0241550000000075,797,
2025-12-19T07:47:56.365Z,2.257,0,200,320x180,1.9475539999999683,821,
2025-12-19T07:47:56.787Z,2.301,0,200,320x180,1.9353629999999953,860,
2025-12-19T07:47:56.866Z,2.298,1,600,480x270,1.9454539999999838,874,
2025-12-19T07:47:57.478Z,2.09,1,600,480x270,1.9276590000000056,874,
2025-12-19T07:47:57.939Z,2.119,1,600,480x270,1.9535290000000032,908,
2025-12-19T07:47:58.446Z,2.104,1,600,480x270,1.9505589999999984,903,
2025-12-19T07:47:58.875Z,2.181,1,600,480x270,1.9177929999999606,907,
2025-12-19T07:47:59.346Z,2.196,1,600,480x270,1.9504340000000298,922,
2025-12-19T07:48:00.025Z,2.02,1,600,480x270,1.9690269999999828,932,
2025-12-19T07:48:00.576Z,1.997,1,600,480x270,1.9331789999999955,935,
2025-12-19T07:48:00.953Z,2.117,1,600,480x270,1.9460530000000063,947,
2025-12-19T07:48:01.614Z,1.929,1,600,480x270,1.9783439999999928,950,
2025-12-19T07:48:02.005Z,2.04,1,600,480x270,1.9933809999999994,958,
2025-12-19T07:48:02.476Z,2.073,1,600,480x270,1.921352000000013,958,
2025-12-19T07:48:03.087Z,2.004,1,600,480x270,1.9044470000000047,958,
2025-12-19T07:48:03.525Z,2.03,1,600,480x270,1.9749549999999658,963,
2025-12-19T07:48:03.990Z,2.075,1,600,480x270,2.0034389999999576,980,
2025-12-19T07:48:04.468Z,2.106,1,600,480x270,1.9473780000000147,977,
2025-12-19T07:48:04.994Z,2.075,1,600,480x270,2.006656000000021,980,
2025-12-19T07:48:05.512Z,2.049,1,600,480x270,1.9858729999999696,980,
2025-12-19T07:48:06.028Z,2.017,1,600,480x270,1.9627990000000182,979,
2025-12-19T07:48:06.549Z,1.981,1,600,480x270,1.9475459999999885,978,
2025-12-19T07:48:07.037Z,2.007,1,600,480x270,1.955697999999984,983,
2025-12-19T07:48:07.721Z,1.829,1,600,480x270,1.978586000000007,986,
2025-12-19T07:48:08.107Z,1.938,1,600,480x270,1.9843159999999784,984,
2025-12-19T07:48:08.480Z,2.079,1,600,480x270,1.9288680000000227,985,
2025-12-19T07:48:08.901Z,2.149,1,600,480x270,2.009377000000029,985,
2025-12-19T07:48:09.439Z,2.127,1,600,480x270,1.9785019999999918,999,
2025-12-19T07:48:09.508Z,2.138,2,1000,640x360,2.0124770000000467,1005,
2025-12-19T07:48:11.076Z,0.698,2,1000,640x360,1.917254000000014,1008,
2025-12-19T07:48:11.613Z,0.676,2,1000,640x360,1.9945470000000114,993,
2025-12-19T07:48:12.159Z,0.636,2,1000,640x360,1.94079899999997,981,
2025-12-19T07:48:12.690Z,0.617,2,1000,640x360,2.010802999999953,959,
2025-12-19T07:48:13.243Z,0.577,2,1000,640x360,1.948065999999983,932,
2025-12-19T07:48:13.311Z,0.807,1,600,480x270,1.9907719999999927,910,
2025-12-19T07:48:13.685Z,0.867,1,600,480x270,1.929407000000026,910,
2025-12-19T07:48:14.110Z,0.937,1,600,480x270,1.9876429999999914,984,
2025-12-19T07:48:14.358Z,1.188,1,600,480x270,1.9373549999999682,991,
2025-12-19T07:48:14.653Z,1.394,1,600,480x270,1.9393969999999854,991,
2025-12-19T07:48:14.954Z,1.589,1,600,480x270,1.936633000000029,1016,
2025-12-19T07:48:15.344Z,1.711,1,600,480x270,1.9529440000000022,1016,
2025-12-19T07:48:15.727Z,1.817,1,600,480x270,1.974706000000026,1021,
2025-12-19T07:48:16.102Z,1.894,1,600,480x270,1.9870710000000145,1034,
2025-12-19T07:48:16.452Z,2.098,1,600,480x270,1.9569609999999784,1034,
2025-12-19T07:48:16.978Z,2.024,1,600,480x270,1.9209319999999934,1063,
2025-12-19T07:48:17.047Z,2.087,2,1000,640x360,1.945682999999974,1060,
2025-12-19T07:48:18.608Z,0.481,2,1000,640x360,1.9900470000000041,1041,
2025-12-19T07:48:19.181Z,0.449,2,1000,640x360,1.9155979999999886,1012,
2025-12-19T07:48:19.747Z,0.422,2,1000,640x360,1.951283999999987,998,
2025-12-19T07:48:20.134Z,0.469,2,1000,640x360,1.957870000000014,976,
2025-12-19T07:48:20.493Z,0.611,2,1000,640x360,2.0124930000000063,955,
2025-12-19T07:48:20.573Z,1.082,1,600,480x270,1.930573000000038,955,
2025-12-19T07:48:20.849Z,1.199,1,600,480x270,1.951720000000023,955,
2025-12-19T07:48:21.077Z,1.494,1,600,480x270,1.923706999999979,962,
2025-12-19T07:48:21.368Z,1.692,1,600,480x270,1.9340030000000183,962,
2025-12-19T07:48:21.684Z,1.886,1,600,480x270,1.9238040000000183,1000,
2025-12-19T07:48:22.246Z,1.809,1,600,480x270,1.9496110000000044,1002,
2025-12-19T07:48:22.635Z,1.904,1,600,480x270,1.9637690000000134,1017,
2025-12-19T07:48:23.043Z,1.965,1,600,480x270,1.9497060000000488,1027,
2025-12-19T07:48:23.521Z,2.027,1,600,480x270,1.9755690000000072,1027,
2025-12-19T07:48:24.006Z,2.036,1,600,480x270,1.9870430000000283,1059,
2025-12-19T07:48:24.077Z,2.055,2,1000,640x360,1.9153500000000463,1073,
2025-12-19T07:48:25.179Z,1.094,2,1000,640x360,1.9174540000000206,1072,
2025-12-19T07:48:25.740Z,1.033,2,1000,640x360,1.9657599999999888,1034,
2025-12-19T07:48:26.269Z,1.025,2,1000,640x360,1.9212309999999775,1010,
2025-12-19T07:48:26.917Z,0.727,2,1000,640x360,1.9740899999999897,970,
2025-12-19T07:48:27.477Z,0.699,2,1000,640x360,1.9230600000000209,921,
2025-12-19T07:48:27.544Z,1.09,1,600,480x270,1.9644289999999955,899,
2025-12-19T07:48:27.920Z,1.136,1,600,480x270,1.974630999999988,899,
2025-12-19T07:48:28.296Z,1.251,1,600,480x270,1.999748000000011,919,
2025-12-19T07:48:28.686Z,1.398,1,600,480x270,1.9137099999999805,955,
2025-12-19T07:48:29.050Z,1.51,1,600,480x270,1.9452530000000365,979,
2025-12-19T07:48:29.506Z,1.551,1,600,480x270,2.0127479999999878,979,
2025-12-19T07:48:29.887Z,1.667,1,600,480x270,1.9186070000000086,990,
2025-12-19T07:48:30.179Z,1.867,1,600,480x270,1.9142640000000029,1010,
2025-12-19T07:48:30.606Z,1.953,1,600,480x270,1.9890310000000113,1023,
2025-12-19T07:48:31.005Z,2.038,1,600,480x270,1.9841169999999693,1040,
2025-12-19T07:48:31.076Z,2.055,2,1000,640x360,1.912322999999958,1040,
2025-12-19T07:48:32.163Z,0.909,2,1000,640x360,1.9258100000000127,1042,
2025-12-19T07:48:32.717Z,0.889,2,1000,640x360,1.9847369999999955,974,
2025-12-19T07:48:33.671Z,0.604,2,1000,640x360,1.9331050000000118,912,
2025-12-19T07:48:34.196Z,0.563,2,1000,640x360,2.000103000000024,852,
2025-12-19T07:48:34.268Z,0.864,1,600,480x270,1.9261180000000309,829,
2025-12-19T07:48:34.675Z,0.903,1,600,480x270,1.9276070000000232,829,
2025-12-19T07:48:35.068Z,0.957,1,600,480x270,1.9380290000000286,838,
2025-12-19T07:48:35.561Z,0.998,1,600,480x270,1.9322629999999776,838,
2025-12-19T07:48:35.938Z,1.135,1,600,480x270,1.955645000000004,839,
2025-12-19T07:48:36.256Z,1.299,1,600,480x270,1.9339840000000095,838,
2025-12-19T07:48:36.568Z,1.448,1,600,480x270,1.9287600000000111,845,
2025-12-19T07:48:36.741Z,1.706,1,600,480x270,1.9554299999999785,845,
2025-12-19T07:48:36.856Z,2.275,1,600,480x270,1.9387629999999945,875,
2025-12-19T07:48:37.910Z,1.656,1,600,480x270,2.0020580000000336,875,
2025-12-19T07:48:38.453Z,1.589,1,600,480x270,1.9405040000000326,942,
2025-12-19T07:48:38.913Z,1.659,1,600,480x270,1.986928999999975,945,
2025-12-19T07:48:39.268Z,1.754,1,600,480x270,1.9199339999999552,947,
2025-12-19T07:48:39.651Z,1.892,1,600,480x270,1.9438200000000165,946,
2025-12-19T07:48:40.011Z,2.032,1,600,480x270,1.9859010000000126,950,
2025-12-19T07:48:40.474Z,2.077,1,600,480x270,1.9256449999999745,950,
2025-12-19T07:48:40.952Z,2.108,1,600,480x270,1.9432189999999991,958,
2025-12-19T07:48:41.482Z,2.091,1,600,480x270,1.9230140000000233,955,
2025-12-19T07:48:41.970Z,2.078,1,600,480x270,1.9245070000000055,955,
2025-12-19T07:48:42.524Z,2.024,1,600,480x270,1.9799130000000105,957,
2025-12-19T07:48:42.941Z,2.108,1,600,480x270,1.9651180000000181,966,
2025-12-19T07:48:43.554Z,1.994,1,600,480x270,1.9418830000000185,975,
2025-12-19T07:48:44.107Z,1.92,1,600,480x270,1.9817810000000122,985,
2025-12-19T07:48:44.649Z,1.902,1,600,480x270,1.9443610000000149,987,
2025-12-19T07:48:45.227Z,1.819,1,600,480x270,1.9714060000000018,980,
2025-12-19T07:48:45.788Z,1.787,1,600,480x270,1.9147120000000086,973,
2025-12-19T07:48:46.342Z,1.785,1,600,480x270,1.964745999999991,972,
2025-12-19T07:48:46.880Z,1.669,1,600,480x270,1.9242359999999508,929,
2025-12-19T07:48:47.397Z,1.634,1,600,480x270,1.9964429999999993,908,
2025-12-19T07:48:47.907Z,1.641,1,600,480x270,1.987495000000024,883,
2025-12-19T07:48:48.413Z,1.642,1,600,480x270,1.98860099999996,841,
2025-12-19T07:48:48.942Z,1.625,1,600,480x270,1.9505359999999996,845,
2025-12-19T07:48:49.450Z,1.578,1,600,480x270,1.9531200000000126,897,
2025-12-19T07:48:50.113Z,1.453,1,600,480x270,1.9806429999999864,872,
2025-12-19T07:48:50.552Z,1.515,1,600,480x270,1.9482959999999707,878,
2025-12-19T07:48:51.022Z,1.54,1,600,480x270,1.9766260000000102,878,
2025-12-19T07:48:51.484Z,1.579,1,600,480x270,1.9264220000000023,859,
2025-12-19T07:48:51.951Z,1.602,1,600,480x270,1.9519460000000208,942,
2025-12-19T07:48:52.305Z,1.779,1,600,480x270,1.9916410000000155,929,
2025-12-19T07:48:52.779Z,1.79,1,600,480x270,1.9255420000000072,913,
2025-12-19T07:48:53.256Z,1.789,1,600,480x270,1.934172999999987,901,
2025-12-19T07:48:53.684Z,1.852,1,600,480x270,1.9052580000000034,904,
2025-12-19T07:48:54.040Z,2.005,1,600,480x270,1.953628999999978,920,
2025-12-19T07:48:54.705Z,1.846,1,600,480x270,1.9996170000000006,920,
2025-12-19T07:48:55.309Z,1.737,1,600,480x270,1.981615999999974,886,
2025-12-19T07:48:55.882Z,1.671,1,600,480x270,1.915696999999966,876,
2025-12-19T07:48:56.388Z,1.668,1,600,480x270,1.90912000000003,880,
2025-12-19T07:48:56.728Z,1.806,1,600,480x270,1.964460000000031,862,
2025-12-19T07:48:56.951Z,2.091,1,600,480x270,1.9399000000000228,902,
2025-12-19T07:48:57.565Z,2.004,1,600,480x270,1.947484999999972,902,
2025-12-19T07:48:57.910Z,2.141,1,600,480x270,1.9856139999999982,926,
2025-12-19T07:48:58.388Z,2.182,1,600,480x270,1.9081150000000093,946,
2025-12-19T07:48:58.972Z,2.071,1,600,480x270,1.9198849999999652,958,
2025-12-19T07:48:59.456Z,2.098,1,600,480x270,1.9485449999999673,967,
2025-12-19T07:48:59.947Z,2.135,1,600,480x270,1.9496649999999818,975,
2025-12-19T07:49:00.423Z,2.12,1,600,480x270,1.9755800000000363,977,
2025-12-19T07:49:00.940Z,2.101,1,600,480x270,1.951016999999979,972,
2025-12-19T07:49:01.409Z,2.162,1,600,480x270,1.9991419999999493,983,
2025-12-19T07:49:01.924Z,2.12,1,600,480x270,1.9742449999999963,990,
2025-12-19T07:49:02.411Z,2.129,1,600,480x270,1.9842739999999708,991,
2025-12-19T07:49:02.484Z,2.118,2,1000,640x360,1.9105690000000095,1009,
2025-12-19T07:49:04.014Z,0.668,2,1000,640x360,1.9837650000000053,1015,
2025-12-19T07:49:04.518Z,0.767,2,1000,640x360,1.9841759999999908,1001,
2025-12-19T07:49:05.159Z,0.454,2,1000,640x360,1.9359479999999962,989,
2025-12-19T07:49:05.780Z,0.438,2,1000,640x360,1.9125519999999483,973,
2025-12-19T07:49:06.426Z,0.389,2,1000,640x360,1.977708000000007,951,
2025-12-19T07:49:06.494Z,0.647,1,600,480x270,1.9088469999999802,921,
2025-12-19T07:49:06.804Z,0.756,1,600,480x270,1.9979430000000207,921,
2025-12-19T07:49:07.107Z,0.937,1,600,480x270,1.9854629999999815,941,
2025-12-19T07:49:07.427Z,1.139,1,600,480x270,1.98776799999996,954,
2025-12-19T07:49:07.776Z,1.296,1,600,480x270,1.9329230000000166,954,
2025-12-19T07:49:08.136Z,1.428,1,600,480x270,1.963754999999992,965,
2025-12-19T07:49:08.494Z,1.565,1,600,480x270,2.016456000000005,979,
2025-12-19T07:49:08.925Z,1.647,1,600,480x270,1.9819330000000264,979,
2025-12-19T07:49:09.246Z,1.811,1,600,480x270,1.946848999999986,986,
2025-12-19T07:49:09.635Z,1.91,1,600,480x270,1.9641320000000064,998,
2025-12-19T07:49:09.990Z,2.053,1,600,480x270,2.0014299999999707,1011,
2025-12-19T07:49:10.058Z,2.072,2,1000,640x360,1.9320020000000113,1011,
2025-12-19T07:49:11.138Z,1.115,2,1000,640x360,1.9659730000000195,1025,
2025-12-19T07:49:11.893Z,0.827,2,1000,640x360,2.0058329999999955,998,
2025-12-19T07:49:12.640Z,0.547,2,1000,640x360,1.979660000000024,931,
2025-12-19T07:49:13.199Z,0.501,2,1000,640x360,1.998946999999987,863,
2025-12-19T07:49:13.267Z,0.823,1,600,480x270,1.9289600000000178,817,
2025-12-19T07:49:13.668Z,0.898,1,600,480x270,1.9359170000000177,817,
2025-12-19T07:49:14.045Z,1.018,1,600,480x270,1.9463020000000029,810,
2025-12-19T07:49:14.406Z,1.14,1,600,480x270,1.9862889999999993,810,
2025-12-19T07:49:15.025Z,1.036,1,600,480x270,1.967247000000043,824,
2025-12-19T07:49:15.526Z,1.03,1,600,480x270,1.9828870000000052,808,
2025-12-19T07:49:15.954Z,1.092,1,600,480x270,1.9532030000000304,835,
2025-12-19T07:49:16.486Z,1.078,1,600,480x270,1.932711999999981,829,
2025-12-19T07:49:16.987Z,1.072,1,600,480x270,1.909475000000043,836,
2025-12-19T07:49:17.406Z,1.17,1,600,480x270,1.9911799999999857,861,
2025-12-19T07:49:17.852Z,1.179,1,600,480x270,1.953138000000024,880,
2025-12-19T07:49:18.218Z,1.35,1,600,480x270,1.9743550000000027,887,
2025-12-19T07:49:18.577Z,1.455,1,600,480x270,1.913436000000047,882,
2025-12-19T07:49:18.956Z,1.583,1,600,480x270,1.9399980000000028,882,
2025-12-19T07:49:19.334Z,1.711,1,600,480x270,1.9724329999999668,892,
2025-12-19T07:49:19.730Z,1.816,1,600,480x270,1.9649650000000065,912,
2025-12-19T07:49:20.060Z,1.982,1,600,480x270,1.9411630000000173,916,
2025-12-19T07:49:20.459Z,2.088,1,600,480x270,1.950807999999995,916,
2025-12-19T07:49:20.974Z,2.088,1,600,480x270,1.920786000000021,937,
2025-12-19T07:49:21.459Z,2.082,1,600,480x270,1.9364860000000022,942,
2025-12-19T07:49:21.977Z,2.079,1,600,480x270,1.9151850000000081,941,
2025-12-19T07:49:22.461Z,2.089,1,600,480x270,1.9379059999999981,947,
2025-12-19T07:49:22.970Z,2.074,1,600,480x270,1.9349189999999794,958,
2025-12-19T07:49:23.508Z,2.049,1,600,480x270,1.9914819999999622,968,
2025-12-19T07:49:23.917Z,2.129,1,600,480x270,1.9855640000000108,969,
2025-12-19T07:49:24.403Z,2.155,1,600,480x270,1.9992149999999924,975,
2025-12-19T07:49:24.924Z,2.122,1,600,480x270,1.9711090000000127,980,
2025-12-19T07:49:25.459Z,2.091,1,600,480x270,1.941127999999992,988,
2025-12-19T07:49:25.974Z,2.079,1,600,480x270,1.915520000000015,993,
2025-12-19T07:49:26.054Z,2.086,2,1000,640x360,1.9369550000000118,1004,
2025-12-19T07:49:27.129Z,1.183,2,1000,640x360,1.9621700000000146,1004,
2025-12-19T07:49:27.732Z,0.888,2,1000,640x360,1.970784999999978,995,
2025-12-19T07:49:28.322Z,0.851,2,1000,640x360,1.9754420000000437,978,
2025-12-19T07:49:28.899Z,0.833,2,1000,640x360,2.0032400000000052,964,
2025-12-19T07:49:29.530Z,0.791,2,1000,640x360,1.997171000000037,930,
2025-12-19T07:49:29.610Z,1.051,1,600,480x270,2.0107660000000465,900,
2025-12-19T07:49:29.930Z,1.138,1,600,480x270,1.9776350000000207,900,
2025-12-19T07:49:30.266Z,1.277,1,600,480x270,1.9277629999999704,899,
2025-12-19T07:49:30.669Z,1.39,1,600,480x270,1.9256429999999796,907,
2025-12-19T07:49:31.002Z,1.54,1,600,480x270,1.987636000000009,933,
2025-12-19T07:49:31.335Z,1.699,1,600,480x270,1.960787000000039,933,
2025-12-19T07:49:31.696Z,1.805,1,600,480x270,1.9952400000000239,964,
2025-12-19T07:49:32.057Z,1.985,1,600,480x270,1.942261999999971,964,
2025-12-19T07:49:32.598Z,1.967,1,600,480x270,2.0054610000000253,964,
2025-12-19T07:49:33.004Z,1.974,1,600,480x270,1.9892070000000217,1002,
2025-12-19T07:49:33.072Z,2.06,2,1000,640x360,1.9205090000000382,1014,
2025-12-19T07:49:34.118Z,1.014,2,1000,640x360,1.9793230000000221,1019,
2025-12-19T07:49:34.649Z,0.983,2,1000,640x360,1.9474440000000186,988,
2025-12-19T07:49:35.304Z,0.944,2,1000,640x360,1.9863899999999717,961,
2025-12-19T07:49:35.941Z,0.648,2,1000,640x360,1.9573149999999941,915,
2025-12-19T07:49:36.578Z,0.636,2,1000,640x360,1.9243220000000179,884,
2025-12-19T07:49:36.657Z,0.994,1,600,480x270,1.943191000000013,855,
2025-12-19T07:49:37.022Z,1.038,1,600,480x270,1.9727300000000128,855,
2025-12-19T07:49:37.385Z,1.176,1,600,480x270,1.9235069999999723,893,
2025-12-19T07:49:37.750Z,1.318,1,600,480x270,1.9568719999999757,896,
2025-12-19T07:49:38.132Z,1.426,1,600,480x270,1.9642180000000167,920,
2025-12-19T07:49:38.502Z,1.556,1,600,480x270,1.998581999999999,905,
2025-12-19T07:49:38.851Z,1.659,1,600,480x270,1.9455280000000243,905,
2025-12-19T07:49:39.172Z,1.869,1,600,480x270,1.9181350000000066,938,
2025-12-19T07:49:39.503Z,2.022,1,600,480x270,1.9954950000000053,921,
2025-12-19T07:49:39.935Z,2.107,1,600,480x270,1.9606850000000122,921,
2025-12-19T07:49:40.448Z,2.105,1,600,480x270,1.9569619999999759,975,
2025-12-19T07:49:40.968Z,2.036,1,600,480x270,1.9304270000000088,973,
2025-12-19T07:49:41.502Z,2.052,1,600,480x270,2.009779999999978,981,
2025-12-19T07:49:42.032Z,2.01,1,600,480x270,1.966348000000039,978,
2025-12-19T07:49:42.477Z,2.064,1,600,480x270,1.9206679999999778,988,
2025-12-19T07:49:42.550Z,2.084,2,1000,640x360,1.9401720000000182,1000,
2025-12-19T07:49:44.158Z,0.41,2,1000,640x360,1.9450580000000173,1009,
2025-12-19T07:49:44.763Z,0.386,2,1000,640x360,1.9357279999999832,984,
2025-12-19T07:49:45.333Z,0.35,2,1000,640x360,1.9642069999999876,963,
2025-12-19T07:49:45.902Z,0.329,2,1000,640x360,1.9941220000000044,942,
2025-12-19T07:49:45.970Z,0.664,1,600,480x270,1.925282999999979,916,
2025-12-19T07:49:46.310Z,0.742,1,600,480x270,1.9957529999999792,916,
2025-12-19T07:49:46.664Z,0.911,1,600,480x270,1.9548649999999839,946,
2025-12-19T07:49:47.008Z,1.056,1,600,480x270,1.9919930000000363,941,
2025-12-19T07:49:47.366Z,1.182,1,600,480x270,1.9407889999999952,941,
2025-12-19T07:49:47.738Z,1.285,1,600,480x270,1.9549149999999713,975,
2025-12-19T07:49:48.102Z,1.399,1,600,480x270,1.9882029999999986,964,
2025-12-19T07:49:48.466Z,1.579,1,600,480x270,1.9396650000000477,964,
2025-12-19T07:49:48.854Z,1.681,1,600,480x270,1.936758999999995,971,
2025-12-19T07:49:49.231Z,1.83,1,600,480x270,1.9635909999999512,982,
2025-12-19T07:49:49.542Z,2.015,1,600,480x270,1.9611229999999864,986,
2025-12-19T07:49:49.935Z,2.076,1,600,480x270,1.9665229999999951,986,
2025-12-19T07:49:50.002Z,2.073,2,1000,640x360,1.99244699999997,1011,
2025-12-19T07:49:51.436Z,0.743,2,1000,640x360,1.9572339999999713,994,
2025-12-19T07:49:51.889Z,0.712,2,1000,640x360,1.903238999999985,976,
2025-12-19T07:49:52.367Z,0.946,2,1000,640x360,1.9291000000000054,965,
2025-12-19T07:49:52.847Z,0.905,2,1000,640x360,1.9502309999999738,938,
2025-12-19T07:49:53.807Z,0.363,2,1000,640x360,1.9905299999999784,919,
2025-12-19T07:49:53.892Z,0.761,1,600,480x270,1.9037440000000174,884,
2025-12-19T07:49:54.318Z,0.737,1,600,480x270,1.976067999999998,884,
2025-12-19T07:49:54.718Z,0.875,1,600,480x270,1.9859240000000113,917,
2025-12-19T07:49:55.066Z,0.981,1,600,480x270,1.9346869999999967,979,
2025-12-19T07:49:55.413Z,1.144,1,600,480x270,1.9832349999999792,979,
2025-12-19T07:49:55.788Z,1.321,1,600,480x270,1.902405999999985,989,
2025-12-19T07:49:56.155Z,1.412,1,600,480x270,1.9335780000000113,1003,
2025-12-19T07:49:56.460Z,1.587,1,600,480x270,1.9367839999999887,1016,
2025-12-19T07:49:56.791Z,1.765,1,600,480x270,2.0041990000000283,1016,
2025-12-19T07:49:57.102Z,1.951,1,600,480x270,1.9941220000000044,1030,
2025-12-19T07:49:57.440Z,2.111,1,600,480x270,1.961074999999994,1030,
2025-12-19T07:49:57.512Z,2.131,2,1000,640x360,1.9985040000000254,1048,
2025-12-19T07:49:59.093Z,0.54,2,1000,640x360,2.0016969999999787,1015,
2025-12-19T07:49:59.708Z,0.509,2,1000,640x360,1.9895089999999982,989,
2025-12-19T07:50:00.187Z,0.476,2,1000,640x360,1.9107869999999707,974,
2025-12-19T07:50:00.675Z,0.447,2,1000,640x360,1.9260209999999915,964,
2025-12-19T07:50:01.137Z,0.68,2,1000,640x360,1.9619849999999701,950,
2025-12-19T07:50:01.205Z,0.912,1,600,480x270,1.9873210000000086,932,
2025-12-19T07:50:01.495Z,1.022,1,600,480x270,2.005358000000001,932,
2025-12-19T07:50:01.832Z,1.228,1,600,480x270,1.9628569999999854,932,
2025-12-19T07:50:02.166Z,1.389,1,600,480x270,1.9247829999999908,961,
2025-12-19T07:50:02.509Z,1.515,1,600,480x270,1.997050999999999,967,
2025-12-19T07:50:02.954Z,1.614,1,600,480x270,1.9449490000000083,967,
2025-12-19T07:50:03.465Z,1.594,1,600,480x270,1.9434860000000072,991,
2025-12-19T07:50:03.931Z,1.618,1,600,480x270,1.9699360000000183,999,
2025-12-19T07:50:04.343Z,1.705,1,600,480x270,1.9621899999999641,997,
2025-12-19T07:50:04.784Z,1.777,1,600,480x270,1.9097849999999994,999,
2025-12-19T07:50:05.172Z,1.871,1,600,480x270,1.9176390000000083,986,
2025-12-19T07:50:05.579Z,1.972,1,600,480x270,1.9188599999999951,979,
2025-12-19T07:50:05.986Z,2.06,1,600,480x270,1.9055050000000051,979,
2025-12-19T07:50:06.535Z,2.014,1,600,480x270,1.976852000000008,996,
2025-12-19T07:50:06.602Z,2.04,2,1000,640x360,2.001406999999972,1002,
2025-12-19T07:50:07.769Z,1.054,2,1000,640x360,1.9392409999999813,998,
2025-12-19T07:50:08.534Z,0.739,2,1000,640x360,1.9669509999999946,967,
2025-12-19T07:50:09.272Z,0.437,2,1000,640x360,1.9209240000000136,909,
2025-12-19T07:50:09.791Z,0.415,2,1000,640x360,2.002886999999987,863,
2025-12-19T07:50:09.867Z,0.707,1,600,480x270,1.9257579999999734,838,
2025-12-19T07:50:10.163Z,0.877,1,600,480x270,1.9256970000000138,838,
2025-12-19T07:50:10.702Z,0.905,1,600,480x270,2.0053080000000136,839,
2025-12-19T07:50:11.015Z,1.06,1,600,480x270,1.977735999999993,875,
2025-12-19T07:50:11.344Z,1.208,1,600,480x270,1.9492759999999976,875,
2025-12-19T07:50:11.679Z,1.4,1,600,480x270,1.9118330000000014,932,
2025-12-19T07:50:11.994Z,1.561,1,600,480x270,2.0005070000000273,961,
2025-12-19T07:50:12.177Z,1.842,1,600,480x270,1.9251300000000242,961,
2025-12-19T07:50:12.379Z,2.164,1,600,480x270,1.913375999999971,993,
2025-12-19T07:50:12.865Z,2.19,1,600,480x270,1.927663999999993,993,
2025-12-19T07:50:13.472Z,2.074,1,600,480x270,1.927977999999996,1020,
2025-12-19T07:50:13.553Z,2.095,2,1000,640x360,1.9484649999999988,1037,
2025-12-19T07:50:15.068Z,0.601,2,1000,640x360,1.926429999999982,997,
2025-12-19T07:50:15.644Z,0.591,2,1000,640x360,1.9634039999999686,972,
2025-12-19T07:50:16.206Z,0.549,2,1000,640x360,1.9909299999999917,957,
2025-12-19T07:50:16.763Z,0.509,2,1000,640x360,1.9375310000000354,945,
2025-12-19T07:50:17.353Z,0.213,2,1000,640x360,1.941570000000013,929,rebuffer happen
2025-12-19T07:50:17.534Z,0.031,2,1000,640x360,1.9626720000000546,929,rebuffer happen
2025-12-19T07:50:17.818Z,0.031,2,1000,640x360,2.2706720000000473,929,
2025-12-19T07:50:17.895Z,0.531,1,600,480x270,2.202779000000021,909,
2025-12-19T07:50:18.144Z,0.235,1,600,480x270,2.2349270000000274,909,rebuffer happen
2025-12-19T07:50:18.340Z,0.456,1,600,480x270,2.1877439999999524,909,
2025-12-19T07:50:18.604Z,0.608,1,600,480x270,2.157895999999994,927,
2025-12-19T07:50:18.824Z,0.839,1,600,480x270,2.0875499999999647,958,
2025-12-19T07:50:19.048Z,1.095,1,600,480x270,2.0307020000000193,958,
2025-12-19T07:50:19.305Z,1.31,1,600,480x270,2.0614719999999807,958,
2025-12-19T07:50:19.607Z,1.499,1,600,480x270,2.0354580000000055,978,
2025-12-19T07:50:19.973Z,1.603,1,600,480x270,1.9511110000000258,979,
2025-12-19T07:50:20.296Z,1.772,1,600,480x270,2.0183059999999955,979,
2025-12-19T07:50:20.564Z,2.014,1,600,480x270,1.9514320000000112,982,
2025-12-19T07:50:20.998Z,2.059,1,600,480x270,2.0037659999999846,982,
2025-12-19T07:50:21.524Z,2.028,1,600,480x270,1.9858960000000252,993,
2025-12-19T07:50:21.601Z,2.049,2,1000,640x360,1.9993749999999864,1015,
2025-12-19T07:50:22.770Z,0.989,2,1000,640x360,1.925360000000012,1002,
2025-12-19T07:50:23.390Z,0.704,2,1000,640x360,2.005441000000019,979,
2025-12-19T07:50:24.019Z,0.607,2,1000,640x360,1.9714449999999601,957,
2025-12-19T07:50:24.586Z,0.638,2,1000,640x360,1.9160620000000108,924,
2025-12-19T07:50:25.131Z,0.6,2,1000,640x360,1.9584949999999708,903,
2025-12-19T07:50:25.210Z,0.927,1,600,480x270,1.9885060000000294,890,
2025-12-19T07:50:25.600Z,1.002,1,600,480x270,2.008615999999961,890,
2025-12-19T07:50:25.942Z,1.13,1,600,480x270,1.9605599999999868,890,
2025-12-19T07:50:26.263Z,1.291,1,600,480x270,1.9295309999999972,927,
2025-12-19T07:50:26.490Z,1.559,1,600,480x270,2.0197880000000055,933,
2025-12-19T07:50:26.737Z,1.832,1,600,480x270,1.9677300000000173,933,
2025-12-19T07:50:27.014Z,2.04,1,600,480x270,1.9885590000000093,966,
2025-12-19T07:50:27.564Z,2.023,1,600,480x270,1.9315679999999702,966,
2025-12-19T07:50:28.114Z,1.939,1,600,480x270,1.9821140000000241,997,
2025-12-19T07:50:28.484Z,2.068,1,600,480x270,1.9182439999999588,1024,
2025-12-19T07:50:28.606Z,2.087,2,1000,640x360,1.9978280000000268,1024,
2025-12-19T07:50:29.747Z,0.827,2,1000,640x360,1.9666100000000029,1016,
2025-12-19T07:50:30.508Z,0.782,2,1000,640x360,2.011700000000019,978,
2025-12-19T07:50:31.097Z,0.503,2,1000,640x360,2.0068109999999706,903,
2025-12-19T07:50:31.743Z,0.463,2,1000,640x360,1.957603000000006,858,
2025-12-19T07:50:31.820Z,0.821,1,600,480x270,1.9769929999999931,826,
2025-12-19T07:50:32.238Z,0.835,1,600,480x270,1.953454000000022,826,
2025-12-19T07:50:32.599Z,0.944,1,600,480x270,1.9951190000000452,824,
2025-12-19T07:50:32.984Z,1.076,1,600,480x270,1.9080949999999461,824,
2025-12-19T07:50:33.360Z,1.202,1,600,480x270,1.943760999999995,820,
2025-12-19T07:50:33.777Z,1.291,1,600,480x270,1.921625000000006,834,
2025-12-19T07:50:34.185Z,1.374,1,600,480x270,1.9085410000000138,860,
2025-12-19T07:50:34.682Z,1.383,1,600,480x270,1.9353000000000407,892,
2025-12-19T07:50:35.177Z,1.371,1,600,480x270,1.923550999999975,917,
2025-12-19T07:50:35.608Z,1.433,1,600,480x270,1.9878350000000182,925,
2025-12-19T07:50:35.968Z,1.542,1,600,480x270,1.9223870000000147,932,
2025-12-19T07:50:36.359Z,1.704,1,600,480x270,1.9424690000000169,932,
2025-12-19T07:50:36.715Z,1.832,1,600,480x270,1.991959999999949,920,
2025-12-19T07:50:37.149Z,1.961,1,600,480x270,1.9445490000000518,893,
2025-12-19T07:50:37.496Z,2.06,1,600,480x270,2.0153720000000135,925,
2025-12-19T07:50:37.899Z,2.158,1,600,480x270,1.9968830000000253,925,
2025-12-19T07:50:38.436Z,2.121,1,600,480x270,1.972861000000023,947,
2025-12-19T07:50:38.984Z,2.08,1,600,480x270,1.9187939999999912,951,
2025-12-19T07:50:39.423Z,2.135,1,600,480x270,1.9782040000000052,955,
2025-12-19T07:50:39.902Z,2.141,1,600,480x270,1.9985429999999837,966,
2025-12-19T07:50:40.446Z,2.134,1,600,480x270,1.954813999999999,976,
2025-12-19T07:50:40.940Z,2.103,1,600,480x270,1.9612319999999954,991,
2025-12-19T07:50:41.019Z,2.122,2,1000,640x360,1.9740940000000364,1002,
2025-12-19T07:50:42.573Z,0.575,2,1000,640x360,1.9406960000000026,996,
2025-12-19T07:50:42.964Z,0.661,2,1000,640x360,1.9447079999999914,978,
2025-12-19T07:50:43.328Z,0.765,2,1000,640x360,1.9655069999999455,966,
2025-12-19T07:50:43.819Z,0.934,2,1000,640x360,1.9726309999999785,959,
2025-12-19T07:50:44.721Z,0.43,2,1000,640x360,1.9752240000000256,943,
2025-12-19T07:50:44.792Z,0.843,1,600,480x270,1.9037940000000049,890,
2025-12-19T07:50:45.487Z,0.581,1,600,480x270,1.9283539999999562,890,
2025-12-19T07:50:46.003Z,0.557,1,600,480x270,1.999793000000011,904,
2025-12-19T07:50:46.297Z,0.759,1,600,480x270,2.000079000000028,918,
2025-12-19T07:50:46.598Z,0.967,1,600,480x270,2.0104499999999916,945,
2025-12-19T07:50:46.910Z,1.156,1,600,480x270,1.9904280000000085,945,
2025-12-19T07:50:47.257Z,1.3,1,600,480x270,1.944037000000037,961,
2025-12-19T07:50:47.504Z,1.539,1,600,480x270,1.9869380000000092,968,
2025-12-19T07:50:47.916Z,1.653,1,600,480x270,1.9852089999999976,968,
2025-12-19T07:50:48.516Z,1.55,1,600,480x270,1.9823020000000042,1026,
2025-12-19T07:50:48.596Z,1.549,2,1000,640x360,1.9010840000000258,1028,
2025-12-19T07:50:49.320Z,0.918,2,1000,640x360,1.9742899999999963,1028,
2025-12-19T07:50:49.931Z,0.893,2,1000,640x360,1.9631610000000137,993,
2025-12-19T07:50:50.611Z,0.602,2,1000,640x360,2.003608999999983,961,
2025-12-19T07:50:51.251Z,0.561,2,1000,640x360,1.937847999999974,901,
2025-12-19T07:50:51.802Z,0.275,2,1000,640x360,2.016822999999988,845,rebuffer happen
2025-12-19T07:50:52.045Z,0.025,2,1000,640x360,1.9682539999999449,845,rebuffer happen
2025-12-19T07:50:52.155Z,0.025,2,1000,640x360,2.056253999999967,845,
2025-12-19T07:50:52.235Z,0.525,1,600,480x270,2.0839829999999893,759,
2025-12-19T07:50:52.730Z,0.397,1,600,480x270,2.0315599999999563,759,
2025-12-19T07:50:53.131Z,0.456,1,600,480x270,1.9975160000000187,763,
2025-12-19T07:50:53.476Z,0.595,1,600,480x270,1.9504640000000109,787,
2025-12-19T07:50:53.994Z,0.632,1,600,480x270,2.0083529999999996,787,
2025-12-19T07:50:54.745Z,0.296,1,600,480x270,1.9621569999999906,792,rebuffer happen
2025-12-19T07:50:54.808Z,0.296,1,600,480x270,2.006687999999997,792,
2025-12-19T07:50:55.048Z,0.023,1,600,480x270,1.953930000000014,797,rebuffer happen
2025-12-19T07:50:55.198Z,0.024,1,600,480x270,2.1187229999999886,797,rebuffer happen
2025-12-19T07:50:55.265Z,0.032,1,600,480x270,2.060536999999954,797,rebuffer happen
2025-12-19T07:50:55.574Z,0.175,1,600,480x270,2.0954320000000166,797,
2025-12-19T07:50:55.657Z,0.144,0,200,320x180,2.111442000000011,814,
2025-12-19T07:50:55.817Z,0.422,0,200,320x180,2.1543760000000134,814,
2025-12-19T07:50:55.989Z,0.68,0,200,320x180,2.0434419999999704,835,
2025-12-19T07:50:56.168Z,0.981,0,200,320x180,2.034965999999997,835,
2025-12-19T07:50:56.356Z,1.224,0,200,320x180,2.0303649999999607,869,
2025-12-19T07:50:56.542Z,1.566,0,200,320x180,2.0263400000000047,869,
2025-12-19T07:50:56.696Z,1.858,0,200,320x180,2.049622999999997,869,
2025-12-19T07:50:56.884Z,2.162,0,200,320x180,1.9469739999999547,841,
2025-12-19T07:50:57.328Z,2.284,0,200,320x180,1.9963880000000245,841,
2025-12-19T07:50:57.799Z,2.23,0,200,320x180,2.0042739999999526,830,
2025-12-19T07:50:58.280Z,2.215,0,200,320x180,1.9169860000000085,831,
2025-12-19T07:50:58.811Z,2.291,0,200,320x180,1.999734999999987,828,
2025-12-19T07:50:59.060Z,2.094,1,600,480x270,1.9466669999999908,840,
2025-12-19T07:50:59.985Z,1.578,1,600,480x270,1.9182570000000396,840,
2025-12-19T07:51:00.398Z,1.643,1,600,480x270,1.994799999999998,898,
2025-12-19T07:51:00.713Z,1.826,1,600,480x270,1.9877819999999815,933,
2025-12-19T07:51:00.976Z,2.075,1,600,480x270,1.9228650000000016,932,
2025-12-19T07:51:01.569Z,1.995,1,600,480x270,1.931174999999996,932,
2025-12-19T07:51:02.205Z,1.898,1,600,480x270,1.989338000000032,966,
2025-12-19T07:51:02.572Z,1.977,1,600,480x270,1.940587999999991,993,
2025-12-19T07:51:02.994Z,2.069,1,600,480x270,2.0031419999999684,993,
2025-12-19T07:51:03.072Z,2.069,2,1000,640x360,1.9242419999999925,1002,
2025-12-19T07:51:04.135Z,1.045,2,1000,640x360,1.9694499999999948,989,
2025-12-19T07:51:04.693Z,1.009,2,1000,640x360,1.9995309999999904,969,
2025-12-19T07:51:05.279Z,0.975,2,1000,640x360,1.9214679999999476,959,
2025-12-19T07:51:06.049Z,0.682,2,1000,640x360,1.9417850000000385,953,
2025-12-19T07:51:06.808Z,0.394,2,1000,640x360,1.9967159999999922,911,
2025-12-19T07:51:06.888Z,0.737,1,600,480x270,1.9148329999999874,856,
2025-12-19T07:51:07.313Z,0.697,1,600,480x270,1.984704000000022,856,
2025-12-19T07:51:07.744Z,0.797,1,600,480x270,1.9651139999999714,859,
2025-12-19T07:51:08.142Z,0.905,1,600,480x270,1.9553089999999997,850,
2025-12-19T07:51:08.558Z,1.017,1,600,480x270,1.9621829999999818,853,
2025-12-19T07:51:08.969Z,1.102,1,600,480x270,1.9367809999999963,853,
2025-12-19T07:51:09.398Z,1.157,1,600,480x270,2.0027200000000107,885,
2025-12-19T07:51:09.895Z,1.153,1,600,480x270,2.0029780000000414,904,
2025-12-19T07:51:10.254Z,1.303,1,600,480x270,1.935169999999971,942,
2025-12-19T07:51:10.689Z,1.362,1,600,480x270,1.9068490000000224,942,
2025-12-19T07:51:11.087Z,1.458,1,600,480x270,1.907669999999996,937,
2025-12-19T07:51:11.468Z,1.553,1,600,480x270,1.9467369999999846,937,
2025-12-19T07:51:11.845Z,1.698,1,600,480x270,1.9671170000000302,931,
2025-12-19T07:51:12.184Z,1.826,1,600,480x270,1.9075359999999932,925,
2025-12-19T07:51:12.549Z,2.016,1,600,480x270,1.9721850000000245,923,
2025-12-19T07:51:12.929Z,2.124,1,600,480x270,1.9724570000000199,923,
2025-12-19T07:51:13.449Z,2.098,1,600,480x270,1.9514609999999948,944,
2025-12-19T07:51:14.055Z,1.986,1,600,480x270,1.9346089999999663,954,
2025-12-19T07:51:14.456Z,2.092,1,600,480x270,1.9414629999999988,968,
2025-12-19T07:51:14.930Z,2.08,1,600,480x270,1.961447000000021,984,
2025-12-19T07:51:15.457Z,2.098,1,600,480x270,1.9462990000000104,999,
2025-12-19T07:51:15.525Z,2.117,2,1000,640x360,1.9864650000000097,1020,
2025-12-19T07:51:17.066Z,0.53,2,1000,640x360,1.9403159999999957,1016,
2025-12-19T07:51:17.646Z,0.495,2,1000,640x360,1.9483350000000428,995,
2025-12-19T07:51:18.187Z,0.458,2,1000,640x360,1.9153370000000223,974,
2025-12-19T07:51:18.648Z,0.433,2,1000,640x360,1.9572039999999902,962,
2025-12-19T07:51:19.018Z,0.665,2,1000,640x360,1.9760749999999803,957,
2025-12-19T07:51:19.099Z,1.043,1,600,480x270,1.893938999999989,957,
2025-12-19T07:51:19.127Z,1.38,1,600,480x270,1.9719729999999913,957,
2025-12-19T07:51:19.804Z,1.256,1,600,480x270,1.9942819999999983,947,
2025-12-19T07:51:20.283Z,1.221,1,600,480x270,1.9128869999999552,968,
2025-12-19T07:51:20.633Z,1.403,1,600,480x270,1.9869280000000344,983,
2025-12-19T07:51:20.959Z,1.601,1,600,480x270,1.9501160000000368,1000,
2025-12-19T07:51:21.261Z,1.785,1,600,480x270,1.933575000000019,1000,
2025-12-19T07:51:21.558Z,1.972,1,600,480x270,1.9313899999999649,1027,
2025-12-19T07:51:22.062Z,1.996,1,600,480x270,1.9292029999999727,1027,
2025-12-19T07:51:22.579Z,1.994,1,600,480x270,1.9166799999999853,1047,
2025-12-19T07:51:22.658Z,1.949,2,1000,640x360,1.9457049999999754,1050,
2025-12-19T07:51:23.671Z,1.164,2,1000,640x360,1.9311890000000176,1043,
2025-12-19T07:51:24.207Z,0.854,2,1000,640x360,1.9931320000000028,1027,
2025-12-19T07:51:24.701Z,1.1,2,1000,640x360,2.0089529999999627,1012,
2025-12-19T07:51:25.230Z,1.063,2,1000,640x360,1.9623250000000212,997,
2025-12-19T07:51:25.799Z,1.029,2,1000,640x360,1.9971800000000144,980,
2025-12-19T07:51:26.376Z,0.727,2,1000,640x360,1.921160000000043,945,
2025-12-19T07:51:26.463Z,1.145,1,600,480x270,1.9298090000000343,918,
2025-12-19T07:51:26.806Z,1.234,1,600,480x270,1.9907840000000192,918,
2025-12-19T07:51:27.175Z,1.365,1,600,480x270,1.9153949999999895,947,
2025-12-19T07:51:27.522Z,1.542,1,600,480x270,1.9823240000000055,978,
2025-12-19T07:51:27.872Z,1.686,1,600,480x270,1.9262410000000045,978,
2025-12-19T07:51:28.223Z,1.817,1,600,480x270,1.9724649999999997,992,
2025-12-19T07:51:28.594Z,1.942,1,600,480x270,2.0134709999999814,1001,
2025-12-19T07:51:28.833Z,2.261,1,600,480x270,1.9656869999999458,1001,
2025-12-19T07:51:29.344Z,2.213,1,600,480x270,1.952730000000031,1015,
2025-12-19T07:51:30.190Z,1.906,1,600,480x270,1.9995099999999866,1024,
2025-12-19T07:51:30.262Z,1.869,2,1000,640x360,1.9270670000000223,1036,
2025-12-19T07:51:31.502Z,0.684,2,1000,640x360,2.008352000000002,1027,
2025-12-19T07:51:32.204Z,0.374,2,1000,640x360,1.985353000000032,979,
2025-12-19T07:51:32.958Z,0.35,2,1000,640x360,1.9371150000000057,893,
2025-12-19T07:51:33.519Z,0.064,2,1000,640x360,2.0071399999999926,826,rebuffer happen
2025-12-19T07:51:33.563Z,0.019,2,1000,640x360,1.9626899999999523,826,rebuffer happen
2025-12-19T07:51:33.707Z,0.019,2,1000,640x360,2.1486899999999878,826,
2025-12-19T07:51:33.779Z,0.519,1,600,480x270,2.084303000000034,787,
2025-12-19T07:51:33.994Z,0.276,1,600,480x270,2.1426869999999667,787,rebuffer happen
2025-12-19T07:51:34.214Z,0.438,1,600,480x270,2.079809999999952,787,
2025-12-19T07:51:34.431Z,0.256,1,600,480x270,2.0555519999999774,779,rebuffer happen
2025-12-19T07:51:34.667Z,0.462,1,600,480x270,1.9947139999999877,779,
2025-12-19T07:51:34.876Z,0.265,1,600,480x270,1.9615849999999568,781,rebuffer happen
2025-12-19T07:51:35.112Z,0.495,1,600,480x270,2.029661000000033,781,
2025-12-19T07:51:35.610Z,0.475,1,600,480x270,2.0231970000000388,801,
2025-12-19T07:51:36.092Z,0.49,1,600,480x270,2.0173619999999914,811,
2025-12-19T07:51:36.496Z,0.597,1,600,480x270,2.031271000000004,811,
2025-12-19T07:51:36.928Z,0.632,1,600,480x270,1.9754180000000474,866,
2025-12-19T07:51:37.368Z,0.683,1,600,480x270,1.9303039999999783,886,
2025-12-19T07:51:37.781Z,0.775,1,600,480x270,1.9187049999999886,868,
2025-12-19T07:51:38.155Z,0.898,1,600,480x270,1.9443969999999808,931,
2025-12-19T07:51:38.546Z,0.979,1,600,480x270,1.9481660000000147,925,
2025-12-19T07:51:38.771Z,1.252,1,600,480x270,1.9220889999999713,925,
2025-12-19T07:51:39.024Z,1.531,1,600,480x270,1.9687660000000164,932,
2025-12-19T07:51:39.370Z,1.677,1,600,480x270,1.9385669999999777,932,
2025-12-19T07:51:39.574Z,1.976,1,600,480x270,1.9258009999999786,921,
2025-12-19T07:51:39.823Z,2.222,1,600,480x270,1.9804619999999886,921,
2025-12-19T07:51:40.381Z,2.168,1,600,480x270,1.9166460000000143,931,
2025-12-19T07:51:41.085Z,1.96,1,600,480x270,1.9093819999999937,935,
2025-12-19T07:51:41.542Z,1.996,1,600,480x270,1.9627979999999638,942,
2025-12-19T07:51:42.062Z,1.977,1,600,480x270,1.9328090000000202,953,
2025-12-19T07:51:42.571Z,1.986,1,600,480x270,1.9216650000000186,964,
2025-12-19T07:51:43.037Z,2.004,1,600,480x270,1.9585149999999771,979,
2025-12-19T07:51:43.620Z,1.878,1,600,480x270,1.9825320000000488,987,
2025-12-19T07:51:43.990Z,2.079,1,600,480x270,2.0035870000000386,1007,
2025-12-19T07:51:44.055Z,2.073,2,1000,640x360,1.9371419999999944,1007,
2025-12-19T07:51:45.814Z,0.263,2,1000,640x360,1.993312000000003,1010,rebuffer happen
2025-12-19T07:51:45.829Z,0.263,2,1000,640x360,1.9779219999999782,1010,
2025-12-19T07:51:46.344Z,0.229,2,1000,640x360,1.9657049999999572,963,rebuffer happen
2025-12-19T07:51:46.540Z,0.03,2,1000,640x360,1.9614400000000387,963,rebuffer happen
2025-12-19T07:51:46.637Z,0.03,2,1000,640x360,2.059439999999995,963,
2025-12-19T07:51:47.075Z,0.07,2,1000,640x360,2.0075630000000046,886,rebuffer happen
2025-12-19T07:51:47.107Z,0.035,2,1000,640x360,2.0656910000000153,886,rebuffer happen
2025-12-19T07:51:47.372Z,0.035,2,1000,640x360,2.265691000000004,886,
2025-12-19T07:51:47.630Z,0.271,2,1000,640x360,2.299045000000035,810,rebuffer happen
2025-12-19T07:51:47.808Z,0.028,2,1000,640x360,2.260780000000011,810,rebuffer happen
2025-12-19T07:51:47.901Z,0.028,2,1000,640x360,2.3587799999999675,810,
2025-12-19T07:51:47.973Z,0.52,1,600,480x270,2.2645369999999616,779,
2025-12-19T07:51:48.299Z,0.498,1,600,480x270,2.232881999999961,779,
2025-12-19T07:51:48.656Z,0.422,1,600,480x270,2.104738999999995,771,
2025-12-19T07:51:49.019Z,0.64,1,600,480x270,2.068000999999981,775,
2025-12-19T07:51:49.639Z,0.475,1,600,480x270,2.0018890000000056,775,
2025-12-19T07:51:49.935Z,0.288,1,600,480x270,1.9975499999999897,825,rebuffer happen
2025-12-19T07:51:50.212Z,0.351,1,600,480x270,1.9994670000000383,825,
2025-12-19T07:51:50.442Z,0.151,1,600,480x270,1.9920470000000137,825,rebuffer happen
2025-12-19T07:51:50.730Z,0.329,1,600,480x270,1.9935890000000427,825,
2025-12-19T07:51:50.808Z,0.281,1,600,480x270,2.012348999999972,855,rebuffer happen
2025-12-19T07:51:51.164Z,0.285,1,600,480x270,1.959635999999989,855,rebuffer happen
2025-12-19T07:51:51.256Z,0.29,1,600,480x270,1.9527850000000058,855,rebuffer happen
2025-12-19T07:51:51.257Z,0.29,1,600,480x270,1.9521080000000097,855,
2025-12-19T07:51:51.453Z,0.209,1,600,480x270,1.9756260000000339,868,rebuffer happen
2025-12-19T07:51:51.673Z,0.441,1,600,480x270,1.9558119999999803,868,
2025-12-19T07:51:51.799Z,0.289,1,600,480x270,2.027823000000012,902,rebuffer happen
2025-12-19T07:51:51.997Z,0.576,1,600,480x270,2.019315000000006,902,
2025-12-19T07:51:52.388Z,0.692,1,600,480x270,1.9218590000000404,902,
2025-12-19T07:51:52.708Z,0.866,1,600,480x270,1.9960459999999784,926,
2025-12-19T07:51:52.966Z,1.09,1,600,480x270,1.9302529999999933,918,
2025-12-19T07:51:53.248Z,1.303,1,600,480x270,1.9484630000000038,918,
2025-12-19T07:51:53.618Z,1.451,1,600,480x270,1.9885740000000283,924,
2025-12-19T07:51:53.939Z,1.615,1,600,480x270,1.9511360000000195,926,
2025-12-19T07:51:54.279Z,1.773,1,600,480x270,1.9155880000000138,926,
2025-12-19T07:51:55.009Z,1.452,1,600,480x270,2.1836789999999837,956,
2025-12-19T07:51:55.338Z,1.576,1,600,480x270,2.094470000000001,956,
2025-12-19T07:51:55.632Z,1.774,1,600,480x270,2.093445000000031,968,
2025-12-19T07:51:55.965Z,1.889,1,600,480x270,2.0088200000000143,973,
2025-12-19T07:51:56.465Z,1.854,1,600,480x270,1.9704320000000166,973,
2025-12-19T07:51:56.973Z,1.822,1,600,480x270,1.9355589999999552,983,
2025-12-19T07:51:57.483Z,1.819,1,600,480x270,1.9258730000000241,988,
2025-12-19T07:51:57.996Z,1.787,1,600,480x270,2.0024649999999724,998,
2025-12-19T07:51:58.505Z,1.786,1,600,480x270,2.0012480000000323,1011,
2025-12-19T07:51:58.584Z,1.791,2,1000,640x360,1.9214400000000182,1022,
2025-12-19T07:51:59.241Z,1.519,2,1000,640x360,1.9484549999999672,1022,
2025-12-19T07:51:59.931Z,1.36,2,1000,640x360,1.9673009999999636,1015,
2025-12-19T07:52:00.622Z,1.147,2,1000,640x360,1.9685290000000464,1015,
2025-12-19T07:52:01.322Z,0.937,2,1000,640x360,1.9697869999999966,1018,
2025-12-19T07:52:01.999Z,0.797,2,1000,640x360,1.9945430000000215,1064,
2025-12-19T07:52:02.067Z,0.743,1,600,480x270,1.9261079999999993,1046,
2025-12-19T07:52:02.472Z,0.819,1,600,480x270,1.9355990000000247,1046,
2025-12-19T07:52:02.891Z,0.895,1,600,480x270,2.0039370000000076,1051,
2025-12-19T07:52:03.309Z,0.972,1,600,480x270,1.9898330000000328,1050,
2025-12-19T07:52:03.724Z,1.068,1,600,480x270,1.9826290000000313,1059,
2025-12-19T07:52:04.142Z,1.144,1,600,480x270,1.9505720000000224,1078,
2025-12-19T07:52:04.549Z,1.236,1,600,480x270,1.970514000000037,1058,
2025-12-19T07:52:04.986Z,1.292,1,600,480x270,1.924252000000024,1058,
2025-12-19T07:52:05.440Z,1.351,1,600,480x270,1.9641940000000204,1043,
2025-12-19T07:52:05.517Z,1.35,2,1000,640x360,1.9791640000000257,1034,
2025-12-19T07:52:06.088Z,1.191,2,1000,640x360,1.9021220000000199,1034,
2025-12-19T07:52:06.692Z,1.092,2,1000,640x360,2.0053010000000313,1039,
2025-12-19T07:52:07.283Z,1.007,2,1000,640x360,1.9196209999998928,1044,
2025-12-19T07:52:07.873Z,0.9,2,1000,640x360,1.9347430000000259,1056,
2025-12-19T07:52:08.445Z,0.871,2,1000,640x360,1.961905999999999,1057,
2025-12-19T07:52:09.027Z,0.768,2,1000,640x360,1.9765350000000126,1065,
2025-12-19T07:52:09.098Z,0.721,1,600,480x270,1.903175000000033,1063,
2025-12-19T07:52:09.425Z,0.86,1,600,480x270,1.9743050000000721,1063,
2025-12-19T07:52:09.801Z,0.994,1,600,480x270,1.9942200000000412,1067,
2025-12-19T07:52:10.132Z,1.118,1,600,480x270,1.968482999999992,1097,
2025-12-19T07:52:10.505Z,1.292,1,600,480x270,1.9916940000000523,1091,
2025-12-19T07:52:10.873Z,1.421,1,600,480x270,1.9309130000000323,1091,
2025-12-19T07:52:11.230Z,1.545,1,600,480x270,1.9594060000000582,1087,
2025-12-19T07:52:11.591Z,1.69,1,600,480x270,2.012877000000003,1112,
2025-12-19T07:52:11.937Z,1.834,1,600,480x270,1.9594529999999395,1112,
2025-12-19T07:52:12.363Z,1.911,1,600,480x270,1.9346380000000636,1115,
2025-12-19T07:52:12.814Z,1.978,1,600,480x270,2.003877999999986,1117,
2025-12-19T07:52:12.895Z,1.984,2,1000,640x360,1.9205789999999752,1116,
2025-12-19T07:52:13.542Z,1.758,2,1000,640x360,1.9506069999999909,1116,
2025-12-19T07:52:14.292Z,1.503,2,1000,640x360,2.0000140000000783,1095,
2025-12-19T07:52:14.945Z,1.336,2,1000,640x360,1.9521879999999783,1102,
2025-12-19T07:52:15.589Z,1.219,2,1000,640x360,2.009518000000071,1094,
2025-12-19T07:52:16.256Z,1.008,2,1000,640x360,1.9417609999999286,1095,
2025-12-19T07:52:17.006Z,0.844,2,1000,640x360,1.9964019999999891,1089,
2025-12-19T07:52:17.084Z,0.75,1,600,480x270,1.9161750000000666,1038,
2025-12-19T07:52:17.517Z,0.766,1,600,480x270,1.979105000000004,1038,
2025-12-19T07:52:17.956Z,0.804,1,600,480x270,1.9374970000000076,1054,
2025-12-19T07:52:18.370Z,0.913,1,600,480x270,1.9250349999999798,1062,
2025-12-19T07:52:18.773Z,1.021,1,600,480x270,1.9167579999999589,1036,
2025-12-19T07:52:19.138Z,1.143,1,600,480x270,1.9640549999999166,1008,
2025-12-19T07:52:19.540Z,1.247,1,600,480x270,1.9585889999999608,1006,
2025-12-19T07:52:19.930Z,1.354,1,600,480x270,1.9679320000000189,1006,
2025-12-19T07:52:20.345Z,1.451,1,600,480x270,1.9604319999999689,1007,
2025-12-19T07:52:20.781Z,1.506,1,600,480x270,1.9191710000000057,1080,
2025-12-19T07:52:20.859Z,1.476,2,1000,640x360,1.9502970000000914,1084,
2025-12-19T07:52:21.559Z,1.199,2,1000,640x360,1.9391709999999875,1084,
2025-12-19T07:52:22.164Z,1.116,2,1000,640x360,1.9323739999999816,1099,
2025-12-19T07:52:22.803Z,1.01,2,1000,640x360,1.9979100000000471,1094,
2025-12-19T07:52:23.448Z,0.831,2,1000,640x360,1.9463799999999765,1085,
2025-12-19T07:52:24.112Z,0.67,2,1000,640x360,1.9774940000000925,1081,
2025-12-19T07:52:24.724Z,0.574,2,1000,640x360,1.9880429999999478,1064,
2025-12-19T07:52:24.808Z,0.539,1,600,480x270,1.9956109999999398,1097,
2025-12-19T07:52:25.105Z,0.671,1,600,480x270,2.0002099999999245,1097,
2025-12-19T07:52:25.425Z,0.861,1,600,480x270,1.963577999999984,1101,
2025-12-19T07:52:25.746Z,1.027,1,600,480x270,1.9500520000000279,1101,
2025-12-19T07:52:26.083Z,1.205,1,600,480x270,1.9112569999999778,1103,
2025-12-19T07:52:26.407Z,1.375,1,600,480x270,1.9985960000000205,1103,
2025-12-19T07:52:26.750Z,1.54,1,600,480x270,1.9506579999999758,1123,
2025-12-19T07:52:27.088Z,1.688,1,600,480x270,1.902229000000034,1134,
2025-12-19T07:52:27.436Z,1.842,1,600,480x270,1.9580920000000788,1134,
2025-12-19T07:52:27.888Z,1.901,1,600,480x270,1.9021440000000212,1149,
2025-12-19T07:52:28.423Z,1.866,1,600,480x270,1.9805569999999761,1150,
2025-12-19T07:52:28.502Z,1.818,2,1000,640x360,1.9970950000000585,1146,
2025-12-19T07:52:29.041Z,1.737,2,1000,640x360,1.9526250000000118,1146,
2025-12-19T07:52:29.605Z,1.697,2,1000,640x360,2.0022539999999935,1148,
2025-12-19T07:52:30.186Z,1.599,2,1000,640x360,1.913383999999951,1149,
2025-12-19T07:52:30.755Z,1.546,2,1000,640x360,1.940527999999972,1162,
2025-12-19T07:52:31.298Z,1.476,2,1000,640x360,1.9928919999999835,1169,
2025-12-19T07:52:31.833Z,1.461,2,1000,640x360,1.9658490000000484,1178,
2025-12-19T07:52:32.365Z,1.414,2,1000,640x360,1.9372079999999414,1168,
2025-12-19T07:52:32.863Z,1.425,2,1000,640x360,1.9347720000000663,1183,
2025-12-19T07:52:33.409Z,1.373,2,1000,640x360,1.9911990000000515,1182,
2025-12-19T07:52:33.924Z,1.356,2,1000,640x360,1.9855260000000499,1187,
2025-12-19T07:52:34.452Z,1.328,2,1000,640x360,1.9513439999999491,1189,
2025-12-19T07:52:34.976Z,1.322,2,1000,640x360,1.9208549999999605,1190,
2025-12-19T07:52:35.494Z,1.301,2,1000,640x360,2.0085750000000644,1182,
2025-12-19T07:52:35.999Z,1.279,2,1000,640x360,1.9942829999999958,1180,
2025-12-19T07:52:36.524Z,1.254,2,1000,640x360,1.9756039999999757,1187,
2025-12-19T07:52:37.027Z,1.272,2,1000,640x360,1.9639589999999316,1196,
2025-12-19T07:52:37.554Z,1.252,2,1000,640x360,1.94318700000008,1212,
2025-12-19T07:52:38.059Z,1.218,2,1000,640x360,1.9472210000000132,1217,
2025-12-19T07:52:38.577Z,1.185,2,1000,640x360,1.9132570000000442,1223,
2025-12-19T07:52:39.180Z,1.126,2,1000,640x360,1.9142679999999928,1218,
2025-12-19T07:52:39.958Z,0.832,2,1000,640x360,1.9466519999999718,1210,
2025-12-19T07:52:40.038Z,0.827,1,600,480x270,1.958293000000026,1188,
2025-12-19T07:52:40.510Z,0.779,1,600,480x270,1.9905260000000453,1188,
2025-12-19T07:52:40.995Z,0.792,1,600,480x270,2.0005760000000237,1146,
2025-12-19T07:52:41.498Z,0.768,1,600,480x270,2.0143659999999954,1063,
2025-12-19T07:52:41.999Z,0.79,1,600,480x270,2.0036099999999806,993,
2025-12-19T07:52:42.495Z,0.774,1,600,480x270,2.000436000000036,953,
2025-12-19T07:52:42.974Z,0.814,1,600,480x270,1.9255709999999908,965,
2025-12-19T07:52:43.468Z,0.826,1,600,480x270,1.9338249999999562,947,
2025-12-19T07:52:43.957Z,0.83,1,600,480x270,1.9388269999999466,936,
2025-12-19T07:52:44.440Z,0.832,1,600,480x270,1.9547119999999722,895,
2025-12-19T07:52:44.921Z,0.868,1,600,480x270,1.984166000000073,904,
2025-12-19T07:52:45.425Z,0.886,1,600,480x270,1.9904260000000704,914,
2025-12-19T07:52:45.903Z,0.892,1,600,480x270,2.005217000000016,907,
2025-12-19T07:52:46.352Z,0.918,1,600,480x270,1.945948000000044,900,
2025-12-19T07:52:46.730Z,1.071,1,600,480x270,1.9881299999999555,893,
2025-12-19T07:52:47.104Z,1.183,1,600,480x270,2.0074389999999767,877,
2025-12-19T07:52:47.486Z,1.303,1,600,480x270,1.9225010000000111,891,
2025-12-19T07:52:47.869Z,1.387,1,600,480x270,1.938731999999959,891,
2025-12-19T07:52:48.261Z,1.498,1,600,480x270,1.9261000000000195,945,
2025-12-19T07:52:48.652Z,1.648,1,600,480x270,1.9464249999999765,976,
2025-12-19T07:52:49.027Z,1.738,1,600,480x270,1.9719870000000128,1008,
2025-12-19T07:52:49.108Z,1.719,2,1000,640x360,1.9809560000001056,1008,
2025-12-19T07:52:49.793Z,1.51,2,1000,640x360,2.0076830000000427,1008,
2025-12-19T07:52:50.428Z,1.362,2,1000,640x360,1.9763759999999593,1001,
2025-12-19T07:52:51.041Z,1.248,2,1000,640x360,1.964242000000013,1071,
2025-12-19T07:52:51.661Z,1.134,2,1000,640x360,1.9309190000000171,1067,
2025-12-19T07:52:52.363Z,0.981,2,1000,640x360,1.9342379999999366,1060,
2025-12-19T07:52:52.960Z,0.822,2,1000,640x360,1.9424549999999954,1104,
2025-12-19T07:52:53.037Z,0.825,1,600,480x270,1.9587470000000167,1089,
2025-12-19T07:52:53.419Z,0.868,1,600,480x270,1.9832689999999502,1089,
2025-12-19T07:52:53.777Z,0.995,1,600,480x270,1.928466999999955,1081,
2025-12-19T07:52:54.160Z,1.121,1,600,480x270,1.9313419999999724,1074,
2025-12-19T07:52:54.537Z,1.268,1,600,480x270,1.977100000000064,1062,
2025-12-19T07:52:54.906Z,1.389,1,600,480x270,2.0031360000000404,1062,
2025-12-19T07:52:55.278Z,1.493,1,600,480x270,1.9168919999999616,1065,
2025-12-19T07:52:55.659Z,1.622,1,600,480x270,1.9450990000000274,1057,
2025-12-19T07:52:56.045Z,1.72,1,600,480x270,1.9470800000000281,1096,
2025-12-19T07:52:56.429Z,1.84,1,600,480x270,1.9699509999999236,1096,
2025-12-19T07:52:56.502Z,1.858,2,1000,640x360,1.9922559999999976,1104,
2025-12-19T07:52:57.088Z,1.692,2,1000,640x360,1.902924999999982,1104,
2025-12-19T07:52:57.707Z,1.564,2,1000,640x360,1.9950829999999087,1101,
2025-12-19T07:52:58.312Z,1.466,2,1000,640x360,1.980197999999973,1104,
2025-12-19T07:52:58.925Z,1.379,2,1000,640x360,1.974442999999951,1105,
2025-12-19T07:52:59.540Z,1.253,2,1000,640x360,1.9514749999999594,1097,
2025-12-19T07:53:00.139Z,1.139,2,1000,640x360,1.9589019999999664,1096,
2025-12-19T07:53:00.746Z,1.037,2,1000,640x360,1.9472220000000107,1057,
2025-12-19T07:53:01.347Z,0.934,2,1000,640x360,1.9506680000000642,1105,
2025-12-19T07:53:01.422Z,0.881,1,600,480x270,1.9778029999999944,1084,
2025-12-19T07:53:01.776Z,1.005,1,600,480x270,1.9218010000000731,1084,
2025-12-19T07:53:02.116Z,1.148,1,600,480x270,1.9755079999999907,1058,
2025-12-19T07:53:02.482Z,1.297,1,600,480x270,1.9355150000000094,1069,
2025-12-19T07:53:02.824Z,1.449,1,600,480x270,1.9814600000000837,1069,
2025-12-19T07:53:03.164Z,1.611,1,600,480x270,1.930458999999928,1118,
2025-12-19T07:53:03.497Z,1.8,1,600,480x270,2.02221899999995,1125,
2025-12-19T07:53:03.851Z,1.943,1,600,480x270,1.957328000000075,1125,
2025-12-19T07:53:04.291Z,1.978,1,600,480x270,2.00186199999996,1130,
2025-12-19T07:53:04.799Z,1.982,1,600,480x270,2.0034349999999677,1129,
2025-12-19T07:53:04.876Z,1.922,2,1000,640x360,1.9256719999999632,1128,
2025-12-19T07:53:05.463Z,1.834,2,1000,640x360,1.935797999999977,1128,
2025-12-19T07:53:06.049Z,1.729,2,1000,640x360,1.9455840000000535,1114,
2025-12-19T07:53:06.638Z,1.664,2,1000,640x360,1.9661310000000185,1117,
2025-12-19T07:53:07.280Z,1.486,2,1000,640x360,1.9086409999999887,1112,
2025-12-19T07:53:07.972Z,1.339,2,1000,640x360,1.9303509999999733,1052,
2025-12-19T07:53:08.672Z,1.116,2,1000,640x360,1.9241089999999303,1008,
2025-12-19T07:53:09.455Z,0.851,2,1000,640x360,1.942323999999985,1005,
2025-12-19T07:53:09.526Z,0.835,1,600,480x270,1.9716379999999845,1006,
2025-12-19T07:53:10.020Z,0.78,1,600,480x270,1.9768129999999928,1006,
2025-12-19T07:53:10.554Z,0.758,1,600,480x270,1.9564329999999472,1062,
2025-12-19T07:53:11.083Z,0.718,1,600,480x270,1.9173000000000684,1052,
2025-12-19T07:53:11.577Z,0.728,1,600,480x270,1.940943999999945,1021,
2025-12-19T07:53:12.039Z,0.724,1,600,480x270,1.9636020000000372,1016,
2025-12-19T07:53:12.458Z,0.826,1,600,480x270,1.936770000000024,1002,
2025-12-19T07:53:12.876Z,0.906,1,600,480x270,1.9135850000000119,990,
2025-12-19T07:53:13.336Z,0.948,1,600,480x270,1.971761000000015,977,
2025-12-19T07:53:13.790Z,0.967,1,600,480x270,2.0036669999999503,967,
2025-12-19T07:53:14.315Z,1.003,1,600,480x270,1.9805529999999862,961,
2025-12-19T07:53:14.896Z,0.893,1,600,480x270,1.9991370000000188,1045,
2025-12-19T07:53:15.488Z,0.84,1,600,480x270,1.9248280000000477,999,
2025-12-19T07:53:16.075Z,0.715,1,600,480x270,1.9302210000000741,986,
2025-12-19T07:53:16.653Z,0.642,1,600,480x270,1.9425260000000435,970,
2025-12-19T07:53:17.215Z,0.577,1,600,480x270,1.9858940000000302,920,
2025-12-19T07:53:17.794Z,0.502,1,600,480x270,2.003349999999955,902,
2025-12-19T07:53:18.066Z,0.285,1,600,480x270,1.9320439999999053,871,rebuffer happen
2025-12-19T07:53:18.363Z,0.433,1,600,480x270,1.9379940000000033,871,
2025-12-19T07:53:18.556Z,0.239,1,600,480x270,1.9542730000000574,846,rebuffer happen
2025-12-19T07:53:18.940Z,0.319,1,600,480x270,1.9663639999999987,846,
2025-12-19T07:53:19.212Z,0.113,1,600,480x270,1.9945050000000037,827,rebuffer happen
2025-12-19T07:53:19.480Z,0.298,1,600,480x270,1.9476310000000012,827,rebuffer happen
2025-12-19T07:53:19.511Z,0.298,1,600,480x270,2.006968000000029,827,
2025-12-19T07:53:19.585Z,0.299,0,200,320x180,1.929679999999962,825,
2025-12-19T07:53:19.774Z,0.453,0,200,320x180,1.9474870000000237,825,
2025-12-19T07:53:20.012Z,0.729,0,200,320x180,1.9990920000000187,838,
2025-12-19T07:53:20.328Z,0.964,0,200,320x180,1.9711620000000494,838,
2025-12-19T07:53:20.637Z,1.145,0,200,320x180,1.9565870000000132,830,
2025-12-19T07:53:20.988Z,1.294,0,200,320x180,1.9109789999999975,815,
2025-12-19T07:53:21.327Z,1.453,0,200,320x180,1.9679610000000594,815,
2025-12-19T07:53:21.672Z,1.577,0,200,320x180,1.9185540000000856,760,
2025-12-19T07:53:22.053Z,1.728,0,200,320x180,1.9364150000000109,789,
2025-12-19T07:53:22.355Z,1.896,0,200,320x180,1.941915999999992,789,
2025-12-19T07:53:22.833Z,1.987,0,200,320x180,1.9618509999999105,766,
2025-12-19T07:53:23.270Z,1.956,0,200,320x180,1.9237540000000308,781,
2025-12-19T07:53:23.350Z,2.011,1,600,480x270,1.9436489999999367,790,
2025-12-19T07:53:24.122Z,1.691,1,600,480x270,1.9793210000000272,790,
2025-12-19T07:53:24.942Z,1.37,1,600,480x270,1.95579500000008,763,
2025-12-19T07:53:25.729Z,1.081,1,600,480x270,1.9647429999999986,739,
2025-12-19T07:53:26.563Z,0.767,1,600,480x270,1.9329950000000053,674,
2025-12-19T07:53:27.136Z,0.64,1,600,480x270,1.9625539999999546,620,
2025-12-19T07:53:27.205Z,0.606,0,200,320x180,1.9881269999999631,649,
2025-12-19T07:53:27.325Z,0.939,0,200,320x180,1.9806810000000041,649,
2025-12-19T07:53:27.464Z,1.321,0,200,320x180,1.9467559999999366,649,
2025-12-19T07:53:27.585Z,1.657,0,200,320x180,1.917348000000061,649,
2025-12-19T07:53:27.769Z,2.014,0,200,320x180,1.9351340000000619,649,
2025-12-19T07:53:28.300Z,1.961,0,200,320x180,1.9900609999999688,703,
2025-12-19T07:53:28.799Z,1.993,0,200,320x180,2.012923999999998,676,
2025-12-19T07:53:29.309Z,2.005,0,200,320x180,1.9928290000000288,689,
2025-12-19T07:53:29.810Z,2.005,0,200,320x180,1.989247999999975,683,
2025-12-19T07:53:30.306Z,2.006,0,200,320x180,1.9912249999999858,682,
2025-12-19T07:53:30.760Z,2.021,0,200,320x180,1.9439859999999953,668,
2025-12-19T07:53:30.839Z,2.027,1,600,480x270,1.9536869999999453,654,
2025-12-19T07:53:31.293Z,1.985,1,600,480x270,2.000352000000021,654,
2025-12-19T07:53:31.787Z,1.985,1,600,480x270,1.9213100000000622,682,
2025-12-19T07:53:32.295Z,1.965,1,600,480x270,1.997524999999996,714,
2025-12-19T07:53:32.795Z,1.991,1,600,480x270,1.999663000000055,778,
2025-12-19T07:53:33.320Z,1.956,1,600,480x270,1.9767919999999322,815,
2025-12-19T07:53:33.795Z,1.973,1,600,480x270,2.0009979999999814,853,
2025-12-19T07:53:34.290Z,1.993,1,600,480x270,2.0003679999999804,876,
2025-12-19T07:53:34.797Z,1.967,1,600,480x270,1.9971510000000308,882,
2025-12-19T07:53:35.299Z,1.963,1,600,480x270,1.9909999999999854,876,
2025-12-19T07:53:35.816Z,1.994,1,600,480x270,1.978652000000011,851,
2025-12-19T07:53:36.328Z,1.935,1,600,480x270,1.9749050000000352,847,
2025-12-19T07:53:36.791Z,1.991,1,600,480x270,2.000462000000084,861,
2025-12-19T07:53:37.301Z,1.981,1,600,480x270,1.9896019999999908,873,
2025-12-19T07:53:37.791Z,1.993,1,600,480x270,2.0049770000000535,885,
2025-12-19T07:53:38.297Z,1.993,1,600,480x270,2.0004470000000083,896,
2025-12-19T07:53:38.789Z,1.994,1,600,480x270,2.0012510000000248,910,
2025-12-19T07:53:39.289Z,1.993,1,600,480x270,1.9003289999999424,925,
2025-12-19T07:53:39.792Z,1.998,1,600,480x270,2.005843000000027,933,
2025-12-19T07:53:40.295Z,1.994,1,600,480x270,1.9993319999999812,934,
2025-12-19T07:53:40.788Z,1.993,1,600,480x270,1.900641999999948,934,
2025-12-19T07:53:41.293Z,1.994,1,600,480x270,2.000417999999968,942,
2025-12-19T07:53:41.788Z,1.973,1,600,480x270,1.9069979999999305,941,
2025-12-19T07:53:42.289Z,1.992,1,600,480x270,1.9091720000000123,940,
2025-12-19T07:53:42.821Z,1.993,1,600,480x270,1.9739949999999453,941,
2025-12-19T07:53:43.322Z,1.989,1,600,480x270,1.9774620000000596,920,
2025-12-19T07:53:43.832Z,1.984,1,600,480x270,1.9631870000000617,909,
2025-12-19T07:53:44.284Z,1.968,1,600,480x270,1.908192999999983,858,
2025-12-19T07:53:44.816Z,1.997,1,600,480x270,1.9751890000000003,890,
2025-12-19T07:53:45.289Z,1.973,1,600,480x270,1.9022130000000743,850,
2025-12-19T07:53:45.787Z,1.981,1,600,480x270,1.9165749999999662,810,
2025-12-19T07:53:46.346Z,1.948,1,600,480x270,1.9617530000000443,793,
2025-12-19T07:53:46.828Z,2.014,1,600,480x270,1.9823519999999917,834,
2025-12-19T07:53:47.342Z,1.972,1,600,480x270,1.9649519999999256,866,
2025-12-19T07:53:47.837Z,1.979,1,600,480x270,1.963343000000009,816,
2025-12-19T07:53:48.332Z,1.945,1,600,480x270,1.9595430000000533,775,
2025-12-19T07:53:48.833Z,1.98,1,600,480x270,1.9573839999999336,736,
2025-12-19T07:53:49.333Z,1.981,1,600,480x270,1.9604620000000068,736,
2025-12-19T07:53:49.799Z,1.969,1,600,480x270,2.0041709999999284,734,
2025-12-19T07:53:50.314Z,1.962,1,600,480x270,1.9873710000000528,686,
2025-12-19T07:53:50.827Z,1.957,1,600,480x270,1.9723599999999806,699,
2025-12-19T07:53:51.412Z,1.877,1,600,480x270,1.986366999999973,646,
2025-12-19T07:53:52.147Z,1.607,1,600,480x270,1.9488669999999502,643,
2025-12-19T07:53:52.652Z,1.615,1,600,480x270,1.9533380000000307,767,
2025-12-19T07:53:53.039Z,1.731,1,600,480x270,1.9577050000000327,839,
2025-12-19T07:53:53.426Z,1.849,1,600,480x270,1.9718679999999722,839,
2025-12-19T07:53:53.905Z,1.863,1,600,480x270,1.9860860000000002,855,
2025-12-19T07:53:54.336Z,1.961,1,600,480x270,1.9592790000000377,861,
2025-12-19T07:53:54.794Z,2.005,1,600,480x270,2.0075560000000223,866,
2025-12-19T07:53:55.291Z,1.99,1,600,480x270,1.9996639999999388,887,
2025-12-19T07:53:55.788Z,1.996,1,600,480x270,1.905552000000057,900,
2025-12-19T07:53:56.291Z,1.978,1,600,480x270,1.9993349999999737,895,
2025-12-19T07:53:56.790Z,2.001,1,600,480x270,2.0046899999999823,886,
2025-12-19T07:53:57.420Z,1.889,1,600,480x270,1.977357999999981,882,
2025-12-19T07:53:58.882Z,0.915,1,600,480x270,1.9208750000000236,889,
2025-12-19T07:53:59.352Z,0.937,1,600,480x270,1.944344000000001,917,
2025-12-19T07:53:59.866Z,0.896,1,600,480x270,1.92933000000005,917,
2025-12-19T07:54:00.211Z,1.065,1,600,480x270,1.9851730000000316,904,
2025-12-19T07:54:00.550Z,1.226,1,600,480x270,1.9415689999999586,914,
2025-12-19T07:54:00.890Z,1.387,1,600,480x270,1.9992489999999634,914,
2025-12-19T07:54:01.226Z,1.538,1,600,480x270,1.9715740000000324,937,
2025-12-19T07:54:01.636Z,1.65,1,600,480x270,1.9647120000000768,946,
2025-12-19T07:54:02.057Z,1.721,1,600,480x270,1.937960999999973,959,
2025-12-19T07:54:02.504Z,1.795,1,600,480x270,2.001831999999922,959,
2025-12-19T07:54:02.922Z,1.871,1,600,480x270,1.9822850000000471,977,
2025-12-19T07:54:03.332Z,1.946,1,600,480x270,1.962761999999998,988,
2025-12-19T07:54:03.790Z,1.992,1,600,480x270,2.0002759999999853,999,
2025-12-19T07:54:03.863Z,1.949,2,1000,640x360,1.92679499999997,1008,
2025-12-19T07:54:04.403Z,1.893,2,1000,640x360,1.9941519999999855,1008,
2025-12-19T07:54:04.999Z,1.791,2,1000,640x360,2.001476000000025,1011,
2025-12-19T07:54:05.547Z,1.744,2,1000,640x360,1.9569529999999986,1023,
2025-12-19T07:54:06.091Z,1.699,2,1000,640x360,1.9999760000000606,1031,
2025-12-19T07:54:06.645Z,1.655,2,1000,640x360,1.9592000000000098,1040,
2025-12-19T07:54:07.003Z,1.632,2,1000,640x360,1.9901530000000776,1049,
2025-12-19T07:54:07.761Z,1.249,2,1000,640x360,1.9494640000000345,1049,
2025-12-19T07:54:08.627Z,0.266,2,1000,640x360,1.9778150000000778,911,rebuffer happen
2025-12-19T07:54:08.859Z,0.032,2,1000,640x360,1.945408000000043,911,rebuffer happen
2025-12-19T07:54:09.812Z,0.032,2,1000,640x360,2.9404080000000477,911,