timestamp,bufferLevel,qualityIndex,bitrateKbps,resolution,liveLatency,predictedKbps,rebuffer
2025-12-17T11:49:03.937Z,0,3,1500,768x432,0.724,,
2025-12-17T11:49:03.940Z,0,3,1500,768x432,0.724,,rebuffer happen
2025-12-17T11:49:05.480Z,0,3,1500,768x432,2.298,,
2025-12-17T11:49:05.555Z,0.5,1,600,480x270,2.396,,
2025-12-17T11:49:05.806Z,0.728,1,600,480x270,2.340723,,
2025-12-17T11:49:05.885Z,0.744,2,1000,640x360,2.337378,,
2025-12-17T11:49:06.264Z,0.694,2,1000,640x360,2.290538,,
2025-12-17T11:49:06.575Z,0.783,2,1000,640x360,2.191153,,
2025-12-17T11:49:06.942Z,0.834,2,1000,640x360,2.1552439999999997,,
2025-12-17T11:49:07.218Z,1.082,2,1000,640x360,2.077389,,
2025-12-17T11:49:07.508Z,1.233,2,1000,640x360,2.037172,,
2025-12-17T11:49:08.554Z,0.631,2,1000,640x360,2.016642,,
2025-12-17T11:49:09.012Z,0.659,2,1000,640x360,1.9591309999999997,,
2025-12-17T11:49:09.444Z,0.275,2,1000,640x360,2.0082519999999997,,rebuffer happen
2025-12-17T11:49:10.016Z,0.184,2,1000,640x360,1.958011,,
2025-12-17T11:49:10.150Z,0.018,2,1000,640x360,2.0136780000000005,,rebuffer happen
2025-12-17T11:49:10.284Z,0.026,2,1000,640x360,2.097214,,rebuffer happen
2025-12-17T11:49:10.668Z,0.032,2,1000,640x360,2.1434439999999997,,rebuffer happen
2025-12-17T11:49:10.718Z,0.027,2,1000,640x360,2.1046190000000005,,rebuffer happen
2025-12-17T11:49:10.801Z,0.017,2,1000,640x360,2.1542830000000004,,rebuffer happen
2025-12-17T11:49:10.827Z,0.017,2,1000,640x360,2.1542830000000004,,
2025-12-17T11:49:10.868Z,0.015,1,600,480x270,2.213183000000001,,rebuffer happen
2025-12-17T11:49:10.900Z,0.015,1,600,480x270,2.213183000000001,,
2025-12-17T11:49:11.085Z,0.029,1,600,480x270,2.395702,,rebuffer happen
2025-12-17T11:49:11.357Z,0.204,1,600,480x270,2.4335569999999995,,
2025-12-17T11:49:11.850Z,0.269,1,600,480x270,2.4414929999999995,,
2025-12-17T11:49:12.314Z,0.286,1,600,480x270,2.3771519999999997,,
2025-12-17T11:49:12.383Z,0.28,2,1000,640x360,2.4080189999999995,,
2025-12-17T11:49:12.570Z,0.027,2,1000,640x360,2.425781999999999,,rebuffer happen
2025-12-17T11:49:12.986Z,0.024,2,1000,640x360,2.4937320000000005,,rebuffer happen
2025-12-17T11:49:13.069Z,0.021,2,1000,640x360,2.517260000000001,,rebuffer happen
2025-12-17T11:49:13.136Z,0.028,2,1000,640x360,2.4906900000000007,,rebuffer happen
2025-12-17T11:49:13.220Z,0.028,2,1000,640x360,2.5616529999999997,,rebuffer happen
2025-12-17T11:49:13.241Z,0.028,2,1000,640x360,2.657653,,
2025-12-17T11:49:13.286Z,0.022,1,600,480x270,2.617819,,rebuffer happen
2025-12-17T11:49:13.318Z,0.022,1,600,480x270,2.617819,,
2025-12-17T11:49:13.815Z,0.199,1,600,480x270,2.7927280000000003,,
2025-12-17T11:49:14.358Z,0.143,1,600,480x270,2.8706770000000006,,
2025-12-17T11:49:14.504Z,0.021,1,600,480x270,2.816915999999999,,rebuffer happen
2025-12-17T11:49:14.833Z,0.244,1,600,480x270,2.848606,,
2025-12-17T11:49:15.370Z,0.24,1,600,480x270,2.9137959999999996,,
2025-12-17T11:49:15.555Z,0.032,1,600,480x270,2.9282900000000005,,rebuffer happen
2025-12-17T11:49:15.883Z,0.29,1,600,480x270,2.9825789999999994,,
2025-12-17T11:49:16.388Z,0.303,1,600,480x270,2.9846640000000004,,
2025-12-17T11:49:16.389Z,0.281,1,600,480x270,2.9827949999999994,,rebuffer happen
2025-12-17T11:49:16.720Z,0.361,1,600,480x270,2.865151000000001,,
2025-12-17T11:49:16.846Z,0.277,1,600,480x270,2.9453750000000003,,rebuffer happen
2025-12-17T11:49:17.037Z,0.479,1,600,480x270,2.7713289999999997,,
2025-12-17T11:49:17.341Z,0.506,1,600,480x270,2.717594,,
2025-12-17T11:49:17.659Z,0.555,1,600,480x270,2.5498790000000007,,
2025-12-17T11:49:17.976Z,0.633,1,600,480x270,2.4314540000000004,,
2025-12-17T11:49:18.304Z,0.688,1,600,480x270,2.2672349999999994,,
2025-12-17T11:49:18.616Z,0.757,1,600,480x270,2.160926,,
2025-12-17T11:49:18.930Z,0.873,1,600,480x270,2.085141,,
2025-12-17T11:49:19.259Z,0.992,1,600,480x270,2.114879000000002,,
2025-12-17T11:49:19.586Z,1.12,1,600,480x270,2.0405240000000013,,
2025-12-17T11:49:19.922Z,1.253,1,600,480x270,1.9774279999999997,,
2025-12-17T11:49:20.332Z,1.352,1,600,480x270,1.9558199999999992,,
2025-12-17T11:49:20.416Z,1.359,2,1000,640x360,1.9677379999999989,,
2025-12-17T11:49:20.863Z,1.306,2,1000,640x360,1.9992269999999994,,
2025-12-17T11:49:21.358Z,1.302,2,1000,640x360,1.9948540000000001,,
2025-12-17T11:49:21.863Z,1.274,2,1000,640x360,1.9898650000000018,,
2025-12-17T11:49:22.383Z,1.243,2,1000,640x360,1.9663200000000032,,
2025-12-17T11:49:22.902Z,1.243,2,1000,640x360,1.9418809999999986,,
2025-12-17T11:49:23.415Z,1.237,2,1000,640x360,1.9317729999999997,,
2025-12-17T11:49:23.944Z,1.173,2,1000,640x360,2.005067999999998,,
2025-12-17T11:49:24.445Z,1.152,2,1000,640x360,2.007563000000001,,
2025-12-17T11:49:24.813Z,1.323,2,1000,640x360,1.9320850000000007,,
2025-12-17T11:49:25.130Z,1.494,2,1000,640x360,1.9209700000000005,,
2025-12-17T11:49:25.537Z,1.61,2,1000,640x360,1.917384000000002,,
2025-12-17T11:49:26.037Z,1.612,2,1000,640x360,1.916565000000002,,
2025-12-17T11:49:26.117Z,1.61,3,1500,768x432,1.9296489999999977,,
2025-12-17T11:49:27.319Z,0.406,3,1500,768x432,1.9305180000000028,,
2025-12-17T11:49:27.397Z,0.829,1,600,480x270,1.9482539999999986,,
2025-12-17T11:49:27.654Z,0.981,1,600,480x270,1.9979250000000022,,
2025-12-17T11:49:27.725Z,0.99,2,1000,640x360,1.9264590000000013,,
2025-12-17T11:49:28.199Z,0.958,2,1000,640x360,1.9530369999999984,,
2025-12-17T11:49:28.815Z,0.82,2,1000,640x360,1.929381000000003,,
2025-12-17T11:49:29.533Z,0.634,2,1000,640x360,1.9185490000000023,,
2025-12-17T11:49:29.603Z,0.62,3,1500,768x432,1.9507060000000003,,
2025-12-17T11:49:29.902Z,0.245,3,1500,768x432,1.9418520000000008,,rebuffer happen
2025-12-17T11:49:30.117Z,0.03,3,1500,768x432,1.9275279999999988,,rebuffer happen
2025-12-17T11:49:30.339Z,0.03,3,1500,768x432,2.130527999999998,,
2025-12-17T11:49:30.414Z,0.502,1,600,480x270,2.153652000000001,,
2025-12-17T11:49:30.652Z,0.625,1,600,480x270,2.162749999999999,,
2025-12-17T11:49:30.891Z,0.83,1,600,480x270,2.0728779999999993,,
2025-12-17T11:49:30.978Z,0.85,2,1000,640x360,2.083062999999999,,
2025-12-17T11:49:31.388Z,0.826,2,1000,640x360,2.0274290000000015,,
2025-12-17T11:49:31.458Z,0.762,3,1500,768x432,2.0400099999999988,,
2025-12-17T11:49:31.980Z,0.205,3,1500,768x432,2.008305,,rebuffer happen
2025-12-17T11:49:32.152Z,0.025,3,1500,768x432,2.0247670000000006,,rebuffer happen
2025-12-17T11:49:32.675Z,0.025,3,1500,768x432,2.531767000000002,,
2025-12-17T11:49:32.759Z,0.525,1,600,480x270,2.5592369999999995,,
2025-12-17T11:49:32.949Z,0.261,1,600,480x270,2.5651629999999983,,rebuffer happen
2025-12-17T11:49:33.122Z,0.493,1,600,480x270,2.408007999999999,,
2025-12-17T11:49:33.200Z,0.51,2,1000,640x360,2.4059579999999983,,
2025-12-17T11:49:33.346Z,0.26,2,1000,640x360,2.392331000000002,,rebuffer happen
2025-12-17T11:49:33.705Z,0.279,2,1000,640x360,2.2808460000000004,,
2025-12-17T11:49:33.775Z,0.235,3,1500,768x432,2.3107320000000016,,
2025-12-17T11:49:33.938Z,0.053,3,1500,768x432,2.250191000000001,,rebuffer happen
2025-12-17T11:49:34.509Z,0.053,3,1500,768x432,2.849191000000001,,
2025-12-17T11:49:34.587Z,0.553,2,1000,640x360,2.891614999999998,,
2025-12-17T11:49:35.081Z,0.374,2,1000,640x360,2.7715499999999977,,
2025-12-17T11:49:35.155Z,0.373,1,600,480x270,2.7613239999999983,,
2025-12-17T11:49:35.156Z,0.263,1,600,480x270,2.7600890000000007,,rebuffer happen
2025-12-17T11:49:35.459Z,0.383,1,600,480x270,2.677402999999998,,
2025-12-17T11:49:35.530Z,0.381,2,1000,640x360,2.5733239999999995,,
2025-12-17T11:49:35.531Z,0.276,2,1000,640x360,2.572278999999998,,rebuffer happen
2025-12-17T11:49:35.688Z,0.045,2,1000,640x360,2.5429189999999977,,rebuffer happen
2025-12-17T11:49:36.018Z,0.235,2,1000,640x360,2.5501879999999986,,
2025-12-17T11:49:36.093Z,0.244,3,1500,768x432,2.575223000000001,,
2025-12-17T11:49:36.238Z,0.025,3,1500,768x432,2.524197000000001,,rebuffer happen
2025-12-17T11:49:36.818Z,0.025,3,1500,768x432,3.132196999999998,,
2025-12-17T11:49:36.891Z,0.478,2,1000,640x360,3.1642660000000014,,
2025-12-17T11:49:37.035Z,0.245,2,1000,640x360,3.042778000000002,,rebuffer happen
2025-12-17T11:49:37.380Z,0.298,2,1000,640x360,2.999884999999999,,
2025-12-17T11:49:37.455Z,0.297,3,1500,768x432,3.0220629999999993,,
2025-12-17T11:49:37.656Z,0.022,3,1500,768x432,3.0190589999999986,,rebuffer happen
2025-12-17T11:49:38.170Z,0.022,3,1500,768x432,3.518059000000001,,
2025-12-17T11:49:38.241Z,0.522,2,1000,640x360,3.4615510000000036,,
2025-12-17T11:49:38.442Z,0.276,2,1000,640x360,3.5051169999999985,,rebuffer happen
2025-12-17T11:49:38.675Z,0.294,2,1000,640x360,3.366595000000004,,rebuffer happen
2025-12-17T11:49:38.707Z,0.295,2,1000,640x360,3.333948999999997,,rebuffer happen
2025-12-17T11:49:38.731Z,0.295,2,1000,640x360,3.2984480000000005,,
2025-12-17T11:49:39.219Z,0.237,2,1000,640x360,3.2318380000000033,,
2025-12-17T11:49:39.286Z,0.214,3,1500,768x432,3.2658020000000008,,
2025-12-17T11:49:39.424Z,0.031,3,1500,768x432,3.2393069999999966,,rebuffer happen
2025-12-17T11:49:40.021Z,0.031,3,1500,768x432,3.829307,,
2025-12-17T11:49:40.099Z,0.531,2,1000,640x360,3.8666020000000003,,
2025-12-17T11:49:40.287Z,0.264,2,1000,640x360,3.7943619999999996,,rebuffer happen
2025-12-17T11:49:40.591Z,0.302,2,1000,640x360,3.707127,,
2025-12-17T11:49:40.592Z,0.298,2,1000,640x360,3.706425000000003,,rebuffer happen
2025-12-17T11:49:41.010Z,0.294,2,1000,640x360,3.695822999999997,,rebuffer happen
2025-12-17T11:49:41.082Z,0.304,2,1000,640x360,3.6822859999999977,,
2025-12-17T11:49:41.082Z,0.284,2,1000,640x360,3.681280000000001,,rebuffer happen
2025-12-17T11:49:41.586Z,0.216,2,1000,640x360,3.6191850000000017,,
2025-12-17T11:49:41.665Z,0.221,3,1500,768x432,3.6392080000000036,,
2025-12-17T11:49:41.776Z,0.032,3,1500,768x432,3.635078,,rebuffer happen
2025-12-17T11:49:42.399Z,0.032,3,1500,768x432,4.230077999999999,,
2025-12-17T11:49:42.478Z,0.532,2,1000,640x360,4.264966999999999,,
2025-12-17T11:49:42.637Z,0.288,2,1000,640x360,4.1863890000000055,,rebuffer happen
2025-12-17T11:49:42.756Z,0.269,2,1000,640x360,4.138153000000003,,rebuffer happen
2025-12-17T11:49:42.977Z,0.603,2,1000,640x360,4.138153000000003,,
2025-12-17T11:49:43.500Z,1.103,2,1000,640x360,4.961153000000003,,
2025-12-17T11:49:43.602Z,1.136,3,1500,768x432,4.961153000000003,,
2025-12-17T11:49:44.381Z,1.136,3,1500,768x432,4.961153000000003,,
2025-12-17T11:49:44.470Z,1.636,2,1000,640x360,4.961153000000003,,
2025-12-17T11:49:44.972Z,1.788,2,1000,640x360,6.077995000000001,,
2025-12-17T11:49:45.042Z,1.771,3,1500,768x432,5.973931,,
2025-12-17T11:49:45.781Z,0.689,3,1500,768x432,5.690508000000001,,
2025-12-17T11:49:45.855Z,1.087,1,600,480x270,5.675139999999999,,
2025-12-17T11:49:46.153Z,1.03,1,600,480x270,5.538465000000002,,
2025-12-17T11:49:46.455Z,1.077,1,600,480x270,5.382188999999997,,
2025-12-17T11:49:46.523Z,0.994,2,1000,640x360,5.279662999999999,,
2025-12-17T11:49:47.013Z,0.758,2,1000,640x360,5.044713000000002,,
2025-12-17T11:49:47.552Z,0.446,2,1000,640x360,4.828051000000002,,
2025-12-17T11:49:47.721Z,0.279,2,1000,640x360,4.717414000000005,,rebuffer happen
2025-12-17T11:49:47.981Z,0.399,2,1000,640x360,4.6788039999999995,,
2025-12-17T11:49:48.062Z,0.38,1,600,480x270,4.665081000000001,,
2025-12-17T11:49:48.063Z,0.258,1,600,480x270,4.663980000000002,,rebuffer happen
2025-12-17T11:49:48.351Z,0.453,1,600,480x270,4.655858000000002,,
2025-12-17T11:49:48.423Z,0.439,3,1500,768x432,4.553789999999999,,
2025-12-17T11:49:48.458Z,0.299,3,1500,768x432,4.595994999999995,,rebuffer happen
2025-12-17T11:49:48.649Z,0.022,3,1500,768x432,4.523709000000004,,rebuffer happen
2025-12-17T11:49:49.092Z,0.022,3,1500,768x432,4.9267090000000024,,
2025-12-17T11:49:49.172Z,0.522,2,1000,640x360,4.953673000000002,,
2025-12-17T11:49:49.405Z,0.185,2,1000,640x360,4.820040999999996,,rebuffer happen
2025-12-17T11:49:49.665Z,0.313,2,1000,640x360,4.833934999999997,,
2025-12-17T11:49:49.720Z,0.287,3,1500,768x432,4.785201999999998,,rebuffer happen
2025-12-17T11:49:49.746Z,0.287,3,1500,768x432,4.745380999999995,,
2025-12-17T11:49:49.883Z,0.043,3,1500,768x432,4.739521000000003,,rebuffer happen
2025-12-17T11:49:50.496Z,0.043,3,1500,768x432,5.348520999999998,,
2025-12-17T11:49:50.575Z,0.543,1,600,480x270,5.375543999999998,,
2025-12-17T11:49:50.871Z,0.598,1,600,480x270,5.296765000000001,,
2025-12-17T11:49:50.950Z,0.596,2,1000,640x360,5.178774000000004,,
2025-12-17T11:49:51.155Z,0.204,2,1000,640x360,5.168000999999997,,rebuffer happen
2025-12-17T11:49:51.447Z,0.314,2,1000,640x360,5.108922,,
2025-12-17T11:49:51.484Z,0.258,1,600,480x270,5.054172999999999,,rebuffer happen
2025-12-17T11:49:51.517Z,0.258,1,600,480x270,5.004621999999998,,
2025-12-17T11:49:51.635Z,0.033,1,600,480x270,4.932980999999998,,rebuffer happen
2025-12-17T11:49:51.813Z,0.38,1,600,480x270,4.986957999999994,,
2025-12-17T11:49:51.889Z,0.391,3,1500,768x432,5.0182550000000035,,
2025-12-17T11:49:51.905Z,0.299,3,1500,768x432,5.001816000000005,,rebuffer happen
2025-12-17T11:49:52.085Z,0.03,3,1500,768x432,4.936191999999998,,rebuffer happen
2025-12-17T11:49:52.678Z,0.03,3,1500,768x432,5.527191999999999,,
2025-12-17T11:49:52.746Z,0.53,2,1000,640x360,5.472586,,
2025-12-17T11:49:52.930Z,0.29,2,1000,640x360,5.452262999999995,,rebuffer happen
2025-12-17T11:49:53.153Z,0.287,2,1000,640x360,5.429718999999999,,rebuffer happen
2025-12-17T11:49:53.192Z,0.295,2,1000,640x360,5.370806999999999,,rebuffer happen
2025-12-17T11:49:53.242Z,0.283,2,1000,640x360,5.3846519999999956,,
2025-12-17T11:49:53.321Z,0.286,3,1500,768x432,5.267496000000001,,
2025-12-17T11:49:53.402Z,0.047,3,1500,768x432,5.243227999999995,,rebuffer happen
2025-12-17T11:49:54.086Z,0.047,3,1500,768x432,5.943227999999998,,
2025-12-17T11:49:54.178Z,0.547,2,1000,640x360,5.973262000000005,,
2025-12-17T11:49:54.371Z,0.264,2,1000,640x360,5.894469000000001,,rebuffer happen
2025-12-17T11:49:54.675Z,0.346,2,1000,640x360,5.8315100000000015,,
2025-12-17T11:49:54.727Z,0.288,3,1500,768x432,5.784420000000004,,rebuffer happen
2025-12-17T11:49:54.754Z,0.288,3,1500,768x432,5.846800999999999,,
2025-12-17T11:49:54.887Z,0.049,3,1500,768x432,5.744974999999997,,rebuffer happen
2025-12-17T11:49:55.491Z,0.049,3,1500,768x432,6.3469750000000005,,
2025-12-17T11:49:55.566Z,0.549,1,600,480x270,6.398122999999998,,
2025-12-17T11:49:55.874Z,0.579,1,600,480x270,6.290759000000001,,
2025-12-17T11:49:56.225Z,0.555,1,600,480x270,6.070137000000003,,
2025-12-17T11:49:56.300Z,0.567,2,1000,640x360,6.054212,,
2025-12-17T11:49:56.429Z,0.263,2,1000,640x360,5.970088000000004,,rebuffer happen
2025-12-17T11:49:56.576Z,0.292,2,1000,640x360,6.0000380000000035,,rebuffer happen
2025-12-17T11:49:56.802Z,0.331,2,1000,640x360,5.937878999999995,,
2025-12-17T11:49:56.877Z,0.341,1,600,480x270,5.933692999999998,,
2025-12-17T11:49:56.879Z,0.227,1,600,480x270,5.932003999999999,,rebuffer happen
2025-12-17T11:49:57.006Z,0.104,1,600,480x270,5.835214000000001,,rebuffer happen
2025-12-17T11:49:57.160Z,0.379,1,600,480x270,5.893641000000002,,
2025-12-17T11:49:57.271Z,0.227,1,600,480x270,5.837626,,rebuffer happen
2025-12-17T11:49:57.467Z,0.434,1,600,480x270,5.728740999999999,,
2025-12-17T11:49:57.613Z,0.28,1,600,480x270,5.612196000000004,,rebuffer happen
2025-12-17T11:49:57.763Z,0.514,1,600,480x270,5.657277999999998,,
2025-12-17T11:49:57.844Z,0.503,3,1500,768x432,5.656681999999996,,
2025-12-17T11:49:58.086Z,0.097,3,1500,768x432,5.501343000000006,,rebuffer happen
2025-12-17T11:49:58.123Z,0.042,3,1500,768x432,5.446446000000002,,rebuffer happen
2025-12-17T11:49:58.578Z,0.042,3,1500,768x432,5.938445999999999,,
2025-12-17T11:49:58.655Z,0.542,1,600,480x270,5.979583000000005,,
2025-12-17T11:49:58.961Z,0.672,1,600,480x270,5.9719359999999995,,
2025-12-17T11:49:59.268Z,0.719,1,600,480x270,5.814990999999999,,
2025-12-17T11:49:59.344Z,0.666,2,1000,640x360,5.797556999999998,,
2025-12-17T11:49:59.876Z,0.272,2,1000,640x360,5.511870999999999,,rebuffer happen
2025-12-17T11:49:59.899Z,0.272,2,1000,640x360,5.476776000000001,,
2025-12-17T11:49:59.972Z,0.268,1,600,480x270,5.457770999999994,,
2025-12-17T11:50:00.075Z,0.057,1,600,480x270,5.4594239999999985,,rebuffer happen
2025-12-17T11:50:00.276Z,0.373,1,600,480x270,5.515922000000003,,
2025-12-17T11:50:00.345Z,0.367,2,1000,640x360,5.546663000000002,,
2025-12-17T11:50:00.380Z,0.298,2,1000,640x360,5.495294000000001,,rebuffer happen
2025-12-17T11:50:00.675Z,0.029,2,1000,640x360,5.392761,,rebuffer happen
2025-12-17T11:50:00.946Z,0.145,2,1000,640x360,5.467176000000002,,
2025-12-17T11:50:01.093Z,0.059,2,1000,640x360,5.4267500000000055,,rebuffer happen
2025-12-17T11:50:01.415Z,0.216,2,1000,640x360,5.404584,,
2025-12-17T11:50:01.904Z,0.222,2,1000,640x360,5.428283999999998,,
2025-12-17T11:50:02.419Z,0.191,2,1000,640x360,5.418743000000006,,
2025-12-17T11:50:02.488Z,0.215,3,1500,768x432,5.4448190000000025,,
2025-12-17T11:50:02.610Z,0.025,3,1500,768x432,5.421822999999996,,rebuffer happen
2025-12-17T11:50:03.191Z,0.025,3,1500,768x432,6.021822999999998,,
2025-12-17T11:50:03.265Z,0.477,2,1000,640x360,6.059634000000003,,
2025-12-17T11:50:03.408Z,0.245,2,1000,640x360,5.948350000000005,,rebuffer happen
2025-12-17T11:50:03.764Z,0.289,2,1000,640x360,5.887138,,
2025-12-17T11:50:04.281Z,0.259,2,1000,640x360,5.8670430000000025,,
2025-12-17T11:50:04.781Z,0.262,2,1000,640x360,5.868485,,
2025-12-17T11:50:05.272Z,0.251,2,1000,640x360,5.886595,,
2025-12-17T11:50:05.841Z,0.232,2,1000,640x360,5.922302000000002,,
2025-12-17T11:50:06.314Z,0.253,2,1000,640x360,5.858380000000004,,
2025-12-17T11:50:06.388Z,0.222,3,1500,768x432,5.877711000000005,,
2025-12-17T11:50:06.547Z,0.02,3,1500,768x432,5.9169179999999955,,rebuffer happen
2025-12-17T11:50:07.179Z,0.02,3,1500,768x432,6.5179179999999945,,
2025-12-17T11:50:07.248Z,0.52,2,1000,640x360,6.4626459999999994,,
2025-12-17T11:50:07.435Z,0.26,2,1000,640x360,6.393340000000002,,rebuffer happen
2025-12-17T11:50:07.733Z,0.303,2,1000,640x360,6.312207000000001,,
2025-12-17T11:50:07.864Z,0.197,2,1000,640x360,6.399333999999996,,rebuffer happen
2025-12-17T11:50:08.242Z,0.234,2,1000,640x360,6.341284999999999,,
2025-12-17T11:50:08.757Z,0.198,2,1000,640x360,6.3317889999999935,,
2025-12-17T11:50:09.279Z,0.197,2,1000,640x360,6.307707999999998,,
2025-12-17T11:50:09.449Z,0.037,2,1000,640x360,6.339010000000009,,rebuffer happen
2025-12-17T11:50:09.807Z,0.246,2,1000,640x360,6.327085999999994,,
2025-12-17T11:50:10.142Z,0.385,2,1000,640x360,6.393250000000002,,
2025-12-17T11:50:10.241Z,0.273,2,1000,640x360,6.370073999999995,,rebuffer happen
2025-12-17T11:50:10.452Z,0.425,2,1000,640x360,6.261814000000008,,
2025-12-17T11:50:10.559Z,0.297,2,1000,640x360,6.196502000000002,,rebuffer happen
2025-12-17T11:50:10.912Z,0.331,2,1000,640x360,6.025214000000005,,
2025-12-17T11:50:10.991Z,0.327,1,600,480x270,6.013076000000005,,
2025-12-17T11:50:10.992Z,0.208,1,600,480x270,6.011876000000001,,rebuffer happen
2025-12-17T11:50:11.277Z,0.389,1,600,480x270,6.001485000000002,,
2025-12-17T11:50:11.428Z,0.206,1,600,480x270,5.869269000000003,,rebuffer happen
2025-12-17T11:50:11.593Z,0.427,1,600,480x270,5.823371999999999,,
2025-12-17T11:50:11.883Z,0.599,1,600,480x270,5.795401999999996,,
2025-12-17T11:50:12.149Z,0.649,1,600,480x270,5.703429999999997,,
2025-12-17T11:50:12.407Z,0.763,1,600,480x270,5.509986999999995,,
2025-12-17T11:50:12.479Z,0.811,2,1000,640x360,5.510513000000003,,
2025-12-17T11:50:12.813Z,0.293,2,1000,640x360,5.357859000000005,,rebuffer happen
2025-12-17T11:50:13.001Z,0.447,2,1000,640x360,5.286357999999993,,
2025-12-17T11:50:13.076Z,0.476,1,600,480x270,5.266098999999997,,
2025-12-17T11:50:13.140Z,0.27,1,600,480x270,5.171644999999998,,rebuffer happen
2025-12-17T11:50:13.573Z,0.312,1,600,480x270,5.2204300000000075,,
2025-12-17T11:50:13.649Z,0.321,3,1500,768x432,5.144146000000006,,
2025-12-17T11:50:13.650Z,0.244,3,1500,768x432,5.249330999999998,,rebuffer happen
2025-12-17T11:50:13.869Z,0.028,3,1500,768x432,5.22948199999999,,rebuffer happen
2025-12-17T11:50:14.418Z,0.028,3,1500,768x432,5.73548199999999,,
2025-12-17T11:50:14.489Z,0.528,1,600,480x270,5.774159999999995,,
2025-12-17T11:50:14.666Z,0.272,1,600,480x270,5.776863999999989,,rebuffer happen
2025-12-17T11:50:14.856Z,0.469,1,600,480x270,5.68638,,
2025-12-17T11:50:15.052Z,0.258,1,600,480x270,5.599703000000005,,rebuffer happen
2025-12-17T11:50:15.195Z,0.445,1,600,480x270,5.479872999999998,,
2025-12-17T11:50:15.412Z,0.219,1,600,480x270,5.348886000000007,,rebuffer happen
2025-12-17T11:50:15.582Z,0.437,1,600,480x270,5.363135,,
2025-12-17T11:50:15.659Z,0.394,2,1000,640x360,5.385709000000006,,
2025-12-17T11:50:15.726Z,0.283,2,1000,640x360,5.286179000000004,,rebuffer happen
2025-12-17T11:50:16.150Z,0.225,2,1000,640x360,5.228406000000007,,
2025-12-17T11:50:16.588Z,0.021,2,1000,640x360,5.1844640000000055,,rebuffer happen
2025-12-17T11:50:16.744Z,0.137,2,1000,640x360,5.264502999999991,,
2025-12-17T11:50:16.889Z,0.023,2,1000,640x360,5.219486000000003,,rebuffer happen
2025-12-17T11:50:17.226Z,0.235,2,1000,640x360,5.249015,,
2025-12-17T11:50:17.299Z,0.245,3,1500,768x432,5.2685260000000085,,
2025-12-17T11:50:17.439Z,0.033,3,1500,768x432,5.238043000000005,,rebuffer happen
2025-12-17T11:50:17.993Z,0.033,3,1500,768x432,5.832043000000013,,
2025-12-17T11:50:18.065Z,0.533,2,1000,640x360,5.883340000000004,,
2025-12-17T11:50:18.544Z,0.302,2,1000,640x360,5.719688000000005,,
2025-12-17T11:50:18.610Z,0.323,1,600,480x270,5.620965999999996,,
2025-12-17T11:50:18.611Z,0.224,1,600,480x270,5.619871000000003,,rebuffer happen
2025-12-17T11:50:18.889Z,0.419,1,600,480x270,5.625520999999992,,
2025-12-17T11:50:18.970Z,0.423,3,1500,768x432,5.608219000000005,,
2025-12-17T11:50:19.019Z,0.238,3,1500,768x432,5.534092000000001,,rebuffer happen
2025-12-17T11:50:19.157Z,0.032,3,1500,768x432,5.5317309999999935,,rebuffer happen
2025-12-17T11:50:19.708Z,0.032,3,1500,768x432,6.028730999999993,,
2025-12-17T11:50:19.779Z,0.532,2,1000,640x360,6.071618999999998,,
2025-12-17T11:50:20.271Z,0.354,2,1000,640x360,5.943831000000003,,
2025-12-17T11:50:20.341Z,0.335,1,600,480x270,5.8393350000000055,,
2025-12-17T11:50:20.342Z,0.23,1,600,480x270,5.927102000000005,,rebuffer happen
2025-12-17T11:50:20.630Z,0.429,1,600,480x270,5.825046,,
2025-12-17T11:50:20.698Z,0.427,3,1500,768x432,5.874324999999999,,
2025-12-17T11:50:20.925Z,0.039,3,1500,768x432,5.735694000000009,,rebuffer happen
2025-12-17T11:50:20.926Z,0.039,3,1500,768x432,5.735694000000009,,rebuffer happen
2025-12-17T11:50:21.263Z,0.039,3,1500,768x432,6.136694000000006,,
2025-12-17T11:50:21.337Z,0.539,1,600,480x270,6.076892999999998,,
2025-12-17T11:50:21.658Z,0.581,1,600,480x270,6.0632579999999905,,
2025-12-17T11:50:21.727Z,0.515,3,1500,768x432,5.990122999999997,,
2025-12-17T11:50:21.981Z,0.108,3,1500,768x432,5.904629,,rebuffer happen
2025-12-17T11:50:22.026Z,0.04,3,1500,768x432,5.836997999999994,,rebuffer happen
2025-12-17T11:50:22.631Z,0.04,3,1500,768x432,6.436998000000003,,
2025-12-17T11:50:22.711Z,0.54,1,600,480x270,6.471989999999991,,
2025-12-17T11:50:23.054Z,0.512,1,600,480x270,6.424197000000007,,
2025-12-17T11:50:23.317Z,0.636,1,600,480x270,6.234123999999994,,
2025-12-17T11:50:23.598Z,0.697,1,600,480x270,6.122027000000003,,
2025-12-17T11:50:23.677Z,0.685,2,1000,640x360,6.098170999999994,,
2025-12-17T11:50:24.161Z,0.49,2,1000,640x360,5.998428000000004,,
2025-12-17T11:50:24.237Z,0.497,1,600,480x270,5.885167999999993,,
2025-12-17T11:50:24.320Z,0.261,1,600,480x270,5.8582799999999935,,rebuffer happen
2025-12-17T11:50:24.638Z,0.195,1,600,480x270,5.795486000000011,,rebuffer happen
2025-12-17T11:50:24.682Z,0.288,1,600,480x270,5.859780999999998,,rebuffer happen
2025-12-17T11:50:24.709Z,0.287,1,600,480x270,5.831965999999994,,
2025-12-17T11:50:24.787Z,0.326,3,1500,768x432,5.845191,,
2025-12-17T11:50:24.787Z,0.248,3,1500,768x432,5.844450000000009,,rebuffer happen
2025-12-17T11:50:25.012Z,0.024,3,1500,768x432,5.827367999999993,,rebuffer happen
2025-12-17T11:50:25.432Z,0.024,3,1500,768x432,6.225367999999989,,
2025-12-17T11:50:25.505Z,0.524,1,600,480x270,6.261716000000007,,
2025-12-17T11:50:25.803Z,0.577,1,600,480x270,6.194490000000002,,
2025-12-17T11:50:26.124Z,0.586,1,600,480x270,6.009189000000006,,
2025-12-17T11:50:26.192Z,0.612,2,1000,640x360,6.015534000000002,,
2025-12-17T11:50:26.337Z,0.293,2,1000,640x360,5.89186500000001,,rebuffer happen
2025-12-17T11:50:26.813Z,0.237,2,1000,640x360,5.861846,,
2025-12-17T11:50:27.162Z,0.41,2,1000,640x360,5.904449,,
2025-12-17T11:50:27.312Z,0.208,2,1000,640x360,5.772766000000004,,rebuffer happen
2025-12-17T11:50:27.697Z,0.247,2,1000,640x360,5.742581999999999,,
2025-12-17T11:50:28.285Z,0.135,2,1000,640x360,5.7590490000000045,,
2025-12-17T11:50:28.367Z,0.157,3,1500,768x432,5.772767999999999,,
2025-12-17T11:50:28.415Z,0.029,3,1500,768x432,5.725318999999999,,rebuffer happen
2025-12-17T11:50:29.265Z,0.029,3,1500,768x432,6.626318999999995,,
2025-12-17T11:50:29.342Z,0.529,2,1000,640x360,6.56494099999999,,
2025-12-17T11:50:29.486Z,0.261,2,1000,640x360,6.557317000000012,,rebuffer happen
2025-12-17T11:50:29.796Z,0.352,2,1000,640x360,6.431749999999994,,
2025-12-17T11:50:29.874Z,0.334,1,600,480x270,6.419378999999992,,
2025-12-17T11:50:29.875Z,0.216,1,600,480x270,6.418184999999994,,rebuffer happen
2025-12-17T11:50:29.999Z,0.03,1,600,480x270,6.326773000000003,,rebuffer happen
2025-12-17T11:50:30.173Z,0.37,1,600,480x270,6.3946129999999926,,
2025-12-17T11:50:30.252Z,0.392,2,1000,640x360,6.315119999999993,,
2025-12-17T11:50:30.417Z,0.1,2,1000,640x360,6.270439999999994,,rebuffer happen
2025-12-17T11:50:30.762Z,0.208,2,1000,640x360,6.32810400000001,,
2025-12-17T11:50:30.841Z,0.17,3,1500,768x432,6.252034000000009,,
2025-12-17T11:50:30.967Z,0.019,3,1500,768x432,6.315079000000011,,rebuffer happen
2025-12-17T11:50:31.594Z,0.019,3,1500,768x432,6.922079000000011,,
2025-12-17T11:50:31.671Z,0.519,2,1000,640x360,6.953229999999991,,
2025-12-17T11:50:32.019Z,0.286,2,1000,640x360,6.781983000000011,,rebuffer happen
2025-12-17T11:50:32.111Z,0.281,2,1000,640x360,6.743838999999994,,rebuffer happen
2025-12-17T11:50:32.169Z,0.279,2,1000,640x360,6.7601609999999965,,
2025-12-17T11:50:32.248Z,0.26,1,600,480x270,6.640951999999999,,
2025-12-17T11:50:32.351Z,0.129,1,600,480x270,6.729054000000005,,rebuffer happen
2025-12-17T11:50:32.541Z,0.337,1,600,480x270,6.755887999999999,,
2025-12-17T11:50:32.606Z,0.358,2,1000,640x360,6.697068000000002,,
2025-12-17T11:50:32.607Z,0.299,2,1000,640x360,6.696263000000002,,rebuffer happen
2025-12-17T11:50:32.998Z,0.299,2,1000,640x360,6.739111000000008,,rebuffer happen
2025-12-17T11:50:33.115Z,0.291,2,1000,640x360,6.657516000000001,,
2025-12-17T11:50:33.183Z,0.197,1,600,480x270,6.664733999999996,,
2025-12-17T11:50:33.486Z,0.355,1,600,480x270,6.674887999999996,,
2025-12-17T11:50:33.560Z,0.366,3,1500,768x432,6.696372999999994,,
2025-12-17T11:50:33.560Z,0.292,3,1500,768x432,6.6956599999999895,,rebuffer happen
2025-12-17T11:50:33.836Z,0.019,3,1500,768x432,6.614581000000001,,rebuffer happen
2025-12-17T11:50:34.317Z,0.019,3,1500,768x432,7.124580999999992,,
2025-12-17T11:50:34.389Z,0.48,2,1000,640x360,7.152134000000004,,
2025-12-17T11:50:34.774Z,0.434,2,1000,640x360,7.042254,,
2025-12-17T11:50:34.858Z,0.386,3,1500,768x432,7.039249999999996,,
2025-12-17T11:50:34.894Z,0.29,3,1500,768x432,6.986018000000001,,rebuffer happen
2025-12-17T11:50:35.070Z,0.026,3,1500,768x432,6.924493999999996,,rebuffer happen
2025-12-17T11:50:35.490Z,0.026,3,1500,768x432,7.3274940000000015,,
2025-12-17T11:50:35.557Z,0.526,1,600,480x270,7.375415000000004,,
2025-12-17T11:50:35.833Z,0.653,1,600,480x270,7.263800000000003,,
2025-12-17T11:50:35.901Z,0.638,3,1500,768x432,7.280194999999992,,
2025-12-17T11:50:36.132Z,0.235,3,1500,768x432,7.132391000000013,,rebuffer happen
2025-12-17T11:50:36.271Z,0.027,3,1500,768x432,7.13001899999999,,rebuffer happen
2025-12-17T11:50:36.581Z,0.027,3,1500,768x432,7.427019000000001,,
2025-12-17T11:50:36.650Z,0.527,1,600,480x270,7.372790000000009,,
2025-12-17T11:50:36.937Z,0.615,1,600,480x270,7.329373000000004,,
2025-12-17T11:50:37.009Z,0.529,2,1000,640x360,7.330037000000004,,
2025-12-17T11:50:37.192Z,0.282,2,1000,640x360,7.252625000000009,,rebuffer happen
2025-12-17T11:50:37.339Z,0.295,2,1000,640x360,7.128840999999994,,rebuffer happen
2025-12-17T11:50:37.371Z,0.281,2,1000,640x360,7.176760999999999,,rebuffer happen
2025-12-17T11:50:37.486Z,0.307,2,1000,640x360,7.104830000000007,,
2025-12-17T11:50:37.553Z,0.306,3,1500,768x432,7.104417000000012,,
2025-12-17T11:50:37.553Z,0.206,3,1500,768x432,7.103225000000009,,rebuffer happen
2025-12-17T11:50:37.722Z,0.019,3,1500,768x432,7.022722000000002,,rebuffer happen
2025-12-17T11:50:38.278Z,0.019,3,1500,768x432,7.618721999999991,,
2025-12-17T11:50:38.351Z,0.519,2,1000,640x360,7.560275999999988,,
2025-12-17T11:50:38.527Z,0.253,2,1000,640x360,7.5536460000000005,,rebuffer happen
2025-12-17T11:50:38.853Z,0.368,2,1000,640x360,7.528884000000005,,
2025-12-17T11:50:39.051Z,0.037,2,1000,640x360,7.433160999999998,,rebuffer happen
2025-12-17T11:50:39.073Z,0.003,2,1000,640x360,7.399331000000004,,rebuffer happen
2025-12-17T11:50:39.417Z,0.269,2,1000,640x360,7.436615999999987,,
2025-12-17T11:50:39.624Z,0.032,2,1000,640x360,7.428492000000006,,rebuffer happen
2025-12-17T11:50:39.971Z,0.335,2,1000,640x360,7.640183999999991,,
2025-12-17T11:50:40.039Z,0.333,3,1500,768x432,7.571960000000004,,
2025-12-17T11:50:40.039Z,0.266,3,1500,768x432,7.571595000000002,,rebuffer happen
2025-12-17T11:50:40.274Z,0.031,3,1500,768x432,7.634800999999996,,rebuffer happen
2025-12-17T11:50:40.845Z,0.031,3,1500,768x432,8.227801,,
2025-12-17T11:50:40.916Z,0.531,2,1000,640x360,8.171425,,
2025-12-17T11:50:41.076Z,0.278,2,1000,640x360,8.178177000000005,,rebuffer happen
2025-12-17T11:50:41.475Z,0.237,2,1000,640x360,8.053917999999996,,
2025-12-17T11:50:41.709Z,0.018,2,1000,640x360,8.01557600000001,,rebuffer happen
2025-12-17T11:50:42.040Z,0.277,2,1000,640x360,8.055092000000002,,
2025-12-17T11:50:42.276Z,0.022,2,1000,640x360,8.123080999999999,,rebuffer happen
2025-12-17T11:50:42.628Z,0.229,2,1000,640x360,8.125984000000003,,
2025-12-17T11:50:42.694Z,0.226,3,1500,768x432,8.173051999999998,,
2025-12-17T11:50:42.843Z,0.028,3,1500,768x432,8.226780000000005,,rebuffer happen
2025-12-17T11:50:43.444Z,0.028,3,1500,768x432,8.827780000000004,,
2025-12-17T11:50:43.511Z,0.528,2,1000,640x360,8.775052000000002,,
2025-12-17T11:50:43.722Z,0.232,2,1000,640x360,8.695234999999997,,rebuffer happen
2025-12-17T11:50:44.020Z,0.28,2,1000,640x360,8.653495000000007,,rebuffer happen
2025-12-17T11:50:44.098Z,0.283,2,1000,640x360,8.625609999999995,,
2025-12-17T11:50:44.169Z,0.137,1,600,480x270,8.625547000000012,,
2025-12-17T11:50:44.278Z,0.02,1,600,480x270,8.617615999999998,,rebuffer happen
2025-12-17T11:50:44.507Z,0.335,1,600,480x270,8.656739000000002,,
2025-12-17T11:50:44.589Z,0.314,3,1500,768x432,8.653998999999999,,
2025-12-17T11:50:44.590Z,0.25,3,1500,768x432,8.652892000000008,,rebuffer happen
2025-12-17T11:50:44.828Z,0.02,3,1500,768x432,8.625835999999993,,rebuffer happen
2025-12-17T11:50:45.225Z,0.02,3,1500,768x432,9.017836000000003,,
2025-12-17T11:50:45.295Z,0.52,2,1000,640x360,9.066280000000006,,
2025-12-17T11:50:45.484Z,0.261,2,1000,640x360,9.004238999999998,,rebuffer happen
2025-12-17T11:50:45.856Z,0.296,2,1000,640x360,8.957118999999992,,
2025-12-17T11:50:46.246Z,0.033,2,1000,640x360,8.96815500000001,,rebuffer happen
2025-12-17T11:50:46.445Z,0.167,2,1000,640x360,8.98532200000001,,
2025-12-17T11:50:46.525Z,0.121,3,1500,768x432,8.90566600000001,,
2025-12-17T11:50:46.613Z,0.022,3,1500,768x432,8.922255000000007,,rebuffer happen
2025-12-17T11:50:47.186Z,0.022,3,1500,768x432,9.518254999999996,,
2025-12-17T11:50:47.257Z,0.522,2,1000,640x360,9.565231999999995,,
2025-12-17T11:50:47.755Z,0.341,2,1000,640x360,9.419313000000002,,
2025-12-17T11:50:47.831Z,0.32,1,600,480x270,9.305347999999995,,
2025-12-17T11:50:47.832Z,0.206,1,600,480x270,9.304211999999993,,rebuffer happen
2025-12-17T11:50:48.147Z,0.335,1,600,480x270,9.370313999999993,,
2025-12-17T11:50:48.222Z,0.304,3,1500,768x432,9.289113,,
2025-12-17T11:50:48.223Z,0.285,3,1500,768x432,9.287899999999993,,rebuffer happen
2025-12-17T11:50:48.448Z,0.052,3,1500,768x432,9.350583,,rebuffer happen
2025-12-17T11:50:48.800Z,0.052,3,1500,768x432,9.655582999999993,,
2025-12-17T11:50:48.875Z,0.552,2,1000,640x360,9.686767000000003,,
2025-12-17T11:50:49.239Z,0.296,2,1000,640x360,9.497099000000006,,rebuffer happen
2025-12-17T11:50:49.316Z,0.246,2,1000,640x360,9.483033000000006,,rebuffer happen
2025-12-17T11:50:49.387Z,0.277,2,1000,640x360,9.469184999999996,,
2025-12-17T11:50:49.466Z,0.273,3,1500,768x432,9.465126000000012,,
2025-12-17T11:50:49.549Z,0.053,3,1500,768x432,9.457117999999994,,rebuffer happen
2025-12-17T11:50:50.100Z,0.053,3,1500,768x432,9.958117999999999,,
2025-12-17T11:50:50.168Z,0.553,2,1000,640x360,9.995056000000005,,
2025-12-17T11:50:50.598Z,0.286,2,1000,640x360,9.857685000000004,,rebuffer happen
2025-12-17T11:50:50.663Z,0.305,2,1000,640x360,9.855626999999998,,
2025-12-17T11:50:50.785Z,0.247,2,1000,640x360,9.851711000000009,,rebuffer happen
2025-12-17T11:50:51.249Z,0.256,2,1000,640x360,9.840723999999994,,
2025-12-17T11:50:51.694Z,0.289,2,1000,640x360,9.797896999999992,,
2025-12-17T11:50:51.764Z,0.298,3,1500,768x432,9.837074000000001,,
2025-12-17T11:50:51.967Z,0.026,3,1500,768x432,9.834862000000001,,rebuffer happen
2025-12-17T11:50:52.464Z,0.026,3,1500,768x432,10.33086200000001,,
2025-12-17T11:50:52.540Z,0.505,2,1000,640x360,10.243956000000011,,
2025-12-17T11:50:52.750Z,0.213,2,1000,640x360,10.280840999999995,,rebuffer happen
2025-12-17T11:50:53.035Z,0.345,2,1000,640x360,10.166095999999996,,
2025-12-17T11:50:53.103Z,0.359,1,600,480x270,10.157460999999998,,
2025-12-17T11:50:53.103Z,0.257,1,600,480x270,10.156309000000007,,rebuffer happen
2025-12-17T11:50:53.252Z,0.035,1,600,480x270,10.134456,,rebuffer happen
2025-12-17T11:50:53.416Z,0.378,1,600,480x270,10.094537000000003,,
2025-12-17T11:50:53.492Z,0.398,2,1000,640x360,10.126215000000002,,
2025-12-17T11:50:53.680Z,0.057,2,1000,640x360,10.062097999999992,,rebuffer happen
2025-12-17T11:50:53.685Z,0.049,2,1000,640x360,10.053806999999992,,rebuffer happen
2025-12-17T11:50:54.053Z,0.207,2,1000,640x360,10.125291000000004,,
2025-12-17T11:50:54.252Z,0.029,2,1000,640x360,10.130419000000003,,rebuffer happen
2025-12-17T11:50:54.618Z,0.236,2,1000,640x360,10.086963999999995,,
2025-12-17T11:50:54.786Z,0.029,2,1000,640x360,10.126369999999994,,rebuffer happen
2025-12-17T11:50:55.147Z,0.223,2,1000,640x360,10.218390999999997,,
2025-12-17T11:50:55.224Z,0.222,3,1500,768x432,10.141317999999998,,
2025-12-17T11:50:55.337Z,0.033,3,1500,768x432,10.128679000000005,,rebuffer happen
2025-12-17T11:50:55.950Z,0.033,3,1500,768x432,10.832678999999999,,
2025-12-17T11:50:56.017Z,0.533,2,1000,640x360,10.779225999999994,,
2025-12-17T11:50:56.194Z,0.283,2,1000,640x360,10.785276999999994,,rebuffer happen
2025-12-17T11:50:56.498Z,0.328,2,1000,640x360,10.62643,,
2025-12-17T11:50:56.553Z,0.244,1,600,480x270,10.653158000000005,,rebuffer happen
2025-12-17T11:50:56.581Z,0.244,1,600,480x270,10.611717000000013,,
2025-12-17T11:50:56.721Z,0.024,1,600,480x270,10.527305999999996,,rebuffer happen
2025-12-17T11:50:56.880Z,0.375,1,600,480x270,10.59346099999999,,
2025-12-17T11:50:56.953Z,0.362,2,1000,640x360,10.594713000000013,,
2025-12-17T11:50:56.954Z,0.298,2,1000,640x360,10.593568000000005,,rebuffer happen
2025-12-17T11:50:57.511Z,0.271,2,1000,640x360,10.536475999999993,,
2025-12-17T11:50:57.889Z,0.029,2,1000,640x360,10.559842999999987,,rebuffer happen
2025-12-17T11:50:58.118Z,0.168,2,1000,640x360,10.555754000000007,,
2025-12-17T11:50:58.195Z,0.122,3,1500,768x432,10.58650399999999,,
2025-12-17T11:50:58.256Z,0.018,3,1500,768x432,10.61847499999999,,rebuffer happen
2025-12-17T11:50:58.877Z,0.018,3,1500,768x432,11.214474999999993,,
2025-12-17T11:50:58.962Z,0.518,2,1000,640x360,11.255743999999993,,
2025-12-17T11:50:59.123Z,0.297,2,1000,640x360,11.162650999999997,,rebuffer happen
2025-12-17T11:50:59.170Z,0.294,2,1000,640x360,11.196247999999997,,rebuffer happen
2025-12-17T11:50:59.322Z,0.3,2,1000,640x360,11.06637099999999,,rebuffer happen
2025-12-17T11:50:59.419Z,0.319,2,1000,640x360,11.015524999999997,,
2025-12-17T11:50:59.586Z,0.07,2,1000,640x360,10.967872999999997,,rebuffer happen
2025-12-17T11:50:59.893Z,0.237,2,1000,640x360,10.943892000000005,,
2025-12-17T11:51:00.476Z,0.154,2,1000,640x360,10.950177999999994,,
2025-12-17T11:51:00.608Z,0.022,2,1000,640x360,10.929756999999995,,rebuffer happen
2025-12-17T11:51:00.658Z,0.022,2,1000,640x360,10.987473999999992,,rebuffer happen
2025-12-17T11:51:00.984Z,0.18,2,1000,640x360,10.991244000000009,,
2025-12-17T11:51:01.142Z,0.033,2,1000,640x360,11.029970000000006,,rebuffer happen
2025-12-17T11:51:01.507Z,0.163,2,1000,640x360,10.983266,,
2025-12-17T11:51:02.000Z,0.182,2,1000,640x360,10.991905000000003,,
2025-12-17T11:51:02.079Z,0.191,3,1500,768x432,11.020256000000003,,
2025-12-17T11:51:02.159Z,0.033,3,1500,768x432,11.034120000000001,,rebuffer happen
2025-12-17T11:51:02.772Z,0.033,3,1500,768x432,11.63212,,
2025-12-17T11:51:02.843Z,0.533,2,1000,640x360,11.576571000000001,,
2025-12-17T11:51:03.126Z,0.615,2,1000,640x360,11.508961999999997,,
2025-12-17T11:51:03.456Z,0.618,2,1000,640x360,11.414754000000002,,
2025-12-17T11:51:03.532Z,0.592,1,600,480x270,11.299922999999993,,
2025-12-17T11:51:03.813Z,0.635,1,600,480x270,11.231125000000006,,
2025-12-17T11:51:04.157Z,0.6,1,600,480x270,11.115313999999998,,
2025-12-17T11:51:04.231Z,0.616,3,1500,768x432,11.003501999999997,,
2025-12-17T11:51:04.489Z,0.118,3,1500,768x432,10.917279000000008,,rebuffer happen
2025-12-17T11:51:04.561Z,0.024,3,1500,768x432,10.928730000000002,,rebuffer happen
2025-12-17T11:51:04.888Z,0.024,3,1500,768x432,11.224729999999994,,
2025-12-17T11:51:04.967Z,0.524,2,1000,640x360,11.25650300000001,,
2025-12-17T11:51:05.420Z,0.372,2,1000,640x360,11.049633999999998,,
2025-12-17T11:51:05.497Z,0.352,1,600,480x270,11.031829000000002,,
2025-12-17T11:51:05.498Z,0.235,1,600,480x270,11.030737000000002,,rebuffer happen
2025-12-17T11:51:05.754Z,0.428,1,600,480x270,11.045624000000004,,
2025-12-17T11:51:05.824Z,0.44,2,1000,640x360,10.982658,,
2025-12-17T11:51:05.968Z,0.196,2,1000,640x360,11.000005000000002,,rebuffer happen
2025-12-17T11:51:06.404Z,0.155,2,1000,640x360,10.863016000000002,,
2025-12-17T11:51:06.546Z,0.025,2,1000,640x360,10.923676999999998,,rebuffer happen
2025-12-17T11:51:06.923Z,0.224,2,1000,640x360,10.906958000000003,,
2025-12-17T11:51:07.113Z,0.054,2,1000,640x360,10.918854999999994,,rebuffer happen
2025-12-17T11:51:07.435Z,0.216,2,1000,640x360,10.924066999999994,,
2025-12-17T11:51:07.506Z,0.225,3,1500,768x432,10.957842999999997,,
2025-12-17T11:51:07.631Z,0.031,3,1500,768x432,10.928020000000004,,rebuffer happen
2025-12-17T11:51:08.174Z,0.031,3,1500,768x432,11.533019999999993,,
2025-12-17T11:51:08.250Z,0.531,2,1000,640x360,11.47198499999999,,
2025-12-17T11:51:08.441Z,0.299,2,1000,640x360,11.594693000000007,,rebuffer happen
2025-12-17T11:51:08.654Z,0.279,2,1000,640x360,11.477063999999999,,rebuffer happen
2025-12-17T11:51:08.861Z,0.241,2,1000,640x360,11.472661000000002,,
2025-12-17T11:51:08.933Z,0.272,3,1500,768x432,11.400580000000005,,
2025-12-17T11:51:09.115Z,0.02,3,1500,768x432,11.422592000000009,,rebuffer happen
2025-12-17T11:51:09.660Z,0.02,3,1500,768x432,12.024591999999998,,
2025-12-17T11:51:09.727Z,0.52,2,1000,640x360,11.972842,,
2025-12-17T11:51:09.916Z,0.298,2,1000,640x360,12.000675999999999,,rebuffer happen
2025-12-17T11:51:09.962Z,0.296,2,1000,640x360,12.025068000000005,,rebuffer happen
2025-12-17T11:51:10.223Z,0.34,2,1000,640x360,11.841911999999994,,
2025-12-17T11:51:10.300Z,0.336,3,1500,768x432,11.819636000000003,,
2025-12-17T11:51:10.300Z,0.221,3,1500,768x432,11.818539000000001,,rebuffer happen
2025-12-17T11:51:10.483Z,0.031,3,1500,768x432,11.830955000000003,,rebuffer happen
2025-12-17T11:51:11.237Z,0.031,3,1500,768x432,12.529955000000001,,
2025-12-17T11:51:11.312Z,0.509,2,1000,640x360,12.547123999999997,,
2025-12-17T11:51:11.525Z,0.16,2,1000,640x360,12.423458999999994,,rebuffer happen
2025-12-17T11:51:11.920Z,0.245,2,1000,640x360,12.42948100000001,,
2025-12-17T11:51:11.993Z,0.231,3,1500,768x432,12.46407400000001,,
2025-12-17T11:51:12.134Z,0.018,3,1500,768x432,12.416737999999995,,rebuffer happen
2025-12-17T11:51:12.766Z,0.018,3,1500,768x432,13.115738000000007,,
2025-12-17T11:51:12.833Z,0.518,2,1000,640x360,13.063122000000007,,
2025-12-17T11:51:13.000Z,0.267,2,1000,640x360,13.034192999999988,,rebuffer happen
2025-12-17T11:51:13.430Z,0.208,2,1000,640x360,12.911249000000012,,
2025-12-17T11:51:13.619Z,0.018,2,1000,640x360,12.92479200000001,,rebuffer happen
2025-12-17T11:51:13.916Z,0.273,2,1000,640x360,12.974907000000002,,
2025-12-17T11:51:13.983Z,0.231,3,1500,768x432,13.001415999999992,,
2025-12-17T11:51:14.169Z,0.019,3,1500,768x432,13.019928000000007,,rebuffer happen
2025-12-17T11:51:14.720Z,0.019,3,1500,768x432,13.515928000000017,,
2025-12-17T11:51:14.793Z,0.519,2,1000,640x360,13.565630999999996,,
2025-12-17T11:51:15.059Z,0.296,2,1000,640x360,13.561841999999999,,rebuffer happen
2025-12-17T11:51:15.226Z,0.279,2,1000,640x360,13.419024000000007,,rebuffer happen
2025-12-17T11:51:15.308Z,0.308,2,1000,640x360,13.389707999999999,,
2025-12-17T11:51:15.309Z,0.287,2,1000,640x360,13.389369000000002,,rebuffer happen
2025-12-17T11:51:15.381Z,0.287,1,600,480x270,13.374559000000005,,
2025-12-17T11:51:15.520Z,0.022,1,600,480x270,13.319469999999995,,rebuffer happen
2025-12-17T11:51:15.710Z,0.349,1,600,480x270,13.377583999999999,,
2025-12-17T11:51:15.786Z,0.315,3,1500,768x432,13.395744999999991,,
2025-12-17T11:51:15.786Z,0.296,3,1500,768x432,13.395186999999993,,rebuffer happen
2025-12-17T11:51:15.954Z,0.045,3,1500,768x432,13.347401999999988,,rebuffer happen
2025-12-17T11:51:16.537Z,0.045,3,1500,768x432,13.844402000000002,,
2025-12-17T11:51:16.625Z,0.545,1,600,480x270,13.876090999999988,,
2025-12-17T11:51:16.933Z,0.583,1,600,480x270,13.783172000000008,,
2025-12-17T11:51:17.230Z,0.619,1,600,480x270,13.63557200000001,,
2025-12-17T11:51:17.544Z,0.666,1,600,480x270,13.562993000000006,,
2025-12-17T11:51:17.846Z,0.788,1,600,480x270,13.502897999999988,,
2025-12-17T11:51:18.291Z,0.618,1,600,480x270,13.242429000000016,,
2025-12-17T11:51:18.546Z,0.736,1,600,480x270,13.153517999999991,,
2025-12-17T11:51:18.834Z,0.858,1,600,480x270,12.951469000000003,,
2025-12-17T11:51:18.903Z,0.794,2,1000,640x360,12.952163999999982,,
2025-12-17T11:51:19.454Z,0.441,2,1000,640x360,12.724027000000007,,
2025-12-17T11:51:19.623Z,0.206,2,1000,640x360,12.571326,,rebuffer happen
2025-12-17T11:51:19.904Z,0.336,2,1000,640x360,12.529617000000002,,
2025-12-17T11:51:19.972Z,0.302,1,600,480x270,12.527629999999988,,
2025-12-17T11:51:19.973Z,0.231,1,600,480x270,12.52652599999999,,rebuffer happen
2025-12-17T11:51:20.258Z,0.326,1,600,480x270,12.43208700000001,,
2025-12-17T11:51:20.328Z,0.335,3,1500,768x432,12.362037,,
2025-12-17T11:51:20.329Z,0.265,3,1500,768x432,12.36128500000001,,rebuffer happen
2025-12-17T11:51:20.574Z,0.02,3,1500,768x432,12.423474999999996,,rebuffer happen
2025-12-17T11:51:21.261Z,0.02,3,1500,768x432,13.117475000000013,,
2025-12-17T11:51:21.337Z,0.492,2,1000,640x360,13.035059000000004,,
2025-12-17T11:51:21.506Z,0.218,2,1000,640x360,12.991542999999993,,rebuffer happen
2025-12-17T11:51:21.822Z,0.303,2,1000,640x360,12.898769999999999,,
2025-12-17T11:51:21.896Z,0.229,3,1500,768x432,12.925089,,rebuffer happen
2025-12-17T11:51:21.898Z,0.229,3,1500,768x432,12.922839999999994,,
2025-12-17T11:51:22.026Z,0.036,3,1500,768x432,12.832708999999994,,rebuffer happen
2025-12-17T11:51:22.636Z,0.036,3,1500,768x432,13.433708999999993,,
2025-12-17T11:51:22.705Z,0.536,1,600,480x270,13.47972,,
2025-12-17T11:51:22.975Z,0.596,1,600,480x270,13.395954000000017,,
2025-12-17T11:51:23.301Z,0.623,1,600,480x270,13.202769000000004,,
2025-12-17T11:51:23.614Z,0.605,1,600,480x270,13.040677000000002,,
2025-12-17T11:51:23.868Z,0.855,1,600,480x270,13.051361,,
2025-12-17T11:51:24.126Z,0.951,1,600,480x270,12.867627999999996,,
2025-12-17T11:51:24.413Z,1.022,1,600,480x270,12.735516000000018,,
2025-12-17T11:51:24.698Z,1.11,1,600,480x270,12.620911000000007,,
2025-12-17T11:51:25.024Z,1.116,1,600,480x270,12.434269,,
2025-12-17T11:51:25.337Z,1.162,1,600,480x270,12.264846000000006,,
2025-12-17T11:51:25.415Z,1.162,2,1000,640x360,12.24265600000001,,
2025-12-17T11:51:26.074Z,0.626,2,1000,640x360,12.00463099999999,,
2025-12-17T11:51:26.142Z,0.608,3,1500,768x432,11.902546999999998,,
2025-12-17T11:51:26.351Z,0.194,3,1500,768x432,11.893591999999984,,rebuffer happen
2025-12-17T11:51:26.463Z,0.027,3,1500,768x432,11.827980999999994,,rebuffer happen
2025-12-17T11:51:26.862Z,0.027,3,1500,768x432,12.228981000000005,,
2025-12-17T11:51:26.937Z,0.527,2,1000,640x360,12.170076999999992,,
2025-12-17T11:51:27.096Z,0.293,2,1000,640x360,12.166066,,rebuffer happen
2025-12-17T11:51:27.319Z,0.293,2,1000,640x360,12.028361000000018,,rebuffer happen
2025-12-17T11:51:27.419Z,0.294,2,1000,640x360,11.971547999999984,,
2025-12-17T11:51:27.498Z,0.244,1,600,480x270,11.983380000000011,,
2025-12-17T11:51:27.780Z,0.361,1,600,480x270,12.019244000000015,,
2025-12-17T11:51:27.857Z,0.395,2,1000,640x360,12.014972,,
2025-12-17T11:51:28.018Z,0.104,2,1000,640x360,11.881071999999989,,rebuffer happen
2025-12-17T11:51:28.349Z,0.206,2,1000,640x360,11.917074000000014,,
2025-12-17T11:51:28.813Z,0.258,2,1000,640x360,11.866512999999998,,
2025-12-17T11:51:28.887Z,0.239,3,1500,768x432,11.896361000000013,,
2025-12-17T11:51:29.065Z,0.022,3,1500,768x432,11.923090000000002,,rebuffer happen
2025-12-17T11:51:29.668Z,0.022,3,1500,768x432,12.519090000000006,,
2025-12-17T11:51:29.747Z,0.522,2,1000,640x360,12.455739000000023,,
2025-12-17T11:51:30.001Z,0.279,2,1000,640x360,12.455180000000013,,rebuffer happen
2025-12-17T11:51:30.219Z,0.336,2,1000,640x360,12.315106000000014,,
2025-12-17T11:51:30.367Z,0.096,2,1000,640x360,12.294128,,rebuffer happen
2025-12-17T11:51:30.721Z,0.236,2,1000,640x360,12.233564000000001,,
2025-12-17T11:51:30.788Z,0.237,3,1500,768x432,12.266174000000007,,
2025-12-17T11:51:30.933Z,0.026,3,1500,768x432,12.235164999999995,,rebuffer happen
2025-12-17T11:51:31.563Z,0.026,3,1500,768x432,12.924164999999988,,
2025-12-17T11:51:31.650Z,0.526,2,1000,640x360,12.857965000000007,,
2025-12-17T11:51:31.809Z,0.267,2,1000,640x360,12.87027900000001,,rebuffer happen
2025-12-17T11:51:31.907Z,0.286,2,1000,640x360,12.825805000000003,,rebuffer happen
2025-12-17T11:51:31.975Z,0.284,2,1000,640x360,12.82125099999999,,rebuffer happen
2025-12-17T11:51:31.995Z,0.288,2,1000,640x360,12.791617000000002,,rebuffer happen
2025-12-17T11:51:32.124Z,0.313,2,1000,640x360,12.691421999999989,,
2025-12-17T11:51:32.124Z,0.294,2,1000,640x360,12.690507999999994,,rebuffer happen
2025-12-17T11:51:32.623Z,0.255,2,1000,640x360,12.673102,,
2025-12-17T11:51:32.706Z,0.277,3,1500,768x432,12.702147999999994,,
2025-12-17T11:51:32.884Z,0.029,3,1500,768x432,12.735214999999982,,rebuffer happen
2025-12-17T11:51:33.415Z,0.029,3,1500,768x432,13.232214999999997,,
2025-12-17T11:51:33.489Z,0.529,2,1000,640x360,13.274631,,
2025-12-17T11:51:33.682Z,0.293,2,1000,640x360,13.255527999999998,,rebuffer happen
2025-12-17T11:51:33.924Z,0.297,2,1000,640x360,13.10483099999999,,rebuffer happen
2025-12-17T11:51:33.992Z,0.306,2,1000,640x360,13.119768999999991,,
2025-12-17T11:51:34.068Z,0.316,3,1500,768x432,13.137163999999984,,
2025-12-17T11:51:34.069Z,0.24,3,1500,768x432,13.136349999999993,,rebuffer happen
2025-12-17T11:51:34.286Z,0.024,3,1500,768x432,13.124876999999998,,rebuffer happen
2025-12-17T11:51:34.859Z,0.024,3,1500,768x432,13.732877000000002,,
2025-12-17T11:51:34.926Z,0.524,2,1000,640x360,13.679998000000012,,
2025-12-17T11:51:35.088Z,0.297,2,1000,640x360,13.693261999999976,,rebuffer happen
2025-12-17T11:51:35.407Z,0.304,2,1000,640x360,13.514062999999993,,
2025-12-17T11:51:35.488Z,0.317,1,600,480x270,13.493572,,
2025-12-17T11:51:35.488Z,0.196,1,600,480x270,13.492448999999993,,rebuffer happen
2025-12-17T11:51:35.587Z,0.05,1,600,480x270,13.458823999999993,,rebuffer happen
2025-12-17T11:51:35.800Z,0.361,1,600,480x270,13.474085000000002,,
2025-12-17T11:51:35.852Z,0.299,1,600,480x270,13.50640899999999,,rebuffer happen
2025-12-17T11:51:36.112Z,0.394,1,600,480x270,13.31841399999999,,
2025-12-17T11:51:36.267Z,0.243,1,600,480x270,13.27540399999998,,rebuffer happen
2025-12-17T11:51:36.444Z,0.431,1,600,480x270,13.209277000000014,,
2025-12-17T11:51:36.517Z,0.366,2,1000,640x360,13.099436999999995,,
2025-12-17T11:51:36.647Z,0.106,2,1000,640x360,13.109034999999977,,rebuffer happen
2025-12-17T11:51:36.704Z,0.046,2,1000,640x360,13.048779999999994,,rebuffer happen
2025-12-17T11:51:37.029Z,0.247,2,1000,640x360,13.046262999999982,,
2025-12-17T11:51:37.548Z,0.231,2,1000,640x360,13.122067999999985,,
2025-12-17T11:51:38.061Z,0.225,2,1000,640x360,13.120002999999997,,
2025-12-17T11:51:38.256Z,0.029,2,1000,640x360,13.128865999999988,,rebuffer happen
2025-12-17T11:51:38.590Z,0.213,2,1000,640x360,13.095766999999995,,
2025-12-17T11:51:38.773Z,0.028,2,1000,640x360,13.125111000000004,,rebuffer happen
2025-12-17T11:51:39.107Z,0.233,2,1000,640x360,13.13368699999998,,
2025-12-17T11:51:39.173Z,0.231,3,1500,768x432,13.165705000000003,,
2025-12-17T11:51:39.307Z,0.031,3,1500,768x432,13.135401000000002,,rebuffer happen
2025-12-17T11:51:39.952Z,0.031,3,1500,768x432,13.82740099999998,,
2025-12-17T11:51:40.029Z,0.531,2,1000,640x360,13.765941999999995,,
2025-12-17T11:51:40.225Z,0.242,2,1000,640x360,13.70738399999999,,rebuffer happen
2025-12-17T11:51:40.342Z,0.299,2,1000,640x360,13.727945000000005,,rebuffer happen
2025-12-17T11:51:40.456Z,0.274,2,1000,640x360,13.703390999999982,,rebuffer happen
2025-12-17T11:51:40.484Z,0.298,2,1000,640x360,13.660618999999997,,rebuffer happen
2025-12-17T11:51:40.543Z,0.295,2,1000,640x360,13.674956000000009,,
2025-12-17T11:51:41.072Z,0.212,2,1000,640x360,13.62564900000001,,
2025-12-17T11:51:41.596Z,0.18,2,1000,640x360,13.60380600000002,,
2025-12-17T11:51:41.758Z,0.042,2,1000,640x360,13.647985000000006,,rebuffer happen
2025-12-17T11:51:42.104Z,0.22,2,1000,640x360,13.633094,,
2025-12-17T11:51:42.609Z,0.213,2,1000,640x360,13.621131999999989,,
2025-12-17T11:51:42.678Z,0.225,3,1500,768x432,13.655318999999992,,
2025-12-17T11:51:42.809Z,0.027,3,1500,768x432,13.627802000000003,,rebuffer happen
2025-12-17T11:51:43.316Z,0.027,3,1500,768x432,14.125801999999993,,
2025-12-17T11:51:43.338Z,0,2,1000,640x360,13.599000999999987,,rebuffer happen
2025-12-17T11:51:43.339Z,0,2,1000,640x360,13.599000999999987,,rebuffer happen
2025-12-17T11:51:43.429Z,0,2,1000,640x360,13.700000999999986,,
2025-12-17T11:51:43.901Z,0,2,1000,640x360,14.210001000000005,,
2025-12-17T11:51:44.342Z,0.475,2,1000,640x360,2.6769299999999987,,
2025-12-17T11:51:44.474Z,0.285,2,1000,640x360,2.5831939999999918,,rebuffer happen
2025-12-17T11:51:44.786Z,0.355,2,1000,640x360,2.4565699999999993,,
2025-12-17T11:51:44.835Z,0.29,2,1000,640x360,2.3875620000000026,,rebuffer happen
2025-12-17T11:51:45.239Z,0.291,2,1000,640x360,2.3244080000000054,,rebuffer happen
2025-12-17T11:51:45.268Z,0.291,2,1000,640x360,2.3788940000000025,,
2025-12-17T11:51:45.845Z,0.055,2,1000,640x360,2.320184000000012,,rebuffer happen
2025-12-17T11:51:45.880Z,0.088,2,1000,640x360,2.3021000000000242,,
2025-12-17T11:51:45.962Z,0.027,2,1000,640x360,2.323115999999999,,rebuffer happen
2025-12-17T11:51:46.251Z,0.271,2,1000,640x360,2.3894540000000006,,
2025-12-17T11:51:46.652Z,0.4,2,1000,640x360,2.388733000000002,,
2025-12-17T11:51:46.762Z,0.248,2,1000,640x360,2.3455680000000143,,rebuffer happen
2025-12-17T11:51:47.114Z,0.286,2,1000,640x360,2.1947289999999953,,
2025-12-17T11:51:47.575Z,0.324,2,1000,640x360,2.2329579999999964,,
2025-12-17T11:51:47.733Z,0.185,2,1000,640x360,2.1575090000000046,,rebuffer happen
2025-12-17T11:51:47.960Z,0.417,2,1000,640x360,2.236114999999984,,
2025-12-17T11:51:48.091Z,0.299,2,1000,640x360,2.1985620000000097,,rebuffer happen
2025-12-17T11:51:48.402Z,0.443,2,1000,640x360,2.1605299999999943,,
2025-12-17T11:51:48.580Z,0.275,2,1000,640x360,2.139130999999992,,rebuffer happen
2025-12-17T11:51:48.783Z,0.528,2,1000,640x360,2.1358730000000037,,
2025-12-17T11:51:49.211Z,0.511,2,1000,640x360,2.0493879999999933,,
2025-12-17T11:51:49.679Z,0.5,2,1000,640x360,2.0272589999999866,,
2025-12-17T11:51:50.243Z,0.413,2,1000,640x360,2.0230430000000013,,
2025-12-17T11:51:50.618Z,0.545,2,1000,640x360,1.9360069999999894,,
2025-12-17T11:51:51.018Z,0.618,2,1000,640x360,1.9373640000000023,,
2025-12-17T11:51:51.419Z,0.704,2,1000,640x360,1.9313960000000066,,
2025-12-17T11:51:51.785Z,0.859,2,1000,640x360,1.9597320000000025,,
2025-12-17T11:51:52.276Z,0.864,2,1000,640x360,1.9648909999999944,,
2025-12-17T11:51:52.704Z,0.926,2,1000,640x360,1.9411319999999819,,
2025-12-17T11:51:53.167Z,0.981,2,1000,640x360,1.9821660000000065,,
2025-12-17T11:51:53.559Z,1.07,2,1000,640x360,1.9837679999999978,,
2025-12-17T11:51:53.974Z,1.193,2,1000,640x360,1.988509999999991,,
2025-12-17T11:51:54.449Z,1.2,2,1000,640x360,2.0051189999999792,,
2025-12-17T11:51:54.831Z,1.301,2,1000,640x360,1.9227329999999938,,
2025-12-17T11:51:55.091Z,1.546,2,1000,640x360,1.9674779999999998,,
2025-12-17T11:51:55.448Z,1.683,2,1000,640x360,1.9971519999999998,,
2025-12-17T11:51:56.055Z,1.574,2,1000,640x360,2.0001310000000103,,
2025-12-17T11:51:56.565Z,1.586,2,1000,640x360,1.9789430000000152,,
2025-12-17T11:51:56.645Z,1.558,3,1500,768x432,1.8992930000000001,,
2025-12-17T11:51:57.273Z,1.035,3,1500,768x432,1.9762699999999995,,
2025-12-17T11:51:57.349Z,1.375,2,1000,640x360,1.8987410000000011,,
2025-12-17T11:51:57.848Z,1.356,2,1000,640x360,2.0171670000000006,,
2025-12-17T11:51:57.924Z,1.249,3,1500,768x432,1.941237000000001,,
2025-12-17T11:51:58.454Z,0.706,3,1500,768x432,1.9937309999999968,,
2025-12-17T11:51:58.533Z,1.194,2,1000,640x360,1.9130010000000084,,
2025-12-17T11:51:58.939Z,1.206,2,1000,640x360,1.9140409999999974,,
2025-12-17T11:51:59.015Z,1.176,3,1500,768x432,1.929727999999983,,
2025-12-17T11:51:59.486Z,0.833,3,1500,768x432,1.963752999999997,,
2025-12-17T11:51:59.561Z,1.139,2,1000,640x360,1.9880190000000084,,
2025-12-17T11:51:59.959Z,1.173,2,1000,640x360,1.9833580000000097,,
2025-12-17T11:52:00.032Z,1.186,3,1500,768x432,1.9095250000000021,,
2025-12-17T11:52:00.693Z,0.577,3,1500,768x432,1.9532800000000066,,
2025-12-17T11:52:00.767Z,0.952,2,1000,640x360,1.9834350000000143,,
2025-12-17T11:52:01.191Z,0.954,2,1000,640x360,1.9534500000000037,,
2025-12-17T11:52:01.269Z,0.957,3,1500,768x432,1.9743369999999913,,
2025-12-17T11:52:01.898Z,0.269,3,1500,768x432,1.9675000000000011,,rebuffer happen
2025-12-17T11:52:01.960Z,0.269,3,1500,768x432,2.0010059999999896,,
2025-12-17T11:52:02.034Z,0.704,2,1000,640x360,1.9254129999999918,,
2025-12-17T11:52:02.508Z,0.645,2,1000,640x360,1.9379659999999888,,
2025-12-17T11:52:02.577Z,0.582,3,1500,768x432,1.968626999999998,,
2025-12-17T11:52:02.935Z,0.215,3,1500,768x432,1.9155149999999992,,rebuffer happen
2025-12-17T11:52:03.126Z,0.023,3,1500,768x432,1.9274879999999825,,rebuffer happen
2025-12-17T11:52:03.265Z,0.023,3,1500,768x432,2.1224879999999757,,
2025-12-17T11:52:03.342Z,0.499,2,1000,640x360,2.04889799999998,,
2025-12-17T11:52:03.542Z,0.279,2,1000,640x360,2.1105990000000077,,rebuffer happen
2025-12-17T11:52:03.843Z,0.411,2,1000,640x360,2.068306000000007,,
2025-12-17T11:52:03.910Z,0.296,2,1000,640x360,1.9949080000000095,,rebuffer happen
2025-12-17T11:52:04.327Z,0.365,2,1000,640x360,1.9666710000000194,,
2025-12-17T11:52:04.441Z,0.252,2,1000,640x360,2.0478829999999846,,rebuffer happen
2025-12-17T11:52:04.825Z,0.386,2,1000,640x360,1.9537229999999965,,
2025-12-17T11:52:04.905Z,0.354,3,1500,768x432,1.9668639999999868,,
2025-12-17T11:52:04.906Z,0.27,3,1500,768x432,1.9660460000000057,,rebuffer happen
2025-12-17T11:52:05.144Z,0.028,3,1500,768x432,2.027052999999995,,rebuffer happen
2025-12-17T11:52:05.581Z,0.028,3,1500,768x432,2.4280530000000056,,
2025-12-17T11:52:05.652Z,0.482,2,1000,640x360,2.4681740000000048,,
2025-12-17T11:52:05.874Z,0.236,2,1000,640x360,2.368119000000007,,rebuffer happen
2025-12-17T11:52:06.120Z,0.407,2,1000,640x360,2.2969070000000045,,
2025-12-17T11:52:06.219Z,0.295,2,1000,640x360,2.2907030000000077,,rebuffer happen
2025-12-17T11:52:06.536Z,0.467,2,1000,640x360,2.242925999999983,,
2025-12-17T11:52:06.678Z,0.299,2,1000,640x360,2.2741729999999905,,rebuffer happen
2025-12-17T11:52:06.953Z,0.424,2,1000,640x360,2.2362349999999935,,
2025-12-17T11:52:07.098Z,0.28,2,1000,640x360,2.1424019999999757,,rebuffer happen
2025-12-17T11:52:07.216Z,0.297,2,1000,640x360,2.0981280000000027,,rebuffer happen
2025-12-17T11:52:07.381Z,0.398,2,1000,640x360,2.0927350000000047,,
2025-12-17T11:52:07.507Z,0.282,2,1000,640x360,2.05234200000001,,rebuffer happen
2025-12-17T11:52:07.752Z,0.492,2,1000,640x360,2.088017000000008,,
2025-12-17T11:52:08.148Z,0.535,2,1000,640x360,2.0521969999999783,,
2025-12-17T11:52:08.565Z,0.593,2,1000,640x360,2.0028959999999927,,
2025-12-17T11:52:09.083Z,0.61,2,1000,640x360,1.9760619999999847,,
2025-12-17T11:52:09.160Z,0.531,3,1500,768x432,1.9973130000000197,,
2025-12-17T11:52:09.399Z,0.253,3,1500,768x432,1.9549659999999847,,rebuffer happen
2025-12-17T11:52:09.632Z,0.02,3,1500,768x432,1.9217199999999934,,rebuffer happen
2025-12-17T11:52:10.044Z,0.02,3,1500,768x432,2.4187200000000075,,
2025-12-17T11:52:10.121Z,0.52,2,1000,640x360,2.3569229999999948,,
2025-12-17T11:52:10.528Z,0.438,2,1000,640x360,2.2189300000000003,,
2025-12-17T11:52:10.652Z,0.286,2,1000,640x360,2.2604200000000105,,rebuffer happen
2025-12-17T11:52:10.942Z,0.436,2,1000,640x360,2.2518539999999803,,
2025-12-17T11:52:11.091Z,0.299,2,1000,640x360,2.1662019999999984,,rebuffer happen
2025-12-17T11:52:11.372Z,0.406,2,1000,640x360,2.1147040000000175,,
2025-12-17T11:52:11.488Z,0.277,2,1000,640x360,2.075969000000015,,rebuffer happen
2025-12-17T11:52:11.823Z,0.409,2,1000,640x360,2.017150000000015,,
2025-12-17T11:52:11.973Z,0.283,2,1000,640x360,2.0530689999999936,,rebuffer happen
2025-12-17T11:52:12.243Z,0.453,2,1000,640x360,2.052176000000003,,
2025-12-17T11:52:12.684Z,0.482,2,1000,640x360,1.99521900000002,,
2025-12-17T11:52:12.758Z,0.453,3,1500,768x432,2.017714000000012,,
2025-12-17T11:52:13.084Z,0.077,3,1500,768x432,1.9754079999999874,,rebuffer happen
2025-12-17T11:52:13.134Z,0.027,3,1500,768x432,1.9254620000000102,,rebuffer happen
2025-12-17T11:52:13.394Z,0.027,3,1500,768x432,2.2344620000000077,,
2025-12-17T11:52:13.476Z,0.494,2,1000,640x360,2.244004999999987,,
2025-12-17T11:52:13.642Z,0.297,2,1000,640x360,2.2278909999999996,,rebuffer happen
2025-12-17T11:52:13.922Z,0.406,2,1000,640x360,2.1101930000000095,,
2025-12-17T11:52:14.071Z,0.265,2,1000,640x360,2.133003000000002,,rebuffer happen
2025-12-17T11:52:14.371Z,0.366,2,1000,640x360,2.073596000000009,,
2025-12-17T11:52:14.463Z,0.27,2,1000,640x360,2.0692999999999984,,rebuffer happen
2025-12-17T11:52:14.626Z,0.299,2,1000,640x360,1.9975780000000043,,rebuffer happen
2025-12-17T11:52:14.795Z,0.406,2,1000,640x360,2.0274009999999976,,
2025-12-17T11:52:14.867Z,0.427,3,1500,768x432,2.044743000000011,,
2025-12-17T11:52:14.993Z,0.211,3,1500,768x432,2.0070829999999944,,rebuffer happen
2025-12-17T11:52:15.153Z,0.039,3,1500,768x432,2.046512000000007,,rebuffer happen
2025-12-17T11:52:15.623Z,0.039,3,1500,768x432,2.4395120000000077,,
2025-12-17T11:52:15.701Z,0.488,2,1000,640x360,2.4633960000000172,,
2025-12-17T11:52:16.119Z,0.383,2,1000,640x360,2.276488999999998,,
2025-12-17T11:52:16.198Z,0.375,3,1500,768x432,2.2612689999999986,,
2025-12-17T11:52:16.199Z,0.264,3,1500,768x432,2.260210999999998,,rebuffer happen
2025-12-17T11:52:16.437Z,0.021,3,1500,768x432,2.2176430000000096,,rebuffer happen
2025-12-17T11:52:16.837Z,0.021,3,1500,768x432,2.6226430000000107,,
2025-12-17T11:52:16.916Z,0.521,2,1000,640x360,2.654527999999999,,
2025-12-17T11:52:17.312Z,0.413,2,1000,640x360,2.4971000000000174,,
2025-12-17T11:52:17.381Z,0.4,3,1500,768x432,2.510132999999996,,
2025-12-17T11:52:17.382Z,0.299,3,1500,768x432,2.5090880000000197,,rebuffer happen
2025-12-17T11:52:17.622Z,0.031,3,1500,768x432,2.428654999999992,,rebuffer happen
2025-12-17T11:52:18.062Z,0.031,3,1500,768x432,2.929654999999997,,
2025-12-17T11:52:18.133Z,0.531,2,1000,640x360,2.8731400000000065,,
2025-12-17T11:52:18.550Z,0.374,2,1000,640x360,2.757501999999988,,
2025-12-17T11:52:18.659Z,0.234,2,1000,640x360,2.709352999999993,,rebuffer happen
2025-12-17T11:52:18.849Z,0.488,2,1000,640x360,2.707693000000006,,
2025-12-17T11:52:18.915Z,0.482,3,1500,768x432,2.62386699999999,,
2025-12-17T11:52:19.189Z,0.025,3,1500,768x432,2.522467000000006,,rebuffer happen
2025-12-17T11:52:19.190Z,0.025,3,1500,768x432,2.522467000000006,,rebuffer happen
2025-12-17T11:52:19.740Z,0.025,3,1500,768x432,3.032466999999997,,
2025-12-17T11:52:19.818Z,0.525,2,1000,640x360,3.058686999999992,,
2025-12-17T11:52:20.026Z,0.271,2,1000,640x360,3.038852999999989,,rebuffer happen
2025-12-17T11:52:20.207Z,0.459,2,1000,640x360,2.9684850000000154,,
2025-12-17T11:52:20.321Z,0.295,2,1000,640x360,2.8941099999999835,,rebuffer happen
2025-12-17T11:52:20.491Z,0.274,2,1000,640x360,2.8415829999999858,,rebuffer happen
2025-12-17T11:52:20.581Z,0.418,2,1000,640x360,2.8380909999999915,,
2025-12-17T11:52:20.658Z,0.441,3,1500,768x432,2.867592000000002,,
2025-12-17T11:52:20.770Z,0.21,3,1500,768x432,2.8088829999999803,,rebuffer happen
2025-12-17T11:52:20.890Z,0.031,3,1500,768x432,2.7309219999999925,,rebuffer happen
2025-12-17T11:52:21.302Z,0.031,3,1500,768x432,3.1279220000000123,,
2025-12-17T11:52:21.372Z,0.531,1,600,480x270,3.1712090000000046,,
2025-12-17T11:52:21.652Z,0.55,1,600,480x270,3.0669110000000046,,
2025-12-17T11:52:21.731Z,0.534,2,1000,640x360,2.966865999999982,,
2025-12-17T11:52:21.954Z,0.137,2,1000,640x360,2.9325179999999875,,rebuffer happen
2025-12-17T11:52:22.025Z,0.164,2,1000,640x360,2.826854999999995,,rebuffer happen
2025-12-17T11:52:22.209Z,0.345,2,1000,640x360,2.8545500000000175,,
2025-12-17T11:52:22.279Z,0.358,3,1500,768x432,2.8849189999999965,,
2025-12-17T11:52:22.280Z,0.288,3,1500,768x432,2.884180000000015,,rebuffer happen
2025-12-17T11:52:22.542Z,0.026,3,1500,768x432,2.924160999999998,,rebuffer happen
2025-12-17T11:52:23.261Z,0.026,3,1500,768x432,3.6251609999999914,,
2025-12-17T11:52:23.340Z,0.526,2,1000,640x360,3.560703999999987,,
2025-12-17T11:52:23.739Z,0.407,2,1000,640x360,3.4170979999999815,,
2025-12-17T11:52:23.807Z,0.412,3,1500,768x432,3.448369000000014,,
2025-12-17T11:52:23.949Z,0.173,3,1500,768x432,3.478397000000001,,rebuffer happen
2025-12-17T11:52:24.043Z,0.033,3,1500,768x432,3.431537999999989,,rebuffer happen
2025-12-17T11:52:24.410Z,0.033,3,1500,768x432,3.7305379999999957,,
2025-12-17T11:52:24.493Z,0.533,1,600,480x270,3.764587000000006,,
2025-12-17T11:52:24.720Z,0.683,1,600,480x270,3.693722000000008,,
2025-12-17T11:52:24.790Z,0.685,2,1000,640x360,3.6832349999999963,,
2025-12-17T11:52:25.214Z,0.442,2,1000,640x360,3.4541679999999815,,
2025-12-17T11:52:25.290Z,0.444,1,600,480x270,3.432817,,
2025-12-17T11:52:25.363Z,0.221,1,600,480x270,3.4171770000000095,,rebuffer happen
2025-12-17T11:52:25.567Z,0.477,1,600,480x270,3.39867000000001,,
2025-12-17T11:52:25.647Z,0.432,3,1500,768x432,3.3121519999999975,,
2025-12-17T11:52:25.901Z,0.09,3,1500,768x432,3.300212000000016,,rebuffer happen
2025-12-17T11:52:25.945Z,0.025,3,1500,768x432,3.322355999999985,,rebuffer happen
2025-12-17T11:52:26.860Z,0.025,3,1500,768x432,4.222355999999991,,
2025-12-17T11:52:26.942Z,0.525,2,1000,640x360,4.1571010000000115,,
2025-12-17T11:52:27.195Z,0.286,2,1000,640x360,4.123788999999988,,rebuffer happen
2025-12-17T11:52:27.274Z,0.268,2,1000,640x360,4.099192000000016,,rebuffer happen
2025-12-17T11:52:27.533Z,0.125,2,1000,640x360,3.913324999999986,,
2025-12-17T11:52:27.613Z,0.032,2,1000,640x360,3.928145999999998,,rebuffer happen
2025-12-17T11:52:27.888Z,0.296,2,1000,640x360,4.010771000000005,,
2025-12-17T11:52:27.910Z,0.286,2,1000,640x360,3.988190000000003,,rebuffer happen
2025-12-17T11:52:28.135Z,0.283,2,1000,640x360,3.84572399999999,,rebuffer happen
2025-12-17T11:52:28.204Z,0.246,2,1000,640x360,3.8448099999999954,,rebuffer happen
2025-12-17T11:52:28.266Z,0.282,2,1000,640x360,3.8483950000000107,,
2025-12-17T11:52:28.518Z,0.485,2,1000,640x360,3.798031999999978,,
2025-12-17T11:52:28.595Z,0.497,3,1500,768x432,3.816223999999977,,
2025-12-17T11:52:28.880Z,0.012,3,1500,768x432,3.7136659999999893,,rebuffer happen
2025-12-17T11:52:28.881Z,0.012,3,1500,768x432,3.7136659999999893,,rebuffer happen
2025-12-17T11:52:29.172Z,0.012,3,1500,768x432,4.0096659999999815,,
2025-12-17T11:52:29.247Z,0.512,1,600,480x270,3.9496409999999855,,
2025-12-17T11:52:29.489Z,0.668,1,600,480x270,3.9504989999999793,,
2025-12-17T11:52:29.561Z,0.653,2,1000,640x360,3.9522809999999993,,
2025-12-17T11:52:29.893Z,0.3,2,1000,640x360,3.768452999999994,,rebuffer happen
2025-12-17T11:52:29.954Z,0.243,2,1000,640x360,3.7850369999999884,,rebuffer happen
2025-12-17T11:52:30.076Z,0.291,2,1000,640x360,3.695524000000006,,
2025-12-17T11:52:30.152Z,0.29,3,1500,768x432,3.712721000000016,,
2025-12-17T11:52:30.348Z,0.02,3,1500,768x432,3.7167320000000075,,rebuffer happen
2025-12-17T11:52:30.686Z,0.02,3,1500,768x432,4.0207320000000095,,
2025-12-17T11:52:30.759Z,0.52,2,1000,640x360,4.057762999999994,,
2025-12-17T11:52:30.887Z,0.297,2,1000,640x360,3.9938999999999965,,rebuffer happen
2025-12-17T11:52:31.153Z,0.164,2,1000,640x360,3.8930600000000197,,rebuffer happen
2025-12-17T11:52:31.405Z,0.133,2,1000,640x360,3.833797000000004,,
2025-12-17T11:52:31.478Z,0.121,3,1500,768x432,3.869907999999981,,
2025-12-17T11:52:31.516Z,0.026,3,1500,768x432,3.8327119999999866,,rebuffer happen
2025-12-17T11:52:32.182Z,0.026,3,1500,768x432,4.522712000000013,,
2025-12-17T11:52:32.268Z,0.526,2,1000,640x360,4.55329900000001,,
2025-12-17T11:52:32.478Z,0.176,2,1000,640x360,4.441778999999997,,rebuffer happen
2025-12-17T11:52:32.724Z,0.341,2,1000,640x360,4.3554790000000025,,
2025-12-17T11:52:32.801Z,0.356,3,1500,768x432,4.383882,,
2025-12-17T11:52:32.802Z,0.286,3,1500,768x432,4.383217000000002,,rebuffer happen
2025-12-17T11:52:33.050Z,0.041,3,1500,768x432,4.447158000000002,,rebuffer happen
2025-12-17T11:52:33.515Z,0.041,3,1500,768x432,4.837157999999988,,
2025-12-17T11:52:33.594Z,0.49,2,1000,640x360,4.877404000000013,,
2025-12-17T11:52:33.999Z,0.414,2,1000,640x360,4.703938999999991,,
2025-12-17T11:52:34.076Z,0.4,1,600,480x270,4.688693999999998,,
2025-12-17T11:52:34.076Z,0.285,1,600,480x270,4.687557999999996,,rebuffer happen
2025-12-17T11:52:34.341Z,0.494,1,600,480x270,4.7127570000000105,,
2025-12-17T11:52:34.417Z,0.478,2,1000,640x360,4.61791199999999,,
2025-12-17T11:52:34.588Z,0.198,2,1000,640x360,4.564663999999993,,rebuffer happen
2025-12-17T11:52:34.869Z,0.334,2,1000,640x360,4.531053000000014,,
2025-12-17T11:52:34.919Z,0.261,2,1000,640x360,4.457581000000005,,rebuffer happen
2025-12-17T11:52:35.308Z,0.241,2,1000,640x360,4.340520999999995,,
2025-12-17T11:52:35.381Z,0.24,3,1500,768x432,4.375437000000005,,
2025-12-17T11:52:35.519Z,0.03,3,1500,768x432,4.331910999999991,,rebuffer happen
2025-12-17T11:52:36.019Z,0.03,3,1500,768x432,4.831910999999991,,
2025-12-17T11:52:36.098Z,0.508,2,1000,640x360,4.849158999999986,,
2025-12-17T11:52:36.259Z,0.199,2,1000,640x360,4.798378999999983,,rebuffer happen
2025-12-17T11:52:36.610Z,0.309,2,1000,640x360,4.703631999999999,,
2025-12-17T11:52:36.614Z,0.298,2,1000,640x360,4.697552999999999,,rebuffer happen
2025-12-17T11:52:36.849Z,0.292,2,1000,640x360,4.755658000000011,,rebuffer happen
2025-12-17T11:52:36.944Z,0.398,2,1000,640x360,4.712983000000008,,
2025-12-17T11:52:37.128Z,0.14,2,1000,640x360,4.545841999999993,,rebuffer happen
2025-12-17T11:52:37.313Z,0.36,2,1000,640x360,4.46858499999999,,
2025-12-17T11:52:37.379Z,0.263,2,1000,640x360,4.459391000000011,,rebuffer happen
2025-12-17T11:52:37.538Z,0.026,2,1000,640x360,4.321901999999994,,rebuffer happen
2025-12-17T11:52:37.700Z,0.249,2,1000,640x360,4.393171999999993,,rebuffer happen
2025-12-17T11:52:37.907Z,0.117,2,1000,640x360,4.316514000000012,,
2025-12-17T11:52:37.978Z,0.118,3,1500,768x432,4.354223999999988,,
2025-12-17T11:52:38.005Z,0.021,3,1500,768x432,4.328373999999997,,rebuffer happen
2025-12-17T11:52:38.799Z,0.021,3,1500,768x432,5.121374000000003,,
2025-12-17T11:52:38.880Z,0.521,2,1000,640x360,5.165261000000015,,
2025-12-17T11:52:39.306Z,0.456,2,1000,640x360,5.026284000000004,,
2025-12-17T11:52:39.451Z,0.245,2,1000,640x360,5.009795999999994,,rebuffer happen
2025-12-17T11:52:39.813Z,0.322,2,1000,640x360,4.919173000000001,,
2025-12-17T11:52:39.849Z,0.282,3,1500,768x432,4.978222999999986,,rebuffer happen
2025-12-17T11:52:39.892Z,0.259,3,1500,768x432,4.927199000000002,,
2025-12-17T11:52:40.107Z,0.017,3,1500,768x432,4.915089999999992,,rebuffer happen
2025-12-17T11:52:40.370Z,0.017,3,1500,768x432,5.213089999999994,,
2025-12-17T11:52:40.437Z,0.517,2,1000,640x360,5.160720999999995,,
2025-12-17T11:52:40.937Z,0.463,2,1000,640x360,5.128974999999997,,
2025-12-17T11:52:41.013Z,0.432,3,1500,768x432,5.1291940000000125,,
2025-12-17T11:52:41.175Z,0.076,3,1500,768x432,5.074418999999978,,rebuffer happen
2025-12-17T11:52:41.207Z,0.028,3,1500,768x432,5.025857000000002,,rebuffer happen
2025-12-17T11:52:41.842Z,0.028,3,1500,768x432,5.724857000000014,,
2025-12-17T11:52:41.919Z,0.528,2,1000,640x360,5.662760999999989,,
2025-12-17T11:52:42.346Z,0.405,2,1000,640x360,5.576539000000025,,
2025-12-17T11:52:42.417Z,0.377,1,600,480x270,5.469102000000021,,
2025-12-17T11:52:42.418Z,0.269,1,600,480x270,5.468001000000015,,rebuffer happen
2025-12-17T11:52:42.674Z,0.397,1,600,480x270,5.390848000000005,,
2025-12-17T11:52:42.749Z,0.39,3,1500,768x432,5.427272000000016,,
2025-12-17T11:52:42.801Z,0.258,3,1500,768x432,5.361673000000025,,rebuffer happen
2025-12-17T11:52:42.942Z,0.047,3,1500,768x432,5.344791000000015,,rebuffer happen
2025-12-17T11:52:43.397Z,0.047,3,1500,768x432,5.744791000000021,,
2025-12-17T11:52:43.489Z,0.482,1,600,480x270,5.7606289999999944,,
2025-12-17T11:52:43.776Z,0.577,1,600,480x270,5.678454000000016,,
2025-12-17T11:52:44.023Z,0.706,1,600,480x270,5.507914999999997,,
2025-12-17T11:52:44.097Z,0.71,2,1000,640x360,5.5086709999999925,,
2025-12-17T11:52:44.536Z,0.453,2,1000,640x360,5.242518999999987,,
2025-12-17T11:52:44.616Z,0.386,3,1500,768x432,5.217750999999993,,
2025-12-17T11:52:44.801Z,0.128,3,1500,768x432,5.2242669999999976,,rebuffer happen
2025-12-17T11:52:44.860Z,0.039,3,1500,768x432,5.236345,,rebuffer happen
2025-12-17T11:52:45.313Z,0.039,3,1500,768x432,5.639344999999992,,
2025-12-17T11:52:45.383Z,0.539,1,600,480x270,5.685317999999995,,
2025-12-17T11:52:45.645Z,0.575,1,600,480x270,5.593036000000012,,
2025-12-17T11:52:45.906Z,0.84,1,600,480x270,5.555077000000011,,
2025-12-17T11:52:45.972Z,0.838,3,1500,768x432,5.554818999999981,,
2025-12-17T11:52:46.445Z,0.044,3,1500,768x432,5.345054999999974,,rebuffer happen
2025-12-17T11:52:46.446Z,0.044,3,1500,768x432,5.345054999999974,,rebuffer happen
2025-12-17T11:52:46.552Z,0.044,3,1500,768x432,5.441054999999977,,
2025-12-17T11:52:46.629Z,0.544,1,600,480x270,5.379086999999998,,
2025-12-17T11:52:46.846Z,0.717,1,600,480x270,5.407520000000005,,
2025-12-17T11:52:47.071Z,0.865,1,600,480x270,5.274546000000015,,
2025-12-17T11:52:47.146Z,0.845,2,1000,640x360,5.16320300000001,,
2025-12-17T11:52:47.473Z,0.759,2,1000,640x360,5.066238999999996,,
2025-12-17T11:52:47.552Z,0.713,1,600,480x270,4.947807999999981,,
2025-12-17T11:52:47.818Z,0.804,1,600,480x270,4.912423000000018,,
2025-12-17T11:52:47.893Z,0.814,2,1000,640x360,4.909041000000002,,
2025-12-17T11:52:48.300Z,0.618,2,1000,640x360,4.70261099999999,,
2025-12-17T11:52:48.526Z,0.286,2,1000,640x360,4.549108999999987,,rebuffer happen
2025-12-17T11:52:48.839Z,0.431,2,1000,640x360,4.544466,,
2025-12-17T11:52:49.062Z,0.171,2,1000,640x360,4.501848999999993,,rebuffer happen
2025-12-17T11:52:49.240Z,0.393,2,1000,640x360,4.4025760000000105,,
2025-12-17T11:52:49.366Z,0.217,2,1000,640x360,4.415389000000005,,rebuffer happen
2025-12-17T11:52:49.481Z,0.046,2,1000,640x360,4.34707499999999,,rebuffer happen
2025-12-17T11:52:49.778Z,0.258,2,1000,640x360,4.374327999999991,,
2025-12-17T11:52:50.325Z,0.195,2,1000,640x360,4.325346999999994,,
2025-12-17T11:52:50.394Z,0.225,3,1500,768x432,4.364452,,
2025-12-17T11:52:50.515Z,0.035,3,1500,768x432,4.331427999999988,,rebuffer happen
2025-12-17T11:52:51.020Z,0.035,3,1500,768x432,4.840428000000003,,
2025-12-17T11:52:51.103Z,0.522,2,1000,640x360,4.828700999999995,,
2025-12-17T11:52:51.288Z,0.187,2,1000,640x360,4.754998999999998,,rebuffer happen
2025-12-17T11:52:51.403Z,0.296,2,1000,640x360,4.72530900000001,,rebuffer happen
2025-12-17T11:52:51.446Z,0.298,2,1000,640x360,4.765885999999995,,rebuffer happen
2025-12-17T11:52:51.543Z,0.315,2,1000,640x360,4.717396000000008,,
2025-12-17T11:52:51.576Z,0.269,1,600,480x270,4.6684390000000064,,rebuffer happen
2025-12-17T11:52:51.618Z,0.269,1,600,480x270,4.605250000000012,,
2025-12-17T11:52:51.900Z,0.401,1,600,480x270,4.611964999999998,,
2025-12-17T11:52:51.978Z,0.414,3,1500,768x432,4.632768999999996,,
2025-12-17T11:52:52.101Z,0.214,3,1500,768x432,4.612488999999982,,rebuffer happen
2025-12-17T11:52:52.283Z,0.023,3,1500,768x432,4.624896000000007,,rebuffer happen
2025-12-17T11:52:52.700Z,0.023,3,1500,768x432,5.028896000000003,,
2025-12-17T11:52:52.778Z,0.523,2,1000,640x360,5.066441999999995,,
2025-12-17T11:52:53.088Z,0.492,2,1000,640x360,4.912875999999983,,
2025-12-17T11:52:53.168Z,0.509,1,600,480x270,4.8860810000000185,,
2025-12-17T11:52:53.275Z,0.297,1,600,480x270,4.8261830000000145,,rebuffer happen
2025-12-17T11:52:53.502Z,0.451,1,600,480x270,4.7804479999999785,,
2025-12-17T11:52:53.576Z,0.473,2,1000,640x360,4.803806000000009,,
2025-12-17T11:52:53.761Z,0.217,2,1000,640x360,4.782714999999996,,rebuffer happen
2025-12-17T11:52:53.988Z,0.393,2,1000,640x360,4.708158999999995,,
2025-12-17T11:52:54.060Z,0.411,1,600,480x270,4.707920999999999,,
2025-12-17T11:52:54.143Z,0.18,1,600,480x270,4.678438999999997,,rebuffer happen
2025-12-17T11:52:54.310Z,0.378,1,600,480x270,4.525815999999992,,
2025-12-17T11:52:54.594Z,0.499,1,600,480x270,4.407818999999989,,
2025-12-17T11:52:54.668Z,0.503,2,1000,640x360,4.389521000000002,,
2025-12-17T11:52:54.832Z,0.18,2,1000,640x360,4.251384999999999,,rebuffer happen
2025-12-17T11:52:55.134Z,0.29,2,1000,640x360,4.199857000000009,,
2025-12-17T11:52:55.217Z,0.225,3,1500,768x432,4.209038000000021,,
2025-12-17T11:52:55.403Z,0.028,3,1500,768x432,4.230983000000009,,rebuffer happen
2025-12-17T11:52:55.995Z,0.028,3,1500,768x432,4.824983000000003,,
2025-12-17T11:52:56.062Z,0.528,2,1000,640x360,4.883959000000004,,
2025-12-17T11:52:56.474Z,0.382,2,1000,640x360,4.717819999999989,,
2025-12-17T11:52:56.600Z,0.254,2,1000,640x360,4.616809999999987,,rebuffer happen
2025-12-17T11:52:56.870Z,0.377,2,1000,640x360,4.552568000000008,,
2025-12-17T11:52:56.995Z,0.168,2,1000,640x360,4.473555000000005,,rebuffer happen
2025-12-17T11:52:57.247Z,0.257,2,1000,640x360,4.390601000000004,,
2025-12-17T11:52:57.320Z,0.282,3,1500,768x432,4.318423999999993,,
2025-12-17T11:52:57.504Z,0.032,3,1500,768x432,4.3294970000000035,,rebuffer happen
2025-12-17T11:52:57.903Z,0.032,3,1500,768x432,4.731497000000019,,
2025-12-17T11:52:57.980Z,0.481,2,1000,640x360,4.759227999999979,,
2025-12-17T11:52:58.141Z,0.289,2,1000,640x360,4.719182000000018,,rebuffer happen
2025-12-17T11:52:58.257Z,0.282,2,1000,640x360,4.654315999999994,,rebuffer happen
2025-12-17T11:52:58.438Z,0.3,2,1000,640x360,4.491859000000005,,
2025-12-17T11:52:58.438Z,0.293,2,1000,640x360,4.490753000000012,,rebuffer happen
2025-12-17T11:52:58.782Z,0.348,2,1000,640x360,4.443579999999997,,
2025-12-17T11:52:58.839Z,0.255,2,1000,640x360,4.359577999999999,,rebuffer happen
2025-12-17T11:52:59.108Z,0.275,2,1000,640x360,4.2771049999999775,,rebuffer happen
2025-12-17T11:52:59.164Z,0.301,2,1000,640x360,4.286868999999996,,
2025-12-17T11:52:59.165Z,0.29,2,1000,640x360,4.286484999999999,,rebuffer happen
2025-12-17T11:52:59.562Z,0.277,2,1000,640x360,4.189097000000004,,
2025-12-17T11:52:59.635Z,0.224,3,1500,768x432,4.115679999999998,,
2025-12-17T11:52:59.839Z,0.028,3,1500,768x432,4.132717999999983,,rebuffer happen
2025-12-17T11:53:00.209Z,0.028,3,1500,768x432,4.523718000000002,,
2025-12-17T11:53:00.277Z,0.528,2,1000,640x360,4.569553000000013,,
2025-12-17T11:53:00.604Z,0.524,2,1000,640x360,4.437513999999993,,
2025-12-17T11:53:00.668Z,0.487,1,600,480x270,4.440670000000011,,
2025-12-17T11:53:01.024Z,0.55,1,600,480x270,4.35050099999998,,
2025-12-17T11:53:01.089Z,0.554,3,1500,768x432,4.352212999999978,,
2025-12-17T11:53:01.280Z,0.17,3,1500,768x432,4.2750549999999805,,rebuffer happen
2025-12-17T11:53:01.374Z,0.03,3,1500,768x432,4.2277520000000095,,rebuffer happen
2025-12-17T11:53:01.910Z,0.03,3,1500,768x432,4.725752,,
2025-12-17T11:53:01.978Z,0.53,2,1000,640x360,4.77276599999999,,
2025-12-17T11:53:02.168Z,0.206,2,1000,640x360,4.710211999999984,,rebuffer happen
2025-12-17T11:53:02.458Z,0.31,2,1000,640x360,4.604027000000002,,
2025-12-17T11:53:02.459Z,0.3,2,1000,640x360,4.602850999999987,,rebuffer happen
2025-12-17T11:53:02.658Z,0.034,2,1000,640x360,4.501062999999988,,rebuffer happen
2025-12-17T11:53:02.964Z,0.216,2,1000,640x360,4.5067630000000065,,
2025-12-17T11:53:03.038Z,0.207,3,1500,768x432,4.432964999999996,,
2025-12-17T11:53:03.142Z,0.031,3,1500,768x432,4.529488999999984,,rebuffer happen
2025-12-17T11:53:03.659Z,0.031,3,1500,768x432,5.029488999999984,,
2025-12-17T11:53:03.737Z,0.531,2,1000,640x360,4.968051000000003,,
2025-12-17T11:53:04.169Z,0.335,2,1000,640x360,4.867311999999998,,
2025-12-17T11:53:04.317Z,0.175,2,1000,640x360,4.741371999999984,,rebuffer happen
2025-12-17T11:53:04.676Z,0.234,2,1000,640x360,4.717367999999993,,
2025-12-17T11:53:04.754Z,0.167,3,1500,768x432,4.7379080000000044,,
2025-12-17T11:53:04.877Z,0.017,3,1500,768x432,4.71341000000001,,rebuffer happen
2025-12-17T11:53:05.270Z,0.017,3,1500,768x432,5.113410000000016,,
2025-12-17T11:53:05.345Z,0.517,2,1000,640x360,5.053995000000015,,
2025-12-17T11:53:05.652Z,0.507,2,1000,640x360,5.028866999999991,,
2025-12-17T11:53:05.733Z,0.517,3,1500,768x432,4.907446999999991,,
2025-12-17T11:53:05.928Z,0.117,3,1500,768x432,4.812609000000009,,rebuffer happen
2025-12-17T11:53:06.011Z,0.018,3,1500,768x432,4.814876999999996,,rebuffer happen
2025-12-17T11:53:06.321Z,0.018,3,1500,768x432,5.113877000000002,,
2025-12-17T11:53:06.391Z,0.518,2,1000,640x360,5.161591999999985,,
2025-12-17T11:53:06.624Z,0.299,2,1000,640x360,5.097510999999997,,rebuffer happen
2025-12-17T11:53:06.676Z,0.297,2,1000,640x360,5.1299649999999986,,rebuffer happen
2025-12-17T11:53:06.806Z,0.408,2,1000,640x360,5.036134000000004,,
2025-12-17T11:53:06.877Z,0.434,3,1500,768x432,5.0249430000000075,,
2025-12-17T11:53:07.035Z,0.092,3,1500,768x432,4.890028999999998,,rebuffer happen
2025-12-17T11:53:07.078Z,0.032,3,1500,768x432,4.940330999999986,,rebuffer happen
2025-12-17T11:53:07.484Z,0.032,3,1500,768x432,5.332331000000011,,
2025-12-17T11:53:07.550Z,0.532,2,1000,640x360,5.380654000000021,,
2025-12-17T11:53:07.755Z,0.26,2,1000,640x360,5.362929000000008,,rebuffer happen
2025-12-17T11:53:08.049Z,0.399,2,1000,640x360,5.3169149999999945,,
2025-12-17T11:53:08.124Z,0.348,3,1500,768x432,5.236412000000001,,
2025-12-17T11:53:08.313Z,0.048,3,1500,768x432,5.1564559999999915,,rebuffer happen
2025-12-17T11:53:08.314Z,0.048,3,1500,768x432,5.1564559999999915,,rebuffer happen
2025-12-17T11:53:08.812Z,0.048,3,1500,768x432,5.651455999999996,,
2025-12-17T11:53:08.889Z,0.538,2,1000,640x360,5.6550689999999975,,
2025-12-17T11:53:09.109Z,0.123,2,1000,640x360,5.527212999999989,,rebuffer happen
2025-12-17T11:53:09.355Z,0.357,2,1000,640x360,5.530268000000007,,
2025-12-17T11:53:09.547Z,0.05,2,1000,640x360,5.452671999999978,,rebuffer happen
2025-12-17T11:53:09.548Z,0.05,2,1000,640x360,5.452671999999978,,rebuffer happen
2025-12-17T11:53:09.821Z,0.387,2,1000,640x360,5.49633399999999,,
2025-12-17T11:53:09.904Z,0.389,1,600,480x270,5.465028999999987,,
2025-12-17T11:53:09.905Z,0.264,1,600,480x270,5.463943,,rebuffer happen
2025-12-17T11:53:10.218Z,0.419,1,600,480x270,5.427863000000002,,
2025-12-17T11:53:10.293Z,0.431,3,1500,768x432,5.459626000000014,,
2025-12-17T11:53:10.515Z,0.032,3,1500,768x432,5.327951999999982,,rebuffer happen
2025-12-17T11:53:10.515Z,0.032,3,1500,768x432,5.327951999999982,,rebuffer happen
2025-12-17T11:53:10.959Z,0.032,3,1500,768x432,5.836951999999997,,
2025-12-17T11:53:11.044Z,0.47,2,1000,640x360,5.85272999999998,,
2025-12-17T11:53:11.312Z,0.055,2,1000,640x360,5.660994999999986,,rebuffer happen
2025-12-17T11:53:11.556Z,0.291,2,1000,640x360,5.66876400000001,,
2025-12-17T11:53:11.816Z,0.018,2,1000,640x360,5.619170999999994,,rebuffer happen
2025-12-17T11:53:12.063Z,0.306,2,1000,640x360,5.703452999999996,,
2025-12-17T11:53:12.121Z,0.222,3,1500,768x432,5.619706000000008,,rebuffer happen
2025-12-17T11:53:12.148Z,0.222,3,1500,768x432,5.579331999999994,,
2025-12-17T11:53:12.250Z,0.029,3,1500,768x432,5.629345999999998,,rebuffer happen
2025-12-17T11:53:12.886Z,0.029,3,1500,768x432,6.2293459999999925,,
2025-12-17T11:53:12.969Z,0.529,2,1000,640x360,6.259683999999993,,
2025-12-17T11:53:13.180Z,0.253,2,1000,640x360,6.181913000000009,,rebuffer happen
2025-12-17T11:53:13.485Z,0.312,2,1000,640x360,6.080546999999996,,
2025-12-17T11:53:13.486Z,0.283,2,1000,640x360,6.079549999999983,,rebuffer happen
2025-12-17T11:53:13.561Z,0.186,1,600,480x270,6.080335999999988,,
2025-12-17T11:53:13.717Z,0.025,1,600,480x270,6.02373399999999,,rebuffer happen
2025-12-17T11:53:13.853Z,0.407,1,600,480x270,6.125323000000009,,
2025-12-17T11:53:13.923Z,0.37,3,1500,768x432,6.053956999999997,,
2025-12-17T11:53:13.972Z,0.277,3,1500,768x432,6.072783999999984,,rebuffer happen
2025-12-17T11:53:14.135Z,0.034,3,1500,768x432,5.931032999999985,,rebuffer happen
2025-12-17T11:53:14.617Z,0.034,3,1500,768x432,6.435033000000004,,
2025-12-17T11:53:14.698Z,0.49,1,600,480x270,6.439489000000009,,
2025-12-17T11:53:14.852Z,0.235,1,600,480x270,6.399825000000021,,rebuffer happen
2025-12-17T11:53:15.040Z,0.417,1,600,480x270,6.3154819999999745,,
2025-12-17T11:53:15.176Z,0.282,1,600,480x270,6.226418999999993,,rebuffer happen
2025-12-17T11:53:15.460Z,0.48,1,600,480x270,6.179184000000021,,
2025-12-17T11:53:15.539Z,0.373,2,1000,640x360,6.061033000000009,,
2025-12-17T11:53:15.540Z,0.255,2,1000,640x360,6.150771999999989,,rebuffer happen
2025-12-17T11:53:15.870Z,0.365,2,1000,640x360,6.075657000000007,,
2025-12-17T11:53:15.959Z,0.366,3,1500,768x432,6.081480999999997,,
2025-12-17T11:53:15.959Z,0.278,3,1500,768x432,6.080771999999996,,rebuffer happen
2025-12-17T11:53:16.203Z,0.035,3,1500,768x432,6.038862999999992,,rebuffer happen
2025-12-17T11:53:16.605Z,0.035,3,1500,768x432,6.434863000000007,,
2025-12-17T11:53:16.673Z,0.535,2,1000,640x360,6.4823729999999955,,
2025-12-17T11:53:17.160Z,0.215,2,1000,640x360,6.281285999999994,,rebuffer happen
2025-12-17T11:53:17.210Z,0.22,2,1000,640x360,6.205432999999999,,
2025-12-17T11:53:17.281Z,0.141,1,600,480x270,6.222324000000015,,
2025-12-17T11:53:17.488Z,0.385,1,600,480x270,6.203735999999992,,
2025-12-17T11:53:17.561Z,0.375,3,1500,768x432,6.218895000000003,,
2025-12-17T11:53:17.797Z,0.042,3,1500,768x432,6.149001999999996,,rebuffer happen
2025-12-17T11:53:17.804Z,0.031,3,1500,768x432,6.138481000000013,,rebuffer happen
2025-12-17T11:53:18.202Z,0.031,3,1500,768x432,6.529481000000004,,
2025-12-17T11:53:18.278Z,0.495,1,600,480x270,6.5632559999999955,,
2025-12-17T11:53:18.526Z,0.567,1,600,480x270,6.379354000000006,,
2025-12-17T11:53:18.605Z,0.582,2,1000,640x360,6.367626000000001,,
2025-12-17T11:53:19.041Z,0.441,2,1000,640x360,6.322974999999985,,
2025-12-17T11:53:19.129Z,0.294,2,1000,640x360,6.190764999999999,,rebuffer happen
2025-12-17T11:53:19.427Z,0.346,2,1000,640x360,6.045585999999986,,
2025-12-17T11:53:19.494Z,0.347,3,1500,768x432,6.054039999999986,,
2025-12-17T11:53:19.495Z,0.245,3,1500,768x432,6.0529619999999795,,rebuffer happen
2025-12-17T11:53:19.639Z,0.03,3,1500,768x432,5.9260360000000105,,rebuffer happen
2025-12-17T11:53:20.298Z,0.03,3,1500,768x432,6.6340359999999805,,
2025-12-17T11:53:20.370Z,0.53,2,1000,640x360,6.669246999999984,,
2025-12-17T11:53:20.550Z,0.274,2,1000,640x360,6.640534999999971,,rebuffer happen
2025-12-17T11:53:20.807Z,0.379,2,1000,640x360,6.479259999999982,,
2025-12-17T11:53:20.882Z,0.379,1,600,480x270,6.479599000000007,,
2025-12-17T11:53:20.882Z,0.268,1,600,480x270,6.478528000000011,,rebuffer happen
2025-12-17T11:53:21.181Z,0.407,1,600,480x270,6.427656000000013,,
2025-12-17T11:53:21.320Z,0.282,1,600,480x270,6.313833000000017,,rebuffer happen
2025-12-17T11:53:21.501Z,0.426,1,600,480x270,6.243274000000014,,
2025-12-17T11:53:21.580Z,0.412,2,1000,640x360,6.221218000000022,,
2025-12-17T11:53:21.739Z,0.167,2,1000,640x360,6.135567000000009,,rebuffer happen
2025-12-17T11:53:22.020Z,0.287,2,1000,640x360,6.151699000000008,,rebuffer happen
2025-12-17T11:53:22.049Z,0.294,2,1000,640x360,6.205808000000019,,
2025-12-17T11:53:22.124Z,0.309,1,600,480x270,6.093046000000015,,
2025-12-17T11:53:22.125Z,0.196,1,600,480x270,6.091787000000011,,rebuffer happen
2025-12-17T11:53:22.376Z,0.386,1,600,480x270,6.087179999999989,,
2025-12-17T11:53:22.452Z,0.387,3,1500,768x432,6.1071839999999895,,
2025-12-17T11:53:22.564Z,0.199,3,1500,768x432,6.096474000000001,,rebuffer happen
2025-12-17T11:53:22.725Z,0.024,3,1500,768x432,6.0210500000000025,,rebuffer happen
2025-12-17T11:53:23.154Z,0.024,3,1500,768x432,6.520049999999969,,
2025-12-17T11:53:23.229Z,0.524,2,1000,640x360,6.459643999999969,,
2025-12-17T11:53:23.405Z,0.248,2,1000,640x360,6.411865000000006,,rebuffer happen
2025-12-17T11:53:23.662Z,0.328,2,1000,640x360,6.328225999999972,,
2025-12-17T11:53:23.729Z,0.311,3,1500,768x432,6.241110999999989,,
2025-12-17T11:53:23.730Z,0.244,3,1500,768x432,6.239946999999972,,rebuffer happen
2025-12-17T11:53:23.926Z,0.018,3,1500,768x432,6.215823999999969,,rebuffer happen
2025-12-17T11:53:24.355Z,0.018,3,1500,768x432,6.715823999999969,,
2025-12-17T11:53:24.430Z,0.467,2,1000,640x360,6.649008999999978,,
2025-12-17T11:53:24.651Z,0.186,2,1000,640x360,6.615417999999977,,rebuffer happen
2025-12-17T11:53:24.962Z,0.325,2,1000,640x360,6.612093000000016,,
2025-12-17T11:53:24.988Z,0.279,2,1000,640x360,6.585949000000028,,rebuffer happen
2025-12-17T11:53:25.440Z,0.229,2,1000,640x360,6.438279999999992,,
2025-12-17T11:53:25.653Z,0.294,2,1000,640x360,6.536696000000006,,rebuffer happen
2025-12-17T11:53:25.820Z,0.338,2,1000,640x360,6.457642000000021,,
2025-12-17T11:53:25.901Z,0.357,1,600,480x270,6.4333030000000235,,
2025-12-17T11:53:25.902Z,0.235,1,600,480x270,6.432145999999989,,rebuffer happen
2025-12-17T11:53:26.217Z,0.32,1,600,480x270,6.339797000000033,,
2025-12-17T11:53:26.261Z,0.299,2,1000,640x360,6.402051000000029,,rebuffer happen
2025-12-17T11:53:26.289Z,0.299,2,1000,640x360,6.3593250000000126,,
2025-12-17T11:53:26.819Z,0.244,2,1000,640x360,6.3278720000000135,,
2025-12-17T11:53:27.290Z,0.262,2,1000,640x360,6.362278000000003,,
2025-12-17T11:53:27.363Z,0.215,3,1500,768x432,6.3842070000000035,,
2025-12-17T11:53:27.529Z,0.023,3,1500,768x432,6.326104999999984,,rebuffer happen
2025-12-17T11:53:28.037Z,0.023,3,1500,768x432,6.825105000000008,,
2025-12-17T11:53:28.116Z,0.512,2,1000,640x360,6.820735000000013,,
2025-12-17T11:53:28.291Z,0.195,2,1000,640x360,6.761337000000026,,rebuffer happen
2025-12-17T11:53:28.498Z,0.396,2,1000,640x360,6.698464000000001,,
2025-12-17T11:53:28.584Z,0.273,2,1000,640x360,6.672612999999956,,rebuffer happen
2025-12-17T11:53:28.902Z,0.358,2,1000,640x360,6.558819000000028,,
2025-12-17T11:53:29.057Z,0.163,2,1000,640x360,6.5280970000000025,,rebuffer happen
2025-12-17T11:53:29.293Z,0.342,2,1000,640x360,6.466564000000005,,
2025-12-17T11:53:29.366Z,0.365,3,1500,768x432,6.503764999999987,,
2025-12-17T11:53:29.367Z,0.292,3,1500,768x432,6.502998999999988,,rebuffer happen
2025-12-17T11:53:29.631Z,0.029,3,1500,768x432,6.427701000000013,,rebuffer happen
2025-12-17T11:53:29.716Z,0.029,3,1500,768x432,6.524700999999993,,
2025-12-17T11:53:29.788Z,0.529,2,1000,640x360,6.5723579999999515,,
2025-12-17T11:53:30.053Z,0.595,2,1000,640x360,6.510421000000008,,
2025-12-17T11:53:30.571Z,0.269,2,1000,640x360,6.23140699999999,,rebuffer happen
2025-12-17T11:53:30.732Z,0.065,2,1000,640x360,6.1378219999999715,,rebuffer happen
2025-12-17T11:53:30.785Z,0.065,2,1000,640x360,6.230821999999989,,
2025-12-17T11:53:30.866Z,0.132,3,1500,768x432,6.2695549999999685,,
2025-12-17T11:53:30.915Z,0.016,3,1500,768x432,6.226043000000004,,rebuffer happen
2025-12-17T11:53:31.464Z,0.016,3,1500,768x432,6.820042999999998,,
2025-12-17T11:53:31.538Z,0.516,2,1000,640x360,6.761073999999951,,
2025-12-17T11:53:31.959Z,0.45,2,1000,640x360,6.722622999999999,,
2025-12-17T11:53:32.096Z,0.255,2,1000,640x360,6.617723000000012,,rebuffer happen
2025-12-17T11:53:32.359Z,0.349,2,1000,640x360,6.5246740000000045,,
2025-12-17T11:53:32.496Z,0.155,2,1000,640x360,6.421108000000004,,rebuffer happen
2025-12-17T11:53:32.750Z,0.359,2,1000,640x360,6.4533309999999915,,
2025-12-17T11:53:32.850Z,0.242,2,1000,640x360,6.413550999999984,,rebuffer happen
2025-12-17T11:53:33.084Z,0.29,2,1000,640x360,6.265152999999998,,rebuffer happen
2025-12-17T11:53:33.232Z,0.114,2,1000,640x360,6.135450999999989,,
2025-12-17T11:53:33.300Z,0.033,2,1000,640x360,6.129153000000031,,rebuffer happen
2025-12-17T11:53:33.624Z,0.297,2,1000,640x360,6.209249999999997,,
2025-12-17T11:53:33.703Z,0.303,3,1500,768x432,6.229620999999952,,
2025-12-17T11:53:33.704Z,0.228,3,1500,768x432,6.22896899999995,,rebuffer happen
2025-12-17T11:53:33.917Z,0.024,3,1500,768x432,6.2204640000000495,,rebuffer happen
2025-12-17T11:53:34.327Z,0.024,3,1500,768x432,6.627464000000032,,
2025-12-17T11:53:34.403Z,0.524,2,1000,640x360,6.664728999999966,,
2025-12-17T11:53:34.844Z,0.363,2,1000,640x360,6.565808000000004,,
2025-12-17T11:53:34.973Z,0.174,2,1000,640x360,6.469578000000013,,rebuffer happen
2025-12-17T11:53:35.210Z,0.314,2,1000,640x360,6.314630999999963,,
2025-12-17T11:53:35.250Z,0.257,2,1000,640x360,6.362841000000003,,rebuffer happen
2025-12-17T11:53:35.556Z,0.427,2,1000,640x360,6.33377200000001,,
2025-12-17T11:53:35.636Z,0.327,1,600,480x270,6.213502000000005,,
2025-12-17T11:53:35.703Z,0.271,1,600,480x270,6.23450600000001,,rebuffer happen
2025-12-17T11:53:35.822Z,0.603,1,600,480x270,6.201669999999979,,
2025-12-17T11:53:35.886Z,0.605,2,1000,640x360,6.2103930000000105,,
2025-12-17T11:53:36.291Z,0.269,2,1000,640x360,6.009824000000037,,rebuffer happen
2025-12-17T11:53:36.360Z,0.291,2,1000,640x360,6.02476200000001,,rebuffer happen
2025-12-17T11:53:36.366Z,0.291,2,1000,640x360,6.014904000000001,,
2025-12-17T11:53:36.432Z,0.315,1,600,480x270,5.9158539999999675,,
2025-12-17T11:53:36.433Z,0.215,1,600,480x270,5.914760999999999,,rebuffer happen
2025-12-17T11:53:36.553Z,0.036,1,600,480x270,5.936817000000019,,rebuffer happen
2025-12-17T11:53:36.786Z,0.381,1,600,480x270,5.981298999999979,,
2025-12-17T11:53:36.853Z,0.354,2,1000,640x360,5.997766999999953,,
2025-12-17T11:53:36.854Z,0.299,2,1000,640x360,5.996698999999978,,rebuffer happen
2025-12-17T11:53:37.037Z,0.026,2,1000,640x360,5.82361800000001,,rebuffer happen
2025-12-17T11:53:37.269Z,0.304,2,1000,640x360,5.9304180000000315,,
2025-12-17T11:53:37.301Z,0.296,3,1500,768x432,5.8986940000000345,,rebuffer happen
2025-12-17T11:53:37.337Z,0.296,3,1500,768x432,5.844557000000009,,
2025-12-17T11:53:37.487Z,0.029,3,1500,768x432,5.828803999999991,,rebuffer happen
2025-12-17T11:53:38.175Z,0.029,3,1500,768x432,6.5318039999999655,,
2025-12-17T11:53:38.252Z,0.529,2,1000,640x360,6.563015000000007,,
2025-12-17T11:53:38.605Z,0.448,2,1000,640x360,6.344177000000002,,
2025-12-17T11:53:39.022Z,0.417,2,1000,640x360,6.209597999999971,,
2025-12-17T11:53:39.168Z,0.22,2,1000,640x360,6.188500000000033,,rebuffer happen
2025-12-17T11:53:39.491Z,0.311,2,1000,640x360,6.116670999999997,,
2025-12-17T11:53:39.565Z,0.317,3,1500,768x432,6.1529879999999935,,
2025-12-17T11:53:39.565Z,0.243,3,1500,768x432,6.152218000000005,,rebuffer happen
2025-12-17T11:53:39.772Z,0.048,3,1500,768x432,6.155336000000034,,rebuffer happen
2025-12-17T11:53:40.197Z,0.048,3,1500,768x432,6.5493359999999825,,
2025-12-17T11:53:40.266Z,0.548,2,1000,640x360,6.604104000000007,,
2025-12-17T11:53:40.672Z,0.416,2,1000,640x360,6.410686999999996,,
2025-12-17T11:53:40.748Z,0.394,3,1500,768x432,6.308364999999981,,
2025-12-17T11:53:40.832Z,0.186,3,1500,768x432,6.289612999999974,,rebuffer happen
2025-12-17T11:53:40.923Z,0.049,3,1500,768x432,6.249758000000043,,rebuffer happen
2025-12-17T11:53:41.272Z,0.049,3,1500,768x432,6.644758000000024,,
2025-12-17T11:53:41.343Z,0.549,1,600,480x270,6.688369000000023,,
2025-12-17T11:53:41.584Z,0.669,1,600,480x270,6.56931800000001,,
2025-12-17T11:53:41.837Z,0.798,1,600,480x270,6.413332000000025,,
2025-12-17T11:53:42.109Z,0.892,1,600,480x270,6.305377000000021,,
2025-12-17T11:53:42.390Z,0.952,1,600,480x270,6.19089699999995,,
2025-12-17T11:53:42.467Z,0.987,2,1000,640x360,6.169703000000027,,
2025-12-17T11:53:42.904Z,0.779,2,1000,640x360,5.983465000000024,,
2025-12-17T11:53:43.451Z,0.473,2,1000,640x360,5.758731000000012,,
2025-12-17T11:53:43.578Z,0.272,2,1000,640x360,5.674590000000023,,rebuffer happen
2025-12-17T11:53:43.883Z,0.462,2,1000,640x360,5.653781999999978,,
2025-12-17T11:53:44.035Z,0.29,2,1000,640x360,5.533941999999968,,rebuffer happen
2025-12-17T11:53:44.318Z,0.307,2,1000,640x360,5.402755000000013,,
2025-12-17T11:53:44.319Z,0.297,2,1000,640x360,5.401768000000004,,rebuffer happen
2025-12-17T11:53:44.387Z,0.24,3,1500,768x432,5.4141819999999825,,
2025-12-17T11:53:44.576Z,0.028,3,1500,768x432,5.429596000000004,,rebuffer happen
2025-12-17T11:53:45.011Z,0.028,3,1500,768x432,5.826595999999995,,
2025-12-17T11:53:45.085Z,0.477,2,1000,640x360,5.8599100000000135,,
2025-12-17T11:53:45.504Z,0.36,2,1000,640x360,5.629390000000001,,
2025-12-17T11:53:45.631Z,0.142,2,1000,640x360,5.5409310000000005,,rebuffer happen
2025-12-17T11:53:45.934Z,0.331,2,1000,640x360,5.523127999999986,,
2025-12-17T11:53:46.058Z,0.169,2,1000,640x360,5.546956000000023,,rebuffer happen
2025-12-17T11:53:46.367Z,0.269,2,1000,640x360,5.48479999999995,,
2025-12-17T11:53:46.438Z,0.222,3,1500,768x432,5.414053999999965,,
2025-12-17T11:53:46.611Z,0.038,3,1500,768x432,5.436059,,rebuffer happen
2025-12-17T11:53:47.078Z,0.038,3,1500,768x432,5.939058999999986,,
2025-12-17T11:53:47.159Z,0.499,2,1000,640x360,5.960896999999989,,
2025-12-17T11:53:47.573Z,0.349,2,1000,640x360,5.736131999999998,,
2025-12-17T11:53:47.662Z,0.206,2,1000,640x360,5.703459000000009,,rebuffer happen
2025-12-17T11:53:48.001Z,0.223,2,1000,640x360,5.5306170000000066,,
2025-12-17T11:53:48.068Z,0.234,3,1500,768x432,5.565279999999973,,
2025-12-17T11:53:48.213Z,0.024,3,1500,768x432,5.530942999999979,,rebuffer happen
2025-12-17T11:53:48.748Z,0.024,3,1500,768x432,6.124942999999973,,
2025-12-17T11:53:48.819Z,0.524,2,1000,640x360,6.06824499999999,,
2025-12-17T11:53:49.277Z,0.292,2,1000,640x360,5.991927000000032,,rebuffer happen
2025-12-17T11:53:49.292Z,0.352,2,1000,640x360,5.96972100000005,,
2025-12-17T11:53:49.381Z,0.269,2,1000,640x360,5.933964000000003,,rebuffer happen
2025-12-17T11:53:49.640Z,0.411,2,1000,640x360,5.910268999999971,,
2025-12-17T11:53:49.709Z,0.413,1,600,480x270,5.832799999999963,,
2025-12-17T11:53:49.760Z,0.291,1,600,480x270,5.890254999999968,,rebuffer happen
2025-12-17T11:53:49.947Z,0.492,1,600,480x270,5.812982999999974,,
2025-12-17T11:53:50.196Z,0.634,1,600,480x270,5.632330999999965,,
2025-12-17T11:53:50.270Z,0.636,2,1000,640x360,5.624252000000013,,
2025-12-17T11:53:50.791Z,0.324,2,1000,640x360,5.419213000000013,,
2025-12-17T11:53:50.835Z,0.281,3,1500,768x432,5.379244000000028,,rebuffer happen
2025-12-17T11:53:50.865Z,0.238,3,1500,768x432,5.443920999999989,,
2025-12-17T11:53:51.082Z,0.021,3,1500,768x432,5.425910999999985,,rebuffer happen
2025-12-17T11:53:51.604Z,0.021,3,1500,768x432,5.92091099999999,,
2025-12-17T11:53:51.672Z,0.521,2,1000,640x360,5.962700999999981,,
2025-12-17T11:53:51.878Z,0.281,2,1000,640x360,5.977269000000035,,rebuffer happen
2025-12-17T11:53:52.145Z,0.364,2,1000,640x360,5.877017999999964,,
2025-12-17T11:53:52.215Z,0.38,1,600,480x270,5.772262999999953,,
2025-12-17T11:53:52.216Z,0.275,1,600,480x270,5.7710669999999595,,rebuffer happen
2025-12-17T11:53:52.479Z,0.467,1,600,480x270,5.784002999999984,,
2025-12-17T11:53:52.557Z,0.478,3,1500,768x432,5.80360300000001,,
2025-12-17T11:53:52.660Z,0.298,3,1500,768x432,5.7947920000000295,,rebuffer happen
2025-12-17T11:53:52.833Z,0.038,3,1500,768x432,5.634254999999996,,rebuffer happen
2025-12-17T11:53:53.237Z,0.038,3,1500,768x432,6.044254999999964,,
2025-12-17T11:53:53.303Z,0.538,1,600,480x270,6.0864839999999845,,
2025-12-17T11:53:53.566Z,0.627,1,600,480x270,6.025447000000042,,
2025-12-17T11:53:53.646Z,0.529,2,1000,640x360,5.906554000000028,,
2025-12-17T11:53:54.097Z,0.39,2,1000,640x360,5.800616999999988,,
2025-12-17T11:53:54.161Z,0.294,2,1000,640x360,5.796106000000009,,rebuffer happen
2025-12-17T11:53:54.549Z,0.269,2,1000,640x360,5.668902000000003,,
2025-12-17T11:53:54.625Z,0.272,3,1500,768x432,5.593556000000035,,
2025-12-17T11:53:54.801Z,0.025,3,1500,768x432,5.6325990000000274,,rebuffer happen
2025-12-17T11:53:55.058Z,0.025,3,1500,768x432,5.931599000000006,,
2025-12-17T11:53:55.126Z,0.524,2,1000,640x360,5.877497000000005,,
2025-12-17T11:53:55.407Z,0.572,2,1000,640x360,5.791731999999968,,
2025-12-17T11:53:55.770Z,0.587,2,1000,640x360,5.719330000000014,,
2025-12-17T11:53:55.839Z,0.611,3,1500,768x432,5.656781000000024,,
2025-12-17T11:53:56.129Z,0.128,3,1500,768x432,5.529411000000039,,rebuffer happen
2025-12-17T11:53:56.186Z,0.044,3,1500,768x432,5.548832000000004,,rebuffer happen
2025-12-17T11:53:56.441Z,0.044,3,1500,768x432,5.840832000000034,,
2025-12-17T11:53:56.526Z,0.544,1,600,480x270,5.770785000000046,,
2025-12-17T11:53:56.758Z,0.734,1,600,480x270,5.838411999999948,,
2025-12-17T11:53:57.006Z,0.861,1,600,480x270,5.664214000000015,,
2025-12-17T11:53:57.084Z,0.862,3,1500,768x432,5.644175000000018,,
2025-12-17T11:53:57.505Z,0.116,3,1500,768x432,5.417816000000016,,rebuffer happen
2025-12-17T11:53:57.553Z,0.043,3,1500,768x432,5.439204000000018,,rebuffer happen
2025-12-17T11:53:58.089Z,0.043,3,1500,768x432,5.939204000000018,,
2025-12-17T11:53:58.162Z,0.543,2,1000,640x360,5.990674999999953,,
2025-12-17T11:53:58.431Z,0.227,2,1000,640x360,5.899445000000014,,rebuffer happen
2025-12-17T11:53:58.643Z,0.469,2,1000,640x360,5.958204000000023,,
2025-12-17T11:53:58.850Z,0.266,2,1000,640x360,5.937795999999992,,rebuffer happen
2025-12-17T11:53:58.880Z,0.288,2,1000,640x360,5.892932999999971,,rebuffer happen
2025-12-17T11:53:58.951Z,0.281,2,1000,640x360,5.879216999999983,,rebuffer happen
2025-12-17T11:53:59.141Z,0.309,2,1000,640x360,5.79289,,
2025-12-17T11:53:59.142Z,0.295,2,1000,640x360,5.791933000000029,,rebuffer happen
2025-12-17T11:53:59.656Z,0.315,2,1000,640x360,5.780348000000004,,
2025-12-17T11:53:59.657Z,0.279,2,1000,640x360,5.779613999999981,,rebuffer happen
2025-12-17T11:53:59.736Z,0.262,3,1500,768x432,5.702823999999964,,
2025-12-17T11:53:59.905Z,0.033,3,1500,768x432,5.730669999999975,,rebuffer happen
2025-12-17T11:54:00.377Z,0.033,3,1500,768x432,6.236670000000004,,
2025-12-17T11:54:00.452Z,0.496,2,1000,640x360,6.253196000000003,,
2025-12-17T11:54:00.597Z,0.239,2,1000,640x360,6.144467999999961,,rebuffer happen
2025-12-17T11:54:00.923Z,0.375,2,1000,640x360,6.088391000000001,,
2025-12-17T11:54:00.998Z,0.352,3,1500,768x432,6.087419000000011,,
2025-12-17T11:54:00.999Z,0.29,3,1500,768x432,6.086321999999996,,rebuffer happen
2025-12-17T11:54:01.173Z,0.029,3,1500,768x432,6.029414999999972,,rebuffer happen
2025-12-17T11:54:01.615Z,0.029,3,1500,768x432,6.425414999999987,,
2025-12-17T11:54:01.686Z,0.529,1,600,480x270,6.468434000000002,,
2025-12-17T11:54:01.936Z,0.56,1,600,480x270,6.297977000000003,,
2025-12-17T11:54:02.249Z,0.625,1,600,480x270,6.232348000000002,,
2025-12-17T11:54:02.322Z,0.626,2,1000,640x360,6.123077000000023,,
2025-12-17T11:54:02.751Z,0.418,2,1000,640x360,6.0363590000000045,,
2025-12-17T11:54:02.827Z,0.373,3,1500,768x432,5.930645000000027,,
2025-12-17T11:54:03.025Z,0.029,3,1500,768x432,5.8374279999999885,,rebuffer happen
2025-12-17T11:54:03.025Z,0.029,3,1500,768x432,5.8374279999999885,,rebuffer happen
2025-12-17T11:54:03.494Z,0.029,3,1500,768x432,6.327427999999998,,
2025-12-17T11:54:03.570Z,0.465,1,600,480x270,6.3447570000000155,,
2025-12-17T11:54:03.866Z,0.592,1,600,480x270,6.301715999999999,,
2025-12-17T11:54:03.941Z,0.55,2,1000,640x360,6.1885090000000105,,
2025-12-17T11:54:04.087Z,0.268,2,1000,640x360,6.164792999999975,,rebuffer happen
2025-12-17T11:54:04.259Z,0.277,2,1000,640x360,6.108206999999993,,rebuffer happen
2025-12-17T11:54:04.389Z,0.311,2,1000,640x360,6.019693999999959,,
2025-12-17T11:54:04.546Z,0.113,2,1000,640x360,5.975360000000023,,rebuffer happen
2025-12-17T11:54:04.830Z,0.278,2,1000,640x360,5.875503999999978,,
2025-12-17T11:54:04.915Z,0.227,3,1500,768x432,5.905855000000031,,
2025-12-17T11:54:05.060Z,0.052,3,1500,768x432,5.95048700000001,,rebuffer happen
2025-12-17T11:54:05.646Z,0.052,3,1500,768x432,6.551487000000009,,
2025-12-17T11:54:05.727Z,0.519,2,1000,640x360,6.463959000000045,,
2025-12-17T11:54:05.954Z,0.292,2,1000,640x360,6.433173000000011,,rebuffer happen
2025-12-17T11:54:06.136Z,0.348,2,1000,640x360,6.253116000000034,,
2025-12-17T11:54:06.244Z,0.256,2,1000,640x360,6.2897310000000175,,rebuffer happen
2025-12-17T11:54:06.444Z,0.389,2,1000,640x360,6.1871640000000525,,
2025-12-17T11:54:06.521Z,0.389,1,600,480x270,6.070847000000015,,
2025-12-17T11:54:06.522Z,0.273,1,600,480x270,6.069701000000009,,rebuffer happen
2025-12-17T11:54:06.809Z,0.409,1,600,480x270,6.007908999999984,,
2025-12-17T11:54:06.915Z,0.255,1,600,480x270,5.954525999999987,,rebuffer happen
2025-12-17T11:54:07.090Z,0.504,1,600,480x270,5.900578999999993,,
2025-12-17T11:54:07.159Z,0.429,2,1000,640x360,5.884568999999999,,
2025-12-17T11:54:07.287Z,0.229,2,1000,640x360,5.797651999999971,,rebuffer happen
2025-12-17T11:54:07.549Z,0.293,2,1000,640x360,5.730068000000017,,rebuffer happen
2025-12-17T11:54:07.561Z,0.293,2,1000,640x360,5.711773999999991,,
2025-12-17T11:54:07.639Z,0.307,3,1500,768x432,5.594437999999968,,
2025-12-17T11:54:07.640Z,0.189,3,1500,768x432,5.685240999999962,,rebuffer happen
2025-12-17T11:54:07.795Z,0.031,3,1500,768x432,5.639060000000029,,rebuffer happen
2025-12-17T11:54:08.227Z,0.031,3,1500,768x432,6.029060000000015,,
2025-12-17T11:54:08.296Z,0.531,2,1000,640x360,6.0779529999999795,,
2025-12-17T11:54:08.450Z,0.293,2,1000,640x360,6.056256000000019,,rebuffer happen
2025-12-17T11:54:08.859Z,0.274,2,1000,640x360,6.00608299999999,,rebuffer happen
2025-12-17T11:54:08.960Z,0.139,2,1000,640x360,5.965245999999979,,
2025-12-17T11:54:09.097Z,0.025,2,1000,640x360,5.927151999999978,,rebuffer happen
2025-12-17T11:54:09.330Z,0.303,2,1000,640x360,5.931541999999979,,
2025-12-17T11:54:09.360Z,0.296,3,1500,768x432,5.995119999999986,,rebuffer happen
2025-12-17T11:54:09.403Z,0.296,3,1500,768x432,5.929943000000037,,
2025-12-17T11:54:09.530Z,0.041,3,1500,768x432,5.8490620000000035,,rebuffer happen
2025-12-17T11:54:10.087Z,0.041,3,1500,768x432,6.444062000000031,,
2025-12-17T11:54:10.167Z,0.541,2,1000,640x360,6.4721079999999915,,
2025-12-17T11:54:10.622Z,0.386,2,1000,640x360,6.284633999999983,,
2025-12-17T11:54:10.759Z,0.238,2,1000,640x360,6.341728999999987,,rebuffer happen
2025-12-17T11:54:11.122Z,0.297,2,1000,640x360,6.230880000000013,,rebuffer happen
2025-12-17T11:54:11.125Z,0.327,2,1000,640x360,6.2275339999999915,,
2025-12-17T11:54:11.196Z,0.326,3,1500,768x432,6.258803,,
2025-12-17T11:54:11.196Z,0.255,3,1500,768x432,6.258035000000007,,rebuffer happen
2025-12-17T11:54:11.432Z,0.02,3,1500,768x432,6.226312000000007,,rebuffer happen
2025-12-17T11:54:11.932Z,0.02,3,1500,768x432,6.717311999999993,,
2025-12-17T11:54:12.008Z,0.499,2,1000,640x360,6.731628999999998,,
2025-12-17T11:54:12.161Z,0.238,2,1000,640x360,6.701258999999993,,rebuffer happen
2025-12-17T11:54:12.422Z,0.427,2,1000,640x360,6.632675000000006,,
2025-12-17T11:54:12.489Z,0.428,3,1500,768x432,6.664286000000004,,
2025-12-17T11:54:12.556Z,0.261,3,1500,768x432,6.658180000000016,,rebuffer happen
2025-12-17T11:54:12.749Z,0.025,3,1500,768x432,6.624963000000037,,rebuffer happen
2025-12-17T11:54:13.050Z,0.025,3,1500,768x432,6.920963000000029,,
2025-12-17T11:54:13.129Z,0.525,2,1000,640x360,6.857359000000031,,
2025-12-17T11:54:13.321Z,0.692,2,1000,640x360,6.857666999999992,,
2025-12-17T11:54:13.394Z,0.759,1,600,480x270,6.846543999999994,,
2025-12-17T11:54:13.420Z,1.061,1,600,480x270,6.808335999999997,,
2025-12-17T11:54:14.017Z,0.8,1,600,480x270,6.596405000000004,,
2025-12-17T11:54:14.092Z,0.725,2,1000,640x360,6.593041000000028,,
2025-12-17T11:54:14.567Z,0.473,2,1000,640x360,6.376282000000003,,
2025-12-17T11:54:14.713Z,0.29,2,1000,640x360,6.287759999999992,,rebuffer happen
2025-12-17T11:54:15.041Z,0.313,2,1000,640x360,6.193576000000007,,
2025-12-17T11:54:15.041Z,0.296,2,1000,640x360,6.1933010000000195,,rebuffer happen
2025-12-17T11:54:15.119Z,0.257,1,600,480x270,6.102755999999999,,
2025-12-17T11:54:15.377Z,0.453,1,600,480x270,6.143876000000034,,
2025-12-17T11:54:15.461Z,0.376,3,1500,768x432,6.139611000000002,,
2025-12-17T11:54:15.642Z,0.064,3,1500,768x432,6.060563999999999,,rebuffer happen
2025-12-17T11:54:15.652Z,0.049,3,1500,768x432,6.046275000000037,,rebuffer happen
2025-12-17T11:54:16.067Z,0.049,3,1500,768x432,6.447275000000047,,
2025-12-17T11:54:16.147Z,0.549,2,1000,640x360,6.383013000000005,,
2025-12-17T11:54:16.571Z,0.36,2,1000,640x360,6.246749999999963,,
2025-12-17T11:54:16.693Z,0.216,2,1000,640x360,6.1892330000000015,,rebuffer happen
2025-12-17T11:54:17.004Z,0.307,2,1000,640x360,6.105817000000002,,
2025-12-17T11:54:17.126Z,0.156,2,1000,640x360,6.02123499999999,,rebuffer happen
2025-12-17T11:54:17.438Z,0.266,2,1000,640x360,5.957474999999988,,
2025-12-17T11:54:17.507Z,0.26,3,1500,768x432,5.987785999999971,,
2025-12-17T11:54:17.670Z,0.03,3,1500,768x432,6.034654999999987,,rebuffer happen
2025-12-17T11:54:18.142Z,0.03,3,1500,768x432,6.5276549999999816,,
2025-12-17T11:54:18.222Z,0.49,2,1000,640x360,6.4471209999999814,,
2025-12-17T11:54:18.346Z,0.297,2,1000,640x360,6.45974700000005,,rebuffer happen
2025-12-17T11:54:18.646Z,0.325,2,1000,640x360,6.3149760000000015,,
2025-12-17T11:54:18.661Z,0.291,2,1000,640x360,6.2931030000000305,,rebuffer happen
2025-12-17T11:54:18.994Z,0.291,2,1000,640x360,6.224623000000008,,rebuffer happen
2025-12-17T11:54:19.082Z,0.311,2,1000,640x360,6.219029000000035,,
2025-12-17T11:54:19.162Z,0.322,3,1500,768x432,6.249056999999993,,
2025-12-17T11:54:19.163Z,0.242,3,1500,768x432,6.248303999999962,,rebuffer happen
2025-12-17T11:54:19.388Z,0.017,3,1500,768x432,6.2181450000000495,,rebuffer happen
2025-12-17T11:54:19.654Z,0.017,3,1500,768x432,6.524145000000033,,
2025-12-17T11:54:19.726Z,0.517,2,1000,640x360,6.467450999999983,,
2025-12-17T11:54:19.888Z,0.26,2,1000,640x360,6.431771999999967,,rebuffer happen
2025-12-17T11:54:20.103Z,0.469,2,1000,640x360,6.399485999999968,,
2025-12-17T11:54:20.286Z,0.259,2,1000,640x360,6.323314000000039,,rebuffer happen
2025-12-17T11:54:20.519Z,0.37,2,1000,640x360,6.173081000000025,,
2025-12-17T11:54:20.594Z,0.374,1,600,480x270,6.1703319999999735,,
2025-12-17T11:54:20.595Z,0.262,1,600,480x270,6.169205999999974,,rebuffer happen
2025-12-17T11:54:20.870Z,0.418,1,600,480x270,6.137172000000021,,
2025-12-17T11:54:20.954Z,0.432,2,1000,640x360,6.1048979999999915,,
2025-12-17T11:54:20.973Z,0.279,2,1000,640x360,6.0773490000000265,,rebuffer happen
2025-12-17T11:54:21.140Z,0.03,2,1000,640x360,5.926803000000007,,rebuffer happen
2025-12-17T11:54:21.488Z,0.183,2,1000,640x360,5.992129999999975,,
2025-12-17T11:54:21.560Z,0.136,3,1500,768x432,6.027875999999992,,
2025-12-17T11:54:21.657Z,0.028,3,1500,768x432,6.026076999999987,,rebuffer happen
2025-12-17T11:54:22.429Z,0.028,3,1500,768x432,6.7240770000000225,,
2025-12-17T11:54:22.495Z,0.525,2,1000,640x360,6.740180000000009,,
2025-12-17T11:54:22.638Z,0.297,2,1000,640x360,6.626080999999999,,rebuffer happen
2025-12-17T11:54:22.868Z,0.416,2,1000,640x360,6.6152230000000145,,
2025-12-17T11:54:22.972Z,0.263,2,1000,640x360,6.569434999999999,,rebuffer happen
2025-12-17T11:54:23.305Z,0.39,2,1000,640x360,6.492725000000007,,
2025-12-17T11:54:23.474Z,0.172,2,1000,640x360,6.444573999999989,,rebuffer happen
2025-12-17T11:54:23.730Z,0.349,2,1000,640x360,6.373987999999997,,
2025-12-17T11:54:23.804Z,0.307,1,600,480x270,6.355519000000015,,
2025-12-17T11:54:23.804Z,0.254,1,600,480x270,6.354966999999988,,rebuffer happen
2025-12-17T11:54:24.075Z,0.303,1,600,480x270,6.2653099999999995,,
2025-12-17T11:54:24.149Z,0.367,2,1000,640x360,6.154691000000014,,
2025-12-17T11:54:24.150Z,0.255,2,1000,640x360,6.260256999999967,,rebuffer happen
2025-12-17T11:54:24.292Z,0.042,2,1000,640x360,6.1423410000000445,,rebuffer happen
2025-12-17T11:54:24.585Z,0.301,2,1000,640x360,6.214283999999964,,
2025-12-17T11:54:24.780Z,0.198,2,1000,640x360,6.227536999999984,,rebuffer happen
2025-12-17T11:54:25.045Z,0.355,2,1000,640x360,6.268680000000018,,
2025-12-17T11:54:25.120Z,0.321,3,1500,768x432,6.180458999999985,,
2025-12-17T11:54:25.121Z,0.278,3,1500,768x432,6.179194999999993,,rebuffer happen
2025-12-17T11:54:25.343Z,0.033,3,1500,768x432,6.230965999999967,,rebuffer happen
2025-12-17T11:54:25.744Z,0.033,3,1500,768x432,6.631965999999977,,
2025-12-17T11:54:25.826Z,0.533,2,1000,640x360,6.5651189999999815,,
2025-12-17T11:54:26.016Z,0.277,2,1000,640x360,6.519871000000023,,rebuffer happen
2025-12-17T11:54:26.260Z,0.278,2,1000,640x360,6.451861000000008,,rebuffer happen
2025-12-17T11:54:26.400Z,0.278,2,1000,640x360,6.335485000000006,,
2025-12-17T11:54:26.484Z,0.133,3,1500,768x432,6.359663000000012,,
2025-12-17T11:54:26.510Z,0.024,3,1500,768x432,6.333722000000023,,rebuffer happen
2025-12-17T11:54:27.209Z,0.024,3,1500,768x432,7.023722000000021,,
2025-12-17T11:54:27.291Z,0.524,2,1000,640x360,7.057452000000012,,
2025-12-17T11:54:27.439Z,0.278,2,1000,640x360,6.940565000000049,,rebuffer happen
2025-12-17T11:54:27.714Z,0.356,2,1000,640x360,6.862342000000012,,
2025-12-17T11:54:27.832Z,0.186,2,1000,640x360,6.782328000000007,,rebuffer happen
2025-12-17T11:54:28.167Z,0.232,2,1000,640x360,6.739534999999989,,
2025-12-17T11:54:28.243Z,0.231,3,1500,768x432,6.664265999999998,,
2025-12-17T11:54:28.379Z,0.021,3,1500,768x432,6.731682000000035,,rebuffer happen
2025-12-17T11:54:28.945Z,0.021,3,1500,768x432,7.32168200000001,,
2025-12-17T11:54:29.023Z,0.521,2,1000,640x360,7.259943999999962,,
2025-12-17T11:54:29.387Z,0.524,2,1000,640x360,7.188852999999995,,
2025-12-17T11:54:29.459Z,0.402,1,600,480x270,7.185001,,
2025-12-17T11:54:29.758Z,0.46,1,600,480x270,7.057995000000005,,
2025-12-17T11:54:29.832Z,0.459,2,1000,640x360,6.947737000000018,,
2025-12-17T11:54:29.927Z,0.239,2,1000,640x360,6.910699999999963,,rebuffer happen
2025-12-17T11:54:30.329Z,0.291,2,1000,640x360,6.876556999999991,,
2025-12-17T11:54:30.398Z,0.28,3,1500,768x432,6.915431999999953,,
2025-12-17T11:54:30.581Z,0.03,3,1500,768x432,6.926889000000017,,rebuffer happen
2025-12-17T11:54:31.025Z,0.03,3,1500,768x432,7.332889000000023,,
2025-12-17T11:54:31.098Z,0.53,2,1000,640x360,7.369366000000014,,
2025-12-17T11:54:31.448Z,0.431,2,1000,640x360,7.251518999999973,,
2025-12-17T11:54:31.523Z,0.447,1,600,480x270,7.138914,,
2025-12-17T11:54:31.594Z,0.262,1,600,480x270,7.12561199999999,,rebuffer happen
2025-12-17T11:54:31.662Z,0.261,1,600,480x270,7.135228999999981,,rebuffer happen
2025-12-17T11:54:31.906Z,0.236,1,600,480x270,6.97344899999996,,
2025-12-17T11:54:31.975Z,0.263,2,1000,640x360,6.9980919999999855,,
2025-12-17T11:54:32.149Z,0.022,2,1000,640x360,7.025642000000005,,rebuffer happen
2025-12-17T11:54:32.579Z,0.22,2,1000,640x360,7.140062999999998,,
2025-12-17T11:54:32.783Z,0.028,2,1000,640x360,7.125589999999988,,rebuffer happen
2025-12-17T11:54:33.163Z,0.227,2,1000,640x360,7.2136540000000196,,
2025-12-17T11:54:33.239Z,0.216,3,1500,768x432,7.13797500000004,,
2025-12-17T11:54:33.349Z,0.031,3,1500,768x432,7.235969000000011,,rebuffer happen
2025-12-17T11:54:33.964Z,0.031,3,1500,768x432,7.832969000000048,,
2025-12-17T11:54:34.035Z,0.531,2,1000,640x360,7.776765000000012,,
2025-12-17T11:54:34.330Z,0.268,2,1000,640x360,7.697445000000016,,rebuffer happen
2025-12-17T11:54:34.463Z,0.269,2,1000,640x360,7.698191000000008,,rebuffer happen
2025-12-17T11:54:34.507Z,0.334,2,1000,640x360,7.631169999999997,,
2025-12-17T11:54:34.537Z,0.291,1,600,480x270,7.587193000000013,,rebuffer happen
2025-12-17T11:54:34.579Z,0.291,1,600,480x270,7.632593999999983,,
2025-12-17T11:54:34.774Z,0.473,1,600,480x270,7.5909130000000005,,
2025-12-17T11:54:34.858Z,0.494,2,1000,640x360,7.613760999999954,,
2025-12-17T11:54:34.953Z,0.286,2,1000,640x360,7.582364999999982,,rebuffer happen
2025-12-17T11:54:35.351Z,0.022,2,1000,640x360,7.459389999999985,,rebuffer happen
2025-12-17T11:54:35.385Z,0.029,2,1000,640x360,7.433245999999997,,rebuffer happen
2025-12-17T11:54:35.435Z,0.028,2,1000,640x360,7.398717000000033,,rebuffer happen
2025-12-17T11:54:35.485Z,0.055,2,1000,640x360,7.451082999999983,,rebuffer happen
2025-12-17T11:54:35.601Z,0.017,2,1000,640x360,7.45447999999999,,rebuffer happen
2025-12-17T11:54:35.603Z,0.017,2,1000,640x360,7.45447999999999,,
2025-12-17T11:54:35.635Z,0.021,3,1500,768x432,7.425418999999977,,rebuffer happen
2025-12-17T11:54:35.683Z,0.021,3,1500,768x432,7.519418999999971,,
2025-12-17T11:54:36.272Z,0.021,3,1500,768x432,8.128419000000008,,
2025-12-17T11:54:36.343Z,0.521,2,1000,640x360,8.071604000000036,,
2025-12-17T11:54:36.714Z,0.424,2,1000,640x360,7.937858000000006,,
2025-12-17T11:54:36.859Z,0.291,2,1000,640x360,7.924030000000016,,rebuffer happen
2025-12-17T11:54:37.201Z,0.329,2,1000,640x360,7.842158999999981,,
2025-12-17T11:54:37.274Z,0.31,3,1500,768x432,7.8362129999999866,,
2025-12-17T11:54:37.275Z,0.232,3,1500,768x432,7.835059000000001,,rebuffer happen
2025-12-17T11:54:37.403Z,0.041,3,1500,768x432,7.737982999999986,,rebuffer happen
2025-12-17T11:54:37.942Z,0.041,3,1500,768x432,8.338982999999985,,
2025-12-17T11:54:38.025Z,0.541,2,1000,640x360,8.271503999999993,,
2025-12-17T11:54:38.425Z,0.466,2,1000,640x360,8.167818999999952,,
2025-12-17T11:54:38.494Z,0.407,1,600,480x270,8.174517000000037,,
2025-12-17T11:54:38.560Z,0.269,1,600,480x270,8.164597000000015,,rebuffer happen
2025-12-17T11:54:38.767Z,0.484,1,600,480x270,8.105727000000002,,
2025-12-17T11:54:38.840Z,0.5,2,1000,640x360,7.996481000000017,,
2025-12-17T11:54:38.938Z,0.246,2,1000,640x360,7.942545999999993,,rebuffer happen
2025-12-17T11:54:39.347Z,0.302,2,1000,640x360,8.001101000000006,,
2025-12-17T11:54:39.417Z,0.305,3,1500,768x432,7.931248000000039,,
2025-12-17T11:54:39.417Z,0.234,3,1500,768x432,7.930497000000003,,rebuffer happen
2025-12-17T11:54:39.622Z,0.031,3,1500,768x432,7.926868000000013,,rebuffer happen
2025-12-17T11:54:40.043Z,0.031,3,1500,768x432,8.428868000000023,,
2025-12-17T11:54:40.115Z,0.531,2,1000,640x360,8.370983000000024,,
2025-12-17T11:54:40.534Z,0.39,2,1000,640x360,8.167575,,
2025-12-17T11:54:40.600Z,0.364,1,600,480x270,8.161588999999992,,
2025-12-17T11:54:40.601Z,0.264,1,600,480x270,8.160470000000032,,rebuffer happen
2025-12-17T11:54:40.863Z,0.459,1,600,480x270,8.170947000000012,,
2025-12-17T11:54:40.945Z,0.472,3,1500,768x432,8.088731999999993,,
2025-12-17T11:54:41.113Z,0.138,3,1500,768x432,8.035202999999967,,rebuffer happen
2025-12-17T11:54:41.173Z,0.05,3,1500,768x432,8.056640000000016,,rebuffer happen
2025-12-17T11:54:41.515Z,0.05,3,1500,768x432,8.345640000000003,,
2025-12-17T11:54:41.599Z,0.55,1,600,480x270,8.376631000000032,,
2025-12-17T11:54:41.841Z,0.676,1,600,480x270,8.372631000000013,,
2025-12-17T11:54:41.911Z,0.675,2,1000,640x360,8.26830000000001,,
2025-12-17T11:54:42.229Z,0.294,2,1000,640x360,8.100093999999956,,rebuffer happen
2025-12-17T11:54:42.414Z,0.327,2,1000,640x360,8.020684999999958,,
2025-12-17T11:54:42.489Z,0.204,2,1000,640x360,8.000337000000002,,rebuffer happen
2025-12-17T11:54:42.895Z,0.267,2,1000,640x360,7.977281000000005,,
2025-12-17T11:54:42.971Z,0.255,3,1500,768x432,7.993911999999966,,
2025-12-17T11:54:43.142Z,0.028,3,1500,768x432,8.024939000000018,,rebuffer happen
2025-12-17T11:54:43.673Z,0.028,3,1500,768x432,8.524939000000018,,
2025-12-17T11:54:43.740Z,0.528,2,1000,640x360,8.47255899999999,,
2025-12-17T11:54:44.123Z,0.525,2,1000,640x360,8.423460000000034,,
2025-12-17T11:54:44.507Z,0.442,2,1000,640x360,8.23362800000001,,
2025-12-17T11:54:44.581Z,0.437,3,1500,768x432,8.225594999999998,,
2025-12-17T11:54:44.711Z,0.162,3,1500,768x432,8.161542999999995,,rebuffer happen
2025-12-17T11:54:44.843Z,0.024,3,1500,768x432,8.222088999999983,,rebuffer happen
2025-12-17T11:54:45.122Z,0.024,3,1500,768x432,8.422089000000028,,
2025-12-17T11:54:45.188Z,0.524,2,1000,640x360,8.470174999999983,,
2025-12-17T11:54:45.617Z,0.46,2,1000,640x360,8.330740999999989,,
2025-12-17T11:54:45.797Z,0.245,2,1000,640x360,8.351809000000003,,rebuffer happen
2025-12-17T11:54:46.074Z,0.337,2,1000,640x360,8.231213999999966,,
2025-12-17T11:54:46.160Z,0.2,2,1000,640x360,8.195562999999993,,rebuffer happen
2025-12-17T11:54:46.482Z,0.343,2,1000,640x360,8.149122999999975,,
2025-12-17T11:54:46.520Z,0.292,2,1000,640x360,8.092992999999979,,rebuffer happen
2025-12-17T11:54:47.003Z,0.248,2,1000,640x360,8.042683000000011,,
2025-12-17T11:54:47.072Z,0.242,3,1500,768x432,8.069871999999975,,
2025-12-17T11:54:47.228Z,0.018,3,1500,768x432,8.027149000000009,,rebuffer happen
2025-12-17T11:54:47.633Z,0.018,3,1500,768x432,8.416149000000019,,
2025-12-17T11:54:47.709Z,0.518,2,1000,640x360,8.453491000000042,,
2025-12-17T11:54:47.869Z,0.276,2,1000,640x360,8.439020000000028,,rebuffer happen
2025-12-17T11:54:48.118Z,0.366,2,1000,640x360,8.267592000000036,,
2025-12-17T11:54:48.280Z,0.161,2,1000,640x360,8.224722999999983,,rebuffer happen
2025-12-17T11:54:48.539Z,0.36,2,1000,640x360,8.163701000000003,,
2025-12-17T11:54:48.694Z,0.158,2,1000,640x360,8.156552000000033,,rebuffer happen
2025-12-17T11:54:48.950Z,0.326,2,1000,640x360,8.136801000000048,,
2025-12-17T11:54:49.052Z,0.239,2,1000,640x360,8.14562699999999,,rebuffer happen
2025-12-17T11:54:49.373Z,0.379,2,1000,640x360,8.096068000000002,,
2025-12-17T11:54:49.535Z,0.186,2,1000,640x360,7.948878999999977,,rebuffer happen
2025-12-17T11:54:49.804Z,0.343,2,1000,640x360,7.9508559999999875,,
2025-12-17T11:54:49.892Z,0.215,2,1000,640x360,7.9170970000000125,,rebuffer happen
2025-12-17T11:54:50.127Z,0.359,2,1000,640x360,7.764810000000011,,
2025-12-17T11:54:50.288Z,0.155,2,1000,640x360,7.717441000000008,,rebuffer happen
2025-12-17T11:54:50.538Z,0.29,2,1000,640x360,7.601859999999988,,
2025-12-17T11:54:50.681Z,0.197,2,1000,640x360,7.660415,,rebuffer happen
2025-12-17T11:54:50.890Z,0.283,2,1000,640x360,7.547867999999994,,rebuffer happen
2025-12-17T11:54:50.913Z,0.309,2,1000,640x360,7.512542999999994,,
2025-12-17T11:54:50.941Z,0.273,3,1500,768x432,7.568569999999966,,rebuffer happen
2025-12-17T11:54:50.979Z,0.273,3,1500,768x432,7.511665999999991,,
2025-12-17T11:54:51.098Z,0.039,3,1500,768x432,7.437776999999983,,rebuffer happen
2025-12-17T11:54:51.573Z,0.039,3,1500,768x432,7.937776999999983,,
2025-12-17T11:54:51.655Z,0.463,1,600,480x270,7.94565300000005,,
2025-12-17T11:54:52.007Z,0.554,1,600,480x270,7.864970999999969,,
2025-12-17T11:54:52.089Z,0.559,3,1500,768x432,7.836964000000023,,
2025-12-17T11:54:52.348Z,0.048,3,1500,768x432,7.7453160000000025,,rebuffer happen
2025-12-17T11:54:52.349Z,0.048,3,1500,768x432,7.7448909999999955,,rebuffer happen
2025-12-17T11:54:52.791Z,0.048,3,1500,768x432,8.150891000000001,,
2025-12-17T11:54:52.868Z,0.548,2,1000,640x360,8.181928000000028,,
2025-12-17T11:54:53.069Z,0.195,2,1000,640x360,8.095151999999985,,rebuffer happen
2025-12-17T11:54:53.272Z,0.398,2,1000,640x360,7.990835000000004,,
2025-12-17T11:54:53.415Z,0.176,2,1000,640x360,7.873766999999987,,rebuffer happen
2025-12-17T11:54:53.778Z,0.291,2,1000,640x360,7.903782999999976,,
2025-12-17T11:54:53.792Z,0.291,3,1500,768x432,7.890117999999973,,rebuffer happen
2025-12-17T11:54:53.853Z,0.291,3,1500,768x432,7.799388999999962,,
2025-12-17T11:54:53.983Z,0.023,3,1500,768x432,7.825824000000011,,rebuffer happen
2025-12-17T11:54:54.475Z,0.023,3,1500,768x432,8.323824000000002,,
2025-12-17T11:54:54.551Z,0.501,2,1000,640x360,8.334220000000016,,
2025-12-17T11:54:54.694Z,0.274,2,1000,640x360,8.245395999999971,,rebuffer happen
2025-12-17T11:54:54.975Z,0.378,2,1000,640x360,8.164078999999958,,
2025-12-17T11:54:55.037Z,0.272,2,1000,640x360,8.071012999999994,,rebuffer happen
2025-12-17T11:54:55.417Z,0.285,2,1000,640x360,8.00293499999998,,
2025-12-17T11:54:55.485Z,0.298,3,1500,768x432,8.027109999999993,,
2025-12-17T11:54:55.651Z,0.065,3,1500,768x432,8.064159000000018,,rebuffer happen
2025-12-17T11:54:56.039Z,0.065,3,1500,768x432,8.364158999999972,,
2025-12-17T11:54:56.114Z,0.565,2,1000,640x360,8.400603999999987,,
2025-12-17T11:54:56.536Z,0.392,2,1000,640x360,8.210014000000001,,
2025-12-17T11:54:56.611Z,0.41,1,600,480x270,8.206277999999998,,
2025-12-17T11:54:56.612Z,0.296,1,600,480x270,8.205164999999965,,rebuffer happen
2025-12-17T11:54:56.886Z,0.49,1,600,480x270,8.200267999999994,,
2025-12-17T11:54:56.967Z,0.497,3,1500,768x432,8.211825999999974,,
2025-12-17T11:54:57.219Z,0.041,3,1500,768x432,8.042088999999976,,rebuffer happen
2025-12-17T11:54:57.220Z,0.041,3,1500,768x432,8.042088999999976,,rebuffer happen
2025-12-17T11:54:57.613Z,0.041,3,1500,768x432,8.446088999999972,,
2025-12-17T11:54:57.686Z,0.541,1,600,480x270,8.48461500000002,,
2025-12-17T11:54:57.923Z,0.664,1,600,480x270,8.37115799999998,,
2025-12-17T11:54:57.999Z,0.668,2,1000,640x360,8.352325000000008,,
2025-12-17T11:54:58.407Z,0.467,2,1000,640x360,8.143839000000014,,
2025-12-17T11:54:58.482Z,0.443,1,600,480x270,8.140385000000038,,
2025-12-17T11:54:58.537Z,0.249,1,600,480x270,8.058272000000045,,rebuffer happen
2025-12-17T11:54:58.737Z,0.48,1,600,480x270,7.994424999999978,,
2025-12-17T11:54:58.809Z,0.496,3,1500,768x432,8.037559999999985,,
2025-12-17T11:54:59.066Z,0.047,3,1500,768x432,7.950216000000012,,rebuffer happen
2025-12-17T11:54:59.071Z,0.041,3,1500,768x432,7.943754000000013,,rebuffer happen
2025-12-17T11:54:59.463Z,0.041,3,1500,768x432,8.33975399999997,,
2025-12-17T11:54:59.544Z,0.541,1,600,480x270,8.27388499999995,,
2025-12-17T11:54:59.788Z,0.698,1,600,480x270,8.318164000000024,,
2025-12-17T11:54:59.856Z,0.722,3,1500,768x432,8.361053999999967,,
2025-12-17T11:55:00.142Z,0.241,3,1500,768x432,8.238699999999994,,rebuffer happen
2025-12-17T11:55:00.289Z,0.022,3,1500,768x432,8.119779999999992,,rebuffer happen
2025-12-17T11:55:00.496Z,0.022,3,1500,768x432,8.324779999999976,,
2025-12-17T11:55:00.573Z,0.47,1,600,480x270,8.353836999999999,,
2025-12-17T11:55:00.829Z,0.589,1,600,480x270,8.189159000000018,,
2025-12-17T11:55:01.082Z,0.704,1,600,480x270,8.111028000000033,,
2025-12-17T11:55:01.151Z,0.709,2,1000,640x360,8.102913999999998,,
2025-12-17T11:55:01.620Z,0.413,2,1000,640x360,7.79970000000003,,
2025-12-17T11:55:01.980Z,0.471,2,1000,640x360,7.754101999999989,,
2025-12-17T11:55:02.358Z,0.399,2,1000,640x360,7.590040999999985,,
2025-12-17T11:55:02.422Z,0.295,2,1000,640x360,7.495389999999986,,rebuffer happen
2025-12-17T11:55:02.764Z,0.353,2,1000,640x360,7.460597999999948,,
2025-12-17T11:55:02.905Z,0.148,2,1000,640x360,7.346177999999952,,rebuffer happen
2025-12-17T11:55:03.215Z,0.286,2,1000,640x360,7.327034999999967,,rebuffer happen
2025-12-17T11:55:03.241Z,0.286,2,1000,640x360,7.3753019999999765,,
2025-12-17T11:55:03.637Z,0.298,2,1000,640x360,7.265066999999988,,rebuffer happen
2025-12-17T11:55:03.675Z,0.304,2,1000,640x360,7.319016999999974,,
2025-12-17T11:55:03.741Z,0.318,3,1500,768x432,7.259923999999955,,
2025-12-17T11:55:03.742Z,0.258,3,1500,768x432,7.355255,,rebuffer happen
2025-12-17T11:55:03.891Z,0.034,3,1500,768x432,7.231213000000025,,rebuffer happen
2025-12-17T11:55:04.424Z,0.034,3,1500,768x432,7.732213000000002,,
2025-12-17T11:55:04.504Z,0.534,1,600,480x270,7.7686330000000225,,
2025-12-17T11:55:04.779Z,0.643,1,600,480x270,7.756607000000031,,
2025-12-17T11:55:04.849Z,0.66,2,1000,640x360,7.652545000000032,,
2025-12-17T11:55:05.292Z,0.418,2,1000,640x360,7.48992800000002,,
2025-12-17T11:55:05.366Z,0.391,3,1500,768x432,7.490657999999996,,
2025-12-17T11:55:05.367Z,0.279,3,1500,768x432,7.489400999999987,,rebuffer happen
2025-12-17T11:55:05.560Z,0.058,3,1500,768x432,7.465771000000018,,rebuffer happen
2025-12-17T11:55:06.017Z,0.058,3,1500,768x432,7.856770999999981,,
2025-12-17T11:55:06.095Z,0.504,2,1000,640x360,7.886820999999998,,
2025-12-17T11:55:06.260Z,0.273,2,1000,640x360,7.849675999999988,,rebuffer happen
2025-12-17T11:55:06.517Z,0.288,2,1000,640x360,7.650734999999997,,rebuffer happen
2025-12-17T11:55:06.566Z,0.292,2,1000,640x360,7.6775160000000255,,
2025-12-17T11:55:06.639Z,0.211,3,1500,768x432,7.580232000000024,,
2025-12-17T11:55:06.811Z,0.029,3,1500,768x432,7.636625999999978,,rebuffer happen
2025-12-17T11:55:07.207Z,0.029,3,1500,768x432,8.024625999999955,,
2025-12-17T11:55:07.278Z,0.495,2,1000,640x360,8.059296000000018,,
2025-12-17T11:55:07.443Z,0.278,2,1000,640x360,8.009705999999994,,rebuffer happen
2025-12-17T11:55:07.701Z,0.35,2,1000,640x360,7.845445000000041,,
2025-12-17T11:55:07.778Z,0.348,3,1500,768x432,7.874887000000001,,
2025-12-17T11:55:07.779Z,0.278,3,1500,768x432,7.874119000000007,,rebuffer happen
2025-12-17T11:55:08.045Z,0.021,3,1500,768x432,7.921232999999972,,rebuffer happen
2025-12-17T11:55:08.519Z,0.021,3,1500,768x432,8.31823300000002,,
2025-12-17T11:55:08.591Z,0.474,2,1000,640x360,8.357927000000018,,
2025-12-17T11:55:08.735Z,0.287,2,1000,640x360,8.283794,,rebuffer happen
2025-12-17T11:55:09.035Z,0.362,2,1000,640x360,8.13247899999999,,
2025-12-17T11:55:09.107Z,0.335,3,1500,768x432,8.132206999999994,,
2025-12-17T11:55:09.108Z,0.228,3,1500,768x432,8.131083000000046,,rebuffer happen
2025-12-17T11:55:09.313Z,0.024,3,1500,768x432,8.129605999999967,,rebuffer happen
2025-12-17T11:55:09.686Z,0.024,3,1500,768x432,8.520605999999987,,
2025-12-17T11:55:09.762Z,0.524,2,1000,640x360,8.569463000000042,,
2025-12-17T11:55:09.927Z,0.299,2,1000,640x360,8.466310000000021,,rebuffer happen
2025-12-17T11:55:10.186Z,0.373,2,1000,640x360,8.372890999999981,,
2025-12-17T11:55:10.375Z,0.094,2,1000,640x360,8.292953000000011,,rebuffer happen
2025-12-17T11:55:10.595Z,0.261,2,1000,640x360,8.174969000000033,,
2025-12-17T11:55:10.666Z,0.239,3,1500,768x432,8.199857000000009,,
2025-12-17T11:55:10.864Z,0.026,3,1500,768x432,8.22409799999997,,rebuffer happen
2025-12-17T11:55:11.583Z,0.026,3,1500,768x432,8.924098000000015,,
2025-12-17T11:55:11.665Z,0.462,2,1000,640x360,8.96443899999997,,
2025-12-17T11:55:11.793Z,0.297,2,1000,640x360,8.866196000000002,,rebuffer happen
2025-12-17T11:55:11.926Z,0.297,2,1000,640x360,8.760964999999999,,rebuffer happen
2025-12-17T11:55:11.995Z,0.293,2,1000,640x360,8.756031000000007,,rebuffer happen
2025-12-17T11:55:12.106Z,0.305,2,1000,640x360,8.689572999999996,,
2025-12-17T11:55:12.107Z,0.293,2,1000,640x360,8.688534000000004,,rebuffer happen
2025-12-17T11:55:12.488Z,0.363,2,1000,640x360,8.656732000000034,,
2025-12-17T11:55:12.637Z,0.162,2,1000,640x360,8.527222999999992,,rebuffer happen
2025-12-17T11:55:12.890Z,0.37,2,1000,640x360,8.582321999999976,,
2025-12-17T11:55:12.975Z,0.372,3,1500,768x432,8.590900999999974,,
2025-12-17T11:55:12.976Z,0.286,3,1500,768x432,8.590126999999995,,rebuffer happen
2025-12-17T11:55:13.232Z,0.03,3,1500,768x432,8.529138000000046,,rebuffer happen
2025-12-17T11:55:13.677Z,0.03,3,1500,768x432,9.035138000000018,,
2025-12-17T11:55:13.758Z,0.53,2,1000,640x360,9.065903000000048,,
2025-12-17T11:55:13.928Z,0.278,2,1000,640x360,8.90981099999999,,rebuffer happen
2025-12-17T11:55:14.238Z,0.332,2,1000,640x360,8.827711000000022,,
2025-12-17T11:55:14.289Z,0.248,1,600,480x270,8.845821999999998,,rebuffer happen
2025-12-17T11:55:14.316Z,0.248,1,600,480x270,8.805342999999993,,
2025-12-17T11:55:14.554Z,0.292,1,600,480x270,8.75419800000003,,rebuffer happen
2025-12-17T11:55:14.584Z,0.309,1,600,480x270,8.708964000000037,,
2025-12-17T11:55:14.658Z,0.312,2,1000,640x360,8.704122999999981,,
2025-12-17T11:55:14.659Z,0.201,2,1000,640x360,8.703047000000026,,rebuffer happen
2025-12-17T11:55:15.107Z,0.257,2,1000,640x360,8.670276999999999,,
2025-12-17T11:55:15.549Z,0.324,2,1000,640x360,8.73137399999996,,
2025-12-17T11:55:15.615Z,0.261,3,1500,768x432,8.666413999999975,,rebuffer happen
2025-12-17T11:55:15.625Z,0.261,3,1500,768x432,8.655025999999964,,
2025-12-17T11:55:15.868Z,0.029,3,1500,768x432,8.732579999999984,,rebuffer happen
2025-12-17T11:55:16.284Z,0.029,3,1500,768x432,9.135580000000004,,
2025-12-17T11:55:16.357Z,0.491,2,1000,640x360,9.158934999999985,,
2025-12-17T11:55:16.666Z,0.299,2,1000,640x360,8.996865000000014,,rebuffer happen
2025-12-17T11:55:16.692Z,0.294,2,1000,640x360,8.95878399999998,,rebuffer happen
2025-12-17T11:55:16.809Z,0.312,2,1000,640x360,8.880066,,
2025-12-17T11:55:16.810Z,0.283,2,1000,640x360,8.879057999999986,,rebuffer happen
2025-12-17T11:55:16.886Z,0.283,3,1500,768x432,8.868673000000001,,
2025-12-17T11:55:17.002Z,0.028,3,1500,768x432,8.83647400000001,,rebuffer happen
2025-12-17T11:55:17.551Z,0.028,3,1500,768x432,9.424474000000032,,
2025-12-17T11:55:17.622Z,0.528,2,1000,640x360,9.367570999999998,,
2025-12-17T11:55:18.035Z,0.492,2,1000,640x360,9.25143399999996,,
2025-12-17T11:55:18.105Z,0.409,3,1500,768x432,9.24726499999997,,
2025-12-17T11:55:18.149Z,0.279,3,1500,768x432,9.274631999999997,,rebuffer happen
2025-12-17T11:55:18.303Z,0.048,3,1500,768x432,9.152117999999973,,rebuffer happen
2025-12-17T11:55:18.637Z,0.048,3,1500,768x432,9.450117999999975,,
2025-12-17T11:55:18.714Z,0.548,1,600,480x270,9.489227000000028,,
2025-12-17T11:55:18.958Z,0.692,1,600,480x270,9.503555000000006,,
2025-12-17T11:55:19.025Z,0.695,2,1000,640x360,9.403032999999994,,
2025-12-17T11:55:19.438Z,0.46,2,1000,640x360,9.17389099999997,,
2025-12-17T11:55:19.509Z,0.475,1,600,480x270,9.174712,,
2025-12-17T11:55:19.608Z,0.22,1,600,480x270,9.121106999999995,,rebuffer happen
2025-12-17T11:55:19.763Z,0.505,1,600,480x270,9.167282,,
2025-12-17T11:55:19.840Z,0.562,3,1500,768x432,9.098002000000008,,
2025-12-17T11:55:20.163Z,0.047,3,1500,768x432,9.045689000000039,,rebuffer happen
2025-12-17T11:55:20.171Z,0.034,3,1500,768x432,9.033357000000024,,rebuffer happen
2025-12-17T11:55:20.477Z,0.034,3,1500,768x432,9.338356999999974,,
2025-12-17T11:55:20.552Z,0.534,1,600,480x270,9.369741000000033,,
2025-12-17T11:55:20.845Z,0.603,1,600,480x270,9.317658000000051,,
2025-12-17T11:55:20.912Z,0.62,2,1000,640x360,9.217111000000045,,
2025-12-17T11:55:21.072Z,0.282,2,1000,640x360,9.177926000000014,,rebuffer happen
2025-12-17T11:55:21.480Z,0.293,2,1000,640x360,9.092438000000016,,
2025-12-17T11:55:21.553Z,0.287,3,1500,768x432,9.019841000000042,,
2025-12-17T11:55:21.756Z,0.03,3,1500,768x432,9.128694999999993,,rebuffer happen
2025-12-17T11:55:22.302Z,0.03,3,1500,768x432,9.625695000000007,,
2025-12-17T11:55:22.378Z,0.53,2,1000,640x360,9.676332000000002,,
2025-12-17T11:55:22.814Z,0.476,2,1000,640x360,9.581372999999985,,
2025-12-17T11:55:22.894Z,0.406,3,1500,768x432,9.573904000000027,,
2025-12-17T11:55:23.082Z,0.085,3,1500,768x432,9.494879000000026,,rebuffer happen
2025-12-17T11:55:23.107Z,0.047,3,1500,768x432,9.45701200000002,,rebuffer happen
2025-12-17T11:55:23.533Z,0.047,3,1500,768x432,9.84401200000002,,
2025-12-17T11:55:23.609Z,0.511,1,600,480x270,9.866779000000008,,
2025-12-17T11:55:23.874Z,0.687,1,600,480x270,9.902778000000012,,
2025-12-17T11:55:23.952Z,0.622,2,1000,640x360,9.902329000000009,,
2025-12-17T11:55:24.386Z,0.465,2,1000,640x360,9.649788000000001,,
2025-12-17T11:55:24.567Z,0.25,2,1000,640x360,9.585565999999972,,rebuffer happen
2025-12-17T11:55:24.686Z,0.288,2,1000,640x360,9.520032000000015,,rebuffer happen
2025-12-17T11:55:24.706Z,0.291,2,1000,640x360,9.48969900000003,,rebuffer happen
2025-12-17T11:55:24.835Z,0.309,2,1000,640x360,9.394233999999983,,
2025-12-17T11:55:24.835Z,0.297,2,1000,640x360,9.393871999999988,,rebuffer happen
2025-12-17T11:55:24.905Z,0.297,3,1500,768x432,9.395002999999974,,
2025-12-17T11:55:25.042Z,0.022,3,1500,768x432,9.420394000000044,,rebuffer happen
2025-12-17T11:55:25.517Z,0.022,3,1500,768x432,9.820394000000022,,
2025-12-17T11:55:25.591Z,0.473,2,1000,640x360,9.853835000000004,,
2025-12-17T11:55:26.016Z,0.415,2,1000,640x360,9.689761999999973,,
2025-12-17T11:55:26.088Z,0.39,3,1500,768x432,9.680067000000008,,
2025-12-17T11:55:26.089Z,0.281,3,1500,768x432,9.678998000000036,,rebuffer happen
2025-12-17T11:55:26.343Z,0.021,3,1500,768x432,9.716694000000018,,rebuffer happen
2025-12-17T11:55:26.677Z,0.021,3,1500,768x432,10.019694000000015,,
2025-12-17T11:55:26.757Z,0.521,2,1000,640x360,10.057522000000006,,
2025-12-17T11:55:26.942Z,0.272,2,1000,640x360,10.035630000000026,,rebuffer happen
2025-12-17T11:55:27.062Z,0.291,2,1000,640x360,9.954361000000006,,rebuffer happen
2025-12-17T11:55:27.211Z,0.332,2,1000,640x360,9.830886999999962,,
2025-12-17T11:55:27.375Z,0.121,2,1000,640x360,9.78478899999999,,rebuffer happen
2025-12-17T11:55:27.711Z,0.26,2,1000,640x360,9.751596000000006,,
2025-12-17T11:55:27.789Z,0.242,3,1500,768x432,9.76688299999995,,
2025-12-17T11:55:27.928Z,0.026,3,1500,768x432,9.737157000000025,,rebuffer happen
2025-12-17T11:55:28.509Z,0.026,3,1500,768x432,10.327157,,
2025-12-17T11:55:28.583Z,0.526,2,1000,640x360,10.368382999999994,,
2025-12-17T11:55:28.868Z,0.289,2,1000,640x360,10.324907999999994,,rebuffer happen
2025-12-17T11:55:29.083Z,0.351,2,1000,640x360,10.243640000000028,,
2025-12-17T11:55:29.160Z,0.344,3,1500,768x432,10.27081099999998,,
2025-12-17T11:55:29.160Z,0.267,3,1500,768x432,10.27007900000001,,rebuffer happen
2025-12-17T11:55:29.396Z,0.032,3,1500,768x432,10.233189000000039,,rebuffer happen
2025-12-17T11:55:29.721Z,0.032,3,1500,768x432,10.528188999999998,,
2025-12-17T11:55:29.797Z,0.532,2,1000,640x360,10.572090000000003,,
2025-12-17T11:55:30.218Z,0.431,2,1000,640x360,10.421335999999997,,
2025-12-17T11:55:30.398Z,0.255,2,1000,640x360,10.352779999999996,,rebuffer happen
2025-12-17T11:55:30.723Z,0.271,2,1000,640x360,10.313583999999992,,rebuffer happen
2025-12-17T11:55:30.730Z,0.271,2,1000,640x360,10.303237000000024,,
2025-12-17T11:55:30.805Z,0.292,1,600,480x270,10.284677999999985,,
2025-12-17T11:55:31.037Z,0.42,1,600,480x270,10.248309000000006,,
2025-12-17T11:55:31.101Z,0.442,2,1000,640x360,10.276550999999984,,
2025-12-17T11:55:31.257Z,0.182,2,1000,640x360,10.284692000000007,,rebuffer happen
2025-12-17T11:55:31.462Z,0.357,2,1000,640x360,10.176945999999987,,
2025-12-17T11:55:31.526Z,0.277,2,1000,640x360,10.081429999999955,,rebuffer happen
2025-12-17T11:55:31.842Z,0.443,2,1000,640x360,10.140630999999985,,
2025-12-17T11:55:32.054Z,0.125,2,1000,640x360,10.02651800000001,,rebuffer happen
2025-12-17T11:55:32.115Z,0.034,2,1000,640x360,9.936241999999993,,rebuffer happen
2025-12-17T11:55:32.241Z,0.425,2,1000,640x360,10.035167000000001,,
2025-12-17T11:55:32.315Z,0.424,3,1500,768x432,9.933488999999952,,
2025-12-17T11:55:32.381Z,0.239,3,1500,768x432,9.935529000000031,,rebuffer happen
2025-12-17T11:55:32.515Z,0.038,3,1500,768x432,9.836035999999979,,rebuffer happen
2025-12-17T11:55:33.416Z,0.038,3,1500,768x432,10.73703599999999,,
2025-12-17T11:55:33.494Z,0.538,2,1000,640x360,10.780587000000025,,
2025-12-17T11:55:33.713Z,0.222,2,1000,640x360,10.727347000000009,,rebuffer happen
2025-12-17T11:55:34.067Z,0.325,2,1000,640x360,10.704985999999963,,
2025-12-17T11:55:34.098Z,0.259,2,1000,640x360,10.658883000000003,,rebuffer happen
2025-12-17T11:55:34.267Z,0.04,2,1000,640x360,10.607780999999989,,rebuffer happen
2025-12-17T11:55:34.549Z,0.252,2,1000,640x360,10.667119000000014,,
2025-12-17T11:55:34.629Z,0.262,3,1500,768x432,10.586869999999976,,
2025-12-17T11:55:34.800Z,0.024,3,1500,768x432,10.622233999999992,,rebuffer happen
2025-12-17T11:55:35.322Z,0.024,3,1500,768x432,11.123233999999968,,
2025-12-17T11:55:35.393Z,0.524,2,1000,640x360,11.173914000000025,,
2025-12-17T11:55:35.582Z,0.285,2,1000,640x360,11.158321999999998,,rebuffer happen
2025-12-17T11:55:35.644Z,0.292,2,1000,640x360,11.158510999999976,,rebuffer happen
2025-12-17T11:55:35.853Z,0.433,2,1000,640x360,11.160856999999965,,
2025-12-17T11:55:36.011Z,0.255,2,1000,640x360,11.019802000000027,,rebuffer happen
2025-12-17T11:55:36.224Z,0.29,2,1000,640x360,10.954661999999985,,rebuffer happen
2025-12-17T11:55:36.367Z,0.252,2,1000,640x360,10.947615999999982,,
2025-12-17T11:55:36.840Z,0.233,2,1000,640x360,10.884400000000028,,
2025-12-17T11:55:36.922Z,0.281,3,1500,768x432,10.903885000000002,,
2025-12-17T11:55:37.085Z,0.045,3,1500,768x432,10.949632999999949,,rebuffer happen
2025-12-17T11:55:37.460Z,0.045,3,1500,768x432,11.343632999999954,,
2025-12-17T11:55:37.532Z,0.545,2,1000,640x360,11.286365999999987,,
2025-12-17T11:55:37.991Z,0.378,2,1000,640x360,11.144688999999971,,
2025-12-17T11:55:38.144Z,0.152,2,1000,640x360,11.117664000000048,,rebuffer happen
2025-12-17T11:55:38.413Z,0.301,2,1000,640x360,11.033536000000026,,
2025-12-17T11:55:38.482Z,0.332,3,1500,768x432,11.038009000000045,,
2025-12-17T11:55:38.482Z,0.228,3,1500,768x432,11.03693000000004,,rebuffer happen
2025-12-17T11:55:38.603Z,0.047,3,1500,768x432,10.951176999999973,,rebuffer happen
2025-12-17T11:55:39.143Z,0.047,3,1500,768x432,11.545176999999967,,
2025-12-17T11:55:39.216Z,0.547,2,1000,640x360,11.488251999999989,,
2025-12-17T11:55:39.677Z,0.389,2,1000,640x360,11.422844999999995,,
2025-12-17T11:55:39.855Z,0.179,2,1000,640x360,11.342322000000024,,rebuffer happen
2025-12-17T11:55:40.173Z,0.282,2,1000,640x360,11.287817000000018,,
2025-12-17T11:55:40.242Z,0.253,3,1500,768x432,11.314863000000003,,
2025-12-17T11:55:40.438Z,0.023,3,1500,768x432,11.21990599999998,,rebuffer happen
2025-12-17T11:55:40.852Z,0.023,3,1500,768x432,11.720905999999957,,
2025-12-17T11:55:40.930Z,0.523,2,1000,640x360,11.658495999999957,,
2025-12-17T11:55:41.102Z,0.237,2,1000,640x360,11.599253000000033,,rebuffer happen
2025-12-17T11:55:41.222Z,0.291,2,1000,640x360,11.521893999999975,,rebuffer happen
2025-12-17T11:55:41.339Z,0.331,2,1000,640x360,11.446620999999993,,
2025-12-17T11:55:41.412Z,0.347,1,600,480x270,11.434880000000021,,
2025-12-17T11:55:41.413Z,0.238,1,600,480x270,11.433746000000042,,rebuffer happen
2025-12-17T11:55:41.646Z,0.419,1,600,480x270,11.466080000000034,,
2025-12-17T11:55:41.902Z,0.637,1,600,480x270,11.334385000000054,,
2025-12-17T11:55:41.974Z,0.637,2,1000,640x360,11.334081999999967,,
2025-12-17T11:55:42.231Z,0.179,2,1000,640x360,11.149832000000004,,rebuffer happen
2025-12-17T11:55:42.353Z,0.293,2,1000,640x360,11.188783,,rebuffer happen
2025-12-17T11:55:42.493Z,0.377,2,1000,640x360,11.157277999999963,,
2025-12-17T11:55:42.558Z,0.288,3,1500,768x432,11.186766999999975,,rebuffer happen
2025-12-17T11:55:42.570Z,0.288,3,1500,768x432,11.169629999999984,,
2025-12-17T11:55:42.740Z,0.064,3,1500,768x432,11.159752000000026,,rebuffer happen
2025-12-17T11:55:43.223Z,0.064,3,1500,768x432,11.559752000000003,,
2025-12-17T11:55:43.300Z,0.527,2,1000,640x360,11.583280000000002,,
2025-12-17T11:55:43.445Z,0.27,2,1000,640x360,11.571480000000008,,rebuffer happen
2025-12-17T11:55:43.746Z,0.383,2,1000,640x360,11.528932999999995,,
2025-12-17T11:55:44.024Z,0.048,2,1000,640x360,11.34838400000001,,rebuffer happen
2025-12-17T11:55:44.025Z,0.048,2,1000,640x360,11.34838400000001,,rebuffer happen
2025-12-17T11:55:44.332Z,0.267,2,1000,640x360,11.353714000000025,,
2025-12-17T11:55:44.407Z,0.255,3,1500,768x432,11.386752000000001,,
2025-12-17T11:55:44.558Z,0.03,3,1500,768x432,11.425876000000017,,rebuffer happen
2025-12-17T11:55:45.135Z,0.03,3,1500,768x432,11.927876000000026,,
2025-12-17T11:55:45.205Z,0.53,2,1000,640x360,11.972533999999996,,
2025-12-17T11:55:45.350Z,0.278,2,1000,640x360,11.98417599999999,,rebuffer happen
2025-12-17T11:55:45.521Z,0.289,2,1000,640x360,11.820897000000002,,rebuffer happen
2025-12-17T11:55:45.640Z,0.297,2,1000,640x360,11.859640999999954,,rebuffer happen
2025-12-17T11:55:45.741Z,0.305,2,1000,640x360,11.868159999999989,,
2025-12-17T11:55:45.742Z,0.271,2,1000,640x360,11.867514999999969,,rebuffer happen
2025-12-17T11:55:45.828Z,0.271,3,1500,768x432,11.790442999999982,,
2025-12-17T11:55:46.009Z,0.017,3,1500,768x432,11.815269999999998,,rebuffer happen
2025-12-17T11:55:46.411Z,0.017,3,1500,768x432,12.216270000000009,,
2025-12-17T11:55:46.483Z,0.517,2,1000,640x360,12.258335999999986,,
2025-12-17T11:55:46.662Z,0.262,2,1000,640x360,12.225287000000037,,rebuffer happen
2025-12-17T11:55:46.883Z,0.282,2,1000,640x360,12.113309999999956,,rebuffer happen
2025-12-17T11:55:46.944Z,0.289,2,1000,640x360,12.12310599999995,,
2025-12-17T11:55:47.059Z,0.151,2,1000,640x360,12.054611000000023,,rebuffer happen
2025-12-17T11:55:47.378Z,0.309,2,1000,640x360,12.018772000000013,,
2025-12-17T11:55:47.411Z,0.29,2,1000,640x360,11.986331000000007,,rebuffer happen
2025-12-17T11:55:47.830Z,0.268,2,1000,640x360,11.887563999999998,,
2025-12-17T11:55:47.901Z,0.248,3,1500,768x432,11.910212000000001,,
2025-12-17T11:55:48.094Z,0.018,3,1500,768x432,11.917674999999974,,rebuffer happen
2025-12-17T11:55:48.546Z,0.018,3,1500,768x432,12.418675000000007,,
2025-12-17T11:55:48.623Z,0.518,2,1000,640x360,12.356845000000021,,
2025-12-17T11:55:49.070Z,0.402,2,1000,640x360,12.305830000000014,,
2025-12-17T11:55:49.155Z,0.278,2,1000,640x360,12.288656000000003,,rebuffer happen
2025-12-17T11:55:49.509Z,0.346,2,1000,640x360,12.131931000000009,,
2025-12-17T11:55:49.612Z,0.181,2,1000,640x360,12.082222000000002,,rebuffer happen
2025-12-17T11:55:49.989Z,0.257,2,1000,640x360,12.090209000000016,,
2025-12-17T11:55:50.056Z,0.283,3,1500,768x432,12.11716899999999,,
2025-12-17T11:55:50.246Z,0.027,3,1500,768x432,12.128913999999952,,rebuffer happen
2025-12-17T11:55:50.715Z,0.027,3,1500,768x432,12.528913999999986,,
2025-12-17T11:55:50.789Z,0.477,2,1000,640x360,12.562465999999972,,
2025-12-17T11:55:51.150Z,0.42,2,1000,640x360,12.416393000000028,,
2025-12-17T11:55:51.271Z,0.271,2,1000,640x360,12.337901000000045,,rebuffer happen
2025-12-17T11:55:51.301Z,0.293,2,1000,640x360,12.292880000000025,,rebuffer happen
2025-12-17T11:55:51.520Z,0.389,2,1000,640x360,12.16089999999997,,
2025-12-17T11:55:51.568Z,0.293,2,1000,640x360,12.188881000000038,,rebuffer happen
2025-12-17T11:55:52.098Z,0.032,2,1000,640x360,11.995247000000006,,rebuffer happen
2025-12-17T11:55:52.099Z,0.032,2,1000,640x360,11.995247000000006,,rebuffer happen
2025-12-17T11:55:52.121Z,0.032,2,1000,640x360,11.995247000000006,,
2025-12-17T11:55:52.198Z,0.025,2,1000,640x360,12.027667000000008,,rebuffer happen
2025-12-17T11:55:52.503Z,0.267,2,1000,640x360,12.107376000000045,,
2025-12-17T11:55:52.627Z,0.154,2,1000,640x360,12.017272999999989,,rebuffer happen
2025-12-17T11:55:52.896Z,0.291,2,1000,640x360,12.021750999999995,,rebuffer happen
2025-12-17T11:55:52.925Z,0.291,2,1000,640x360,11.978190999999981,,
2025-12-17T11:55:53.225Z,0.281,2,1000,640x360,11.943983000000003,,rebuffer happen
2025-12-17T11:55:53.353Z,0.311,2,1000,640x360,12.010265000000004,,
2025-12-17T11:55:53.422Z,0.305,3,1500,768x432,11.940357000000006,,
2025-12-17T11:55:53.423Z,0.235,3,1500,768x432,11.939661000000001,,rebuffer happen
2025-12-17T11:55:53.632Z,0.026,3,1500,768x432,11.932939999999974,,rebuffer happen
2025-12-17T11:55:54.041Z,0.026,3,1500,768x432,12.422939999999983,,
2025-12-17T11:55:54.122Z,0.526,2,1000,640x360,12.357539999999972,,
2025-12-17T11:55:54.292Z,0.68,2,1000,640x360,12.332362000000046,,
2025-12-17T11:55:54.530Z,0.871,2,1000,640x360,12.184015000000045,,
2025-12-17T11:55:54.605Z,0.875,3,1500,768x432,12.165556000000038,,
2025-12-17T11:55:54.957Z,0.235,3,1500,768x432,12.031929000000048,,rebuffer happen
2025-12-17T11:55:55.101Z,0.021,3,1500,768x432,11.92494499999998,,rebuffer happen
2025-12-17T11:55:55.137Z,0.021,3,1500,768x432,11.92494499999998,,
2025-12-17T11:55:55.217Z,0.521,1,600,480x270,11.954477999999995,,
2025-12-17T11:55:55.502Z,0.563,1,600,480x270,11.912806999999987,,
2025-12-17T11:55:55.577Z,0.616,2,1000,640x360,11.909465999999952,,
2025-12-17T11:55:55.755Z,0.295,2,1000,640x360,11.903395999999987,,rebuffer happen
2025-12-17T11:55:55.979Z,0.471,2,1000,640x360,11.755542999999989,,
2025-12-17T11:55:56.124Z,0.242,2,1000,640x360,11.640935000000013,,rebuffer happen
2025-12-17T11:55:56.429Z,0.39,2,1000,640x360,11.619568999999956,,
2025-12-17T11:55:56.680Z,0.088,2,1000,640x360,11.552550999999994,,rebuffer happen
2025-12-17T11:55:56.882Z,0.341,2,1000,640x360,11.539806999999996,,
2025-12-17T11:55:56.962Z,0.342,3,1500,768x432,11.529271999999992,,
2025-12-17T11:55:56.963Z,0.221,3,1500,768x432,11.527987999999993,,rebuffer happen
2025-12-17T11:55:57.085Z,0.039,3,1500,768x432,11.438891999999953,,rebuffer happen
2025-12-17T11:55:57.679Z,0.039,3,1500,768x432,12.036891999999966,,
2025-12-17T11:55:57.747Z,0.539,2,1000,640x360,11.983442999999966,,
2025-12-17T11:55:57.958Z,0.258,2,1000,640x360,12.055905999999993,,rebuffer happen
2025-12-17T11:55:58.486Z,0.028,2,1000,640x360,11.926259000000016,,rebuffer happen
2025-12-17T11:55:58.616Z,0.095,2,1000,640x360,12.000671999999952,,
2025-12-17T11:55:58.688Z,0.047,3,1500,768x432,12.035105999999985,,
2025-12-17T11:55:58.703Z,0.02,3,1500,768x432,12.02007500000002,,rebuffer happen
2025-12-17T11:55:59.300Z,0.02,3,1500,768x432,12.629075,,
2025-12-17T11:55:59.374Z,0.52,2,1000,640x360,12.657087000000047,,
2025-12-17T11:55:59.758Z,0.447,2,1000,640x360,12.558132,,
2025-12-17T11:56:00.060Z,0.511,2,1000,640x360,12.399381000000005,,
2025-12-17T11:56:00.135Z,0.405,3,1500,768x432,12.287112999999977,,
2025-12-17T11:56:00.295Z,0.148,3,1500,768x432,12.24553800000001,,rebuffer happen
2025-12-17T11:56:00.371Z,0.033,3,1500,768x432,12.230230000000006,,rebuffer happen
2025-12-17T11:56:00.675Z,0.033,3,1500,768x432,12.53422999999998,,
2025-12-17T11:56:00.758Z,0.533,2,1000,640x360,12.567886999999985,,
2025-12-17T11:56:01.098Z,0.526,2,1000,640x360,12.413821999999982,,
2025-12-17T11:56:01.534Z,0.388,2,1000,640x360,12.166592999999978,,
2025-12-17T11:56:01.601Z,0.312,1,600,480x270,12.160151999999982,,
2025-12-17T11:56:01.602Z,0.259,1,600,480x270,12.159035999999958,,rebuffer happen
2025-12-17T11:56:01.901Z,0.426,1,600,480x270,12.126407000000029,,
2025-12-17T11:56:01.974Z,0.358,3,1500,768x432,12.13600699999995,,
2025-12-17T11:56:02.173Z,0.035,3,1500,768x432,12.032207000000028,,rebuffer happen
2025-12-17T11:56:02.173Z,0.035,3,1500,768x432,12.032207000000028,,rebuffer happen
2025-12-17T11:56:02.641Z,0.035,3,1500,768x432,12.531206999999995,,
2025-12-17T11:56:02.709Z,0.492,1,600,480x270,12.469522999999981,,
2025-12-17T11:56:02.933Z,0.651,1,600,480x270,12.346548999999982,,
2025-12-17T11:56:03.006Z,0.602,2,1000,640x360,12.331367999999998,,
2025-12-17T11:56:03.366Z,0.255,2,1000,640x360,12.183920999999998,,rebuffer happen
2025-12-17T11:56:03.553Z,0.244,2,1000,640x360,12.146627000000024,,
2025-12-17T11:56:03.627Z,0.238,3,1500,768x432,12.072480000000041,,
2025-12-17T11:56:03.774Z,0.025,3,1500,768x432,12.121690999999998,,rebuffer happen
2025-12-17T11:56:04.438Z,0.025,3,1500,768x432,12.721691000000021,,
2025-12-17T11:56:04.512Z,0.525,2,1000,640x360,12.761596999999995,,
2025-12-17T11:56:05.028Z,0.259,2,1000,640x360,12.621485000000007,,rebuffer happen
2025-12-17T11:56:05.058Z,0.261,2,1000,640x360,12.68400200000002,,
2025-12-17T11:56:05.137Z,0.221,3,1500,768x432,12.585091999999975,,
2025-12-17T11:56:05.293Z,0.027,3,1500,768x432,12.624912999999992,,rebuffer happen
2025-12-17T11:56:05.744Z,0.027,3,1500,768x432,13.124912999999992,,
2025-12-17T11:56:05.823Z,0.527,2,1000,640x360,13.061424999999986,,
2025-12-17T11:56:05.985Z,0.253,2,1000,640x360,13.02114499999999,,rebuffer happen
2025-12-17T11:56:06.319Z,0.362,2,1000,640x360,12.902421000000004,,
2025-12-17T11:56:06.356Z,0.251,2,1000,640x360,12.947305000000028,,rebuffer happen
2025-12-17T11:56:06.760Z,0.232,2,1000,640x360,12.83076299999999,,
2025-12-17T11:56:06.837Z,0.228,3,1500,768x432,12.761462999999992,,
2025-12-17T11:56:06.977Z,0.025,3,1500,768x432,12.821658000000014,,rebuffer happen
2025-12-17T11:56:07.439Z,0.025,3,1500,768x432,13.223658,,
2025-12-17T11:56:07.507Z,0.525,2,1000,640x360,13.266480999999999,,
2025-12-17T11:56:07.945Z,0.331,2,1000,640x360,13.133278000000018,,
2025-12-17T11:56:08.040Z,0.19,2,1000,640x360,13.085974000000022,,rebuffer happen
2025-12-17T11:56:08.231Z,0.294,2,1000,640x360,12.99997499999995,,rebuffer happen
2025-12-17T11:56:08.346Z,0.355,2,1000,640x360,13.060981000000027,,
2025-12-17T11:56:08.416Z,0.254,2,1000,640x360,12.956248000000016,,rebuffer happen
2025-12-17T11:56:08.711Z,0.371,2,1000,640x360,12.891823999999986,,
2025-12-17T11:56:08.788Z,0.328,3,1500,768x432,12.909958000000017,,
2025-12-17T11:56:08.832Z,0.244,3,1500,768x432,12.843799000000047,,rebuffer happen
2025-12-17T11:56:08.978Z,0.025,3,1500,768x432,12.82789200000002,,rebuffer happen
2025-12-17T11:56:09.234Z,0.025,3,1500,768x432,13.025891999999999,,
2025-12-17T11:56:09.299Z,0.525,1,600,480x270,13.070277999999973,,
2025-12-17T11:56:09.513Z,0.746,1,600,480x270,13.064255000000003,,
2025-12-17T11:56:09.757Z,0.943,1,600,480x270,13.052994999999953,,
2025-12-17T11:56:09.830Z,0.943,2,1000,640x360,12.952756999999963,,
2025-12-17T11:56:10.486Z,0.372,2,1000,640x360,12.672617000000002,,
2025-12-17T11:56:10.565Z,0.372,1,600,480x270,12.663200000000018,,
2025-12-17T11:56:10.566Z,0.252,1,600,480x270,12.662113000000033,,rebuffer happen
2025-12-17T11:56:11.027Z,0.287,1,600,480x270,12.604737999999998,,
2025-12-17T11:56:11.098Z,0.237,2,1000,640x360,12.642803000000015,,rebuffer happen
2025-12-17T11:56:11.110Z,0.237,2,1000,640x360,12.625337000000002,,
2025-12-17T11:56:11.230Z,0.04,2,1000,640x360,12.536808000000008,,rebuffer happen
2025-12-17T11:56:11.690Z,0.203,2,1000,640x360,12.701915000000042,,
2025-12-17T11:56:12.198Z,0.199,2,1000,640x360,12.703616000000011,,
2025-12-17T11:56:12.272Z,0.196,3,1500,768x432,12.719371000000024,,
2025-12-17T11:56:12.365Z,0.031,3,1500,768x432,12.732177000000036,,rebuffer happen
2025-12-17T11:56:13.059Z,0.031,3,1500,768x432,13.43517700000001,,
2025-12-17T11:56:13.129Z,0.519,2,1000,640x360,13.351319999999987,,
2025-12-17T11:56:13.305Z,0.218,2,1000,640x360,13.28352000000001,,rebuffer happen
2025-12-17T11:56:13.585Z,0.331,2,1000,640x360,13.236999000000026,,
2025-12-17T11:56:13.697Z,0.232,2,1000,640x360,13.23827399999999,,rebuffer happen
2025-12-17T11:56:14.059Z,0.309,2,1000,640x360,13.229662000000019,,
2025-12-17T11:56:14.130Z,0.318,3,1500,768x432,13.15838100000002,,
2025-12-17T11:56:14.131Z,0.247,3,1500,768x432,13.157600000000002,,rebuffer happen
2025-12-17T11:56:14.333Z,0.045,3,1500,768x432,13.143475000000024,,rebuffer happen
2025-12-17T11:56:14.823Z,0.045,3,1500,768x432,13.641475000000014,,
2025-12-17T11:56:14.897Z,0.485,2,1000,640x360,13.671006999999975,,
2025-12-17T11:56:15.087Z,0.215,2,1000,640x360,13.577732000000026,,rebuffer happen
2025-12-17T11:56:15.355Z,0.321,2,1000,640x360,13.53319700000003,,
2025-12-17T11:56:15.402Z,0.267,1,600,480x270,13.463264000000038,,rebuffer happen
2025-12-17T11:56:15.429Z,0.267,1,600,480x270,13.422079000000053,,
2025-12-17T11:56:15.550Z,0.111,1,600,480x270,13.443639000000019,,rebuffer happen
2025-12-17T11:56:15.711Z,0.388,1,600,480x270,13.398713999999984,,
2025-12-17T11:56:15.788Z,0.4,2,1000,640x360,13.43211500000001,,
2025-12-17T11:56:15.964Z,0.079,2,1000,640x360,13.383605999999986,,rebuffer happen
2025-12-17T11:56:15.984Z,0.049,2,1000,640x360,13.354233000000022,,rebuffer happen
2025-12-17T11:56:16.349Z,0.224,2,1000,640x360,13.42765700000001,,
2025-12-17T11:56:16.428Z,0.23,3,1500,768x432,13.348568999999998,,
2025-12-17T11:56:16.551Z,0.029,3,1500,768x432,13.427184000000011,,rebuffer happen
2025-12-17T11:56:17.271Z,0.029,3,1500,768x432,14.131183999999962,,
2025-12-17T11:56:17.352Z,0.529,2,1000,640x360,14.065548999999976,,
2025-12-17T11:56:17.353Z,0,2,1000,640x360,13.708001000000024,,rebuffer happen
2025-12-17T11:56:17.354Z,0,2,1000,640x360,13.708001000000024,,rebuffer happen
2025-12-17T11:56:17.432Z,0,2,1000,640x360,13.708001000000024,,
2025-12-17T11:56:17.792Z,0,2,1000,640x360,14.103001000000006,,
2025-12-17T11:56:18.179Z,0.614,2,1000,640x360,2.5989549999999895,,
2025-12-17T11:56:18.585Z,0.526,2,1000,640x360,2.408569,,
2025-12-17T11:56:19.040Z,0.481,2,1000,640x360,2.2726350000000366,,
2025-12-17T11:56:19.418Z,0.442,2,1000,640x360,2.1577440000000365,,
2025-12-17T11:56:19.865Z,0.277,2,1000,640x360,2.110548999999992,,rebuffer happen
2025-12-17T11:56:19.985Z,0.278,2,1000,640x360,2.0825829999999996,,
2025-12-17T11:56:20.571Z,0.025,2,1000,640x360,2.099240000000009,,rebuffer happen
2025-12-17T11:56:20.621Z,0.023,2,1000,640x360,2.064110000000028,,rebuffer happen
2025-12-17T11:56:20.688Z,0.021,2,1000,640x360,2.1240889999999695,,rebuffer happen
2025-12-17T11:56:20.738Z,0.017,2,1000,640x360,2.0867880000000127,,rebuffer happen
2025-12-17T11:56:20.805Z,0.015,2,1000,640x360,2.146769000000006,,rebuffer happen
2025-12-17T11:56:20.835Z,0.015,2,1000,640x360,2.146769000000006,,
2025-12-17T11:56:20.871Z,0.017,2,1000,640x360,2.2226060000000416,,rebuffer happen
2025-12-17T11:56:21.434Z,0.192,2,1000,640x360,2.4027829999999994,,
2025-12-17T11:56:21.936Z,0.175,2,1000,640x360,2.402969999999982,,
2025-12-17T11:56:22.500Z,0.113,2,1000,640x360,2.431508000000008,,
2025-12-17T11:56:22.607Z,0.029,2,1000,640x360,2.435651000000007,,rebuffer happen
2025-12-17T11:56:22.957Z,0.216,2,1000,640x360,2.5122010000000046,,
2025-12-17T11:56:23.449Z,0.224,2,1000,640x360,2.523709999999994,,
2025-12-17T11:56:23.872Z,0.302,2,1000,640x360,2.5082689999999843,,
2025-12-17T11:56:23.929Z,0.278,2,1000,640x360,2.451279999999997,,rebuffer happen
2025-12-17T11:56:24.223Z,0.436,2,1000,640x360,2.4338709999999537,,
2025-12-17T11:56:24.529Z,0.501,2,1000,640x360,2.303680999999983,,
2025-12-17T11:56:25.111Z,0.355,2,1000,640x360,2.1589009999999575,,
2025-12-17T11:56:25.111Z,0.252,2,1000,640x360,2.1586249999999723,,rebuffer happen
2025-12-17T11:56:25.292Z,0.031,2,1000,640x360,2.1400999999999613,,rebuffer happen
2025-12-17T11:56:25.855Z,0.086,2,1000,640x360,2.288892999999973,,
2025-12-17T11:56:25.925Z,0.021,2,1000,640x360,2.2187339999999836,,rebuffer happen
2025-12-17T11:56:26.076Z,0.025,2,1000,640x360,2.3895110000000273,,rebuffer happen
2025-12-17T11:56:26.348Z,0.212,2,1000,640x360,2.4312719999999786,,
2025-12-17T11:56:26.752Z,0.314,2,1000,640x360,2.43341300000003,,
2025-12-17T11:56:26.854Z,0.245,2,1000,640x360,2.4554579999999646,,rebuffer happen
2025-12-17T11:56:27.159Z,0.424,2,1000,640x360,2.426981000000012,,
2025-12-17T11:56:27.581Z,0.325,2,1000,640x360,2.2420890000000213,,
2025-12-17T11:56:27.660Z,0.24,2,1000,640x360,2.2475819999999658,,rebuffer happen
2025-12-17T11:56:28.033Z,0.288,2,1000,640x360,2.0865100000000325,,
2025-12-17T11:56:28.450Z,0.362,2,1000,640x360,2.1787069999999744,,
2025-12-17T11:56:28.593Z,0.269,2,1000,640x360,2.1017870000000016,,rebuffer happen
2025-12-17T11:56:28.865Z,0.396,2,1000,640x360,2.09670600000004,,
2025-12-17T11:56:28.997Z,0.246,2,1000,640x360,2.0513930000000187,,rebuffer happen
2025-12-17T11:56:29.333Z,0.405,2,1000,640x360,2.001037999999994,,
2025-12-17T11:56:29.525Z,0.185,2,1000,640x360,1.9888969999999517,,rebuffer happen
2025-12-17T11:56:29.842Z,0.38,2,1000,640x360,2.051685999999961,,
2025-12-17T11:56:30.034Z,0.181,2,1000,640x360,1.9463879999999563,,rebuffer happen
2025-12-17T11:56:30.196Z,0.018,2,1000,640x360,1.9810249999999883,,rebuffer happen
2025-12-17T11:56:30.398Z,0.34,2,1000,640x360,2.0918470000000298,,
2025-12-17T11:56:30.662Z,0.123,2,1000,640x360,2.0927990000000136,,rebuffer happen
2025-12-17T11:56:30.725Z,0.3,2,1000,640x360,2.0359149999999886,,rebuffer happen
2025-12-17T11:56:30.835Z,0.388,2,1000,640x360,2.004810999999961,,
2025-12-17T11:56:30.988Z,0.233,2,1000,640x360,2.0298250000000166,,rebuffer happen
2025-12-17T11:56:31.342Z,0.337,2,1000,640x360,2.054049999999961,,
2025-12-17T11:56:31.520Z,0.166,2,1000,640x360,1.9645079999999666,,rebuffer happen
2025-12-17T11:56:31.814Z,0.018,2,1000,640x360,1.9952729999999974,,rebuffer happen
2025-12-17T11:56:32.372Z,0.129,2,1000,640x360,2.3264179999999897,,
2025-12-17T11:56:32.464Z,0.031,2,1000,640x360,2.327865000000031,,rebuffer happen
2025-12-17T11:56:32.850Z,0.255,2,1000,640x360,2.456105999999977,,
2025-12-17T11:56:33.405Z,0.207,2,1000,640x360,2.394356000000016,,
2025-12-17T11:56:33.787Z,0.284,2,1000,640x360,2.4134500000000116,,rebuffer happen
2025-12-17T11:56:33.797Z,0.284,2,1000,640x360,2.399899000000005,,
2025-12-17T11:56:33.850Z,0.262,2,1000,640x360,2.434707000000003,,rebuffer happen
2025-12-17T11:56:34.375Z,0.14,2,1000,640x360,2.329765000000009,,
2025-12-17T11:56:34.482Z,0.021,2,1000,640x360,2.316584999999975,,rebuffer happen
2025-12-17T11:56:34.926Z,0.144,2,1000,640x360,2.323192000000006,,
2025-12-17T11:56:35.016Z,0.033,2,1000,640x360,2.330180000000041,,rebuffer happen
2025-12-17T11:56:35.254Z,0.322,2,1000,640x360,2.439830000000029,,
2025-12-17T11:56:35.419Z,0.174,2,1000,640x360,2.3087260000000356,,rebuffer happen
2025-12-17T11:56:35.547Z,0.287,2,1000,640x360,2.35695400000003,,rebuffer happen
2025-12-17T11:56:35.649Z,0.283,2,1000,640x360,2.218964000000028,,rebuffer happen
2025-12-17T11:56:35.683Z,0.283,2,1000,640x360,2.2858319999999708,,
2025-12-17T11:56:36.197Z,0.268,2,1000,640x360,2.2853170000000205,,
2025-12-17T11:56:36.706Z,0.251,2,1000,640x360,2.2775480000000243,,
2025-12-17T11:56:37.269Z,0.244,2,1000,640x360,2.325252999999975,,
2025-12-17T11:56:37.469Z,0.028,2,1000,640x360,2.326670999999976,,rebuffer happen
2025-12-17T11:56:37.830Z,0.222,2,1000,640x360,2.330603999999994,,
2025-12-17T11:56:38.035Z,0.017,2,1000,640x360,2.3138230000000135,,rebuffer happen
2025-12-17T11:56:38.382Z,0.214,2,1000,640x360,2.4059760000000097,,
2025-12-17T11:56:38.570Z,0.017,2,1000,640x360,2.421453999999983,,rebuffer happen
2025-12-17T11:56:38.603Z,0.023,2,1000,640x360,2.3935149999999794,,rebuffer happen
2025-12-17T11:56:38.949Z,0.165,2,1000,640x360,2.4764729999999986,,
2025-12-17T11:56:39.103Z,0.018,2,1000,640x360,2.418015999999966,,rebuffer happen
2025-12-17T11:56:39.153Z,0.016,2,1000,640x360,2.478431999999998,,rebuffer happen
2025-12-17T11:56:39.422Z,0.223,2,1000,640x360,2.44144,,
2025-12-17T11:56:39.904Z,0.253,2,1000,640x360,2.472781999999995,,
2025-12-17T11:56:40.411Z,0.245,2,1000,640x360,2.4523570000000063,,
2025-12-17T11:56:40.912Z,0.263,2,1000,640x360,2.458152000000041,,
2025-12-17T11:56:41.437Z,0.228,2,1000,640x360,2.4465900000000147,,
2025-12-17T11:56:42.002Z,0.174,2,1000,640x360,2.475130999999976,,
2025-12-17T11:56:42.139Z,0.036,2,1000,640x360,2.4327309999999898,,rebuffer happen
2025-12-17T11:56:42.417Z,0.279,2,1000,640x360,2.4927979999999934,,
2025-12-17T11:56:42.927Z,0.268,2,1000,640x360,2.4889029999999934,,
2025-12-17T11:56:43.422Z,0.285,2,1000,640x360,2.481562999999994,,
2025-12-17T11:56:43.887Z,0.316,2,1000,640x360,2.5228520000000003,,
2025-12-17T11:56:43.997Z,0.216,2,1000,640x360,2.522199999999998,,rebuffer happen
2025-12-17T11:56:44.336Z,0.259,2,1000,640x360,2.377024000000006,,
2025-12-17T11:56:44.813Z,0.296,2,1000,640x360,2.418350999999973,,
2025-12-17T11:56:44.933Z,0.197,2,1000,640x360,2.3926890000000185,,rebuffer happen
2025-12-17T11:56:45.041Z,0.044,2,1000,640x360,2.4411210000000096,,rebuffer happen
2025-12-17T11:56:45.308Z,0.303,2,1000,640x360,2.4271079999999756,,
2025-12-17T11:56:45.508Z,0.041,2,1000,640x360,2.3473559999999907,,rebuffer happen
2025-12-17T11:56:45.509Z,0.041,2,1000,640x360,2.3473559999999907,,rebuffer happen
2025-12-17T11:56:45.779Z,0.314,2,1000,640x360,2.447926999999993,,
2025-12-17T11:56:45.992Z,0.045,2,1000,640x360,2.3443599999999947,,rebuffer happen
2025-12-17T11:56:45.993Z,0.045,2,1000,640x360,2.3443599999999947,,rebuffer happen
2025-12-17T11:56:46.262Z,0.33,2,1000,640x360,2.456580000000031,,
2025-12-17T11:56:46.381Z,0.193,2,1000,640x360,2.4005260000000135,,rebuffer happen
2025-12-17T11:56:46.493Z,0.037,2,1000,640x360,2.3377539999999613,,rebuffer happen
2025-12-17T11:56:46.990Z,0.119,2,1000,640x360,2.4066569999999956,,
2025-12-17T11:56:47.076Z,0.021,2,1000,640x360,2.4186620000000403,,rebuffer happen
2025-12-17T11:56:47.496Z,0.209,2,1000,640x360,2.5224789999999757,,
2025-12-17T11:56:47.973Z,0.259,2,1000,640x360,2.563379999999995,,
2025-12-17T11:56:48.477Z,0.244,2,1000,640x360,2.5548709999999915,,
2025-12-17T11:56:48.952Z,0.269,2,1000,640x360,2.576780000000042,,
2025-12-17T11:56:49.453Z,0.295,2,1000,640x360,2.5787149999999883,,
2025-12-17T11:56:49.931Z,0.309,2,1000,640x360,2.5123839999999973,,
2025-12-17T11:56:49.991Z,0.248,2,1000,640x360,2.5471559999999727,,rebuffer happen
2025-12-17T11:56:50.374Z,0.355,2,1000,640x360,2.559707000000003,,
2025-12-17T11:56:50.523Z,0.138,2,1000,640x360,2.437944000000016,,rebuffer happen
2025-12-17T11:56:50.709Z,0.297,2,1000,640x360,2.3985210000000166,,rebuffer happen
2025-12-17T11:56:50.722Z,0.297,2,1000,640x360,2.378914000000009,,
2025-12-17T11:56:50.751Z,0.722,2,1000,640x360,2.433089999999993,,
2025-12-17T11:56:51.308Z,0.272,2,1000,640x360,2.1697050000000218,,rebuffer happen
2025-12-17T11:56:51.641Z,0.237,2,1000,640x360,2.2322980000000143,,
2025-12-17T11:56:51.864Z,0.026,2,1000,640x360,2.231287000000009,,rebuffer happen
2025-12-17T11:56:52.206Z,0.246,2,1000,640x360,2.2235389999999597,,
2025-12-17T11:56:52.717Z,0.222,2,1000,640x360,2.2140939999999887,,
2025-12-17T11:56:53.215Z,0.2,2,1000,640x360,2.2119639999999663,,
2025-12-17T11:56:53.708Z,0.231,2,1000,640x360,2.227876999999978,,
2025-12-17T11:56:54.206Z,0.227,2,1000,640x360,2.2267049999999813,,
2025-12-17T11:56:54.698Z,0.225,2,1000,640x360,2.2343349999999873,,
2025-12-17T11:56:55.192Z,0.23,2,1000,640x360,2.241235999999958,,
2025-12-17T11:56:55.673Z,0.261,2,1000,640x360,2.256320999999957,,
2025-12-17T11:56:56.180Z,0.241,2,1000,640x360,2.2595000000000027,,
2025-12-17T11:56:56.663Z,0.258,2,1000,640x360,2.2768159999999966,,
2025-12-17T11:56:57.135Z,0.298,2,1000,640x360,2.2292240000000447,,rebuffer happen
2025-12-17T11:56:57.171Z,0.298,2,1000,640x360,2.30549400000001,,
2025-12-17T11:56:57.686Z,0.282,2,1000,640x360,2.278880000000015,,
2025-12-17T11:56:58.199Z,0.273,2,1000,640x360,2.2679370000000176,,
2025-12-17T11:56:58.714Z,0.261,2,1000,640x360,2.2691659999999843,,
2025-12-17T11:56:59.221Z,0.257,2,1000,640x360,2.263056000000006,,
2025-12-17T11:56:59.745Z,0.227,2,1000,640x360,2.338926000000015,,
2025-12-17T11:57:00.245Z,0.237,2,1000,640x360,2.3419830000000275,,
2025-12-17T11:57:00.720Z,0.264,2,1000,640x360,2.279214999999965,,
2025-12-17T11:57:01.300Z,0.233,2,1000,640x360,2.3108780000000024,,
2025-12-17T11:57:01.539Z,0.463,2,1000,640x360,2.274113,,
2025-12-17T11:57:01.694Z,0.3,2,1000,640x360,2.29567499999996,,rebuffer happen
2025-12-17T11:57:01.921Z,0.49,2,1000,640x360,2.1979560000000333,,
2025-12-17T11:57:02.317Z,0.289,2,1000,640x360,2.0850560000000087,,rebuffer happen
2025-12-17T11:57:02.556Z,0.018,2,1000,640x360,2.1246269999999754,,rebuffer happen
2025-12-17T11:57:02.840Z,0.12,2,1000,640x360,2.231295999999986,,
2025-12-17T11:57:02.939Z,0.031,2,1000,640x360,2.227033000000006,,rebuffer happen
2025-12-17T11:57:03.442Z,0.227,2,1000,640x360,2.521427000000017,,
2025-12-17T11:57:03.640Z,0.028,2,1000,640x360,2.4310409999999933,,rebuffer happen
2025-12-17T11:57:03.941Z,0.251,2,1000,640x360,2.546066000000053,,
2025-12-17T11:57:04.464Z,0.216,2,1000,640x360,2.5221199999999726,,
2025-12-17T11:57:04.973Z,0.221,2,1000,640x360,2.517434000000037,,
2025-12-17T11:57:05.488Z,0.207,2,1000,640x360,2.5060209999999756,,
2025-12-17T11:57:06.000Z,0.195,2,1000,640x360,2.499192999999991,,
2025-12-17T11:57:06.507Z,0.197,2,1000,640x360,2.4918309999999906,,
2025-12-17T11:57:06.676Z,0.029,2,1000,640x360,2.529180999999994,,rebuffer happen
2025-12-17T11:57:07.070Z,0.13,2,1000,640x360,2.545802999999978,,
2025-12-17T11:57:07.176Z,0.038,2,1000,640x360,2.537881000000027,,rebuffer happen
2025-12-17T11:57:07.567Z,0.215,2,1000,640x360,2.6244570000000067,,
2025-12-17T11:57:07.980Z,0.318,2,1000,640x360,2.6176469999999767,,
2025-12-17T11:57:08.130Z,0.098,2,1000,640x360,2.504353999999978,,rebuffer happen
2025-12-17T11:57:08.177Z,0.03,2,1000,640x360,2.5309120000000007,,rebuffer happen
2025-12-17T11:57:08.491Z,0.23,2,1000,640x360,2.5602649999999585,,
2025-12-17T11:57:09.046Z,0.209,2,1000,640x360,2.6130939999999896,,
2025-12-17T11:57:09.228Z,0.03,2,1000,640x360,2.5299989999999752,,rebuffer happen
2025-12-17T11:57:09.515Z,0.267,2,1000,640x360,2.5825419999999895,,
2025-12-17T11:57:09.994Z,0.308,2,1000,640x360,2.6134040000000027,,
2025-12-17T11:57:10.020Z,0.292,2,1000,640x360,2.587836999999979,,rebuffer happen
2025-12-17T11:57:10.195Z,0.035,2,1000,640x360,2.5324640000000045,,rebuffer happen
2025-12-17T11:57:10.574Z,0.231,2,1000,640x360,2.6029910000000314,,
2025-12-17T11:57:10.882Z,0.394,2,1000,640x360,2.6042580000000157,,
2025-12-17T11:57:11.001Z,0.285,2,1000,640x360,2.5812030000000163,,rebuffer happen
2025-12-17T11:57:11.298Z,0.455,2,1000,640x360,2.5319130000000314,,
2025-12-17T11:57:11.461Z,0.189,2,1000,640x360,2.484687000000008,,rebuffer happen
2025-12-17T11:57:11.771Z,0.368,2,1000,640x360,2.466019000000017,,
2025-12-17T11:57:11.823Z,0.296,2,1000,640x360,2.401198000000022,,rebuffer happen
2025-12-17T11:57:12.064Z,0.288,2,1000,640x360,2.354218000000003,,rebuffer happen
2025-12-17T11:57:12.166Z,0.327,2,1000,640x360,2.310451999999998,,
2025-12-17T11:57:12.181Z,0.294,2,1000,640x360,2.2903819999999655,,rebuffer happen
2025-12-17T11:57:12.589Z,0.288,2,1000,640x360,2.220655000000022,,rebuffer happen
2025-12-17T11:57:12.596Z,0.288,2,1000,640x360,2.2117339999999786,,
2025-12-17T11:57:12.737Z,0.191,2,1000,640x360,2.1619230000000016,,rebuffer happen
2025-12-17T11:57:13.026Z,0.324,2,1000,640x360,2.1286479999999983,,
2025-12-17T11:57:13.117Z,0.211,2,1000,640x360,2.10849300000001,,rebuffer happen
2025-12-17T11:57:13.685Z,0.114,2,1000,640x360,2.1123589999999695,,
2025-12-17T11:57:13.781Z,0.029,2,1000,640x360,2.139466000000027,,rebuffer happen
2025-12-17T11:57:14.351Z,0.241,2,1000,640x360,2.4716060000000084,,
2025-12-17T11:57:14.599Z,0.023,2,1000,640x360,2.42656199999999,,rebuffer happen
2025-12-17T11:57:14.899Z,0.237,2,1000,640x360,2.4353459999999814,,
2025-12-17T11:57:15.393Z,0.234,2,1000,640x360,2.439877000000024,,
2025-12-17T11:57:15.901Z,0.226,2,1000,640x360,2.4457309999999666,,
2025-12-17T11:57:16.334Z,0.037,2,1000,640x360,2.4014740000000074,,rebuffer happen
2025-12-17T11:57:16.463Z,0.213,2,1000,640x360,2.5063900000000103,,
2025-12-17T11:57:16.936Z,0.269,2,1000,640x360,2.4596129999999903,,
2025-12-17T11:57:17.417Z,0.265,2,1000,640x360,2.4807839999999715,,
2025-12-17T11:57:17.928Z,0.233,2,1000,640x360,2.4700709999999617,,
2025-12-17T11:57:18.388Z,0.294,2,1000,640x360,2.5023570000000177,,
2025-12-17T11:57:18.458Z,0.235,2,1000,640x360,2.5314730000000054,,rebuffer happen
2025-12-17T11:57:18.725Z,0.314,2,1000,640x360,2.37978099999998,,
2025-12-17T11:57:19.031Z,0.431,2,1000,640x360,2.245837999999992,,
2025-12-17T11:57:19.359Z,0.281,2,1000,640x360,2.215931000000012,,rebuffer happen
2025-12-17T11:57:19.450Z,0.338,2,1000,640x360,2.2226349999999684,,
2025-12-17T11:57:19.865Z,0.501,2,1000,640x360,2.1491000000000327,,
2025-12-17T11:57:20.051Z,0.289,2,1000,640x360,2.1253810000000044,,rebuffer happen
2025-12-17T11:57:20.119Z,0.276,2,1000,640x360,2.0458580000000097,,rebuffer happen
2025-12-17T11:57:20.165Z,0.29,2,1000,640x360,2.0872570000000223,,rebuffer happen
2025-12-17T11:57:20.459Z,0.285,2,1000,640x360,2.078304000000003,,
2025-12-17T11:57:21.051Z,0.186,2,1000,640x360,2.094773000000032,,
2025-12-17T11:57:21.221Z,0.027,2,1000,640x360,2.0301230000000032,,rebuffer happen
2025-12-17T11:57:21.599Z,0.221,2,1000,640x360,2.140753000000018,,
2025-12-17T11:57:21.822Z,0.018,2,1000,640x360,2.1141640000000166,,rebuffer happen
2025-12-17T11:57:22.166Z,0.222,2,1000,640x360,2.2225009999999656,,
2025-12-17T11:57:22.355Z,0.032,2,1000,640x360,2.236468000000002,,rebuffer happen
2025-12-17T11:57:22.735Z,0.218,2,1000,640x360,2.230604000000028,,
2025-12-17T11:57:23.231Z,0.238,2,1000,640x360,2.245190999999977,,
2025-12-17T11:57:23.839Z,0.166,2,1000,640x360,2.23836,,
2025-12-17T11:57:23.957Z,0.025,2,1000,640x360,2.324195999999972,,rebuffer happen
2025-12-17T11:57:24.276Z,0.291,2,1000,640x360,2.409714000000008,,
2025-12-17T11:57:24.441Z,0.136,2,1000,640x360,2.433464000000015,,rebuffer happen
2025-12-17T11:57:24.722Z,0.343,2,1000,640x360,2.3432809999999904,,
2025-12-17T11:57:24.801Z,0.249,2,1000,640x360,2.3449059999999804,,rebuffer happen
2025-12-17T11:57:25.216Z,0.249,2,1000,640x360,2.247870999999975,,
2025-12-17T11:57:25.442Z,0.089,2,1000,640x360,2.3194500000000176,,rebuffer happen
2025-12-17T11:57:25.806Z,0.161,2,1000,640x360,2.2657740000000217,,
2025-12-17T11:57:25.958Z,0.018,2,1000,640x360,2.31742799999995,,rebuffer happen
2025-12-17T11:57:26.353Z,0.202,2,1000,640x360,2.391336000000024,,
2025-12-17T11:57:26.509Z,0.03,2,1000,640x360,2.3293499999999767,,rebuffer happen
2025-12-17T11:57:26.869Z,0.209,2,1000,640x360,2.4148509999999987,,
2025-12-17T11:57:27.398Z,0.168,2,1000,640x360,2.3731930000000148,,
2025-12-17T11:57:27.906Z,0.161,2,1000,640x360,2.376383999999973,,
2025-12-17T11:57:28.401Z,0.148,2,1000,640x360,2.3743499999999926,,
2025-12-17T11:57:28.561Z,0.017,2,1000,640x360,2.4191059999999993,,rebuffer happen
2025-12-17T11:57:28.924Z,0.197,2,1000,640x360,2.389793999999995,,
2025-12-17T11:57:29.077Z,0.031,2,1000,640x360,2.4381099999999947,,rebuffer happen
2025-12-17T11:57:29.453Z,0.212,2,1000,640x360,2.5237600000000384,,
2025-12-17T11:57:29.645Z,0.031,2,1000,640x360,2.5308469999999943,,rebuffer happen
2025-12-17T11:57:29.988Z,0.233,2,1000,640x360,2.5164210000000367,,
2025-12-17T11:57:30.178Z,0.03,2,1000,640x360,2.5306059999999775,,rebuffer happen
2025-12-17T11:57:30.514Z,0.214,2,1000,640x360,2.4980560000000196,,
2025-12-17T11:57:30.696Z,0.022,2,1000,640x360,2.520130999999992,,rebuffer happen
2025-12-17T11:57:31.044Z,0.202,2,1000,640x360,2.6119860000000017,,
2025-12-17T11:57:31.229Z,0.027,2,1000,640x360,2.528381999999965,,rebuffer happen
2025-12-17T11:57:31.584Z,0.167,2,1000,640x360,2.573284000000001,,
2025-12-17T11:57:31.746Z,0.024,2,1000,640x360,2.6200810000000274,,rebuffer happen
2025-12-17T11:57:32.060Z,0.244,2,1000,640x360,2.653712999999982,,
2025-12-17T11:57:32.519Z,0.296,2,1000,640x360,2.596648000000016,,
2025-12-17T11:57:32.978Z,0.34,2,1000,640x360,2.642754000000025,,
2025-12-17T11:57:33.067Z,0.244,2,1000,640x360,2.64609999999999,,rebuffer happen
2025-12-17T11:57:33.212Z,0.299,2,1000,640x360,2.5964119999999866,,rebuffer happen
2025-12-17T11:57:33.435Z,0.297,2,1000,640x360,2.5269589999999766,,rebuffer happen
2025-12-17T11:57:33.438Z,0.297,2,1000,640x360,2.5212020000000166,,
2025-12-17T11:57:33.590Z,0.168,2,1000,640x360,2.5036799999999744,,rebuffer happen
2025-12-17T11:57:33.811Z,0.286,2,1000,640x360,2.490379999999959,,rebuffer happen
2025-12-17T11:57:33.888Z,0.264,2,1000,640x360,2.4791549999999916,,
2025-12-17T11:57:34.343Z,0.326,2,1000,640x360,2.5227540000000204,,
2025-12-17T11:57:34.394Z,0.276,2,1000,640x360,2.471511000000021,,rebuffer happen
2025-12-17T11:57:34.744Z,0.296,2,1000,640x360,2.4627140000000054,,rebuffer happen
2025-12-17T11:57:34.797Z,0.308,2,1000,640x360,2.4103660000000104,,
2025-12-17T11:57:34.906Z,0.201,2,1000,640x360,2.4000950000000216,,rebuffer happen
2025-12-17T11:57:35.245Z,0.342,2,1000,640x360,2.433443000000011,,
2025-12-17T11:57:35.269Z,0.299,2,1000,640x360,2.399626000000012,,rebuffer happen
2025-12-17T11:57:35.696Z,0.292,2,1000,640x360,2.2960260000000403,,
2025-12-17T11:57:36.148Z,0.311,2,1000,640x360,2.297431999999958,,
2025-12-17T11:57:36.256Z,0.156,2,1000,640x360,2.260699000000045,,rebuffer happen
2025-12-17T11:57:36.595Z,0.277,2,1000,640x360,2.180273999999997,,
2025-12-17T11:57:37.056Z,0.315,2,1000,640x360,2.2297420000000443,,
2025-12-17T11:57:37.114Z,0.255,2,1000,640x360,2.1567610000000172,,rebuffer happen
2025-12-17T11:57:37.526Z,0.274,2,1000,640x360,2.0860719999999446,,
2025-12-17T11:57:37.952Z,0.35,2,1000,640x360,2.163626999999906,,
2025-12-17T11:57:38.097Z,0.216,2,1000,640x360,2.081262000000038,,rebuffer happen
2025-12-17T11:57:38.384Z,0.351,2,1000,640x360,2.059368999999947,,
2025-12-17T11:57:38.530Z,0.266,2,1000,640x360,2.0061490000000504,,rebuffer happen
2025-12-17T11:57:38.808Z,0.421,2,1000,640x360,2.0256959999999253,,
2025-12-17T11:57:39.231Z,0.476,2,1000,640x360,1.9772349999999506,,
2025-12-17T11:57:39.639Z,0.547,2,1000,640x360,1.9369720000000825,,
2025-12-17T11:57:40.059Z,0.605,2,1000,640x360,2.004035999999928,,
2025-12-17T11:57:40.472Z,0.687,2,1000,640x360,1.9845119999999952,,
2025-12-17T11:57:40.900Z,0.76,2,1000,640x360,1.9525709999999208,,
2025-12-17T11:57:41.318Z,0.814,2,1000,640x360,1.9273099999999204,,
2025-12-17T11:57:41.748Z,0.888,2,1000,640x360,2.0011559999999236,,
2025-12-17T11:57:42.184Z,0.957,2,1000,640x360,1.9676409999999578,,
2025-12-17T11:57:42.603Z,1.037,2,1000,640x360,1.9368469999999434,,
2025-12-17T11:57:43.025Z,1.132,2,1000,640x360,1.9363930000000664,,
2025-12-17T11:57:43.445Z,1.205,2,1000,640x360,2.0051899999999705,,
2025-12-17T11:57:43.907Z,1.246,2,1000,640x360,1.9367770000000064,,
2025-12-17T11:57:44.310Z,1.322,2,1000,640x360,1.935438999999974,,
2025-12-17T11:57:44.733Z,1.421,2,1000,640x360,1.9222529999999551,,
2025-12-17T11:57:45.197Z,1.445,2,1000,640x360,1.9575689999999213,,
2025-12-17T11:57:45.616Z,1.513,2,1000,640x360,1.9248569999999745,,
2025-12-17T11:57:46.023Z,1.622,2,1000,640x360,1.9298119999999699,,
2025-12-17T11:57:46.452Z,1.688,2,1000,640x360,1.9927040000000034,,
2025-12-17T11:57:46.520Z,1.668,3,1500,768x432,1.9242249999999785,,
2025-12-17T11:57:47.702Z,0.464,3,1500,768x432,1.9494270000000142,,
2025-12-17T11:57:47.787Z,0.943,2,1000,640x360,1.9541239999999789,,
2025-12-17T11:57:48.232Z,0.9,2,1000,640x360,1.911322000000041,,
2025-12-17T11:57:48.669Z,0.961,2,1000,640x360,1.9745860000000448,,
2025-12-17T11:57:48.753Z,0.912,3,1500,768x432,1.9952879999999595,,
2025-12-17T11:57:49.391Z,0.365,3,1500,768x432,1.9524430000000166,,
2025-12-17T11:57:49.481Z,0.754,2,1000,640x360,1.9731229999999869,,
2025-12-17T11:57:49.899Z,0.756,2,1000,640x360,1.945683000000031,,
2025-12-17T11:57:49.978Z,0.749,3,1500,768x432,1.9670980000000782,,
2025-12-17T11:57:50.598Z,0.046,3,1500,768x432,1.9493079999999736,,rebuffer happen
2025-12-17T11:57:50.599Z,0.046,3,1500,768x432,1.9481799999999794,,
2025-12-17T11:57:50.667Z,0.545,2,1000,640x360,1.9785499999999274,,
2025-12-17T11:57:51.092Z,0.559,2,1000,640x360,1.9621339999999918,,
2025-12-17T11:57:51.166Z,0.526,3,1500,768x432,1.988546999999926,,
2025-12-17T11:57:51.403Z,0.246,3,1500,768x432,1.9512670000000298,,rebuffer happen
2025-12-17T11:57:51.613Z,0.032,3,1500,768x432,1.9312720000000354,,rebuffer happen
2025-12-17T11:57:51.817Z,0.032,3,1500,768x432,2.13427200000001,,
2025-12-17T11:57:51.884Z,0.499,2,1000,640x360,2.169608999999923,,
2025-12-17T11:57:52.320Z,0.454,2,1000,640x360,2.039090999999985,,
2025-12-17T11:57:52.784Z,0.419,2,1000,640x360,2.0201489999999467,,
2025-12-17T11:57:52.862Z,0.421,3,1500,768x432,2.043733999999972,,
2025-12-17T11:57:52.929Z,0.265,3,1500,768x432,1.9706999999999653,,rebuffer happen
2025-12-17T11:57:53.147Z,0.043,3,1500,768x432,2.0436240000000225,,rebuffer happen
2025-12-17T11:57:53.532Z,0.043,3,1500,768x432,2.3396240000000716,,
2025-12-17T11:57:53.607Z,0.543,2,1000,640x360,2.377869999999916,,
2025-12-17T11:57:54.005Z,0.462,2,1000,640x360,2.266271999999958,,
2025-12-17T11:57:54.079Z,0.384,3,1500,768x432,2.272501000000034,,
2025-12-17T11:57:54.208Z,0.198,3,1500,768x432,2.198413999999957,,rebuffer happen
2025-12-17T11:57:54.332Z,0.039,3,1500,768x432,2.1431530000000976,,rebuffer happen
2025-12-17T11:57:54.720Z,0.039,3,1500,768x432,2.536153000000013,,
2025-12-17T11:57:54.792Z,0.539,2,1000,640x360,2.5871650000000272,,
2025-12-17T11:57:55.219Z,0.373,2,1000,640x360,2.3693060000000514,,
2025-12-17T11:57:55.344Z,0.22,2,1000,640x360,2.3870750000000953,,rebuffer happen
2025-12-17T11:57:55.646Z,0.324,2,1000,640x360,2.321399999999926,,
2025-12-17T11:57:55.773Z,0.232,2,1000,640x360,2.2973650000000134,,rebuffer happen
2025-12-17T11:57:56.076Z,0.34,2,1000,640x360,2.2295970000000125,,
2025-12-17T11:57:56.179Z,0.196,2,1000,640x360,2.1996659999999792,,rebuffer happen
2025-12-17T11:57:56.496Z,0.357,2,1000,640x360,2.1546140000000378,,
2025-12-17T11:57:56.585Z,0.243,2,1000,640x360,2.1397040000000516,,rebuffer happen
2025-12-17T11:57:56.904Z,0.377,2,1000,640x360,2.077421999999956,,
2025-12-17T11:57:56.974Z,0.291,2,1000,640x360,2.0882569999999987,,rebuffer happen
2025-12-17T11:57:57.323Z,0.383,2,1000,640x360,1.9908029999999144,,
2025-12-17T11:57:57.469Z,0.3,2,1000,640x360,2.0288920000000417,,rebuffer happen
2025-12-17T11:57:57.508Z,0.29,2,1000,640x360,1.9859430000000202,,rebuffer happen
2025-12-17T11:57:57.762Z,0.409,2,1000,640x360,2.019395999999915,,
2025-12-17T11:57:57.839Z,0.401,3,1500,768x432,1.9382079999999178,,
2025-12-17T11:57:58.022Z,0.147,3,1500,768x432,1.9480780000000095,,rebuffer happen
2025-12-17T11:57:58.152Z,0.017,3,1500,768x432,2.0131000000000085,,rebuffer happen
2025-12-17T11:57:58.498Z,0.017,3,1500,768x432,2.320100000000025,,
2025-12-17T11:57:58.569Z,0.517,2,1000,640x360,2.3580240000000003,,
2025-12-17T11:57:59.014Z,0.397,2,1000,640x360,2.2041370000000597,,
2025-12-17T11:57:59.100Z,0.291,2,1000,640x360,2.199126999999976,,rebuffer happen
2025-12-17T11:57:59.480Z,0.35,2,1000,640x360,2.1718680000000177,,
2025-12-17T11:57:59.610Z,0.246,2,1000,640x360,2.1187400000000025,,rebuffer happen
2025-12-17T11:57:59.932Z,0.342,2,1000,640x360,2.046695999999997,,
2025-12-17T11:58:00.005Z,0.262,2,1000,640x360,2.0643539999999803,,rebuffer happen
2025-12-17T11:58:00.376Z,0.343,2,1000,640x360,2.0416750000000548,,
2025-12-17T11:58:00.449Z,0.341,3,1500,768x432,1.9598890000000893,,
2025-12-17T11:58:00.450Z,0.259,3,1500,768x432,2.064950000000067,,rebuffer happen
2025-12-17T11:58:00.687Z,0.015,3,1500,768x432,2.011985999999979,,rebuffer happen
2025-12-17T11:58:01.110Z,0.015,3,1500,768x432,2.4179860000000417,,
2025-12-17T11:58:01.182Z,0.515,2,1000,640x360,2.453100999999947,,
2025-12-17T11:58:01.630Z,0.365,2,1000,640x360,2.23877200000004,,
2025-12-17T11:58:01.685Z,0.274,2,1000,640x360,2.2746969999999465,,rebuffer happen
2025-12-17T11:58:02.058Z,0.299,2,1000,640x360,2.2623290000000225,,rebuffer happen
2025-12-17T11:58:02.078Z,0.339,2,1000,640x360,2.2357709999999997,,
2025-12-17T11:58:02.147Z,0.339,3,1500,768x432,2.145360000000096,,
2025-12-17T11:58:02.148Z,0.247,3,1500,768x432,2.250233000000094,,rebuffer happen
2025-12-17T11:58:02.338Z,0.018,3,1500,768x432,2.118074999999976,,rebuffer happen
2025-12-17T11:58:02.821Z,0.018,3,1500,768x432,2.617075,,
2025-12-17T11:58:02.895Z,0.483,2,1000,640x360,2.6527019999999766,,
2025-12-17T11:58:03.026Z,0.285,2,1000,640x360,2.5507319999999254,,rebuffer happen
2025-12-17T11:58:03.226Z,0.293,2,1000,640x360,2.456367,,rebuffer happen
2025-12-17T11:58:03.325Z,0.282,2,1000,640x360,2.413296999999943,,rebuffer happen
2025-12-17T11:58:03.410Z,0.176,2,1000,640x360,2.39807600000006,,
2025-12-17T11:58:03.486Z,0.196,3,1500,768x432,2.420831999999905,,
2025-12-17T11:58:03.589Z,0.019,3,1500,768x432,2.4285320000000183,,rebuffer happen
2025-12-17T11:58:04.151Z,0.019,3,1500,768x432,3.014532000000031,,
2025-12-17T11:58:04.221Z,0.475,2,1000,640x360,2.953848999999991,,
2025-12-17T11:58:04.365Z,0.275,2,1000,640x360,2.9426630000000387,,rebuffer happen
2025-12-17T11:58:04.381Z,0.285,2,1000,640x360,2.9198129999999765,,rebuffer happen
2025-12-17T11:58:04.646Z,0.289,2,1000,640x360,2.824540999999954,,rebuffer happen
2025-12-17T11:58:04.656Z,0.289,2,1000,640x360,2.8089939999999842,,
2025-12-17T11:58:04.751Z,0.305,3,1500,768x432,2.7227189999999837,,
2025-12-17T11:58:04.752Z,0.22,3,1500,768x432,2.8269659999999703,,rebuffer happen
2025-12-17T11:58:04.957Z,0.031,3,1500,768x432,2.8280200000000377,,rebuffer happen
2025-12-17T11:58:05.892Z,0.061,3,1500,768x432,3.4195960000000696,,
2025-12-17T11:58:05.941Z,0.025,3,1500,768x432,3.4636500000000296,,rebuffer happen
2025-12-17T11:58:06.558Z,0.021,3,1500,768x432,3.598111000000017,,rebuffer happen
2025-12-17T11:58:06.565Z,0.021,3,1500,768x432,3.598111000000017,,
2025-12-17T11:58:06.608Z,0.016,3,1500,768x432,3.5599859999999808,,rebuffer happen
2025-12-17T11:58:07.175Z,0.021,3,1500,768x432,3.736921999999936,,rebuffer happen
2025-12-17T11:58:07.213Z,0.054,3,1500,768x432,3.7189939999999524,,
2025-12-17T11:58:07.259Z,0.028,3,1500,768x432,3.7678300000000036,,rebuffer happen
2025-12-17T11:58:07.876Z,0.03,3,1500,768x432,3.9006090000000313,,rebuffer happen
2025-12-17T11:58:07.881Z,0.03,3,1500,768x432,3.9006090000000313,,
2025-12-17T11:58:07.926Z,0.023,3,1500,768x432,3.860877999999957,,rebuffer happen
2025-12-17T11:58:08.410Z,0.03,3,1500,768x432,4.0129360000000815,,rebuffer happen
2025-12-17T11:58:08.527Z,0.028,3,1500,768x432,4.004385999999954,,rebuffer happen
2025-12-17T11:58:08.543Z,0.028,3,1500,768x432,4.099385999999981,,
2025-12-17T11:58:08.593Z,0.016,3,1500,768x432,4.054344000000015,,rebuffer happen
2025-12-17T11:58:09.010Z,0.064,3,1500,768x432,4.170656000000008,,rebuffer happen
2025-12-17T11:58:09.189Z,0.073,3,1500,768x432,4.210794999999962,,
2025-12-17T11:58:09.244Z,0.021,3,1500,768x432,4.258430999999973,,rebuffer happen
2025-12-17T11:58:09.394Z,0.023,3,1500,768x432,4.331052999999997,,rebuffer happen
2025-12-17T11:58:09.857Z,0.064,3,1500,768x432,4.400073999999904,,
2025-12-17T11:58:09.894Z,0.02,3,1500,768x432,4.363220999999953,,rebuffer happen
2025-12-17T11:58:10.492Z,0.083,3,1500,768x432,4.5025419999999485,,
2025-12-17T11:58:10.528Z,0.029,3,1500,768x432,4.466363000000001,,rebuffer happen
2025-12-17T11:58:10.695Z,0.029,3,1500,768x432,4.638594000000012,,rebuffer happen
2025-12-17T11:58:11.112Z,0.018,3,1500,768x432,4.626887000000011,,rebuffer happen
2025-12-17T11:58:11.145Z,0.026,3,1500,768x432,4.7019390000000385,,rebuffer happen
2025-12-17T11:58:11.147Z,0.026,3,1500,768x432,4.7019390000000385,,
2025-12-17T11:58:11.195Z,0.017,3,1500,768x432,4.659440000000018,,rebuffer happen
2025-12-17T11:58:11.346Z,0.022,3,1500,768x432,4.8284680000000435,,rebuffer happen
2025-12-17T11:58:11.803Z,0.067,3,1500,768x432,4.803647000000069,,
2025-12-17T11:58:11.846Z,0.023,3,1500,768x432,4.860360000000014,,rebuffer happen
2025-12-17T11:58:12.347Z,0.03,3,1500,768x432,5.007069000000001,,rebuffer happen
2025-12-17T11:58:12.460Z,0.076,3,1500,768x432,5.002055000000041,,
2025-12-17T11:58:12.513Z,0.017,3,1500,768x432,4.954173999999966,,rebuffer happen
2025-12-17T11:58:12.663Z,0.017,3,1500,768x432,5.1268929999999955,,rebuffer happen
2025-12-17T11:58:13.095Z,0.076,3,1500,768x432,5.116653000000042,,
2025-12-17T11:58:13.147Z,0.027,3,1500,768x432,5.165483999999992,,rebuffer happen
2025-12-17T11:58:13.751Z,0.09,3,1500,768x432,5.310657999999989,,
2025-12-17T11:58:13.798Z,0.027,3,1500,768x432,5.264542000000006,,rebuffer happen
2025-12-17T11:58:14.385Z,0.08,3,1500,768x432,5.420872000000031,,
2025-12-17T11:58:14.448Z,0.021,3,1500,768x432,5.4666369999999915,,rebuffer happen
2025-12-17T11:58:14.615Z,0.022,3,1500,768x432,5.527480999999966,,rebuffer happen
2025-12-17T11:58:15.028Z,0.093,3,1500,768x432,5.532639000000017,,
2025-12-17T11:58:15.082Z,0.033,3,1500,768x432,5.574721000000068,,rebuffer happen
2025-12-17T11:58:15.691Z,0.074,3,1500,768x432,5.718105000000037,,
2025-12-17T11:58:15.749Z,0.028,3,1500,768x432,5.772799999999961,,rebuffer happen
2025-12-17T11:58:16.325Z,0.108,3,1500,768x432,5.859063999999989,,
2025-12-17T11:58:16.416Z,0.02,3,1500,768x432,5.857870999999932,,rebuffer happen
2025-12-17T11:58:16.984Z,0.079,3,1500,768x432,6.009904000000006,,
2025-12-17T11:58:17.034Z,0.023,3,1500,768x432,5.960615999999959,,rebuffer happen
2025-12-17T11:58:17.654Z,0.078,3,1500,768x432,6.223915000000034,,
2025-12-17T11:58:17.701Z,0.03,3,1500,768x432,6.181005000000027,,rebuffer happen
2025-12-17T11:58:18.361Z,0.055,3,1500,768x432,6.395996999999966,,
2025-12-17T11:58:18.401Z,0.018,3,1500,768x432,6.355777999999987,,rebuffer happen
2025-12-17T11:58:18.585Z,0.025,3,1500,768x432,6.540931999999998,,rebuffer happen
2025-12-17T11:58:19.002Z,0.062,3,1500,768x432,6.533086000000026,,rebuffer happen
2025-12-17T11:58:19.033Z,0.062,3,1500,768x432,6.505347000000029,,
2025-12-17T11:58:19.085Z,0.017,3,1500,768x432,6.561947999999916,,rebuffer happen
2025-12-17T11:58:19.252Z,0.024,3,1500,768x432,6.730205000000069,,rebuffer happen
2025-12-17T11:58:19.469Z,0.033,3,1500,768x432,6.740139999999997,,rebuffer happen
2025-12-17T11:58:19.701Z,0.087,3,1500,768x432,6.735253000000057,,
2025-12-17T11:58:19.769Z,0.027,3,1500,768x432,6.77581500000008,,rebuffer happen
2025-12-17T11:58:20.354Z,0.07,3,1500,768x432,6.926050999999916,,
2025-12-17T11:58:20.420Z,0.018,3,1500,768x432,6.86100399999998,,rebuffer happen
2025-12-17T11:58:21.014Z,0.089,3,1500,768x432,7.027924999999982,,
2025-12-17T11:58:21.087Z,0.017,3,1500,768x432,7.055605000000014,,rebuffer happen
2025-12-17T11:58:21.504Z,0.018,3,1500,768x432,7.20031599999993,,rebuffer happen
2025-12-17T11:58:21.604Z,0.033,3,1500,768x432,7.210799999999949,,rebuffer happen
2025-12-17T11:58:21.704Z,0.078,3,1500,768x432,7.220970000000079,,
2025-12-17T11:58:21.771Z,0.024,3,1500,768x432,7.261173999999983,,rebuffer happen
2025-12-17T11:58:22.365Z,0.088,3,1500,768x432,7.418360000000007,,
2025-12-17T11:58:22.422Z,0.025,3,1500,768x432,7.362593999999945,,rebuffer happen
2025-12-17T11:58:22.922Z,0.028,3,1500,768x432,7.534101000000078,,rebuffer happen
2025-12-17T11:58:23.048Z,0.054,3,1500,768x432,7.626601000000051,,
2025-12-17T11:58:23.106Z,0.027,3,1500,768x432,7.569843999999989,,rebuffer happen
2025-12-17T11:58:23.719Z,0.08,3,1500,768x432,7.729802999999947,,
2025-12-17T11:58:23.789Z,0.021,3,1500,768x432,7.763716999999929,,rebuffer happen
2025-12-17T11:58:23.939Z,0.027,3,1500,768x432,7.838631000000078,,rebuffer happen
2025-12-17T11:58:24.398Z,0.09,3,1500,768x432,7.931457999999907,,
2025-12-17T11:58:24.457Z,0.025,2,1000,640x360,7.966269000000011,,rebuffer happen
2025-12-17T11:58:24.471Z,0.025,2,1000,640x360,7.966269000000011,,
2025-12-17T11:58:24.929Z,0.259,2,1000,640x360,8.094320999999923,,
2025-12-17T11:58:25.385Z,0.293,2,1000,640x360,8.14025700000002,,
2025-12-17T11:58:25.469Z,0.295,3,1500,768x432,8.150990999999976,,
2025-12-17T11:58:25.657Z,0.056,3,1500,768x432,8.16463299999998,,rebuffer happen
2025-12-17T11:58:25.707Z,0.018,3,1500,768x432,8.125687999999968,,rebuffer happen
2025-12-17T11:58:26.120Z,0.117,3,1500,768x432,8.14892999999995,,
2025-12-17T11:58:26.191Z,0.03,3,1500,768x432,8.168513000000075,,rebuffer happen
2025-12-17T11:58:26.757Z,0.091,3,1500,768x432,8.356828000000064,,
2025-12-17T11:58:26.842Z,0.02,3,1500,768x432,8.358991999999944,,rebuffer happen
2025-12-17T11:58:26.992Z,0.021,3,1500,768x432,8.427536999999916,,rebuffer happen
2025-12-17T11:58:27.391Z,0.079,3,1500,768x432,8.438051000000087,,
2025-12-17T11:58:27.459Z,0.026,3,1500,768x432,8.464373000000023,,rebuffer happen
2025-12-17T11:58:28.027Z,0.109,3,1500,768x432,8.564645000000041,,
2025-12-17T11:58:28.109Z,0.03,3,1500,768x432,8.57264900000007,,rebuffer happen
2025-12-17T11:58:28.681Z,0.095,3,1500,768x432,8.74266799999998,,
2025-12-17T11:58:28.776Z,0.016,3,1500,768x432,8.760010999999963,,rebuffer happen
2025-12-17T11:58:29.333Z,0.082,3,1500,768x432,8.825094000000036,,
2025-12-17T11:58:29.394Z,0.024,3,1500,768x432,8.866329999999948,,rebuffer happen
2025-12-17T11:58:29.990Z,0.13,3,1500,768x432,9.069862000000057,,
2025-12-17T11:58:30.094Z,0.019,3,1500,768x432,9.063709000000017,,rebuffer happen
2025-12-17T11:58:30.395Z,0.066,3,1500,768x432,9.170035999999982,,rebuffer happen
2025-12-17T11:58:30.641Z,0.123,3,1500,768x432,9.249353000000042,,
2025-12-17T11:58:30.728Z,0.026,3,1500,768x432,9.164420000000064,,rebuffer happen
2025-12-17T11:58:31.322Z,0.091,3,1500,768x432,9.321614000000068,,
2025-12-17T11:58:31.379Z,0.027,3,1500,768x432,9.365734999999972,,rebuffer happen
2025-12-17T11:58:31.973Z,0.103,3,1500,768x432,9.546701000000098,,
2025-12-17T11:58:32.063Z,0.017,3,1500,768x432,9.558415000000082,,rebuffer happen
2025-12-17T11:58:32.638Z,0.102,3,1500,768x432,9.634955999999988,,
2025-12-17T11:58:32.713Z,0.027,3,1500,768x432,9.675892999999974,,rebuffer happen
2025-12-17T11:58:33.284Z,0.098,3,1500,768x432,9.834789,,
2025-12-17T11:58:33.347Z,0.029,3,1500,768x432,9.86799899999994,,rebuffer happen
2025-12-17T11:58:33.952Z,0.126,3,1500,768x432,10.067818999999986,,
2025-12-17T11:58:34.047Z,0.025,3,1500,768x432,10.062045000000012,,rebuffer happen
2025-12-17T11:58:34.640Z,0.086,3,1500,768x432,10.215941000000043,,
2025-12-17T11:58:34.698Z,0.025,3,1500,768x432,10.162408000000028,,rebuffer happen
2025-12-17T11:58:35.296Z,0.072,3,1500,768x432,10.318041999999991,,
2025-12-17T11:58:35.349Z,0.023,3,1500,768x432,10.36206900000002,,rebuffer happen
2025-12-17T11:58:35.953Z,0.114,3,1500,768x432,10.537134000000037,,
2025-12-17T11:58:36.033Z,0.018,3,1500,768x432,10.458250000000021,,rebuffer happen
2025-12-17T11:58:36.199Z,0.027,3,1500,768x432,10.597858000000087,,rebuffer happen
2025-12-17T11:58:36.611Z,0.076,3,1500,768x432,10.61513100000002,,
2025-12-17T11:58:36.666Z,0.022,3,1500,768x432,10.668878999999947,,rebuffer happen
2025-12-17T11:58:37.266Z,0.077,3,1500,768x432,10.816205999999966,,
2025-12-17T11:58:37.317Z,0.028,3,1500,768x432,10.765719999999988,,rebuffer happen
2025-12-17T11:58:37.894Z,0.126,3,1500,768x432,10.97941800000001,,
2025-12-17T11:58:38.017Z,0.017,3,1500,768x432,10.956277999999998,,rebuffer happen
2025-12-17T11:58:38.522Z,0.123,3,1500,768x432,11.054254000000014,,
2025-12-17T11:58:38.618Z,0.02,3,1500,768x432,11.058868999999959,,rebuffer happen
2025-12-17T11:58:39.137Z,0.143,3,1500,768x432,11.186492000000044,,
2025-12-17T11:58:39.252Z,0.031,3,1500,768x432,11.275107000000048,,rebuffer happen
2025-12-17T11:58:39.763Z,0.161,3,1500,768x432,11.400568000000021,,
2025-12-17T11:58:39.903Z,0.023,3,1500,768x432,11.361864999999966,,rebuffer happen
2025-12-17T11:58:40.389Z,0.174,3,1500,768x432,11.513758999999936,,
2025-12-17T11:58:40.536Z,0.021,3,1500,768x432,11.458122000000003,,rebuffer happen
2025-12-17T11:58:40.988Z,0.19,3,1500,768x432,11.648450999999909,,
2025-12-17T11:58:41.170Z,0.023,3,1500,768x432,11.669185999999968,,rebuffer happen
2025-12-17T11:58:41.606Z,0.162,3,1500,768x432,11.733997000000045,,
2025-12-17T11:58:41.771Z,0.029,3,1500,768x432,11.767700999999988,,rebuffer happen
2025-12-17T11:58:42.230Z,0.19,3,1500,768x432,11.830890000000068,,
2025-12-17T11:58:42.404Z,0.019,3,1500,768x432,11.856713000000013,,rebuffer happen
2025-12-17T11:58:42.878Z,0.193,3,1500,768x432,12.025962999999933,,
2025-12-17T11:58:43.039Z,0.028,3,1500,768x432,11.977961999999934,,rebuffer happen
2025-12-17T11:58:43.514Z,0.203,3,1500,768x432,12.146131999999966,,
2025-12-17T11:58:43.689Z,0.024,3,1500,768x432,12.16148300000009,,rebuffer happen
2025-12-17T11:58:44.171Z,0.156,3,1500,768x432,12.296917000000008,,
2025-12-17T11:58:44.306Z,0.025,3,1500,768x432,12.268785000000094,,rebuffer happen
2025-12-17T11:58:44.817Z,0.156,3,1500,768x432,12.404659999999922,,
2025-12-17T11:58:44.957Z,0.025,3,1500,768x432,12.46572500000002,,rebuffer happen
2025-12-17T11:58:45.463Z,0.172,3,1500,768x432,12.605573999999933,,
2025-12-17T11:58:45.590Z,0.029,3,1500,768x432,12.56782499999997,,rebuffer happen
2025-12-17T11:58:46.078Z,0.161,3,1500,768x432,12.698762999999985,,
2025-12-17T11:58:46.208Z,0.026,3,1500,768x432,12.66381899999999,,rebuffer happen
2025-12-17T11:58:46.703Z,0.147,3,1500,768x432,12.788066000000072,,
2025-12-17T11:58:46.825Z,0.028,3,1500,768x432,12.775413999999955,,rebuffer happen
2025-12-17T11:58:47.341Z,0.129,3,1500,768x432,12.980645999999979,,
2025-12-17T11:58:47.458Z,0.026,3,1500,768x432,12.975084999999922,,rebuffer happen
2025-12-17T11:58:47.985Z,0.143,3,1500,768x432,13.07638899999995,,
2025-12-17T11:58:48.092Z,0.021,3,1500,768x432,13.058871000000067,,rebuffer happen
2025-12-17T11:58:48.637Z,0.082,3,1500,768x432,13.133410000000026,,
2025-12-17T11:58:48.710Z,0.029,3,1500,768x432,13.175424999999905,,rebuffer happen
2025-12-17T11:58:49.310Z,0.029,3,1500,768x432,13.300006999999937,,rebuffer happen
2025-12-17T11:58:49.313Z,0.029,3,1500,768x432,13.300006999999937,,
2025-12-17T11:58:49.360Z,0.021,3,1500,768x432,13.35906,,rebuffer happen
2025-12-17T11:58:49.627Z,0.032,3,1500,768x432,13.436804000000052,,rebuffer happen
2025-12-17T11:58:49.928Z,0.027,3,1500,768x432,13.477670999999987,,rebuffer happen
2025-12-17T11:58:50.008Z,0.059,3,1500,768x432,13.496163000000024,,
2025-12-17T11:58:50.044Z,0.025,3,1500,768x432,13.562905,,rebuffer happen
2025-12-17T11:58:50.578Z,0.02,3,1500,768x432,13.690660999999977,,rebuffer happen
2025-12-17T11:58:50.611Z,0.026,3,1500,768x432,13.663203000000067,,rebuffer happen
2025-12-17T11:58:50.695Z,0.057,3,1500,768x432,13.696804999999927,,
2025-12-17T11:58:50.696Z,0.054,3,1500,768x432,13.695245999999997,,rebuffer happen
2025-12-17T11:58:50.728Z,0.026,3,1500,768x432,13.667136999999911,,rebuffer happen
2025-12-17T11:58:51.307Z,0.121,3,1500,768x432,13.856348000000025,,
2025-12-17T11:58:51.395Z,0.018,3,1500,768x432,13.860277999999994,,rebuffer happen
2025-12-17T11:58:51.664Z,0.033,3,1500,768x432,13.905167000000006,,rebuffer happen
2025-12-17T11:58:51.670Z,0.033,3,1500,768x432,13.904618000000028,,rebuffer happen
2025-12-17T11:58:51.679Z,0.025,3,1500,768x432,13.897069999999985,,rebuffer happen
2025-12-17T11:58:51.971Z,0.025,3,1500,768x432,14.199070000000006,,
2025-12-17T11:58:52.084Z,0,3,1500,768x432,14.276834000000008,,rebuffer happen
2025-12-17T11:58:52.408Z,0,3,1500,768x432,14.576833999999963,,
2025-12-17T11:58:53.044Z,0,3,1500,768x432,15.273833999999965,,
2025-12-17T11:58:53.304Z,0.281,3,1500,768x432,2.920814000000064,,rebuffer happen
2025-12-17T11:58:53.677Z,0.198,3,1500,768x432,2.837401,,
2025-12-17T11:58:53.864Z,0.027,3,1500,768x432,2.8694359999999506,,rebuffer happen
2025-12-17T11:58:54.320Z,0.091,3,1500,768x432,2.822826999999961,,
2025-12-17T11:58:54.381Z,0.025,3,1500,768x432,2.8625170000000253,,rebuffer happen
2025-12-17T11:58:54.991Z,0.089,3,1500,768x432,3.043656999999939,,
2025-12-17T11:58:55.065Z,0.031,3,1500,768x432,3.0717309999999998,,rebuffer happen
2025-12-17T11:58:55.666Z,0.069,3,1500,768x432,3.224311000000057,,
2025-12-17T11:58:55.732Z,0.019,3,1500,768x432,3.1611149999999952,,rebuffer happen
2025-12-17T11:58:56.233Z,0.021,3,1500,768x432,3.29663800000003,,rebuffer happen
2025-12-17T11:58:56.325Z,0.067,3,1500,768x432,3.309721999999965,,
2025-12-17T11:58:56.383Z,0.02,3,1500,768x432,3.360879000000068,,rebuffer happen
2025-12-17T11:58:56.549Z,0.025,3,1500,768x432,3.5383130000000165,,rebuffer happen
2025-12-17T11:58:56.991Z,0.066,3,1500,768x432,3.5269889999999577,,
2025-12-17T11:58:57.050Z,0.021,3,1500,768x432,3.566526999999951,,rebuffer happen
2025-12-17T11:58:57.534Z,0.023,3,1500,768x432,3.628060000000005,,rebuffer happen
2025-12-17T11:58:57.671Z,0.066,3,1500,768x432,3.7090390000000752,,
2025-12-17T11:58:57.734Z,0.015,3,1500,768x432,3.6528319999999894,,rebuffer happen
2025-12-17T11:58:57.901Z,0.018,3,1500,768x432,3.8247740000000476,,rebuffer happen
2025-12-17T11:58:58.316Z,0.105,3,1500,768x432,3.8466430000000855,,
2025-12-17T11:58:58.384Z,0.031,3,1500,768x432,3.8711769999999888,,rebuffer happen
2025-12-17T11:58:58.992Z,0.089,3,1500,768x432,4.028614999999945,,
2025-12-17T11:58:59.051Z,0.022,3,1500,768x432,4.061421999999993,,rebuffer happen
2025-12-17T11:58:59.667Z,0.081,3,1500,768x432,4.216256000000044,,
2025-12-17T11:58:59.719Z,0.025,3,1500,768x432,4.167026000000078,,rebuffer happen
2025-12-17T11:59:00.286Z,0.06,3,1500,768x432,4.3692759999999,,rebuffer happen
2025-12-17T11:59:00.346Z,0.076,3,1500,768x432,4.413128000000029,,
2025-12-17T11:59:00.403Z,0.022,3,1500,768x432,4.362527,,rebuffer happen
2025-12-17T11:59:00.569Z,0.028,3,1500,768x432,4.533493000000021,,rebuffer happen
2025-12-17T11:59:01.004Z,0.099,3,1500,768x432,4.531378000000018,,
2025-12-17T11:59:01.070Z,0.026,3,1500,768x432,4.5662079999999605,,rebuffer happen
2025-12-17T11:59:01.437Z,0.032,3,1500,768x432,4.636202000000026,,rebuffer happen
2025-12-17T11:59:01.683Z,0.072,3,1500,768x432,4.705048000000033,,
2025-12-17T11:59:01.720Z,0.031,3,1500,768x432,4.6700590000000375,,rebuffer happen
2025-12-17T11:59:02.341Z,0.072,3,1500,768x432,4.90328199999999,,
2025-12-17T11:59:02.387Z,0.018,3,1500,768x432,4.856897000000004,,rebuffer happen
2025-12-17T11:59:02.571Z,0.018,3,1500,768x432,5.02339900000004,,rebuffer happen
2025-12-17T11:59:02.638Z,0.059,3,1500,768x432,4.963918000000035,,rebuffer happen
2025-12-17T11:59:03.011Z,0.074,3,1500,768x432,5.015404999999987,,
2025-12-17T11:59:03.072Z,0.018,3,1500,768x432,5.067233999999985,,rebuffer happen
2025-12-17T11:59:03.589Z,0.03,3,1500,768x432,5.207752000000028,,rebuffer happen
2025-12-17T11:59:03.704Z,0.05,3,1500,768x432,5.202767999999992,,
2025-12-17T11:59:03.739Z,0.023,3,1500,768x432,5.167976999999951,,rebuffer happen
2025-12-17T11:59:04.369Z,0.073,3,1500,768x432,5.420653000000016,,
2025-12-17T11:59:04.423Z,0.023,3,1500,768x432,5.367595000000051,,rebuffer happen
2025-12-17T11:59:04.606Z,0.023,3,1500,768x432,5.533061999999973,,rebuffer happen
2025-12-17T11:59:05.025Z,0.09,3,1500,768x432,5.540210999999999,,
2025-12-17T11:59:05.090Z,0.025,3,1500,768x432,5.569688999999926,,rebuffer happen
2025-12-17T11:59:05.540Z,0.018,3,1500,768x432,5.755902999999989,,rebuffer happen
2025-12-17T11:59:05.719Z,0.07,3,1500,768x432,5.706380999999965,,
2025-12-17T11:59:05.774Z,0.017,3,1500,768x432,5.756276000000071,,rebuffer happen
2025-12-17T11:59:06.374Z,0.029,3,1500,768x432,5.9340729999998985,,rebuffer happen
2025-12-17T11:59:06.400Z,0.062,3,1500,768x432,5.915008999999941,,
2025-12-17T11:59:06.457Z,0.025,3,1500,768x432,5.962626,,rebuffer happen
2025-12-17T11:59:06.808Z,0.026,3,1500,768x432,6.069284000000039,,rebuffer happen
2025-12-17T11:59:06.925Z,0.023,3,1500,768x432,6.063392000000022,,rebuffer happen
2025-12-17T11:59:07.100Z,0.068,3,1500,768x432,6.103783000000021,,
2025-12-17T11:59:07.141Z,0.018,3,1500,768x432,6.156507000000033,,rebuffer happen
2025-12-17T11:59:07.509Z,0.032,3,1500,768x432,6.274260000000027,,rebuffer happen
2025-12-17T11:59:07.799Z,0.057,3,1500,768x432,6.310122999999976,,
2025-12-17T11:59:07.842Z,0.018,3,1500,768x432,6.357745000000023,,rebuffer happen
2025-12-17T11:59:08.109Z,0.028,3,1500,768x432,6.467587999999978,,rebuffer happen
2025-12-17T11:59:08.504Z,0.087,3,1500,768x432,6.5064989999999625,,
2025-12-17T11:59:08.543Z,0.03,3,1500,768x432,6.569430000000011,,rebuffer happen
2025-12-17T11:59:09.176Z,0.028,3,1500,768x432,6.699929999999995,,rebuffer happen
2025-12-17T11:59:09.178Z,0.028,3,1500,768x432,6.699929999999995,,
2025-12-17T11:59:09.226Z,0.019,3,1500,768x432,6.657271000000037,,rebuffer happen
2025-12-17T11:59:09.577Z,0.029,3,1500,768x432,6.867440999999985,,rebuffer happen
2025-12-17T11:59:09.854Z,0.072,3,1500,768x432,6.935350999999969,,
2025-12-17T11:59:09.910Z,0.028,3,1500,768x432,6.879680000000008,,rebuffer happen
2025-12-17T11:59:10.294Z,0.029,3,1500,768x432,7.036794999999984,,rebuffer happen
2025-12-17T11:59:10.550Z,0.076,3,1500,768x432,7.11100399999998,,
2025-12-17T11:59:10.595Z,0.026,3,1500,768x432,7.066834999999969,,rebuffer happen
2025-12-17T11:59:11.217Z,0.085,3,1500,768x432,7.222260000000006,,
2025-12-17T11:59:11.278Z,0.023,3,1500,768x432,7.260265000000004,,rebuffer happen
2025-12-17T11:59:11.462Z,0.024,3,1500,768x432,7.4334689999999455,,rebuffer happen
2025-12-17T11:59:11.927Z,0.074,3,1500,768x432,7.401792999999998,,
2025-12-17T11:59:11.962Z,0.018,3,1500,768x432,7.455573999999956,,rebuffer happen
2025-12-17T11:59:12.380Z,0.026,3,1500,768x432,7.645334999999932,,rebuffer happen
2025-12-17T11:59:12.412Z,0.03,3,1500,768x432,7.61555599999997,,rebuffer happen
2025-12-17T11:59:12.463Z,0.027,3,1500,768x432,7.666066999999998,,rebuffer happen
2025-12-17T11:59:12.635Z,0.078,3,1500,768x432,7.611009999999965,,
2025-12-17T11:59:12.696Z,0.018,3,1500,768x432,7.66557899999998,,rebuffer happen
2025-12-17T11:59:13.325Z,0.069,3,1500,768x432,7.802096000000006,,
2025-12-17T11:59:13.363Z,0.022,2,1000,640x360,7.865073999999936,,rebuffer happen
2025-12-17T11:59:13.396Z,0.022,2,1000,640x360,7.865073999999936,,
2025-12-17T11:59:13.854Z,0.26,2,1000,640x360,8.109391999999957,,
2025-12-17T11:59:14.312Z,0.301,2,1000,640x360,8.052699000000075,,
2025-12-17T11:59:14.428Z,0.198,2,1000,640x360,8.03627199999994,,rebuffer happen
2025-12-17T11:59:14.784Z,0.28,2,1000,640x360,8.019552999999974,,
2025-12-17T11:59:15.241Z,0.304,2,1000,640x360,8.054260999999997,,
2025-12-17T11:59:15.274Z,0.267,2,1000,640x360,8.005475000000047,,rebuffer happen
2025-12-17T11:59:15.432Z,0.031,2,1000,640x360,7.880614000000037,,rebuffer happen
2025-12-17T11:59:15.698Z,0.263,2,1000,640x360,7.934048000000075,,
2025-12-17T11:59:16.155Z,0.348,2,1000,640x360,7.989045999999917,,
2025-12-17T11:59:16.226Z,0.268,2,1000,640x360,7.918503999999984,,rebuffer happen
2025-12-17T11:59:16.590Z,0.328,2,1000,640x360,7.88110800000004,,
2025-12-17T11:59:16.715Z,0.221,2,1000,640x360,7.8711660000000165,,rebuffer happen
2025-12-17T11:59:17.002Z,0.398,2,1000,640x360,7.856330000000071,,
2025-12-17T11:59:17.141Z,0.243,2,1000,640x360,7.84838000000002,,rebuffer happen
2025-12-17T11:59:17.409Z,0.323,2,1000,640x360,7.646810999999957,,
2025-12-17T11:59:17.425Z,0.283,2,1000,640x360,7.621995999999967,,rebuffer happen
2025-12-17T11:59:17.753Z,0.389,2,1000,640x360,7.63882000000001,,
2025-12-17T11:59:18.139Z,0.365,2,1000,640x360,7.380906999999979,,
2025-12-17T11:59:18.225Z,0.246,2,1000,640x360,7.350479000000064,,rebuffer happen
2025-12-17T11:59:18.352Z,0.256,2,1000,640x360,7.371780000000058,,rebuffer happen
2025-12-17T11:59:18.470Z,0.28,2,1000,640x360,7.28880300000003,,rebuffer happen
2025-12-17T11:59:18.517Z,0.262,2,1000,640x360,7.2242820000000165,,
2025-12-17T11:59:18.901Z,0.396,2,1000,640x360,7.239040000000045,,
2025-12-17T11:59:19.249Z,0.372,2,1000,640x360,7.114501999999902,,
2025-12-17T11:59:19.330Z,0.288,2,1000,640x360,6.992563999999902,,rebuffer happen
2025-12-17T11:59:19.575Z,0.383,2,1000,640x360,6.939417000000049,,
2025-12-17T11:59:19.657Z,0.298,2,1000,640x360,6.909093999999982,,rebuffer happen
2025-12-17T11:59:19.750Z,0.658,2,1000,640x360,6.910564999999906,,
2025-12-17T11:59:19.878Z,0.985,2,1000,640x360,6.8922719999999345,,
2025-12-17T11:59:20.025Z,1.319,2,1000,640x360,6.797767000000022,,
2025-12-17T11:59:20.250Z,1.501,2,1000,640x360,6.757230999999933,,
2025-12-17T11:59:20.434Z,1.726,2,1000,640x360,6.590531999999939,,
2025-12-17T11:59:20.676Z,1.863,2,1000,640x360,6.525999999999954,,
2025-12-17T11:59:20.753Z,1.783,1,600,480x270,6.504110000000082,,
2025-12-17T11:59:20.913Z,2.02,1,600,480x270,6.372893999999974,,
2025-12-17T11:59:20.986Z,2.025,2,1000,640x360,6.356839000000036,,
2025-12-17T11:59:21.265Z,1.978,2,1000,640x360,6.236725000000092,,
2025-12-17T11:59:21.517Z,2.115,2,1000,640x360,6.057013999999981,,
2025-12-17T11:59:21.701Z,2.243,2,1000,640x360,6.010530000000017,,
2025-12-17T11:59:21.767Z,2.334,3,1500,768x432,6.042644999999993,,
2025-12-17T11:59:22.002Z,2.301,3,1500,768x432,5.877557000000024,,
2025-12-17T11:59:22.079Z,2.342,2,1000,640x360,5.871322999999961,,
2025-12-17T11:59:22.265Z,2.427,2,1000,640x360,5.79548699999998,,
2025-12-17T11:59:22.343Z,2.545,1,600,480x270,5.677853000000027,,
2025-12-17T11:59:22.470Z,2.737,1,600,480x270,5.67517399999997,,
2025-12-17T11:59:22.603Z,3.037,1,600,480x270,5.585354999999936,,
2025-12-17T11:59:22.735Z,3.192,1,600,480x270,5.525323999999955,,
2025-12-17T11:59:22.812Z,3.385,2,1000,640x360,5.565877,,
2025-12-17T11:59:23.157Z,3.269,2,1000,640x360,5.449566000000004,,
2025-12-17T11:59:23.183Z,3.685,2,1000,640x360,5.409272999999985,,
2025-12-17T11:59:23.264Z,3.757,1,600,480x270,5.397617999999966,,
2025-12-17T11:59:23.515Z,3.794,1,600,480x270,5.223569999999995,,
2025-12-17T11:59:23.592Z,3.711,2,1000,640x360,5.199804999999969,,
2025-12-17T11:59:24.113Z,3.44,2,1000,640x360,4.916740000000004,,
2025-12-17T11:59:24.516Z,3.315,2,1000,640x360,4.709295999999995,,
2025-12-17T11:59:24.931Z,3.198,2,1000,640x360,4.525892999999996,,
2025-12-17T11:59:25.386Z,3.018,2,1000,640x360,4.354552000000012,,
2025-12-17T11:59:25.458Z,3.002,3,1500,768x432,4.34046699999999,,
2025-12-17T11:59:26.075Z,2.475,3,1500,768x432,4.054467000000045,,
2025-12-17T11:59:26.146Z,2.502,2,1000,640x360,3.9479450000000043,,
2025-12-17T11:59:26.580Z,2.255,2,1000,640x360,3.7823789999999917,,
2025-12-17T11:59:27.003Z,2.208,2,1000,640x360,3.6222760000000562,,
2025-12-17T11:59:27.429Z,2.07,2,1000,640x360,3.388429999999971,,
2025-12-17T11:59:27.500Z,2.041,1,600,480x270,3.3749420000000327,,
2025-12-17T11:59:27.722Z,2.124,1,600,480x270,3.2813509999999724,,
2025-12-17T11:59:27.796Z,2.139,3,1500,768x432,3.3249250000000075,,
2025-12-17T11:59:28.345Z,1.801,3,1500,768x432,3.1408820000000333,,
2025-12-17T11:59:28.422Z,1.799,2,1000,640x360,3.0261849999999413,,
2025-12-17T11:59:28.839Z,1.592,2,1000,640x360,2.837742999999932,,
2025-12-17T11:59:28.921Z,1.589,3,1500,768x432,2.8081600000000435,,
2025-12-17T11:59:29.518Z,1.02,3,1500,768x432,2.518060999999989,,
2025-12-17T11:59:29.587Z,1.08,2,1000,640x360,2.521974,,
2025-12-17T11:59:30.056Z,0.827,2,1000,640x360,2.3747920000000704,,
2025-12-17T11:59:30.556Z,0.685,2,1000,640x360,2.2186810000000605,,
2025-12-17T11:59:31.099Z,0.546,2,1000,640x360,2.0864859999999226,,
2025-12-17T11:59:31.526Z,0.551,2,1000,640x360,2.002949000000058,,
2025-12-17T11:59:31.607Z,0.551,3,1500,768x432,2.0008129999999937,,
2025-12-17T11:59:32.247Z,0.272,3,1500,768x432,2.0495310000000018,,rebuffer happen
2025-12-17T11:59:32.247Z,0.272,3,1500,768x432,2.0489089999999806,,
2025-12-17T11:59:32.391Z,0.185,3,1500,768x432,1.989975999999956,,rebuffer happen
2025-12-17T11:59:32.869Z,0.191,3,1500,768x432,2.0118689999999333,,
2025-12-17T11:59:33.013Z,0.031,3,1500,768x432,1.9771640000000161,,rebuffer happen
2025-12-17T11:59:33.496Z,0.082,3,1500,768x432,2.0216749999999593,,
2025-12-17T11:59:33.546Z,0.025,3,1500,768x432,2.065597999999909,,rebuffer happen
2025-12-17T11:59:34.014Z,0.03,3,1500,768x432,2.1010069999999814,,rebuffer happen
2025-12-17T11:59:34.130Z,0.021,3,1500,768x432,2.0917010000000573,,rebuffer happen
2025-12-17T11:59:34.154Z,0.021,3,1500,768x432,2.198701000000028,,
2025-12-17T11:59:34.197Z,0.016,3,1500,768x432,2.160480000000007,,rebuffer happen
2025-12-17T11:59:34.331Z,0.019,3,1500,768x432,2.2281619999999975,,rebuffer happen
2025-12-17T11:59:34.664Z,0.031,3,1500,768x432,2.306822000000011,,rebuffer happen
2025-12-17T11:59:34.781Z,0.028,3,1500,768x432,2.30137000000002,,rebuffer happen
2025-12-17T11:59:34.793Z,0.028,3,1500,768x432,2.30137000000002,,
2025-12-17T11:59:34.831Z,0.027,3,1500,768x432,2.2678240000000187,,rebuffer happen
2025-12-17T11:59:35.412Z,0.082,3,1500,768x432,2.4062470000000076,,
2025-12-17T11:59:35.448Z,0.03,3,1500,768x432,2.467977000000019,,rebuffer happen
2025-12-17T11:59:36.066Z,0.024,3,1500,768x432,2.608564000000001,,rebuffer happen
2025-12-17T11:59:36.078Z,0.024,3,1500,768x432,2.608564000000001,,
2025-12-17T11:59:36.116Z,0.025,3,1500,768x432,2.5760230000000774,,rebuffer happen
2025-12-17T11:59:36.582Z,0.03,3,1500,768x432,2.714302000000089,,rebuffer happen
2025-12-17T11:59:36.713Z,0.073,3,1500,768x432,2.696439000000055,,
2025-12-17T11:59:36.749Z,0.027,3,1500,768x432,2.7683809999999767,,rebuffer happen
2025-12-17T11:59:37.250Z,0.033,3,1500,768x432,2.9048360000000457,,rebuffer happen
2025-12-17T11:59:37.367Z,0.023,3,1500,768x432,2.8940810000000283,,rebuffer happen
2025-12-17T11:59:37.372Z,0.023,3,1500,768x432,2.8940810000000283,,
2025-12-17T11:59:37.417Z,0.017,3,1500,768x432,2.854631999999924,,rebuffer happen
2025-12-17T11:59:38.021Z,0.022,3,1500,768x432,3.006829000000039,,rebuffer happen
2025-12-17T11:59:38.022Z,0.022,3,1500,768x432,3.006829000000039,,
2025-12-17T11:59:38.069Z,0.015,3,1500,768x432,3.052171000000044,,rebuffer happen
2025-12-17T11:59:38.569Z,0.02,3,1500,768x432,3.195347999999967,,rebuffer happen
2025-12-17T11:59:38.618Z,0.027,3,1500,768x432,3.1694180000000642,,rebuffer happen
2025-12-17T11:59:38.701Z,0.027,3,1500,768x432,3.2026420000000826,,rebuffer happen
2025-12-17T11:59:38.706Z,0.06,3,1500,768x432,3.2026420000000826,,
2025-12-17T11:59:38.751Z,0.02,3,1500,768x432,3.2665719999999965,,rebuffer happen
2025-12-17T11:59:39.335Z,0.022,3,1500,768x432,3.301755999999955,,rebuffer happen
2025-12-17T11:59:39.338Z,0.022,3,1500,768x432,3.301755999999955,,
2025-12-17T11:59:39.368Z,0.029,3,1500,768x432,3.3660840000000007,,rebuffer happen
2025-12-17T11:59:39.974Z,0.1,3,1500,768x432,3.5444989999999734,,
2025-12-17T11:59:40.053Z,0.018,3,1500,768x432,3.5556460000000243,,rebuffer happen
2025-12-17T11:59:40.536Z,0.065,3,1500,768x432,3.5798810000000003,,rebuffer happen
2025-12-17T11:59:40.620Z,0.022,3,1500,768x432,3.5928539999999884,,rebuffer happen
2025-12-17T11:59:40.626Z,0.022,3,1500,768x432,3.5928539999999884,,
2025-12-17T11:59:40.670Z,0.019,3,1500,768x432,3.65944300000001,,rebuffer happen
2025-12-17T11:59:41.022Z,0.216,3,1500,768x432,3.7534709999999905,,
2025-12-17T11:59:41.104Z,0.305,3,1500,768x432,3.761523000000011,,
2025-12-17T11:59:41.181Z,0.323,0,200,320x180,3.797211999999945,,
2025-12-17T11:59:41.182Z,0.246,0,200,320x180,3.796517999999992,,rebuffer happen
2025-12-17T11:59:41.403Z,0.025,0,200,320x180,3.7636649999999463,,rebuffer happen
2025-12-17T11:59:43.248Z,0.025,0,200,320x180,5.667664999999943,,