timestamp,bufferLevel,qualityIndex,bitrateKbps,resolution,liveLatency,predictedKbps,rebuffer
2025-12-17T08:16:12.722Z,0,3,1500,768x432,1.0775,,
2025-12-17T08:16:12.727Z,0,3,1500,768x432,1.0775,,rebuffer happen
2025-12-17T08:16:12.756Z,0.1,3,1500,768x432,1.076517,,rebuffer happen
2025-12-17T08:16:12.836Z,0.028,3,1500,768x432,1.204059,,rebuffer happen
2025-12-17T08:16:12.886Z,0.02,3,1500,768x432,1.1629589999999999,,rebuffer happen
2025-12-17T08:16:12.970Z,0.016,3,1500,768x432,1.218472,,rebuffer happen
2025-12-17T08:16:13.003Z,0.028,3,1500,768x432,1.197841,,rebuffer happen
2025-12-17T08:16:13.069Z,0.027,3,1500,768x432,1.266098,,rebuffer happen
2025-12-17T08:16:13.290Z,0.098,3,1500,768x432,1.2851910000000002,,
2025-12-17T08:16:13.370Z,0.032,0,200,320x180,1.309889,NaN,rebuffer happen
2025-12-17T08:16:13.374Z,0.032,0,200,320x180,1.309889,NaN,
2025-12-17T08:16:13.606Z,0.032,0,200,320x180,1.309889,NaN,
2025-12-17T08:16:13.880Z,0.882,0,200,320x180,1.3892579999999999,NaN,
2025-12-17T08:16:13.986Z,1.23,0,200,320x180,1.6166709999999997,NaN,
2025-12-17T08:16:14.107Z,1.611,0,200,320x180,1.6396669999999998,NaN,
2025-12-17T08:16:14.259Z,1.94,0,200,320x180,1.739041,NaN,
2025-12-17T08:16:14.759Z,2.148,0,200,320x180,1.842824,NaN,
2025-12-17T08:16:15.302Z,2.175,0,200,320x180,1.8679620000000001,NaN,
2025-12-17T08:16:15.793Z,2.247,0,200,320x180,1.9143709999999996,NaN,
2025-12-17T08:16:16.587Z,1.96,0,200,320x180,1.9390839999999998,NaN,
2025-12-17T08:16:16.807Z,2.228,0,200,320x180,1.9180729999999997,NaN,
2025-12-17T08:16:16.873Z,2.239,2,1000,640x360,1.9551539999999998,NaN,
2025-12-17T08:16:17.644Z,1.907,2,1000,640x360,1.9951930000000004,NaN,
2025-12-17T08:16:18.156Z,1.871,2,1000,640x360,1.9793180000000001,NaN,
2025-12-17T08:16:18.658Z,1.893,2,1000,640x360,1.9896499999999993,NaN,
2025-12-17T08:16:19.184Z,1.889,2,1000,640x360,1.954116,NaN,
2025-12-17T08:16:19.656Z,1.908,2,1000,640x360,1.9863729999999995,NaN,
2025-12-17T08:16:20.168Z,1.898,2,1000,640x360,1.9713310000000002,NaN,
2025-12-17T08:16:20.645Z,1.919,2,1000,640x360,1.9960720000000007,NaN,
2025-12-17T08:16:21.136Z,1.938,2,1000,640x360,2.008114,NaN,
2025-12-17T08:16:21.625Z,1.937,2,1000,640x360,1.9161270000000012,NaN,
2025-12-17T08:16:22.116Z,1.937,2,1000,640x360,1.9238,NaN,
2025-12-17T08:16:22.599Z,1.929,2,1000,640x360,1.939266,NaN,
2025-12-17T08:16:23.096Z,1.953,2,1000,640x360,1.9337099999999996,NaN,
2025-12-17T08:16:23.600Z,1.952,2,1000,640x360,1.938352,NaN,
2025-12-17T08:16:24.076Z,1.979,2,1000,640x360,1.9605549999999994,NaN,
2025-12-17T08:16:24.645Z,1.939,2,1000,640x360,1.9949010000000005,NaN,
2025-12-17T08:16:25.402Z,1.662,2,1000,640x360,1.9358039999999992,NaN,
2025-12-17T08:16:26.181Z,1.397,2,1000,640x360,1.9499279999999999,NaN,
2025-12-17T08:16:26.893Z,1.186,2,1000,640x360,1.9433500000000006,NaN,
2025-12-17T08:16:27.653Z,0.928,2,1000,640x360,1.9916490000000007,NaN,
2025-12-17T08:16:27.731Z,0.847,1,600,480x270,1.9120950000000008,NaN,
2025-12-17T08:16:28.203Z,0.843,1,600,480x270,1.9414360000000013,NaN,
2025-12-17T08:16:28.693Z,0.876,1,600,480x270,1.9609259999999988,NaN,
2025-12-17T08:16:29.260Z,0.806,1,600,480x270,1.9781970000000015,1154,
2025-12-17T08:16:29.662Z,0.884,1,600,480x270,1.979372999999999,1247,
2025-12-17T08:16:30.090Z,0.972,1,600,480x270,1.952580000000001,1173,
2025-12-17T08:16:30.549Z,1.008,1,600,480x270,1.9800259999999987,1169,
2025-12-17T08:16:31.005Z,1.06,1,600,480x270,1.934044,1144,
2025-12-17T08:16:31.428Z,1.118,1,600,480x270,1.999369999999999,1091,
2025-12-17T08:16:31.507Z,1.129,2,1000,640x360,1.918524999999999,1152,
2025-12-17T08:16:32.008Z,1.056,2,1000,640x360,1.929821999999998,1152,
2025-12-17T08:16:32.516Z,1.03,2,1000,640x360,1.915542000000002,1160,
2025-12-17T08:16:33.023Z,1.013,2,1000,640x360,1.9203229999999998,1190,
2025-12-17T08:16:33.396Z,1.166,2,1000,640x360,1.944426,1217,
2025-12-17T08:16:33.712Z,1.325,2,1000,640x360,1.9199599999999997,1230,
2025-12-17T08:16:34.124Z,1.435,2,1000,640x360,1.9049949999999995,1230,
2025-12-17T08:16:34.636Z,1.403,2,1000,640x360,1.9995859999999972,1213,
2025-12-17T08:16:35.113Z,1.445,2,1000,640x360,1.9191029999999998,1237,
2025-12-17T08:16:35.595Z,1.465,2,1000,640x360,1.9468370000000021,1237,
2025-12-17T08:16:36.089Z,1.462,2,1000,640x360,1.9558339999999994,1225,
2025-12-17T08:16:36.714Z,1.341,2,1000,640x360,1.9328809999999983,1221,
2025-12-17T08:16:37.529Z,1.037,2,1000,640x360,1.999247999999998,1222,
2025-12-17T08:16:38.183Z,0.891,2,1000,640x360,1.957854000000001,1227,
2025-12-17T08:16:38.249Z,0.885,1,600,480x270,1.9975109999999994,1246,
2025-12-17T08:16:38.516Z,1.024,1,600,480x270,1.9278650000000006,1246,
2025-12-17T08:16:38.805Z,1.219,1,600,480x270,1.9423980000000007,1247,
2025-12-17T08:16:39.111Z,1.397,1,600,480x270,1.9289480000000019,1244,
2025-12-17T08:16:39.888Z,1.368,1,600,480x270,1.9491230000000002,1244,
2025-12-17T08:16:40.321Z,1.234,1,600,480x270,1.9087820000000022,1156,
2025-12-17T08:16:40.684Z,1.344,1,600,480x270,1.953755000000001,1163,
2025-12-17T08:16:41.039Z,1.47,1,600,480x270,2.0032859999999992,1163,
2025-12-17T08:16:41.416Z,1.635,1,600,480x270,1.9167680000000011,1175,
2025-12-17T08:16:41.797Z,1.784,1,600,480x270,1.9441719999999982,1175,
2025-12-17T08:16:41.874Z,1.774,2,1000,640x360,1.970006999999999,1173,
2025-12-17T08:16:42.464Z,1.568,2,1000,640x360,1.9731449999999988,1173,
2025-12-17T08:16:43.063Z,1.491,2,1000,640x360,1.9709719999999997,1143,
2025-12-17T08:16:43.712Z,1.367,2,1000,640x360,1.933843000000003,1151,
2025-12-17T08:16:44.362Z,1.208,2,1000,640x360,1.9678980000000017,1163,
2025-12-17T08:16:45.009Z,1.043,2,1000,640x360,1.9314609999999988,1138,
2025-12-17T08:16:45.660Z,0.914,2,1000,640x360,1.9898209999999992,1126,
2025-12-17T08:16:45.731Z,0.906,1,600,480x270,1.9266470000000027,1202,
2025-12-17T08:16:46.136Z,0.915,1,600,480x270,2.002541000000001,1202,
2025-12-17T08:16:46.534Z,1.024,1,600,480x270,2.000708000000003,1157,
2025-12-17T08:16:46.931Z,1.124,1,600,480x270,2.001145000000001,1160,
2025-12-17T08:16:47.334Z,1.218,1,600,480x270,1.995746000000004,1153,
2025-12-17T08:16:47.728Z,1.323,1,600,480x270,2.001991999999994,1228,
2025-12-17T08:16:48.157Z,1.428,1,600,480x270,1.9841220000000064,1228,
2025-12-17T08:16:48.554Z,1.499,1,600,480x270,1.977097999999998,1189,
2025-12-17T08:16:48.933Z,1.616,1,600,480x270,2.008783000000001,1183,
2025-12-17T08:16:49.330Z,1.69,1,600,480x270,2.0007069999999985,1161,
2025-12-17T08:16:49.403Z,1.73,2,1000,640x360,1.9258769999999998,1125,
2025-12-17T08:16:50.059Z,1.509,2,1000,640x360,1.9819490000000002,1125,
2025-12-17T08:16:50.695Z,1.372,2,1000,640x360,1.9488500000000002,1148,
2025-12-17T08:16:51.295Z,1.258,2,1000,640x360,1.941282000000001,1161,
2025-12-17T08:16:51.903Z,1.141,2,1000,640x360,1.9363840000000039,1132,
2025-12-17T08:16:52.551Z,1.008,2,1000,640x360,1.9754999999999967,1206,
2025-12-17T08:16:53.071Z,1.001,2,1000,640x360,1.963117000000004,1247,
2025-12-17T08:16:53.150Z,0.962,1,600,480x270,1.9830020000000061,1297,
2025-12-17T08:16:53.493Z,1.018,1,600,480x270,1.9412609999999972,1297,
2025-12-17T08:16:53.844Z,1.166,1,600,480x270,2.004193000000001,1271,
2025-12-17T08:16:54.212Z,1.349,1,600,480x270,1.9256320000000002,1270,
2025-12-17T08:16:54.579Z,1.423,1,600,480x270,1.962734999999995,1270,
2025-12-17T08:16:54.948Z,1.598,1,600,480x270,1.9817120000000017,1266,
2025-12-17T08:16:55.312Z,1.735,1,600,480x270,1.915377999999997,1244,
2025-12-17T08:16:55.693Z,1.878,1,600,480x270,1.9404019999999988,1234,
2025-12-17T08:16:56.048Z,1.993,1,600,480x270,1.9821150000000003,1234,
2025-12-17T08:16:56.468Z,2.069,1,600,480x270,1.971907999999999,1222,
2025-12-17T08:16:56.560Z,2.088,2,1000,640x360,1.9731780000000043,1218,
2025-12-17T08:16:57.248Z,1.826,2,1000,640x360,1.987827000000003,1218,
2025-12-17T08:16:57.924Z,1.653,2,1000,640x360,1.9181040000000067,1207,
2025-12-17T08:16:58.590Z,1.48,2,1000,640x360,1.951042000000001,1204,
2025-12-17T08:16:59.265Z,1.316,2,1000,640x360,1.9825900000000019,1176,
2025-12-17T08:16:59.954Z,1.12,2,1000,640x360,1.9864759999999961,1163,
2025-12-17T08:17:00.641Z,0.948,2,1000,640x360,1.9948729999999983,1104,
2025-12-17T08:17:00.716Z,0.91,1,600,480x270,1.9210640000000012,1081,
2025-12-17T08:17:01.134Z,0.942,1,600,480x270,1.9983959999999996,1081,
2025-12-17T08:17:01.522Z,1.017,1,600,480x270,1.918326999999998,1090,
2025-12-17T08:17:01.928Z,1.141,1,600,480x270,2.011811999999999,1096,
2025-12-17T08:17:02.314Z,1.228,1,600,480x270,1.9236369999999994,1111,
2025-12-17T08:17:02.729Z,1.341,1,600,480x270,2.017825000000002,1118,
2025-12-17T08:17:03.131Z,1.438,1,600,480x270,2.0123490000000004,1118,
2025-12-17T08:17:03.570Z,1.479,1,600,480x270,1.9624179999999996,1137,
2025-12-17T08:17:04.012Z,1.545,1,600,480x270,1.9276549999999943,1121,
2025-12-17T08:17:04.432Z,1.617,1,600,480x270,1.9985029999999995,1089,
2025-12-17T08:17:04.512Z,1.624,2,1000,640x360,1.9178399999999982,1075,
2025-12-17T08:17:05.026Z,1.553,2,1000,640x360,1.9152839999999998,1075,
2025-12-17T08:17:05.568Z,1.484,2,1000,640x360,1.9620010000000008,1069,
2025-12-17T08:17:06.135Z,1.422,2,1000,640x360,2.0029540000000026,1069,
2025-12-17T08:17:06.679Z,1.403,2,1000,640x360,1.9597109999999986,1060,
2025-12-17T08:17:07.229Z,1.341,2,1000,640x360,2.007486,1078,
2025-12-17T08:17:07.795Z,1.257,2,1000,640x360,1.9401329999999959,1166,
2025-12-17T08:17:08.344Z,1.205,2,1000,640x360,1.9968139999999934,1161,
2025-12-17T08:17:08.888Z,1.148,2,1000,640x360,1.9515190000000047,1168,
2025-12-17T08:17:09.518Z,1.032,2,1000,640x360,1.9100049999999982,1136,
2025-12-17T08:17:10.044Z,1.027,2,1000,640x360,1.9914750000000012,1140,
2025-12-17T08:17:10.628Z,0.923,2,1000,640x360,2.0011520000000047,1176,
2025-12-17T08:17:10.701Z,0.93,1,600,480x270,1.9283390000000011,1167,
2025-12-17T08:17:11.092Z,0.967,1,600,480x270,1.9452309999999997,1167,
2025-12-17T08:17:11.524Z,1.019,1,600,480x270,1.904958999999998,1159,
2025-12-17T08:17:11.958Z,1.108,1,600,480x270,1.9922579999999996,1143,
2025-12-17T08:17:12.403Z,1.146,1,600,480x270,1.9310620000000043,1120,
2025-12-17T08:17:12.855Z,1.207,1,600,480x270,1.977843,1105,
2025-12-17T08:17:13.188Z,1.355,1,600,480x270,1.940458999999997,1057,
2025-12-17T08:17:13.509Z,1.497,1,600,480x270,1.916753,1057,
2025-12-17T08:17:13.840Z,1.678,1,600,480x270,2.000626000000004,1020,
2025-12-17T08:17:14.256Z,1.805,1,600,480x270,1.9757339999999957,997,
2025-12-17T08:17:14.714Z,1.848,1,600,480x270,1.9309979999999953,997,
2025-12-17T08:17:15.118Z,1.933,1,600,480x270,1.9254030000000029,966,
2025-12-17T08:17:15.486Z,2.056,1,600,480x270,1.9438359999999975,984,
2025-12-17T08:17:15.955Z,2.093,1,600,480x270,1.9801860000000104,994,
2025-12-17T08:17:16.489Z,2.053,1,600,480x270,1.940417999999994,1011,
2025-12-17T08:17:17.282Z,1.76,1,600,480x270,1.958053999999997,1040,
2025-12-17T08:17:17.830Z,1.729,1,600,480x270,2.007092,1067,
2025-12-17T08:17:17.908Z,1.735,2,1000,640x360,1.927894000000009,1047,
2025-12-17T08:17:18.472Z,1.566,2,1000,640x360,1.9584810000000061,1047,
2025-12-17T08:17:19.031Z,1.531,2,1000,640x360,2.010286999999991,1066,
2025-12-17T08:17:19.650Z,1.415,2,1000,640x360,1.9838750000000118,1061,
2025-12-17T08:17:20.211Z,1.341,2,1000,640x360,1.9202180000000055,1050,
2025-12-17T08:17:20.901Z,1.178,2,1000,640x360,1.9345799999999969,1072,
2025-12-17T08:17:21.455Z,1.095,2,1000,640x360,1.9729280000000102,1116,
2025-12-17T08:17:22.015Z,1.041,2,1000,640x360,1.9167369999999977,1126,
2025-12-17T08:17:22.573Z,1.003,2,1000,640x360,1.9569780000000065,1128,
2025-12-17T08:17:22.656Z,0.986,1,600,480x270,1.9963699999999989,1171,
2025-12-17T08:17:22.972Z,1.09,1,600,480x270,1.9770230000000026,1171,
2025-12-17T08:17:23.309Z,1.233,1,600,480x270,1.9259389999999996,1193,
2025-12-17T08:17:23.650Z,1.418,1,600,480x270,1.9887879999999996,1193,
2025-12-17T08:17:23.982Z,1.583,1,600,480x270,1.9533549999999877,1193,
2025-12-17T08:17:24.262Z,1.776,1,600,480x270,1.9689340000000044,1181,
2025-12-17T08:17:24.623Z,1.924,1,600,480x270,1.9159819999999996,1181,
2025-12-17T08:17:25.055Z,1.995,1,600,480x270,1.9731649999999945,1176,
2025-12-17T08:17:25.482Z,2.075,1,600,480x270,1.9482830000000035,1167,
2025-12-17T08:17:25.939Z,2.075,1,600,480x270,1.9953409999999963,1172,
2025-12-17T08:17:26.055Z,2.123,2,1000,640x360,1.9881790000000024,1164,
2025-12-17T08:17:26.679Z,1.872,2,1000,640x360,1.963805999999991,1164,
2025-12-17T08:17:27.324Z,1.735,2,1000,640x360,1.9147799999999933,1159,
2025-12-17T08:17:28.317Z,1.247,2,1000,640x360,1.9281390000000016,1141,
2025-12-17T08:17:28.887Z,1.168,2,1000,640x360,1.9441929999999985,1132,
2025-12-17T08:17:29.519Z,1.036,2,1000,640x360,1.9199679999999972,1097,
2025-12-17T08:17:30.202Z,0.871,2,1000,640x360,1.928520000000006,1124,
2025-12-17T08:17:30.278Z,0.856,1,600,480x270,1.9546849999999978,1145,
2025-12-17T08:17:30.743Z,0.823,1,600,480x270,2.0001160000000056,1145,
2025-12-17T08:17:31.027Z,1.035,1,600,480x270,1.9139169999999979,1142,
2025-12-17T08:17:31.462Z,1.11,1,600,480x270,1.9733789999999942,1121,
2025-12-17T08:17:31.900Z,1.155,1,600,480x270,1.9383590000000055,1109,
2025-12-17T08:17:32.344Z,1.245,1,600,480x270,1.9970200000000062,1103,
2025-12-17T08:17:32.769Z,1.294,1,600,480x270,1.9706220000000059,1073,
2025-12-17T08:17:33.122Z,1.422,1,600,480x270,1.9097330000000028,1073,
2025-12-17T08:17:33.494Z,1.559,1,600,480x270,1.9325890000000072,1065,
2025-12-17T08:17:33.867Z,1.688,1,600,480x270,1.9718969999999985,1078,
2025-12-17T08:17:33.946Z,1.692,2,1000,640x360,1.987651999999997,1092,
2025-12-17T08:17:34.553Z,1.516,2,1000,640x360,1.9839450000000056,1092,
2025-12-17T08:17:35.144Z,1.413,2,1000,640x360,1.991455000000002,1113,
2025-12-17T08:17:35.770Z,1.317,2,1000,640x360,1.9856550000000084,1128,
2025-12-17T08:17:36.376Z,1.194,2,1000,640x360,1.9598709999999926,1181,
2025-12-17T08:17:36.996Z,1.059,2,1000,640x360,1.9321319999999957,1176,
2025-12-17T08:17:37.466Z,1.101,2,1000,640x360,1.9743670000000009,1170,
2025-12-17T08:17:38.011Z,1.044,2,1000,640x360,1.929663000000005,1168,
2025-12-17T08:17:38.542Z,0.997,2,1000,640x360,1.991501999999997,1160,
2025-12-17T08:17:39.043Z,1.03,2,1000,640x360,1.9905990000000031,1145,
2025-12-17T08:17:39.617Z,0.94,2,1000,640x360,1.916408000000004,1169,
2025-12-17T08:17:39.700Z,0.945,1,600,480x270,1.942064000000002,1174,
2025-12-17T08:17:40.010Z,1.049,1,600,480x270,1.9381410000000017,1174,
2025-12-17T08:17:40.301Z,1.251,1,600,480x270,1.9347040000000106,1180,
2025-12-17T08:17:40.584Z,1.421,1,600,480x270,1.953624000000005,1193,
2025-12-17T08:17:40.924Z,1.625,1,600,480x270,1.907991999999993,1193,
2025-12-17T08:17:41.276Z,1.784,1,600,480x270,1.9619610000000023,1201,
2025-12-17T08:17:41.605Z,1.932,1,600,480x270,1.9321199999999976,1201,
2025-12-17T08:17:41.989Z,2.048,1,600,480x270,1.9388550000000038,1200,
2025-12-17T08:17:42.431Z,2.103,1,600,480x270,1.9974289999999968,1206,
2025-12-17T08:17:42.959Z,2.083,1,600,480x270,1.9762759999999986,1210,
2025-12-17T08:17:43.099Z,2.103,2,1000,640x360,1.9448969999999974,1216,
2025-12-17T08:17:43.665Z,1.891,2,1000,640x360,1.9762979999999999,1216,
2025-12-17T08:17:44.265Z,1.807,2,1000,640x360,1.9655730000000062,1210,
2025-12-17T08:17:44.796Z,1.74,2,1000,640x360,1.9334319999999963,1204,
2025-12-17T08:17:45.263Z,1.796,2,1000,640x360,1.9647149999999982,1226,
2025-12-17T08:17:45.849Z,1.711,2,1000,640x360,1.9965480000000042,1226,
2025-12-17T08:17:46.449Z,1.611,2,1000,640x360,1.9854959999999977,1232,
2025-12-17T08:17:46.936Z,1.628,2,1000,640x360,2.0025079999999917,1240,
2025-12-17T08:17:47.456Z,1.58,2,1000,640x360,1.9823829999999987,1250,
2025-12-17T08:17:48.047Z,1.543,2,1000,640x360,1.9951849999999922,1243,
2025-12-17T08:17:48.467Z,1.593,2,1000,640x360,1.962417000000002,1244,
2025-12-17T08:17:49.001Z,1.56,2,1000,640x360,1.941393000000005,1249,
2025-12-17T08:17:49.471Z,1.579,2,1000,640x360,1.963910999999996,1249,
2025-12-17T08:17:49.999Z,1.552,2,1000,640x360,1.9315730000000002,1250,
2025-12-17T08:17:50.596Z,1.476,2,1000,640x360,1.9367540000000076,1247,
2025-12-17T08:17:51.035Z,1.515,2,1000,640x360,2.001706000000013,1256,
2025-12-17T08:17:51.535Z,1.523,2,1000,640x360,1.9983280000000008,1266,
2025-12-17T08:17:52.051Z,1.512,2,1000,640x360,1.9892250000000047,1273,
2025-12-17T08:17:52.697Z,1.396,2,1000,640x360,1.9538110000000017,1248,
2025-12-17T08:17:53.645Z,0.92,2,1000,640x360,1.9877359999999982,1224,
2025-12-17T08:17:53.730Z,0.918,1,600,480x270,1.9014470000000046,1165,
2025-12-17T08:17:54.271Z,0.797,1,600,480x270,1.9596729999999951,1165,
2025-12-17T08:17:54.874Z,0.667,1,600,480x270,1.956750999999997,1135,
2025-12-17T08:17:55.427Z,0.641,1,600,480x270,1.9019729999999981,1108,
2025-12-17T08:17:55.999Z,0.552,1,600,480x270,1.9419320000000084,1050,
2025-12-17T08:17:56.548Z,0.509,1,600,480x270,1.983148,1023,
2025-12-17T08:17:57.117Z,0.447,1,600,480x270,1.921211999999997,997,
2025-12-17T08:17:57.197Z,0.448,0,200,320x180,1.9377389999999934,991,
2025-12-17T08:17:57.444Z,0.592,0,200,320x180,1.9910030000000063,991,
2025-12-17T08:17:57.659Z,0.914,0,200,320x180,1.987848999999997,995,
2025-12-17T08:17:57.857Z,1.197,0,200,320x180,1.9879159999999985,995,
2025-12-17T08:17:58.049Z,1.495,0,200,320x180,1.9857450000000085,979,
2025-12-17T08:17:58.246Z,1.769,0,200,320x180,1.9998610000000099,979,
2025-12-17T08:17:58.451Z,2.061,0,200,320x180,1.9781499999999994,979,
2025-12-17T08:17:58.791Z,2.256,0,200,320x180,1.9452479999999923,975,
2025-12-17T08:17:59.314Z,2.237,0,200,320x180,1.9208520000000107,975,
2025-12-17T08:17:59.765Z,2.293,0,200,320x180,1.9793560000000099,978,
2025-12-17T08:18:00.311Z,2.278,0,200,320x180,1.9276470000000074,1002,
2025-12-17T08:18:00.606Z,1.994,1,600,480x270,1.9215429999999998,1010,
2025-12-17T08:18:00.865Z,2.174,1,600,480x270,1.963877999999994,1010,
2025-12-17T08:18:01.404Z,2.134,1,600,480x270,1.935608000000002,1035,
2025-12-17T08:18:01.965Z,2.079,1,600,480x270,1.9781359999999921,1040,
2025-12-17T08:18:02.397Z,2.14,1,600,480x270,1.9366689999999949,1050,
2025-12-17T08:18:02.889Z,2.162,1,600,480x270,1.9533760000000058,1071,
2025-12-17T08:18:03.371Z,2.136,1,600,480x270,1.9633639999999986,1096,
2025-12-17T08:18:03.971Z,2.071,1,600,480x270,1.9651860000000028,1117,
2025-12-17T08:18:04.041Z,2.091,2,1000,640x360,1.9922809999999913,1126,
2025-12-17T08:18:04.662Z,1.899,2,1000,640x360,1.9757999999999925,1126,
2025-12-17T08:18:05.243Z,1.807,2,1000,640x360,1.9923040000000043,1092,
2025-12-17T08:18:05.741Z,1.819,2,1000,640x360,1.9987250000000074,1122,
2025-12-17T08:18:06.459Z,1.615,2,1000,640x360,1.9691530000000057,1135,
2025-12-17T08:18:07.717Z,0.842,2,1000,640x360,1.9149839999999898,1143,
2025-12-17T08:18:07.802Z,0.844,1,600,480x270,1.929434999999998,951,
2025-12-17T08:18:08.538Z,0.517,1,600,480x270,1.9998050000000092,951,
2025-12-17T08:18:08.855Z,0.239,1,600,480x270,1.9835220000000078,880,rebuffer happen
2025-12-17T08:18:09.365Z,0.029,1,600,480x270,1.9659690000000012,880,rebuffer happen
2025-12-17T08:18:09.538Z,0.056,1,600,480x270,2.0425650000000104,880,
2025-12-17T08:18:09.582Z,0.024,1,600,480x270,2.0040970000000016,943,rebuffer happen
2025-12-17T08:18:10.216Z,0.025,1,600,480x270,2.2647169999999903,943,rebuffer happen
2025-12-17T08:18:10.266Z,0.022,1,600,480x270,2.3264329999999944,943,rebuffer happen
2025-12-17T08:18:10.316Z,0.027,1,600,480x270,2.298565999999994,943,rebuffer happen
2025-12-17T08:18:10.404Z,0.061,1,600,480x270,2.345984999999999,943,
2025-12-17T08:18:10.449Z,0.027,1,600,480x270,2.3976420000000047,877,rebuffer happen
2025-12-17T08:18:10.716Z,0.025,1,600,480x270,2.564900999999992,877,rebuffer happen
2025-12-17T08:18:10.833Z,0.028,1,600,480x270,2.669534999999996,877,rebuffer happen
2025-12-17T08:18:10.899Z,0.022,1,600,480x270,2.630094999999997,877,rebuffer happen
2025-12-17T08:18:11.033Z,0.016,1,600,480x270,2.723796000000007,877,rebuffer happen
2025-12-17T08:18:11.066Z,0.02,1,600,480x270,2.6948690000000113,877,rebuffer happen
2025-12-17T08:18:11.149Z,0.031,1,600,480x270,2.7351469999999978,877,rebuffer happen
2025-12-17T08:18:11.200Z,0.022,1,600,480x270,2.692937999999998,877,rebuffer happen
2025-12-17T08:18:11.250Z,0.022,1,600,480x270,2.770315999999994,877,rebuffer happen
2025-12-17T08:18:11.301Z,0.055,1,600,480x270,2.7434339999999935,877,
2025-12-17T08:18:11.350Z,0.018,0,200,320x180,2.79357499999999,887,rebuffer happen
2025-12-17T08:18:11.376Z,0.018,0,200,320x180,2.79357499999999,887,
2025-12-17T08:18:11.533Z,0.022,0,200,320x180,2.8976179999999943,887,rebuffer happen
2025-12-17T08:18:11.694Z,0.249,0,200,320x180,2.859704999999991,887,
2025-12-17T08:18:12.014Z,0.438,0,200,320x180,2.859113999999991,887,
2025-12-17T08:18:12.237Z,0.592,0,200,320x180,2.845427000000001,845,
2025-12-17T08:18:12.394Z,0.939,0,200,320x180,2.705338999999995,845,
2025-12-17T08:18:12.533Z,1.2,0,200,320x180,2.7003189999999933,814,
2025-12-17T08:18:12.688Z,1.457,0,200,320x180,2.585743999999991,814,
2025-12-17T08:18:12.828Z,1.769,0,200,320x180,2.5658150000000006,814,
2025-12-17T08:18:12.958Z,2.061,0,200,320x180,2.4801200000000136,820,
2025-12-17T08:18:13.085Z,2.411,0,200,320x180,2.399347000000006,820,
2025-12-17T08:18:13.261Z,2.692,0,200,320x180,2.3548760000000044,820,
2025-12-17T08:18:13.764Z,2.53,0,200,320x180,2.2269639999999953,846,
2025-12-17T08:18:14.290Z,2.403,0,200,320x180,2.0672849999999983,870,
2025-12-17T08:18:14.840Z,2.343,0,200,320x180,2.079941000000005,923,
2025-12-17T08:18:14.921Z,2.308,1,600,480x270,1.9888959999999969,959,
2025-12-17T08:18:15.433Z,2.156,1,600,480x270,2.0371000000000095,959,
2025-12-17T08:18:15.900Z,2.2,1,600,480x270,1.976157999999998,996,
2025-12-17T08:18:16.420Z,2.152,1,600,480x270,1.9277309999999943,1000,
2025-12-17T08:18:17.019Z,2.04,1,600,480x270,1.9142769999999985,1000,
2025-12-17T08:18:17.446Z,2.102,1,600,480x270,1.9860259999999954,1022,
2025-12-17T08:18:17.938Z,2.118,1,600,480x270,1.9974300000000085,1032,
2025-12-17T08:18:18.412Z,2.139,1,600,480x270,1.9197819999999979,1048,
2025-12-17T08:18:18.973Z,2.075,1,600,480x270,1.9698020000000014,1058,
2025-12-17T08:18:19.054Z,2.095,2,1000,640x360,1.9961600000000033,1067,
2025-12-17T08:18:19.764Z,1.782,2,1000,640x360,1.989617999999993,1067,
2025-12-17T08:18:20.243Z,1.817,2,1000,640x360,1.9946670000000069,1072,
2025-12-17T08:18:20.759Z,1.784,2,1000,640x360,1.9828880000000026,1062,
2025-12-17T08:18:21.312Z,1.727,2,1000,640x360,1.918198000000018,1041,
2025-12-17T08:18:21.846Z,1.722,2,1000,640x360,1.9892909999999802,1058,
2025-12-17T08:18:22.484Z,1.577,2,1000,640x360,1.951359999999994,1111,
2025-12-17T08:18:23.143Z,1.416,2,1000,640x360,1.9976509999999905,1103,
2025-12-17T08:18:23.953Z,1.128,2,1000,640x360,1.9940090000000055,1095,
2025-12-17T08:18:24.560Z,0.988,2,1000,640x360,1.9746250000000032,1093,
2025-12-17T08:18:24.643Z,0.999,1,600,480x270,1.9989869999999996,1098,
2025-12-17T08:18:24.972Z,1.102,1,600,480x270,1.9802720000000136,1098,
2025-12-17T08:18:25.325Z,1.222,1,600,480x270,1.9125830000000121,1100,
2025-12-17T08:18:25.717Z,1.342,1,600,480x270,1.9212789999999984,1099,
2025-12-17T08:18:26.069Z,1.473,1,600,480x270,1.9618839999999977,1099,
2025-12-17T08:18:26.466Z,1.584,1,600,480x270,1.971933999999976,1100,
2025-12-17T08:18:26.839Z,1.733,1,600,480x270,1.997819000000021,1127,
2025-12-17T08:18:27.175Z,1.882,1,600,480x270,1.9702350000000024,1136,
2025-12-17T08:18:27.543Z,2.021,1,600,480x270,1.9851449999999886,1136,
2025-12-17T08:18:27.936Z,2.115,1,600,480x270,2.0033169999999814,1151,
2025-12-17T08:18:28.049Z,2.079,2,1000,640x360,1.9980720000000076,1156,
2025-12-17T08:18:28.687Z,1.888,2,1000,640x360,1.9571770000000015,1156,
2025-12-17T08:18:29.261Z,1.801,2,1000,640x360,1.9763450000000091,1145,
2025-12-17T08:18:29.876Z,1.678,2,1000,640x360,1.9537389999999846,1137,
2025-12-17T08:18:30.469Z,1.581,2,1000,640x360,1.9663089999999954,1135,
2025-12-17T08:18:31.046Z,1.511,2,1000,640x360,1.9895679999999913,1173,
2025-12-17T08:18:31.698Z,1.414,2,1000,640x360,1.954862999999989,1175,
2025-12-17T08:18:32.277Z,1.29,2,1000,640x360,1.95829999999998,1168,
2025-12-17T08:18:32.859Z,1.235,2,1000,640x360,1.996701999999999,1212,
2025-12-17T08:18:33.379Z,1.188,2,1000,640x360,1.9616139999999973,1222,
2025-12-17T08:18:33.905Z,1.157,2,1000,640x360,1.9308880000000102,1221,
2025-12-17T08:18:34.423Z,1.133,2,1000,640x360,1.9100259999999878,1212,
2025-12-17T08:18:34.957Z,1.097,2,1000,640x360,1.9795860000000118,1239,
2025-12-17T08:18:35.490Z,1.082,2,1000,640x360,1.936614999999989,1219,
2025-12-17T08:18:36.010Z,1.061,2,1000,640x360,1.937480000000022,1216,
2025-12-17T08:18:36.537Z,1,2,1000,640x360,1.9912769999999966,1221,
2025-12-17T08:18:37.070Z,0.991,2,1000,640x360,1.9729810000000043,1237,
2025-12-17T08:18:37.601Z,0.963,2,1000,640x360,1.934757000000019,1233,
2025-12-17T08:18:37.671Z,0.934,1,600,480x270,1.9592049999999972,1243,
2025-12-17T08:18:37.998Z,1.005,1,600,480x270,1.9409740000000113,1243,
2025-12-17T08:18:38.332Z,1.205,1,600,480x270,1.9990890000000263,1249,
2025-12-17T08:18:38.635Z,1.407,1,600,480x270,2.0051210000000026,1247,
2025-12-17T08:18:38.957Z,1.594,1,600,480x270,1.9788779999999804,1247,
2025-12-17T08:18:39.277Z,1.771,1,600,480x270,1.9528310000000033,1264,
2025-12-17T08:18:39.629Z,1.937,1,600,480x270,2.006451999999996,1264,
2025-12-17T08:18:39.952Z,2.093,1,600,480x270,1.9949069999999836,1262,
2025-12-17T08:18:40.476Z,2.087,1,600,480x270,1.9609509999999943,1265,
2025-12-17T08:18:40.905Z,2.133,1,600,480x270,1.9272620000000131,1250,
2025-12-17T08:18:41.077Z,2.053,2,1000,640x360,1.9572439999999744,1254,
2025-12-17T08:18:41.674Z,1.873,2,1000,640x360,1.9786049999999875,1254,
2025-12-17T08:18:42.246Z,1.807,2,1000,640x360,1.9930500000000109,1246,
2025-12-17T08:18:42.976Z,1.59,2,1000,640x360,1.965059000000025,1260,
2025-12-17T08:18:43.479Z,1.583,2,1000,640x360,1.9586280000000045,1255,
2025-12-17T08:18:44.030Z,1.534,2,1000,640x360,2.005642999999992,1252,
2025-12-17T08:18:44.563Z,1.473,2,1000,640x360,1.9661389999999983,1258,
2025-12-17T08:18:45.126Z,1.404,2,1000,640x360,1.9041890000000024,1259,
2025-12-17T08:18:45.710Z,1.339,2,1000,640x360,1.9339510000000075,1263,
2025-12-17T08:18:46.279Z,1.282,2,1000,640x360,1.9579080000000033,1261,
2025-12-17T08:18:46.893Z,1.166,2,1000,640x360,1.9363909999999862,1246,
2025-12-17T08:18:47.509Z,1.047,2,1000,640x360,1.9255899999999997,1180,
2025-12-17T08:18:48.147Z,0.914,2,1000,640x360,1.995172999999994,1100,
2025-12-17T08:18:48.230Z,0.876,1,600,480x270,1.9110960000000148,1045,
2025-12-17T08:18:48.642Z,0.905,1,600,480x270,1.9925509999999917,1045,
2025-12-17T08:18:49.088Z,0.971,1,600,480x270,1.9474030000000084,1031,
2025-12-17T08:18:49.511Z,1.044,1,600,480x270,1.9262879999999996,995,
2025-12-17T08:18:49.933Z,1.136,1,600,480x270,2.0102400000000102,1010,
2025-12-17T08:18:50.367Z,1.179,1,600,480x270,1.9658050000000173,996,
2025-12-17T08:18:50.797Z,1.277,1,600,480x270,1.938069000000013,1001,
2025-12-17T08:18:51.247Z,1.309,1,600,480x270,1.9855330000000038,984,
2025-12-17T08:18:51.646Z,1.4,1,600,480x270,1.9924379999999928,984,
2025-12-17T08:18:52.096Z,1.464,1,600,480x270,1.9370559999999841,953,
2025-12-17T08:18:52.607Z,1.478,1,600,480x270,1.9267449999999826,966,
2025-12-17T08:18:53.023Z,1.522,1,600,480x270,1.9108779999999967,944,
2025-12-17T08:18:53.354Z,1.679,1,600,480x270,1.9826309999999978,964,
2025-12-17T08:18:53.738Z,1.782,1,600,480x270,2.0033750000000055,952,
2025-12-17T08:18:54.115Z,1.928,1,600,480x270,1.9276119999999821,952,
2025-12-17T08:18:54.437Z,2.116,1,600,480x270,2.0012040000000013,995,
2025-12-17T08:18:54.945Z,2.128,1,600,480x270,2.0035039999999924,1029,
2025-12-17T08:18:55.433Z,2.112,1,600,480x270,2.0063729999999964,1047,
2025-12-17T08:18:55.517Z,2.13,2,1000,640x360,1.9219269999999824,1062,
2025-12-17T08:18:56.224Z,1.834,2,1000,640x360,1.9065960000000075,1062,
2025-12-17T08:18:56.875Z,1.666,2,1000,640x360,1.9565729999999917,1108,
2025-12-17T08:18:57.683Z,1.379,2,1000,640x360,1.9584509999999966,1116,
2025-12-17T08:18:58.212Z,1.346,2,1000,640x360,1.9239999999999782,1101,
2025-12-17T08:18:58.787Z,1.298,2,1000,640x360,1.9643739999999923,1106,
2025-12-17T08:18:59.364Z,1.192,2,1000,640x360,1.9826750000000004,1099,
2025-12-17T08:18:59.884Z,1.161,2,1000,640x360,1.9637769999999932,1141,
2025-12-17T08:19:00.520Z,1.039,2,1000,640x360,1.913105999999999,1175,
2025-12-17T08:19:01.054Z,0.996,2,1000,640x360,1.9758369999999843,1171,
2025-12-17T08:19:01.639Z,0.946,2,1000,640x360,1.9969320000000153,1190,
2025-12-17T08:19:01.712Z,0.888,1,600,480x270,1.928309000000013,1177,
2025-12-17T08:19:02.017Z,1.028,1,600,480x270,1.9216670000000136,1177,
2025-12-17T08:19:02.323Z,1.216,1,600,480x270,1.9162989999999809,1190,
2025-12-17T08:19:02.650Z,1.406,1,600,480x270,1.991624999999999,1190,
2025-12-17T08:19:02.971Z,1.593,1,600,480x270,1.97278399999999,1190,
2025-12-17T08:19:03.169Z,1.856,1,600,480x270,1.9688170000000014,1197,
2025-12-17T08:19:03.433Z,2.106,1,600,480x270,1.9986240000000066,1197,
2025-12-17T08:19:03.992Z,2.046,1,600,480x270,1.9402010000000018,1200,
2025-12-17T08:19:04.491Z,2.044,1,600,480x270,1.9405140000000074,1201,
2025-12-17T08:19:04.976Z,2.065,1,600,480x270,1.9571369999999888,1206,
2025-12-17T08:19:05.121Z,2.086,2,1000,640x360,1.9124459999999885,1222,
2025-12-17T08:19:05.664Z,1.878,2,1000,640x360,1.973431000000005,1222,
2025-12-17T08:19:06.141Z,1.936,2,1000,640x360,1.999052000000006,1234,
2025-12-17T08:19:06.637Z,1.907,2,1000,640x360,2.007314999999977,1246,
2025-12-17T08:19:07.073Z,1.993,2,1000,640x360,1.9693259999999952,1257,
2025-12-17T08:19:07.753Z,1.789,2,1000,640x360,1.9852169999999774,1260,
2025-12-17T08:19:08.453Z,1.603,2,1000,640x360,1.975258999999994,1249,
2025-12-17T08:19:09.199Z,1.365,2,1000,640x360,1.932770999999974,1242,
2025-12-17T08:19:10.053Z,1.013,2,1000,640x360,1.9828429999999742,1225,
2025-12-17T08:19:10.881Z,0.725,2,1000,640x360,1.9785020000000202,1217,
2025-12-17T08:19:10.962Z,0.692,1,600,480x270,1.988250999999991,1209,
2025-12-17T08:19:11.406Z,0.656,1,600,480x270,1.9353209999999876,1209,
2025-12-17T08:19:11.872Z,0.669,1,600,480x270,1.970392000000004,1191,
2025-12-17T08:19:12.391Z,0.666,1,600,480x270,1.9489710000000002,1140,
2025-12-17T08:19:12.877Z,0.684,1,600,480x270,1.9652739999999937,1132,
2025-12-17T08:19:13.414Z,0.627,1,600,480x270,1.91373999999999,1124,
2025-12-17T08:19:13.927Z,0.659,1,600,480x270,1.922506999999996,1125,
2025-12-17T08:19:14.400Z,0.645,1,600,480x270,1.9370739999999955,1098,
2025-12-17T08:19:14.770Z,0.798,1,600,480x270,1.976742999999999,1093,
2025-12-17T08:19:15.103Z,0.965,1,600,480x270,1.9487459999999999,1093,
2025-12-17T08:19:15.365Z,1.177,1,600,480x270,1.9692129999999963,1113,
2025-12-17T08:19:15.440Z,1.197,2,1000,640x360,1.9914939999999888,1132,
2025-12-17T08:19:15.929Z,1.151,2,1000,640x360,2.0219979999999964,1132,
2025-12-17T08:19:16.442Z,1.115,2,1000,640x360,1.9939709999999877,1153,
2025-12-17T08:19:17.043Z,1.05,2,1000,640x360,1.9915139999999951,1179,
2025-12-17T08:19:17.757Z,0.787,2,1000,640x360,1.9816789999999855,1204,
2025-12-17T08:19:18.246Z,0.828,2,1000,640x360,1.9834519999999998,1193,
2025-12-17T08:19:18.746Z,0.812,2,1000,640x360,1.99532099999999,1183,
2025-12-17T08:19:19.262Z,0.772,2,1000,640x360,1.980905000000007,1225,
2025-12-17T08:19:19.347Z,0.8,1,600,480x270,1.9905129999999929,1224,
2025-12-17T08:19:19.678Z,0.87,1,600,480x270,1.9692750000000103,1224,
2025-12-17T08:19:19.987Z,1.092,1,600,480x270,1.959113000000002,1221,
2025-12-17T08:19:20.310Z,1.251,1,600,480x270,1.928956999999997,1216,
2025-12-17T08:19:20.698Z,1.364,1,600,480x270,1.9401919999999961,1212,
2025-12-17T08:19:21.122Z,1.421,1,600,480x270,1.912963000000019,1212,
2025-12-17T08:19:21.543Z,1.495,1,600,480x270,1.9872369999999933,1202,
2025-12-17T08:19:21.935Z,1.608,1,600,480x270,2.003320000000002,1196,
2025-12-17T08:19:22.413Z,1.627,1,600,480x270,1.9157780000000173,1178,
2025-12-17T08:19:22.787Z,1.782,1,600,480x270,1.9601240000000075,1179,
2025-12-17T08:19:22.853Z,1.783,2,1000,640x360,2.0003110000000106,1179,
2025-12-17T08:19:23.508Z,1.563,2,1000,640x360,1.925058999999976,1179,
2025-12-17T08:19:24.105Z,1.479,2,1000,640x360,1.9374430000000018,1190,
2025-12-17T08:19:24.784Z,1.275,2,1000,640x360,1.9505259999999964,1192,
2025-12-17T08:19:25.417Z,1.152,2,1000,640x360,1.92109099999999,1166,
2025-12-17T08:19:25.872Z,1.17,2,1000,640x360,1.9569339999999897,1224,
2025-12-17T08:19:26.712Z,0.845,2,1000,640x360,1.9348449999999957,1202,
2025-12-17T08:19:26.790Z,0.856,1,600,480x270,1.9507099999999866,1142,
2025-12-17T08:19:27.082Z,0.961,1,600,480x270,1.9520939999999882,1142,
2025-12-17T08:19:27.340Z,1.219,1,600,480x270,1.9912920000000156,1200,
2025-12-17T08:19:27.630Z,1.379,1,600,480x270,2.006682999999981,1185,
2025-12-17T08:19:27.949Z,1.581,1,600,480x270,2.0023979999999995,1185,
2025-12-17T08:19:28.273Z,1.748,1,600,480x270,1.9623720000000162,1179,
2025-12-17T08:19:28.868Z,1.685,1,600,480x270,1.9651830000000245,1179,
2025-12-17T08:19:29.161Z,1.887,1,600,480x270,1.976095999999984,1201,
2025-12-17T08:19:29.456Z,2.092,1,600,480x270,1.9751150000000166,1201,
2025-12-17T08:19:29.865Z,2.171,1,600,480x270,1.9642290000000173,1208,
2025-12-17T08:19:30.403Z,2.144,1,600,480x270,1.9288299999999765,1216,
2025-12-17T08:19:30.489Z,2.144,2,1000,640x360,1.9397280000000023,1221,
2025-12-17T08:19:31.134Z,1.919,2,1000,640x360,2.003079000000014,1221,
2025-12-17T08:19:31.716Z,1.866,2,1000,640x360,1.9273540000000082,1223,
2025-12-17T08:19:32.404Z,1.648,2,1000,640x360,1.9398300000000006,1237,
2025-12-17T08:19:32.823Z,1.739,2,1000,640x360,1.9366609999999866,1221,
2025-12-17T08:19:33.264Z,1.806,2,1000,640x360,1.974964,1241,
2025-12-17T08:19:33.570Z,1.987,2,1000,640x360,1.9676829999999939,1241,
2025-12-17T08:19:34.128Z,1.971,2,1000,640x360,2.003653000000014,1236,
2025-12-17T08:19:34.913Z,1.69,2,1000,640x360,1.9246899999999982,1223,
2025-12-17T08:19:35.803Z,1.256,2,1000,640x360,1.9448889999999892,1218,
2025-12-17T08:19:36.486Z,1.112,2,1000,640x360,1.954813999999999,1168,
2025-12-17T08:19:37.601Z,0.451,2,1000,640x360,1.949707999999987,1144,
2025-12-17T08:19:37.677Z,0.466,1,600,480x270,1.9676529999999843,1084,
2025-12-17T08:19:37.851Z,0.213,1,600,480x270,1.993682999999976,1084,rebuffer happen
2025-12-17T08:19:38.312Z,0.253,1,600,480x270,1.921921999999995,1084,
2025-12-17T08:19:38.538Z,0.025,1,600,480x270,1.9945020000000113,1047,rebuffer happen
2025-12-17T08:19:38.846Z,0.288,1,600,480x270,2.0693660000000023,1047,
2025-12-17T08:19:39.105Z,0.027,1,600,480x270,1.9971089999999947,1023,rebuffer happen
2025-12-17T08:19:39.495Z,0.227,1,600,480x270,2.097186999999991,1023,
2025-12-17T08:19:39.871Z,0.322,1,600,480x270,2.1421449999999993,981,
2025-12-17T08:19:40.048Z,0.253,1,600,480x270,2.1366449999999872,1000,rebuffer happen
2025-12-17T08:19:40.258Z,0.428,1,600,480x270,2.082597000000021,1000,
2025-12-17T08:19:40.429Z,0.281,1,600,480x270,2.0852979999999945,1000,rebuffer happen
2025-12-17T08:19:40.624Z,0.505,1,600,480x270,1.9951959999999929,1000,
2025-12-17T08:19:40.997Z,0.614,1,600,480x270,1.9900590000000022,1002,
2025-12-17T08:19:41.349Z,0.718,1,600,480x270,2.017605000000003,987,
2025-12-17T08:19:41.431Z,0.739,0,200,320x180,1.9320050000000037,997,
2025-12-17T08:19:41.613Z,0.949,0,200,320x180,1.9390039999999829,997,
2025-12-17T08:19:41.715Z,1.244,0,200,320x180,1.9337130000000116,997,
2025-12-17T08:19:41.839Z,1.665,0,200,320x180,2.0167089999999916,997,
2025-12-17T08:19:42.017Z,2.015,0,200,320x180,1.9262460000000203,1035,
2025-12-17T08:19:42.269Z,2.27,0,200,320x180,1.9616729999999905,1035,
2025-12-17T08:19:42.818Z,2.306,0,200,320x180,1.9272089999999764,1049,
2025-12-17T08:19:43.284Z,2.291,0,200,320x180,1.9430749999999932,1056,
2025-12-17T08:19:43.753Z,2.27,0,200,320x180,1.9790979999999934,1055,
2025-12-17T08:19:44.301Z,2.285,0,200,320x180,1.9271090000000015,1065,
2025-12-17T08:19:44.797Z,2.291,0,200,320x180,1.9454900000000066,1064,
2025-12-17T08:19:44.877Z,2.267,2,1000,640x360,1.9601729999999975,1071,
2025-12-17T08:19:45.687Z,1.889,2,1000,640x360,1.955820999999986,1071,
2025-12-17T08:19:46.276Z,1.761,2,1000,640x360,1.964178000000004,1054,
2025-12-17T08:19:46.977Z,1.601,2,1000,640x360,1.9617709999999988,1024,
2025-12-17T08:19:47.800Z,1.282,2,1000,640x360,1.9318949999999973,1116,
2025-12-17T08:19:48.569Z,1.028,2,1000,640x360,1.962569000000002,1064,
2025-12-17T08:19:48.650Z,0.99,1,600,480x270,1.9980649999999969,1043,
2025-12-17T08:19:49.130Z,0.953,1,600,480x270,2.004445000000004,1043,
2025-12-17T08:19:49.655Z,0.929,1,600,480x270,1.988299000000012,1111,
2025-12-17T08:19:50.107Z,0.945,1,600,480x270,1.9425589999999886,1139,
2025-12-17T08:19:50.557Z,1.002,1,600,480x270,1.9812009999999987,1119,
2025-12-17T08:19:51.006Z,1.05,1,600,480x270,1.9267380000000003,1077,
2025-12-17T08:19:51.391Z,1.187,1,600,480x270,1.9462150000000236,1060,
2025-12-17T08:19:51.773Z,1.272,1,600,480x270,1.9566580000000044,1044,
2025-12-17T08:19:52.151Z,1.409,1,600,480x270,1.9861429999999984,1044,
2025-12-17T08:19:52.627Z,1.437,1,600,480x270,1.9088179999999966,1063,
2025-12-17T08:19:52.698Z,1.422,2,1000,640x360,1.9382300000000043,1033,
2025-12-17T08:19:53.417Z,1.18,2,1000,640x360,1.9098390000000052,1033,
2025-12-17T08:19:54.362Z,0.718,2,1000,640x360,1.9836050000000114,973,
2025-12-17T08:19:55.064Z,0.487,2,1000,640x360,1.9674579999999935,961,
2025-12-17T08:19:55.307Z,0.251,2,1000,640x360,1.9225390000000004,963,rebuffer happen
2025-12-17T08:19:55.903Z,0.023,2,1000,640x360,1.9377120000000048,963,rebuffer happen
2025-12-17T08:19:56.015Z,0.06,2,1000,640x360,1.9371229999999855,963,
2025-12-17T08:19:56.053Z,0.028,2,1000,640x360,1.9988309999999956,929,rebuffer happen
2025-12-17T08:19:56.753Z,0.022,2,1000,640x360,2.360603999999995,929,rebuffer happen
2025-12-17T08:19:56.787Z,0.029,2,1000,640x360,2.333561000000003,929,rebuffer happen
2025-12-17T08:19:56.837Z,0.023,2,1000,640x360,2.3945380000000114,929,rebuffer happen
2025-12-17T08:19:56.903Z,0.016,2,1000,640x360,2.3541179999999997,929,rebuffer happen
2025-12-17T08:19:56.953Z,0.027,2,1000,640x360,2.4294979999999953,929,rebuffer happen
2025-12-17T08:19:56.981Z,0.027,2,1000,640x360,2.4294979999999953,929,
2025-12-17T08:19:57.020Z,0.026,0,200,320x180,2.3950209999999856,908,rebuffer happen
2025-12-17T08:19:57.053Z,0.026,0,200,320x180,2.5050209999999993,908,
2025-12-17T08:19:57.209Z,0.37,0,200,320x180,2.526162999999997,908,
2025-12-17T08:19:57.404Z,0.734,0,200,320x180,2.4910950000000014,908,
2025-12-17T08:19:57.567Z,0.904,0,200,320x180,2.4623209999999744,882,
2025-12-17T08:19:57.760Z,1.189,0,200,320x180,2.375407999999993,882,
2025-12-17T08:19:57.899Z,1.468,0,200,320x180,2.290590000000009,882,
2025-12-17T08:19:58.117Z,1.728,0,200,320x180,2.1976789999999937,896,
2025-12-17T08:19:58.281Z,1.893,0,200,320x180,2.17366100000001,896,
2025-12-17T08:19:58.452Z,2.278,0,200,320x180,2.162869999999998,896,
2025-12-17T08:19:58.800Z,2.306,0,200,320x180,2.0498669999999777,882,
2025-12-17T08:19:59.273Z,2.221,0,200,320x180,2.012745999999993,881,
2025-12-17T08:19:59.881Z,2.163,0,200,320x180,1.9896130000000198,874,
2025-12-17T08:20:00.257Z,2.2,0,200,320x180,1.998831999999993,888,
2025-12-17T08:20:00.471Z,2.211,1,600,480x270,1.9828179999999804,892,
2025-12-17T08:20:00.931Z,2.144,1,600,480x270,2.0240210000000047,892,
2025-12-17T08:20:01.379Z,2.169,1,600,480x270,1.9574879999999837,933,
2025-12-17T08:20:01.901Z,2.178,1,600,480x270,1.9550559999999848,958,
2025-12-17T08:20:02.437Z,2.111,1,600,480x270,2.0036650000000122,998,
2025-12-17T08:20:02.847Z,2.2,1,600,480x270,1.9965980000000059,1024,
2025-12-17T08:20:03.395Z,2.163,1,600,480x270,1.937201999999985,1035,
2025-12-17T08:20:03.896Z,2.143,1,600,480x270,1.9395339999999806,1040,
2025-12-17T08:20:04.377Z,2.161,1,600,480x270,1.9547090000000082,1046,
2025-12-17T08:20:04.864Z,2.184,1,600,480x270,1.9774500000000046,1042,
2025-12-17T08:20:05.553Z,1.997,1,600,480x270,1.98467500000001,1041,
2025-12-17T08:20:06.090Z,1.972,1,600,480x270,1.9507079999999917,1032,
2025-12-17T08:20:06.449Z,2.104,1,600,480x270,1.9944899999999848,1039,
2025-12-17T08:20:06.932Z,2.11,1,600,480x270,2.0036910000000034,1048,
2025-12-17T08:20:07.430Z,2.144,1,600,480x270,1.9987270000000024,1046,
2025-12-17T08:20:07.902Z,2.137,1,600,480x270,1.9340840000000128,1059,
2025-12-17T08:20:07.972Z,2.133,2,1000,640x360,1.9556829999999934,1069,
2025-12-17T08:20:08.672Z,1.886,2,1000,640x360,1.970721999999995,1069,
2025-12-17T08:20:09.145Z,1.922,2,1000,640x360,1.9889440000000036,1071,
2025-12-17T08:20:09.534Z,2.003,2,1000,640x360,1.999890999999991,1080,
2025-12-17T08:20:10.027Z,2.046,2,1000,640x360,1.923355999999984,1086,
2025-12-17T08:20:10.607Z,1.932,2,1000,640x360,1.9267499999999984,1088,
2025-12-17T08:20:11.026Z,2.01,2,1000,640x360,1.911561000000006,1090,
2025-12-17T08:20:11.680Z,1.879,2,1000,640x360,1.9573550000000068,1095,
2025-12-17T08:20:12.309Z,1.749,2,1000,640x360,1.9300340000000062,1105,
2025-12-17T08:20:13.060Z,1.525,2,1000,640x360,1.9715209999999956,1109,
2025-12-17T08:20:13.753Z,1.293,2,1000,640x360,2.003360000000015,1096,
2025-12-17T08:20:14.594Z,0.964,2,1000,640x360,1.9366839999999854,1077,
2025-12-17T08:20:14.668Z,0.966,1,600,480x270,1.9680940000000078,1063,
2025-12-17T08:20:15.061Z,0.981,1,600,480x270,1.9722930000000076,1063,
2025-12-17T08:20:15.499Z,1.041,1,600,480x270,1.9373030000000142,1103,
2025-12-17T08:20:15.947Z,1.114,1,600,480x270,1.9922730000000115,1065,
2025-12-17T08:20:16.458Z,1.099,1,600,480x270,1.979013000000009,1064,
2025-12-17T08:20:16.956Z,1.08,1,600,480x270,1.9915750000000116,1037,
2025-12-17T08:20:17.405Z,1.154,1,600,480x270,1.9242810000000077,1032,
2025-12-17T08:20:17.858Z,1.198,1,600,480x270,1.987403999999998,999,
2025-12-17T08:20:18.369Z,1.176,1,600,480x270,1.9672660000000235,999,
2025-12-17T08:20:18.942Z,1.098,1,600,480x270,1.986555999999979,990,
2025-12-17T08:20:19.245Z,1.308,1,600,480x270,1.9968520000000183,1012,
2025-12-17T08:20:19.592Z,1.475,1,600,480x270,1.9504230000000007,1012,
2025-12-17T08:20:20.035Z,1.488,1,600,480x270,1.9963520000000017,1064,
2025-12-17T08:20:20.111Z,1.524,2,1000,640x360,1.919702000000001,1032,
2025-12-17T08:20:20.640Z,1.419,2,1000,640x360,1.999639000000002,1032,
2025-12-17T08:20:21.244Z,1.326,2,1000,640x360,1.9876160000000027,1039,
2025-12-17T08:20:21.791Z,1.292,2,1000,640x360,1.962017000000003,1019,
2025-12-17T08:20:22.400Z,1.173,2,1000,640x360,1.9309240000000045,1006,
2025-12-17T08:20:22.933Z,1.117,2,1000,640x360,2.013061999999991,1004,
2025-12-17T08:20:23.728Z,0.859,2,1000,640x360,2.0043229999999994,997,
2025-12-17T08:20:23.809Z,0.834,0,200,320x180,1.92296300000001,1000,
2025-12-17T08:20:23.926Z,1.064,0,200,320x180,1.9058799999999962,1000,
2025-12-17T08:20:24.069Z,1.439,0,200,320x180,1.9646869999999979,1017,
2025-12-17T08:20:24.209Z,1.832,0,200,320x180,1.9290220000000033,1017,
2025-12-17T08:20:24.372Z,2.211,0,200,320x180,1.9563839999999857,1017,
2025-12-17T08:20:24.795Z,2.272,0,200,320x180,1.9448779999999886,1056,
2025-12-17T08:20:25.277Z,2.283,0,200,320x180,1.959224000000006,1067,
2025-12-17T08:20:25.794Z,2.31,0,200,320x180,1.9504560000000026,1080,
2025-12-17T08:20:26.275Z,2.258,0,200,320x180,1.96258499999999,1076,
2025-12-17T08:20:26.820Z,2.251,0,200,320x180,1.9114639999999952,1070,
2025-12-17T08:20:27.318Z,2.186,0,200,320x180,1.9258229999999799,1063,
2025-12-17T08:20:27.410Z,2.24,2,1000,640x360,1.925848000000002,1061,
2025-12-17T08:20:28.053Z,1.986,2,1000,640x360,1.9755530000000192,1061,
2025-12-17T08:20:28.778Z,1.77,2,1000,640x360,1.9588040000000149,1058,
2025-12-17T08:20:29.415Z,1.657,2,1000,640x360,1.9246720000000153,1074,
2025-12-17T08:20:30.050Z,1.532,2,1000,640x360,1.986017000000004,1106,
2025-12-17T08:20:30.719Z,1.347,2,1000,640x360,1.9143300000000067,1118,
2025-12-17T08:20:31.256Z,1.297,2,1000,640x360,1.973054999999988,1171,
2025-12-17T08:20:31.866Z,1.192,2,1000,640x360,1.9761250000000246,1167,
2025-12-17T08:20:32.435Z,1.103,2,1000,640x360,1.9937189999999987,1157,
2025-12-17T08:20:32.807Z,1.248,2,1000,640x360,1.9370569999999816,1141,
2025-12-17T08:20:33.187Z,1.353,2,1000,640x360,1.9427719999999908,1139,
2025-12-17T08:20:34.261Z,0.786,2,1000,640x360,1.9748969999999986,1139,
2025-12-17T08:20:34.344Z,0.799,1,600,480x270,1.9882410000000164,1135,
2025-12-17T08:20:34.804Z,0.753,1,600,480x270,1.9485649999999737,1135,
2025-12-17T08:20:35.181Z,0.886,1,600,480x270,1.9678409999999644,1131,
2025-12-17T08:20:35.549Z,0.98,1,600,480x270,1.98186400000003,1131,
2025-12-17T08:20:35.900Z,1.164,1,600,480x270,1.9344110000000114,1134,
2025-12-17T08:20:36.277Z,1.264,1,600,480x270,1.9587339999999926,1168,
2025-12-17T08:20:36.674Z,1.381,1,600,480x270,1.9692830000000185,1168,
2025-12-17T08:20:37.067Z,1.487,1,600,480x270,1.9639809999999898,1159,
2025-12-17T08:20:37.403Z,1.648,1,600,480x270,1.9379369999999767,1157,
2025-12-17T08:20:37.767Z,1.785,1,600,480x270,1.976526999999976,1153,
2025-12-17T08:20:37.839Z,1.799,2,1000,640x360,1.9966969999999833,1153,
2025-12-17T08:20:38.374Z,1.684,2,1000,640x360,1.9662759999999935,1153,
2025-12-17T08:20:38.802Z,1.743,2,1000,640x360,1.930470000000014,1142,
2025-12-17T08:20:39.552Z,1.502,2,1000,640x360,1.984484000000009,1133,
2025-12-17T08:20:40.547Z,1.009,2,1000,640x360,1.9900580000000332,1090,
2025-12-17T08:20:41.194Z,0.847,2,1000,640x360,1.9350450000000023,1060,
2025-12-17T08:20:41.263Z,0.863,1,600,480x270,1.97412700000001,1008,
2025-12-17T08:20:41.783Z,0.762,1,600,480x270,1.9553559999999948,1008,
2025-12-17T08:20:42.167Z,0.89,1,600,480x270,1.972709000000009,970,
2025-12-17T08:20:42.582Z,0.949,1,600,480x270,1.9499530000000505,979,
2025-12-17T08:20:43.040Z,1.02,1,600,480x270,1.993298999999979,985,
2025-12-17T08:20:43.456Z,1.099,1,600,480x270,1.9833919999999807,979,
2025-12-17T08:20:43.836Z,1.234,1,600,480x270,2.004741000000024,985,
2025-12-17T08:20:44.199Z,1.347,1,600,480x270,1.9460359999999923,968,
2025-12-17T08:20:44.578Z,1.449,1,600,480x270,1.9534519999999702,968,
2025-12-17T08:20:44.923Z,1.616,1,600,480x270,1.9062169999999696,958,
2025-12-17T08:20:45.268Z,1.771,1,600,480x270,1.9599540000000388,974,
2025-12-17T08:20:45.629Z,1.89,1,600,480x270,2.0029989999999884,974,
2025-12-17T08:20:45.982Z,2.057,1,600,480x270,1.9519630000000348,999,
2025-12-17T08:20:46.552Z,1.985,1,600,480x270,1.9778610000000185,1032,
2025-12-17T08:20:46.879Z,2.169,1,600,480x270,1.9589180000000397,1035,
2025-12-17T08:20:47.386Z,2.151,1,600,480x270,1.9472859999999628,1060,
2025-12-17T08:20:47.458Z,2.142,2,1000,640x360,1.9704110000000128,1077,
2025-12-17T08:20:48.118Z,1.955,2,1000,640x360,1.933019999999999,1077,
2025-12-17T08:20:48.654Z,1.912,2,1000,640x360,1.9827339999999936,1112,
2025-12-17T08:20:49.193Z,1.87,2,1000,640x360,1.9387050000000272,1107,
2025-12-17T08:20:49.728Z,1.825,2,1000,640x360,2.002080000000035,1118,
2025-12-17T08:20:50.262Z,1.79,2,1000,640x360,1.9722979999999666,1109,
2025-12-17T08:20:50.772Z,1.785,2,1000,640x360,1.9765439999999899,1102,
2025-12-17T08:20:51.465Z,1.61,2,1000,640x360,1.9631779999999708,1112,
2025-12-17T08:20:52.235Z,1.33,2,1000,640x360,2.0067449999999667,1109,
2025-12-17T08:20:53.046Z,1.033,2,1000,640x360,2.0037810000000036,1111,
2025-12-17T08:20:53.602Z,0.937,2,1000,640x360,1.938005999999973,1107,
2025-12-17T08:20:53.680Z,0.966,1,600,480x270,1.962571999999966,1080,
2025-12-17T08:20:54.064Z,0.982,1,600,480x270,1.9707780000000525,1080,
2025-12-17T08:20:54.480Z,1.077,1,600,480x270,1.9538929999999937,1114,
2025-12-17T08:20:55.011Z,1.071,1,600,480x270,1.9312009999999873,1103,
2025-12-17T08:20:55.517Z,1.042,1,600,480x270,1.9154809999999998,1070,
2025-12-17T08:20:56.000Z,1.041,1,600,480x270,1.9435730000000149,1072,
2025-12-17T08:20:56.450Z,1.111,1,600,480x270,1.9812750000000392,1055,
2025-12-17T08:20:56.917Z,1.141,1,600,480x270,1.9366309999999771,1021,
2025-12-17T08:20:57.294Z,1.269,1,600,480x270,1.9430699999999774,1026,
2025-12-17T08:20:57.655Z,1.388,1,600,480x270,1.98924599999998,1025,
2025-12-17T08:20:58.056Z,1.454,1,600,480x270,1.9765840000000026,1025,
2025-12-17T08:20:58.307Z,1.732,1,600,480x270,1.9253640000000019,1000,
2025-12-17T08:20:58.648Z,1.942,1,600,480x270,1.997920000000022,1016,
2025-12-17T08:20:59.123Z,1.917,1,600,480x270,1.922618,1016,
2025-12-17T08:20:59.629Z,1.936,1,600,480x270,2.0079709999999977,1028,
2025-12-17T08:21:00.248Z,1.846,1,600,480x270,1.994462999999996,1024,
2025-12-17T08:21:00.806Z,1.769,1,600,480x270,1.9464399999999955,1034,
2025-12-17T08:21:01.519Z,1.61,1,600,480x270,1.908945000000017,1048,
2025-12-17T08:21:01.945Z,1.595,1,600,480x270,1.9841089999999895,1051,
2025-12-17T08:21:02.398Z,1.643,1,600,480x270,1.9344019999999773,1062,
2025-12-17T08:21:02.464Z,1.659,2,1000,640x360,1.9743009999999686,1064,
2025-12-17T08:21:03.124Z,1.445,2,1000,640x360,1.9080749999999966,1064,
2025-12-17T08:21:03.716Z,1.342,2,1000,640x360,1.9251039999999762,1076,
2025-12-17T08:21:04.277Z,1.277,2,1000,640x360,1.9542180000000258,1077,
2025-12-17T08:21:04.822Z,1.237,2,1000,640x360,1.9257349999999747,1089,
2025-12-17T08:21:05.331Z,1.226,2,1000,640x360,2.005737999999951,1095,
2025-12-17T08:21:05.941Z,1.143,2,1000,640x360,1.9896620000000098,1083,
2025-12-17T08:21:06.485Z,1.078,2,1000,640x360,1.9444440000000327,1082,
2025-12-17T08:21:07.046Z,1.032,2,1000,640x360,1.9967399999999884,1082,
2025-12-17T08:21:07.658Z,0.922,2,1000,640x360,1.9828099999999722,1095,
2025-12-17T08:21:07.736Z,0.89,1,600,480x270,2.0024999999999977,1107,
2025-12-17T08:21:08.069Z,0.954,1,600,480x270,1.9727740000000153,1107,
2025-12-17T08:21:08.385Z,1.133,1,600,480x270,1.9462889999999788,1109,
2025-12-17T08:21:08.762Z,1.314,1,600,480x270,1.9938020000000165,1109,
2025-12-17T08:21:09.086Z,1.46,1,600,480x270,1.9577729999999747,1109,
2025-12-17T08:21:09.347Z,1.707,1,600,480x270,1.9881490000000213,1119,
2025-12-17T08:21:09.718Z,1.857,1,600,480x270,1.925709999999981,1142,
2025-12-17T08:21:10.065Z,1.991,1,600,480x270,1.9856029999999691,1142,
2025-12-17T08:21:10.386Z,2.16,1,600,480x270,1.9521879999999783,1170,
2025-12-17T08:21:10.881Z,2.163,1,600,480x270,1.955176999999992,1170,
2025-12-17T08:21:11.139Z,2.135,2,1000,640x360,1.991152999999997,1171,
2025-12-17T08:21:11.934Z,1.759,2,1000,640x360,1.9995660000000157,1171,
2025-12-17T08:21:12.376Z,1.661,2,1000,640x360,1.962453000000039,1187,
2025-12-17T08:21:12.911Z,1.651,2,1000,640x360,1.9366909999999962,1199,
2025-12-17T08:21:13.462Z,1.581,2,1000,640x360,1.968119999999999,1188,
2025-12-17T08:21:14.064Z,1.502,2,1000,640x360,1.9887549999999692,1198,
2025-12-17T08:21:14.626Z,1.425,2,1000,640x360,1.919259000000011,1189,
2025-12-17T08:21:15.116Z,1.439,2,1000,640x360,1.9212820000000193,1192,
2025-12-17T08:21:15.593Z,1.467,2,1000,640x360,1.9390390000000366,1188,
2025-12-17T08:21:15.821Z,1.634,2,1000,640x360,1.921933000000024,1187,
2025-12-17T08:21:15.854Z,2.127,2,1000,640x360,1.981250999999986,1193,
2025-12-17T08:21:17.037Z,1.548,2,1000,640x360,2.004232000000002,1193,
2025-12-17T08:21:17.632Z,1.451,2,1000,640x360,2.009978999999987,1186,
2025-12-17T08:21:18.173Z,1.415,2,1000,640x360,1.9766340000000469,1185,
2025-12-17T08:21:18.693Z,1.363,2,1000,640x360,1.9473689999999806,1195,
2025-12-17T08:21:19.211Z,1.363,2,1000,640x360,1.9255850000000123,1196,
2025-12-17T08:21:19.740Z,1.328,2,1000,640x360,1.9946009999999887,1204,
2025-12-17T08:21:20.269Z,1.293,2,1000,640x360,1.959504000000038,1205,
2025-12-17T08:21:20.818Z,1.243,2,1000,640x360,1.922486000000049,1211,
2025-12-17T08:21:21.349Z,1.215,2,1000,640x360,1.9832999999999856,1210,
2025-12-17T08:21:21.882Z,1.2,2,1000,640x360,1.9643130000000042,1206,
2025-12-17T08:21:22.413Z,1.139,2,1000,640x360,1.9221790000000283,1210,
2025-12-17T08:21:22.843Z,1.195,2,1000,640x360,1.9918240000000083,1215,
2025-12-17T08:21:23.290Z,1.259,2,1000,640x360,1.9490619999999694,1212,
2025-12-17T08:21:23.782Z,1.274,2,1000,640x360,1.9576240000000098,1212,
2025-12-17T08:21:24.299Z,1.253,2,1000,640x360,1.9308480000000259,1215,
2025-12-17T08:21:24.913Z,1.146,2,1000,640x360,1.9367940000000203,1251,
2025-12-17T08:21:25.523Z,1.037,2,1000,640x360,1.9095100000000116,1260,
2025-12-17T08:21:25.950Z,1.115,2,1000,640x360,2.001353999999992,1263,
2025-12-17T08:21:26.447Z,1.103,2,1000,640x360,1.9912419999999997,1262,
2025-12-17T08:21:26.929Z,1.109,2,1000,640x360,2.000862999999981,1270,
2025-12-17T08:21:27.428Z,1.121,2,1000,640x360,2.001029000000017,1259,
2025-12-17T08:21:27.917Z,1.136,2,1000,640x360,1.9280190000000061,1256,
2025-12-17T08:21:28.439Z,1.108,2,1000,640x360,1.9937180000000012,1241,
2025-12-17T08:21:29.084Z,0.982,2,1000,640x360,1.9653559999999857,1249,
2025-12-17T08:21:29.163Z,0.958,1,600,480x270,1.9710000000000036,1220,
2025-12-17T08:21:29.766Z,0.799,1,600,480x270,1.9787689999999998,1220,
2025-12-17T08:21:30.195Z,0.848,1,600,480x270,1.9492440000000215,1174,
2025-12-17T08:21:30.657Z,0.897,1,600,480x270,1.9907650000000103,1149,
2025-12-17T08:21:31.109Z,0.95,1,600,480x270,1.9491399999999999,1102,
2025-12-17T08:21:31.565Z,0.983,1,600,480x270,1.9816389999999728,1057,
2025-12-17T08:21:31.897Z,1.164,1,600,480x270,1.9455010000000357,1045,
2025-12-17T08:21:32.378Z,1.182,1,600,480x270,1.9597239999999942,1017,
2025-12-17T08:21:32.851Z,1.215,1,600,480x270,1.9917389999999955,1012,
2025-12-17T08:21:33.255Z,1.308,1,600,480x270,1.9754769999999553,1010,
2025-12-17T08:21:33.611Z,1.435,1,600,480x270,1.9217699999999809,1010,
2025-12-17T08:21:34.227Z,1.34,1,600,480x270,1.9117899999999963,960,
2025-12-17T08:21:34.805Z,1.25,1,600,480x270,1.953476999999964,966,
2025-12-17T08:21:35.374Z,1.176,1,600,480x270,1.9621210000000247,979,
2025-12-17T08:21:35.887Z,1.177,1,600,480x270,1.944817999999998,952,
2025-12-17T08:21:36.367Z,1.19,1,600,480x270,1.962851999999998,942,
2025-12-17T08:21:36.667Z,1.384,1,600,480x270,1.9823299999999904,942,
2025-12-17T08:21:37.309Z,1.268,1,600,480x270,1.927254000000005,942,
2025-12-17T08:21:37.740Z,1.326,1,600,480x270,2.0056999999999903,967,
2025-12-17T08:21:38.103Z,1.447,1,600,480x270,1.9447340000000395,967,
2025-12-17T08:21:38.629Z,1.434,1,600,480x270,2.007384000000002,951,
2025-12-17T08:21:39.127Z,1.462,1,600,480x270,1.926084000000003,954,
2025-12-17T08:21:39.615Z,1.453,1,600,480x270,1.931038000000001,939,
2025-12-17T08:21:40.063Z,1.464,1,600,480x270,1.9661060000000248,1002,
2025-12-17T08:21:40.548Z,1.51,1,600,480x270,1.989594000000011,960,
2025-12-17T08:21:40.978Z,1.569,1,600,480x270,1.9582880000000387,1053,
2025-12-17T08:21:41.446Z,1.595,1,600,480x270,1.9814939999999979,990,
2025-12-17T08:21:41.895Z,1.671,1,600,480x270,1.9509989999999675,982,
2025-12-17T08:21:42.306Z,1.753,1,600,480x270,1.9365129999999908,974,
2025-12-17T08:21:42.686Z,1.843,1,600,480x270,1.9538299999999822,972,
2025-12-17T08:21:43.117Z,1.904,1,600,480x270,1.9301909999999793,972,
2025-12-17T08:21:43.539Z,2.004,1,600,480x270,1.9893359999999802,1001,
2025-12-17T08:21:44.009Z,2.048,1,600,480x270,1.9249469999999747,1008,
2025-12-17T08:21:44.448Z,2.091,1,600,480x270,1.984737999999993,1012,
2025-12-17T08:21:44.952Z,2.105,1,600,480x270,1.9801660000000538,1026,
2025-12-17T08:21:45.445Z,2.106,1,600,480x270,1.981535000000008,1033,
2025-12-17T08:21:45.516Z,2.11,2,1000,640x360,1.9105979999999931,1072,
2025-12-17T08:21:46.250Z,1.806,2,1000,640x360,1.9867150000000038,1072,
2025-12-17T08:21:46.952Z,1.626,2,1000,640x360,1.9990169999999807,1088,
2025-12-17T08:21:47.578Z,1.477,2,1000,640x360,1.9572999999999752,1077,
2025-12-17T08:21:48.380Z,1.192,2,1000,640x360,1.9704399999999964,1052,
2025-12-17T08:21:48.949Z,1.091,2,1000,640x360,1.9939719999999852,1056,
2025-12-17T08:21:49.574Z,0.979,2,1000,640x360,1.9557179999999903,1066,
2025-12-17T08:21:49.649Z,0.985,1,600,480x270,1.9979449999999588,1080,
2025-12-17T08:21:50.031Z,1.001,1,600,480x270,2.0036549999999806,1080,
2025-12-17T08:21:50.357Z,1.193,1,600,480x270,1.9774680000000444,1086,
2025-12-17T08:21:50.686Z,1.374,1,600,480x270,1.9635279999999966,1082,
2025-12-17T08:21:51.046Z,1.523,1,600,480x270,1.9958649999999807,1082,
2025-12-17T08:21:51.287Z,1.755,1,600,480x270,1.9484600000000114,1078,
2025-12-17T08:21:51.598Z,1.954,1,600,480x270,1.9348190000000045,1078,
2025-12-17T08:21:51.870Z,2.189,1,600,480x270,1.9822810000000004,1079,
2025-12-17T08:21:52.363Z,2.181,1,600,480x270,1.9718209999999772,1094,
2025-12-17T08:21:53.045Z,2.01,1,600,480x270,1.9878380000000107,1099,
2025-12-17T08:21:53.118Z,2.016,2,1000,640x360,1.914387999999974,1097,
2025-12-17T08:21:53.744Z,1.812,2,1000,640x360,1.9934320000000412,1097,
2025-12-17T08:21:54.261Z,1.779,2,1000,640x360,1.9703020000000038,1104,
2025-12-17T08:21:54.908Z,1.654,2,1000,640x360,1.9377259999999978,1095,
2025-12-17T08:21:55.518Z,1.518,2,1000,640x360,1.911202000000003,1115,
2025-12-17T08:21:56.065Z,1.5,2,1000,640x360,1.9850040000000035,1125,
2025-12-17T08:21:56.647Z,1.417,2,1000,640x360,1.9848409999999603,1130,
2025-12-17T08:21:57.244Z,1.327,2,1000,640x360,1.9849109999999541,1141,
2025-12-17T08:21:57.905Z,1.155,2,1000,640x360,1.9291559999999777,1131,
2025-12-17T08:21:58.561Z,0.992,2,1000,640x360,1.969963000000007,1126,
2025-12-17T08:21:58.637Z,0.996,1,600,480x270,1.9020130000000108,1123,
2025-12-17T08:21:59.085Z,1.024,1,600,480x270,1.9543170000000032,1123,
2025-12-17T08:21:59.465Z,1.056,1,600,480x270,1.968258999999989,1125,
2025-12-17T08:21:59.829Z,1.229,1,600,480x270,2.0176519999999982,1117,
2025-12-17T08:22:00.217Z,1.32,1,600,480x270,1.9268490000000043,1137,
2025-12-17T08:22:00.631Z,1.425,1,600,480x270,2.0000819999999635,1137,
2025-12-17T08:22:01.025Z,1.515,1,600,480x270,1.903681000000006,1148,
2025-12-17T08:22:01.454Z,1.615,1,600,480x270,1.9727230000000304,1166,
2025-12-17T08:22:01.858Z,1.702,1,600,480x270,1.9735099999999761,1166,
2025-12-17T08:22:02.268Z,1.789,1,600,480x270,1.9687150000000315,1191,
2025-12-17T08:22:02.341Z,1.79,2,1000,640x360,1.9886619999999766,1191,
2025-12-17T08:22:03.090Z,1.474,2,1000,640x360,1.9448059999999714,1191,
2025-12-17T08:22:03.663Z,1.413,2,1000,640x360,1.981854999999996,1169,
2025-12-17T08:22:04.243Z,1.324,2,1000,640x360,1.9920759999999973,1154,
2025-12-17T08:22:04.743Z,1.304,2,1000,640x360,1.9862899999999968,1135,
2025-12-17T08:22:05.332Z,1.253,2,1000,640x360,1.999937999999986,1146,
2025-12-17T08:22:05.910Z,1.162,2,1000,640x360,1.9218529999999987,1162,
2025-12-17T08:22:06.435Z,1.111,2,1000,640x360,1.9991890000000012,1208,
2025-12-17T08:22:06.962Z,1.093,2,1000,640x360,1.981187000000034,1220,
2025-12-17T08:22:07.487Z,1.068,2,1000,640x360,1.9517000000000166,1226,
2025-12-17T08:22:08.000Z,1.047,2,1000,640x360,1.9475909999999885,1242,
2025-12-17T08:22:08.563Z,0.984,2,1000,640x360,1.967694999999992,1252,
2025-12-17T08:22:08.632Z,0.996,1,600,480x270,1.9052520000000186,1256,
2025-12-17T08:22:08.921Z,1.147,1,600,480x270,1.9373580000000175,1256,
2025-12-17T08:22:09.226Z,1.322,1,600,480x270,1.919333999999992,1241,
2025-12-17T08:22:09.585Z,1.466,1,600,480x270,1.948157999999978,1241,
2025-12-17T08:22:09.896Z,1.657,1,600,480x270,1.9448119999999562,1251,
2025-12-17T08:22:10.169Z,1.868,1,600,480x270,1.9665479999999889,1271,
2025-12-17T08:22:10.474Z,2.04,1,600,480x270,1.9558649999999602,1271,
2025-12-17T08:22:10.915Z,2.117,1,600,480x270,1.927028000000007,1280,
2025-12-17T08:22:11.614Z,1.94,1,600,480x270,1.9190249999999764,1281,
2025-12-17T08:22:11.992Z,1.993,1,600,480x270,1.9453579999999988,1280,
2025-12-17T08:22:12.066Z,2.074,2,1000,640x360,1.9731990000000224,1289,
2025-12-17T08:22:12.619Z,1.936,2,1000,640x360,1.9228459999999927,1289,
2025-12-17T08:22:13.168Z,1.896,2,1000,640x360,1.97305300000005,1281,
2025-12-17T08:22:13.832Z,1.693,2,1000,640x360,2.0003259999999727,1259,
2025-12-17T08:22:14.481Z,1.571,2,1000,640x360,1.955871000000002,1245,
2025-12-17T08:22:15.130Z,1.425,2,1000,640x360,2.0027339999999754,1243,
2025-12-17T08:22:15.764Z,1.332,2,1000,640x360,1.986302999999964,1283,
2025-12-17T08:22:16.373Z,1.197,2,1000,640x360,1.9599079999999844,1256,
2025-12-17T08:22:16.991Z,1.092,2,1000,640x360,1.957794999999976,1251,
2025-12-17T08:22:17.620Z,0.938,2,1000,640x360,1.9175500000000056,1196,
2025-12-17T08:22:17.694Z,0.939,1,600,480x270,1.9444320000000062,1192,
2025-12-17T08:22:18.051Z,1,1,600,480x270,1.9907420000000116,1192,
2025-12-17T08:22:18.380Z,1.139,1,600,480x270,1.9473540000000185,1161,
2025-12-17T08:22:18.686Z,1.358,1,600,480x270,1.9532779999999548,1161,
2025-12-17T08:22:19.004Z,1.55,1,600,480x270,1.928318000000047,1161,
2025-12-17T08:22:19.328Z,1.711,1,600,480x270,2.001078000000007,1131,
2025-12-17T08:22:19.651Z,1.858,1,600,480x270,1.9871990000000324,1138,
2025-12-17T08:22:20.019Z,2.025,1,600,480x270,1.9189739999999915,1138,
2025-12-17T08:22:20.469Z,2.067,1,600,480x270,1.9617099999999823,1157,
2025-12-17T08:22:20.994Z,2.056,1,600,480x270,1.9485650000000305,1191,
2025-12-17T08:22:21.110Z,2.064,2,1000,640x360,1.930731000000037,1195,
2025-12-17T08:22:21.715Z,1.851,2,1000,640x360,1.9351459999999747,1195,
2025-12-17T08:22:22.295Z,1.768,2,1000,640x360,1.9459770000000276,1215,
2025-12-17T08:22:22.870Z,1.691,2,1000,640x360,1.9663850000000025,1166,
2025-12-17T08:22:23.429Z,1.617,2,1000,640x360,1.9995160000000283,1130,
2025-12-17T08:22:23.991Z,1.575,2,1000,640x360,1.952211000000034,1135,
2025-12-17T08:22:24.550Z,1.512,2,1000,640x360,1.9811310000000049,1133,
2025-12-17T08:22:25.119Z,1.441,2,1000,640x360,1.9192920000000413,1140,
2025-12-17T08:22:25.709Z,1.356,2,1000,640x360,1.9437030000000277,1143,
2025-12-17T08:22:26.296Z,1.275,2,1000,640x360,1.9422099999999887,1152,
2025-12-17T08:22:26.907Z,1.15,2,1000,640x360,1.9362990000000195,1164,
2025-12-17T08:22:27.596Z,1.017,2,1000,640x360,1.9425170000000094,1242,
2025-12-17T08:22:27.674Z,0.919,1,600,480x270,1.9610150000000317,1214,
2025-12-17T08:22:28.093Z,0.975,1,600,480x270,1.947674999999947,1214,
2025-12-17T08:22:28.478Z,1.06,1,600,480x270,1.9495620000000145,1202,
2025-12-17T08:22:28.829Z,1.242,1,600,480x270,2.013691999999992,1193,
2025-12-17T08:22:29.166Z,1.393,1,600,480x270,1.9704509999999686,1193,
2025-12-17T08:22:29.531Z,1.521,1,600,480x270,1.9989510000000337,1193,
2025-12-17T08:22:29.828Z,1.697,1,600,480x270,2.0205700000000206,1163,
2025-12-17T08:22:30.124Z,1.926,1,600,480x270,1.9162939999999935,1141,
2025-12-17T08:22:30.424Z,2.085,1,600,480x270,1.9077370000000542,1141,
2025-12-17T08:22:30.905Z,2.136,1,600,480x270,1.9261129999999866,1125,
2025-12-17T08:22:31.074Z,2.117,2,1000,640x360,1.9589599999999905,1151,
2025-12-17T08:22:32.413Z,1.173,2,1000,640x360,1.9295149999999808,1151,
2025-12-17T08:22:33.377Z,0.725,2,1000,640x360,1.954702999999995,1056,
2025-12-17T08:22:34.257Z,0.337,2,1000,640x360,1.9857279999999946,962,
2025-12-17T08:22:34.298Z,0.267,2,1000,640x360,1.9437979999999584,1048,rebuffer happen
2025-12-17T08:22:34.533Z,0.026,2,1000,640x360,1.9996780000000172,1048,rebuffer happen
2025-12-17T08:22:34.583Z,0.022,2,1000,640x360,1.9621609999999805,1048,rebuffer happen
2025-12-17T08:22:34.767Z,0.024,2,1000,640x360,2.0343089999999506,1048,rebuffer happen
2025-12-17T08:22:35.100Z,0.026,2,1000,640x360,2.0335139999999683,1048,rebuffer happen
2025-12-17T08:22:35.121Z,0.026,2,1000,640x360,2.0335139999999683,1048,
2025-12-17T08:22:35.167Z,0.019,0,200,320x180,2.0954100000000153,984,rebuffer happen
2025-12-17T08:22:35.199Z,0.019,0,200,320x180,2.0954100000000153,984,
2025-12-17T08:22:35.357Z,0.332,0,200,320x180,2.1963380000000257,984,
2025-12-17T08:22:35.577Z,0.658,0,200,320x180,2.1233180000000402,983,
2025-12-17T08:22:35.786Z,0.885,0,200,320x180,2.1078620000000114,983,
2025-12-17T08:22:35.964Z,1.19,0,200,320x180,2.0916970000000106,983,
2025-12-17T08:22:36.168Z,1.499,0,200,320x180,2.05471799999998,968,
2025-12-17T08:22:36.333Z,1.744,0,200,320x180,2.0747760000000426,968,
2025-12-17T08:22:36.532Z,1.991,0,200,320x180,2.0568039999999996,996,
2025-12-17T08:22:36.766Z,2.31,0,200,320x180,2.0433400000000006,996,
2025-12-17T08:22:37.268Z,2.213,0,200,320x180,1.9961920000000077,999,
2025-12-17T08:22:37.747Z,2.328,0,200,320x180,2.0068789999999694,993,
2025-12-17T08:22:38.311Z,2.279,0,200,320x180,1.9294700000000375,989,
2025-12-17T08:22:38.608Z,1.962,1,600,480x270,1.9288329999999974,991,
2025-12-17T08:22:38.872Z,2.169,1,600,480x270,1.9643479999999727,991,
2025-12-17T08:22:39.365Z,2.139,1,600,480x270,1.964084000000014,1025,
2025-12-17T08:22:39.898Z,2.115,1,600,480x270,1.942826000000025,1084,
2025-12-17T08:22:40.397Z,2.142,1,600,480x270,1.933033000000023,1111,
2025-12-17T08:22:40.915Z,2.137,1,600,480x270,1.9282690000000002,1140,
2025-12-17T08:22:41.467Z,2.082,1,600,480x270,1.9614900000000262,1147,
2025-12-17T08:22:41.960Z,2.066,1,600,480x270,1.997932999999989,1137,
2025-12-17T08:22:42.030Z,2.119,2,1000,640x360,1.9259419999999636,1150,
2025-12-17T08:22:42.634Z,1.913,2,1000,640x360,2.003827000000001,1150,
2025-12-17T08:22:43.113Z,1.949,2,1000,640x360,1.9255589999999643,1166,
2025-12-17T08:22:43.642Z,1.9,2,1000,640x360,1.9933550000000082,1179,
2025-12-17T08:22:44.126Z,1.914,2,1000,640x360,1.9107759999999985,1151,
2025-12-17T08:22:44.651Z,1.915,2,1000,640x360,1.997363000000007,1143,
2025-12-17T08:22:45.166Z,1.878,2,1000,640x360,1.970327999999995,1146,
2025-12-17T08:22:45.737Z,1.84,2,1000,640x360,2.0123480000000313,1164,
2025-12-17T08:22:46.284Z,1.781,2,1000,640x360,1.9532730000000242,1185,
2025-12-17T08:22:46.899Z,1.665,2,1000,640x360,1.9350559999999746,1183,
2025-12-17T08:22:47.499Z,1.573,2,1000,640x360,1.935007999999982,1166,
2025-12-17T08:22:47.971Z,1.595,2,1000,640x360,1.969204999999988,1175,
2025-12-17T08:22:48.453Z,1.623,2,1000,640x360,1.974066999999991,1172,
2025-12-17T08:22:49.227Z,1.295,2,1000,640x360,1.90615200000002,1185,
2025-12-17T08:22:49.760Z,1.34,2,1000,640x360,1.9742559999999685,1177,
2025-12-17T08:22:50.272Z,1.327,2,1000,640x360,1.955660000000023,1175,
2025-12-17T08:22:50.815Z,1.248,2,1000,640x360,1.9174899999999866,1184,
2025-12-17T08:22:51.351Z,1.197,2,1000,640x360,1.9762979999999857,1190,
2025-12-17T08:22:51.548Z,1.467,2,1000,640x360,1.9795090000000073,1213,
2025-12-17T08:22:51.848Z,1.728,2,1000,640x360,1.9960189999999898,1213,
2025-12-17T08:22:52.283Z,1.767,2,1000,640x360,1.9475359999999569,1211,
2025-12-17T08:22:52.815Z,1.747,2,1000,640x360,1.9238690000000247,1211,
2025-12-17T08:22:53.308Z,1.744,2,1000,640x360,1.9233260000000314,1198,
2025-12-17T08:22:53.838Z,1.744,2,1000,640x360,2.0173859999999877,1206,
2025-12-17T08:22:54.362Z,1.704,2,1000,640x360,1.980540000000019,1221,
2025-12-17T08:22:54.887Z,1.673,2,1000,640x360,1.948773000000017,1230,
2025-12-17T08:22:55.918Z,1.135,2,1000,640x360,1.91941300000002,1227,
2025-12-17T08:22:56.455Z,1.093,2,1000,640x360,1.9737949999999955,1228,
2025-12-17T08:22:56.947Z,1.125,2,1000,640x360,1.9951069999999618,1230,
2025-12-17T08:22:57.316Z,1.249,2,1000,640x360,1.9138570000000072,1242,
2025-12-17T08:22:57.711Z,1.363,2,1000,640x360,1.933230999999978,1276,
2025-12-17T08:22:58.147Z,1.42,2,1000,640x360,1.993167000000028,1276,
2025-12-17T08:22:58.683Z,1.396,2,1000,640x360,1.949214999999981,1269,
2025-12-17T08:22:59.305Z,1.258,2,1000,640x360,1.932567000000006,1268,
2025-12-17T08:22:59.866Z,1.187,2,1000,640x360,1.967739999999992,1270,
2025-12-17T08:23:00.335Z,1.228,2,1000,640x360,1.9996110000000158,1260,
2025-12-17T08:23:01.028Z,1.039,2,1000,640x360,2.005082000000016,1260,
2025-12-17T08:23:01.786Z,0.766,2,1000,640x360,1.9476999999999975,1251,
2025-12-17T08:23:01.871Z,0.772,1,600,480x270,1.971625999999958,1260,
2025-12-17T08:23:02.289Z,0.747,1,600,480x270,1.9375680000000557,1260,
2025-12-17T08:23:02.721Z,0.839,1,600,480x270,1.929967999999974,1251,
2025-12-17T08:23:03.146Z,0.922,1,600,480x270,1.9944590000000062,1245,
2025-12-17T08:23:03.516Z,1.089,1,600,480x270,1.910931000000005,1245,
2025-12-17T08:23:03.861Z,1.176,1,600,480x270,1.976855999999998,1254,
2025-12-17T08:23:04.329Z,1.258,1,600,480x270,1.9994229999999789,1236,
2025-12-17T08:23:04.788Z,1.308,1,600,480x270,1.9607829999999922,1232,
2025-12-17T08:23:05.141Z,1.402,1,600,480x270,1.9920809999999847,1232,
2025-12-17T08:23:05.428Z,1.613,1,600,480x270,1.9994870000000446,1130,
2025-12-17T08:23:05.501Z,1.614,2,1000,640x360,1.9258780000000115,1137,
2025-12-17T08:23:05.939Z,1.62,2,1000,640x360,2.000691999999958,1137,
2025-12-17T08:23:06.537Z,1.521,2,1000,640x360,1.9964049999999816,1108,
2025-12-17T08:23:07.448Z,1.11,2,1000,640x360,1.9829540000000065,1087,
2025-12-17T08:23:08.573Z,0.502,2,1000,640x360,1.9650100000000066,1005,
2025-12-17T08:23:08.816Z,0.248,2,1000,640x360,1.928623000000016,990,rebuffer happen
2025-12-17T08:23:09.356Z,0.264,2,1000,640x360,1.9790820000000053,990,
2025-12-17T08:23:09.434Z,0.207,0,200,320x180,1.9012860000000273,1012,
2025-12-17T08:23:09.546Z,0.466,0,200,320x180,1.99034400000005,1012,
2025-12-17T08:23:09.733Z,0.768,0,200,320x180,2.0057050000000345,1012,
2025-12-17T08:23:09.897Z,1.14,0,200,320x180,1.9377179999999612,1012,
2025-12-17T08:23:10.040Z,1.48,0,200,320x180,1.9936640000000239,1024,
2025-12-17T08:23:10.189Z,1.798,0,200,320x180,1.9497519999999895,1024,
2025-12-17T08:23:10.348Z,2.155,0,200,320x180,1.9812620000000152,1024,
2025-12-17T08:23:10.792Z,2.27,0,200,320x180,1.9494730000000118,1030,
2025-12-17T08:23:11.277Z,2.28,0,200,320x180,1.959635999999989,1061,
2025-12-17T08:23:11.779Z,2.299,0,200,320x180,1.9786020000000235,1068,
2025-12-17T08:23:12.278Z,2.311,0,200,320x180,1.9663289999999733,1073,
2025-12-17T08:23:12.763Z,2.297,0,200,320x180,1.9816370000000347,1069,
2025-12-17T08:23:12.843Z,2.302,2,1000,640x360,1.9956249999999613,1069,
2025-12-17T08:23:13.697Z,1.846,2,1000,640x360,1.9344000000000392,1068,
2025-12-17T08:23:14.310Z,1.739,2,1000,640x360,1.924775000000011,1069,
2025-12-17T08:23:14.774Z,1.785,2,1000,640x360,1.970519999999965,1073,
2025-12-17T08:23:15.334Z,1.733,2,1000,640x360,2.0012500000000273,1073,
2025-12-17T08:23:15.908Z,1.644,2,1000,640x360,1.9184419999999704,1096,
2025-12-17T08:23:16.717Z,1.418,2,1000,640x360,1.9169059999999831,1094,
2025-12-17T08:23:17.311Z,1.27,2,1000,640x360,1.9162090000000376,1062,
2025-12-17T08:23:17.904Z,1.184,2,1000,640x360,1.938955999999962,1050,
2025-12-17T08:23:17.971Z,1.139,1,600,480x270,1.9649410000000103,1054,
2025-12-17T08:23:18.322Z,1.218,1,600,480x270,1.9187880000000064,1054,
2025-12-17T08:23:18.740Z,1.305,1,600,480x270,2.0022409999999695,1058,
2025-12-17T08:23:19.080Z,1.475,1,600,480x270,1.95568099999997,1058,
2025-12-17T08:23:19.411Z,1.657,1,600,480x270,1.9197309999999561,1092,
2025-12-17T08:23:19.765Z,1.788,1,600,480x270,1.978349000000037,1099,
2025-12-17T08:23:20.134Z,1.913,1,600,480x270,2.0077210000000036,1099,
2025-12-17T08:23:20.512Z,2.028,1,600,480x270,1.9188530000000128,1151,
2025-12-17T08:23:20.851Z,2.178,1,600,480x270,1.9847030000000245,1155,
2025-12-17T08:23:21.325Z,2.216,1,600,480x270,1.911042000000009,1164,
2025-12-17T08:23:21.402Z,2.168,2,1000,640x360,1.9273689999999988,1165,
2025-12-17T08:23:22.074Z,1.984,2,1000,640x360,1.9699850000000083,1165,
2025-12-17T08:23:22.981Z,1.553,2,1000,640x360,1.9606679999999983,1156,
2025-12-17T08:23:23.760Z,1.325,2,1000,640x360,1.988948999999991,1073,
2025-12-17T08:23:24.327Z,1.227,2,1000,640x360,1.907476000000031,1091,
2025-12-17T08:23:24.699Z,1.364,2,1000,640x360,1.937842000000046,1120,
2025-12-17T08:23:25.092Z,1.468,2,1000,640x360,1.935811000000001,1120,
2025-12-17T08:23:25.508Z,1.549,2,1000,640x360,1.9189670000000092,1159,
2025-12-17T08:23:25.971Z,1.595,2,1000,640x360,1.9686790000000087,1191,
2025-12-17T08:23:26.338Z,1.723,2,1000,640x360,1.9900089999999864,1203,
2025-12-17T08:23:26.917Z,1.646,2,1000,640x360,1.9140350000000126,1211,
2025-12-17T08:23:27.788Z,1.286,2,1000,640x360,1.9553080000000023,1211,
2025-12-17T08:23:28.400Z,1.173,2,1000,640x360,1.932120999999995,1200,
2025-12-17T08:23:28.903Z,1.194,2,1000,640x360,1.9491399999999999,1193,
2025-12-17T08:23:29.488Z,1.126,2,1000,640x360,1.949200000000019,1191,
2025-12-17T08:23:29.949Z,1.119,2,1000,640x360,1.986579000000006,1201,
2025-12-17T08:23:30.460Z,1.098,2,1000,640x360,1.9791800000000421,1218,
2025-12-17T08:23:30.919Z,1.143,2,1000,640x360,1.9151469999999904,1267,
2025-12-17T08:23:31.299Z,1.262,2,1000,640x360,1.9379050000000007,1263,
2025-12-17T08:23:31.614Z,1.438,2,1000,640x360,1.9250720000000001,1266,
2025-12-17T08:23:32.239Z,1.436,2,1000,640x360,2.0032400000000052,1266,
2025-12-17T08:23:33.013Z,1.07,2,1000,640x360,1.9172639999999888,1281,
2025-12-17T08:23:33.534Z,1.026,2,1000,640x360,1.9985619999999926,1287,
2025-12-17T08:23:33.960Z,1.079,2,1000,640x360,1.9714160000000334,1289,
2025-12-17T08:23:34.388Z,1.172,2,1000,640x360,1.9412730000000238,1290,
2025-12-17T08:23:34.844Z,1.234,2,1000,640x360,1.9886020000000144,1280,
2025-12-17T08:23:35.313Z,1.248,2,1000,640x360,1.916755999999964,1285,
2025-12-17T08:23:35.751Z,1.313,2,1000,640x360,1.991670000000056,1290,
2025-12-17T08:23:36.189Z,1.366,2,1000,640x360,1.9553470000000175,1290,
2025-12-17T08:23:36.766Z,1.336,2,1000,640x360,1.9833510000000274,1302,
2025-12-17T08:23:37.650Z,0.948,2,1000,640x360,1.984220999999991,1303,
2025-12-17T08:23:37.717Z,0.913,1,600,480x270,1.9165800000000104,1272,
2025-12-17T08:23:38.259Z,0.768,1,600,480x270,1.9827099999999973,1272,
2025-12-17T08:23:38.702Z,0.882,1,600,480x270,1.9307959999999866,1206,
2025-12-17T08:23:39.209Z,0.851,1,600,480x270,1.9214419999999564,1175,
2025-12-17T08:23:39.976Z,0.227,1,600,480x270,1.969426999999996,1140,rebuffer happen
2025-12-17T08:23:40.304Z,0.03,1,600,480x270,1.9407170000000065,1140,rebuffer happen
2025-12-17T08:23:40.387Z,0.027,1,600,480x270,2.0002810000000295,1140,rebuffer happen
2025-12-17T08:23:40.437Z,0.017,1,600,480x270,2.053720999999996,1140,rebuffer happen
2025-12-17T08:23:40.471Z,0.031,1,600,480x270,2.0348940000000084,1140,rebuffer happen
2025-12-17T08:23:40.621Z,0.02,1,600,480x270,2.0619609999999966,1140,rebuffer happen
2025-12-17T08:23:40.688Z,0.027,1,600,480x270,2.1344849999999838,1140,rebuffer happen
2025-12-17T08:23:40.700Z,0.027,1,600,480x270,2.1344849999999838,1140,
2025-12-17T08:23:40.738Z,0.027,1,600,480x270,2.1972620000000234,1047,rebuffer happen
2025-12-17T08:23:41.359Z,0.253,1,600,480x270,2.542718999999977,1047,
2025-12-17T08:23:41.440Z,0.265,0,200,320x180,2.5553039999999783,1013,
2025-12-17T08:23:41.644Z,0.486,0,200,320x180,2.5533310000000142,1013,
2025-12-17T08:23:41.797Z,0.829,0,200,320x180,2.5211909999999875,1013,
2025-12-17T08:23:42.014Z,1.058,0,200,320x180,2.3995840000000044,1011,
2025-12-17T08:23:42.250Z,1.193,0,200,320x180,2.366174000000001,1011,
2025-12-17T08:23:42.415Z,1.462,0,200,320x180,2.241066999999987,1011,
2025-12-17T08:23:42.611Z,1.682,0,200,320x180,2.1955469999999764,1009,
2025-12-17T08:23:42.807Z,1.894,0,200,320x180,2.142577000000017,1009,
2025-12-17T08:23:43.035Z,2.133,0,200,320x180,2.1565410000000043,1009,
2025-12-17T08:23:43.324Z,2.301,0,200,320x180,2.0171290000000113,1009,
2025-12-17T08:23:43.809Z,2.304,0,200,320x180,1.998059000000012,996,
2025-12-17T08:23:44.289Z,2.328,0,200,320x180,1.9779219999999782,1003,
2025-12-17T08:23:44.765Z,2.31,0,200,320x180,2.002857000000006,1003,
2025-12-17T08:23:44.850Z,2.285,1,600,480x270,2.0094330000000014,1003,
2025-12-17T08:23:45.439Z,2.11,1,600,480x270,2.0036739999999895,1016,
2025-12-17T08:23:45.918Z,2.147,1,600,480x270,1.9357889999999998,1045,
2025-12-17T08:23:46.413Z,2.134,1,600,480x270,1.9301510000000235,1066,
2025-12-17T08:23:46.921Z,2.122,1,600,480x270,1.9135330000000295,1083,
2025-12-17T08:23:47.444Z,2.091,1,600,480x270,1.986912000000018,1105,
2025-12-17T08:23:47.983Z,2.058,1,600,480x270,1.9516189999999938,1132,
2025-12-17T08:23:48.377Z,2.127,1,600,480x270,1.9510310000000004,1136,
2025-12-17T08:23:48.453Z,2.13,2,1000,640x360,1.9737420000000157,1158,
2025-12-17T08:23:49.179Z,1.862,2,1000,640x360,1.9642709999999965,1158,
2025-12-17T08:23:49.720Z,1.846,2,1000,640x360,1.937232999999992,1150,
2025-12-17T08:23:50.290Z,1.747,2,1000,640x360,1.9506880000000137,1101,
2025-12-17T08:23:50.846Z,1.7,2,1000,640x360,1.9838380000000484,1122,
2025-12-17T08:23:52.066Z,0.991,2,1000,640x360,1.965016999999989,1121,
2025-12-17T08:23:52.134Z,0.954,1,600,480x270,1.9957180000000108,985,
2025-12-17T08:23:52.898Z,0.663,1,600,480x270,1.9388529999999946,985,
2025-12-17T08:23:53.674Z,0.391,1,600,480x270,1.9741319999999973,884,
2025-12-17T08:23:53.897Z,0.177,1,600,480x270,1.9553389999999808,799,rebuffer happen
2025-12-17T08:23:54.049Z,0.023,1,600,480x270,2.0045519999999897,799,rebuffer happen
2025-12-17T08:23:54.462Z,0.234,1,600,480x270,2.106562999999994,799,
2025-12-17T08:23:54.682Z,0.017,1,600,480x270,2.0882290000000125,752,rebuffer happen
2025-12-17T08:23:55.250Z,0.03,1,600,480x270,2.412750000000017,752,rebuffer happen
2025-12-17T08:23:55.300Z,0.027,1,600,480x270,2.3765510000000063,752,rebuffer happen
2025-12-17T08:23:55.350Z,0.031,1,600,480x270,2.4402469999999994,752,rebuffer happen
2025-12-17T08:23:55.433Z,0.016,1,600,480x270,2.4911480000000097,752,rebuffer happen
2025-12-17T08:23:55.500Z,0.027,1,600,480x270,2.4361599999999726,752,rebuffer happen
2025-12-17T08:23:55.527Z,0.027,1,600,480x270,2.5301599999999667,752,
2025-12-17T08:23:55.566Z,0.027,0,200,320x180,2.4961439999999584,701,rebuffer happen
2025-12-17T08:23:55.609Z,0.027,0,200,320x180,2.4961439999999584,701,
2025-12-17T08:23:55.833Z,0.297,0,200,320x180,2.704656,701,rebuffer happen
2025-12-17T08:23:55.867Z,0.39,0,200,320x180,2.653577999999982,701,
2025-12-17T08:23:56.147Z,0.478,0,200,320x180,2.539837000000034,699,
2025-12-17T08:23:56.421Z,0.55,0,200,320x180,2.3491809999999873,699,
2025-12-17T08:23:56.564Z,0.825,0,200,320x180,2.355854000000022,703,
2025-12-17T08:23:56.666Z,1.196,0,200,320x180,2.3611609999999814,703,
2025-12-17T08:23:56.772Z,1.548,0,200,320x180,2.3058659999999804,703,
2025-12-17T08:23:56.878Z,1.972,0,200,320x180,2.2581630000000246,703,
2025-12-17T08:23:56.950Z,2.243,0,200,320x180,2.2715029999999956,750,
2025-12-17T08:23:57.246Z,2.52,0,200,320x180,2.185193999999967,750,
2025-12-17T08:23:57.869Z,2.286,0,200,320x180,2.0884570000000053,754,
2025-12-17T08:23:58.462Z,2.138,0,200,320x180,2.0134480000000394,748,
2025-12-17T08:23:58.994Z,2.07,0,200,320x180,1.959662000000037,752,
2025-12-17T08:23:59.070Z,2.063,1,600,480x270,1.9934359999999742,732,
2025-12-17T08:23:59.511Z,2.042,1,600,480x270,1.9276500000000283,732,
2025-12-17T08:24:00.017Z,2.022,1,600,480x270,1.9195239999999671,790,
2025-12-17T08:24:00.600Z,2.014,1,600,480x270,1.9454300000000444,843,
2025-12-17T08:24:01.060Z,1.995,1,600,480x270,1.9744269999999915,875,
2025-12-17T08:24:01.575Z,1.993,1,600,480x270,1.9595509999999763,874,
2025-12-17T08:24:02.102Z,1.963,1,600,480x270,1.9472730000000524,897,
2025-12-17T08:24:02.602Z,1.936,1,600,480x270,1.932299999999998,912,
2025-12-17T08:24:03.116Z,1.937,1,600,480x270,1.9258530000000178,970,
2025-12-17T08:24:03.602Z,1.954,1,600,480x270,1.932581999999968,986,
2025-12-17T08:24:04.115Z,1.952,1,600,480x270,1.9180039999999963,986,
2025-12-17T08:24:04.612Z,1.928,1,600,480x270,1.9267090000000167,973,
2025-12-17T08:24:05.107Z,1.939,1,600,480x270,1.9280620000000113,969,
2025-12-17T08:24:05.588Z,1.97,1,600,480x270,1.9545969999999784,984,
2025-12-17T08:24:06.073Z,1.99,1,600,480x270,1.9612720000000081,996,
2025-12-17T08:24:06.609Z,1.977,1,600,480x270,1.9234389999999735,1021,
2025-12-17T08:24:07.050Z,1.998,1,600,480x270,1.9955969999999752,1030,
2025-12-17T08:24:07.534Z,2.001,1,600,480x270,1.999104999999986,1042,
2025-12-17T08:24:07.891Z,2.165,1,600,480x270,1.941141000000016,1044,
2025-12-17T08:24:08.358Z,2.194,1,600,480x270,1.973634000000004,1046,
2025-12-17T08:24:09.208Z,1.885,1,600,480x270,1.919366000000025,1049,
2025-12-17T08:24:09.730Z,1.831,1,600,480x270,2.008599000000004,1048,
2025-12-17T08:24:10.152Z,1.93,1,600,480x270,1.9933770000000095,1027,
2025-12-17T08:24:10.490Z,2.047,1,600,480x270,1.9453479999999672,1040,
2025-12-17T08:24:10.925Z,2.125,1,600,480x270,1.9148059999999987,1050,
2025-12-17T08:24:10.994Z,2.085,2,1000,640x360,1.9433830000000398,1072,
2025-12-17T08:24:11.666Z,1.894,2,1000,640x360,1.9812319999999772,1072,
2025-12-17T08:24:12.253Z,1.815,2,1000,640x360,1.9808419999999956,1086,
2025-12-17T08:24:12.841Z,1.725,2,1000,640x360,1.9877050000000054,1082,
2025-12-17T08:24:13.459Z,1.593,2,1000,640x360,1.9730739999999969,1108,
2025-12-17T08:24:14.046Z,1.511,2,1000,640x360,1.999955,1109,
2025-12-17T08:24:14.520Z,1.544,2,1000,640x360,1.9116089999999986,1110,
2025-12-17T08:24:15.105Z,1.465,2,1000,640x360,1.92961600000001,1106,
2025-12-17T08:24:15.737Z,1.328,2,1000,640x360,2.0042419999999765,1097,
2025-12-17T08:24:16.272Z,1.293,2,1000,640x360,1.9555600000000481,1080,
2025-12-17T08:24:16.818Z,1.259,2,1000,640x360,1.9100750000000062,1092,
2025-12-17T08:24:17.443Z,1.109,2,1000,640x360,1.986112999999989,1107,
2025-12-17T08:24:17.757Z,1.298,2,1000,640x360,1.9778309999999806,1114,
2025-12-17T08:24:18.188Z,1.377,2,1000,640x360,1.950446999999997,1114,
2025-12-17T08:24:18.701Z,1.359,2,1000,640x360,1.9393800000000283,1109,
2025-12-17T08:24:19.128Z,1.438,2,1000,640x360,2.004559000000029,1119,
2025-12-17T08:24:19.588Z,1.451,2,1000,640x360,1.9433349999999905,1136,
2025-12-17T08:24:20.049Z,1.5,2,1000,640x360,1.9802220000000261,1173,
2025-12-17T08:24:20.763Z,1.308,2,1000,640x360,1.9756649999999922,1177,
2025-12-17T08:24:21.497Z,1.065,2,1000,640x360,1.939393999999993,1166,
2025-12-17T08:24:22.082Z,0.98,2,1000,640x360,1.9519579999999905,1168,
2025-12-17T08:24:22.152Z,0.918,1,600,480x270,1.989610999999968,1220,
2025-12-17T08:24:22.574Z,0.963,1,600,480x270,1.9578750000000014,1220,
2025-12-17T08:24:22.961Z,1.094,1,600,480x270,1.983015000000023,1211,
2025-12-17T08:24:23.438Z,1.1,1,600,480x270,2.000122000000033,1219,
2025-12-17T08:24:23.740Z,1.303,1,600,480x270,1.9928610000000049,1206,
2025-12-17T08:24:24.068Z,1.473,1,600,480x270,1.963485999999989,1206,
2025-12-17T08:24:24.421Z,1.609,1,600,480x270,1.909657999999979,1215,
2025-12-17T08:24:24.749Z,1.796,1,600,480x270,2.006215999999995,1214,
2025-12-17T08:24:25.029Z,1.988,1,600,480x270,2.011715000000038,1214,
2025-12-17T08:24:25.328Z,2.213,1,600,480x270,2.0052120000000286,1217,
2025-12-17T08:24:25.559Z,2.083,2,1000,640x360,1.9764360000000352,1219,
2025-12-17T08:24:26.048Z,1.862,2,1000,640x360,1.9839770000000385,1219,
2025-12-17T08:24:26.551Z,2.035,2,1000,640x360,1.983842999999979,1206,
2025-12-17T08:24:27.253Z,1.811,2,1000,640x360,1.986167000000023,1213,
2025-12-17T08:24:27.909Z,1.648,2,1000,640x360,1.9336109999999849,1232,
2025-12-17T08:24:28.540Z,1.515,2,1000,640x360,1.9965440000000285,1240,
2025-12-17T08:24:29.167Z,1.403,2,1000,640x360,1.9678920000000062,1231,
2025-12-17T08:24:29.833Z,1.223,2,1000,640x360,1.996135000000038,1227,
2025-12-17T08:24:30.362Z,1.174,2,1000,640x360,1.970557000000042,1278,
2025-12-17T08:24:31.133Z,0.991,2,1000,640x360,2.0026059999999575,1275,
2025-12-17T08:24:31.207Z,0.899,1,600,480x270,1.9275739999999928,1257,
2025-12-17T08:24:31.588Z,0.965,1,600,480x270,1.9541479999999751,1257,
2025-12-17T08:24:31.908Z,1.15,1,600,480x270,1.9324639999999818,1250,
2025-12-17T08:24:32.272Z,1.285,1,600,480x270,1.9613630000000057,1235,
2025-12-17T08:24:32.747Z,1.31,1,600,480x270,1.9971980000000258,1235,
2025-12-17T08:24:33.183Z,1.376,1,600,480x270,1.9603970000000004,1253,
2025-12-17T08:24:34.347Z,0.219,1,600,480x270,2.5317759999999794,1233,rebuffer happen
2025-12-17T08:24:34.616Z,0.369,1,600,480x270,2.3780530000000226,1233,
2025-12-17T08:24:34.754Z,0.212,1,600,480x270,2.383316999999977,1226,rebuffer happen
2025-12-17T08:24:35.054Z,0.309,1,600,480x270,2.3412700000000086,1226,
2025-12-17T08:24:35.152Z,0.229,1,600,480x270,2.3387820000000374,1203,rebuffer happen
2025-12-17T08:24:35.480Z,0.355,1,600,480x270,2.2563450000000103,1203,
2025-12-17T08:24:35.582Z,0.261,1,600,480x270,2.2465230000000247,1253,rebuffer happen
2025-12-17T08:24:35.850Z,0.395,1,600,480x270,2.218841999999995,1253,
2025-12-17T08:24:35.946Z,0.281,1,600,480x270,2.188449999999989,1240,rebuffer happen
2025-12-17T08:24:36.278Z,0.436,1,600,480x270,2.1351589999999874,1240,
2025-12-17T08:24:36.453Z,0.286,1,600,480x270,2.127249000000006,1240,rebuffer happen
2025-12-17T08:24:36.721Z,0.436,1,600,480x270,2.058398000000011,1240,
2025-12-17T08:24:37.161Z,0.459,1,600,480x270,2.0472179999999867,1182,
2025-12-17T08:24:37.355Z,0.292,1,600,480x270,2.0372859999999946,1145,rebuffer happen
2025-12-17T08:24:37.608Z,0.459,1,600,480x270,1.9770079999999552,1145,
2025-12-17T08:24:38.031Z,0.545,1,600,480x270,2.0417909999999893,1103,
2025-12-17T08:24:38.421Z,0.619,1,600,480x270,1.9347309999999993,1082,
2025-12-17T08:24:38.790Z,0.751,1,600,480x270,1.9625729999999635,1076,
2025-12-17T08:24:39.174Z,0.865,1,600,480x270,1.9626800000000344,1076,
2025-12-17T08:24:39.552Z,0.983,1,600,480x270,1.9889380000000187,1069,
2025-12-17T08:24:39.925Z,1.082,1,600,480x270,1.9096100000000433,1138,
2025-12-17T08:24:40.004Z,1.099,2,1000,640x360,1.926653999999985,1148,
2025-12-17T08:24:40.613Z,0.921,2,1000,640x360,1.923407999999995,1148,
2025-12-17T08:24:41.213Z,0.808,2,1000,640x360,1.9188540000000103,1110,
2025-12-17T08:24:41.821Z,0.711,2,1000,640x360,1.9206120000000055,1118,
2025-12-17T08:24:42.421Z,0.612,2,1000,640x360,1.9096219999999562,1229,
2025-12-17T08:24:43.027Z,0.505,2,1000,640x360,1.9049059999999827,1213,
2025-12-17T08:24:43.635Z,0.401,2,1000,640x360,2.007533999999964,1207,
2025-12-17T08:24:43.710Z,0.381,1,600,480x270,1.9330969999999752,1230,
2025-12-17T08:24:43.852Z,0.212,1,600,480x270,1.9920379999999795,1230,rebuffer happen
2025-12-17T08:24:44.072Z,0.453,1,600,480x270,1.9774419999999964,1230,
2025-12-17T08:24:44.460Z,0.551,1,600,480x270,1.9771730000000503,1230,
2025-12-17T08:24:44.859Z,0.669,1,600,480x270,1.9816069999999968,1227,
2025-12-17T08:24:45.227Z,0.794,1,600,480x270,1.9061699999999746,1225,
2025-12-17T08:24:45.558Z,0.954,1,600,480x270,1.974034999999958,1225,
2025-12-17T08:24:45.894Z,1.131,1,600,480x270,1.9447549999999865,1227,
2025-12-17T08:24:46.224Z,1.295,1,600,480x270,1.90887900000007,1229,
2025-12-17T08:24:46.556Z,1.463,1,600,480x270,1.9762900000000627,1229,
2025-12-17T08:24:47.038Z,1.479,1,600,480x270,1.9937040000000934,1236,
2025-12-17T08:24:47.121Z,1.415,2,1000,640x360,1.9106020000000399,1231,
2025-12-17T08:24:47.631Z,1.4,2,1000,640x360,2.0084969999999203,1231,
2025-12-17T08:24:48.163Z,1.358,2,1000,640x360,1.9737149999999701,1217,
2025-12-17T08:24:48.683Z,1.35,2,1000,640x360,1.9575929999999744,1224,
2025-12-17T08:24:49.225Z,1.304,2,1000,640x360,1.90663399999994,1221,
2025-12-17T08:24:49.769Z,1.253,2,1000,640x360,1.9803909999999405,1224,
2025-12-17T08:24:50.302Z,1.204,2,1000,640x360,1.9325250000000551,1222,
2025-12-17T08:24:50.833Z,1.197,2,1000,640x360,2.026506999999924,1171,
2025-12-17T08:24:51.359Z,1.144,2,1000,640x360,1.988014000000021,1142,
2025-12-17T08:24:51.954Z,1.081,2,1000,640x360,1.9774549999999635,1164,
2025-12-17T08:24:52.444Z,1.07,2,1000,640x360,1.986895000000004,1190,
2025-12-17T08:24:53.053Z,0.993,2,1000,640x360,1.9852029999999559,1211,
2025-12-17T08:24:53.130Z,0.973,1,600,480x270,1.9075209999999743,1162,
2025-12-17T08:24:53.646Z,0.884,1,600,480x270,1.9973999999999705,1162,
2025-12-17T08:24:54.113Z,0.922,1,600,480x270,1.922800000000052,1134,
2025-12-17T08:24:54.510Z,0.996,1,600,480x270,1.9282200000000103,1108,
2025-12-17T08:24:54.949Z,1.058,1,600,480x270,1.9782820000000356,1087,
2025-12-17T08:24:55.433Z,1.087,1,600,480x270,1.9954239999999572,1026,
2025-12-17T08:24:55.929Z,1.099,1,600,480x270,2.002984999999967,1043,
2025-12-17T08:24:56.421Z,1.093,1,600,480x270,1.91208000000006,1015,
2025-12-17T08:24:56.879Z,1.148,1,600,480x270,1.9578820000000405,967,
2025-12-17T08:24:57.316Z,1.226,1,600,480x270,1.9118260000000191,941,
2025-12-17T08:24:57.749Z,1.28,1,600,480x270,1.9924740000000156,927,
2025-12-17T08:24:58.192Z,1.338,1,600,480x270,1.948142999999959,927,
2025-12-17T08:24:58.653Z,1.376,1,600,480x270,1.9900969999999916,968,
2025-12-17T08:24:59.124Z,1.413,1,600,480x270,1.9262639999999465,970,
2025-12-17T08:24:59.623Z,1.408,1,600,480x270,1.9250680000000102,963,
2025-12-17T08:25:00.164Z,1.361,1,600,480x270,1.9669920000000047,937,
2025-12-17T08:25:00.569Z,1.434,1,600,480x270,1.957049999999981,928,
2025-12-17T08:25:00.946Z,1.555,1,600,480x270,1.9868419999999105,946,
2025-12-17T08:25:01.413Z,1.602,1,600,480x270,1.9144189999999526,985,
2025-12-17T08:25:01.900Z,1.627,1,600,480x270,1.9451739999999518,1011,
2025-12-17T08:25:02.448Z,1.572,1,600,480x270,1.9844209999999975,1024,
2025-12-17T08:25:02.938Z,1.571,1,600,480x270,2.007176999999956,1029,
2025-12-17T08:25:03.420Z,1.602,1,600,480x270,1.9199760000000197,1037,
2025-12-17T08:25:03.891Z,1.628,1,600,480x270,1.938005999999973,1055,
2025-12-17T08:25:04.374Z,1.626,1,600,480x270,1.9578819999999268,1079,
2025-12-17T08:25:04.453Z,1.648,2,1000,640x360,1.988348999999971,1092,
2025-12-17T08:25:04.986Z,1.532,2,1000,640x360,1.952910000000088,1092,
2025-12-17T08:25:05.552Z,1.473,2,1000,640x360,1.980829999999969,1099,
2025-12-17T08:25:06.100Z,1.429,2,1000,640x360,1.9302240000000666,1104,
2025-12-17T08:25:06.674Z,1.355,2,1000,640x360,1.9657040000000734,1105,
2025-12-17T08:25:07.342Z,1.181,2,1000,640x360,1.9935479999999188,1111,
2025-12-17T08:25:08.009Z,1.042,2,1000,640x360,1.9443509999999833,1110,
2025-12-17T08:25:08.674Z,0.875,2,1000,640x360,1.9648799999999937,1106,
2025-12-17T08:25:08.750Z,0.86,1,600,480x270,1.9991099999999733,1066,
2025-12-17T08:25:09.159Z,0.85,1,600,480x270,1.9756820000000062,1066,
2025-12-17T08:25:09.611Z,0.926,1,600,480x270,1.928784999999948,1060,
2025-12-17T08:25:10.027Z,0.981,1,600,480x270,1.91494200000011,1035,
2025-12-17T08:25:10.469Z,1.052,1,600,480x270,1.9673579999999902,1108,
2025-12-17T08:25:10.866Z,1.166,1,600,480x270,1.9761589999999387,1091,
2025-12-17T08:25:11.299Z,1.225,1,600,480x270,1.9423190000001114,1100,
2025-12-17T08:25:11.682Z,1.362,1,600,480x270,1.9601350000000366,1090,
2025-12-17T08:25:12.109Z,1.429,1,600,480x270,1.9402529999999842,1090,
2025-12-17T08:25:12.189Z,1.391,2,1000,640x360,1.9536739999999782,1094,
2025-12-17T08:25:12.832Z,1.193,2,1000,640x360,2.003421000000003,1094,
2025-12-17T08:25:13.434Z,1.068,2,1000,640x360,1.9996119999999564,1070,
2025-12-17T08:25:13.979Z,1.049,2,1000,640x360,1.948945999999978,1095,
2025-12-17T08:25:14.510Z,1.016,2,1000,640x360,1.9307159999999612,1104,
2025-12-17T08:25:15.020Z,1.004,2,1000,640x360,1.9128119999999171,1088,
2025-12-17T08:25:15.555Z,0.966,2,1000,640x360,1.9744759999999815,1094,
2025-12-17T08:25:15.628Z,0.966,1,600,480x270,1.9086210000000392,1116,
2025-12-17T08:25:15.944Z,1.084,1,600,480x270,1.9991860000000088,1116,
2025-12-17T08:25:16.267Z,1.254,1,600,480x270,1.9662459999999555,1139,
2025-12-17T08:25:16.602Z,1.404,1,600,480x270,1.9417869999999766,1139,
2025-12-17T08:25:16.918Z,1.587,1,600,480x270,1.9131259999999202,1137,
2025-12-17T08:25:17.273Z,1.755,1,600,480x270,1.957221000000004,1143,
2025-12-17T08:25:17.768Z,1.762,1,600,480x270,1.9785300000000916,1143,
2025-12-17T08:25:18.268Z,1.738,1,600,480x270,1.962165999999911,1147,
2025-12-17T08:25:18.773Z,1.767,1,600,480x270,1.9642029999999977,1139,
2025-12-17T08:25:19.271Z,1.754,1,600,480x270,1.9660390000000234,1144,
2025-12-17T08:25:19.342Z,1.752,2,1000,640x360,1.9882939999999962,1148,
2025-12-17T08:25:19.923Z,1.625,2,1000,640x360,1.915465999999924,1148,
2025-12-17T08:25:20.707Z,1.336,2,1000,640x360,1.9297590000001037,1142,
2025-12-17T08:25:21.485Z,1.048,2,1000,640x360,1.9475800000000163,1077,
2025-12-17T08:25:22.253Z,0.749,2,1000,640x360,1.9766470000000709,990,
2025-12-17T08:25:23.021Z,0.524,2,1000,640x360,1.9145099999999502,977,
2025-12-17T08:25:23.100Z,0.504,0,200,320x180,1.9399640000000318,943,
2025-12-17T08:25:23.256Z,0.719,0,200,320x180,1.9717569999999114,943,
2025-12-17T08:25:23.430Z,1.01,0,200,320x180,1.998978999999963,943,
2025-12-17T08:25:23.607Z,1.404,0,200,320x180,1.9357129999999643,922,
2025-12-17T08:25:23.783Z,1.703,0,200,320x180,1.9659950000000208,922,
2025-12-17T08:25:24.270Z,1.752,0,200,320x180,1.9606979999999794,922,
2025-12-17T08:25:24.786Z,1.73,0,200,320x180,1.9418110000000297,937,
2025-12-17T08:25:25.298Z,1.753,0,200,320x180,1.93759799999998,896,
2025-12-17T08:25:25.751Z,1.777,0,200,320x180,1.9930990000000293,873,
2025-12-17T08:25:26.266Z,1.75,0,200,320x180,1.9630819999999858,873,
2025-12-17T08:25:26.781Z,1.776,0,200,320x180,1.958244000000036,820,
2025-12-17T08:25:26.859Z,1.744,1,600,480x270,1.97377199999994,786,
2025-12-17T08:25:27.276Z,1.745,1,600,480x270,1.958953000000065,786,
2025-12-17T08:25:27.793Z,1.759,1,600,480x270,1.9466650000000527,809,
2025-12-17T08:25:28.270Z,1.751,1,600,480x270,1.9638410000000022,836,
2025-12-17T08:25:28.770Z,1.742,1,600,480x270,1.9872309999999516,836,
2025-12-17T08:25:29.274Z,1.762,1,600,480x270,1.970741999999973,908,
2025-12-17T08:25:29.770Z,1.763,1,600,480x270,1.9724439999999959,950,
2025-12-17T08:25:30.295Z,1.744,1,600,480x270,1.9389909999999873,958,
2025-12-17T08:25:30.803Z,1.723,1,600,480x270,1.9303169999999454,970,
2025-12-17T08:25:31.277Z,1.751,1,600,480x270,1.9535620000000335,998,
2025-12-17T08:25:31.773Z,1.762,1,600,480x270,1.9682290000000648,998,
2025-12-17T08:25:32.272Z,1.738,1,600,480x270,1.9637639999999692,1028,
2025-12-17T08:25:32.827Z,1.723,1,600,480x270,1.9197540000000117,1025,
2025-12-17T08:25:33.311Z,1.751,1,600,480x270,1.923864999999978,1021,
2025-12-17T08:25:33.789Z,1.739,1,600,480x270,1.9456480000000056,1029,
2025-12-17T08:25:34.272Z,1.73,1,600,480x270,1.9571840000000975,1029,
2025-12-17T08:25:34.819Z,1.745,1,600,480x270,1.9137459999999464,1039,
2025-12-17T08:25:35.291Z,1.697,1,600,480x270,1.9396500000000287,1030,
2025-12-17T08:25:35.787Z,1.735,1,600,480x270,1.9519480000000158,1027,
2025-12-17T08:25:36.334Z,1.726,1,600,480x270,2.002117999999996,1027,
2025-12-17T08:25:36.776Z,1.737,1,600,480x270,1.9802479999999605,1012,
2025-12-17T08:25:37.295Z,1.759,1,600,480x270,1.9374669999999696,1012,
2025-12-17T08:25:37.809Z,1.751,1,600,480x270,1.9249379999999974,1030,
2025-12-17T08:25:38.269Z,1.74,1,600,480x270,1.9597780000000284,1017,
2025-12-17T08:25:38.778Z,1.754,1,600,480x270,1.9591299999999592,1017,
2025-12-17T08:25:39.273Z,1.752,1,600,480x270,1.9577189999999973,1011,
2025-12-17T08:25:39.770Z,1.76,1,600,480x270,1.9688590000000659,1003,
2025-12-17T08:25:40.269Z,1.756,1,600,480x270,1.962417999999957,1015,
2025-12-17T08:25:40.771Z,1.745,1,600,480x270,1.9721580000000358,1005,
2025-12-17T08:25:41.274Z,1.76,1,600,480x270,1.9652150000000574,1007,
2025-12-17T08:25:41.768Z,1.773,1,600,480x270,1.9868420000000242,1005,
2025-12-17T08:25:42.272Z,1.758,1,600,480x270,1.9720060000000785,1002,
2025-12-17T08:25:42.772Z,1.761,1,600,480x270,1.968627999999967,1003,
2025-12-17T08:25:43.281Z,1.734,1,600,480x270,1.951037000000042,1006,
2025-12-17T08:25:43.773Z,1.754,1,600,480x270,1.95914700000003,1012,
2025-12-17T08:25:44.284Z,1.735,1,600,480x270,1.957655999999929,1011,
2025-12-17T08:25:44.931Z,1.596,1,600,480x270,2.005806000000007,1009,
2025-12-17T08:25:45.425Z,1.581,1,600,480x270,1.9073079999999436,1013,
2025-12-17T08:25:45.895Z,1.642,1,600,480x270,1.9543820000000096,1020,
2025-12-17T08:25:46.421Z,1.676,1,600,480x270,1.9146039999999402,1022,
2025-12-17T08:25:46.781Z,1.745,1,600,480x270,1.9522099999999227,1022,
2025-12-17T08:25:47.272Z,1.752,1,600,480x270,1.9581190000000106,1022,
2025-12-17T08:25:47.772Z,1.756,1,600,480x270,1.9704530000000204,1041,
2025-12-17T08:25:48.277Z,1.744,1,600,480x270,1.9600980000000163,1050,
2025-12-17T08:25:48.776Z,1.754,1,600,480x270,1.9654480000000376,1064,
2025-12-17T08:25:48.842Z,1.76,2,1000,640x360,2.000692000000072,1077,
2025-12-17T08:25:49.436Z,1.565,2,1000,640x360,1.9926130000000057,1077,
2025-12-17T08:25:49.988Z,1.547,2,1000,640x360,1.9661100000000715,1089,
2025-12-17T08:25:50.518Z,1.514,2,1000,640x360,1.9115279999999757,1105,
2025-12-17T08:25:51.081Z,1.451,2,1000,640x360,1.9518009999999322,1118,
2025-12-17T08:25:51.650Z,1.351,2,1000,640x360,1.9847710000000234,1116,
2025-12-17T08:25:52.231Z,1.3,2,1000,640x360,2.002040999999963,1116,
2025-12-17T08:25:52.812Z,1.226,2,1000,640x360,1.9370159999999714,1123,
2025-12-17T08:25:53.355Z,1.172,2,1000,640x360,1.9761139999999386,1128,
2025-12-17T08:25:53.962Z,1.126,2,1000,640x360,1.9829529999999522,1166,
2025-12-17T08:25:54.502Z,1.027,2,1000,640x360,1.9339659999999412,1170,
2025-12-17T08:25:55.052Z,0.976,2,1000,640x360,1.9886870000000272,1163,
2025-12-17T08:25:55.132Z,0.926,1,600,480x270,1.908898000000022,1167,
2025-12-17T08:25:55.458Z,1.056,1,600,480x270,1.9674400000000105,1167,
2025-12-17T08:25:55.794Z,1.228,1,600,480x270,1.9515079999999898,1167,
2025-12-17T08:25:56.127Z,1.39,1,600,480x270,1.9035400000000209,1169,
2025-12-17T08:25:56.463Z,1.539,1,600,480x270,1.9656769999999142,1169,
2025-12-17T08:25:56.798Z,1.729,1,600,480x270,1.9511470000001054,1172,
2025-12-17T08:25:57.273Z,1.761,1,600,480x270,1.965528000000063,1167,
2025-12-17T08:25:57.776Z,1.746,1,600,480x270,1.9771279999999933,1167,
2025-12-17T08:25:58.271Z,1.758,1,600,480x270,1.9679290000000265,1175,
2025-12-17T08:25:58.771Z,1.754,1,600,480x270,1.9570129999999608,1178,
2025-12-17T08:25:58.837Z,1.707,2,1000,640x360,1.8914609999999357,1171,
2025-12-17T08:25:59.494Z,1.527,2,1000,640x360,1.9359289999999874,1171,
2025-12-17T08:26:00.184Z,1.342,2,1000,640x360,1.9518809999999576,1168,
2025-12-17T08:26:00.902Z,1.145,2,1000,640x360,1.9435330000000022,1165,
2025-12-17T08:26:01.599Z,0.954,2,1000,640x360,1.940119999999979,1162,
2025-12-17T08:26:02.281Z,0.723,2,1000,640x360,1.9593220000000429,1154,
2025-12-17T08:26:02.348Z,0.748,1,600,480x270,1.9928149999999505,1112,
2025-12-17T08:26:02.759Z,0.781,1,600,480x270,2.002866999999924,1112,
2025-12-17T08:26:03.180Z,0.855,1,600,480x270,1.9654500000000326,1124,
2025-12-17T08:26:03.597Z,0.928,1,600,480x270,1.9342110000000048,1074,
2025-12-17T08:26:04.015Z,1.009,1,600,480x270,1.915850999999975,1047,
2025-12-17T08:26:04.457Z,1.08,1,600,480x270,1.9706390000000056,1035,
2025-12-17T08:26:04.873Z,1.153,1,600,480x270,1.9682209999999714,1047,
2025-12-17T08:26:05.267Z,1.253,1,600,480x270,1.9725060000000667,1042,
2025-12-17T08:26:05.665Z,1.371,1,600,480x270,1.9757129999999279,1042,
2025-12-17T08:26:06.051Z,1.463,1,600,480x270,1.9938990000000558,1070,
2025-12-17T08:26:06.127Z,1.449,2,1000,640x360,1.9169350000000804,1079,
2025-12-17T08:26:06.754Z,1.282,2,1000,640x360,2.0009860000000117,1079,
2025-12-17T08:26:07.410Z,1.117,2,1000,640x360,1.9277849999999717,1083,
2025-12-17T08:26:08.058Z,0.978,2,1000,640x360,1.9748030000000654,1096,
2025-12-17T08:26:08.657Z,0.882,2,1000,640x360,1.993787999999995,1101,
2025-12-17T08:26:09.325Z,0.696,2,1000,640x360,1.9139140000000907,1113,
2025-12-17T08:26:09.963Z,0.583,2,1000,640x360,1.9886089999999967,1105,
2025-12-17T08:26:10.029Z,0.548,1,600,480x270,1.920712999999978,1056,
2025-12-17T08:26:10.408Z,0.613,1,600,480x270,1.9233609999999999,1056,
2025-12-17T08:26:10.800Z,0.741,1,600,480x270,1.955257999999958,1083,
2025-12-17T08:26:11.201Z,0.814,1,600,480x270,1.9373689999999897,1069,
2025-12-17T08:26:11.602Z,0.905,1,600,480x270,1.930928999999992,1069,
2025-12-17T08:26:11.950Z,1.044,1,600,480x270,1.9856029999999691,1077,
2025-12-17T08:26:12.300Z,1.222,1,600,480x270,1.9319849999999406,1071,
2025-12-17T08:26:12.647Z,1.36,1,600,480x270,2.0008739999999534,1118,
2025-12-17T08:26:12.995Z,1.513,1,600,480x270,1.9452750000000378,1118,
2025-12-17T08:26:13.354Z,1.656,1,600,480x270,1.9824519999999666,1109,
2025-12-17T08:26:13.770Z,1.74,1,600,480x270,1.970625000000041,1123,
2025-12-17T08:26:13.849Z,1.765,2,1000,640x360,1.9998370000000705,1123,
2025-12-17T08:26:14.404Z,1.614,2,1000,640x360,1.936456000000021,1123,
2025-12-17T08:26:14.963Z,1.557,2,1000,640x360,1.9828630000000658,1146,
2025-12-17T08:26:15.534Z,1.484,2,1000,640x360,1.9997280000000046,1147,
2025-12-17T08:26:16.087Z,1.424,2,1000,640x360,1.966325999999981,1127,
2025-12-17T08:26:16.643Z,1.385,2,1000,640x360,1.9971360000000686,1118,
2025-12-17T08:26:17.212Z,1.322,2,1000,640x360,1.9194650000000593,1108,
2025-12-17T08:26:17.752Z,1.283,2,1000,640x360,1.9859250000000657,1098,
2025-12-17T08:26:18.282Z,1.239,2,1000,640x360,1.9517029999999522,1098,
2025-12-17T08:26:18.806Z,1.246,2,1000,640x360,1.9442679999999655,1093,
2025-12-17T08:26:19.278Z,1.276,2,1000,640x360,1.9602109999999584,1097,
2025-12-17T08:26:19.845Z,1.213,2,1000,640x360,2.012426000000005,1097,
2025-12-17T08:26:20.386Z,1.154,2,1000,640x360,1.9605300000000625,1094,
2025-12-17T08:26:20.945Z,1.079,2,1000,640x360,1.989229000000023,1101,
2025-12-17T08:26:21.459Z,1.059,2,1000,640x360,1.9709020000000237,1101,
2025-12-17T08:26:21.936Z,1.089,2,1000,640x360,2.006320999999957,1119,
2025-12-17T08:26:22.192Z,1.329,2,1000,640x360,1.948468000000048,1119,
2025-12-17T08:26:22.374Z,1.597,2,1000,640x360,1.9557999999999538,1119,
2025-12-17T08:26:22.792Z,1.72,2,1000,640x360,1.9588679999999385,1122,
2025-12-17T08:26:23.291Z,1.731,2,1000,640x360,1.946608000000083,1103,
2025-12-17T08:26:23.771Z,1.785,2,1000,640x360,1.984591000000023,1104,
2025-12-17T08:26:24.324Z,1.681,2,1000,640x360,1.918623000000025,1104,
2025-12-17T08:26:24.774Z,1.768,2,1000,640x360,1.9699509999999236,1129,
2025-12-17T08:26:25.282Z,1.752,2,1000,640x360,1.948323000000073,1129,
2025-12-17T08:26:25.776Z,1.728,2,1000,640x360,1.9654420000000528,1116,
2025-12-17T08:26:26.291Z,1.763,2,1000,640x360,1.9392860000000383,1116,
2025-12-17T08:26:26.839Z,1.728,2,1000,640x360,2.0124790000000985,1108,
2025-12-17T08:26:27.320Z,1.737,2,1000,640x360,1.9164699999998902,1090,
2025-12-17T08:26:27.788Z,1.684,2,1000,640x360,1.9444260000000213,1099,
2025-12-17T08:26:28.320Z,1.682,2,1000,640x360,1.9117149999999583,1099,
2025-12-17T08:26:28.786Z,1.735,2,1000,640x360,1.944389000000001,1043,
2025-12-17T08:26:28.863Z,1.689,1,600,480x270,1.9753319999999803,1043,
2025-12-17T08:26:29.300Z,1.754,1,600,480x270,1.9379140000000916,1043,
2025-12-17T08:26:29.815Z,1.741,1,600,480x270,1.9310749999999643,1012,
2025-12-17T08:26:30.425Z,1.598,1,600,480x270,1.9099579999999605,939,
2025-12-17T08:26:31.153Z,1.392,1,600,480x270,1.9810659999999416,920,
2025-12-17T08:26:31.606Z,1.409,1,600,480x270,1.9279840000000377,977,
2025-12-17T08:26:31.924Z,1.578,1,600,480x270,1.9066030000000183,1003,
2025-12-17T08:26:32.271Z,1.752,1,600,480x270,1.9660800000000336,1038,
2025-12-17T08:26:32.770Z,1.752,1,600,480x270,1.9636890000000449,1038,
2025-12-17T08:26:33.269Z,1.755,1,600,480x270,1.9635019999999486,1100,
2025-12-17T08:26:33.339Z,1.754,2,1000,640x360,1.8932529999999588,1100,
2025-12-17T08:26:33.875Z,1.664,2,1000,640x360,1.961277999999993,1100,
2025-12-17T08:26:34.407Z,1.622,2,1000,640x360,1.926238000000012,1123,
2025-12-17T08:26:34.871Z,1.665,2,1000,640x360,1.966489999999908,1126,
2025-12-17T08:26:35.365Z,1.652,2,1000,640x360,1.9687769999999318,1100,
2025-12-17T08:26:35.890Z,1.637,2,1000,640x360,1.9376979999999548,1094,
2025-12-17T08:26:36.368Z,1.641,2,1000,640x360,1.9614390000000412,1086,
2025-12-17T08:26:38.247Z,0.341,2,1000,640x360,1.9905599999999595,1084,
2025-12-17T08:26:38.247Z,0.277,2,1000,640x360,1.9903079999999136,1084,rebuffer happen
2025-12-17T08:26:38.324Z,0.277,1,600,480x270,1.9120869999999286,1116,
2025-12-17T08:26:38.791Z,0.244,1,600,480x270,1.9534770000000208,1116,
2025-12-17T08:26:39.386Z,0.166,1,600,480x270,1.960692999999992,1113,
2025-12-17T08:26:39.518Z,0.017,1,600,480x270,1.927045000000021,1085,rebuffer happen
2025-12-17T08:26:39.585Z,0.027,1,600,480x270,1.9991749999999229,1085,rebuffer happen
2025-12-17T08:26:39.826Z,0.278,1,600,480x270,1.987893999999983,1085,
2025-12-17T08:26:40.279Z,0.331,1,600,480x270,2.036177000000066,1113,
2025-12-17T08:26:40.386Z,0.215,1,600,480x270,2.030892999999992,1113,rebuffer happen
2025-12-17T08:26:40.707Z,0.368,1,600,480x270,1.994466999999986,1113,
2025-12-17T08:26:40.824Z,0.289,1,600,480x270,1.9595059999999194,1071,rebuffer happen
2025-12-17T08:26:40.916Z,0.289,1,600,480x270,1.9699319999999716,1071,rebuffer happen
2025-12-17T08:26:41.159Z,0.399,1,600,480x270,2.0079940000000533,1071,
2025-12-17T08:26:41.627Z,0.433,1,600,480x270,1.9380050000000892,1066,
2025-12-17T08:26:42.065Z,0.478,1,600,480x270,1.9857640000000174,1061,
2025-12-17T08:26:42.512Z,0.493,1,600,480x270,1.9257120000000896,1056,
2025-12-17T08:26:42.953Z,0.581,1,600,480x270,2.0015829999999823,1038,
2025-12-17T08:26:43.320Z,0.695,1,600,480x270,1.9190210000000434,1026,
2025-12-17T08:26:43.707Z,0.819,1,600,480x270,1.9339909999999918,1033,
2025-12-17T08:26:44.096Z,0.927,1,600,480x270,1.9468759999999747,1033,
2025-12-17T08:26:44.502Z,1.016,1,600,480x270,1.9296869999999444,1019,
2025-12-17T08:26:44.882Z,1.141,1,600,480x270,1.9631130000000212,1017,
2025-12-17T08:26:45.243Z,1.261,1,600,480x270,1.9870409999999765,1026,
2025-12-17T08:26:45.629Z,1.395,1,600,480x270,2.007327000000032,1026,
2025-12-17T08:26:45.881Z,1.566,1,600,480x270,1.9658729999999878,1043,
2025-12-17T08:26:46.695Z,1.027,1,600,480x270,1.9564350000000559,1050,
2025-12-17T08:26:47.558Z,0.068,1,600,480x270,1.9857830000000831,794,rebuffer happen
2025-12-17T08:26:47.609Z,0.017,1,600,480x270,1.9352460000000065,794,rebuffer happen
2025-12-17T08:26:48.712Z,0.017,1,600,480x270,3.027245999999991,794,