timestamp,bufferLevel,qualityIndex,bitrateKbps,resolution,liveLatency,predictedKbps,rebuffer
2025-12-22T11:39:25.631Z,0,2,1000,640x360,0.7705,,
2025-12-22T11:39:25.634Z,0,2,1000,640x360,0.7705,,rebuffer happen
2025-12-22T11:39:25.660Z,0.1,2,1000,640x360,0.77001,,rebuffer happen
2025-12-22T11:39:25.778Z,0.028,2,1000,640x360,0.858189,,rebuffer happen
2025-12-22T11:39:26.067Z,0.125,2,1000,640x360,0.8885029999999999,,
2025-12-22T11:39:26.169Z,0.13,0,200,320x180,0.786511,1278,
2025-12-22T11:39:26.178Z,0.021,0,200,320x180,0.910512,1278,rebuffer happen
2025-12-22T11:39:26.286Z,0.488,0,200,320x180,0.963292,1278,
2025-12-22T11:39:26.415Z,0.872,0,200,320x180,0.949878,1399,
2025-12-22T11:39:26.569Z,1.242,0,200,320x180,1.021952,1369,
2025-12-22T11:39:27.064Z,1.491,0,200,320x180,1.2394779999999999,1374,
2025-12-22T11:39:27.542Z,1.71,0,200,320x180,1.4809039999999998,1518,
2025-12-22T11:39:28.018Z,1.948,0,200,320x180,1.5942390000000002,1463,
2025-12-22T11:39:28.539Z,2.038,0,200,320x180,1.8197210000000001,1414,
2025-12-22T11:39:29.058Z,2.134,0,200,320x180,1.8965910000000004,1354,
2025-12-22T11:39:29.842Z,1.905,0,200,320x180,1.973659,1335,
2025-12-22T11:39:29.915Z,1.866,2,1000,640x360,1.9038820000000003,1251,
2025-12-22T11:39:30.499Z,1.796,2,1000,640x360,1.9346610000000002,1251,
2025-12-22T11:39:31.079Z,1.701,2,1000,640x360,1.9745880000000007,1138,
2025-12-22T11:39:31.670Z,1.628,2,1000,640x360,1.9726629999999998,1092,
2025-12-22T11:39:32.211Z,1.585,2,1000,640x360,1.924493,1253,
2025-12-22T11:39:32.747Z,1.532,2,1000,640x360,2.006576,1389,
2025-12-22T11:39:33.275Z,1.522,2,1000,640x360,1.9743940000000002,1489,
2025-12-22T11:39:33.811Z,1.489,2,1000,640x360,1.9311560000000005,1429,
2025-12-22T11:39:34.313Z,1.469,2,1000,640x360,1.9208470000000002,1502,
2025-12-22T11:39:34.832Z,1.453,2,1000,640x360,1.917606000000001,1461,
2025-12-22T11:39:34.912Z,1.461,3,1500,768x432,1.9329900000000002,1556,
2025-12-22T11:39:35.684Z,1.127,3,1500,768x432,1.9727689999999996,1556,
2025-12-22T11:39:36.461Z,0.842,3,1500,768x432,1.981567,1529,
2025-12-22T11:39:37.242Z,0.538,3,1500,768x432,1.993328,1522,
2025-12-22T11:39:37.864Z,0.289,3,1500,768x432,1.9748459999999994,1504,rebuffer happen
2025-12-22T11:39:37.925Z,0.261,3,1500,768x432,1.9136480000000002,1504,rebuffer happen
2025-12-22T11:39:38.022Z,0.277,3,1500,768x432,1.921868,1504,
2025-12-22T11:39:38.604Z,0.028,3,1500,768x432,1.9506760000000014,1492,rebuffer happen
2025-12-22T11:39:38.654Z,0.018,3,1500,768x432,2.0168810000000015,1492,rebuffer happen
2025-12-22T11:39:38.687Z,0.024,3,1500,768x432,1.9890280000000011,1492,rebuffer happen
2025-12-22T11:39:38.737Z,0.027,3,1500,768x432,2.045738,1492,rebuffer happen
2025-12-22T11:39:38.787Z,0.028,3,1500,768x432,2.014213,1492,rebuffer happen
2025-12-22T11:39:38.825Z,0.028,3,1500,768x432,2.014213,1492,
2025-12-22T11:39:38.871Z,0.022,2,1000,640x360,2.078087,1505,rebuffer happen
2025-12-22T11:39:38.907Z,0.022,2,1000,640x360,2.078087,1505,
2025-12-22T11:39:39.488Z,0.06,2,1000,640x360,2.3218060000000005,1505,rebuffer happen
2025-12-22T11:39:39.605Z,0.022,2,1000,640x360,2.3088370000000005,1505,rebuffer happen
2025-12-22T11:39:39.607Z,0.022,2,1000,640x360,2.3088370000000005,1505,
2025-12-22T11:39:39.638Z,0.028,2,1000,640x360,2.3857060000000008,1441,rebuffer happen
2025-12-22T11:39:40.338Z,0.089,2,1000,640x360,2.6114419999999985,1441,
2025-12-22T11:39:40.339Z,0.054,2,1000,640x360,2.6112439999999992,1441,rebuffer happen
2025-12-22T11:39:40.372Z,0.024,2,1000,640x360,2.5817629999999987,1339,rebuffer happen
2025-12-22T11:39:40.655Z,0.032,2,1000,640x360,2.818917000000001,1339,rebuffer happen
2025-12-22T11:39:41.056Z,0.018,2,1000,640x360,2.840346000000002,1339,rebuffer happen
2025-12-22T11:39:41.105Z,0.052,2,1000,640x360,2.809959000000001,1339,
2025-12-22T11:39:41.107Z,0.053,2,1000,640x360,2.8080620000000014,1246,rebuffer happen
2025-12-22T11:39:41.139Z,0.024,2,1000,640x360,2.8787980000000015,1246,rebuffer happen
2025-12-22T11:39:41.840Z,0.018,2,1000,640x360,3.107336,1246,rebuffer happen
2025-12-22T11:39:41.865Z,0.018,2,1000,640x360,3.107336,1246,
2025-12-22T11:39:41.890Z,0.029,2,1000,640x360,3.085557999999999,1123,rebuffer happen
2025-12-22T11:39:42.586Z,0.141,2,1000,640x360,3.372847,1123,
2025-12-22T11:39:42.661Z,0.056,1,600,480x270,3.3972740000000012,1116,
2025-12-22T11:39:42.674Z,0.031,1,600,480x270,3.3848540000000007,1116,rebuffer happen
2025-12-22T11:39:43.120Z,0.275,1,600,480x270,3.544548999999998,1116,
2025-12-22T11:39:43.579Z,0.335,1,600,480x270,3.58812,1215,
2025-12-22T11:39:43.719Z,0.194,1,600,480x270,3.555565999999999,1119,rebuffer happen
2025-12-22T11:39:44.069Z,0.275,1,600,480x270,3.5621959999999984,1119,rebuffer happen
2025-12-22T11:39:44.104Z,0.26,1,600,480x270,3.5222939999999987,1119,
2025-12-22T11:39:44.673Z,0.194,1,600,480x270,3.5643460000000005,1227,
2025-12-22T11:39:45.036Z,0.328,1,600,480x270,3.600532000000001,1162,
2025-12-22T11:39:45.181Z,0.146,1,600,480x270,3.4994259999999997,1162,rebuffer happen
2025-12-22T11:39:45.463Z,0.287,1,600,480x270,3.450815000000002,1162,
2025-12-22T11:39:45.864Z,0.292,1,600,480x270,3.445135999999998,1134,rebuffer happen
2025-12-22T11:39:45.918Z,0.318,1,600,480x270,3.3646269999999987,1134,
2025-12-22T11:39:46.093Z,0.049,1,600,480x270,3.3162079999999996,1105,rebuffer happen
2025-12-22T11:39:46.094Z,0.049,1,600,480x270,3.3162079999999996,1105,rebuffer happen
2025-12-22T11:39:46.369Z,0.269,1,600,480x270,3.344736000000001,1105,
2025-12-22T11:39:46.738Z,0.43,1,600,480x270,3.394024999999999,1056,
2025-12-22T11:39:47.058Z,0.532,1,600,480x270,3.2823569999999975,1051,
2025-12-22T11:39:47.380Z,0.549,1,600,480x270,3.0990569999999984,1051,
2025-12-22T11:39:47.730Z,0.656,1,600,480x270,3.0089460000000017,1053,
2025-12-22T11:39:47.963Z,0.788,1,600,480x270,2.9570399999999992,1095,
2025-12-22T11:39:48.203Z,0.929,1,600,480x270,2.797419999999999,1095,
2025-12-22T11:39:48.487Z,1.013,1,600,480x270,2.6816920000000017,1090,
2025-12-22T11:39:48.560Z,1.027,2,1000,640x360,2.673753999999999,1090,
2025-12-22T11:39:49.072Z,0.674,2,1000,640x360,2.440011000000002,1090,
2025-12-22T11:39:49.595Z,0.474,2,1000,640x360,2.2295809999999996,1081,
2025-12-22T11:39:49.801Z,0.202,2,1000,640x360,2.158808999999998,1087,rebuffer happen
2025-12-22T11:39:50.098Z,0.387,2,1000,640x360,2.134326999999999,1087,
2025-12-22T11:39:50.249Z,0.191,2,1000,640x360,2.143761999999999,1082,rebuffer happen
2025-12-22T11:39:50.364Z,0.059,2,1000,640x360,2.120811,1082,rebuffer happen
2025-12-22T11:39:50.603Z,0.351,2,1000,640x360,2.1123329999999996,1082,
2025-12-22T11:39:50.881Z,0.022,2,1000,640x360,2.084959999999999,1108,rebuffer happen
2025-12-22T11:39:50.881Z,0.022,2,1000,640x360,2.084959999999999,1108,rebuffer happen
2025-12-22T11:39:51.257Z,0.192,2,1000,640x360,2.1562240000000017,1108,
2025-12-22T11:39:51.431Z,0.027,2,1000,640x360,2.090917000000001,1135,rebuffer happen
2025-12-22T11:39:52.022Z,0.099,2,1000,640x360,2.2401630000000026,1135,
2025-12-22T11:39:52.081Z,0.024,1,600,480x270,2.2918229999999973,1171,rebuffer happen
2025-12-22T11:39:52.107Z,0.024,1,600,480x270,2.2918229999999973,1171,
2025-12-22T11:39:52.525Z,0.274,1,600,480x270,2.434086999999998,1171,
2025-12-22T11:39:52.827Z,0.466,1,600,480x270,2.4433170000000004,1214,
2025-12-22T11:39:52.992Z,0.272,1,600,480x270,2.3930969999999974,1189,rebuffer happen
2025-12-22T11:39:53.144Z,0.498,1,600,480x270,2.3782830000000033,1189,
2025-12-22T11:39:53.479Z,0.52,1,600,480x270,2.2288239999999995,1195,
2025-12-22T11:39:54.204Z,0.151,1,600,480x270,2.0460139999999996,1195,rebuffer happen
2025-12-22T11:39:54.317Z,0.024,1,600,480x270,2.011941,1195,rebuffer happen
2025-12-22T11:39:54.326Z,0.024,1,600,480x270,2.011941,1195,
2025-12-22T11:39:54.367Z,0.022,1,600,480x270,2.074268,1098,rebuffer happen
2025-12-22T11:39:54.788Z,0.306,1,600,480x270,2.2746560000000002,1098,
2025-12-22T11:39:54.891Z,0.208,1,600,480x270,2.266183999999999,1097,rebuffer happen
2025-12-22T11:39:55.195Z,0.341,1,600,480x270,2.2246500000000005,1097,
2025-12-22T11:39:55.326Z,0.232,1,600,480x270,2.1524259999999984,1107,rebuffer happen
2025-12-22T11:39:55.433Z,0.289,1,600,480x270,2.142800000000001,1107,rebuffer happen
2025-12-22T11:39:55.597Z,0.423,1,600,480x270,2.186506999999999,1107,
2025-12-22T11:39:55.996Z,0.428,1,600,480x270,2.1101090000000013,1088,
2025-12-22T11:39:56.385Z,0.482,1,600,480x270,2.0540889999999976,1088,
2025-12-22T11:39:56.804Z,0.531,1,600,480x270,2.0004589999999993,1075,
2025-12-22T11:39:57.200Z,0.596,1,600,480x270,1.9670029999999983,1072,
2025-12-22T11:39:57.622Z,0.693,1,600,480x270,1.9333740000000006,1090,
2025-12-22T11:39:58.025Z,0.761,1,600,480x270,1.9175000000000004,1080,
2025-12-22T11:39:58.413Z,0.849,1,600,480x270,1.926522000000002,1080,
2025-12-22T11:39:58.818Z,0.974,1,600,480x270,1.9389699999999976,1152,
2025-12-22T11:39:59.187Z,1.102,1,600,480x270,1.9549609999999973,1177,
2025-12-22T11:39:59.259Z,1.098,2,1000,640x360,1.9921840000000017,1206,
2025-12-22T11:39:59.782Z,1.021,2,1000,640x360,1.9726550000000032,1206,
2025-12-22T11:40:00.308Z,0.981,2,1000,640x360,1.9341229999999996,1208,
2025-12-22T11:40:00.845Z,0.952,2,1000,640x360,1.9889300000000034,1231,
2025-12-22T11:40:01.369Z,0.913,2,1000,640x360,1.9661260000000027,1223,
2025-12-22T11:40:01.904Z,0.869,2,1000,640x360,1.9366960000000049,1232,
2025-12-22T11:40:02.432Z,0.852,2,1000,640x360,1.9001810000000035,1235,
2025-12-22T11:40:02.960Z,0.796,2,1000,640x360,1.9906000000000006,1283,
2025-12-22T11:40:03.033Z,0.828,1,600,480x270,1.9164670000000044,1267,
2025-12-22T11:40:03.350Z,0.923,1,600,480x270,1.9862599999999944,1267,
2025-12-22T11:40:03.670Z,1.103,1,600,480x270,1.9949530000000024,1274,
2025-12-22T11:40:03.990Z,1.294,1,600,480x270,1.9628079999999954,1272,
2025-12-22T11:40:04.310Z,1.433,1,600,480x270,1.9311089999999993,1272,
2025-12-22T11:40:04.635Z,1.639,1,600,480x270,2.0008069999999947,1249,
2025-12-22T11:40:04.990Z,1.796,1,600,480x270,1.956474,1247,
2025-12-22T11:40:05.300Z,1.973,1,600,480x270,1.9367260000000002,1247,
2025-12-22T11:40:05.609Z,2.118,1,600,480x270,1.9276539999999969,1241,
2025-12-22T11:40:06.267Z,1.997,1,600,480x270,1.9662879999999987,1251,
2025-12-22T11:40:06.781Z,1.993,1,600,480x270,1.9605129999999988,1186,
2025-12-22T11:40:06.853Z,2.006,2,1000,640x360,1.993076000000002,1184,
2025-12-22T11:40:07.635Z,1.662,2,1000,640x360,2.0154079999999936,1184,
2025-12-22T11:40:08.447Z,1.305,2,1000,640x360,1.9887820000000005,1114,
2025-12-22T11:40:09.228Z,1.066,2,1000,640x360,1.9154889999999938,1046,
2025-12-22T11:40:10.023Z,0.762,2,1000,640x360,1.9215169999999944,1042,
2025-12-22T11:40:10.816Z,0.472,2,1000,640x360,1.929003999999999,998,
2025-12-22T11:40:10.891Z,0.453,1,600,480x270,1.947184,959,
2025-12-22T11:40:11.101Z,0.182,1,600,480x270,1.9396529999999998,959,rebuffer happen
2025-12-22T11:40:11.360Z,0.39,1,600,480x270,1.9877839999999978,959,
2025-12-22T11:40:11.592Z,0.268,1,600,480x270,1.9550180000000026,933,rebuffer happen
2025-12-22T11:40:11.851Z,0.46,1,600,480x270,2.0062089999999984,933,
2025-12-22T11:40:11.990Z,0.3,1,600,480x270,1.9601010000000016,961,rebuffer happen
2025-12-22T11:40:12.221Z,0.524,1,600,480x270,1.9198219999999964,961,
2025-12-22T11:40:12.593Z,0.692,1,600,480x270,1.9568320000000057,977,
2025-12-22T11:40:12.977Z,0.767,1,600,480x270,1.9729379999999992,995,
2025-12-22T11:40:13.377Z,0.903,1,600,480x270,1.9733029999999943,995,
2025-12-22T11:40:13.779Z,1,1,600,480x270,1.9689540000000036,1048,
2025-12-22T11:40:14.142Z,1.149,1,600,480x270,2.0002619999999993,1030,
2025-12-22T11:40:14.503Z,1.252,1,600,480x270,1.9331880000000012,1054,
2025-12-22T11:40:14.575Z,1.237,2,1000,640x360,1.9635700000000043,1054,
2025-12-22T11:40:15.165Z,1.111,2,1000,640x360,1.971074999999999,1054,
2025-12-22T11:40:15.776Z,1.025,2,1000,640x360,1.9696169999999995,1111,
2025-12-22T11:40:16.366Z,0.901,2,1000,640x360,1.9734189999999998,1169,
2025-12-22T11:40:16.965Z,0.82,2,1000,640x360,1.985633,1142,
2025-12-22T11:40:17.644Z,0.634,2,1000,640x360,1.9970220000000012,1145,
2025-12-22T11:40:18.254Z,0.535,2,1000,640x360,1.9812590000000014,1144,
2025-12-22T11:40:18.327Z,0.511,1,600,480x270,1.9086300000000023,1124,
2025-12-22T11:40:18.746Z,0.532,1,600,480x270,1.9924820000000025,1124,
2025-12-22T11:40:19.095Z,0.681,1,600,480x270,1.9385209999999944,1136,
2025-12-22T11:40:19.533Z,0.753,1,600,480x270,1.9158379999999937,1113,
2025-12-22T11:40:20.003Z,0.786,1,600,480x270,1.9501260000000045,1113,
2025-12-22T11:40:20.469Z,0.797,1,600,480x270,1.9758640000000014,1049,
2025-12-22T11:40:20.951Z,0.838,1,600,480x270,1.9994399999999999,1034,
2025-12-22T11:40:21.503Z,0.783,1,600,480x270,1.9338529999999992,1031,
2025-12-22T11:40:21.993Z,0.756,1,600,480x270,1.945254999999996,1147,
2025-12-22T11:40:22.456Z,0.808,1,600,480x270,1.9807810000000003,1070,
2025-12-22T11:40:22.951Z,0.82,1,600,480x270,1.999048000000002,1060,
2025-12-22T11:40:23.418Z,0.848,1,600,480x270,1.921598000000003,1049,
2025-12-22T11:40:23.937Z,0.853,1,600,480x270,2.0066520000000025,1045,
2025-12-22T11:40:24.388Z,0.866,1,600,480x270,1.9462329999999994,1026,
2025-12-22T11:40:24.846Z,0.934,1,600,480x270,2.0129030000000014,1025,
2025-12-22T11:40:25.316Z,0.971,1,600,480x270,1.9223090000000056,1098,
2025-12-22T11:40:25.795Z,1.012,1,600,480x270,1.9722970000000046,1006,
2025-12-22T11:40:25.862Z,1.008,2,1000,640x360,1.995042000000005,1125,
2025-12-22T11:40:26.616Z,0.668,2,1000,640x360,1.9236709999999988,1125,
2025-12-22T11:40:27.141Z,0.641,2,1000,640x360,2.0000280000000004,1127,
2025-12-22T11:40:27.605Z,0.641,2,1000,640x360,1.9366190000000003,1116,
2025-12-22T11:40:28.288Z,0.495,2,1000,640x360,1.9497730000000004,1042,
2025-12-22T11:40:28.639Z,0.158,2,1000,640x360,2.015079,958,rebuffer happen
2025-12-22T11:40:29.046Z,0.233,2,1000,640x360,1.9988950000000045,958,
2025-12-22T11:40:29.262Z,0.029,2,1000,640x360,1.9928259999999938,930,rebuffer happen
2025-12-22T11:40:29.877Z,0.152,2,1000,640x360,2.179516999999997,930,
2025-12-22T11:40:29.956Z,0.126,1,600,480x270,2.2112920000000074,917,
2025-12-22T11:40:29.979Z,0.024,1,600,480x270,2.188894000000005,917,rebuffer happen
2025-12-22T11:40:30.379Z,0.33,1,600,480x270,2.383665999999998,917,
2025-12-22T11:40:30.476Z,0.233,1,600,480x270,2.396810000000002,926,rebuffer happen
2025-12-22T11:40:30.756Z,0.395,1,600,480x270,2.4004600000000025,926,
2025-12-22T11:40:31.018Z,0.185,1,600,480x270,2.2492630000000062,896,rebuffer happen
2025-12-22T11:40:31.141Z,0.405,1,600,480x270,2.3132109999999955,896,
2025-12-22T11:40:31.305Z,0.252,1,600,480x270,2.2149440000000027,885,rebuffer happen
2025-12-22T11:40:31.576Z,0.421,1,600,480x270,2.1981820000000027,885,
2025-12-22T11:40:31.828Z,0.119,1,600,480x270,2.084454000000008,865,rebuffer happen
2025-12-22T11:40:31.998Z,0.029,1,600,480x270,2.081592999999998,865,rebuffer happen
2025-12-22T11:40:32.322Z,0.113,1,600,480x270,2.104374000000007,865,
2025-12-22T11:40:32.432Z,0.028,1,600,480x270,2.0831719999999905,884,rebuffer happen
2025-12-22T11:40:32.772Z,0.308,1,600,480x270,2.280953999999994,884,
2025-12-22T11:40:32.954Z,0.146,1,600,480x270,2.304828999999998,888,rebuffer happen
2025-12-22T11:40:33.162Z,0.388,1,600,480x270,2.2658730000000133,888,
2025-12-22T11:40:33.369Z,0.221,1,600,480x270,2.211576000000008,907,rebuffer happen
2025-12-22T11:40:33.518Z,0.487,1,600,480x270,2.1434949999999873,907,
2025-12-22T11:40:33.754Z,0.292,1,600,480x270,2.1520989999999927,907,rebuffer happen
2025-12-22T11:40:33.941Z,0.482,1,600,480x270,2.1623749999999973,907,
2025-12-22T11:40:34.303Z,0.577,1,600,480x270,2.050670000000011,927,
2025-12-22T11:40:34.783Z,0.52,1,600,480x270,2.0124249999999932,956,
2025-12-22T11:40:35.129Z,0.628,1,600,480x270,1.9480709999999988,958,
2025-12-22T11:40:35.426Z,0.856,1,600,480x270,1.9346439999999916,987,
2025-12-22T11:40:35.735Z,1.068,1,600,480x270,2.0284740000000028,987,
2025-12-22T11:40:36.043Z,1.247,1,600,480x270,2.0069079999999957,1004,
2025-12-22T11:40:36.387Z,1.391,1,600,480x270,1.9582240000000013,1004,
2025-12-22T11:40:36.704Z,1.596,1,600,480x270,1.9646040000000085,1012,
2025-12-22T11:40:37.023Z,1.779,1,600,480x270,1.9274309999999986,1024,
2025-12-22T11:40:37.295Z,1.974,1,600,480x270,1.9572129999999959,1024,
2025-12-22T11:40:37.367Z,1.993,2,1000,640x360,1.9788089999999983,1049,
2025-12-22T11:40:37.926Z,1.862,2,1000,640x360,1.919563999999994,1049,
2025-12-22T11:40:38.594Z,1.696,2,1000,640x360,1.9442829999999987,1041,
2025-12-22T11:40:39.210Z,1.575,2,1000,640x360,1.9297830000000005,1055,
2025-12-22T11:40:39.655Z,1.616,2,1000,640x360,1.9920560000000052,1074,
2025-12-22T11:40:40.154Z,1.609,2,1000,640x360,1.9827760000000012,1076,
2025-12-22T11:40:40.657Z,1.631,2,1000,640x360,2.009315000000001,1093,
2025-12-22T11:40:41.465Z,1.293,2,1000,640x360,1.9699989999999872,1085,
2025-12-22T11:40:41.930Z,1.349,2,1000,640x360,1.9300080000000008,1112,
2025-12-22T11:40:42.435Z,1.342,2,1000,640x360,2.0066089999999974,1107,
2025-12-22T11:40:42.985Z,1.303,2,1000,640x360,1.9579439999999977,1126,
2025-12-22T11:40:43.649Z,1.12,2,1000,640x360,1.9948480000000046,1127,
2025-12-22T11:40:44.020Z,1.269,2,1000,640x360,1.9220499999999987,1137,
2025-12-22T11:40:44.650Z,1.149,2,1000,640x360,2.0154600000000045,1137,
2025-12-22T11:40:45.469Z,0.796,2,1000,640x360,1.9699119999999937,1136,
2025-12-22T11:40:45.542Z,0.813,1,600,480x270,1.9039899999999932,1118,
2025-12-22T11:40:45.996Z,0.902,1,600,480x270,1.9568629999999985,1118,
2025-12-22T11:40:46.417Z,0.869,1,600,480x270,1.9349920000000083,1105,
2025-12-22T11:40:46.819Z,0.966,1,600,480x270,1.9269139999999965,1050,
2025-12-22T11:40:47.239Z,1.039,1,600,480x270,1.9997359999999986,1020,
2025-12-22T11:40:47.656Z,1.127,1,600,480x270,1.9899130000000014,1017,
2025-12-22T11:40:48.079Z,1.204,1,600,480x270,1.9576829999999887,1114,
2025-12-22T11:40:48.495Z,1.285,1,600,480x270,1.9539880000000096,1070,
2025-12-22T11:40:48.905Z,1.385,1,600,480x270,1.94739899999999,1070,
2025-12-22T11:40:48.979Z,1.385,2,1000,640x360,1.9668179999999893,1032,
2025-12-22T11:40:49.656Z,1.152,2,1000,640x360,2.002639000000002,1032,
2025-12-22T11:40:50.356Z,0.929,2,1000,640x360,1.9824310000000054,1017,
2025-12-22T11:40:50.881Z,0.914,2,1000,640x360,1.956588999999994,1029,
2025-12-22T11:40:51.463Z,0.816,2,1000,640x360,1.980559999999997,1048,
2025-12-22T11:40:52.004Z,0.759,2,1000,640x360,1.9464899999999972,1020,
2025-12-22T11:40:52.528Z,0.763,2,1000,640x360,1.9134010000000075,1038,
2025-12-22T11:40:52.604Z,0.757,1,600,480x270,1.9565519999999879,1007,
2025-12-22T11:40:52.971Z,0.799,1,600,480x270,1.9712219999999974,1007,
2025-12-22T11:40:53.362Z,0.917,1,600,480x270,1.9735649999999936,1005,
2025-12-22T11:40:53.725Z,1.073,1,600,480x270,1.9349300000000085,1076,
2025-12-22T11:40:54.074Z,1.167,1,600,480x270,1.9820489999999893,1021,
2025-12-22T11:40:54.499Z,1.282,1,600,480x270,1.9459810000000033,1016,
2025-12-22T11:40:54.932Z,1.363,1,600,480x270,1.919050999999996,1016,
2025-12-22T11:40:55.328Z,1.402,1,600,480x270,1.9123050000000035,1006,
2025-12-22T11:40:55.803Z,1.478,1,600,480x270,1.934158999999994,968,
2025-12-22T11:40:56.221Z,1.556,1,600,480x270,1.9136230000000012,996,
2025-12-22T11:40:56.671Z,1.616,1,600,480x270,1.981529000000009,970,
2025-12-22T11:40:57.094Z,1.69,1,600,480x270,1.9451489999999865,996,
2025-12-22T11:40:57.522Z,1.74,1,600,480x270,1.9257490000000104,990,
2025-12-22T11:40:57.923Z,1.86,1,600,480x270,1.9339319999999987,990,
2025-12-22T11:40:58.254Z,2.013,1,600,480x270,1.989701999999994,1026,
2025-12-22T11:40:58.330Z,2.032,2,1000,640x360,1.9115189999999984,1037,
2025-12-22T11:40:58.923Z,1.853,2,1000,640x360,1.9158569999999884,1037,
2025-12-22T11:40:59.590Z,1.651,2,1000,640x360,1.9472650000000016,1000,
2025-12-22T11:41:00.126Z,1.655,2,1000,640x360,1.9192859999999996,1008,
2025-12-22T11:41:00.697Z,1.598,2,1000,640x360,1.952534,1047,
2025-12-22T11:41:01.352Z,1.423,2,1000,640x360,1.9934080000000023,1039,
2025-12-22T11:41:01.789Z,1.516,2,1000,640x360,1.961033999999998,1041,
2025-12-22T11:41:02.367Z,1.396,2,1000,640x360,1.9786529999999942,1048,
2025-12-22T11:41:02.870Z,1.393,2,1000,640x360,1.9759850000000085,1052,
2025-12-22T11:41:03.446Z,1.308,2,1000,640x360,1.9946039999999954,1054,
2025-12-22T11:41:04.145Z,1.157,2,1000,640x360,1.9998560000000083,1069,
2025-12-22T11:41:04.681Z,1.104,2,1000,640x360,1.9718369999999936,1073,
2025-12-22T11:41:05.255Z,1.036,2,1000,640x360,1.982980000000012,1079,
2025-12-22T11:41:05.853Z,0.95,2,1000,640x360,1.9996439999999893,1085,
2025-12-22T11:41:05.924Z,0.941,1,600,480x270,1.927400999999989,1137,
2025-12-22T11:41:06.285Z,0.993,1,600,480x270,1.9566609999999969,1137,
2025-12-22T11:41:06.667Z,1.138,1,600,480x270,1.999210000000005,1114,
2025-12-22T11:41:07.029Z,1.265,1,600,480x270,1.9298399999999987,1109,
2025-12-22T11:41:07.427Z,1.352,1,600,480x270,1.9126919999999927,1109,
2025-12-22T11:41:07.789Z,1.462,1,600,480x270,1.9456239999999951,1095,
2025-12-22T11:41:08.167Z,1.594,1,600,480x270,1.9766580000000005,1108,
2025-12-22T11:41:08.529Z,1.757,1,600,480x270,1.9130349999999936,1096,
2025-12-22T11:41:08.906Z,1.826,1,600,480x270,1.9336990000000043,1096,
2025-12-22T11:41:09.432Z,1.842,1,600,480x270,1.9100289999999944,1099,
2025-12-22T11:41:09.499Z,1.847,2,1000,640x360,1.9382619999999946,1086,
2025-12-22T11:41:10.047Z,1.752,2,1000,640x360,1.9935580000000073,1086,
2025-12-22T11:41:10.667Z,1.633,2,1000,640x360,1.9896069999999924,1079,
2025-12-22T11:41:11.314Z,1.486,2,1000,640x360,1.9265780000000063,1062,
2025-12-22T11:41:12.108Z,1.188,2,1000,640x360,1.9348859999999917,1058,
2025-12-22T11:41:12.822Z,0.973,2,1000,640x360,1.9245200000000011,1028,
2025-12-22T11:41:13.501Z,0.791,2,1000,640x360,1.9485949999999974,1009,
2025-12-22T11:41:13.586Z,0.782,1,600,480x270,1.968401,1003,
2025-12-22T11:41:14.006Z,0.764,1,600,480x270,1.9390140000000002,1003,
2025-12-22T11:41:14.397Z,0.832,1,600,480x270,1.9491700000000094,1024,
2025-12-22T11:41:14.690Z,1.077,1,600,480x270,1.961703,1034,
2025-12-22T11:41:15.006Z,1.282,1,600,480x270,1.9478660000000048,991,
2025-12-22T11:41:15.387Z,1.363,1,600,480x270,1.9535439999999937,991,
2025-12-22T11:41:15.845Z,1.419,1,600,480x270,1.9949830000000048,978,
2025-12-22T11:41:16.214Z,1.55,1,600,480x270,1.921832000000009,954,
2025-12-22T11:41:16.586Z,1.678,1,600,480x270,1.9501500000000078,946,
2025-12-22T11:41:16.938Z,1.841,1,600,480x270,1.9973549999999989,918,
2025-12-22T11:41:17.330Z,1.93,1,600,480x270,1.91630099999999,918,
2025-12-22T11:41:17.676Z,2.108,1,600,480x270,1.970655999999991,938,
2025-12-22T11:41:18.152Z,2.113,1,600,480x270,1.9879800000000074,960,
2025-12-22T11:41:18.607Z,2.166,1,600,480x270,1.948870999999997,992,
2025-12-22T11:41:19.202Z,2.065,1,600,480x270,1.9453829999999925,1016,
2025-12-22T11:41:19.639Z,2.124,1,600,480x270,2.001008000000013,1007,
2025-12-22T11:41:19.710Z,2.145,2,1000,640x360,1.929427000000004,1044,
2025-12-22T11:41:20.347Z,1.925,2,1000,640x360,1.9901299999999935,1044,
2025-12-22T11:41:21.067Z,1.705,2,1000,640x360,1.9751440000000002,1019,
2025-12-22T11:41:21.722Z,1.586,2,1000,640x360,1.9242020000000082,1028,
2025-12-22T11:41:22.358Z,1.408,2,1000,640x360,1.9812060000000002,1042,
2025-12-22T11:41:23.008Z,1.303,2,1000,640x360,1.9385699999999986,1046,
2025-12-22T11:41:23.651Z,1.15,2,1000,640x360,1.9858529999999917,1048,
2025-12-22T11:41:24.381Z,0.917,2,1000,640x360,1.9662179999999978,1041,
2025-12-22T11:41:24.453Z,0.898,1,600,480x270,1.9874650000000003,1000,
2025-12-22T11:41:24.889Z,0.883,1,600,480x270,1.9481080000000048,1000,
2025-12-22T11:41:25.347Z,0.917,1,600,480x270,1.9994680000000074,959,
2025-12-22T11:41:25.776Z,0.997,1,600,480x270,1.970688999999993,970,
2025-12-22T11:41:26.230Z,1.054,1,600,480x270,1.9188290000000023,918,
2025-12-22T11:41:26.654Z,1.128,1,600,480x270,1.9989769999999965,892,
2025-12-22T11:41:27.102Z,1.189,1,600,480x270,1.9406649999999956,910,
2025-12-22T11:41:27.547Z,1.237,1,600,480x270,1.996216000000004,900,
2025-12-22T11:41:28.103Z,1.129,1,600,480x270,1.93897299999999,900,
2025-12-22T11:41:28.509Z,1.271,1,600,480x270,1.9271030000000025,880,
2025-12-22T11:41:28.940Z,1.362,1,600,480x270,1.993549999999999,880,
2025-12-22T11:41:29.346Z,1.415,1,600,480x270,1.9959070000000025,958,
2025-12-22T11:41:29.683Z,1.588,1,600,480x270,1.9660569999999922,923,
2025-12-22T11:41:30.047Z,1.747,1,600,480x270,2.003152,1014,
2025-12-22T11:41:30.512Z,1.765,1,600,480x270,1.935266999999996,1014,
2025-12-22T11:41:30.889Z,1.886,1,600,480x270,1.959493000000009,955,
2025-12-22T11:41:31.271Z,2.012,1,600,480x270,1.973273000000006,1000,
2025-12-22T11:41:31.649Z,2.112,1,600,480x270,1.9875390000000124,999,
2025-12-22T11:41:32.237Z,2.039,1,600,480x270,1.9994140000000016,1024,
2025-12-22T11:41:32.303Z,2.02,2,1000,640x360,1.933256,1027,
2025-12-22T11:41:33.021Z,1.756,2,1000,640x360,1.9136950000000041,1027,
2025-12-22T11:41:33.533Z,1.76,2,1000,640x360,1.9084910000000121,993,
2025-12-22T11:41:34.082Z,1.699,2,1000,640x360,1.9651179999999897,1004,
2025-12-22T11:41:34.662Z,1.609,2,1000,640x360,1.997372999999996,1005,
2025-12-22T11:41:35.231Z,1.562,2,1000,640x360,1.9182289999999966,1015,
2025-12-22T11:41:35.831Z,1.449,2,1000,640x360,1.9117410000000064,1012,
2025-12-22T11:41:36.439Z,1.334,2,1000,640x360,1.999718999999999,1012,
2025-12-22T11:41:37.193Z,1.072,2,1000,640x360,1.954687000000007,1007,
2025-12-22T11:41:37.753Z,1.051,2,1000,640x360,1.9963500000000067,1054,
2025-12-22T11:41:38.298Z,0.988,2,1000,640x360,1.9379279999999994,1071,
2025-12-22T11:41:38.378Z,0.982,1,600,480x270,1.9563509999999837,1103,
2025-12-22T11:41:38.699Z,1.072,1,600,480x270,1.9466150000000084,1103,
2025-12-22T11:41:39.049Z,1.242,1,600,480x270,1.9949459999999988,1095,
2025-12-22T11:41:39.397Z,1.33,1,600,480x270,1.9367540000000076,1095,
2025-12-22T11:41:39.775Z,1.53,1,600,480x270,1.978938999999997,1102,
2025-12-22T11:41:40.110Z,1.698,1,600,480x270,1.9343690000000038,1140,
2025-12-22T11:41:40.438Z,1.823,1,600,480x270,1.9975640000000112,1119,
2025-12-22T11:41:40.786Z,1.983,1,600,480x270,1.9537329999999997,1119,
2025-12-22T11:41:41.135Z,2.147,1,600,480x270,2.000807000000009,1157,
2025-12-22T11:41:41.672Z,2.09,1,600,480x270,1.963029000000006,1147,
2025-12-22T11:41:41.777Z,2.109,2,1000,640x360,1.974049000000008,1156,
2025-12-22T11:41:42.347Z,1.925,2,1000,640x360,1.9995339999999828,1156,
2025-12-22T11:41:42.922Z,1.856,2,1000,640x360,1.9165859999999952,1128,
2025-12-22T11:41:43.486Z,1.784,2,1000,640x360,1.951578999999981,1113,
2025-12-22T11:41:44.027Z,1.756,2,1000,640x360,1.9199619999999982,1130,
2025-12-22T11:41:44.593Z,1.681,2,1000,640x360,1.942245000000014,1134,
2025-12-22T11:41:45.152Z,1.634,2,1000,640x360,1.9833910000000117,1132,
2025-12-22T11:41:45.708Z,1.598,2,1000,640x360,1.9327519999999936,1148,
2025-12-22T11:41:46.255Z,1.53,2,1000,640x360,1.9888720000000149,1189,
2025-12-22T11:41:46.805Z,1.486,2,1000,640x360,1.9428120000000035,1223,
2025-12-22T11:41:47.350Z,1.437,2,1000,640x360,1.9840060000000221,1191,
2025-12-22T11:41:47.904Z,1.371,2,1000,640x360,1.9469070000000102,1205,
2025-12-22T11:41:48.461Z,1.324,2,1000,640x360,1.9839120000000037,1202,
2025-12-22T11:41:48.999Z,1.286,2,1000,640x360,1.9396690000000092,1221,
2025-12-22T11:41:49.537Z,1.245,2,1000,640x360,1.9973190000000045,1208,
2025-12-22T11:41:50.099Z,1.155,2,1000,640x360,1.9383419999999774,1253,
2025-12-22T11:41:50.630Z,1.138,2,1000,640x360,1.9206159999999954,1242,
2025-12-22T11:41:51.166Z,1.108,2,1000,640x360,1.9769560000000013,1248,
2025-12-22T11:41:51.683Z,1.089,2,1000,640x360,1.9654569999999865,1240,
2025-12-22T11:41:52.189Z,1.101,2,1000,640x360,1.9584630000000232,1236,
2025-12-22T11:41:52.749Z,1.007,2,1000,640x360,1.9911069999999995,1246,
2025-12-22T11:41:53.303Z,0.968,2,1000,640x360,1.9355199999999968,1228,
2025-12-22T11:41:53.388Z,0.976,1,600,480x270,1.957304999999991,1233,
2025-12-22T11:41:53.722Z,1.069,1,600,480x270,1.91871900000001,1233,
2025-12-22T11:41:54.020Z,1.242,1,600,480x270,1.9205149999999946,1231,
2025-12-22T11:41:54.354Z,1.349,1,600,480x270,1.9864869999999826,1231,
2025-12-22T11:41:54.656Z,1.606,1,600,480x270,1.9867679999999837,1240,
2025-12-22T11:41:55.009Z,1.729,1,600,480x270,1.9306770000000029,1236,
2025-12-22T11:41:55.390Z,1.951,1,600,480x270,1.9552309999999977,1236,
2025-12-22T11:41:55.739Z,2.019,1,600,480x270,2.005236999999994,1233,
2025-12-22T11:41:56.145Z,2.152,1,600,480x270,2.000282999999996,1233,
2025-12-22T11:41:56.624Z,2.168,1,600,480x270,1.9223810000000014,1245,
2025-12-22T11:41:56.783Z,2.06,2,1000,640x360,1.9520100000000014,1232,
2025-12-22T11:41:57.303Z,1.956,2,1000,640x360,1.9422609999999736,1232,
2025-12-22T11:41:57.850Z,1.947,2,1000,640x360,1.9901849999999968,1242,
2025-12-22T11:41:58.369Z,1.912,2,1000,640x360,1.9652099999999848,1217,
2025-12-22T11:41:58.822Z,1.937,2,1000,640x360,1.9151999999999987,1236,
2025-12-22T11:41:59.274Z,1.997,2,1000,640x360,1.9722289999999987,1233,
2025-12-22T11:41:59.747Z,2.035,2,1000,640x360,1.99772999999999,1203,
2025-12-22T11:42:00.294Z,1.988,2,1000,640x360,1.9526970000000006,1211,
2025-12-22T11:42:01.064Z,1.723,2,1000,640x360,1.9866499999999974,1208,
2025-12-22T11:42:01.952Z,1.335,2,1000,640x360,1.9856650000000116,1075,
2025-12-22T11:42:02.732Z,1.07,2,1000,640x360,1.912904999999995,1045,
2025-12-22T11:42:03.526Z,0.792,2,1000,640x360,1.9179359999999974,1040,
2025-12-22T11:42:03.623Z,0.711,1,600,480x270,1.9351870000000133,1055,
2025-12-22T11:42:04.105Z,0.665,1,600,480x270,1.9425939999999855,1055,
2025-12-22T11:42:04.594Z,0.715,1,600,480x270,1.9576529999999934,1025,
2025-12-22T11:42:05.077Z,0.698,1,600,480x270,1.9687279999999987,970,
2025-12-22T11:42:05.541Z,0.729,1,600,480x270,1.9966960000000142,940,
2025-12-22T11:42:06.049Z,0.717,1,600,480x270,1.9993100000000084,940,
2025-12-22T11:42:06.699Z,0.64,1,600,480x270,1.9385540000000105,854,
2025-12-22T11:42:07.110Z,0.613,1,600,480x270,1.929600999999991,871,
2025-12-22T11:42:07.529Z,0.769,1,600,480x270,1.9207079999999905,879,
2025-12-22T11:42:08.018Z,0.797,1,600,480x270,1.9202219999999954,879,
2025-12-22T11:42:08.471Z,0.809,1,600,480x270,1.9641869999999813,884,
2025-12-22T11:42:08.874Z,0.904,1,600,480x270,1.9753550000000075,887,
2025-12-22T11:42:09.322Z,0.963,1,600,480x270,1.9230870000000095,876,
2025-12-22T11:42:09.753Z,1.013,1,600,480x270,1.984800000000007,857,
2025-12-22T11:42:10.203Z,1.078,1,600,480x270,1.930312999999984,857,
2025-12-22T11:42:10.668Z,1.098,1,600,480x270,1.9766620000000046,859,
2025-12-22T11:42:11.252Z,1.032,1,600,480x270,1.9811489999999878,872,
2025-12-22T11:42:11.636Z,1.15,1,600,480x270,2.0093909999999937,840,
2025-12-22T11:42:12.070Z,1.199,1,600,480x270,1.977472999999975,824,
2025-12-22T11:42:12.516Z,1.266,1,600,480x270,1.9345320000000186,793,
2025-12-22T11:42:12.884Z,1.395,1,600,480x270,1.9644170000000258,793,
2025-12-22T11:42:13.420Z,1.346,1,600,480x270,1.9159119999999916,894,
2025-12-22T11:42:13.906Z,1.371,1,600,480x270,1.9280680000000245,841,
2025-12-22T11:42:14.347Z,1.445,1,600,480x270,1.9981520000000046,892,
2025-12-22T11:42:14.726Z,1.539,1,600,480x270,1.91531999999998,888,
2025-12-22T11:42:15.119Z,1.659,1,600,480x270,1.9275470000000041,886,
2025-12-22T11:42:15.522Z,1.77,1,600,480x270,1.9185660000000269,868,
2025-12-22T11:42:15.899Z,1.873,1,600,480x270,1.9468430000000012,868,
2025-12-22T11:42:16.148Z,2.119,1,600,480x270,2.0013239999999826,872,
2025-12-22T11:42:16.621Z,2.154,1,600,480x270,1.928639000000004,899,
2025-12-22T11:42:17.288Z,1.974,1,600,480x270,1.9611619999999732,922,
2025-12-22T11:42:17.804Z,1.987,1,600,480x270,1.9606679999999983,937,
2025-12-22T11:42:18.277Z,1.994,1,600,480x270,1.979551999999984,964,
2025-12-22T11:42:18.694Z,2.078,1,600,480x270,1.949936000000008,981,
2025-12-22T11:42:19.154Z,2.14,1,600,480x270,1.9870070000000055,986,
2025-12-22T11:42:19.664Z,2.107,1,600,480x270,1.9798240000000078,992,
2025-12-22T11:42:20.126Z,2.14,1,600,480x270,1.9136210000000062,995,
2025-12-22T11:42:20.680Z,2.099,1,600,480x270,1.9726280000000145,1022,
2025-12-22T11:42:20.760Z,2.117,2,1000,640x360,1.9880709999999908,1024,
2025-12-22T11:42:21.341Z,1.933,2,1000,640x360,1.9945370000000082,1024,
2025-12-22T11:42:21.876Z,1.915,2,1000,640x360,1.9836699999999894,1048,
2025-12-22T11:42:22.501Z,1.774,2,1000,640x360,1.9389189999999985,1058,
2025-12-22T11:42:23.093Z,1.699,2,1000,640x360,1.9555590000000223,1062,
2025-12-22T11:42:23.646Z,1.632,2,1000,640x360,1.998205999999982,1068,
2025-12-22T11:42:24.252Z,1.55,2,1000,640x360,1.9888249999999914,1084,
2025-12-22T11:42:24.853Z,1.444,2,1000,640x360,1.996071999999998,1066,
2025-12-22T11:42:25.466Z,1.326,2,1000,640x360,1.9699799999999925,1074,
2025-12-22T11:42:26.061Z,1.224,2,1000,640x360,1.9873420000000124,1085,
2025-12-22T11:42:26.643Z,1.165,2,1000,640x360,1.9979069999999979,1102,
2025-12-22T11:42:27.153Z,1.131,2,1000,640x360,1.9871100000000013,1099,
2025-12-22T11:42:27.683Z,1.097,2,1000,640x360,1.9589679999999987,1105,
2025-12-22T11:42:28.339Z,0.946,2,1000,640x360,1.996499,1100,
2025-12-22T11:42:28.421Z,0.934,1,600,480x270,1.9133410000000026,1092,
2025-12-22T11:42:28.744Z,1.031,1,600,480x270,2.001902000000001,1092,
2025-12-22T11:42:29.121Z,1.163,1,600,480x270,1.926839000000001,1088,
2025-12-22T11:42:29.513Z,1.253,1,600,480x270,1.9267680000000098,1073,
2025-12-22T11:42:29.940Z,1.338,1,600,480x270,2.014581000000021,1073,
2025-12-22T11:42:30.491Z,1.274,1,600,480x270,1.9443620000000124,1076,
2025-12-22T11:42:30.896Z,1.363,1,600,480x270,1.9398599999999817,1075,
2025-12-22T11:42:31.300Z,1.477,1,600,480x270,1.939074000000005,1060,
2025-12-22T11:42:31.714Z,1.568,1,600,480x270,1.9332140000000209,1029,
2025-12-22T11:42:32.136Z,1.627,1,600,480x270,2.001093999999995,1027,
2025-12-22T11:42:32.530Z,1.765,1,600,480x270,1.9173680000000104,976,
2025-12-22T11:42:32.934Z,1.853,1,600,480x270,1.9133550000000241,976,
2025-12-22T11:42:33.340Z,1.923,1,600,480x270,1.9999870000000044,975,
2025-12-22T11:42:33.767Z,2.013,1,600,480x270,1.9961409999999944,995,
2025-12-22T11:42:34.240Z,2.044,1,600,480x270,2.0050080000000037,979,
2025-12-22T11:42:34.706Z,2.06,1,600,480x270,1.9331129999999916,997,
2025-12-22T11:42:35.213Z,2.047,1,600,480x270,1.9209099999999921,972,
2025-12-22T11:42:35.606Z,2.157,1,600,480x270,1.9316760000000102,1017,
2025-12-22T11:42:35.685Z,2.15,2,1000,640x360,1.951913999999988,1028,
2025-12-22T11:42:36.326Z,1.931,2,1000,640x360,1.916952000000009,1028,
2025-12-22T11:42:36.788Z,1.994,2,1000,640x360,1.955471999999986,1060,
2025-12-22T11:42:37.345Z,1.939,2,1000,640x360,1.9961040000000025,1063,
2025-12-22T11:42:37.830Z,1.955,2,1000,640x360,1.9273819999999944,1059,
2025-12-22T11:42:38.190Z,2.081,2,1000,640x360,1.9579339999999945,1074,
2025-12-22T11:42:38.959Z,1.827,2,1000,640x360,1.9892970000000219,1078,
2025-12-22T11:42:39.415Z,1.856,2,1000,640x360,1.9185429999999997,1099,
2025-12-22T11:42:39.855Z,1.872,2,1000,640x360,1.9906229999999994,1112,
2025-12-22T11:42:40.347Z,1.911,2,1000,640x360,1.986175000000003,1127,
2025-12-22T11:42:40.810Z,1.968,2,1000,640x360,1.9308169999999905,1137,
2025-12-22T11:42:41.383Z,1.846,2,1000,640x360,1.9535869999999989,1134,
2025-12-22T11:42:42.453Z,1.322,2,1000,640x360,1.991831000000019,1129,
2025-12-22T11:42:43.021Z,1.269,2,1000,640x360,1.9233079999999916,1125,
2025-12-22T11:42:43.607Z,1.185,2,1000,640x360,1.9320969999999988,1118,
2025-12-22T11:42:44.154Z,1.123,2,1000,640x360,1.9907559999999762,1107,
2025-12-22T11:42:44.753Z,1.029,2,1000,640x360,1.9868649999999946,1089,
2025-12-22T11:42:45.381Z,0.894,2,1000,640x360,1.9652700000000038,1144,
2025-12-22T11:42:45.471Z,0.899,1,600,480x270,1.9709569999999985,1112,
2025-12-22T11:42:45.867Z,0.918,1,600,480x270,1.9815940000000012,1112,
2025-12-22T11:42:46.412Z,0.864,1,600,480x270,1.9233679999999822,1113,
2025-12-22T11:42:46.696Z,1.09,1,600,480x270,1.9638709999999833,1096,
2025-12-22T11:42:47.002Z,1.272,1,600,480x270,1.9537210000000016,1110,
2025-12-22T11:42:47.236Z,1.546,1,600,480x270,2.0060550000000035,1110,
2025-12-22T11:42:47.486Z,1.777,1,600,480x270,1.958656999999988,1073,
2025-12-22T11:42:47.821Z,1.955,1,600,480x270,1.9204540000000065,1073,
2025-12-22T11:42:48.265Z,2.011,1,600,480x270,1.9689919999999859,1106,
2025-12-22T11:42:48.583Z,2.184,1,600,480x270,1.9599659999999801,1115,
2025-12-22T11:42:48.859Z,1.985,2,1000,640x360,1.9799939999999765,1130,
2025-12-22T11:42:49.667Z,1.6,2,1000,640x360,1.9862420000000043,1130,
2025-12-22T11:42:50.409Z,1.352,2,1000,640x360,1.94090700000001,1134,
2025-12-22T11:42:50.973Z,1.3,2,1000,640x360,1.973512999999997,1109,
2025-12-22T11:42:51.662Z,1.112,2,1000,640x360,1.9766130000000146,1110,
2025-12-22T11:42:52.176Z,1.109,2,1000,640x360,1.96101299999998,1099,
2025-12-22T11:42:52.715Z,1.074,2,1000,640x360,1.9367550000000051,1109,
2025-12-22T11:42:53.275Z,0.973,2,1000,640x360,1.9611759999999947,1060,
2025-12-22T11:42:53.837Z,0.958,2,1000,640x360,2.0080800000000067,1105,
2025-12-22T11:42:53.910Z,0.936,1,600,480x270,1.933807999999999,1098,
2025-12-22T11:42:54.260Z,1.028,1,600,480x270,1.9844260000000133,1098,
2025-12-22T11:42:54.630Z,1.156,1,600,480x270,1.9215930000000014,1103,
2025-12-22T11:42:54.904Z,1.369,1,600,480x270,1.9463400000000206,1103,
2025-12-22T11:42:55.232Z,1.534,1,600,480x270,1.9077699999999993,1103,
2025-12-22T11:42:55.762Z,1.537,1,600,480x270,1.9954229999999882,1076,
2025-12-22T11:42:56.111Z,1.662,1,600,480x270,1.9432010000000162,1083,
2025-12-22T11:42:56.466Z,1.797,1,600,480x270,1.9748590000000092,1140,
2025-12-22T11:42:56.866Z,1.93,1,600,480x270,1.9705090000000212,1140,
2025-12-22T11:42:57.165Z,2.096,1,600,480x270,1.9727960000000166,1121,
2025-12-22T11:42:57.324Z,1.968,2,1000,640x360,1.912081999999998,1139,
2025-12-22T11:42:57.961Z,1.795,2,1000,640x360,1.9778100000000052,1139,
2025-12-22T11:42:58.707Z,1.585,2,1000,640x360,1.9456500000000005,1104,
2025-12-22T11:42:59.312Z,1.481,2,1000,640x360,1.925483999999983,1074,
2025-12-22T11:42:59.882Z,1.43,2,1000,640x360,1.9773210000000176,1056,
2025-12-22T11:43:00.488Z,1.306,2,1000,640x360,1.963403999999997,1060,
2025-12-22T11:43:01.122Z,1.17,2,1000,640x360,1.916938999999985,1042,
2025-12-22T11:43:01.732Z,1.075,2,1000,640x360,1.9194599999999866,1046,
2025-12-22T11:43:02.611Z,0.703,2,1000,640x360,1.9436780000000056,1048,
2025-12-22T11:43:02.692Z,0.63,1,600,480x270,1.9573780000000056,1104,
2025-12-22T11:43:03.269Z,0.542,1,600,480x270,1.9795979999999815,1104,
2025-12-22T11:43:03.794Z,0.487,1,600,480x270,1.9614909999999952,1076,
2025-12-22T11:43:04.298Z,0.515,1,600,480x270,1.945867000000021,1031,
2025-12-22T11:43:04.781Z,0.494,1,600,480x270,1.9622039999999856,1112,
2025-12-22T11:43:05.211Z,0.596,1,600,480x270,1.9234889999999893,1044,
2025-12-22T11:43:05.656Z,0.608,1,600,480x270,1.998753999999991,1043,
2025-12-22T11:43:06.062Z,0.73,1,600,480x270,1.9761330000000044,997,
2025-12-22T11:43:06.589Z,0.706,1,600,480x270,1.9603740000000016,997,
2025-12-22T11:43:07.021Z,0.766,1,600,480x270,1.930185999999992,1048,
2025-12-22T11:43:07.653Z,0.631,1,600,480x270,2.0148279999999943,1048,
2025-12-22T11:43:08.006Z,0.776,1,600,480x270,1.9413459999999816,1007,
2025-12-22T11:43:08.371Z,0.891,1,600,480x270,1.966592999999989,1007,
2025-12-22T11:43:08.752Z,1.027,1,600,480x270,2.0233690000000024,1023,
2025-12-22T11:43:08.823Z,1.055,2,1000,640x360,1.9506140000000016,1042,
2025-12-22T11:43:09.368Z,0.92,2,1000,640x360,1.9762199999999837,1042,
2025-12-22T11:43:09.887Z,0.892,2,1000,640x360,1.9599350000000015,1030,
2025-12-22T11:43:10.415Z,0.854,2,1000,640x360,1.9246359999999925,1047,
2025-12-22T11:43:11.015Z,0.854,2,1000,640x360,1.9286329999999907,1077,
2025-12-22T11:43:11.386Z,0.872,2,1000,640x360,1.950714000000005,1074,
2025-12-22T11:43:12.034Z,0.747,2,1000,640x360,2.009964999999994,1110,
2025-12-22T11:43:12.524Z,0.74,2,1000,640x360,1.9240929999999992,1118,
2025-12-22T11:43:12.612Z,0.762,1,600,480x270,1.936632000000003,1119,
2025-12-22T11:43:12.906Z,0.873,1,600,480x270,1.9483650000000239,1119,
2025-12-22T11:43:13.238Z,1.011,1,600,480x270,2.0088690000000042,1115,
2025-12-22T11:43:13.596Z,1.196,1,600,480x270,1.9507110000000125,1127,
2025-12-22T11:43:13.960Z,1.296,1,600,480x270,1.9858110000000124,1127,
2025-12-22T11:43:14.320Z,1.431,1,600,480x270,1.9199150000000031,1127,
2025-12-22T11:43:14.631Z,1.629,1,600,480x270,1.916230999999982,1136,
2025-12-22T11:43:14.890Z,1.887,1,600,480x270,1.9598259999999925,1145,
2025-12-22T11:43:15.179Z,2.084,1,600,480x270,1.9594110000000171,1145,
2025-12-22T11:43:15.665Z,2.134,1,600,480x270,1.990099000000015,1162,
2025-12-22T11:43:16.074Z,2.185,1,600,480x270,1.974628999999993,1173,
2025-12-22T11:43:16.143Z,2.215,2,1000,640x360,1.904168999999996,1178,
2025-12-22T11:43:16.821Z,1.985,2,1000,640x360,1.9350509999999872,1178,
2025-12-22T11:43:17.324Z,1.954,2,1000,640x360,1.9295979999999986,1173,
2025-12-22T11:43:17.745Z,2.022,2,1000,640x360,1.9978020000000072,1153,
2025-12-22T11:43:18.229Z,2.032,2,1000,640x360,1.9135050000000149,1168,
2025-12-22T11:43:19.053Z,1.735,2,1000,640x360,1.9860490000000084,1178,
2025-12-22T11:43:19.854Z,1.431,2,1000,640x360,2.0043699999999944,1178,
2025-12-22T11:43:20.410Z,1.341,2,1000,640x360,1.925752999999986,1179,
2025-12-22T11:43:21.036Z,1.261,2,1000,640x360,2.012997000000013,1173,
2025-12-22T11:43:21.539Z,1.246,2,1000,640x360,1.9991400000000112,1184,
2025-12-22T11:43:22.036Z,1.246,2,1000,640x360,2.0006030000000123,1170,
2025-12-22T11:43:22.589Z,1.191,2,1000,640x360,1.9538359999999955,1190,
2025-12-22T11:43:23.060Z,1.239,2,1000,640x360,1.9791940000000068,1195,
2025-12-22T11:43:23.423Z,1.347,2,1000,640x360,1.9101070000000107,1195,
2025-12-22T11:43:23.842Z,1.465,2,1000,640x360,2.002638000000019,1244,
2025-12-22T11:43:24.331Z,1.443,2,1000,640x360,1.905380000000008,1231,
2025-12-22T11:43:24.738Z,1.54,2,1000,640x360,2.0186879999999974,1241,
2025-12-22T11:43:25.315Z,1.46,2,1000,640x360,1.926587000000012,1233,
2025-12-22T11:43:25.800Z,1.472,2,1000,640x360,1.9341890000000035,1251,
2025-12-22T11:43:26.334Z,1.437,2,1000,640x360,1.9993100000000084,1258,
2025-12-22T11:43:26.884Z,1.401,2,1000,640x360,1.9576089999999908,1253,
2025-12-22T11:43:27.555Z,1.237,2,1000,640x360,1.9901610000000005,1226,
2025-12-22T11:43:28.117Z,1.16,2,1000,640x360,1.9221410000000105,1296,
2025-12-22T11:43:28.714Z,1.086,2,1000,640x360,1.9413220000000138,1262,
2025-12-22T11:43:29.345Z,0.932,2,1000,640x360,2.001753000000008,1264,
2025-12-22T11:43:29.416Z,0.939,1,600,480x270,1.9289870000000064,1315,
2025-12-22T11:43:29.812Z,0.948,1,600,480x270,1.9223369999999989,1315,
2025-12-22T11:43:30.201Z,1.055,1,600,480x270,1.9442569999999932,1265,
2025-12-22T11:43:30.565Z,1.203,1,600,480x270,1.9748189999999965,1252,
2025-12-22T11:43:30.924Z,1.329,1,600,480x270,1.9218349999999873,1252,
2025-12-22T11:43:31.333Z,1.434,1,600,480x270,1.9134970000000067,1254,
2025-12-22T11:43:31.875Z,1.407,1,600,480x270,1.978324999999984,1243,
2025-12-22T11:43:32.111Z,1.634,1,600,480x270,1.926084000000003,1254,
2025-12-22T11:43:32.413Z,1.847,1,600,480x270,1.9336649999999906,1249,
2025-12-22T11:43:32.808Z,1.999,1,600,480x270,1.940246000000002,1249,
2025-12-22T11:43:32.875Z,1.986,2,1000,640x360,1.9712340000000097,1245,
2025-12-22T11:43:33.311Z,1.965,2,1000,640x360,1.927203999999989,1245,
2025-12-22T11:43:33.828Z,1.941,2,1000,640x360,1.9331459999999936,1261,
2025-12-22T11:43:34.437Z,1.846,2,1000,640x360,2.002207999999996,1218,
2025-12-22T11:43:35.122Z,1.66,2,1000,640x360,1.9120309999999847,1203,
2025-12-22T11:43:35.709Z,1.578,2,1000,640x360,1.941917999999987,1154,
2025-12-22T11:43:36.593Z,1.225,2,1000,640x360,1.967158999999981,1097,
2025-12-22T11:43:37.248Z,1.035,2,1000,640x360,1.9897899999999993,1091,
2025-12-22T11:43:37.971Z,0.809,2,1000,640x360,1.9633990000000097,1044,
2025-12-22T11:43:38.054Z,0.809,1,600,480x270,1.9890629999999874,998,
2025-12-22T11:43:38.523Z,0.757,1,600,480x270,1.923263999999989,998,
2025-12-22T11:43:38.923Z,0.859,1,600,480x270,1.9182680000000119,994,
2025-12-22T11:43:39.308Z,0.954,1,600,480x270,1.9251299999999958,965,
2025-12-22T11:43:39.748Z,1.054,1,600,480x270,2.00655900000001,973,
2025-12-22T11:43:40.169Z,1.097,1,600,480x270,1.9695540000000165,960,
2025-12-22T11:43:40.519Z,1.222,1,600,480x270,1.9192910000000154,930,
2025-12-22T11:43:40.949Z,1.347,1,600,480x270,1.9941609999999912,930,
2025-12-22T11:43:41.275Z,1.501,1,600,480x270,1.9619419999999934,948,
2025-12-22T11:43:41.552Z,1.715,1,600,480x270,1.9986570000000086,1039,
2025-12-22T11:43:41.954Z,1.808,1,600,480x270,1.986879999999985,1039,
2025-12-22T11:43:42.030Z,1.827,2,1000,640x360,1.9104829999999708,1072,
2025-12-22T11:43:42.680Z,1.619,2,1000,640x360,1.9682659999999714,1072,
2025-12-22T11:43:43.335Z,1.441,2,1000,640x360,1.9994560000000092,1134,
2025-12-22T11:43:44.007Z,1.27,2,1000,640x360,1.9445129999999722,1154,
2025-12-22T11:43:44.571Z,1.222,2,1000,640x360,1.985511000000031,1160,
2025-12-22T11:43:45.129Z,1.124,2,1000,640x360,1.9091569999999933,1155,
2025-12-22T11:43:45.692Z,1.091,2,1000,640x360,1.95178999999996,1153,
2025-12-22T11:43:46.053Z,1.223,2,1000,640x360,1.9908489999999688,1132,
2025-12-22T11:43:46.420Z,1.34,2,1000,640x360,1.9206819999999993,1132,
2025-12-22T11:43:47.405Z,0.889,2,1000,640x360,1.929788999999971,1177,
2025-12-22T11:43:47.496Z,0.872,1,600,480x270,1.9422099999999887,1208,
2025-12-22T11:43:47.904Z,0.859,1,600,480x270,1.938726000000031,1208,
2025-12-22T11:43:48.243Z,1.018,1,600,480x270,2.0002959999999916,1202,
2025-12-22T11:43:48.567Z,1.211,1,600,480x270,1.9860180000000014,1209,
2025-12-22T11:43:48.885Z,1.394,1,600,480x270,1.9565109999999777,1209,
2025-12-22T11:43:49.231Z,1.532,1,600,480x270,1.9099760000000288,1205,
2025-12-22T11:43:49.569Z,1.701,1,600,480x270,1.9851090000000227,1209,
2025-12-22T11:43:49.907Z,1.858,1,600,480x270,1.935412000000042,1202,
2025-12-22T11:43:50.224Z,2.037,1,600,480x270,1.9140789999999583,1202,
2025-12-22T11:43:50.630Z,2.134,1,600,480x270,1.9210620000000063,1213,
2025-12-22T11:43:50.887Z,2.089,2,1000,640x360,1.9676149999999666,1202,
2025-12-22T11:43:51.309Z,1.967,2,1000,640x360,1.9392880000000332,1202,
2025-12-22T11:43:51.645Z,2.118,2,1000,640x360,1.9950739999999882,1189,
2025-12-22T11:43:52.409Z,1.862,2,1000,640x360,1.9274300000000153,1207,
2025-12-22T11:43:53.197Z,1.583,2,1000,640x360,1.9475120000000175,1218,
2025-12-22T11:43:53.711Z,1.555,2,1000,640x360,1.9427809999999681,1218,
2025-12-22T11:43:54.466Z,1.278,2,1000,640x360,1.9691630000000373,1202,
2025-12-22T11:43:54.891Z,1.405,2,1000,640x360,1.9600639999999885,1193,
2025-12-22T11:43:55.355Z,1.418,2,1000,640x360,1.9835299999999734,1212,
2025-12-22T11:43:55.900Z,1.381,2,1000,640x360,1.9357779999999707,1215,
2025-12-22T11:43:56.394Z,1.386,2,1000,640x360,1.9412410000000477,1217,
2025-12-22T11:43:56.874Z,1.407,2,1000,640x360,1.9601120000000378,1218,
2025-12-22T11:43:57.288Z,1.482,2,1000,640x360,1.954213999999979,1224,
2025-12-22T11:43:57.746Z,1.546,2,1000,640x360,2.008628999999985,1228,
2025-12-22T11:43:58.232Z,1.541,2,1000,640x360,1.90870799999999,1217,
2025-12-22T11:43:58.787Z,1.501,2,1000,640x360,1.9733829999999557,1220,
2025-12-22T11:43:59.326Z,1.456,2,1000,640x360,1.9252460000000156,1231,
2025-12-22T11:43:59.834Z,1.437,2,1000,640x360,2.0009529999999813,1268,
2025-12-22T11:44:00.471Z,1.31,2,1000,640x360,1.9623899999999708,1258,
2025-12-22T11:44:01.042Z,1.257,2,1000,640x360,1.998328000000015,1249,
2025-12-22T11:44:01.783Z,1.023,2,1000,640x360,1.9630389999999807,1253,
2025-12-22T11:44:02.499Z,0.814,2,1000,640x360,1.945604000000003,1236,
2025-12-22T11:44:02.578Z,0.783,1,600,480x270,1.9667529999999829,1181,
2025-12-22T11:44:03.026Z,0.74,1,600,480x270,1.9204629999999838,1181,
2025-12-22T11:44:03.465Z,0.795,1,600,480x270,1.9751860000000079,1172,
2025-12-22T11:44:03.902Z,0.883,1,600,480x270,1.9625039999999672,1137,
2025-12-22T11:44:04.333Z,0.973,1,600,480x270,1.9105969999999957,1106,
2025-12-22T11:44:04.790Z,0.979,1,600,480x270,1.9536299999999756,1087,
2025-12-22T11:44:05.232Z,1.049,1,600,480x270,1.9054629999999975,1097,
2025-12-22T11:44:05.749Z,1.037,1,600,480x270,2.000534000000016,1077,
2025-12-22T11:44:06.221Z,1.06,1,600,480x270,1.913915999999972,1057,
2025-12-22T11:44:06.289Z,1.002,2,1000,640x360,1.9573750000000132,1053,
2025-12-22T11:44:06.817Z,0.955,2,1000,640x360,1.9302729999999997,1053,
2025-12-22T11:44:07.301Z,0.991,2,1000,640x360,1.935557000000017,1015,
2025-12-22T11:44:07.837Z,0.945,2,1000,640x360,2.02104300000002,1028,
2025-12-22T11:44:08.535Z,0.751,2,1000,640x360,2.004133999999965,1011,
2025-12-22T11:44:09.231Z,0.543,2,1000,640x360,1.9082989999999995,993,
2025-12-22T11:44:09.521Z,0.298,2,1000,640x360,1.9190810000000056,1007,rebuffer happen
2025-12-22T11:44:09.880Z,0.41,2,1000,640x360,1.9633610000000203,1007,
2025-12-22T11:44:09.959Z,0.407,1,600,480x270,1.9943969999999922,986,
2025-12-22T11:44:10.097Z,0.187,1,600,480x270,1.9497589999999718,986,rebuffer happen
2025-12-22T11:44:10.313Z,0.462,1,600,480x270,1.9340520000000083,986,
2025-12-22T11:44:10.721Z,0.567,1,600,480x270,1.9266739999999913,1003,
2025-12-22T11:44:11.061Z,0.735,1,600,480x270,1.9910709999999767,1030,
2025-12-22T11:44:11.414Z,0.855,1,600,480x270,1.9285840000000007,1030,
2025-12-22T11:44:11.800Z,0.972,1,600,480x270,1.9667529999999829,1016,
2025-12-22T11:44:12.028Z,1.262,1,600,480x270,1.921241000000009,1001,
2025-12-22T11:44:12.251Z,1.531,1,600,480x270,1.9898170000000164,1001,
2025-12-22T11:44:12.542Z,1.722,1,600,480x270,1.9943870000000175,1015,
2025-12-22T11:44:12.781Z,1.986,1,600,480x270,1.9618130000000065,1015,
2025-12-22T11:44:13.110Z,2.149,1,600,480x270,1.9338779999999929,1031,
2025-12-22T11:44:13.366Z,1.999,2,1000,640x360,1.9702760000000126,1048,
2025-12-22T11:44:13.889Z,1.887,2,1000,640x360,1.9540010000000052,1048,
2025-12-22T11:44:14.719Z,1.55,2,1000,640x360,1.9425840000000107,1045,
2025-12-22T11:44:15.232Z,1.509,2,1000,640x360,1.9115690000000427,1077,
2025-12-22T11:44:15.825Z,1.481,2,1000,640x360,1.9274980000000141,1116,
2025-12-22T11:44:16.364Z,1.397,2,1000,640x360,1.9724949999999808,1117,
2025-12-22T11:44:16.864Z,1.384,2,1000,640x360,1.9834820000000377,1124,
2025-12-22T11:44:17.373Z,1.397,2,1000,640x360,1.97584999999998,1134,
2025-12-22T11:44:17.869Z,1.429,2,1000,640x360,1.980216999999982,1147,
2025-12-22T11:44:18.327Z,1.435,2,1000,640x360,1.9196729999999889,1148,
2025-12-22T11:44:18.854Z,1.425,2,1000,640x360,1.993915999999956,1138,
2025-12-22T11:44:19.345Z,1.427,2,1000,640x360,1.9937630000000013,1154,
2025-12-22T11:44:19.861Z,1.448,2,1000,640x360,1.9884480000000053,1151,
2025-12-22T11:44:20.404Z,1.337,2,1000,640x360,1.9310899999999833,1171,
2025-12-22T11:44:20.960Z,1.313,2,1000,640x360,1.974439000000018,1173,
2025-12-22T11:44:21.480Z,1.313,2,1000,640x360,1.9685010000000034,1185,
2025-12-22T11:44:22.066Z,1.193,2,1000,640x360,1.9744570000000294,1191,
2025-12-22T11:44:22.559Z,1.221,2,1000,640x360,1.9938559999999939,1182,
2025-12-22T11:44:22.928Z,1.349,2,1000,640x360,1.9191749999999956,1189,
2025-12-22T11:44:23.505Z,1.275,2,1000,640x360,1.9420259999999985,1216,
2025-12-22T11:44:24.161Z,1.118,2,1000,640x360,1.981113999999991,1196,
2025-12-22T11:44:24.654Z,1.122,2,1000,640x360,1.9845040000000154,1205,
2025-12-22T11:44:25.093Z,1.18,2,1000,640x360,1.9450309999999718,1221,
2025-12-22T11:44:25.868Z,0.979,2,1000,640x360,1.9828519999999799,1224,
2025-12-22T11:44:25.938Z,0.915,1,600,480x270,1.9125349999999912,1213,
2025-12-22T11:44:26.208Z,1.063,1,600,480x270,1.9279229999999643,1213,
2025-12-22T11:44:26.543Z,1.237,1,600,480x270,2.0006139999999846,1206,
2025-12-22T11:44:26.882Z,1.375,1,600,480x270,1.9690449999999942,1206,
2025-12-22T11:44:27.286Z,1.487,1,600,480x270,1.951927000000012,1205,
2025-12-22T11:44:27.591Z,1.69,1,600,480x270,1.9607310000000098,1205,
2025-12-22T11:44:27.872Z,1.911,1,600,480x270,1.9711570000000052,1189,
2025-12-22T11:44:28.149Z,2.117,1,600,480x270,1.9925820000000272,1189,
2025-12-22T11:44:28.580Z,2.232,1,600,480x270,1.9573579999999993,1184,
2025-12-22T11:44:29.078Z,2.235,1,600,480x270,1.9589039999999613,1194,
2025-12-22T11:44:29.358Z,2.046,2,1000,640x360,1.9877599999999802,1184,
2025-12-22T11:44:30.287Z,1.462,2,1000,640x360,1.9498050000000262,1184,
2025-12-22T11:44:30.853Z,1.424,2,1000,640x360,1.9881849999999872,1179,
2025-12-22T11:44:31.420Z,1.329,2,1000,640x360,1.9190549999999575,1192,
2025-12-22T11:44:31.943Z,1.338,2,1000,640x360,2.0036349999999743,1192,
2025-12-22T11:44:32.467Z,1.32,2,1000,640x360,1.9738249999999766,1186,
2025-12-22T11:44:33.015Z,1.26,2,1000,640x360,1.9260439999999903,1187,
2025-12-22T11:44:33.579Z,1.213,2,1000,640x360,1.967486000000008,1194,
2025-12-22T11:44:34.152Z,1.148,2,1000,640x360,2.000364999999988,1186,
2025-12-22T11:44:34.709Z,1.064,2,1000,640x360,1.9306139999999914,1242,
2025-12-22T11:44:35.264Z,1.022,2,1000,640x360,1.9802999999999997,1215,
2025-12-22T11:44:35.833Z,0.95,2,1000,640x360,1.915362000000016,1217,
2025-12-22T11:44:35.919Z,0.928,1,600,480x270,1.9235010000000443,1218,
2025-12-22T11:44:36.205Z,1.073,1,600,480x270,1.9408540000000016,1218,
2025-12-22T11:44:36.517Z,1.237,1,600,480x270,1.9227440000000229,1207,
2025-12-22T11:44:36.863Z,1.411,1,600,480x270,1.9772110000000112,1207,
2025-12-22T11:44:37.231Z,1.543,1,600,480x270,1.9133879999999976,1212,
2025-12-22T11:44:37.604Z,1.644,1,600,480x270,1.9316860000000133,1188,
2025-12-22T11:44:37.955Z,1.805,1,600,480x270,1.9782999999999902,1196,
2025-12-22T11:44:38.275Z,1.986,1,600,480x270,1.9673669999999674,1196,
2025-12-22T11:44:38.678Z,2.1,1,600,480x270,1.9664769999999976,1216,
2025-12-22T11:44:39.167Z,2.096,1,600,480x270,1.9811089999999467,1202,
2025-12-22T11:44:39.316Z,2.114,2,1000,640x360,1.9176610000000096,1208,
2025-12-22T11:44:39.835Z,1.953,2,1000,640x360,2.0060479999999643,1208,
2025-12-22T11:44:40.370Z,1.902,2,1000,640x360,1.9663080000000264,1217,
2025-12-22T11:44:40.915Z,1.864,2,1000,640x360,1.9187290000000417,1209,
2025-12-22T11:44:41.439Z,1.835,2,1000,640x360,1.999572999999998,1214,
2025-12-22T11:44:42.138Z,1.737,2,1000,640x360,2.001570999999956,1133,
2025-12-22T11:44:42.663Z,1.611,2,1000,640x360,1.9736689999999726,1174,
2025-12-22T11:44:43.178Z,1.607,2,1000,640x360,1.9565999999999804,1194,
2025-12-22T11:44:43.729Z,1.533,2,1000,640x360,1.9260479999999802,1145,
2025-12-22T11:44:44.253Z,1.521,2,1000,640x360,1.9943680000000086,1256,
2025-12-22T11:44:44.655Z,1.633,2,1000,640x360,1.9964140000000157,1227,
2025-12-22T11:44:45.190Z,1.564,2,1000,640x360,1.9561150000000112,1241,
2025-12-22T11:44:45.727Z,1.567,2,1000,640x360,1.9141409999999723,1269,
2025-12-22T11:44:46.156Z,1.628,2,1000,640x360,1.981442999999956,1316,
2025-12-22T11:44:46.524Z,1.736,2,1000,640x360,1.9140150000000062,1307,
2025-12-22T11:44:47.144Z,1.626,2,1000,640x360,1.9938300000000027,1307,
2025-12-22T11:44:47.787Z,1.491,2,1000,640x360,1.9585420000000227,1325,
2025-12-22T11:44:48.385Z,1.403,2,1000,640x360,1.953485999999998,1319,
2025-12-22T11:44:48.898Z,1.374,2,1000,640x360,1.9423180000000002,1325,
2025-12-22T11:44:49.391Z,1.378,2,1000,640x360,1.9516999999999598,1316,
2025-12-22T11:44:49.735Z,1.536,2,1000,640x360,2.010169000000019,1316,
2025-12-22T11:44:50.494Z,1.273,2,1000,640x360,1.9507970000000228,1311,
2025-12-22T11:44:50.974Z,1.298,2,1000,640x360,1.969033999999965,1336,
2025-12-22T11:44:51.406Z,1.376,2,1000,640x360,1.9381029999999555,1333,
2025-12-22T11:44:51.971Z,1.315,2,1000,640x360,1.969633999999985,1322,
2025-12-22T11:44:52.547Z,1.246,2,1000,640x360,1.9900349999999776,1338,
2025-12-22T11:44:53.115Z,1.192,2,1000,640x360,1.9321969999999737,1321,
2025-12-22T11:44:53.894Z,0.901,2,1000,640x360,1.9498990000000163,1325,
2025-12-22T11:44:53.971Z,0.828,1,600,480x270,1.9793900000000235,1236,
2025-12-22T11:44:54.488Z,0.779,1,600,480x270,1.9572280000000433,1236,
2025-12-22T11:44:54.991Z,0.775,1,600,480x270,1.9620799999999576,1165,
2025-12-22T11:44:55.527Z,0.731,1,600,480x270,1.9303529999999682,1124,
2025-12-22T11:44:56.035Z,0.754,1,600,480x270,2.0030869999999936,1110,
2025-12-22T11:44:56.511Z,0.775,1,600,480x270,1.9259829999999738,1059,
2025-12-22T11:44:56.989Z,0.799,1,600,480x270,1.9624450000000024,1068,
2025-12-22T11:44:57.565Z,0.708,1,600,480x270,1.9893559999999866,993,
2025-12-22T11:44:58.092Z,0.68,1,600,480x270,1.9477039999999874,958,
2025-12-22T11:44:58.649Z,0.652,1,600,480x270,2.0107980000000225,931,
2025-12-22T11:44:59.005Z,0.786,1,600,480x270,1.9496520000000146,939,
2025-12-22T11:44:59.327Z,0.952,1,600,480x270,1.9277609999999754,939,
2025-12-22T11:44:59.638Z,1.124,1,600,480x270,1.999904000000015,982,
2025-12-22T11:45:00.007Z,1.254,1,600,480x270,1.9341890000000035,952,
2025-12-22T11:45:00.376Z,1.35,1,600,480x270,1.9590140000000247,952,
2025-12-22T11:45:00.744Z,1.525,1,600,480x270,2.007961000000023,1018,
2025-12-22T11:45:01.186Z,1.603,1,600,480x270,1.9549480000000017,997,
2025-12-22T11:45:01.514Z,1.76,1,600,480x270,1.9247780000000034,1016,
2025-12-22T11:45:01.589Z,1.77,2,1000,640x360,1.9684019999999691,1016,
2025-12-22T11:45:02.145Z,1.635,2,1000,640x360,2.004944999999964,1016,
2025-12-22T11:45:02.725Z,1.575,2,1000,640x360,1.9315950000000157,1021,
2025-12-22T11:45:03.289Z,1.492,2,1000,640x360,1.9515719999999988,1009,
2025-12-22T11:45:03.869Z,1.42,2,1000,640x360,1.9743980000000079,1021,
2025-12-22T11:45:04.456Z,1.318,2,1000,640x360,1.977563000000032,1053,
2025-12-22T11:45:04.882Z,1.384,2,1000,640x360,1.965515000000039,1063,
2025-12-22T11:45:05.450Z,1.323,2,1000,640x360,1.9874619999999936,1077,
2025-12-22T11:45:05.912Z,1.367,2,1000,640x360,1.939204000000018,1095,
2025-12-22T11:45:06.343Z,1.438,2,1000,640x360,2.0008829999999875,1106,
2025-12-22T11:45:07.051Z,1.266,2,1000,640x360,1.9990609999999833,1137,
2025-12-22T11:45:07.642Z,1.139,2,1000,640x360,1.9924290000000155,1141,
2025-12-22T11:45:08.127Z,1.157,2,1000,640x360,1.9157140000000368,1172,
2025-12-22T11:45:08.740Z,1.049,2,1000,640x360,2.005055000000027,1187,
2025-12-22T11:45:09.254Z,1.018,2,1000,640x360,1.9882690000000025,1202,
2025-12-22T11:45:09.777Z,1.004,2,1000,640x360,1.9757690000000139,1223,
2025-12-22T11:45:10.322Z,0.958,2,1000,640x360,1.922645999999986,1248,
2025-12-22T11:45:10.393Z,0.959,1,600,480x270,1.9436370000000238,1250,
2025-12-22T11:45:10.674Z,1.105,1,600,480x270,1.9888760000000048,1250,
2025-12-22T11:45:10.979Z,1.302,1,600,480x270,1.966113000000007,1256,
2025-12-22T11:45:11.274Z,1.48,1,600,480x270,1.9698230000000194,1256,
2025-12-22T11:45:11.591Z,1.65,1,600,480x270,1.95641999999998,1252,
2025-12-22T11:45:11.925Z,1.839,1,600,480x270,1.9162919999999986,1249,
2025-12-22T11:45:12.312Z,1.951,1,600,480x270,1.921309000000008,1249,
2025-12-22T11:45:12.723Z,2.043,1,600,480x270,1.9185520000000338,1240,
2025-12-22T11:45:13.239Z,2.042,1,600,480x270,1.9957110000000284,1240,
2025-12-22T11:45:13.722Z,2.051,1,600,480x270,1.9253480000000422,1239,
2025-12-22T11:45:13.791Z,2.068,2,1000,640x360,1.964874000000009,1230,
2025-12-22T11:45:14.518Z,1.776,2,1000,640x360,1.9208459999999832,1230,
2025-12-22T11:45:15.209Z,1.57,2,1000,640x360,1.9311759999999936,1203,
2025-12-22T11:45:15.897Z,1.397,2,1000,640x360,1.9426290000000108,1204,
2025-12-22T11:45:16.659Z,1.123,2,1000,640x360,1.9789519999999925,1155,
2025-12-22T11:45:17.278Z,1.017,2,1000,640x360,1.962210999999968,1212,
2025-12-22T11:45:17.906Z,0.894,2,1000,640x360,1.9365010000000211,1178,
2025-12-22T11:45:17.974Z,0.879,1,600,480x270,1.9652740000000222,1260,
2025-12-22T11:45:18.313Z,0.972,1,600,480x270,1.9287730000000352,1260,
2025-12-22T11:45:18.643Z,1.132,1,600,480x270,2.006947000000025,1224,
2025-12-22T11:45:18.981Z,1.3,1,600,480x270,1.9773040000000037,1271,
2025-12-22T11:45:19.311Z,1.475,1,600,480x270,1.9364689999999882,1271,
2025-12-22T11:45:19.638Z,1.624,1,600,480x270,1.999625999999978,1258,
2025-12-22T11:45:19.970Z,1.791,1,600,480x270,1.9657720000000154,1261,
2025-12-22T11:45:20.293Z,1.968,1,600,480x270,1.9413490000000024,1261,
2025-12-22T11:45:20.667Z,2.106,1,600,480x270,1.9712610000000268,1266,
2025-12-22T11:45:21.110Z,2.162,1,600,480x270,1.9246429999999464,1272,
2025-12-22T11:45:21.386Z,1.965,2,1000,640x360,1.9472670000000107,1262,
2025-12-22T11:45:21.890Z,1.886,2,1000,640x360,1.9549269999999979,1262,
2025-12-22T11:45:22.476Z,1.805,2,1000,640x360,1.9649229999999989,1233,
2025-12-22T11:45:22.999Z,1.785,2,1000,640x360,1.954813999999999,1161,
2025-12-22T11:45:23.470Z,1.797,2,1000,640x360,1.9679810000000089,1217,
2025-12-22T11:45:23.987Z,1.808,2,1000,640x360,1.9653909999999541,1177,
2025-12-22T11:45:24.473Z,1.791,2,1000,640x360,1.9731429999999932,1195,
2025-12-22T11:45:25.209Z,1.587,2,1000,640x360,1.9272730000000138,1202,
2025-12-22T11:45:25.732Z,1.557,2,1000,640x360,1.9073609999999803,1229,
2025-12-22T11:45:26.186Z,1.596,2,1000,640x360,1.9562020000000189,1234,
2025-12-22T11:45:26.662Z,1.633,2,1000,640x360,1.9892770000000155,1240,
2025-12-22T11:45:27.230Z,1.554,2,1000,640x360,1.9126870000000054,1236,
2025-12-22T11:45:27.800Z,1.475,2,1000,640x360,1.9589770000000044,1246,
2025-12-22T11:45:28.337Z,1.439,2,1000,640x360,2.0015530000000012,1239,
2025-12-22T11:45:28.876Z,1.374,2,1000,640x360,1.9687000000000126,1255,
2025-12-22T11:45:29.398Z,1.385,2,1000,640x360,1.9388810000000376,1249,
2025-12-22T11:45:29.926Z,1.361,2,1000,640x360,1.9189200000000142,1246,
2025-12-22T11:45:30.465Z,1.331,2,1000,640x360,1.975798999999995,1230,
2025-12-22T11:45:30.989Z,1.299,2,1000,640x360,1.9621460000000184,1189,
2025-12-22T11:45:31.494Z,1.314,2,1000,640x360,1.9463960000000498,1162,
2025-12-22T11:45:32.171Z,1.122,2,1000,640x360,1.9689450000000193,1214,
2025-12-22T11:45:32.974Z,0.775,2,1000,640x360,1.9612410000000295,1141,
2025-12-22T11:45:33.046Z,0.807,1,600,480x270,1.9887709999999856,1049,
2025-12-22T11:45:33.533Z,0.738,1,600,480x270,1.9061489999999708,1049,
2025-12-22T11:45:34.029Z,0.706,1,600,480x270,1.9058180000000107,1006,
2025-12-22T11:45:34.603Z,0.683,1,600,480x270,1.9485109999999963,943,
2025-12-22T11:45:35.178Z,0.591,1,600,480x270,1.9650490000000218,898,
2025-12-22T11:45:35.822Z,0.475,1,600,480x270,1.9230699999999956,848,
2025-12-22T11:45:36.084Z,0.202,1,600,480x270,1.959448000000009,850,rebuffer happen
2025-12-22T11:45:36.162Z,0.29,1,600,480x270,1.9827350000000479,850,rebuffer happen
2025-12-22T11:45:36.376Z,0.412,1,600,480x270,1.9593830000000025,850,
2025-12-22T11:45:36.457Z,0.334,0,200,320x180,1.9871169999999552,821,
2025-12-22T11:45:36.536Z,0.285,0,200,320x180,2.0068149999999605,821,rebuffer happen
2025-12-22T11:45:36.633Z,0.582,0,200,320x180,1.9195169999999848,821,
2025-12-22T11:45:36.831Z,0.922,0,200,320x180,1.9325119999999743,830,
2025-12-22T11:45:37.020Z,1.228,0,200,320x180,1.9373019999999883,830,
2025-12-22T11:45:37.208Z,1.534,0,200,320x180,1.9485910000000217,830,
2025-12-22T11:45:37.396Z,1.843,0,200,320x180,1.9423260000000369,863,
2025-12-22T11:45:37.585Z,2.182,0,200,320x180,1.9536860000000047,863,
2025-12-22T11:45:38.021Z,2.258,0,200,320x180,1.9269459999999867,851,
2025-12-22T11:45:38.570Z,2.195,0,200,320x180,1.9804209999999784,860,
2025-12-22T11:45:39.041Z,2.243,0,200,320x180,1.9971090000000231,862,
2025-12-22T11:45:39.541Z,2.272,0,200,320x180,2.0074259999999526,878,
2025-12-22T11:45:39.852Z,2.087,1,600,480x270,1.9973099999999704,881,
2025-12-22T11:45:40.275Z,1.991,1,600,480x270,1.970739999999978,881,
2025-12-22T11:45:40.763Z,1.986,1,600,480x270,1.9960889999999836,848,
2025-12-22T11:45:41.238Z,2.048,1,600,480x270,2.006350999999995,883,
2025-12-22T11:45:41.687Z,2.077,1,600,480x270,1.954227000000003,843,
2025-12-22T11:45:42.234Z,2.027,1,600,480x270,1.999635000000012,883,
2025-12-22T11:45:42.641Z,2.127,1,600,480x270,2.000011000000029,872,
2025-12-22T11:45:43.143Z,2.088,1,600,480x270,2.0011820000000284,897,
2025-12-22T11:45:43.661Z,2.115,1,600,480x270,1.993161999999984,915,
2025-12-22T11:45:44.161Z,2.073,1,600,480x270,1.98270100000002,932,
2025-12-22T11:45:44.889Z,1.886,1,600,480x270,1.9665910000000508,940,
2025-12-22T11:45:45.313Z,1.927,1,600,480x270,1.925610000000006,959,
2025-12-22T11:45:45.714Z,2.017,1,600,480x270,1.923054000000036,957,
2025-12-22T11:45:46.213Z,2.087,1,600,480x270,1.9307059999999865,1017,
2025-12-22T11:45:46.647Z,2.117,1,600,480x270,1.9906149999999911,1016,
2025-12-22T11:45:46.720Z,2.136,2,1000,640x360,1.917270999999971,1041,
2025-12-22T11:45:47.458Z,1.83,2,1000,640x360,1.9865539999999555,1041,
2025-12-22T11:45:48.101Z,1.678,2,1000,640x360,1.9405050000000301,1057,
2025-12-22T11:45:48.585Z,1.71,2,1000,640x360,1.964256999999975,1066,
2025-12-22T11:45:49.192Z,1.58,2,1000,640x360,1.9471469999999726,1076,
2025-12-22T11:45:49.732Z,1.552,2,1000,640x360,1.9264340000000288,1126,
2025-12-22T11:45:50.327Z,1.459,2,1000,640x360,1.924472000000037,1116,
2025-12-22T11:45:50.945Z,1.318,2,1000,640x360,1.992272000000014,1096,
2025-12-22T11:45:51.621Z,1.193,2,1000,640x360,1.9249700000000303,1095,
2025-12-22T11:45:52.110Z,1.148,2,1000,640x360,1.926277999999968,1138,
2025-12-22T11:45:52.608Z,1.175,2,1000,640x360,1.9467840000000365,1158,
2025-12-22T11:45:53.079Z,1.167,2,1000,640x360,1.9701949999999897,1139,
2025-12-22T11:45:53.589Z,1.175,2,1000,640x360,1.9536390000000097,1144,
2025-12-22T11:45:54.163Z,1.077,2,1000,640x360,1.9742149999999583,1143,
2025-12-22T11:45:54.698Z,1.075,2,1000,640x360,1.944500000000005,1131,
2025-12-22T11:45:55.322Z,0.951,2,1000,640x360,1.9109670000000278,1123,
2025-12-22T11:45:55.399Z,0.957,1,600,480x270,1.940636999999981,1136,
2025-12-22T11:45:55.825Z,0.962,1,600,480x270,1.9157470000000103,1136,
2025-12-22T11:45:56.225Z,1.037,1,600,480x270,1.9110579999999686,1138,
2025-12-22T11:45:56.627Z,1.148,1,600,480x270,1.920929000000001,1148,
2025-12-22T11:45:56.951Z,1.319,1,600,480x270,1.9947109999999952,1153,
2025-12-22T11:45:57.331Z,1.432,1,600,480x270,1.9115030000000388,1153,
2025-12-22T11:45:57.655Z,1.606,1,600,480x270,1.9874570000000062,1186,
2025-12-22T11:45:58.006Z,1.745,1,600,480x270,1.9370190000000207,1171,
2025-12-22T11:45:58.324Z,1.936,1,600,480x270,1.909524000000033,1171,
2025-12-22T11:45:58.723Z,2.047,1,600,480x270,1.9201679999999897,1190,
2025-12-22T11:45:58.788Z,2.042,2,1000,640x360,1.9634519999999611,1183,
2025-12-22T11:45:59.371Z,1.914,2,1000,640x360,1.9630619999999794,1183,
2025-12-22T11:45:59.992Z,1.76,2,1000,640x360,1.9577400000000011,1193,
2025-12-22T11:46:00.611Z,1.664,2,1000,640x360,1.9370360000000346,1168,
2025-12-22T11:46:01.083Z,1.704,2,1000,640x360,1.967074000000025,1180,
2025-12-22T11:46:01.565Z,1.738,2,1000,640x360,1.9852430000000254,1183,
2025-12-22T11:46:02.345Z,1.531,2,1000,640x360,2.002582000000018,1183,
2025-12-22T11:46:02.822Z,1.409,2,1000,640x360,1.9146309999999858,1212,
2025-12-22T11:46:03.400Z,1.41,2,1000,640x360,1.9344920000000343,1208,
2025-12-22T11:46:03.956Z,1.296,2,1000,640x360,1.9841010000000097,1227,
2025-12-22T11:46:04.499Z,1.274,2,1000,640x360,1.9501050000000077,1226,
2025-12-22T11:46:04.705Z,1.529,2,1000,640x360,1.9514019999999732,1226,
2025-12-22T11:46:05.035Z,1.745,2,1000,640x360,2.004004000000009,1228,
2025-12-22T11:46:05.529Z,1.746,2,1000,640x360,1.9094759999999837,1228,
2025-12-22T11:46:06.137Z,1.646,2,1000,640x360,2.006271999999967,1190,
2025-12-22T11:46:06.687Z,1.596,2,1000,640x360,1.9520739999999819,1169,
2025-12-22T11:46:07.284Z,1.506,2,1000,640x360,1.9499399999999696,1115,
2025-12-22T11:46:07.879Z,1.412,2,1000,640x360,1.9619460000000117,1160,
2025-12-22T11:46:08.464Z,1.336,2,1000,640x360,1.9695709999999735,1178,
2025-12-22T11:46:09.658Z,0.632,2,1000,640x360,2.0026060000000143,1180,
2025-12-22T11:46:09.734Z,0.636,1,600,480x270,1.9251520000000255,1176,
2025-12-22T11:46:10.197Z,0.582,1,600,480x270,1.949060999999972,1176,
2025-12-22T11:46:10.489Z,0.772,1,600,480x270,1.946930000000009,1158,
2025-12-22T11:46:10.723Z,1.039,1,600,480x270,1.9165560000000141,1158,
2025-12-22T11:46:10.971Z,1.285,1,600,480x270,1.973875000000021,1121,
2025-12-22T11:46:11.254Z,1.522,1,600,480x270,1.979861000000028,1121,
2025-12-22T11:46:11.597Z,1.662,1,600,480x270,1.941978000000006,1150,
2025-12-22T11:46:11.956Z,1.805,1,600,480x270,1.9794990000000325,1110,
2025-12-22T11:46:12.275Z,1.984,1,600,480x270,1.971298000000047,1110,
2025-12-22T11:46:12.567Z,2.202,1,600,480x270,1.9844919999999888,1180,
2025-12-22T11:46:13.209Z,2.061,1,600,480x270,1.9338169999999764,1181,
2025-12-22T11:46:13.283Z,2.073,2,1000,640x360,1.9525229999999851,1184,
2025-12-22T11:46:14.039Z,1.751,2,1000,640x360,2.005499000000043,1184,
2025-12-22T11:46:14.693Z,1.589,2,1000,640x360,1.9627150000000029,1184,
2025-12-22T11:46:15.288Z,1.524,2,1000,640x360,1.961761000000024,1163,
2025-12-22T11:46:15.860Z,1.412,2,1000,640x360,1.9774509999999736,1174,
2025-12-22T11:46:16.376Z,1.406,2,1000,640x360,1.9619659999999612,1189,
2025-12-22T11:46:16.869Z,1.416,2,1000,640x360,1.9692039999999906,1193,
2025-12-22T11:46:17.396Z,1.363,2,1000,640x360,1.9403730000000223,1200,
2025-12-22T11:46:17.897Z,1.383,2,1000,640x360,1.9551999999999907,1206,
2025-12-22T11:46:18.341Z,1.432,2,1000,640x360,1.99758700000001,1210,
2025-12-22T11:46:18.673Z,1.606,2,1000,640x360,1.9823260000000005,1203,
2025-12-22T11:46:19.071Z,1.733,2,1000,640x360,1.973243000000025,1243,
2025-12-22T11:46:19.622Z,1.69,2,1000,640x360,1.9150750000000016,1264,
2025-12-22T11:46:20.467Z,1.311,2,1000,640x360,1.9675179999999841,1235,
2025-12-22T11:46:21.513Z,0.779,2,1000,640x360,1.9282019999999989,1220,
2025-12-22T11:46:21.579Z,0.771,1,600,480x270,1.9691559999999981,1170,
2025-12-22T11:46:22.004Z,0.779,1,600,480x270,1.9418850000000134,1170,
2025-12-22T11:46:22.369Z,0.91,1,600,480x270,1.9701670000000036,1138,
2025-12-22T11:46:22.836Z,0.956,1,600,480x270,2.0136779999999703,1161,
2025-12-22T11:46:23.254Z,1.043,1,600,480x270,1.9874609999999961,1147,
2025-12-22T11:46:23.643Z,1.102,1,600,480x270,2.008686999999952,1145,
2025-12-22T11:46:24.034Z,1.243,1,600,480x270,2.0140739999999937,1135,
2025-12-22T11:46:24.418Z,1.349,1,600,480x270,1.9256799999999998,1135,
2025-12-22T11:46:24.792Z,1.481,1,600,480x270,1.9489219999999818,1123,
2025-12-22T11:46:25.163Z,1.616,1,600,480x270,1.9839450000000056,1102,
2025-12-22T11:46:25.236Z,1.618,2,1000,640x360,1.9111280000000193,1056,
2025-12-22T11:46:26.018Z,1.267,2,1000,640x360,1.9266889999999535,1056,
2025-12-22T11:46:26.774Z,1.046,2,1000,640x360,1.9729179999999928,1044,
2025-12-22T11:46:27.577Z,0.725,2,1000,640x360,1.977628999999979,1025,
2025-12-22T11:46:28.337Z,0.448,2,1000,640x360,2.005085000000008,1018,
2025-12-22T11:46:28.493Z,0.292,2,1000,640x360,1.9554180000000088,1019,rebuffer happen
2025-12-22T11:46:28.899Z,0.284,2,1000,640x360,1.9411570000000324,1019,rebuffer happen
2025-12-22T11:46:29.011Z,0.269,2,1000,640x360,1.9365020000000186,1019,
2025-12-22T11:46:29.082Z,0.259,1,600,480x270,1.959668000000022,1032,
2025-12-22T11:46:29.459Z,0.321,1,600,480x270,1.9855130000000258,1032,
2025-12-22T11:46:29.554Z,0.238,1,600,480x270,1.9941140000000246,1036,rebuffer happen
2025-12-22T11:46:29.846Z,0.443,1,600,480x270,2.000088000000005,1036,
2025-12-22T11:46:30.253Z,0.52,1,600,480x270,1.9940000000000282,1026,
2025-12-22T11:46:30.766Z,0.566,1,600,480x270,1.9877870000000257,1017,
2025-12-22T11:46:31.187Z,0.601,1,600,480x270,1.9689920000000143,998,
2025-12-22T11:46:31.547Z,0.745,1,600,480x270,2.005745000000047,979,
2025-12-22T11:46:31.925Z,0.857,1,600,480x270,1.9420259999999985,979,
2025-12-22T11:46:32.361Z,0.938,1,600,480x270,1.9909269999999992,1037,
2025-12-22T11:46:32.715Z,1.066,1,600,480x270,1.9327649999999608,1110,
2025-12-22T11:46:32.793Z,1.049,2,1000,640x360,1.945666000000017,1076,
2025-12-22T11:46:33.363Z,0.926,2,1000,640x360,1.9749229999999898,1076,
2025-12-22T11:46:34.003Z,0.77,2,1000,640x360,1.9350149999999644,1079,
2025-12-22T11:46:34.641Z,0.665,2,1000,640x360,2.0066039999999816,1168,
2025-12-22T11:46:35.238Z,0.556,2,1000,640x360,2.0026449999999727,1147,
2025-12-22T11:46:35.648Z,0.627,2,1000,640x360,2.004908999999998,1191,
2025-12-22T11:46:36.046Z,0.756,2,1000,640x360,2.010195999999951,1160,
2025-12-22T11:46:36.566Z,0.731,2,1000,640x360,1.979851999999994,1160,
2025-12-22T11:46:36.640Z,0.725,1,600,480x270,1.9053480000000036,1155,
2025-12-22T11:46:37.097Z,0.684,1,600,480x270,1.9463510000000497,1155,
2025-12-22T11:46:37.835Z,0.444,1,600,480x270,2.002950999999996,1149,
2025-12-22T11:46:38.015Z,0.268,1,600,480x270,1.9251740000000268,1110,rebuffer happen
2025-12-22T11:46:38.387Z,0.406,1,600,480x270,1.9563589999999635,1110,
2025-12-22T11:46:38.680Z,0.609,1,600,480x270,1.96746399999995,1116,
2025-12-22T11:46:38.965Z,0.828,1,600,480x270,1.9900330000000395,1155,
2025-12-22T11:46:39.258Z,1.018,1,600,480x270,1.9885830000000055,1155,
2025-12-22T11:46:39.583Z,1.197,1,600,480x270,1.9703140000000303,1196,
2025-12-22T11:46:39.815Z,1.458,1,600,480x270,1.943050000000028,1173,
2025-12-22T11:46:40.203Z,1.57,1,600,480x270,1.9368470000000002,1173,
2025-12-22T11:46:40.273Z,1.582,2,1000,640x360,1.9646920000000136,1224,
2025-12-22T11:46:41.228Z,1.086,2,1000,640x360,1.909516999999994,1224,
2025-12-22T11:46:41.912Z,0.891,2,1000,640x360,1.9237299999999777,1215,
2025-12-22T11:46:42.479Z,0.821,2,1000,640x360,1.9616019999999708,1218,
2025-12-22T11:46:43.129Z,0.657,2,1000,640x360,1.9123670000000175,1218,
2025-12-22T11:46:43.646Z,0.63,2,1000,640x360,2.0045860000000175,1217,
2025-12-22T11:46:43.716Z,0.65,1,600,480x270,1.9332660000000033,1194,
2025-12-22T11:46:44.048Z,0.721,1,600,480x270,1.9945409999999697,1194,
2025-12-22T11:46:44.378Z,0.899,1,600,480x270,1.9697309999999675,1194,
2025-12-22T11:46:44.629Z,1.138,1,600,480x270,1.9145430000000374,1205,
2025-12-22T11:46:44.848Z,1.397,1,600,480x270,2.002331999999967,1199,
2025-12-22T11:46:45.187Z,1.701,1,600,480x270,1.9533720000000017,1199,
2025-12-22T11:46:45.733Z,1.557,1,600,480x270,1.9042709999999943,1183,
2025-12-22T11:46:46.242Z,1.534,1,600,480x270,2.0002870000000144,1139,
2025-12-22T11:46:46.567Z,1.704,1,600,480x270,1.9819889999999987,1150,
2025-12-22T11:46:46.879Z,1.901,1,600,480x270,1.9628760000000511,1150,
2025-12-22T11:46:47.229Z,2.047,1,600,480x270,1.9067529999999806,1112,
2025-12-22T11:46:47.300Z,2.052,2,1000,640x360,1.9423059999999737,1104,
2025-12-22T11:46:47.855Z,1.906,2,1000,640x360,1.9860109999999622,1104,
2025-12-22T11:46:48.367Z,1.895,2,1000,640x360,1.9725669999999695,1135,
2025-12-22T11:46:48.873Z,1.911,2,1000,640x360,1.9741300000000024,1160,
2025-12-22T11:46:49.443Z,1.844,2,1000,640x360,1.9888029999999617,1176,
2025-12-22T11:46:50.041Z,1.75,2,1000,640x360,2.0109840000000077,1155,
2025-12-22T11:46:50.723Z,1.546,2,1000,640x360,1.9311869999999658,1183,
2025-12-22T11:46:51.266Z,1.551,2,1000,640x360,1.9733300000000327,1174,
2025-12-22T11:46:51.987Z,1.36,2,1000,640x360,1.9552110000000198,1140,
2025-12-22T11:46:53.303Z,0.45,2,1000,640x360,1.9324700000000234,1083,
2025-12-22T11:46:53.372Z,0.477,1,600,480x270,1.971764999999948,1080,
2025-12-22T11:46:53.651Z,0.247,1,600,480x270,2.010187999999971,1080,rebuffer happen
2025-12-22T11:46:53.852Z,0.429,1,600,480x270,2.001365000000021,1080,
2025-12-22T11:46:54.237Z,0.553,1,600,480x270,2.0121800000000007,1042,
2025-12-22T11:46:54.543Z,0.743,1,600,480x270,2.013571000000013,1156,
2025-12-22T11:46:55.030Z,0.771,1,600,480x270,1.9203269999999861,1156,
2025-12-22T11:46:55.515Z,0.777,1,600,480x270,1.925875000000019,1042,
2025-12-22T11:46:55.791Z,0.98,1,600,480x270,1.953376999999989,1181,
2025-12-22T11:46:56.172Z,1.109,1,600,480x270,1.9715590000000134,1139,
2025-12-22T11:46:56.588Z,1.197,1,600,480x270,1.9515879999999584,1110,
2025-12-22T11:46:57.015Z,1.251,1,600,480x270,1.924285999999995,1087,
2025-12-22T11:46:57.107Z,1.267,2,1000,640x360,1.9278599999999528,1087,
2025-12-22T11:46:57.804Z,0.985,2,1000,640x360,1.9489619999999945,1087,
2025-12-22T11:46:58.580Z,0.716,2,1000,640x360,1.9573120000000017,1071,
2025-12-22T11:46:59.192Z,0.603,2,1000,640x360,1.9502399999999511,1146,
2025-12-22T11:46:59.801Z,0.478,2,1000,640x360,1.9478930000000219,1169,
2025-12-22T11:47:00.314Z,0.472,2,1000,640x360,1.9270139999999856,1176,
2025-12-22T11:47:00.522Z,0.298,2,1000,640x360,1.9254119999999944,1224,rebuffer happen
2025-12-22T11:47:00.843Z,0.437,2,1000,640x360,2.0068240000000515,1224,
2025-12-22T11:47:00.922Z,0.395,1,600,480x270,1.9278740000000312,1205,
2025-12-22T11:47:01.223Z,0.557,1,600,480x270,1.924572000000012,1205,
2025-12-22T11:47:01.543Z,0.732,1,600,480x270,2.007565999999997,1218,
2025-12-22T11:47:01.884Z,0.893,1,600,480x270,1.9781089999999608,1218,
2025-12-22T11:47:02.274Z,0.99,1,600,480x270,1.9676249999999982,1203,
2025-12-22T11:47:02.554Z,1.225,1,600,480x270,1.9956019999999626,1211,
2025-12-22T11:47:02.896Z,1.368,1,600,480x270,1.9521449999999732,1211,
2025-12-22T11:47:03.214Z,1.573,1,600,480x270,1.9202150000000415,1216,
2025-12-22T11:47:03.514Z,1.727,1,600,480x270,1.9262820000000147,1214,
2025-12-22T11:47:03.836Z,1.923,1,600,480x270,2.0036850000000186,1214,
2025-12-22T11:47:04.169Z,2.092,1,600,480x270,1.9720890000000395,1206,
2025-12-22T11:47:04.328Z,2.09,2,1000,640x360,1.9070810000000051,1198,
2025-12-22T11:47:04.919Z,1.849,2,1000,640x360,1.9276629999999955,1198,
2025-12-22T11:47:05.612Z,1.665,2,1000,640x360,1.9450150000000122,1174,
2025-12-22T11:47:06.322Z,1.463,2,1000,640x360,1.9274200000000405,1136,
2025-12-22T11:47:07.380Z,0.917,2,1000,640x360,1.9605260000000158,1066,
2025-12-22T11:47:08.129Z,0.653,2,1000,640x360,1.912774000000013,1072,
2025-12-22T11:47:08.210Z,0.653,1,600,480x270,1.9249590000000012,1078,
2025-12-22T11:47:08.629Z,0.613,1,600,480x270,1.9220690000000218,1078,
2025-12-22T11:47:09.100Z,0.67,1,600,480x270,1.94784599999997,1080,
2025-12-22T11:47:09.484Z,0.796,1,600,480x270,1.9504350000000272,1056,
2025-12-22T11:47:09.876Z,0.903,1,600,480x270,1.9843529999999987,1056,
2025-12-22T11:47:10.268Z,1.002,1,600,480x270,1.9724329999999668,1019,
2025-12-22T11:47:10.626Z,1.118,1,600,480x270,1.935611999999992,1018,
2025-12-22T11:47:10.883Z,1.401,1,600,480x270,1.9723940000000084,966,
2025-12-22T11:47:10.916Z,1.834,1,600,480x270,1.9382160000000113,966,
2025-12-22T11:47:11.723Z,1.564,1,600,480x270,1.921699999999987,966,
2025-12-22T11:47:12.312Z,1.466,1,600,480x270,1.922627000000034,993,
2025-12-22T11:47:12.385Z,1.468,2,1000,640x360,1.9554499999999848,1047,
2025-12-22T11:47:13.022Z,1.238,2,1000,640x360,1.917775000000006,1047,
2025-12-22T11:47:13.645Z,1.122,2,1000,640x360,2.013928999999962,1025,
2025-12-22T11:47:14.258Z,1.053,2,1000,640x360,1.9837770000000319,1048,
2025-12-22T11:47:14.877Z,0.913,2,1000,640x360,1.9569500000000062,1059,
2025-12-22T11:47:15.495Z,0.781,2,1000,640x360,1.945717000000002,1019,
2025-12-22T11:47:16.113Z,0.664,2,1000,640x360,1.9207309999999893,1027,
2025-12-22T11:47:16.186Z,0.668,1,600,480x270,1.958362999999963,1019,
2025-12-22T11:47:16.563Z,0.693,1,600,480x270,1.9791779999999903,1019,
2025-12-22T11:47:16.965Z,0.802,1,600,480x270,1.9764030000000048,1019,
2025-12-22T11:47:17.281Z,0.993,1,600,480x270,1.9679380000000037,1000,
2025-12-22T11:47:17.601Z,1.17,1,600,480x270,1.9489729999999668,1040,
2025-12-22T11:47:17.941Z,1.341,1,600,480x270,2.007604000000015,1009,
2025-12-22T11:47:18.275Z,1.501,1,600,480x270,1.9620290000000296,1009,
2025-12-22T11:47:18.611Z,1.674,1,600,480x270,1.9397239999999556,1059,
2025-12-22T11:47:18.964Z,1.812,1,600,480x270,1.9877570000000446,1108,
2025-12-22T11:47:19.303Z,1.974,1,600,480x270,1.9398850000000039,1108,
2025-12-22T11:47:19.860Z,1.984,1,600,480x270,1.9904539999999997,1099,
2025-12-22T11:47:19.939Z,1.886,2,1000,640x360,1.9958120000000008,1105,
2025-12-22T11:47:20.459Z,1.814,2,1000,640x360,1.9794309999999768,1105,
2025-12-22T11:47:21.037Z,1.726,2,1000,640x360,2.0031580000000417,1093,
2025-12-22T11:47:21.297Z,1.975,2,1000,640x360,1.9498060000000237,1097,
2025-12-22T11:47:21.731Z,2.045,2,1000,640x360,1.9189269999999965,1098,
2025-12-22T11:47:22.811Z,1.519,2,1000,640x360,1.9527899999999931,1111,
2025-12-22T11:47:23.457Z,1.33,2,1000,640x360,1.9872520000000122,1096,
2025-12-22T11:47:23.981Z,1.305,2,1000,640x360,1.9530430000000365,1098,
2025-12-22T11:47:24.537Z,1.24,2,1000,640x360,2.006334000000038,1112,
2025-12-22T11:47:25.080Z,1.182,2,1000,640x360,1.9554369999999608,1125,
2025-12-22T11:47:25.631Z,1.164,2,1000,640x360,1.915360000000021,1126,
2025-12-22T11:47:26.178Z,1.112,2,1000,640x360,1.9658320000000344,1134,
2025-12-22T11:47:26.723Z,1.075,2,1000,640x360,1.9285849999999982,1136,
2025-12-22T11:47:27.298Z,0.978,2,1000,640x360,1.9410609999999906,1150,
2025-12-22T11:47:27.385Z,0.986,1,600,480x270,1.9591589999999997,1161,
2025-12-22T11:47:27.728Z,0.965,1,600,480x270,1.9160889999999995,1161,
2025-12-22T11:47:28.025Z,1.238,1,600,480x270,1.9119039999999927,1152,
2025-12-22T11:47:28.361Z,1.411,1,600,480x270,1.9743740000000116,1152,
2025-12-22T11:47:28.678Z,1.587,1,600,480x270,1.9660160000000246,1144,
2025-12-22T11:47:29.008Z,1.766,1,600,480x270,1.9280320000000302,1153,
2025-12-22T11:47:29.341Z,1.931,1,600,480x270,1.9933340000000044,1153,
2025-12-22T11:47:29.726Z,2.068,1,600,480x270,1.9224140000000034,1149,
2025-12-22T11:47:30.089Z,2.217,1,600,480x270,1.9501620000000344,1164,
2025-12-22T11:47:30.548Z,2.216,1,600,480x270,1.9960389999999961,1158,
2025-12-22T11:47:30.784Z,2.037,2,1000,640x360,1.97106500000001,1169,
2025-12-22T11:47:31.331Z,1.956,2,1000,640x360,1.9054140000000075,1169,
2025-12-22T11:47:31.763Z,2.01,2,1000,640x360,1.9755250000000046,1171,
2025-12-22T11:47:32.290Z,1.994,2,1000,640x360,1.9468140000000176,1182,
2025-12-22T11:47:32.781Z,1.972,2,1000,640x360,1.9555030000000215,1188,
2025-12-22T11:47:33.547Z,1.74,2,1000,640x360,1.9956210000000283,1185,
2025-12-22T11:47:34.293Z,1.492,2,1000,640x360,1.942417999999975,1205,
2025-12-22T11:47:34.878Z,1.404,2,1000,640x360,1.973799999999983,1200,
2025-12-22T11:47:35.429Z,1.343,2,1000,640x360,1.9094299999999862,1206,
2025-12-22T11:47:35.979Z,1.306,2,1000,640x360,1.9721650000000182,1198,
2025-12-22T11:47:36.576Z,1.209,2,1000,640x360,1.9699110000000246,1187,
2025-12-22T11:47:37.063Z,1.221,2,1000,640x360,1.977653000000032,1202,
2025-12-22T11:47:37.556Z,1.207,2,1000,640x360,1.99197300000003,1202,
2025-12-22T11:47:38.073Z,1.222,2,1000,640x360,1.9771979999999871,1216,
2025-12-22T11:47:38.553Z,1.245,2,1000,640x360,2.000270999999998,1221,
2025-12-22T11:47:38.897Z,1.373,2,1000,640x360,1.950682000000029,1221,
2025-12-22T11:47:39.203Z,1.572,2,1000,640x360,1.9358659999999759,1241,
2025-12-22T11:47:39.593Z,1.578,2,1000,640x360,1.9546460000000252,1244,
2025-12-22T11:47:40.020Z,1.81,2,1000,640x360,1.926355000000001,1231,
2025-12-22T11:47:40.621Z,1.661,2,1000,640x360,1.9248099999999795,1231,
2025-12-22T11:47:41.230Z,1.551,2,1000,640x360,1.90694000000002,1259,
2025-12-22T11:47:41.790Z,1.484,2,1000,640x360,1.9464939999999729,1262,
2025-12-22T11:47:42.385Z,1.387,2,1000,640x360,1.9524319999999875,1253,
2025-12-22T11:47:43.288Z,1.051,2,1000,640x360,1.9480009999999766,1237,
2025-12-22T11:47:43.364Z,0.993,1,600,480x270,1.9729020000000332,1211,
2025-12-22T11:47:43.846Z,0.906,1,600,480x270,1.9926550000000134,1211,
2025-12-22T11:47:44.427Z,0.855,1,600,480x270,1.9092370000000187,1153,
2025-12-22T11:47:44.874Z,0.919,1,600,480x270,1.968936000000042,1273,
2025-12-22T11:47:45.244Z,1.008,1,600,480x270,1.9980860000000007,1259,
2025-12-22T11:47:45.674Z,1.112,1,600,480x270,1.9647180000000048,1245,
2025-12-22T11:47:46.232Z,1.051,1,600,480x270,1.9171220000000062,1226,
2025-12-22T11:47:46.927Z,0.782,1,600,480x270,2.1084820000000377,1183,
2025-12-22T11:47:47.376Z,0.756,1,600,480x270,2.0643329999999764,1117,
2025-12-22T11:47:47.869Z,0.658,1,600,480x270,2.0252800000000093,1127,
2025-12-22T11:47:48.345Z,0.687,1,600,480x270,2.0282870000000344,1097,
2025-12-22T11:47:48.762Z,0.75,1,600,480x270,1.9997890000000211,1195,
2025-12-22T11:47:49.242Z,0.742,1,600,480x270,2.0060209999999756,1099,
2025-12-22T11:47:49.739Z,0.754,1,600,480x270,2.005303999999967,1115,
2025-12-22T11:47:50.216Z,0.804,1,600,480x270,1.9231310000000121,1056,
2025-12-22T11:47:50.702Z,0.806,1,600,480x270,1.9449499999999489,1045,
2025-12-22T11:47:51.185Z,0.818,1,600,480x270,1.9566520000000196,1029,
2025-12-22T11:47:51.680Z,0.826,1,600,480x270,1.9618360000000052,1029,
2025-12-22T11:47:52.136Z,0.868,1,600,480x270,2.0009230000000002,1006,
2025-12-22T11:47:52.608Z,0.918,1,600,480x270,1.948508000000004,982,
2025-12-22T11:47:53.078Z,0.945,1,600,480x270,1.9661889999999858,997,
2025-12-22T11:47:53.539Z,0.959,1,600,480x270,2.00163299999997,987,
2025-12-22T11:47:53.991Z,0.992,1,600,480x270,1.9468699999999899,987,
2025-12-22T11:47:54.466Z,1.034,1,600,480x270,1.9706300000000283,1019,
2025-12-22T11:47:54.921Z,1.085,1,600,480x270,1.9253830000000107,1023,
2025-12-22T11:47:55.376Z,1.115,1,600,480x270,1.9593570000000113,1015,
2025-12-22T11:47:55.459Z,1.122,2,1000,640x360,1.9855740000000424,1029,
2025-12-22T11:47:56.193Z,0.826,2,1000,640x360,1.9471450000000345,1029,
2025-12-22T11:47:56.861Z,0.649,2,1000,640x360,1.986214000000075,996,
2025-12-22T11:47:57.506Z,0.491,2,1000,640x360,1.94148899999999,983,
2025-12-22T11:47:57.739Z,0.295,2,1000,640x360,2.0006740000000036,992,rebuffer happen
2025-12-22T11:47:58.240Z,0.314,2,1000,640x360,2.0003469999999766,992,
2025-12-22T11:47:58.240Z,0.259,2,1000,640x360,1.9997099999999932,992,rebuffer happen
2025-12-22T11:47:58.879Z,0.112,2,1000,640x360,1.9618860000000495,1075,
2025-12-22T11:47:58.960Z,0.127,1,600,480x270,1.981166999999914,1077,
2025-12-22T11:47:58.982Z,0.025,1,600,480x270,1.95947799999999,1077,rebuffer happen
2025-12-22T11:47:59.347Z,0.301,1,600,480x270,2.145674999999983,1077,
2025-12-22T11:47:59.471Z,0.214,1,600,480x270,2.1165700000000243,1066,rebuffer happen
2025-12-22T11:47:59.737Z,0.392,1,600,480x270,2.1261779999999817,1066,
2025-12-22T11:47:59.898Z,0.236,1,600,480x270,2.041264999999953,1085,rebuffer happen
2025-12-22T11:47:59.949Z,0.278,1,600,480x270,2.078756999999996,1085,rebuffer happen
2025-12-22T11:48:00.134Z,0.438,1,600,480x270,2.0728259999999636,1085,
2025-12-22T11:48:00.533Z,0.508,1,600,480x270,1.9601129999999785,1030,
2025-12-22T11:48:00.918Z,0.626,1,600,480x270,1.956470999999965,1030,
2025-12-22T11:48:01.309Z,0.703,1,600,480x270,1.944580999999971,1054,
2025-12-22T11:48:01.685Z,0.851,1,600,480x270,1.9737549999999828,1004,
2025-12-22T11:48:02.075Z,0.934,1,600,480x270,1.9814509999999927,1024,
2025-12-22T11:48:02.449Z,1.042,1,600,480x270,1.9964469999999892,994,
2025-12-22T11:48:02.851Z,1.133,1,600,480x270,1.9884500000000571,994,
2025-12-22T11:48:03.261Z,1.235,1,600,480x270,1.9730670000000146,1020,
2025-12-22T11:48:03.338Z,1.237,2,1000,640x360,1.8952269999999771,1036,
2025-12-22T11:48:03.987Z,1.025,2,1000,640x360,1.9478650000000926,1036,
2025-12-22T11:48:04.559Z,0.927,2,1000,640x360,1.9812749999999824,1003,
2025-12-22T11:48:05.100Z,0.886,2,1000,640x360,1.9361269999999422,1024,
2025-12-22T11:48:05.688Z,0.816,2,1000,640x360,1.9629979999999705,1077,
2025-12-22T11:48:06.211Z,0.797,2,1000,640x360,1.929271999999969,1107,
2025-12-22T11:48:06.731Z,0.784,2,1000,640x360,1.9026199999999562,1108,
2025-12-22T11:48:06.801Z,0.767,1,600,480x270,1.9415730000000622,1113,
2025-12-22T11:48:07.176Z,0.791,1,600,480x270,1.9679810000000089,1113,
2025-12-22T11:48:07.512Z,0.994,1,600,480x270,1.9323610000000144,1119,
2025-12-22T11:48:07.797Z,1.206,1,600,480x270,1.9398029999999835,1119,
2025-12-22T11:48:08.120Z,1.371,1,600,480x270,1.9149519999999711,1154,
2025-12-22T11:48:08.466Z,1.513,1,600,480x270,1.982163999999898,1145,
2025-12-22T11:48:08.918Z,1.583,1,600,480x270,1.9190290000000232,1145,
2025-12-22T11:48:09.402Z,1.593,1,600,480x270,1.9391779999999699,1160,
2025-12-22T11:48:09.864Z,1.613,1,600,480x270,1.9769929999999931,1167,
2025-12-22T11:48:10.340Z,1.651,1,600,480x270,2.0004490000000033,1171,
2025-12-22T11:48:10.417Z,1.609,2,1000,640x360,1.9228030000000444,1169,
2025-12-22T11:48:10.931Z,1.585,2,1000,640x360,1.9172020000000884,1169,
2025-12-22T11:48:11.543Z,1.453,2,1000,640x360,1.9978320000000167,1159,
2025-12-22T11:48:12.232Z,1.283,2,1000,640x360,1.904088999999999,1141,
2025-12-22T11:48:12.907Z,1.092,2,1000,640x360,1.9371439999999893,1115,
2025-12-22T11:48:13.640Z,0.88,2,1000,640x360,2.0032190000000583,1137,
2025-12-22T11:48:14.373Z,0.656,2,1000,640x360,1.9697179999999435,1108,
2025-12-22T11:48:14.453Z,0.593,1,600,480x270,1.9810139999999592,1098,
2025-12-22T11:48:14.837Z,0.689,1,600,480x270,2.0134259999999813,1098,
2025-12-22T11:48:15.224Z,0.794,1,600,480x270,1.916247999999996,1153,
2025-12-22T11:48:15.629Z,0.871,1,600,480x270,1.9095870000001014,1167,
2025-12-22T11:48:16.054Z,0.959,1,600,480x270,1.9812499999999318,1145,
2025-12-22T11:48:16.459Z,1.038,1,600,480x270,1.981029000000035,1145,
2025-12-22T11:48:16.839Z,1.16,1,600,480x270,2.0019700000000284,1140,
2025-12-22T11:48:17.236Z,1.277,1,600,480x270,2.0001379999999926,1136,
2025-12-22T11:48:17.640Z,1.366,1,600,480x270,2.0080769999999575,1098,
2025-12-22T11:48:18.057Z,1.445,1,600,480x270,1.9800139999999828,1106,
2025-12-22T11:48:18.128Z,1.405,2,1000,640x360,1.908439000000044,1106,
2025-12-22T11:48:18.772Z,1.245,2,1000,640x360,1.978162999999995,1106,
2025-12-22T11:48:19.305Z,1.186,2,1000,640x360,1.9437980000000152,1073,
2025-12-22T11:48:19.840Z,1.162,2,1000,640x360,1.998077999999964,1069,
2025-12-22T11:48:20.376Z,1.127,2,1000,640x360,1.9609289999999646,1090,
2025-12-22T11:48:20.892Z,1.112,2,1000,640x360,1.9451020000000199,1065,
2025-12-22T11:48:21.407Z,1.091,2,1000,640x360,1.937139000000002,1118,
2025-12-22T11:48:21.936Z,1.07,2,1000,640x360,2.003125000000068,1127,
2025-12-22T11:48:22.473Z,1.03,2,1000,640x360,1.9624950000001036,1129,
2025-12-22T11:48:23.028Z,0.979,2,1000,640x360,1.912097000000017,1144,
2025-12-22T11:48:23.102Z,0.978,1,600,480x270,1.9478510000000142,1140,
2025-12-22T11:48:23.436Z,1.055,1,600,480x270,1.9999520000000075,1140,
2025-12-22T11:48:23.764Z,1.22,1,600,480x270,1.9737930000000006,1135,
2025-12-22T11:48:24.079Z,1.411,1,600,480x270,1.9662069999999403,1145,
2025-12-22T11:48:24.414Z,1.571,1,600,480x270,1.9200029999999515,1149,
2025-12-22T11:48:24.872Z,1.628,1,600,480x270,1.9698530000000574,1149,
2025-12-22T11:48:25.330Z,1.665,1,600,480x270,1.9107480000000123,1167,
2025-12-22T11:48:25.782Z,1.7,1,600,480x270,1.9651979999999867,1171,
2025-12-22T11:48:26.234Z,1.765,1,600,480x270,1.9052390000000514,1170,
2025-12-22T11:48:26.687Z,1.818,1,600,480x270,1.9661160000000564,1168,
2025-12-22T11:48:26.762Z,1.822,2,1000,640x360,1.982797000000005,1168,
2025-12-22T11:48:27.364Z,1.63,2,1000,640x360,1.972770999999966,1168,
2025-12-22T11:48:27.966Z,1.554,2,1000,640x360,1.9818890000000238,1164,
2025-12-22T11:48:28.594Z,1.418,2,1000,640x360,1.9449119999999311,1177,
2025-12-22T11:48:29.191Z,1.332,2,1000,640x360,1.9446120000000064,1167,
2025-12-22T11:48:29.821Z,1.186,2,1000,640x360,1.9179329999999482,1159,
2025-12-22T11:48:30.421Z,1.073,2,1000,640x360,1.911574000000087,1159,
2025-12-22T11:48:31.039Z,0.938,2,1000,640x360,1.9987909999999829,1152,
2025-12-22T11:48:31.107Z,0.965,1,600,480x270,1.9301870000000463,1133,
2025-12-22T11:48:31.475Z,1.018,1,600,480x270,1.9615989999999783,1133,
2025-12-22T11:48:31.853Z,1.157,1,600,480x270,2.004811000000018,1141,
2025-12-22T11:48:32.215Z,1.283,1,600,480x270,1.9243850000000293,1124,
2025-12-22T11:48:32.554Z,1.439,1,600,480x270,1.9800520000000006,1189,
2025-12-22T11:48:32.906Z,1.572,1,600,480x270,1.9280540000000883,1189,
2025-12-22T11:48:33.258Z,1.709,1,600,480x270,1.9833209999999326,1153,
2025-12-22T11:48:33.609Z,1.876,1,600,480x270,1.9308849999999893,1177,
2025-12-22T11:48:34.059Z,1.92,1,600,480x270,1.990240999999969,1176,
2025-12-22T11:48:34.578Z,1.968,1,600,480x270,1.9681039999999257,1176,
2025-12-22T11:48:34.656Z,1.882,2,1000,640x360,1.989076999999952,1176,
2025-12-22T11:48:35.211Z,1.783,2,1000,640x360,1.9324159999999893,1176,
2025-12-22T11:48:35.754Z,1.755,2,1000,640x360,1.9948200000000043,1198,
2025-12-22T11:48:36.346Z,1.647,2,1000,640x360,1.9898350000000846,1191,
2025-12-22T11:48:36.906Z,1.607,2,1000,640x360,1.9489620000000514,1195,
2025-12-22T11:48:37.490Z,1.52,2,1000,640x360,1.956136000000015,1173,
2025-12-22T11:48:38.049Z,1.421,2,1000,640x360,2.002495999999951,1191,
2025-12-22T11:48:38.620Z,1.397,2,1000,640x360,1.9328590000000077,1175,
2025-12-22T11:48:39.225Z,1.299,2,1000,640x360,1.9201319999999669,1183,
2025-12-22T11:48:39.838Z,1.199,2,1000,640x360,2.012542999999937,1156,
2025-12-22T11:48:40.438Z,1.071,2,1000,640x360,2.0000049999999874,1152,
2025-12-22T11:48:41.035Z,0.989,2,1000,640x360,2.0149509999999964,1148,
2025-12-22T11:48:41.134Z,0.89,1,600,480x270,1.9133409999999458,1158,
2025-12-22T11:48:41.495Z,0.982,1,600,480x270,1.9543879999999945,1158,
2025-12-22T11:48:41.866Z,1.1,1,600,480x270,1.974456000000032,1112,
2025-12-22T11:48:42.264Z,1.23,1,600,480x270,1.9704649999999901,1102,
2025-12-22T11:48:42.637Z,1.365,1,600,480x270,2.0056660000000193,1096,
2025-12-22T11:48:42.996Z,1.487,1,600,480x270,1.9496520000000146,1074,
2025-12-22T11:48:43.384Z,1.639,1,600,480x270,1.9512399999999843,1074,
2025-12-22T11:48:43.761Z,1.732,1,600,480x270,1.9920600000000377,1080,
2025-12-22T11:48:44.137Z,1.849,1,600,480x270,2.005117000000041,1093,
2025-12-22T11:48:44.528Z,1.973,1,600,480x270,1.9106729999999743,1142,
2025-12-22T11:48:44.595Z,1.977,2,1000,640x360,1.9531599999999116,1142,
2025-12-22T11:48:45.194Z,1.823,2,1000,640x360,1.947934000000032,1142,
2025-12-22T11:48:45.870Z,1.631,2,1000,640x360,1.9695259999999735,1117,
2025-12-22T11:48:46.741Z,1.273,2,1000,640x360,2.0019320000000107,1102,
2025-12-22T11:48:47.603Z,0.93,2,1000,640x360,1.944704999999999,1041,
2025-12-22T11:48:48.472Z,0.554,2,1000,640x360,1.9751629999999523,1004,
2025-12-22T11:48:48.551Z,0.527,1,600,480x270,1.9967799999999443,967,
2025-12-22T11:48:48.759Z,0.26,1,600,480x270,2.003284000000008,967,rebuffer happen
2025-12-22T11:48:49.068Z,0.45,1,600,480x270,1.982576999999992,967,
2025-12-22T11:48:49.211Z,0.296,1,600,480x270,1.9443959999999834,967,rebuffer happen
2025-12-22T11:48:49.598Z,0.411,1,600,480x270,1.9464629999999943,967,
2025-12-22T11:48:49.735Z,0.267,1,600,480x270,2.001500000000078,922,rebuffer happen
2025-12-22T11:48:50.136Z,0.339,1,600,480x270,2.0014759999999114,922,
2025-12-22T11:48:50.222Z,0.279,1,600,480x270,1.9158860000000004,906,rebuffer happen
2025-12-22T11:48:50.695Z,0.341,1,600,480x270,1.9484240000000455,906,
2025-12-22T11:48:50.811Z,0.198,1,600,480x270,1.932717000000025,892,rebuffer happen
2025-12-22T11:48:51.226Z,0.257,1,600,480x270,1.923983000000021,892,
2025-12-22T11:48:51.740Z,0.269,1,600,480x270,2.016986999999972,843,
2025-12-22T11:48:52.118Z,0.393,1,600,480x270,1.9393890000000056,864,
2025-12-22T11:48:52.413Z,0.581,1,600,480x270,1.9471869999999853,893,
2025-12-22T11:48:52.724Z,0.796,1,600,480x270,1.9491050000000314,893,
2025-12-22T11:48:53.030Z,0.978,1,600,480x270,1.924079000000006,978,
2025-12-22T11:48:53.341Z,1.157,1,600,480x270,2.005002999999988,978,
2025-12-22T11:48:53.411Z,1.168,2,1000,640x360,1.933512999999948,1060,
2025-12-22T11:48:53.914Z,1.089,2,1000,640x360,1.921876999999995,1060,
2025-12-22T11:48:54.409Z,1.079,2,1000,640x360,1.9276389999999992,1044,
2025-12-22T11:48:54.897Z,1.107,2,1000,640x360,1.941526999999951,1030,
2025-12-22T11:48:55.381Z,1.12,2,1000,640x360,1.9654649999999947,1075,
2025-12-22T11:48:55.841Z,1.17,2,1000,640x360,2.008273000000031,1080,
2025-12-22T11:48:56.303Z,1.199,2,1000,640x360,1.935935000000086,1089,
2025-12-22T11:48:56.794Z,1.234,2,1000,640x360,1.9554020000000492,1100,
2025-12-22T11:48:57.262Z,1.231,2,1000,640x360,1.9791839999999183,1098,
2025-12-22T11:48:57.736Z,1.288,2,1000,640x360,2.023033000000055,1091,
2025-12-22T11:48:58.241Z,1.268,2,1000,640x360,2.0084319999999707,1153,
2025-12-22T11:48:58.746Z,1.262,2,1000,640x360,1.9976560000000063,1143,
2025-12-22T11:48:59.245Z,1.244,2,1000,640x360,2.0006459999999606,1147,
2025-12-22T11:48:59.759Z,1.252,2,1000,640x360,1.9912910000000466,1160,
2025-12-22T11:49:00.291Z,1.201,2,1000,640x360,1.9516109999999571,1151,
2025-12-22T11:49:00.836Z,1.182,2,1000,640x360,2.012884999999983,1151,
2025-12-22T11:49:01.457Z,1.024,2,1000,640x360,1.986631999999986,1159,
2025-12-22T11:49:02.097Z,0.919,2,1000,640x360,1.9493850000000066,1168,
2025-12-22T11:49:02.170Z,0.851,1,600,480x270,1.9835460000000467,1177,
2025-12-22T11:49:02.588Z,0.918,1,600,480x270,1.9504819999999654,1177,
2025-12-22T11:49:03.003Z,1.002,1,600,480x270,1.939514000000031,1180,
2025-12-22T11:49:03.388Z,1.103,1,600,480x270,1.949438999999984,1180,
2025-12-22T11:49:03.752Z,1.246,1,600,480x270,1.998158999999987,1164,
2025-12-22T11:49:04.082Z,1.412,1,600,480x270,1.9670600000000604,1159,
2025-12-22T11:49:04.409Z,1.58,1,600,480x270,1.9259420000000773,1154,
2025-12-22T11:49:04.776Z,1.726,1,600,480x270,1.9724009999999907,1154,
2025-12-22T11:49:05.128Z,1.869,1,600,480x270,1.910904999999957,1161,
2025-12-22T11:49:05.534Z,1.968,1,600,480x270,2.007246000000009,1153,
2025-12-22T11:49:05.606Z,1.973,2,1000,640x360,1.9425709999999299,1153,
2025-12-22T11:49:06.125Z,1.888,2,1000,640x360,1.9289209999999457,1153,
2025-12-22T11:49:06.669Z,1.829,2,1000,640x360,1.97017900000003,1166,
2025-12-22T11:49:07.197Z,1.792,2,1000,640x360,1.9407190000000583,1188,
2025-12-22T11:49:07.723Z,1.774,2,1000,640x360,1.9222449999999753,1185,
2025-12-22T11:49:08.257Z,1.745,2,1000,640x360,1.9777930000000197,1184,
2025-12-22T11:49:08.776Z,1.737,2,1000,640x360,1.9684899999999743,1198,
2025-12-22T11:49:09.302Z,1.703,2,1000,640x360,1.9395339999999806,1194,
2025-12-22T11:49:09.809Z,1.696,2,1000,640x360,1.941090000000031,1197,
2025-12-22T11:49:10.330Z,1.664,2,1000,640x360,1.9122389999999996,1174,
2025-12-22T11:49:10.860Z,1.617,2,1000,640x360,1.9768240000000787,1183,
2025-12-22T11:49:11.403Z,1.603,2,1000,640x360,1.9434390000000121,1174,
2025-12-22T11:49:11.967Z,1.54,2,1000,640x360,1.9690029999999297,1190,
2025-12-22T11:49:12.515Z,1.489,2,1000,640x360,1.9322199999999157,1198,
2025-12-22T11:49:13.052Z,1.469,2,1000,640x360,1.9994980000000169,1182,
2025-12-22T11:49:13.599Z,1.414,2,1000,640x360,1.9487049999999044,1226,
2025-12-22T11:49:14.163Z,1.333,2,1000,640x360,1.9779099999999517,1218,
2025-12-22T11:49:14.735Z,1.273,2,1000,640x360,2.024342000000047,1269,
2025-12-22T11:49:15.269Z,1.218,2,1000,640x360,1.980462999999986,1241,
2025-12-22T11:49:15.837Z,1.189,2,1000,640x360,2.007582999999954,1245,
2025-12-22T11:49:16.382Z,1.122,2,1000,640x360,1.9591599999999971,1239,
2025-12-22T11:49:16.923Z,1.075,2,1000,640x360,1.9265980000000127,1243,
2025-12-22T11:49:17.487Z,1.003,2,1000,640x360,1.9515689999999495,1250,
2025-12-22T11:49:18.051Z,0.963,2,1000,640x360,1.9962060000000292,1236,
2025-12-22T11:49:18.117Z,0.933,1,600,480x270,1.9284959999999955,1245,
2025-12-22T11:49:18.541Z,0.977,1,600,480x270,2.0085530000000063,1245,
2025-12-22T11:49:18.967Z,1.048,1,600,480x270,1.9839719999999943,1242,
2025-12-22T11:49:19.413Z,1.109,1,600,480x270,1.9389149999999518,1285,
2025-12-22T11:49:19.840Z,1.165,1,600,480x270,2.005995999999982,1232,
2025-12-22T11:49:20.264Z,1.235,1,600,480x270,1.9727739999999585,1189,
2025-12-22T11:49:20.714Z,1.277,1,600,480x270,1.928498999999988,1158,
2025-12-22T11:49:21.145Z,1.336,1,600,480x270,2.0028069999999616,1131,
2025-12-22T11:49:21.577Z,1.428,1,600,480x270,1.9739759999999933,1240,
2025-12-22T11:49:21.652Z,1.432,2,1000,640x360,2.0043660000000045,1129,
2025-12-22T11:49:22.364Z,1.138,2,1000,640x360,1.9772110000000112,1129,
2025-12-22T11:49:23.083Z,0.929,2,1000,640x360,1.950913000000014,1134,
2025-12-22T11:49:23.804Z,0.668,2,1000,640x360,1.9415619999999763,1102,
2025-12-22T11:49:24.535Z,0.485,2,1000,640x360,2.004009999999994,1061,
2025-12-22T11:49:24.767Z,0.276,2,1000,640x360,1.9826309999999694,1092,rebuffer happen
2025-12-22T11:49:25.130Z,0.355,2,1000,640x360,1.9079909999999245,1092,
2025-12-22T11:49:25.207Z,0.355,1,600,480x270,1.9303810000000112,1096,
2025-12-22T11:49:25.207Z,0.295,1,600,480x270,1.9295540000000528,1096,rebuffer happen
2025-12-22T11:49:25.558Z,0.441,1,600,480x270,1.9864590000000817,1096,
2025-12-22T11:49:25.921Z,0.587,1,600,480x270,1.9298430000000053,1096,
2025-12-22T11:49:26.268Z,0.718,1,600,480x270,1.980002999999897,1088,
2025-12-22T11:49:26.632Z,0.863,1,600,480x270,1.9091099999999415,1120,
2025-12-22T11:49:26.988Z,1.006,1,600,480x270,1.9470939999999928,1060,
2025-12-22T11:49:27.347Z,1.147,1,600,480x270,1.9899930000000268,1060,
2025-12-22T11:49:27.716Z,1.27,1,600,480x270,1.9282709999999952,1121,
2025-12-22T11:49:28.068Z,1.428,1,600,480x270,1.975025999999957,1099,
2025-12-22T11:49:28.424Z,1.569,1,600,480x270,1.9182579999999234,1076,
2025-12-22T11:49:28.781Z,1.708,1,600,480x270,1.968454999999949,1076,
2025-12-22T11:49:28.863Z,1.727,2,1000,640x360,1.9815099999999575,1067,
2025-12-22T11:49:29.429Z,1.564,2,1000,640x360,1.9052629999999908,1067,
2025-12-22T11:49:29.998Z,1.507,2,1000,640x360,1.958176000000094,1026,
2025-12-22T11:49:30.575Z,1.44,2,1000,640x360,1.9728089999999838,1029,
2025-12-22T11:49:31.120Z,1.39,2,1000,640x360,1.9305970000000343,1013,
2025-12-22T11:49:31.593Z,1.41,2,1000,640x360,1.961665000000039,1020,
2025-12-22T11:49:32.059Z,1.423,2,1000,640x360,1.9832699999999477,1061,
2025-12-22T11:49:32.469Z,1.533,2,1000,640x360,1.9696559999999863,1061,
2025-12-22T11:49:32.966Z,1.536,2,1000,640x360,1.972118999999907,1127,
2025-12-22T11:49:33.460Z,1.531,2,1000,640x360,1.9727659999999787,1129,
2025-12-22T11:49:33.970Z,1.54,2,1000,640x360,1.9770790000000034,1145,
2025-12-22T11:49:34.419Z,1.576,2,1000,640x360,1.9227789999999914,1163,
2025-12-22T11:49:34.848Z,1.665,2,1000,640x360,2.0066470000000436,1166,
2025-12-22T11:49:35.062Z,1.831,2,1000,640x360,1.9868470000000116,1167,
2025-12-22T11:49:35.540Z,1.911,2,1000,640x360,2.007203000000004,1167,
2025-12-22T11:49:36.032Z,1.946,2,1000,640x360,1.9043909999999187,1168,
2025-12-22T11:49:36.542Z,1.981,2,1000,640x360,2.0052970000000414,1184,
2025-12-22T11:49:37.055Z,1.98,2,1000,640x360,1.982499999999959,1178,
2025-12-22T11:49:37.527Z,1.955,2,1000,640x360,1.9229409999999234,1171,
2025-12-22T11:49:38.027Z,1.958,2,1000,640x360,1.9173299999999927,1175,
2025-12-22T11:49:38.528Z,1.975,2,1000,640x360,1.911654999999996,1184,
2025-12-22T11:49:39.067Z,1.975,2,1000,640x360,1.9858740000000807,1193,
2025-12-22T11:49:39.541Z,1.921,2,1000,640x360,1.995841999999925,1220,
2025-12-22T11:49:40.032Z,1.914,2,1000,640x360,1.9034439999999222,1216,
2025-12-22T11:49:40.570Z,1.938,2,1000,640x360,1.982725999999957,1205,
2025-12-22T11:49:41.074Z,1.957,2,1000,640x360,1.9774680000000444,1189,
2025-12-22T11:49:41.574Z,1.959,2,1000,640x360,1.9835369999999557,1194,
2025-12-22T11:49:42.038Z,1.963,2,1000,640x360,2.006571000000008,1186,
2025-12-22T11:49:42.561Z,1.971,2,1000,640x360,1.983543999999938,1186,
2025-12-22T11:49:43.070Z,1.97,2,1000,640x360,1.9847649999999248,1185,
2025-12-22T11:49:43.994Z,1.542,2,1000,640x360,1.9542969999999968,1137,
2025-12-22T11:49:44.749Z,1.289,2,1000,640x360,2.0012919999999212,1025,
2025-12-22T11:49:45.468Z,1.081,2,1000,640x360,1.9698069999999461,1063,
2025-12-22T11:49:46.161Z,0.841,2,1000,640x360,1.9857769999999846,1047,
2025-12-22T11:49:46.236Z,0.841,1,600,480x270,1.9102980000000116,990,
2025-12-22T11:49:46.619Z,0.863,1,600,480x270,1.9161040000000185,990,
2025-12-22T11:49:47.101Z,0.898,1,600,480x270,1.932313000000022,963,
2025-12-22T11:49:47.550Z,0.93,1,600,480x270,1.9856540000000678,960,
2025-12-22T11:49:47.988Z,0.979,1,600,480x270,1.9528310000000602,960,
2025-12-22T11:49:48.429Z,1.071,1,600,480x270,1.9144269999999324,952,
2025-12-22T11:49:48.811Z,1.189,1,600,480x270,1.9268849999999702,950,
2025-12-22T11:49:49.210Z,1.291,1,600,480x270,1.93272300000001,928,
2025-12-22T11:49:49.629Z,1.382,1,600,480x270,1.9165899999999283,921,
2025-12-22T11:49:50.043Z,1.447,1,600,480x270,1.9997849999999744,927,
2025-12-22T11:49:50.443Z,1.555,1,600,480x270,1.9906290000000126,927,
2025-12-22T11:49:50.830Z,1.678,1,600,480x270,1.9215990000000147,923,
2025-12-22T11:49:51.302Z,1.695,1,600,480x270,1.9344790000000103,951,
2025-12-22T11:49:51.672Z,1.822,1,600,480x270,1.9721270000000004,935,
2025-12-22T11:49:52.030Z,1.968,1,600,480x270,1.9056209999999965,987,
2025-12-22T11:49:52.535Z,1.959,1,600,480x270,2.004234999999994,987,
2025-12-22T11:49:53.029Z,1.973,1,600,480x270,1.9068220000000338,1022,
2025-12-22T11:49:53.105Z,1.97,2,1000,640x360,1.9297930000000179,1039,
2025-12-22T11:49:53.691Z,1.823,2,1000,640x360,1.9603639999999132,1039,
2025-12-22T11:49:54.293Z,1.715,2,1000,640x360,1.9470280000000457,1038,
2025-12-22T11:49:54.864Z,1.654,2,1000,640x360,1.9898230000000012,1037,
2025-12-22T11:49:55.473Z,1.533,2,1000,640x360,1.9682620000000952,1039,
2025-12-22T11:49:56.039Z,1.465,2,1000,640x360,2.0007530000000315,1028,
2025-12-22T11:49:56.643Z,1.374,2,1000,640x360,2.000460000000089,1011,
2025-12-22T11:49:57.151Z,1.339,2,1000,640x360,1.983204999999998,1028,
2025-12-22T11:49:57.732Z,1.284,2,1000,640x360,1.9163560000000643,1055,
2025-12-22T11:49:58.219Z,1.271,2,1000,640x360,1.9236270000000104,1059,
2025-12-22T11:49:58.712Z,1.313,2,1000,640x360,1.9424870000000283,1072,
2025-12-22T11:49:59.214Z,1.293,2,1000,640x360,1.924209000000019,1082,
2025-12-22T11:49:59.534Z,1.346,2,1000,640x360,2.0023179999999456,1088,
2025-12-22T11:50:00.007Z,1.051,2,1000,640x360,1.9282859999999573,1088,
2025-12-22T11:50:00.084Z,1.093,1,600,480x270,1.959730000000036,952,
2025-12-22T11:50:01.017Z,0.102,1,600,480x270,1.941575999999941,952,rebuffer happen
2025-12-22T11:50:01.083Z,0.032,1,600,480x270,1.9789030000000594,952,rebuffer happen
2025-12-22T11:50:02.151Z,0.032,1,600,480x270,3.0689029999999775,952,