timestamp,bufferLevel,qualityIndex,bitrateKbps,resolution,liveLatency,predictedKbps,rebuffer
2025-12-18T08:53:09.429Z,0,2,1000,640x360,1.77,,
2025-12-18T08:53:09.433Z,0,2,1000,640x360,1.77,,rebuffer happen
2025-12-18T08:53:09.458Z,0.1,2,1000,640x360,1.769465,,rebuffer happen
2025-12-18T08:53:09.550Z,0.051,2,1000,640x360,1.878064,,rebuffer happen
2025-12-18T08:53:09.582Z,0.022,2,1000,640x360,1.848579,,rebuffer happen
2025-12-18T08:53:09.682Z,0.021,2,1000,640x360,1.9172700000000003,,rebuffer happen
2025-12-18T08:53:09.715Z,0.026,2,1000,640x360,1.8887380000000003,,rebuffer happen
2025-12-18T08:53:09.832Z,0.026,2,1000,640x360,1.913144,,rebuffer happen
2025-12-18T08:53:10.025Z,0.089,2,1000,640x360,1.7086999999999999,,
2025-12-18T08:53:10.100Z,0.02,1,600,480x270,1.7359600000000002,,rebuffer happen
2025-12-18T08:53:10.107Z,0.02,1,600,480x270,1.7359600000000002,,
2025-12-18T08:53:10.505Z,0.28,1,600,480x270,1.9160849999999998,,
2025-12-18T08:53:10.936Z,0.369,1,600,480x270,1.981314,,
2025-12-18T08:53:11.135Z,0.237,1,600,480x270,1.9864419999999998,,rebuffer happen
2025-12-18T08:53:11.287Z,0.522,1,600,480x270,1.9390419999999997,,
2025-12-18T08:53:11.695Z,0.569,1,600,480x270,1.936053,,
2025-12-18T08:53:12.020Z,0.666,1,600,480x270,1.920448,,
2025-12-18T08:53:12.366Z,0.94,1,600,480x270,1.9787430000000001,,
2025-12-18T08:53:13.505Z,0.357,1,600,480x270,1.94678,,
2025-12-18T08:53:13.551Z,0.281,1,600,480x270,1.9980369999999996,,rebuffer happen
2025-12-18T08:53:14.234Z,0.219,1,600,480x270,2.0107980000000003,,
2025-12-18T08:53:14.303Z,0.027,1,600,480x270,1.9432210000000003,,rebuffer happen
2025-12-18T08:53:14.486Z,0.029,1,600,480x270,2.1140420000000004,,rebuffer happen
2025-12-18T08:53:14.619Z,0.019,1,600,480x270,2.169791,,rebuffer happen
2025-12-18T08:53:14.686Z,0.022,1,600,480x270,2.2408080000000004,,rebuffer happen
2025-12-18T08:53:14.769Z,0.023,1,600,480x270,2.3041780000000003,,rebuffer happen
2025-12-18T08:53:14.886Z,0.026,1,600,480x270,2.3438739999999996,,rebuffer happen
2025-12-18T08:53:15.054Z,0.183,1,600,480x270,2.396387,,
2025-12-18T08:53:15.220Z,0.024,1,600,480x270,2.3453599999999994,,rebuffer happen
2025-12-18T08:53:15.523Z,0.242,1,600,480x270,2.3840920000000008,,
2025-12-18T08:53:16.042Z,0.236,1,600,480x270,2.4637309999999992,,
2025-12-18T08:53:16.554Z,0.223,1,600,480x270,2.466709999999999,,
2025-12-18T08:53:17.053Z,0.261,1,600,480x270,2.4745099999999995,,
2025-12-18T08:53:17.564Z,0.281,1,600,480x270,2.473847,,
2025-12-18T08:53:18.076Z,0.238,1,600,480x270,2.4763139999999995,,
2025-12-18T08:53:18.680Z,0.122,1,600,480x270,2.473815,,
2025-12-18T08:53:18.806Z,0.023,1,600,480x270,2.4389199999999995,,rebuffer happen
2025-12-18T08:53:19.167Z,0.208,1,600,480x270,2.541475,,
2025-12-18T08:53:19.373Z,0.019,1,600,480x270,2.5362479999999987,,rebuffer happen
2025-12-18T08:53:19.748Z,0.219,1,600,480x270,2.5899319999999992,,
2025-12-18T08:53:19.890Z,0.031,1,600,480x270,2.5511660000000003,,rebuffer happen
2025-12-18T08:53:20.261Z,0.236,1,600,480x270,2.673107,,
2025-12-18T08:53:20.491Z,0.024,1,600,480x270,2.640065,,rebuffer happen
2025-12-18T08:53:20.823Z,0.218,1,600,480x270,2.6503200000000007,,
2025-12-18T08:53:21.025Z,0.03,1,600,480x270,2.650658,,rebuffer happen
2025-12-18T08:53:21.330Z,0.25,1,600,480x270,2.6804369999999995,,
2025-12-18T08:53:21.869Z,0.265,1,600,480x270,2.7565290000000005,,
2025-12-18T08:53:22.357Z,0.225,1,600,480x270,2.771173000000001,,
2025-12-18T08:53:22.576Z,0.036,1,600,480x270,2.756093,,rebuffer happen
2025-12-18T08:53:22.880Z,0.288,1,600,480x270,2.805346,,
2025-12-18T08:53:23.391Z,0.267,1,600,480x270,2.797965999999999,,
2025-12-18T08:53:23.644Z,0.128,1,600,480x270,2.843323,,rebuffer happen
2025-12-18T08:53:23.931Z,0.255,1,600,480x270,2.780512999999999,,
2025-12-18T08:53:24.161Z,0.033,1,600,480x270,2.848654,,rebuffer happen
2025-12-18T08:53:24.416Z,0.291,1,600,480x270,2.8095779999999984,,
2025-12-18T08:53:24.938Z,0.274,1,600,480x270,2.8890700000000002,,
2025-12-18T08:53:25.178Z,0.031,1,600,480x270,2.8495789999999985,,rebuffer happen
2025-12-18T08:53:25.474Z,0.248,1,600,480x270,2.886272,,
2025-12-18T08:53:25.712Z,0.024,1,600,480x270,2.8486279999999997,,rebuffer happen
2025-12-18T08:53:26.034Z,0.245,1,600,480x270,2.9549559999999992,,
2025-12-18T08:53:26.312Z,0.029,1,600,480x270,2.8840640000000004,,rebuffer happen
2025-12-18T08:53:26.567Z,0.176,1,600,480x270,2.944394000000001,,
2025-12-18T08:53:26.763Z,0.027,1,600,480x270,2.943240000000001,,rebuffer happen
2025-12-18T08:53:26.813Z,0.124,1,600,480x270,2.9062459999999994,,rebuffer happen
2025-12-18T08:53:27.198Z,0.15,1,600,480x270,2.948153999999999,,
2025-12-18T08:53:27.313Z,0.017,1,600,480x270,2.933043999999999,,rebuffer happen
2025-12-18T08:53:27.584Z,0.271,1,600,480x270,3.0044760000000004,,
2025-12-18T08:53:28.101Z,0.256,1,600,480x270,2.9850049999999975,,
2025-12-18T08:53:28.618Z,0.26,1,600,480x270,2.9872580000000006,,
2025-12-18T08:53:29.126Z,0.267,1,600,480x270,2.991263,,
2025-12-18T08:53:29.365Z,0.025,1,600,480x270,3.0411129999999993,,rebuffer happen
2025-12-18T08:53:29.636Z,0.255,1,600,480x270,3.101066000000003,,
2025-12-18T08:53:30.149Z,0.278,1,600,480x270,3.0944400000000023,,
2025-12-18T08:53:30.655Z,0.271,1,600,480x270,3.0840570000000014,,
2025-12-18T08:53:31.182Z,0.227,1,600,480x270,3.068549000000001,,
2025-12-18T08:53:31.464Z,0.299,1,600,480x270,3.089502999999997,,rebuffer happen
2025-12-18T08:53:31.500Z,0.29,1,600,480x270,3.046865999999998,,rebuffer happen
2025-12-18T08:53:31.560Z,0.329,1,600,480x270,3.0482869999999984,,
2025-12-18T08:53:31.729Z,0.181,1,600,480x270,2.9076720000000016,,rebuffer happen
2025-12-18T08:53:31.939Z,0.319,1,600,480x270,2.9377889999999987,,
2025-12-18T08:53:32.017Z,0.206,1,600,480x270,2.8211489999999984,,rebuffer happen
2025-12-18T08:53:32.134Z,0.032,1,600,480x270,2.8472940000000015,,rebuffer happen
2025-12-18T08:53:32.385Z,0.318,1,600,480x270,2.8088279999999983,,
2025-12-18T08:53:32.385Z,0.292,1,600,480x270,2.8084979999999966,,rebuffer happen
2025-12-18T08:53:32.932Z,0.27,1,600,480x270,2.762179999999997,,
2025-12-18T08:53:33.395Z,0.287,1,600,480x270,2.7984459999999984,,
2025-12-18T08:53:33.825Z,0.365,1,600,480x270,2.782394,,
2025-12-18T08:53:33.988Z,0.197,1,600,480x270,2.818949,,rebuffer happen
2025-12-18T08:53:34.280Z,0.373,1,600,480x270,2.7881290000000014,,
2025-12-18T08:53:34.395Z,0.199,1,600,480x270,2.7278829999999985,,rebuffer happen
2025-12-18T08:53:34.502Z,0.04,1,600,480x270,2.656161000000001,,rebuffer happen
2025-12-18T08:53:34.890Z,0.216,1,600,480x270,2.7465149999999987,,
2025-12-18T08:53:35.103Z,0.018,1,600,480x270,2.737020000000001,,rebuffer happen
2025-12-18T08:53:35.203Z,0.028,1,600,480x270,2.8123470000000026,,rebuffer happen
2025-12-18T08:53:35.641Z,0.099,1,600,480x270,2.916112000000002,,
2025-12-18T08:53:35.703Z,0.032,1,600,480x270,2.854876000000001,,rebuffer happen
2025-12-18T08:53:36.248Z,0.149,1,600,480x270,3.0945779999999985,,
2025-12-18T08:53:36.404Z,0.019,1,600,480x270,3.048776,,rebuffer happen
2025-12-18T08:53:36.620Z,0.307,1,600,480x270,3.0508890000000015,,
2025-12-18T08:53:36.656Z,0.285,1,600,480x270,3.103170000000002,,rebuffer happen
2025-12-18T08:53:36.821Z,0.038,1,600,480x270,2.955249000000002,,rebuffer happen
2025-12-18T08:53:37.021Z,0.325,1,600,480x270,2.969100000000001,,
2025-12-18T08:53:37.077Z,0.298,1,600,480x270,3.022802000000002,,rebuffer happen
2025-12-18T08:53:37.255Z,0.033,1,600,480x270,2.947748999999998,,rebuffer happen
2025-12-18T08:53:37.450Z,0.361,1,600,480x270,3.031936999999999,,
2025-12-18T08:53:37.624Z,0.19,1,600,480x270,2.914383000000001,,rebuffer happen
2025-12-18T08:53:37.721Z,0.045,1,600,480x270,2.8662850000000013,,rebuffer happen
2025-12-18T08:53:38.188Z,0.019,1,600,480x270,2.8731170000000006,,rebuffer happen
2025-12-18T08:53:38.189Z,0.019,1,600,480x270,2.8731170000000006,,rebuffer happen
2025-12-18T08:53:38.512Z,0.019,1,600,480x270,3.169117,,
2025-12-18T08:53:38.539Z,0.029,1,600,480x270,3.250164999999999,,rebuffer happen
2025-12-18T08:53:39.128Z,0.286,1,600,480x270,3.5040520000000015,,
2025-12-18T08:53:39.663Z,0.236,1,600,480x270,3.567823999999998,,
2025-12-18T08:53:40.172Z,0.246,1,600,480x270,3.555198999999998,,
2025-12-18T08:53:40.688Z,0.236,1,600,480x270,3.5581239999999994,,
2025-12-18T08:53:41.176Z,0.237,1,600,480x270,3.570935000000002,,
2025-12-18T08:53:41.678Z,0.257,1,600,480x270,3.5724260000000037,,
2025-12-18T08:53:42.161Z,0.256,1,600,480x270,3.5919230000000013,,
2025-12-18T08:53:42.676Z,0.272,1,600,480x270,3.587492000000001,,
2025-12-18T08:53:43.206Z,0.223,1,600,480x270,3.5566580000000023,,
2025-12-18T08:53:43.725Z,0.249,1,600,480x270,3.546711000000002,,
2025-12-18T08:53:43.960Z,0.024,1,600,480x270,3.6113150000000047,,rebuffer happen
2025-12-18T08:53:44.230Z,0.192,1,600,480x270,3.5712580000000003,,
2025-12-18T08:53:44.784Z,0.199,1,600,480x270,3.624018999999997,,
2025-12-18T08:53:44.961Z,0.026,1,600,480x270,3.641448000000004,,rebuffer happen
2025-12-18T08:53:45.261Z,0.287,1,600,480x270,3.699793999999997,,
2025-12-18T08:53:45.771Z,0.233,1,600,480x270,3.697679000000001,,
2025-12-18T08:53:46.300Z,0.238,1,600,480x270,3.6691649999999996,,
2025-12-18T08:53:46.796Z,0.255,1,600,480x270,3.686132999999998,,
2025-12-18T08:53:47.342Z,0.212,1,600,480x270,3.748153000000002,,
2025-12-18T08:53:47.546Z,0.024,1,600,480x270,3.7515789999999996,,rebuffer happen
2025-12-18T08:53:47.877Z,0.208,1,600,480x270,3.736787999999997,,
2025-12-18T08:53:48.379Z,0.215,1,600,480x270,3.739442000000004,,
2025-12-18T08:53:48.580Z,0.029,1,600,480x270,3.7456589999999963,,rebuffer happen
2025-12-18T08:53:48.892Z,0.248,1,600,480x270,3.774254000000006,,
2025-12-18T08:53:49.115Z,0.026,1,600,480x270,3.754990999999997,,rebuffer happen
2025-12-18T08:53:49.433Z,0.256,1,600,480x270,3.7602580000000003,,
2025-12-18T08:53:49.953Z,0.198,1,600,480x270,3.848382000000001,,
2025-12-18T08:53:50.460Z,0.215,1,600,480x270,3.846944999999998,,
2025-12-18T08:53:50.960Z,0.232,1,600,480x270,3.8454690000000014,,
2025-12-18T08:53:51.521Z,0.12,1,600,480x270,3.7830060000000003,,
2025-12-18T08:53:51.666Z,0.022,1,600,480x270,3.844323000000003,,rebuffer happen
2025-12-18T08:53:51.976Z,0.262,1,600,480x270,3.896321999999998,,
2025-12-18T08:53:52.467Z,0.271,1,600,480x270,3.909959999999998,,
2025-12-18T08:53:52.997Z,0.241,1,600,480x270,3.8801109999999994,,
2025-12-18T08:53:53.235Z,0.024,1,600,480x270,3.940137,,rebuffer happen
2025-12-18T08:53:53.521Z,0.257,1,600,480x270,3.900652000000001,,
2025-12-18T08:53:54.040Z,0.233,1,600,480x270,3.9759129999999985,,
2025-12-18T08:53:54.269Z,0.029,1,600,480x270,3.9515659999999997,,rebuffer happen
2025-12-18T08:53:54.562Z,0.262,1,600,480x270,3.9923099999999963,,
2025-12-18T08:53:54.802Z,0.032,1,600,480x270,3.956204999999997,,rebuffer happen
2025-12-18T08:53:55.080Z,0.235,1,600,480x270,4.001380000000005,,
2025-12-18T08:53:55.336Z,0.027,1,600,480x270,4.044898000000003,,rebuffer happen
2025-12-18T08:53:55.631Z,0.247,1,600,480x270,3.957543000000001,,
2025-12-18T08:53:55.853Z,0.02,1,600,480x270,4.037049000000003,,rebuffer happen
2025-12-18T08:53:56.149Z,0.205,1,600,480x270,4.097144,,
2025-12-18T08:53:56.387Z,0.032,1,600,480x270,4.0615900000000025,,rebuffer happen
2025-12-18T08:53:56.680Z,0.273,1,600,480x270,4.088917000000002,,
2025-12-18T08:53:56.921Z,0.026,1,600,480x270,4.055410000000002,,rebuffer happen
2025-12-18T08:53:57.205Z,0.229,1,600,480x270,4.100831999999997,,
2025-12-18T08:53:57.454Z,0.033,1,600,480x270,4.151049,,rebuffer happen
2025-12-18T08:53:57.754Z,0.239,1,600,480x270,4.167634999999997,,
2025-12-18T08:53:57.988Z,0.019,1,600,480x270,4.1378309999999985,,rebuffer happen
2025-12-18T08:53:58.269Z,0.245,1,600,480x270,4.202429000000002,,
2025-12-18T08:53:58.813Z,0.228,1,600,480x270,4.168093999999996,,
2025-12-18T08:53:59.023Z,0.031,1,600,480x270,4.158344,,rebuffer happen
2025-12-18T08:53:59.396Z,0.246,1,600,480x270,4.239857000000001,,
2025-12-18T08:53:59.590Z,0.028,1,600,480x270,4.253960999999997,,rebuffer happen
2025-12-18T08:53:59.894Z,0.223,1,600,480x270,4.265177000000001,,
2025-12-18T08:54:00.123Z,0.02,1,600,480x270,4.238160000000001,,rebuffer happen
2025-12-18T08:54:00.403Z,0.268,1,600,480x270,4.312745,,
2025-12-18T08:54:00.924Z,0.262,1,600,480x270,4.290811999999995,,
2025-12-18T08:54:01.430Z,0.287,1,600,480x270,4.298824000000003,,
2025-12-18T08:54:01.932Z,0.257,1,600,480x270,4.288466999999997,,
2025-12-18T08:54:02.431Z,0.278,1,600,480x270,4.291473000000003,,
2025-12-18T08:54:02.941Z,0.28,1,600,480x270,4.398516999999998,,
2025-12-18T08:54:03.193Z,0.025,1,600,480x270,4.345877999999999,,rebuffer happen
2025-12-18T08:54:03.483Z,0.236,1,600,480x270,4.400180999999996,,
2025-12-18T08:54:04.012Z,0.239,1,600,480x270,4.370522999999999,,
2025-12-18T08:54:04.243Z,0.017,1,600,480x270,4.437886999999996,,rebuffer happen
2025-12-18T08:54:04.410Z,0.017,1,600,480x270,4.402609999999996,,rebuffer happen
2025-12-18T08:54:04.605Z,0.199,1,600,480x270,4.412222000000007,,
2025-12-18T08:54:04.777Z,0.023,1,600,480x270,4.440680999999998,,rebuffer happen
2025-12-18T08:54:04.844Z,0.03,1,600,480x270,4.52122,,rebuffer happen
2025-12-18T08:54:05.081Z,0.293,1,600,480x270,4.507869999999997,,
2025-12-18T08:54:05.585Z,0.306,1,600,480x270,4.516578000000003,,
2025-12-18T08:54:05.643Z,0.243,1,600,480x270,4.5677300000000045,,rebuffer happen
2025-12-18T08:54:05.778Z,0.041,1,600,480x270,4.457920999999999,,rebuffer happen
2025-12-18T08:54:06.087Z,0.283,1,600,480x270,4.491009000000005,,
2025-12-18T08:54:06.584Z,0.282,1,600,480x270,4.517654999999998,,
2025-12-18T08:54:07.120Z,0.245,1,600,480x270,4.479210000000002,,
2025-12-18T08:54:07.363Z,0.017,1,600,480x270,4.532173,,rebuffer happen
2025-12-18T08:54:07.666Z,0.219,1,600,480x270,4.574913000000002,,
2025-12-18T08:54:07.896Z,0.019,1,600,480x270,4.539641000000003,,rebuffer happen
2025-12-18T08:54:08.231Z,0.223,1,600,480x270,4.542639000000001,,
2025-12-18T08:54:08.430Z,0.019,1,600,480x270,4.547582000000006,,rebuffer happen
2025-12-18T08:54:08.463Z,0.028,1,600,480x270,4.610281999999998,,rebuffer happen
2025-12-18T08:54:08.731Z,0.237,1,600,480x270,4.591681000000001,,
2025-12-18T08:54:08.964Z,0.031,1,600,480x270,4.658048000000001,,rebuffer happen
2025-12-18T08:54:09.297Z,0.237,1,600,480x270,4.653435999999999,,
2025-12-18T08:54:09.515Z,0.022,1,600,480x270,4.639284999999994,,rebuffer happen
2025-12-18T08:54:09.808Z,0.244,1,600,480x270,4.6780550000000005,,
2025-12-18T08:54:10.347Z,0.205,1,600,480x270,4.746313999999998,,
2025-12-18T08:54:10.548Z,0.033,1,600,480x270,4.761823999999997,,rebuffer happen
2025-12-18T08:54:10.865Z,0.252,1,600,480x270,4.769083000000002,,
2025-12-18T08:54:11.083Z,0.03,1,600,480x270,4.745553000000001,,rebuffer happen
2025-12-18T08:54:11.367Z,0.277,1,600,480x270,4.812038000000001,,
2025-12-18T08:54:11.874Z,0.273,1,600,480x270,4.830050999999997,,rebuffer happen
2025-12-18T08:54:11.886Z,0.273,1,600,480x270,4.812573999999998,,
2025-12-18T08:54:12.083Z,0.028,1,600,480x270,4.743998999999995,,rebuffer happen
2025-12-18T08:54:12.432Z,0.27,1,600,480x270,4.776256000000004,,
2025-12-18T08:54:12.946Z,0.271,1,600,480x270,4.893168000000003,,
2025-12-18T08:54:13.336Z,0.361,1,600,480x270,4.892946000000002,,
2025-12-18T08:54:13.494Z,0.173,1,600,480x270,4.8023820000000015,,rebuffer happen
2025-12-18T08:54:13.716Z,0.313,1,600,480x270,4.673911000000004,,
2025-12-18T08:54:13.865Z,0.21,1,600,480x270,4.7399990000000045,,rebuffer happen
2025-12-18T08:54:14.119Z,0.37,1,600,480x270,4.633947999999997,,
2025-12-18T08:54:14.370Z,0.118,1,600,480x270,4.611443999999999,,rebuffer happen
2025-12-18T08:54:14.603Z,0.338,1,600,480x270,4.565070999999996,,
2025-12-18T08:54:14.735Z,0.139,1,600,480x270,4.554604999999995,,rebuffer happen
2025-12-18T08:54:14.802Z,0.038,1,600,480x270,4.453942999999995,,rebuffer happen
2025-12-18T08:54:15.124Z,0.281,1,600,480x270,4.504526999999996,,
2025-12-18T08:54:15.369Z,0.032,1,600,480x270,4.5490469999999945,,rebuffer happen
2025-12-18T08:54:15.605Z,0.325,1,600,480x270,4.550118000000005,,
2025-12-18T08:54:15.660Z,0.252,1,600,480x270,4.567703999999999,,rebuffer happen
2025-12-18T08:54:15.803Z,0.038,1,600,480x270,4.459272000000006,,rebuffer happen
2025-12-18T08:54:16.049Z,0.349,1,600,480x270,4.566004000000007,,
2025-12-18T08:54:16.253Z,0.046,1,600,480x270,4.473656999999996,,rebuffer happen
2025-12-18T08:54:16.254Z,0.046,1,600,480x270,4.473656999999996,,rebuffer happen
2025-12-18T08:54:16.459Z,0.35,1,600,480x270,4.506636,,
2025-12-18T08:54:16.687Z,0.049,1,600,480x270,4.370023000000003,,rebuffer happen
2025-12-18T08:54:16.688Z,0.049,1,600,480x270,4.370023000000003,,rebuffer happen
2025-12-18T08:54:16.941Z,0.363,1,600,480x270,4.475007000000005,,
2025-12-18T08:54:17.139Z,0.069,1,600,480x270,4.389816999999994,,rebuffer happen
2025-12-18T08:54:17.154Z,0.047,1,600,480x270,4.367885000000001,,rebuffer happen
2025-12-18T08:54:17.404Z,0.024,1,600,480x270,4.448243000000005,,rebuffer happen
2025-12-18T08:54:17.454Z,0.03,1,600,480x270,4.513236000000006,,rebuffer happen
2025-12-18T08:54:17.770Z,0.096,1,600,480x270,4.516383000000005,,
2025-12-18T08:54:17.838Z,0.022,1,600,480x270,4.542459999999991,,rebuffer happen
2025-12-18T08:54:18.398Z,0.219,1,600,480x270,4.728073000000009,,
2025-12-18T08:54:18.605Z,0.026,1,600,480x270,4.74073700000001,,rebuffer happen
2025-12-18T08:54:19.017Z,0.235,1,600,480x270,4.874377999999993,,
2025-12-18T08:54:19.239Z,0.028,1,600,480x270,4.948962000000009,,rebuffer happen
2025-12-18T08:54:19.573Z,0.318,1,600,480x270,5.028399999999991,,
2025-12-18T08:54:19.682Z,0.203,1,600,480x270,5.034456000000006,,rebuffer happen
2025-12-18T08:54:19.807Z,0.031,1,600,480x270,4.956487999999993,,rebuffer happen
2025-12-18T08:54:20.250Z,0.238,1,600,480x270,5.128738999999996,,
2025-12-18T08:54:20.440Z,0.022,1,600,480x270,5.137293999999997,,rebuffer happen
2025-12-18T08:54:20.783Z,0.272,1,600,480x270,5.205630999999997,,
2025-12-18T08:54:21.040Z,0.029,1,600,480x270,5.247431000000006,,rebuffer happen
2025-12-18T08:54:21.324Z,0.021,1,600,480x270,5.202465000000004,,rebuffer happen
2025-12-18T08:54:21.424Z,0.023,1,600,480x270,5.279147999999992,,rebuffer happen
2025-12-18T08:54:21.564Z,0.151,1,600,480x270,5.352630000000005,,
2025-12-18T08:54:21.675Z,0.017,1,600,480x270,5.340688,,rebuffer happen
2025-12-18T08:54:21.791Z,0.03,1,600,480x270,5.41251299999999,,rebuffer happen
2025-12-18T08:54:22.080Z,0.162,1,600,480x270,5.450513999999998,,
2025-12-18T08:54:22.570Z,0.257,1,600,480x270,5.477956000000006,,
2025-12-18T08:54:23.026Z,0.287,1,600,480x270,5.429460000000006,,
2025-12-18T08:54:23.515Z,0.324,1,600,480x270,5.442329999999998,,
2025-12-18T08:54:23.647Z,0.204,1,600,480x270,5.533210999999994,,rebuffer happen
2025-12-18T08:54:23.964Z,0.299,1,600,480x270,5.490789000000007,,rebuffer happen
2025-12-18T08:54:24.023Z,0.293,1,600,480x270,5.431296000000003,,
2025-12-18T08:54:24.051Z,0.278,1,600,480x270,5.4953649999999925,,rebuffer happen
2025-12-18T08:54:24.532Z,0.262,1,600,480x270,5.351514999999992,,
2025-12-18T08:54:25.029Z,0.263,1,600,480x270,5.367548999999997,,
2025-12-18T08:54:25.447Z,0.31,1,600,480x270,5.4545420000000036,,
2025-12-18T08:54:25.505Z,0.274,1,600,480x270,5.402073999999999,,rebuffer happen
2025-12-18T08:54:25.993Z,0.311,1,600,480x270,5.401509000000004,,
2025-12-18T08:54:25.994Z,0.285,1,600,480x270,5.400903999999997,,rebuffer happen
2025-12-18T08:54:26.652Z,0.153,1,600,480x270,5.4589890000000025,,
2025-12-18T08:54:26.779Z,0.018,1,600,480x270,5.439054000000013,,rebuffer happen
2025-12-18T08:54:27.241Z,0.142,1,600,480x270,5.535579999999996,,
2025-12-18T08:54:27.329Z,0.026,1,600,480x270,5.447783999999999,,rebuffer happen
2025-12-18T08:54:27.446Z,0.024,1,600,480x270,5.607032000000004,,rebuffer happen
2025-12-18T08:54:27.707Z,0.227,1,600,480x270,5.575885999999997,,
2025-12-18T08:54:27.947Z,0.017,1,600,480x270,5.645369000000002,,rebuffer happen
2025-12-18T08:54:27.979Z,0.025,1,600,480x270,5.619720999999998,,rebuffer happen
2025-12-18T08:54:28.171Z,0.273,1,600,480x270,5.635576,,
2025-12-18T08:54:28.234Z,0.257,1,600,480x270,5.671718000000013,,rebuffer happen
2025-12-18T08:54:28.380Z,0.038,1,600,480x270,5.5620660000000015,,rebuffer happen
2025-12-18T08:54:28.668Z,0.385,1,600,480x270,5.701237999999989,,
2025-12-18T08:54:28.812Z,0.162,1,600,480x270,5.576918000000006,,rebuffer happen
2025-12-18T08:54:28.897Z,0.035,1,600,480x270,5.554048000000009,,rebuffer happen
2025-12-18T08:54:29.264Z,0.019,1,600,480x270,5.703656000000009,,rebuffer happen
2025-12-18T08:54:29.458Z,0.147,1,600,480x270,5.814514000000003,,
2025-12-18T08:54:29.631Z,0.029,1,600,480x270,5.744838999999999,,rebuffer happen
2025-12-18T08:54:30.032Z,0.232,1,600,480x270,5.841572999999997,,
2025-12-18T08:54:30.232Z,0.027,1,600,480x270,5.851120999999992,,rebuffer happen
2025-12-18T08:54:30.569Z,0.205,1,600,480x270,5.961455999999998,,
2025-12-18T08:54:30.782Z,0.019,1,600,480x270,5.939042000000001,,rebuffer happen
2025-12-18T08:54:31.130Z,0.244,1,600,480x270,5.913833999999994,,
2025-12-18T08:54:31.299Z,0.062,1,600,480x270,5.946747000000002,,rebuffer happen
2025-12-18T08:54:31.332Z,0.032,1,600,480x270,5.916831999999999,,rebuffer happen
2025-12-18T08:54:31.719Z,0.098,1,600,480x270,5.971849000000006,,
2025-12-18T08:54:32.096Z,0.271,1,600,480x270,5.983001999999999,,
2025-12-18T08:54:32.592Z,0.258,1,600,480x270,5.9869699999999995,,
2025-12-18T08:54:33.138Z,0.251,1,600,480x270,6.045494999999988,,
2025-12-18T08:54:33.700Z,0.292,1,600,480x270,5.991328999999993,,
2025-12-18T08:54:33.852Z,0.017,1,600,480x270,6.032436000000004,,rebuffer happen
2025-12-18T08:54:33.985Z,0.02,1,600,480x270,6.102998999999997,,rebuffer happen
2025-12-18T08:54:34.204Z,0.244,1,600,480x270,6.118060999999997,,
2025-12-18T08:54:34.712Z,0.286,1,600,480x270,6.115364999999997,,
2025-12-18T08:54:35.235Z,0.282,1,600,480x270,6.192398999999995,,
2025-12-18T08:54:35.758Z,0.278,1,600,480x270,6.201188000000002,,
2025-12-18T08:54:36.280Z,0.255,1,600,480x270,6.174262000000013,,
2025-12-18T08:54:36.795Z,0.245,1,600,480x270,6.1658510000000035,,
2025-12-18T08:54:37.308Z,0.234,1,600,480x270,6.149180999999999,,
2025-12-18T08:54:37.823Z,0.224,1,600,480x270,6.138200000000012,,
2025-12-18T08:54:38.376Z,0.159,1,600,480x270,6.179595000000006,,
2025-12-18T08:54:38.756Z,0.281,1,600,480x270,6.212911000000005,,
2025-12-18T08:54:39.086Z,0.298,1,600,480x270,6.187033,,rebuffer happen
2025-12-18T08:54:39.222Z,0.33,1,600,480x270,6.146973000000003,,
2025-12-18T08:54:39.306Z,0.245,1,600,480x270,6.167896999999996,,rebuffer happen
2025-12-18T08:54:39.573Z,0.286,1,600,480x270,6.208185,,rebuffer happen
2025-12-18T08:54:39.697Z,0.267,1,600,480x270,6.117073999999988,,rebuffer happen
2025-12-18T08:54:39.704Z,0.267,1,600,480x270,6.105105999999992,,
2025-12-18T08:54:40.162Z,0.254,1,600,480x270,6.084132999999994,,
2025-12-18T08:54:40.655Z,0.263,1,600,480x270,6.094514000000004,,
2025-12-18T08:54:41.177Z,0.243,1,600,480x270,6.074705999999992,,
2025-12-18T08:54:41.407Z,0.027,1,600,480x270,6.053525000000008,,rebuffer happen
2025-12-18T08:54:41.662Z,0.308,1,600,480x270,6.120974000000004,,
2025-12-18T08:54:41.683Z,0.282,1,600,480x270,6.100741999999997,,rebuffer happen
2025-12-18T08:54:41.841Z,0.045,1,600,480x270,6.064776999999992,,rebuffer happen
2025-12-18T08:54:42.128Z,0.334,1,600,480x270,6.091477999999995,,
2025-12-18T08:54:42.225Z,0.227,1,600,480x270,6.054502999999997,,rebuffer happen
2025-12-18T08:54:42.358Z,0.028,1,600,480x270,6.045783,,rebuffer happen
2025-12-18T08:54:42.693Z,0.302,1,600,480x270,6.100985999999992,,
2025-12-18T08:54:42.694Z,0.277,1,600,480x270,6.100101999999993,,rebuffer happen
2025-12-18T08:54:42.859Z,0.031,1,600,480x270,6.048691000000005,,rebuffer happen
2025-12-18T08:54:43.253Z,0.35,1,600,480x270,6.272128000000009,,
2025-12-18T08:54:43.309Z,0.289,1,600,480x270,6.216198000000006,,rebuffer happen
2025-12-18T08:54:43.526Z,0.025,1,600,480x270,6.141184999999993,,rebuffer happen
2025-12-18T08:54:43.796Z,0.332,1,600,480x270,6.306691999999998,,
2025-12-18T08:54:44.026Z,0.043,1,600,480x270,6.17042099999999,,rebuffer happen
2025-12-18T08:54:44.027Z,0.043,1,600,480x270,6.17042099999999,,rebuffer happen
2025-12-18T08:54:44.445Z,0.313,1,600,480x270,6.423101000000003,,
2025-12-18T08:54:44.546Z,0.206,1,600,480x270,6.426430999999994,,rebuffer happen
2025-12-18T08:54:44.660Z,0.036,1,600,480x270,6.366210999999993,,rebuffer happen
2025-12-18T08:54:45.004Z,0.361,1,600,480x270,6.480362999999997,,
2025-12-18T08:54:45.130Z,0.229,1,600,480x270,6.44816999999999,,rebuffer happen
2025-12-18T08:54:45.311Z,0.019,1,600,480x270,6.439992000000004,,rebuffer happen
2025-12-18T08:54:45.361Z,0.027,1,600,480x270,6.508758,,rebuffer happen
2025-12-18T08:54:45.602Z,0.28,1,600,480x270,6.493105,,
2025-12-18T08:54:45.845Z,0.032,1,600,480x270,6.558199999999999,,rebuffer happen
2025-12-18T08:54:46.159Z,0.29,1,600,480x270,6.614808999999994,,
2025-12-18T08:54:46.428Z,0.019,1,600,480x270,6.537563000000006,,rebuffer happen
2025-12-18T08:54:46.806Z,0.229,1,600,480x270,6.594664000000009,,
2025-12-18T08:54:46.945Z,0.026,1,600,480x270,6.643431000000007,,rebuffer happen
2025-12-18T08:54:47.375Z,0.239,1,600,480x270,6.728811000000007,,
2025-12-18T08:54:47.579Z,0.018,1,600,480x270,6.734962999999993,,rebuffer happen
2025-12-18T08:54:47.850Z,0.225,1,600,480x270,6.770674999999997,,
2025-12-18T08:54:48.373Z,0.238,1,600,480x270,6.749248000000009,,
2025-12-18T08:54:48.940Z,0.183,1,600,480x270,6.813764000000006,,
2025-12-18T08:54:49.114Z,0.019,1,600,480x270,6.741590000000002,,rebuffer happen
2025-12-18T08:54:49.427Z,0.24,1,600,480x270,6.778434000000004,,
2025-12-18T08:54:49.997Z,0.25,1,600,480x270,6.80935199999999,,
2025-12-18T08:54:50.165Z,0.024,1,600,480x270,6.846022000000005,,rebuffer happen
2025-12-18T08:54:50.555Z,0.114,1,600,480x270,6.857583000000005,,
2025-12-18T08:54:50.666Z,0.033,1,600,480x270,6.850148999999988,,rebuffer happen
2025-12-18T08:54:50.944Z,0.275,1,600,480x270,6.945545999999993,,
2025-12-18T08:54:51.159Z,0.174,1,600,480x270,6.932359000000005,,rebuffer happen
2025-12-18T08:54:51.490Z,0.21,1,600,480x270,6.912576999999999,,
2025-12-18T08:54:51.950Z,0.309,1,600,480x270,6.952860999999999,,
2025-12-18T08:54:51.996Z,0.277,1,600,480x270,6.9070779999999985,,rebuffer happen
2025-12-18T08:54:52.484Z,0.245,1,600,480x270,6.913381000000001,,
2025-12-18T08:54:53.085Z,0.169,1,600,480x270,6.924621999999999,,
2025-12-18T08:54:53.251Z,0.033,1,600,480x270,6.953643,,rebuffer happen
2025-12-18T08:54:53.552Z,0.281,1,600,480x270,7.023392999999999,,
2025-12-18T08:54:54.033Z,0.317,1,600,480x270,6.938047000000012,,
2025-12-18T08:54:54.051Z,0.295,1,600,480x270,7.010901999999987,,rebuffer happen
2025-12-18T08:54:54.268Z,0.023,1,600,480x270,6.944921999999991,,rebuffer happen
2025-12-18T08:54:54.538Z,0.266,1,600,480x270,7.006355999999997,,
2025-12-18T08:54:54.802Z,0.028,1,600,480x270,6.948463000000004,,rebuffer happen
2025-12-18T08:54:55.081Z,0.267,1,600,480x270,6.997126999999992,,
2025-12-18T08:54:55.335Z,0.026,1,600,480x270,7.041398000000001,,rebuffer happen
2025-12-18T08:54:55.613Z,0.284,1,600,480x270,7.015667000000008,,
2025-12-18T08:54:56.131Z,0.285,1,600,480x270,6.997842000000006,,
2025-12-18T08:54:56.420Z,0.025,1,600,480x270,7.007404000000008,,rebuffer happen
2025-12-18T08:54:56.677Z,0.215,1,600,480x270,7.079554999999999,,
2025-12-18T08:54:56.920Z,0.022,1,600,480x270,7.040555000000012,,rebuffer happen
2025-12-18T08:54:57.197Z,0.246,1,600,480x270,7.081760000000003,,
2025-12-18T08:54:57.437Z,0.028,1,600,480x270,7.146513999999996,,rebuffer happen
2025-12-18T08:54:57.742Z,0.239,1,600,480x270,7.173043000000007,,
2025-12-18T08:54:57.971Z,0.025,1,600,480x270,7.146617000000006,,rebuffer happen
2025-12-18T08:54:58.229Z,0.28,1,600,480x270,7.109605000000002,,
2025-12-18T08:54:58.782Z,0.231,1,600,480x270,7.170468,,
2025-12-18T08:54:59.005Z,0.028,1,600,480x270,7.143478000000002,,rebuffer happen
2025-12-18T08:54:59.055Z,0.03,1,600,480x270,7.216252999999995,,rebuffer happen
2025-12-18T08:54:59.205Z,0.03,1,600,480x270,7.178122000000002,,rebuffer happen
2025-12-18T08:54:59.439Z,0.16,1,600,480x270,7.3135719999999935,,
2025-12-18T08:54:59.606Z,0.029,1,600,480x270,7.257469999999998,,rebuffer happen
2025-12-18T08:54:59.994Z,0.2,1,600,480x270,7.322794000000002,,
2025-12-18T08:55:00.454Z,0.233,1,600,480x270,7.362829000000005,,
2025-12-18T08:55:00.939Z,0.235,1,600,480x270,7.382284999999996,,
2025-12-18T08:55:01.447Z,0.198,1,600,480x270,7.372869999999992,,
2025-12-18T08:55:02.039Z,0.175,1,600,480x270,7.387023999999997,,
2025-12-18T08:55:02.175Z,0.031,1,600,480x270,7.348298999999997,,rebuffer happen
2025-12-18T08:55:02.589Z,0.185,1,600,480x270,7.3953089999999975,,
2025-12-18T08:55:02.742Z,0.02,1,600,480x270,7.4426950000000005,,rebuffer happen
2025-12-18T08:55:03.077Z,0.195,1,600,480x270,7.430562000000009,,
2025-12-18T08:55:03.563Z,0.227,1,600,480x270,7.461117999999999,,
2025-12-18T08:55:03.915Z,0.373,1,600,480x270,7.402806000000012,,
2025-12-18T08:55:04.010Z,0.292,1,600,480x270,7.40705899999999,,rebuffer happen
2025-12-18T08:55:04.318Z,0.46,1,600,480x270,7.373626000000002,,
2025-12-18T08:55:04.783Z,0.376,1,600,480x270,7.3020719999999955,,
2025-12-18T08:55:04.870Z,0.246,1,600,480x270,7.265937999999991,,rebuffer happen
2025-12-18T08:55:05.350Z,0.118,1,600,480x270,7.1541,,
2025-12-18T08:55:05.461Z,0.021,1,600,480x270,7.146113,,rebuffer happen
2025-12-18T08:55:05.824Z,0.243,1,600,480x270,7.163550000000001,,
2025-12-18T08:55:06.273Z,0.275,1,600,480x270,7.212165999999996,,
2025-12-18T08:55:06.611Z,0.296,1,600,480x270,7.183322000000004,,rebuffer happen
2025-12-18T08:55:06.706Z,0.344,1,600,480x270,7.1354690000000005,,
2025-12-18T08:55:06.780Z,0.209,1,600,480x270,7.133873999999992,,rebuffer happen
2025-12-18T08:55:06.979Z,0.045,1,600,480x270,7.038075000000006,,rebuffer happen
2025-12-18T08:55:07.270Z,0.143,1,600,480x270,7.0760740000000055,,
2025-12-18T08:55:07.395Z,0.026,1,600,480x270,7.047746000000004,,rebuffer happen
2025-12-18T08:55:07.793Z,0.21,1,600,480x270,7.102017000000004,,
2025-12-18T08:55:08.029Z,0.017,1,600,480x270,7.079233000000002,,rebuffer happen
2025-12-18T08:55:08.062Z,0.022,1,600,480x270,7.136592000000007,,rebuffer happen
2025-12-18T08:55:08.316Z,0.162,1,600,480x270,7.100353999999996,,
2025-12-18T08:55:08.513Z,0.019,1,600,480x270,7.105281000000005,,rebuffer happen
2025-12-18T08:55:08.763Z,0.244,1,600,480x270,7.184719999999999,,
2025-12-18T08:55:09.365Z,0.185,1,600,480x270,7.177115000000001,,
2025-12-18T08:55:09.514Z,0.024,1,600,480x270,7.152787000000004,,rebuffer happen
2025-12-18T08:55:09.889Z,0.234,1,600,480x270,7.240487999999999,,
2025-12-18T08:55:10.081Z,0.032,1,600,480x270,7.254636000000005,,rebuffer happen
2025-12-18T08:55:10.385Z,0.245,1,600,480x270,7.273141999999993,,
2025-12-18T08:55:11.057Z,0.112,1,600,480x270,7.32179099999999,,
2025-12-18T08:55:11.132Z,0.032,1,600,480x270,7.247792999999987,,rebuffer happen
2025-12-18T08:55:11.636Z,0.217,1,600,480x270,7.513169999999988,,
2025-12-18T08:55:12.206Z,0.114,1,600,480x270,7.443577000000005,,
2025-12-18T08:55:12.316Z,0.018,1,600,480x270,7.434186999999994,,rebuffer happen
2025-12-18T08:55:12.416Z,0.018,1,600,480x270,7.500162000000003,,rebuffer happen
2025-12-18T08:55:12.483Z,0.025,1,600,480x270,7.546771000000007,,rebuffer happen
2025-12-18T08:55:12.825Z,0.251,1,600,480x270,7.64439999999999,,
2025-12-18T08:55:13.033Z,0.018,1,600,480x270,7.638826999999992,,rebuffer happen
2025-12-18T08:55:13.134Z,0.028,1,600,480x270,7.810091999999997,,rebuffer happen
2025-12-18T08:55:13.380Z,0.271,1,600,480x270,7.787292000000008,,
2025-12-18T08:55:13.617Z,0.029,1,600,480x270,7.7576859999999925,,rebuffer happen
2025-12-18T08:55:13.917Z,0.284,1,600,480x270,7.823319999999995,,
2025-12-18T08:55:14.429Z,0.275,1,600,480x270,7.813378,,
2025-12-18T08:55:14.948Z,0.245,1,600,480x270,7.886611000000002,,
2025-12-18T08:55:15.185Z,0.031,1,600,480x270,7.853214000000008,,rebuffer happen
2025-12-18T08:55:15.471Z,0.279,1,600,480x270,7.897375999999994,,
2025-12-18T08:55:15.981Z,0.248,1,600,480x270,7.886883999999995,,
2025-12-18T08:55:16.219Z,0.031,1,600,480x270,7.851580999999996,,rebuffer happen
2025-12-18T08:55:16.476Z,0.286,1,600,480x270,7.916122000000001,,
2025-12-18T08:55:17.024Z,0.22,1,600,480x270,7.866394000000014,,
2025-12-18T08:55:17.253Z,0.022,1,600,480x270,7.942610999999985,,rebuffer happen
2025-12-18T08:55:17.303Z,0.021,1,600,480x270,7.9087729999999965,,rebuffer happen
2025-12-18T08:55:17.535Z,0.258,1,600,480x270,7.99524000000001,,
2025-12-18T08:55:18.175Z,0.091,1,600,480x270,7.957759999999993,,
2025-12-18T08:55:18.288Z,0.027,1,600,480x270,7.9556479999999965,,rebuffer happen
2025-12-18T08:55:18.645Z,0.217,1,600,480x270,8.057930000000013,,
2025-12-18T08:55:19.133Z,0.264,1,600,480x270,7.9689010000000025,,
2025-12-18T08:55:19.655Z,0.266,1,600,480x270,8.070024000000018,,
2025-12-18T08:55:20.106Z,0.276,1,600,480x270,8.019172999999995,,
2025-12-18T08:55:20.139Z,0.269,1,600,480x270,8.084533000000008,,rebuffer happen
2025-12-18T08:55:20.290Z,0.043,1,600,480x270,7.96349699999999,,rebuffer happen
2025-12-18T08:55:20.596Z,0.286,1,600,480x270,7.991152999999997,,
2025-12-18T08:55:21.140Z,0.027,1,600,480x270,8.048862999999997,,rebuffer happen
2025-12-18T08:55:21.219Z,0.156,1,600,480x270,7.974169000000003,,
2025-12-18T08:55:21.340Z,0.031,1,600,480x270,8.053353999999985,,rebuffer happen
2025-12-18T08:55:21.730Z,0.241,1,600,480x270,8.057836000000009,,
2025-12-18T08:55:22.218Z,0.233,1,600,480x270,8.065991999999994,,
2025-12-18T08:55:22.693Z,0.277,1,600,480x270,8.087632999999997,,
2025-12-18T08:55:22.925Z,0.041,1,600,480x270,8.071799000000013,,rebuffer happen
2025-12-18T08:55:23.236Z,0.244,1,600,480x270,8.156411000000006,,
2025-12-18T08:55:23.459Z,0.023,1,600,480x270,8.144857000000016,,rebuffer happen
2025-12-18T08:55:23.796Z,0.209,1,600,480x270,8.152152999999998,,
2025-12-18T08:55:24.009Z,0.025,1,600,480x270,8.140742000000017,,rebuffer happen
2025-12-18T08:55:24.248Z,0.303,1,600,480x270,8.213340999999986,,
2025-12-18T08:55:24.248Z,0.298,1,600,480x270,8.212731999999988,,rebuffer happen
2025-12-18T08:55:24.685Z,0.298,1,600,480x270,8.186554000000001,,rebuffer happen
2025-12-18T08:55:24.705Z,0.298,1,600,480x270,8.165770000000009,,
2025-12-18T08:55:24.798Z,0.252,1,600,480x270,8.175801000000007,,rebuffer happen
2025-12-18T08:55:25.211Z,0.291,1,600,480x270,8.160558000000009,,
2025-12-18T08:55:25.329Z,0.22,1,600,480x270,8.13521,,rebuffer happen
2025-12-18T08:55:25.717Z,0.339,1,600,480x270,8.137085000000013,,
2025-12-18T08:55:25.861Z,0.169,1,600,480x270,8.188237000000015,,rebuffer happen
2025-12-18T08:55:25.994Z,0.029,1,600,480x270,8.149529999999999,,rebuffer happen
2025-12-18T08:55:26.285Z,0.283,1,600,480x270,8.223820999999987,,
2025-12-18T08:55:26.561Z,0.032,1,600,480x270,8.259609000000012,,rebuffer happen
2025-12-18T08:55:26.828Z,0.277,1,600,480x270,8.22620599999999,,rebuffer happen
2025-12-18T08:55:26.837Z,0.277,1,600,480x270,8.314569000000006,,
2025-12-18T08:55:27.045Z,0.023,1,600,480x270,8.13998699999999,,rebuffer happen
2025-12-18T08:55:27.162Z,0.025,1,600,480x270,8.314188999999999,,rebuffer happen
2025-12-18T08:55:27.445Z,0.031,1,600,480x270,8.348347999999987,,rebuffer happen
2025-12-18T08:55:27.573Z,0.128,1,600,480x270,8.368603000000007,,
2025-12-18T08:55:27.712Z,0.018,1,600,480x270,8.33552800000001,,rebuffer happen
2025-12-18T08:55:27.812Z,0.025,1,600,480x270,8.417152000000016,,rebuffer happen
2025-12-18T08:55:28.074Z,0.235,1,600,480x270,8.486259000000018,,
2025-12-18T08:55:28.565Z,0.304,1,600,480x270,8.496566000000001,,
2025-12-18T08:55:28.565Z,0.278,1,600,480x270,8.49598499999999,,rebuffer happen
2025-12-18T08:55:29.055Z,0.275,1,600,480x270,8.505061000000012,,
2025-12-18T08:55:29.616Z,0.222,1,600,480x270,8.446038000000016,,
2025-12-18T08:55:29.814Z,0.031,1,600,480x270,8.454343999999992,,rebuffer happen
2025-12-18T08:55:30.175Z,0.193,1,600,480x270,8.504642000000018,,
2025-12-18T08:55:30.331Z,0.032,1,600,480x270,8.452642999999995,,rebuffer happen
2025-12-18T08:55:30.755Z,0.246,1,600,480x270,8.589870999999988,,
2025-12-18T08:55:30.899Z,0.032,1,600,480x270,8.551532000000009,,rebuffer happen
2025-12-18T08:55:31.248Z,0.221,1,600,480x270,8.650337000000007,,rebuffer happen
2025-12-18T08:55:31.249Z,0.221,1,600,480x270,8.648079999999993,,
2025-12-18T08:55:31.415Z,0.024,1,600,480x270,8.540238999999985,,rebuffer happen
2025-12-18T08:55:31.744Z,0.241,1,600,480x270,8.671282999999988,,
2025-12-18T08:55:32.233Z,0.252,1,600,480x270,8.682120999999995,,
2025-12-18T08:55:32.727Z,0.26,1,600,480x270,8.596710000000002,,
2025-12-18T08:55:33.311Z,0.201,1,600,480x270,8.607411000000013,,
2025-12-18T08:55:33.467Z,0.042,1,600,480x270,8.664301000000023,,rebuffer happen
2025-12-18T08:55:33.790Z,0.264,1,600,480x270,8.708856999999995,,
2025-12-18T08:55:34.294Z,0.275,1,600,480x270,8.705150000000003,,
2025-12-18T08:55:34.828Z,0.246,1,600,480x270,8.685993000000025,,
2025-12-18T08:55:35.068Z,0.027,1,600,480x270,8.742308000000008,,rebuffer happen
2025-12-18T08:55:35.324Z,0.286,1,600,480x270,8.726445000000012,,
2025-12-18T08:55:35.850Z,0.277,1,600,480x270,8.811952999999988,,
2025-12-18T08:55:36.350Z,0.278,1,600,480x270,8.814577999999983,,
2025-12-18T08:55:36.893Z,0.273,1,600,480x270,8.765112999999985,,
2025-12-18T08:55:37.104Z,0.039,1,600,480x270,8.75971899999999,,rebuffer happen
2025-12-18T08:55:37.416Z,0.267,1,600,480x270,8.795107000000002,,
2025-12-18T08:55:37.929Z,0.277,1,600,480x270,8.78879599999999,,
2025-12-18T08:55:38.455Z,0.213,1,600,480x270,8.866887999999989,,
2025-12-18T08:55:38.688Z,0.018,1,600,480x270,8.843522000000007,,rebuffer happen
2025-12-18T08:55:38.968Z,0.253,1,600,480x270,8.894549000000012,,
2025-12-18T08:55:39.475Z,0.275,1,600,480x270,8.89361199999999,,
2025-12-18T08:55:39.983Z,0.273,1,600,480x270,8.883362000000005,,
2025-12-18T08:55:40.223Z,0.029,1,600,480x270,8.855760000000004,,rebuffer happen
2025-12-18T08:55:40.491Z,0.287,1,600,480x270,8.912768999999997,,
2025-12-18T08:55:41.025Z,0.222,1,600,480x270,8.878299999999996,,
2025-12-18T08:55:41.257Z,0.021,1,600,480x270,8.939208000000008,,rebuffer happen
2025-12-18T08:55:41.561Z,0.266,1,600,480x270,8.974536,,
2025-12-18T08:55:41.790Z,0.024,1,600,480x270,8.941683000000012,,rebuffer happen
2025-12-18T08:55:42.061Z,0.207,1,600,480x270,8.984696000000014,,
2025-12-18T08:55:42.291Z,0.028,1,600,480x270,8.955499000000003,,rebuffer happen
2025-12-18T08:55:42.572Z,0.238,1,600,480x270,9.003692999999998,,
2025-12-18T08:55:43.091Z,0.246,1,600,480x270,8.999572999999998,,
2025-12-18T08:55:43.625Z,0.236,1,600,480x270,8.973351000000008,,
2025-12-18T08:55:43.859Z,0.024,1,600,480x270,9.054127999999992,,rebuffer happen
2025-12-18T08:55:44.126Z,0.279,1,600,480x270,8.990744000000007,,
2025-12-18T08:55:44.651Z,0.259,1,600,480x270,9.090607000000006,,
2025-12-18T08:55:45.129Z,0.284,1,600,480x270,9.015363000000008,,
2025-12-18T08:55:45.694Z,0.264,1,600,480x270,9.059235000000001,,
2025-12-18T08:55:45.910Z,0.024,1,600,480x270,9.045952,,rebuffer happen
2025-12-18T08:55:46.159Z,0.322,1,600,480x270,9.14415200000002,,
2025-12-18T08:55:46.219Z,0.239,1,600,480x270,9.062103000000008,,rebuffer happen
2025-12-18T08:55:46.361Z,0.027,1,600,480x270,9.052553000000017,,rebuffer happen
2025-12-18T08:55:46.703Z,0.248,1,600,480x270,9.06207599999999,,
2025-12-18T08:55:47.270Z,0.162,1,600,480x270,9.100456000000008,,
2025-12-18T08:55:47.428Z,0.022,1,600,480x270,9.039580999999998,,rebuffer happen
2025-12-18T08:55:47.820Z,0.212,1,600,480x270,9.10650099999998,,
2025-12-18T08:55:47.979Z,0.027,1,600,480x270,9.148992000000021,,rebuffer happen
2025-12-18T08:55:48.317Z,0.254,1,600,480x270,9.173597000000001,,
2025-12-18T08:55:48.855Z,0.228,1,600,480x270,9.246161999999998,,
2025-12-18T08:55:49.315Z,0.176,1,600,480x270,9.182911999999988,,
2025-12-18T08:55:49.870Z,0.221,1,600,480x270,9.231144999999998,,
2025-12-18T08:55:50.396Z,0.189,1,600,480x270,9.210251,,
2025-12-18T08:55:50.614Z,0.021,1,600,480x270,9.214227999999991,,rebuffer happen
2025-12-18T08:55:50.931Z,0.243,1,600,480x270,9.273698999999993,,
2025-12-18T08:55:51.358Z,0.297,1,600,480x270,9.353566,,rebuffer happen
2025-12-18T08:55:51.377Z,0.297,1,600,480x270,9.334215,,
2025-12-18T08:55:51.415Z,0.275,1,600,480x270,9.298152999999985,,rebuffer happen
2025-12-18T08:55:51.807Z,0.277,1,600,480x270,9.19832599999998,,
2025-12-18T08:55:52.285Z,0.301,1,600,480x270,9.219138000000015,,
2025-12-18T08:55:52.286Z,0.294,1,600,480x270,9.218358999999992,,rebuffer happen
2025-12-18T08:55:52.780Z,0.295,1,600,480x270,9.234701000000001,,
2025-12-18T08:55:53.012Z,0.077,1,600,480x270,9.20666399999999,,rebuffer happen
2025-12-18T08:55:53.335Z,0.22,1,600,480x270,9.231098000000003,,
2025-12-18T08:55:53.533Z,0.022,1,600,480x270,9.139400999999992,,rebuffer happen
2025-12-18T08:55:53.617Z,0.025,1,600,480x270,9.207854999999995,,rebuffer happen
2025-12-18T08:55:53.852Z,0.273,1,600,480x270,9.29665,,
2025-12-18T08:55:54.362Z,0.276,1,600,480x270,9.298625999999985,,
2025-12-18T08:55:54.887Z,0.234,1,600,480x270,9.263800000000003,,
2025-12-18T08:55:55.101Z,0.034,1,600,480x270,9.251156000000009,,rebuffer happen
2025-12-18T08:55:55.442Z,0.28,1,600,480x270,9.360412000000025,,
2025-12-18T08:55:55.668Z,0.031,1,600,480x270,9.346283999999997,,rebuffer happen
2025-12-18T08:55:56.179Z,0.157,1,600,480x270,9.469471999999996,,
2025-12-18T08:55:56.302Z,0.02,1,600,480x270,9.43769900000001,,rebuffer happen
2025-12-18T08:55:56.875Z,0.167,1,600,480x270,9.700573999999989,,
2025-12-18T08:55:57.020Z,0.03,1,600,480x270,9.65292199999999,,rebuffer happen
2025-12-18T08:55:57.270Z,0.016,1,600,480x270,9.900778000000003,,rebuffer happen
2025-12-18T08:55:57.648Z,0.143,1,600,480x270,9.94701599999999,,
2025-12-18T08:55:57.754Z,0.017,1,600,480x270,9.937589000000003,,rebuffer happen
2025-12-18T08:55:58.204Z,0.033,1,600,480x270,10.12280100000001,,rebuffer happen
2025-12-18T08:55:58.488Z,0.02,1,600,480x270,10.207740000000001,,rebuffer happen
2025-12-18T08:55:58.683Z,0.02,1,600,480x270,10.40573999999998,,
2025-12-18T08:55:58.754Z,0.023,1,600,480x270,10.44414599999999,,rebuffer happen
2025-12-18T08:55:59.298Z,0.052,1,600,480x270,10.527258999999987,,
2025-12-18T08:55:59.388Z,0.017,1,600,480x270,10.537208000000021,,rebuffer happen
2025-12-18T08:55:59.638Z,0.021,1,600,480x270,10.741064999999992,,rebuffer happen
2025-12-18T08:55:59.968Z,0.115,1,600,480x270,10.750371000000001,,
2025-12-18T08:56:00.072Z,0.02,1,600,480x270,10.741383000000013,,rebuffer happen
2025-12-18T08:56:00.305Z,0.027,1,600,480x270,10.843241000000006,,rebuffer happen
2025-12-18T08:56:00.632Z,0.117,1,600,480x270,10.845640000000003,,
2025-12-18T08:56:00.739Z,0.023,1,600,480x270,10.942114000000004,,rebuffer happen
2025-12-18T08:56:01.307Z,0.121,1,600,480x270,11.073596000000009,,rebuffer happen
2025-12-18T08:56:01.415Z,0.058,1,600,480x270,11.082699999999988,,
2025-12-18T08:56:01.456Z,0.019,1,600,480x270,11.134510000000006,,rebuffer happen
2025-12-18T08:56:01.690Z,0.016,1,600,480x270,11.302847999999983,,rebuffer happen
2025-12-18T08:56:02.000Z,0.172,1,600,480x270,11.308150999999981,,
2025-12-18T08:56:02.174Z,0.017,1,600,480x270,11.331652999999989,,rebuffer happen
2025-12-18T08:56:02.603Z,0.238,1,600,480x270,11.453285000000022,,
2025-12-18T08:56:02.807Z,0.033,1,600,480x270,11.449066999999985,,rebuffer happen
2025-12-18T08:56:03.183Z,0.248,1,600,480x270,11.579534999999993,,
2025-12-18T08:56:03.425Z,0.019,1,600,480x270,11.543644999999998,,rebuffer happen
2025-12-18T08:56:03.492Z,0.029,1,600,480x270,11.610785000000021,,rebuffer happen
2025-12-18T08:56:03.758Z,0.244,1,600,480x270,11.671172000000013,,
2025-12-18T08:56:03.992Z,0.021,1,600,480x270,11.652084000000002,,rebuffer happen
2025-12-18T08:56:04.385Z,0.246,1,600,480x270,11.762644999999992,,
2025-12-18T08:56:04.626Z,0.018,1,600,480x270,11.737875000000003,,rebuffer happen
2025-12-18T08:56:04.709Z,0.022,1,600,480x270,11.805123000000009,,rebuffer happen
2025-12-18T08:56:04.976Z,0.025,1,600,480x270,11.880853000000002,,rebuffer happen
2025-12-18T08:56:05.282Z,0.164,1,600,480x270,12.069368999999995,,
2025-12-18T08:56:05.410Z,0.024,1,600,480x270,12.052853999999996,,rebuffer happen
2025-12-18T08:56:05.752Z,0.245,1,600,480x270,12.152523000000002,,
2025-12-18T08:56:05.960Z,0.026,1,600,480x270,12.146884999999997,,rebuffer happen
2025-12-18T08:56:06.299Z,0.235,1,600,480x270,12.152940000000001,,
2025-12-18T08:56:06.511Z,0.021,1,600,480x270,12.136246999999997,,rebuffer happen
2025-12-18T08:56:06.865Z,0.239,1,600,480x270,12.272480999999999,,
2025-12-18T08:56:07.296Z,0.287,1,600,480x270,12.234925000000004,,rebuffer happen
2025-12-18T08:56:07.321Z,0.287,1,600,480x270,12.196982999999989,,
2025-12-18T08:56:07.779Z,0.033,1,600,480x270,12.228316000000007,,rebuffer happen
2025-12-18T08:56:08.016Z,0.18,1,600,480x270,12.288342999999998,,
2025-12-18T08:56:08.162Z,0.023,1,600,480x270,12.347847999999999,,rebuffer happen
2025-12-18T08:56:08.429Z,0.024,1,600,480x270,12.515812000000011,,rebuffer happen
2025-12-18T08:56:08.709Z,0.228,1,600,480x270,12.562903000000006,,
2025-12-18T08:56:08.929Z,0.021,1,600,480x270,12.537070999999997,,rebuffer happen
2025-12-18T08:56:09.280Z,0.272,1,600,480x270,12.695824000000016,,
2025-12-18T08:56:09.801Z,0.216,1,600,480x270,12.677886,,
2025-12-18T08:56:10.047Z,0.018,1,600,480x270,12.741821999999985,,rebuffer happen
2025-12-18T08:56:10.365Z,0.206,1,600,480x270,12.735169999999982,,
2025-12-18T08:56:10.564Z,0.026,1,600,480x270,12.742965000000027,,rebuffer happen
2025-12-18T08:56:10.889Z,0.261,1,600,480x270,12.780790999999994,,
2025-12-18T08:56:11.131Z,0.024,1,600,480x270,12.742162999999977,,rebuffer happen
2025-12-18T08:56:11.431Z,0.252,1,600,480x270,12.764835000000005,,
2025-12-18T08:56:11.662Z,0.292,1,600,480x270,12.840406000000002,,rebuffer happen
2025-12-18T08:56:11.753Z,0.381,1,600,480x270,12.809519999999992,,
2025-12-18T08:56:11.879Z,0.2,1,600,480x270,12.72974099999999,,rebuffer happen
2025-12-18T08:56:12.193Z,0.35,1,600,480x270,12.691025999999994,,
2025-12-18T08:56:12.240Z,0.292,1,600,480x270,12.713700999999986,,rebuffer happen
2025-12-18T08:56:12.601Z,0.222,1,600,480x270,12.507611999999995,,rebuffer happen
2025-12-18T08:56:12.733Z,0.029,1,600,480x270,12.422457000000009,,rebuffer happen
2025-12-18T08:56:12.844Z,0.029,1,600,480x270,12.612457000000006,,
2025-12-18T08:56:12.932Z,0.017,1,600,480x270,12.533642999999984,,rebuffer happen
2025-12-18T08:56:13.511Z,0.258,1,600,480x270,12.898359999999997,,
2025-12-18T08:56:13.750Z,0.033,1,600,480x270,12.955901000000011,,rebuffer happen
2025-12-18T08:56:14.146Z,0.237,1,600,480x270,13.077265000000011,,
2025-12-18T08:56:14.367Z,0.029,1,600,480x270,13.059394999999995,,rebuffer happen
2025-12-18T08:56:14.690Z,0.256,1,600,480x270,13.078023000000002,,
2025-12-18T08:56:15.120Z,0.323,1,600,480x270,13.039535,,
2025-12-18T08:56:15.165Z,0.273,1,600,480x270,13.089362999999992,,rebuffer happen
2025-12-18T08:56:15.518Z,0.278,1,600,480x270,13.001936999999998,,rebuffer happen
2025-12-18T08:56:15.595Z,0.295,1,600,480x270,13.012256000000008,,
2025-12-18T08:56:16.005Z,0.329,1,600,480x270,12.947249999999997,,
2025-12-18T08:56:16.202Z,0.037,1,600,480x270,12.856021999999996,,rebuffer happen
2025-12-18T08:56:16.202Z,0.037,1,600,480x270,12.856021999999996,,rebuffer happen
2025-12-18T08:56:16.482Z,0.255,1,600,480x270,12.906462000000005,,
2025-12-18T08:56:16.964Z,0.305,1,600,480x270,12.924845000000005,,
2025-12-18T08:56:16.964Z,0.299,1,600,480x270,12.924265999999989,,rebuffer happen
2025-12-18T08:56:17.236Z,0.028,1,600,480x270,12.945814000000013,,rebuffer happen
2025-12-18T08:56:17.475Z,0.318,1,600,480x270,12.934483,,
2025-12-18T08:56:17.499Z,0.295,1,600,480x270,12.913211999999987,,rebuffer happen
2025-12-18T08:56:17.670Z,0.039,1,600,480x270,12.862669000000011,,rebuffer happen
2025-12-18T08:56:18.027Z,0.259,1,600,480x270,12.911823999999996,,
2025-12-18T08:56:18.287Z,0.027,1,600,480x270,12.94478700000002,,rebuffer happen
2025-12-18T08:56:18.582Z,0.274,1,600,480x270,12.99597399999999,,
2025-12-18T08:56:18.821Z,0.033,1,600,480x270,12.947517000000005,,rebuffer happen
2025-12-18T08:56:19.095Z,0.264,1,600,480x270,13.018219999999985,,
2025-12-18T08:56:19.620Z,0.255,1,600,480x270,12.996759999999995,,
2025-12-18T08:56:20.203Z,0.203,1,600,480x270,13.020857000000007,,
2025-12-18T08:56:20.372Z,0.029,1,600,480x270,13.055755999999974,,rebuffer happen
2025-12-18T08:56:20.749Z,0.21,1,600,480x270,13.119171999999992,,
2025-12-18T08:56:20.923Z,0.03,1,600,480x270,13.047902999999991,,rebuffer happen
2025-12-18T08:56:20.989Z,0.028,1,600,480x270,13.113900000000001,,rebuffer happen
2025-12-18T08:56:21.379Z,0.121,1,600,480x270,13.149924999999996,,
2025-12-18T08:56:21.506Z,0.018,1,600,480x270,13.13713100000001,,rebuffer happen
2025-12-18T08:56:21.623Z,0.023,1,600,480x270,13.17820500000002,,rebuffer happen
2025-12-18T08:56:21.961Z,0.246,1,600,480x270,13.33919499999999,,
2025-12-18T08:56:22.157Z,0.026,1,600,480x270,13.347025000000002,,rebuffer happen
2025-12-18T08:56:22.491Z,0.279,1,600,480x270,13.40817800000002,,
2025-12-18T08:56:23.016Z,0.273,1,600,480x270,13.389001000000007,,
2025-12-18T08:56:23.526Z,0.246,1,600,480x270,13.395899999999983,,
2025-12-18T08:56:23.884Z,0.276,1,600,480x270,13.428976000000006,,rebuffer happen
2025-12-18T08:56:23.952Z,0.302,1,600,480x270,13.43329,,
2025-12-18T08:56:24.025Z,0.199,1,600,480x270,13.325601000000006,,rebuffer happen
2025-12-18T08:56:24.192Z,0.048,1,600,480x270,13.263681999999989,,rebuffer happen
2025-12-18T08:56:24.428Z,0.227,1,600,480x270,13.245829999999984,,
2025-12-18T08:56:24.625Z,0.03,1,600,480x270,13.255505,,rebuffer happen
2025-12-18T08:56:24.924Z,0.252,1,600,480x270,13.290859000000012,,
2025-12-18T08:56:25.460Z,0.221,1,600,480x270,13.356403,,
2025-12-18T08:56:25.676Z,0.018,1,600,480x270,13.333060999999987,,rebuffer happen
2025-12-18T08:56:26.153Z,0.059,1,600,480x270,13.390805,,
2025-12-18T08:56:26.210Z,0.018,1,600,480x270,13.334010000000006,,rebuffer happen
2025-12-18T08:56:26.427Z,0.022,1,600,480x270,13.506787000000003,,rebuffer happen
2025-12-18T08:56:26.665Z,0.265,1,600,480x270,13.587743000000017,,
2025-12-18T08:56:26.894Z,0.03,1,600,480x270,13.546427999999992,,rebuffer happen
2025-12-18T08:56:27.179Z,0.262,1,600,480x270,13.603670999999991,,
2025-12-18T08:56:27.720Z,0.242,1,600,480x270,13.570506000000023,,
2025-12-18T08:56:28.255Z,0.199,1,600,480x270,13.627162999999996,,
2025-12-18T08:56:28.446Z,0.027,1,600,480x270,13.647723000000013,,rebuffer happen
2025-12-18T08:56:28.750Z,0.263,1,600,480x270,13.670902000000012,,
2025-12-18T08:56:29.263Z,0.231,1,600,480x270,13.659042,,
2025-12-18T08:56:29.774Z,0.208,1,600,480x270,13.654320999999982,,
2025-12-18T08:56:30.311Z,0.173,1,600,480x270,13.628269999999986,,
2025-12-18T08:56:30.497Z,0.022,1,600,480x270,13.646015000000006,,rebuffer happen
2025-12-18T08:56:30.852Z,0.201,1,600,480x270,13.730693000000002,,
2025-12-18T08:56:31.355Z,0.196,1,600,480x270,13.730583999999993,,
2025-12-18T08:56:31.565Z,0.019,1,600,480x270,13.739621999999997,,rebuffer happen
2025-12-18T08:56:31.631Z,0.024,1,600,480x270,13.711173000000002,,rebuffer happen
2025-12-18T08:56:31.968Z,0.172,1,600,480x270,13.802232000000004,,
2025-12-18T08:56:32.452Z,0.191,1,600,480x270,13.82011300000002,,
2025-12-18T08:56:32.971Z,0.161,1,600,480x270,13.81651500000001,,
2025-12-18T08:56:33.423Z,0.221,1,600,480x270,13.756358000000006,,
2025-12-18T08:56:33.952Z,0.22,1,600,480x270,13.841538000000014,,
2025-12-18T08:56:34.425Z,0.246,1,600,480x270,13.762096000000014,,
2025-12-18T08:56:34.789Z,0.359,1,600,480x270,13.813184000000007,,
2025-12-18T08:56:34.868Z,0.282,1,600,480x270,13.79995199999999,,rebuffer happen
2025-12-18T08:56:35.427Z,0.122,1,600,480x270,13.64891,,
2025-12-18T08:56:35.535Z,0.023,1,600,480x270,13.738535000000013,,rebuffer happen
2025-12-18T08:56:35.892Z,0.308,1,600,480x270,13.838005999999979,,
2025-12-18T08:56:35.968Z,0.247,1,600,480x270,13.863552999999996,,rebuffer happen
2025-12-18T08:56:36.135Z,0.033,1,600,480x270,13.849243999999999,,rebuffer happen
2025-12-18T08:56:36.307Z,0.364,1,600,480x270,13.863415000000003,,
2025-12-18T08:56:36.585Z,0.041,1,600,480x270,13.765773999999993,,rebuffer happen
2025-12-18T08:56:36.586Z,0.041,1,600,480x270,13.765773999999993,,rebuffer happen
2025-12-18T08:56:36.770Z,0.398,1,600,480x270,13.872831999999988,,
2025-12-18T08:56:37.050Z,0.068,1,600,480x270,13.792394000000002,,rebuffer happen
2025-12-18T08:56:37.069Z,0.041,1,600,480x270,13.76479999999998,,rebuffer happen
2025-12-18T08:56:37.283Z,0.406,1,600,480x270,13.859858000000003,,
2025-12-18T08:56:37.413Z,0.283,1,600,480x270,13.799658999999991,,rebuffer happen
2025-12-18T08:56:37.570Z,0.048,1,600,480x270,13.763225000000006,,rebuffer happen
2025-12-18T08:56:37.804Z,0.412,1,600,480x270,13.837050000000005,,
2025-12-18T08:56:38.053Z,0.048,1,600,480x270,13.767994999999985,,rebuffer happen
2025-12-18T08:56:38.054Z,0.048,1,600,480x270,13.767994999999985,,rebuffer happen
2025-12-18T08:56:38.587Z,0.021,1,600,480x270,13.902188999999993,,rebuffer happen
2025-12-18T08:56:38.620Z,0.026,1,600,480x270,13.874772000000007,,rebuffer happen
2025-12-18T08:56:38.671Z,0.022,1,600,480x270,13.940584999999999,,rebuffer happen
2025-12-18T08:56:38.723Z,0.088,1,600,480x270,13.906135999999975,,
2025-12-18T08:56:38.787Z,0.029,1,600,480x270,13.948460000000011,,rebuffer happen
2025-12-18T08:56:38.850Z,0,1,600,480x270,14.015000999999984,,rebuffer happen
2025-12-18T08:56:39.315Z,0,1,600,480x270,14.419001000000009,,
2025-12-18T08:56:39.715Z,0,1,600,480x270,14.81800100000001,,
2025-12-18T08:56:39.996Z,0.275,1,600,480x270,2.822868999999997,,rebuffer happen
2025-12-18T08:56:40.177Z,0.433,1,600,480x270,2.7688349999999957,,
2025-12-18T08:56:40.280Z,0.284,1,600,480x270,2.7070950000000096,,rebuffer happen
2025-12-18T08:56:40.856Z,0.031,1,600,480x270,2.683665000000019,,rebuffer happen
2025-12-18T08:56:40.951Z,0.131,1,600,480x270,2.75004100000001,,
2025-12-18T08:56:41.056Z,0.029,1,600,480x270,2.750493000000006,,rebuffer happen
2025-12-18T08:56:41.452Z,0.276,1,600,480x270,2.9196899999999744,,
2025-12-18T08:56:41.958Z,0.285,1,600,480x270,2.9185640000000035,,
2025-12-18T08:56:42.518Z,0.237,1,600,480x270,2.868235999999996,,
2025-12-18T08:56:42.938Z,0.282,1,600,480x270,2.9481330000000128,,
2025-12-18T08:56:43.155Z,0.145,1,600,480x270,2.934472999999997,,rebuffer happen
2025-12-18T08:56:43.442Z,0.295,1,600,480x270,2.9527709999999843,,rebuffer happen
2025-12-18T08:56:43.488Z,0.295,1,600,480x270,2.883985999999993,,
2025-12-18T08:56:43.674Z,0.028,1,600,480x270,2.855784,,rebuffer happen
2025-12-18T08:56:44.102Z,0.127,1,600,480x270,2.8593059999999753,,
2025-12-18T08:56:44.225Z,0.019,1,600,480x270,2.841627000000017,,rebuffer happen
2025-12-18T08:56:44.342Z,0.023,1,600,480x270,3.006326999999999,,rebuffer happen
2025-12-18T08:56:44.584Z,0.278,1,600,480x270,2.9969759999999894,,
2025-12-18T08:56:45.097Z,0.292,1,600,480x270,2.9832569999999805,,
2025-12-18T08:56:45.642Z,0.246,1,600,480x270,3.03628599999999,,
2025-12-18T08:56:46.207Z,0.133,1,600,480x270,2.985736000000003,,
2025-12-18T08:56:46.327Z,0.036,1,600,480x270,2.9520770000000027,,rebuffer happen
2025-12-18T08:56:46.683Z,0.205,1,600,480x270,3.0164290000000165,,
2025-12-18T08:56:47.212Z,0.176,1,600,480x270,2.9847870000000114,,
2025-12-18T08:56:47.794Z,0.132,1,600,480x270,3.0240129999999965,,
2025-12-18T08:56:47.878Z,0.023,1,600,480x270,3.0432030000000054,,rebuffer happen
2025-12-18T08:56:48.298Z,0.147,1,600,480x270,3.0573890000000006,,
2025-12-18T08:56:48.412Z,0.03,1,600,480x270,3.0516609999999957,,rebuffer happen
2025-12-18T08:56:48.762Z,0.214,1,600,480x270,3.1394659999999988,,
2025-12-18T08:56:49.244Z,0.232,1,600,480x270,3.151499000000001,,
2025-12-18T08:56:49.653Z,0.342,1,600,480x270,3.1342710000000125,,
2025-12-18T08:56:49.734Z,0.237,1,600,480x270,3.1525220000000047,,rebuffer happen
2025-12-18T08:56:50.081Z,0.357,1,600,480x270,3.058037999999982,,
2025-12-18T08:56:50.138Z,0.249,1,600,480x270,3.0687029999999993,,rebuffer happen
2025-12-18T08:56:50.468Z,0.358,1,600,480x270,2.9725430000000017,,
2025-12-18T08:56:50.543Z,0.271,1,600,480x270,2.995480999999984,,rebuffer happen
2025-12-18T08:56:50.977Z,0.21,1,600,480x270,2.826461000000023,,
2025-12-18T08:56:51.164Z,0.019,1,600,480x270,2.838259999999991,,rebuffer happen
2025-12-18T08:56:51.393Z,0.305,1,600,480x270,2.8353429999999946,,
2025-12-18T08:56:51.431Z,0.284,1,600,480x270,2.8012980000000027,,rebuffer happen
2025-12-18T08:56:51.598Z,0.036,1,600,480x270,2.7593160000000125,,rebuffer happen
2025-12-18T08:56:51.997Z,0.177,1,600,480x270,2.8170060000000205,,
2025-12-18T08:56:52.165Z,0.028,1,600,480x270,2.844374000000016,,rebuffer happen
2025-12-18T08:56:52.476Z,0.319,1,600,480x270,2.9335710000000006,,
2025-12-18T08:56:52.686Z,0.104,1,600,480x270,2.923985999999985,,rebuffer happen
2025-12-18T08:56:52.749Z,0.026,1,600,480x270,2.9563009999999963,,rebuffer happen
2025-12-18T08:56:53.085Z,0.211,1,600,480x270,2.9484849999999767,,
2025-12-18T08:56:53.283Z,0.027,1,600,480x270,2.953497999999996,,rebuffer happen
2025-12-18T08:56:53.714Z,0.196,1,600,480x270,3.0074189999999987,,
2025-12-18T08:56:53.883Z,0.023,1,600,480x270,3.03909299999998,,rebuffer happen
2025-12-18T08:56:54.268Z,0.24,1,600,480x270,3.156981000000002,,
2025-12-18T08:56:54.484Z,0.021,1,600,480x270,3.1355060000000208,,rebuffer happen
2025-12-18T08:56:54.550Z,0.022,1,600,480x270,3.2040660000000116,,rebuffer happen
2025-12-18T08:56:54.823Z,0.221,1,600,480x270,3.163796999999988,,
2025-12-18T08:56:55.051Z,0.02,1,600,480x270,3.236635000000007,,rebuffer happen
2025-12-18T08:56:55.375Z,0.272,1,600,480x270,3.2829380000000015,,
2025-12-18T08:56:55.634Z,0.026,1,600,480x270,3.3411720000000003,,rebuffer happen
2025-12-18T08:56:55.975Z,0.23,1,600,480x270,3.3439970000000017,,
2025-12-18T08:56:56.351Z,0.303,1,600,480x270,3.357036999999991,,
2025-12-18T08:56:56.436Z,0.233,1,600,480x270,3.349738000000002,,rebuffer happen
2025-12-18T08:56:56.635Z,0.001,1,600,480x270,3.251058999999998,,rebuffer happen
2025-12-18T08:56:56.752Z,0.028,1,600,480x270,3.277349999999984,,rebuffer happen
2025-12-18T08:56:56.902Z,0.028,1,600,480x270,3.249982999999986,,rebuffer happen
2025-12-18T08:56:57.002Z,0.126,1,600,480x270,3.2683389999999974,,
2025-12-18T08:56:57.119Z,0.033,1,600,480x270,3.2489920000000154,,rebuffer happen
2025-12-18T08:56:57.538Z,0.318,1,600,480x270,3.5513459999999952,,
2025-12-18T08:56:57.650Z,0.22,1,600,480x270,3.5359249999999918,,rebuffer happen
2025-12-18T08:56:57.770Z,0.042,1,600,480x270,3.459569000000016,,rebuffer happen
2025-12-18T08:56:58.024Z,0.335,1,600,480x270,3.4801899999999932,,
2025-12-18T08:56:58.167Z,0.147,1,600,480x270,3.4648940000000152,,rebuffer happen
2025-12-18T08:56:58.236Z,0.044,1,600,480x270,3.4615960000000143,,rebuffer happen
2025-12-18T08:56:58.572Z,0.3,1,600,480x270,3.5099380000000053,,
2025-12-18T08:56:58.837Z,0.029,1,600,480x270,3.547987000000006,,rebuffer happen
2025-12-18T08:56:59.141Z,0.21,1,600,480x270,3.5614559999999926,,
2025-12-18T08:56:59.354Z,0.03,1,600,480x270,3.5456549999999822,,rebuffer happen
2025-12-18T08:56:59.654Z,0.021,1,600,480x270,3.6093759999999975,,rebuffer happen
2025-12-18T08:56:59.779Z,0.152,1,600,480x270,3.59838400000001,,
2025-12-18T08:56:59.955Z,0.02,1,600,480x270,3.639882,,rebuffer happen
2025-12-18T08:57:00.329Z,0.239,1,600,480x270,3.6953359999999975,,
2025-12-18T08:57:00.883Z,0.232,1,600,480x270,3.744060999999988,,
2025-12-18T08:57:01.307Z,0.25,1,600,480x270,3.726352999999989,,
2025-12-18T08:57:01.794Z,0.323,1,600,480x270,3.7320880000000045,,
2025-12-18T08:57:01.812Z,0.299,1,600,480x270,3.713735999999983,,rebuffer happen
2025-12-18T08:57:02.353Z,0.217,1,600,480x270,3.7718399999999974,,
2025-12-18T08:57:02.748Z,0.37,1,600,480x270,3.784751,,
2025-12-18T08:57:02.880Z,0.235,1,600,480x270,3.757725999999991,,rebuffer happen
2025-12-18T08:57:03.230Z,0.346,1,600,480x270,3.6494290000000262,,
2025-12-18T08:57:03.288Z,0.233,1,600,480x270,3.657274000000001,,rebuffer happen
2025-12-18T08:57:03.716Z,0.257,1,600,480x270,3.5716830000000073,,
2025-12-18T08:57:04.162Z,0.31,1,600,480x270,3.621828999999991,,
2025-12-18T08:57:04.207Z,0.261,1,600,480x270,3.5770880000000034,,rebuffer happen
2025-12-18T08:57:04.358Z,0.035,1,600,480x270,3.5536480000000097,,rebuffer happen
2025-12-18T08:57:04.595Z,0.362,1,600,480x270,3.5826210000000174,,
2025-12-18T08:57:04.744Z,0.154,1,600,480x270,3.579117000000025,,rebuffer happen
2025-12-18T08:57:04.825Z,0.033,1,600,480x270,3.457731000000024,,rebuffer happen
2025-12-18T08:57:05.319Z,0.131,1,600,480x270,3.5355380000000025,,
2025-12-18T08:57:05.409Z,0.018,1,600,480x270,3.535291000000001,,rebuffer happen
2025-12-18T08:57:05.926Z,0.026,1,600,480x270,3.6767169999999965,,rebuffer happen
2025-12-18T08:57:06.103Z,0.126,1,600,480x270,3.824750999999992,,
2025-12-18T08:57:06.193Z,0.026,1,600,480x270,3.840917999999988,,rebuffer happen
2025-12-18T08:57:06.650Z,0.228,1,600,480x270,4.072758000000022,,
2025-12-18T08:57:06.894Z,0.033,1,600,480x270,4.0156889999999805,,rebuffer happen
2025-12-18T08:57:07.190Z,0.164,1,600,480x270,4.029404999999997,,
2025-12-18T08:57:07.444Z,0.026,1,600,480x270,4.082540999999992,,rebuffer happen
2025-12-18T08:57:07.736Z,0.187,1,600,480x270,4.107771000000014,,
2025-12-18T08:57:07.895Z,0.032,1,600,480x270,4.057794000000001,,rebuffer happen
2025-12-18T08:57:08.219Z,0.258,1,600,480x270,4.050670999999994,,
2025-12-18T08:57:08.754Z,0.183,1,600,480x270,4.1128149999999835,,
2025-12-18T08:57:09.183Z,0.254,1,600,480x270,4.09003899999999,,
2025-12-18T08:57:09.515Z,0.293,1,600,480x270,4.0435329999999965,,rebuffer happen
2025-12-18T08:57:09.574Z,0.301,1,600,480x270,4.062949000000003,,
2025-12-18T08:57:09.747Z,0.145,1,600,480x270,4.007829000000015,,rebuffer happen
2025-12-18T08:57:10.000Z,0.31,1,600,480x270,3.942698000000007,,
2025-12-18T08:57:10.196Z,0.039,1,600,480x270,3.854771999999997,,rebuffer happen
2025-12-18T08:57:10.197Z,0.039,1,600,480x270,3.854771999999997,,rebuffer happen
2025-12-18T08:57:10.506Z,0.256,1,600,480x270,3.8914040000000227,,
2025-12-18T08:57:10.921Z,0.308,1,600,480x270,3.8818839999999852,,
2025-12-18T08:57:10.985Z,0.26,1,600,480x270,3.878565000000009,,rebuffer happen
2025-12-18T08:57:11.130Z,0.041,1,600,480x270,3.771021999999988,,rebuffer happen
2025-12-18T08:57:11.486Z,0.285,1,600,480x270,3.9022209999999973,,
2025-12-18T08:57:11.748Z,0.039,1,600,480x270,3.9558490000000006,,rebuffer happen
2025-12-18T08:57:11.971Z,0.367,1,600,480x270,3.983128999999991,,
2025-12-18T08:57:12.198Z,0.041,1,600,480x270,3.8594550000000254,,rebuffer happen
2025-12-18T08:57:12.199Z,0.041,1,600,480x270,3.8594550000000254,,rebuffer happen
2025-12-18T08:57:12.425Z,0.362,1,600,480x270,3.9072979999999973,,
2025-12-18T08:57:12.665Z,0.037,1,600,480x270,3.8600210000000175,,rebuffer happen
2025-12-18T08:57:12.666Z,0.037,1,600,480x270,3.8600210000000175,,rebuffer happen
2025-12-18T08:57:12.920Z,0.365,1,600,480x270,3.9096329999999853,,
2025-12-18T08:57:13.100Z,0.111,1,600,480x270,3.828725999999989,,rebuffer happen
2025-12-18T08:57:13.149Z,0.039,1,600,480x270,3.8546320000000094,,rebuffer happen
2025-12-18T08:57:13.511Z,0.291,1,600,480x270,3.9029420000000243,,
2025-12-18T08:57:13.766Z,0.032,1,600,480x270,3.9583359999999743,,rebuffer happen
2025-12-18T08:57:13.998Z,0.346,1,600,480x270,3.974765000000019,,
2025-12-18T08:57:14.198Z,0.077,1,600,480x270,3.895717999999988,,rebuffer happen
2025-12-18T08:57:14.217Z,0.049,1,600,480x270,3.8681319999999744,,rebuffer happen
2025-12-18T08:57:14.530Z,0.353,1,600,480x270,3.9726050000000157,,
2025-12-18T08:57:14.744Z,0.037,1,600,480x270,3.9629189999999994,,rebuffer happen
2025-12-18T08:57:14.750Z,0.028,1,600,480x270,3.9544919999999877,,rebuffer happen
2025-12-18T08:57:15.025Z,0.291,1,600,480x270,4.005684000000002,,rebuffer happen
2025-12-18T08:57:15.076Z,0.338,1,600,480x270,4.032500999999996,,
2025-12-18T08:57:15.267Z,0.027,1,600,480x270,3.94415699999999,,rebuffer happen
2025-12-18T08:57:15.268Z,0.027,1,600,480x270,3.94415699999999,,rebuffer happen
2025-12-18T08:57:15.699Z,0.308,1,600,480x270,4.13169400000001,,
2025-12-18T08:57:15.803Z,0.199,1,600,480x270,4.114900000000006,,rebuffer happen
2025-12-18T08:57:15.918Z,0.027,1,600,480x270,4.042705999999981,,rebuffer happen
2025-12-18T08:57:16.335Z,0.274,1,600,480x270,4.283746000000008,,
2025-12-18T08:57:16.585Z,0.023,1,600,480x270,4.241179999999986,,rebuffer happen
2025-12-18T08:57:16.885Z,0.304,1,600,480x270,4.3254929999999945,,
2025-12-18T08:57:16.885Z,0.298,1,600,480x270,4.32529599999998,,rebuffer happen
2025-12-18T08:57:17.152Z,0.032,1,600,480x270,4.35075999999998,,rebuffer happen
2025-12-18T08:57:17.448Z,0.261,1,600,480x270,4.401178999999985,,
2025-12-18T08:57:17.703Z,0.029,1,600,480x270,4.345755999999994,,rebuffer happen
2025-12-18T08:57:18.095Z,0.157,1,600,480x270,4.3891909999999825,,
2025-12-18T08:57:18.236Z,0.03,1,600,480x270,4.447806000000014,,rebuffer happen
2025-12-18T08:57:18.837Z,0.018,1,600,480x270,4.569305000000014,,rebuffer happen
2025-12-18T08:57:18.877Z,0.018,1,600,480x270,4.569305000000014,,
2025-12-18T08:57:18.903Z,0.028,1,600,480x270,4.545828999999998,,rebuffer happen
2025-12-18T08:57:19.263Z,0.278,1,600,480x270,4.716587000000004,,
2025-12-18T08:57:19.741Z,0.323,1,600,480x270,4.737423000000007,,
2025-12-18T08:57:19.942Z,0.151,1,600,480x270,4.741198999999995,,rebuffer happen
2025-12-18T08:57:20.221Z,0.273,1,600,480x270,4.6562020000000075,,rebuffer happen
2025-12-18T08:57:20.348Z,0.143,1,600,480x270,4.675178999999986,,
2025-12-18T08:57:20.505Z,0.028,1,600,480x270,4.617360999999988,,rebuffer happen
2025-12-18T08:57:20.740Z,0.264,1,600,480x270,4.699061999999998,,
2025-12-18T08:57:21.209Z,0.32,1,600,480x270,4.632036999999997,,
2025-12-18T08:57:21.298Z,0.227,1,600,480x270,4.642796000000004,,rebuffer happen
2025-12-18T08:57:21.646Z,0.299,1,600,480x270,4.648878999999994,,rebuffer happen
2025-12-18T08:57:21.684Z,0.299,1,600,480x270,4.6103020000000186,,
2025-12-18T08:57:22.194Z,0.251,1,600,480x270,4.6115330000000085,,
2025-12-18T08:57:22.664Z,0.334,1,600,480x270,4.637377000000015,,
2025-12-18T08:57:22.840Z,0.046,1,600,480x270,4.568280999999985,,rebuffer happen
2025-12-18T08:57:22.841Z,0.046,1,600,480x270,4.568280999999985,,rebuffer happen
2025-12-18T08:57:23.277Z,0.174,1,600,480x270,4.614114999999998,,
2025-12-18T08:57:23.457Z,0.024,1,600,480x270,4.639716000000021,,rebuffer happen
2025-12-18T08:57:23.774Z,0.235,1,600,480x270,4.665324999999996,,
2025-12-18T08:57:23.991Z,0.031,1,600,480x270,4.652083999999974,,rebuffer happen
2025-12-18T08:57:24.321Z,0.244,1,600,480x270,4.676111999999989,,
2025-12-18T08:57:24.558Z,0.031,1,600,480x270,4.746755000000007,,rebuffer happen
2025-12-18T08:57:24.916Z,0.241,1,600,480x270,4.733170999999999,,
2025-12-18T08:57:25.109Z,0.024,1,600,480x270,4.744910000000004,,rebuffer happen
2025-12-18T08:57:25.387Z,0.255,1,600,480x270,4.797500000000014,,
2025-12-18T08:57:25.785Z,0.287,1,600,480x270,4.807547,,rebuffer happen
2025-12-18T08:57:25.844Z,0.352,1,600,480x270,4.824263000000002,,
2025-12-18T08:57:25.845Z,0.297,1,600,480x270,4.823381000000012,,rebuffer happen
2025-12-18T08:57:26.367Z,0.268,1,600,480x270,4.757433999999989,,
2025-12-18T08:57:26.593Z,0.022,1,600,480x270,4.751642000000032,,rebuffer happen
2025-12-18T08:57:26.876Z,0.254,1,600,480x270,4.792230999999987,,
2025-12-18T08:57:27.341Z,0.284,1,600,480x270,4.834317999999996,,
2025-12-18T08:57:27.394Z,0.259,1,600,480x270,4.780733999999995,,rebuffer happen
2025-12-18T08:57:27.544Z,0.035,1,600,480x270,4.750754000000001,,rebuffer happen
2025-12-18T08:57:27.955Z,0.212,1,600,480x270,4.844521999999984,,
2025-12-18T08:57:28.427Z,0.259,1,600,480x270,4.7713649999999745,,
2025-12-18T08:57:28.605Z,0.297,1,600,480x270,4.82068799999999,,rebuffer happen
2025-12-18T08:57:28.820Z,0.38,1,600,480x270,4.688783000000001,,
2025-12-18T08:57:28.820Z,0.273,1,600,480x270,4.687865000000045,,rebuffer happen
2025-12-18T08:57:29.392Z,0.169,1,600,480x270,4.701308999999981,,
2025-12-18T08:57:29.546Z,0.029,1,600,480x270,4.752863999999988,,rebuffer happen
2025-12-18T08:57:29.927Z,0.212,1,600,480x270,4.719115999999985,,
2025-12-18T08:57:30.130Z,0.019,1,600,480x270,4.705893000000003,,rebuffer happen
2025-12-18T08:57:30.163Z,0.025,1,600,480x270,4.773457000000008,,rebuffer happen
2025-12-18T08:57:30.479Z,0.183,1,600,480x270,4.793424000000016,,
2025-12-18T08:57:30.630Z,0.026,1,600,480x270,4.745453999999995,,rebuffer happen
2025-12-18T08:57:30.764Z,0.028,1,600,480x270,4.84610600000002,,rebuffer happen
2025-12-18T08:57:31.132Z,0.102,1,600,480x270,4.840822000000003,,
2025-12-18T08:57:31.230Z,0.017,1,600,480x270,4.831975,,rebuffer happen
2025-12-18T08:57:31.751Z,0.236,1,600,480x270,5.1768919999999525,,
2025-12-18T08:57:31.981Z,0.018,1,600,480x270,5.133129999999994,,rebuffer happen
2025-12-18T08:57:32.351Z,0.22,1,600,480x270,5.267796999999973,,
2025-12-18T08:57:32.615Z,0.025,1,600,480x270,5.211658,,rebuffer happen
2025-12-18T08:57:32.891Z,0.21,1,600,480x270,5.257154000000014,,
2025-12-18T08:57:33.244Z,0.351,1,600,480x270,5.2936240000000225,,
2025-12-18T08:57:33.405Z,0.215,1,600,480x270,5.230295000000012,,rebuffer happen
2025-12-18T08:57:33.617Z,0.477,1,600,480x270,5.21727599999997,,
2025-12-18T08:57:33.809Z,0.236,1,600,480x270,5.164160999999979,,rebuffer happen
2025-12-18T08:57:34.185Z,0.105,1,600,480x270,4.991375000000005,,rebuffer happen
2025-12-18T08:57:34.249Z,0.031,1,600,480x270,5.026411999999993,,rebuffer happen
2025-12-18T08:57:34.435Z,0.031,1,600,480x270,5.212412000000029,,
2025-12-18T08:57:34.516Z,0.025,1,600,480x270,5.139837,,rebuffer happen
2025-12-18T08:57:35.142Z,0.247,1,600,480x270,5.575238999999954,,
2025-12-18T08:57:35.350Z,0.051,1,600,480x270,5.573330999999996,,rebuffer happen
2025-12-18T08:57:35.721Z,0.249,1,600,480x270,5.580287999999996,,
2025-12-18T08:57:35.984Z,0.032,1,600,480x270,5.624957999999992,,rebuffer happen
2025-12-18T08:57:36.259Z,0.186,1,600,480x270,5.651442000000031,,
2025-12-18T08:57:36.485Z,0.015,1,600,480x270,5.643421999999987,,rebuffer happen
2025-12-18T08:57:36.518Z,0.023,1,600,480x270,5.618015000000014,,rebuffer happen
2025-12-18T08:57:36.801Z,0.23,1,600,480x270,5.662270000000035,,
2025-12-18T08:57:37.111Z,0.3,1,600,480x270,5.662005999999963,,rebuffer happen
2025-12-18T08:57:37.327Z,0.042,1,600,480x270,5.52327200000002,,rebuffer happen
2025-12-18T08:57:37.335Z,0.029,1,600,480x270,5.613120999999978,,rebuffer happen
2025-12-18T08:57:37.372Z,0.029,1,600,480x270,5.613120999999978,,
2025-12-18T08:57:37.452Z,0.024,1,600,480x270,5.641342000000009,,rebuffer happen
2025-12-18T08:57:37.915Z,0.27,1,600,480x270,5.781811000000005,,
2025-12-18T08:57:38.435Z,0.2,1,600,480x270,5.865593000000047,,
2025-12-18T08:57:38.932Z,0.286,1,600,480x270,5.7790639999999485,,
2025-12-18T08:57:39.434Z,0.266,1,600,480x270,5.878607999999986,,
2025-12-18T08:57:39.815Z,0.353,1,600,480x270,5.744868999999994,,
2025-12-18T08:57:39.843Z,0.288,1,600,480x270,5.804325000000006,,rebuffer happen
2025-12-18T08:57:40.161Z,0.372,1,600,480x270,5.673967000000005,,
2025-12-18T08:57:40.320Z,0.244,1,600,480x270,5.529711999999961,,rebuffer happen
2025-12-18T08:57:40.638Z,0.03,1,600,480x270,5.583421999999985,,rebuffer happen
2025-12-18T08:57:40.738Z,0.196,1,600,480x270,5.615057000000036,,
2025-12-18T08:57:40.905Z,0.03,1,600,480x270,5.5602649999999585,,rebuffer happen
2025-12-18T08:57:41.399Z,0.234,1,600,480x270,5.7460459999999784,,
2025-12-18T08:57:41.606Z,0.028,1,600,480x270,5.747754000000043,,rebuffer happen
2025-12-18T08:57:41.858Z,0.295,1,600,480x270,5.877567999999997,,rebuffer happen
2025-12-18T08:57:41.886Z,0.314,1,600,480x270,5.835694000000046,,
2025-12-18T08:57:42.072Z,0.04,1,600,480x270,5.77034500000002,,rebuffer happen
2025-12-18T08:57:42.073Z,0.04,1,600,480x270,5.77034500000002,,rebuffer happen
2025-12-18T08:57:42.562Z,0.14,1,600,480x270,5.876885000000016,,
2025-12-18T08:57:42.707Z,0.017,1,600,480x270,5.843589000000009,,rebuffer happen
2025-12-18T08:57:43.028Z,0.236,1,600,480x270,5.8461509999999635,,
2025-12-18T08:57:43.541Z,0.214,1,600,480x270,5.947576999999967,,
2025-12-18T08:57:43.741Z,0.029,1,600,480x270,5.9510740000000055,,rebuffer happen
2025-12-18T08:57:44.091Z,0.212,1,600,480x270,5.925821999999982,,
2025-12-18T08:57:44.274Z,0.024,1,600,480x270,5.947821999999974,,rebuffer happen
2025-12-18T08:57:44.608Z,0.212,1,600,480x270,5.960818999999958,,
2025-12-18T08:57:45.106Z,0.232,1,600,480x270,5.962063999999998,,
2025-12-18T08:57:45.553Z,0.317,1,600,480x270,6.010212999999965,,
2025-12-18T08:57:45.554Z,0.293,1,600,480x270,6.009628999999961,,rebuffer happen
2025-12-18T08:57:46.025Z,0.327,1,600,480x270,5.947413999999981,,
2025-12-18T08:57:46.132Z,0.215,1,600,480x270,5.934034999999994,,rebuffer happen
2025-12-18T08:57:46.310Z,0.026,1,600,480x270,5.942901999999947,,rebuffer happen
2025-12-18T08:57:46.525Z,0.305,1,600,480x270,5.95879599999995,,
2025-12-18T08:57:46.567Z,0.27,1,600,480x270,5.988720000000001,,rebuffer happen
2025-12-18T08:57:46.727Z,0.031,1,600,480x270,5.859177999999986,,rebuffer happen
2025-12-18T08:57:47.065Z,0.273,1,600,480x270,6.001215999999999,,
2025-12-18T08:57:47.327Z,0.024,1,600,480x270,5.940368999999976,,rebuffer happen
2025-12-18T08:57:47.620Z,0.239,1,600,480x270,6.002262999999971,,
2025-12-18T08:57:47.877Z,0.021,1,600,480x270,6.046081999999956,,rebuffer happen
2025-12-18T08:57:48.156Z,0.257,1,600,480x270,6.092653999999982,,
2025-12-18T08:57:48.411Z,0.02,1,600,480x270,6.0364830000000325,,rebuffer happen
2025-12-18T08:57:48.711Z,0.032,1,600,480x270,6.084136000000001,,rebuffer happen
2025-12-18T08:57:48.893Z,0.162,1,600,480x270,6.182405000000017,,
2025-12-18T08:57:49.045Z,0.018,1,600,480x270,6.245069999999998,,rebuffer happen
2025-12-18T08:57:49.346Z,0.274,1,600,480x270,6.308427999999992,,
2025-12-18T08:57:49.847Z,0.275,1,600,480x270,6.31170800000001,,
2025-12-18T08:57:50.332Z,0.31,1,600,480x270,6.230319000000009,,
2025-12-18T08:57:50.359Z,0.276,1,600,480x270,6.291083000000015,,rebuffer happen
2025-12-18T08:57:50.880Z,0.234,1,600,480x270,6.265883000000031,,
2025-12-18T08:57:51.419Z,0.234,1,600,480x270,6.227337999999975,,
2025-12-18T08:57:51.920Z,0.195,1,600,480x270,6.2263529999999605,,
2025-12-18T08:57:52.131Z,0.032,1,600,480x270,6.218361000000016,,rebuffer happen
2025-12-18T08:57:52.409Z,0.219,1,600,480x270,6.2535930000000235,,
2025-12-18T08:57:52.615Z,0.032,1,600,480x270,6.253444000000002,,rebuffer happen
2025-12-18T08:57:52.945Z,0.284,1,600,480x270,6.402686999999958,,
2025-12-18T08:57:53.486Z,0.22,1,600,480x270,6.363071999999988,,
2025-12-18T08:57:53.699Z,0.023,1,600,480x270,6.3519979999999805,,rebuffer happen
2025-12-18T08:57:54.071Z,0.182,1,600,480x270,6.410172999999986,,
2025-12-18T08:57:54.233Z,0.028,1,600,480x270,6.3577849999999785,,rebuffer happen
2025-12-18T08:57:54.716Z,0.156,1,600,480x270,6.467532000000006,,
2025-12-18T08:57:54.833Z,0.033,1,600,480x270,6.454584000000011,,rebuffer happen
2025-12-18T08:57:55.099Z,0.27,1,600,480x270,6.518293999999969,,
2025-12-18T08:57:55.207Z,0.193,1,600,480x270,6.508314999999982,,rebuffer happen
2025-12-18T08:57:55.561Z,0.264,1,600,480x270,6.496718999999985,,
2025-12-18T08:57:56.034Z,0.292,1,600,480x270,6.52193299999999,,
2025-12-18T08:57:56.156Z,0.184,1,600,480x270,6.501461000000006,,rebuffer happen
2025-12-18T08:57:56.680Z,0.104,1,600,480x270,6.42404300000004,,
2025-12-18T08:57:56.751Z,0.03,1,600,480x270,6.446570999999949,,rebuffer happen
2025-12-18T08:57:57.287Z,0.225,1,600,480x270,6.674149999999997,,
2025-12-18T08:57:57.536Z,0.021,1,600,480x270,6.738225,,rebuffer happen
2025-12-18T08:57:57.602Z,0.023,1,600,480x270,6.707088999999996,,rebuffer happen
2025-12-18T08:57:57.844Z,0.273,1,600,480x270,6.783924999999954,,
2025-12-18T08:57:58.086Z,0.024,1,600,480x270,6.7441310000000385,,rebuffer happen
2025-12-18T08:57:58.136Z,0.024,1,600,480x270,6.806613999999968,,rebuffer happen
2025-12-18T08:57:58.375Z,0.279,1,600,480x270,6.793795999999986,,
2025-12-18T08:57:58.955Z,0.185,1,600,480x270,6.815860000000043,,
2025-12-18T08:57:59.137Z,0.017,1,600,480x270,6.835361999999975,,rebuffer happen
2025-12-18T08:57:59.187Z,0.03,1,600,480x270,6.814280999999994,,rebuffer happen
2025-12-18T08:57:59.452Z,0.244,1,600,480x270,6.88682399999999,,
2025-12-18T08:57:59.986Z,0.239,1,600,480x270,6.854923999999983,,
2025-12-18T08:58:00.188Z,0.031,1,600,480x270,6.858992999999998,,rebuffer happen
2025-12-18T08:58:00.511Z,0.198,1,600,480x270,6.841484000000037,,
2025-12-18T08:58:00.720Z,0.285,1,600,480x270,6.833923999999968,,rebuffer happen
2025-12-18T08:58:00.861Z,0.304,1,600,480x270,6.82883499999997,,
2025-12-18T08:58:00.943Z,0.284,1,600,480x270,6.802658000000008,,rebuffer happen
2025-12-18T08:58:01.180Z,0.414,1,600,480x270,6.763130999999987,,
2025-12-18T08:58:01.616Z,0.393,1,600,480x270,6.614753000000007,,
2025-12-18T08:58:01.959Z,0.441,1,600,480x270,6.498702999999978,,
2025-12-18T08:58:02.038Z,0.264,1,600,480x270,6.483750000000043,,rebuffer happen
2025-12-18T08:58:02.401Z,0.327,1,600,480x270,6.374705000000006,,
2025-12-18T08:58:02.584Z,0.083,1,600,480x270,6.3015080000000125,,rebuffer happen
2025-12-18T08:58:02.840Z,0.033,1,600,480x270,6.249884000000009,,rebuffer happen
2025-12-18T08:58:03.028Z,0.11,1,600,480x270,6.202588999999989,,
2025-12-18T08:58:03.090Z,0.021,1,600,480x270,6.239086000000043,,rebuffer happen
2025-12-18T08:58:03.224Z,0.019,1,600,480x270,6.301240999999948,,rebuffer happen
2025-12-18T08:58:03.340Z,0.022,1,600,480x270,6.410792000000015,,rebuffer happen
2025-12-18T08:58:03.540Z,0.03,1,600,480x270,6.547382999999968,,rebuffer happen
2025-12-18T08:58:03.624Z,0.025,1,600,480x270,6.508418000000006,,rebuffer happen
2025-12-18T08:58:03.724Z,0.018,1,600,480x270,6.574631999999951,,rebuffer happen
2025-12-18T08:58:03.807Z,0.026,1,600,480x270,6.644159000000002,,rebuffer happen
2025-12-18T08:58:03.857Z,0.032,1,600,480x270,6.720911999999998,,rebuffer happen
2025-12-18T08:58:03.974Z,0.024,1,600,480x270,6.779072000000042,,rebuffer happen
2025-12-18T08:58:04.024Z,0.015,1,600,480x270,6.736968999999988,,rebuffer happen
2025-12-18T08:58:04.076Z,0.082,1,600,480x270,6.786297999999988,,
2025-12-18T08:58:04.124Z,0.027,1,600,480x270,6.74355700000001,,rebuffer happen
2025-12-18T08:58:04.821Z,0.301,1,600,480x270,7.229263000000003,,
2025-12-18T08:58:04.924Z,0.207,1,600,480x270,7.223554999999976,,rebuffer happen
2025-12-18T08:58:05.108Z,0.022,1,600,480x270,7.251086999999984,,rebuffer happen
2025-12-18T08:58:05.600Z,0.356,1,600,480x270,7.595355999999981,,
2025-12-18T08:58:05.842Z,0.029,1,600,480x270,7.552902000000017,,rebuffer happen
2025-12-18T08:58:05.843Z,0.029,1,600,480x270,7.552902000000017,,rebuffer happen
2025-12-18T08:58:06.375Z,0.288,1,600,480x270,7.847418000000005,,rebuffer happen
2025-12-18T08:58:06.403Z,0.288,1,600,480x270,7.804636000000016,,
2025-12-18T08:58:06.676Z,0.031,1,600,480x270,7.851987000000008,,rebuffer happen
2025-12-18T08:58:07.160Z,0.226,1,600,480x270,8.055549999999982,,
2025-12-18T08:58:07.377Z,0.024,1,600,480x270,8.04415499999999,,rebuffer happen
2025-12-18T08:58:07.978Z,0.117,1,600,480x270,8.260629999999992,,
2025-12-18T08:58:08.094Z,0.017,1,600,480x270,8.236798000000022,,rebuffer happen
2025-12-18T08:58:08.649Z,0.224,1,600,480x270,8.559482000000003,,
2025-12-18T08:58:08.862Z,0.02,1,600,480x270,8.547372999999993,,rebuffer happen
2025-12-18T08:58:09.156Z,0.256,1,600,480x270,8.589301000000034,,
2025-12-18T08:58:09.395Z,0.032,1,600,480x270,8.562036999999975,,rebuffer happen
2025-12-18T08:58:09.720Z,0.218,1,600,480x270,8.567762999999957,,
2025-12-18T08:58:10.224Z,0.227,1,600,480x270,8.563101000000017,,
2025-12-18T08:58:10.446Z,0.025,1,600,480x270,8.64461799999998,,rebuffer happen
2025-12-18T08:58:10.745Z,0.251,1,600,480x270,8.687860999999998,,
2025-12-18T08:58:11.314Z,0.155,1,600,480x270,8.620172999999966,,
2025-12-18T08:58:11.497Z,0.027,1,600,480x270,8.64739400000002,,rebuffer happen
2025-12-18T08:58:11.887Z,0.221,1,600,480x270,8.69570699999997,,
2025-12-18T08:58:12.047Z,0.021,1,600,480x270,8.73775999999998,,rebuffer happen
2025-12-18T08:58:12.081Z,0.029,1,600,480x270,8.71277699999996,,rebuffer happen
2025-12-18T08:58:12.131Z,0.128,1,600,480x270,8.67813000000001,,rebuffer happen
2025-12-18T08:58:12.365Z,0.237,1,600,480x270,8.76057099999997,,
2025-12-18T08:58:12.909Z,0.148,1,600,480x270,8.732765000000029,,
2025-12-18T08:58:13.082Z,0.029,1,600,480x270,8.74832299999997,,rebuffer happen
2025-12-18T08:58:13.430Z,0.237,1,600,480x270,8.762878999999998,,
2025-12-18T08:58:13.807Z,0.363,1,600,480x270,8.80180200000001,,
2025-12-18T08:58:13.884Z,0.299,1,600,480x270,8.813634999999977,,rebuffer happen
2025-12-18T08:58:14.393Z,0.249,1,600,480x270,8.760171000000014,,
2025-12-18T08:58:14.911Z,0.212,1,600,480x270,8.746385999999973,,
2025-12-18T08:58:15.362Z,0.261,1,600,480x270,8.796602000000007,,
2025-12-18T08:58:15.680Z,0.3,1,600,480x270,8.78523100000001,,rebuffer happen
2025-12-18T08:58:15.792Z,0.354,1,600,480x270,8.757251999999994,,
2025-12-18T08:58:15.849Z,0.244,1,600,480x270,8.764252999999997,,rebuffer happen
2025-12-18T08:58:16.468Z,0.026,1,600,480x270,8.683042999999998,,rebuffer happen
2025-12-18T08:58:16.491Z,0.026,1,600,480x270,8.683042999999998,,
2025-12-18T08:58:16.534Z,0.021,1,600,480x270,8.736987,,rebuffer happen
2025-12-18T08:58:16.917Z,0.277,1,600,480x270,8.827211999999975,,
2025-12-18T08:58:17.064Z,0.086,1,600,480x270,8.813266999999996,,rebuffer happen
2025-12-18T08:58:17.101Z,0.031,1,600,480x270,8.757533999999964,,rebuffer happen
2025-12-18T08:58:17.423Z,0.282,1,600,480x270,8.804002000000025,,
2025-12-18T08:58:17.702Z,0.022,1,600,480x270,8.839038000000016,,rebuffer happen
2025-12-18T08:58:17.948Z,0.287,1,600,480x270,8.926923999999985,,
2025-12-18T08:58:17.968Z,0.284,1,600,480x270,8.909427999999991,,rebuffer happen
2025-12-18T08:58:18.202Z,0.024,1,600,480x270,8.846969000000001,,rebuffer happen
2025-12-18T08:58:18.269Z,0.019,1,600,480x270,8.901495000000011,,rebuffer happen
2025-12-18T08:58:18.336Z,0.023,1,600,480x270,8.97321999999997,,rebuffer happen
2025-12-18T08:58:18.568Z,0.251,1,600,480x270,8.978419999999971,,
2025-12-18T08:58:19.034Z,0.29,1,600,480x270,9.001393000000007,,
2025-12-18T08:58:19.463Z,0.31,1,600,480x270,8.945675999999992,,
2025-12-18T08:58:19.629Z,0.112,1,600,480x270,8.806951000000026,,rebuffer happen
2025-12-18T08:58:19.874Z,0.272,1,600,480x270,8.835683000000017,,
2025-12-18T08:58:19.920Z,0.274,1,600,480x270,8.790048000000013,,rebuffer happen
2025-12-18T08:58:20.104Z,0.36,1,600,480x270,8.722491000000048,,
2025-12-18T08:58:20.157Z,0.908,1,600,480x270,8.73863,,
2025-12-18T08:58:20.723Z,0.273,1,600,480x270,8.43556799999999,,rebuffer happen
2025-12-18T08:58:20.888Z,0.027,1,600,480x270,8.385964000000001,,rebuffer happen
2025-12-18T08:58:21.005Z,0.017,1,600,480x270,8.437302999999986,,rebuffer happen
2025-12-18T08:58:21.055Z,0.026,1,600,480x270,8.512895000000015,,rebuffer happen
2025-12-18T08:58:21.249Z,0.151,1,600,480x270,8.556894999999997,,
2025-12-18T08:58:21.355Z,0.024,1,600,480x270,8.542502000000013,,rebuffer happen
2025-12-18T08:58:22.000Z,0.237,1,600,480x270,8.855610000000013,,
2025-12-18T08:58:22.206Z,0.025,1,600,480x270,8.85295599999995,,rebuffer happen
2025-12-18T08:58:22.588Z,0.236,1,600,480x270,8.959115999999995,,
2025-12-18T08:58:22.823Z,0.029,1,600,480x270,8.911377000000016,,rebuffer happen
2025-12-18T08:58:23.119Z,0.217,1,600,480x270,8.955088000000046,,
2025-12-18T08:58:23.626Z,0.214,1,600,480x270,8.945451999999989,,
2025-12-18T08:58:24.099Z,0.23,1,600,480x270,8.978227000000004,,
2025-12-18T08:58:24.626Z,0.237,1,600,480x270,8.94635199999999,,
2025-12-18T08:58:24.825Z,0.033,1,600,480x270,8.951865999999995,,rebuffer happen
2025-12-18T08:58:25.098Z,0.257,1,600,480x270,9.000225999999998,,
2025-12-18T08:58:25.620Z,0.274,1,600,480x270,8.99480299999999,,
2025-12-18T08:58:26.147Z,0.216,1,600,480x270,9.068690000000004,,
2025-12-18T08:58:26.543Z,0.019,1,600,480x270,9.076210000000003,,rebuffer happen
2025-12-18T08:58:26.742Z,0.15,1,600,480x270,9.091275999999993,,
2025-12-18T08:58:26.893Z,0.025,1,600,480x270,9.046681999999976,,rebuffer happen
2025-12-18T08:58:27.156Z,0.227,1,600,480x270,9.107947999999965,,
2025-12-18T08:58:27.649Z,0.309,1,600,480x270,9.120321999999987,,
2025-12-18T08:58:27.693Z,0.258,1,600,480x270,9.076268999999968,,rebuffer happen
2025-12-18T08:58:27.860Z,0.03,1,600,480x270,9.045533000000034,,rebuffer happen
2025-12-18T08:58:28.179Z,0.281,1,600,480x270,9.091480999999987,,
2025-12-18T08:58:28.428Z,0.026,1,600,480x270,9.045270000000016,,rebuffer happen
2025-12-18T08:58:28.730Z,0.224,1,600,480x270,9.06543099999999,,
2025-12-18T08:58:28.944Z,0.022,1,600,480x270,9.147244999999998,,rebuffer happen
2025-12-18T08:58:29.028Z,0.021,1,600,480x270,9.112693999999976,,rebuffer happen
2025-12-18T08:58:29.331Z,0.221,1,600,480x270,9.12857200000002,,
2025-12-18T08:58:29.879Z,0.162,1,600,480x270,9.205474999999979,,
2025-12-18T08:58:30.029Z,0.027,1,600,480x270,9.152610999999979,,rebuffer happen
2025-12-18T08:58:30.374Z,0.271,1,600,480x270,9.279849000000013,,
2025-12-18T08:58:30.925Z,0.231,1,600,480x270,9.245338000000004,,
2025-12-18T08:58:31.130Z,0.025,1,600,480x270,9.251387000000022,,rebuffer happen
2025-12-18T08:58:31.496Z,0.234,1,600,480x270,9.342522999999971,,
2025-12-18T08:58:31.697Z,0.026,1,600,480x270,9.354908000000023,,rebuffer happen
2025-12-18T08:58:32.021Z,0.256,1,600,480x270,9.371926999999971,,
2025-12-18T08:58:32.247Z,0.023,1,600,480x270,9.444409000000007,,rebuffer happen
2025-12-18T08:58:32.532Z,0.265,1,600,480x270,9.40923399999997,,
2025-12-18T08:58:33.071Z,0.254,1,600,480x270,9.463077999999996,,
2025-12-18T08:58:33.298Z,0.02,1,600,480x270,9.43638900000002,,rebuffer happen
2025-12-18T08:58:33.586Z,0.271,1,600,480x270,9.500733999999966,,
2025-12-18T08:58:34.277Z,0.208,1,600,480x270,9.50987299999997,,
2025-12-18T08:58:34.349Z,0.021,1,600,480x270,9.538312000000019,,rebuffer happen
2025-12-18T08:58:34.759Z,0.268,1,600,480x270,9.683974000000035,,
2025-12-18T08:58:35.261Z,0.287,1,600,480x270,9.68410700000004,,
2025-12-18T08:58:35.750Z,0.258,1,600,480x270,9.701676999999961,,
2025-12-18T08:58:36.248Z,0.262,1,600,480x270,9.701300000000003,,
2025-12-18T08:58:36.610Z,0.381,1,600,480x270,9.569805999999971,,
2025-12-18T08:58:36.707Z,0.276,1,600,480x270,9.525423999999987,,rebuffer happen
2025-12-18T08:58:37.131Z,0.273,1,600,480x270,9.48566999999997,,
2025-12-18T08:58:37.648Z,0.269,1,600,480x270,9.590123000000006,,
2025-12-18T08:58:38.102Z,0.315,1,600,480x270,9.507862999999986,,
2025-12-18T08:58:38.102Z,0.289,1,600,480x270,9.507601000000022,,rebuffer happen
2025-12-18T08:58:38.475Z,0.308,1,600,480x270,9.448645999999997,,
2025-12-18T08:58:38.600Z,0.212,1,600,480x270,9.430641999999978,,rebuffer happen
2025-12-18T08:58:39.144Z,0.117,1,600,480x270,9.462850000000003,,
2025-12-18T08:58:39.253Z,0.028,1,600,480x270,9.448398999999995,,rebuffer happen
2025-12-18T08:58:39.774Z,0.232,1,600,480x270,9.639867000000038,,
2025-12-18T08:58:39.970Z,0.029,1,600,480x270,9.650724000000025,,rebuffer happen
2025-12-18T08:58:40.386Z,0.191,1,600,480x270,9.729714000000001,,
2025-12-18T08:58:40.571Z,0.027,1,600,480x270,9.753289999999993,,rebuffer happen
2025-12-18T08:58:40.935Z,0.245,1,600,480x270,9.856759000000011,,
2025-12-18T08:58:41.484Z,0.187,1,600,480x270,9.827755000000025,,
2025-12-18T08:58:41.824Z,0.357,1,600,480x270,9.794827999999995,,
2025-12-18T08:58:41.901Z,0.294,1,600,480x270,9.814285999999981,,rebuffer happen
2025-12-18T08:58:42.547Z,0.149,1,600,480x270,9.842638000000022,,
2025-12-18T08:58:42.639Z,0.033,1,600,480x270,9.853613000000053,,rebuffer happen
2025-12-18T08:58:43.034Z,0.163,1,600,480x270,9.909843999999964,,
2025-12-18T08:58:43.447Z,0.261,1,600,480x270,9.907606999999985,,
2025-12-18T08:58:44.036Z,0.203,1,600,480x270,9.914962000000003,,
2025-12-18T08:58:44.594Z,0.133,1,600,480x270,9.86516800000004,,
2025-12-18T08:58:44.724Z,0.018,1,600,480x270,9.833749999999952,,rebuffer happen
2025-12-18T08:58:45.124Z,0.272,1,600,480x270,9.964675999999997,,
2025-12-18T08:58:45.341Z,0.031,1,600,480x270,10.053661000000034,,rebuffer happen
2025-12-18T08:58:45.625Z,0.277,1,600,480x270,9.99883699999998,,
2025-12-18T08:58:46.008Z,0.032,1,600,480x270,10.01493099999999,,rebuffer happen
2025-12-18T08:58:46.179Z,0.263,1,600,480x270,10.085109999999986,,
2025-12-18T08:58:46.669Z,0.271,1,600,480x270,10.111851999999999,,
2025-12-18T08:58:47.182Z,0.287,1,600,480x270,10.104614000000026,,
2025-12-18T08:58:47.695Z,0.294,1,600,480x270,10.106693000000007,,
2025-12-18T08:58:48.166Z,0.323,1,600,480x270,10.149467000000016,,
2025-12-18T08:58:48.399Z,0.086,1,600,480x270,10.10486800000001,,rebuffer happen
2025-12-18T08:58:48.652Z,0.295,1,600,480x270,10.149181999999996,,
2025-12-18T08:58:48.784Z,0.128,1,600,480x270,10.048326000000031,,rebuffer happen
2025-12-18T08:58:48.844Z,0.039,1,600,480x270,10.064915999999982,,rebuffer happen
2025-12-18T08:58:49.228Z,0.256,1,600,480x270,10.098334000000023,,
2025-12-18T08:58:49.753Z,0.241,1,600,480x270,10.170754999999986,,
2025-12-18T08:58:49.979Z,0.03,1,600,480x270,10.151071000000002,,rebuffer happen
2025-12-18T08:58:50.312Z,0.248,1,600,480x270,10.157316000000037,,
2025-12-18T08:58:50.786Z,0.262,1,600,480x270,10.199446000000023,,
2025-12-18T08:58:51.257Z,0.314,1,600,480x270,10.225472999999965,,
2025-12-18T08:58:51.296Z,0.27,1,600,480x270,10.186570999999958,,rebuffer happen
2025-12-18T08:58:51.563Z,0.285,1,600,480x270,10.238269000000003,,rebuffer happen
2025-12-18T08:58:51.691Z,0.294,1,600,480x270,10.14786700000002,,rebuffer happen
2025-12-18T08:58:51.731Z,0.294,1,600,480x270,10.087788000000046,,
2025-12-18T08:58:51.930Z,0.019,1,600,480x270,10.043465000000026,,rebuffer happen
2025-12-18T08:58:52.257Z,0.222,1,600,480x270,10.15449000000001,,
2025-12-18T08:58:52.464Z,0.029,1,600,480x270,10.154990999999995,,rebuffer happen
2025-12-18T08:58:52.797Z,0.247,1,600,480x270,10.181785999999988,,
2025-12-18T08:58:53.031Z,0.028,1,600,480x270,10.152594000000022,,rebuffer happen
2025-12-18T08:58:53.336Z,0.266,1,600,480x270,10.297114999999962,,
2025-12-18T08:58:53.598Z,0.024,1,600,480x270,10.249086000000034,,rebuffer happen
2025-12-18T08:58:53.986Z,0.204,1,600,480x270,10.300287999999966,,
2025-12-18T08:58:54.149Z,0.018,1,600,480x270,10.34051999999997,,rebuffer happen
2025-12-18T08:58:54.467Z,0.308,1,600,480x270,10.419426000000044,,
2025-12-18T08:58:54.557Z,0.213,1,600,480x270,10.439236999999991,,rebuffer happen
2025-12-18T08:58:54.682Z,0.03,1,600,480x270,10.345816999999954,,rebuffer happen
2025-12-18T08:58:55.021Z,0.257,1,600,480x270,10.36024500000002,,
2025-12-18T08:58:55.250Z,0.017,1,600,480x270,10.431983000000002,,rebuffer happen
2025-12-18T08:58:55.333Z,0.027,1,600,480x270,10.408649000000025,,rebuffer happen
2025-12-18T08:58:55.638Z,0.241,1,600,480x270,10.548677999999995,,
2025-12-18T08:58:55.850Z,0.018,1,600,480x270,10.545861000000002,,rebuffer happen
2025-12-18T08:58:56.240Z,0.229,1,600,480x270,10.618654000000049,,
2025-12-18T08:58:56.417Z,0.022,1,600,480x270,10.539427999999987,,rebuffer happen
2025-12-18T08:58:56.801Z,0.241,1,600,480x270,10.666899,,
2025-12-18T08:58:57.034Z,0.019,1,600,480x270,10.734548000000018,,rebuffer happen
2025-12-18T08:58:57.436Z,0.178,1,600,480x270,10.786984000000018,,
2025-12-18T08:58:57.585Z,0.023,1,600,480x270,10.744287999999983,,rebuffer happen
2025-12-18T08:58:57.875Z,0.287,1,600,480x270,10.813343999999972,,
2025-12-18T08:58:58.421Z,0.263,1,600,480x270,10.76892399999997,,
2025-12-18T08:58:58.921Z,0.249,1,600,480x270,10.781473000000005,,
2025-12-18T08:58:59.398Z,0.279,1,600,480x270,10.810400000000016,,
2025-12-18T08:59:00.037Z,0.023,1,600,480x270,10.872075999999993,,rebuffer happen
2025-12-18T08:59:00.070Z,0.028,1,600,480x270,10.844285000000013,,rebuffer happen
2025-12-18T08:59:00.120Z,0.028,1,600,480x270,10.811008000000015,,rebuffer happen
2025-12-18T08:59:00.215Z,0.062,1,600,480x270,10.875430999999992,,
2025-12-18T08:59:00.253Z,0.022,1,600,480x270,10.93786,,rebuffer happen
2025-12-18T08:59:00.354Z,0.026,1,600,480x270,11.012113,,rebuffer happen
2025-12-18T08:59:00.404Z,0.026,1,600,480x270,10.978006999999991,,rebuffer happen
2025-12-18T08:59:00.487Z,0.03,1,600,480x270,11.048751000000038,,rebuffer happen
2025-12-18T08:59:00.588Z,0.092,1,600,480x270,11.107515000000035,,rebuffer happen
2025-12-18T08:59:00.875Z,0.107,1,600,480x270,11.132008999999982,,
2025-12-18T08:59:00.971Z,0.022,1,600,480x270,11.142811999999992,,rebuffer happen
2025-12-18T08:59:01.451Z,0.26,1,600,480x270,11.408592999999996,,
2025-12-18T08:59:01.705Z,0.031,1,600,480x270,11.34800100000001,,rebuffer happen
2025-12-18T08:59:02.066Z,0.203,1,600,480x270,11.468974000000003,,
2025-12-18T08:59:02.289Z,0.03,1,600,480x270,11.446231000000012,,rebuffer happen
2025-12-18T08:59:02.648Z,0.222,1,600,480x270,11.576004000000012,,
2025-12-18T08:59:02.873Z,0.023,1,600,480x270,11.550355999999965,,rebuffer happen
2025-12-18T08:59:03.221Z,0.218,1,600,480x270,11.53409499999998,,
2025-12-18T08:59:03.406Z,0.025,1,600,480x270,11.552634000000012,,rebuffer happen
2025-12-18T08:59:03.787Z,0.176,1,600,480x270,11.607312999999976,,
2025-12-18T08:59:03.957Z,0.017,1,600,480x270,11.639891999999975,,rebuffer happen
2025-12-18T08:59:04.270Z,0.272,1,600,480x270,11.679267999999979,,
2025-12-18T08:59:04.780Z,0.187,1,600,480x270,11.674575999999945,,
2025-12-18T08:59:05.266Z,0.296,1,600,480x270,11.69404400000002,,
2025-12-18T08:59:05.769Z,0.264,1,600,480x270,11.709067000000005,,
2025-12-18T08:59:06.276Z,0.284,1,600,480x270,11.69718899999998,,
2025-12-18T08:59:06.667Z,0.297,1,600,480x270,11.711685999999986,,rebuffer happen
2025-12-18T08:59:06.721Z,0.327,1,600,480x270,11.657055000000014,,
2025-12-18T08:59:06.863Z,0.2,1,600,480x270,11.725436000000002,,rebuffer happen
2025-12-18T08:59:07.220Z,0.322,1,600,480x270,11.624482999999998,,
2025-12-18T08:59:07.221Z,0.297,1,600,480x270,11.623352000000011,,rebuffer happen
2025-12-18T08:59:07.393Z,0.039,1,600,480x270,11.556304000000011,,rebuffer happen
2025-12-18T08:59:07.712Z,0.294,1,600,480x270,11.606008000000031,,
2025-12-18T08:59:08.213Z,0.274,1,600,480x270,11.616873999999996,,
2025-12-18T08:59:08.750Z,0.256,1,600,480x270,11.680680999999993,,
2025-12-18T08:59:09.255Z,0.253,1,600,480x270,11.674296000000027,,
2025-12-18T08:59:09.760Z,0.218,1,600,480x270,11.669868000000008,,
2025-12-18T08:59:10.333Z,0.161,1,600,480x270,11.591934999999978,,
2025-12-18T08:59:10.773Z,0.246,1,600,480x270,11.658582999999965,,
2025-12-18T08:59:11.230Z,0.27,1,600,480x270,11.60145,,
2025-12-18T08:59:11.648Z,0.283,1,600,480x270,11.71166599999998,,rebuffer happen
2025-12-18T08:59:11.720Z,0.27,1,600,480x270,11.602432000000022,,
2025-12-18T08:59:11.880Z,0.035,1,600,480x270,11.551986,,rebuffer happen
2025-12-18T08:59:12.254Z,0.255,1,600,480x270,11.645917999999995,,
2025-12-18T08:59:12.464Z,0.022,1,600,480x270,11.653034999999988,,rebuffer happen
2025-12-18T08:59:12.799Z,0.235,1,600,480x270,11.654246999999998,,
2025-12-18T08:59:12.997Z,0.031,1,600,480x270,11.661903999999993,,rebuffer happen
2025-12-18T08:59:13.328Z,0.29,1,600,480x270,11.69379600000002,,
2025-12-18T08:59:13.877Z,0.219,1,600,480x270,11.746583999999984,,
2025-12-18T08:59:14.082Z,0.026,1,600,480x270,11.743685000000028,,rebuffer happen
2025-12-18T08:59:14.426Z,0.242,1,600,480x270,11.774156000000005,,
2025-12-18T08:59:14.666Z,0.02,1,600,480x270,11.836870000000033,,rebuffer happen
2025-12-18T08:59:14.950Z,0.252,1,600,480x270,11.877120000000048,,
2025-12-18T08:59:15.538Z,0.161,1,600,480x270,11.890684000000022,,
2025-12-18T08:59:15.683Z,0.031,1,600,480x270,11.853516999999954,,rebuffer happen
2025-12-18T08:59:16.023Z,0.273,1,600,480x270,11.889456999999993,,
2025-12-18T08:59:16.529Z,0.257,1,600,480x270,11.891096000000005,,
2025-12-18T08:59:16.767Z,0.032,1,600,480x270,11.946861000000013,,rebuffer happen
2025-12-18T08:59:17.106Z,0.203,1,600,480x270,11.931981999999948,,
2025-12-18T08:59:17.301Z,0.023,1,600,480x270,11.944870000000037,,rebuffer happen
2025-12-18T08:59:17.617Z,0.24,1,600,480x270,11.970033,,
2025-12-18T08:59:18.109Z,0.203,1,600,480x270,11.977126999999996,,
2025-12-18T08:59:18.352Z,0.019,1,600,480x270,12.049116999999967,,rebuffer happen
2025-12-18T08:59:18.616Z,0.208,1,600,480x270,11.983321999999987,,
2025-12-18T08:59:18.852Z,0.031,1,600,480x270,12.048805999999956,,rebuffer happen
2025-12-18T08:59:19.125Z,0.305,1,600,480x270,12.059757999999988,,
2025-12-18T08:59:19.319Z,0.043,1,600,480x270,11.97153899999995,,rebuffer happen
2025-12-18T08:59:19.320Z,0.043,1,600,480x270,11.97153899999995,,rebuffer happen
2025-12-18T08:59:19.821Z,0.165,1,600,480x270,12.066980000000001,,
2025-12-18T08:59:19.937Z,0.024,1,600,480x270,12.141640999999993,,rebuffer happen
2025-12-18T08:59:20.070Z,0.024,1,600,480x270,12.205381999999986,,rebuffer happen
2025-12-18T08:59:20.386Z,0.137,1,600,480x270,12.211475000000007,,
2025-12-18T08:59:20.570Z,0.023,1,600,480x270,12.247026000000005,,rebuffer happen
2025-12-18T08:59:20.913Z,0.245,1,600,480x270,12.251124000000004,,
2025-12-18T08:59:21.121Z,0.027,1,600,480x270,12.252663999999982,,rebuffer happen
2025-12-18T08:59:21.374Z,0.279,1,600,480x270,12.318177999999989,,
2025-12-18T08:59:21.896Z,0.304,1,600,480x270,12.321605999999974,,
2025-12-18T08:59:21.896Z,0.296,1,600,480x270,12.32140899999996,,rebuffer happen
2025-12-18T08:59:22.417Z,0.281,1,600,480x270,12.298836999999992,,
2025-12-18T08:59:22.945Z,0.26,1,600,480x270,12.378071999999975,,
2025-12-18T08:59:23.455Z,0.249,1,600,480x270,12.363058999999964,,
2025-12-18T08:59:23.968Z,0.243,1,600,480x270,12.35816299999999,,
2025-12-18T08:59:24.483Z,0.232,1,600,480x270,12.346187999999984,,
2025-12-18T08:59:25.004Z,0.224,1,600,480x270,12.333201000000031,,
2025-12-18T08:59:25.527Z,0.21,1,600,480x270,12.333576999999991,,
2025-12-18T08:59:26.025Z,0.211,1,600,480x270,12.341771999999992,,
2025-12-18T08:59:26.225Z,0.021,1,600,480x270,12.346711000000028,,rebuffer happen
2025-12-18T08:59:26.485Z,0.289,1,600,480x270,12.441071000000022,,rebuffer happen
2025-12-18T08:59:26.486Z,0.289,1,600,480x270,12.439528000000053,,
2025-12-18T08:59:26.675Z,0.036,1,600,480x270,12.358449000000007,,rebuffer happen
2025-12-18T08:59:26.676Z,0.036,1,600,480x270,12.358449000000007,,rebuffer happen
2025-12-18T08:59:26.962Z,0.351,1,600,480x270,12.461985999999968,,
2025-12-18T08:59:27.123Z,0.103,1,600,480x270,12.329875999999956,,rebuffer happen
2025-12-18T08:59:27.159Z,0.05,1,600,480x270,12.371692999999993,,rebuffer happen
2025-12-18T08:59:27.463Z,0.36,1,600,480x270,12.482830000000035,,
2025-12-18T08:59:27.676Z,0.042,1,600,480x270,12.365732000000037,,rebuffer happen
2025-12-18T08:59:27.677Z,0.042,1,600,480x270,12.365732000000037,,rebuffer happen
2025-12-18T08:59:27.940Z,0.291,1,600,480x270,12.512832000000003,,rebuffer happen
2025-12-18T08:59:27.960Z,0.323,1,600,480x270,12.483251999999993,,
2025-12-18T08:59:28.176Z,0.037,1,600,480x270,12.354871000000003,,rebuffer happen
2025-12-18T08:59:28.177Z,0.037,1,600,480x270,12.354871000000003,,rebuffer happen
2025-12-18T08:59:28.528Z,0.357,1,600,480x270,12.469915000000015,,
2025-12-18T08:59:28.717Z,0.084,1,600,480x270,12.404630000000054,,rebuffer happen
2025-12-18T08:59:28.744Z,0.044,1,600,480x270,12.461488999999972,,rebuffer happen
2025-12-18T08:59:29.105Z,0.284,1,600,480x270,12.513862000000017,,
2025-12-18T08:59:29.378Z,0.026,1,600,480x270,12.54195500000003,,rebuffer happen
2025-12-18T08:59:29.727Z,0.24,1,600,480x270,12.583191,,
2025-12-18T08:59:29.962Z,0.02,1,600,480x270,12.645547999999962,,rebuffer happen
2025-12-18T08:59:30.296Z,0.266,1,600,480x270,12.689223999999967,,
2025-12-18T08:59:30.545Z,0.027,1,600,480x270,12.746617000000015,,rebuffer happen
2025-12-18T08:59:30.840Z,0.24,1,600,480x270,12.775476999999967,,
2025-12-18T08:59:31.062Z,0.032,1,600,480x270,12.760064,,rebuffer happen
2025-12-18T08:59:31.359Z,0.259,1,600,480x270,12.785594000000003,,
2025-12-18T08:59:31.596Z,0.03,1,600,480x270,12.759500000000003,,rebuffer happen
2025-12-18T08:59:31.882Z,0.269,1,600,480x270,12.793225000000007,,
2025-12-18T08:59:32.130Z,0.031,1,600,480x270,12.759814000000006,,rebuffer happen
2025-12-18T08:59:32.389Z,0.267,1,600,480x270,12.805492000000015,,
2025-12-18T08:59:32.919Z,0.274,1,600,480x270,12.788584000000014,,
2025-12-18T08:59:33.164Z,0.023,1,600,480x270,12.841583000000014,,rebuffer happen
2025-12-18T08:59:33.446Z,0.255,1,600,480x270,12.880000999999993,,
2025-12-18T08:59:33.681Z,0.028,1,600,480x270,12.84724399999999,,rebuffer happen
2025-12-18T08:59:33.962Z,0.261,1,600,480x270,12.909639999999968,,
2025-12-18T08:59:34.215Z,0.027,1,600,480x270,12.844364999999982,,rebuffer happen
2025-12-18T08:59:34.530Z,0.3,1,600,480x270,12.854804000000001,,
2025-12-18T08:59:34.531Z,0.238,1,600,480x270,12.853963999999962,,rebuffer happen
2025-12-18T08:59:34.665Z,0.037,1,600,480x270,12.85431699999998,,rebuffer happen
2025-12-18T08:59:35.105Z,0.229,1,600,480x270,12.94458400000002,,
2025-12-18T08:59:35.299Z,0.03,1,600,480x270,12.952358000000004,,rebuffer happen
2025-12-18T08:59:35.676Z,0.244,1,600,480x270,13.041539999999998,,
2025-12-18T08:59:35.866Z,0.029,1,600,480x270,13.043978999999979,,rebuffer happen
2025-12-18T08:59:35.916Z,0.026,1,600,480x270,13.007267000000013,,rebuffer happen
2025-12-18T08:59:36.262Z,0.155,1,600,480x270,13.133633999999972,,
2025-12-18T08:59:36.795Z,0.2,1,600,480x270,13.097088000000042,,
2025-12-18T08:59:36.951Z,0.022,1,600,480x270,13.150016999999991,,rebuffer happen
2025-12-18T08:59:37.272Z,0.221,1,600,480x270,13.131433000000015,,
2025-12-18T08:59:37.468Z,0.029,1,600,480x270,13.14554800000002,,rebuffer happen
2025-12-18T08:59:37.785Z,0.258,1,600,480x270,13.156280999999979,,
2025-12-18T08:59:38.291Z,0.194,1,600,480x270,13.157355999999993,,
2025-12-18T08:59:38.502Z,0.027,1,600,480x270,13.14335699999998,,rebuffer happen
2025-12-18T08:59:38.700Z,0.287,1,600,480x270,13.181580999999994,,
2025-12-18T08:59:38.769Z,0.291,1,600,480x270,13.208393999999998,,rebuffer happen
2025-12-18T08:59:39.124Z,0.381,1,600,480x270,13.105356000000029,,
2025-12-18T08:59:39.302Z,0.119,1,600,480x270,13.041193000000021,,rebuffer happen
2025-12-18T08:59:39.353Z,0.043,1,600,480x270,13.059278000000006,,rebuffer happen
2025-12-18T08:59:39.539Z,0.366,1,600,480x270,13.119744000000026,,
2025-12-18T08:59:39.615Z,0.291,1,600,480x270,13.007265000000018,,rebuffer happen
2025-12-18T08:59:39.786Z,0.034,1,600,480x270,12.956380000000024,,rebuffer happen
2025-12-18T08:59:39.987Z,0.425,1,600,480x270,13.041152000000011,,
2025-12-18T08:59:40.237Z,0.075,1,600,480x270,12.994258000000002,,rebuffer happen
2025-12-18T08:59:40.270Z,0.026,1,600,480x270,12.94525299999998,,rebuffer happen
2025-12-18T08:59:40.653Z,0.032,1,600,480x270,13.047705999999948,,rebuffer happen
2025-12-18T08:59:40.783Z,0.164,1,600,480x270,13.098373999999978,,
2025-12-18T08:59:40.954Z,0.022,1,600,480x270,13.144029999999987,,rebuffer happen
2025-12-18T08:59:41.387Z,0.197,1,600,480x270,13.240693000000022,,
2025-12-18T08:59:41.588Z,0.032,1,600,480x270,13.247117000000003,,rebuffer happen
2025-12-18T08:59:41.962Z,0.241,1,600,480x270,13.331289000000027,,
2025-12-18T08:59:42.155Z,0.02,1,600,480x270,13.339838999999984,,rebuffer happen
2025-12-18T08:59:42.449Z,0.186,1,600,480x270,13.374957999999992,,
2025-12-18T08:59:42.965Z,0.222,1,600,480x270,13.35812100000004,,
2025-12-18T08:59:43.474Z,0.241,1,600,480x270,13.357965999999976,,
2025-12-18T08:59:44.037Z,0.164,1,600,480x270,13.397755000000018,,
2025-12-18T08:59:44.190Z,0.026,1,600,480x270,13.357497000000023,,rebuffer happen
2025-12-18T08:59:44.509Z,0.235,1,600,480x270,13.346803000000023,,
2025-12-18T08:59:44.707Z,0.032,1,600,480x270,13.348359999999957,,rebuffer happen
2025-12-18T08:59:45.036Z,0.183,1,600,480x270,13.449364000000003,,
2025-12-18T08:59:45.541Z,0.245,1,600,480x270,13.455716999999993,,
2025-12-18T08:59:46.041Z,0.206,1,600,480x270,13.457048000000043,,
2025-12-18T08:59:46.537Z,0.228,1,600,480x270,13.458999000000006,,
2025-12-18T08:59:46.758Z,0.02,1,600,480x270,13.440522999999985,,rebuffer happen
2025-12-18T08:59:47.071Z,0.241,1,600,480x270,13.474758000000008,,
2025-12-18T08:59:47.524Z,0.281,1,600,480x270,13.429727000000014,,
2025-12-18T08:59:47.548Z,0.285,1,600,480x270,13.511979999999994,,rebuffer happen
2025-12-18T08:59:47.710Z,0.044,1,600,480x270,13.366038000000003,,rebuffer happen
2025-12-18T08:59:47.985Z,0.289,1,600,480x270,13.42358900000005,,
2025-12-18T08:59:48.188Z,0.101,1,600,480x270,13.424147000000005,,rebuffer happen
2025-12-18T08:59:48.416Z,0.322,1,600,480x270,13.373199999999997,,
2025-12-18T08:59:48.504Z,0.274,1,600,480x270,13.389722000000006,,rebuffer happen
2025-12-18T08:59:48.727Z,0.028,1,600,480x270,13.35310899999996,,rebuffer happen
2025-12-18T08:59:48.896Z,0.391,1,600,480x270,13.41664800000001,,
2025-12-18T08:59:48.986Z,0.262,1,600,480x270,13.376826999999992,,rebuffer happen
2025-12-18T08:59:49.144Z,0.026,1,600,480x270,13.340775000000008,,rebuffer happen
2025-12-18T08:59:49.404Z,0.345,1,600,480x270,13.401729000000046,,
2025-12-18T08:59:49.626Z,0.041,1,600,480x270,13.25830099999996,,rebuffer happen
2025-12-18T08:59:49.628Z,0.04,1,600,480x270,13.25683799999996,,rebuffer happen
2025-12-18T08:59:49.923Z,0.395,1,600,480x270,13.409024999999986,,
2025-12-18T08:59:49.984Z,0.289,1,600,480x270,13.408487000000036,,rebuffer happen
2025-12-18T08:59:50.145Z,0.05,1,600,480x270,13.373580000000004,,rebuffer happen
2025-12-18T08:59:50.448Z,0.327,1,600,480x270,13.483586000000003,,
2025-12-18T08:59:50.662Z,0.043,1,600,480x270,13.368370999999968,,rebuffer happen
2025-12-18T08:59:50.662Z,0.043,1,600,480x270,13.368370999999968,,rebuffer happen
2025-12-18T08:59:51.080Z,0.264,1,600,480x270,13.502816999999993,,
2025-12-18T08:59:51.346Z,0.02,1,600,480x270,13.536602000000016,,rebuffer happen
2025-12-18T08:59:51.718Z,0.218,1,600,480x270,13.527083000000005,,
2025-12-18T08:59:51.913Z,0.018,1,600,480x270,13.535915999999986,,rebuffer happen
2025-12-18T08:59:52.307Z,0.242,1,600,480x270,13.653579000000036,,
2025-12-18T08:59:52.513Z,0.027,1,600,480x270,13.641519000000017,,rebuffer happen
2025-12-18T08:59:52.802Z,0.285,1,600,480x270,13.723078999999984,,
2025-12-18T08:59:53.379Z,0.174,1,600,480x270,13.739393999999947,,
2025-12-18T08:59:53.874Z,0.23,1,600,480x270,13.759638999999993,,
2025-12-18T08:59:54.081Z,0.037,1,600,480x270,13.754193999999984,,rebuffer happen
2025-12-18T08:59:54.421Z,0.296,1,600,480x270,13.779954000000032,,
2025-12-18T08:59:54.882Z,0.279,1,600,480x270,13.828437000000008,,rebuffer happen
2025-12-18T08:59:54.889Z,0.279,1,600,480x270,13.817819000000043,,
2025-12-18T08:59:55.063Z,0.04,1,600,480x270,13.76863099999997,,rebuffer happen
2025-12-18T08:59:55.065Z,0.037,1,600,480x270,13.766276000000005,,rebuffer happen
2025-12-18T08:59:55.433Z,0.23,1,600,480x270,13.78000099999997,,
2025-12-18T08:59:55.666Z,0.02,1,600,480x270,13.841180000000008,,rebuffer happen
2025-12-18T08:59:55.928Z,0.249,1,600,480x270,13.809847999999988,,
2025-12-18T08:59:56.473Z,0.229,1,600,480x270,13.858488000000023,,
2025-12-18T08:59:57.096Z,0.123,1,600,480x270,13.838396000000046,,
2025-12-18T08:59:57.184Z,0.031,1,600,480x270,13.859428999999977,,rebuffer happen
2025-12-18T08:59:57.447Z,0,1,600,480x270,13.72700100000003,,rebuffer happen
2025-12-18T08:59:57.598Z,0,1,600,480x270,13.816001000000028,,
2025-12-18T08:59:57.999Z,0,1,600,480x270,14.226000999999997,,
2025-12-18T08:59:58.620Z,0.345,1,600,480x270,2.5377679999999714,,
2025-12-18T08:59:58.660Z,0.264,1,600,480x270,2.588360000000023,,rebuffer happen
2025-12-18T08:59:59.102Z,0.025,1,600,480x270,2.4752039999999624,,rebuffer happen
2025-12-18T08:59:59.219Z,0.024,1,600,480x270,2.4781670000000418,,rebuffer happen
2025-12-18T08:59:59.299Z,0.089,1,600,480x270,2.504962999999975,,
2025-12-18T08:59:59.786Z,0.02,1,600,480x270,2.5403029999999944,,rebuffer happen
2025-12-18T08:59:59.951Z,0.087,1,600,480x270,2.718925000000013,,
2025-12-18T09:00:00.036Z,0.027,1,600,480x270,2.7443779999999833,,rebuffer happen
2025-12-18T09:00:00.642Z,0.305,1,600,480x270,3.1183399999999892,,
2025-12-18T09:00:00.643Z,0.298,1,600,480x270,3.117654000000016,,rebuffer happen
2025-12-18T09:00:00.920Z,0.021,1,600,480x270,3.046527000000026,,rebuffer happen
2025-12-18T09:00:01.289Z,0.195,1,600,480x270,3.1116669999999544,,
2025-12-18T09:00:01.454Z,0.028,1,600,480x270,3.1562869999999634,,rebuffer happen
2025-12-18T09:00:01.832Z,0.199,1,600,480x270,3.143107999999984,,
2025-12-18T09:00:02.055Z,0.03,1,600,480x270,3.2124959999999874,,rebuffer happen
2025-12-18T09:00:02.314Z,0.249,1,600,480x270,3.1887159999999994,,
2025-12-18T09:00:02.926Z,0.218,1,600,480x270,3.1905439999999885,,
2025-12-18T09:00:03.072Z,0.026,1,600,480x270,3.2482650000000035,,rebuffer happen
2025-12-18T09:00:03.418Z,0.243,1,600,480x270,3.248683999999969,,
2025-12-18T09:00:03.894Z,0.246,1,600,480x270,3.2749339999999734,,
2025-12-18T09:00:04.237Z,0.363,1,600,480x270,3.2845289999999636,,
2025-12-18T09:00:04.338Z,0.282,1,600,480x270,3.232684000000006,,rebuffer happen
2025-12-18T09:00:04.458Z,0.299,1,600,480x270,3.190548999999976,,rebuffer happen
2025-12-18T09:00:04.619Z,0.391,1,600,480x270,3.0843680000000404,,
2025-12-18T09:00:04.663Z,0.297,1,600,480x270,3.1163510000000088,,rebuffer happen
2025-12-18T09:00:04.832Z,0.279,1,600,480x270,2.9692609999999604,,rebuffer happen
2025-12-18T09:00:04.872Z,0.285,1,600,480x270,3.002275999999995,,rebuffer happen
2025-12-18T09:00:05.031Z,0.319,1,600,480x270,2.9280140000000188,,
2025-12-18T09:00:05.127Z,0.251,1,600,480x270,2.9357009999999946,,rebuffer happen
2025-12-18T09:00:05.458Z,0.26,1,600,480x270,3.0171720000000164,,rebuffer happen
2025-12-18T09:00:05.607Z,0.037,1,600,480x270,2.886853999999971,,rebuffer happen
2025-12-18T09:00:05.749Z,0.101,1,600,480x270,3.002463999999975,,
2025-12-18T09:00:05.808Z,0.027,1,600,480x270,2.949801999999977,,rebuffer happen
2025-12-18T09:00:06.529Z,0.138,1,600,480x270,3.2761810000000082,,
2025-12-18T09:00:06.658Z,0.03,1,600,480x270,3.3452689999999734,,rebuffer happen
2025-12-18T09:00:07.093Z,0.274,1,600,480x270,3.48525699999999,,
2025-12-18T09:00:07.590Z,0.296,1,600,480x270,3.486501999999973,,
2025-12-18T09:00:08.161Z,0.155,1,600,480x270,3.5161229999999932,,
2025-12-18T09:00:08.326Z,0.036,1,600,480x270,3.45488899999998,,rebuffer happen
2025-12-18T09:00:08.716Z,0.277,1,600,480x270,3.552609000000018,,
2025-12-18T09:00:08.927Z,0.022,1,600,480x270,3.5507240000000024,,rebuffer happen
2025-12-18T09:00:09.202Z,0.218,1,600,480x270,3.600771000000009,,
2025-12-18T09:00:09.745Z,0.225,1,600,480x270,3.6610709999999926,,
2025-12-18T09:00:10.219Z,0.237,1,600,480x270,3.587046999999984,,
2025-12-18T09:00:10.707Z,0.292,1,600,480x270,3.6167580000000044,,
2025-12-18T09:00:11.183Z,0.318,1,600,480x270,3.6373269999999707,,
2025-12-18T09:00:11.311Z,0.184,1,600,480x270,3.6042429999999968,,rebuffer happen
2025-12-18T09:00:11.681Z,0.288,1,600,480x270,3.6196199999999976,,
2025-12-18T09:00:11.734Z,0.247,1,600,480x270,3.6632169999999746,,rebuffer happen
2025-12-18T09:00:12.207Z,0.226,1,600,480x270,3.5416040000000066,,
2025-12-18T09:00:12.397Z,0.03,1,600,480x270,3.5554769999999962,,rebuffer happen
2025-12-18T09:00:12.829Z,0.169,1,600,480x270,3.6074460000000386,,
2025-12-18T09:00:12.980Z,0.032,1,600,480x270,3.6610990000000356,,rebuffer happen
2025-12-18T09:00:13.447Z,0.133,1,600,480x270,3.7631830000000264,,
2025-12-18T09:00:13.581Z,0.02,1,600,480x270,3.7347219999999766,,rebuffer happen
2025-12-18T09:00:13.941Z,0.202,1,600,480x270,3.8655109999999695,,
2025-12-18T09:00:14.401Z,0.275,1,600,480x270,3.814480000000003,,
2025-12-18T09:00:14.894Z,0.308,1,600,480x270,3.8386179999999968,,
2025-12-18T09:00:15.019Z,0.143,1,600,480x270,3.7647719999999936,,rebuffer happen
2025-12-18T09:00:15.082Z,0.048,1,600,480x270,3.7641510000000267,,rebuffer happen
2025-12-18T09:00:15.417Z,0.303,1,600,480x270,3.822090000000003,,
2025-12-18T09:00:15.418Z,0.299,1,600,480x270,3.821512000000041,,rebuffer happen
2025-12-18T09:00:16.062Z,0.277,1,600,480x270,3.8891459999999825,,
2025-12-18T09:00:16.216Z,0.02,1,600,480x270,3.843816000000004,,rebuffer happen
2025-12-18T09:00:16.569Z,0.27,1,600,480x270,3.9936219999999594,,
2025-12-18T09:00:17.001Z,0.3,1,600,480x270,3.954309999999964,,rebuffer happen
2025-12-18T09:00:17.004Z,0.3,1,600,480x270,3.948885999999959,,
2025-12-18T09:00:17.060Z,0.277,1,600,480x270,3.958499999999958,,rebuffer happen
2025-12-18T09:00:17.507Z,0.236,1,600,480x270,3.8756100000000515,,
2025-12-18T09:00:18.085Z,0.166,1,600,480x270,3.9040279999999825,,
2025-12-18T09:00:18.235Z,0.027,1,600,480x270,3.942733999999973,,rebuffer happen
2025-12-18T09:00:18.576Z,0.266,1,600,480x270,3.973675999999955,,
2025-12-18T09:00:18.937Z,0.298,1,600,480x270,4.016703000000007,,rebuffer happen
2025-12-18T09:00:19.035Z,0.267,1,600,480x270,4.016424000000029,,rebuffer happen
2025-12-18T09:00:19.036Z,0.267,1,600,480x270,4.014747,,
2025-12-18T09:00:19.523Z,0.178,1,600,480x270,3.813846999999953,,
2025-12-18T09:00:19.702Z,0.018,1,600,480x270,3.8439670000000206,,rebuffer happen
2025-12-18T09:00:20.038Z,0.24,1,600,480x270,3.949651000000017,,
2025-12-18T09:00:20.253Z,0.019,1,600,480x270,3.940129000000013,,rebuffer happen
2025-12-18T09:00:20.567Z,0.229,1,600,480x270,3.9635340000000383,,
2025-12-18T09:00:20.779Z,0.299,1,600,480x270,3.959920000000011,,rebuffer happen
2025-12-18T09:00:20.920Z,0.397,1,600,480x270,3.912243999999987,,
2025-12-18T09:00:21.235Z,0.477,1,600,480x270,3.9038339999999607,,
2025-12-18T09:00:21.582Z,0.505,1,600,480x270,3.7503300000000195,,
2025-12-18T09:00:22.094Z,0.2,1,600,480x270,3.4853800000000206,,rebuffer happen
2025-12-18T09:00:22.191Z,0.183,1,600,480x270,3.4728959999999915,,
2025-12-18T09:00:22.321Z,0.028,1,600,480x270,3.4446529999999598,,rebuffer happen
2025-12-18T09:00:23.022Z,0.019,1,600,480x270,3.768929000000014,,rebuffer happen
2025-12-18T09:00:23.155Z,0.022,1,600,480x270,3.8730699999999842,,rebuffer happen
2025-12-18T09:00:23.156Z,0.022,1,600,480x270,3.8730699999999842,,
2025-12-18T09:00:23.188Z,0.027,1,600,480x270,3.844520999999986,,rebuffer happen
2025-12-18T09:00:23.555Z,0.028,1,600,480x270,4.214314000000002,,rebuffer happen
2025-12-18T09:00:23.866Z,0.207,1,600,480x270,4.218807999999967,,
2025-12-18T09:00:24.261Z,0.312,1,600,480x270,4.22560900000002,,
2025-12-18T09:00:24.349Z,0.219,1,600,480x270,4.248510999999951,,rebuffer happen
2025-12-18T09:00:24.617Z,0.298,1,600,480x270,4.152062999999998,,rebuffer happen
2025-12-18T09:00:24.683Z,0.384,1,600,480x270,4.146419999999978,,
2025-12-18T09:00:24.805Z,0.148,1,600,480x270,4.071466999999984,,rebuffer happen
2025-12-18T09:00:25.115Z,0.304,1,600,480x270,4.019863999999984,,
2025-12-18T09:00:25.116Z,0.298,1,600,480x270,4.019264000000021,,rebuffer happen
2025-12-18T09:00:25.624Z,0.297,1,600,480x270,4.013552000000004,,
2025-12-18T09:00:25.971Z,0.407,1,600,480x270,4.030343000000016,,
2025-12-18T09:00:26.141Z,0.29,1,600,480x270,3.9761349999999993,,rebuffer happen
2025-12-18T09:00:26.549Z,0.244,1,600,480x270,3.945062000000007,,
2025-12-18T09:00:26.975Z,0.027,1,600,480x270,3.9118480000000204,,rebuffer happen
2025-12-18T09:00:27.075Z,0.019,1,600,480x270,3.9436540000000377,,rebuffer happen
2025-12-18T09:00:27.142Z,0.022,1,600,480x270,4.003252999999972,,rebuffer happen
2025-12-18T09:00:27.192Z,0.015,1,600,480x270,3.96327500000001,,rebuffer happen
2025-12-18T09:00:27.259Z,0.017,1,600,480x270,4.040355999999974,,rebuffer happen
2025-12-18T09:00:27.292Z,0.025,1,600,480x270,4.014246000000014,,rebuffer happen
2025-12-18T09:00:27.375Z,0.023,1,600,480x270,4.078442999999993,,rebuffer happen
2025-12-18T09:00:27.398Z,0.023,1,600,480x270,4.078442999999993,,
2025-12-18T09:00:27.442Z,0.018,1,600,480x270,4.134843000000046,,rebuffer happen
2025-12-18T09:00:28.006Z,0.238,1,600,480x270,4.370521999999994,,
2025-12-18T09:00:28.531Z,0.228,1,600,480x270,4.34570100000002,,
2025-12-18T09:00:29.089Z,0.177,1,600,480x270,4.396431000000007,,
2025-12-18T09:00:29.555Z,0.204,1,600,480x270,4.4327559999999835,,
2025-12-18T09:00:30.062Z,0.195,1,600,480x270,4.429912000000002,,
2025-12-18T09:00:30.548Z,0.242,1,600,480x270,4.461915999999974,,
2025-12-18T09:00:30.924Z,0.355,1,600,480x270,4.380020999999999,,
2025-12-18T09:00:30.995Z,0.253,1,600,480x270,4.376098000000013,,rebuffer happen
2025-12-18T09:00:31.166Z,0.297,1,600,480x270,4.314324999999997,,rebuffer happen
2025-12-18T09:00:31.248Z,0.366,1,600,480x270,4.288488000000029,,
2025-12-18T09:00:31.367Z,0.295,1,600,480x270,4.212934999999959,,rebuffer happen
2025-12-18T09:00:31.694Z,0.191,1,600,480x270,4.053578000000016,,rebuffer happen
2025-12-18T09:00:31.737Z,0.191,1,600,480x270,4.078058999999996,,
2025-12-18T09:00:31.879Z,0.018,1,600,480x270,4.032903999999974,,rebuffer happen
2025-12-18T09:00:32.013Z,0.02,1,600,480x270,4.106201999999996,,rebuffer happen
2025-12-18T09:00:32.429Z,0.016,1,600,480x270,4.105036999999982,,rebuffer happen
2025-12-18T09:00:32.480Z,0.028,1,600,480x270,4.180812000000003,,rebuffer happen
2025-12-18T09:00:32.512Z,0.028,1,600,480x270,4.180812000000003,,
2025-12-18T09:00:32.563Z,0.016,1,600,480x270,4.232164000000012,,rebuffer happen
2025-12-18T09:00:32.863Z,0.026,1,600,480x270,4.5120000000000005,,rebuffer happen
2025-12-18T09:00:32.913Z,0.026,1,600,480x270,4.478332000000023,,rebuffer happen
2025-12-18T09:00:33.220Z,0.185,1,600,480x270,4.504245999999966,,
2025-12-18T09:00:33.669Z,0.221,1,600,480x270,4.556780000000003,,
2025-12-18T09:00:34.097Z,0.312,1,600,480x270,4.5349540000000275,,
2025-12-18T09:00:34.229Z,0.242,1,600,480x270,4.497072000000003,,rebuffer happen
2025-12-18T09:00:34.306Z,0.298,1,600,480x270,4.514388999999994,,rebuffer happen
2025-12-18T09:00:34.574Z,0.331,1,600,480x270,4.524357000000009,,
2025-12-18T09:00:34.608Z,0.256,1,600,480x270,4.474278000000027,,rebuffer happen
2025-12-18T09:00:35.066Z,0.202,1,600,480x270,4.4377680000000055,,
2025-12-18T09:00:35.500Z,0.293,1,600,480x270,4.407980000000009,,
2025-12-18T09:00:35.843Z,0.403,1,600,480x270,4.47335099999998,,
2025-12-18T09:00:36.051Z,0.271,1,600,480x270,4.366354999999999,,rebuffer happen
2025-12-18T09:00:36.125Z,0.292,1,600,480x270,4.254760999999974,,rebuffer happen
2025-12-18T09:00:36.279Z,0.32,1,600,480x270,4.2124639999999545,,
2025-12-18T09:00:36.279Z,0.295,1,600,480x270,4.212118999999973,,rebuffer happen
2025-12-18T09:00:36.705Z,0.337,1,600,480x270,4.154759000000013,,
2025-12-18T09:00:36.789Z,0.248,1,600,480x270,4.168774999999982,,rebuffer happen
2025-12-18T09:00:36.984Z,0.032,1,600,480x270,4.127275999999995,,rebuffer happen
2025-12-18T09:00:37.221Z,0.358,1,600,480x270,4.170739999999967,,
2025-12-18T09:00:37.456Z,0.281,1,600,480x270,4.178824999999961,,rebuffer happen
2025-12-18T09:00:37.630Z,0.428,1,600,480x270,4.029077000000029,,
2025-12-18T09:00:37.788Z,0.078,1,600,480x270,4.0025870000000054,,rebuffer happen
2025-12-18T09:00:37.817Z,0.033,1,600,480x270,3.95831400000003,,rebuffer happen
2025-12-18T09:00:38.089Z,0.298,1,600,480x270,4.055638999999985,,rebuffer happen
2025-12-18T09:00:38.094Z,0.298,1,600,480x270,4.047480000000007,,
2025-12-18T09:00:38.225Z,0.128,1,600,480x270,3.94399599999997,,rebuffer happen
2025-12-18T09:00:38.284Z,0.039,1,600,480x270,3.9628510000000006,,rebuffer happen
2025-12-18T09:00:38.501Z,0.028,1,600,480x270,4.042641000000003,,rebuffer happen
2025-12-18T09:00:38.584Z,0.027,1,600,480x270,4.109328000000005,,rebuffer happen
2025-12-18T09:00:38.935Z,0.021,1,600,480x270,4.436622,,rebuffer happen
2025-12-18T09:00:39.002Z,0.024,1,600,480x270,4.406853000000012,,rebuffer happen
2025-12-18T09:00:39.085Z,0.017,1,600,480x270,4.467066999999986,,rebuffer happen
2025-12-18T09:00:39.152Z,0.019,1,600,480x270,4.535718000000031,,rebuffer happen
2025-12-18T09:00:39.219Z,0.029,1,600,480x270,4.51270199999999,,rebuffer happen
2025-12-18T09:00:39.319Z,0.017,1,600,480x270,4.567248999999947,,rebuffer happen
2025-12-18T09:00:39.352Z,0.028,1,600,480x270,4.645477999999969,,rebuffer happen
2025-12-18T09:00:39.402Z,0.029,1,600,480x270,4.612351999999987,,rebuffer happen
2025-12-18T09:00:39.452Z,0.019,1,600,480x270,4.669335000000046,,rebuffer happen
2025-12-18T09:00:39.479Z,0.019,1,600,480x270,4.669335000000046,,
2025-12-18T09:00:39.519Z,0.017,1,600,480x270,4.634485000000041,,rebuffer happen
2025-12-18T09:00:40.084Z,0.274,1,600,480x270,5.003473999999983,,
2025-12-18T09:00:40.561Z,0.317,1,600,480x270,5.0384090000000015,,
2025-12-18T09:00:40.577Z,0.295,1,600,480x270,5.022237999999959,,rebuffer happen
2025-12-18T09:00:40.843Z,0.299,1,600,480x270,4.9537579999999934,,rebuffer happen
2025-12-18T09:00:40.943Z,0.339,1,600,480x270,4.899744999999996,,
2025-12-18T09:00:40.943Z,0.283,1,600,480x270,4.898751000000004,,rebuffer happen
2025-12-18T09:00:41.541Z,0.107,1,600,480x270,4.82325400000002,,
2025-12-18T09:00:41.604Z,0.045,1,600,480x270,4.761012999999991,,rebuffer happen
2025-12-18T09:00:42.004Z,0.024,1,600,480x270,4.846360000000004,,rebuffer happen
2025-12-18T09:00:42.142Z,0.123,1,600,480x270,4.928857999999991,,
2025-12-18T09:00:42.237Z,0.019,1,600,480x270,4.93829599999998,,rebuffer happen
2025-12-18T09:00:42.476Z,0.314,1,600,480x270,4.950788999999986,,
2025-12-18T09:00:42.598Z,0.161,1,600,480x270,4.875511999999958,,rebuffer happen
2025-12-18T09:00:42.948Z,0.229,1,600,480x270,4.84124700000001,,
2025-12-18T09:00:43.155Z,0.019,1,600,480x270,4.838811000000021,,rebuffer happen
2025-12-18T09:00:43.460Z,0.306,1,600,480x270,4.920222000000024,,
2025-12-18T09:00:43.460Z,0.3,1,600,480x270,4.919623999999999,,rebuffer happen
2025-12-18T09:00:43.739Z,0.055,1,600,480x270,4.93661000000003,,rebuffer happen
2025-12-18T09:00:43.772Z,0.025,1,600,480x270,4.906563000000006,,rebuffer happen
2025-12-18T09:00:43.988Z,0.285,1,600,480x270,4.9272490000000175,,
2025-12-18T09:00:44.518Z,0.266,1,600,480x270,4.893642999999997,,
2025-12-18T09:00:44.773Z,0.023,1,600,480x270,4.942488999999966,,rebuffer happen
2025-12-18T09:00:45.107Z,0.241,1,600,480x270,4.978129000000024,,
2025-12-18T09:00:45.341Z,0.022,1,600,480x270,5.044119999999964,,rebuffer happen
2025-12-18T09:00:45.717Z,0.27,1,600,480x270,5.021388000000002,,
2025-12-18T09:00:45.891Z,0.033,1,600,480x270,5.055047999999999,,rebuffer happen
2025-12-18T09:00:46.268Z,0.192,1,600,480x270,5.159982000000014,,
2025-12-18T09:00:46.792Z,0.227,1,600,480x270,5.137850999999955,,
2025-12-18T09:00:46.991Z,0.022,1,600,480x270,5.141022000000021,,rebuffer happen
2025-12-18T09:00:47.025Z,0.028,1,600,480x270,5.113276000000042,,rebuffer happen
2025-12-18T09:00:47.285Z,0.252,1,600,480x270,5.1929419999999595,,
2025-12-18T09:00:47.767Z,0.306,1,600,480x270,5.215940999999987,,
2025-12-18T09:00:47.768Z,0.299,1,600,480x270,5.215135999999973,,rebuffer happen
2025-12-18T09:00:48.271Z,0.282,1,600,480x270,5.213803999999982,,
2025-12-18T09:00:48.802Z,0.254,1,600,480x270,5.187882000000002,,
2025-12-18T09:00:49.077Z,0.027,1,600,480x270,5.213092000000017,,rebuffer happen
2025-12-18T09:00:49.390Z,0.162,1,600,480x270,5.207947999999988,,
2025-12-18T09:00:49.577Z,0.017,1,600,480x270,5.232770000000016,,rebuffer happen
2025-12-18T09:00:49.839Z,0.307,1,600,480x270,5.32498099999998,,
2025-12-18T09:00:49.852Z,0.295,1,600,480x270,5.313191999999958,,rebuffer happen
2025-12-18T09:00:50.379Z,0.241,1,600,480x270,5.270204999999976,,
2025-12-18T09:00:50.875Z,0.266,1,600,480x270,5.308011000000022,,
2025-12-18T09:00:51.346Z,0.295,1,600,480x270,5.309653999999966,,rebuffer happen
2025-12-18T09:00:51.346Z,0.295,1,600,480x270,5.308874000000003,,
2025-12-18T09:00:51.596Z,0.027,1,600,480x270,5.247028,,rebuffer happen
2025-12-18T09:00:51.857Z,0.301,1,600,480x270,5.319518000000016,,
2025-12-18T09:00:51.858Z,0.3,1,600,480x270,5.318644000000006,,rebuffer happen
2025-12-18T09:00:52.029Z,0.044,1,600,480x270,5.164661999999964,,rebuffer happen
2025-12-18T09:00:52.363Z,0.3,1,600,480x270,5.349636999999973,,
2025-12-18T09:00:52.560Z,0.148,1,600,480x270,5.374371999999994,,rebuffer happen
2025-12-18T09:00:52.629Z,0.045,1,600,480x270,5.271349999999984,,rebuffer happen
2025-12-18T09:00:52.877Z,0.331,1,600,480x270,5.379727000000003,,
2025-12-18T09:00:53.096Z,0.037,1,600,480x270,5.262152000000015,,rebuffer happen
2025-12-18T09:00:53.097Z,0.037,1,600,480x270,5.262152000000015,,rebuffer happen
2025-12-18T09:00:53.379Z,0.365,1,600,480x270,5.387935000000027,,
2025-12-18T09:00:53.476Z,0.273,1,600,480x270,5.400207000000023,,rebuffer happen
2025-12-18T09:00:53.630Z,0.042,1,600,480x270,5.261097000000007,,rebuffer happen
2025-12-18T09:00:53.833Z,0.285,1,600,480x270,5.339911000000029,,rebuffer happen
2025-12-18T09:00:53.885Z,0.33,1,600,480x270,5.355637999999999,,
2025-12-18T09:00:54.081Z,0.047,1,600,480x270,5.268096000000014,,rebuffer happen
2025-12-18T09:00:54.081Z,0.047,1,600,480x270,5.268096000000014,,rebuffer happen
2025-12-18T09:00:54.579Z,0.211,1,600,480x270,5.434069000000022,,
2025-12-18T09:00:54.765Z,0.026,1,600,480x270,5.453088000000037,,rebuffer happen
2025-12-18T09:00:54.865Z,0.028,1,600,480x270,5.515931000000023,,rebuffer happen
2025-12-18T09:00:55.117Z,0.237,1,600,480x270,5.474655000000041,,
2025-12-18T09:00:55.348Z,0.021,1,600,480x270,5.545909999999992,,rebuffer happen
2025-12-18T09:00:55.614Z,0.232,1,600,480x270,5.522785999999996,,
2025-12-18T09:00:56.166Z,0.231,1,600,480x270,5.567180000000008,,
2025-12-18T09:00:56.598Z,0.316,1,600,480x270,5.532348000000013,,
2025-12-18T09:00:56.680Z,0.228,1,600,480x270,5.544926000000032,,rebuffer happen
2025-12-18T09:00:57.044Z,0.302,1,600,480x270,5.5405039999999985,,
2025-12-18T09:00:57.154Z,0.206,1,600,480x270,5.525183000000027,,rebuffer happen
2025-12-18T09:00:57.402Z,0.297,1,600,480x270,5.45482800000002,,rebuffer happen
2025-12-18T09:00:57.498Z,0.329,1,600,480x270,5.44672300000002,,
2025-12-18T09:00:57.699Z,0.065,1,600,480x270,5.35186699999997,,rebuffer happen
2025-12-18T09:00:57.910Z,0.255,1,600,480x270,5.325772000000029,,
2025-12-18T09:00:57.998Z,0.214,1,600,480x270,5.329476999999997,,rebuffer happen
2025-12-18T09:00:58.257Z,0.322,1,600,480x270,5.255256999999972,,
2025-12-18T09:00:58.300Z,0.753,1,600,480x270,5.198770999999965,,
2025-12-18T09:00:58.809Z,0.259,1,600,480x270,5.00783899999999,,rebuffer happen
2025-12-18T09:00:58.952Z,0.045,1,600,480x270,4.994423999999981,,rebuffer happen
2025-12-18T09:00:59.035Z,0.018,1,600,480x270,5.0342130000000225,,rebuffer happen
2025-12-18T09:00:59.151Z,0.026,1,600,480x270,5.110154000000023,,rebuffer happen
2025-12-18T09:00:59.390Z,0.086,1,600,480x270,5.095033999999998,,
2025-12-18T09:00:59.452Z,0.02,1,600,480x270,5.136466999999982,,rebuffer happen
2025-12-18T09:01:00.186Z,0.262,1,600,480x270,5.580670999999995,,
2025-12-18T09:01:00.419Z,0.024,1,600,480x270,5.547914999999989,,rebuffer happen
2025-12-18T09:01:00.739Z,0.279,1,600,480x270,5.694701000000009,,
2025-12-18T09:01:01.241Z,0.273,1,600,480x270,5.6904669999999555,,
2025-12-18T09:01:01.733Z,0.275,1,600,480x270,5.603873999999962,,
2025-12-18T09:01:02.246Z,0.28,1,600,480x270,5.690301999999974,,
2025-12-18T09:01:02.736Z,0.285,1,600,480x270,5.7163249999999834,,
2025-12-18T09:01:03.260Z,0.28,1,600,480x270,5.695862000000034,,
2025-12-18T09:01:03.774Z,0.286,1,600,480x270,5.696049000000016,,
2025-12-18T09:01:04.316Z,0.19,1,600,480x270,5.662994000000026,,
2025-12-18T09:01:04.801Z,0.254,1,600,480x270,5.6720960000000105,,
2025-12-18T09:01:05.292Z,0.248,1,600,480x270,5.678042000000005,,
2025-12-18T09:01:05.827Z,0.238,1,600,480x270,5.660256000000004,,
2025-12-18T09:01:06.024Z,0.036,1,600,480x270,5.665660000000003,,rebuffer happen
2025-12-18T09:01:06.339Z,0.284,1,600,480x270,5.797327999999993,,
2025-12-18T09:01:06.855Z,0.285,1,600,480x270,5.804351999999994,,
2025-12-18T09:01:07.109Z,0.126,1,600,480x270,5.751438000000007,,rebuffer happen
2025-12-18T09:01:07.398Z,0.242,1,600,480x270,5.769958999999972,,
2025-12-18T09:01:07.906Z,0.279,1,600,480x270,5.798573000000033,,
2025-12-18T09:01:08.421Z,0.211,1,600,480x270,5.776904000000002,,
2025-12-18T09:01:08.659Z,0.019,1,600,480x270,5.836361000000011,,rebuffer happen
2025-12-18T09:01:08.922Z,0.247,1,600,480x270,5.801355999999998,,
2025-12-18T09:01:09.504Z,0.188,1,600,480x270,5.820449999999994,,
2025-12-18T09:01:09.761Z,0.364,1,600,480x270,5.846059000000025,,
2025-12-18T09:01:09.886Z,0.245,1,600,480x270,5.764686999999981,,rebuffer happen
2025-12-18T09:01:10.070Z,0.463,1,600,480x270,5.693138000000033,,
2025-12-18T09:01:10.235Z,0.253,1,600,480x270,5.6370919999999956,,rebuffer happen
2025-12-18T09:01:10.544Z,0.218,1,600,480x270,5.6443290000000275,,rebuffer happen
2025-12-18T09:01:10.828Z,0.03,1,600,480x270,5.512711000000024,,rebuffer happen
2025-12-18T09:01:10.895Z,0.027,1,600,480x270,5.5854589999999575,,rebuffer happen
2025-12-18T09:01:10.932Z,0.027,1,600,480x270,5.5854589999999575,,
2025-12-18T09:01:10.978Z,0.02,1,600,480x270,5.634668000000033,,rebuffer happen
2025-12-18T09:01:11.684Z,0.264,1,600,480x270,6.068584999999985,,
2025-12-18T09:01:11.895Z,0.028,1,600,480x270,6.044866000000013,,rebuffer happen
2025-12-18T09:01:11.962Z,0.03,1,600,480x270,6.1234719999999925,,rebuffer happen
2025-12-18T09:01:12.195Z,0.25,1,600,480x270,6.093293000000017,,
2025-12-18T09:01:12.693Z,0.27,1,600,480x270,6.103311000000019,,
2025-12-18T09:01:13.167Z,0.315,1,600,480x270,6.134671000000026,,
2025-12-18T09:01:13.283Z,0.14,1,600,480x270,6.058066999999994,,rebuffer happen
2025-12-18T09:01:13.347Z,0.045,1,600,480x270,6.0654480000000035,,rebuffer happen
2025-12-18T09:01:13.663Z,0.296,1,600,480x270,6.129636000000005,,
2025-12-18T09:01:13.875Z,0.098,1,600,480x270,6.123970999999983,,rebuffer happen
2025-12-18T09:01:14.134Z,0.298,1,600,480x270,6.146360000000016,,rebuffer happen
2025-12-18T09:01:14.172Z,0.291,1,600,480x270,6.108079999999973,,
2025-12-18T09:01:14.682Z,0.261,1,600,480x270,6.105789000000016,,
2025-12-18T09:01:15.242Z,0.176,1,600,480x270,6.148425999999972,,
2025-12-18T09:01:15.432Z,0.039,1,600,480x270,6.056169000000011,,rebuffer happen
2025-12-18T09:01:15.814Z,0.231,1,600,480x270,6.125628000000006,,
2025-12-18T09:01:15.982Z,0.033,1,600,480x270,6.152750000000026,,rebuffer happen
2025-12-18T09:01:16.242Z,0.281,1,600,480x270,6.237700000000018,,rebuffer happen
2025-12-18T09:01:16.245Z,0.281,1,600,480x270,6.2323880000000145,,
2025-12-18T09:01:16.445Z,0.038,1,600,480x270,6.165069000000017,,rebuffer happen
2025-12-18T09:01:16.449Z,0.033,1,600,480x270,6.159756000000016,,rebuffer happen
2025-12-18T09:01:16.734Z,0.307,1,600,480x270,6.221603000000016,,
2025-12-18T09:01:16.818Z,0.223,1,600,480x270,6.137511000000018,,rebuffer happen
2025-12-18T09:01:16.949Z,0.026,1,600,480x270,6.148009000000002,,rebuffer happen
2025-12-18T09:01:17.209Z,0.255,1,600,480x270,6.130395000000021,,
2025-12-18T09:01:17.459Z,0.139,1,600,480x270,6.195231999999976,,rebuffer happen
2025-12-18T09:01:17.726Z,0.311,1,600,480x270,6.132209000000046,,
2025-12-18T09:01:17.738Z,0.295,1,600,480x270,6.214597000000026,,rebuffer happen
2025-12-18T09:01:17.934Z,0.021,1,600,480x270,6.135633999999982,,rebuffer happen
2025-12-18T09:01:18.000Z,0.02,1,600,480x270,6.102068000000031,,rebuffer happen
2025-12-18T09:01:18.243Z,0.275,1,600,480x270,6.186748000000023,,
2025-12-18T09:01:18.501Z,0.023,1,600,480x270,6.146294000000012,,rebuffer happen
2025-12-18T09:01:18.810Z,0.258,1,600,480x270,6.1684549999999945,,
2025-12-18T09:01:19.122Z,0.41,1,600,480x270,6.1551000000000045,,
2025-12-18T09:01:19.299Z,0.261,1,600,480x270,6.178744999999992,,rebuffer happen
2025-12-18T09:01:19.477Z,0.507,1,600,480x270,6.158159000000012,,
2025-12-18T09:01:19.687Z,0.276,1,600,480x270,6.0973280000000045,,rebuffer happen
2025-12-18T09:01:19.830Z,0.294,1,600,480x270,5.976930999999979,,rebuffer happen
2025-12-18T09:01:19.962Z,0.358,1,600,480x270,5.987881000000016,,
2025-12-18T09:01:20.058Z,0.286,1,600,480x270,5.943456999999967,,rebuffer happen
2025-12-18T09:01:20.250Z,0.427,1,600,480x270,5.858175000000017,,
2025-12-18T09:01:20.371Z,0.25,1,600,480x270,5.77194099999997,,rebuffer happen
2025-12-18T09:01:20.584Z,0.443,1,600,480x270,5.671109999999999,,
2025-12-18T09:01:20.992Z,0.33,1,600,480x270,5.453307999999993,,
2025-12-18T09:01:21.124Z,0.171,1,600,480x270,5.355525999999998,,rebuffer happen
2025-12-18T09:01:21.487Z,0.027,1,600,480x270,5.38117699999998,,rebuffer happen
2025-12-18T09:01:21.690Z,0.193,1,600,480x270,5.509477000000004,,
2025-12-18T09:01:21.870Z,0.018,1,600,480x270,5.5435280000000375,,rebuffer happen
2025-12-18T09:01:22.326Z,0.28,1,600,480x270,5.694772,,
2025-12-18T09:01:22.587Z,0.019,1,600,480x270,5.738230999999985,,rebuffer happen
2025-12-18T09:01:22.980Z,0.273,1,600,480x270,5.890982000000008,,
2025-12-18T09:01:23.221Z,0.028,1,600,480x270,5.851373999999964,,rebuffer happen
2025-12-18T09:01:23.650Z,0.245,1,600,480x270,6.081332999999972,,
2025-12-18T09:01:23.889Z,0.02,1,600,480x270,6.045219999999972,,rebuffer happen
2025-12-18T09:01:24.262Z,0.267,1,600,480x270,6.192270000000008,,
2025-12-18T09:01:24.506Z,0.019,1,600,480x270,6.136707000000001,,rebuffer happen
2025-12-18T09:01:24.823Z,0.03,1,600,480x270,6.212686000000019,,rebuffer happen
2025-12-18T09:01:25.061Z,0.126,1,600,480x270,6.364619000000005,,
2025-12-18T09:01:25.173Z,0.031,1,600,480x270,6.352285000000052,,rebuffer happen
2025-12-18T09:01:25.567Z,0.247,1,600,480x270,6.458481000000006,,
2025-12-18T09:01:26.037Z,0.243,1,600,480x270,6.490797000000043,,
2025-12-18T09:01:26.512Z,0.276,1,600,480x270,6.4243359999999825,,rebuffer happen
2025-12-18T09:01:26.569Z,0.276,1,600,480x270,6.446957999999995,,
2025-12-18T09:01:26.724Z,0.025,1,600,480x270,6.345474999999965,,rebuffer happen
2025-12-18T09:01:27.065Z,0.229,1,600,480x270,6.4502860000000055,,
2025-12-18T09:01:27.447Z,0.3,1,600,480x270,6.464450999999997,,
2025-12-18T09:01:27.529Z,0.275,1,600,480x270,6.390680999999972,,rebuffer happen
2025-12-18T09:01:27.814Z,0.365,1,600,480x270,6.263832999999977,,
2025-12-18T09:01:27.902Z,0.281,1,600,480x270,6.230805000000032,,rebuffer happen
2025-12-18T09:01:28.056Z,0.217,1,600,480x270,6.210049000000026,,rebuffer happen
2025-12-18T09:01:28.190Z,0.201,1,600,480x270,6.130200000000002,,
2025-12-18T09:01:28.551Z,0.443,1,600,480x270,6.114580999999987,,
2025-12-18T09:01:28.686Z,0.223,1,600,480x270,6.017648999999949,,rebuffer happen
2025-12-18T09:01:29.026Z,0.065,1,600,480x270,5.894827000000021,,rebuffer happen
2025-12-18T09:01:29.223Z,0.094,1,600,480x270,5.919930999999963,,
2025-12-18T09:01:29.293Z,0.024,1,600,480x270,5.938795000000027,,rebuffer happen
2025-12-18T09:01:29.826Z,0.139,1,600,480x270,6.0921579999999835,,
2025-12-18T09:01:29.977Z,0.018,1,600,480x270,6.136060999999984,,rebuffer happen
2025-12-18T09:01:30.445Z,0.228,1,600,480x270,6.3353570000000445,,
2025-12-18T09:01:30.644Z,0.023,1,600,480x270,6.342082000000005,,rebuffer happen
2025-12-18T09:01:31.425Z,0.1,1,600,480x270,6.917728000000011,,
2025-12-18T09:01:31.528Z,0.023,1,600,480x270,6.920226999999954,,rebuffer happen
2025-12-18T09:01:32.145Z,0.026,1,600,480x270,7.32334800000001,,rebuffer happen
2025-12-18T09:01:32.228Z,0.145,1,600,480x270,7.250335000000007,,
2025-12-18T09:01:32.379Z,0.018,1,600,480x270,7.317031000000043,,rebuffer happen
2025-12-18T09:01:32.662Z,0.023,1,600,480x270,7.575468000000001,,rebuffer happen
2025-12-18T09:01:32.983Z,0.206,1,600,480x270,7.60561100000001,,
2025-12-18T09:01:33.163Z,0.032,1,600,480x270,7.62518,,rebuffer happen
2025-12-18T09:01:33.847Z,0.032,1,600,480x270,7.8525600000000395,,rebuffer happen
2025-12-18T09:01:33.887Z,0.032,1,600,480x270,7.8525600000000395,,
2025-12-18T09:01:33.930Z,0.026,1,600,480x270,7.813964999999996,,rebuffer happen
2025-12-18T09:01:34.570Z,0.185,1,600,480x270,8.17786799999999,,
2025-12-18T09:01:34.731Z,0.031,1,600,480x270,8.117616999999996,,rebuffer happen
2025-12-18T09:01:35.145Z,0.192,1,600,480x270,8.293740999999955,,
2025-12-18T09:01:35.315Z,0.032,1,600,480x270,8.219547999999975,,rebuffer happen
2025-12-18T09:01:35.772Z,0.192,1,600,480x270,8.396033999999986,,
2025-12-18T09:01:35.948Z,0.023,1,600,480x270,8.410412000000008,,rebuffer happen
2025-12-18T09:01:36.316Z,0.032,1,600,480x270,8.451654000000019,,rebuffer happen
2025-12-18T09:01:36.365Z,0.025,1,600,480x270,8.512572000000034,,rebuffer happen
2025-12-18T09:01:36.415Z,0.021,1,600,480x270,8.475064000000032,,rebuffer happen
2025-12-18T09:01:36.532Z,0.021,1,600,480x270,8.489273000000026,,rebuffer happen
2025-12-18T09:01:36.560Z,0.054,1,600,480x270,8.54982799999999,,
2025-12-18T09:01:36.616Z,0.015,0,200,320x180,8.500513000000012,,rebuffer happen
2025-12-18T09:01:36.635Z,0.015,0,200,320x180,8.500513000000012,,
2025-12-18T09:01:36.816Z,0.326,0,200,320x180,8.586093000000005,,
2025-12-18T09:01:36.895Z,0.328,1,600,480x270,8.587869999999953,,
2025-12-18T09:01:36.896Z,0.297,1,600,480x270,8.586757999999975,,rebuffer happen
2025-12-18T09:01:37.066Z,0.042,1,600,480x270,8.536856,,rebuffer happen
2025-12-18T09:01:37.565Z,0.151,1,600,480x270,8.607642999999996,,
2025-12-18T09:01:37.650Z,0.028,1,600,480x270,8.617725000000007,,rebuffer happen
2025-12-18T09:01:37.800Z,0.026,1,600,480x270,8.67837099999997,,rebuffer happen
2025-12-18T09:01:38.189Z,0.113,1,600,480x270,8.709091,,
2025-12-18T09:01:38.284Z,0.028,1,600,480x270,8.72555299999999,,rebuffer happen
2025-12-18T09:01:38.792Z,0.112,1,600,480x270,8.797130000000038,,
2025-12-18T09:01:38.868Z,0.026,1,600,480x270,8.812521000000004,,rebuffer happen
2025-12-18T09:01:39.320Z,0.142,1,600,480x270,8.843121999999994,,
2025-12-18T09:01:39.451Z,0.02,1,600,480x270,8.906534000000022,,rebuffer happen
2025-12-18T09:01:39.927Z,0.144,1,600,480x270,8.91803299999998,,
2025-12-18T09:01:40.035Z,0.025,1,600,480x270,9.01247799999993,,rebuffer happen
2025-12-18T09:01:40.554Z,0.152,1,600,480x270,9.15023500000001,,
2025-12-18T09:01:40.703Z,0.017,1,600,480x270,9.112269000000026,,rebuffer happen
2025-12-18T09:01:40.819Z,0.027,1,600,480x270,9.18191399999995,,rebuffer happen
2025-12-18T09:01:41.175Z,0.214,1,600,480x270,9.273158999999964,,
2025-12-18T09:01:41.336Z,0.019,1,600,480x270,9.307762000000025,,rebuffer happen
2025-12-18T09:01:41.814Z,0.183,1,600,480x270,9.359884999999963,,
2025-12-18T09:01:41.953Z,0.033,1,600,480x270,9.421447,,rebuffer happen
2025-12-18T09:01:42.454Z,0.199,1,600,480x270,9.58076699999998,,
2025-12-18T09:01:42.621Z,0.028,1,600,480x270,9.527940000000001,,rebuffer happen
2025-12-18T09:01:43.107Z,0.194,1,600,480x270,9.667779999999993,,
2025-12-18T09:01:43.271Z,0.018,1,600,480x270,9.707851999999946,,rebuffer happen
2025-12-18T09:01:43.371Z,0.029,1,600,480x270,9.785966999999971,,rebuffer happen
2025-12-18T09:01:43.705Z,0.172,1,600,480x270,9.798678000000052,,
2025-12-18T09:01:43.888Z,0.022,1,600,480x270,9.821198999999979,,rebuffer happen
2025-12-18T09:01:43.988Z,0.019,1,600,480x270,9.876401999999985,,rebuffer happen
2025-12-18T09:01:44.330Z,0.19,1,600,480x270,9.847509000000002,,
2025-12-18T09:01:44.472Z,0.017,1,600,480x270,9.912849999999992,,rebuffer happen
2025-12-18T09:01:44.605Z,0.019,1,600,480x270,9.973877000000073,,rebuffer happen
2025-12-18T09:01:44.917Z,0.223,1,600,480x270,10.00232600000004,,
2025-12-18T09:01:45.090Z,0.03,1,600,480x270,10.019879000000003,,rebuffer happen
2025-12-18T09:01:45.465Z,0.218,1,600,480x270,10.09519000000006,,
2025-12-18T09:01:45.640Z,0.028,1,600,480x270,10.113235000000032,,rebuffer happen
2025-12-18T09:01:45.992Z,0.235,1,600,480x270,10.120865000000038,,
2025-12-18T09:01:46.190Z,0.03,1,600,480x270,10.131619,,rebuffer happen
2025-12-18T09:01:46.530Z,0.223,1,600,480x270,10.105183999999952,,
2025-12-18T09:01:46.724Z,0.026,1,600,480x270,10.11307099999999,,rebuffer happen
2025-12-18T09:01:47.070Z,0.234,1,600,480x270,10.221767,,
2025-12-18T09:01:47.274Z,0.022,1,600,480x270,10.215918999999985,,rebuffer happen
2025-12-18T09:01:47.601Z,0.229,1,600,480x270,10.216222000000016,,
2025-12-18T09:01:47.791Z,0.032,1,600,480x270,10.219498999999985,,rebuffer happen
2025-12-18T09:01:48.133Z,0.241,1,600,480x270,10.237202999999965,,
2025-12-18T09:01:48.342Z,0.027,1,600,480x270,10.321905999999956,,rebuffer happen
2025-12-18T09:01:48.671Z,0.216,1,600,480x270,10.301484000000016,,
2025-12-18T09:01:48.859Z,0.028,1,600,480x270,10.31452100000007,,rebuffer happen
2025-12-18T09:01:49.200Z,0.239,1,600,480x270,10.318733000000009,,
2025-12-18T09:01:49.409Z,0.023,1,600,480x270,10.310191000000032,,rebuffer happen
2025-12-18T09:01:49.460Z,0.022,1,600,480x270,10.384134999999958,,rebuffer happen
2025-12-18T09:01:49.762Z,0.181,1,600,480x270,10.385565000000042,,
2025-12-18T09:01:49.927Z,0.03,1,600,480x270,10.329117999999994,,rebuffer happen
2025-12-18T09:01:50.342Z,0.198,1,600,480x270,10.48473899999999,,
2025-12-18T09:01:50.510Z,0.028,1,600,480x270,10.416687000000024,,rebuffer happen
2025-12-18T09:01:50.877Z,0.213,1,600,480x270,10.498062000000004,,
2025-12-18T09:01:51.383Z,0.205,1,600,480x270,10.498084000000063,,
2025-12-18T09:01:51.578Z,0.024,1,600,480x270,10.511604999999918,,rebuffer happen
2025-12-18T09:01:51.899Z,0.23,1,600,480x270,10.524583000000007,,
2025-12-18T09:01:52.095Z,0.03,1,600,480x270,10.515980000000013,,rebuffer happen
2025-12-18T09:01:52.421Z,0.245,1,600,480x270,10.546078999999963,,
2025-12-18T09:01:52.920Z,0.265,1,600,480x270,10.57131800000002,,
2025-12-18T09:01:53.431Z,0.233,1,600,480x270,10.554092999999966,,
2025-12-18T09:01:53.919Z,0.302,1,600,480x270,10.564951999999948,,
2025-12-18T09:01:53.920Z,0.276,1,600,480x270,10.564343000000008,,rebuffer happen
2025-12-18T09:01:54.424Z,0.277,1,600,480x270,10.574123999999983,,
2025-12-18T09:01:54.906Z,0.304,1,600,480x270,10.585823000000005,,
2025-12-18T09:01:54.906Z,0.299,1,600,480x270,10.585573000000068,,rebuffer happen
2025-12-18T09:01:55.435Z,0.295,1,600,480x270,10.661055999999917,,
2025-12-18T09:01:55.962Z,0.283,1,600,480x270,10.647224000000051,,
2025-12-18T09:01:56.472Z,0.258,1,600,480x270,10.641501999999946,,
2025-12-18T09:01:56.990Z,0.257,1,600,480x270,10.638463000000002,,
2025-12-18T09:01:57.536Z,0.212,1,600,480x270,10.696182000000022,,
2025-12-18T09:01:58.142Z,0.126,1,600,480x270,10.69144300000005,,
2025-12-18T09:01:58.217Z,0.027,1,600,480x270,10.61691600000006,,rebuffer happen
2025-12-18T09:01:58.618Z,0.239,1,600,480x270,10.725370999999996,,
2025-12-18T09:01:59.104Z,0.252,1,600,480x270,10.734130999999934,,
2025-12-18T09:01:59.703Z,0.167,1,600,480x270,10.748911000000021,,
2025-12-18T09:01:59.835Z,0.03,1,600,480x270,10.816358000000037,,rebuffer happen
2025-12-18T09:02:00.233Z,0.198,1,600,480x270,10.761429000000021,,
2025-12-18T09:02:00.685Z,0.23,1,600,480x270,10.84079399999996,,
2025-12-18T09:02:01.182Z,0.24,1,600,480x270,10.841804999999908,,
2025-12-18T09:02:01.736Z,0.203,1,600,480x270,10.885468999999944,,
2025-12-18T09:02:01.903Z,0.03,1,600,480x270,10.830998000000022,,rebuffer happen
2025-12-18T09:02:01.986Z,0.095,1,600,480x270,10.859151999999995,,rebuffer happen
2025-12-18T09:02:02.295Z,0.174,1,600,480x270,10.860548999999992,,
2025-12-18T09:02:02.454Z,0.016,1,600,480x270,10.913266000000021,,rebuffer happen
2025-12-18T09:02:02.487Z,0.023,1,600,480x270,10.887646000000018,,rebuffer happen
2025-12-18T09:02:02.847Z,0.147,1,600,480x270,10.929042999999979,,
2025-12-18T09:02:02.971Z,0.017,1,600,480x270,10.909470000000056,,rebuffer happen
2025-12-18T09:02:03.365Z,0.195,1,600,480x270,10.976770999999985,,
2025-12-18T09:02:03.877Z,0.213,1,600,480x270,10.976235999999972,,
2025-12-18T09:02:04.038Z,0.027,1,600,480x270,11.015847000000008,,rebuffer happen
2025-12-18T09:02:04.370Z,0.232,1,600,480x270,11.019023999999945,,
2025-12-18T09:02:04.876Z,0.24,1,600,480x270,11.023621999999932,,
2025-12-18T09:02:05.387Z,0.219,1,600,480x270,11.01864999999998,,
2025-12-18T09:02:05.932Z,0.189,1,600,480x270,10.966631000000007,,
2025-12-18T09:02:06.073Z,0.039,1,600,480x270,11.039535999999998,,rebuffer happen
2025-12-18T09:02:06.502Z,0.129,1,600,480x270,11.036800999999969,,
2025-12-18T09:02:06.624Z,0.022,1,600,480x270,11.008192000000008,,rebuffer happen
2025-12-18T09:02:07.115Z,0.12,1,600,480x270,11.082521000000042,,
2025-12-18T09:02:07.191Z,0.018,1,600,480x270,11.103987000000075,,rebuffer happen
2025-12-18T09:02:07.606Z,0.212,1,600,480x270,11.194155000000023,,
2025-12-18T09:02:08.096Z,0.241,1,600,480x270,11.205934999999954,,
2025-12-18T09:02:08.608Z,0.222,1,600,480x270,11.20309999999995,,
2025-12-18T09:02:09.147Z,0.202,1,600,480x270,11.268196999999986,,
2025-12-18T09:02:09.293Z,0.032,1,600,480x270,11.23176699999999,,rebuffer happen
2025-12-18T09:02:09.659Z,0.207,1,600,480x270,11.292138000000023,,
2025-12-18T09:02:10.141Z,0.223,1,600,480x270,11.304134999999974,,
2025-12-18T09:02:10.649Z,0.215,1,600,480x270,11.304238000000055,,
2025-12-18T09:02:11.157Z,0.189,1,600,480x270,11.306228000000033,,
2025-12-18T09:02:11.683Z,0.161,1,600,480x270,11.282250999999974,,
2025-12-18T09:02:12.190Z,0.185,1,600,480x270,11.276037999999971,,
2025-12-18T09:02:12.345Z,0.024,1,600,480x270,11.30928599999993,,rebuffer happen
2025-12-18T09:02:12.724Z,0.207,1,600,480x270,11.282673000000045,,
2025-12-18T09:02:12.879Z,0.029,1,600,480x270,11.328172999999992,,rebuffer happen
2025-12-18T09:02:13.258Z,0.198,1,600,480x270,11.35879900000009,,
2025-12-18T09:02:13.412Z,0.021,1,600,480x270,11.314618999999993,,rebuffer happen
2025-12-18T09:02:13.786Z,0.167,1,600,480x270,11.381175999999982,,
2025-12-18T09:02:14.326Z,0.166,1,600,480x270,11.33454299999994,,
2025-12-18T09:02:14.480Z,0.028,1,600,480x270,11.391358999999966,,rebuffer happen
2025-12-18T09:02:14.829Z,0.18,1,600,480x270,11.369703000000072,,
2025-12-18T09:02:15.362Z,0.166,1,600,480x270,11.428326000000084,,
2025-12-18T09:02:15.891Z,0.151,1,600,480x270,11.412239999999997,,
2025-12-18T09:02:15.998Z,0.02,1,600,480x270,11.408514999999966,,rebuffer happen
2025-12-18T09:02:16.465Z,0.159,1,600,480x270,11.535386000000017,,
2025-12-18T09:02:16.582Z,0.029,1,600,480x270,11.523740999999973,,rebuffer happen
2025-12-18T09:02:17.009Z,0.135,1,600,480x270,11.535709999999995,,
2025-12-18T09:02:17.132Z,0.025,1,600,480x270,11.522689999999898,,rebuffer happen
2025-12-18T09:02:17.579Z,0.173,1,600,480x270,11.663582999999903,,
2025-12-18T09:02:17.733Z,0.026,1,600,480x270,11.614928999999961,,rebuffer happen
2025-12-18T09:02:18.094Z,0.241,1,600,480x270,11.727913999999942,,
2025-12-18T09:02:18.300Z,0.03,1,600,480x270,11.725660000000062,,rebuffer happen
2025-12-18T09:02:18.652Z,0.201,1,600,480x270,11.794905999999969,,
2025-12-18T09:02:18.817Z,0.032,1,600,480x270,11.722148000000061,,rebuffer happen
2025-12-18T09:02:19.152Z,0.286,1,600,480x270,11.851652999999942,,
2025-12-18T09:02:19.710Z,0.225,1,600,480x270,11.809785000000034,,
2025-12-18T09:02:19.901Z,0.028,1,600,480x270,11.82117500000004,,rebuffer happen
2025-12-18T09:02:20.225Z,0.28,1,600,480x270,11.866406999999981,,
2025-12-18T09:02:20.784Z,0.222,1,600,480x270,11.916064000000006,,
2025-12-18T09:02:20.969Z,0.033,1,600,480x270,11.934408000000076,,rebuffer happen
2025-12-18T09:02:21.333Z,0.281,1,600,480x270,12.079799999999977,,
2025-12-18T09:02:21.872Z,0.266,1,600,480x270,12.05285600000002,,
2025-12-18T09:02:22.120Z,0.018,1,600,480x270,12.006923000000029,,rebuffer happen
2025-12-18T09:02:22.380Z,0.259,1,600,480x270,12.085782999999992,,
2025-12-18T09:02:22.909Z,0.27,1,600,480x270,12.050141999999937,,
2025-12-18T09:02:23.154Z,0.021,1,600,480x270,12.11904299999992,,rebuffer happen
2025-12-18T09:02:23.407Z,0.295,1,600,480x270,12.126710000000003,,rebuffer happen
2025-12-18T09:02:23.428Z,0.295,1,600,480x270,12.095302999999944,,
2025-12-18T09:02:23.638Z,0.028,1,600,480x270,12.117300999999998,,rebuffer happen
2025-12-18T09:02:23.958Z,0.282,1,600,480x270,12.163233999999989,,
2025-12-18T09:02:24.205Z,0.032,1,600,480x270,12.121216000000004,,rebuffer happen
2025-12-18T09:02:24.490Z,0.28,1,600,480x270,12.194432000000006,,
2025-12-18T09:02:24.994Z,0.295,1,600,480x270,12.188664000000017,,
2025-12-18T09:02:25.506Z,0.29,1,600,480x270,12.182458999999994,,
2025-12-18T09:02:26.000Z,0.284,1,600,480x270,12.186678000000029,,
2025-12-18T09:02:26.510Z,0.298,1,600,480x270,12.179638999999952,,
2025-12-18T09:02:27.026Z,0.283,1,600,480x270,12.164331999999945,,
2025-12-18T09:02:27.556Z,0.249,1,600,480x270,12.23503299999993,,
2025-12-18T09:02:27.775Z,0.03,1,600,480x270,12.22718199999997,,rebuffer happen
2025-12-18T09:02:28.076Z,0.258,1,600,480x270,12.246262000000002,,
2025-12-18T09:02:28.308Z,0.023,1,600,480x270,12.213688000000047,,rebuffer happen
2025-12-18T09:02:28.601Z,0.247,1,600,480x270,12.249450000000024,,
2025-12-18T09:02:28.909Z,0.02,1,600,480x270,12.238980999999967,,rebuffer happen
2025-12-18T09:02:29.127Z,0.274,1,600,480x270,12.23876800000005,,
2025-12-18T09:02:29.359Z,0.017,1,600,480x270,12.316732000000002,,rebuffer happen
2025-12-18T09:02:29.631Z,0.248,1,600,480x270,12.277616999999964,,
2025-12-18T09:02:29.876Z,0.098,1,600,480x270,12.319469000000026,,rebuffer happen
2025-12-18T09:02:30.123Z,0.289,1,600,480x270,12.297917999999981,,
2025-12-18T09:02:30.140Z,0.286,1,600,480x270,12.37342799999999,,rebuffer happen
2025-12-18T09:02:30.310Z,0.032,1,600,480x270,12.227174999999988,,rebuffer happen
2025-12-18T09:02:30.646Z,0.273,1,600,480x270,12.363957999999911,,
2025-12-18T09:02:31.155Z,0.257,1,600,480x270,12.350244999999973,,
2025-12-18T09:02:31.394Z,0.019,1,600,480x270,12.319098000000054,,rebuffer happen
2025-12-18T09:02:31.665Z,0.234,1,600,480x270,12.34717999999998,,
2025-12-18T09:02:31.894Z,0.032,1,600,480x270,12.319096000000059,,rebuffer happen
2025-12-18T09:02:32.201Z,0.288,1,600,480x270,12.39585199999999,,
2025-12-18T09:02:32.218Z,0.284,1,600,480x270,12.378843000000074,,rebuffer happen
2025-12-18T09:02:32.378Z,0.044,1,600,480x270,12.338561000000027,,rebuffer happen
2025-12-18T09:02:32.722Z,0.258,1,600,480x270,12.36398399999996,,
2025-12-18T09:02:32.962Z,0.033,1,600,480x270,12.423375999999962,,rebuffer happen
2025-12-18T09:02:33.245Z,0.292,1,600,480x270,12.49410899999998,,
2025-12-18T09:02:33.297Z,0.254,1,600,480x270,12.441677000000027,,rebuffer happen
2025-12-18T09:02:33.546Z,0.03,1,600,480x270,12.460634999999911,,rebuffer happen
2025-12-18T09:02:33.767Z,0.249,1,600,480x270,12.462266999999997,,
2025-12-18T09:02:34.013Z,0.017,1,600,480x270,12.402989999999932,,rebuffer happen
2025-12-18T09:02:34.265Z,0.281,1,600,480x270,12.500910999999974,,rebuffer happen
2025-12-18T09:02:34.270Z,0.309,1,600,480x270,12.492208000000005,,
2025-12-18T09:02:34.403Z,0.107,1,600,480x270,12.401373999999919,,rebuffer happen
2025-12-18T09:02:34.446Z,0.042,1,600,480x270,12.428866999999968,,rebuffer happen
2025-12-18T09:02:34.787Z,0.267,1,600,480x270,12.491411999999968,,
2025-12-18T09:02:35.314Z,0.289,1,600,480x270,12.463982999999985,,
2025-12-18T09:02:35.564Z,0.026,1,600,480x270,12.513784999999984,,rebuffer happen
2025-12-18T09:02:35.827Z,0.319,1,600,480x270,12.514466999999968,,
2025-12-18T09:02:35.874Z,0.246,1,600,480x270,12.541002999999932,,rebuffer happen
2025-12-18T09:02:36.015Z,0.035,1,600,480x270,12.426895999999942,,rebuffer happen
2025-12-18T09:02:36.344Z,0.286,1,600,480x270,12.610185999999999,,
2025-12-18T09:02:36.547Z,0.126,1,600,480x270,12.625470000000064,,rebuffer happen
2025-12-18T09:02:36.908Z,0.247,1,600,480x270,12.54166100000009,,
2025-12-18T09:02:37.132Z,0.017,1,600,480x270,12.51457199999993,,rebuffer happen
2025-12-18T09:02:37.434Z,0.265,1,600,480x270,12.64661000000001,,
2025-12-18T09:02:37.941Z,0.24,1,600,480x270,12.64177600000005,,
2025-12-18T09:02:38.166Z,0.029,1,600,480x270,12.620200999999952,,rebuffer happen
2025-12-18T09:02:38.487Z,0.285,1,600,480x270,12.660364999999956,,
2025-12-18T09:02:38.717Z,0.031,1,600,480x270,12.621072000000026,,rebuffer happen
2025-12-18T09:02:39.016Z,0.228,1,600,480x270,12.633188999999902,,
2025-12-18T09:02:39.234Z,0.024,1,600,480x270,12.709332000000018,,rebuffer happen
2025-12-18T09:02:39.537Z,0.279,1,600,480x270,12.760237999999958,,
2025-12-18T09:02:39.784Z,0.026,1,600,480x270,12.724950999999919,,rebuffer happen
2025-12-18T09:02:40.058Z,0.267,1,600,480x270,12.756445999999983,,
2025-12-18T09:02:40.566Z,0.271,1,600,480x270,12.759409000000005,,
2025-12-18T09:02:41.079Z,0.265,1,600,480x270,12.749429999999961,,
2025-12-18T09:02:41.319Z,0.019,1,600,480x270,12.712806,,rebuffer happen
2025-12-18T09:02:41.597Z,0.252,1,600,480x270,12.763147000000004,,
2025-12-18T09:02:42.110Z,0.267,1,600,480x270,12.746624999999995,,
2025-12-18T09:02:42.353Z,0.085,1,600,480x270,12.807013999999981,,rebuffer happen
2025-12-18T09:02:42.645Z,0.247,1,600,480x270,12.838787000000025,,
2025-12-18T09:02:42.870Z,0.028,1,600,480x270,12.818391999999903,,rebuffer happen
2025-12-18T09:02:43.175Z,0.282,1,600,480x270,12.861480000000029,,
2025-12-18T09:02:43.421Z,0.03,1,600,480x270,12.818488000000002,,rebuffer happen
2025-12-18T09:02:43.707Z,0.267,1,600,480x270,12.870246000000066,,
2025-12-18T09:02:43.971Z,0.018,1,600,480x270,12.904065999999943,,rebuffer happen
2025-12-18T09:02:44.223Z,0.275,1,600,480x270,12.894421999999963,,
2025-12-18T09:02:44.240Z,0.291,1,600,480x270,12.983425000000011,,rebuffer happen
2025-12-18T09:02:44.765Z,0.244,1,600,480x270,12.973250000000007,,rebuffer happen
2025-12-18T09:02:44.770Z,0.244,1,600,480x270,12.964743999999996,,
2025-12-18T09:02:44.922Z,0.043,1,600,480x270,12.83306099999993,,rebuffer happen
2025-12-18T09:02:45.279Z,0.295,1,600,480x270,13.014530000000036,,
2025-12-18T09:02:45.332Z,0.27,1,600,480x270,12.961522000000059,,rebuffer happen
2025-12-18T09:02:45.783Z,0.28,1,600,480x270,12.98143600000003,,
2025-12-18T09:02:46.056Z,0.022,1,600,480x270,13.02014100000008,,rebuffer happen
2025-12-18T09:02:46.304Z,0.312,1,600,480x270,12.998892999999953,,
2025-12-18T09:02:46.406Z,0.163,1,600,480x270,12.957918999999947,,rebuffer happen
2025-12-18T09:02:46.490Z,0.038,1,600,480x270,12.924554999999941,,rebuffer happen
2025-12-18T09:02:46.798Z,0.292,1,600,480x270,12.996054000000072,,
2025-12-18T09:02:47.021Z,0.083,1,600,480x270,12.978527999999983,,rebuffer happen
2025-12-18T09:02:47.296Z,0.233,1,600,480x270,12.942174000000023,,
2025-12-18T09:02:47.541Z,0.019,1,600,480x270,13.011008999999945,,rebuffer happen
2025-12-18T09:02:47.822Z,0.261,1,600,480x270,12.959921000000008,,
2025-12-18T09:02:48.075Z,0.018,1,600,480x270,13.00557399999991,,rebuffer happen
2025-12-18T09:02:48.349Z,0.243,1,600,480x270,13.057167999999933,,
2025-12-18T09:02:48.592Z,0.033,1,600,480x270,13.03371100000004,,rebuffer happen
2025-12-18T09:02:48.882Z,0.283,1,600,480x270,13.073634999999967,,
2025-12-18T09:02:49.395Z,0.24,1,600,480x270,13.058273999999983,,
2025-12-18T09:02:49.821Z,0.299,1,600,480x270,13.05999399999996,,rebuffer happen
2025-12-18T09:02:49.898Z,0.293,1,600,480x270,13.075504000000024,,
2025-12-18T09:02:50.385Z,0.325,1,600,480x270,13.091095999999993,,
2025-12-18T09:02:50.406Z,0.281,1,600,480x270,13.070986999999946,,rebuffer happen
2025-12-18T09:02:50.858Z,0.312,1,600,480x270,13.098468000000025,,
2025-12-18T09:02:50.980Z,0.189,1,600,480x270,13.089050999999927,,rebuffer happen
2025-12-18T09:02:51.338Z,0.253,1,600,480x270,13.037079999999946,,
2025-12-18T09:02:51.835Z,0.247,1,600,480x270,13.047590000000014,,
2025-12-18T09:02:52.335Z,0.247,1,600,480x270,13.047839000000067,,
2025-12-18T09:02:52.806Z,0.31,1,600,480x270,12.993788999999992,,
2025-12-18T09:02:52.827Z,0.285,1,600,480x270,12.973004999999944,,rebuffer happen
2025-12-18T09:02:53.299Z,0.282,1,600,480x270,12.948808999999983,,
2025-12-18T09:02:53.788Z,0.278,1,600,480x270,12.982993999999962,,
2025-12-18T09:02:54.287Z,0.278,1,600,480x270,12.987559000000033,,
2025-12-18T09:02:54.758Z,0.288,1,600,480x270,13.015972999999917,,rebuffer happen
2025-12-18T09:02:54.766Z,0.288,1,600,480x270,13.00386299999991,,
2025-12-18T09:02:54.898Z,0.177,1,600,480x270,12.899083000000019,,rebuffer happen
2025-12-18T09:02:55.250Z,0.216,1,600,480x270,12.922901000000024,,
2025-12-18T09:02:55.768Z,0.19,1,600,480x270,12.918244999999956,,
2025-12-18T09:02:56.344Z,0.167,1,600,480x270,12.932071999999948,,
2025-12-18T09:02:56.465Z,0.029,1,600,480x270,12.930174000000079,,rebuffer happen
2025-12-18T09:02:56.952Z,0.153,1,600,480x270,13.027748999999972,,
2025-12-18T09:02:57.048Z,0.033,1,600,480x270,13.023666000000048,,rebuffer happen
2025-12-18T09:02:57.600Z,0.11,1,600,480x270,13.1161689999999,,
2025-12-18T09:02:57.699Z,0.025,1,600,480x270,13.113516000000004,,rebuffer happen
2025-12-18T09:02:58.246Z,0.084,1,600,480x270,13.285274000000072,,
2025-12-18T09:02:58.316Z,0.024,1,600,480x270,13.215077000000065,,rebuffer happen
2025-12-18T09:02:58.863Z,0.116,1,600,480x270,13.415424999999914,,
2025-12-18T09:02:58.967Z,0.026,1,600,480x270,13.424865000000068,,rebuffer happen
2025-12-18T09:02:59.414Z,0.191,1,600,480x270,13.476159000000052,,
2025-12-18T09:02:59.584Z,0.025,1,600,480x270,13.511708999999996,,rebuffer happen
2025-12-18T09:02:59.924Z,0.245,1,600,480x270,13.53595800000005,,
2025-12-18T09:03:00.434Z,0.234,1,600,480x270,13.617754999999988,,
2025-12-18T09:03:00.995Z,0.191,1,600,480x270,13.5823069999999,,
2025-12-18T09:03:01.152Z,0.03,1,600,480x270,13.621190999999953,,rebuffer happen
2025-12-18T09:03:01.561Z,0.232,1,600,480x270,13.720004000000017,,
2025-12-18T09:03:01.769Z,0.021,1,600,480x270,13.713508000000047,,rebuffer happen
2025-12-18T09:03:02.110Z,0.243,1,600,480x270,13.724187000000029,,
2025-12-18T09:03:02.319Z,0.03,1,600,480x270,13.716478000000052,,rebuffer happen
2025-12-18T09:03:02.651Z,0.251,1,600,480x270,13.860406000000012,,
2025-12-18T09:03:02.887Z,0.029,1,600,480x270,13.81514100000004,,rebuffer happen
2025-12-18T09:03:03.183Z,0.248,1,600,480x270,13.847150000000056,,
2025-12-18T09:03:03.420Z,0.023,1,600,480x270,13.819890999999984,,rebuffer happen
2025-12-18T09:03:03.716Z,0.259,1,600,480x270,13.86593599999992,,
2025-12-18T09:03:04.225Z,0.266,1,600,480x270,13.856894000000011,,
2025-12-18T09:03:04.455Z,0.042,1,600,480x270,13.929171999999994,,rebuffer happen
2025-12-18T09:03:04.738Z,0.253,1,600,480x270,13.967483000000016,,
2025-12-18T09:03:05.255Z,0.27,1,600,480x270,13.951835999999957,,
2025-12-18T09:03:05.770Z,0.27,1,600,480x270,13.955479999999966,,
2025-12-18T09:03:06.006Z,0.028,1,600,480x270,13.918624000000023,,rebuffer happen
2025-12-18T09:03:06.273Z,0,1,600,480x270,13.72383400000001,,rebuffer happen
2025-12-18T09:03:06.362Z,0,1,600,480x270,13.819834000000014,,
2025-12-18T09:03:06.877Z,0,1,600,480x270,14.325833999999986,,
2025-12-18T09:03:07.140Z,0.22,1,600,480x270,2.812767000000008,,rebuffer happen
2025-12-18T09:03:07.403Z,0.326,1,600,480x270,2.6333720000000085,,
2025-12-18T09:03:07.607Z,0.037,1,600,480x270,2.5327949999999646,,rebuffer happen
2025-12-18T09:03:07.608Z,0.037,1,600,480x270,2.5327949999999646,,rebuffer happen
2025-12-18T09:03:07.965Z,0.264,1,600,480x270,2.6488169999998945,,
2025-12-18T09:03:08.191Z,0.032,1,600,480x270,2.6237330000000156,,rebuffer happen
2025-12-18T09:03:08.526Z,0.262,1,600,480x270,2.6492430000000695,,
2025-12-18T09:03:08.758Z,0.03,1,600,480x270,2.7295729999999594,,rebuffer happen
2025-12-18T09:03:09.107Z,0.212,1,600,480x270,2.718511000000035,,
2025-12-18T09:03:09.308Z,0.024,1,600,480x270,2.7198430000000826,,rebuffer happen
2025-12-18T09:03:09.409Z,0.022,1,600,480x270,2.7802010000000337,,rebuffer happen
2025-12-18T09:03:09.681Z,0.226,1,600,480x270,2.824929999999995,,
2025-12-18T09:03:09.893Z,0.027,1,600,480x270,2.8145749999999907,,rebuffer happen
2025-12-18T09:03:10.215Z,0.215,1,600,480x270,2.8570909999999685,,
2025-12-18T09:03:10.460Z,0.019,1,600,480x270,2.9139300000000503,,rebuffer happen
2025-12-18T09:03:10.780Z,0.258,1,600,480x270,2.9386429999999564,,
2025-12-18T09:03:11.010Z,0.019,1,600,480x270,2.9098000000000184,,rebuffer happen
2025-12-18T09:03:11.331Z,0.298,1,600,480x270,2.988619999999969,,
2025-12-18T09:03:11.884Z,0.249,1,600,480x270,3.0280930000000126,,
2025-12-18T09:03:12.094Z,0.03,1,600,480x270,3.022167999999965,,rebuffer happen
2025-12-18T09:03:12.439Z,0.248,1,600,480x270,3.1355069999999614,,
2025-12-18T09:03:12.661Z,0.031,1,600,480x270,3.1171920000000455,,rebuffer happen
2025-12-18T09:03:13.021Z,0.262,1,600,480x270,3.1733239999999796,,
2025-12-18T09:03:13.262Z,0.033,1,600,480x270,3.2194670000000087,,rebuffer happen
2025-12-18T09:03:13.568Z,0.274,1,600,480x270,3.255986000000007,,
2025-12-18T09:03:13.812Z,0.023,1,600,480x270,3.215188000000012,,rebuffer happen
2025-12-18T09:03:14.115Z,0.25,1,600,480x270,3.2359989999999925,,
2025-12-18T09:03:14.346Z,0.019,1,600,480x270,3.314043999999967,,rebuffer happen
2025-12-18T09:03:14.621Z,0.314,1,600,480x270,3.3093289999999342,,
2025-12-18T09:03:14.713Z,0.176,1,600,480x270,3.265581999999995,,rebuffer happen
2025-12-18T09:03:14.813Z,0.027,1,600,480x270,3.213117000000011,,rebuffer happen
2025-12-18T09:03:15.131Z,0.287,1,600,480x270,3.2788829999999507,,
2025-12-18T09:03:15.632Z,0.264,1,600,480x270,3.2795240000000376,,
2025-12-18T09:03:16.112Z,0.291,1,600,480x270,3.2945130000000518,,
2025-12-18T09:03:16.147Z,0.27,1,600,480x270,3.368449999999939,,rebuffer happen
2025-12-18T09:03:16.533Z,0.27,1,600,480x270,3.2642969999999423,,rebuffer happen
2025-12-18T09:03:16.597Z,0.326,1,600,480x270,3.2595159999999623,,
2025-12-18T09:03:16.597Z,0.273,1,600,480x270,3.2586599999999635,,rebuffer happen
2025-12-18T09:03:17.059Z,0.278,1,600,480x270,3.2723570000000564,,
2025-12-18T09:03:17.481Z,0.293,1,600,480x270,3.247021000000018,,rebuffer happen
2025-12-18T09:03:17.539Z,0.298,1,600,480x270,3.2635890000000245,,
2025-12-18T09:03:17.943Z,0.316,1,600,480x270,3.2246999999999844,,
2025-12-18T09:03:17.976Z,0.298,1,600,480x270,3.192066999999952,,rebuffer happen
2025-12-18T09:03:18.318Z,0.412,1,600,480x270,3.1076420000000553,,
2025-12-18T09:03:18.691Z,0.415,1,600,480x270,3.0297839999999496,,
2025-12-18T09:03:19.083Z,0.354,1,600,480x270,2.853730999999925,,
2025-12-18T09:03:19.163Z,0.27,1,600,480x270,2.828467000000046,,rebuffer happen
2025-12-18T09:03:19.201Z,0.28,1,600,480x270,2.771857999999952,,rebuffer happen
2025-12-18T09:03:19.239Z,0.29,1,600,480x270,2.8089410000000044,,rebuffer happen
2025-12-18T09:03:19.278Z,0.298,1,600,480x270,2.750466000000074,,rebuffer happen
2025-12-18T09:03:19.341Z,0.271,1,600,480x270,2.763011000000006,,rebuffer happen
2025-12-18T09:03:19.390Z,0.296,1,600,480x270,2.688623000000007,,rebuffer happen
2025-12-18T09:03:19.465Z,0.317,1,600,480x270,2.7032779999999548,,
2025-12-18T09:03:19.593Z,0.291,1,600,480x270,2.6821209999999382,,rebuffer happen
2025-12-18T09:03:19.668Z,0.28,1,600,480x270,2.680029999999988,,rebuffer happen
2025-12-18T09:03:19.707Z,0.289,1,600,480x270,2.6228360000000066,,rebuffer happen
2025-12-18T09:03:19.831Z,0.293,1,600,480x270,2.5536309999999958,,rebuffer happen
2025-12-18T09:03:19.896Z,0.284,1,600,480x270,2.580618999999956,,
2025-12-18T09:03:20.143Z,0.475,1,600,480x270,2.6347450000000663,,
2025-12-18T09:03:20.329Z,0.665,1,600,480x270,2.4556629999999586,,
2025-12-18T09:03:20.538Z,1.047,1,600,480x270,2.514109000000076,,
2025-12-18T09:03:20.855Z,1.097,1,600,480x270,2.367317000000071,,
2025-12-18T09:03:21.112Z,1.216,1,600,480x270,2.2156230000000505,,
2025-12-18T09:03:21.448Z,1.287,1,600,480x270,2.1993059999999787,,
2025-12-18T09:03:21.769Z,1.429,1,600,480x270,2.104428999999982,,
2025-12-18T09:03:22.166Z,1.472,1,600,480x270,2.0524970000000167,,
2025-12-18T09:03:22.530Z,1.53,1,600,480x270,1.9728189999999586,,
2025-12-18T09:03:22.786Z,1.642,1,600,480x270,1.9923880000000054,,
2025-12-18T09:03:23.065Z,1.865,1,600,480x270,2.006571000000008,,
2025-12-18T09:03:23.147Z,2.01,2,1000,640x360,2.0123119999999517,,
2025-12-18T09:03:23.578Z,2.035,2,1000,640x360,1.9704810000000634,,
2025-12-18T09:03:24.058Z,2.022,2,1000,640x360,1.9904470000000174,,
2025-12-18T09:03:24.571Z,2.014,2,1000,640x360,1.969649000000004,,
2025-12-18T09:03:25.063Z,2.015,2,1000,640x360,1.9761310000000094,,
2025-12-18T09:03:25.140Z,1.986,1,600,480x270,1.8982939999999644,,
2025-12-18T09:03:25.523Z,1.923,1,600,480x270,1.9152290000000676,,
2025-12-18T09:03:26.079Z,1.996,1,600,480x270,1.9559050000000298,,
2025-12-18T09:03:26.158Z,1.969,0,200,320x180,1.9888679999999113,,
2025-12-18T09:03:26.559Z,2.026,0,200,320x180,1.9991410000000087,,
2025-12-18T09:03:27.055Z,1.978,0,200,320x180,1.9879189999999198,,
2025-12-18T09:03:27.549Z,2.035,0,200,320x180,1.9895680000000766,,
2025-12-18T09:03:27.627Z,1.982,1,600,480x270,1.9106820000000653,,
2025-12-18T09:03:28.118Z,1.917,1,600,480x270,1.917451999999912,,
2025-12-18T09:03:28.591Z,1.955,1,600,480x270,1.9527070000000322,,
2025-12-18T09:03:28.660Z,1.934,2,1000,640x360,1.9974320000000034,,
2025-12-18T09:03:29.514Z,1.569,2,1000,640x360,1.9259089999999333,,
2025-12-18T09:03:29.594Z,1.535,1,600,480x270,1.941726000000017,,
2025-12-18T09:03:30.104Z,1.49,1,600,480x270,1.9430429999999888,,
2025-12-18T09:03:30.626Z,1.437,1,600,480x270,1.9196909999999434,,
2025-12-18T09:03:31.150Z,1.407,1,600,480x270,1.9986059999999952,,
2025-12-18T09:03:31.598Z,1.457,1,600,480x270,1.9383929999999054,,
2025-12-18T09:03:32.072Z,1.464,1,600,480x270,1.9705470000000105,,
2025-12-18T09:03:32.591Z,1.495,1,600,480x270,1.9564649999999801,,
2025-12-18T09:03:33.078Z,1.462,1,600,480x270,1.968434000000002,,
2025-12-18T09:03:34.242Z,0.812,1,600,480x270,1.999292999999966,,
2025-12-18T09:03:34.810Z,0.728,1,600,480x270,1.9399150000000418,,
2025-12-18T09:03:35.518Z,0.557,1,600,480x270,1.917242999999985,,
2025-12-18T09:03:36.036Z,0.518,1,600,480x270,1.999099000000001,,
2025-12-18T09:03:36.571Z,0.494,1,600,480x270,1.9729780000000119,,
2025-12-18T09:03:37.073Z,0.465,1,600,480x270,1.9745009999999183,,
2025-12-18T09:03:37.608Z,0.462,1,600,480x270,1.9552609999999504,,
2025-12-18T09:03:38.140Z,0.422,1,600,480x270,2.0011009999999487,,
2025-12-18T09:03:38.319Z,0.297,1,600,480x270,1.9232640000000174,,rebuffer happen
2025-12-18T09:03:38.675Z,0.385,1,600,480x270,1.9661159999999427,,
2025-12-18T09:03:38.818Z,0.267,1,600,480x270,1.9240910000000895,,rebuffer happen
2025-12-18T09:03:38.967Z,0.283,1,600,480x270,1.9789250000000038,,rebuffer happen
2025-12-18T09:03:39.051Z,0.266,1,600,480x270,1.9879170000000386,,rebuffer happen
2025-12-18T09:03:39.314Z,0.252,1,600,480x270,1.9262120000000778,,
2025-12-18T09:03:39.994Z,0.099,1,600,480x270,1.9443319999999176,,
2025-12-18T09:03:40.034Z,0.018,1,600,480x270,2.0048369999999522,,rebuffer happen
2025-12-18T09:03:40.201Z,0.017,1,600,480x270,2.070273000000043,,rebuffer happen
2025-12-18T09:03:40.632Z,0.08,1,600,480x270,2.073709000000008,,
2025-12-18T09:03:40.701Z,0.019,1,600,480x270,2.1043900000000804,,rebuffer happen
2025-12-18T09:03:40.834Z,0.026,1,600,480x270,2.279350000000022,,rebuffer happen
2025-12-18T09:03:41.051Z,0.03,1,600,480x270,2.295885999999996,,rebuffer happen
2025-12-18T09:03:41.301Z,0.082,1,600,480x270,2.2518060000001014,,
2025-12-18T09:03:41.302Z,0.065,1,600,480x270,2.250846000000024,,rebuffer happen
2025-12-18T09:03:41.352Z,0.021,1,600,480x270,2.3074750000000677,,rebuffer happen
2025-12-18T09:03:41.502Z,0.029,1,600,480x270,2.3827570000000833,,rebuffer happen
2025-12-18T09:03:41.968Z,0.074,1,600,480x270,2.4536059999999225,,
2025-12-18T09:03:41.969Z,0.058,1,600,480x270,2.4530280000000175,,rebuffer happen
2025-12-18T09:03:42.002Z,0.028,1,600,480x270,2.4230589999999665,,rebuffer happen
2025-12-18T09:03:42.171Z,0.022,1,600,480x270,2.5772589999999127,,rebuffer happen
2025-12-18T09:03:42.455Z,0.031,1,600,480x270,2.62533899999994,,rebuffer happen
2025-12-18T09:03:42.671Z,0.024,1,600,480x270,2.6515320000000884,,rebuffer happen
2025-12-18T09:03:42.677Z,0.024,1,600,480x270,2.6515320000000884,,
2025-12-18T09:03:42.719Z,0.02,1,600,480x270,2.6144180000000006,,rebuffer happen
2025-12-18T09:03:42.870Z,0.026,1,600,480x270,2.7820449999999255,,rebuffer happen
2025-12-18T09:03:43.335Z,0.081,1,600,480x270,2.8476989999999205,,
2025-12-18T09:03:43.370Z,0.027,1,600,480x270,2.8128209999999854,,rebuffer happen
2025-12-18T09:03:43.961Z,0.104,1,600,480x270,2.955139999999915,,
2025-12-18T09:03:44.004Z,0.027,1,600,480x270,2.9130409999999074,,rebuffer happen
2025-12-18T09:03:44.222Z,0.066,1,600,480x270,3.023284999999987,,rebuffer happen
2025-12-18T09:03:44.617Z,0.078,1,600,480x270,3.0614080000000286,,
2025-12-18T09:03:44.655Z,0.026,1,600,480x270,3.1116970000000492,,rebuffer happen
2025-12-18T09:03:45.004Z,0.318,1,600,480x270,3.2073709999999664,,
2025-12-18T09:03:45.077Z,0.316,1,600,480x270,3.2294829999999592,,
2025-12-18T09:03:45.158Z,0.343,0,200,320x180,3.2591859999999997,,
2025-12-18T09:03:45.162Z,0.26,0,200,320x180,3.256336000000033,,rebuffer happen
2025-12-18T09:03:45.390Z,0.032,0,200,320x180,3.2319309999999177,,rebuffer happen
2025-12-18T09:03:47.236Z,0.032,0,200,320x180,5.024930999999924,,