timestamp,bufferLevel,qualityIndex,bitrateKbps,resolution,liveLatency,predictedKbps,rebuffer
2025-12-22T10:53:03.835Z,0,2,1000,640x360,1.3075,,
2025-12-22T10:53:03.839Z,0,2,1000,640x360,1.3075,,rebuffer happen
2025-12-22T10:53:03.866Z,0.1,2,1000,640x360,1.3071130000000002,,rebuffer happen
2025-12-22T10:53:04.222Z,0.167,2,1000,640x360,1.236185,,
2025-12-22T10:53:04.332Z,0.167,0,200,320x180,1.2256859999999998,1511,
2025-12-22T10:53:04.371Z,0.052,0,200,320x180,1.28955,1511,rebuffer happen
2025-12-22T10:53:04.430Z,0.454,0,200,320x180,1.237363,1511,
2025-12-22T10:53:04.593Z,0.826,0,200,320x180,1.333405,1635,
2025-12-22T10:53:04.907Z,1.166,0,200,320x180,1.470518,1611,
2025-12-22T10:53:05.187Z,1.465,0,200,320x180,1.5903740000000002,1313,
2025-12-22T10:53:05.496Z,1.792,0,200,320x180,1.6998840000000002,1288,
2025-12-22T10:53:05.796Z,2.077,0,200,320x180,1.7779770000000001,1198,
2025-12-22T10:53:06.297Z,2.154,0,200,320x180,1.8475329999999999,1211,
2025-12-22T10:53:06.801Z,2.235,0,200,320x180,1.9025740000000004,1262,
2025-12-22T10:53:07.564Z,1.97,0,200,320x180,1.9694569999999998,1292,
2025-12-22T10:53:07.856Z,2.22,0,200,320x180,1.9862019999999996,1312,
2025-12-22T10:53:07.932Z,2.21,2,1000,640x360,1.9104729999999996,1333,
2025-12-22T10:53:08.605Z,1.982,2,1000,640x360,1.957554,1333,
2025-12-22T10:53:09.125Z,1.955,2,1000,640x360,1.9306849999999995,1314,
2025-12-22T10:53:09.992Z,1.599,2,1000,640x360,1.9481680000000008,1362,
2025-12-22T10:53:10.930Z,1.191,2,1000,640x360,1.9155890000000007,1257,
2025-12-22T10:53:11.814Z,0.73,2,1000,640x360,1.9298789999999997,1139,
2025-12-22T10:53:11.885Z,0.76,1,600,480x270,1.9613950000000004,1027,
2025-12-22T10:53:12.454Z,0.624,1,600,480x270,1.9961980000000006,1027,
2025-12-22T10:53:12.984Z,0.614,1,600,480x270,1.9604029999999995,971,
2025-12-22T10:53:13.540Z,0.559,1,600,480x270,2.000160000000001,939,
2025-12-22T10:53:14.092Z,0.485,1,600,480x270,1.9470120000000009,907,
2025-12-22T10:53:14.287Z,0.29,1,600,480x270,1.9613620000000012,876,rebuffer happen
2025-12-22T10:53:14.667Z,0.406,1,600,480x270,1.9779549999999997,876,
2025-12-22T10:53:14.881Z,0.256,1,600,480x270,1.9599970000000013,858,rebuffer happen
2025-12-22T10:53:15.187Z,0.374,1,600,480x270,1.9648950000000003,858,
2025-12-22T10:53:15.363Z,0.218,1,600,480x270,1.9960269999999998,849,rebuffer happen
2025-12-22T10:53:15.519Z,0.293,1,600,480x270,1.928965999999999,849,rebuffer happen
2025-12-22T10:53:15.681Z,0.412,1,600,480x270,1.9700680000000013,849,
2025-12-22T10:53:15.749Z,0.353,0,200,320x180,1.9954350000000005,850,
2025-12-22T10:53:15.785Z,0.29,0,200,320x180,1.9593290000000003,850,rebuffer happen
2025-12-22T10:53:15.902Z,0.587,0,200,320x180,1.948303000000001,850,
2025-12-22T10:53:16.065Z,0.922,0,200,320x180,1.983428,845,
2025-12-22T10:53:16.246Z,1.333,0,200,320x180,2.013845,836,
2025-12-22T10:53:16.397Z,1.609,0,200,320x180,1.9653390000000002,833,
2025-12-22T10:53:16.580Z,1.971,0,200,320x180,1.9788310000000013,840,
2025-12-22T10:53:16.808Z,2.214,0,200,320x180,1.9413250000000009,838,
2025-12-22T10:53:17.326Z,2.265,0,200,320x180,1.9258640000000007,851,
2025-12-22T10:53:17.838Z,2.262,0,200,320x180,1.9108730000000005,860,
2025-12-22T10:53:18.323Z,2.251,0,200,320x180,1.9267629999999993,877,
2025-12-22T10:53:18.817Z,2.203,0,200,320x180,1.9318859999999987,880,
2025-12-22T10:53:19.163Z,2.081,1,600,480x270,1.991826999999999,881,
2025-12-22T10:53:19.570Z,2.036,1,600,480x270,1.9783779999999993,881,
2025-12-22T10:53:20.019Z,2.036,1,600,480x270,1.930242999999999,890,
2025-12-22T10:53:20.540Z,2.059,1,600,480x270,2.011996999999999,909,
2025-12-22T10:53:21.040Z,2.032,1,600,480x270,2.001308999999999,917,
2025-12-22T10:53:21.536Z,2.02,1,600,480x270,1.91742,936,
2025-12-22T10:53:22.024Z,2.027,1,600,480x270,1.915263999999997,946,
2025-12-22T10:53:22.517Z,2.054,1,600,480x270,1.9287489999999998,959,
2025-12-22T10:53:23.036Z,2.014,1,600,480x270,1.907430999999999,969,
2025-12-22T10:53:23.391Z,2.169,1,600,480x270,1.956778,991,
2025-12-22T10:53:23.898Z,2.155,1,600,480x270,1.9416450000000012,995,
2025-12-22T10:53:24.458Z,2.107,1,600,480x270,1.994494999999997,1006,
2025-12-22T10:53:25.029Z,2.042,1,600,480x270,1.9209850000000017,1015,
2025-12-22T10:53:25.101Z,1.98,2,1000,640x360,1.9411500000000004,1034,
2025-12-22T10:53:25.763Z,1.803,2,1000,640x360,1.9891269999999999,1034,
2025-12-22T10:53:26.400Z,1.669,2,1000,640x360,1.942309999999999,1040,
2025-12-22T10:53:27.058Z,1.508,2,1000,640x360,1.9855040000000024,1053,
2025-12-22T10:53:27.917Z,1.157,2,1000,640x360,1.929117999999999,1034,
2025-12-22T10:53:28.938Z,0.668,2,1000,640x360,1.9033130000000007,1048,
2025-12-22T10:53:29.006Z,0.633,1,600,480x270,1.9346120000000013,1042,
2025-12-22T10:53:29.498Z,0.58,1,600,480x270,1.956429,1042,
2025-12-22T10:53:29.827Z,0.73,1,600,480x270,1.9179679999999983,1025,
2025-12-22T10:53:30.163Z,0.873,1,600,480x270,1.9838760000000022,1011,
2025-12-22T10:53:30.524Z,0.998,1,600,480x270,1.9182190000000006,1011,
2025-12-22T10:53:31.438Z,0.851,1,600,480x270,1.9169459999999994,1003,
2025-12-22T10:53:31.949Z,0.602,1,600,480x270,1.9986339999999991,965,
2025-12-22T10:53:32.404Z,0.647,1,600,480x270,1.949536000000002,1051,
2025-12-22T10:53:32.836Z,0.734,1,600,480x270,1.9029230000000013,1022,
2025-12-22T10:53:33.247Z,0.789,1,600,480x270,2.002236,1032,
2025-12-22T10:53:33.673Z,0.852,1,600,480x270,1.9762950000000004,1024,
2025-12-22T10:53:34.113Z,0.924,1,600,480x270,1.9331910000000008,1024,
2025-12-22T10:53:34.555Z,1.028,1,600,480x270,2.0066900000000025,1022,
2025-12-22T10:53:34.988Z,1.081,1,600,480x270,1.9692640000000026,1005,
2025-12-22T10:53:35.315Z,1.232,1,600,480x270,1.9430409999999974,1015,
2025-12-22T10:53:35.389Z,1.261,2,1000,640x360,1.9571949999999987,1028,
2025-12-22T10:53:35.909Z,1.164,2,1000,640x360,1.938551000000004,1028,
2025-12-22T10:53:36.437Z,1.137,2,1000,640x360,1.9142420000000016,1085,
2025-12-22T10:53:36.962Z,1.11,2,1000,640x360,1.9837169999999986,1076,
2025-12-22T10:53:37.492Z,1.088,2,1000,640x360,1.9598980000000026,1088,
2025-12-22T10:53:38.016Z,1.058,2,1000,640x360,1.927777000000006,1110,
2025-12-22T10:53:38.545Z,1.041,2,1000,640x360,2.009563,1128,
2025-12-22T10:53:39.078Z,0.997,2,1000,640x360,1.9629600000000025,1124,
2025-12-22T10:53:39.145Z,0.992,1,600,480x270,1.8996679999999984,1139,
2025-12-22T10:53:39.474Z,1.102,1,600,480x270,1.9730710000000045,1139,
2025-12-22T10:53:39.799Z,1.262,1,600,480x270,1.946756999999998,1134,
2025-12-22T10:53:40.130Z,1.416,1,600,480x270,1.9108319999999992,1152,
2025-12-22T10:53:40.445Z,1.594,1,600,480x270,1.9985380000000035,1152,
2025-12-22T10:53:40.756Z,1.784,1,600,480x270,1.9865950000000012,1196,
2025-12-22T10:53:41.089Z,1.958,1,600,480x270,1.9527860000000032,1188,
2025-12-22T10:53:41.436Z,2.13,1,600,480x270,1.9097599999999986,1188,
2025-12-22T10:53:41.965Z,2.081,1,600,480x270,1.9756339999999994,1191,
2025-12-22T10:53:42.450Z,2.113,1,600,480x270,2.0025619999999975,1213,
2025-12-22T10:53:42.560Z,2.132,2,1000,640x360,1.9984780000000057,1214,
2025-12-22T10:53:43.050Z,2.023,2,1000,640x360,1.9976890000000012,1214,
2025-12-22T10:53:43.588Z,1.974,2,1000,640x360,1.9555450000000008,1232,
2025-12-22T10:53:44.117Z,1.932,2,1000,640x360,1.9281119999999987,1229,
2025-12-22T10:53:44.640Z,1.925,2,1000,640x360,2.005001,1218,
2025-12-22T10:53:45.169Z,1.891,2,1000,640x360,1.980198999999999,1206,
2025-12-22T10:53:45.707Z,1.857,2,1000,640x360,1.9504789999999943,1212,
2025-12-22T10:53:46.243Z,1.828,2,1000,640x360,2.012467000000001,1216,
2025-12-22T10:53:46.773Z,1.802,2,1000,640x360,1.9797300000000035,1218,
2025-12-22T10:53:47.309Z,1.755,2,1000,640x360,1.9437440000000024,1211,
2025-12-22T10:53:47.841Z,1.72,2,1000,640x360,2.0000989999999987,1200,
2025-12-22T10:53:48.581Z,1.537,2,1000,640x360,1.9628419999999949,1213,
2025-12-22T10:53:49.438Z,1.187,2,1000,640x360,1.9164249999999967,1154,
2025-12-22T10:53:50.277Z,0.828,2,1000,640x360,1.9884430000000037,1113,
2025-12-22T10:53:50.355Z,0.745,1,600,480x270,2.008137000000005,1057,
2025-12-22T10:53:50.877Z,0.683,1,600,480x270,1.973709999999997,1057,
2025-12-22T10:53:51.451Z,0.586,1,600,480x270,2.0002150000000043,996,
2025-12-22T10:53:51.978Z,0.616,1,600,480x270,1.9647719999999964,990,
2025-12-22T10:53:52.501Z,0.58,1,600,480x270,1.9529759999999996,981,
2025-12-22T10:53:52.983Z,0.587,1,600,480x270,1.9567809999999994,950,
2025-12-22T10:53:53.487Z,0.582,1,600,480x270,1.9691699999999983,957,
2025-12-22T10:53:53.990Z,0.571,1,600,480x270,1.9502790000000019,924,
2025-12-22T10:53:54.514Z,0.575,1,600,480x270,1.9433040000000048,1039,
2025-12-22T10:53:54.962Z,0.605,1,600,480x270,1.9840730000000022,971,
2025-12-22T10:53:55.374Z,0.664,1,600,480x270,1.9969809999999981,1084,
2025-12-22T10:53:55.760Z,0.785,1,600,480x270,1.9939000000000036,1057,
2025-12-22T10:53:56.223Z,0.839,1,600,480x270,1.9311560000000014,1036,
2025-12-22T10:53:56.581Z,0.991,1,600,480x270,1.9641609999999972,1054,
2025-12-22T10:53:56.956Z,1.082,1,600,480x270,1.9828210000000013,1054,
2025-12-22T10:53:57.027Z,1.113,2,1000,640x360,1.910893999999999,1117,
2025-12-22T10:53:57.666Z,0.914,2,1000,640x360,1.9778149999999997,1117,
2025-12-22T10:53:58.280Z,0.824,2,1000,640x360,1.975558999999997,1078,
2025-12-22T10:53:58.906Z,0.678,2,1000,640x360,1.9494800000000012,1081,
2025-12-22T10:53:59.547Z,0.538,2,1000,640x360,2.016933999999999,1084,
2025-12-22T10:54:00.175Z,0.396,2,1000,640x360,1.9762680000000046,1069,
2025-12-22T10:54:00.417Z,0.157,2,1000,640x360,1.9259289999999964,1061,rebuffer happen
2025-12-22T10:54:00.793Z,0.273,2,1000,640x360,1.956152000000003,1061,
2025-12-22T10:54:00.867Z,0.279,1,600,480x270,1.9746859999999984,1068,
2025-12-22T10:54:01.244Z,0.3,1,600,480x270,2.008915000000002,1068,
2025-12-22T10:54:01.283Z,0.299,1,600,480x270,1.9701570000000004,1077,rebuffer happen
2025-12-22T10:54:01.629Z,0.449,1,600,480x270,1.9251250000000013,1077,
2025-12-22T10:54:02.047Z,0.496,1,600,480x270,2.0122110000000006,1077,
2025-12-22T10:54:02.471Z,0.624,1,600,480x270,2.0048749999999984,1092,
2025-12-22T10:54:02.873Z,0.708,1,600,480x270,1.9780669999999958,1076,
2025-12-22T10:54:03.321Z,0.774,1,600,480x270,1.9572160000000025,1020,
2025-12-22T10:54:03.762Z,0.824,1,600,480x270,2.003534000000002,966,
2025-12-22T10:54:04.210Z,0.871,1,600,480x270,1.9455479999999952,987,
2025-12-22T10:54:04.539Z,1.007,1,600,480x270,1.910390999999997,987,
2025-12-22T10:54:04.859Z,1.162,1,600,480x270,1.9853589999999954,966,
2025-12-22T10:54:05.187Z,1.336,1,600,480x270,1.9640500000000003,977,
2025-12-22T10:54:05.601Z,1.472,1,600,480x270,1.9535680000000042,977,
2025-12-22T10:54:06.046Z,1.523,1,600,480x270,1.9996209999999977,940,
2025-12-22T10:54:06.455Z,1.627,1,600,480x270,1.9963949999999997,938,
2025-12-22T10:54:06.812Z,1.709,1,600,480x270,1.9445629999999952,955,
2025-12-22T10:54:07.177Z,1.845,1,600,480x270,1.976345000000002,955,
2025-12-22T10:54:07.590Z,1.977,1,600,480x270,1.964037999999995,955,
2025-12-22T10:54:08.299Z,1.776,1,600,480x270,1.944420000000001,944,
2025-12-22T10:54:08.837Z,1.737,1,600,480x270,1.9058479999999918,926,
2025-12-22T10:54:09.428Z,1.632,1,600,480x270,1.9294390000000021,922,
2025-12-22T10:54:09.957Z,1.591,1,600,480x270,1.9879649999999884,938,
2025-12-22T10:54:10.578Z,1.486,1,600,480x270,1.9800350000000009,898,
2025-12-22T10:54:11.109Z,1.464,1,600,480x270,1.9284669999999977,1031,
2025-12-22T10:54:11.848Z,1.233,1,600,480x270,1.9989170000000058,953,
2025-12-22T10:54:12.323Z,1.2,1,600,480x270,1.9220930000000038,945,
2025-12-22T10:54:12.762Z,1.293,1,600,480x270,1.9810579999999902,941,
2025-12-22T10:54:13.203Z,1.358,1,600,480x270,1.9469550000000027,940,
2025-12-22T10:54:13.679Z,1.414,1,600,480x270,1.964090000000013,940,
2025-12-22T10:54:14.143Z,1.412,1,600,480x270,1.9986509999999953,1011,
2025-12-22T10:54:14.622Z,1.476,1,600,480x270,1.9293689999999941,951,
2025-12-22T10:54:15.089Z,1.464,1,600,480x270,1.9549910000000068,930,
2025-12-22T10:54:15.481Z,1.589,1,600,480x270,1.984919000000005,909,
2025-12-22T10:54:15.922Z,1.659,1,600,480x270,1.9217590000000087,888,
2025-12-22T10:54:16.371Z,1.697,1,600,480x270,1.9762790000000052,905,
2025-12-22T10:54:16.780Z,1.772,1,600,480x270,1.972645,899,
2025-12-22T10:54:17.111Z,1.938,1,600,480x270,1.9292739999999924,920,
2025-12-22T10:54:17.445Z,2.108,1,600,480x270,2.0028140000000008,920,
2025-12-22T10:54:17.933Z,2.117,1,600,480x270,1.9077249999999992,972,
2025-12-22T10:54:18.686Z,1.91,1,600,480x270,1.9655020000000007,986,
2025-12-22T10:54:19.053Z,1.998,1,600,480x270,1.9977300000000042,991,
2025-12-22T10:54:19.466Z,2.079,1,600,480x270,1.985958999999994,1003,
2025-12-22T10:54:19.945Z,2.076,1,600,480x270,2.0022220000000033,995,
2025-12-22T10:54:20.498Z,2.023,1,600,480x270,1.9586070000000007,1010,
2025-12-22T10:54:20.866Z,2.186,1,600,480x270,1.9773440000000022,1018,
2025-12-22T10:54:20.948Z,2.187,2,1000,640x360,1.8953230000000048,1025,
2025-12-22T10:54:21.728Z,1.851,2,1000,640x360,1.917942999999994,1025,
2025-12-22T10:54:22.432Z,1.654,2,1000,640x360,1.925224,1025,
2025-12-22T10:54:23.115Z,1.485,2,1000,640x360,1.9268380000000036,1051,
2025-12-22T10:54:23.655Z,1.415,2,1000,640x360,2.005886000000004,1049,
2025-12-22T10:54:24.224Z,1.341,2,1000,640x360,1.919431000000003,1049,
2025-12-22T10:54:24.847Z,1.219,2,1000,640x360,1.9966390000000018,1053,
2025-12-22T10:54:25.466Z,1.126,2,1000,640x360,1.9740359999999981,1063,
2025-12-22T10:54:26.062Z,1.015,2,1000,640x360,1.9790049999999866,1072,
2025-12-22T10:54:26.640Z,0.927,2,1000,640x360,2.0024549999999977,1065,
2025-12-22T10:54:26.713Z,0.901,1,600,480x270,1.9291259999999966,1076,
2025-12-22T10:54:27.074Z,0.989,1,600,480x270,1.9679899999999861,1076,
2025-12-22T10:54:27.438Z,1.137,1,600,480x270,1.911561000000006,1074,
2025-12-22T10:54:27.819Z,1.226,1,600,480x270,1.9299120000000016,1079,
2025-12-22T10:54:28.099Z,1.455,1,600,480x270,1.9420300000000026,1076,
2025-12-22T10:54:28.548Z,1.509,1,600,480x270,1.9919700000000091,1076,
2025-12-22T10:54:29.035Z,1.54,1,600,480x270,1.9091119999999933,1063,
2025-12-22T10:54:29.502Z,1.553,1,600,480x270,1.9385539999999963,1020,
2025-12-22T10:54:30.005Z,1.552,1,600,480x270,1.9413869999999918,982,
2025-12-22T10:54:30.552Z,1.508,1,600,480x270,1.996493000000001,968,
2025-12-22T10:54:31.044Z,1.55,1,600,480x270,1.9994590000000017,943,
2025-12-22T10:54:31.519Z,1.567,1,600,480x270,1.9308180000000021,1050,
2025-12-22T10:54:32.073Z,1.481,1,600,480x270,1.9813329999999922,990,
2025-12-22T10:54:32.659Z,1.437,1,600,480x270,1.9802299999999917,990,
2025-12-22T10:54:33.193Z,1.331,1,600,480x270,1.9619519999999966,979,
2025-12-22T10:54:33.839Z,1.237,1,600,480x270,1.9064300000000003,968,
2025-12-22T10:54:34.392Z,1.188,1,600,480x270,1.9580540000000042,908,
2025-12-22T10:54:34.904Z,1.165,1,600,480x270,1.9453560000000039,860,
2025-12-22T10:54:35.363Z,1.215,1,600,480x270,1.9937670000000054,882,
2025-12-22T10:54:35.887Z,1.217,1,600,480x270,1.9650800000000004,882,
2025-12-22T10:54:36.338Z,1.188,1,600,480x270,1.9201229999999896,894,
2025-12-22T10:54:36.750Z,1.312,1,600,480x270,1.9972910000000041,917,
2025-12-22T10:54:37.198Z,1.348,1,600,480x270,1.9488020000000006,933,
2025-12-22T10:54:37.663Z,1.341,1,600,480x270,1.9790739999999971,933,
2025-12-22T10:54:38.090Z,1.48,1,600,480x270,1.9571100000000001,913,
2025-12-22T10:54:38.532Z,1.556,1,600,480x270,1.9214239999999876,946,
2025-12-22T10:54:38.991Z,1.579,1,600,480x270,1.956224000000006,944,
2025-12-22T10:54:39.341Z,1.722,1,600,480x270,2.008176999999989,966,
2025-12-22T10:54:39.788Z,1.768,1,600,480x270,1.9544730000000072,952,
2025-12-22T10:54:40.177Z,1.894,1,600,480x270,1.973592999999994,975,
2025-12-22T10:54:40.643Z,1.917,1,600,480x270,2.0086450000000013,975,
2025-12-22T10:54:41.093Z,1.915,1,600,480x270,1.947490000000002,963,
2025-12-22T10:54:41.476Z,2.079,1,600,480x270,1.974388999999988,991,
2025-12-22T10:54:41.903Z,2.112,1,600,480x270,1.9373450000000076,990,
2025-12-22T10:54:42.419Z,2.132,1,600,480x270,1.923490000000001,1008,
2025-12-22T10:54:42.941Z,2.106,1,600,480x270,1.9999910000000085,1017,
2025-12-22T10:54:43.019Z,2.128,2,1000,640x360,1.9221339999999998,1032,
2025-12-22T10:54:43.681Z,1.896,2,1000,640x360,1.9660020000000031,1032,
2025-12-22T10:54:44.250Z,1.822,2,1000,640x360,2.004213000000007,1037,
2025-12-22T10:54:44.826Z,1.726,2,1000,640x360,1.9307549999999907,1037,
2025-12-22T10:54:45.381Z,1.709,2,1000,640x360,1.962438000000006,1041,
2025-12-22T10:54:45.908Z,1.64,2,1000,640x360,1.9432759999999973,1057,
2025-12-22T10:54:46.440Z,1.633,2,1000,640x360,2.0089669999999984,1057,
2025-12-22T10:54:46.997Z,1.566,2,1000,640x360,1.949651000000003,1063,
2025-12-22T10:54:47.684Z,1.406,2,1000,640x360,1.966477999999995,1084,
2025-12-22T10:54:48.173Z,1.402,2,1000,640x360,1.9796949999999924,1090,
2025-12-22T10:54:48.741Z,1.333,2,1000,640x360,2.0025750000000073,1107,
2025-12-22T10:54:49.437Z,1.151,2,1000,640x360,1.9146319999999974,1113,
2025-12-22T10:54:50.291Z,0.794,2,1000,640x360,1.9482249999999937,1152,
2025-12-22T10:54:50.364Z,0.777,1,600,480x270,1.9754890000000103,1132,
2025-12-22T10:54:50.813Z,0.741,1,600,480x270,1.9322659999999985,1132,
2025-12-22T10:54:51.253Z,0.823,1,600,480x270,2.001086000000001,1120,
2025-12-22T10:54:51.731Z,0.835,1,600,480x270,1.9104250000000036,1109,
2025-12-22T10:54:52.174Z,0.865,1,600,480x270,1.97235400000001,1106,
2025-12-22T10:54:52.490Z,1.089,1,600,480x270,1.9572429999999912,1106,
2025-12-22T10:54:52.834Z,1.24,1,600,480x270,1.9127179999999981,1130,
2025-12-22T10:54:53.250Z,1.32,1,600,480x270,1.9939329999999984,1123,
2025-12-22T10:54:53.751Z,1.303,1,600,480x270,1.9981129999999894,1123,
2025-12-22T10:54:53.823Z,1.319,2,1000,640x360,1.926052999999996,1116,
2025-12-22T10:54:54.474Z,1.121,2,1000,640x360,1.9844480000000004,1116,
2025-12-22T10:54:55.129Z,0.956,2,1000,640x360,1.916488000000001,1110,
2025-12-22T10:54:55.698Z,0.842,2,1000,640x360,1.945918000000006,1082,
2025-12-22T10:54:56.393Z,0.693,2,1000,640x360,1.965303999999989,1148,
2025-12-22T10:54:57.000Z,0.594,2,1000,640x360,1.9435399999999987,1129,
2025-12-22T10:54:57.611Z,0.455,2,1000,640x360,1.929598999999996,1172,
2025-12-22T10:54:57.688Z,0.46,1,600,480x270,1.9591530000000006,1163,
2025-12-22T10:54:57.817Z,0.254,1,600,480x270,1.928908000000007,1163,rebuffer happen
2025-12-22T10:54:58.006Z,0.545,1,600,480x270,1.9337560000000025,1163,
2025-12-22T10:54:58.450Z,0.622,1,600,480x270,2.0034179999999964,1170,
2025-12-22T10:54:58.809Z,0.758,1,600,480x270,1.937033999999997,1173,
2025-12-22T10:54:59.155Z,0.897,1,600,480x270,1.9874520000000047,1177,
2025-12-22T10:54:59.599Z,0.967,1,600,480x270,1.945172999999997,1177,
2025-12-22T10:54:59.996Z,1.071,1,600,480x270,1.9442829999999987,1172,
2025-12-22T10:55:00.399Z,1.189,1,600,480x270,1.961857000000009,1161,
2025-12-22T10:55:00.824Z,1.256,1,600,480x270,1.922027,1200,
2025-12-22T10:55:01.210Z,1.353,1,600,480x270,1.9296910000000054,1182,
2025-12-22T10:55:01.287Z,1.294,2,1000,640x360,1.9573120000000017,1182,
2025-12-22T10:55:01.863Z,1.225,2,1000,640x360,1.9769880000000057,1182,
2025-12-22T10:55:02.415Z,1.159,2,1000,640x360,1.950130999999999,1196,
2025-12-22T10:55:02.978Z,1.073,2,1000,640x360,1.9615679999999998,1200,
2025-12-22T10:55:03.524Z,1.054,2,1000,640x360,1.9390060000000062,1193,
2025-12-22T10:55:04.087Z,0.991,2,1000,640x360,1.963993000000002,1183,
2025-12-22T10:55:04.643Z,0.937,2,1000,640x360,2.0049280000000067,1184,
2025-12-22T10:55:04.727Z,0.932,1,600,480x270,1.9196050000000042,1192,
2025-12-22T10:55:05.063Z,0.998,1,600,480x270,1.976947999999993,1192,
2025-12-22T10:55:05.393Z,1.134,1,600,480x270,1.9706589999999977,1185,
2025-12-22T10:55:05.830Z,1.223,1,600,480x270,1.915848000000011,1185,
2025-12-22T10:55:06.141Z,1.421,1,600,480x270,2.0016789999999958,1168,
2025-12-22T10:55:06.468Z,1.617,1,600,480x270,1.9834390000000042,1168,
2025-12-22T10:55:06.817Z,1.762,1,600,480x270,1.9286460000000005,1170,
2025-12-22T10:55:07.116Z,1.924,1,600,480x270,1.9315999999999889,1170,
2025-12-22T10:55:07.442Z,2.117,1,600,480x270,1.9988889999999913,1170,
2025-12-22T10:55:08.014Z,2.048,1,600,480x270,1.9350629999999995,1189,
2025-12-22T10:55:08.133Z,2.035,2,1000,640x360,1.9075559999999996,1171,
2025-12-22T10:55:08.669Z,1.909,2,1000,640x360,1.9836280000000102,1171,
2025-12-22T10:55:09.216Z,1.848,2,1000,640x360,1.9248959999999897,1158,
2025-12-22T10:55:09.734Z,1.827,2,1000,640x360,1.9092590000000058,1086,
2025-12-22T10:55:10.340Z,1.738,2,1000,640x360,2.006073999999998,1120,
2025-12-22T10:55:10.954Z,1.609,2,1000,640x360,1.985913999999994,1160,
2025-12-22T10:55:11.410Z,1.68,2,1000,640x360,1.9493810000000025,1179,
2025-12-22T10:55:11.903Z,1.665,2,1000,640x360,1.944238999999996,1183,
2025-12-22T10:55:12.411Z,1.654,2,1000,640x360,1.9341040000000191,1236,
2025-12-22T10:55:12.914Z,1.662,2,1000,640x360,1.9260639999999967,1213,
2025-12-22T10:55:13.512Z,1.559,2,1000,640x360,1.9412949999999967,1223,
2025-12-22T10:55:14.138Z,1.434,2,1000,640x360,1.9052670000000091,1228,
2025-12-22T10:55:14.886Z,1.188,2,1000,640x360,1.9549810000000036,1211,
2025-12-22T10:55:15.481Z,1.107,2,1000,640x360,1.9682719999999847,1205,
2025-12-22T10:55:16.087Z,0.99,2,1000,640x360,1.9546280000000138,1204,
2025-12-22T10:55:16.159Z,0.925,1,600,480x270,1.9919490000000053,1199,
2025-12-22T10:55:16.504Z,1.048,1,600,480x270,1.9399460000000204,1199,
2025-12-22T10:55:16.898Z,1.166,1,600,480x270,1.9461959999999863,1169,
2025-12-22T10:55:17.267Z,1.306,1,600,480x270,1.9806169999999952,1173,
2025-12-22T10:55:17.632Z,1.403,1,600,480x270,1.920092000000011,1160,
2025-12-22T10:55:18.015Z,1.535,1,600,480x270,1.928432999999984,1160,
2025-12-22T10:55:18.383Z,1.683,1,600,480x270,1.9685039999999958,1146,
2025-12-22T10:55:18.747Z,1.846,1,600,480x270,2.0005960000000016,1153,
2025-12-22T10:55:19.149Z,1.975,1,600,480x270,2.0013600000000054,1160,
2025-12-22T10:55:19.533Z,2.018,1,600,480x270,1.9201850000000036,1160,
2025-12-22T10:55:19.604Z,2.043,2,1000,640x360,1.9473819999999762,1139,
2025-12-22T10:55:20.182Z,1.885,2,1000,640x360,1.967489999999998,1139,
2025-12-22T10:55:20.800Z,1.774,2,1000,640x360,1.9484510000000057,1087,
2025-12-22T10:55:21.430Z,1.636,2,1000,640x360,1.9222039999999936,1124,
2025-12-22T10:55:22.011Z,1.55,2,1000,640x360,1.929635999999988,1153,
2025-12-22T10:55:22.674Z,1.393,2,1000,640x360,1.9690530000000024,1144,
2025-12-22T10:55:23.348Z,1.22,2,1000,640x360,2.001185000000021,1098,
2025-12-22T10:55:24.017Z,1.08,2,1000,640x360,1.9340530000000058,1111,
2025-12-22T10:55:24.672Z,0.89,2,1000,640x360,1.973700999999977,1146,
2025-12-22T10:55:24.749Z,0.878,1,600,480x270,1.8969060000000013,1115,
2025-12-22T10:55:25.170Z,0.926,1,600,480x270,1.976050999999984,1115,
2025-12-22T10:55:25.568Z,0.999,1,600,480x270,1.9874879999999848,1121,
2025-12-22T10:55:25.958Z,1.094,1,600,480x270,1.9806580000000054,1111,
2025-12-22T10:55:26.359Z,1.211,1,600,480x270,1.9960010000000068,1083,
2025-12-22T10:55:26.754Z,1.314,1,600,480x270,1.9990300000000047,1038,
2025-12-22T10:55:27.153Z,1.415,1,600,480x270,2.00452199999998,1038,
2025-12-22T10:55:27.574Z,1.47,1,600,480x270,1.9737069999999903,1038,
2025-12-22T10:55:27.979Z,1.58,1,600,480x270,1.963581000000005,1008,
2025-12-22T10:55:28.404Z,1.667,1,600,480x270,1.952147999999994,990,
2025-12-22T10:55:28.799Z,1.776,1,600,480x270,1.9601020000000062,992,
2025-12-22T10:55:29.184Z,1.876,1,600,480x270,1.9616919999999993,1007,
2025-12-22T10:55:29.596Z,1.958,1,600,480x270,1.9467799999999897,1007,
2025-12-22T10:55:29.934Z,2.116,1,600,480x270,1.9116469999999879,1010,
2025-12-22T10:55:30.013Z,2.116,2,1000,640x360,1.9407089999999982,1105,
2025-12-22T10:55:30.656Z,1.912,2,1000,640x360,2.0012749999999926,1105,
2025-12-22T10:55:31.197Z,1.881,2,1000,640x360,1.9558469999999772,1094,
2025-12-22T10:55:31.745Z,1.821,2,1000,640x360,2.003204000000011,1128,
2025-12-22T10:55:32.275Z,1.809,2,1000,640x360,1.9889090000000067,1128,
2025-12-22T10:55:32.876Z,1.699,2,1000,640x360,1.978964999999988,1115,
2025-12-22T10:55:33.410Z,1.632,2,1000,640x360,1.9345150000000046,1133,
2025-12-22T10:55:34.056Z,1.505,2,1000,640x360,1.9908069999999896,1128,
2025-12-22T10:55:34.605Z,1.481,2,1000,640x360,1.9381060000000048,1140,
2025-12-22T10:55:35.138Z,1.425,2,1000,640x360,1.9043769999999824,1139,
2025-12-22T10:55:35.668Z,1.397,2,1000,640x360,1.9797010000000057,1159,
2025-12-22T10:55:36.235Z,1.328,2,1000,640x360,1.919938000000002,1169,
2025-12-22T10:55:36.838Z,1.232,2,1000,640x360,1.9082309999999723,1174,
2025-12-22T10:55:37.367Z,1.196,2,1000,640x360,1.974601000000007,1187,
2025-12-22T10:55:37.878Z,1.182,2,1000,640x360,1.9700339999999983,1184,
2025-12-22T10:55:38.373Z,1.209,2,1000,640x360,1.9785019999999918,1192,
2025-12-22T10:55:38.903Z,1.162,2,1000,640x360,1.9482500000000016,1198,
2025-12-22T10:55:39.461Z,1.104,2,1000,640x360,1.9807250000000067,1181,
2025-12-22T10:55:40.125Z,0.963,2,1000,640x360,1.9250820000000033,1190,
2025-12-22T10:55:40.203Z,0.944,1,600,480x270,1.9489149999999995,1179,
2025-12-22T10:55:40.547Z,1.023,1,600,480x270,2.0067400000000077,1179,
2025-12-22T10:55:40.897Z,1.169,1,600,480x270,1.9494420000000048,1186,
2025-12-22T10:55:41.256Z,1.294,1,600,480x270,1.9859419999999943,1186,
2025-12-22T10:55:41.616Z,1.46,1,600,480x270,1.925455999999997,1180,
2025-12-22T10:55:41.980Z,1.571,1,600,480x270,1.9606799999999964,1180,
2025-12-22T10:55:42.326Z,1.729,1,600,480x270,1.9205380000000218,1213,
2025-12-22T10:55:42.680Z,1.884,1,600,480x270,1.9708060000000103,1194,
2025-12-22T10:55:43.102Z,2.012,1,600,480x270,1.9347069999999746,1194,
2025-12-22T10:55:43.411Z,2.146,1,600,480x270,1.9515989999999874,1220,
2025-12-22T10:55:43.615Z,2.074,2,1000,640x360,1.931286,1213,
2025-12-22T10:55:44.087Z,1.999,2,1000,640x360,1.9572369999999921,1213,
2025-12-22T10:55:44.649Z,1.907,2,1000,640x360,2.006588999999991,1232,
2025-12-22T10:55:45.207Z,1.86,2,1000,640x360,1.9403599999999983,1220,
2025-12-22T10:55:45.660Z,1.915,2,1000,640x360,2.0024679999999933,1228,
2025-12-22T10:55:46.189Z,1.866,2,1000,640x360,1.9580749999999796,1238,
2025-12-22T10:55:46.673Z,1.891,2,1000,640x360,1.9774260000000083,1228,
2025-12-22T10:55:47.242Z,1.821,2,1000,640x360,2.0031859999999995,1231,
2025-12-22T10:55:47.823Z,1.726,2,1000,640x360,1.9293010000000095,1239,
2025-12-22T10:55:48.539Z,1.531,2,1000,640x360,1.9102980000000116,1232,
2025-12-22T10:55:49.057Z,1.508,2,1000,640x360,1.9911150000000077,1214,
2025-12-22T10:55:49.617Z,1.442,2,1000,640x360,1.9458809999999858,1202,
2025-12-22T10:55:50.183Z,1.399,2,1000,640x360,1.9662480000000073,1166,
2025-12-22T10:55:50.684Z,1.359,2,1000,640x360,1.966639000000015,1151,
2025-12-22T10:55:51.386Z,1.194,2,1000,640x360,1.9558570000000088,1192,
2025-12-22T10:55:51.988Z,1.076,2,1000,640x360,1.9512210000000039,1174,
2025-12-22T10:55:52.640Z,0.944,2,1000,640x360,2.005336,1119,
2025-12-22T10:55:52.719Z,0.935,1,600,480x270,1.925535999999994,1077,
2025-12-22T10:55:53.074Z,0.969,1,600,480x270,1.9717080000000067,1077,
2025-12-22T10:55:53.433Z,1.149,1,600,480x270,1.924441999999999,1120,
2025-12-22T10:55:53.805Z,1.253,1,600,480x270,1.9418679999999995,1104,
2025-12-22T10:55:54.163Z,1.405,1,600,480x270,1.9957809999999938,1100,
2025-12-22T10:55:54.382Z,1.651,1,600,480x270,1.9625589999999988,1100,
2025-12-22T10:55:54.682Z,1.871,1,600,480x270,1.961135999999982,1174,
2025-12-22T10:55:55.131Z,2.077,1,600,480x270,1.910585999999995,1174,
2025-12-22T10:55:55.591Z,1.973,1,600,480x270,1.958313000000004,1152,
2025-12-22T10:55:56.011Z,2.04,1,600,480x270,1.9304010000000176,1175,
2025-12-22T10:55:56.116Z,2.059,2,1000,640x360,1.9246709999999894,1194,
2025-12-22T10:55:56.687Z,1.893,2,1000,640x360,1.9599540000000104,1194,
2025-12-22T10:55:57.182Z,1.916,2,1000,640x360,1.9677090000000135,1167,
2025-12-22T10:55:57.695Z,1.864,2,1000,640x360,1.952791999999988,1111,
2025-12-22T10:55:58.143Z,1.903,2,1000,640x360,2.0018910000000005,1158,
2025-12-22T10:55:58.649Z,1.913,2,1000,640x360,1.9920119999999883,1177,
2025-12-22T10:55:59.162Z,1.901,2,1000,640x360,1.9958959999999877,1121,
2025-12-22T10:55:59.713Z,1.851,2,1000,640x360,1.938175000000001,1177,
2025-12-22T10:56:00.328Z,1.728,2,1000,640x360,1.9326829999999973,1194,
2025-12-22T10:56:00.928Z,1.609,2,1000,640x360,1.9123170000000016,1187,
2025-12-22T10:56:01.501Z,1.574,2,1000,640x360,1.9572619999999858,1162,
2025-12-22T10:56:02.125Z,1.422,2,1000,640x360,1.9145399999999881,1153,
2025-12-22T10:56:02.797Z,1.303,2,1000,640x360,1.9560929999999814,1098,
2025-12-22T10:56:03.564Z,1.039,2,1000,640x360,1.9950709999999958,1181,
2025-12-22T10:56:04.326Z,0.773,2,1000,640x360,1.9215949999999964,1160,
2025-12-22T10:56:04.397Z,0.747,1,600,480x270,1.9595979999999997,1153,
2025-12-22T10:56:04.864Z,0.72,1,600,480x270,1.9839520000000164,1153,
2025-12-22T10:56:05.299Z,0.754,1,600,480x270,1.9578169999999773,1087,
2025-12-22T10:56:05.732Z,0.844,1,600,480x270,1.9222969999999862,1080,
2025-12-22T10:56:06.170Z,0.886,1,600,480x270,1.985496000000012,1080,
2025-12-22T10:56:06.513Z,1.059,1,600,480x270,1.9589640000000088,1080,
2025-12-22T10:56:06.902Z,1.15,1,600,480x270,1.951909999999998,1055,
2025-12-22T10:56:07.303Z,1.259,1,600,480x270,1.9451360000000193,1053,
2025-12-22T10:56:07.745Z,1.311,1,600,480x270,2.003068000000013,1031,
2025-12-22T10:56:07.819Z,1.327,2,1000,640x360,1.9277179999999987,1040,
2025-12-22T10:56:08.750Z,0.801,2,1000,640x360,1.9902450000000158,1040,
2025-12-22T10:56:09.247Z,0.837,2,1000,640x360,2.005455000000012,1120,
2025-12-22T10:56:09.772Z,0.809,2,1000,640x360,1.9742909999999938,1132,
2025-12-22T10:56:10.316Z,0.762,2,1000,640x360,1.943630000000013,1150,
2025-12-22T10:56:10.880Z,0.667,2,1000,640x360,1.9726860000000102,1198,
2025-12-22T10:56:11.415Z,0.676,2,1000,640x360,1.9277830000000051,1168,
2025-12-22T10:56:11.494Z,0.658,1,600,480x270,1.949766000000011,1183,
2025-12-22T10:56:11.823Z,0.741,1,600,480x270,1.9247959999999864,1183,
2025-12-22T10:56:12.153Z,0.908,1,600,480x270,1.9880480000000205,1179,
2025-12-22T10:56:12.501Z,1.054,1,600,480x270,1.948948999999999,1179,
2025-12-22T10:56:12.847Z,1.203,1,600,480x270,1.9972300000000018,1252,
2025-12-22T10:56:13.170Z,1.382,1,600,480x270,1.9769469999999956,1223,
2025-12-22T10:56:13.616Z,1.438,1,600,480x270,1.9338750000000005,1223,
2025-12-22T10:56:13.883Z,1.668,1,600,480x270,1.9598469999999963,1261,
2025-12-22T10:56:14.207Z,1.871,1,600,480x270,1.947086999999982,1246,
2025-12-22T10:56:14.503Z,2.058,1,600,480x270,1.9574560000000076,1246,
2025-12-22T10:56:14.928Z,2.125,1,600,480x270,1.915584999999993,1238,
2025-12-22T10:56:15.007Z,2.145,2,1000,640x360,1.9437730000000215,1242,
2025-12-22T10:56:15.628Z,1.937,2,1000,640x360,1.9192989999999952,1242,
2025-12-22T10:56:16.070Z,1.995,2,1000,640x360,1.9710460000000012,1231,
2025-12-22T10:56:16.901Z,1.679,2,1000,640x360,1.9391349999999932,1242,
2025-12-22T10:56:17.445Z,1.641,2,1000,640x360,2.004425999999995,1238,
2025-12-22T10:56:17.996Z,1.521,2,1000,640x360,1.9511180000000081,1226,
2025-12-22T10:56:18.605Z,1.46,2,1000,640x360,1.9502910000000213,1214,
2025-12-22T10:56:19.160Z,1.409,2,1000,640x360,1.9898729999999887,1184,
2025-12-22T10:56:19.851Z,1.2,2,1000,640x360,1.9993149999999957,1165,
2025-12-22T10:56:20.952Z,0.618,2,1000,640x360,1.9917119999999784,1137,
2025-12-22T10:56:21.033Z,0.593,1,600,480x270,1.9104569999999796,1109,
2025-12-22T10:56:21.384Z,0.692,1,600,480x270,1.9754550000000108,1109,
2025-12-22T10:56:21.740Z,0.83,1,600,480x270,2.0039350000000127,1099,
2025-12-22T10:56:22.065Z,1.002,1,600,480x270,1.9749649999999974,1088,
2025-12-22T10:56:22.440Z,1.152,1,600,480x270,2.014725999999996,1088,
2025-12-22T10:56:22.833Z,1.224,1,600,480x270,1.9184979999999996,1141,
2025-12-22T10:56:23.241Z,1.334,1,600,480x270,2.013302999999979,1097,
2025-12-22T10:56:23.796Z,1.266,1,600,480x270,1.9693089999999813,1096,
2025-12-22T10:56:24.088Z,1.482,1,600,480x270,1.9711010000000044,1084,
2025-12-22T10:56:24.399Z,1.658,1,600,480x270,1.9574969999999894,1084,
2025-12-22T10:56:24.471Z,1.648,2,1000,640x360,1.9789140000000032,1167,
2025-12-22T10:56:24.816Z,1.751,2,1000,640x360,1.924098000000015,1167,
2025-12-22T10:56:25.262Z,1.818,2,1000,640x360,1.985759999999999,1116,
2025-12-22T10:56:25.902Z,1.694,2,1000,640x360,1.9439840000000004,1137,
2025-12-22T10:56:26.620Z,1.455,2,1000,640x360,1.933256,1154,
2025-12-22T10:56:27.188Z,1.393,2,1000,640x360,1.9635530000000188,1135,
2025-12-22T10:56:28.097Z,0.983,2,1000,640x360,1.945097000000004,1124,
2025-12-22T10:56:28.175Z,0.921,1,600,480x270,1.9645640000000242,1107,
2025-12-22T10:56:28.678Z,0.874,1,600,480x270,1.9711890000000096,1107,
2025-12-22T10:56:29.135Z,0.935,1,600,480x270,1.9051879999999812,1046,
2025-12-22T10:56:30.268Z,0.282,1,600,480x270,1.9909600000000012,1162,rebuffer happen
2025-12-22T10:56:30.334Z,0.241,1,600,480x270,1.924067000000008,1162,
2025-12-22T10:56:30.558Z,0.026,1,600,480x270,1.9982390000000123,906,rebuffer happen
2025-12-22T10:56:31.191Z,0.024,1,600,480x270,2.166780999999986,906,rebuffer happen
2025-12-22T10:56:31.232Z,0.057,1,600,480x270,2.136181999999991,906,
2025-12-22T10:56:31.274Z,0.022,1,600,480x270,2.193724999999972,850,rebuffer happen
2025-12-22T10:56:32.009Z,0.032,1,600,480x270,2.546954999999997,850,rebuffer happen
2025-12-22T10:56:32.098Z,0.132,1,600,480x270,2.5799949999999967,850,
2025-12-22T10:56:32.191Z,0.083,0,200,320x180,2.590181000000001,789,
2025-12-22T10:56:32.192Z,0.017,0,200,320x180,2.589301000000006,789,rebuffer happen
2025-12-22T10:56:32.543Z,0.335,0,200,320x180,2.840134000000006,789,
2025-12-22T10:56:32.723Z,0.188,0,200,320x180,2.7624090000000194,775,rebuffer happen
2025-12-22T10:56:32.888Z,0.47,0,200,320x180,2.720004000000017,775,
2025-12-22T10:56:32.986Z,0.297,0,200,320x180,2.681609000000009,746,rebuffer happen
2025-12-22T10:56:33.232Z,0.46,0,200,320x180,2.559972999999985,746,
2025-12-22T10:56:33.445Z,0.276,0,200,320x180,2.5448539999999866,722,rebuffer happen
2025-12-22T10:56:33.578Z,0.284,0,200,320x180,2.4540489999999977,722,rebuffer happen
2025-12-22T10:56:33.643Z,0.383,0,200,320x180,2.462122999999991,722,
2025-12-22T10:56:33.797Z,0.17,0,200,320x180,2.344699999999989,722,rebuffer happen
2025-12-22T10:56:33.909Z,0.428,0,200,320x180,2.2898950000000013,722,
2025-12-22T10:56:34.200Z,0.62,0,200,320x180,2.2341499999999996,685,
2025-12-22T10:56:34.621Z,0.646,0,200,320x180,2.1258919999999932,685,
2025-12-22T10:56:35.035Z,0.697,0,200,320x180,2.027943999999991,724,
2025-12-22T10:56:35.339Z,0.784,0,200,320x180,1.9828030000000183,660,
2025-12-22T10:56:35.692Z,0.927,0,200,320x180,1.9990200000000016,663,
2025-12-22T10:56:35.928Z,1.079,0,200,320x180,1.9526120000000162,663,
2025-12-22T10:56:36.013Z,1.175,1,600,480x270,1.955367999999993,642,
2025-12-22T10:56:36.605Z,0.98,1,600,480x270,1.952746000000019,642,
2025-12-22T10:56:37.038Z,1.028,1,600,480x270,1.9052939999999978,680,
2025-12-22T10:56:37.365Z,1.208,1,600,480x270,1.987074000000007,717,
2025-12-22T10:56:37.711Z,1.37,1,600,480x270,1.9370930000000044,740,
2025-12-22T10:56:38.078Z,1.475,1,600,480x270,1.9660919999999749,740,
2025-12-22T10:56:38.451Z,1.613,1,600,480x270,2.013805999999988,793,
2025-12-22T10:56:38.789Z,1.781,1,600,480x270,1.9656179999999779,800,
2025-12-22T10:56:39.151Z,1.912,1,600,480x270,1.999654000000021,827,
2025-12-22T10:56:39.555Z,2.009,1,600,480x270,1.987829000000005,827,
2025-12-22T10:56:39.954Z,2.108,1,600,480x270,1.9877580000000137,882,
2025-12-22T10:56:40.438Z,2.126,1,600,480x270,1.9198489999999993,904,
2025-12-22T10:56:40.926Z,2.124,1,600,480x270,1.9169929999999908,928,
2025-12-22T10:56:41.388Z,2.182,1,600,480x270,1.969727000000006,929,
2025-12-22T10:56:41.901Z,2.165,1,600,480x270,1.9415109999999913,942,
2025-12-22T10:56:42.367Z,2.202,1,600,480x270,1.990052999999989,953,
2025-12-22T10:56:42.959Z,2.095,1,600,480x270,1.9883600000000001,961,
2025-12-22T10:56:43.404Z,2.168,1,600,480x270,1.9656129999999905,976,
2025-12-22T10:56:44.226Z,1.836,1,600,480x270,1.9181740000000218,981,
2025-12-22T10:56:44.748Z,1.846,1,600,480x270,2.0005720000000053,973,
2025-12-22T10:56:45.362Z,1.713,1,600,480x270,1.983871000000022,973,
2025-12-22T10:56:46.018Z,1.558,1,600,480x270,1.928358000000003,965,
2025-12-22T10:56:46.590Z,1.496,1,600,480x270,1.9629750000000001,945,
2025-12-22T10:56:47.167Z,1.41,1,600,480x270,1.9852970000000028,929,
2025-12-22T10:56:47.737Z,1.35,1,600,480x270,1.920517999999987,916,
2025-12-22T10:56:48.358Z,1.284,1,600,480x270,1.9899090000000115,874,
2025-12-22T10:56:48.749Z,1.274,1,600,480x270,1.999933999999996,867,
2025-12-22T10:56:49.385Z,1.171,1,600,480x270,1.9682380000000137,877,
2025-12-22T10:56:49.786Z,1.267,1,600,480x270,1.9586999999999932,865,
2025-12-22T10:56:50.151Z,1.402,1,600,480x270,2.0033260000000155,909,
2025-12-22T10:56:50.563Z,1.514,1,600,480x270,1.9872059999999863,909,
2025-12-22T10:56:51.003Z,1.561,1,600,480x270,1.9433549999999968,908,
2025-12-22T10:56:51.472Z,1.612,1,600,480x270,1.9887840000000097,898,
2025-12-22T10:56:51.894Z,1.664,1,600,480x270,1.95484399999998,924,
2025-12-22T10:56:52.260Z,1.755,1,600,480x270,1.9856770000000097,932,
2025-12-22T10:56:52.607Z,1.945,1,600,480x270,1.9358200000000068,929,
2025-12-22T10:56:52.972Z,2.077,1,600,480x270,1.9721629999999948,929,
2025-12-22T10:56:53.513Z,2.057,1,600,480x270,1.931322999999992,943,
2025-12-22T10:56:53.898Z,2.154,1,600,480x270,1.9423810000000117,949,
2025-12-22T10:56:54.457Z,2.117,1,600,480x270,1.9986959999999954,957,
2025-12-22T10:56:54.956Z,2.098,1,600,480x270,1.9870540000000005,960,
2025-12-22T10:56:55.410Z,2.141,1,600,480x270,1.952024999999992,966,
2025-12-22T10:56:55.915Z,2.141,1,600,480x270,1.9316430000000082,979,
2025-12-22T10:56:56.586Z,1.997,1,600,480x270,1.974962000000005,986,
2025-12-22T10:56:57.128Z,1.955,1,600,480x270,1.9313870000000009,1003,
2025-12-22T10:56:57.474Z,2.098,1,600,480x270,1.9777260000000183,1012,
2025-12-22T10:56:57.941Z,2.068,1,600,480x270,1.9998840000000087,1011,
2025-12-22T10:56:58.459Z,2.11,1,600,480x270,1.993031000000002,1009,
2025-12-22T10:56:58.533Z,2.07,2,1000,640x360,1.91882099999998,1028,
2025-12-22T10:56:59.157Z,1.906,2,1000,640x360,1.9914950000000147,1028,
2025-12-22T10:56:59.748Z,1.809,2,1000,640x360,1.9997180000000014,1045,
2025-12-22T10:57:00.240Z,1.844,2,1000,640x360,2.0135950000000093,1054,
2025-12-22T10:57:00.649Z,1.927,2,1000,640x360,2.016323,1076,
2025-12-22T10:57:01.094Z,1.972,2,1000,640x360,1.950084000000004,1076,
2025-12-22T10:57:01.623Z,1.929,2,1000,640x360,1.918419,1098,
2025-12-22T10:57:02.093Z,1.955,2,1000,640x360,1.9462399999999889,1092,
2025-12-22T10:57:02.731Z,1.835,2,1000,640x360,1.9122529999999927,1108,
2025-12-22T10:57:03.271Z,1.796,2,1000,640x360,1.9838080000000105,1112,
2025-12-22T10:57:03.866Z,1.701,2,1000,640x360,1.9785380000000146,1122,
2025-12-22T10:57:04.466Z,1.62,2,1000,640x360,1.9956080000000043,1130,
2025-12-22T10:57:05.196Z,1.374,2,1000,640x360,1.9551529999999957,1135,
2025-12-22T10:57:05.770Z,1.283,2,1000,640x360,1.971839000000017,1127,
2025-12-22T10:57:06.416Z,1.187,2,1000,640x360,1.943271999999979,1110,
2025-12-22T10:57:07.064Z,0.999,2,1000,640x360,1.985387000000003,1101,
2025-12-22T10:57:07.721Z,0.833,2,1000,640x360,1.9276279999999986,1117,
2025-12-22T10:57:07.801Z,0.854,1,600,480x270,1.9449019999999848,1125,
2025-12-22T10:57:08.199Z,0.868,1,600,480x270,1.9543159999999773,1125,
2025-12-22T10:57:08.583Z,0.992,1,600,480x270,1.9719619999999907,1115,
2025-12-22T10:57:08.929Z,1.136,1,600,480x270,1.927266000000003,1117,
2025-12-22T10:57:09.329Z,1.221,1,600,480x270,1.91561200000001,1125,
2025-12-22T10:57:09.813Z,1.356,1,600,480x270,1.9321150000000102,1115,
2025-12-22T10:57:10.053Z,1.496,1,600,480x270,1.9868979999999965,1142,
2025-12-22T10:57:10.349Z,1.719,1,600,480x270,1.9994730000000231,1142,
2025-12-22T10:57:10.721Z,1.821,1,600,480x270,1.9220599999999877,1124,
2025-12-22T10:57:11.011Z,2.06,1,600,480x270,1.9326670000000092,1124,
2025-12-22T10:57:11.409Z,2.15,1,600,480x270,1.9439330000000155,1138,
2025-12-22T10:57:11.485Z,2.171,2,1000,640x360,1.9650709999999947,1144,
2025-12-22T10:57:12.056Z,2.005,2,1000,640x360,1.98821700000002,1144,
2025-12-22T10:57:12.599Z,1.959,2,1000,640x360,1.957681000000008,1139,
2025-12-22T10:57:13.047Z,2.016,2,1000,640x360,1.997066000000018,1158,
2025-12-22T10:57:13.755Z,1.806,2,1000,640x360,1.9880139999999926,1163,
2025-12-22T10:57:14.245Z,1.819,2,1000,640x360,2.0020739999999932,1180,
2025-12-22T10:57:14.806Z,1.774,2,1000,640x360,1.9367349999999988,1189,
2025-12-22T10:57:15.438Z,1.645,2,1000,640x360,1.9217649999999935,1170,
2025-12-22T10:57:16.016Z,1.571,2,1000,640x360,1.9240949999999941,1188,
2025-12-22T10:57:16.512Z,1.55,2,1000,640x360,1.9361470000000054,1231,
2025-12-22T10:57:17.094Z,1.47,2,1000,640x360,1.9478780000000029,1200,
2025-12-22T10:57:17.625Z,1.442,2,1000,640x360,1.9238630000000114,1201,
2025-12-22T10:57:18.130Z,1.431,2,1000,640x360,1.9085299999999847,1198,
2025-12-22T10:57:18.771Z,1.329,2,1000,640x360,1.9752670000000023,1191,
2025-12-22T10:57:19.358Z,1.215,2,1000,640x360,2.003713999999974,1181,
2025-12-22T10:57:19.817Z,1.238,2,1000,640x360,1.9286180000000002,1153,
2025-12-22T10:57:20.490Z,1.073,2,1000,640x360,1.9528629999999794,1154,
2025-12-22T10:57:21.120Z,0.944,2,1000,640x360,1.9280200000000036,1170,
2025-12-22T10:57:21.200Z,0.951,1,600,480x270,1.949799999999982,1142,
2025-12-22T10:57:21.577Z,0.979,1,600,480x270,1.9675459999999703,1142,
2025-12-22T10:57:22.072Z,0.979,1,600,480x270,1.9752859999999828,1175,
2025-12-22T10:57:22.525Z,1.027,1,600,480x270,1.9243930000000091,1152,
2025-12-22T10:57:23.001Z,1.064,1,600,480x270,1.9370509999999967,1103,
2025-12-22T10:57:23.375Z,1.165,1,600,480x270,1.975541000000021,1125,
2025-12-22T10:57:23.635Z,1.403,1,600,480x270,1.9076489999999922,1192,
2025-12-22T10:57:23.913Z,1.64,1,600,480x270,1.936920999999984,1192,
2025-12-22T10:57:24.515Z,1.504,1,600,480x270,1.9271829999999568,1141,
2025-12-22T10:57:25.032Z,1.522,1,600,480x270,1.9163350000000037,1086,
2025-12-22T10:57:25.098Z,1.502,2,1000,640x360,1.9429969999999912,1073,
2025-12-22T10:57:25.777Z,1.297,2,1000,640x360,1.9697610000000054,1073,
2025-12-22T10:57:26.438Z,1.145,2,1000,640x360,1.9160180000000082,1050,
2025-12-22T10:57:27.075Z,0.983,2,1000,640x360,1.9661540000000173,1000,
2025-12-22T10:57:27.865Z,0.689,2,1000,640x360,1.98418700000002,1043,
2025-12-22T10:57:28.505Z,0.56,2,1000,640x360,1.9421240000000353,1046,
2025-12-22T10:57:28.576Z,0.562,1,600,480x270,1.978620000000035,1017,
2025-12-22T10:57:29.011Z,0.542,1,600,480x270,1.9289150000000177,1017,
2025-12-22T10:57:29.417Z,0.673,1,600,480x270,1.9352660000000128,1123,
2025-12-22T10:57:29.832Z,0.739,1,600,480x270,1.9243749999999977,1082,
2025-12-22T10:57:30.156Z,0.912,1,600,480x270,1.9835519999999747,1094,
2025-12-22T10:57:30.444Z,1.124,1,600,480x270,1.9997230000000172,1094,
2025-12-22T10:57:30.923Z,1.121,1,600,480x270,1.9162810000000263,1054,
2025-12-22T10:57:31.476Z,1.097,1,600,480x270,1.9737430000000131,1025,
2025-12-22T10:57:31.887Z,1.134,1,600,480x270,1.967579999999998,1018,
2025-12-22T10:57:32.468Z,1.226,1,600,480x270,1.9763929999999732,984,
2025-12-22T10:57:32.856Z,1.212,1,600,480x270,1.9908229999999776,1021,
2025-12-22T10:57:33.240Z,1.328,1,600,480x270,2.0096980000000144,987,
2025-12-22T10:57:33.699Z,1.37,1,600,480x270,1.9440660000000207,1001,
2025-12-22T10:57:34.169Z,1.44,1,600,480x270,1.976288000000011,1001,
2025-12-22T10:57:34.528Z,1.554,1,600,480x270,1.9382830000000126,1014,
2025-12-22T10:57:34.885Z,1.687,1,600,480x270,1.9641670000000317,1019,
2025-12-22T10:57:35.281Z,1.791,1,600,480x270,1.97162000000003,1022,
2025-12-22T10:57:35.674Z,1.877,1,600,480x270,1.968116000000009,966,
2025-12-22T10:57:36.042Z,2.007,1,600,480x270,1.9988709999999514,966,
2025-12-22T10:57:36.484Z,2.073,1,600,480x270,1.96258899999998,980,
2025-12-22T10:57:36.983Z,2.068,1,600,480x270,1.9565600000000245,1017,
2025-12-22T10:57:37.061Z,2.051,2,1000,640x360,1.9883950000000254,1081,
2025-12-22T10:57:37.851Z,1.714,2,1000,640x360,2.0004729999999995,1081,
2025-12-22T10:57:38.447Z,1.655,2,1000,640x360,2.011164000000008,1072,
2025-12-22T10:57:39.028Z,1.55,2,1000,640x360,1.9224889999999846,1076,
2025-12-22T10:57:39.599Z,1.491,2,1000,640x360,1.9479919999999993,1075,
2025-12-22T10:57:40.175Z,1.415,2,1000,640x360,1.9786590000000501,1075,
2025-12-22T10:57:40.766Z,1.296,2,1000,640x360,1.9819099999999708,1086,
2025-12-22T10:57:41.334Z,1.231,2,1000,640x360,1.910916000000043,1085,
2025-12-22T10:57:41.889Z,1.182,2,1000,640x360,1.950700999999981,1090,
2025-12-22T10:57:42.410Z,1.165,2,1000,640x360,1.94385299999999,1125,
2025-12-22T10:57:42.969Z,1.109,2,1000,640x360,1.980448000000024,1112,
2025-12-22T10:57:43.533Z,1.021,2,1000,640x360,1.9125630000000342,1171,
2025-12-22T10:57:44.149Z,0.901,2,1000,640x360,1.9987610000000018,1161,
2025-12-22T10:57:44.227Z,0.871,1,600,480x270,1.9207680000000096,1151,
2025-12-22T10:57:44.461Z,1.077,1,600,480x270,1.9816869999999653,1151,
2025-12-22T10:57:44.763Z,1.312,1,600,480x270,1.9780849999999646,1159,
2025-12-22T10:57:45.073Z,1.479,1,600,480x270,1.9689409999999725,1164,
2025-12-22T10:57:45.464Z,1.604,1,600,480x270,1.9807460000000106,1164,
2025-12-22T10:57:45.840Z,1.711,1,600,480x270,2.0014489999999796,1169,
2025-12-22T10:57:46.219Z,1.86,1,600,480x270,1.9378060000000232,1172,
2025-12-22T10:57:46.595Z,1.964,1,600,480x270,1.9558400000000233,1172,
2025-12-22T10:57:46.990Z,2.062,1,600,480x270,1.952541999999994,1183,
2025-12-22T10:57:47.423Z,2.126,1,600,480x270,1.9184420000000273,1178,
2025-12-22T10:57:47.630Z,2.147,2,1000,640x360,1.9108400000000074,1187,
2025-12-22T10:57:48.216Z,1.846,2,1000,640x360,1.9233689999999797,1187,
2025-12-22T10:57:48.800Z,1.773,2,1000,640x360,1.9454409999999598,1161,
2025-12-22T10:57:49.192Z,1.863,2,1000,640x360,1.9654069999999706,1180,
2025-12-22T10:57:49.567Z,2.02,2,1000,640x360,1.9798309999999901,1180,
2025-12-22T10:57:50.065Z,1.984,2,1000,640x360,1.9739059999999995,1181,
2025-12-22T10:57:50.592Z,1.983,2,1000,640x360,1.9604819999999563,1185,
2025-12-22T10:57:51.163Z,1.903,2,1000,640x360,1.983587,1190,
2025-12-22T10:57:51.747Z,1.81,2,1000,640x360,2.004387999999949,1186,
2025-12-22T10:57:52.699Z,1.366,2,1000,640x360,1.9420529999999872,1171,
2025-12-22T10:57:53.348Z,1.256,2,1000,640x360,2.0031450000000177,1159,
2025-12-22T10:57:53.990Z,1.087,2,1000,640x360,1.9528250000000185,1130,
2025-12-22T10:57:54.656Z,0.932,2,1000,640x360,1.9904680000000212,1112,
2025-12-22T10:57:54.733Z,0.921,1,600,480x270,1.9123749999999973,1101,
2025-12-22T10:57:55.137Z,0.892,1,600,480x270,1.9104899999999816,1101,
2025-12-22T10:57:55.595Z,0.938,1,600,480x270,1.9608180000000175,1109,
2025-12-22T10:57:55.993Z,1.09,1,600,480x270,1.954121999999984,1091,
2025-12-22T10:57:56.347Z,1.221,1,600,480x270,2.0036810000000287,1108,
2025-12-22T10:57:56.745Z,1.334,1,600,480x270,2.0007479999999873,1079,
2025-12-22T10:57:57.087Z,1.462,1,600,480x270,1.9560869999999682,1085,
2025-12-22T10:57:57.434Z,1.586,1,600,480x270,1.9090719999999806,1085,
2025-12-22T10:57:57.823Z,1.702,1,600,480x270,1.9188729999999623,1105,
2025-12-22T10:57:58.209Z,1.852,1,600,480x270,1.945475999999985,1122,
2025-12-22T10:57:58.281Z,1.814,2,1000,640x360,1.9786550000000034,1122,
2025-12-22T10:57:58.849Z,1.731,2,1000,640x360,1.9954890000000205,1122,
2025-12-22T10:57:59.496Z,1.607,2,1000,640x360,1.9648730000000114,1133,
2025-12-22T10:58:00.038Z,1.528,2,1000,640x360,1.9072509999999738,1145,
2025-12-22T10:58:00.446Z,1.612,2,1000,640x360,1.9957679999999982,1128,
2025-12-22T10:58:01.087Z,1.486,2,1000,640x360,1.959410000000048,1155,
2025-12-22T10:58:01.867Z,1.2,2,1000,640x360,1.9733489999999847,1124,
2025-12-22T10:58:02.439Z,1.15,2,1000,640x360,1.9104379999999992,1132,
2025-12-22T10:58:02.977Z,1.073,2,1000,640x360,1.9718310000000088,1154,
2025-12-22T10:58:03.901Z,0.692,2,1000,640x360,1.953501000000017,1184,
2025-12-22T10:58:03.968Z,0.673,1,600,480x270,1.9769360000000233,1178,
2025-12-22T10:58:04.289Z,0.745,1,600,480x270,1.9635900000000106,1178,
2025-12-22T10:58:04.678Z,0.888,1,600,480x270,1.9716880000000288,1169,
2025-12-22T10:58:05.093Z,0.973,1,600,480x270,1.9467690000000175,1169,
2025-12-22T10:58:05.581Z,0.973,1,600,480x270,1.9614579999999933,1175,
2025-12-22T10:58:05.923Z,1.129,1,600,480x270,1.9273150000000214,1163,
2025-12-22T10:58:06.254Z,1.313,1,600,480x270,1.9972610000000373,1174,
2025-12-22T10:58:06.569Z,1.457,1,600,480x270,1.9812440000000038,1171,
2025-12-22T10:58:06.743Z,1.678,1,600,480x270,2.004023000000018,1171,
2025-12-22T10:58:06.783Z,2.239,1,600,480x270,1.9636840000000007,1163,
2025-12-22T10:58:07.918Z,1.65,1,600,480x270,1.9371830000000045,1163,
2025-12-22T10:58:07.990Z,1.655,2,1000,640x360,1.9598809999999958,1203,
2025-12-22T10:58:08.603Z,1.481,2,1000,640x360,1.9681279999999788,1203,
2025-12-22T10:58:09.224Z,1.375,2,1000,640x360,1.9215889999999831,1215,
2025-12-22T10:58:09.799Z,1.294,2,1000,640x360,1.9464539999999602,1207,
2025-12-22T10:58:10.363Z,1.22,2,1000,640x360,1.9896329999999693,1184,
2025-12-22T10:58:10.942Z,1.101,2,1000,640x360,2.0003389999999968,1197,
2025-12-22T10:58:11.552Z,1.051,2,1000,640x360,2.0029089999999883,1175,
2025-12-22T10:58:12.152Z,0.937,2,1000,640x360,1.9951019999999744,1164,
2025-12-22T10:58:12.219Z,0.921,1,600,480x270,1.9345280000000002,1170,
2025-12-22T10:58:12.586Z,1.009,1,600,480x270,1.975434000000007,1170,
2025-12-22T10:58:12.945Z,1.127,1,600,480x270,2.005338999999992,1157,
2025-12-22T10:58:13.332Z,1.236,1,600,480x270,1.9216579999999794,1172,
2025-12-22T10:58:13.633Z,1.431,1,600,480x270,1.9090270000000373,1179,
2025-12-22T10:58:13.967Z,1.595,1,600,480x270,1.9732029999999554,1179,
2025-12-22T10:58:14.289Z,1.778,1,600,480x270,1.9596760000000017,1183,
2025-12-22T10:58:14.620Z,1.932,1,600,480x270,1.9238000000000284,1193,
2025-12-22T10:58:14.970Z,2.078,1,600,480x270,1.9736090000000104,1193,
2025-12-22T10:58:15.430Z,2.13,1,600,480x270,1.9246530000000348,1193,
2025-12-22T10:58:15.629Z,2.044,2,1000,640x360,1.9188660000000368,1201,
2025-12-22T10:58:16.071Z,1.971,2,1000,640x360,1.9758830000000103,1201,
2025-12-22T10:58:16.602Z,1.954,2,1000,640x360,1.9604349999999613,1202,
2025-12-22T10:58:17.102Z,1.96,2,1000,640x360,1.9422460000000115,1194,
2025-12-22T10:58:17.609Z,1.952,2,1000,640x360,1.9305889999999977,1196,
2025-12-22T10:58:18.125Z,1.936,2,1000,640x360,1.9174639999999954,1197,
2025-12-22T10:58:18.649Z,1.917,2,1000,640x360,2.000319999999988,1212,
2025-12-22T10:58:19.152Z,1.91,2,1000,640x360,1.9972970000000032,1197,
2025-12-22T10:58:19.836Z,1.728,2,1000,640x360,1.917410000000018,1200,
2025-12-22T10:58:20.388Z,1.74,2,1000,640x360,1.9749420000000555,1174,
2025-12-22T10:58:21.115Z,1.425,2,1000,640x360,1.934426999999971,1172,
2025-12-22T10:58:21.888Z,1.191,2,1000,640x360,1.9572350000000256,1118,
2025-12-22T10:58:22.649Z,0.924,2,1000,640x360,2.001431000000025,1189,
2025-12-22T10:58:22.722Z,0.867,1,600,480x270,1.9277250000000095,1260,
2025-12-22T10:58:23.055Z,1.032,1,600,480x270,1.988112000000001,1260,
2025-12-22T10:58:23.517Z,1.042,1,600,480x270,1.9359550000000354,1230,
2025-12-22T10:58:23.989Z,1.08,1,600,480x270,1.9637720000000058,1233,
2025-12-22T10:58:24.407Z,1.151,1,600,480x270,1.9631100000000288,1252,
2025-12-22T10:58:24.747Z,1.316,1,600,480x270,2.0025309999999763,1239,
2025-12-22T10:58:25.356Z,1.218,1,600,480x270,1.9848250000000007,1227,
2025-12-22T10:58:25.930Z,1.144,1,600,480x270,1.9133950000000368,1159,
2025-12-22T10:58:26.487Z,1.069,1,600,480x270,1.9651340000000346,1163,
2025-12-22T10:58:26.569Z,1.085,2,1000,640x360,1.9749209999999948,1110,
2025-12-22T10:58:27.326Z,0.723,2,1000,640x360,1.928246999999999,1110,
2025-12-22T10:58:28.017Z,0.543,2,1000,640x360,1.9316650000000095,1101,
2025-12-22T10:58:28.369Z,0.694,2,1000,640x360,1.9878309999999715,1070,
2025-12-22T10:58:29.147Z,0.413,2,1000,640x360,2.0024250000000166,1089,
2025-12-22T10:58:29.645Z,0.419,2,1000,640x360,2.0021960000000263,1175,
2025-12-22T10:58:30.091Z,0.479,2,1000,640x360,1.9614089999999464,1179,
2025-12-22T10:58:30.159Z,0.424,1,600,480x270,1.9895980000000009,1161,
2025-12-22T10:58:30.517Z,0.544,1,600,480x270,1.928810999999996,1161,
2025-12-22T10:58:30.868Z,0.682,1,600,480x270,1.984265999999991,1190,
2025-12-22T10:58:31.194Z,0.882,1,600,480x270,1.964763000000005,1189,
2025-12-22T10:58:31.518Z,1.037,1,600,480x270,1.9322540000000004,1189,
2025-12-22T10:58:31.860Z,1.203,1,600,480x270,1.99216100000001,1205,
2025-12-22T10:58:32.160Z,1.391,1,600,480x270,1.9863189999999804,1203,
2025-12-22T10:58:32.473Z,1.599,1,600,480x270,1.9769350000000259,1203,
2025-12-22T10:58:32.792Z,1.758,1,600,480x270,1.9568399999999997,1236,
2025-12-22T10:58:33.081Z,1.971,1,600,480x270,1.9660650000000146,1223,
2025-12-22T10:58:33.395Z,2.156,1,600,480x270,1.9492740000000026,1223,
2025-12-22T10:58:33.571Z,2.058,2,1000,640x360,1.9700310000000059,1256,
2025-12-22T10:58:34.207Z,1.852,2,1000,640x360,1.9398370000000114,1256,
2025-12-22T10:58:34.772Z,1.799,2,1000,640x360,1.969020999999998,1250,
2025-12-22T10:58:35.532Z,1.558,2,1000,640x360,1.9112420000000157,1257,
2025-12-22T10:58:36.157Z,1.426,2,1000,640x360,1.9830400000000168,1205,
2025-12-22T10:58:36.790Z,1.294,2,1000,640x360,1.9517490000000066,1173,
2025-12-22T10:58:37.419Z,1.175,2,1000,640x360,1.9293949999999995,1160,
2025-12-22T10:58:38.121Z,0.98,2,1000,640x360,1.9271780000000263,1238,
2025-12-22T10:58:38.198Z,0.949,1,600,480x270,1.9427149999999642,1146,
2025-12-22T10:58:38.629Z,0.924,1,600,480x270,1.920708999999988,1146,
2025-12-22T10:58:39.075Z,0.977,1,600,480x270,1.9640880000000038,1179,
2025-12-22T10:58:39.607Z,0.98,1,600,480x270,1.947449000000006,1111,
2025-12-22T10:58:40.003Z,1.064,1,600,480x270,1.934767000000022,1128,
2025-12-22T10:58:40.427Z,1.14,1,600,480x270,1.9226509999999735,1131,
2025-12-22T10:58:40.861Z,1.191,1,600,480x270,1.978055999999981,1087,
2025-12-22T10:58:41.282Z,1.264,1,600,480x270,1.9675730000000158,1079,
2025-12-22T10:58:41.673Z,1.395,1,600,480x270,1.9770960000000173,1087,
2025-12-22T10:58:41.742Z,1.4,2,1000,640x360,1.9077250000000276,1087,
2025-12-22T10:58:42.322Z,1.24,2,1000,640x360,1.9205089999999814,1087,
2025-12-22T10:58:42.760Z,1.303,2,1000,640x360,1.9883540000000153,1104,
2025-12-22T10:58:43.320Z,1.248,2,1000,640x360,1.9256090000000086,1123,
2025-12-22T10:58:43.826Z,1.238,2,1000,640x360,1.9208610000000022,1179,
2025-12-22T10:58:44.322Z,1.256,2,1000,640x360,1.9196419999999534,1202,
2025-12-22T10:58:45.132Z,0.969,2,1000,640x360,1.9088430000000471,1194,
2025-12-22T10:58:45.215Z,0.938,1,600,480x270,1.9347720000000095,1204,
2025-12-22T10:58:45.597Z,0.959,1,600,480x270,1.9548530000000142,1204,
2025-12-22T10:58:45.934Z,1.118,1,600,480x270,1.9102209999999786,1202,
2025-12-22T10:58:46.347Z,1.242,1,600,480x270,2.0178750000000036,1237,
2025-12-22T10:58:46.773Z,1.3,1,600,480x270,1.9791890000000194,1220,
2025-12-22T10:58:47.130Z,1.408,1,600,480x270,1.911356000000012,1237,
2025-12-22T10:58:47.570Z,1.505,1,600,480x270,1.9742939999999862,1237,
2025-12-22T10:58:47.874Z,1.712,1,600,480x270,1.9752569999999992,1222,
2025-12-22T10:58:48.185Z,1.836,1,600,480x270,1.9559199999999919,1237,
2025-12-22T10:58:48.511Z,2.04,1,600,480x270,1.9297730000000115,1237,
2025-12-22T10:58:48.610Z,2.059,2,1000,640x360,1.9333300000000122,1230,
2025-12-22T10:58:49.167Z,1.919,2,1000,640x360,1.980587000000014,1230,
2025-12-22T10:58:49.690Z,1.875,2,1000,640x360,1.9552130000000147,1211,
2025-12-22T10:58:50.200Z,1.866,2,1000,640x360,1.9473590000000058,1216,
2025-12-22T10:58:50.793Z,1.787,2,1000,640x360,1.953249000000028,1202,
2025-12-22T10:58:51.346Z,1.741,2,1000,640x360,1.9998840000000087,1207,
2025-12-22T10:58:51.887Z,1.686,2,1000,640x360,1.9556060000000457,1261,
2025-12-22T10:58:52.441Z,1.651,2,1000,640x360,2.005269999999996,1292,
2025-12-22T10:58:52.982Z,1.591,2,1000,640x360,1.963150999999982,1323,
2025-12-22T10:58:53.521Z,1.557,2,1000,640x360,1.9350749999999834,1295,
2025-12-22T10:58:54.117Z,1.443,2,1000,640x360,1.9315079999999512,1301,
2025-12-22T10:58:54.630Z,1.458,2,1000,640x360,1.9280299999999784,1305,
2025-12-22T10:58:55.197Z,1.388,2,1000,640x360,1.952572000000032,1311,
2025-12-22T10:58:55.803Z,1.274,2,1000,640x360,1.9489810000000034,1283,
2025-12-22T10:58:56.493Z,1.106,2,1000,640x360,1.9543100000000209,1283,
2025-12-22T10:58:57.135Z,0.929,2,1000,640x360,1.9141779999999926,1266,
2025-12-22T10:58:57.204Z,0.896,1,600,480x270,1.9443860000000086,1271,
2025-12-22T10:58:57.590Z,0.991,1,600,480x270,1.9503280000000132,1271,
2025-12-22T10:58:57.982Z,1.07,1,600,480x270,1.9577210000000491,1207,
2025-12-22T10:58:58.375Z,1.189,1,600,480x270,1.979079000000013,1190,
2025-12-22T10:58:58.756Z,1.316,1,600,480x270,2.0033349999999928,1168,
2025-12-22T10:58:59.179Z,1.401,1,600,480x270,1.9698829999999816,1143,
2025-12-22T10:58:59.544Z,1.555,1,600,480x270,2.0178210000000263,1143,
2025-12-22T10:58:59.901Z,1.643,1,600,480x270,1.9463649999999575,1160,
2025-12-22T10:59:00.317Z,1.74,1,600,480x270,1.9336769999999888,1138,
2025-12-22T10:59:00.686Z,1.868,1,600,480x270,1.9563369999999622,1159,
2025-12-22T10:59:00.761Z,1.885,2,1000,640x360,1.9907380000000217,1159,
2025-12-22T10:59:01.308Z,1.751,2,1000,640x360,1.9465930000000071,1159,
2025-12-22T10:59:01.914Z,1.649,2,1000,640x360,1.9382600000000139,1138,
2025-12-22T10:59:02.469Z,1.622,2,1000,640x360,1.9915359999999964,1127,
2025-12-22T10:59:03.250Z,1.335,2,1000,640x360,2.008352000000002,1131,
2025-12-22T10:59:03.831Z,1.236,2,1000,640x360,1.9279769999999985,1144,
2025-12-22T10:59:04.326Z,1.254,2,1000,640x360,1.9309499999999957,1169,
2025-12-22T10:59:04.846Z,1.231,2,1000,640x360,1.9960720000000265,1142,
2025-12-22T10:59:05.472Z,1.107,2,1000,640x360,1.9803590000000213,1140,
2025-12-22T10:59:06.099Z,0.974,2,1000,640x360,1.944518999999957,1125,
2025-12-22T10:59:06.182Z,0.97,1,600,480x270,1.9750679999999647,1092,
2025-12-22T10:59:06.530Z,1.042,1,600,480x270,1.928008000000034,1092,
2025-12-22T10:59:06.880Z,1.187,1,600,480x270,1.9648129999999924,1093,
2025-12-22T10:59:07.227Z,1.344,1,600,480x270,1.9223460000000046,1084,
2025-12-22T10:59:07.577Z,1.502,1,600,480x270,1.9812430000000063,1062,
2025-12-22T10:59:07.932Z,1.637,1,600,480x270,1.9138919999999757,1062,
2025-12-22T10:59:08.289Z,1.777,1,600,480x270,1.9534480000000372,1112,
2025-12-22T10:59:08.606Z,1.936,1,600,480x270,1.937546999999995,1088,
2025-12-22T10:59:08.901Z,2.169,1,600,480x270,1.9387689999999793,1088,
2025-12-22T10:59:09.406Z,2.148,1,600,480x270,1.938272999999981,1137,
2025-12-22T10:59:09.580Z,2.119,2,1000,640x360,1.9763389999999958,1177,
2025-12-22T10:59:10.108Z,1.94,2,1000,640x360,1.9370049999999992,1177,
2025-12-22T10:59:10.605Z,1.952,2,1000,640x360,1.944153999999969,1157,
2025-12-22T10:59:11.122Z,1.948,2,1000,640x360,1.9221299999999815,1167,
2025-12-22T10:59:11.708Z,1.855,2,1000,640x360,1.9333160000000476,1179,
2025-12-22T10:59:12.424Z,1.645,2,1000,640x360,1.9222270000000208,1148,
2025-12-22T10:59:13.014Z,1.57,2,1000,640x360,1.927375999999981,1148,
2025-12-22T10:59:13.565Z,1.5,2,1000,640x360,1.9787650000000099,1160,
2025-12-22T10:59:14.118Z,1.469,2,1000,640x360,1.922442999999987,1160,
2025-12-22T10:59:14.645Z,1.435,2,1000,640x360,2.0062599999999975,1182,
2025-12-22T10:59:15.176Z,1.398,2,1000,640x360,1.965849999999989,1187,
2025-12-22T10:59:15.704Z,1.37,2,1000,640x360,1.9376740000000154,1188,
2025-12-22T10:59:16.217Z,1.368,2,1000,640x360,1.9263819999999896,1185,
2025-12-22T10:59:16.734Z,1.351,2,1000,640x360,1.9069900000000075,1188,
2025-12-22T10:59:17.246Z,1.321,2,1000,640x360,2.006600999999989,1195,
2025-12-22T10:59:17.788Z,1.275,2,1000,640x360,1.9528760000000034,1202,
2025-12-22T10:59:18.399Z,1.238,2,1000,640x360,1.9517020000000116,1213,
2025-12-22T10:59:18.949Z,1.113,2,1000,640x360,1.9990169999999807,1211,
2025-12-22T10:59:19.554Z,0.995,2,1000,640x360,1.9923959999999852,1235,
2025-12-22T10:59:20.045Z,1.028,2,1000,640x360,1.9989989999999693,1236,
2025-12-22T10:59:20.549Z,1.032,2,1000,640x360,2.0075820000000135,1255,
2025-12-22T10:59:21.130Z,0.996,2,1000,640x360,1.9101390000000151,1298,
2025-12-22T10:59:21.205Z,0.912,1,600,480x270,1.943682000000024,1290,
2025-12-22T10:59:21.451Z,1.099,1,600,480x270,1.989779999999996,1290,
2025-12-22T10:59:21.700Z,1.349,1,600,480x270,1.942926,1293,
2025-12-22T10:59:21.951Z,1.563,1,600,480x270,1.9892520000000218,1293,
2025-12-22T10:59:22.216Z,1.849,1,600,480x270,1.9400210000000015,1279,
2025-12-22T10:59:22.702Z,1.859,1,600,480x270,1.9523590000000013,1279,
2025-12-22T10:59:23.075Z,1.969,1,600,480x270,1.963796000000002,1281,
2025-12-22T10:59:23.422Z,2.084,1,600,480x270,1.9194880000000012,1285,
2025-12-22T10:59:23.939Z,2.11,1,600,480x270,1.9998290000000338,1280,
2025-12-22T10:59:24.396Z,2.162,1,600,480x270,1.9538329999999746,1292,
2025-12-22T10:59:24.605Z,1.983,2,1000,640x360,1.9487910000000284,1289,
2025-12-22T10:59:25.151Z,1.889,2,1000,640x360,1.9907359999999699,1289,
2025-12-22T10:59:25.699Z,1.846,2,1000,640x360,1.9457070000000272,1277,
2025-12-22T10:59:26.117Z,1.942,2,1000,640x360,1.9231130000000007,1282,
2025-12-22T10:59:26.633Z,1.941,2,1000,640x360,1.9102679999999737,1298,
2025-12-22T10:59:27.140Z,1.912,2,1000,640x360,2.0015469999999596,1293,
2025-12-22T10:59:27.769Z,1.802,2,1000,640x360,1.977882999999963,1282,
2025-12-22T10:59:28.391Z,1.683,2,1000,640x360,1.9608090000000402,1279,
2025-12-22T10:59:29.088Z,1.481,2,1000,640x360,1.956356000000028,1269,
2025-12-22T10:59:29.621Z,1.444,2,1000,640x360,1.926712000000009,1272,
2025-12-22T10:59:30.176Z,1.379,2,1000,640x360,1.9816519999999969,1267,
2025-12-22T10:59:30.684Z,1.35,2,1000,640x360,1.9647130000000175,1210,
2025-12-22T10:59:31.257Z,1.309,2,1000,640x360,1.9926519999999641,1214,
2025-12-22T10:59:31.936Z,1.161,2,1000,640x360,1.91028799999998,1165,
2025-12-22T10:59:32.500Z,1.073,2,1000,640x360,1.948506000000009,1142,
2025-12-22T10:59:33.175Z,0.918,2,1000,640x360,1.9781790000000115,1268,
2025-12-22T10:59:33.241Z,0.899,1,600,480x270,1.9190170000000535,1169,
2025-12-22T10:59:33.677Z,0.898,1,600,480x270,1.9848029999999994,1169,
2025-12-22T10:59:34.101Z,0.963,1,600,480x270,1.9406020000000126,1209,
2025-12-22T10:59:34.519Z,1.09,1,600,480x270,1.926573000000019,1181,
2025-12-22T10:59:34.837Z,1.228,1,600,480x270,1.9178430000000048,1183,
2025-12-22T10:59:35.215Z,1.348,1,600,480x270,1.9241069999999922,1176,
2025-12-22T10:59:35.549Z,1.502,1,600,480x270,1.992260999999985,1176,
2025-12-22T10:59:35.902Z,1.636,1,600,480x270,1.947074999999984,1176,
2025-12-22T10:59:36.222Z,1.848,1,600,480x270,1.9313959999999497,1179,
2025-12-22T10:59:36.580Z,1.964,1,600,480x270,1.9687620000000265,1174,
2025-12-22T10:59:36.653Z,1.995,2,1000,640x360,1.9931660000000306,1174,
2025-12-22T10:59:37.231Z,1.853,2,1000,640x360,1.9338020000000142,1174,
2025-12-22T10:59:37.872Z,1.711,2,1000,640x360,1.9880559999999718,1148,
2025-12-22T10:59:38.500Z,1.593,2,1000,640x360,1.951454999999953,1097,
2025-12-22T10:59:38.998Z,1.577,2,1000,640x360,1.9463289999999915,1129,
2025-12-22T10:59:39.501Z,1.554,2,1000,640x360,1.9473730000000273,1101,
2025-12-22T10:59:40.284Z,1.299,2,1000,640x360,1.966321999999991,1216,
2025-12-22T10:59:40.767Z,1.307,2,1000,640x360,1.9753460000000018,1199,
2025-12-22T10:59:41.279Z,1.295,2,1000,640x360,1.9757129999999847,1210,
2025-12-22T10:59:41.786Z,1.305,2,1000,640x360,1.9605599999999868,1220,
2025-12-22T10:59:42.307Z,1.261,2,1000,640x360,1.9433099999999968,1221,
2025-12-22T10:59:42.514Z,1.503,2,1000,640x360,1.9346870000000536,1231,
2025-12-22T10:59:42.809Z,1.753,2,1000,640x360,1.930812000000003,1231,
2025-12-22T10:59:43.243Z,1.816,2,1000,640x360,1.9991370000000188,1225,
2025-12-22T10:59:43.781Z,1.766,2,1000,640x360,1.963401000000033,1212,
2025-12-22T10:59:44.259Z,1.812,2,1000,640x360,1.9918749999999932,1226,
2025-12-22T10:59:44.791Z,1.785,2,1000,640x360,1.9597249999999917,1221,
2025-12-22T10:59:45.308Z,1.779,2,1000,640x360,1.959713000000022,1244,
2025-12-22T10:59:45.823Z,1.759,2,1000,640x360,1.9256839999999897,1220,
2025-12-22T10:59:46.874Z,1.198,2,1000,640x360,1.9651999999999816,1229,
2025-12-22T10:59:47.380Z,1.17,2,1000,640x360,1.9633799999999724,1224,
2025-12-22T10:59:47.810Z,1.252,2,1000,640x360,1.9324020000000246,1233,
2025-12-22T10:59:48.153Z,1.414,2,1000,640x360,1.9893940000000043,1206,
2025-12-22T10:59:48.516Z,1.54,2,1000,640x360,1.9361499999999978,1206,
2025-12-22T10:59:48.908Z,1.666,2,1000,640x360,1.9376040000000216,1252,
2025-12-22T10:59:49.405Z,1.696,2,1000,640x360,1.9661910000000375,1237,
2025-12-22T10:59:49.977Z,1.599,2,1000,640x360,1.9691179999999804,1254,
2025-12-22T10:59:50.492Z,1.569,2,1000,640x360,1.9536650000000009,1253,
2025-12-22T10:59:50.917Z,1.646,2,1000,640x360,1.9221769999999765,1306,
2025-12-22T10:59:51.554Z,1.5,2,1000,640x360,1.9890950000000203,1288,
2025-12-22T10:59:52.272Z,1.286,2,1000,640x360,1.9911440000000198,1309,
2025-12-22T10:59:52.898Z,1.165,2,1000,640x360,1.9519199999999728,1339,
2025-12-22T10:59:53.521Z,1.097,2,1000,640x360,1.9422720000000027,1334,
2025-12-22T10:59:54.159Z,0.916,2,1000,640x360,1.9815909999999803,1321,
2025-12-22T10:59:54.227Z,0.911,1,600,480x270,1.9139639999999645,1317,
2025-12-22T10:59:54.583Z,0.981,1,600,480x270,1.9601220000000126,1317,
2025-12-22T10:59:54.888Z,1.176,1,600,480x270,1.9517849999999726,1319,
2025-12-22T10:59:55.263Z,1.287,1,600,480x270,1.9908810000000017,1309,
2025-12-22T10:59:55.629Z,1.435,1,600,480x270,1.9183010000000422,1302,
2025-12-22T10:59:55.947Z,1.604,1,600,480x270,1.9939189999999485,1302,
2025-12-22T10:59:56.200Z,1.869,1,600,480x270,1.9520969999999807,1290,
2025-12-22T10:59:56.461Z,2.097,1,600,480x270,1.9864620000000173,1290,
2025-12-22T10:59:56.884Z,2.169,1,600,480x270,1.9608760000000416,1288,
2025-12-22T10:59:57.593Z,1.981,1,600,480x270,1.957369999999969,1293,
2025-12-22T10:59:57.665Z,1.987,2,1000,640x360,1.9987009999999827,1280,
2025-12-22T10:59:58.604Z,1.492,2,1000,640x360,1.9564849999999865,1280,
2025-12-22T10:59:59.263Z,1.357,2,1000,640x360,1.9840950000000248,1293,
2025-12-22T10:59:59.783Z,1.281,2,1000,640x360,1.9720739999999637,1294,
2025-12-22T11:00:00.393Z,1.216,2,1000,640x360,1.9658450000000016,1282,
2025-12-22T11:00:00.860Z,1.202,2,1000,640x360,1.992084000000034,1276,
2025-12-22T11:00:01.360Z,1.203,2,1000,640x360,2.0008569999999963,1281,
2025-12-22T11:00:01.866Z,1.214,2,1000,640x360,1.9893430000000194,1297,
2025-12-22T11:00:02.344Z,1.224,2,1000,640x360,2.0216180000000463,1304,
2025-12-22T11:00:02.826Z,1.257,2,1000,640x360,1.9233140000000049,1307,
2025-12-22T11:00:03.387Z,1.179,2,1000,640x360,1.956023000000016,1312,
2025-12-22T11:00:03.982Z,1.078,2,1000,640x360,1.96160500000002,1325,
2025-12-22T11:00:04.575Z,0.99,2,1000,640x360,1.9804129999999986,1313,
2025-12-22T11:00:04.643Z,0.974,1,600,480x270,1.9118709999999624,1380,
2025-12-22T11:00:05.024Z,1.027,1,600,480x270,1.9221390000000156,1380,
2025-12-22T11:00:05.411Z,1.143,1,600,480x270,1.9424070000000029,1358,
2025-12-22T11:00:05.748Z,1.286,1,600,480x270,2.006290999999976,1356,
2025-12-22T11:00:06.090Z,1.473,1,600,480x270,1.9540829999999687,1353,
2025-12-22T11:00:06.436Z,1.635,1,600,480x270,1.9237629999999513,1353,
2025-12-22T11:00:06.801Z,1.756,1,600,480x270,1.9519310000000019,1321,
2025-12-22T11:00:07.243Z,1.879,1,600,480x270,2.001700000000028,1316,
2025-12-22T11:00:07.649Z,1.943,1,600,480x270,2.0010300000000143,1268,
2025-12-22T11:00:07.959Z,2.093,1,600,480x270,1.9857550000000401,1268,
2025-12-22T11:00:08.052Z,2.111,2,1000,640x360,1.9887729999999806,1318,
2025-12-22T11:00:08.648Z,1.92,2,1000,640x360,2.0026790000000005,1318,
2025-12-22T11:00:09.317Z,1.76,2,1000,640x360,1.9398049999999785,1224,
2025-12-22T11:00:09.877Z,1.692,2,1000,640x360,1.9683860000000095,1215,
2025-12-22T11:00:10.424Z,1.646,2,1000,640x360,1.9364830000000097,1171,
2025-12-22T11:00:11.025Z,1.556,2,1000,640x360,1.9316860000000133,1195,
2025-12-22T11:00:11.621Z,1.457,2,1000,640x360,1.9185709999999858,1164,
2025-12-22T11:00:12.223Z,1.344,2,1000,640x360,1.9345450000000142,1164,
2025-12-22T11:00:12.774Z,1.304,2,1000,640x360,1.9719539999999824,1152,
2025-12-22T11:00:13.307Z,1.294,2,1000,640x360,1.9467429999999695,1227,
2025-12-22T11:00:14.023Z,1.055,2,1000,640x360,1.9196410000000128,1124,
2025-12-22T11:00:15.276Z,0.339,2,1000,640x360,1.9701919999999973,1084,
2025-12-22T11:00:15.277Z,0.294,2,1000,640x360,1.9696129999999812,1084,rebuffer happen
2025-12-22T11:00:15.347Z,0.294,1,600,480x270,1.8987769999999955,1241,
2025-12-22T11:00:15.542Z,0.029,1,600,480x270,1.9978869999999915,1241,rebuffer happen
2025-12-22T11:00:16.126Z,0.023,1,600,480x270,2.158598999999981,1241,rebuffer happen
2025-12-22T11:00:16.276Z,0.018,1,600,480x270,2.2538849999999684,1241,rebuffer happen
2025-12-22T11:00:16.310Z,0.024,1,600,480x270,2.2263289999999643,1241,rebuffer happen
2025-12-22T11:00:16.317Z,0.024,1,600,480x270,2.2263289999999643,1241,
2025-12-22T11:00:16.360Z,0.019,1,600,480x270,2.292389000000014,1118,rebuffer happen
2025-12-22T11:00:17.040Z,0.195,1,600,480x270,2.6578030000000012,1118,
2025-12-22T11:00:17.211Z,0.023,1,600,480x270,2.591906999999992,1061,rebuffer happen
2025-12-22T11:00:17.451Z,0.303,1,600,480x270,2.675528999999983,1061,
2025-12-22T11:00:17.451Z,0.298,1,600,480x270,2.674952000000019,1061,rebuffer happen
2025-12-22T11:00:17.874Z,0.399,1,600,480x270,2.6572499999999764,1042,
2025-12-22T11:00:18.011Z,0.238,1,600,480x270,2.615579000000025,1034,rebuffer happen
2025-12-22T11:00:18.312Z,0.453,1,600,480x270,2.6024620000000027,1034,
2025-12-22T11:00:18.404Z,0.291,1,600,480x270,2.5616679999999974,996,rebuffer happen
2025-12-22T11:00:18.780Z,0.316,1,600,480x270,2.5224529999999845,996,
2025-12-22T11:00:18.862Z,0.263,1,600,480x270,2.5033180000000357,929,rebuffer happen
2025-12-22T11:00:19.072Z,0.406,1,600,480x270,2.405259000000001,929,
2025-12-22T11:00:19.547Z,0.301,1,600,480x270,2.2629040000000487,929,
2025-12-22T11:00:19.548Z,0.292,1,600,480x270,2.2621410000000424,929,rebuffer happen
2025-12-22T11:00:20.231Z,0.094,1,600,480x270,2.1768390000000295,988,
2025-12-22T11:00:20.296Z,0.031,0,200,320x180,2.207326999999964,981,rebuffer happen
2025-12-22T11:00:20.305Z,0.031,0,200,320x180,2.207326999999964,981,
2025-12-22T11:00:20.499Z,0.385,0,200,320x180,2.3022339999999986,981,
2025-12-22T11:00:20.662Z,0.681,0,200,320x180,2.2943149999999832,981,
2025-12-22T11:00:20.837Z,0.986,0,200,320x180,2.1602139999999963,981,
2025-12-22T11:00:20.973Z,1.288,0,200,320x180,2.185329999999965,979,
2025-12-22T11:00:21.118Z,1.605,0,200,320x180,2.1079409999999825,979,
2025-12-22T11:00:21.280Z,1.936,0,200,320x180,2.1660969999999793,979,
2025-12-22T11:00:21.559Z,2.176,0,200,320x180,2.1417220000000157,978,
2025-12-22T11:00:22.029Z,2.12,0,200,320x180,1.9879940000000147,978,
2025-12-22T11:00:22.544Z,2.074,0,200,320x180,2.040593000000001,1002,
2025-12-22T11:00:23.098Z,2.013,0,200,320x180,1.9563829999999598,958,
2025-12-22T11:00:23.545Z,2.014,0,200,320x180,2.0045579999999745,974,
2025-12-22T11:00:23.921Z,2.077,0,200,320x180,1.9211990000000014,973,
2025-12-22T11:00:24.000Z,2.15,1,600,480x270,1.9433720000000108,981,
2025-12-22T11:00:24.467Z,2.103,1,600,480x270,1.9900250000000028,981,
2025-12-22T11:00:24.987Z,2.052,1,600,480x270,1.954084000000023,990,
2025-12-22T11:00:25.513Z,2.059,1,600,480x270,1.9477620000000115,985,
2025-12-22T11:00:25.939Z,2.117,1,600,480x270,1.9159970000000044,981,
2025-12-22T11:00:26.319Z,2.2,1,600,480x270,1.9250959999999964,1011,
2025-12-22T11:00:26.873Z,2.144,1,600,480x270,1.974490000000003,1025,
2025-12-22T11:00:27.395Z,2.171,1,600,480x270,1.949500999999998,1032,
2025-12-22T11:00:27.470Z,2.113,2,1000,640x360,1.9736440000000357,1064,
2025-12-22T11:00:28.214Z,1.81,2,1000,640x360,1.9368550000000369,1064,
2025-12-22T11:00:28.713Z,1.891,2,1000,640x360,1.9341719999999896,1100,
2025-12-22T11:00:29.284Z,1.802,2,1000,640x360,1.972169000000008,1123,
2025-12-22T11:00:30.339Z,1.254,2,1000,640x360,1.9356760000000008,1120,
2025-12-22T11:00:30.854Z,1.233,2,1000,640x360,1.9966079999999806,1121,
2025-12-22T11:00:31.449Z,1.117,2,1000,640x360,2.004618999999991,1126,
2025-12-22T11:00:31.880Z,1.17,2,1000,640x360,1.9596440000000257,1177,
2025-12-22T11:00:32.503Z,1.09,2,1000,640x360,1.9545570000000225,1169,
2025-12-22T11:00:33.121Z,0.955,2,1000,640x360,1.9290269999999623,1231,
2025-12-22T11:00:33.193Z,0.947,1,600,480x270,1.9526940000000081,1218,
2025-12-22T11:00:33.476Z,1.057,1,600,480x270,1.9835950000000366,1218,
2025-12-22T11:00:33.891Z,1.185,1,600,480x270,1.9636690000000385,1214,
2025-12-22T11:00:34.337Z,1.253,1,600,480x270,1.9274489999999673,1196,
2025-12-22T11:00:34.796Z,1.27,1,600,480x270,1.957495999999992,1190,
2025-12-22T11:00:35.255Z,1.303,1,600,480x270,2.0038560000000416,1171,
2025-12-22T11:00:35.756Z,1.299,1,600,480x270,1.9957829999999603,1167,
2025-12-22T11:00:36.227Z,1.323,1,600,480x270,1.9239579999999705,1168,
2025-12-22T11:00:36.731Z,1.341,1,600,480x270,1.9197840000000497,1108,
2025-12-22T11:00:36.804Z,1.321,2,1000,640x360,1.9418129999999678,1202,
2025-12-22T11:00:37.486Z,1.112,2,1000,640x360,1.967646000000002,1202,
2025-12-22T11:00:38.193Z,0.881,2,1000,640x360,1.9561580000000163,1152,
2025-12-22T11:00:38.938Z,0.638,2,1000,640x360,1.910517000000027,1118,
2025-12-22T11:00:39.672Z,0.419,2,1000,640x360,1.9742640000000051,1126,
2025-12-22T11:00:39.814Z,0.257,2,1000,640x360,1.9270200000000273,1116,rebuffer happen
2025-12-22T11:00:40.320Z,0.251,2,1000,640x360,1.9337350000000129,1116,
2025-12-22T11:00:40.399Z,0.256,1,600,480x270,1.9481969999999933,1166,
2025-12-22T11:00:40.547Z,0.031,1,600,480x270,2.0049129999999877,1166,rebuffer happen
2025-12-22T11:00:40.807Z,0.287,1,600,480x270,1.9970819999999776,1166,rebuffer happen
2025-12-22T11:00:40.812Z,0.287,1,600,480x270,1.991295999999977,1166,
2025-12-22T11:00:40.906Z,0.214,1,600,480x270,1.990274999999997,1173,rebuffer happen
2025-12-22T11:00:41.123Z,0.445,1,600,480x270,1.952906999999982,1173,
2025-12-22T11:00:41.508Z,0.58,1,600,480x270,1.968999999999994,1173,
2025-12-22T11:00:41.862Z,0.708,1,600,480x270,2.008401000000049,1159,
2025-12-22T11:00:42.197Z,0.845,1,600,480x270,1.9580079999999498,1133,
2025-12-22T11:00:42.549Z,1.002,1,600,480x270,1.9972319999999968,1133,
2025-12-22T11:00:42.896Z,1.12,1,600,480x270,1.9488770000000386,1089,
2025-12-22T11:00:43.278Z,1.277,1,600,480x270,1.976335000000006,1104,
2025-12-22T11:00:43.624Z,1.431,1,600,480x270,1.9306520000000091,1083,
2025-12-22T11:00:43.987Z,1.577,1,600,480x270,1.9581059999999866,1083,
2025-12-22T11:00:44.065Z,1.582,2,1000,640x360,1.9874320000000125,1079,
2025-12-22T11:00:44.940Z,1.134,2,1000,640x360,1.9995200000000182,1079,
2025-12-22T11:00:45.548Z,1.027,2,1000,640x360,2.005381,1079,
2025-12-22T11:00:46.123Z,0.927,2,1000,640x360,1.9244899999999916,1072,
2025-12-22T11:00:46.710Z,0.851,2,1000,640x360,1.932155000000023,1086,
2025-12-22T11:00:47.245Z,0.825,2,1000,640x360,1.9023000000000252,1111,
2025-12-22T11:00:47.794Z,0.771,2,1000,640x360,1.950130999999999,1113,
2025-12-22T11:00:47.867Z,0.763,1,600,480x270,1.9896980000000326,1144,
2025-12-22T11:00:48.165Z,0.887,1,600,480x270,1.989342000000022,1144,
2025-12-22T11:00:48.440Z,1.079,1,600,480x270,2.0021169999999984,1144,
2025-12-22T11:00:48.670Z,1.347,1,600,480x270,1.9827510000000075,1188,
2025-12-22T11:00:48.708Z,1.813,1,600,480x270,1.9452559999999721,1188,
2025-12-22T11:00:49.429Z,1.633,1,600,480x270,1.9342229999999745,1188,
2025-12-22T11:00:50.004Z,1.596,1,600,480x270,1.9410969999999566,1171,
2025-12-22T11:00:50.368Z,1.719,1,600,480x270,1.9977779999999825,1171,
2025-12-22T11:00:50.705Z,1.873,1,600,480x270,1.9520580000000223,1170,
2025-12-22T11:00:51.059Z,1.995,1,600,480x270,1.9902020000000107,1170,
2025-12-22T11:00:51.634Z,1.968,1,600,480x270,1.9129330000000095,1179,
2025-12-22T11:00:51.713Z,1.874,2,1000,640x360,1.9416109999999662,1178,
2025-12-22T11:00:52.263Z,1.816,2,1000,640x360,1.9900269999999978,1178,
2025-12-22T11:00:52.813Z,1.75,2,1000,640x360,1.9293159999999716,1177,
2025-12-22T11:00:53.354Z,1.718,2,1000,640x360,2.0070240000000013,1187,
2025-12-22T11:00:53.942Z,1.629,2,1000,640x360,2.0027620000000184,1177,
2025-12-22T11:00:54.447Z,1.634,2,1000,640x360,2.020099000000016,1185,
2025-12-22T11:00:54.996Z,1.572,2,1000,640x360,1.9606370000000197,1191,
2025-12-22T11:00:55.559Z,1.519,2,1000,640x360,1.9904210000000262,1199,
2025-12-22T11:00:56.119Z,1.455,2,1000,640x360,1.9268309999999929,1188,
2025-12-22T11:00:56.675Z,1.401,2,1000,640x360,1.9691529999999489,1249,
2025-12-22T11:00:57.227Z,1.353,2,1000,640x360,1.9213460000000282,1279,
2025-12-22T11:00:57.794Z,1.273,2,1000,640x360,1.9526819999999816,1273,
2025-12-22T11:00:58.334Z,1.246,2,1000,640x360,1.9281119999999987,1259,
2025-12-22T11:00:58.864Z,1.218,2,1000,640x360,1.9864620000000173,1250,
2025-12-22T11:00:59.427Z,1.097,2,1000,640x360,1.9221640000000093,1246,
2025-12-22T11:00:59.702Z,1.361,2,1000,640x360,1.9418649999999502,1239,
2025-12-22T11:01:00.131Z,1.408,2,1000,640x360,1.917872999999986,1239,
2025-12-22T11:01:01.218Z,0.839,2,1000,640x360,1.934991000000025,1230,
2025-12-22T11:01:01.297Z,0.823,1,600,480x270,1.9561969999999747,1190,
2025-12-22T11:01:01.778Z,0.769,1,600,480x270,1.967189000000019,1190,
2025-12-22T11:01:02.176Z,0.89,1,600,480x270,1.9780470000000037,1189,
2025-12-22T11:01:02.531Z,0.998,1,600,480x270,1.9334579999999733,1189,
2025-12-22T11:01:02.875Z,1.194,1,600,480x270,1.9694719999999961,1186,
2025-12-22T11:01:03.230Z,1.32,1,600,480x270,1.918988000000013,1183,
2025-12-22T11:01:03.600Z,1.47,1,600,480x270,1.9452630000000113,1125,
2025-12-22T11:01:03.960Z,1.604,1,600,480x270,1.9809549999999945,1125,
2025-12-22T11:01:04.365Z,1.658,1,600,480x270,1.9830120000000306,1127,
2025-12-22T11:01:04.745Z,1.768,1,600,480x270,1.9997880000000237,1116,
2025-12-22T11:01:04.819Z,1.826,2,1000,640x360,1.9250529999999912,1129,
2025-12-22T11:01:05.301Z,1.782,2,1000,640x360,1.946109999999976,1129,
2025-12-22T11:01:05.899Z,1.646,2,1000,640x360,1.9449769999999944,1167,
2025-12-22T11:01:06.545Z,1.538,2,1000,640x360,2.005970999999988,1155,
2025-12-22T11:01:07.094Z,1.483,2,1000,640x360,1.9573760000000107,1150,
2025-12-22T11:01:07.705Z,1.378,2,1000,640x360,1.9474720000000048,1176,
2025-12-22T11:01:08.376Z,1.163,2,1000,640x360,1.9758249999999862,1122,
2025-12-22T11:01:08.795Z,1.273,2,1000,640x360,1.956027000000006,1119,
2025-12-22T11:01:09.332Z,1.253,2,1000,640x360,1.925520000000006,1071,
2025-12-22T11:01:09.980Z,1.118,2,1000,640x360,1.9646549999999934,1098,
2025-12-22T11:01:10.516Z,1.076,2,1000,640x360,1.9340669999999704,1097,
2025-12-22T11:01:11.107Z,0.952,2,1000,640x360,1.936723000000029,1097,
2025-12-22T11:01:11.187Z,0.961,1,600,480x270,1.9646070000000009,1121,
2025-12-22T11:01:11.504Z,1.096,1,600,480x270,1.966432999999995,1121,
2025-12-22T11:01:12.050Z,1.02,1,600,480x270,2.0028350000000046,1114,
2025-12-22T11:01:12.560Z,0.994,1,600,480x270,1.9865539999999555,1095,
2025-12-22T11:01:13.081Z,0.983,1,600,480x270,1.9608729999999923,1068,
2025-12-22T11:01:13.619Z,0.934,1,600,480x270,1.9255440000000021,1100,
2025-12-22T11:01:14.109Z,0.958,1,600,480x270,1.935164000000043,1047,
2025-12-22T11:01:14.681Z,0.807,1,600,480x270,1.966493000000014,1077,
2025-12-22T11:01:14.990Z,1.039,1,600,480x270,1.9523429999999848,1048,
2025-12-22T11:01:15.069Z,1.006,2,1000,640x360,1.9737410000000182,1055,
2025-12-22T11:01:15.592Z,0.986,2,1000,640x360,1.9638560000000211,1055,
2025-12-22T11:01:16.158Z,0.854,2,1000,640x360,1.9948229999999967,1096,
2025-12-22T11:01:16.657Z,0.919,2,1000,640x360,1.9881670000000327,1093,
2025-12-22T11:01:17.028Z,0.986,2,1000,640x360,1.9137610000000222,1114,
2025-12-22T11:01:17.358Z,1.21,2,1000,640x360,1.9897129999999947,1109,
2025-12-22T11:01:17.810Z,1.253,2,1000,640x360,1.9414840000000027,1141,
2025-12-22T11:01:18.259Z,1.295,2,1000,640x360,1.9960189999999898,1139,
2025-12-22T11:01:18.903Z,1.186,2,1000,640x360,1.9420839999999657,1163,
2025-12-22T11:01:19.547Z,1.029,2,1000,640x360,2.015730000000019,1173,
2025-12-22T11:01:20.141Z,0.92,2,1000,640x360,2.0004749999999945,1185,
2025-12-22T11:01:20.224Z,0.905,1,600,480x270,1.9173150000000305,1245,
2025-12-22T11:01:20.598Z,0.987,1,600,480x270,1.9418870000000084,1245,
2025-12-22T11:01:20.962Z,1.078,1,600,480x270,1.9765820000000076,1213,
2025-12-22T11:01:21.326Z,1.23,1,600,480x270,1.9323099999999727,1250,
2025-12-22T11:01:21.757Z,1.308,1,600,480x270,1.9986750000000484,1216,
2025-12-22T11:01:22.087Z,1.477,1,600,480x270,1.963070000000016,1227,
2025-12-22T11:01:22.354Z,1.687,1,600,480x270,2.0075009999999907,1227,
2025-12-22T11:01:22.669Z,1.913,1,600,480x270,1.9842010000000414,1216,
2025-12-22T11:01:23.056Z,1.996,1,600,480x270,1.9838300000000118,1216,
2025-12-22T11:01:23.446Z,2.113,1,600,480x270,2.0085090000000037,1216,
2025-12-22T11:01:23.634Z,2.008,2,1000,640x360,1.9187709999999925,1216,
2025-12-22T11:01:24.212Z,1.87,2,1000,640x360,1.9378319999999576,1216,
2025-12-22T11:01:24.828Z,1.749,2,1000,640x360,1.9159859999999753,1210,
2025-12-22T11:01:25.532Z,1.489,2,1000,640x360,1.978516999999954,1203,
2025-12-22T11:01:26.079Z,1.416,2,1000,640x360,1.9906579999999963,1187,
2025-12-22T11:01:26.661Z,1.339,2,1000,640x360,2.0029689999999505,1246,
2025-12-22T11:01:27.249Z,1.221,2,1000,640x360,2.01626600000003,1227,
2025-12-22T11:01:27.824Z,1.121,2,1000,640x360,1.9324530000000095,1264,
2025-12-22T11:01:28.369Z,1.083,2,1000,640x360,1.9734679999999685,1265,
2025-12-22T11:01:28.924Z,1.017,2,1000,640x360,1.9223190000000159,1269,
2025-12-22T11:01:29.483Z,0.978,2,1000,640x360,1.9670809999999506,1276,
2025-12-22T11:01:29.553Z,0.978,1,600,480x270,1.9893299999999954,1253,
2025-12-22T11:01:29.876Z,1.075,1,600,480x270,1.9686689999999771,1253,
2025-12-22T11:01:30.215Z,1.231,1,600,480x270,1.9374540000000025,1300,
2025-12-22T11:01:30.552Z,1.418,1,600,480x270,1.9926770000000147,1300,
2025-12-22T11:01:30.890Z,1.575,1,600,480x270,1.9651360000000295,1306,
2025-12-22T11:01:31.219Z,1.726,1,600,480x270,1.9312339999999608,1289,
2025-12-22T11:01:31.544Z,1.894,1,600,480x270,1.9998199999999997,1289,
2025-12-22T11:01:31.944Z,2.013,1,600,480x270,1.998739999999998,1317,
2025-12-22T11:01:32.434Z,2.026,1,600,480x270,1.9197130000000016,1311,
2025-12-22T11:01:32.902Z,2.052,1,600,480x270,1.9417300000000068,1306,
2025-12-22T11:01:32.980Z,2.053,2,1000,640x360,1.9735210000000052,1307,
2025-12-22T11:01:33.525Z,1.929,2,1000,640x360,1.9271049999999832,1307,
2025-12-22T11:01:34.067Z,1.897,2,1000,640x360,1.9836599999999862,1289,
2025-12-22T11:01:34.681Z,1.79,2,1000,640x360,1.9618829999999434,1306,
2025-12-22T11:01:35.293Z,1.674,2,1000,640x360,1.9665270000000419,1266,
2025-12-22T11:01:35.884Z,1.587,2,1000,640x360,1.961616000000049,1270,
2025-12-22T11:01:36.490Z,1.472,2,1000,640x360,1.9565079999999853,1217,
2025-12-22T11:01:37.087Z,1.382,2,1000,640x360,1.9587460000000192,1209,
2025-12-22T11:01:37.686Z,1.289,2,1000,640x360,1.958550999999943,1207,
2025-12-22T11:01:38.266Z,1.22,2,1000,640x360,1.9780190000000175,1189,
2025-12-22T11:01:38.857Z,1.113,2,1000,640x360,1.987510000000043,1257,
2025-12-22T11:01:39.440Z,1.024,2,1000,640x360,2.0089790000000676,1258,
2025-12-22T11:01:40.045Z,0.884,2,1000,640x360,1.998000999999931,1314,
2025-12-22T11:01:40.117Z,0.914,1,600,480x270,1.9248629999999594,1287,
2025-12-22T11:01:40.444Z,1.026,1,600,480x270,2.0141250000000355,1287,
2025-12-22T11:01:40.819Z,1.156,1,600,480x270,1.9321320000000242,1294,
2025-12-22T11:01:41.192Z,1.277,1,600,480x270,1.9578559999999925,1274,
2025-12-22T11:01:41.553Z,1.41,1,600,480x270,2.000538000000006,1274,
2025-12-22T11:01:41.894Z,1.537,1,600,480x270,1.9531140000000278,1275,
2025-12-22T11:01:42.213Z,1.73,1,600,480x270,1.938005999999973,1280,
2025-12-22T11:01:42.613Z,1.84,1,600,480x270,1.932990000000018,1280,
2025-12-22T11:01:42.939Z,2.013,1,600,480x270,1.9060479999999416,1290,
2025-12-22T11:01:43.306Z,2.146,1,600,480x270,1.944550999999933,1291,
2025-12-22T11:01:43.522Z,1.971,2,1000,640x360,1.9280590000000757,1300,
2025-12-22T11:01:44.111Z,1.853,2,1000,640x360,1.9350029999999379,1300,
2025-12-22T11:01:44.644Z,1.81,2,1000,640x360,2.0018069999999852,1302,
2025-12-22T11:01:45.170Z,1.796,2,1000,640x360,1.9856639999999288,1275,
2025-12-22T11:01:45.708Z,1.748,2,1000,640x360,1.936525999999958,1260,
2025-12-22T11:01:46.303Z,1.679,2,1000,640x360,1.9427370000000792,1271,
2025-12-22T11:01:46.856Z,1.596,2,1000,640x360,1.9966880000000629,1232,
2025-12-22T11:01:47.425Z,1.533,2,1000,640x360,1.9318009999999504,1232,
2025-12-22T11:01:47.980Z,1.487,2,1000,640x360,1.9614259999999604,1205,
2025-12-22T11:01:48.515Z,1.427,2,1000,640x360,1.9380749999999125,1231,
2025-12-22T11:01:49.182Z,1.309,2,1000,640x360,1.9736580000000004,1210,
2025-12-22T11:01:49.871Z,1.106,2,1000,640x360,1.9758190000000013,1293,
2025-12-22T11:01:50.587Z,0.905,2,1000,640x360,1.9665109999999686,1243,
2025-12-22T11:01:50.658Z,0.874,1,600,480x270,1.9893110000000434,1170,
2025-12-22T11:01:51.090Z,0.873,1,600,480x270,1.951014999999984,1170,
2025-12-22T11:01:51.558Z,0.924,1,600,480x270,1.986872999999946,1168,
2025-12-22T11:01:52.060Z,0.915,1,600,480x270,1.98294599999997,1262,
2025-12-22T11:01:52.462Z,1.014,1,600,480x270,1.9866200000000163,1274,
2025-12-22T11:01:52.865Z,1.108,1,600,480x270,1.9845530000000053,1256,
2025-12-22T11:01:53.287Z,1.185,1,600,480x270,1.9650449999999182,1211,
2025-12-22T11:01:53.730Z,1.251,1,600,480x270,1.9228970000000345,1194,
2025-12-22T11:01:54.151Z,1.29,1,600,480x270,2.000929000000042,1273,
2025-12-22T11:01:54.227Z,1.31,2,1000,640x360,1.9320580000000973,1273,
2025-12-22T11:01:54.888Z,1.099,2,1000,640x360,1.9620579999999563,1273,
2025-12-22T11:01:55.423Z,1.023,2,1000,640x360,1.9344760000000178,1146,
2025-12-22T11:01:55.973Z,0.994,2,1000,640x360,1.973406999999952,1264,
2025-12-22T11:01:56.531Z,0.919,2,1000,640x360,1.9246539999999186,1190,
2025-12-22T11:01:57.092Z,0.861,2,1000,640x360,1.948423000000048,1245,
2025-12-22T11:01:57.716Z,0.806,2,1000,640x360,1.9290530000000672,1192,
2025-12-22T11:01:57.794Z,0.747,1,600,480x270,1.9495469999999386,1183,
2025-12-22T11:01:58.136Z,0.801,1,600,480x270,1.9132189999999127,1183,
2025-12-22T11:01:58.478Z,0.978,1,600,480x270,1.9778969999999845,1259,
2025-12-22T11:01:58.816Z,1.143,1,600,480x270,1.932228999999893,1220,
2025-12-22T11:01:59.152Z,1.302,1,600,480x270,1.9924669999999196,1240,
2025-12-22T11:01:59.500Z,1.469,1,600,480x270,1.945079000000078,1240,
2025-12-22T11:01:59.842Z,1.624,1,600,480x270,2.0016899999999396,1242,
2025-12-22T11:02:00.204Z,1.742,1,600,480x270,1.943414999999959,1225,
2025-12-22T11:02:00.564Z,1.889,1,600,480x270,1.9893849999999702,1225,
2025-12-22T11:02:00.965Z,1.993,1,600,480x270,1.9871279999999842,1249,
2025-12-22T11:02:01.440Z,2.021,1,600,480x270,2.0063129999999774,1241,
2025-12-22T11:02:01.508Z,2.026,2,1000,640x360,1.937697000000071,1246,
2025-12-22T11:02:02.067Z,1.888,2,1000,640x360,1.9727670000000899,1246,
2025-12-22T11:02:02.679Z,1.765,2,1000,640x360,1.9659449999999197,1241,
2025-12-22T11:02:03.338Z,1.626,2,1000,640x360,1.9165350000000672,1243,
2025-12-22T11:02:03.969Z,1.5,2,1000,640x360,1.9714199999999664,1232,
2025-12-22T11:02:04.613Z,1.344,2,1000,640x360,1.926672999999937,1154,
2025-12-22T11:02:05.255Z,1.204,2,1000,640x360,1.9962739999999712,1118,
2025-12-22T11:02:05.891Z,1.083,2,1000,640x360,1.9532499999999118,1214,
2025-12-22T11:02:06.495Z,0.993,2,1000,640x360,1.9700530000000072,1172,
2025-12-22T11:02:06.568Z,0.981,1,600,480x270,1.9885350000000699,1260,
2025-12-22T11:02:06.944Z,1.018,1,600,480x270,2.004126999999926,1260,
2025-12-22T11:02:07.330Z,1.13,1,600,480x270,1.9171270000000504,1223,
2025-12-22T11:02:07.716Z,1.23,1,600,480x270,1.9345049999999446,1236,
2025-12-22T11:02:08.117Z,1.324,1,600,480x270,1.9260349999999562,1236,
2025-12-22T11:02:08.501Z,1.46,1,600,480x270,1.9430419999999913,1158,
2025-12-22T11:02:08.891Z,1.565,1,600,480x270,1.9597099999999728,1175,
2025-12-22T11:02:09.270Z,1.695,1,600,480x270,1.9799869999999373,1128,
2025-12-22T11:02:09.650Z,1.811,1,600,480x270,1.9945529999999962,1236,
2025-12-22T11:02:10.020Z,1.923,1,600,480x270,1.922407000000021,1236,
2025-12-22T11:02:10.096Z,1.875,2,1000,640x360,1.9559659999999894,1218,
2025-12-22T11:02:10.742Z,1.74,2,1000,640x360,2.008322000000021,1218,
2025-12-22T11:02:11.388Z,1.58,2,1000,640x360,1.9548049999999648,1199,
2025-12-22T11:02:12.015Z,1.456,2,1000,640x360,1.9242680000000973,1171,
2025-12-22T11:02:12.644Z,1.326,2,1000,640x360,1.9954470000000128,1168,
2025-12-22T11:02:13.271Z,1.204,2,1000,640x360,1.9786619999999857,1146,
2025-12-22T11:02:13.912Z,1.074,2,1000,640x360,1.9331040000000712,1147,
2025-12-22T11:02:14.517Z,0.983,2,1000,640x360,1.9388619999999719,1122,
2025-12-22T11:02:14.594Z,0.956,1,600,480x270,1.9578920000000153,1167,
2025-12-22T11:02:14.967Z,0.992,1,600,480x270,1.9799130000000105,1167,
2025-12-22T11:02:15.368Z,1.105,1,600,480x270,1.9851840000000038,1122,
2025-12-22T11:02:15.916Z,1.076,1,600,480x270,1.9336989999999332,1130,
2025-12-22T11:02:16.806Z,0.688,1,600,480x270,1.9369979999999032,1072,
2025-12-22T11:02:17.250Z,0.223,1,600,480x270,2.013247999999976,997,rebuffer happen
2025-12-22T11:02:17.520Z,0.282,1,600,480x270,1.929883000000018,997,rebuffer happen
2025-12-22T11:02:17.600Z,0.268,1,600,480x270,1.9503579999999374,997,rebuffer happen
2025-12-22T11:02:17.688Z,0.312,1,600,480x270,1.9575999999999567,997,
2025-12-22T11:02:17.688Z,0.278,1,600,480x270,1.9569569999999885,997,rebuffer happen
2025-12-22T11:02:17.943Z,0.022,1,600,480x270,2.0039859999999408,882,rebuffer happen
2025-12-22T11:02:18.143Z,0.03,1,600,480x270,2.1792159999999967,882,rebuffer happen
2025-12-22T11:02:18.227Z,0.02,1,600,480x270,2.1367179999999735,882,rebuffer happen
2025-12-22T11:02:18.606Z,0.165,1,600,480x270,2.1908540000000585,882,
2025-12-22T11:02:18.677Z,0.03,0,200,320x180,2.212627999999995,838,rebuffer happen
2025-12-22T11:02:18.687Z,0.03,0,200,320x180,2.212627999999995,838,
2025-12-22T11:02:18.972Z,0.32,0,200,320x180,2.3523099999999886,838,
2025-12-22T11:02:19.037Z,0.284,0,200,320x180,2.2629120000000285,808,rebuffer happen
2025-12-22T11:02:19.327Z,0.457,0,200,320x180,2.2130389999999807,808,
2025-12-22T11:02:19.476Z,0.237,0,200,320x180,2.2214290000000574,786,rebuffer happen
2025-12-22T11:02:19.613Z,0.545,0,200,320x180,2.1396250000000236,786,
2025-12-22T11:02:19.945Z,0.588,0,200,320x180,2.131417000000056,786,
2025-12-22T11:02:20.274Z,0.746,0,200,320x180,2.0569269999999733,738,
2025-12-22T11:02:20.603Z,0.883,0,200,320x180,1.9999840000000404,731,
2025-12-22T11:02:20.927Z,1.068,0,200,320x180,1.9518829999999525,731,
2025-12-22T11:02:21.205Z,1.283,0,200,320x180,1.9688840000000027,659,
2025-12-22T11:02:21.485Z,1.534,0,200,320x180,1.9921880000000556,659,
2025-12-22T11:02:21.759Z,1.751,0,200,320x180,2.0058910000000196,675,
2025-12-22T11:02:21.999Z,1.939,0,200,320x180,1.9604219999999941,646,
2025-12-22T11:02:22.275Z,2.188,0,200,320x180,1.9814529999999877,646,
2025-12-22T11:02:22.796Z,2.194,0,200,320x180,1.9461999999999762,630,
2025-12-22T11:02:23.296Z,2.2,0,200,320x180,1.9645170000000007,627,
2025-12-22T11:02:23.810Z,2.16,0,200,320x180,1.9414709999999786,631,
2025-12-22T11:02:23.888Z,2.115,1,600,480x270,1.9592629999999644,638,
2025-12-22T11:02:24.345Z,2.106,1,600,480x270,2.012929999999983,638,
2025-12-22T11:02:24.854Z,2.083,1,600,480x270,1.989624000000049,688,
2025-12-22T11:02:25.353Z,2.105,1,600,480x270,2.0034420000000637,731,
2025-12-22T11:02:25.854Z,2.101,1,600,480x270,1.9872990000000073,749,
2025-12-22T11:02:26.351Z,2.07,1,600,480x270,1.9943700000000035,796,
2025-12-22T11:02:26.854Z,2.098,1,600,480x270,1.9850460000000112,826,
2025-12-22T11:02:27.355Z,2.091,1,600,480x270,1.9915710000000217,861,
2025-12-22T11:02:27.845Z,2.106,1,600,480x270,2.0013440000000173,887,
2025-12-22T11:02:28.349Z,2.101,1,600,480x270,2.0121900000000323,932,
2025-12-22T11:02:28.833Z,2.111,1,600,480x270,1.9116379999999253,952,
2025-12-22T11:02:29.344Z,2.103,1,600,480x270,2.003702999999973,962,
2025-12-22T11:02:29.849Z,2.092,1,600,480x270,1.9905089999999745,975,
2025-12-22T11:02:30.506Z,1.96,1,600,480x270,1.9393830000000207,982,
2025-12-22T11:02:31.028Z,1.919,1,600,480x270,1.9189850000000206,978,
2025-12-22T11:02:31.541Z,1.91,1,600,480x270,2.00305000000003,1009,
2025-12-22T11:02:32.064Z,1.882,1,600,480x270,1.9783089999999675,1006,
2025-12-22T11:02:32.575Z,1.878,1,600,480x270,1.9826659999999947,1002,
2025-12-22T11:02:33.077Z,1.888,1,600,480x270,1.9616809999999987,1005,
2025-12-22T11:02:33.567Z,1.881,1,600,480x270,1.9735959999999295,999,
2025-12-22T11:02:34.088Z,1.879,1,600,480x270,1.951375999999982,995,
2025-12-22T11:02:34.596Z,1.854,1,600,480x270,1.9622909999999365,996,
2025-12-22T11:02:35.080Z,1.866,1,600,480x270,1.9586100000000215,988,
2025-12-22T11:02:35.586Z,1.862,1,600,480x270,1.9612000000000762,987,
2025-12-22T11:02:36.090Z,1.854,1,600,480x270,1.9486769999999751,987,
2025-12-22T11:02:36.476Z,1.972,1,600,480x270,1.9737409999999045,967,
2025-12-22T11:02:36.856Z,2.099,1,600,480x270,1.9850850000000264,969,
2025-12-22T11:02:37.342Z,2.104,1,600,480x270,1.9996770000000197,947,
2025-12-22T11:02:37.870Z,2.073,1,600,480x270,1.9701639999999543,958,
2025-12-22T11:02:38.417Z,2.051,1,600,480x270,1.9371499999999742,961,
2025-12-22T11:02:38.941Z,2.011,1,600,480x270,2.0013870000000225,993,
2025-12-22T11:02:39.465Z,1.979,1,600,480x270,1.9840710000000854,991,
2025-12-22T11:02:39.976Z,1.971,1,600,480x270,1.9766819999999825,989,
2025-12-22T11:02:40.434Z,2.025,1,600,480x270,1.9128970000000436,990,
2025-12-22T11:02:40.902Z,2.055,1,600,480x270,1.948568000000023,989,
2025-12-22T11:02:41.371Z,2.079,1,600,480x270,1.9803849999999557,991,
2025-12-22T11:02:41.881Z,2.08,1,600,480x270,1.9717030000000477,996,
2025-12-22T11:02:42.396Z,2.06,1,600,480x270,1.9606519999999819,998,
2025-12-22T11:02:42.891Z,2.054,1,600,480x270,1.9621559999999363,1005,
2025-12-22T11:02:43.371Z,2.095,1,600,480x270,1.9884549999999308,999,
2025-12-22T11:02:43.848Z,2.102,1,600,480x270,2.0066640000000007,1015,
2025-12-22T11:02:44.345Z,2.111,1,600,480x270,2.00650799999994,1018,
2025-12-22T11:02:44.411Z,2.121,2,1000,640x360,1.9398129999999583,1045,
2025-12-22T11:02:45.062Z,1.903,2,1000,640x360,1.9866080000000466,1045,
2025-12-22T11:02:45.616Z,1.837,2,1000,640x360,1.9355399999999463,1027,
2025-12-22T11:02:46.192Z,1.777,2,1000,640x360,1.9552199999999402,1023,
2025-12-22T11:02:46.744Z,1.723,2,1000,640x360,1.997229999999945,1012,
2025-12-22T11:02:47.309Z,1.642,2,1000,640x360,1.9303259999999227,1017,
2025-12-22T11:02:47.861Z,1.591,2,1000,640x360,1.9801009999999906,1026,
2025-12-22T11:02:48.420Z,1.55,2,1000,640x360,1.9248340000000326,1034,
2025-12-22T11:02:49.009Z,1.456,2,1000,640x360,1.9336359999999786,1089,
2025-12-22T11:02:49.587Z,1.378,2,1000,640x360,1.957663000000025,1125,
2025-12-22T11:02:50.167Z,1.3,2,1000,640x360,1.9907869999999548,1119,
2025-12-22T11:02:50.749Z,1.221,2,1000,640x360,2.002454000000057,1120,
2025-12-22T11:02:51.309Z,1.147,2,1000,640x360,1.9610440000000153,1153,
2025-12-22T11:02:51.878Z,1.093,2,1000,640x360,1.9662150000000338,1139,
2025-12-22T11:02:52.465Z,0.992,2,1000,640x360,1.9780140000000301,1154,
2025-12-22T11:02:52.545Z,0.998,1,600,480x270,1.8970070000000305,1158,
2025-12-22T11:02:52.906Z,1.061,1,600,480x270,1.9336759999999913,1158,
2025-12-22T11:02:53.265Z,1.197,1,600,480x270,1.9890510000000177,1154,
2025-12-22T11:02:53.614Z,1.347,1,600,480x270,1.9327540000000454,1147,
2025-12-22T11:02:53.966Z,1.49,1,600,480x270,1.9748980000000529,1147,
2025-12-22T11:02:54.314Z,1.631,1,600,480x270,1.9317270000000235,1139,
2025-12-22T11:02:54.676Z,1.794,1,600,480x270,1.9679370000000063,1134,
2025-12-22T11:02:55.024Z,1.917,1,600,480x270,1.9171529999999848,1134,
2025-12-22T11:02:55.398Z,2.041,1,600,480x270,1.95030399999996,1132,
2025-12-22T11:02:55.808Z,2.152,1,600,480x270,1.9307209999999486,1136,
2025-12-22T11:02:55.945Z,2.045,2,1000,640x360,1.8941499999999678,1143,
2025-12-22T11:02:56.541Z,1.926,2,1000,640x360,2.003366000000028,1143,
2025-12-22T11:02:57.066Z,1.895,2,1000,640x360,1.972578999999996,1136,
2025-12-22T11:02:57.595Z,1.875,2,1000,640x360,1.9533850000000257,1143,
2025-12-22T11:02:58.139Z,1.81,2,1000,640x360,1.9042859999999564,1146,
2025-12-22T11:02:58.659Z,1.794,2,1000,640x360,1.99221399999999,1132,
2025-12-22T11:02:59.166Z,1.787,2,1000,640x360,1.979325000000017,1146,
2025-12-22T11:02:59.714Z,1.745,2,1000,640x360,1.9327919999999494,1147,
2025-12-22T11:03:00.248Z,1.712,2,1000,640x360,2.0018059999999878,1140,
2025-12-22T11:03:00.786Z,1.672,2,1000,640x360,1.9578109999999924,1141,
2025-12-22T11:03:01.326Z,1.66,2,1000,640x360,1.931316000000038,1152,
2025-12-22T11:03:01.892Z,1.584,2,1000,640x360,1.949196000000029,1155,
2025-12-22T11:03:02.469Z,1.516,2,1000,640x360,1.980466999999976,1151,
2025-12-22T11:03:03.026Z,1.439,2,1000,640x360,1.9138450000000375,1156,
2025-12-22T11:03:03.592Z,1.386,2,1000,640x360,1.9661879999999883,1154,
2025-12-22T11:03:04.129Z,1.338,2,1000,640x360,1.9130689999999504,1155,
2025-12-22T11:03:04.697Z,1.247,2,1000,640x360,1.9530679999999165,1152,
2025-12-22T11:03:05.288Z,1.172,2,1000,640x360,1.9611850000000004,1151,
2025-12-22T11:03:05.848Z,1.119,2,1000,640x360,1.9939379999999574,1150,
2025-12-22T11:03:06.387Z,1.063,2,1000,640x360,1.9644689999998945,1126,
2025-12-22T11:03:06.941Z,1.013,2,1000,640x360,2.001345000000015,1193,
2025-12-22T11:03:07.510Z,0.973,2,1000,640x360,1.9516419999999925,1217,
2025-12-22T11:03:07.580Z,0.966,1,600,480x270,1.9852070000000595,1196,
2025-12-22T11:03:07.906Z,1.04,1,600,480x270,1.9421469999999772,1196,
2025-12-22T11:03:08.292Z,1.169,1,600,480x270,1.9552099999999655,1200,
2025-12-22T11:03:08.679Z,1.264,1,600,480x270,1.9685349999999744,1198,
2025-12-22T11:03:09.071Z,1.371,1,600,480x270,1.980167999999935,1198,
2025-12-22T11:03:09.450Z,1.509,1,600,480x270,1.995241999999962,1169,
2025-12-22T11:03:09.836Z,1.623,1,600,480x270,1.9060830000000806,1168,
2025-12-22T11:03:10.165Z,1.781,1,600,480x270,1.981157000000053,1158,
2025-12-22T11:03:10.469Z,1.98,1,600,480x270,1.9893499999999449,1158,
2025-12-22T11:03:10.796Z,2.135,1,600,480x270,1.95203099999992,1144,
2025-12-22T11:03:10.992Z,2.009,2,1000,640x360,1.9581680000000006,1152,
2025-12-22T11:03:11.602Z,1.854,2,1000,640x360,1.9492440000000215,1152,
2025-12-22T11:03:12.172Z,1.79,2,1000,640x360,1.9746109999999817,1102,
2025-12-22T11:03:12.719Z,1.756,2,1000,640x360,1.9365399999999227,1092,
2025-12-22T11:03:13.039Z,1.952,2,1000,640x360,2.0075369999999566,1021,
2025-12-22T11:03:13.285Z,2.167,2,1000,640x360,1.9648559999999407,1067,
2025-12-22T11:03:13.809Z,2.183,2,1000,640x360,1.9374289999999519,1066,
2025-12-22T11:03:14.340Z,2.11,2,1000,640x360,2.006448999999975,1053,
2025-12-22T11:03:14.793Z,2.179,2,1000,640x360,1.9568799999999555,1074,
2025-12-22T11:03:15.444Z,2.059,2,1000,640x360,2.013559999999984,1081,
2025-12-22T11:03:15.915Z,2.083,2,1000,640x360,1.9301249999999754,1096,
2025-12-22T11:03:16.463Z,2.002,2,1000,640x360,1.9978260000000319,1086,
2025-12-22T11:03:16.900Z,2.04,2,1000,640x360,1.9574479999999994,1096,
2025-12-22T11:03:17.353Z,2.145,2,1000,640x360,1.9938969999999472,1095,
2025-12-22T11:03:17.851Z,2.139,2,1000,640x360,2.0003469999999197,1089,
2025-12-22T11:03:18.348Z,2.142,2,1000,640x360,2.0052879999999504,1113,
2025-12-22T11:03:18.845Z,2.135,2,1000,640x360,2.001521000000025,1097,
2025-12-22T11:03:19.298Z,2.061,2,1000,640x360,1.9626129999999193,1101,
2025-12-22T11:03:19.806Z,2.109,2,1000,640x360,1.9485939999999573,1120,
2025-12-22T11:03:20.563Z,1.864,2,1000,640x360,1.9935749999999643,1112,
2025-12-22T11:03:20.830Z,2.171,2,1000,640x360,1.9207139999999754,1170,
2025-12-22T11:03:21.906Z,1.603,2,1000,640x360,1.933669000000009,1147,
2025-12-22T11:03:22.649Z,1.374,2,1000,640x360,1.9986459999998942,1131,
2025-12-22T11:03:23.191Z,1.291,2,1000,640x360,1.9708859999999504,1140,
2025-12-22T11:03:23.766Z,1.223,2,1000,640x360,1.9796089999999822,1135,
2025-12-22T11:03:24.360Z,1.115,2,1000,640x360,2.002348999999981,1110,
2025-12-22T11:03:24.954Z,1.018,2,1000,640x360,1.9913259999999582,1146,
2025-12-22T11:03:25.527Z,0.954,2,1000,640x360,1.921041999999943,1135,
2025-12-22T11:03:25.601Z,0.933,1,600,480x270,1.9445629999999028,1139,
2025-12-22T11:03:25.950Z,1.003,1,600,480x270,1.9916359999999713,1139,
2025-12-22T11:03:26.305Z,1.153,1,600,480x270,1.948221999999987,1131,
2025-12-22T11:03:26.611Z,1.344,1,600,480x270,1.9351829999999381,1132,
2025-12-22T11:03:26.930Z,1.51,1,600,480x270,1.920708999999988,1132,
2025-12-22T11:03:27.265Z,1.684,1,600,480x270,1.9869529999999713,1128,
2025-12-22T11:03:27.584Z,1.885,1,600,480x270,1.9658899999999448,1140,
2025-12-22T11:03:28.732Z,1.23,1,600,480x270,1.9189250000000584,1140,
2025-12-22T11:03:29.094Z,1.347,1,600,480x270,1.9486480000000483,1149,
2025-12-22T11:03:29.174Z,1.344,2,1000,640x360,1.9738820000000032,1149,
2025-12-22T11:03:29.876Z,1.09,2,1000,640x360,1.9690080000000307,1149,
2025-12-22T11:03:30.430Z,1.038,2,1000,640x360,1.9123469999999543,1168,
2025-12-22T11:03:30.993Z,0.949,2,1000,640x360,1.9458040000000665,1169,
2025-12-22T11:03:31.529Z,0.93,2,1000,640x360,1.9273370000000796,1179,
2025-12-22T11:03:32.085Z,0.88,2,1000,640x360,1.9574609999999666,1157,
2025-12-22T11:03:32.648Z,0.84,2,1000,640x360,2.0100179999999455,1166,
2025-12-22T11:03:32.726Z,0.755,1,600,480x270,1.9310279999999693,1157,
2025-12-22T11:03:33.059Z,0.897,1,600,480x270,1.985180000000014,1157,
2025-12-22T11:03:33.403Z,1.077,1,600,480x270,1.961738999999966,1189,
2025-12-22T11:03:33.760Z,1.221,1,600,480x270,1.9922769999999446,1181,
2025-12-22T11:03:34.102Z,1.345,1,600,480x270,1.952641999999969,1179,
2025-12-22T11:03:34.454Z,1.507,1,600,480x270,2.0066150000000107,1179,
2025-12-22T11:03:34.809Z,1.648,1,600,480x270,1.9396129999998948,1176,
2025-12-22T11:03:35.178Z,1.777,1,600,480x270,1.9768240000000787,1176,
2025-12-22T11:03:35.521Z,1.924,1,600,480x270,1.930388999999991,1176,
2025-12-22T11:03:35.859Z,2.094,1,600,480x270,1.9874489999999696,1184,
2025-12-22T11:03:36.342Z,2.127,1,600,480x270,2.014595999999983,1189,
2025-12-22T11:03:36.423Z,2.131,2,1000,640x360,1.9324329999999463,1197,
2025-12-22T11:03:36.863Z,2.102,2,1000,640x360,1.9866049999999404,1197,
2025-12-22T11:03:37.709Z,1.356,2,1000,640x360,1.9573219999999765,1175,
2025-12-22T11:03:38.941Z,0.121,2,1000,640x360,2.000891000000024,885,rebuffer happen
2025-12-22T11:03:39.047Z,0.017,2,1000,640x360,2.0004279999999426,885,rebuffer happen
2025-12-22T11:03:39.795Z,0.017,2,1000,640x360,2.6994280000000117,885,