timestamp,bufferLevel,qualityIndex,bitrateKbps,resolution,liveLatency,predictedKbps,rebuffer
2025-12-22T09:08:40.237Z,0,2,1000,640x360,0.8825,,
2025-12-22T09:08:40.244Z,0,2,1000,640x360,0.8825,,rebuffer happen
2025-12-22T09:08:40.761Z,0,2,1000,640x360,1.4735,,
2025-12-22T09:08:40.880Z,0.5,0,200,320x180,1.4735,819,
2025-12-22T09:08:41.036Z,0.866,0,200,320x180,1.567011,819,
2025-12-22T09:08:41.286Z,1.229,0,200,320x180,1.7015500000000001,896,
2025-12-22T09:08:41.596Z,1.444,0,200,320x180,1.76414,904,
2025-12-22T09:08:41.874Z,1.707,0,200,320x180,1.8416000000000001,838,
2025-12-22T09:08:42.189Z,2.023,0,200,320x180,1.871747,868,
2025-12-22T09:08:42.516Z,2.183,0,200,320x180,1.8839330000000003,842,
2025-12-22T09:08:43.026Z,2.205,0,200,320x180,1.9003709999999998,865,
2025-12-22T09:08:43.549Z,2.237,0,200,320x180,1.9953789999999998,942,
2025-12-22T09:08:44.316Z,1.942,0,200,320x180,1.935803,976,
2025-12-22T09:08:44.397Z,1.961,1,600,480x270,1.9566849999999998,1020,
2025-12-22T09:08:44.709Z,2.047,1,600,480x270,1.9396709999999997,1020,
2025-12-22T09:08:45.143Z,2.124,1,600,480x270,1.9088160000000003,1045,
2025-12-22T09:08:45.659Z,2.118,1,600,480x270,1.9970410000000003,1073,
2025-12-22T09:08:46.171Z,2.088,1,600,480x270,1.9858969999999996,1119,
2025-12-22T09:08:46.700Z,2.088,1,600,480x270,1.967721,1147,
2025-12-22T09:08:47.197Z,2.068,1,600,480x270,1.9545169999999992,1149,
2025-12-22T09:08:47.754Z,2.045,1,600,480x270,2.0196059999999996,1156,
2025-12-22T09:08:47.832Z,2.04,2,1000,640x360,1.940321,1162,
2025-12-22T09:08:48.974Z,1.033,2,1000,640x360,1.9731690000000004,1162,
2025-12-22T09:08:49.620Z,0.742,2,1000,640x360,1.9448819999999998,1057,
2025-12-22T09:08:50.316Z,0.516,2,1000,640x360,1.9441810000000004,968,
2025-12-22T09:08:50.397Z,0.937,1,600,480x270,1.9555240000000005,894,
2025-12-22T09:08:50.817Z,0.98,1,600,480x270,1.9506160000000001,894,
2025-12-22T09:08:51.209Z,1.052,1,600,480x270,1.9414580000000008,908,
2025-12-22T09:08:51.639Z,1.161,1,600,480x270,1.9304710000000007,1000,
2025-12-22T09:08:52.046Z,1.221,1,600,480x270,2.0092429999999997,967,
2025-12-22T09:08:52.445Z,1.325,1,600,480x270,1.9998280000000008,971,
2025-12-22T09:08:52.844Z,1.399,1,600,480x270,1.907311,933,
2025-12-22T09:08:53.248Z,1.525,1,600,480x270,1.9995949999999993,900,
2025-12-22T09:08:53.632Z,1.631,1,600,480x270,1.9275350000000007,905,
2025-12-22T09:08:54.033Z,1.742,1,600,480x270,1.9149070000000012,929,
2025-12-22T09:08:54.447Z,1.81,1,600,480x270,1.9989439999999998,944,
2025-12-22T09:08:54.865Z,1.898,1,600,480x270,1.9879130000000007,927,
2025-12-22T09:08:55.292Z,1.962,1,600,480x270,1.9561810000000008,918,
2025-12-22T09:08:55.771Z,2.008,1,600,480x270,1.9952629999999996,925,
2025-12-22T09:08:56.115Z,2.14,1,600,480x270,1.9412949999999984,893,
2025-12-22T09:08:56.691Z,2.066,1,600,480x270,1.954065,936,
2025-12-22T09:08:57.197Z,2.061,1,600,480x270,1.9548190000000005,956,
2025-12-22T09:08:57.709Z,2.067,1,600,480x270,1.9454750000000018,959,
2025-12-22T09:08:58.153Z,2.101,1,600,480x270,2.0011079999999986,961,
2025-12-22T09:08:58.635Z,2.129,1,600,480x270,1.9190490000000011,978,
2025-12-22T09:08:59.144Z,2.125,1,600,480x270,1.9080750000000002,985,
2025-12-22T09:08:59.651Z,2.086,1,600,480x270,2.0155320000000003,1010,
2025-12-22T09:09:00.046Z,2.238,1,600,480x270,2.0070299999999968,1015,
2025-12-22T09:09:00.120Z,2.236,2,1000,640x360,1.9318489999999997,1015,
2025-12-22T09:09:01.480Z,1.062,2,1000,640x360,1.9828919999999997,1025,
2025-12-22T09:09:01.915Z,1.026,2,1000,640x360,1.9394120000000008,1014,
2025-12-22T09:09:02.452Z,0.992,2,1000,640x360,1.9969810000000017,1006,
2025-12-22T09:09:02.972Z,0.955,2,1000,640x360,1.9776820000000015,993,
2025-12-22T09:09:03.481Z,0.929,2,1000,640x360,1.963957999999998,982,
2025-12-22T09:09:03.552Z,1.294,1,600,480x270,1.9001190000000001,962,
2025-12-22T09:09:03.827Z,1.451,1,600,480x270,1.9292470000000002,962,
2025-12-22T09:09:04.214Z,1.545,1,600,480x270,1.9411090000000009,1019,
2025-12-22T09:09:04.687Z,1.562,1,600,480x270,1.9662299999999995,1019,
2025-12-22T09:09:05.056Z,1.711,1,600,480x270,2.000540000000001,1015,
2025-12-22T09:09:05.290Z,1.964,1,600,480x270,1.9634110000000007,1065,
2025-12-22T09:09:05.553Z,2.2,1,600,480x270,1.9970800000000004,1060,
2025-12-22T09:09:06.073Z,2.179,1,600,480x270,1.9721199999999968,1079,
2025-12-22T09:09:06.952Z,1.948,1,600,480x270,2.0029150000000016,1082,
2025-12-22T09:09:07.034Z,1.826,2,1000,640x360,1.9203679999999999,1118,
2025-12-22T09:09:08.100Z,0.915,2,1000,640x360,1.9605560000000004,1105,
2025-12-22T09:09:08.603Z,0.872,2,1000,640x360,1.9572380000000003,1088,
2025-12-22T09:09:09.111Z,0.865,2,1000,640x360,1.9433609999999994,1076,
2025-12-22T09:09:09.616Z,0.807,2,1000,640x360,1.9298049999999982,1063,
2025-12-22T09:09:10.120Z,0.774,2,1000,640x360,1.9262680000000003,1052,
2025-12-22T09:09:10.627Z,0.75,2,1000,640x360,1.9248049999999992,1032,
2025-12-22T09:09:11.147Z,0.712,2,1000,640x360,2.0004820000000016,1011,
2025-12-22T09:09:11.659Z,0.693,2,1000,640x360,1.9992940000000026,991,
2025-12-22T09:09:11.733Z,1.126,1,600,480x270,1.9238870000000006,978,
2025-12-22T09:09:12.034Z,1.226,1,600,480x270,1.9230879999999964,978,
2025-12-22T09:09:12.386Z,1.39,1,600,480x270,1.9646329999999992,999,
2025-12-22T09:09:12.881Z,1.366,1,600,480x270,1.970012000000004,1072,
2025-12-22T09:09:13.367Z,1.377,1,600,480x270,1.9824570000000037,1020,
2025-12-22T09:09:13.876Z,1.42,1,600,480x270,1.9776659999999993,996,
2025-12-22T09:09:14.368Z,1.421,1,600,480x270,1.9777830000000023,965,
2025-12-22T09:09:14.834Z,1.431,1,600,480x270,1.9164639999999977,968,
2025-12-22T09:09:15.336Z,1.395,1,600,480x270,1.9081559999999982,967,
2025-12-22T09:09:15.804Z,1.464,1,600,480x270,1.9539609999999996,895,
2025-12-22T09:09:16.308Z,1.488,1,600,480x270,1.9371129999999965,910,
2025-12-22T09:09:16.797Z,1.485,1,600,480x270,1.9655919999999938,1020,
2025-12-22T09:09:17.286Z,1.491,1,600,480x270,1.959101000000004,946,
2025-12-22T09:09:17.790Z,1.479,1,600,480x270,1.9764259999999965,940,
2025-12-22T09:09:18.289Z,1.498,1,600,480x270,1.9571830000000006,1036,
2025-12-22T09:09:18.799Z,1.472,1,600,480x270,1.9606989999999982,975,
2025-12-22T09:09:19.252Z,1.528,1,600,480x270,2.000402000000001,992,
2025-12-22T09:09:19.794Z,1.476,1,600,480x270,1.9586140000000043,992,
2025-12-22T09:09:20.156Z,1.57,1,600,480x270,2.002576999999995,932,
2025-12-22T09:09:20.526Z,1.7,1,600,480x270,1.9266679999999994,932,
2025-12-22T09:09:20.910Z,1.847,1,600,480x270,1.9456610000000012,964,
2025-12-22T09:09:21.294Z,1.981,1,600,480x270,1.9512130000000028,976,
2025-12-22T09:09:21.680Z,2.068,1,600,480x270,1.9755790000000033,1012,
2025-12-22T09:09:22.189Z,2.071,1,600,480x270,1.960006,1010,
2025-12-22T09:09:22.684Z,2.073,1,600,480x270,1.9631100000000004,1019,
2025-12-22T09:09:23.187Z,2.074,1,600,480x270,1.9636980000000008,1023,
2025-12-22T09:09:23.254Z,2.088,2,1000,640x360,1.896404000000004,1023,
2025-12-22T09:09:24.887Z,0.404,2,1000,640x360,1.9729369999999946,1028,
2025-12-22T09:09:25.529Z,0.368,2,1000,640x360,1.9311330000000027,1010,
2025-12-22T09:09:26.166Z,0.344,2,1000,640x360,1.9929889999999943,948,
2025-12-22T09:09:26.479Z,0.296,2,1000,640x360,1.9686579999999978,914,rebuffer happen
2025-12-22T09:09:26.755Z,0.021,2,1000,640x360,2.000404000000003,914,rebuffer happen
2025-12-22T09:09:26.784Z,0.021,2,1000,640x360,2.000404000000003,914,
2025-12-22T09:09:26.862Z,0.521,1,600,480x270,2.0265050000000002,895,
2025-12-22T09:09:27.038Z,0.29,1,600,480x270,1.9607499999999973,895,rebuffer happen
2025-12-22T09:09:27.230Z,0.564,1,600,480x270,1.956668999999998,895,
2025-12-22T09:09:27.610Z,0.661,1,600,480x270,1.9790709999999976,895,
2025-12-22T09:09:27.989Z,0.798,1,600,480x270,1.9753749999999997,918,
2025-12-22T09:09:28.400Z,0.883,1,600,480x270,1.9608939999999961,934,
2025-12-22T09:09:28.762Z,0.999,1,600,480x270,1.9900539999999936,958,
2025-12-22T09:09:29.138Z,1.101,1,600,480x270,1.9150090000000048,926,
2025-12-22T09:09:29.504Z,1.243,1,600,480x270,1.941603999999998,926,
2025-12-22T09:09:29.885Z,1.388,1,600,480x270,1.9664530000000013,953,
2025-12-22T09:09:30.260Z,1.489,1,600,480x270,1.9927840000000003,950,
2025-12-22T09:09:30.633Z,1.638,1,600,480x270,1.9135730000000066,950,
2025-12-22T09:09:31.036Z,1.7,1,600,480x270,1.9128520000000009,940,
2025-12-22T09:09:31.412Z,1.824,1,600,480x270,1.939945999999999,969,
2025-12-22T09:09:31.857Z,1.904,1,600,480x270,1.9966909999999984,977,
2025-12-22T09:09:32.223Z,2.048,1,600,480x270,1.9217590000000015,987,
2025-12-22T09:09:32.680Z,2.102,1,600,480x270,1.9815609999999992,983,
2025-12-22T09:09:33.188Z,2.085,1,600,480x270,1.9607320000000001,992,
2025-12-22T09:09:33.674Z,2.078,1,600,480x270,1.977451000000002,1002,
2025-12-22T09:09:34.177Z,2.08,1,600,480x270,1.9693789999999964,1012,
2025-12-22T09:09:34.698Z,2.085,1,600,480x270,1.9609730000000027,1013,
2025-12-22T09:09:35.173Z,2.101,1,600,480x270,1.9766320000000022,1024,
2025-12-22T09:09:35.248Z,2.106,2,1000,640x360,1.9004639999999995,1024,
2025-12-22T09:09:36.820Z,0.704,2,1000,640x360,1.9461459999999988,1025,
2025-12-22T09:09:37.471Z,0.391,2,1000,640x360,1.973986999999994,1011,
2025-12-22T09:09:38.026Z,0.37,2,1000,640x360,1.927855000000001,973,
2025-12-22T09:09:38.643Z,0.333,2,1000,640x360,1.9257420000000067,944,
2025-12-22T09:09:38.711Z,0.65,1,600,480x270,1.9596360000000033,915,
2025-12-22T09:09:39.051Z,0.72,1,600,480x270,2.0146920000000037,915,
2025-12-22T09:09:39.391Z,0.87,1,600,480x270,1.959105000000001,928,
2025-12-22T09:09:39.746Z,1.03,1,600,480x270,2.0052069999999986,932,
2025-12-22T09:09:40.117Z,1.167,1,600,480x270,1.9289079999999998,932,
2025-12-22T09:09:40.491Z,1.281,1,600,480x270,1.9610959999999977,953,
2025-12-22T09:09:40.809Z,1.456,1,600,480x270,1.9440540000000013,973,
2025-12-22T09:09:41.114Z,1.614,1,600,480x270,1.9460169999999977,968,
2025-12-22T09:09:41.429Z,1.794,1,600,480x270,1.9194870000000037,968,
2025-12-22T09:09:41.834Z,1.927,1,600,480x270,1.9156269999999935,913,
2025-12-22T09:09:42.265Z,1.992,1,600,480x270,1.9812399999999997,979,
2025-12-22T09:09:42.688Z,2.079,1,600,480x270,1.9696399999999983,973,
2025-12-22T09:09:43.162Z,2.1,1,600,480x270,1.9868700000000032,986,
2025-12-22T09:09:43.644Z,2.082,1,600,480x270,1.9043820000000053,1007,
2025-12-22T09:09:44.193Z,2.064,1,600,480x270,1.9524779999999993,1003,
2025-12-22T09:09:44.276Z,2.081,2,1000,640x360,1.9724310000000074,1003,
2025-12-22T09:09:45.960Z,0.399,2,1000,640x360,1.9992249999999956,1023,
2025-12-22T09:09:46.673Z,0.123,2,1000,640x360,2.0038859999999943,973,rebuffer happen
2025-12-22T09:09:46.687Z,0.123,2,1000,640x360,1.988669999999999,973,
2025-12-22T09:09:47.207Z,0.075,2,1000,640x360,1.9450710000000129,888,rebuffer happen
2025-12-22T09:09:47.255Z,0.026,2,1000,640x360,1.9962820000000079,888,rebuffer happen
2025-12-22T09:09:47.401Z,0.026,2,1000,640x360,2.0982820000000117,888,
2025-12-22T09:09:47.468Z,0.526,1,600,480x270,2.1486540000000076,865,
2025-12-22T09:09:47.678Z,0.23,1,600,480x270,2.1029649999999975,865,rebuffer happen
2025-12-22T09:09:48.024Z,0.376,1,600,480x270,2.0524800000000027,865,
2025-12-22T09:09:48.322Z,0.029,1,600,480x270,2.0095170000000024,816,rebuffer happen
2025-12-22T09:09:48.323Z,0.029,1,600,480x270,2.0095170000000024,816,rebuffer happen
2025-12-22T09:09:48.748Z,0.212,1,600,480x270,2.1948079999999948,816,
2025-12-22T09:09:48.939Z,0.031,1,600,480x270,2.104783999999995,796,rebuffer happen
2025-12-22T09:09:49.363Z,0.246,1,600,480x270,2.307150000000007,796,
2025-12-22T09:09:49.573Z,0.031,1,600,480x270,2.315218999999999,778,rebuffer happen
2025-12-22T09:09:49.923Z,0.023,1,600,480x270,2.371448000000001,778,rebuffer happen
2025-12-22T09:09:50.040Z,0.028,1,600,480x270,2.434792999999999,778,rebuffer happen
2025-12-22T09:09:50.200Z,0.113,1,600,480x270,2.5049740000000043,778,
2025-12-22T09:09:50.307Z,0.024,1,600,480x270,2.497893000000005,781,rebuffer happen
2025-12-22T09:09:50.457Z,0.027,1,600,480x270,2.6677589999999896,781,rebuffer happen
2025-12-22T09:09:50.765Z,0.186,1,600,480x270,2.683737000000008,781,
2025-12-22T09:09:50.991Z,0.017,1,600,480x270,2.656807999999998,785,rebuffer happen
2025-12-22T09:09:51.024Z,0.022,1,600,480x270,2.628394,785,rebuffer happen
2025-12-22T09:09:51.290Z,0.23,1,600,480x270,2.696989000000002,785,
2025-12-22T09:09:51.371Z,0.155,0,200,320x180,2.729663000000002,786,
2025-12-22T09:09:51.578Z,0.444,0,200,320x180,2.7051979999999958,786,
2025-12-22T09:09:51.780Z,0.564,0,200,320x180,2.6029419999999988,786,
2025-12-22T09:09:51.995Z,0.785,0,200,320x180,2.495338000000004,772,
2025-12-22T09:09:52.181Z,1.079,0,200,320x180,2.4313179999999903,772,
2025-12-22T09:09:52.342Z,1.287,0,200,320x180,2.295144999999991,772,
2025-12-22T09:09:52.502Z,1.607,0,200,320x180,2.2859880000000032,769,
2025-12-22T09:09:52.663Z,1.824,0,200,320x180,2.272621000000001,769,
2025-12-22T09:09:52.857Z,2.127,0,200,320x180,2.209838000000005,769,
2025-12-22T09:09:53.033Z,2.4,0,200,320x180,2.0903899999999993,789,
2025-12-22T09:09:53.537Z,2.36,0,200,320x180,2.011443,787,
2025-12-22T09:09:54.040Z,2.252,0,200,320x180,1.9548539999999974,791,
2025-12-22T09:09:54.534Z,2.232,0,200,320x180,1.9461160000000035,770,
2025-12-22T09:09:54.778Z,2.059,1,600,480x270,1.990521000000001,770,
2025-12-22T09:09:56.094Z,1.184,1,600,480x270,1.9564629999999994,771,
2025-12-22T09:09:56.818Z,0.952,1,600,480x270,1.9375169999999997,705,
2025-12-22T09:09:57.590Z,0.653,1,600,480x270,1.970924999999994,685,
2025-12-22T09:09:58.424Z,0.407,1,600,480x270,1.9219709999999992,658,
2025-12-22T09:09:58.500Z,0.313,0,200,320x180,1.9430339999999973,650,
2025-12-22T09:09:58.501Z,0.272,0,200,320x180,1.942306000000002,650,rebuffer happen
2025-12-22T09:09:58.729Z,0.245,0,200,320x180,1.9183160000000044,650,rebuffer happen
2025-12-22T09:09:58.937Z,0.323,0,200,320x180,1.9110250000000093,650,
2025-12-22T09:09:58.994Z,0.279,0,200,320x180,1.9514120000000048,627,rebuffer happen
2025-12-22T09:09:59.170Z,0.535,0,200,320x180,1.9795979999999957,627,
2025-12-22T09:09:59.439Z,0.794,0,200,320x180,1.915887000000012,627,
2025-12-22T09:09:59.709Z,1.03,0,200,320x180,1.941178999999991,621,
2025-12-22T09:09:59.946Z,1.327,0,200,320x180,2.001887999999994,621,
2025-12-22T09:10:00.154Z,1.581,0,200,320x180,1.9961179999999956,609,
2025-12-22T09:10:00.396Z,1.873,0,200,320x180,1.9552740000000028,609,
2025-12-22T09:10:00.605Z,2.146,0,200,320x180,1.9502159999999975,595,
2025-12-22T09:10:01.121Z,2.098,0,200,320x180,1.9244180000000028,607,
2025-12-22T09:10:01.650Z,2.177,0,200,320x180,2.007573000000008,615,
2025-12-22T09:10:02.171Z,2.138,0,200,320x180,1.9749529999999993,626,
2025-12-22T09:10:02.248Z,2.104,1,600,480x270,1.8976650000000035,626,
2025-12-22T09:10:02.681Z,2.106,1,600,480x270,1.9821529999999967,637,
2025-12-22T09:10:03.186Z,2.092,1,600,480x270,1.9748739999999998,696,
2025-12-22T09:10:03.724Z,2.074,1,600,480x270,1.928091000000009,727,
2025-12-22T09:10:04.180Z,2.104,1,600,480x270,1.9645670000000024,770,
2025-12-22T09:10:04.696Z,2.08,1,600,480x270,1.9518509999999907,779,
2025-12-22T09:10:05.193Z,2.082,1,600,480x270,1.9559169999999995,795,
2025-12-22T09:10:05.685Z,2.104,1,600,480x270,1.971226999999999,803,
2025-12-22T09:10:06.163Z,2.122,1,600,480x270,1.9882110000000068,814,
2025-12-22T09:10:06.664Z,2.117,1,600,480x270,1.9971340000000026,828,
2025-12-22T09:10:07.132Z,2.136,1,600,480x270,1.9201559999999915,845,
2025-12-22T09:10:07.653Z,2.107,1,600,480x270,1.9958859999999987,856,
2025-12-22T09:10:08.245Z,2.012,1,600,480x270,1.9991050000000001,865,
2025-12-22T09:10:08.764Z,2.015,1,600,480x270,1.994681,875,
2025-12-22T09:10:09.227Z,1.966,1,600,480x270,1.923180000000002,889,
2025-12-22T09:10:09.815Z,1.946,1,600,480x270,1.940724000000003,895,
2025-12-22T09:10:10.284Z,1.973,1,600,480x270,1.9603290000000015,909,
2025-12-22T09:10:10.794Z,1.973,1,600,480x270,1.962375999999992,916,
2025-12-22T09:10:11.248Z,2.01,1,600,480x270,2.001559999999998,929,
2025-12-22T09:10:11.780Z,1.995,1,600,480x270,1.9917170000000084,938,
2025-12-22T09:10:12.249Z,2.013,1,600,480x270,2.0053350000000023,941,
2025-12-22T09:10:12.710Z,2.055,1,600,480x270,1.9458690000000018,949,
2025-12-22T09:10:13.222Z,2.037,1,600,480x270,1.9246300000000076,955,
2025-12-22T09:10:13.806Z,1.966,1,600,480x270,1.9390969999999896,959,
2025-12-22T09:10:14.202Z,2.057,1,600,480x270,1.9497809999999873,956,
2025-12-22T09:10:14.833Z,1.927,1,600,480x270,1.9272959999999983,959,
2025-12-22T09:10:15.409Z,1.838,1,600,480x270,1.9380089999999939,962,
2025-12-22T09:10:15.887Z,1.894,1,600,480x270,1.957683000000003,983,
2025-12-22T09:10:16.428Z,1.847,1,600,480x270,1.9200659999999914,982,
2025-12-22T09:10:16.930Z,1.836,1,600,480x270,1.9181780000000117,975,
2025-12-22T09:10:17.501Z,1.781,1,600,480x270,1.948526000000001,969,
2025-12-22T09:10:18.073Z,1.689,1,600,480x270,1.9781859999999938,977,
2025-12-22T09:10:18.593Z,1.68,1,600,480x270,1.9775589999999994,972,
2025-12-22T09:10:19.084Z,1.704,1,600,480x270,1.9764090000000039,1009,
2025-12-22T09:10:19.602Z,1.687,1,600,480x270,1.9612259999999964,982,
2025-12-22T09:10:20.129Z,1.663,1,600,480x270,1.9246959999999973,982,
2025-12-22T09:10:20.543Z,1.745,1,600,480x270,1.9070790000000102,982,
2025-12-22T09:10:20.906Z,1.866,1,600,480x270,1.9434850000000097,989,
2025-12-22T09:10:21.290Z,1.965,1,600,480x270,1.9554550000000006,1022,
2025-12-22T09:10:21.680Z,2.077,1,600,480x270,1.9688950000000034,1020,
2025-12-22T09:10:22.182Z,2.074,1,600,480x270,1.9694299999999885,1019,
2025-12-22T09:10:22.256Z,2.061,2,1000,640x360,1.9902490000000057,1019,
2025-12-22T09:10:23.856Z,0.607,2,1000,640x360,2.0158639999999934,1027,
2025-12-22T09:10:24.487Z,0.291,2,1000,640x360,1.9607740000000007,1004,rebuffer happen
2025-12-22T09:10:24.528Z,0.291,2,1000,640x360,1.9192429999999945,1004,
2025-12-22T09:10:25.018Z,0.258,2,1000,640x360,1.9298469999999952,981,rebuffer happen
2025-12-22T09:10:25.252Z,0.023,2,1000,640x360,2.000029000000012,981,rebuffer happen
2025-12-22T09:10:25.266Z,0.023,2,1000,640x360,2.000029000000012,981,
2025-12-22T09:10:25.523Z,0.283,2,1000,640x360,1.9587180000000046,950,rebuffer happen
2025-12-22T09:10:25.770Z,0.027,2,1000,640x360,2.0021890000000013,950,rebuffer happen
2025-12-22T09:10:25.827Z,0.027,2,1000,640x360,2.0021890000000013,950,
2025-12-22T09:10:25.903Z,0.526,1,600,480x270,2.022118000000006,907,
2025-12-22T09:10:26.249Z,0.551,1,600,480x270,2.0437470000000104,907,
2025-12-22T09:10:26.588Z,0.72,1,600,480x270,2.0034100000000024,907,
2025-12-22T09:10:26.953Z,0.826,1,600,480x270,2.0144930000000016,995,
2025-12-22T09:10:27.408Z,0.859,1,600,480x270,1.9480429999999984,966,
2025-12-22T09:10:27.867Z,0.924,1,600,480x270,1.9970600000000047,950,
2025-12-22T09:10:28.303Z,0.978,1,600,480x270,1.9619440000000026,926,
2025-12-22T09:10:28.761Z,1.041,1,600,480x270,2.016717,933,
2025-12-22T09:10:29.041Z,1.235,1,600,480x270,1.9316589999999962,933,
2025-12-22T09:10:29.382Z,1.399,1,600,480x270,1.970049000000003,937,
2025-12-22T09:10:29.785Z,1.471,1,600,480x270,1.9731920000000116,930,
2025-12-22T09:10:30.269Z,1.49,1,600,480x270,1.9793400000000076,932,
2025-12-22T09:10:30.669Z,1.609,1,600,480x270,1.9880449999999996,902,
2025-12-22T09:10:31.047Z,1.71,1,600,480x270,1.9992550000000051,902,
2025-12-22T09:10:31.420Z,1.853,1,600,480x270,1.9336550000000017,907,
2025-12-22T09:10:31.901Z,1.852,1,600,480x270,1.961471000000003,897,
2025-12-22T09:10:32.359Z,1.919,1,600,480x270,1.993622000000002,881,
2025-12-22T09:10:32.803Z,1.993,1,600,480x270,1.961531000000008,896,
2025-12-22T09:10:33.189Z,2.076,1,600,480x270,1.9655410000000018,909,
2025-12-22T09:10:33.816Z,1.927,1,600,480x270,1.9370550000000009,926,
2025-12-22T09:10:34.163Z,2.093,1,600,480x270,1.9864099999999922,917,
2025-12-22T09:10:34.628Z,2.134,1,600,480x270,1.9237739999999945,960,
2025-12-22T09:10:35.234Z,2.034,1,600,480x270,1.9234709999999922,960,
2025-12-22T09:10:35.670Z,2.111,1,600,480x270,1.9896540000000016,967,
2025-12-22T09:10:36.181Z,2.077,1,600,480x270,1.9743509999999986,974,
2025-12-22T09:10:36.703Z,2.072,1,600,480x270,1.9681349999999895,974,
2025-12-22T09:10:37.171Z,2.092,1,600,480x270,1.982087000000007,994,
2025-12-22T09:10:37.657Z,2.101,1,600,480x270,1.995580000000004,1006,
2025-12-22T09:10:38.145Z,2.109,1,600,480x270,2.0011900000000082,1019,
2025-12-22T09:10:38.216Z,2.119,2,1000,640x360,1.9298180000000116,1019,
2025-12-22T09:10:39.776Z,0.69,2,1000,640x360,1.9845909999999947,1025,
2025-12-22T09:10:40.347Z,0.46,2,1000,640x360,1.9999690000000072,1017,
2025-12-22T09:10:40.899Z,0.619,2,1000,640x360,1.9611720000000048,997,
2025-12-22T09:10:41.449Z,0.593,2,1000,640x360,2.0007650000000012,989,
2025-12-22T09:10:41.986Z,0.289,2,1000,640x360,1.9687729999999988,968,rebuffer happen
2025-12-22T09:10:42.018Z,0.289,2,1000,640x360,1.9361810000000048,968,
2025-12-22T09:10:42.105Z,0.756,1,600,480x270,1.9423209999999926,938,
2025-12-22T09:10:42.431Z,0.787,1,600,480x270,1.9249640000000028,938,
2025-12-22T09:10:42.914Z,0.812,1,600,480x270,1.9390649999999994,965,
2025-12-22T09:10:43.199Z,1.057,1,600,480x270,1.951738000000006,980,
2025-12-22T09:10:43.522Z,1.248,1,600,480x270,1.9269620000000032,980,
2025-12-22T09:10:43.870Z,1.405,1,600,480x270,1.9858449999999976,1001,
2025-12-22T09:10:44.178Z,1.579,1,600,480x270,1.9694060000000064,1008,
2025-12-22T09:10:44.508Z,1.774,1,600,480x270,1.951198000000005,1008,
2025-12-22T09:10:44.914Z,1.853,1,600,480x270,1.9431989999999928,1001,
2025-12-22T09:10:45.264Z,1.995,1,600,480x270,1.985744000000011,1016,
2025-12-22T09:10:45.646Z,2.139,1,600,480x270,2.0208629999999914,1023,
2025-12-22T09:10:45.722Z,2.091,2,1000,640x360,1.9504440000000045,1023,
2025-12-22T09:10:47.245Z,0.742,2,1000,640x360,2.000467999999998,1033,
2025-12-22T09:10:47.887Z,0.445,2,1000,640x360,1.9680490000000077,1020,
2025-12-22T09:10:48.539Z,0.415,2,1000,640x360,1.919235999999998,1008,
2025-12-22T09:10:49.011Z,0.393,2,1000,640x360,1.9418009999999981,962,
2025-12-22T09:10:49.522Z,0.349,2,1000,640x360,1.9401420000000087,943,
2025-12-22T09:10:49.590Z,0.758,1,600,480x270,1.9682190000000048,919,
2025-12-22T09:10:49.924Z,0.847,1,600,480x270,1.9370200000000182,919,
2025-12-22T09:10:50.265Z,0.996,1,600,480x270,1.9928539999999941,927,
2025-12-22T09:10:50.653Z,1.106,1,600,480x270,1.9967089999999814,926,
2025-12-22T09:10:51.040Z,1.226,1,600,480x270,1.9092210000000023,926,
2025-12-22T09:10:51.533Z,1.226,1,600,480x270,1.924948999999998,943,
2025-12-22T09:10:51.873Z,1.383,1,600,480x270,1.9751679999999965,945,
2025-12-22T09:10:52.209Z,1.573,1,600,480x270,1.9498739999999941,959,
2025-12-22T09:10:52.542Z,1.72,1,600,480x270,1.9153689999999983,959,
2025-12-22T09:10:52.936Z,1.838,1,600,480x270,1.9164220000000114,978,
2025-12-22T09:10:53.291Z,1.967,1,600,480x270,1.958184999999986,965,
2025-12-22T09:10:53.691Z,2.056,1,600,480x270,1.9804989999999805,1002,
2025-12-22T09:10:54.182Z,2.127,1,600,480x270,1.976442999999989,993,
2025-12-22T09:10:54.692Z,2.068,1,600,480x270,1.9591450000000066,994,
2025-12-22T09:10:55.169Z,2.088,1,600,480x270,1.975609999999989,1003,
2025-12-22T09:10:55.684Z,2.075,1,600,480x270,1.970922999999999,1002,
2025-12-22T09:10:56.229Z,2.027,1,600,480x270,1.9212879999999757,1013,
2025-12-22T09:10:56.706Z,2.061,1,600,480x270,1.9530709999999942,1020,
2025-12-22T09:10:57.187Z,2.055,1,600,480x270,1.9603359999999839,1023,
2025-12-22T09:10:57.264Z,2.091,2,1000,640x360,1.9909319999999866,1023,
2025-12-22T09:10:58.944Z,0.551,2,1000,640x360,1.9036249999999768,1028,
2025-12-22T09:10:59.517Z,0.264,2,1000,640x360,1.944108,996,rebuffer happen
2025-12-22T09:10:59.589Z,0.264,2,1000,640x360,1.9631940000000156,996,
2025-12-22T09:11:00.057Z,0.219,2,1000,640x360,1.9903659999999945,940,rebuffer happen
2025-12-22T09:11:00.248Z,0.027,2,1000,640x360,1.9976959999999906,940,rebuffer happen
2025-12-22T09:11:00.255Z,0.027,2,1000,640x360,1.9976959999999906,940,
2025-12-22T09:11:00.580Z,0.225,2,1000,640x360,2.0008430000000033,900,rebuffer happen
2025-12-22T09:11:00.765Z,0.033,2,1000,640x360,2.015281999999985,900,rebuffer happen
2025-12-22T09:11:00.924Z,0.033,2,1000,640x360,2.106281999999993,900,
2025-12-22T09:11:01.002Z,0.514,1,600,480x270,2.1155720000000144,873,
2025-12-22T09:11:01.182Z,0.293,1,600,480x270,2.0983870000000024,873,rebuffer happen
2025-12-22T09:11:01.401Z,0.484,1,600,480x270,2.0448780000000113,873,
2025-12-22T09:11:01.790Z,0.554,1,600,480x270,2.0265959999999836,876,
2025-12-22T09:11:02.167Z,0.645,1,600,480x270,2.0304490000000044,887,
2025-12-22T09:11:02.561Z,0.73,1,600,480x270,2.022496000000018,887,
2025-12-22T09:11:02.941Z,0.858,1,600,480x270,1.9348520000000065,905,
2025-12-22T09:11:03.323Z,0.959,1,600,480x270,1.94809699999999,941,
2025-12-22T09:11:03.708Z,1.074,1,600,480x270,1.947215,949,
2025-12-22T09:11:04.087Z,1.185,1,600,480x270,1.9662649999999928,949,
2025-12-22T09:11:04.487Z,1.267,1,600,480x270,1.9564459999999997,950,
2025-12-22T09:11:04.888Z,1.396,1,600,480x270,1.9556379999999933,951,
2025-12-22T09:11:05.262Z,1.474,1,600,480x270,1.9975359999999966,954,
2025-12-22T09:11:05.660Z,1.568,1,600,480x270,1.9915249999999958,966,
2025-12-22T09:11:06.032Z,1.727,1,600,480x270,1.9191009999999835,966,
2025-12-22T09:11:06.429Z,1.854,1,600,480x270,1.9210230000000195,947,
2025-12-22T09:11:06.809Z,1.957,1,600,480x270,1.945984999999979,974,
2025-12-22T09:11:07.204Z,2.055,1,600,480x270,1.9458150000000103,976,
2025-12-22T09:11:07.675Z,2.07,1,600,480x270,1.970029000000011,982,
2025-12-22T09:11:08.315Z,2.005,1,600,480x270,1.9401940000000195,988,
2025-12-22T09:11:08.796Z,1.971,1,600,480x270,1.9613999999999976,988,
2025-12-22T09:11:09.371Z,1.91,1,600,480x270,1.9883749999999907,987,
2025-12-22T09:11:09.990Z,1.853,1,600,480x270,1.963244000000003,972,
2025-12-22T09:11:10.560Z,1.729,1,600,480x270,1.9966760000000079,899,
2025-12-22T09:11:11.063Z,1.702,1,600,480x270,1.9853630000000067,934,
2025-12-22T09:11:11.586Z,1.697,1,600,480x270,1.962787999999989,918,
2025-12-22T09:11:12.105Z,1.683,1,600,480x270,1.9515079999999898,879,
2025-12-22T09:11:12.648Z,1.621,1,600,480x270,2.009032999999988,902,
2025-12-22T09:11:13.172Z,1.626,1,600,480x270,1.9903710000000103,876,
2025-12-22T09:11:13.741Z,1.543,1,600,480x270,1.9062439999999867,873,
2025-12-22T09:11:14.219Z,1.562,1,600,480x270,1.9387279999999976,847,
2025-12-22T09:11:14.669Z,1.622,1,600,480x270,1.9970630000000256,820,
2025-12-22T09:11:15.148Z,1.634,1,600,480x270,2.00385,806,
2025-12-22T09:11:15.613Z,1.652,1,600,480x270,1.9375770000000045,791,
2025-12-22T09:11:16.137Z,1.641,1,600,480x270,1.909499000000011,762,
2025-12-22T09:11:16.626Z,1.637,1,600,480x270,1.9420330000000092,764,
2025-12-22T09:11:17.107Z,1.677,1,600,480x270,1.952664000000027,839,
2025-12-22T09:11:17.603Z,1.66,1,600,480x270,1.9494809999999916,914,
2025-12-22T09:11:18.098Z,1.675,1,600,480x270,1.9542179999999973,843,
2025-12-22T09:11:18.595Z,1.673,1,600,480x270,1.9651969999999892,865,
2025-12-22T09:11:19.074Z,1.708,1,600,480x270,1.97983499999998,828,
2025-12-22T09:11:19.571Z,1.693,1,600,480x270,1.9781989999999894,852,
2025-12-22T09:11:20.217Z,1.543,1,600,480x270,1.9348770000000002,828,
2025-12-22T09:11:20.660Z,1.625,1,600,480x270,1.9993559999999775,848,
2025-12-22T09:11:21.107Z,1.678,1,600,480x270,1.9523440000000107,819,
2025-12-22T09:11:21.555Z,1.681,1,600,480x270,1.998547000000002,848,
2025-12-22T09:11:21.909Z,1.851,1,600,480x270,1.9371140000000082,864,
2025-12-22T09:11:22.206Z,2.062,1,600,480x270,1.9444409999999834,900,
2025-12-22T09:11:22.640Z,2.122,1,600,480x270,1.9125339999999937,904,
2025-12-22T09:11:23.100Z,2.157,1,600,480x270,1.9529100000000028,917,
2025-12-22T09:11:23.624Z,2.135,1,600,480x270,1.9270989999999983,934,
2025-12-22T09:11:24.142Z,2.113,1,600,480x270,1.908738999999997,949,
2025-12-22T09:11:24.776Z,1.987,1,600,480x270,1.9895230000000197,963,
2025-12-22T09:11:25.082Z,2.157,1,600,480x270,1.9729429999999866,966,
2025-12-22T09:11:25.625Z,2.13,1,600,480x270,1.9243490000000065,983,
2025-12-22T09:11:26.117Z,2.137,1,600,480x270,1.929645999999991,989,
2025-12-22T09:11:26.567Z,2.193,1,600,480x270,1.993126000000018,1006,
2025-12-22T09:11:27.197Z,2.056,1,600,480x270,1.9491390000000024,1013,
2025-12-22T09:11:27.269Z,2.078,2,1000,640x360,1.9887849999999787,1013,
2025-12-22T09:11:28.331Z,1.143,2,1000,640x360,1.9241969999999924,1021,
2025-12-22T09:11:28.946Z,0.85,2,1000,640x360,2.0058620000000076,1011,
2025-12-22T09:11:29.469Z,0.809,2,1000,640x360,1.9744249999999965,997,
2025-12-22T09:11:30.021Z,0.786,2,1000,640x360,1.93522999999999,988,
2025-12-22T09:11:30.654Z,0.765,2,1000,640x360,2.005931000000004,976,
2025-12-22T09:11:30.728Z,1.126,1,600,480x270,1.9316249999999968,965,
2025-12-22T09:11:31.063Z,1.187,1,600,480x270,1.99650299999999,965,
2025-12-22T09:11:31.275Z,1.46,1,600,480x270,1.9740899999999897,982,
2025-12-22T09:11:31.557Z,1.697,1,600,480x270,1.9983189999999809,982,
2025-12-22T09:11:31.977Z,1.859,1,600,480x270,1.9738660000000152,982,
2025-12-22T09:11:32.411Z,1.855,1,600,480x270,1.9338070000000016,1020,
2025-12-22T09:11:32.809Z,1.952,1,600,480x270,1.945245,1018,
2025-12-22T09:11:33.142Z,2.114,1,600,480x270,1.907510000000002,1025,
2025-12-22T09:11:33.600Z,2.185,1,600,480x270,1.9691839999999843,1037,
2025-12-22T09:11:34.116Z,2.126,1,600,480x270,1.943210999999991,1043,
2025-12-22T09:11:34.190Z,2.165,2,1000,640x360,1.9613750000000039,1043,
2025-12-22T09:11:35.641Z,0.72,2,1000,640x360,1.927109999999999,1052,
2025-12-22T09:11:36.264Z,0.683,2,1000,640x360,1.9983330000000024,1040,
2025-12-22T09:11:36.946Z,0.381,2,1000,640x360,2.0032460000000185,1022,
2025-12-22T09:11:37.675Z,0.349,2,1000,640x360,1.9978499999999997,939,
2025-12-22T09:11:37.742Z,0.602,1,600,480x270,1.9312040000000081,874,
2025-12-22T09:11:38.212Z,0.538,1,600,480x270,1.939799999999991,874,
2025-12-22T09:11:38.697Z,0.585,1,600,480x270,1.964398999999986,915,
2025-12-22T09:11:39.142Z,0.634,1,600,480x270,1.9033379999999909,887,
2025-12-22T09:11:39.582Z,0.661,1,600,480x270,1.9643179999999916,925,
2025-12-22T09:11:40.102Z,0.658,1,600,480x270,1.9509560000000192,891,
2025-12-22T09:11:40.578Z,0.69,1,600,480x270,1.9759679999999946,909,
2025-12-22T09:11:41.107Z,0.655,1,600,480x270,1.9516669999999863,902,
2025-12-22T09:11:41.606Z,0.695,1,600,480x270,1.96337299999999,894,
2025-12-22T09:11:42.030Z,0.736,1,600,480x270,1.9374559999999974,850,
2025-12-22T09:11:42.415Z,0.856,1,600,480x270,1.9346679999999878,972,
2025-12-22T09:11:42.803Z,0.983,1,600,480x270,1.943614999999994,942,
2025-12-22T09:11:43.105Z,1.15,1,600,480x270,1.9465399999999988,996,
2025-12-22T09:11:43.451Z,1.303,1,600,480x270,1.9938730000000078,996,
2025-12-22T09:11:43.813Z,1.449,1,600,480x270,1.9429700000000025,983,
2025-12-22T09:11:44.206Z,1.553,1,600,480x270,1.9469550000000027,995,
2025-12-22T09:11:44.712Z,1.549,1,600,480x270,1.9455179999999928,995,
2025-12-22T09:11:45.088Z,1.684,1,600,480x270,1.9693570000000022,997,
2025-12-22T09:11:45.463Z,1.805,1,600,480x270,1.9806460000000072,1002,
2025-12-22T09:11:45.841Z,1.927,1,600,480x270,1.9169809999999927,1005,
2025-12-22T09:11:46.243Z,2.032,1,600,480x270,1.9052169999999933,1011,
2025-12-22T09:11:46.657Z,2.099,1,600,480x270,1.9989649999999983,1016,
2025-12-22T09:11:47.171Z,2.084,1,600,480x270,1.982163000000014,1020,
2025-12-22T09:11:47.241Z,2.103,2,1000,640x360,1.911785000000009,1020,
2025-12-22T09:11:48.856Z,0.43,2,1000,640x360,2.0039239999999836,1025,
2025-12-22T09:11:49.448Z,0.395,2,1000,640x360,1.9993829999999946,1011,
2025-12-22T09:11:50.054Z,0.374,2,1000,640x360,2.005075000000005,991,
2025-12-22T09:11:50.609Z,0.336,2,1000,640x360,1.9559749999999951,955,
2025-12-22T09:11:50.686Z,0.68,1,600,480x270,1.993044999999995,932,
2025-12-22T09:11:51.136Z,0.645,1,600,480x270,1.9219600000000128,932,
2025-12-22T09:11:51.434Z,0.838,1,600,480x270,1.9235140000000115,953,
2025-12-22T09:11:51.772Z,1.011,1,600,480x270,1.9780949999999962,969,
2025-12-22T09:11:52.079Z,1.176,1,600,480x270,1.9667499999999905,977,
2025-12-22T09:11:52.430Z,1.338,1,600,480x270,1.9213949999999897,977,
2025-12-22T09:11:52.753Z,1.522,1,600,480x270,2.0053210000000092,1024,
2025-12-22T09:11:53.001Z,1.77,1,600,480x270,1.9486880000000042,1024,
2025-12-22T09:11:53.448Z,1.819,1,600,480x270,1.9981320000000267,1020,
2025-12-22T09:11:53.753Z,2.016,1,600,480x270,2.0083309999999983,1027,
2025-12-22T09:11:54.090Z,2.105,1,600,480x270,1.9624220000000037,1038,
2025-12-22T09:11:54.163Z,2.191,2,1000,640x360,1.9946899999999914,1038,
2025-12-22T09:11:55.729Z,0.793,2,1000,640x360,1.9199689999999805,1039,
2025-12-22T09:11:56.275Z,0.759,2,1000,640x360,1.9788519999999892,1017,
2025-12-22T09:11:56.924Z,0.453,2,1000,640x360,1.9261700000000133,1006,
2025-12-22T09:11:57.638Z,0.154,2,1000,640x360,1.924968000000007,944,rebuffer happen
2025-12-22T09:11:57.762Z,0.028,2,1000,640x360,1.9987179999999967,944,rebuffer happen
2025-12-22T09:11:57.962Z,0.028,2,1000,640x360,2.1987180000000137,944,
2025-12-22T09:11:58.039Z,0.475,1,600,480x270,2.117159000000015,912,
2025-12-22T09:11:58.184Z,0.299,1,600,480x270,2.144748000000021,912,rebuffer happen
2025-12-22T09:11:58.377Z,0.504,1,600,480x270,2.103777000000008,912,
2025-12-22T09:11:58.718Z,0.657,1,600,480x270,2.0378469999999993,927,
2025-12-22T09:11:59.026Z,0.811,1,600,480x270,1.9891179999999906,927,
2025-12-22T09:11:59.384Z,0.937,1,600,480x270,1.9968800000000044,1019,
2025-12-22T09:11:59.766Z,1.012,1,600,480x270,2.0057899999999904,974,
2025-12-22T09:12:00.162Z,1.098,1,600,480x270,1.9915300000000116,959,
2025-12-22T09:12:00.702Z,1.078,1,600,480x270,1.9532930000000022,959,
2025-12-22T09:12:00.982Z,1.293,1,600,480x270,1.9791319999999928,984,
2025-12-22T09:12:01.281Z,1.475,1,600,480x270,1.9697820000000092,978,
2025-12-22T09:12:01.511Z,1.758,1,600,480x270,1.943220999999994,969,
2025-12-22T09:12:01.749Z,1.978,1,600,480x270,2.008576000000005,969,
2025-12-22T09:12:02.136Z,2.14,1,600,480x270,1.9224279999999965,953,
2025-12-22T09:12:02.749Z,2.012,1,600,480x270,2.002145999999982,987,
2025-12-22T09:12:03.091Z,2.165,1,600,480x270,1.9585600000000056,987,
2025-12-22T09:12:03.806Z,1.973,1,600,480x270,1.9538860000000113,1015,
2025-12-22T09:12:04.305Z,1.966,1,600,480x270,1.9465289999999982,998,
2025-12-22T09:12:04.724Z,2.036,1,600,480x270,1.9361490000000003,1011,
2025-12-22T09:12:05.321Z,1.935,1,600,480x270,1.9276529999999923,1015,
2025-12-22T09:12:05.398Z,1.954,2,1000,640x360,1.9481689999999787,1036,
2025-12-22T09:12:06.449Z,1.023,2,1000,640x360,1.9985099999999818,1029,
2025-12-22T09:12:07.024Z,0.997,2,1000,640x360,1.9314860000000067,1012,
2025-12-22T09:12:07.615Z,0.699,2,1000,640x360,1.9446640000000173,990,
2025-12-22T09:12:08.218Z,0.661,2,1000,640x360,1.9340310000000045,950,
2025-12-22T09:12:08.815Z,0.63,2,1000,640x360,1.9322679999999934,918,
2025-12-22T09:12:08.894Z,0.925,1,600,480x270,1.9565640000000144,901,
2025-12-22T09:12:09.269Z,0.998,1,600,480x270,1.985810000000015,901,
2025-12-22T09:12:09.546Z,1.215,1,600,480x270,2.0083480000000122,937,
2025-12-22T09:12:09.858Z,1.403,1,600,480x270,1.9925849999999912,937,
2025-12-22T09:12:10.364Z,1.403,1,600,480x270,1.9942109999999786,967,
2025-12-22T09:12:10.698Z,1.559,1,600,480x270,1.9585170000000005,949,
2025-12-22T09:12:11.033Z,1.71,1,600,480x270,1.9187129999999968,949,
2025-12-22T09:12:11.409Z,1.825,1,600,480x270,1.9445839999999919,1013,
2025-12-22T09:12:11.691Z,2.04,1,600,480x270,1.9675140000000226,1003,
2025-12-22T09:12:12.163Z,2.094,1,600,480x270,1.9902189999999962,1009,
2025-12-22T09:12:12.728Z,2.028,1,600,480x270,1.921687999999989,1018,
2025-12-22T09:12:12.801Z,2.046,2,1000,640x360,1.956865999999991,1018,
2025-12-22T09:12:13.855Z,1.103,2,1000,640x360,2.017772999999977,1028,
2025-12-22T09:12:14.411Z,1.057,2,1000,640x360,1.937043000000017,1013,
2025-12-22T09:12:14.984Z,1.025,2,1000,640x360,1.961909999999989,1001,
2025-12-22T09:12:15.603Z,0.725,2,1000,640x360,1.9631889999999999,970,
2025-12-22T09:12:16.171Z,0.689,2,1000,640x360,1.9758429999999976,933,
2025-12-22T09:12:16.240Z,1.106,1,600,480x270,1.9065219999999954,910,
2025-12-22T09:12:16.602Z,1.191,1,600,480x270,1.9682689999999923,910,
2025-12-22T09:12:16.991Z,1.299,1,600,480x270,1.967583999999988,943,
2025-12-22T09:12:17.342Z,1.428,1,600,480x270,1.906959999999998,1011,
2025-12-22T09:12:17.664Z,1.61,1,600,480x270,1.9895779999999945,985,
2025-12-22T09:12:17.983Z,1.776,1,600,480x270,1.976425000000006,985,
2025-12-22T09:12:18.276Z,1.981,1,600,480x270,1.9695059999999955,998,
2025-12-22T09:12:18.607Z,2.144,1,600,480x270,1.9436100000000067,1004,
2025-12-22T09:12:19.076Z,2.181,1,600,480x270,1.971053000000012,1010,
2025-12-22T09:12:19.657Z,2.103,1,600,480x270,1.9946300000000008,1020,
2025-12-22T09:12:19.739Z,2.084,2,1000,640x360,1.9123400000000004,1020,
2025-12-22T09:12:21.274Z,0.647,2,1000,640x360,1.9767679999999928,1024,
2025-12-22T09:12:21.952Z,0.346,2,1000,640x360,1.9950220000000058,1016,
2025-12-22T09:12:22.459Z,0.315,2,1000,640x360,1.985036000000008,995,
2025-12-22T09:12:22.986Z,0.289,2,1000,640x360,1.9686480000000017,971,rebuffer happen
2025-12-22T09:12:23.141Z,0.289,2,1000,640x360,1.9073110000000213,971,
2025-12-22T09:12:23.214Z,0.633,1,600,480x270,1.9432099999999934,945,
2025-12-22T09:12:23.618Z,0.655,1,600,480x270,1.9337069999999983,945,
2025-12-22T09:12:23.993Z,0.789,1,600,480x270,1.9651859999999886,969,
2025-12-22T09:12:24.348Z,0.919,1,600,480x270,1.999288000000007,957,
2025-12-22T09:12:24.706Z,1.07,1,600,480x270,1.952670000000012,975,
2025-12-22T09:12:25.098Z,1.203,1,600,480x270,1.9608639999999866,975,
2025-12-22T09:12:25.345Z,1.376,1,600,480x270,1.9993609999999933,1006,
2025-12-22T09:12:25.771Z,1.484,1,600,480x270,1.9738810000000058,1001,
2025-12-22T09:12:26.119Z,1.634,1,600,480x270,1.9304009999999892,1008,
2025-12-22T09:12:26.436Z,1.784,1,600,480x270,1.907194000000004,1008,
2025-12-22T09:12:26.797Z,1.964,1,600,480x270,1.9601770000000158,1031,
2025-12-22T09:12:26.868Z,1.985,2,1000,640x360,1.9961270000000013,1023,
2025-12-22T09:12:28.113Z,0.735,2,1000,640x360,1.9347659999999962,1026,
2025-12-22T09:12:28.923Z,0.449,2,1000,640x360,1.929177999999979,964,
2025-12-22T09:12:29.606Z,0.416,2,1000,640x360,1.952715999999981,920,
2025-12-22T09:12:29.689Z,0.661,1,600,480x270,1.9720529999999883,859,
2025-12-22T09:12:30.089Z,0.692,1,600,480x270,1.9667850000000158,859,
2025-12-22T09:12:30.444Z,0.812,1,600,480x270,1.9007909999999981,904,
2025-12-22T09:12:30.821Z,0.96,1,600,480x270,1.9351709999999969,876,
2025-12-22T09:12:31.257Z,1.018,1,600,480x270,1.9970899999999858,854,
2025-12-22T09:12:31.567Z,1.207,1,600,480x270,1.9804949999999906,854,
2025-12-22T09:12:31.946Z,1.326,1,600,480x270,2.000803000000019,869,
2025-12-22T09:12:32.329Z,1.444,1,600,480x270,1.9162729999999897,892,
2025-12-22T09:12:32.680Z,1.6,1,600,480x270,1.976600000000019,881,
2025-12-22T09:12:33.008Z,1.719,1,600,480x270,1.9400449999999978,881,
2025-12-22T09:12:33.576Z,1.686,1,600,480x270,1.971812,869,
2025-12-22T09:12:34.177Z,1.595,1,600,480x270,1.9713910000000112,881,
2025-12-22T09:12:34.526Z,1.733,1,600,480x270,1.9250800000000083,848,
2025-12-22T09:12:34.879Z,1.867,1,600,480x270,1.9783759999999972,901,
2025-12-22T09:12:35.221Z,2.055,1,600,480x270,1.9256719999999916,971,
2025-12-22T09:12:35.632Z,2.149,1,600,480x270,1.931258000000014,958,
2025-12-22T09:12:36.154Z,2.12,1,600,480x270,2.0040329999999926,969,
2025-12-22T09:12:36.594Z,2.173,1,600,480x270,1.9671989999999937,989,
2025-12-22T09:12:37.110Z,2.177,1,600,480x270,1.9451370000000168,994,
2025-12-22T09:12:37.586Z,2.177,1,600,480x270,1.968211999999994,1001,
2025-12-22T09:12:38.127Z,2.126,1,600,480x270,1.9267719999999997,1015,
2025-12-22T09:12:38.207Z,2.08,2,1000,640x360,1.9375189999999805,1015,
2025-12-22T09:12:39.649Z,0.814,2,1000,640x360,1.9998500000000092,1022,
2025-12-22T09:12:40.261Z,0.521,2,1000,640x360,1.992623000000009,1011,
2025-12-22T09:12:40.779Z,0.765,2,1000,640x360,1.9767089999999996,1002,
2025-12-22T09:12:41.343Z,0.459,2,1000,640x360,1.9025979999999834,987,
2025-12-22T09:12:41.971Z,0.434,2,1000,640x360,1.9928620000000024,980,
2025-12-22T09:12:42.047Z,0.809,1,600,480x270,1.915980000000019,936,
2025-12-22T09:12:42.417Z,0.848,1,600,480x270,1.9301030000000026,936,
2025-12-22T09:12:42.733Z,0.993,1,600,480x270,1.9175260000000094,966,
2025-12-22T09:12:43.077Z,1.179,1,600,480x270,1.9771360000000016,966,
2025-12-22T09:12:43.428Z,1.338,1,600,480x270,1.9197529999999858,986,
2025-12-22T09:12:43.816Z,1.448,1,600,480x270,1.9496330000000057,976,
2025-12-22T09:12:44.193Z,1.578,1,600,480x270,1.95509899999999,986,
2025-12-22T09:12:44.550Z,1.717,1,600,480x270,2.003813000000008,986,
2025-12-22T09:12:44.924Z,1.841,1,600,480x270,1.927264000000008,1024,
2025-12-22T09:12:45.335Z,1.931,1,600,480x270,1.9147520000000213,1045,
2025-12-22T09:12:45.907Z,1.909,1,600,480x270,1.9433760000000007,1052,
2025-12-22T09:12:45.975Z,1.872,2,1000,640x360,1.9785029999999892,1041,
2025-12-22T09:12:46.852Z,1.161,2,1000,640x360,2.0114469999999756,1046,
2025-12-22T09:12:47.410Z,1.115,2,1000,640x360,1.9495119999999986,1037,
2025-12-22T09:12:48.051Z,0.829,2,1000,640x360,2.0015360000000157,1023,
2025-12-22T09:12:48.502Z,0.791,2,1000,640x360,1.9501989999999978,1013,
2025-12-22T09:12:49.032Z,0.756,2,1000,640x360,1.9209570000000156,987,
2025-12-22T09:12:49.533Z,0.879,2,1000,640x360,1.931600000000003,960,
2025-12-22T09:12:49.607Z,1.232,1,600,480x270,1.9502779999999973,937,
2025-12-22T09:12:49.955Z,1.317,1,600,480x270,2.004103999999984,937,
2025-12-22T09:12:50.276Z,1.492,1,600,480x270,1.9747720000000015,955,
2025-12-22T09:12:50.690Z,1.566,1,600,480x270,1.9621469999999874,956,
2025-12-22T09:12:51.041Z,1.726,1,600,480x270,1.9145049999999912,956,
2025-12-22T09:12:51.401Z,1.853,1,600,480x270,1.9469699999999932,1039,
2025-12-22T09:12:51.785Z,1.977,1,600,480x270,1.9673669999999959,1014,
2025-12-22T09:12:52.125Z,2.133,1,600,480x270,1.9274159999999938,1027,
2025-12-22T09:12:52.606Z,2.151,1,600,480x270,1.947449000000006,1041,
2025-12-22T09:12:53.166Z,2.103,1,600,480x270,1.984567999999996,1048,
2025-12-22T09:12:53.238Z,2.108,2,1000,640x360,1.9123129999999833,1048,
2025-12-22T09:12:54.854Z,0.69,2,1000,640x360,2.002758,1050,
2025-12-22T09:12:55.469Z,0.383,2,1000,640x360,1.9852039999999818,1029,
2025-12-22T09:12:56.195Z,0.082,2,1000,640x360,1.95400699999999,964,rebuffer happen
2025-12-22T09:12:56.221Z,0.082,2,1000,640x360,1.9273259999999937,964,
2025-12-22T09:12:56.723Z,0.051,2,1000,640x360,1.9208730000000287,890,rebuffer happen
2025-12-22T09:12:56.744Z,0.03,2,1000,640x360,1.8996220000000221,890,rebuffer happen
2025-12-22T09:12:56.903Z,0.03,2,1000,640x360,2.0996220000000108,890,
2025-12-22T09:12:56.980Z,0.53,1,600,480x270,2.140566000000007,868,
2025-12-22T09:12:57.292Z,0.554,1,600,480x270,2.070442000000014,868,
2025-12-22T09:12:57.772Z,0.573,1,600,480x270,2.041530000000023,878,
2025-12-22T09:12:58.196Z,0.629,1,600,480x270,1.9882470000000012,889,
2025-12-22T09:12:58.658Z,0.648,1,600,480x270,2.0112049999999613,889,
2025-12-22T09:12:59.142Z,0.618,1,600,480x270,1.9210199999999986,1020,
2025-12-22T09:12:59.603Z,0.664,1,600,480x270,1.9513030000000526,953,
2025-12-22T09:13:00.050Z,0.725,1,600,480x270,2.003257000000019,948,
2025-12-22T09:13:00.449Z,0.807,1,600,480x270,1.9986490000000003,976,
2025-12-22T09:13:00.710Z,1.061,1,600,480x270,1.9340689999999654,975,
2025-12-22T09:13:00.970Z,1.267,1,600,480x270,1.9803769999999759,975,
2025-12-22T09:13:01.594Z,1.191,1,600,480x270,1.9592460000000074,919,
2025-12-22T09:13:02.060Z,1.192,1,600,480x270,1.9886960000000045,942,
2025-12-22T09:13:02.433Z,1.32,1,600,480x270,1.9158459999999877,985,
2025-12-22T09:13:02.787Z,1.484,1,600,480x270,1.972522999999967,1010,
2025-12-22T09:13:03.125Z,1.632,1,600,480x270,1.9291699999999992,1008,
2025-12-22T09:13:03.489Z,1.832,1,600,480x270,1.9630500000000097,1008,
2025-12-22T09:13:03.867Z,1.888,1,600,480x270,1.9895029999999565,1018,
2025-12-22T09:13:03.945Z,1.86,2,1000,640x360,1.9116019999999594,1025,
2025-12-22T09:13:05.035Z,0.816,2,1000,640x360,1.9235590000000116,1023,
2025-12-22T09:13:05.624Z,0.776,2,1000,640x360,1.9406880000000228,1003,
2025-12-22T09:13:06.117Z,0.742,2,1000,640x360,1.9372919999999567,992,
2025-12-22T09:13:06.579Z,0.718,2,1000,640x360,1.9802480000000173,954,
2025-12-22T09:13:06.950Z,0.953,2,1000,640x360,2.0049280000000067,935,
2025-12-22T09:13:07.590Z,0.914,2,1000,640x360,1.9687739999999962,917,
2025-12-22T09:13:07.669Z,1.165,1,600,480x270,2.004820000000052,893,
2025-12-22T09:13:08.127Z,1.148,1,600,480x270,1.926181999999983,893,
2025-12-22T09:13:08.468Z,1.286,1,600,480x270,1.98669000000001,1018,
2025-12-22T09:13:08.957Z,1.257,1,600,480x270,2.000007000000039,973,
2025-12-22T09:13:09.296Z,1.475,1,600,480x270,1.955206999999973,1036,
2025-12-22T09:13:09.614Z,1.671,1,600,480x270,1.9337960000000294,1028,
2025-12-22T09:13:09.984Z,1.733,1,600,480x270,1.9675149999999917,1028,
2025-12-22T09:13:10.341Z,1.927,1,600,480x270,1.9080389999999738,1050,
2025-12-22T09:13:10.685Z,2.076,1,600,480x270,1.966998999999987,1049,
2025-12-22T09:13:11.115Z,2.142,1,600,480x270,1.9361690000000067,1058,
2025-12-22T09:13:11.184Z,2.161,2,1000,640x360,1.975163000000009,1058,
2025-12-22T09:13:12.714Z,0.622,2,1000,640x360,1.9632080000000087,1065,
2025-12-22T09:13:13.283Z,0.576,2,1000,640x360,1.975227000000018,1043,
2025-12-22T09:13:13.927Z,0.54,2,1000,640x360,1.9191490000000044,1033,
2025-12-22T09:13:14.543Z,0.241,2,1000,640x360,1.9187469999999962,995,rebuffer happen
2025-12-22T09:13:14.558Z,0.241,2,1000,640x360,1.9975640000000112,995,
2025-12-22T09:13:14.637Z,0.726,1,600,480x270,1.9174689999999828,955,
2025-12-22T09:13:15.013Z,0.765,1,600,480x270,1.9404759999999897,955,
2025-12-22T09:13:15.513Z,0.744,1,600,480x270,1.9364439999999945,999,
2025-12-22T09:13:15.835Z,0.926,1,600,480x270,1.9249750000000176,964,
2025-12-22T09:13:16.167Z,1.105,1,600,480x270,1.980824000000041,1007,
2025-12-22T09:13:16.479Z,1.286,1,600,480x270,1.9726980000000367,1007,
2025-12-22T09:13:16.813Z,1.466,1,600,480x270,1.9343569999999772,1023,
2025-12-22T09:13:17.145Z,1.633,1,600,480x270,2.000573999999972,1029,
2025-12-22T09:13:17.449Z,1.803,1,600,480x270,1.998894000000007,1029,
2025-12-22T09:13:17.750Z,2.005,1,600,480x270,1.9988129999999842,1047,
2025-12-22T09:13:18.134Z,2.119,1,600,480x270,1.9212029999999913,1052,
2025-12-22T09:13:18.209Z,2.14,2,1000,640x360,1.9417940000000158,1052,
2025-12-22T09:13:19.744Z,0.698,2,1000,640x360,2.0107509999999706,1056,
2025-12-22T09:13:20.295Z,0.531,2,1000,640x360,1.9526920000000132,1043,
2025-12-22T09:13:20.877Z,0.616,2,1000,640x360,1.9688029999999799,1038,
2025-12-22T09:13:21.298Z,0.551,2,1000,640x360,1.9474380000000338,1013,
2025-12-22T09:13:21.724Z,0.563,2,1000,640x360,1.9308090000000107,994,
2025-12-22T09:13:21.794Z,1.059,1,600,480x270,1.9600240000000326,994,
2025-12-22T09:13:22.087Z,1.184,1,600,480x270,1.9669629999999643,994,
2025-12-22T09:13:22.467Z,1.31,1,600,480x270,1.9864640000000122,1003,
2025-12-22T09:13:22.832Z,1.436,1,600,480x270,1.917301000000009,1025,
2025-12-22T09:13:23.188Z,1.582,1,600,480x270,1.9657659999999737,1018,
2025-12-22T09:13:23.570Z,1.708,1,600,480x270,1.9905590000000188,1018,
2025-12-22T09:13:24.003Z,1.771,1,600,480x270,1.9466489999999794,1029,
2025-12-22T09:13:24.359Z,1.912,1,600,480x270,1.9987110000000143,1032,
2025-12-22T09:13:24.721Z,2.035,1,600,480x270,1.9263310000000047,1064,
2025-12-22T09:13:25.211Z,1.992,1,600,480x270,1.9397289999999998,1062,
2025-12-22T09:13:25.289Z,2.044,2,1000,640x360,1.9539309999999546,1062,
2025-12-22T09:13:26.222Z,1.3,2,1000,640x360,1.92289999999997,1054,
2025-12-22T09:13:27.126Z,0.74,2,1000,640x360,1.9253239999999892,1031,
2025-12-22T09:13:27.640Z,0.717,2,1000,640x360,1.9153590000000236,1000,
2025-12-22T09:13:28.197Z,0.682,2,1000,640x360,1.9507580000000075,954,
2025-12-22T09:13:28.819Z,0.664,2,1000,640x360,1.940842000000032,917,
2025-12-22T09:13:28.902Z,0.957,1,600,480x270,1.9529269999999883,896,
2025-12-22T09:13:29.249Z,1.025,1,600,480x270,2.002907999999991,896,
2025-12-22T09:13:29.867Z,0.91,1,600,480x270,1.9915239999999699,896,
2025-12-22T09:13:30.309Z,0.947,1,600,480x270,1.9448770000000195,924,
2025-12-22T09:13:30.755Z,1.003,1,600,480x270,1.9947799999999916,909,
2025-12-22T09:13:31.215Z,1.055,1,600,480x270,1.9329359999999838,909,
2025-12-22T09:13:31.653Z,1.092,1,600,480x270,2.004613000000006,987,
2025-12-22T09:13:32.124Z,1.149,1,600,480x270,1.9355260000000385,970,
2025-12-22T09:13:32.541Z,1.241,1,600,480x270,1.905132999999978,991,
2025-12-22T09:13:32.920Z,1.349,1,600,480x270,1.9230140000000233,969,
2025-12-22T09:13:33.338Z,1.418,1,600,480x270,1.9060519999999883,975,
2025-12-22T09:13:33.710Z,1.536,1,600,480x270,1.9494629999999802,946,
2025-12-22T09:13:34.106Z,1.683,1,600,480x270,1.951529999999991,946,
2025-12-22T09:13:34.505Z,1.766,1,600,480x270,1.954716000000019,978,
2025-12-22T09:13:34.915Z,1.851,1,600,480x270,1.9336600000000317,998,
2025-12-22T09:13:35.279Z,1.97,1,600,480x270,1.9761809999999969,991,
2025-12-22T09:13:35.718Z,2.074,1,600,480x270,1.9335949999999684,995,
2025-12-22T09:13:36.311Z,1.95,1,600,480x270,1.9384860000000117,999,
2025-12-22T09:13:36.729Z,2.051,1,600,480x270,1.9172179999999912,1006,
2025-12-22T09:13:37.354Z,1.907,1,600,480x270,1.9997220000000198,991,
2025-12-22T09:13:37.898Z,1.853,1,600,480x270,1.9524800000000369,946,
2025-12-22T09:13:38.369Z,1.891,1,600,480x270,1.9740110000000186,935,
2025-12-22T09:13:38.850Z,1.932,1,600,480x270,1.9961680000000115,921,
2025-12-22T09:13:39.573Z,1.727,1,600,480x270,1.985813999999948,928,
2025-12-22T09:13:40.036Z,1.716,1,600,480x270,1.9207190000000196,903,
2025-12-22T09:13:40.594Z,1.671,1,600,480x270,1.9684009999999716,882,
2025-12-22T09:13:41.179Z,1.608,1,600,480x270,1.9679530000000227,877,
2025-12-22T09:13:41.829Z,1.454,1,600,480x270,1.919979000000012,861,
2025-12-22T09:13:42.199Z,1.555,1,600,480x270,1.9546189999999797,843,
2025-12-22T09:13:42.479Z,1.786,1,600,480x270,1.9720320000000129,843,
2025-12-22T09:13:42.796Z,1.998,1,600,480x270,1.9569189999999708,886,
2025-12-22T09:13:43.056Z,2.246,1,600,480x270,1.9885440000000472,906,
2025-12-22T09:13:43.520Z,2.206,1,600,480x270,1.9342619999999897,919,
2025-12-22T09:13:44.493Z,1.77,1,600,480x270,1.9528930000000173,911,
2025-12-22T09:13:44.972Z,1.783,1,600,480x270,1.988296000000048,975,
2025-12-22T09:13:45.331Z,1.922,1,600,480x270,1.9132869999999684,981,
2025-12-22T09:13:45.650Z,2.084,1,600,480x270,1.9963060000000041,985,
2025-12-22T09:13:46.147Z,2.105,1,600,480x270,1.999697000000026,990,
2025-12-22T09:13:46.603Z,2.128,1,600,480x270,1.9530940000000214,1004,
2025-12-22T09:13:47.121Z,2.138,1,600,480x270,1.930104999999969,1008,
2025-12-22T09:13:47.196Z,2.157,2,1000,640x360,1.9506410000000187,1008,
2025-12-22T09:13:48.758Z,0.712,2,1000,640x360,1.998563000000047,1020,
2025-12-22T09:13:49.336Z,0.662,2,1000,640x360,1.911282999999969,1010,
2025-12-22T09:13:49.893Z,0.383,2,1000,640x360,1.953756999999996,1001,
2025-12-22T09:13:50.462Z,0.343,2,1000,640x360,1.9837929999999915,985,
2025-12-22T09:13:50.935Z,0.588,2,1000,640x360,1.9247589999999946,964,
2025-12-22T09:13:51.007Z,0.825,1,600,480x270,1.9454939999999965,943,
2025-12-22T09:13:51.317Z,0.951,1,600,480x270,1.9301379999999995,943,
2025-12-22T09:13:51.655Z,1.114,1,600,480x270,1.9975009999999997,1011,
2025-12-22T09:13:52.009Z,1.245,1,600,480x270,1.936612000000025,1011,
2025-12-22T09:13:52.400Z,1.379,1,600,480x270,1.9523220000000379,1006,
2025-12-22T09:13:52.748Z,1.513,1,600,480x270,2.005079999999964,1018,
2025-12-22T09:13:53.079Z,1.704,1,600,480x270,1.9681729999999789,1018,
2025-12-22T09:13:53.414Z,1.841,1,600,480x270,1.9342080000000124,1023,
2025-12-22T09:13:53.775Z,1.984,1,600,480x270,1.9752510000000143,1019,
2025-12-22T09:13:54.151Z,2.098,1,600,480x270,2.0006439999999657,1023,
2025-12-22T09:13:54.628Z,2.141,1,600,480x270,1.9289339999999697,1031,
2025-12-22T09:13:54.696Z,2.103,2,1000,640x360,1.9680329999999913,1031,
2025-12-22T09:13:56.257Z,0.774,2,1000,640x360,1.9883939999999711,1039,
2025-12-22T09:13:56.816Z,0.464,2,1000,640x360,1.930370000000039,1023,
2025-12-22T09:13:57.537Z,0.44,2,1000,640x360,1.9166500000000042,1014,
2025-12-22T09:13:58.082Z,0.383,2,1000,640x360,1.969188000000031,966,
2025-12-22T09:13:58.149Z,0.641,1,600,480x270,1.9001860000000192,952,
2025-12-22T09:13:58.474Z,0.779,1,600,480x270,1.9726980000000367,952,
2025-12-22T09:13:58.800Z,0.969,1,600,480x270,1.9710610000000202,984,
2025-12-22T09:13:59.131Z,1.131,1,600,480x270,1.9307360000000244,1004,
2025-12-22T09:13:59.384Z,1.375,1,600,480x270,1.9623259999999618,1004,
2025-12-22T09:13:59.722Z,1.568,1,600,480x270,1.9505270000000223,1019,
2025-12-22T09:14:00.068Z,1.718,1,600,480x270,2.000314000000003,1019,
2025-12-22T09:14:00.365Z,1.897,1,600,480x270,1.9940780000000018,1056,
2025-12-22T09:14:00.659Z,2.148,1,600,480x270,2.000283999999965,1055,
2025-12-22T09:14:01.249Z,2.01,1,600,480x270,1.9967579999999998,1066,
2025-12-22T09:14:01.729Z,2.03,1,600,480x270,1.9245070000000055,1063,
2025-12-22T09:14:01.805Z,2.049,2,1000,640x360,1.9461009999999987,1063,
2025-12-22T09:14:03.070Z,0.869,2,1000,640x360,1.994263999999987,1074,
2025-12-22T09:14:03.738Z,0.59,2,1000,640x360,1.934707000000003,1037,
2025-12-22T09:14:04.367Z,0.536,2,1000,640x360,1.992906000000005,992,
2025-12-22T09:14:04.803Z,0.498,2,1000,640x360,1.9501530000000002,956,
2025-12-22T09:14:05.584Z,0.202,2,1000,640x360,1.977891999999997,910,rebuffer happen
2025-12-22T09:14:05.751Z,0.033,2,1000,640x360,2.008683000000019,910,rebuffer happen
2025-12-22T09:14:05.771Z,0.033,2,1000,640x360,2.008683000000019,910,
2025-12-22T09:14:05.861Z,0.533,1,600,480x270,2.028367000000003,878,
2025-12-22T09:14:06.230Z,0.584,1,600,480x270,1.9439239999999813,878,
2025-12-22T09:14:06.545Z,0.736,1,600,480x270,2.0272150000000124,878,
2025-12-22T09:14:06.998Z,0.76,1,600,480x270,1.958705000000009,887,
2025-12-22T09:14:07.431Z,0.83,1,600,480x270,1.9289099999999735,985,
2025-12-22T09:14:07.838Z,0.964,1,600,480x270,1.9224810000000048,974,
2025-12-22T09:14:08.240Z,1.02,1,600,480x270,1.912595999999951,982,
2025-12-22T09:14:08.628Z,1.15,1,600,480x270,1.9444750000000113,982,
2025-12-22T09:14:08.921Z,1.348,1,600,480x270,1.9470100000000343,989,
2025-12-22T09:14:09.239Z,1.521,1,600,480x270,1.9185229999999933,1001,
2025-12-22T09:14:09.537Z,1.719,1,600,480x270,1.9181770000000142,1001,
2025-12-22T09:14:09.826Z,1.941,1,600,480x270,1.9212530000000356,1020,
2025-12-22T09:14:10.114Z,2.139,1,600,480x270,1.9395779999999831,1015,
2025-12-22T09:14:10.180Z,2.16,2,1000,640x360,1.9730649999999628,1015,
2025-12-22T09:14:11.775Z,0.693,2,1000,640x360,1.9815059999999676,1033,
2025-12-22T09:14:12.325Z,0.647,2,1000,640x360,1.922772000000009,1028,
2025-12-22T09:14:12.909Z,0.621,2,1000,640x360,1.949040000000025,1017,
2025-12-22T09:14:13.365Z,0.544,2,1000,640x360,1.9887110000000234,1012,
2025-12-22T09:14:13.825Z,0.555,2,1000,640x360,1.9197100000000091,1007,
2025-12-22T09:14:13.897Z,0.949,1,600,480x270,1.9484640000000013,990,
2025-12-22T09:14:14.181Z,1.083,1,600,480x270,1.964617999999973,990,
2025-12-22T09:14:14.498Z,1.257,1,600,480x270,1.9538459999999986,990,
2025-12-22T09:14:14.852Z,1.406,1,600,480x270,2.0031569999999874,1021,
2025-12-22T09:14:15.174Z,1.559,1,600,480x270,1.9719390000000203,1043,
2025-12-22T09:14:15.573Z,1.711,1,600,480x270,1.9913950000000114,1043,
2025-12-22T09:14:15.864Z,1.9,1,600,480x270,1.99290400000001,1041,
2025-12-22T09:14:16.173Z,2.085,1,600,480x270,1.9779859999999871,1070,
2025-12-22T09:14:16.640Z,2.13,1,600,480x270,1.909181999999987,1075,
2025-12-22T09:14:17.128Z,2.126,1,600,480x270,1.9247720000000186,1091,
2025-12-22T09:14:17.300Z,2.035,2,1000,640x360,1.9455829999999992,1091,
2025-12-22T09:14:18.311Z,1.041,2,1000,640x360,1.9436289999999872,1099,
2025-12-22T09:14:18.839Z,1.011,2,1000,640x360,1.9078759999999875,1083,
2025-12-22T09:14:19.232Z,1.24,2,1000,640x360,1.9133820000000128,1074,
2025-12-22T09:14:20.249Z,0.529,2,1000,640x360,1.9996680000000424,1064,
2025-12-22T09:14:20.706Z,0.644,2,1000,640x360,1.9488269999999943,1053,
2025-12-22T09:14:21.148Z,0.884,2,1000,640x360,2.000392999999974,1036,
2025-12-22T09:14:21.882Z,0.601,2,1000,640x360,1.9918200000000184,1017,
2025-12-22T09:14:21.961Z,0.842,1,600,480x270,2.003705000000025,996,
2025-12-22T09:14:22.334Z,0.926,1,600,480x270,1.9154479999999694,996,
2025-12-22T09:14:22.660Z,1.1,1,600,480x270,1.992338000000018,1011,
2025-12-22T09:14:23.059Z,1.198,1,600,480x270,1.9872699999999668,1011,
2025-12-22T09:14:23.488Z,1.317,1,600,480x270,1.9644850000000247,1053,
2025-12-22T09:14:23.844Z,1.385,1,600,480x270,1.914619000000016,1051,
2025-12-22T09:14:24.203Z,1.558,1,600,480x270,1.9434949999999844,1064,
2025-12-22T09:14:24.532Z,1.722,1,600,480x270,1.9239410000000134,1064,
2025-12-22T09:14:24.854Z,1.867,1,600,480x270,1.9921810000000164,1108,
2025-12-22T09:14:25.199Z,2.054,1,600,480x270,1.949816999999996,1101,
2025-12-22T09:14:25.368Z,2.075,2,1000,640x360,1.988512999999955,1104,
2025-12-22T09:14:26.445Z,1.074,2,1000,640x360,1.9992020000000252,1104,
2025-12-22T09:14:26.984Z,1.052,2,1000,640x360,1.9864389999999617,1079,
2025-12-22T09:14:27.524Z,1.012,2,1000,640x360,1.9314019999999914,1066,
2025-12-22T09:14:28.122Z,0.711,2,1000,640x360,1.930228999999997,1028,
2025-12-22T09:14:28.761Z,0.692,2,1000,640x360,2.0040910000000167,991,
2025-12-22T09:14:28.842Z,0.953,1,600,480x270,1.9223690000000033,956,
2025-12-22T09:14:29.213Z,1.048,1,600,480x270,1.9384169999999585,956,
2025-12-22T09:14:29.625Z,1.168,1,600,480x270,1.9343259999999987,956,
2025-12-22T09:14:30.012Z,1.263,1,600,480x270,1.936838000000023,963,
2025-12-22T09:14:30.401Z,1.37,1,600,480x270,1.943868000000009,1023,
2025-12-22T09:14:30.843Z,1.414,1,600,480x270,1.9074600000000146,1005,
2025-12-22T09:14:31.181Z,1.592,1,600,480x270,1.9639769999999999,1079,
2025-12-22T09:14:31.532Z,1.73,1,600,480x270,1.9308990000000108,1079,
2025-12-22T09:14:31.916Z,1.858,1,600,480x270,1.9382080000000315,1042,
2025-12-22T09:14:32.327Z,1.92,1,600,480x270,1.9247659999999769,1059,
2025-12-22T09:14:32.395Z,1.948,2,1000,640x360,1.9570129999999608,1061,
2025-12-22T09:14:33.582Z,0.9,2,1000,640x360,1.9783590000000117,1061,
2025-12-22T09:14:34.235Z,0.606,2,1000,640x360,1.9149869999999964,993,
2025-12-22T09:14:34.895Z,0.584,2,1000,640x360,1.9704849999999965,942,
2025-12-22T09:14:35.501Z,0.285,2,1000,640x360,1.9637619999999743,914,rebuffer happen
2025-12-22T09:14:35.557Z,0.285,2,1000,640x360,2.002520000000004,914,
2025-12-22T09:14:35.626Z,0.727,1,600,480x270,1.9329520000000002,861,
2025-12-22T09:14:36.004Z,0.765,1,600,480x270,1.9545820000000163,861,
2025-12-22T09:14:36.371Z,0.906,1,600,480x270,1.9713070000000243,876,
2025-12-22T09:14:36.670Z,1.103,1,600,480x270,1.9833190000000513,918,
2025-12-22T09:14:36.987Z,1.271,1,600,480x270,1.9669480000000021,918,
2025-12-22T09:14:37.349Z,1.405,1,600,480x270,1.9957190000000082,932,
2025-12-22T09:14:37.667Z,1.59,1,600,480x270,1.991775999999959,960,
2025-12-22T09:14:37.974Z,1.761,1,600,480x270,1.9767050000000381,960,
2025-12-22T09:14:38.345Z,1.956,1,600,480x270,1.9999159999999847,983,
2025-12-22T09:14:38.650Z,2.117,1,600,480x270,2.009824999999978,1010,
2025-12-22T09:14:39.246Z,2.022,1,600,480x270,2.0024819999999863,1013,
2025-12-22T09:14:39.671Z,2.098,1,600,480x270,1.9745930000000271,1024,
2025-12-22T09:14:39.737Z,2.104,2,1000,640x360,1.9079960000000256,1024,
2025-12-22T09:14:41.222Z,0.692,2,1000,640x360,1.926917000000003,1035,
2025-12-22T09:14:41.692Z,0.66,2,1000,640x360,1.9541810000000055,1024,
2025-12-22T09:14:42.321Z,0.63,2,1000,640x360,1.9327670000000126,1017,
2025-12-22T09:14:42.939Z,0.343,2,1000,640x360,1.9117610000000127,993,
2025-12-22T09:14:43.481Z,0.295,2,1000,640x360,1.9715669999999932,945,rebuffer happen
2025-12-22T09:14:43.561Z,0.295,2,1000,640x360,1.9996170000000006,945,
2025-12-22T09:14:43.633Z,0.714,1,600,480x270,1.9273680000000013,918,
2025-12-22T09:14:43.988Z,0.782,1,600,480x270,1.960014000000001,918,
2025-12-22T09:14:44.342Z,0.926,1,600,480x270,1.9013419999999996,963,
2025-12-22T09:14:44.700Z,1.077,1,600,480x270,1.9506880000000137,950,
2025-12-22T09:14:45.061Z,1.21,1,600,480x270,1.998266000000001,950,
2025-12-22T09:14:45.425Z,1.343,1,600,480x270,1.929002999999966,987,
2025-12-22T09:14:45.771Z,1.484,1,600,480x270,1.9910280000000284,953,
2025-12-22T09:14:46.091Z,1.666,1,600,480x270,1.9612280000000055,1000,
2025-12-22T09:14:46.425Z,1.842,1,600,480x270,1.9187130000000252,1000,
2025-12-22T09:14:46.758Z,2.011,1,600,480x270,1.9997070000000008,974,
2025-12-22T09:14:47.155Z,2.106,1,600,480x270,2.005438999999967,1012,
2025-12-22T09:14:47.677Z,2.044,1,600,480x270,1.9683610000000158,1020,
2025-12-22T09:14:47.751Z,2.055,2,1000,640x360,1.8945410000000038,1020,
2025-12-22T09:14:49.575Z,0.454,2,1000,640x360,1.9895569999999907,1034,
2025-12-22T09:14:50.118Z,0.161,2,1000,640x360,1.9371380000000045,967,rebuffer happen
2025-12-22T09:14:50.254Z,0.023,2,1000,640x360,1.9948219999999992,967,rebuffer happen
2025-12-22T09:14:50.592Z,0.023,2,1000,640x360,2.299822000000006,967,
2025-12-22T09:14:50.673Z,0.523,1,600,480x270,2.322530000000029,888,
2025-12-22T09:14:50.918Z,0.239,1,600,480x270,2.2442910000000325,888,rebuffer happen
2025-12-22T09:14:51.163Z,0.4,1,600,480x270,2.2604169999999613,888,
2025-12-22T09:14:51.303Z,0.202,1,600,480x270,2.172251000000017,885,rebuffer happen
2025-12-22T09:14:51.651Z,0.333,1,600,480x270,2.218293000000017,885,
2025-12-22T09:14:51.857Z,0.087,1,600,480x270,2.169550999999956,840,rebuffer happen
2025-12-22T09:14:52.117Z,0.298,1,600,480x270,2.066037000000051,840,
2025-12-22T09:14:52.584Z,0.34,1,600,480x270,2.113643999999965,823,
2025-12-22T09:14:52.655Z,0.278,1,600,480x270,2.1573920000000157,819,rebuffer happen
2025-12-22T09:14:53.037Z,0.359,1,600,480x270,2.0501689999999826,819,
2025-12-22T09:14:53.127Z,0.285,1,600,480x270,2.058193000000017,785,rebuffer happen
2025-12-22T09:14:53.439Z,0.299,1,600,480x270,2.037128999999993,785,rebuffer happen
2025-12-22T09:14:53.515Z,0.387,1,600,480x270,2.0563090000000557,785,
2025-12-22T09:14:53.709Z,0.162,1,600,480x270,2.0400419999999713,781,rebuffer happen
2025-12-22T09:14:53.991Z,0.352,1,600,480x270,2.040966000000026,781,
2025-12-22T09:14:54.209Z,0.122,1,600,480x270,1.9911800000000426,789,rebuffer happen
2025-12-22T09:14:54.439Z,0.374,1,600,480x270,1.966177000000016,789,
2025-12-22T09:14:54.563Z,0.267,1,600,480x270,2.0453540000000316,880,rebuffer happen
2025-12-22T09:14:54.925Z,0.363,1,600,480x270,1.9642680000000041,880,
2025-12-22T09:14:54.995Z,0.389,0,200,320x180,1.995001000000002,810,
2025-12-22T09:14:55.041Z,0.268,0,200,320x180,1.9468840000000114,810,rebuffer happen
2025-12-22T09:14:55.132Z,0.634,0,200,320x180,1.942638000000045,810,
2025-12-22T09:14:55.273Z,0.919,0,200,320x180,1.996151999999995,810,
2025-12-22T09:14:55.432Z,1.31,0,200,320x180,1.9426179999999817,861,
2025-12-22T09:14:55.586Z,1.665,0,200,320x180,1.988471000000004,861,
2025-12-22T09:14:55.725Z,2.034,0,200,320x180,1.944008999999994,861,
2025-12-22T09:14:55.994Z,2.268,0,200,320x180,1.9697840000000042,879,
2025-12-22T09:14:56.493Z,2.282,0,200,320x180,1.9679559999999583,888,
2025-12-22T09:14:57.017Z,2.3,0,200,320x180,1.9401209999999764,903,
2025-12-22T09:14:57.552Z,2.284,0,200,320x180,2.0088739999999916,914,
2025-12-22T09:14:58.047Z,2.269,0,200,320x180,2.012536999999952,913,
2025-12-22T09:14:58.522Z,2.251,0,200,320x180,1.9286919999999554,926,
2025-12-22T09:14:58.601Z,2.257,1,600,480x270,1.9465920000000096,926,
2025-12-22T09:14:59.378Z,1.878,1,600,480x270,1.9663600000000088,928,
2025-12-22T09:14:59.807Z,1.946,1,600,480x270,1.9544280000000072,892,
2025-12-22T09:15:00.195Z,2.075,1,600,480x270,1.9564589999999953,917,
2025-12-22T09:15:00.683Z,2.107,1,600,480x270,1.985036999999977,921,
2025-12-22T09:15:01.124Z,2.136,1,600,480x270,1.9269610000000057,939,
2025-12-22T09:15:01.690Z,2.086,1,600,480x270,1.9821460000000002,939,
2025-12-22T09:15:02.220Z,2.075,1,600,480x270,1.9351599999999962,957,
2025-12-22T09:15:02.572Z,2.185,1,600,480x270,1.976075000000037,958,
2025-12-22T09:15:03.178Z,2.125,1,600,480x270,1.979048999999975,970,
2025-12-22T09:15:03.627Z,2.14,1,600,480x270,1.9252650000000244,985,
2025-12-22T09:15:04.130Z,2.138,1,600,480x270,1.918784999999957,988,
2025-12-22T09:15:04.626Z,2.142,1,600,480x270,1.9352400000000216,991,
2025-12-22T09:15:05.156Z,2.101,1,600,480x270,1.9927079999999933,1006,
2025-12-22T09:15:05.597Z,2.17,1,600,480x270,1.9648390000000404,1013,
2025-12-22T09:15:05.671Z,2.135,2,1000,640x360,1.9934150000000272,1013,
2025-12-22T09:15:07.144Z,0.781,2,1000,640x360,1.9013510000000338,1021,
2025-12-22T09:15:07.619Z,0.762,2,1000,640x360,1.9372189999999705,1012,
2025-12-22T09:15:08.142Z,0.725,2,1000,640x360,1.9104449999999815,1003,
2025-12-22T09:15:08.891Z,0.437,2,1000,640x360,1.9613529999999741,990,
2025-12-22T09:15:09.606Z,0.395,2,1000,640x360,1.956579999999974,946,
2025-12-22T09:15:09.684Z,0.65,1,600,480x270,1.9847859999999855,852,
2025-12-22T09:15:10.148Z,0.616,1,600,480x270,2.0016130000000203,852,
2025-12-22T09:15:10.705Z,0.574,1,600,480x270,1.9492370000000392,895,
2025-12-22T09:15:10.978Z,0.298,1,600,480x270,1.969588999999985,869,rebuffer happen
2025-12-22T09:15:11.286Z,0.502,1,600,480x270,1.9593240000000378,869,
2025-12-22T09:15:11.505Z,0.273,1,600,480x270,1.9546970000000101,865,rebuffer happen
2025-12-22T09:15:11.822Z,0.473,1,600,480x270,1.9381109999999921,865,
2025-12-22T09:15:12.255Z,0.503,1,600,480x270,1.9995319999999879,868,
2025-12-22T09:15:12.727Z,0.539,1,600,480x270,1.9282170000000178,868,
2025-12-22T09:15:13.160Z,0.601,1,600,480x270,1.9905109999999695,820,
2025-12-22T09:15:13.238Z,0.616,0,200,320x180,1.9114789999999857,804,
2025-12-22T09:15:13.391Z,0.868,0,200,320x180,1.9582700000000273,804,
2025-12-22T09:15:13.567Z,1.215,0,200,320x180,1.9917009999999777,819,
2025-12-22T09:15:13.746Z,1.543,0,200,320x180,2.0132879999999886,819,
2025-12-22T09:15:13.905Z,1.826,0,200,320x180,1.9505049999999642,819,
2025-12-22T09:15:14.123Z,2.102,0,200,320x180,1.9306470000000218,841,
2025-12-22T09:15:14.527Z,2.232,0,200,320x180,1.9251629999999977,843,
2025-12-22T09:15:15.036Z,2.268,0,200,320x180,1.9116970000000038,863,
2025-12-22T09:15:15.515Z,2.256,0,200,320x180,1.9404360000000338,870,
2025-12-22T09:15:16.048Z,2.22,0,200,320x180,2.000263000000018,886,
2025-12-22T09:15:16.493Z,2.26,0,200,320x180,1.965086000000042,896,
2025-12-22T09:15:16.637Z,2.231,1,600,480x270,1.9173429999999598,896,
2025-12-22T09:15:17.096Z,2.127,1,600,480x270,1.9561630000000036,906,
2025-12-22T09:15:17.592Z,2.161,1,600,480x270,1.9667180000000144,927,
2025-12-22T09:15:18.099Z,2.15,1,600,480x270,1.9602370000000064,925,
2025-12-22T09:15:18.516Z,2.235,1,600,480x270,1.9351689999999735,939,
2025-12-22T09:15:19.020Z,2.232,1,600,480x270,1.9294300000000248,947,
2025-12-22T09:15:19.566Z,2.204,1,600,480x270,1.97978999999998,958,
2025-12-22T09:15:20.155Z,2.096,1,600,480x270,1.9902210000000196,965,
2025-12-22T09:15:20.596Z,2.164,1,600,480x270,1.960031000000015,976,
2025-12-22T09:15:21.119Z,2.136,1,600,480x270,1.9338149999999814,993,
2025-12-22T09:15:21.619Z,2.145,1,600,480x270,1.9443979999999783,1009,
2025-12-22T09:15:22.389Z,1.877,1,600,480x270,1.9558139999999753,1022,
2025-12-22T09:15:23.845Z,0.923,1,600,480x270,1.9989649999999983,998,
2025-12-22T09:15:24.725Z,0.546,1,600,480x270,1.9248830000000225,878,
2025-12-22T09:15:24.802Z,0.488,0,200,320x180,1.9460500000000138,805,
2025-12-22T09:15:24.982Z,0.721,0,200,320x180,1.9673520000000053,805,
2025-12-22T09:15:25.162Z,1.098,0,200,320x180,1.9895120000000475,815,
2025-12-22T09:15:25.337Z,1.353,0,200,320x180,1.9076570000000288,815,
2025-12-22T09:15:25.512Z,1.713,0,200,320x180,1.9377920000000017,803,
2025-12-22T09:15:25.722Z,2.021,0,200,320x180,1.9324479999999653,803,
2025-12-22T09:15:26.066Z,2.213,0,200,320x180,1.9830600000000231,785,
2025-12-22T09:15:26.530Z,2.268,0,200,320x180,1.9319590000000062,788,
2025-12-22T09:15:27.027Z,2.285,0,200,320x180,1.9336680000000115,788,
2025-12-22T09:15:27.588Z,2.181,0,200,320x180,1.9568970000000263,811,
2025-12-22T09:15:28.196Z,2.11,0,200,320x180,1.9550880000000461,831,
2025-12-22T09:15:28.274Z,2.04,1,600,480x270,1.9721959999999967,831,
2025-12-22T09:15:28.883Z,1.843,1,600,480x270,1.9665820000000167,823,
2025-12-22T09:15:29.415Z,1.841,1,600,480x270,1.9344539999999597,942,
2025-12-22T09:15:29.902Z,1.892,1,600,480x270,1.9525670000000446,918,
2025-12-22T09:15:30.297Z,1.958,1,600,480x270,1.9544459999999617,941,
2025-12-22T09:15:30.644Z,2.127,1,600,480x270,1.919889000000012,951,
2025-12-22T09:15:31.239Z,2.067,1,600,480x270,1.9091190000000324,956,
2025-12-22T09:15:31.711Z,2.048,1,600,480x270,1.9390409999999747,954,
2025-12-22T09:15:32.121Z,2.136,1,600,480x270,1.9263100000000009,954,
2025-12-22T09:15:32.573Z,2.178,1,600,480x270,1.9783499999999776,963,
2025-12-22T09:15:33.121Z,2.187,1,600,480x270,1.9270840000000362,969,
2025-12-22T09:15:33.610Z,2.158,1,600,480x270,1.942561000000012,976,
2025-12-22T09:15:34.327Z,1.959,1,600,480x270,1.922822999999994,979,
2025-12-22T09:15:34.937Z,1.843,1,600,480x270,1.9152819999999906,972,
2025-12-22T09:15:35.368Z,1.889,1,600,480x270,1.9857850000000212,975,
2025-12-22T09:15:35.782Z,1.999,1,600,480x270,1.9635129999999776,986,
2025-12-22T09:15:36.347Z,1.913,1,600,480x270,1.9995000000000118,987,
2025-12-22T09:15:36.895Z,1.883,1,600,480x270,1.961074999999994,953,
2025-12-22T09:15:37.367Z,1.859,1,600,480x270,1.9770490000000223,901,
2025-12-22T09:15:37.881Z,1.921,1,600,480x270,1.9691980000000058,922,
2025-12-22T09:15:38.328Z,1.931,1,600,480x270,1.919932000000017,889,
2025-12-22T09:15:38.777Z,2.014,1,600,480x270,1.97988399999997,893,
2025-12-22T09:15:39.268Z,2.013,1,600,480x270,1.9928260000000364,869,
2025-12-22T09:15:39.788Z,1.974,1,600,480x270,1.968605000000025,893,
2025-12-22T09:15:40.306Z,1.955,1,600,480x270,1.9375109999999722,868,
2025-12-22T09:15:40.903Z,1.856,1,600,480x270,1.9450199999999995,847,
2025-12-22T09:15:41.507Z,1.776,1,600,480x270,1.94519200000002,853,
2025-12-22T09:15:41.921Z,1.85,1,600,480x270,1.933411000000035,856,
2025-12-22T09:15:42.220Z,2.034,1,600,480x270,1.9265440000000353,889,
2025-12-22T09:15:42.634Z,2.131,1,600,480x270,1.9284139999999752,909,
2025-12-22T09:15:43.150Z,2.108,1,600,480x270,2.002898000000016,939,
2025-12-22T09:15:43.725Z,2.096,1,600,480x270,1.923620000000028,942,
2025-12-22T09:15:44.143Z,2.113,1,600,480x270,1.9131730000000289,960,
2025-12-22T09:15:44.602Z,2.165,1,600,480x270,1.961041000000023,973,
2025-12-22T09:15:45.147Z,2.125,1,600,480x270,2.004154000000028,982,
2025-12-22T09:15:45.681Z,2.089,1,600,480x270,1.976267000000007,977,
2025-12-22T09:15:46.124Z,2.131,1,600,480x270,1.9229879999999753,993,
2025-12-22T09:15:46.604Z,2.161,1,600,480x270,1.957209999999975,1007,
2025-12-22T09:15:47.146Z,2.124,1,600,480x270,2.0022050000000036,1013,
2025-12-22T09:15:47.223Z,2.13,2,1000,640x360,1.9241780000000404,1013,
2025-12-22T09:15:48.787Z,0.598,2,1000,640x360,1.98191700000001,1024,
2025-12-22T09:15:49.339Z,0.56,2,1000,640x360,1.9111480000000256,1015,
2025-12-22T09:15:49.707Z,0.79,2,1000,640x360,1.9460639999999785,994,
2025-12-22T09:15:50.066Z,0.711,2,1000,640x360,1.9868870000000243,994,
2025-12-22T09:15:50.531Z,0.845,2,1000,640x360,1.921293999999989,979,
2025-12-22T09:15:51.385Z,0.429,2,1000,640x360,1.9600360000000023,964,
2025-12-22T09:15:51.461Z,0.889,1,600,480x270,1.9883870000000456,936,
2025-12-22T09:15:52.102Z,0.668,1,600,480x270,1.9490809999999783,936,
2025-12-22T09:15:52.591Z,0.686,1,600,480x270,1.9766930000000116,993,
2025-12-22T09:15:52.865Z,0.911,1,600,480x270,2.002364,974,
2025-12-22T09:15:53.148Z,1.138,1,600,480x270,2.005018000000007,972,
2025-12-22T09:15:53.439Z,1.329,1,600,480x270,1.9062009999999532,972,
2025-12-22T09:15:53.765Z,1.503,1,600,480x270,1.9909079999999904,959,
2025-12-22T09:15:53.996Z,1.759,1,600,480x270,1.9621039999999539,1004,
2025-12-22T09:15:54.412Z,1.86,1,600,480x270,1.9371319999999628,1004,
2025-12-22T09:15:55.091Z,1.67,1,600,480x270,1.9555880000000343,1002,
2025-12-22T09:15:55.593Z,1.68,1,600,480x270,1.954197000000022,985,
2025-12-22T09:15:56.011Z,1.761,1,600,480x270,1.9430690000000368,1002,
2025-12-22T09:15:56.463Z,1.805,1,600,480x270,1.982483000000002,1010,
2025-12-22T09:15:56.852Z,1.928,1,600,480x270,2.003844000000015,998,
2025-12-22T09:15:57.374Z,1.894,1,600,480x270,1.974411000000032,1004,
2025-12-22T09:15:57.856Z,1.925,1,600,480x270,2.003077000000019,1015,
2025-12-22T09:15:58.363Z,1.912,1,600,480x270,1.988935999999967,1012,
2025-12-22T09:15:58.862Z,1.894,1,600,480x270,1.993943999999999,1015,
2025-12-22T09:15:59.458Z,1.913,1,600,480x270,1.986688000000015,1009,
2025-12-22T09:16:00.078Z,1.711,1,600,480x270,1.972248000000036,1028,
2025-12-22T09:16:00.659Z,1.593,1,600,480x270,2.004663999999991,1014,
2025-12-22T09:16:01.032Z,1.729,1,600,480x270,1.916721999999993,1015,
2025-12-22T09:16:01.421Z,1.858,1,600,480x270,1.923043000000007,1016,
2025-12-22T09:16:01.908Z,1.854,1,600,480x270,1.9390869999999722,1017,
2025-12-22T09:16:02.426Z,1.836,1,600,480x270,1.9192539999999667,983,
2025-12-22T09:16:02.885Z,1.88,1,600,480x270,1.9664670000000228,966,
2025-12-22T09:16:03.234Z,1.995,1,600,480x270,1.9097720000000322,982,
2025-12-22T09:16:03.740Z,2.023,1,600,480x270,1.9045869999999923,982,
2025-12-22T09:16:04.243Z,2.02,1,600,480x270,1.9095679999999788,973,
2025-12-22T09:16:04.813Z,1.924,1,600,480x270,1.9480190000000448,969,
2025-12-22T09:16:05.224Z,2.038,1,600,480x270,1.9226889999999912,948,
2025-12-22T09:16:05.809Z,1.951,1,600,480x270,1.93587100000002,954,
2025-12-22T09:16:07.244Z,1.057,1,600,480x270,1.9002120000000104,907,
2025-12-22T09:16:07.707Z,1.051,1,600,480x270,1.947667000000024,876,
2025-12-22T09:16:08.049Z,1.22,1,600,480x270,2.000581000000011,903,
2025-12-22T09:16:08.323Z,1.459,1,600,480x270,1.920769000000007,987,
2025-12-22T09:16:08.754Z,1.539,1,600,480x270,2.007201000000009,970,
2025-12-22T09:16:09.187Z,1.572,1,600,480x270,1.9614179999999806,970,
2025-12-22T09:16:09.438Z,1.816,1,600,480x270,1.9056459999999902,968,
2025-12-22T09:16:09.781Z,1.996,1,600,480x270,1.987008000000003,980,
2025-12-22T09:16:10.180Z,2.118,1,600,480x270,1.9753000000000043,988,
2025-12-22T09:16:10.681Z,2.079,1,600,480x270,1.9726949999999874,1000,
2025-12-22T09:16:11.195Z,2.061,1,600,480x270,1.9519819999999868,1006,
2025-12-22T09:16:11.710Z,2.049,1,600,480x270,1.9455500000000256,1016,
2025-12-22T09:16:12.233Z,1.986,1,600,480x270,1.913521000000003,1023,
2025-12-22T09:16:12.312Z,2.043,2,1000,640x360,1.944231000000002,1023,
2025-12-22T09:16:13.447Z,0.844,2,1000,640x360,1.9949790000000007,1029,
2025-12-22T09:16:14.036Z,0.822,2,1000,640x360,1.9259040000000027,1007,
2025-12-22T09:16:14.690Z,0.794,2,1000,640x360,1.9576260000000048,986,
2025-12-22T09:16:15.414Z,0.491,2,1000,640x360,1.9331080000000043,917,
2025-12-22T09:16:15.488Z,0.859,1,600,480x270,1.9599349999999731,881,
2025-12-22T09:16:15.902Z,0.858,1,600,480x270,1.9484630000000038,881,
2025-12-22T09:16:16.335Z,0.939,1,600,480x270,1.916308000000015,973,
2025-12-22T09:16:16.838Z,0.944,1,600,480x270,1.9297480000000178,920,
2025-12-22T09:16:17.211Z,1.033,1,600,480x270,1.936930000000018,924,
2025-12-22T09:16:17.665Z,1.111,1,600,480x270,2.0055980000000204,924,
2025-12-22T09:16:18.081Z,1.187,1,600,480x270,1.9743840000000432,888,
2025-12-22T09:16:18.508Z,1.269,1,600,480x270,1.9432620000000043,893,
2025-12-22T09:16:18.917Z,1.342,1,600,480x270,1.9332749999999805,885,
2025-12-22T09:16:19.328Z,1.395,1,600,480x270,1.9182140000000345,866,
2025-12-22T09:16:19.762Z,1.512,1,600,480x270,1.9855800000000272,868,
2025-12-22T09:16:20.180Z,1.577,1,600,480x270,1.969286000000011,895,
2025-12-22T09:16:20.609Z,1.65,1,600,480x270,1.9454640000000154,895,
2025-12-22T09:16:21.181Z,1.611,1,600,480x270,1.9759109999999964,853,
2025-12-22T09:16:21.533Z,1.726,1,600,480x270,1.9207830000000286,822,
2025-12-22T09:16:21.859Z,1.901,1,600,480x270,1.999777999999992,845,
2025-12-22T09:16:22.218Z,2.038,1,600,480x270,1.9333920000000262,851,
2025-12-22T09:16:22.585Z,2.17,1,600,480x270,1.9630329999999958,885,
2025-12-22T09:16:23.102Z,2.14,1,600,480x270,1.9486559999999713,918,
2025-12-22T09:16:23.601Z,2.159,1,600,480x270,1.954528000000039,939,
2025-12-22T09:16:24.083Z,2.139,1,600,480x270,1.9636020000000372,948,
2025-12-22T09:16:24.520Z,2.105,1,600,480x270,1.936963999999989,959,
2025-12-22T09:16:25.020Z,2.251,1,600,480x270,1.9306980000000067,966,
2025-12-22T09:16:26.025Z,1.748,1,600,480x270,1.9296840000000088,964,
2025-12-22T09:16:26.542Z,1.72,1,600,480x270,1.9197770000000105,965,
2025-12-22T09:16:26.910Z,1.859,1,600,480x270,1.951958999999988,984,
2025-12-22T09:16:27.250Z,2.012,1,600,480x270,2.0061150000000225,993,
2025-12-22T09:16:27.754Z,2.004,1,600,480x270,2.004480000000001,1006,
2025-12-22T09:16:28.278Z,2.004,1,600,480x270,1.9805529999999862,1008,
2025-12-22T09:16:28.808Z,1.968,1,600,480x270,1.9465250000000083,1000,
2025-12-22T09:16:29.341Z,1.93,1,600,480x270,1.9046089999999936,1013,
2025-12-22T09:16:29.867Z,1.895,1,600,480x270,1.9857240000000047,1015,
2025-12-22T09:16:29.934Z,1.876,2,1000,640x360,1.9171670000000063,1031,
2025-12-22T09:16:31.000Z,0.825,2,1000,640x360,1.9613439999999969,1026,
2025-12-22T09:16:31.541Z,0.794,2,1000,640x360,1.9161209999999755,1011,
2025-12-22T09:16:32.102Z,0.752,2,1000,640x360,1.9553040000000124,999,
2025-12-22T09:16:32.663Z,0.729,2,1000,640x360,1.9937590000000114,986,
2025-12-22T09:16:33.234Z,0.69,2,1000,640x360,1.9181600000000003,960,
2025-12-22T09:16:33.800Z,0.664,2,1000,640x360,1.9656810000000178,933,
2025-12-22T09:16:33.880Z,0.98,1,600,480x270,1.9768270000000143,921,
2025-12-22T09:16:34.236Z,1.046,1,600,480x270,1.9100080000000048,921,
2025-12-22T09:16:34.579Z,1.198,1,600,480x270,1.9828370000000177,921,
2025-12-22T09:16:34.922Z,1.322,1,600,480x270,1.940337999999997,981,
2025-12-22T09:16:35.278Z,1.495,1,600,480x270,1.9748390000000313,998,
2025-12-22T09:16:35.655Z,1.616,1,600,480x270,2.0102079999999773,989,
2025-12-22T09:16:35.835Z,1.874,1,600,480x270,1.9422870000000216,989,
2025-12-22T09:16:36.111Z,2.188,1,600,480x270,1.951620000000048,1037,
2025-12-22T09:16:36.906Z,1.916,1,600,480x270,1.9481719999999996,1029,
2025-12-22T09:16:37.387Z,1.866,1,600,480x270,1.9666119999999978,1043,
2025-12-22T09:16:37.462Z,1.886,2,1000,640x360,1.986614999999972,1045,
2025-12-22T09:16:38.520Z,0.873,2,1000,640x360,1.9346949999999765,1045,
2025-12-22T09:16:39.106Z,0.852,2,1000,640x360,1.9520420000000058,1023,
2025-12-22T09:16:39.680Z,0.819,2,1000,640x360,1.9664230000000202,1010,
2025-12-22T09:16:40.262Z,0.525,2,1000,640x360,1.9871129999999653,981,
2025-12-22T09:16:40.835Z,0.486,2,1000,640x360,1.9173810000000344,956,
2025-12-22T09:16:40.914Z,0.944,1,600,480x270,1.9471209999999814,920,
2025-12-22T09:16:41.262Z,1.008,1,600,480x270,1.9838930000000232,920,
2025-12-22T09:16:41.672Z,1.055,1,600,480x270,1.9845080000000053,955,
2025-12-22T09:16:42.114Z,1.202,1,600,480x270,1.9432220000000484,955,
2025-12-22T09:16:42.437Z,1.32,1,600,480x270,1.9155039999999985,958,
2025-12-22T09:16:42.824Z,1.443,1,600,480x270,1.9368000000000052,945,
2025-12-22T09:16:43.212Z,1.548,1,600,480x270,1.9405940000000328,941,
2025-12-22T09:16:43.609Z,1.674,1,600,480x270,1.9545029999999883,941,
2025-12-22T09:16:44.019Z,1.78,1,600,480x270,1.9376470000000268,962,
2025-12-22T09:16:44.440Z,1.8,1,600,480x270,1.9100559999999973,949,
2025-12-22T09:16:44.700Z,2.063,1,600,480x270,1.952711000000022,949,
2025-12-22T09:16:45.086Z,2.175,1,600,480x270,1.9684389999999894,975,
2025-12-22T09:16:45.679Z,2.053,1,600,480x270,1.979345999999964,988,
2025-12-22T09:16:46.088Z,2.21,1,600,480x270,1.9606970000000388,987,
2025-12-22T09:16:46.561Z,2.201,1,600,480x270,1.9948499999999854,994,
2025-12-22T09:16:47.124Z,2.135,1,600,480x270,1.9290520000000129,999,
2025-12-22T09:16:47.856Z,1.913,1,600,480x270,2.0042490000000157,1005,
2025-12-22T09:16:48.362Z,1.896,1,600,480x270,1.9865310000000136,1004,
2025-12-22T09:16:48.874Z,1.884,1,600,480x270,1.9724799999999618,1020,
2025-12-22T09:16:48.941Z,1.901,2,1000,640x360,1.9047029999999836,1030,
2025-12-22T09:16:50.128Z,0.693,2,1000,640x360,1.921256000000028,1027,
2025-12-22T09:16:50.746Z,0.666,2,1000,640x360,2.003717999999992,994,
2025-12-22T09:16:51.527Z,0.365,2,1000,640x360,1.9341190000000097,956,
2025-12-22T09:16:52.109Z,0.343,2,1000,640x360,1.9447910000000093,920,
2025-12-22T09:16:52.184Z,0.67,1,600,480x270,1.9743589999999926,873,
2025-12-22T09:16:52.558Z,0.707,1,600,480x270,1.9913179999999784,873,
2025-12-22T09:16:52.926Z,0.796,1,600,480x270,1.9187359999999671,891,
2025-12-22T09:16:53.308Z,0.96,1,600,480x270,1.936331999999993,898,
2025-12-22T09:16:53.616Z,1.147,1,600,480x270,1.934835000000021,928,
2025-12-22T09:16:53.878Z,1.396,1,600,480x270,1.9725250000000187,928,
2025-12-22T09:16:54.175Z,1.594,1,600,480x270,1.9717739999999822,994,
2025-12-22T09:16:54.452Z,1.861,1,600,480x270,1.993255999999974,994,
2025-12-22T09:16:54.949Z,1.808,1,600,480x270,2.0013590000000363,999,
2025-12-22T09:16:55.404Z,1.85,1,600,480x270,1.9426239999999666,987,
2025-12-22T09:16:55.912Z,1.876,1,600,480x270,1.939029000000005,993,
2025-12-22T09:16:56.501Z,1.779,1,600,480x270,1.949813000000006,987,
2025-12-22T09:16:57.121Z,1.64,1,600,480x270,1.9238110000000006,974,
2025-12-22T09:16:57.660Z,1.607,1,600,480x270,1.9917500000000246,909,
2025-12-22T09:16:58.310Z,1.51,1,600,480x270,1.9478060000000141,939,
2025-12-22T09:16:58.790Z,1.488,1,600,480x270,1.960990000000038,899,
2025-12-22T09:16:59.196Z,1.527,1,600,480x270,1.9543069999999716,885,
2025-12-22T09:16:59.674Z,1.598,1,600,480x270,1.9894559999999615,885,
2025-12-22T09:17:00.254Z,1.523,1,600,480x270,2.0002360000000294,792,
2025-12-22T09:17:00.824Z,1.448,1,600,480x270,1.9857750000000465,796,
2025-12-22T09:17:01.328Z,1.429,1,600,480x270,1.9470570000000293,790,
2025-12-22T09:17:01.876Z,1.327,1,600,480x270,1.9938530000000014,785,
2025-12-22T09:17:02.408Z,1.303,1,600,480x270,1.9531189999999583,753,
2025-12-22T09:17:02.870Z,1.315,1,600,480x270,1.9844910000000482,765,
2025-12-22T09:17:03.369Z,1.332,1,600,480x270,1.9838139999999953,739,
2025-12-22T09:17:03.879Z,1.316,1,600,480x270,1.9835140000000138,757,
2025-12-22T09:17:04.367Z,1.317,1,600,480x270,1.9785180000000082,791,
2025-12-22T09:17:04.898Z,1.322,1,600,480x270,1.9735059999999862,788,
2025-12-22T09:17:05.428Z,1.245,1,600,480x270,1.9320540000000506,806,
2025-12-22T09:17:05.937Z,1.249,1,600,480x270,1.9166229999999587,811,
2025-12-22T09:17:06.435Z,1.266,1,600,480x270,1.9100669999999695,828,
2025-12-22T09:17:06.920Z,1.266,1,600,480x270,1.9281479999999647,850,
2025-12-22T09:17:07.425Z,1.259,1,600,480x270,1.9196739999999863,853,
2025-12-22T09:17:07.922Z,1.282,1,600,480x270,1.9333860000000413,851,
2025-12-22T09:17:08.413Z,1.272,1,600,480x270,1.9329070000000002,879,
2025-12-22T09:17:08.895Z,1.303,1,600,480x270,1.9659110000000055,874,
2025-12-22T09:17:09.390Z,1.304,1,600,480x270,1.957164999999975,881,
2025-12-22T09:17:09.856Z,1.345,1,600,480x270,1.99309599999998,878,
2025-12-22T09:17:10.263Z,1.416,1,600,480x270,1.9884509999999977,890,
2025-12-22T09:17:10.756Z,1.444,1,600,480x270,1.9903600000000097,900,
2025-12-22T09:17:11.258Z,1.439,1,600,480x270,1.9862920000000486,900,
2025-12-22T09:17:11.770Z,1.432,1,600,480x270,1.9879020000000196,926,
2025-12-22T09:17:12.360Z,1.337,1,600,480x270,1.9885369999999511,931,
2025-12-22T09:17:12.910Z,1.295,1,600,480x270,1.9521349999999984,958,
2025-12-22T09:17:13.435Z,1.268,1,600,480x270,1.9116980000000012,954,
2025-12-22T09:17:13.946Z,1.249,1,600,480x270,2.0017440000000306,969,
2025-12-22T09:17:14.416Z,1.276,1,600,480x270,1.9276429999999891,976,
2025-12-22T09:17:14.921Z,1.273,1,600,480x270,1.9240519999999606,987,
2025-12-22T09:17:15.485Z,1.27,1,600,480x270,1.9751320000000305,994,
2025-12-22T09:17:15.917Z,1.284,1,600,480x270,1.9386670000000095,998,
2025-12-22T09:17:16.396Z,1.294,1,600,480x270,1.9540370000000848,1008,
2025-12-22T09:17:16.890Z,1.312,1,600,480x270,1.9753630000000157,1012,
2025-12-22T09:17:17.399Z,1.288,1,600,480x270,1.950996000000032,1023,
2025-12-22T09:17:17.482Z,1.244,2,1000,640x360,1.9743049999999585,1028,
2025-12-22T09:17:18.056Z,1.147,2,1000,640x360,1.9893529999999373,1028,
2025-12-22T09:17:18.661Z,1.035,2,1000,640x360,1.995683999999983,1027,
2025-12-22T09:17:19.233Z,0.949,2,1000,640x360,1.9204560000000583,1041,
2025-12-22T09:17:19.803Z,0.911,2,1000,640x360,1.9506770000000415,1035,
2025-12-22T09:17:20.412Z,0.782,2,1000,640x360,1.9356490000000122,1047,
2025-12-22T09:17:20.951Z,0.763,2,1000,640x360,2.0107209999999895,1065,
2025-12-22T09:17:21.031Z,0.688,1,600,480x270,1.9290410000000975,1055,
2025-12-22T09:17:21.348Z,0.836,1,600,480x270,1.9988270000000057,1055,
2025-12-22T09:17:21.738Z,0.956,1,600,480x270,1.9367919999999685,1062,
2025-12-22T09:17:22.112Z,1.077,1,600,480x270,1.9526429999999664,1062,
2025-12-22T09:17:22.625Z,1.071,1,600,480x270,1.9305369999999584,1065,
2025-12-22T09:17:23.140Z,1.052,1,600,480x270,1.9095409999999902,1077,
2025-12-22T09:17:23.646Z,1.054,1,600,480x270,2.0047989999999345,1082,
2025-12-22T09:17:24.127Z,1.068,1,600,480x270,1.9198489999999993,1091,
2025-12-22T09:17:24.610Z,1.099,1,600,480x270,1.9629549999999654,1097,
2025-12-22T09:17:24.693Z,1.077,2,1000,640x360,1.9673219999999674,1106,
2025-12-22T09:17:25.306Z,0.908,2,1000,640x360,1.9495249999999942,1106,
2025-12-22T09:17:26.023Z,0.707,2,1000,640x360,1.9348810000000185,1105,
2025-12-22T09:17:26.732Z,0.488,2,1000,640x360,1.9162119999999732,1063,
2025-12-22T09:17:26.936Z,0.298,2,1000,640x360,1.9258649999999307,1033,rebuffer happen
2025-12-22T09:17:27.136Z,0.296,2,1000,640x360,1.9109119999999393,1033,rebuffer happen
2025-12-22T09:17:27.203Z,0.296,2,1000,640x360,1.9428940000000239,1033,rebuffer happen
2025-12-22T09:17:27.455Z,0.261,2,1000,640x360,1.998501000000033,1033,
2025-12-22T09:17:27.667Z,0.037,2,1000,640x360,1.990673999999899,1033,rebuffer happen
2025-12-22T09:17:28.201Z,0.023,2,1000,640x360,2.0132579999999507,1033,rebuffer happen
2025-12-22T09:17:28.204Z,0.023,2,1000,640x360,2.0132579999999507,1033,
2025-12-22T09:17:28.234Z,0.03,1,600,480x270,1.986853999999994,970,rebuffer happen
2025-12-22T09:17:28.276Z,0.03,1,600,480x270,2.080854000000045,970,
2025-12-22T09:17:28.726Z,0.243,1,600,480x270,2.1839180000000624,970,
2025-12-22T09:17:29.217Z,0.252,1,600,480x270,2.1922680000000128,1089,
2025-12-22T09:17:29.726Z,0.212,1,600,480x270,2.1945670000000064,1013,
2025-12-22T09:17:30.164Z,0.318,1,600,480x270,2.2481649999999718,982,
2025-12-22T09:17:30.164Z,0.3,1,600,480x270,2.247569999999996,982,rebuffer happen
2025-12-22T09:17:30.587Z,0.369,1,600,480x270,2.1987020000000257,979,
2025-12-22T09:17:30.619Z,0.296,1,600,480x270,2.157369000000017,977,rebuffer happen
2025-12-22T09:17:30.884Z,0.282,1,600,480x270,2.129601999999977,977,rebuffer happen
2025-12-22T09:17:30.926Z,0.298,1,600,480x270,2.07937000000004,977,rebuffer happen
2025-12-22T09:17:31.024Z,0.319,1,600,480x270,2.0607129999999643,977,
2025-12-22T09:17:31.146Z,0.167,1,600,480x270,2.115193999999974,962,rebuffer happen
2025-12-22T09:17:31.432Z,0.364,1,600,480x270,2.0249049999999897,962,
2025-12-22T09:17:31.537Z,0.276,1,600,480x270,2.0253680000000713,955,rebuffer happen
2025-12-22T09:17:31.804Z,0.473,1,600,480x270,2.0235040000000026,955,
2025-12-22T09:17:32.158Z,0.585,1,600,480x270,2.0372440000001006,1058,
2025-12-22T09:17:32.524Z,0.714,1,600,480x270,1.9544329999999945,1058,
2025-12-22T09:17:32.899Z,0.811,1,600,480x270,1.970391999999947,983,
2025-12-22T09:17:33.287Z,0.906,1,600,480x270,1.9702960000000758,1071,
2025-12-22T09:17:33.657Z,1.033,1,600,480x270,2.0068320000000313,1038,
2025-12-22T09:17:33.729Z,1.051,2,1000,640x360,1.9340610000000424,1038,
2025-12-22T09:17:34.374Z,0.834,2,1000,640x360,1.9724449999999933,1038,
2025-12-22T09:17:35.023Z,0.684,2,1000,640x360,1.9357259999999314,1043,
2025-12-22T09:17:35.671Z,0.506,2,1000,640x360,1.9800740000000587,1038,
2025-12-22T09:17:36.302Z,0.394,2,1000,640x360,1.9542749999999387,1023,
2025-12-22T09:17:36.459Z,0.238,2,1000,640x360,1.9985869999999295,1021,rebuffer happen
2025-12-22T09:17:36.716Z,0.281,2,1000,640x360,1.9270930000000135,1021,rebuffer happen
2025-12-22T09:17:36.927Z,0.278,2,1000,640x360,1.9183709999999792,1021,
2025-12-22T09:17:37.562Z,0.149,2,1000,640x360,1.9954590000000962,995,
2025-12-22T09:17:37.641Z,0.141,1,600,480x270,1.9162680000000591,1005,
2025-12-22T09:17:37.675Z,0.029,1,600,480x270,1.9756230000000414,1005,rebuffer happen
2025-12-22T09:17:38.040Z,0.267,1,600,480x270,2.0118640000000596,1005,
2025-12-22T09:17:38.443Z,0.326,1,600,480x270,2.01580899999999,1016,
2025-12-22T09:17:38.561Z,0.292,1,600,480x270,2.075203999999985,991,rebuffer happen
2025-12-22T09:17:38.826Z,0.427,1,600,480x270,1.9799279999999726,991,
2025-12-22T09:17:39.185Z,0.528,1,600,480x270,1.994511999999986,1021,
2025-12-22T09:17:39.539Z,0.658,1,600,480x270,1.9392060000000129,1021,
2025-12-22T09:17:39.924Z,0.782,1,600,480x270,1.9410759999999527,998,
2025-12-22T09:17:40.248Z,0.927,1,600,480x270,2.002747999999997,1031,
2025-12-22T09:17:40.625Z,1.085,1,600,480x270,1.9379440000000159,1031,
2025-12-22T09:17:41.047Z,1.18,1,600,480x270,2.007506000000035,1054,
2025-12-22T09:17:41.124Z,1.158,2,1000,640x360,1.9294770000000199,1058,
2025-12-22T09:17:41.707Z,1.003,2,1000,640x360,1.9692939999999908,1058,
2025-12-22T09:17:42.295Z,0.915,2,1000,640x360,1.9572660000000042,1048,
2025-12-22T09:17:42.872Z,0.821,2,1000,640x360,1.9731479999999237,1056,
2025-12-22T09:17:43.433Z,0.784,2,1000,640x360,1.9200379999999768,1064,
2025-12-22T09:17:44.017Z,0.701,2,1000,640x360,1.9280279999999266,1071,
2025-12-22T09:17:44.575Z,0.647,2,1000,640x360,1.9851559999999608,1085,
2025-12-22T09:17:44.645Z,0.623,1,600,480x270,1.9162860000000137,1068,
2025-12-22T09:17:45.002Z,0.695,1,600,480x270,1.9477759999999762,1068,
2025-12-22T09:17:45.372Z,0.807,1,600,480x270,1.9717319999999745,1072,
2025-12-22T09:17:45.729Z,0.965,1,600,480x270,1.9303260000000364,1062,
2025-12-22T09:17:46.102Z,1.098,1,600,480x270,1.950179999999932,1062,
2025-12-22T09:17:46.471Z,1.221,1,600,480x270,1.973969000000011,1044,
2025-12-22T09:17:46.837Z,1.378,1,600,480x270,1.93654499999991,1065,
2025-12-22T09:17:47.205Z,1.488,1,600,480x270,1.9497800000000325,1046,
2025-12-22T09:17:47.591Z,1.607,1,600,480x270,1.959711000000084,1046,
2025-12-22T09:17:47.967Z,1.727,1,600,480x270,1.9861600000000408,1066,
2025-12-22T09:17:48.346Z,1.831,1,600,480x270,1.9994540000000143,1065,
2025-12-22T09:17:48.423Z,1.851,2,1000,640x360,1.9225950000000012,1070,
2025-12-22T09:17:49.035Z,1.677,2,1000,640x360,1.924769000000083,1070,
2025-12-22T09:17:49.628Z,1.579,2,1000,640x360,1.9356680000000779,1062,
2025-12-22T09:17:50.244Z,1.466,2,1000,640x360,2.003834000000097,1077,
2025-12-22T09:17:50.808Z,1.406,2,1000,640x360,1.964112,1070,
2025-12-22T09:17:51.444Z,1.244,2,1000,640x360,1.9162430000000086,1080,
2025-12-22T09:17:52.077Z,1.146,2,1000,640x360,1.9738389999999981,1143,
2025-12-22T09:17:52.700Z,1.024,2,1000,640x360,1.9495249999999942,1124,
2025-12-22T09:17:53.295Z,0.912,2,1000,640x360,1.95661199999995,1130,
2025-12-22T09:17:53.372Z,0.853,1,600,480x270,1.972131000000104,1121,
2025-12-22T09:17:53.732Z,0.972,1,600,480x270,1.9275910000000067,1121,
2025-12-22T09:17:54.097Z,1.099,1,600,480x270,1.9637119999999868,1121,
2025-12-22T09:17:54.462Z,1.23,1,600,480x270,1.9953239999999823,1137,
2025-12-22T09:17:54.833Z,1.378,1,600,480x270,1.9329170000000886,1139,
2025-12-22T09:17:55.199Z,1.501,1,600,480x270,1.952984000000015,1135,
2025-12-22T09:17:55.565Z,1.63,1,600,480x270,1.9896569999999656,1135,
2025-12-22T09:17:55.935Z,1.725,1,600,480x270,1.914274999999975,1127,
2025-12-22T09:17:56.344Z,1.848,1,600,480x270,1.9042830000000777,1113,
2025-12-22T09:17:56.718Z,1.975,1,600,480x270,1.9317379999999957,1130,
2025-12-22T09:17:56.788Z,1.98,2,1000,640x360,1.9589660000000322,1130,
2025-12-22T09:17:57.369Z,1.823,2,1000,640x360,1.9816490000000613,1130,
2025-12-22T09:17:57.982Z,1.73,2,1000,640x360,1.9671939999999495,1128,
2025-12-22T09:17:58.638Z,1.604,2,1000,640x360,1.927330999999981,1128,
2025-12-22T09:17:59.207Z,1.496,2,1000,640x360,1.9519940000000133,1127,
2025-12-22T09:17:59.777Z,1.427,2,1000,640x360,1.9683540000000903,1096,
2025-12-22T09:18:00.346Z,1.357,2,1000,640x360,1.9993240000000014,1146,
2025-12-22T09:18:00.921Z,1.299,2,1000,640x360,1.9272000000000844,1156,
2025-12-22T09:18:01.479Z,1.209,2,1000,640x360,1.968242000000032,1152,
2025-12-22T09:18:02.038Z,1.156,2,1000,640x360,1.9099979999999732,1162,
2025-12-22T09:18:02.610Z,1.104,2,1000,640x360,1.9472809999999754,1208,
2025-12-22T09:18:03.184Z,0.999,2,1000,640x360,1.9662880000000769,1172,
2025-12-22T09:18:03.765Z,0.928,2,1000,640x360,1.9800629999999728,1182,
2025-12-22T09:18:03.846Z,0.932,1,600,480x270,1.8996329999999944,1171,
2025-12-22T09:18:04.187Z,1.003,1,600,480x270,1.9597619999999552,1171,
2025-12-22T09:18:04.539Z,1.153,1,600,480x270,1.9157039999998915,1171,
2025-12-22T09:18:04.889Z,1.302,1,600,480x270,1.9551729999999452,1172,
2025-12-22T09:18:05.238Z,1.44,1,600,480x270,1.9063170000000582,1179,
2025-12-22T09:18:05.590Z,1.612,1,600,480x270,1.9706949999999779,1179,
2025-12-22T09:18:05.926Z,1.757,1,600,480x270,1.9239440000000059,1173,
2025-12-22T09:18:06.270Z,1.909,1,600,480x270,1.9752690000000257,1180,
2025-12-22T09:18:06.634Z,2.081,1,600,480x270,1.941186000000016,1187,
2025-12-22T09:18:07.084Z,2.11,1,600,480x270,1.9724350000000186,1187,
2025-12-22T09:18:07.246Z,2.047,2,1000,640x360,1.904867999999965,1203,
2025-12-22T09:18:07.812Z,1.902,2,1000,640x360,1.9557180000000471,1203,
2025-12-22T09:18:08.386Z,1.809,2,1000,640x360,1.971104999999966,1189,
2025-12-22T09:18:08.947Z,1.76,2,1000,640x360,2.0009019999999964,1176,
2025-12-22T09:18:09.501Z,1.699,2,1000,640x360,1.9552850000000035,1162,
2025-12-22T09:18:10.023Z,1.66,2,1000,640x360,1.9257900000000063,1165,
2025-12-22T09:18:10.552Z,1.656,2,1000,640x360,2.007343999999989,1170,
2025-12-22T09:18:11.106Z,1.616,2,1000,640x360,1.9427279999999882,1167,
2025-12-22T09:18:11.612Z,1.59,2,1000,640x360,1.9514370000000554,1142,
2025-12-22T09:18:12.121Z,1.578,2,1000,640x360,1.9327519999999367,1133,
2025-12-22T09:18:12.667Z,1.562,2,1000,640x360,1.9863350000000537,1166,
2025-12-22T09:18:13.210Z,1.489,2,1000,640x360,1.9363489999999501,1147,
2025-12-22T09:18:13.750Z,1.446,2,1000,640x360,2.005751000000032,1168,
2025-12-22T09:18:14.278Z,1.407,2,1000,640x360,1.9817150000000083,1168,
2025-12-22T09:18:14.810Z,1.389,2,1000,640x360,1.9457119999999577,1140,
2025-12-22T09:18:15.357Z,1.322,2,1000,640x360,1.9885570000000143,1120,
2025-12-22T09:18:15.985Z,1.219,2,1000,640x360,1.9836340000000519,1218,
2025-12-22T09:18:16.635Z,1.093,2,1000,640x360,1.938175000000001,1180,
2025-12-22T09:18:17.309Z,0.889,2,1000,640x360,1.948902999999973,1211,
2025-12-22T09:18:17.384Z,0.896,1,600,480x270,1.9804249999999683,1204,
2025-12-22T09:18:17.868Z,0.852,1,600,480x270,1.992089999999962,1204,
2025-12-22T09:18:18.356Z,0.841,1,600,480x270,1.9974690000000237,1182,
2025-12-22T09:18:18.791Z,0.915,1,600,480x270,1.964776000000029,1168,
2025-12-22T09:18:19.194Z,1.005,1,600,480x270,1.962460999999962,1159,
2025-12-22T09:18:19.595Z,1.108,1,600,480x270,1.9626799999999776,1159,
2025-12-22T09:18:20.042Z,1.165,1,600,480x270,1.9110650000000078,1095,
2025-12-22T09:18:20.478Z,1.203,1,600,480x270,1.9662649999999076,1121,
2025-12-22T09:18:20.917Z,1.278,1,600,480x270,1.926924999999983,1091,
2025-12-22T09:18:20.987Z,1.222,2,1000,640x360,1.958001999999965,1070,
2025-12-22T09:18:21.650Z,1.066,2,1000,640x360,2.00434800000005,1070,
2025-12-22T09:18:22.328Z,0.866,2,1000,640x360,1.9173530000000483,1057,
2025-12-22T09:18:23.015Z,0.673,2,1000,640x360,1.9381169999999202,1046,
2025-12-22T09:18:23.690Z,0.538,2,1000,640x360,1.9707110000000512,1005,
2025-12-22T09:18:24.373Z,0.355,2,1000,640x360,1.9837380000000167,1031,
2025-12-22T09:18:24.434Z,0.263,1,600,480x270,1.921383999999989,1014,rebuffer happen
2025-12-22T09:18:24.446Z,0.263,1,600,480x270,1.9090230000000474,1014,
2025-12-22T09:18:24.788Z,0.403,1,600,480x270,1.9607519999999568,1014,
2025-12-22T09:18:24.968Z,0.297,1,600,480x270,1.9777469999999084,1107,rebuffer happen
2025-12-22T09:18:25.125Z,0.567,1,600,480x270,1.9228050000000394,1107,
2025-12-22T09:18:25.466Z,0.727,1,600,480x270,1.9881290000000718,1107,
2025-12-22T09:18:25.805Z,0.888,1,600,480x270,1.9458379999999806,1078,
2025-12-22T09:18:26.143Z,1.049,1,600,480x270,1.906594000000041,1123,
2025-12-22T09:18:26.479Z,1.221,1,600,480x270,1.9755360000000337,1123,
2025-12-22T09:18:26.821Z,1.355,1,600,480x270,1.9294250000000375,1117,
2025-12-22T09:18:27.163Z,1.529,1,600,480x270,1.9967619999999897,1094,
2025-12-22T09:18:27.501Z,1.691,1,600,480x270,1.9522059999999328,1094,
2025-12-22T09:18:27.842Z,1.862,1,600,480x270,1.9126230000000533,1146,
2025-12-22T09:18:27.923Z,1.832,2,1000,640x360,1.9346050000000332,1121,
2025-12-22T09:18:28.492Z,1.697,2,1000,640x360,1.961400000000026,1121,
2025-12-22T09:18:29.069Z,1.64,2,1000,640x360,1.9780560000000378,1074,
2025-12-22T09:18:29.619Z,1.586,2,1000,640x360,1.9280639999999494,1086,
2025-12-22T09:18:30.169Z,1.535,2,1000,640x360,1.9857680000000073,1084,
2025-12-22T09:18:30.729Z,1.48,2,1000,640x360,1.9306970000000092,1116,
2025-12-22T09:18:31.273Z,1.417,2,1000,640x360,1.9755239999999503,1159,
2025-12-22T09:18:31.845Z,1.354,2,1000,640x360,2.009016000000088,1149,
2025-12-22T09:18:32.391Z,1.311,2,1000,640x360,1.9605289999999513,1153,
2025-12-22T09:18:32.931Z,1.249,2,1000,640x360,1.9279510000000073,1156,
2025-12-22T09:18:33.446Z,1.258,2,1000,640x360,1.9988439999999628,1160,
2025-12-22T09:18:34.009Z,1.18,2,1000,640x360,1.9388950000000023,1158,
2025-12-22T09:18:34.542Z,1.15,2,1000,640x360,1.9208449999999857,1179,
2025-12-22T09:18:35.076Z,1.117,2,1000,640x360,1.9749709999999823,1171,
2025-12-22T09:18:35.638Z,1.06,2,1000,640x360,1.9183209999999917,1167,
2025-12-22T09:18:36.162Z,1.03,2,1000,640x360,1.9989460000000463,1220,
2025-12-22T09:18:36.691Z,1.041,2,1000,640x360,1.983327999999915,1194,
2025-12-22T09:18:37.236Z,0.96,2,1000,640x360,1.913406000000009,1220,
2025-12-22T09:18:37.313Z,0.967,1,600,480x270,1.9445610000000215,1265,
2025-12-22T09:18:37.636Z,1.022,1,600,480x270,1.917395000000056,1265,
2025-12-22T09:18:37.978Z,1.198,1,600,480x270,1.9707949999999528,1252,
2025-12-22T09:18:38.305Z,1.384,1,600,480x270,1.9380100000000766,1249,
2025-12-22T09:18:38.646Z,1.535,1,600,480x270,2.0040159999999787,1254,
2025-12-22T09:18:39.012Z,1.695,1,600,480x270,1.9348410000000058,1254,
2025-12-22T09:18:39.359Z,1.832,1,600,480x270,1.9918820000000323,1252,
2025-12-22T09:18:39.699Z,1.988,1,600,480x270,1.9550060000000258,1248,
2025-12-22T09:18:40.115Z,2.064,1,600,480x270,1.9332160000000158,1248,
2025-12-22T09:18:40.583Z,2.113,1,600,480x270,1.9766470000000709,1263,
2025-12-22T09:18:40.713Z,2.087,2,1000,640x360,1.9542590000000928,1260,
2025-12-22T09:18:41.305Z,1.889,2,1000,640x360,1.944193999999925,1260,
2025-12-22T09:18:41.885Z,1.807,2,1000,640x360,1.9627080000000205,1242,
2025-12-22T09:18:42.432Z,1.746,2,1000,640x360,1.912213999999949,1224,
2025-12-22T09:18:43.002Z,1.679,2,1000,640x360,1.9554509999999254,1206,
2025-12-22T09:18:43.581Z,1.631,2,1000,640x360,1.987887999999998,1132,
2025-12-22T09:18:44.142Z,1.553,2,1000,640x360,1.9128809999999703,1281,
2025-12-22T09:18:44.714Z,1.501,2,1000,640x360,1.9465840000000298,1189,
2025-12-22T09:18:45.375Z,1.323,2,1000,640x360,1.970487999999932,1189,
2025-12-22T09:18:46.004Z,1.194,2,1000,640x360,1.9446310000000722,1164,
2025-12-22T09:18:46.596Z,1.085,2,1000,640x360,1.9587930000000142,1109,
2025-12-22T09:18:47.183Z,1.028,2,1000,640x360,1.9679949999999735,1096,
2025-12-22T09:18:47.699Z,0.998,2,1000,640x360,1.9529270000000452,1100,
2025-12-22T09:18:48.350Z,0.864,2,1000,640x360,2.0009960000001,1072,
2025-12-22T09:18:48.423Z,0.787,1,600,480x270,1.9274030000000266,1061,
2025-12-22T09:18:48.717Z,0.98,1,600,480x270,1.9555029999999078,1061,
2025-12-22T09:18:49.037Z,1.168,1,600,480x270,1.9226480000000947,1061,
2025-12-22T09:18:49.350Z,1.349,1,600,480x270,2.0009939999999915,1039,
2025-12-22T09:18:49.687Z,1.496,1,600,480x270,1.977265999999986,1029,
2025-12-22T09:18:49.887Z,1.761,1,600,480x270,1.971106000000077,1029,
2025-12-22T09:18:50.097Z,2.061,1,600,480x270,1.9594129999999268,1029,
2025-12-22T09:18:50.510Z,2.204,1,600,480x270,1.9376720000000205,1029,
2025-12-22T09:18:51.002Z,2.174,1,600,480x270,1.9471129999999448,1030,
2025-12-22T09:18:51.545Z,2.184,1,600,480x270,2.008383999999978,1074,
2025-12-22T09:18:52.051Z,2.18,1,600,480x270,2.0029149999999163,1060,
2025-12-22T09:18:52.130Z,2.114,2,1000,640x360,1.9236889999999676,1111,
2025-12-22T09:18:52.539Z,2.146,2,1000,640x360,1.9125309999999445,1111,
2025-12-22T09:18:53.130Z,2.056,2,1000,640x360,1.922584000000029,1106,
2025-12-22T09:18:53.586Z,2.096,2,1000,640x360,1.9632709999999634,1150,
2025-12-22T09:18:54.045Z,2.152,2,1000,640x360,1.9998299999999745,1149,
2025-12-22T09:18:54.545Z,2.151,2,1000,640x360,2.007176999999956,1154,
2025-12-22T09:18:55.037Z,2.125,2,1000,640x360,1.9113029999999753,1167,
2025-12-22T09:18:55.550Z,2.1,2,1000,640x360,2.0064840000000004,1175,
2025-12-22T09:18:56.058Z,2.169,2,1000,640x360,1.989877999999976,1175,
2025-12-22T09:18:56.504Z,2.175,2,1000,640x360,1.944435999999996,1194,
2025-12-22T09:18:57.214Z,1.934,2,1000,640x360,1.9335080000000744,1191,
2025-12-22T09:18:57.559Z,2.171,2,1000,640x360,1.9900220000000672,1236,
2025-12-22T09:18:58.578Z,1.666,2,1000,640x360,1.9722209999999905,1212,
2025-12-22T09:18:59.298Z,1.413,2,1000,640x360,1.954550999999924,1195,
2025-12-22T09:18:59.870Z,1.366,2,1000,640x360,1.985826999999972,1188,
2025-12-22T09:19:00.420Z,1.284,2,1000,640x360,1.9315540000000055,1225,
2025-12-22T09:19:01.034Z,1.203,2,1000,640x360,1.9199839999999995,1202,
2025-12-22T09:19:01.618Z,1.117,2,1000,640x360,1.930340000000001,1214,
2025-12-22T09:19:02.196Z,0.985,2,1000,640x360,1.9531620000000203,1218,
2025-12-22T09:19:02.759Z,0.969,2,1000,640x360,2.0057030000000395,1223,
2025-12-22T09:19:02.827Z,0.948,1,600,480x270,1.9365999999999985,1222,
2025-12-22T09:19:03.178Z,1.018,1,600,480x270,1.9708719999999857,1222,
2025-12-22T09:19:03.481Z,1.209,1,600,480x270,1.9749409999999443,1250,
2025-12-22T09:19:03.800Z,1.401,1,600,480x270,1.9554159999999001,1235,
2025-12-22T09:19:04.147Z,1.557,1,600,480x270,2.000067999999942,1243,
2025-12-22T09:19:04.457Z,1.741,1,600,480x270,1.993912000000023,1243,
2025-12-22T09:19:05.476Z,1.21,1,600,480x270,1.9761140000000523,1206,
2025-12-22T09:19:05.873Z,1.323,1,600,480x270,1.9732419999999138,1217,
2025-12-22T09:19:06.294Z,1.39,1,600,480x270,1.9510649999999714,1223,
2025-12-22T09:19:06.369Z,1.403,2,1000,640x360,1.9886329999999361,1218,
2025-12-22T09:19:06.888Z,1.309,2,1000,640x360,1.972535999999991,1218,
2025-12-22T09:19:07.421Z,1.267,2,1000,640x360,1.921752999999967,1215,
2025-12-22T09:19:07.946Z,1.254,2,1000,640x360,2.0008490000000165,1220,
2025-12-22T09:19:08.466Z,1.232,2,1000,640x360,1.9779569999999467,1221,
2025-12-22T09:19:09.004Z,1.212,2,1000,640x360,1.950678000000039,1180,
2025-12-22T09:19:09.527Z,1.175,2,1000,640x360,1.9312099999999646,1199,
2025-12-22T09:19:10.045Z,1.148,2,1000,640x360,2.002762999999959,1226,
2025-12-22T09:19:10.585Z,1.114,2,1000,640x360,1.9755720000000565,1210,
2025-12-22T09:19:11.105Z,1.118,2,1000,640x360,1.948129999999992,1223,
2025-12-22T09:19:11.643Z,1.074,2,1000,640x360,1.9045680000000402,1220,
2025-12-22T09:19:12.181Z,1.042,2,1000,640x360,1.9715529999999717,1230,
2025-12-22T09:19:12.873Z,0.856,2,1000,640x360,1.9767290000000912,1234,
2025-12-22T09:19:12.950Z,0.829,1,600,480x270,1.8988170000000082,1272,
2025-12-22T09:19:13.327Z,0.868,1,600,480x270,1.9308419999999842,1272,
2025-12-22T09:19:13.690Z,0.995,1,600,480x270,1.961883999999941,1276,
2025-12-22T09:19:14.071Z,1.126,1,600,480x270,1.9822949999999082,1276,
2025-12-22T09:19:14.322Z,1.258,1,600,480x270,1.9309639999999035,1244,
2025-12-22T09:19:14.464Z,1.296,1,600,480x270,1.9874980000000733,1247,
2025-12-22T09:19:15.720Z,0.078,1,600,480x270,1.936309999999935,1247,rebuffer happen
2025-12-22T09:19:15.772Z,0.026,1,600,480x270,1.9719400000000178,1247,rebuffer happen
2025-12-22T09:19:16.558Z,0.026,1,600,480x270,2.783939999999916,1247,